####
#
# OBJ File Generated by Meshlab
#
####
# Object base.obj
#
# Vertices: 4851
# Faces: 10000
#
####
vn -0.0052848406775333 -0.8804359552595625 0.4741356337011541
v -32.9998922903769341 28.7467904513594128 57.9427390953826418
vn 0.1408720679512687 -0.9855909502548333 -0.0936244585934011
v -35.9998214584189711 28.7562429637703900 58.3883758887265500
vn -0.2378752349698559 -0.6664273519598358 0.7066045266963954
v -36.9678403275517553 29.0264488204282038 59.4769815872216938
vn -0.2463945411530360 -0.3387463805422240 0.9080421905173390
v -36.9134149338847521 30.7955139066240413 60.1278609498451004
vn 0.4651842035190075 -0.5269648097050639 0.7112747332282320
v -29.3243624905672995 35.5147409994747889 60.0851059272194021
vn -0.1025600687484726 -0.0392028340159039 0.9939540080423390
v -37.1738431901452913 34.8799334120521394 60.0851057352003721
vn 0.5731064400360683 -0.4113437935410544 0.7087632128605710
v -29.6847121574523634 35.0832958285353840 60.0851058999971173
vn 0.3773773976464962 -0.7403471339868680 0.5563024545541650
v -28.8880730414019915 35.7953028010045671 60.0851058999727883
vn 0.7548345112528995 -0.3491199588615728 0.5552838147705101
v -29.8253941179842954 34.8186161233012328 60.0851058999876102
vn 0.8039159293162983 -0.2118271423651542 0.5557413430265246
v -29.9266247466006980 34.5476322163079246 60.0851058999781671
vn 0.1827208441011634 -0.8104713152395570 0.5565512917106753
v -28.4804861269571497 35.9469082430148674 60.0851093787626098
vn 0.0192076698561641 -0.7063614344968020 0.7075906933208751
v -28.0946863092951915 35.9999765723123843 60.0851071554998981
vn 0.9933574920052004 -0.0095994518476221 0.1146679711225555
v -29.9994600006376935 34.1463730765046662 60.0850309267647873
vn 0.6048496215397390 -0.5025769765272992 0.6177162115307586
v -30.0000000000000000 31.0000000000000000 60.0851059000000021
vn 0.0064417436439355 -0.6052444868182292 0.7960135772177285
v -33.0000000000000000 31.0000000000000000 58.9931983900000034
vn -0.0079588389013694 -0.7511484505969119 -0.6600853445193283
v -33.0000797183246419 28.7396834677925170 57.3107889705898117
vn 0.2650385427064895 -0.8959158135082842 0.3564960392287828
v -30.0003060872421230 28.4972660597065577 58.7835468824063696
vn 0.5148680214142342 -0.3422108681626611 -0.7860042253298322
v -36.0000010075965449 30.1560708524033174 -15.9466268383674983
vn -0.1396776806832403 0.3764898076630717 -0.9158305357678210
v -45.5543931614892941 -35.9889397917316884 -15.9920811712951618
vn -0.0636275328654421 0.7964827988842716 -0.6013041560998343
v -5.0188424714937323 -35.9999941526485330 -16.0000000002564207
vn -0.3583109388190255 0.7455312597223166 -0.5619576602373922
v -4.3359837810826667 -35.8808181157345274 -15.9999994061150392
vn -0.6152527157792813 0.5551141495083807 -0.5597431346089080
v -3.5992428475477785 -35.3683831272844600 -16.0000013535925270
vn -0.7414899501270399 0.3752328638560520 -0.5562310237149538
v -3.3040359688815473 -34.9326624184172374 -15.9999999998730651
vn -0.5341419658905903 -0.8020231900188574 -0.2673035034310463
v -3.0750000499999999 -50.0000000000000000 -16.0000000000000000
vn -0.6826876036338828 0.1774986655104400 -0.7088242797666002
v -3.1523365588314909 -34.5677841808808637 -15.9999999999958700
vn 0.3614003405760987 -0.8006047258296576 -0.4779350027050738
v 12.3219800511305273 -49.9975146407247664 -15.9999593990061033
vn 0.8137691498354674 -0.1302775917406324 -0.5663987286941257
v 12.9247270974327950 -49.2712518310432728 -15.9999999160482922
vn -0.9483609178571513 0.0186653727043301 -0.3166436061930671
v -3.0751078370115166 -34.1377368613334724 -16.0000000012558168
vn 0.3302096749790029 -0.4469971143003951 -0.8313574143275445
v -36.0000000000000000 31.0000000000000000 -16.0000000000000000
vn 0.0000001302579977 -0.4514211856328847 -0.8923109957642478
v -33.0000000000000000 31.0000000000000000 -16.0000000000000000
vn 0.5773470361160634 -0.5773567352011229 -0.5773470361973789
v -30.0000000000000000 31.0000000000000000 -16.0000000000000000
vn 0.9968097767710350 -0.0031634518596439 -0.0797512476768281
v -29.9999488086744464 34.0500938453390560 -16.0000000479980677
vn -0.0989906687926030 -0.0394488357826358 -0.9943061082219035
v -37.0541825618925245 34.6903105063707784 -16.0000080229460835
vn 0.6968105176843148 -0.1158574979158060 -0.7078362399744776
v -29.9816434992853367 34.2815352326084479 -15.9999999999964935
vn 0.7809608347216922 -0.2841405429402238 -0.5562052916760434
v -29.8871073234909446 34.6750930901552579 -16.0000018205172907
vn 0.6043473713347095 -0.3635703678127780 -0.7089293634836323
v -29.6996075123000836 35.0597733342381730 -15.9999999999971205
vn 0.5778923789015292 -0.6788639404189885 -0.4529725695959252
v -29.3082663371519274 35.5405869086496082 -15.9999981352684753
vn -0.1074392782565146 -0.2102426406806952 -0.9717277568986734
v -38.8472631379443314 35.9830315808128418 -15.9999580851296965
vn 0.2756240654748000 -0.7828353292461877 -0.5578532260506844
v -28.6033233930235298 35.9134652896323132 -15.9999987437002922
vn -0.0351791934434322 0.0635492293741221 -0.9973584710597413
v -29.5118296250320178 41.1125069545428588 -15.9992408455959811
vn 0.0482543183980953 -0.6214470139772040 -0.7819687523007245
v -28.1075437502442469 35.9999634241553750 -15.9999967515226000
vn 0.1329588392099409 0.2052106302441082 -0.9696445453416221
v -10.0650814037752703 41.0295270032870647 -15.9999351339937856
vn -0.0560594392144987 -0.5498682717291135 -0.8333679997579663
v -4.9147218159461863 35.9998729466780176 -15.9999999999866525
vn -0.2394223022336177 -0.7949808526148390 -0.5573889173359459
v -4.4599651577818316 35.9061770425827760 -15.9999999999162092
vn -0.4770155016451656 -0.6756853080596819 -0.5620547799480972
v -3.8297500052184938 35.5936901281517066 -15.9999966516164225
vn -0.7217851791345730 -0.4072338162735232 -0.5596309266516413
v -3.2844958593925986 34.9189713433953841 -15.9999999998287663
vn 0.2501865954280633 0.8509997962638931 -0.4617423678058222
v 12.0857920323266832 49.9998410629881107 -16.0000000012745929
vn -0.5861537133978807 0.7862870990312153 -0.1953878762025703
v -3.0750000499999999 50.0000000000000000 -16.0000000000000000
vn -0.9478422104422648 -0.0309221421526446 -0.3172364500315391
v -3.0754621952744192 34.2328386760364580 -16.0000000678253009
vn 0.8488890866250365 0.1085120982098781 -0.5173127131155788
v 12.9238653981545344 49.4495398580616055 -15.9999999217579312
vn -0.5023768736980851 -0.2249625780268188 -0.8348708374718007
v -36.9957714333457446 30.1368729184461408 -15.9270190296799949
vn -0.3548597690148234 -0.8433651570156481 -0.4034969098601843
v -39.2345657006393225 28.7467809826226564 -11.7633266531192753
vn -0.0513537781609091 -0.6811275152598295 -0.7303616209964559
v -41.7511909973051303 28.7503605078405471 -10.9098669566760034
vn -0.4987328984690794 -0.2363977653657938 -0.8338954326021280
v -37.8204222742159999 33.6195441686371268 -15.4978438311603615
vn -0.2470167860118179 -0.5044913857885829 -0.8273277156565632
v -40.5439722921796459 32.8657991378070875 -13.8567850771115939
vn -0.3456415665692933 -0.7095035718422830 -0.6141144754869138
v -37.2589325980531285 28.8231775453276171 -14.9266035466666853
vn -0.7170497817808945 -0.2915040028749064 -0.6331390264040578
v -38.2450190038856732 30.6700604327292190 -14.1089576098633760
vn -0.7529874403700527 -0.2844270738471961 -0.5933895468473286
v -46.9924867312589569 34.3336589826566438 -14.8301050584387077
vn 0.1055272828782491 -0.9864009325598112 -0.1260047332978760
v -36.8750000000000000 28.7500000000000000 -10.9095745100000006
vn -0.2265001525508706 -0.2491391205957904 -0.9416089312889871
v -45.4338626880399090 35.9897467303910759 -15.9928018137360315
vn -0.1789124345704658 -0.2535384253997338 0.9506358964408468
v -39.4352573252032670 35.9759320755645220 60.0836926227886110
vn -0.6089778580144045 -0.2707886649325341 0.7455330089219682
v -37.9803641977446702 32.5196901829438758 59.2711184787730971
vn -0.3360267954459077 -0.8663480652120630 0.3694956327829455
v -38.5934321587246032 28.7547615847915132 56.6499693915571143
vn -0.5117918878065684 -0.4176943685042750 0.7507332935838158
v -39.3587226445524152 31.6444638604157262 57.7805327128418540
vn -0.1339696760416265 -0.6373386634061390 0.7588488347681493
v -41.2015041620629390 28.7912051710067338 55.0290212263558729
vn -0.8099444278710720 -0.2090508320289801 0.5479851944976187
v -46.9929796665094273 34.3419866534529632 58.9211359369319112
vn 0.0620760455912989 -0.9950607644757753 0.0774637951860897
v -36.8750000000000000 28.7500000000000000 54.9946823100000017
vn -0.2101719323571429 -0.2512901979201593 0.9448179693880254
v -45.4009852814014252 35.9923223005033748 60.0793630993543104
vn -0.1955465921141673 -0.1060845469578471 0.9749397926073610
v -0.0000034081632231 29.1312199536977907 15.9997042859571330
vn -0.3380929238093764 -0.4010425181956924 0.8513859720886202
v -3.0748524080823523 28.8815228888442768 15.9731756444216320
vn -0.8105044472843221 -0.4408227336785057 0.3856914030731625
v -0.0000427616639311 27.8432821731606559 15.2087569266770579
vn -0.5779591807485548 -0.7592197471505999 0.2992466556622452
v -3.0749193886489934 27.5153841012894276 14.6828780807781527
vn -0.8581122947325779 -0.5106095704612673 0.0540477213409540
v 0.0000000016942812 27.5001164523531543 14.1601918898976802
vn -0.5628661084599342 0.4096690238466397 0.7178809336148376
v -3.0749960161128116 -23.6810242961112358 -14.2605808829211469
vn -0.5612174674345485 0.6832646484823452 0.4671021027362739
v -3.0750000581532260 -24.2578448043767025 -13.6656101925124620
vn -0.8351003939548292 0.0872237099497418 0.5431384321138514
v -3.0750000508977773 -22.9554300677161223 -14.4998601732862529
vn -0.3715905325599384 0.9239247258312777 0.0910141588403675
v -3.0749999475688212 -24.4970432082062857 -12.9765937971363403
vn -0.7306377658855027 0.5994763369625054 -0.3267974548307528
v -3.0750000469412564 -24.4491435686498626 -11.1259066913789173
vn -0.9208163812654974 0.0691146225438172 -0.3838233460118598
v -3.0749859840469611 -23.3178322306170678 -10.0014705368769086
vn -0.5457896343146946 -0.0426169519374526 0.8368377802669958
v -3.0782276505977713 -22.7433715391286100 -9.2459386502976475
vn -0.8927099219950055 0.4143478601891715 -0.1771576866193676
v -3.0747523707855104 -23.6333205661954082 -7.3842134095896093
vn -0.9196946702519021 0.3143596494999178 0.2352439675667241
v -3.0750000498742205 -23.4518306441540112 7.2790066507015956
vn -0.9475861155910108 0.0388228581901804 0.3171329992622730
v -3.0751996769505303 -34.1545390204292687 15.9999999929911443
vn -0.7443353917959474 -0.0377656648784157 -0.6667372639025544
v -3.0750000497687586 -22.3640372965362459 -6.8380101564257298
vn -0.8211567937136867 -0.0320031248865948 0.5698046333045661
v -3.0750000499591921 -22.3393234498370532 6.7984818808253440
vn -0.7280674226826986 0.5304260954417691 0.4342418511642701
v -3.0750000494044110 -24.1323304863017185 10.5966483818216215
vn -0.8215798686561011 0.5094139501127762 -0.2559373885338393
v -3.0750000510218145 -23.6057260712085828 8.5099853166757775
vn -0.9147209742528128 0.0348078868448396 0.4025840909367655
v -3.0751002688333964 -23.0874066629898280 10.0018400533749237
vn -0.5989153959469388 0.5893008908870501 0.5422405448668063
v -3.0749994749136338 -6.6876174873623366 -6.2033686300843796
vn -0.5507981403680674 -0.1825901383090598 -0.8144214203711474
v -3.0777822824149013 -22.5199495734665831 9.2126108837097718
vn -0.8099591003896615 -0.4877893449462333 0.3256191189916446
v -3.0750000511832467 -21.4332834273095649 -8.5468653353279027
vn -0.6012657694485964 0.7058456786810812 0.3745148226394133
v -3.0749601689844077 -8.0646385441411770 -4.2891692986281003
vn -0.3716819198615455 0.9026579036245042 0.2169360723168263
v -3.0750043202868467 -8.9331006085013538 -1.8669182213524160
vn -0.3673456133485276 0.9093366563699913 -0.1953562021934254
v -3.0765884331139497 -24.4909471576011377 13.2538702383832039
vn -0.8709010273994191 -0.3580838337264487 -0.3366115988768139
v -3.0750000499580108 -21.4915609644578787 -7.3367985576224255
vn -0.5662556116335513 0.4267395690411902 -0.7051580833458919
v -3.0750129093642622 -23.6778767612708094 14.2602215728727160
vn -0.8006351149484898 0.5990855585975816 0.0089390263028112
v -3.0750000582732624 -9.1070226570054231 0.0000000000000000
vn -0.7096123926029561 0.1131663740846345 -0.6954449108598357
v -3.0750009469711346 -22.9074390880547192 14.4999134030724228
vn -0.3724611826925165 0.9056468991835166 -0.2026730406012926
v -3.0750150993469627 -8.9254057095537984 1.9413082784664510
vn -0.8770784873877677 -0.4796442209589640 0.0259759169665628
v -3.0751554593423052 -21.3710472466026005 7.5918423312101568
vn -0.5536938940015758 0.7336149816695755 -0.3939950893289411
v -3.0750028708812445 -7.9774185918933398 4.4311517280679436
vn -0.7829340579857496 0.5576428924132938 0.2757692248727235
v -3.0740830980325851 6.2955201050179799 -8.3690180050307834
vn -0.5954719713009849 -0.4735817800035906 0.6489479401643476
v -3.0742060688524773 5.3480311382646253 -7.4659245862479029
vn -0.7081267396051233 -0.1833184491458419 0.6818730577306756
v -3.0750587681125450 2.4621078806237535 -8.7932632115909204
vn -0.9540828749488294 0.0787652321989403 0.2890015673418109
v -3.0750000500324663 7.3850443393810208 -9.1488674005070596
vn -0.7069319580228213 -0.0681098719051110 0.7039944971909151
v -3.0750000499999999 0.6800438800000000 -9.0745544400000000
vn -0.7046455118742992 0.5155342364058235 -0.4875440017976543
v -3.0749995658211291 -6.8327672675094693 6.0304128278785925
vn -0.6884664990918606 0.2258003620711850 -0.6892228058594104
v -3.0750000357699743 7.2353611626292320 -6.7446385656592529
vn -0.8556604162146160 -0.4413056025618369 0.2703601621374055
v -3.0750538661623570 7.9449516649982339 -4.4804233079864515
vn -0.8703506128407188 -0.0416512107901639 -0.4906678992633395
v -3.0750000484429107 22.8977615609163792 -10.0000645580914220
vn -0.8084838626717754 -0.4364127077225906 -0.3948389448085923
v -3.0695645653245616 6.5498085395125907 6.5443704058463137
vn -0.8580204915790692 -0.3203815067288346 0.4014430547120900
v -3.0731542041752480 8.4375937976015098 7.0346568039132764
vn -0.8028135904259057 0.3705252822064122 0.4671202781654044
v -3.0750478499459191 17.7454928241163437 -3.2440022975030764
vn -0.3162383652472261 -0.9146705826095793 0.2517360158070648
v -3.0750107784478327 8.8416425553947793 -2.2700545963336634
vn -0.8643702105747171 0.4657737941423566 0.1895228528733484
v -3.0749058551013952 15.5890246865042332 -0.1821168972820968
vn -0.5507863356720002 0.2259136079560497 0.8034907928391531
v -3.0750000587754114 19.7244058845982195 -4.2563956416225821
vn -0.5975682172201821 -0.6973255347972892 -0.3957894949186598
v -3.0750024383643648 8.0534192330001524 4.2779173892407325
vn -0.6946175027498974 -0.3485745308195299 -0.6292871533230603
v -3.0761238342306325 4.1745405527197850 8.1471216084338316
vn -0.6320408671393513 0.6551847087860903 -0.4138325019118520
v -3.0712411757678453 6.3881584406015302 8.6077783060060487
vn -0.5652343200701456 -0.1807805549357717 -0.8048779748334244
v -3.0750004011769128 1.5910002260339839 8.9674227192698250
vn -0.4490590203299574 -0.8923001230957246 -0.0463301908441324
v -3.0749164978022105 9.1271982132161469 0.6081540868111266
vn -0.5144497938157808 -0.8156885689642414 -0.2645629756862602
v -3.0750000069220875 8.6297745399724270 2.8970273317009836
vn -0.7161328133530047 -0.1183668194445960 0.6878539741061912
v -3.0749266356458622 22.7425007084863005 -4.4990087351097880
vn -0.4614455875231860 -0.8634485383612249 0.2037758360484524
v -3.0749907755838533 24.4595440392829389 -13.3472827688639164
vn -0.5615437943277799 -0.5283287917671592 0.6368180704422683
v -3.0750000609646295 23.7544448270095820 -14.1965248570907185
vn -0.4544876681596822 -0.1767107527213424 0.8730488356119783
v -3.0749997227381622 23.0711730287989276 -14.4997382168798072
vn -0.6048979140199874 -0.7732770524896015 -0.1901081631789168
v -3.0750012076068662 24.4905173982839877 -11.4559949428589878
vn -0.8083493495320357 -0.4179635639060216 0.4145814616671998
v -3.0749496054391607 26.2470027467562268 -2.3560171186924146
vn -0.6253045261408652 -0.5486401567392807 -0.5549668710840726
v -3.0749805874582958 23.9337902577429098 -10.3681326784014605
vn -0.8629937360663446 0.4990925942793722 0.0784116945725466
v -3.0750000522738352 15.4992899197568086 8.2488120245198786
vn -0.7868500456511690 0.0511116133597852 0.6150240715927410
v -3.0750000519007163 13.5859348704196972 9.9999787494939643
vn -0.3463614857211764 0.6584934456411067 0.6681467677514592
v -3.0725607073035270 14.8598519670857154 9.5657123467939975
vn -0.6041795749402810 -0.7847152142324543 0.1385246323839009
v -3.0749881710227966 27.4964661214917925 0.7030658571728970
vn -0.9530622523585467 0.0618439905710942 -0.2963910659238840
v -3.0750000499067962 7.2797087279428263 9.1362979903232731
vn -0.5795190437409218 -0.5163711497616731 -0.6304906927428948
v -3.0752186105020094 8.0949237379894896 9.0329069190060594
vn -0.8319283352999186 0.0045065725196965 -0.5548647904933516
v -3.0750002884845800 0.0164939589851479 9.1139788270691664
vn -0.5566144415400360 0.1831513374785484 -0.8103307664459573
v -3.0750355895917219 -2.1808532943098622 8.8734198081176192
vn -0.5553938949430417 0.4307785261742564 -0.7113139130138908
v -3.0750562813316633 -4.9750279990105648 7.6769433288172815
vn -0.8550863671394116 -0.4245543138834885 -0.2976255017555513
v -3.0750000498466545 -21.5419122590952838 8.6769525834521097
vn -0.7077696250989447 0.0114581840012820 0.7063503860030745
v -3.0750009448398727 -0.2652610763769960 -9.1089064179448407
vn -0.5540382969115863 0.1771096645115367 0.8134332992273674
v -3.0750001561964249 -1.5616948769615651 -8.9725452231260050
vn -0.5574526043043387 0.4116162938475960 0.7209844801335739
v -3.0750199701324488 -4.3145969342461674 -8.1087894932861246
vn -0.5629175626706924 -0.3687229479625856 0.7397075133339310
v -3.0750000500000896 7.8514119478857172 -9.1073080033686065
vn -0.8524899064539814 -0.5217800878967398 -0.0317253726306348
v -3.0755249608357644 8.7759742098805269 -7.7895992603337438
vn -0.1772047718502425 0.1887998917285758 0.9658949579104249
v -0.0002317535116646 14.2889173238786995 9.9799043319017855
vn -0.5664675614312722 0.7639826534724735 0.3089417534734766
v -0.0000000010840157 15.4893138204640159 8.5327972488163066
vn 0.8674716615080539 -0.4238149210799727 0.2605260623247373
v 0.7999958724157343 -20.4518461450806512 9.9941420920202226
vn -0.8549077651991844 0.2290343686794565 0.4654846624387735
v -3.0746958573019056 13.8466956831304913 15.9999999990364596
vn -0.5262801543260331 0.1350424903485412 -0.8395193416253319
v -3.0748354767561814 13.7091957401128131 14.4999999999600817
vn -0.4354506550453261 0.7418827739484702 0.5098947702606091
v -2.0961510919899307 15.3641451859018900 16.0000000705795138
vn -0.5093787968504863 0.8183428373503956 -0.2661733305131361
v -2.2385242012103581 15.3351537164062766 14.5358483176982354
vn -0.4452871491800294 0.2830970894171077 0.8494559392568189
v 0.0000000000000000 15.5000000000000000 16.0000000000000000
vn -0.2555767992407744 0.2407941400827031 -0.9363218900525996
v 0.0000000000000000 15.5000000000000000 14.5000000000000000
vn 0.7455463887424021 -0.5791486000290699 0.3297688301182078
v 12.7522666111082259 -49.6789163410729415 15.9999999072870942
vn -0.2383186861341534 0.7923456389114774 0.5615982481607769
v -4.4221429504614225 -35.9117070356745671 15.9999922139421358
vn -0.5324002099186615 0.6350773430479719 0.5596666729631967
v -3.6701490057394359 -35.4392051182065657 16.0000121892412359
vn -0.7073022143719072 0.4359354875869423 0.5564924331982706
v -3.3391675045467069 -34.9993351607104088 15.9999999998233609
vn -0.7848241696846399 0.2724239433272651 0.5566293360763863
v -3.1609130591665875 -34.5960570841175610 15.9999999998080540
vn 0.7651663825728497 -0.0315764653207555 0.6430577997491567
v 12.9250001900000004 -49.0000000000000000 16.0000000000000000
vn 0.0448279303572068 -0.1233721709310094 0.9913474487280729
v -1.2560308313869211 36.0003376399198345 16.0001478046536789
vn -0.8393588758282158 -0.1456086452123983 0.5237125165659150
v -3.0820056183383002 34.4681336773150306 16.0000599390417264
vn -0.5917685567885593 -0.5764268937334605 0.5635086613151385
v -3.7554257853306958 35.5310879875728389 16.0000094798640440
vn 0.8206836401858524 0.1558445381318956 0.5497188760318811
v 12.9246084645108219 49.3304570620603684 15.9999995464564968
vn 0.2028363993782238 0.7911517218803475 0.5770063674285049
v 12.2339666466950643 49.9988370706328240 16.0000000024254483
vn -0.0202130500456440 0.9895616608272348 0.1426855004150631
v -5.0258910871132816 -35.9999962219583054 16.0000168094065067
vn -0.0589098738227425 -0.9881506713545379 0.1417317094646228
v -4.9037213084748030 35.9999572184862586 16.0000071065041389
vn -0.3158520600079915 -0.7677090620152720 0.5575484483776629
v -4.4335119240945140 35.8974379790648115 15.9999999996219309
vn 0.3648661641371106 0.0842614246268515 0.9272392865855742
v -1.6889221989211594 40.8123255001430252 16.0565650989099211
vn 0.3035540517428306 -0.7156097682922761 0.6290926777472345
v -1.8140382046279726 36.0000000031142307 16.1280396763054803
vn 0.7599146900258457 -0.5529017728373297 0.3418030039017517
v -3.0679826010475195 35.9999875216707039 17.1271253850756189
vn 0.9796085957556243 0.1601120405789218 0.1213718813537455
v -3.0777528514978560 40.1836321750883982 17.8463633247661981
vn 0.0814387604658112 0.9953808939893930 0.0508390024948264
v -4.9436699996125366 41.9248917100269836 17.9081952329960856
vn 0.2377662178636106 0.8805283896389625 0.4100450959134245
v -2.9728892214741518 41.9165890651730777 16.2319770207408105
vn 0.4832390743908143 0.8533418411805467 0.1956724279823396
v -4.2157286465832096 41.7625597887603135 17.7813269411372481
vn 0.8130837333709778 0.5733105669616065 0.1010437347769463
v -3.3964902959622862 41.0526879829875284 17.9272834671320531
vn 0.7609282464558730 0.3443865287165844 0.5498964653315489
v -2.8144637924730760 40.8896108037915624 16.7206949259185649
vn 0.2010462077921480 -0.9769803224551153 0.0713433379363153
v -4.7298709801337431 -41.9232910291588752 17.8491566705794149
vn 0.5415319300303381 -0.8125035677872947 0.2158265995898880
v -3.8752467496795733 -41.5396491061313142 17.7467864953522927
vn 0.8161822552254071 -0.5701702731076628 0.0935541870762702
v -3.4065773065797567 -41.0450380890617339 17.9928616676222290
vn 0.4896279006726255 -0.8133133812615946 0.3143021838036603
v -3.5927972643171548 -41.8077280645209726 16.9285343240954838
vn 0.9710185060197380 -0.2101871334405239 0.1137735905351126
v -3.0786720130427918 -40.2861063260643206 17.9528098918460799
vn 0.7216738340449679 -0.1616034072918227 0.6731056499588377
v -2.6260606744908150 -40.0924694446089518 16.5954079852250906
vn 0.1894372866570540 -0.7868863413537539 0.5873017965364288
v -2.3711140566201592 -41.9200247520190388 16.0669452743499939
vn 0.0334212609919396 0.1086134781610873 0.9935220841407904
v -1.1310219078214472 -35.9999805647213194 16.0000011677408693
vn 0.4970244102740550 0.5726145682464653 0.6519810517366605
v -2.4391237355293001 -36.0040853660194102 16.4131182407256873
vn 0.5761097534841652 0.8038447986658026 0.1480914973870874
v -3.0748510894231162 -35.9999999999937970 17.7908916051720283
vn -0.5441229675746502 0.8352905364950000 0.0788664427982594
v -3.0749408845872712 50.0000000005277556 14.1713855029565448
vn -0.4411243335827499 0.8951873931631146 0.0636306014666072
v -3.0748993198311192 41.9249992400021370 14.1601173998197041
vn -0.7343061560438902 0.3293617952396097 0.5935615191642627
v -2.7960718171499233 49.9999999686136647 15.0898563955280505
vn -0.7381247283410071 0.5637386490502424 0.3706354286607287
v -2.8207475034226595 41.9249992372070110 15.0463625697640762
vn -0.4440391179706102 0.5583551164529359 0.7007630310188394
v -2.0247698558319405 41.9249992692564888 15.7768970651658815
vn -0.2164301459051308 0.7203821355089540 0.6589442850370907
v -1.6364728077728155 50.0000600323195599 15.9921811775080833
vn -0.0029930861920647 0.1641857037757701 0.9864249064732206
v -1.2834259380842248 41.9236463755310069 15.9998383471511350
vn -0.5353420744523754 -0.8376337583220530 0.1085290294819769
v -3.0747589990712516 -50.0000000008815988 14.2839370742665146
vn -0.4159803450902562 -0.9026117314611728 0.1106906261941592
v -3.0745700033707268 -41.9249992400145146 14.2725836578679033
vn -0.5912023473610454 -0.7034255844550655 0.3945532050419046
v -2.6573179865163130 -41.9249992376396605 15.2773690060499359
vn -0.6515550715834678 -0.3288461158949875 0.6836199388217422
v -2.6365211190475555 -49.9999999939339617 15.3027102616611206
vn -0.0229147237769383 -0.1680804887655553 0.9855069075001751
v -1.5450756581331693 -41.9084166638546449 16.0024902119015877
vn -0.1464009393272991 -0.8422625432167534 0.5188068747213466
v -1.5047989258397161 -49.9999999996375095 15.9966960466480828
vn -0.1086173253850359 -0.0522374534297434 -0.9927101918915595
v -3.0749983863955621 -41.0293303487486440 -15.9999674122479973
vn -0.7411130841790328 -0.5828960034227880 -0.3331420802786447
v -3.0750533925043997 -41.9166640728368733 -15.5309703349150396
vn -0.8898913496644454 -0.0898580359381313 0.4472347472745531
v -46.9999671834088488 -36.8563054479593433 -2.3504006590662549
vn -0.1819134579537809 -0.1757889877673731 0.9674738888440454
v -46.2028151243787519 -33.6949526450042640 -0.5488333028141293
vn -0.6136557425811729 -0.3984981019029852 0.6816347206362564
v -46.9999989886605789 -32.9169381804963024 -0.2182739576901314
vn -0.2219308190831759 -0.1223990598646607 0.9673495654029716
v -45.8799185136610674 34.4189228685096751 -0.6081673706533277
vn -0.6475685715667509 0.3532503038030115 0.6751808409471333
v -46.9999747386661753 33.0132546760701118 -0.2858007021022677
vn -0.9151842723952555 0.0768825962219561 0.3956346976170553
v -46.9997734692588054 36.8484308945503329 -2.3453200754936572
vn -0.5648266365327674 -0.6614638659104632 0.4933927692598113
v -44.5602866380967768 35.9995894240191419 1.2765934363944527
vn -0.9430150443081737 0.2980357455913364 0.1479774325979110
v -46.9753447121914505 40.4589295215240128 -2.3472311121062672
vn -0.8552687856022106 0.3461668321586847 0.3855954209890736
v -46.2427906857981910 41.5264755715397982 -1.2464888138184440
vn -0.6092003504734440 0.7281691759191949 0.3140773538862578
v -45.2682544384675296 41.9246495251830282 0.2146400470070378
vn -0.6712812651110304 -0.3156478328099321 0.6706324692059933
v -45.1114548321997191 35.7520448848118519 0.4498373207858816
vn -0.9119644931443102 0.0822906963043855 -0.4019315918732698
v -47.0001033970830164 36.8389999799116978 46.4363151097438518
vn -0.6350509478760692 0.3710463676596273 -0.6775211337281685
v -46.9999989904584297 32.9174899189418397 44.3037664932876538
vn -0.3737906065237328 -0.8334328653436510 -0.4070260942982546
v -37.0000000000000000 28.7500000000000000 41.3776588400000023
vn 0.4942868858004513 -0.8456013705809867 -0.2015906659477282
v -36.8750000000000000 28.7500000000000000 41.3776588400000023
vn -0.2897897762995834 0.0417726982203534 -0.9561782925980011
v -45.7499616590535112 -34.6253424974615456 44.5827758145220230
vn -0.9111677540546861 -0.0573284169566777 -0.4080279115209895
v -47.0003052958212919 -36.8532353504444217 46.4348925334079823
vn -0.6698927169375243 -0.3167130948286805 -0.6715181035222365
v -46.9996173965674373 -33.2117969855403956 44.5079892599095359
vn -0.4785769678496306 -0.8448208055142921 -0.2392527793235350
v -45.2157845422928091 -41.9248086152818686 43.7917628485073038
vn -0.6758077893024969 0.4665499979391597 -0.5706267881383086
v -44.6197260289709163 -35.9988494819827594 42.8976723786811149
vn -0.9500525134908210 -0.1054186874835681 -0.2937466968989016
v -46.9914778505064632 -40.2887351855726337 46.4552961183482580
vn -0.8960355166540048 -0.4181906333994873 -0.1491205788331253
v -46.6786248531479373 -41.0232249710166528 45.9860190058429623
vn -0.8337380238578146 -0.4084164362956333 -0.3715870317129499
v -46.0921175346881213 -41.6325390469147365 45.1062640258573495
vn -0.4038396452743920 0.5431196369428580 -0.7361620751381529
v -45.2025912949434101 -35.6588769149635709 43.7719723418802502
vn -0.2387869390904591 -0.0891307113256273 -0.9669728610557781
v -36.8750003998112845 -8.7448208783981709 40.1675075267827921
vn -0.4770892181143656 -0.7724566093243971 -0.4191618597511933
v -36.8748460620341447 -8.0015115788933482 39.3849524493338734
vn 0.1177102035309735 -0.9885666736544024 -0.0942350238741784
v -34.9559818088618499 -7.9999528292268280 40.0982978907925300
vn 0.4236756704674925 -0.7736569120020309 -0.4711198454378701
v -36.0301689949941064 -8.3102117093779402 40.0429014863333421
vn 0.5869469462956065 -0.0815458523198036 0.8055082595502665
v -33.0011737669006848 -6.3303141103763441 46.0425505891077407
vn 0.5669193318073263 -0.1699207070015411 -0.8060579535959131
v -33.0030600702671393 -6.3819820868801402 -1.9574441100684234
vn 0.7974672040190578 -0.5105179752847678 0.3215858445659070
v -33.3884692124285465 -7.2061706931702192 46.0424747693037872
vn 0.6186724972275484 -0.5490859347679045 -0.5619154539735365
v -33.4357493169611217 -7.2686792305717516 -1.9574563990113540
vn 0.3715443102331851 -0.7408147329607548 -0.5595966019925714
v -34.0412601653482554 -7.7684163989100803 -1.9574770401157313
vn 0.3943142808145559 -0.5812713727693883 0.7117863718451558
v -33.9742389287321132 -7.7307811561466417 46.0425541612111004
vn 0.1439523402512307 -0.9592396815673705 -0.2431809142238013
v -34.6049039209357119 -7.9677600293363762 -1.9574464630069186
vn 0.2222767526632883 -0.9439624531562716 0.2439834671789409
v -34.5783503452563750 -7.9624432769739926 46.0425531540550494
vn -0.7966827362736083 0.4812066858853510 -0.3657003461617630
v -36.8749995330860614 8.0001770476824454 39.5155872581797425
vn 0.1740145105753857 0.9754435608843696 -0.1350141090346862
v -35.1838757695797568 8.0034187732920010 40.0469767391474889
vn 0.5568899097658075 0.7059940838175139 -0.4375454056617438
v -36.2353173242859654 8.4794282559672123 40.1119289776932249
vn 0.3081180835072960 0.1791360519664446 -0.9343305204806628
v -36.8487896285583858 9.3801504744575013 40.1695974104242239
vn 0.5151779202294541 -0.0165119686054882 -0.8569241888293418
v -36.8750000000000000 13.1250000000000000 40.1675529500000010
vn -0.4034992864102214 -0.7212101153320185 -0.5630668658420763
v -41.3450095125353343 12.5208730978297123 40.1675529503176563
vn -0.6625548416079369 -0.0529777522651849 -0.7471374971361098
v -40.2952091658765212 11.4647517660834399 40.1668599888647506
vn -0.3513610812006825 -0.0244335826559780 -0.9359211455331484
v -47.0000000000000000 13.1250000000000000 40.1675529500000010
vn 0.6695065564192143 0.0607634468945157 -0.7403166717244605
v -43.7296904866401803 10.6386567480912486 40.1673216006685294
vn 0.6069443385439164 -0.5495588526382862 -0.5741111716352314
v -43.1932701613303820 12.2233961437033827 40.1675529464082288
vn 0.1001610128567016 -0.6898340298750117 -0.7170054272667127
v -42.1335187209444157 12.6805265280480093 40.1673228025082025
vn -0.3613281780561214 0.5639923918333143 -0.7425325108685686
v -41.2597254286937130 9.4231902557442133 40.1673873007798150
vn -0.0424883075515077 -0.5770501025745928 -0.8156027972242742
v -41.6781489557307481 1.6624747486501563 40.1675529492820544
vn 0.3173110153781964 0.6089815750410588 -0.7269492147187238
v -42.7387513755499526 9.4974647122162050 40.1675529502141941
vn 0.4517116923333607 -0.3253888241388149 -0.8307097327796820
v -43.2535493136618499 1.2281589847454077 40.1674484798204716
vn 0.6397510531411595 -0.2333921193500205 -0.7322886784800672
v -36.8610963003727434 -9.5126697641813074 40.1679478644423753
vn -0.5627157672707856 -0.6017856446591303 -0.5667495065256306
v -40.7764022793247136 -9.8646610102617895 40.1675529499877371
vn -0.4348680777222418 0.5283883915917393 -0.7291745076518082
v -41.0196673245587533 -1.3875559565200926 40.1675529501371571
vn -0.5803661196549016 -0.0354830952509196 -0.8135822743325511
v -40.3039377586800782 -10.9013348968497645 40.1675529498937109
vn 0.0052510498554584 -0.5750301316105484 -0.8181153795250222
v -42.0201255004375369 -9.2901061714169675 40.1674198993984390
vn 0.2537330259356281 0.6077539712924137 -0.7524989448018181
v -42.5815929401402897 -1.6700266434450701 40.1675190263456585
vn -0.5732847644916437 0.5849353542778115 -0.5737553573759916
v -40.7367946675548467 -12.1147845125432845 40.1675529481276925
vn -0.0400696941640239 0.5244796670542450 -0.8504795696877555
v -41.8038728541351148 -12.6766558198196382 40.1675529456980200
vn 0.5038916585770794 0.1028365735199962 -0.8576233646322298
v -43.6544990553177641 -0.2896022782873204 40.1675304604816645
vn 0.5338746956353881 -0.4109089673756816 -0.7390071920424540
v -43.3876602780077079 -10.0050683525617767 40.1675424004113140
vn 0.6970851071173040 0.4967682284977525 -0.5170045266634149
v -43.4569809083397942 -12.1017871325499673 40.1691824110841083
vn -0.5170888898567589 0.0776824008407644 -0.8523992753318830
v -40.3108486284329715 -0.2610121173709710 40.1675002457269912
vn -0.6883686211286357 -0.4380592849227072 -0.5781459195899141
v -40.6676901042533956 1.0610472464846956 40.1674395560459914
vn -0.2535849875572037 0.0984391688815140 0.9622912158569928
v -36.8750002861614163 8.6267338062984855 3.9176945200874744
vn -0.3046580503366023 0.8950581070534194 0.3256600334137580
v -36.8749988137592624 8.0000903304186473 4.7011600633620150
vn 0.2684371801748025 0.9283954056172982 0.2569502892165974
v -35.3483439512150568 8.0413417523074049 3.9400390351072359
vn 0.4607995643903975 0.7447878590912462 0.4826539199135317
v -36.2701229773192750 8.5173586356221538 3.9731618343583319
vn 0.0779722363534001 0.9960998242302160 0.0412973428513543
v -34.9516921574807142 7.9997471282081225 3.9480227557785978
vn 0.1584015879846477 0.8809000063677608 0.4460090982314385
v -34.7453921349431312 7.9847453699985547 46.0425534769632065
vn 0.2080219610931218 0.9472214954659440 -0.2439227382394524
v -34.5532433096972085 7.9548361852204090 -1.9573611038424814
vn 0.3348717564726527 0.7586883838868819 0.5587958865919037
v -34.1476100922409671 7.8230248001964364 46.0425273349159099
vn 0.3818532319439268 0.5904420871219700 -0.7110318213758295
v -33.9303118785054991 7.7089505625969368 -1.9574349406737555
vn 0.6511500284659419 0.5145690272605837 -0.5578730649645131
v -33.4509602591976716 7.2727670956544737 -1.9574463391344079
vn 0.5714144601415442 0.6011959534807668 0.5586134085926504
v -33.6215129471066803 7.4571173861465851 46.0426668423725260
vn 0.8997172842794293 0.2969487424101206 -0.3198910013581132
v -33.1135629416732158 6.7071450591733397 -1.9576280293991641
vn 0.8454843557054085 0.4268415476893234 0.3208776985450894
v -33.1616559546298859 6.8340127892567351 46.0428663250852281
vn 0.3881928000666415 0.0546210389320423 0.9199580925685716
v -33.0001549744583613 6.1364414941365419 46.0425529500016140
vn 0.5116821627735123 0.0326705192412191 -0.8585534354202597
v -33.0000646626868317 6.1245036348269464 -1.9574463404465907
vn -0.1364058267183211 -0.1191195236012636 0.9834652965581954
v -36.8750003332031895 -8.6467988872381127 3.9176730912963453
vn 0.1926110898553698 -0.9715852755638363 0.1375609696544447
v -35.2358555624300323 -8.0080793865842068 3.9722089508940255
vn -0.6896107830901480 -0.6826802039689301 0.2416292758643554
v -36.8749501153927497 -7.9991372573675665 4.8008259857074238
vn 0.4427478176301972 -0.7727669558486013 0.4547588393117648
v -36.2236710446205663 -8.4798813056404896 3.9658564030243797
vn 0.5550320904839041 0.1664552602372278 0.8150043097262887
v -36.8666194819578621 9.5975070491634646 3.9175536639158803
vn 0.5188483250277355 -0.1320740111291237 0.8446021970135867
v -36.8755913420255013 14.1260415090726053 3.9593285701749452
vn -0.4768384182065282 -0.4766508737231897 0.7385316970186290
v -40.5766930964015557 11.9744440331838735 3.9172141599043524
vn -0.6851232834906346 0.1052527183045075 0.7207828741781561
v -40.3943669004851529 10.5482283763794680 3.9175536615756861
vn -0.3623484580972857 0.5805805584119167 0.7291294878885551
v -40.9919308161821974 9.6228880383192177 3.9176292424078549
vn -0.3951388100203225 -0.0464773625582997 0.9174449169216361
v -47.0000021613234509 13.8863109578732473 3.9246880142248446
vn 0.2080834563700906 -0.6365604314583544 0.7426251357762073
v -42.4167018289020703 12.6727146501263004 3.9172126209149938
vn 0.7976390012861235 -0.0800765969961674 0.5977957529464296
v -43.6635235610326333 11.4928361825908549 3.9170531150368730
vn 0.0506218308744657 -0.5554285251471682 0.8300220380759529
v -41.9424358263248536 1.7301749437420380 3.9174955086014824
vn 0.2357233169869144 0.4875847054915115 0.8406519332038930
v -42.9817118926394244 9.4969092948355573 3.9176634676961397
vn 0.5866802808481800 -0.3483513779273908 0.7310660473308745
v -43.4221472231391772 0.9296467229955725 3.9175991602653215
vn -0.3273560726350295 0.4248943736837769 0.8439803154818484
v -40.9828361438357689 -1.3204965352016949 3.9175536599243412
vn 0.5410785766051347 -0.2039250371707392 0.8158728780599793
v -36.8641236681889737 -9.5556981050211309 3.9175346078595630
vn -0.7145396339017028 -0.2808688781719403 0.6407384683769629
v -40.4288130045410483 -10.3223617816517752 3.9175536595075071
vn -0.1530913810531125 -0.3940577163635459 0.9062458525265635
v -41.3622592975343011 -9.4518878027728146 3.9175536599090059
vn -0.0438455217170109 0.6859038965890206 0.7263700261363772
v -42.0283557998172199 -1.6986933828249973 3.9175536597957072
vn 0.5173765878176280 0.0909361092108054 0.8509125045618902
v -36.8760519257723232 -14.0796383043170383 3.9575392517821788
vn 0.2427149879810914 -0.5183055858947835 0.8200297276560187
v -42.8007155281608078 -9.4655601850099700 3.9176684967164621
vn -0.4264545922197636 0.5078586570047203 0.7484758281200784
v -40.6949132900076478 -12.2249854192412535 3.9182804352248479
vn 0.4657361440967904 0.5073187599301090 0.7250638040233631
v -43.2346942053296814 -1.1774876129403786 3.9175488065051591
vn -0.2422348598175394 0.0133855583951283 0.9701253009357231
v -47.0000000000000000 -13.1250000000000000 3.9175536599999998
vn 0.5691761307648396 0.3661553821683259 0.7361852812144055
v -43.4253432345367187 -11.9300057674017292 3.9182745027939876
vn 0.8054424429753618 -0.1431589892522487 0.5751243125187420
v -43.6252673315794084 -10.5861567933519432 3.9175536529280386
vn 0.1845505565256440 0.6633857956689641 0.7251623116177032
v -42.3435055498934290 -12.6310545174357571 3.9175536612932307
vn 0.6863620533889854 0.1057645562571002 0.7195283109839350
v -43.6757500425996597 -0.0973882953536611 3.9175536599505949
vn -0.6556403552498614 0.2050493344604945 0.7266983521414808
v -40.3502046559237399 -0.4056311287169329 3.9175536599172207
vn -0.6646509795744407 -0.4731343317307729 0.5782585749372086
v -40.5324629880489624 0.8148337880322927 3.9175536596713303
vn 0.6863813051147911 -0.1178857425768499 -0.7176236170068685
v -36.8709617331173689 -9.5923928978406376 -1.9574462532480283
vn 0.4447003045521433 -0.3826694473912208 -0.8098183334332020
v -36.2624802140430731 -8.5177119873462139 -1.9574463522700849
vn 0.1711931576026528 -0.4792834505634593 -0.8608021124544347
v -35.3571835947665747 -8.0412030308508449 -1.9574463767471104
vn 0.6554043971518203 0.2040039005987307 -0.7272052562616432
v -36.8750303053593242 -16.0244523576402038 -1.9782240335672288
vn 0.7118617248539683 0.3846116979621723 0.5876450684542397
v -36.8749802579338279 -16.0014018167533330 4.7817693870727265
vn 0.8089739912918477 -0.4181598789530325 0.4131626762515255
v -36.8749970443185546 -24.4688596138530308 5.7172051855498411
vn 0.7104882945364224 0.5982165772644997 0.3705985833926954
v -36.8749933122973346 -17.4311610585497654 6.3060077238799241
vn 0.4100057552047490 -0.9091161065458963 0.0735063637912681
v -36.8749999354512283 -24.0009344125783315 6.7777663323137300
vn 0.3511738285159985 0.9362755573805494 0.0080636726841992
v -36.8750000000000000 -18.1250000000000000 8.9175538999999997
vn 0.4496993936435269 0.8753365108082313 0.1776413471090427
v -36.8750000005592184 -18.0598151625620851 7.9756741304100141
vn 0.6794977979722067 0.5669930671526651 -0.4656195918899200
v -36.8664004844377615 -34.6126736421482448 -15.0259163664965154
vn 0.7200699694828562 -0.2197936119825870 0.6581717155732283
v -36.8751509833339455 -33.2453613509065633 -0.4405743055424239
vn 0.8031673729917210 0.5380587186016911 -0.2557635359043266
v -36.8750000005013376 -17.7086037582754834 37.2425638930209217
vn 0.2173127939398480 0.9748005345777153 -0.0503891593208065
v -36.8749988604764809 -18.1225961195516554 35.6701051956778628
vn 0.5554449417214856 -0.8312185510750943 -0.0235931571570285
v -36.8749999884413384 -24.0000421765973826 37.0969115301641565
vn 0.4498759724689841 0.1027350565881703 -0.8871623963756080
v -36.8758424422827176 -13.8163634852197248 40.1492878772869375
vn 0.4533679721595003 -0.8327384398596875 -0.3178115362916144
v -36.8750000015219612 -24.0981970750407548 37.6662309767922139
vn 0.7225144690647403 0.1677459014492066 0.6706967679503828
v -36.8750085584708174 -16.0252285604769966 46.0643233414769639
vn 0.8050104018196677 -0.4020219381692128 -0.4362758464467257
v -36.8749999982590992 -24.5924922656737159 38.4573918095111722
vn 0.7164507850456370 0.4510641059226072 -0.5322024473409809
v -36.8749421421316939 -16.2055632804339176 39.2292095869395538
vn 0.6324344713139837 0.5408634393594556 0.5545208557467090
v -36.8685850123681931 -34.5597497484460661 59.0738659696859685
vn 0.7234047067665118 -0.1230129176037555 -0.6793772533215022
v -36.8756769617164579 -33.2941100290499321 44.5584023101569358
vn 0.6990034552866343 0.0809881976094042 -0.7105174743419942
v -36.8746110266079299 9.8252503127193282 -1.9574463333365204
vn 0.4813804900911265 0.3355583968827403 -0.8097366152281321
v -36.4871827078423578 8.7487741607709850 -1.9575619886822309
vn 0.1945360628975173 0.5849896694280672 -0.7873644689054580
v -35.4536621692765195 8.0591249298500376 -1.9574464095298718
vn 0.8057947231940830 0.4067691964851139 0.4303878307566631
v -36.8750000000286562 24.5654690294090692 5.6508257630489549
vn 0.1918296070234239 -0.9767548839245879 0.0956624199918858
v -36.8750000000000000 28.7500000000000000 2.7074470499999999
vn 0.8334530249577214 -0.3912124513257975 0.3902676941747604
v -36.8750000000631246 16.6414738024282478 5.3576404805754247
vn 0.8600025664311176 -0.2461742235474129 -0.4469830392673973
v -36.8749999993843787 16.2929891520777730 -2.1638373139459524
vn 0.4019174800344391 0.9069655444241567 0.1259993669434863
v -36.8750003339257688 24.0032989000164179 6.6279069605318117
vn 0.7095367416939212 -0.3836198275353564 0.5910951193404637
v -36.8750000004999876 15.7769566734153628 4.6582993605554117
vn 0.6053188640301276 -0.6937955830323327 0.3901752962632328
v -36.8750000005057075 17.4831516188935048 6.4032728584162122
vn 0.5168676854566514 -0.0786431442687049 -0.8524453364235243
v -36.8750048717305532 15.5917046809487037 -1.9585871231564684
vn 0.3519844886389264 -0.9351592238156776 0.0398013300035641
v -36.8749993246900019 18.1187229668593091 8.2228869502129829
vn 0.2168978175874990 -0.9761708817164221 -0.0067636095956828
v -36.8750000000000000 18.1250000000000000 35.1675529500000010
vn 0.4489988280900538 -0.8765145538933203 -0.1735577402104320
v -36.8749999984671035 18.0704975815665776 36.0256990832294335
vn 0.4880071735520315 0.8711604323876978 -0.0541156133092540
v -36.8749999853168049 24.0000783304093481 37.1232994803584333
vn 0.8083149169448705 -0.4614327264207714 -0.3656594508997418
v -36.8749573176740597 17.1519917946013472 38.3098942612006113
vn 0.7237282883530521 0.5106201566794810 -0.4642029946372424
v -36.8750044463360069 24.3424972234564727 38.2517571983565432
vn 0.7205342282675959 -0.1746176622447926 0.6710730943250396
v -36.8750028075553118 16.0221189947114624 46.0643864598942017
vn 0.4532798012247994 -0.2766405958910806 -0.8473531746011425
v -36.8749941591407833 14.5044376771027856 40.0248682473958297
vn 0.6988523967782941 0.0860967336229674 0.7100652645895935
v -36.8747952264334131 9.8633640607080437 46.0425529477963025
vn 0.3967304502625776 0.4481738847204688 0.8010899568019915
v -36.3434650543324835 8.4744178968718593 46.0426049499670569
vn 0.6961118894094902 -0.0903645528622224 0.7122236200862480
v -36.8734432739734430 -9.7100439090922226 46.0425529172175061
vn 0.4738741267186256 -0.3534764914788774 0.8065343650449391
v -36.4917562982438568 -8.7801030811890630 46.0425529663727815
vn 0.1715720175904149 -0.4758362407178521 0.8626371860750363
v -35.5504929030263099 -8.0804488274270714 46.0425530580583100
vn -0.0777555578110382 0.7676803933779087 0.6360981739107837
v -41.8026526109681100 -12.6874291050590315 46.0425529490400578
vn -0.6258514303308618 0.2611773820757128 0.7349124861130690
v -40.4294179948488548 -11.6994817825283146 46.0432643811356428
vn -0.6168954483308418 -0.3137359212636542 0.7218100702660888
v -40.5923669019398972 -10.0908599859720329 46.0425529490174625
vn 0.5226193840441220 0.3853194002815365 0.7605247788126429
v -43.4036693850006685 -12.0658343466326698 46.0426406201014018
vn -0.1707296466306263 0.4604666947362971 0.8711037887645831
v -41.2930797395867444 -1.5329396975350318 46.0425529498309061
vn -0.6575762890905715 0.0981246149927391 0.7469705375437508
v -40.2769231026892811 -0.3471435142409884 46.0425690052640064
vn -0.2573100617334077 -0.6452543288432299 0.7193319006132166
v -41.3995679848072697 -9.4324852815344489 46.0425529498848505
vn 0.2728445582731020 -0.6343818209422858 0.7232672758245775
v -42.5811912377381887 -9.4107940268252719 46.0426858771158578
vn 0.2113422020883724 0.4691282828952633 0.8574690243992370
v -42.6245320729937802 -1.5856393283802430 46.0426868676779293
vn 0.5516688127818046 -0.1429202449212499 0.8217270377659265
v -43.5287421051681633 -10.2921199930313474 46.0425502895645806
vn 0.6519741281015683 0.1213040348475938 0.7484751615223403
v -43.6871136210816857 -0.2838490932375146 46.0425470470332812
vn -0.2915820380035976 -0.4745332069425225 0.8305408783572991
v -41.0816014115636534 1.4825245477335507 46.0426219124969123
vn -0.6040833655817307 0.3189146463532750 0.7303264583518899
v -40.5354861196146530 10.1703980018486142 46.0425529495545476
vn -0.0054671786192615 0.5605969135046430 0.8280707762788232
v -41.7844168780930545 9.2768702476023055 46.0425470874017790
vn 0.2611805335311935 -0.4852897937377013 0.8344330680158718
v -43.0655930860554435 1.4083123255266257 46.0426072925550400
vn -0.5548508597425065 -0.3736984937969142 0.7432966831467223
v -40.4195380387702414 11.8180170811803347 46.0418026851989239
vn -0.4481152990618301 -0.0335463181280413 0.8933461385637590
v -46.9999999495672824 15.6143191968514152 46.0430758637528328
vn -0.1203899277019750 -0.6826691151843662 0.7207420790277945
v -41.8549817883693294 12.6803966879054055 46.0425962211069972
vn 0.5675968716186318 0.3589215188872643 0.7409515062461250
v -43.6218574741278786 10.3547414748574997 46.0426079235584567
vn 0.3896657943647627 -0.7268708518846024 0.5655257141657051
v -42.8560318600271160 12.4549397965940010 46.0425529493177237
vn 0.7674091827975474 -0.3044469868757697 0.5642651666905067
v -43.4979555238414619 11.7213670767230784 46.0425529506737377
vn -0.7533380973259299 -0.6168696007708679 -0.2279333384174805
v -37.0031756575865458 -41.9249969117361090 31.4652815378955708
vn -0.4132832867674476 0.9019739100447121 -0.1250599475345700
v -37.0062698725798143 -36.0000043115910913 31.4632771585090723
vn -0.6804675800528754 0.7205761828861927 0.1331684540503043
v -37.0028909212713302 -35.9999999997128839 12.6266486690876700
vn -0.7588145556050309 -0.5696473745901509 0.3157567716209546
v -37.0050768390611040 -41.9249684590142664 12.6151278541390273
vn -0.7086343614450036 0.4071219608295323 0.5762716814053496
v -44.6677385687173896 -35.9974580100259089 1.1152342467574330
vn -0.9332676001197059 -0.3245758387563835 0.1538249377129570
v -46.9163633694641007 -40.7742248379150993 -2.2592344619356322
vn -0.6719427775070024 -0.6730251323146782 0.3090793992309825
v -45.4369937977704978 -41.9234492542493697 -0.0388039686114637
vn -0.3210430247711175 0.5120583889074706 0.7966979243071350
v -45.4678671027713932 -35.2952266991444858 -0.1443892383264326
vn -0.6401110119414681 0.7206163134995530 0.2664019915645968
v -37.0068049031611679 41.9250014119982666 12.6134264537224716
vn -0.9731032624459549 -0.2015102349030181 0.1116407893485599
v -37.0016981677597698 36.0000094090270011 12.6284161391997447
vn -0.7218992349333710 -0.2499031188478917 0.6452983230977051
v -37.0000001048290912 34.7073400402882015 -0.4272922317537637
vn -0.8949395672804754 -0.4428876588989847 0.0541635718062635
v -37.0000000000000000 36.0000000000000000 1.4650306700000000
vn -0.2525511574099523 -0.8057923745436759 0.5356459297130500
v -37.0052109378365088 35.7293928868620583 0.3475910039044497
vn -0.5710745179080920 0.1993721621315912 0.7963194308586315
v -37.0001751911116301 33.4144213461596067 -0.5345664354064890
vn -0.2420760654212201 -0.9498207841265209 0.1980900214333421
v -37.0000000000000000 28.7500000000000000 2.7074470499999999
vn -0.8458907632564432 -0.5063731126666873 -0.1674965295332487
v -37.0000001748745078 35.9933018228971306 43.1418660974783137
vn -0.3304576929126106 -0.5422737718788662 -0.7724874559027752
v -37.0000001821268114 35.1204528887128617 44.3180210016503437
vn -0.5783230720179062 0.1827678687639512 -0.7950712738611897
v -37.0000307477907029 33.5169226310796304 44.6747799887957129
vn -0.8484395112517211 0.4629297347880145 -0.2566056437338024
v -37.0021554027303878 41.9249682481423136 31.4647263825385117
vn -0.9731165403013411 -0.2014050209999823 -0.1117148893744467
v -37.0010326661033204 35.9999999967595912 31.4555190550588044
vn -0.7050972124514928 0.6097537439687095 -0.3619921169159295
v -45.4877076875153108 41.9227562840462511 44.1999790139485853
vn -0.8410038244387721 0.5189971814298058 -0.1528217685648101
v -46.4823361938759803 41.2967919349555928 45.6915914466087258
vn -0.9467013605956712 0.1257991775437386 -0.2965317871251308
v -46.9880990250123105 40.3388961574706570 46.4502277108237394
vn -0.6065417923265685 -0.4385088592877431 -0.6631870282864678
v -44.9035778195564035 35.9848570155386227 43.3239675338073411
vn -0.2452528692416747 -0.0131998200881374 -0.9693692768384846
v -45.9529734189649588 34.2251670211111900 44.7087999223287795
vn -0.5314030155668240 0.8466547658238255 -0.0280453660038318
v -47.0000000116866730 24.0000433916190516 37.0969278402806069
vn -0.7275600891709051 0.5590387624415739 -0.3976581179020720
v -46.9999841415962294 24.3153402861323187 38.2494004126047500
vn -0.3763874049657314 0.5818376390404032 0.7209698212678891
v -40.9918215591805080 23.9999999994815560 9.6885907376853844
vn -0.6495379640630703 0.7595561112746588 -0.0342775008733109
v -40.2019617441416912 24.0001532717055106 11.1450496904565970
vn 0.3661677844586159 0.7498528624492072 0.5510370571036025
v -42.8471126313211599 24.0002423842674233 9.4688888813889491
vn -0.2105644630373256 0.8283290585189907 0.5191662332228908
v -41.5723579921528525 24.0001484193128505 20.3446389089795794
vn -0.2271043937029046 0.5845640810937942 -0.7789149051442039
v -41.6690212147422443 24.0003894621476128 12.7366732592152019
vn 0.3626967150423515 0.8132802269321789 -0.4550015004136041
v -43.0744146745397600 24.0000000006110454 12.3445798638306190
vn 0.4312471099044464 0.5729095729331815 0.6969939393140963
v -43.0684077226675370 24.0000000001375575 20.7479009592648787
vn 0.4748853750703629 0.8701963831256230 0.1313093117009023
v -43.6736507000781913 23.9999986988078753 21.7356275408979407
vn 0.6841197254468881 0.7293649250201686 -0.0026471503164601
v -43.6806297649553699 24.0000246065836720 11.3129051936766860
vn -0.2359534050720453 0.5716302789808037 -0.7858529218544879
v -41.4321079707085786 23.9999999986438866 23.6437603158347756
vn -0.5999911011891554 0.7129994107097003 0.3628257416742158
v -40.5396482152543172 23.9999999999474234 32.2618841258929905
vn -0.2065207631302144 0.8139414700240137 0.5429995007099558
v -41.4207602818669400 24.0001911551252967 31.4495324420462978
vn 0.3349013077341620 0.5681850418275506 0.7516693903049215
v -42.7289517517434376 24.0000000006208509 31.5288677739101111
vn -0.7739766185896011 0.5790603468306257 -0.2562212102949377
v -40.4345431500401418 23.9999999994726458 33.7177177415208078
vn -0.6932010714933025 0.7140584731231457 0.0979426946820381
v -40.3744248283839511 23.9999999991560067 32.7270017221064720
vn -0.6200257339424693 0.7206901006435982 -0.3101191191839398
v -40.5310693522767878 24.0000486720299122 22.8766015341069142
vn -0.5506339045792482 0.8157496805103330 0.1770727587041579
v -40.3584594431190951 24.0000261217982427 21.6877430331948275
vn 0.2687934654853071 0.8120548682134615 -0.5179932083755701
v -42.7449049420276381 23.9999999999006022 23.5573985891939621
vn 0.5153150835755337 0.8120210447175583 0.2739930429323815
v -43.5172796704891454 24.0000456874745005 32.2956843364629478
vn -0.1953219583851180 0.6416853823002306 -0.7416799867293231
v -41.5724512090307528 23.9999942639838402 34.7607368274911082
vn 0.8048881571318320 0.5755734272556606 -0.1444655126530057
v -43.6271853210300975 23.9999999968293132 33.5444821283483847
vn 0.5104689970911942 0.5689125646938444 -0.6447944608494885
v -42.9801423286878546 24.0000000013323529 34.3831636728199186
vn 0.6237592233432978 0.7177813323096712 -0.3093774236784568
v -43.4057304136061219 24.0000065713692443 22.9415949628074038
vn -0.7169668155209697 0.5225997232021747 0.4613546518143389
v -47.0000000017368436 24.4996105593561424 5.6954490409359186
vn -0.5201534955014367 0.8506474643217882 0.0764148713311026
v -47.0000030549449974 24.0019858292655428 6.7141346090718468
vn -0.5843437667603412 0.0471321252404730 -0.8101363619901605
v -47.0000004796748811 -15.7100207073066329 -1.9594911699469677
vn -0.8948548617705143 0.2182667928965739 -0.3893512340860340
v -46.9999999999978826 -16.4785737939165386 -2.2934784182438706
vn -0.6104318474575903 0.2668663879522494 -0.7457581984737631
v -40.5013281157317238 -11.9309781656668257 -1.9576851336615499
vn -0.4734480790350358 -0.2045215536408409 -0.8567484173048533
v -40.4402927460398374 -10.3116615084081342 -1.9574463395171655
vn -0.0589737460022256 0.6774934232063534 -0.7331608000940869
v -41.9999999181219934 -12.7028404187024577 -1.9574463386418792
vn 0.7446084032902979 0.4536153415576117 -0.4896850494481573
v -43.4949745968315611 -11.9273621416005167 -1.9575703693509170
vn -0.3721744595798729 0.4699333317424772 -0.8004054193681128
v -40.9999676400731516 -1.3428705639587157 -1.9574463399518569
vn 0.1861643088432241 0.6582638835274467 -0.7294049011052015
v -42.3557864041617194 -1.6741893100341985 -1.9574995247712186
vn -0.1809425635909404 -0.6409352289181504 -0.7459636861220367
v -41.6121208384569101 -9.2892139639776143 -1.9574556815206561
vn -0.5560987733145982 -0.0769102509184200 -0.8275499789267503
v -40.2954863920316910 0.1443174092583230 -1.9574919476024915
vn 0.4547830051763946 -0.3296306884676697 -0.8273548376742940
v -43.3956062108697438 -9.9915313169799802 -1.9576616499466488
vn 0.5971102920004369 0.3559648926660477 -0.7188520671017105
v -43.4235582318691655 -0.8711488101179358 -1.9574433234533046
vn -0.1771907273448258 -0.4342736793927687 -0.8831816446969889
v -41.5941580008945451 1.6719644624978578 -1.9577006799128982
vn -0.5912349120139869 0.3391506324030522 -0.7317227120681872
v -40.4959219534929318 10.1427657727304243 -1.9576544446382287
vn -0.1001021642535446 0.6801090296062653 -0.7262446313466148
v -41.6131030055116469 9.3666194026287020 -1.9574463403441682
vn -0.6319823319059154 -0.2328529478207590 -0.7391737528145492
v -40.4650855019723963 11.7709563311363983 -1.9574463413749537
vn 0.4287031490019324 -0.5263980237250473 -0.7342470501501465
v -43.2964708388289523 1.1133042143179350 -1.9574538826707704
vn 0.4541989699179277 0.3024269980773113 -0.8379983332676977
v -43.2815121512729561 9.7474348103237460 -1.9576461747749672
vn -0.1009395768913719 -0.6570969932826451 -0.7470172308828613
v -41.8943234732682157 12.7283837498230543 -1.9575560678387236
vn 0.6676793980947329 -0.4423577402560741 -0.5987686122329685
v -43.5626279940011329 11.7442360860956718 -1.9577564140644534
vn 0.6921991638881633 -0.0587339559156013 -0.7193126162768394
v -43.6771200142487004 -0.0699380224191865 -1.9574463399573441
vn -0.7867104977003659 -0.2523477615812774 -0.5633890308063881
v -47.0000000003868408 16.1824607951107033 -2.0874508258793534
vn -0.3942829396699478 -0.0229442417133381 -0.9187026315720578
v -47.0000000191067713 15.4484045598714648 -1.9574771994417524
vn -0.8024679178332118 -0.2903968237852618 0.5212628181482555
v -47.0000000002780425 16.3029229963583973 46.2557762251227942
vn -0.7159024169735729 0.0693000676715038 0.6947526394279633
v -47.0000035105529719 -15.9984477156290712 46.0495491001415473
vn -0.0621419503088828 0.4323968679398089 0.8995395080860271
v -45.2945811666113585 -35.9980517955768349 60.0837383200933886
vn -0.5097591334756640 0.1612992964072351 0.8450610408820602
v -46.4151163739080772 -35.2574167444687987 59.5637219164576308
vn -0.7113741614531807 0.3410246951746847 0.6145314960990993
v -46.9996043061236861 -33.6208601640769373 58.4146455048158941
vn 0.4861679440229140 0.7821393664530163 0.3897418910625427
v -36.1082608011433095 -35.5906992980148331 59.7977245605017842
vn 0.2474559058144181 0.8945027963870327 0.3723309306696733
v -35.5902786317302784 -35.8709869845698321 59.9945240800529049
vn 0.0445603490595826 0.4667153574299527 0.8832842976249039
v -35.0756006079533051 -35.9998372797350541 60.0851055576083866
vn 0.5725729910269965 0.5924456964735438 -0.5667170958038731
v -36.7508093019483368 -34.8180063489158584 44.5078625307569311
vn 0.2937638546517169 0.9166373661125852 -0.2710696160515735
v -36.0033178767231803 -35.6751429555717792 43.7489425094359348
vn 0.0778317281124727 0.9958770767747487 -0.0465947427679086
v -35.1774413728304864 -35.9998248317522567 42.9282277654370574
vn 0.1034124382299791 0.9878000693388539 0.1164340613114828
v -35.2352151154880104 -35.9995943589380616 1.0986735263310321
vn 0.8191560307601601 0.4744880340283995 0.3222491316250889
v -3.0770022580690810 -36.0000023743098865 58.6956879884082809
vn 0.2116216967749143 0.5833322945448586 0.7841809048906614
v -4.4126531373291487 -36.0000099417608439 60.0775480116760576
vn -0.8053395327713100 -0.4587721570816813 -0.3754415331876714
v -46.9999999998275229 -24.5698400302755822 38.4399055622202184
vn -0.8360459104231518 -0.5125966300784094 -0.1956321305332580
v -47.0000000010457484 -24.1020700303807835 37.6648811637713266
vn -0.4071309716460668 -0.9126538334888609 -0.0361573249095690
v -47.0000000148460870 -24.0000805744250769 37.1233216795372911
vn 0.4665418597204337 0.8382186385932068 0.2823618370877168
v -36.1280203208706396 -35.5860401509254629 0.2125236456728979
vn 0.4986455288439136 0.4068942122188966 0.7653690199026463
v -36.7876833352559842 -34.6737350179401886 -0.4634429985928209
vn -0.4979919598656711 -0.8663044630856598 0.0389946810092691
v -47.0000000344764572 -24.0001569556777774 6.9253235190864677
vn -0.8113298412405890 -0.4949075879125140 0.3111436455066017
v -46.9999999575258798 -24.3724586813307020 5.7943431129924550
vn -0.6682783274214873 -0.5782241984499490 0.4680393716618864
v -40.7492444572271495 -23.9999999994998490 9.9010527242038471
vn -0.6860679261159771 -0.7273170018214798 0.0179103215028536
v -40.3216581921071295 -23.9999999993391171 11.0144481285526101
vn -0.4664186755104772 -0.8192249032027488 -0.3336527792593662
v -40.6949496097155787 -24.0000404151960147 12.1627350450240943
vn 0.8450898721338362 -0.4836580459852769 0.2278113310845625
v -43.6753467473343449 -23.9997007843081995 10.5853651585730262
vn 0.3495882267735078 -0.7273096689266237 0.5906003023934202
v -42.8407944220060273 -23.9999999984368628 9.5862382203189895
vn -0.1097255667152933 -0.6196982514929480 0.7771321490619152
v -41.7916339877840528 -24.0000000004295195 9.3798595056686800
vn -0.5677062436953355 -0.7331051097274388 0.3745217202791481
v -40.6127376029620919 -24.0002909422779105 20.9949743300989091
vn -0.0534707158241953 -0.8154846707238781 0.5763034221342229
v -42.0140042754725798 -23.9999999997956728 20.3436810684875731
vn -0.0716944115746496 -0.5713395488973310 -0.8175763152236977
v -41.9717196668907206 -23.9999999997964544 12.7356608546056904
vn 0.4121733868482979 -0.7154747105831258 -0.5641002018170137
v -43.0194032114428140 -23.9999999997679048 12.3658396709076452
vn 0.4104826022072234 -0.7179381754711196 0.5621999728623139
v -43.0841006901281247 -23.9999999997625757 20.7717287746428418
vn 0.3998876946407028 -0.9002402754385965 -0.1722128861414962
v -43.5019348981873222 -23.9999999995959712 11.7511473395730643
vn -0.4343145343140085 -0.7213014569583327 -0.5395322914093212
v -40.8457478648852685 -24.0000506308132735 23.2783773001217114
vn -0.4688029128898988 -0.8212727212708879 0.3251691039478631
v -40.7167611570543784 -24.0000647895280892 31.8990483092784629
vn -0.0257939836591199 -0.5685172050636140 -0.8222669018960022
v -41.7782499223219546 -23.9999999997931077 23.7021300379277484
vn -0.5749311146371868 -0.8097976261518020 -0.1169701590190775
v -40.3635945638044689 -23.9999999999748646 22.3595842466873194
vn -0.0542250683945849 -0.8130289792690624 0.5796926089112310
v -41.9297174473872829 -23.9999999997969766 31.3559294868838805
vn 0.3633892924120432 -0.8167624606910342 0.4481599100390412
v -43.0982531461755158 -24.0002016680623242 31.7573534106733320
vn 0.3988107514125689 -0.7220370680891787 -0.5653427782000270
v -42.8683449431659511 -23.9999999986177208 23.4901779456831150
vn -0.7552590742120250 -0.5892568949218714 -0.2869843943621837
v -40.4213536167037262 -24.0004541779398828 33.7938014471123651
vn 0.6108829205047137 -0.5764267416054056 -0.5427285407989952
v -43.2063954803211629 -23.9999999994859436 34.2387866247154804
vn -0.0237676214650445 -0.6304795750072023 -0.7758418689840295
v -41.8155786912734158 -24.0000000007069225 34.7436742079798648
vn 0.8187549942558876 -0.5727796287632110 0.0395443580668554
v -43.6859703912019199 -24.0005326017303595 33.1434891026430449
vn 0.5526655132072827 -0.8124552392348614 0.1856806795311645
v -43.6473677109671172 -23.9999744394266052 21.6375035758325716
vn 0.6631113095464440 -0.7191850721772521 -0.2074999352024016
v -43.5499206560247032 -23.9999999999113598 22.6654630993645370
vn -0.8131713405827561 -0.4248138186547232 0.3978512163294659
v -46.5345263892004439 -41.2152923896462724 59.4028624421234426
vn -0.9794552426162892 -0.1826057684667031 0.0855719640662233
v -46.9933074260560630 -40.3866039278949955 58.3926929170408542
vn -0.1111338172069140 -0.8643105747238183 0.4905267628719181
v -45.1741821878296363 -41.9164715624907416 59.5424085901893392
vn -0.4201447340956807 -0.8561731137300854 0.3007424175892053
v -45.8309582112060170 -41.7574248411772189 59.3360463184483464
vn -0.2649694148539224 -0.2800222314028668 0.9227018798681019
v -45.4478698815585176 -41.1585106167385533 60.0811016772713771
vn -0.5761969852893065 -0.6350246385231412 0.5145296323945477
v -29.8535993440411787 -41.7409408332933438 59.7089765550256999
vn -0.2244621670382395 -0.8829275971892612 -0.4123779743028179
v -45.3849610279442786 -41.9195852869992862 -15.3446400267960854
vn -0.9892153993967432 -0.1070264390909345 -0.0999911742698144
v -46.9977760676925342 -40.2354387076958560 -14.3172606025803759
vn -0.7928926930742063 -0.5209864728179699 -0.3160605518096538
v -46.6175960371604532 -41.1709232808846721 -15.1622846225462471
vn -0.3419870639603603 -0.2616499545044356 -0.9025431565258246
v -45.6644244457710471 -41.2563624181589290 -15.9838509215363995
vn -0.7436939395861656 0.2448698235187067 -0.6220595580430593
v -46.9944908778157071 -34.2268618426519424 -14.7550322501437048
vn 0.3669426940599015 0.8475646274871114 -0.3833891776102918
v -36.0179677496360853 -35.6691671729898943 -15.7677129698892617
vn 0.0663602843367168 0.4599085415263282 -0.8854831709828683
v -35.1676212315047820 -35.9994404845042411 -15.9999992829557947
vn -0.8055033404357379 0.4189610081457130 0.4190895395979190
v -47.0000033750110404 -16.7559840237064996 5.3773902296564984
vn -0.7085111053105659 0.6489228103790986 0.2773286855363004
v -46.9999999996193623 -17.7361148685086327 6.9743116931538554
vn -0.5582975768284277 0.2754417744425777 0.7825826758876215
v -46.9997625827894581 -14.3934567098911899 4.0343362532158533
vn -0.7092373515456443 0.6928232176357433 0.1303010678289930
v -46.9999999994299102 -18.0618425051519473 8.0221683736847886
vn -0.3163199749904925 0.9485387535518377 0.0146937548754710
v -47.0000000000000000 -18.1250000000000000 8.9175538999999997
vn -0.2426755132115760 0.9697747748144915 -0.0254063263971824
v -47.0000005904529701 -18.1232680765381886 35.5995090230940008
vn -0.7082927011871155 0.6750039142028704 -0.2066184049301113
v -46.9999999995584261 -17.8904336148675327 36.7051755762724028
vn -0.7095518656457553 0.5773784899740888 -0.4039433490897819
v -46.9999999995077573 -17.3842567331918012 37.8195057405412314
vn -0.7098240810161061 -0.3138149306190934 0.6306107859291452
v -46.9999999995121271 15.5275393496795058 4.5053731377314366
vn -0.6022670645878392 -0.5599665405420616 0.5689568141661572
v -46.9999999999090790 16.6028984221474580 5.3150729687461657
vn -0.7156090960160120 0.3321531527622563 -0.6144736811363358
v -47.0000293250125196 -15.8137061191809760 39.4824896665420013
vn -0.8352704877562140 -0.4777914116423634 0.2721003109963201
v -46.9999999994938307 17.4540508641368994 6.3682682007619036
vn -0.2754797724969779 0.0438189626213171 -0.9603076556290724
v -47.0000008395587017 -13.6801261170125752 40.1636812653941817
vn -0.3538701536821186 -0.9317701201568298 0.0811194028326199
v -47.0000004166051113 18.1178234373895535 8.1551006379284363
vn -0.7088414394126057 -0.6954049162369782 -0.1181347376723152
v -46.9999999984463486 18.0810817466918969 35.9027375317314608
vn -0.2169461095415037 -0.9760922251161741 -0.0133549100544394
v -47.0000000000000000 18.1250000000000000 35.1675529500000010
vn -0.7124322447657961 -0.2023134115023788 -0.6719446258020356
v -47.0000291795300953 14.3992279535358634 40.0316091798353426
vn -0.7101683974353287 -0.6397268210613011 -0.2939565302879647
v -47.0000118835986243 17.6865012171955911 37.2912792720245250
vn -0.8053088124291170 -0.3647527160795873 -0.4673683480260181
v -46.9999627465458758 16.4572966020682401 38.9637377691099616
vn -0.3477427786537645 0.7226951910644450 -0.5973161815207120
v -45.5458369128793805 41.6804984821364997 -15.6695296557253378
vn -0.9709015277499037 0.2250862375545112 -0.0817704657957697
v -46.9932151830794496 40.3714962156446262 -14.1437263985318094
vn -0.1659370722821748 0.2151207419894250 -0.9623865930115295
v -45.2769445189104971 41.1594030391223669 -15.9978276876785728
vn -0.1368195836078138 0.9670514765741393 -0.2146901096864073
v -45.2493421223342835 41.9236180631138708 -15.2124725951927893
vn -0.7410609030067150 0.2769143371815764 -0.6116757211939675
v -46.5856203800839808 40.8788790811982992 -15.3282892896851539
vn -0.6511269345456872 0.7533169791475544 -0.0924513063030465
v -46.2567471721360661 41.5436978705401856 -14.6421093000411666
vn -0.1715989440185206 0.9845177502669340 -0.0357575421563585
v -30.1490523328948967 41.9252743612238987 -15.0015426199968349
vn -0.2428516265233372 0.5872091869044914 -0.7721453608679751
v -29.9127707720421867 41.5951992672559783 -15.7847015774029451
vn -0.0148383425978231 0.9941760715642119 0.1067415679016401
v -30.1880108209001996 41.9250737554567863 59.1273971683605311
vn -0.9665285055199943 0.2303355691301534 0.1129963433513431
v -46.9879565893165321 40.4782285837136584 58.5571036340432300
vn -0.6377067810719288 0.5601125383112566 0.5287759504756248
v -46.2761286015189057 41.4603692032160964 59.6332086366154002
vn -0.1582675446438243 0.9723620153457602 0.1716493385514401
v -45.3890633542982158 41.9223082743550464 59.1666570529453324
vn -0.0977196523958946 0.7334701009742469 0.6726607469686734
v -45.4304999783604231 41.7049492777269037 59.7489372963990704
vn -0.1342604477528615 0.1967420328796735 0.9712191846682058
v -45.2511310041957415 41.1308219867916378 60.0825377614801042
vn 0.9118715713021531 -0.2954444787458659 0.2849610454597714
v -3.0884572199522555 -40.3643186278044865 58.6981849121739714
vn 0.8334891633438987 -0.5232607137291251 0.1774656024585451
v -3.4115885169445757 -41.0481441261808584 58.6509017160012220
vn 0.6581873204586658 -0.7245783306006022 0.2043910321209957
v -3.8881639645871600 -41.5585577218093647 58.9675192731722646
vn 0.2035002450619386 -0.9423920816525756 0.2654897638295238
v -4.7657358501503744 -41.9191241122233933 59.4608124008593251
vn 0.4715156820112299 -0.4166479122292142 0.7772242140158282
v -4.2890086146059332 -41.2506517763805505 60.0358260630544294
vn 0.1504916481287859 -0.1127679874580919 0.9821586658214309
v -10.5002473461549855 -41.3997540703857965 60.0844633206902827
vn -0.5940842148690850 0.1897265122628229 0.7817082551617117
v -29.1337826940471594 -42.6924048856012348 60.0675553038396970
vn 0.8385804208149641 0.3508855971682089 0.4167279394589556
v -3.4196316965363542 41.0626343569182382 59.2473559676931316
vn 0.9738007982222859 0.1974948071015676 0.1127289073377081
v -3.1493592881179309 40.4764184241123743 58.6385515982256535
vn 0.9981143990973835 0.0491904898100569 0.0367143299913776
v -3.0752902021598199 40.0761311523022954 58.1686554086900927
vn 0.1277550058998081 0.9758872439271166 0.1769823313437714
v -4.9203904384734756 41.9245292343756830 59.1364026990812803
vn 0.2816090715575835 0.6295123888729648 0.7241619177172525
v -4.4816437683293300 41.4533619804915219 60.0343651454483194
vn 0.5018751429362709 0.8502796699498795 0.1585743477761196
v -4.1343081426177264 41.7198719526642350 59.0920554242136404
vn 0.8466598377437401 -0.4618510955917760 0.2643117187194315
v -3.0762105090936149 36.0000000090756700 58.5160026667388138
vn 0.3682182775957484 -0.2616497971079528 0.8921629244245625
v -4.2639576269173203 35.9999329528765486 60.0717635188830172
vn -0.1923731654962802 0.9790052557594942 0.0673889782696565
v -31.4722299276132631 45.9249410852529678 59.0984607447245907
vn -0.0924991775984888 0.1506181280384540 0.9842550897251156
v -30.7057996391562043 45.1130572864610286 60.0824103860181253
vn -0.7515189300769403 -0.1351662304426468 0.6457161821450164
v -31.7529570260229299 45.1418870723449999 59.7820343621358745
vn -0.1227619514096952 0.5484153788480702 0.8271457401987943
v -31.0037516020452806 45.5415163757032602 59.8793085654114918
vn -0.3756723216998740 0.7840831089560735 0.4940485653844210
v -31.5822191845932387 45.8396808464110563 59.5122035882888341
vn -0.7653606550415905 0.6247969136695454 0.1544405529105564
v -31.8227632987933546 45.7393388789244142 59.1063046928363036
vn -0.9684021338748617 0.2054231171633223 0.1414165833327842
v -31.9679299687034586 45.4184694111087737 59.0892277985334715
vn -0.9700292383920567 -0.2271370378884635 0.0863252146465967
v -31.9563242265975234 45.1830537999333472 59.0821080270798120
vn -0.7955654543851755 -0.5999421631470876 0.0845281531047652
v -31.8551741520927436 44.9615630538858539 59.0625643617621705
vn -0.2255727408123796 -0.0709734022155588 0.9716376458229373
v -28.8690026814112954 43.0073312584559346 60.0846128706271259
vn -0.0926754061680721 0.1339040635738670 0.9866513927674702
v -29.6874858519953513 41.1460202128054320 60.0834465170407412
vn -0.4145299654710867 0.7425775330604082 0.5260641739564270
v -29.9158045433008937 41.6493440570250613 59.7953687325153638
vn 0.0891518291094528 0.9425081183366792 0.3220720388917535
v -30.2546529660631549 41.8767107498998072 59.4171892745879830
vn -0.4260326590814658 0.8872736894264819 0.1767528598000456
v -30.0201161535498393 41.9773853955470670 59.0855973924270970
vn -0.8278047113672188 -0.1311459133135577 0.5454723725903892
v -29.5299221325366368 42.7833914763053755 59.6381944112524778
vn -0.7867641464583853 0.6085375455561550 0.1033645659599977
v -29.7798188822556789 42.1562876306799836 59.0872413692019478
vn -0.9799534307882873 0.1874261294115208 0.0675479052234890
v -29.6704503765149497 42.4411780559815526 59.0854780826578931
vn -0.9545610630227164 -0.2724186704723849 0.1208356112203678
v -29.6880855788769402 42.7011333359844016 59.0815144095596025
vn -0.7817487023355816 -0.6098973841188006 0.1299774874417825
v -29.8089889711055811 42.9149231874175712 59.0846354379767007
vn 0.1014940826526250 0.4656287384756816 0.8791409608771777
v -8.9876310431730246 45.5271761545325262 59.8907933180854997
vn 0.2228734174284289 0.1237885109401890 0.9669559681614173
v -9.2338015929700923 45.1121824120870798 60.0807700887851439
vn 0.7999853302838007 -0.5912405070786330 0.1022650190442426
v -8.1401709608193435 44.9664758147326040 59.0846169721471597
vn 0.7800132086266818 -0.2647447290534681 0.5670005492116513
v -8.2470181215049063 45.1018510566602586 59.7123035100758344
vn 0.9649395696702239 -0.2369698605346973 0.1128579287547363
v -8.0394736007042269 45.1973483926852495 59.0874764767628093
vn 0.9715986658849387 0.1878879264353801 0.1438546473021309
v -8.0355421200383450 45.4328876266121924 59.0843065479170733
vn 0.7193228812580817 0.6945082877553611 0.0152587921438142
v -8.2047500186623914 45.7726278119595094 59.1389420062620559
vn 0.4011916457844583 0.7398273970120237 0.5400932197159775
v -8.2946081615086840 45.8388293678938155 59.5292729393194406
vn 0.2271459565992973 0.9735852146069404 0.0231634258983399
v -8.5557220427822127 45.9249613114251645 59.1027980222607852
vn 0.1468817122669813 0.3376614561371795 0.9297367926681396
v -10.4274582826621849 41.3537003894038762 60.0823663049621217
vn 0.4512540148670903 -0.0540847985550650 0.8907551002557268
v -10.9797000052900717 42.8090201886316777 60.0817614729372664
vn 0.8080150713389294 -0.5245846273565635 0.2681839168002443
v -10.2529463461540740 42.8503343658514524 59.0802270176694293
vn 0.9767147718146321 0.0422617184950600 0.2103383029049526
v -10.3370184084990111 42.4745593948926015 59.0784139453039074
vn 0.7983809836046423 0.5473551020238815 0.2509784797685050
v -10.2614549496306555 42.2356267667824312 59.1422067962946514
vn 0.2219430622485132 0.8705400705279684 0.4392052626334439
v -9.9542804913367089 41.7957269201726973 59.6547000587942549
vn 0.6378698369433189 0.7674522653270551 0.0643357720267301
v -10.1443706834008065 42.0857955271279565 59.0886656042694725
vn 0.2031753693745204 0.9735479864051919 0.1045183593725212
v -9.8704427713037557 41.9258176335035699 59.1066157759415916
vn -0.5760818510724716 0.8101536333020073 -0.1085393537500186
v -31.7421743408506494 45.8087739859656580 -15.0392421475533737
vn -0.8866839318021958 0.4592914335413746 -0.0533196414026575
v -31.9028986112426800 45.6045757497057380 -14.9957146926798881
vn -0.9943387838669935 0.0666638153402549 -0.0827424837806369
v -31.9693337925737566 45.4090079183630309 -15.0029373099444783
vn -0.9856566852146905 -0.1506563538569981 -0.0760497332940975
v -31.9593903885324906 45.2033069638573437 -14.9953215176928794
vn -0.7391175136246214 -0.6729703228748041 -0.0285700119555408
v -31.8130254757897326 44.9191235657516543 -14.9986637469827020
vn 0.8616371830369045 -0.5018257229028622 -0.0758439756424179
v -8.1243812044234165 44.9833428942880360 -15.0021259812172456
vn 0.9942582358662733 -0.1011820468805113 -0.0348246148744848
v -8.0309651051257571 45.2463841417003962 -14.9943206880288162
vn 0.9268606071600346 0.3681966359767458 -0.0732164745828396
v -8.0575832666314078 45.5263951603712869 -15.0027783439945583
vn 0.6346842498499409 0.7599257176418882 -0.1403168081837632
v -8.2670199716836912 45.8170018610894232 -15.0048901675517712
vn 0.2913198522157305 0.9141654519716488 -0.2818408595758892
v -8.4794056988907212 45.9067667390659366 -15.2084835650277643
vn 0.9020841508968951 -0.3853448045086981 -0.1943027697661077
v -10.2830779152822114 42.8198748081629716 -15.1215550338239897
vn 0.9707274073757703 0.2304160482863027 -0.0677993013359246
v -10.3182222983808565 42.3650224056206994 -14.9997885703006926
vn 0.6879199575598581 0.6955193864794776 -0.2074100166868854
v -10.1838613900713657 42.1224100639808512 -15.0000538583014595
vn 0.1827511253331135 0.9703806485088020 -0.1579981746385617
v -9.8928314864771565 41.9258870925982876 -15.2205527332526973
vn -0.6831341498734033 0.4379838711565173 -0.5843781839558129
v -31.8641222319126634 45.4676144707403225 -15.7270121692874678
vn -0.0684442014139237 0.1970655014240394 -0.9779982512465460
v -30.8112215109396352 45.1300689906345340 -15.9965407015032444
vn -0.0710802083723248 0.6852546247272293 -0.7248266711895271
v -31.1165172657188407 45.6636301927459556 -15.6954221226181403
vn -0.1040614607770309 0.9307925114516263 -0.3504233339926501
v -31.3383140983900219 45.8887048977728540 -15.2847467041460110
vn -0.8564263674015358 -0.4790367877763522 -0.1925035926322510
v -31.8964218933022856 45.0299898894946367 -15.2253426123329341
vn -0.2340048710585736 0.9570538875142170 -0.1711419782367396
v -31.4534868363195663 45.9249258692133466 -15.0358956407793514
vn 0.1820017204133271 0.0908503919723313 -0.9790922224413097
v -9.1624976875553301 45.0720854654080085 -15.9972609816915501
vn 0.1318260840968646 0.6385852536220451 -0.7581759409320206
v -8.8512958150465746 45.6485343740917244 -15.7374057159095351
vn 0.0289759742038641 0.9982481427958977 -0.0515852529651468
v -8.6038487033766753 45.9249969236368685 -15.0474524644498651
vn 0.8202703008066669 0.0349470208518283 -0.5709074700405680
v -8.0803440723841522 45.2710587410884315 -15.5888178948714042
vn -0.7173151256321039 0.6532732137011018 -0.2422666274996076
v -3.0750000499834158 41.9246753045744995 -15.1988333811573533
vn -0.5733471443484403 0.4379442200461402 -0.6924434360983335
v -3.0750346778133748 41.5494531381004819 -15.8103369270318144
vn -0.1112321946029643 0.0393131537724403 -0.9930165531471632
v -3.0749986430576981 41.0480461176319906 -15.9999482623973748
vn 0.5029235707348876 0.6181535801886192 -0.6041142551697178
v -10.2982176703430230 41.5965966444139710 -15.8113574426434145
vn 0.3411717259491956 -0.0164649340312221 -0.9398567759824868
v -11.1237821689121450 42.7054759479467947 -15.9969768333473237
vn -0.3288439526315545 -0.1064817726323115 -0.9383620233762322
v -28.8401842432139404 42.4719568139934296 -15.9982404746668117
vn -0.7462534722475552 -0.6628841794560620 -0.0607480023155565
v -29.8227808298992407 42.9288279237065211 -14.9999531253220137
vn -0.8977155039876595 -0.4230747047263770 -0.1229417265246884
v -29.7187088052477471 42.7792459357102288 -15.0000579406309882
vn -0.9382735000432716 0.0511910475963453 -0.3420852463385954
v -29.4911777594056375 42.6333519079582786 -15.4604329907253604
vn -0.9890820208492727 -0.0297174314472663 -0.1443385960195540
v -29.6651087756192915 42.5499097390637147 -15.0003594955697110
vn -0.9052012002334832 0.4238481658921834 -0.0310406083331770
v -29.7211515616100925 42.2518404645371035 -15.0020534084024995
vn -0.4235712680380416 0.8749211450680806 -0.2347346817268470
v -30.1047417395789019 41.9046552796811795 -15.2390152180185510
vn -0.6272927959968937 0.7778365428979802 0.0383934971436321
v -29.9006458907596659 42.0475563295233030 -15.0004583073280386
vn -0.7602588469404120 0.6406378962416013 -0.1076548723837933
v -31.8208029201738434 -44.9269051150072727 -14.9952302574689256
vn -0.3541329121483157 -0.9175787077125365 -0.1806632106599038
v -31.5584872108822658 -45.9243758315354498 -15.0519288658464294
vn -0.0620346810256958 -0.1088493293746368 -0.9921207193909076
v -30.5672255578362559 -45.0367769397817526 -15.9993160108180756
vn -0.9126036443458568 0.4026346747172083 -0.0709923026956349
v -31.9273116100263188 -45.0891445656769108 -14.9825416728319194
vn -0.1770670174438390 -0.8333407718497534 -0.5236319597832055
v -31.3302230018542538 -45.8467426154335769 -15.4165522006631974
vn -0.0773790813555158 -0.5635340872108100 -0.8224608260093945
v -31.0769986992154230 -45.4852405594530964 -15.8458131649623297
vn -0.9970486670856549 -0.0494635069825493 -0.0587138564540451
v -31.9790258451332718 -45.3787688318015228 -15.0013221727005810
vn -0.7772167811564612 -0.0678557845817495 -0.6255634800622434
v -31.8723516138454670 -45.3268150516768031 -15.7504335178400261
vn -0.8339972305126502 -0.5430636051164975 -0.0976244861451388
v -31.8590123681299673 -45.6814186412151244 -14.9862836627123759
vn 0.8614827658831482 0.5038883520441101 -0.0628010570021856
v -8.1054007383549838 -45.0021187993513792 -14.9985297831223505
vn 0.1288548507845949 -0.4389014107705888 -0.8892479851272461
v -9.0565647931071922 -45.4653548691035709 -15.8596943850685843
vn 0.1718628309463796 -0.0464202333369570 -0.9840265897200333
v -9.2729814275508637 -45.0280136373261684 -15.9988120665868916
vn 0.2603100422594519 -0.9500507138767894 -0.1721694600127595
v -8.5370053884646460 -45.9249613298363357 -15.0555899236867603
vn 0.6624410752813127 -0.7304173489104576 -0.1663199272208738
v -8.2265533678670799 -45.7822562722254887 -15.0142017201128848
vn 0.9299229504446727 -0.3612089522725651 -0.0690753142188358
v -8.0578005364869458 -45.5188787230317189 -15.0087172828981110
vn 0.9988948128161338 0.0326533791700375 -0.0338069483656659
v -8.0272425587015181 -45.3000694085910922 -15.0014088755971056
vn 0.1586633742208923 -0.8461335432257245 -0.5088064078892109
v -8.6852563402432477 -45.8471213708571099 -15.4188446890604869
vn 0.7878968045062391 -0.1253797592402791 -0.6029084021820451
v -8.0781272631780148 -45.2784834471568800 -15.5842212402732319
vn 0.1692543401044582 -0.3078797340608826 -0.9362494527156769
v -10.3268618861131429 -41.4875214052567927 -15.9939531679616529
vn 0.4593620854759265 0.1647767644217531 -0.8728316517713515
v -10.8615520663847107 -42.8746706514700691 -15.9891372763931443
vn 0.7876044293323358 0.5638079195185701 -0.2485958422504834
v -10.2349256511226621 -42.8693915539740971 -14.9948673895236713
vn 0.9903059455233147 -0.1024053145912406 -0.0938471406311491
v -10.3487258161077058 -42.4867336621920586 -14.8971155606684178
vn 0.7924627863966333 -0.5481341815975701 0.2674914038634624
v -10.1581930516757986 -42.0886459793024699 -15.0103171726211251
vn 0.2580777068202861 -0.9657479940508124 -0.0269575449404166
v -9.8420633285953159 -41.9253197735857910 -15.1763787787533619
vn -0.6239085417310070 -0.0608945684731010 -0.7791212890722236
v -29.2039932702431813 -42.8853168478085678 -15.9900053547009477
vn -0.1193952914502662 -0.2873166792851444 -0.9503651351896615
v -29.4077033138881596 -41.3123851041269816 -15.9940555104126361
vn -0.2443180052847549 -0.9588418913586774 -0.1446752904589889
v -30.1807988727567427 -41.9247844060209900 -15.2719154234665719
vn -0.6903413343818072 -0.7222664305757991 0.0419528939078139
v -29.8972439620164714 -42.0407954462726536 -15.0188083671378507
vn -0.9441523382327008 -0.3148167749397868 -0.0972972786167998
v -29.6934744004334874 -42.3260443025325515 -15.0034636303249691
vn -0.9714678943500639 0.1519322429180533 -0.1821173352785032
v -29.6660711645332675 -42.5890379201690763 -14.9978903614362604
vn -0.7939537012681404 0.5575753169383251 -0.2423783946306824
v -29.7630775678170920 -42.8674033280111786 -15.0003164273288245
vn -0.8399831235181004 0.5247164170320020 0.1382064900859350
v -29.7570017026947156 -42.8620170481312144 59.0900615236122988
vn -0.9894930955020501 -0.0474047584058378 0.1365877111392352
v -29.6651319548019003 -42.5795031569164522 59.0851515517115047
vn -0.8910507031354313 -0.4498415297203376 0.0605907796675340
v -29.7041925441344219 -42.2970439307576669 59.0423024614413663
vn -0.5220662553538233 -0.8355399607670739 0.1712302513640423
v -29.9310185345943616 -42.0172112600399217 59.1134147037842936
vn -0.1122797740912147 -0.9861264214449623 0.1222617407784560
v -30.1971357171345574 -41.9250525882383727 59.0863637913179360
vn -0.7758367708447779 0.6153627553076326 0.1393053638068049
v -31.8233223497120861 -44.9294739816138744 59.1239494542731805
vn -0.9488788580302081 0.2993228707859585 0.1001735085126831
v -31.9309810724090077 -45.0980038103928038 59.0731382976954222
vn -0.9877143194246453 -0.1028462183504330 0.1176566129655480
v -31.9756901662779249 -45.4063385415329606 59.0605658096683470
vn -0.1841990826541680 -0.9756235107833822 0.1192873134749486
v -31.5368023605773651 -45.9247567527254503 59.1330030633925929
vn 0.0823554826524252 -0.9909824727876891 0.1056944327042954
v -8.5557229582551688 -45.9249577235077382 59.1457623201676910
vn 0.4204839757130936 -0.8194167540538252 0.3895502654913784
v -8.3285557070303806 -45.8469730223571119 59.5143253752935806
vn 0.8504395692242540 -0.5104610053111480 0.1272088878750118
v -8.1468566215276397 -45.6913807124359082 59.0824208314432653
vn 0.9679491572147255 -0.2312227755744106 0.0980329388673421
v -8.0464474194400530 -45.4814529134614673 59.0909603596365471
vn 0.9883445537448476 0.1494127780829088 0.0291695873890195
v -8.0301069202653430 -45.2612474736710695 59.0813549580037716
vn 0.8513042011241396 0.5216651674933025 0.0560946536897672
v -8.1198676202735118 -44.9879251166899436 59.0966752623567260
vn 0.1445735101744995 -0.9874399978380092 0.0637240207888397
v -9.8272259955358390 -41.9252633079213766 59.1451372827532040
vn 0.5843852551443816 -0.8056132912492960 0.0973709326868810
v -10.0998893484984951 -42.0414100916205911 59.0686872034567187
vn 0.9547174336147272 -0.2703511539127438 0.1241969223860115
v -10.3412293675754405 -42.4087287262827672 58.9610313661123655
vn 0.8323354719843429 0.5367682824248665 0.1381936071577120
v -10.2436128868020706 -42.8613397723492753 59.0853767887452648
vn -0.8074590965029343 0.2335416429160359 0.5417269685909532
v -31.7611634146870294 -45.1087025559979864 59.7153115523597933
vn -0.1637713429322973 -0.3324698537024681 0.9287856284488962
v -30.9429038556567733 -45.3151845319405098 60.0732449284880090
vn -0.1141859912924890 -0.8781694712787713 0.4645211933878959
v -31.3074986854371176 -45.8431051251717534 59.5151890900635649
vn -0.6788525212121549 -0.6307804774786495 0.3758659916455702
v -31.8496632555257797 -45.6934750242547310 59.4518788334586787
vn 0.4826932764335660 -0.1532772591185677 0.8622721627902227
v -8.8577639284535508 -45.2782881437626230 60.0683207717410781
vn 0.8949300114586414 0.1528217900896688 0.4192204373172013
v -8.0774872270322771 -45.1535013587877359 59.5412398123641609
vn 0.4635498454729631 -0.7517225274554210 0.4690786527630796
v -10.1372328706344454 -41.9005328139239879 59.6088171183413849
vn 0.9227325228762949 0.2170242274820754 0.3185359884097189
v -10.6250243451169268 -42.8562850797350876 59.8694256038866044
vn -0.1068329983215412 -0.2249595696498042 0.9684936254269331
v -29.5232515489802267 -41.1255029844968760 60.0843418616734013
vn -0.8122189751623231 0.1750355885348315 0.5564736104547374
v 13.1385482285145159 48.9965451686834967 -5.9685901561447805
vn -0.7592819470510596 0.6341441905979547 0.1461234765984463
v 13.3330432997601953 49.7308212053131982 -6.1604505854080998
vn -0.1269165407049266 0.0565877352918437 -0.9902979450195961
v 13.5423295486291142 49.0058208016247931 -6.9249067047782571
vn -0.1225855087647119 0.7746150148872396 -0.6204388541606161
v 13.9235726416530028 49.7205061498821763 -6.6269462938206765
vn -0.0841023832456906 0.9759362634189270 -0.2011844896514084
v 14.3574239026521848 49.9946011870975084 -6.1757517394096997
vn -0.9533390197061392 0.1441069503032333 0.2652883344213219
v 13.0431572486715446 49.0079191597966428 -6.1886219010067105
vn -0.9847439741017827 0.1635781121326549 -0.0593422842612566
v 13.0288210091183920 48.9944879336140531 -6.3647313599610653
vn -0.8760332227856089 0.1562857007522575 -0.4562242566065898
v 13.1104657620672942 49.0228792283517336 -6.6567147871090127
vn -0.4123563636905748 0.3847735247552278 -0.8257793676105771
v 13.3603663333779554 49.3514949703185977 -6.8666350469607389
vn 0.2424473334332722 0.1053724762171089 -0.9644251820473014
v 30.4217710317945169 48.9958330147716978 -6.9249907869893175
vn 0.8066975731705971 0.5712830575710209 -0.1512438216026520
v 30.8302181649524094 49.7181890937670801 -6.3098525415659683
vn 0.4730000241106456 0.2505887961550053 -0.8446752230490214
v 30.6671622968101865 49.0098330447788939 -6.8526369546983243
vn 0.2023995713845621 0.3879692317633266 -0.8991742260031255
v 30.4441879340469441 49.3233287738542217 -6.8876852199354479
vn 0.7655968944224496 0.1556616251444722 0.6242041762981744
v 30.8232322248412558 48.9921636630802553 -5.9293590983707762
vn 0.9121467035642061 0.0953210270955541 0.3986255046662228
v 30.9173732764541711 48.9912458128113286 -6.0714733593102190
vn 0.0903613561784983 0.8040601576037760 -0.5876411219986000
v 30.0329287076846754 49.7504785088740604 -6.5968921871714921
vn 0.0991986791985770 0.9884312141816640 -0.1147316733801932
v 29.7361220900051215 49.9944620534568998 -6.1465737394030402
vn 0.7603901439608575 0.1326843533235516 -0.6357685831733881
v 30.8508247316355408 49.0049220576725730 -6.6868130519023694
vn 0.9288250275633250 0.0945136789058700 -0.3582614027099023
v 30.9364403897256430 48.9995559927424225 -6.5324963547345360
vn 0.9966964475582231 0.0807847295794199 0.0083677291781164
v 30.9763073208987052 49.0064816962967740 -6.2991685226336607
vn 0.2416284372141732 0.1395762951717094 0.9602781660308518
v 27.8459057321218992 49.0143353108292672 -3.0762700428228116
vn 0.6211004269348054 0.1766423497418793 0.7635651510768875
v 28.1001640145183700 49.0036642344203059 -3.2063303393247700
vn 0.6183630408625732 0.0259989666548751 -0.7854624137589719
v 28.0868931577388565 48.9957579147626703 3.1931993844780227
vn 0.2179221199344850 0.8290651628069557 -0.5149377685343502
v 27.7054960180532674 49.9823665908791028 3.7737663618443964
vn 0.1065679609194058 0.0241607906676473 -0.9940118338831757
v 27.7609031904206276 48.9969737316691578 3.0750504972025827
vn 0.3623077677094295 0.2704482078542123 -0.8919589947558435
v 27.9323625798340700 49.4127858179067516 3.1151577162810371
vn 0.1946083779551893 0.1792922168023985 0.9643556813871800
v 30.4105033753212517 49.0331596800403915 6.9249949314165047
vn 0.8527502269094358 0.5056639702199560 0.1308472381340052
v 30.9660602616569918 49.5275239677145223 6.3461808871052119
vn 0.1610001067803028 0.9254036999916864 0.3430844759799372
v 30.2155176291338208 49.9675390108526614 6.3692869636362186
vn 0.1922153566161992 0.4280225838215135 0.8830911189790455
v 30.3099218837364539 49.3021168908940552 6.8861178182728233
vn 0.7857326183117334 0.1065769984446468 -0.6093156783831497
v 30.8367418200053258 49.0097874780059897 5.9429780670406540
vn 0.9488682642914511 0.0360068892992450 -0.3136120548440715
v 30.9364435091049117 49.0058827058557540 6.1175124714536553
vn 0.9978514404775650 0.0100498518202836 0.0647418196781562
v 30.9759319039275844 48.9782020327291647 6.3640965963570455
vn 0.8972348226819370 0.0515598920635585 0.4385330665951056
v 30.9042671093163470 49.0041132584093191 6.6050738015099855
vn 0.5633056657540386 0.1400545635137008 0.8142919907308349
v 30.7074542096652543 48.9924039381309413 6.8400033543784309
vn -0.5753353782050745 0.7600722377955869 0.3021248018915902
v 13.5395137352850181 49.9737478472939429 6.3016031765999525
vn -0.8198365349562360 0.2421076314652571 -0.5188949322716842
v 13.1154044013013333 49.2026921943994324 5.9921094177281811
vn -0.3023624207402155 0.2156523112502012 0.9284778118924346
v 13.5492506554206535 49.1491802279298398 6.9248911075447666
vn -0.2064865668534314 0.5708970463360358 0.7946319023257711
v 13.6435124504404683 49.5405738230000594 6.7723976965245125
vn -0.5831971297608950 0.2084701239891740 0.7851250315985298
v 13.3236800975184675 49.0123347799205078 6.8444858004689477
vn -0.8507681041491753 0.2035809415313053 0.4845084449291319
v 13.1140259354696944 49.0190130498177581 6.6502387453449865
vn -0.9803332895172880 0.1952729153749844 0.0285504813473843
v 13.0230898966158790 48.9930145968972468 6.3375115931722545
vn 0.1992110144362901 0.9050247102115350 -0.3758260842913800
v 1.8089622074617744 49.9861608900436210 11.6107790682022287
vn 0.4367546548268575 0.4177416473726622 -0.7967040150127568
v 12.0092877454305533 49.6860537265608997 11.3706489004545546
vn 0.8445211335322045 0.4842736194495711 -0.2286112782053686
v 0.7401397167391384 49.4852154149662979 9.8383028836506838
vn 0.9933762797799646 0.0912193729610822 -0.0698755519985691
v 0.8005260685311120 48.9996486921619763 9.2089182659270250
vn 0.3077342840311412 0.9429841307961289 -0.1268090670989669
v 0.0177393473987785 49.9966632005513389 9.7063339634691399
vn 0.9207911079739872 0.1022052785699301 -0.3764277042254990
v 0.8992391237511510 48.9931838580230661 9.7326447806126879
vn 0.6540236698818063 0.2462114255875079 -0.7152852390092369
v 1.4996258115906211 49.0948376896536587 10.6402919766880384
vn 0.1335265326354204 0.2609635769844836 -0.9560693889931973
v 2.5493869693005786 49.1768910042059133 11.0745945514615745
vn 0.1724289124117287 0.9820222894951013 0.0768146672147175
v 0.3890526523828954 49.9992487531382324 5.3593036876882527
vn 0.4642046052996824 0.0997184422362073 0.8800967655301036
v 1.8880618989775375 49.0386402148173914 5.5468242433457293
vn 0.6043599171331990 0.5810273156388882 0.5451204903910885
v 0.9180786833196837 49.7153247821589872 5.7923508284043494
vn 0.7776467028096021 0.2053472605536763 0.5942205888325102
v 1.2502591699636889 49.0018908377009623 6.0337582869758579
vn 0.9833876010881450 0.0891133371820364 0.1581380383158464
v 0.8119455703315045 49.0409675557797726 6.9428103669871541
vn 0.0855998981021889 0.9318158931025716 0.3526922154036741
v 8.2957861201520853 49.9845220582210956 2.3032158956652671
vn 0.1654828981647855 0.2713906450739230 0.9481363447212343
v 8.1822215304042736 49.2184867261299672 2.9288596757649161
vn -0.2758045079841845 0.7667066210752963 0.5797351382958462
v 14.9644213875905887 49.9752019884496903 2.5057328154508096
vn -0.1799237201379155 0.1399556196109933 0.9736733946611852
v 14.8067501328771005 48.9987051218650151 2.9251162686437939
vn -0.4651615912857144 0.8806029561052487 -0.0903500287284925
v 16.1182681000914449 49.9827108475223483 3.4804500588098719
vn -0.8527454394024483 0.1912885894048415 -0.4860389810929073
v 15.2356383538988744 48.9803807221294250 3.8689065188294518
vn -0.9401689613384309 0.3283843106111927 -0.0908078668410827
v 15.3354935946726147 48.9987462730469971 3.5818965396330946
vn -0.8940968267595327 0.2114210575454429 0.3948316106961304
v 15.3043270176837840 49.0002535522413254 3.3311075284843481
vn -0.6687816184118931 0.1239235858968868 0.7330580411760217
v 15.1250282130744846 49.0225923259994261 3.0512247406322692
vn 0.1840884643638740 0.1276550435768146 -0.9745848486086536
v 11.3358364557748281 49.1722620840534645 11.0800539323805420
vn 0.4848773919624480 0.8562939346750631 -0.1779174308559821
v 12.2380356351136044 49.9666669786561499 12.1239676754656944
vn 0.9129363114598530 0.2638787634599444 -0.3113122056921782
v 12.8940504052493079 49.2841186559290776 12.4454865016652754
vn 0.2694895002652094 0.9539476557993321 -0.1317546175348965
v 23.3807156435220946 49.9892034450006619 3.3847411026756573
vn 0.5412029994288301 0.4927933682391460 -0.6813618786142611
v 23.8908384853497502 49.3539094975045813 3.0086856114384202
vn 0.0968746507816605 0.0229669852442195 -0.9950315671498684
v 24.4880639318949385 49.0003566929056049 3.0749789561205159
vn 0.9722814394060146 0.1740024370613620 -0.1561792383233920
v 23.9255973111709999 48.9974001220969200 2.5698335251320130
vn 0.8105058631240399 0.2240521247393253 -0.5411847108348025
v 24.0341482064130503 49.0055314879040864 2.8260258568350674
vn 0.4790492082980149 0.1588728269183347 -0.8632909595820067
v 24.2466712438117078 48.9877204880259427 3.0153208326900338
vn 0.9034584268954173 0.3907719250491440 0.1762389669313910
v 23.8053007334494744 49.5342000497660706 -2.6783118476951500
vn 0.2700901472044112 0.6465553051423477 0.7134546585280561
v 27.8080394879180126 49.8580885993240059 -3.3867716115427173
vn 0.2166696547196480 0.9536463659180370 0.2088369447559266
v 23.4493945286215357 49.9892886111525954 -3.4638244816244570
vn 0.1275143718888473 0.1899960366425406 0.9734688444022844
v 24.4430386147192742 48.9995749026487246 -3.0748255590601401
vn 0.6045087048093875 0.2322242550056200 0.7619981110191558
v 24.2322249407386643 48.9982106902604215 -3.0011084400777972
vn 0.8291232574190055 0.0681226246827526 0.5548999297289831
v 24.0341181244849267 49.0157166960862440 -2.8366163793302408
vn 0.9834110462575956 0.1024437715924899 0.1496929783271302
v 23.9251891983209468 48.9998840085217040 -2.5590896578227063
vn -0.2893471788787635 0.9568641982970285 0.0262510207855952
v 16.2533097040245735 49.9954528831115752 -3.3391868343734248
vn -0.0559209269619622 0.9929297252320367 -0.1047063067744581
v 15.6883771298611077 49.9996616229314981 -2.0754362603174732
vn -0.1866023334021633 0.0928875600836382 -0.9780344934359811
v 14.8361636002922133 48.9969765977769995 -2.9253871348840890
vn -0.4382024149892737 0.5580985882225775 -0.7046308319407646
v 14.9664591121639958 49.6367206297207346 -2.7625080228521504
vn -0.5106397109517996 0.1310525580827002 -0.8497483819455280
v 15.0455195670849768 48.9975309420277156 -3.0114304316360889
vn -0.7479870778428043 0.0462257664255011 -0.6621015857846569
v 15.1823589878478007 49.0031718465339665 -3.1236143047775391
vn -0.9254906924506133 0.0918888060732785 -0.3674553381102412
v 15.3009640075161801 48.9459715627719731 -3.3150103030026887
vn -0.8778139485155938 0.4661094587615671 0.1103840760456941
v 15.5709099219631870 49.5081646743834085 -3.5788032837703359
vn -0.9843479244369795 0.1752655502321083 0.0184702614612408
v 15.3333273720365373 49.0004868388708203 -3.5144249099832812
vn -0.9422381261023404 0.1989013622358044 0.2694913019373564
v 15.3141384662367503 48.9947903017203430 -3.6859473226612280
vn -0.8003530665827416 0.1177432852252656 0.5878532874756789
v 15.2172945932111467 48.9992899505932513 -3.8884029687997219
vn 0.0403047565375336 0.9612741389835829 -0.2726308058929169
v 7.7550700458913573 49.9972692457825758 -2.1978174689289394
vn 0.1505836482343535 0.3689557659784223 -0.9171674915933884
v 8.1840293216310265 49.4454190530936302 -2.9266860756347861
vn 0.9704183873995338 0.1682008022719346 -0.1731953911395041
v 0.8030381675005074 48.9571066544797802 -7.0790905551280012
vn 0.2818646522663065 0.8542025959672458 -0.4369098795468150
v 1.4707835797862341 49.9846786850571760 -5.1939098990082497
vn 0.8549996943887094 0.1672185891321414 -0.4909312233336454
v 1.0265947211589697 48.9706076128536978 -6.3877771953059339
vn 0.5740382008674361 0.7952186922377341 -0.1952111048598028
v 0.4132870409294607 49.9909126545944531 -6.5382428865037729
vn 0.6470217310712619 0.2109409028747529 -0.7327119591053034
v 1.4743905100447698 49.0349307099752565 -5.8164207178667535
vn 0.4162702801572500 0.1656426786949509 -0.8940254788609584
v 1.9457254347101789 49.0797826869460891 -5.5226632156707023
vn 0.0722664133636889 0.9571362786436529 0.2804776454616805
v 2.7656703044923732 49.9980116888800552 -11.8403622124505894
vn 0.1677629786858233 0.3265492773774083 0.9301726465698464
v 2.5398865941080362 49.3811851650864639 -11.0759224481275869
vn 0.4785942841148663 0.1002491345797362 0.8722944584419831
v 1.6925275980521652 49.2252387381307202 -10.7778887462695874
vn 0.7816930293995594 0.2127535470324614 0.5862524507524434
v 1.1362706262666646 48.9845402231078637 -10.1935515952295876
vn 0.9395322265458750 0.1690779518838262 0.2978117550878764
v 0.8799997510437018 49.0044695322749106 -9.6679597529923100
vn 0.5968935494573233 0.6758896445166844 0.4323092400716735
v 0.5326923479473878 49.9549581381582755 -10.3826317677403939
vn 0.9811579305780529 0.1846191688932697 0.0569638283558161
v 0.8002150947331851 48.9994151608196518 -9.1658924488096876
vn 0.8329269165797721 0.5196535646217637 0.1902443807653928
v 12.9114087904858810 49.4745079153452352 -12.7242771734458664
vn 0.4345231742432604 0.8769460454387558 0.2053174236027928
v 12.0984553590584607 49.9844793796485760 -12.2232465165167739
vn 0.8444966094718878 0.2561985925841107 0.4703060256348061
v 12.6058541729286713 49.2470810218148287 -11.9816820583303016
vn 0.1718454468517694 0.1701023931721033 0.9703269130728256
v 11.2937244323113628 49.3213783918984561 -11.0818399984360898
vn 0.4281994904098486 0.5138406627108224 0.7433794251643294
v 12.0904270434970851 49.7494393618220911 -11.4434993301206323
vn 0.1877267872852905 -0.9216448700776798 0.3396018062305323
v 2.5393712910324258 24.3651687434595630 -11.0737549936425150
vn 0.7460315491368887 -0.5476764077271583 0.3787974130211154
v 1.5174428932615338 24.1678532794007737 -10.6474534938501932
vn 0.8555611190843638 -0.1965182021086829 -0.4789527823816058
v 1.0262351750587828 22.9773757876503701 -10.0004271669176710
vn 0.3417502026725852 -0.4150166914484534 -0.8431891512539913
v 1.0262664630166349 9.9079548443429513 -9.9998520133527542
vn 0.8729433470464559 -0.4856815836285400 0.0456433146408581
v 0.9089533858004506 9.5371423677950293 -9.7435439785292211
vn 0.7066960682682877 -0.7060506658747133 0.0455315748905938
v 0.8024079217246628 9.4997955148757605 -9.2654228547008266
vn 0.8214467573056470 -0.5060284278811121 -0.2629837544187999
v 0.8004258252842242 9.3907273785469556 -7.1683073004773732
vn 0.6825049829971931 -0.2986843271468197 -0.6670641804960394
v 0.9789438276856925 8.8325435713158154 -6.4898143708118887
vn 0.4391051972230649 -0.3212370473366941 -0.8390431366682501
v 1.3845180082850639 7.5559831608387213 -5.8926176224568509
vn 0.3582891927691172 -0.6315693704757697 -0.6875674400534789
v 1.9545807032470139 7.3333840008698790 -5.5185742518841119
vn 0.2125198601341317 -0.9767324786559961 -0.0287919118344570
v 5.5178893214396592 8.1721883137963403 -4.0342759323451709
vn 0.2239109785613710 -0.8135891228991002 -0.5365972537946518
v 8.1460723041924243 8.6141002933993942 -2.9430154823716079
vn -0.1015731703763996 -0.1681742986480698 -0.9805102224525335
v 14.8223173329064171 -49.0395702371417741 -2.9252712070996414
vn -0.5259198682909372 -0.1718114609710173 -0.8330000684368805
v 15.0639640621573783 -48.9979392291003890 -3.0192129649704347
vn -0.8618495041632601 -0.1328476342972965 -0.4894557571784753
v 15.2638374890372486 -49.0029067555908142 -3.2328292573817934
vn -0.9561271737613845 -0.2239692364159475 -0.1888348716056560
v 15.3326377059623002 -49.0004488910178964 -3.4761396694300291
vn -0.9424365939080457 -0.2039693438926342 0.2649712686594717
v 15.3147498426928212 -49.0041540223700878 -3.6861116574798687
vn -0.7652153352366395 -0.2668626797887938 0.5858581746930061
v 15.2137996170049110 -48.9975958175696746 -3.8916039680518204
vn -0.8250717735315295 -0.1164870367983123 0.5528899879537386
v 13.1295423690915598 -48.9893793379689981 -5.9772410308666633
vn -0.1231016029260255 -0.1326353085379652 -0.9834906559220997
v 13.5506514397938211 -49.0813124760147730 -6.9249570087744212
vn -0.5097120110412651 -0.0841122104763341 -0.8562235700148964
v 13.3361309110107271 -48.9931095760545929 -6.8526518430550123
vn -0.8012535622382843 -0.1581180856013167 -0.5770540702622541
v 13.1191923517801712 -48.9918140357716254 -6.6573826756453220
vn -0.9628546490900534 -0.1994946833985096 -0.1819692172357693
v 13.0299030507374436 -49.1244810896009270 -6.3867910966924502
vn -0.9636438555029373 -0.1293174006216712 0.2338108843657375
v 13.0411531428560377 -49.0038567209207443 -6.1975451728664011
vn 0.7630103896710885 -0.1387403542613871 0.6313210430148821
v 30.8580532562833838 -48.9983348379890060 -5.9644803734968654
vn 0.9799615893336677 -0.1648189913240441 0.1118480376652030
v 30.9739559704481735 -49.3580658588870946 -6.2584157121293815
vn 0.9057725287715879 -0.1633629290719193 -0.3910098202446663
v 30.9395882218996512 -49.0005195983319553 -6.5236991890125511
vn 0.7942965955007820 -0.1775784285305312 -0.5809981240042812
v 30.8560978141986020 -48.9958386126971632 -6.6797031208684174
vn 0.5451387294836646 -0.1246060270516038 -0.8290338374513737
v 30.6683178269681598 -48.9711431242675630 -6.8570872322980136
vn 0.1375876841814127 -0.0684404284200377 -0.9881222277225007
v 30.4183234533925955 -49.0331757237252006 -6.9249837549470321
vn 0.1051739254995385 -0.1348893094892922 0.9852630712558548
v 27.7606989603616654 -48.9962425106196662 -3.0750255874182248
vn 0.4872124737659877 -0.1376192466649037 0.8623716996482499
v 28.0467226486390544 -49.0058384922899251 -3.1547570819078761
vn 0.1185874130625768 -0.1616935182918691 0.9796898650111282
v 24.4616374107310826 -48.9987857070966868 -3.0748365710365655
vn 0.4052871434531296 -0.1726854358023096 0.8977316256060986
v 24.2768320327830018 -48.9982090922150704 -3.0235618364155443
vn 0.7287265907765382 -0.2042316183287965 0.6536413404689183
v 24.0625659449348213 -49.0179512466266658 -2.8731161664567177
vn 0.9632163487696909 -0.1092782870661283 0.2455046261044347
v 23.9254777877968436 -48.9948969440644149 -2.5738127239859372
vn 0.9775389161775361 -0.0940942707144937 -0.1885840278951421
v 23.9255354568733196 -49.0001871749099962 2.5977132775890142
vn 0.7112918314214730 -0.1979764849736438 -0.6744399468822760
v 24.0801605324755847 -48.9916682765458944 2.8848165540872648
vn 0.3400881406891615 -0.1383766613823673 -0.9301569524264487
v 24.3098154075804089 -49.0040231624979583 3.0413131937916087
vn 0.0741803547014046 -0.0613140737879364 -0.9953581563095273
v 24.4960187378869314 -48.9997435603262161 3.0749774384517621
vn 0.6544968173063487 -0.0811698949559092 -0.7516949941889375
v 28.0941576883877850 -49.0017420789644405 3.2005760914511452
vn 0.0491507566713174 -0.0300405431825724 -0.9983395058215081
v 27.7573430361727702 -49.0021552059263854 3.0750211492105675
vn 0.7577053825358769 -0.0493297505722420 -0.6507296896443568
v 30.8231234046247309 -48.9919579181114599 5.9292200488657301
vn 0.2087668736271053 -0.1194109458272286 0.9706479374585880
v 30.4436677561102904 -49.0810842774007057 6.9249412788480207
vn 0.6055919241929699 -0.2023889329095410 0.7696084336777980
v 30.7166304339675094 -49.0045940137126550 6.8247467413453178
vn 0.8471509012586312 -0.1335519954952213 0.5142948716407088
v 30.8998639681712284 -49.0013642461823622 6.6133120660801925
vn 0.9934184432286892 -0.1072201805884287 0.0402942865388166
v 30.9834369821089020 -48.9987325970961649 6.3463624335279487
vn 0.9458345055481456 -0.0878776313805640 -0.3125293746473070
v 30.9102486034494248 -49.0009485788228503 6.0583973209547741
vn -0.9219941098403110 -0.2387552166950833 -0.3048324259665566
v 13.0873869525432358 -49.0425200685879759 6.0233182925672697
vn -0.9514897509117467 -0.3060378058869362 0.0317508311357646
v 13.0300512957901198 -48.9947509401719827 6.4149189523178052
vn -0.8514085353268002 -0.2301805500229244 0.4712965312452627
v 13.1639470202414319 -49.2345541724178233 6.7159759126161163
vn -0.5977918149351736 -0.4309755541279279 0.6759474962899386
v 13.3150354483362960 -49.4054327343654620 6.8444269593386515
vn -0.0641130064330573 -0.1145964322604362 0.9913411018006336
v 13.5557962928065070 -49.0862582837861012 6.9249704293249623
vn -0.7901167062309612 -0.2045678393199673 -0.5778127634889152
v 15.2286819150225519 -48.9861546366531400 3.8766770601092904
vn -0.9861230888999581 -0.1473080544402167 -0.0765610255642083
v 15.3419670335154184 -49.0097479856921936 3.5616964263931017
vn -0.8870125819404099 -0.0997856268998819 0.4508342357714255
v 15.2812943970801367 -49.0000545371154601 3.2707593269733741
vn -0.6021276879842231 -0.1582268596076309 0.7825640601647135
v 15.0759939693127780 -48.9766259124240051 3.0186300588882746
vn -0.0956553080237906 -0.1393973146863870 0.9856056263562510
v 14.8030468406989222 -48.9988361845039435 2.9250912545668277
vn 0.2243763296847708 -0.8145084039654746 0.5350059088896180
v 8.1398025594748660 8.6122135099455335 2.9454040009648463
vn 0.3191782050906267 -0.8474605505550525 0.4241885060301059
v 2.0417236963852097 7.3042773181382676 5.4793924716834193
vn 0.2679294666170992 -0.9432517021410167 0.1961887543320240
v 5.3408169536150405 8.1392721766319589 4.1078521045796235
vn 0.3799724738669391 -0.3514985562331492 0.8556107082484707
v 1.3750039183824065 7.5367307887167847 5.9009868672275889
vn 0.6972082303953760 -0.3772977403087345 0.6095466336769249
v 0.8582541648059465 9.0952001997943874 6.7733750631715237
vn 0.8357227972909782 -0.5323485341365437 0.1348052086931947
v 0.7994382978440943 9.4866610558010400 7.6415928378380604
vn 0.7102743650767923 -0.7015514437782927 -0.0577572337231653
v 0.8015186716120394 9.4999999654653973 9.2329062261518597
vn 0.8687096263274129 -0.4916474523050617 -0.0602193305179399
v 0.9000550525034969 9.5214891637770975 9.7164082011201724
vn 0.3720361715341589 -0.2371266968512649 0.8974185292886558
v 1.0257620525166848 9.8882038499099085 9.9996718941748224
vn 0.8416442225113816 -0.0909083212151327 0.5323257272075607
v 1.0267492712240107 22.8745814708994111 10.0000721978788540
vn 0.8077045679840715 -0.5323312040841800 0.2534498372774212
v 1.1614636867387433 23.6481050018520556 10.2353269920168994
vn 0.4339463741481594 -0.8253894026607163 -0.3611410781662085
v 1.8049587128966444 24.2573669622640082 10.8422159465982872
vn 0.1205689214273371 -0.8225100972640930 -0.5558239605166920
v 2.6583950610566611 24.3645206694394680 11.0747785810037289
vn 0.8186986964125761 -0.5493777112937267 -0.1670825389620805
v 12.9240785073228466 24.5115039012149296 12.8190592218811119
vn 0.5742742143012423 -0.7198904080166265 -0.3898293565578996
v 12.6042564220876265 24.5018980115720382 11.9558350548782251
vn 0.4270729581942094 -0.5994893748123798 -0.6769203630164401
v 11.9296413913633490 24.4547491669184751 11.3276509718578069
vn 0.1035071457454273 -0.6314857538369815 -0.7684477948960319
v 11.1529686381991660 24.3664533680890969 11.0754439685489903
vn 0.5673113453358790 0.5900310645330402 -0.5744746994770112
v 12.9250184435843476 -23.8659576576481314 14.1339409264355442
vn 0.5568516976334885 0.2525550695648280 -0.7912851089713535
v 12.9250001890214925 -23.2313686674704734 14.4352071279197105
vn 0.5595603589399363 -0.7437965867078729 -0.3655938214805162
v 12.9250001908251111 24.3287054292955993 13.5193050828808552
vn 0.5655689666584108 -0.4501036272966185 -0.6910415824300041
v 12.9249817388540027 23.8146765102931504 14.1818246961217067
vn 0.5605530270374112 -0.1019471003379721 -0.8218193795548232
v 12.9250001898199578 22.9995466540148001 14.4997909801635974
vn 0.6011836982461318 0.0362828071594268 -0.7982867397544168
v 12.9250002067607674 -22.8795185685478373 14.4999742914621219
vn -0.4211936109861626 -0.5921326030437607 -0.6870043103773492
v 13.4344358986623913 -49.6281287166351035 -6.7218830847169730
vn -0.7382300072648745 -0.6200287757936770 0.2656704228202635
v 13.2778146698153332 -49.6967315253061201 -6.2216033181150081
vn -0.0858319326266469 -0.9852068358644351 -0.1483252166948114
v 14.4311382458139956 -49.9980195502434910 -6.1160136825371803
vn -0.3481028593087000 -0.7686747518985579 -0.5366223300746977
v 15.2253923769326800 -49.9721833999267560 -2.4510669732390888
vn -0.4710706260745248 -0.8753545103492828 0.1088436790122545
v 16.0802275971045248 -49.9905681576167780 -3.5807174322469177
vn 0.1123293439190408 -0.8960596335294503 -0.4294871961465034
v 8.2922196509646966 -49.9875499312436133 -2.3558216853842135
vn 0.1695497992281245 -0.2282549867263019 -0.9587244268382226
v 8.1765714173530810 -49.1509540639972329 -2.9289787644163563
vn 0.2124795630601681 -0.9417986057857869 -0.2605145320739478
v 1.0134630507719040 -49.9959973938248723 -5.1991544687902964
vn 0.5750183574738219 -0.3469835384057167 -0.7409158607045450
v 1.7603355310003603 -49.3458083176837476 -5.6002075930606479
vn 0.7821534862606687 0.0819310298661956 -0.6176756675435310
v 1.2886493754485846 -49.0208760256133758 -6.0128869129323128
vn 0.3235531563259874 -0.9442500185424795 -0.0608708264607800
v -0.1322118725369944 -49.9995190932741167 -7.1541782181880480
vn 0.9367987227428783 -0.2339757851482665 -0.2601220579488866
v 0.8204419833168827 -49.4584681943879474 -6.8341307997994463
vn 0.9825864860578686 -0.1301391280122356 0.1326182671303804
v 0.8055779972817316 -49.2132432267537396 -9.4357404942633547
vn 0.7412236423878751 -0.5584239340678973 0.3724919084025640
v 0.7573532773619073 -49.6171562462785047 -10.1659822828027604
vn 0.8113470549695436 -0.1510857037696175 0.5647026354717036
v 1.1798016569320580 -49.0252666171414546 -10.2766552342646698
vn 0.2004156645399144 -0.4750141401466186 0.8568518705516099
v 2.4808679727999889 -49.6831627484189227 -11.3244643240836087
vn 0.5238293778115519 -0.1229126972617004 0.8429088039600819
v 1.6985364893235386 -49.0005184161551313 -10.7500491194615506
vn 0.1903761022104636 -0.1796765651326306 0.9651286295874196
v 2.4543405532002085 -49.0368565409307990 -11.0706059678359701
vn 0.1152320322388316 -0.2475294269916064 0.9620035142967596
v 11.1235430193503451 -49.3223305034657855 -11.0762795316597007
vn 0.1707513793180794 -0.9515654106598699 0.2556701697435323
v 0.7616325261136490 -49.9958668661897363 -11.3616857812081733
vn 0.8711858072377068 -0.3911536714872099 0.2967054002704722
v 12.8265505431585947 -49.4055377541355227 -12.4066448942198981
vn 0.9958250929669434 -0.0703105870746188 0.0582134482967721
v 12.9247257670844355 -49.0996588800961788 -12.9786662831274722
vn 0.3058019207100045 -0.6697586188869812 0.6766894248594962
v 11.7368920522860609 -49.8846736252041154 -11.5703019046474740
vn 0.5443746227478877 -0.1899127337944891 0.8170614564711752
v 12.1198591251796568 -49.2210954899529654 -11.4199294653063959
vn 0.3576223991253722 -0.9266854771072117 0.1155865310596018
v 12.2961159601978558 -49.9745782150451632 -12.7602314155703684
vn 0.1340354242524264 -0.8848681783466295 -0.4461421432626484
v 30.0633780011244589 -49.8548352561818504 -6.4675095758934802
vn 0.1284704187877929 -0.9916648714928400 -0.0098048020672508
v 29.6808475239622105 -49.9990238377373473 -6.0402882578723043
vn 0.7259379103030623 -0.6680531194056797 -0.1634600258080360
v 30.8156361464518262 -49.6578373892008074 -6.2211895047228527
vn 0.2812846663914283 -0.4362442569260629 -0.8547338092950871
v 30.5446521489336220 -49.4127450940568025 -6.8537076493827875
vn 0.2861103954814445 -0.5799833542897400 0.7627320304958181
v 27.8398857024756019 -49.8516190993139574 -3.3895150235351514
vn 0.3195590199850210 -0.1774602127796281 -0.9308006798592393
v 27.9325969020548541 -49.2926525746849791 3.1099901184656642
vn 0.2575372129101803 -0.8229059241722705 -0.5064587090066059
v 27.7674871892368174 -49.9529538154382919 3.6227479542675591
vn 0.1111940212256804 -0.9884391751132736 -0.1030722404193003
v 23.3845681299482138 -49.9955055813746227 3.6300771858239482
vn 0.5416240016094720 -0.5543188333574631 -0.6319604986593417
v 23.8770873305549678 -49.4796419259939171 3.0601417384337131
vn 0.1973537708513647 -0.9737414256310912 0.1134862332649961
v 23.3816229289724724 -49.9960710572108908 -3.5500282947019914
vn 0.6706369241578032 -0.4618727142300795 0.5804478545105498
v 23.8929451494421983 -49.5049702470401343 -3.1002191100204097
vn 0.1923100516391247 -0.5692680741362847 0.7993439208549238
v 30.4793530569151621 -49.5997697322060205 6.7521149809387264
vn 0.0913834258989165 -0.9851330327801662 0.1454715683435405
v 29.7321968905828733 -49.9974442392470948 6.1292000557384094
vn 0.7793082897673824 -0.5957497135414954 0.1943215590588535
v 30.7328772206201464 -49.7415861655839819 6.3810700614475770
vn 0.7936755824662125 -0.3338299867952999 -0.5085632799496718
v 30.8704360899467964 -49.4123310638781419 6.0681352744079309
vn -0.4483182896803492 -0.8937586248029582 0.0143607704671974
v 13.4133666915862335 -49.9702612848307695 6.2928910705444920
vn 0.1700637323790126 -0.3694072090578203 -0.9135735552353907
v 11.1390327324926748 -49.4407928922155691 11.0788324292020377
vn 0.9654235634240397 -0.1737470366050310 -0.1943432799368151
v 12.9171193936765256 -49.1872196679409228 12.6986953303662489
vn 0.1172206309442745 -0.7902339630036773 0.6014894906783733
v 12.0067561561125320 -49.9999584249234488 15.9999990583130671
vn 0.6289885962871453 -0.6174006648661530 -0.4724296400137896
v 12.4931506495714260 -49.7974919142464145 12.1373547750119943
vn 0.8455847062658398 -0.1096508955082738 -0.5224587884642643
v 12.6211641953884630 -49.0046779743413694 12.0096774976302463
vn 0.6880256664289462 -0.1225736560177531 -0.7152596599735274
v 12.3158512629126324 -49.0034155990602400 11.6281597380635873
vn 0.1438630978865946 -0.9241522690322282 -0.3539011058319204
v 11.3918969603234306 -49.9921882885221720 11.7709507202274999
vn 0.4435664870778737 -0.1592699471669346 -0.8819761082199655
v 11.7518833978102410 -48.9804975020380411 11.2402221677503302
vn 0.2725195450959649 -0.1598327207108043 -0.9487816392252068
v 2.4939132168448195 -49.2246580021047606 11.0735953377102998
vn 0.1395362894938128 -0.9280074882903829 -0.3454442438242008
v 1.5784946114659952 -49.9939051767802383 11.5662155491798231
vn 0.5731443351368543 0.1178914344831632 -0.8109298248159551
v 1.6222393777051842 -49.0058787569709153 10.7236888547447968
vn 0.7575191998411400 -0.2777705415269404 -0.5907691496108012
v 1.1854307123388166 -49.3443637682720748 10.2868002691677436
vn 0.4318706152713668 -0.8932377400122001 -0.1249564383416402
v 0.2039143002177070 -49.9889324637945975 9.8274814884441390
vn 0.9628046460132517 -0.2478726040854533 -0.1075471327334819
v 0.8065751009959587 -49.3797815473781085 9.4376758897757664
vn 0.9783272639751479 -0.0755046241884128 0.1928077184374835
v 0.8042855047634200 -48.9980535727172324 7.0454808889391130
vn 0.0887078788098433 -0.9942370702115297 0.0601960169301267
v 0.0371902623121512 -49.9999251990994722 5.4260520293016752
vn 0.6384349403073404 -0.6317288151355640 0.4396811698517225
v 0.8741097820501227 -49.6183020477115164 5.8774194501377011
vn 0.7886883162425345 -0.1944055656185689 0.5832471310508436
v 1.1755244305644128 -48.8964039830066355 6.1298411147906009
vn 0.5170545180954987 -0.1214431157895112 0.8472934526740821
v 1.8702638820865847 -49.0204992173546898 5.5546262424646908
vn 0.1904230751591163 -0.2893683371100972 0.9380858265239288
v 8.1800059349187340 -49.4276363039485815 2.9263907775287521
vn 0.0672973681886538 -0.9607989598207265 0.2689543140429070
v 8.0579602560495243 -49.9983328897966430 2.1265635034583714
vn -0.1524111091396350 -0.9175647911985405 0.3672134362514600
v 15.2547053506160868 -49.9861180256100042 2.5358841659090863
vn -0.7522705596982410 -0.6568296626781936 0.0516120067169040
v 15.7795688711605475 -49.9472721462814917 3.7484587554162476
vn 0.5144573368023749 0.8474267468695508 -0.1311547075033842
v 12.9336224091181951 -24.5009894911013788 13.0230917569343223
vn 0.8405954547382777 0.2478341254486253 -0.4816404548379043
v 12.6816617722827623 -24.4999998562661645 12.0992444111193880
vn 0.4579046615766375 0.5639534604854789 -0.6872261747873392
v 12.0334084606020095 -24.4996186125685043 11.3809165942740709
vn 0.1597147793277495 0.5590281796026664 -0.8136207247080284
v 11.1231477053533716 -24.4999999860960394 11.0755893041043603
vn 0.7402514108247832 -0.5363387300504605 -0.4054239946275717
v -0.9999946129565920 7.4125627543764088 -5.8839010221131876
vn 0.4080008463023019 -0.8118837324137493 0.4175884510598024
v -0.9948466552132835 7.3216191145850864 -5.4827186179231910
vn -0.4975158912943616 -0.8640124783102235 0.0772034664623445
v 8.2076389236922083 8.9090899400982053 1.8931320111051790
vn -0.4627331673899040 -0.7819880154480974 0.4175796444905490
v 8.9909177288280890 8.7023139765868223 2.6632942814773264
vn -0.1007483914774290 -0.1665183251716214 0.9808778766985974
v 9.7394730677382970 8.6175843197095023 2.9247757041551825
vn 0.3575790408155206 -0.0530331158701251 -0.9323758459926759
v 0.8023369004136904 5.1541250993251237 7.8087086109796680
vn 0.5983991268265447 -0.0181827102617502 -0.8009918064879105
v 0.8000060480082034 0.1621308636418895 9.1478405877977931
vn 0.5535373171684075 0.2895101236722582 -0.7808843235673742
v 0.8008315072322821 -2.9022822607544114 8.6722737387238880
vn 0.7361826924236435 0.4683189162249403 -0.4885820668851573
v 0.8051415582668759 -5.7783313837690242 7.0847240175473463
vn 0.8618058711357253 0.4066673142725832 0.3031704734605892
v 1.2114335945412873 -6.7546509529747505 6.1022068405200045
vn 0.3902992641269153 0.9204347881748802 -0.0215936365499560
v 1.9209515064184446 -7.3201041036693200 5.5298373764141093
vn 0.1857922956949502 0.9132876875641948 0.3624732026013042
v 8.1465802990561063 -8.6291710482919175 2.9432308867140424
vn -0.0674141311730881 0.2510518876897806 0.9656232622537504
v 9.8240712057074351 -8.6172856962423374 2.9248404533769770
vn -0.3466829333090479 0.7891016791304506 0.5070793663182694
v 9.1085325328136495 -8.6806079995915066 2.7332254919584011
vn -0.8171041766855730 0.4772303197818051 0.3234068433474280
v 8.1480855786754773 -8.9202561156845643 1.8737521346057979
vn -0.5555186566866164 0.8312679582128577 -0.0198142302834029
v 7.9971598995751210 -9.1021946701046303 0.3659634961364716
vn -0.7927667775818281 0.6057196902026183 -0.0680036268398116
v 8.0019960819440978 -9.0339074907539416 -1.1452878594115832
vn -0.6229998235952625 0.7452537510996846 -0.2376301038844222
v 8.3054353891667390 -8.8758081325293148 -2.0296350695170817
vn -0.4577295827321539 0.7808235372585646 -0.4252037543988426
v 8.9909177288280890 -8.7023139765868205 -2.6632942814773273
vn -0.1389855850515231 0.2016033161994239 -0.9695561407392977
v 9.6997824657373570 -8.6177910147124273 -2.9241722722228891
vn 0.1890271441893033 0.9104912129330340 -0.3677968052218082
v 8.1486893228814612 -8.6152936934855671 -2.9414399306482060
vn 0.3612864377432352 0.8285206579409296 -0.4278149474573471
v 5.0061989575331243 -8.0718438593837867 -4.2474163213789291
vn 0.5246280811676505 0.8107289258997948 -0.2597767987325164
v 1.8975198970279410 -7.2183112811534755 -5.5439704681104907
vn 0.6998330148137331 0.7139769066017355 0.0216962719410061
v 1.3049184831908627 -6.8726502780513927 -5.9736145737710524
vn 0.8481162441315147 0.4239584169860131 0.3177390393183795
v 0.8090009306153946 -5.9683340219484489 -6.8921138388344492
vn 0.5538007069326037 0.3022252400050715 0.7758638290994273
v 0.7998969847599114 -3.6339914110014888 -8.4043711015154319
vn 0.7070729077461346 0.0751124183720493 0.7031401195620459
v 0.8000138314894445 -0.7517329708605341 -9.0921337675050893
vn 0.4458687215505799 -0.0924864344988457 0.8903074427278153
v 0.7999998629562647 0.9399838435661754 -9.0587599597397688
vn 0.6209202886110152 -0.2780081585849798 0.7329184531388211
v 0.7999708790858905 2.9267700943130590 -8.6529177824689274
vn 0.7506391708054810 -0.1245504722344890 0.6488667159892129
v -1.0032048197581172 5.2739107280910389 -7.4970537106670525
vn -0.0654943711527410 -0.2003570936725959 -0.9775313408594005
v 9.7348495716332692 8.6177823076776239 -2.9247183336299933
vn -0.3671023509899300 -0.7922877701378405 -0.4873560845907997
v 9.0321989581856066 8.6949105316774382 -2.6866261559890989
vn -0.7820854658507822 -0.4714412310933992 -0.4075358753902595
v 8.2924887711227022 8.8748526744246448 -2.0401691932694686
vn -0.5469716258238310 -0.8371482177072527 -0.0022140761516738
v 8.0060165631973703 9.0270395851461682 -1.1627023604874962
vn -0.8944867694202868 -0.4458205367776281 0.0337263742398431
v 7.9907192905167950 9.0976338484447226 0.5080396272572993
vn 0.4841217869394422 0.7350710606460649 0.4746542227887902
v 0.7978191793673305 5.4235370356926484 -7.7166036633922790
vn 0.8683036699707752 -0.4195191044855847 -0.2646742482503658
v 0.7999897071609330 -20.4474526063378974 -9.9932731939284629
vn 0.8117996202343170 0.1036551513243666 -0.5746624976378234
v 0.8000000105328423 5.0708204975724893 -9.9999820943645563
vn 0.5940064749896530 0.6770478780285526 -0.4344680408584743
v 0.7999999964288912 5.4827980159118646 -9.7519556618793963
vn 0.7465959424594525 -0.5757872614085252 -0.3332619514777416
v -1.0000000666150146 9.5120629888857504 -9.7393893358944581
vn 0.2486825034964310 -0.1340820993566434 -0.9592596119335279
v -1.0000002081579125 9.9212612328958460 -9.9999723721897684
vn 0.4687061275611539 0.2008841111625621 -0.8602093581617527
v -1.0000000003651177 5.1834065840302657 -9.9998685517516961
vn 0.7193513038752108 0.6832690023648843 -0.1252085141686835
v -1.0000000332102728 5.4985971540369363 -9.6212051591943393
vn 0.4286547848404317 -0.2141857764522571 -0.8777126685874753
v -0.9994765266423986 -20.4058751108727172 -9.9981780220045913
vn 0.4603541640064541 -0.2398854420793052 0.8547099030433281
v -0.9995970147754690 -20.4180046235695336 9.9985925744471480
vn 0.7054365404807221 -0.4584207800783812 0.5405642198175151
v 0.8247571759763597 -20.6753465334218696 6.8518206930358732
vn 0.5806758053800966 0.5906603192265644 0.5602999164174033
v 0.8002694973105436 5.4725298704788843 9.9949150350737064
vn 0.4129233399255726 0.2183759272913735 0.8841980941646181
v -1.0000000191082943 5.2174178767882617 9.9997587741149232
vn 0.6208278066260106 -0.7802829643452004 -0.0757055484928520
v -0.9968374704475436 7.2286070219642138 5.6431264403370163
vn 0.5418337508592710 -0.7283845129812475 0.4193711812688663
v -0.9902414876810774 9.3096761190844521 6.7854576625606464
vn 0.5468536256947980 -0.4659135833363154 0.6956117055708364
v -0.9992230166098036 9.5763944544088080 9.9884387218157986
vn 0.7712977419298934 0.0276477161913301 -0.6358737273101093
v -1.0051037475341489 5.2600056835768694 7.5556827717907957
vn 0.5238610731896637 -0.7262396891687228 0.4451353612921476
v 12.3673683436701545 24.5006926679108830 -11.6617158739271432
vn 0.3298897148936113 -0.7919843721570889 0.5137446158027873
v 11.7041692344348380 24.4211775605503902 -11.2210169857515414
vn 0.0823568695687530 -0.3354939875692053 0.9384354694595411
v 11.0830105513610313 24.3652941779148691 -11.0751573433248289
vn 0.8590892396165252 -0.4456675134185109 0.2516866024611996
v 12.9132619117801308 24.5222738414802954 -12.6353667546606481
vn 0.7135204840644721 -0.1328061783793274 0.6879324369476115
v 12.9250011018901851 23.0300390248086870 -14.4996206531324212
vn 0.5607767426118647 -0.4154218263739543 0.7162081758244279
v 12.9250001879966536 23.7077137229502419 -14.2279411887208109
vn 0.5639922088786463 -0.6896789103000694 0.4541539265617928
v 12.9250270622862633 24.2546952071048345 -13.6869695449755113
vn 0.6071082937469605 0.1494192734239251 0.7804443608567624
v 12.9250014813849621 -23.0359371621618010 -14.4997600503504529
vn 0.7123226153055767 0.6416446771799960 0.2844092121764032
v 12.9253716801998113 -24.3214755343439748 -13.5613896749531868
vn 0.5612846682800376 0.5374185824055078 0.6293971627192345
v 12.9250010250870915 -23.8656702851493421 -14.1105501045676025
vn 0.5685059203775505 0.7125122585177656 0.4112508966039918
v 1.1816961183497690 -24.5000000001685763 -10.2752158668039399
vn 0.5076325534394849 0.5577335694241168 0.6566905330716613
v 1.6074438921028964 -24.4999999994449524 -10.6829548136840256
vn 0.1515061811799751 0.7158397523930925 0.6816299039493913
v 2.3718823748708764 -24.4999451396020120 -11.0713561370744760
vn 0.5269272551189345 0.8232966409284519 -0.2110220577303544
v -0.9996937474403658 -24.2618665549876056 -7.6164296647923262
vn 0.6964399316142550 0.6951204694669633 0.1782665268107292
v 0.8169803140705304 -24.5011962746889687 -9.5086298389649517
vn 0.5719232115258062 0.8006222814899151 0.1786275524657134
v 12.8803231291975067 -24.5049763179056406 -12.5813937049119495
vn 0.6903202685939617 0.3271857558925507 0.6452963721495580
v 12.3059777910048709 -24.5009226423122541 -11.5825982064060078
vn 0.2142035446770551 0.5629708334324174 0.7982359814943162
v 11.2639254416932300 -24.5000000855783178 -11.0779838914709110
vn 0.7113004601082835 0.6806481019694748 -0.1754132741131516
v -0.9958120050630328 -23.2738507736383546 -9.8880636531903470
vn 0.1476397138099888 0.9837353780153928 -0.1023094372334093
v -0.9999946639347347 -24.4975690852589025 -11.4292563069164270
vn -0.4531603494256304 -0.8780252110846363 -0.1540046311258863
v -0.0000074115821060 24.4949227249021924 13.0256064092852171
vn -0.7200117037742663 -0.5114194139175988 -0.4690771039991806
v 0.0001068327598829 24.0099350216823701 14.0189844424749630
vn -0.7134745373010579 -0.1909405947519717 -0.6741630173027920
v -0.0000000095859502 23.0267031907540733 14.4981836257966865
vn -0.8108664966709432 -0.1704798514872261 0.5598501092377178
v -0.0000033972770836 23.2089201184246292 10.0068541327894582
vn -0.7123587247888723 -0.5219334083010958 0.4691807375802779
v 0.0000000754115140 24.1332526100733809 10.6440390029834759
vn -0.3156627982324198 -0.9174383877483844 0.2422061157314645
v -0.0000727899955821 24.4910777398872241 11.4558487666705844
vn 0.2654405786058437 0.9569148588742947 0.1177083348577472
v -0.9999968589603846 -24.4946727765611101 11.2365475173774509
vn 0.7873668048074882 0.5953011780443140 0.1602186696558759
v -1.0029675460912213 -22.6502325989067614 9.6136210630910774
vn 0.7970815123511830 0.5592368379619790 -0.2278491205474320
v 0.8225003639118038 -24.5008726664382515 9.5149730686020924
vn 0.6491263687878078 0.5589665134049973 -0.5159373937177030
v 1.1413664204652998 -24.4999999998626095 10.2010316965967167
vn 0.3816783137081055 0.5624070820738274 -0.7334984245914508
v 1.7776335350906785 -24.5000890828241928 10.8282770826996977
vn 0.0566522296097239 0.8017127476118711 -0.5950186511336190
v 2.6276088405674147 -24.4999999976390512 11.0747880318265448
vn 0.4898917633828204 0.0136254495113894 0.8716767791419497
v 1.2886200659072904 -22.2292076865264114 5.8888363456825292
vn 0.4898098421891226 0.0022257655915914 0.8718264531787263
v 1.7820722298389979 -21.7076125979058112 5.5911713966505481
vn 0.6817489051857413 0.0155864141866063 0.7314201897478951
v 1.4157284302020521 -24.1530977879759625 5.8744442404740287
vn 0.7122446409902783 0.6677133766245232 0.2164865308912014
v 0.7992051026561839 -24.4391345415767383 7.2019082782470933
vn 0.7039229638942820 0.2319506746996232 0.6713354939288396
v 1.0012765670678450 -23.8505074756594553 6.4340033326756565
vn 0.7126417973831515 -0.0636647410732419 -0.6986332867582165
v 1.2989847956679175 -20.7512264961363222 -5.9748481543293250
vn 0.4177061698541108 -0.0038116159476208 -0.9085741726736880
v 1.8799388400667656 -23.1734553879577483 -5.5502567685259034
vn 0.6579134691721251 -0.5930363578650505 -0.4641742618155975
v 0.8039511785031381 -20.6576212917050945 -7.0176745433888943
vn 0.9007950818173889 0.1111084125318447 -0.4197894010551685
v 0.9178011920723811 -24.2707464553949386 -6.5717132834784877
vn 0.5613711264620002 0.4441861817502018 -0.6982557513669054
v 0.8200303409948561 -23.8294350503066781 -6.4809482677189365
vn 0.3622384001071184 -0.0485810622970155 -0.9308185762402514
v 0.9971698637952410 -22.1051737943225604 -5.8532475126762211
vn 0.6686568735728410 0.0939301062137461 -0.7376144796372072
v 1.4354227084147013 -24.0624806212729148 -5.8597843531161438
vn 0.7932827102600666 0.5556696936458507 -0.2488648893796990
v 0.7985358444404932 -24.4601277755850361 -7.4239471856397863
vn -0.6705045614632821 -0.5799336740401814 -0.4627100244982688
v -40.4709560054510931 18.1250000006323972 33.8105712047877631
vn -0.8780363261578954 -0.4557110789103738 0.1462177229527568
v -40.3749064977643357 18.1250000007661143 32.7005291181953126
vn -0.4728401416851152 -0.7205640808502843 0.5071583636297295
v -40.8012829258015941 18.1250000001070219 31.8539764465922417
vn -0.1415534191085860 -0.8525429194842419 -0.5031234440730769
v -41.5395590958480838 18.1243996367583726 34.6957856952330204
vn 0.3251268312057196 -0.5703395006545797 -0.7543244644204590
v -42.7869228522698322 18.1250000042412758 34.5159928068258282
vn 0.7306927783016823 -0.5760702545004120 -0.3663756618794417
v -43.5971636449776057 18.1249999978403373 33.6388502610521201
vn 0.6795613165656806 -0.7167356377575010 0.1564814448932104
v -43.5708747539039933 18.1250000005689991 32.4851603034363876
vn -0.3454194118944222 -0.8110273184038486 -0.4721441715082099
v -40.9696993748625076 18.1250000000966445 23.3797592121579108
vn -0.6392801246412793 -0.7126059572445695 -0.2889873214142469
v -40.4872842542306373 18.1250000002502425 22.7115439710008538
vn -0.6957118677520966 -0.7182815050279286 -0.0075283865272065
v -40.3223437236005680 18.1250000000477485 21.9869716196499212
vn 0.0982563826271483 -0.7268208971651020 -0.6797625075841883
v -42.3432413769414921 18.1248930474538135 23.7150787349317334
vn 0.0197013941997663 -0.7253805354179511 0.6880660825119574
v -42.0107002797356301 18.1247123720406762 31.3389296829347082
vn 0.4673240398137259 -0.7147158893921169 0.5203743260986410
v -43.1690170180814192 18.1250000001814371 31.8630129333772913
vn 0.4463693312770923 -0.8082327845786809 -0.3840757555840161
v -43.3357133729386419 18.1250000000426041 23.0181203709473152
vn -0.5312383837235147 -0.7209355327093497 0.4450143113832562
v -40.6517076200042382 18.1250000000817373 21.0564589746956798
vn -0.3928167426848569 -0.8161605190513049 -0.4237652815042348
v -40.9255861454560730 18.1250000001003855 12.3445804365475560
vn -0.6701379078245101 -0.7421978205417895 0.0075881275428157
v -40.2758059696941402 18.1245762233668017 11.0305163607983712
vn 0.0280126477081783 -0.7371911891875264 0.6751032825817531
v -41.8684826636235528 18.1251176626595765 20.3023543534125288
vn 0.1544873134598391 -0.7334234794498481 -0.6619846446645418
v -42.2776661738074324 18.1248802523207964 12.7559348950167646
vn -0.5942848268875914 -0.5821107654437084 0.5549527919433556
v -40.9696988548736911 18.1250000007630554 9.7053482472851300
vn 0.4346481627231072 -0.8133327272553624 0.3867439067610263
v -43.1460969104454364 18.1250000001128235 20.8273446751513696
vn 0.6178522171721245 -0.7303349821327272 -0.2913236200665488
v -43.6172291727145662 18.1248692713561042 11.6161686883884503
vn 0.7346458879303385 -0.5741524462552902 0.3614476280266766
v -43.5037037080790938 18.1250000018419186 10.2716469112909898
vn 0.0634173573012078 -0.7390418719129983 0.6706678390621263
v -42.3705460880987204 18.1255052374291949 9.3082583551466769
vn 0.6839693349825319 -0.7290294221356061 -0.0264962349056894
v -43.7161690084144965 18.1249957190938602 21.9665385609757600
vn -0.5314649933358291 0.5847319697120034 -0.6128894553304600
v -40.7654066263474135 -18.1240615496146376 34.2773451171838417
vn -0.8120172081181726 0.5735340533263035 0.1081052422182628
v -40.3336321193134708 -18.1250000007673613 32.8053584781172489
vn 0.7900409705648167 0.5703542129106104 -0.2247917628475755
v -43.6301167969648702 -18.1247862992660274 33.4714811589625469
vn 0.4486285543458163 0.5757948231911003 -0.6835149901881541
v -43.0956848291066450 -18.1250000007508163 34.3267327992407729
vn 0.0309221067315784 0.8450876480724216 -0.5337327893156871
v -42.2196337905077286 -18.1250000018173125 34.6886627878707330
vn -0.5681828161145480 0.7235508960824253 -0.3919724330236259
v -40.6707138914885178 -18.1249518292890563 23.1021098249079699
vn -0.6874398386450675 0.7219969784926815 0.0784017301536258
v -40.3156528787718855 -18.1250000000539693 21.9302505095639226
vn -0.2992240848293227 0.8173915806759291 0.4922762952836144
v -41.0138237446867109 -18.1249200246063751 31.6325955256076732
vn -0.1891730589534675 0.7208556386420584 -0.6667688520050542
v -41.6808781623100160 -18.1250000002038263 23.6905174730572128
vn 0.1624370608635431 0.7208581827301722 0.6737786592412729
v -42.2761418762981691 -18.1250000001999574 31.3987531783186462
vn 0.4998772506518371 0.8180300341813148 0.2845164273958134
v -43.4274884662829237 -18.1249339212952130 32.1130716837872683
vn 0.2440087413547685 0.7206029595379524 -0.6489923796529555
v -42.7406613446843124 -18.1249999992686952 23.5488882095164840
vn 0.5908364972170675 0.7223578553144566 -0.3593206957882678
v -43.5074785286107755 -18.1249978506197031 22.8171446999487593
vn -0.3757747714906707 0.7317823311054172 0.5685841547150745
v -40.9151808489208264 -18.1249257558789765 20.6883197570617625
vn -0.3093849824410162 0.8230216604505201 -0.4763573018955845
v -40.9309768990298721 -18.1249028930937577 12.4110790922745320
vn 0.1859066198155762 0.7247489869825122 -0.6634588416598042
v -42.4451895535483033 -18.1250000002084803 12.6763274514607414
vn 0.1597907062887699 0.7235516462055299 0.6715206217660065
v -42.3208828036153619 -18.1250000002053255 20.3852443109351249
vn -0.8832011731590869 0.4689892843977046 0.0021768901078992
v -40.3168920255940719 -18.1250000006839258 11.0287415574212346
vn 0.4502690031770777 0.8081804703743252 0.3796078925463159
v -43.2126539917893595 -18.1250000000778648 20.8989595986238292
vn 0.6987155971820718 0.6190143172476313 -0.3586332239167889
v -43.4289784289021767 -18.1249999995901234 11.9319735236565752
vn -0.5262139551462058 0.5782683146208376 0.6234618109515311
v -40.7682068431917628 -18.1250000006771081 9.8806163645923331
vn -0.0778205161677732 0.8443138420883902 0.5301679953762978
v -41.7644859401337527 -18.1250000005733973 9.3888291758309439
vn 0.4494226361704993 0.4691329042720648 0.7602194500450623
v -42.8194870565557721 -18.1249999959384631 9.5667214730695243
vn 0.6547688471739795 0.7366833989825684 0.1690423805853070
v -43.6502964896532504 -18.1248669662276853 10.6122790805608336
vn 0.6917082168437134 0.7199205602984572 0.0570449788364073
v -43.6506328015343357 -18.1250000000489457 21.7375448760640175
vn 0.8212187266192411 -0.4302577614848434 -0.3748040311041544
v -30.0000000000000000 31.0000000000000000 -14.9080896400000000
vn 0.9357979666739917 -0.3057886651220814 -0.1754293528793809
v -29.9999979641248551 31.2085844367744869 -11.9339265772943541
vn 0.3852341244643905 -0.7989994037384740 0.4617300317000374
v -29.9999999570299209 28.4970265404995544 -13.4727645436292960
vn 0.7219216588824917 -0.6539012922755010 0.2263674411146204
v -30.0000000000000000 31.0000000000000000 -9.0299310699999999
vn 0.8212188033496611 -0.4302576766291135 -0.3748039603935207
v -30.0000000000000000 31.0000000000000000 -8.6249036799999992
vn 0.3905596849640228 -0.7850657915029616 0.4807648442769415
v -29.9999999018139079 28.4970266296246315 -10.3311715219665690
vn 0.7219218748985977 -0.6539010321966590 0.2263675034872214
v -30.0000000000000000 31.0000000000000000 -5.8883385700000002
vn 0.8212187770480571 -0.4302577026673550 -0.3748039881312678
v -30.0000000000000000 31.0000000000000000 -5.4833111800000003
vn 0.3941880623727954 -0.7834254815895392 0.4804792256476653
v -29.9999999702587523 28.4970264518228689 -7.1895787673692260
vn 0.7219218684134859 -0.6539010431478085 0.2263674925350133
v -30.0000000000000000 31.0000000000000000 -2.7467458200000001
vn 0.8212187748939457 -0.4302577023028299 -0.3748039932695173
v -30.0000000000000000 31.0000000000000000 -2.3417186700000001
vn 0.3941880510416988 -0.7834254927303831 0.4804792167785239
v -29.9999999840627822 28.4970264460828666 -4.0479862647018097
vn 0.7219218722781020 -0.6539010386535830 0.2263674931924751
v -30.0000000000000000 31.0000000000000000 0.3948468000000000
vn 0.8212187793100685 -0.4302577035911843 -0.3748039821145468
v -30.0000000000000000 31.0000000000000000 0.7998739499999999
vn 0.3941880676469542 -0.7834254896855408 0.4804792081201129
v -29.9999999622064273 28.4970265039174322 -0.9063936155883791
vn 0.7219218776754742 -0.6539010311686755 0.2263674976008273
v -30.0000000000000000 31.0000000000000000 3.5364394199999998
vn 0.8212187764461235 -0.4302577040912060 -0.3748039878156259
v -30.0000000000000000 31.0000000000000000 3.9414665699999998
vn 0.3941880800705651 -0.7834254855890183 0.4804792046071221
v -29.9999999501279291 28.4970265217707706 2.2351990967537811
vn 0.7219218874175344 -0.6539010171861370 0.2263675069227920
v -30.0000000000000000 31.0000000000000000 6.6780319199999996
vn 0.8212187795565079 -0.4302577109925118 -0.3748039730781996
v -30.0000000000000000 31.0000000000000000 7.0830593100000003
vn 0.3941880958772553 -0.7834254743098482 0.4804792100300003
v -29.9999999570299103 28.4970264628162830 5.3767917432905250
vn 0.7219218550563696 -0.6539010602454991 0.2263674857433864
v -30.0000000000000000 31.0000000000000000 9.8196249000000009
vn 0.8212187966696493 -0.4302576721237845 -0.3748039802017514
v -30.0000000000000000 31.0000000000000000 10.2246522899999999
vn 0.3941880005102397 -0.7834254980300066 0.4804792495937524
v -29.9999999708339118 28.4970265541072010 8.5183844228163572
vn 0.7219218414076767 -0.6539010817899696 0.2263674670363582
v -30.0000000000000000 31.0000000000000000 12.9612178799999995
vn 0.8212187532590512 -0.4302577311960034 -0.3748040075048791
v -30.0000000000000000 31.0000000000000000 13.3662443199999998
vn 0.3941879996907570 -0.7834255770590374 0.4804791214085314
v -30.0000000638927631 28.4970263340208483 11.6599768681865150
vn 0.7219218744980952 -0.6539010384316037 0.2263674867537888
v -30.0000000000000000 31.0000000000000000 16.1028099100000013
vn 0.8212187957187119 -0.4302576856584413 -0.3748039667481526
v -30.0000000000000000 31.0000000000000000 16.5078372999999985
vn 0.3941880960526599 -0.7834255017183723 0.4804791651962607
v -30.0000000098269375 28.4970265312313984 14.8015693175329659
vn 0.7219219452317489 -0.6539009300491495 0.2263675742540545
v -30.0000000000000000 31.0000000000000000 19.2444019299999987
vn 0.8212187149740674 -0.4302577795308429 -0.3748040359034704
v -30.0000000000000000 31.0000000000000000 19.6494293199999994
vn 0.3941881892665308 -0.7834253448064905 0.4804793445691553
v -29.9999999026764961 28.4970264304498713 17.9431631208162834
vn 0.8196131548301036 -0.5414009216757069 0.1874014899570973
v -30.0000000000000000 31.0000000000000000 22.3859958600000013
vn 0.3941878775981993 -0.7834255949787012 0.4804791923558137
v -30.0000000665993056 28.4970262363462012 21.0847549543531940
vn 0.8211941310736598 -0.4303145570039860 -0.3747927175394953
v -30.0000000000000000 31.0000000000000000 22.7910232499999985
vn 0.7218826638294575 -0.6539485753759579 0.2263552085246583
v -30.0000000000000000 31.0000000000000000 25.5275878899999995
vn 0.3941880535785896 -0.7834254497535760 0.4804792847712898
v -29.9999999573174456 28.4970266934702003 24.2263477371131479
vn 0.8211941163548612 -0.4303145916044769 -0.3747927100630844
v -30.0000000000000000 31.0000000000000000 25.9326152800000003
vn 0.7218827156884381 -0.6539485142355549 0.2263552197750166
v -30.0000000000000000 31.0000000000000000 28.6691799200000013
vn 0.3941883161182876 -0.7834253893508528 0.4804791678692155
v -29.9999998471731857 28.4970268434234342 27.3679398454518505
vn 0.8211940348916844 -0.4303146899592916 -0.3747927756288186
v -30.0000000000000000 31.0000000000000000 29.0742073099999985
vn 0.7218826470082337 -0.6539486020531948 0.2263551850986812
v -30.0000000000000000 31.0000000000000000 31.8107738500000004
vn 0.3941878768105254 -0.7834255959976967 0.4804791913405448
v -30.0000000674620431 28.4970262354763975 30.5095329328280727
vn 0.8211941739893893 -0.4303144933693206 -0.3747926965699699
v -30.0000000000000000 31.0000000000000000 32.2158012399999976
vn 0.7218826841659458 -0.6539485393803660 0.2263552476609616
v -30.0000000000000000 31.0000000000000000 34.9523658800000021
vn 0.3941880527671633 -0.7834253968064179 0.4804793717677575
v -29.9999999567424531 28.4970262091064299 33.6511263528103868
vn 0.3941878646460247 -0.7834258206082123 0.4804788350907419
v -29.9999999573174172 28.4970266203541378 36.7927176636542583
vn 0.8211940350905449 -0.4303146305683326 -0.3747928433822452
v -30.0000000000000000 31.0000000000000000 35.3573913600000012
vn 0.7218826185654207 -0.6539486555294720 0.2263551213123471
v -30.0000000000000000 31.0000000000000000 38.0939598100000012
vn 0.3941883270567974 -0.7834252866120335 0.4804793264116746
v -29.9999998471730116 28.4970266555088934 39.9343118340375511
vn 0.8211940735727150 -0.4303147716114603 -0.3747925971281013
v -30.0000000000000000 31.0000000000000000 38.4989852900000002
vn 0.7218828109584474 -0.6539483731132247 0.2263553236513271
v -30.0000000000000000 31.0000000000000000 41.2355499299999977
vn 0.3941880516696311 -0.7834253965274413 0.4804793731230526
v -29.9999999576051977 28.4970262060199744 43.0759043390061933
vn 0.8211941735780374 -0.4303144938826977 -0.3747926968818390
v -30.0000000000000000 31.0000000000000000 41.6405792199999993
vn 0.7218826843101526 -0.6539485391006467 0.2263552480091827
v -30.0000000000000000 31.0000000000000000 44.3771438599999968
vn 0.3941878651306344 -0.7834258201367346 0.4804788354619146
v -29.9999999567422471 28.4970266202986622 46.2174956544473119
vn 0.8211940352315429 -0.4303146308391052 -0.3747928427624256
v -30.0000000000000000 31.0000000000000000 44.7821693400000029
vn 0.7218826190873254 -0.6539486547659292 0.2263551218538138
v -30.0000000000000000 31.0000000000000000 47.5187377900000030
vn 0.3941883274738068 -0.7834252862683407 0.4804793266299509
v -29.9999998477481675 28.4970266547314992 49.3590898131150269
vn 0.8211940735546670 -0.4303147710678892 -0.3747925977917417
v -30.0000000000000000 31.0000000000000000 47.9237632800000029
vn 0.7218828109222122 -0.6539483731611515 0.2263553236284252
v -30.0000000000000000 31.0000000000000000 50.6603279099999995
vn 0.3941880539718534 -0.7834253954437221 0.4804793730013088
v -29.9999999564548574 28.4970262091988467 52.5006823234129953
vn 0.8211941740044517 -0.4303144933649031 -0.3747926965420392
v -30.0000000000000000 31.0000000000000000 51.0653572100000019
vn 0.7218826846695452 -0.6539485386411192 0.2263552481906146
v -30.0000000000000000 31.0000000000000000 53.8019218399999986
vn 0.8803434239771071 -0.3430893122002636 -0.3275441645247458
v -30.0000000000000000 31.0000000000000000 54.2069473299999984
vn 0.9404979567116547 -0.2920637549174902 -0.1736731311536091
v -29.9999992275602416 31.2086672645205994 57.1812003381702212
vn 0.4773287796349894 -0.6503959254456468 0.5908827094236826
v -30.0000000000000000 28.7500000000000000 55.8943214399999988
vn 0.4577222103968204 -0.8369593415737350 -0.2999823972534205
v -30.0000000000000000 28.7500000000000000 55.2561416599999973
vn -0.0000000194887092 -0.9433132804804021 0.3319036831210250
v -33.0000000000000000 28.7500000000000000 54.8024101299999984
vn 0.0042924884012208 -0.7257218595332541 -0.6879748230414549
v -33.0000000000000000 28.7500000000000000 54.1642303499999969
vn -0.0122191141861311 -0.9104647160974715 -0.4134062094236816
v -33.0000000000000000 31.0000000000000000 53.1150398300000006
vn -0.0024003765429223 -0.7550461717819570 0.6556672301326821
v -33.0000000000000000 31.0000000000000000 49.5684204100000017
vn 0.0033573862474697 -0.9046937045678635 -0.4260493268071910
v -33.0000000000000000 28.4970265296749616 48.1330941581762630
vn -0.0128116493618479 -0.9163951903281921 -0.4000696399178346
v -33.0000000000000000 31.0000000000000000 46.8318519600000016
vn -0.0024002567966011 -0.7550461064906199 0.6556673057585423
v -33.0000000000000000 31.0000000000000000 43.2852325400000026
vn 0.0033576287015912 -0.9046934129981932 -0.4260499440290811
v -33.0000000000000000 28.4970261162768814 41.8499074830057367
vn -0.0128117027138025 -0.9163950637820404 -0.4000699280744349
v -33.0000000000000000 31.0000000000000000 40.5486679099999989
vn -0.0024003628546268 -0.7550464301572460 0.6556669326456575
v -33.0000000000000000 31.0000000000000000 37.0020484900000000
vn 0.0033574174994506 -0.9046934676467735 -0.4260498296502308
v -33.0000000000000071 28.4970265627347814 35.5667220522422269
vn -0.0128115977787878 -0.9163949833646646 -0.4000701156377851
v -33.0000000000000000 31.0000000000000000 34.2654838600000033
vn -0.0024003130103870 -0.7550462278690619 0.6556671657770829
v -33.0000000000000000 31.0000000000000000 30.7188625299999991
vn 0.0033575520714052 -0.9046935120068910 -0.4260497343934455
v -32.9999999999999858 28.4970267528922108 29.2835380665535503
vn -0.0128116561063082 -0.9163950878243975 -0.4000698744958542
v -33.0000000000000000 31.0000000000000000 27.9822978999999989
vn -0.0024003428046399 -0.7550461973623255 0.6556672007986309
v -33.0000000000000000 31.0000000000000000 24.4356765699999983
vn 0.0033574598331254 -0.9046935220423632 -0.4260497138105521
v -32.9999999999999929 28.4970266005589963 23.0003521499051509
vn -0.0128116564958111 -0.9163951044843235 -0.4000698363223591
v -33.0000000000000000 31.0000000000000000 21.6991119400000017
vn -0.0024003207364616 -0.7550461393250688 0.6556672677133356
v -33.0000000000000000 31.0000000000000000 18.1524925199999991
vn 0.3022881633852508 -0.9001183197709671 0.3137018914349464
v -36.0000000000000000 28.7500000000000000 55.8943214399999988
vn 0.1481448954622873 -0.9733604871745666 -0.1749927197221596
v -36.0000000000000000 28.7500000000000000 55.2561416599999973
vn 0.4923967830161577 -0.8444788383817980 0.2107152097041594
v -35.9999999974773885 28.5922200137693743 52.5154787497438775
vn -0.0018969371076631 -0.8573078121775911 -0.5148006573508641
v -33.0000000000000071 28.4970261130979878 51.2746854669938514
vn 0.2978457435121770 -0.8820104608640258 0.3651649764121793
v -36.0000000000000000 28.7500000000000000 49.6111373900000032
vn 0.1781441072484945 -0.9542604063594982 -0.2401077964316078
v -36.0000000000000000 28.7500000000000000 48.9729576100000017
vn 0.3566916799112171 -0.8608419288392553 0.3629355576881723
v -36.0000000000000000 28.7500000000000000 46.4695434599999970
vn 0.1781440994626421 -0.9542604085033227 -0.2401077936879927
v -36.0000000000000000 28.7500000000000000 45.8313636800000026
vn 0.0033574172911254 -0.9046934680700177 -0.4260498287531368
v -33.0000000000000000 28.4970265625868926 44.9915000321564307
vn 0.2983714701258253 -0.9048783228311367 0.3035946091175912
v -36.0000000000000000 28.7500000000000000 40.1863594100000014
vn 0.1781441628362229 -0.9542603501813287 -0.2401079784580036
v -36.0000000000000000 28.7500000000000000 42.6897697400000027
vn 0.1781441078123235 -0.9542604053619512 -0.2401077999778345
v -36.0000000000000000 28.7500000000000000 39.5481796299999999
vn 0.2983717282358155 -0.9048782271472614 0.3035946406384701
v -36.0000000000000000 28.7500000000000000 43.3279533400000005
vn 0.3566916825391766 -0.8608419286110410 0.3629355556467217
v -36.0000000000000000 28.7500000000000000 37.0447654700000015
vn 0.1781441002673089 -0.9542604081741498 -0.2401077943992153
v -36.0000000000000000 28.7500000000000000 36.4065856900000000
vn 0.0033573823744305 -0.9046937041045312 -0.4260493278215739
v -32.9999999999999929 28.4970265272842553 38.7083161723647606
vn 0.3566919305531834 -0.8608417557139298 0.3629357219916520
v -36.0000000000000000 28.7500000000000000 33.9031753499999979
vn 0.1781441682316627 -0.9542603423200010 -0.2401080056981932
v -36.0000000000000000 28.7500000000000000 33.2649917600000009
vn 0.3566918331483442 -0.8608418342426742 0.3629356314596046
v -36.0000000000000000 28.7500000000000000 30.7615814199999988
vn 0.0033576003774480 -0.9046934042624185 -0.4260499628022299
v -33.0000000000000213 28.4970261130980056 32.4251294969938400
vn 0.1404039203251287 -0.9718409410131940 -0.1892403882048560
v -36.0000000000000000 28.7500000000000000 30.1233997299999992
vn 0.3566916126154276 -0.8608419076547456 0.3629356740734427
v -36.0000000000000000 28.7500000000000000 27.6199874899999998
vn 0.1781441172383396 -0.9542603813000161 -0.2401078886136824
v -36.0000000000000000 28.7500000000000000 26.9818077099999982
vn 0.0033574287369607 -0.9046935622956777 -0.4260496285798562
v -32.9999999999999929 28.4970261433316487 26.1419448924742177
vn 0.3566918179487359 -0.8608418335095227 0.3629356481366757
v -36.0000000000000000 28.7500000000000000 24.4783954600000015
vn 0.1781441237261686 -0.9542603823002391 -0.2401078798249590
v -36.0000000000000000 28.7500000000000000 23.8402156800000000
vn 0.3566918298399462 -0.8608418322340944 0.3629356394752080
v -36.0000000000000000 28.7500000000000000 21.3368034400000006
vn 0.1781442688315152 -0.9542603511079010 -0.2401078961340307
v -36.0000000000000000 28.7500000000000000 20.6986217500000009
vn 0.0033575596655395 -0.9046935151077921 -0.4260497277490031
v -33.0000000000000284 28.4970267505015222 19.8587600807420444
vn 0.3566917761656091 -0.8608418255568774 0.3629357080637362
v -36.0000000000000000 28.7500000000000000 18.1952114099999989
vn 0.1781441330863374 -0.9542603791246071 -0.2401078855012432
v -36.0000000000000000 28.7500000000000000 17.5570297199999992
vn 0.0033575175029476 -0.9046935012942875 -0.4260497574134978
v -33.0000000000000000 28.4970263318239319 16.7171668180755937
vn 0.3566917192612877 -0.8608418708451461 0.3629356565704941
v -36.0000000000000000 28.7500000000000000 15.0536174799999998
vn 0.1781441955073833 -0.9542603625310384 -0.2401079051367494
v -36.0000000000000000 28.7500000000000000 14.4154367400000005
vn 0.0033574809397011 -0.9046935323430895 -0.4260496917711862
v -32.9999999999999858 28.4970264464033036 13.5755745034633470
vn 0.3566918170581981 -0.8608418372449622 0.3629356401518579
v -36.0000000000000000 28.7500000000000000 11.9120254499999998
vn 0.1781442086122414 -0.9542603500901737 -0.2401079448575107
v -36.0000000000000000 28.7500000000000000 11.2738437699999992
vn 0.0033575419639578 -0.9046934950044407 -0.4260497705768779
v -32.9999999999999929 28.4970265469924300 10.4339814623732501
vn 0.3566918087318858 -0.8608418372074588 0.3629356484238807
v -36.0000000000000000 28.7500000000000000 8.7704324699999994
vn 0.1781441639743587 -0.9542603722995874 -0.2401078897090425
v -36.0000000000000000 28.7500000000000000 8.1322517399999992
vn 0.0033574916310388 -0.9046935404247762 -0.4260496745259071
v -32.9999999999999929 28.4970264617043370 7.2923890422194741
vn 0.3566917610811889 -0.8608418524097678 0.3629356591966675
v -36.0000000000000000 28.7500000000000000 5.6288399699999996
vn 0.1088003946445873 -0.9779298038316310 -0.1783697645426758
v -36.0000000000000000 28.7500000000000000 4.9906587599999996
vn 0.4869223773909782 -0.8478774351120915 0.2097866855252239
v -36.0000000385506027 28.5922202908424019 2.2499955807869982
vn 0.0033575083143032 -0.9046935174842348 -0.4260497231074347
v -33.0000000000000000 28.4970264437102685 4.1507963372287975
vn -0.0018969810880658 -0.8573079149332814 -0.5148004860676620
v -32.9999999999999929 28.4970264094981367 1.0092036973902854
vn 0.3192161473155828 -0.8767383405782331 0.3597651087211243
v -36.0000000000000000 28.7500000000000000 -0.6543454500000000
vn 0.1781441832448905 -0.9542603634505559 -0.2401079105802723
v -36.0000000000000000 28.7500000000000000 -1.2925264800000000
vn 0.0033574998940732 -0.9046935175571658 -0.4260497230189257
v -33.0000000000000000 28.4970264306233183 -2.1323888870026222
vn 0.3566917867318833 -0.8608418417590999 0.3629356592494288
v -36.0000000000000000 28.7500000000000000 -3.7959380100000000
vn 0.1781442015262044 -0.9542603583080911 -0.2401079174544330
v -36.0000000000000000 28.7500000000000000 -4.4341192200000004
vn 0.0033575207438714 -0.9046935193269833 -0.4260497190965058
v -32.9999999999999929 28.4970265001023435 -5.2739814854313760
vn 0.0946380284772977 -0.9792404054556387 -0.1792536523728501
v -36.0000000000000000 28.7500000000000000 -7.5757117300000001
vn 0.4794583083589422 -0.8477010972193498 0.2269858592923619
v -36.0000000505310780 28.5922203398417984 -10.3163750763879065
vn 0.3566918099863530 -0.8608418372883131 0.3629356469992180
v -36.0000000000000000 28.7500000000000000 -6.9375305200000001
vn 0.0033575095593282 -0.9046935168898708 -0.4260497243597235
v -33.0000000000000000 28.4970265034463814 -8.4155744791262439
vn 0.4198750896297759 -0.9063223602620627 0.0477984141723495
v -35.9510192340012082 28.5904910652415722 -13.5642801988304225
vn -0.0071938001244692 -0.8691692101945533 -0.4944624690404174
v -33.0000000000000000 28.4970262404004657 -11.5571671166680581
vn -0.0085854682364797 -0.8535969336915965 -0.5208632877516562
v -32.9999999999999929 28.4970264475775643 -14.6987594501613028
vn -0.0128116541841277 -0.9163950756173763 -0.4000699025186590
v -33.0000000000000000 31.0000000000000000 15.4159269299999995
vn -0.0024003086605789 -0.7550462478746895 0.6556671427551382
v -33.0000000000000000 31.0000000000000000 11.8693065600000001
vn -0.0128116579614160 -0.9163951153906585 -0.4000698112935057
v -33.0000000000000000 31.0000000000000000 9.1327409700000004
vn -0.0024003269079792 -0.7550462152658165 0.6556671802397166
v -33.0000000000000000 31.0000000000000000 5.5861215599999996
vn -0.0128116542747152 -0.9163951010660728 -0.4000698442232899
v -33.0000000000000000 31.0000000000000000 2.8495559699999999
vn -0.0024003246175510 -0.7550462166076234 0.6556671787029179
v -33.0000000000000000 31.0000000000000000 -0.6970639199999999
vn -0.0128116539745548 -0.9163951016940753 -0.4000698427944069
v -33.0000000000000000 31.0000000000000000 -3.4336292700000000
vn -0.0024003256875307 -0.7550462143403581 0.6556671813099140
v -33.0000000000000000 31.0000000000000000 -6.9802493999999999
vn -0.0128116678230475 -0.9163951152261253 -0.4000698113545789
v -33.0000000000000000 31.0000000000000000 -9.7168149899999996
vn -0.0114071041945142 -0.8708112885645043 0.4914850737128476
v -32.9999999999999929 31.2085846844414370 -13.0960036750942574
vn -0.0113855170696437 -0.7594538037378508 0.6504615976283051
v -33.0000000000000000 31.0000000000000000 -10.1218414299999999
vn -0.0024003195937798 -0.7550462094205304 0.6556671869977452
v -33.0000000000000000 31.0000000000000000 -3.8386566599999998
vn -0.0128116560540588 -0.9163951114104849 -0.4000698204715240
v -33.0000000000000000 31.0000000000000000 -6.5752220200000000
vn -0.0113855127985533 -0.7594537566100636 0.6504616527276426
v -33.0000000000000000 31.0000000000000000 2.4445288199999999
vn -0.0128116559384554 -0.9163951043899451 -0.4000698365563898
v -33.0000000000000000 31.0000000000000000 -0.2920367400000000
vn -0.0024003313859238 -0.7550462069730232 0.6556671897730499
v -33.0000000000000000 31.0000000000000000 8.7277135799999996
vn -0.0128116614211976 -0.9163951123019237 -0.4000698182577301
v -33.0000000000000000 31.0000000000000000 5.9911484699999997
vn -0.0024003272866485 -0.7550462312943135 0.6556671617804043
v -33.0000000000000000 31.0000000000000000 15.0108995400000005
vn -0.0128116421675395 -0.9163951079222460 -0.4000698289063372
v -33.0000000000000000 31.0000000000000000 12.2743339500000008
vn -0.0024003173369656 -0.7550462222627441 0.6556671722173079
v -33.0000000000000000 31.0000000000000000 21.2940845500000009
vn -0.0128116510667521 -0.9163950874243548 -0.4000698755735715
v -33.0000000000000000 31.0000000000000000 18.5575199099999999
vn -0.0024003413731234 -0.7550462380212731 0.6556671539822743
v -33.0000000000000000 31.0000000000000000 27.5772705100000017
vn -0.0128116586140681 -0.9163951253357682 -0.4000697884924561
v -33.0000000000000000 31.0000000000000000 24.8407039599999990
vn -0.0024002569260701 -0.7550461074045027 0.6556673047056695
v -33.0000000000000000 31.0000000000000000 33.8604545600000009
vn -0.0128116610697663 -0.9163950671662915 -0.4000699216561042
v -33.0000000000000000 31.0000000000000000 31.1238899199999999
vn -0.0024003734112415 -0.7550461743650156 0.6556672271695764
v -33.0000000000000000 31.0000000000000000 40.1436424299999999
vn -0.0128116511740331 -0.9163951906996699 -0.4000696390088989
v -33.0000000000000000 31.0000000000000000 37.4070739699999990
vn -0.0024003660802241 -0.7550464278295150 0.6556669353143940
v -33.0000000000000000 31.0000000000000000 46.4268264800000026
vn -0.0128115977378356 -0.9163949833546782 -0.4000701156619710
v -33.0000000000000000 31.0000000000000000 43.6902618399999980
vn -0.0113854874600683 -0.7594536730911687 0.6504617506845646
v -33.0000000000000000 31.0000000000000000 52.7100105299999981
vn -0.0128117009195355 -0.9163950637324410 -0.4000699282455050
v -33.0000000000000000 31.0000000000000000 49.9734458900000007
vn -0.0000008661252846 -0.8361501902740111 0.5485005554272347
v -32.9999969665815200 31.2089134309037135 56.0192936577204321
vn 0.4066773898976961 -0.7631272734098936 -0.5022452240927522
v -36.0001168477016620 31.2086299138540255 57.1814164688468978
vn 0.2561149288999365 -0.8998397278046695 -0.3531198202579385
v -36.0000000729198817 31.2085837948623315 54.0395173319665219
vn 0.2446299484597713 -0.9170705660932611 -0.3148615014922516
v -35.9999998642315049 31.2085854395808866 50.8979257177080129
vn 0.2736312727452142 -0.8988737125359475 -0.3422747076365369
v -36.0000000032967478 31.2085840990093821 47.7563332146564150
vn 0.2736319152211258 -0.8988733943031273 -0.3422750297442004
v -36.0000001195660175 31.2085837794372800 44.6147394189576900
vn 0.2736312818258770 -0.8988735397265627 -0.3422751542045772
v -35.9999999110601934 31.2085854242776044 41.4731478051130793
vn 0.2736312744253210 -0.8988737093813868 -0.3422747145778093
v -36.0000000499429049 31.2085840835124237 38.3315553020396607
vn 0.2736319157271143 -0.8988733937379206 -0.3422750308240182
v -36.0000001197482931 31.2085837793898726 35.1899614397781875
vn 0.2736315727396729 -0.8988734087746719 -0.3422752655361099
v -36.0000000499429120 31.2085845758664604 32.0483707296250984
vn 0.2736316080265716 -0.8988734954734394 -0.3422750096401332
v -36.0000000501251449 31.2085845913891973 28.9067766658843972
vn 0.2736314788452652 -0.8988735449928493 -0.3422749828674909
v -36.0000000499429404 31.2085845727560702 25.7651846383484440
vn 0.2736314419423672 -0.8988735435558485 -0.3422750161432954
v -36.0000000499429404 31.2085845729252718 22.6235926079413190
vn 0.2736317137290145 -0.8988734763074933 -0.3422749754694391
v -36.0000000034789309 31.2085846170414243 19.4819985272083294
vn 0.2736314844283476 -0.8988735210525853 -0.3422750412753850
v -35.9999999863464879 31.2085845932372337 16.3404066085477062
vn 0.2736316393344058 -0.8988734860789909 -0.3422750092825473
v -36.0000000382904588 31.2085842681055148 13.1988139878809569
vn 0.2736315590909394 -0.8988734828024685 -0.3422750820378577
v -36.0000000207935784 31.2085845870424379 10.0572216156762728
vn 0.2736314801522065 -0.8988735467252666 -0.3422749772730289
v -36.0000000324460174 31.2085846268182650 6.9156286332790842
vn 0.2655749366524920 -0.9006608260894149 -0.3439186377182217
v -36.0000000034789167 31.2085845344919832 3.7740359501943206
vn 0.2446303572170785 -0.9170704544678786 -0.3148615090320237
v -36.0000000493961494 31.2085845180747441 0.6324434011132898
vn 0.2736315725999393 -0.8988734969212354 -0.3422750341597733
v -36.0000000586913771 31.2085844995512360 -2.5091492086634206
vn 0.2736315770151940 -0.8988734983323415 -0.3422750269241916
v -36.0000000116805978 31.2085845949503842 -5.6507418947568517
vn 0.2655748068796783 -0.9006608632697650 -0.3439186405605011
v -36.0000000238798208 31.2085846649407657 -8.7923343315713183
vn 0.3646467498725541 -0.8156021749684648 -0.4492503088413993
v -36.0000000324459890 31.2085845813319800 -11.9339272782584196
vn 0.4745116063684768 -0.6583755981991042 -0.5842775942286161
v -36.0000000000000000 31.0000000000000000 -14.9080896400000000
vn 0.5386515251211430 -0.6651272669122522 -0.5171655956214646
v -0.9999618411692025 -21.4628229399168688 8.6853867609786999
vn 0.6793891494785510 0.6727968731391790 0.2928732679248052
v -1.0065420212486882 -23.7361324043120732 7.7273308309669426
vn 0.4202215477397424 -0.1876445107133548 0.8878081934823315
v -1.0174187081929182 -22.1192418493535818 6.2609947229763092
vn 0.3691007010396039 -0.8571982896961234 0.3591319599174012
v -1.0177861270097983 -20.7775764397253617 7.3901373837305977
vn 0.7403433123082201 0.1139151207401692 -0.6625066982206639
v -1.0000000014940518 7.4902855623947975 9.1801666461927525
vn 0.7416084565012813 0.5762224387940866 0.3434888619387565
v -0.9918903433516825 6.2895632540585735 7.7476546532368271
vn 0.9065262798884594 -0.1282845767900373 0.4021854935591182
v -1.0000000002773493 7.9521918739619828 6.8752852104940692
vn 0.7720733405419334 -0.6201543818218941 -0.1389651018476373
v -0.9944793310842904 8.7283838513337670 8.3685611272510432
vn 0.5417153419729100 0.5676684235665179 0.6199169695666326
v -0.9998620737449316 -24.2892810067925566 6.7401299168185345
vn 0.6035852932677569 -0.4692564640832179 0.6445798357589164
v -0.9931241067097596 -22.1684537732718283 -9.2541877395208125
vn 0.6440463055847020 -0.0415703228254485 -0.7638561805228027
v -1.0000000028723586 -22.3144995719275308 -6.8344615057504994
vn 0.4505763481665421 -0.8766945346009319 -0.1684863420985764
v -1.0040776439103891 -20.8166666331728401 -7.6225573839884930
vn 0.7414366399562363 -0.5362477275969266 0.4033733798573459
v -1.0000000167808523 8.4036865741352500 -8.7975234472897199
vn 0.7378372280272714 0.1553155286098818 0.6568662813005898
v -0.9999999991707375 7.3823551009173487 -9.1756054586661566
vn 0.7876585156459411 0.6116175192485481 -0.0742837322614091
v -0.9988818217076793 6.2434463616345566 -8.1265081356513331
vn 0.9248146046844334 0.1470035205029260 -0.3508673708427745
v -0.9999999903000275 7.0106018425967953 -6.8909692780995293
vn 0.7686484275853886 -0.4641807832047163 -0.4401315658686225
v -0.9966377153102944 8.5674998650197605 -7.2674970207569984
vn 0.5630142830379872 -0.6776307362186696 -0.4731083411090583
v -0.9997745851551368 9.3517619296657966 -6.8508625683891697
vn 0.6569347259694736 -0.4101050990765123 -0.6326535967864694
v -0.9947365310686972 -21.5650552525885892 -6.0922733746477631
vn 0.5280048261408752 0.5047391580198810 -0.6829709261259412
v -1.0000005553582092 -23.6129916997913085 -6.2678626138083784
vn -0.7198619514068791 0.6829508917221701 0.1240034290355434
v 0.0000224702783104 15.5295426886728105 0.1521641228184081
vn -0.8070939380582972 0.4481897584075414 0.3843505113931021
v 0.0000230611335692 17.2733632823169323 -2.8309353843517480
vn -0.3237760969297650 0.4049658913983873 0.8550857652076995
v -0.0000000513367619 19.0634891302355243 -4.0153772945657105
vn -0.5648711177868159 0.0824846535359150 0.8210462241684894
v -0.0000000316136137 20.6046075067595176 -4.4405186671039694
vn -0.7254558488824907 -0.2780564501894847 0.6296017962412490
v -0.0001336966870710 23.3774303944740254 -4.3047883988144928
vn -0.3373803710497358 -0.8076809494025399 0.4835555492418159
v -0.0011254484488706 26.5769091061191958 -1.9050920508414841
vn -0.9501790482950366 -0.3079367025587323 0.0483193894662716
v 0.0000000002304576 27.4975530960404342 0.9632659332489415
vn 0.7413055701922265 -0.3406003194428874 0.5783229841510542
v -6.5749998850244529 -23.1984300534163559 9.4502558407979684
vn 0.7202634702086468 0.5414961840581057 -0.4335924539628288
v -6.5749870113280799 -22.9106273692741276 8.3524677474804569
vn 0.5644774629997711 0.8153504641905629 -0.1287199064231163
v -6.5749997878129172 -23.2974112939496365 7.5949365571494987
vn 0.6105806990882479 0.2188754787152204 -0.7611075710555570
v -6.5749997768397019 -22.1214882354211895 8.7910794552702640
vn 0.8738954738095128 -0.4729193007970906 0.1124901586310455
v -6.5749997889388547 -24.0482965644555193 8.4650445334442956
vn 0.8987240621706047 -0.0333457068161458 0.4372449243987845
v -6.5749998099999996 -22.5499992399999982 9.5500001900000004
vn 0.5598232735743667 0.2209338394080958 -0.7986151394563452
v -6.5749033643320738 -20.1609025762909297 8.9447014321828977
vn 0.9066504690781161 -0.0913472301157986 -0.4118745081582537
v -6.5749998106524545 -19.2538968235935570 9.2447184537437099
vn 0.4580770749436819 -0.2136552403752525 -0.8628538877882126
v -6.5750087413367648 -18.4181073084544202 8.8042587590243162
vn 0.4477795077122986 0.0255121820272115 -0.8937799735064230
v -6.5749998292328113 -10.1425466477837851 8.8004776398589168
vn 0.4566341281304588 0.8604638433864633 0.2260248819292510
v -6.5753375463978818 -23.3402503113016166 -5.8306939905557389
vn 0.8756639028594086 -0.4299511451294358 -0.2198971169226987
v -6.5749998830178678 -24.0444815232825668 -8.5487610517993424
vn 0.6268994237585237 0.7743663482628103 -0.0857547151435484
v -6.5749998094069264 -23.7534724538369844 -4.7737935749801528
vn 0.5636614460067143 0.7745797235301399 0.2869007253068419
v -6.5749998050186864 -23.2536788365514475 -7.7409746863380962
vn 0.7142124130683594 0.4731481153487636 0.5157824056334069
v -6.5749998080407206 -22.8849884323772059 -8.3493614524352537
vn 0.9594961918130384 -0.1040028988535158 -0.2618214180053703
v -6.5749470137392354 -23.0088054149394061 -9.5474955338395304
vn 0.5670601976958930 0.1482240563882981 0.8102298200491594
v -6.5749503668461973 -22.1500692985235617 -8.7983778049157504
vn 0.4576634086559389 0.2094000071960723 -0.8641156411983942
v -6.5750002034610189 3.5119013278504179 8.8033131874010646
vn 0.4474240640994591 -0.0362132695338028 -0.8935884432860550
v -6.5749998099999996 -7.9374632800000002 8.8000001900000004
vn 0.8343338848880423 -0.0117196177559461 -0.5511348465550709
v -6.5750005503090456 -8.8349867144893448 8.9222743264756517
vn 0.7206014890240428 -0.2036061516397358 -0.6627805285543542
v -6.5750006443895490 5.4056995004755111 8.8144650588637692
vn 0.4572281908176141 -0.3047152929973012 -0.8355183850372297
v -6.5749998352233190 4.7688787743784316 9.2267425342437352
vn 0.4622861153268418 -0.2670255224463041 -0.8455701732785377
v -6.5751233091466750 7.2421300264968176 8.7746674276760039
vn 0.8905023649699357 0.2097702870882387 0.4037350178494169
v -6.5750894271411706 8.2257628121118440 9.5456014225639638
vn 0.8405056047916346 -0.4163428127675781 -0.3467116821952069
v -6.5749655517275460 7.9851210193106237 8.2483889341097054
vn 0.9343370249527808 0.3405004318822208 0.1052320278736837
v -6.5749998161312959 9.0488282970793783 8.3409174672343287
vn 0.4552857158418623 -0.8701493625597824 -0.1885603452138528
v -6.5749997768908601 8.2986077801441684 7.5728391213882800
vn 0.7078051308031840 -0.7045816082211529 -0.0507607541825516
v -6.5749998099999996 8.3000001900000004 1.8330302199999999
vn 0.7086908771481216 -0.7047487963537682 -0.0329601984966859
v -6.5749909327434359 8.5071041772583005 0.4007392579257329
vn 0.4576962391241571 0.1201118862028349 0.8809581644348382
v -6.5749997872225885 3.5194835164622558 -8.8002718767862085
vn 0.5623085398957111 -0.2578144696176173 0.7857103825304463
v -6.5745924020997650 5.3756266484671427 -8.8842234491922252
vn 0.4489273825371749 -0.0957690651396533 0.8884213478809466
v -6.5749997948661516 6.8746932769466378 -8.7997430378310124
vn 0.7190102546501623 -0.2980895732139888 0.6278270940705016
v -6.5749998116600965 7.3448319063583627 -8.7124131128310900
vn 0.8171985491076381 0.5647512513754401 -0.1150763025398605
v -6.5749998099999996 9.0500001900000004 -8.0500001900000004
vn 0.7706410428403823 -0.5928723099128315 0.2336981113071131
v -6.5750667294770295 8.2808058125598247 -7.9193053808001741
vn 0.8802466608633738 0.1091272617155856 -0.4617976361885569
v -6.5749998173141684 7.8384940916724224 -9.5496786064008976
vn 0.5546742608875638 -0.8292256050114423 0.0687121554184015
v -6.5749765912343827 8.3098043796809158 -1.8435711117834552
vn 0.8639502302914711 0.1462787544374535 -0.4818635964456552
v -6.5749989086108833 4.3678669988127421 9.2437319099458559
vn 0.7194678458822862 -0.0273076437854040 0.6939886968333077
v -6.5749998091513389 4.4790252888558060 -9.2569987273974199
vn 0.5586163266093623 0.3569822946950754 0.7486731202064760
v -6.5749998084502943 4.1020813284799891 -9.1593051188184642
vn 0.6972004331269531 0.7147463752168248 -0.0552193368485976
v -7.1251894943934193 9.0485363530359422 -8.3472995808948696
vn 0.8477537641280483 0.3780355017041154 -0.3720251535286873
v -6.8539626885940708 8.6722588048250682 -9.1680476551382970
vn 0.6241228145088152 0.0788772562796302 -0.7773346067501385
v -7.1250000000000000 7.5500001900000004 -9.5500001900000004
vn 0.0058854140301297 -0.3261902755821057 0.9452858118142703
v -7.1250000000000000 -23.5000000000000000 10.0000000000000000
vn 0.0008361554920923 -0.9237792910197131 0.3829244342257481
v -7.1250000000000000 -24.5000000000000000 9.0000000000000000
vn 0.4365593216591020 -0.1623842005220614 0.8848996158284599
v -7.1250000021942554 -22.8479274541559860 9.5496472454917125
vn 0.7202962183334313 -0.5821812564343705 0.3771449887126377
v -7.1249999748065758 -23.8994397539595518 8.8439641650165477
vn 0.1340949829422637 -0.9499435438196699 -0.2821804371409201
v -7.1250000000000000 -24.5000000000000000 -9.0000000000000000
vn 0.6706292375213077 -0.7272004743973318 -0.1464100263570948
v -7.1250000021526345 -24.0502098079034567 -8.3424829535421328
vn -0.2599145851668440 -0.2756037694464916 -0.9254658128123548
v -7.1250000000000000 -23.5000000000000000 -10.0000000000000000
vn 0.7471135494625246 -0.2736069990274383 -0.6057726919337875
v -7.1250237554184359 -23.1991898621121244 -9.5463173677938453
vn -0.1168565489759806 0.2512999608584592 0.9608292650798896
v -7.1250000000000000 8.5000000000000000 10.0000000000000000
vn 0.9112823578654154 0.1875144890959705 0.3666098479614616
v -7.1250471814886671 8.1889107590773982 9.5423764972330840
vn 0.0017470500962150 0.9221559761740340 0.3868143009539278
v -7.1249999920065239 9.5000001061576320 8.9999966848507071
vn 0.6119421558015463 0.7541897612007329 0.2381692718486954
v -7.1250000024374769 9.0493459474644133 8.3487577475198922
vn 0.2786453066546501 0.2510337222222758 -0.9270053200422128
v -7.1250000000000000 8.5000000000000000 -10.0000000000000000
vn 0.1131924305962158 0.9009404665930079 -0.4189197408942366
v -7.1250000000000000 9.5000000000000000 -9.0000000000000000
vn -0.7313065976543551 -0.6599083498788556 0.1723706181092856
v -9.5749998099999996 -24.5000000000000000 9.0000000000000000
vn -0.8194308366685267 -0.4945702598279724 -0.2897125506608408
v -9.5749998099999996 -24.5000000000000000 -9.0000000000000000
vn -0.7313065976543551 0.5885101021033561 0.3447412362185711
v -9.5749998099999996 9.1999998099999996 8.8757362400000002
vn -0.8514548989010158 0.2006898442958048 0.4845081439294767
v -9.5749998099999996 8.5000000000000000 10.0000000000000000
vn -0.6302622984452442 0.7172838118357724 0.2971083446099455
v -9.5749998099999996 9.5000000000000000 9.0000000000000000
vn -0.7313065976543551 0.1723706181092856 0.6599083498788556
v -9.5749998099999996 8.3757362400000002 9.6999998099999996
vn -0.8194308366685267 0.5545716936646837 -0.1448562753304204
v -9.5749998099999996 9.1999998099999996 -8.8757362400000002
vn -0.7345095552677554 0.6269431213219502 -0.2596883436880725
v -9.5749998099999996 9.5000000000000000 -9.0000000000000000
vn -0.6302624731310217 0.2971085791188998 -0.7172835612062476
v -9.5749998099999996 8.5000000000000000 -10.0000000000000000
vn -0.7313065976543551 0.3447412362185711 -0.5885101021033561
v -9.5749998099999996 8.3757362400000002 -9.6999998099999996
vn -0.6302624731310217 -0.2971085791188998 0.7172835612062476
v -9.5749998099999996 -23.5000000000000000 10.0000000000000000
vn -0.7313065622384730 -0.3447410208587152 0.5885102722673896
v -9.5749998099999996 -23.3757362399999984 9.6999998099999996
vn -0.7313066330702624 -0.6599082825047359 0.1723707257891718
v -9.5749998099999996 -24.2000007600000018 8.8757362400000002
vn -0.7345095956364567 -0.6269430061277101 -0.2596885076115594
v -9.5749998099999996 -24.2000007600000018 -8.8757362400000002
vn -0.6302624277897272 -0.2971083865295202 -0.7172836808198164
v -9.5749998099999996 -23.3757362399999984 -9.6999998099999996
vn -0.8514548989010158 -0.2006898442958048 -0.4845081439294767
v -9.5749998099999996 -23.5000000000000000 -10.0000000000000000
vn 0.4759631934151735 -0.8125198011260473 -0.3365569956071613
v -10.5749998099999996 -24.2000007600000018 -8.8757362400000002
vn 0.7313066330702627 -0.5885099319392093 0.3447414515783437
v -10.5749998099999996 -24.2000007600000018 8.8757362400000002
vn 0.8514548709527704 -0.2006897220564428 -0.4845082436777611
v -10.5749998099999996 -23.3757362399999984 -9.6999998099999996
vn 0.7313065976543551 0.1723706181092856 -0.6599083498788556
v -10.5749998099999996 8.3757362400000002 -9.6999998099999996
vn 0.8194308366685267 0.4945702598279724 -0.2897125506608408
v -10.5749998099999996 9.1999998099999996 -8.8757362400000002
vn 0.7313065976543551 0.6599083498788556 0.1723706181092856
v -10.5749998099999996 9.1999998099999996 8.8757362400000002
vn 0.7313065976543551 0.3447412362185711 0.5885101021033561
v -10.5749998099999996 8.3757362400000002 9.6999998099999996
vn 0.7313065622384730 -0.1723705104293576 0.6599084172529313
v -10.5749998099999996 -23.3757362399999984 9.6999998099999996
vn 0.7313065976543551 0.6599083498788556 0.1723706181092856
v -10.5749998099999996 9.5000000000000000 9.0000000000000000
vn 0.7313065976543551 0.3447412362185711 0.5885101021033561
v -10.5749998099999996 8.5000000000000000 10.0000000000000000
vn 0.5815224645069493 0.7019597103186519 -0.4111984780651773
v -10.5749998099999996 9.5000000000000000 -9.0000000000000000
vn 0.7313065976543551 0.1723706181092856 -0.6599083498788556
v -10.5749998099999996 8.5000000000000000 -10.0000000000000000
vn 0.7313065976543551 -0.1723706181092856 0.6599083498788556
v -10.5749998099999996 -23.5000000000000000 10.0000000000000000
vn 0.7313065976543551 -0.5885101021033561 0.3447412362185711
v -10.5749998099999996 -24.5000000000000000 9.0000000000000000
vn 0.8194308366685267 -0.5545716936646837 -0.1448562753304204
v -10.5749998099999996 -24.5000000000000000 -9.0000000000000000
vn 0.7313065976543551 -0.3447412362185711 -0.5885101021033561
v -10.5749998099999996 -23.5000000000000000 -10.0000000000000000
vn -0.7313065976543551 -0.6599083498788556 0.1723706181092856
v -11.5749998099999996 -24.5000000000000000 9.0000000000000000
vn -0.8194308366685267 -0.4945702598279724 -0.2897125506608408
v -11.5749998099999996 -24.5000000000000000 -9.0000000000000000
vn -0.7313065976543551 0.5885101021033561 0.3447412362185711
v -11.5749998099999996 9.1999998099999996 8.8757362400000002
vn -0.7313065976543551 0.1723706181092856 0.6599083498788556
v -11.5749998099999996 8.5000000000000000 10.0000000000000000
vn -0.7313065976543551 0.5885101021033561 0.3447412362185711
v -11.5749998099999996 9.5000000000000000 9.0000000000000000
vn -0.7313065976543551 0.1723706181092856 0.6599083498788556
v -11.5749998099999996 8.3757362400000002 9.6999998099999996
vn -0.8194308366685267 0.5545716936646837 -0.1448562753304204
v -11.5749998099999996 9.1999998099999996 -8.8757362400000002
vn -0.5815224645069493 0.7871217035395379 -0.2055992390325886
v -11.5749998099999996 9.5000000000000000 -9.0000000000000000
vn -0.7313065976543551 0.3447412362185711 -0.5885101021033561
v -11.5749998099999996 8.5000000000000000 -10.0000000000000000
vn -0.7313065976543551 0.3447412362185711 -0.5885101021033561
v -11.5749998099999996 8.3757362400000002 -9.6999998099999996
vn -0.7313065976543551 -0.3447412362185711 0.5885101021033561
v -11.5749998099999996 -23.5000000000000000 10.0000000000000000
vn -0.7313065622384730 -0.3447410208587152 0.5885102722673896
v -11.5749998099999996 -23.3757362399999984 9.6999998099999996
vn -0.7313066330702624 -0.6599082825047359 0.1723707257891718
v -11.5749998099999996 -24.2000007600000018 8.8757362400000002
vn -0.7345095956364567 -0.6269430061277101 -0.2596885076115594
v -11.5749998099999996 -24.2000007600000018 -8.8757362400000002
vn -0.6302624277897272 -0.2971083865295202 -0.7172836808198164
v -11.5749998099999996 -23.3757362399999984 -9.6999998099999996
vn -0.7313065976543551 -0.1723706181092856 -0.6599083498788556
v -11.5749998099999996 -23.5000000000000000 -10.0000000000000000
vn 0.4759631934151735 -0.8125198011260473 -0.3365569956071613
v -12.5749998099999996 -24.2000007600000018 -8.8757362400000002
vn 0.7313066330702627 -0.5885099319392093 0.3447414515783437
v -12.5749998099999996 -24.2000007600000018 8.8757362400000002
vn 0.8514548709527704 -0.2006897220564428 -0.4845082436777611
v -12.5749998099999996 -23.3757362399999984 -9.6999998099999996
vn 0.7313065976543551 0.1723706181092856 -0.6599083498788556
v -12.5749998099999996 8.3757362400000002 -9.6999998099999996
vn 0.8194308366685267 0.4945702598279724 -0.2897125506608408
v -12.5749998099999996 9.1999998099999996 -8.8757362400000002
vn 0.7313065976543551 0.6599083498788556 0.1723706181092856
v -12.5749998099999996 9.1999998099999996 8.8757362400000002
vn 0.7313065976543551 0.3447412362185711 0.5885101021033561
v -12.5749998099999996 8.3757362400000002 9.6999998099999996
vn 0.7313065622384730 -0.1723705104293576 0.6599084172529313
v -12.5749998099999996 -23.3757362399999984 9.6999998099999996
vn 0.7313065976543551 0.6599083498788556 0.1723706181092856
v -12.5749998099999996 9.5000000000000000 9.0000000000000000
vn 0.7313065976543551 0.3447412362185711 0.5885101021033561
v -12.5749998099999996 8.5000000000000000 10.0000000000000000
vn 0.5815224645069493 0.7019597103186519 -0.4111984780651773
v -12.5749998099999996 9.5000000000000000 -9.0000000000000000
vn 0.7313065976543551 0.1723706181092856 -0.6599083498788556
v -12.5749998099999996 8.5000000000000000 -10.0000000000000000
vn 0.7313065976543551 -0.1723706181092856 0.6599083498788556
v -12.5749998099999996 -23.5000000000000000 10.0000000000000000
vn 0.7313065976543551 -0.5885101021033561 0.3447412362185711
v -12.5749998099999996 -24.5000000000000000 9.0000000000000000
vn 0.8194308366685267 -0.5545716936646837 -0.1448562753304204
v -12.5749998099999996 -24.5000000000000000 -9.0000000000000000
vn 0.7313065976543551 -0.3447412362185711 -0.5885101021033561
v -12.5749998099999996 -23.5000000000000000 -10.0000000000000000
vn -0.7313065976543551 -0.6599083498788556 0.1723706181092856
v -13.5749998099999996 -24.5000000000000000 9.0000000000000000
vn -0.8194308366685267 -0.4945702598279724 -0.2897125506608408
v -13.5749998099999996 -24.5000000000000000 -9.0000000000000000
vn -0.7313065976543551 0.5885101021033561 0.3447412362185711
v -13.5749998099999996 9.1999998099999996 8.8757362400000002
vn -0.7313065976543551 0.1723706181092856 0.6599083498788556
v -13.5749998099999996 8.5000000000000000 10.0000000000000000
vn -0.7313065976543551 0.5885101021033561 0.3447412362185711
v -13.5749998099999996 9.5000000000000000 9.0000000000000000
vn -0.7313065976543551 0.1723706181092856 0.6599083498788556
v -13.5749998099999996 8.3757362400000002 9.6999998099999996
vn -0.8194308366685267 0.5545716936646837 -0.1448562753304204
v -13.5749998099999996 9.1999998099999996 -8.8757362400000002
vn -0.5815224645069493 0.7871217035395379 -0.2055992390325886
v -13.5749998099999996 9.5000000000000000 -9.0000000000000000
vn -0.7313065976543551 0.3447412362185711 -0.5885101021033561
v -13.5749998099999996 8.5000000000000000 -10.0000000000000000
vn -0.7313065976543551 0.3447412362185711 -0.5885101021033561
v -13.5749998099999996 8.3757362400000002 -9.6999998099999996
vn -0.7313065976543551 -0.3447412362185711 0.5885101021033561
v -13.5749998099999996 -23.5000000000000000 10.0000000000000000
vn -0.7313065622384730 -0.3447410208587152 0.5885102722673896
v -13.5749998099999996 -23.3757362399999984 9.6999998099999996
vn -0.7313066330702624 -0.6599082825047359 0.1723707257891718
v -13.5749998099999996 -24.2000007600000018 8.8757362400000002
vn -0.7345095956364567 -0.6269430061277101 -0.2596885076115594
v -13.5749998099999996 -24.2000007600000018 -8.8757362400000002
vn -0.6302624277897272 -0.2971083865295202 -0.7172836808198164
v -13.5749998099999996 -23.3757362399999984 -9.6999998099999996
vn -0.7313065976543551 -0.1723706181092856 -0.6599083498788556
v -13.5749998099999996 -23.5000000000000000 -10.0000000000000000
vn 0.4759631934151735 -0.8125198011260473 -0.3365569956071613
v -14.5749998099999996 -24.2000007600000018 -8.8757362400000002
vn 0.7313066330702627 -0.5885099319392093 0.3447414515783437
v -14.5749998099999996 -24.2000007600000018 8.8757362400000002
vn 0.8514548709527704 -0.2006897220564428 -0.4845082436777611
v -14.5749998099999996 -23.3757362399999984 -9.6999998099999996
vn 0.7313065976543551 0.1723706181092856 -0.6599083498788556
v -14.5749998099999996 8.3757362400000002 -9.6999998099999996
vn 0.8194308366685267 0.4945702598279724 -0.2897125506608408
v -14.5749998099999996 9.1999998099999996 -8.8757362400000002
vn 0.7313065976543551 0.6599083498788556 0.1723706181092856
v -14.5749998099999996 9.1999998099999996 8.8757362400000002
vn 0.7313065976543551 0.3447412362185711 0.5885101021033561
v -14.5749998099999996 8.3757362400000002 9.6999998099999996
vn 0.7313065622384730 -0.1723705104293576 0.6599084172529313
v -14.5749998099999996 -23.3757362399999984 9.6999998099999996
vn 0.7313065976543551 0.6599083498788556 0.1723706181092856
v -14.5749998099999996 9.5000000000000000 9.0000000000000000
vn 0.7313065976543551 0.3447412362185711 0.5885101021033561
v -14.5749998099999996 8.5000000000000000 10.0000000000000000
vn 0.5815224645069493 0.7019597103186519 -0.4111984780651773
v -14.5749998099999996 9.5000000000000000 -9.0000000000000000
vn 0.7313065976543551 0.1723706181092856 -0.6599083498788556
v -14.5749998099999996 8.5000000000000000 -10.0000000000000000
vn 0.7313065976543551 -0.1723706181092856 0.6599083498788556
v -14.5749998099999996 -23.5000000000000000 10.0000000000000000
vn 0.7313065976543551 -0.5885101021033561 0.3447412362185711
v -14.5749998099999996 -24.5000000000000000 9.0000000000000000
vn 0.8194308366685267 -0.5545716936646837 -0.1448562753304204
v -14.5749998099999996 -24.5000000000000000 -9.0000000000000000
vn 0.7313065976543551 -0.3447412362185711 -0.5885101021033561
v -14.5749998099999996 -23.5000000000000000 -10.0000000000000000
vn -0.7313065976543551 -0.6599083498788556 0.1723706181092856
v -15.5749998099999996 -24.5000000000000000 9.0000000000000000
vn -0.8194308366685267 -0.4945702598279724 -0.2897125506608408
v -15.5749998099999996 -24.5000000000000000 -9.0000000000000000
vn -0.7313065976543551 0.5885101021033561 0.3447412362185711
v -15.5749998099999996 9.1999998099999996 8.8757362400000002
vn -0.7313065976543551 0.1723706181092856 0.6599083498788556
v -15.5749998099999996 8.5000000000000000 10.0000000000000000
vn -0.7313065976543551 0.5885101021033561 0.3447412362185711
v -15.5749998099999996 9.5000000000000000 9.0000000000000000
vn -0.7313065976543551 0.1723706181092856 0.6599083498788556
v -15.5749998099999996 8.3757362400000002 9.6999998099999996
vn -0.8194308366685267 0.5545716936646837 -0.1448562753304204
v -15.5749998099999996 9.1999998099999996 -8.8757362400000002
vn -0.5815224645069493 0.7871217035395379 -0.2055992390325886
v -15.5749998099999996 9.5000000000000000 -9.0000000000000000
vn -0.7313065976543551 0.3447412362185711 -0.5885101021033561
v -15.5749998099999996 8.5000000000000000 -10.0000000000000000
vn -0.7313065976543551 0.3447412362185711 -0.5885101021033561
v -15.5749998099999996 8.3757362400000002 -9.6999998099999996
vn -0.7313065976543551 -0.3447412362185711 0.5885101021033561
v -15.5749998099999996 -23.5000000000000000 10.0000000000000000
vn -0.7313065622384730 -0.3447410208587152 0.5885102722673897
v -15.5749998099999996 -23.3757362399999984 9.6999998099999996
vn -0.7313066330702624 -0.6599082825047359 0.1723707257891718
v -15.5749998099999996 -24.2000007600000018 8.8757362400000002
vn -0.7345095956364567 -0.6269430061277101 -0.2596885076115594
v -15.5749998099999996 -24.2000007600000018 -8.8757362400000002
vn -0.6302624277897271 -0.2971083865295201 -0.7172836808198163
v -15.5749998099999996 -23.3757362399999984 -9.6999998099999996
vn -0.7313065976543551 -0.1723706181092856 -0.6599083498788556
v -15.5749998099999996 -23.5000000000000000 -10.0000000000000000
vn 0.4759631934151735 -0.8125198011260473 -0.3365569956071613
v -16.5750007600000018 -24.2000007600000018 -8.8757362400000002
vn 0.7313066330702627 -0.5885099319392093 0.3447414515783438
v -16.5750007600000018 -24.2000007600000018 8.8757362400000002
vn 0.8514548709527704 -0.2006897220564428 -0.4845082436777612
v -16.5750007600000018 -23.3757362399999984 -9.6999998099999996
vn 0.7313065976543551 0.1723706181092856 -0.6599083498788556
v -16.5750007600000018 8.3757362400000002 -9.6999998099999996
vn 0.8194308366685267 0.4945702598279724 -0.2897125506608408
v -16.5750007600000018 9.1999998099999996 -8.8757362400000002
vn 0.7313065976543551 0.6599083498788556 0.1723706181092856
v -16.5750007600000018 9.1999998099999996 8.8757362400000002
vn 0.7313065976543551 0.3447412362185711 0.5885101021033561
v -16.5750007600000018 8.3757362400000002 9.6999998099999996
vn 0.7313065622384730 -0.1723705104293576 0.6599084172529314
v -16.5750007600000018 -23.3757362399999984 9.6999998099999996
vn 0.7313065976543551 0.6599083498788556 0.1723706181092856
v -16.5750007600000018 9.5000000000000000 9.0000000000000000
vn 0.7313065976543551 0.3447412362185711 0.5885101021033561
v -16.5750007600000018 8.5000000000000000 10.0000000000000000
vn 0.5815224645069493 0.7019597103186519 -0.4111984780651773
v -16.5750007600000018 9.5000000000000000 -9.0000000000000000
vn 0.7313065976543551 0.1723706181092856 -0.6599083498788556
v -16.5750007600000018 8.5000000000000000 -10.0000000000000000
vn 0.7313065976543551 -0.1723706181092856 0.6599083498788556
v -16.5750007600000018 -23.5000000000000000 10.0000000000000000
vn 0.7313065976543551 -0.5885101021033561 0.3447412362185711
v -16.5750007600000018 -24.5000000000000000 9.0000000000000000
vn 0.8194308366685267 -0.5545716936646837 -0.1448562753304204
v -16.5750007600000018 -24.5000000000000000 -9.0000000000000000
vn 0.7313065976543551 -0.3447412362185711 -0.5885101021033561
v -16.5750007600000018 -23.5000000000000000 -10.0000000000000000
vn -0.7313065976543551 -0.6599083498788556 0.1723706181092856
v -17.5750007600000018 -24.5000000000000000 9.0000000000000000
vn -0.8194308366685267 -0.4945702598279724 -0.2897125506608408
v -17.5750007600000018 -24.5000000000000000 -9.0000000000000000
vn -0.7313065976543551 0.5885101021033561 0.3447412362185711
v -17.5750007600000018 9.1999998099999996 8.8757362400000002
vn -0.7313065976543551 0.1723706181092856 0.6599083498788556
v -17.5750007600000018 8.5000000000000000 10.0000000000000000
vn -0.7313065976543551 0.5885101021033561 0.3447412362185711
v -17.5750007600000018 9.5000000000000000 9.0000000000000000
vn -0.7313065976543551 0.1723706181092856 0.6599083498788556
v -17.5750007600000018 8.3757362400000002 9.6999998099999996
vn -0.8194308366685267 0.5545716936646837 -0.1448562753304204
v -17.5750007600000018 9.1999998099999996 -8.8757362400000002
vn -0.5815224645069493 0.7871217035395379 -0.2055992390325886
v -17.5750007600000018 9.5000000000000000 -9.0000000000000000
vn -0.7313065976543551 0.3447412362185711 -0.5885101021033561
v -17.5750007600000018 8.5000000000000000 -10.0000000000000000
vn -0.7313065976543551 0.3447412362185711 -0.5885101021033561
v -17.5750007600000018 8.3757362400000002 -9.6999998099999996
vn -0.7313065976543551 -0.3447412362185711 0.5885101021033561
v -17.5750007600000018 -23.5000000000000000 10.0000000000000000
vn -0.7313065622384730 -0.3447410208587152 0.5885102722673896
v -17.5750007600000018 -23.3757362399999984 9.6999998099999996
vn -0.7313066330702624 -0.6599082825047359 0.1723707257891718
v -17.5750007600000018 -24.2000007600000018 8.8757362400000002
vn -0.7345095956364567 -0.6269430061277101 -0.2596885076115594
v -17.5750007600000018 -24.2000007600000018 -8.8757362400000002
vn -0.6302624277897272 -0.2971083865295202 -0.7172836808198164
v -17.5750007600000018 -23.3757362399999984 -9.6999998099999996
vn -0.7313065976543551 -0.1723706181092856 -0.6599083498788556
v -17.5750007600000018 -23.5000000000000000 -10.0000000000000000
vn 0.4759631934151735 -0.8125198011260473 -0.3365569956071613
v -18.5750007600000018 -24.2000007600000018 -8.8757362400000002
vn 0.7313066330702627 -0.5885099319392093 0.3447414515783437
v -18.5750007600000018 -24.2000007600000018 8.8757362400000002
vn 0.8514548709527704 -0.2006897220564428 -0.4845082436777611
v -18.5750007600000018 -23.3757362399999984 -9.6999998099999996
vn 0.7313065976543551 0.1723706181092856 -0.6599083498788556
v -18.5750007600000018 8.3757362400000002 -9.6999998099999996
vn 0.8194308366685267 0.4945702598279724 -0.2897125506608408
v -18.5750007600000018 9.1999998099999996 -8.8757362400000002
vn 0.7313065976543551 0.6599083498788556 0.1723706181092856
v -18.5750007600000018 9.1999998099999996 8.8757362400000002
vn 0.7313065976543551 0.3447412362185711 0.5885101021033561
v -18.5750007600000018 8.3757362400000002 9.6999998099999996
vn 0.7313065622384730 -0.1723705104293576 0.6599084172529313
v -18.5750007600000018 -23.3757362399999984 9.6999998099999996
vn 0.7313065976543551 0.6599083498788556 0.1723706181092856
v -18.5750007600000018 9.5000000000000000 9.0000000000000000
vn 0.6302624731310217 0.2971085791188998 0.7172835612062476
v -18.5750007600000018 8.5000000000000000 10.0000000000000000
vn 0.5815224645069493 0.7019597103186519 -0.4111984780651773
v -18.5750007600000018 9.5000000000000000 -9.0000000000000000
vn 0.6222695079876678 0.1466703296078988 -0.7689398375955666
v -18.5750007600000018 8.5000000000000000 -10.0000000000000000
vn 0.6222695079876678 -0.1466703296078988 0.7689398375955666
v -18.5750007600000018 -23.5000000000000000 10.0000000000000000
vn 0.7313065976543551 -0.5885101021033561 0.3447412362185711
v -18.5750007600000018 -24.5000000000000000 9.0000000000000000
vn 0.8194308366685267 -0.5545716936646837 -0.1448562753304204
v -18.5750007600000018 -24.5000000000000000 -9.0000000000000000
vn 0.6302624731310217 -0.2971085791188998 -0.7172835612062476
v -18.5750007600000018 -23.5000000000000000 -10.0000000000000000
vn 0.3505700630020849 -0.8585764441552203 0.3740950687572510
v -21.0249996199999991 -24.5000000000000000 9.0000000000000000
vn -0.2350323073913923 -0.8965829231466117 -0.3753649909143832
v -21.0249996199999991 -24.5000000000000000 -9.0000000000000000
vn -0.0333207706184500 -0.3311305711636760 -0.9429964321704566
v -21.0249996199999991 -23.5000000000000000 -10.0000000000000000
vn -0.4082698081193789 0.4082609494082280 -0.8164794920672886
v -18.8750000000000000 -12.0000000000000000 -10.0000000000000000
vn 0.2672691924784324 0.8018075716822779 -0.5344827375555692
v -21.0249996199999991 -12.0000000000000000 -10.0000000000000000
vn -0.1340773922843614 0.3792281328447974 -0.9155376978242208
v -21.0249996199999991 8.5000000000000000 -10.0000000000000000
vn -0.2672612419124244 -0.5345224838248488 -0.8017837257372732
v -18.8750000000000000 -6.0000000000000000 -10.0000000000000000
vn 0.0000000000000008 -0.8320502828513495 -0.5547002134549699
v -21.0249996199999991 -6.0000000000000000 -10.0000000000000000
vn 0.0000000000000122 0.9523198046774327 -0.3051016054024241
v -21.0249996199999991 9.5000000000000000 -9.0000000000000000
vn 0.1439099930512488 0.8789475646678137 0.4546879066618211
v -21.0249996199999991 9.5000000000000000 9.0000000000000000
vn 0.1729864842273035 0.2390765975870174 0.9554674545796379
v -21.0249996199999991 8.5000000000000000 10.0000000000000000
vn -0.4082407794256096 -0.4082289110338108 0.8165100257866524
v -18.8750000000000000 -6.0000000000000000 10.0000000000000000
vn 0.0000000398787118 -0.8321174238810658 0.5545994887065232
v -21.0249996199999991 -6.0000000000000000 10.0000000000000000
vn -0.0204313535205192 -0.3249385112962399 0.9455144227720182
v -21.0249996199999991 -23.5000000000000000 10.0000000000000000
vn -0.4850620256826918 0.4850504951706319 0.7276268606747062
v -18.8750000000000000 -12.0000000000000000 10.0000000000000000
vn 0.0000000000000012 0.8320502809246804 0.5547002163449734
v -21.0249996199999991 -12.0000000000000000 10.0000000000000000
vn -0.7257660180055917 -0.3827403611299806 -0.5716410613928984
v -21.0249995401405769 -23.2573399873871232 -9.4273062912586898
vn -0.7195509635327197 -0.6559623553113643 -0.2279469220970142
v -21.0249996786228763 -24.0475013016866797 -8.4286564602522525
vn -0.3739973405824066 0.8308579973563588 -0.4120691416088664
v -21.0249994312998965 -12.0000932557295226 -9.5511986034427601
vn -0.7359991826655554 -0.6551514519534136 0.1705338034495461
v -21.0248801627698434 -24.0447823791361941 8.6184651953804803
vn -0.7178231669472336 -0.2976905885967326 0.6293728739426055
v -21.0249996636643779 -22.9312991086027331 9.5462762176927285
vn -0.2173236163563788 0.8730308326923354 0.4365634099902474
v -21.0249996199999991 -12.0000000000000000 9.5500001900000004
vn -0.8518012738009919 -0.4915358117814541 -0.1811826031586773
v -21.5750008044312303 -24.0482966700721192 -8.4650433428306577
vn -0.9338463994016123 -0.3562713702035921 0.0316482716415838
v -21.5750007600000018 -24.0499992399999982 8.0500001900000004
vn -0.8691997582075224 -0.1002183738371693 0.4841983662481916
v -21.5750007952497427 -22.8786097400653539 9.5487109334320799
vn -0.7433685901082863 -0.5222250696900227 0.4179522889369909
v -21.5750006609647649 -23.9132041037753496 8.8076672754617764
vn -0.7199257271643752 0.4423794934244967 -0.5347965324909383
v -21.5749761272990419 -22.8681971009270093 8.3942773780328288
vn -0.6112568291099505 0.7682666117568510 -0.1900828822542864
v -21.5750007986276486 -23.2978953758357896 7.6027088220927066
vn -0.7164781769421260 0.1842104682917860 -0.6728488131351712
v -21.5750007592701536 -22.1923772831224611 8.7631301849403744
vn -0.5580095715102594 0.1438868543469442 -0.8172648843851532
v -21.5750542361846520 -20.3291961394458127 8.8282185385023979
vn -0.5551239393973025 0.8295574141345170 -0.0605962751534564
v -21.5750007600000018 -23.2999992399999982 2.0908711000000002
vn -0.9045813888229323 0.3014864758611914 0.3013941204933734
v -21.5750007600000018 -12.0000000000000000 9.5500001900000004
vn -0.7344821378948021 0.0640753036520849 -0.6755962881598551
v -21.5750008054161277 -19.3369292608339691 9.2610509461771358
vn 0.0000000001577936 0.8320388822552081 -0.5547173139676675
v -21.5750007600000018 -12.0000000000000000 8.8000001900000004
vn -0.5550454567436944 0.8299997197375684 0.0550000562158047
v -21.5750007565097306 -23.3002778855751167 -0.1169390902774778
vn -0.9341625541487656 0.3527963544909808 -0.0536195364035208
v -21.5750007658601781 -23.7536704921533648 -4.8165254877227257
vn -0.8331923140330793 0.5529699461263770 -0.0038479237511179
v -21.5750222665468421 -23.4104360454234772 1.0628718111314901
vn -0.7209077864111367 0.6608315590369780 0.2087908380953340
v -21.5739345703369594 -23.3211483127089707 -5.7857037351457468
vn -0.5617664889597881 0.7705939585194310 0.3010039251822905
v -21.5750007724706556 -23.6892209488417791 -5.2423996559847472
vn -0.5629593076989972 0.8136182755785478 0.1452656859676643
v -21.5750008026918429 -23.2900782795609658 -7.6242457952835254
vn -0.7135601117712629 0.5607598772802525 0.4199765790155674
v -21.5750007613432579 -22.9795509978694632 -8.2350571734644422
vn -0.7286760065334524 -0.1836099330719590 -0.6597868367736435
v -21.5750006933921128 -23.0467745802195125 -9.5457301973578765
vn -0.6179275389096820 0.2330962950598599 0.7508872577733560
v -21.5749546900634428 -22.2534729502473212 -8.7928731223568306
vn -0.8168315475649695 0.4078463028761237 -0.4079799212374238
v -21.5750007600000018 -12.0000000000000000 -9.5500001900000004
vn 0.0000470152685218 0.8321594055552198 0.5545364925192460
v -21.5750007600000018 -12.0000000000000000 -8.8000001900000004
vn -0.1942336163062427 0.9807064890192265 -0.0220926388686613
v -8.9750003800000009 -23.2999992399999982 2.0908711000000002
vn -0.2403664939876818 0.9703664786943039 0.0247557184199265
v -8.9750003800000009 -23.2999992399999982 -0.0908712100000000
vn -0.2495046924882121 0.9403819803682075 -0.2311474408794764
v -21.5751577436454092 -23.3079403065753077 -3.8980837419131071
vn -0.2420503944843095 0.9702540757709407 -0.0043168252070198
v -8.9779418129250459 -23.4197019609468775 1.0200244494973127
vn 0.4564937969837572 0.8826957226708527 -0.1116318704220844
v -6.5751523740345252 -23.3103837526609361 -3.9775225641902168
vn -0.3798703260985879 -0.1750129168790845 -0.9083330965429076
v -21.5747836495228391 -18.4363846201034569 8.8043570785460101
vn -0.7147250473945879 -0.6841252334456230 -0.1453986643328470
v -21.5750007583261727 8.2975881812749819 7.5669535467649585
vn -0.7207140966864588 -0.5290151350354007 -0.4480113589418226
v -21.5749936015072059 7.9865619104877466 8.2680152522625665
vn -0.7201079318334642 -0.2003158267986814 -0.6643177974768489
v -21.5750341863973922 7.1835979967553394 8.7787204205401732
vn -0.5558497478282176 -0.8300219867910017 0.0457663553587683
v -21.5750007600000018 8.3000001900000004 -1.8330302199999999
vn -0.7093285831755296 -0.7038846823909243 0.0374074188580716
v -21.5749890286606849 8.5070643619370436 -0.5127435173550222
vn -0.4471644782421679 -0.8929844592612192 -0.0512121559432670
v -21.5750653784143296 8.3049363948243737 1.8865616856002345
vn 0.0000000000001272 -0.8320314404777279 -0.5547284759741086
v -21.5750007600000018 -6.0000000000000000 8.8000001900000004
vn -0.8006651566212402 -0.2677934431837317 0.5359309458880747
v -21.5750007600000018 -6.0000000000000000 9.5500001900000004
vn -0.3791653056250822 0.1690843900369803 -0.9097494930232499
v -21.5750098945426885 3.5358877032990761 8.8045009477707037
vn -0.4616123135788003 -0.2615164225395540 -0.8476574972797329
v -21.5749230257846207 5.4181110101093157 8.8126290913791490
vn -0.7133498530574764 -0.2665701462726617 -0.6481298822451009
v -21.5750007707725722 4.8608210860480474 9.1790077952629865
vn -0.9584429267495120 0.0735096512996970 0.2756510245394103
v -21.5750007478854826 7.8415170650278112 9.5486170388413374
vn -0.6034426339979532 0.6338831226321371 0.4837862899212247
v -21.5750007432718398 8.7549189050741649 9.0061274953271120
vn -0.9318670350927779 0.3571984721532717 0.0635065382363415
v -21.5750007632630165 9.0498959922751308 8.2067622541877903
vn -0.9045913455702136 -0.3015243411632537 -0.3013263500020137
v -21.5750007600000018 -6.0000000000000000 -9.5500001900000004
vn 0.0000000001424734 -0.8320491556958844 0.5547019041843698
v -21.5750007600000018 -6.0000000000000000 -8.8000001900000004
vn -0.4598544655420045 0.2370625991294404 0.8557658526811360
v -21.5746942670602877 3.5621014269995248 -8.8043972558448971
vn -0.7144349162730588 0.1844654202575803 0.6749483381260392
v -21.5750007637015990 4.2995916062562607 -9.2345744149143805
vn -0.7375957606899815 -0.6172055772587256 0.2738791142327049
v -21.5749217570064893 8.2696578625206669 -7.8686155484813796
vn -0.9058828920362368 0.0715285995334913 -0.4174444218873227
v -21.5750007671009918 7.7068585180479205 -9.5498766817233989
vn -0.6141166125879683 -0.3436515001656048 0.7104677561841976
v -21.5750007616620820 7.3455463200807589 -8.7142667964863367
vn -0.7082698243810658 -0.0668824487014479 0.7027663864520787
v -21.5750007795346548 6.8673453004374752 -8.7997559663926932
vn -0.5643248450006091 -0.2379342943385022 0.7905218155703722
v -21.5750007899216776 4.6448192505724624 -9.2412604754086320
vn -0.5627635759236449 -0.1546193627886638 0.8120283309493945
v -21.5750788901254573 5.4206404605489400 -8.8184544015605919
vn -0.8100118626529842 0.5183603507783029 -0.2741957860770985
v -21.5724262850514208 9.0380588958640491 -8.7898906753545489
vn -0.7200814736647759 0.0460813974171668 -0.6923576937514638
v -21.5750007725609407 4.4791379942733975 9.2559473142920936
vn -0.4851660467676578 -0.4849006462516610 0.7276573852635347
v -18.8750000000000000 -6.0000000000000000 -8.8000001900000004
vn -0.2181384027997640 0.4366934545393333 0.8727625473096741
v -18.8750000000000000 -12.0000000000000000 -8.8000001900000004
vn -0.2171792359457036 -0.8730702668451399 -0.4365563979888473
v -21.0249996199999991 -6.0000000000000000 -9.5500001900000004
vn -0.7276181367292519 0.2648672314404291 -0.6327852691172052
v -21.0249996555963747 7.9296144345508583 -9.5470570127622665
vn -0.8294166400957820 0.5016560067338822 -0.2457830100719724
v -21.0249995401453802 8.9273055516624442 -8.7573417920100631
vn -0.5624535513363820 0.8048866805921010 0.1892179536791397
v -21.0249994970915424 9.0510121296801227 8.2948132203184475
vn -0.2357330169132061 -0.9427936717546775 0.2357329786778497
v -21.0249996199999991 -6.0000000000000000 9.5500001900000004
vn -0.7481955699936678 0.2378342038612429 0.6193854054750881
v -21.0247540989654595 8.2173472052123593 9.5418988749814737
vn -0.2673233671927068 -0.5394317167051451 -0.7984683089298493
v -18.8750000000000000 -6.0000000000000000 8.8000001900000004
vn -0.2672662073501207 0.5384267593403518 -0.7991654392145154
v -18.8750000000000000 -12.0000000000000000 8.8000001900000004
vn -0.6013968977389319 -0.0094695569668622 -0.7988942976895254
v -18.8751569681010878 -8.6991106241624774 8.8742857580655645
vn -0.9938854742095021 -0.0787913482754552 -0.0773536527404438
v -6.5823630557900508 8.0070161358604146 -7.9725087622412438
vn 0.0998909682769531 -0.9566260513244954 -0.2736574361934951
v -5.1537900137081563 8.2483758633198452 -7.4909030381289545
vn 0.0468094436548235 0.7751879040743717 0.6299941185134261
v -4.5289588316402956 6.7637256441529292 -8.6477158931435536
vn -0.2918995860264251 0.6909751243470473 -0.6613229235488394
v -3.8091696405477671 6.7957512068739829 -7.4714663239167667
vn 0.9718817286088497 -0.1032099172981542 -0.2116450296311785
v -3.0792075525690263 7.7826348759130850 -7.3551951720877922
vn -0.6489431144672065 0.7174766497838320 -0.2531799581336770
v -6.5528905212750415 6.6940413375733590 8.3990013185675423
vn -0.6120397123536934 0.3679996276914880 -0.6999883317034181
v -6.2253824666598447 7.2288085960591228 8.9919026851542601
vn -0.2948192394354895 -0.9186243755434751 -0.2630795938799508
v -6.1991402178801964 8.1902769002925702 8.3356836871573332
vn 0.5602243588936321 0.4006727554149734 0.7249896625265714
v -3.1068155119666576 8.4555783015889379 9.9895082676093541
vn -0.8301286231381666 0.4397419182373026 0.3428024422195810
v -6.4795327216897078 -23.4403499395690957 -8.7533197520860995
vn -0.8299743741316021 0.1157966564207602 -0.5456497710497343
v -6.5126698849971918 -22.3940413473880859 -7.1161272311007346
vn -0.6460097517184392 -0.6074299840524862 0.4622772059691855
v -6.2949535613817149 -21.6352356502982488 -8.1919816617955803
vn 0.1351507509151177 0.8744356121527885 -0.4659362990002578
v -4.0595513523803843 -23.2276382573991143 -7.5240065300955470
vn 0.8723414466656424 -0.3915732201381836 0.2927299330439367
v -3.0871038711416539 -21.8841750209298596 -8.6200164255940148
vn -0.7610826445067591 0.3937383414762099 -0.5154835852693677
v -6.5556760944189474 -22.7929075233238692 8.8748676547603598
vn -0.2257959405954464 -0.3314190335001054 -0.9160663826625632
v -4.8350023122182018 -22.0927174746304651 8.7730834583379043
vn -0.3118237168810934 -0.4555483666909336 0.8338115225850998
v -5.7112991298980349 -21.8105506025693536 7.3435881410501889
vn 0.9068060990130407 0.2544478164662712 0.3360937480648792
v -3.0806111070836835 -21.0511740277387283 7.6326839902208725
vn 0.4898648274072683 0.8304234669639110 0.2653852226196580
v -3.2750000624680817 9.5000002432263795 8.9999873414683726
vn 0.3277896147069085 0.9071413520498611 -0.2639100905449548
v -3.2750001000000002 9.5000000000000000 -9.0000000000000000
vn -0.7056255547188194 0.1762811940871036 0.6863071594694198
v -7.1250000049283608 -22.7550695884694676 -9.5598231318985540
vn -0.8451208564161339 0.4398809735548531 0.3037687725143828
v -7.1242654522276290 -24.0474306451430486 -8.8470039804963250
vn -0.6410428892121519 0.7346162713474745 -0.2222677395891510
v -7.1236219724041927 -24.0645668788034044 8.6717106277528266
vn -0.4748813368021897 0.2267913000519988 -0.8503254801413924
v -7.1250000018947661 -22.9543702957520601 9.5592572510909370
vn -0.8208273988875910 -0.1674061749982502 0.5460929900739310
v -7.1251280379314714 8.1662158393469291 -9.5563981984441693
vn -0.6107042882433853 -0.7551516214220202 0.2382987641277943
v -7.1249999981415586 9.0492160988815584 -8.3780253924428703
vn -0.8489675367883570 -0.4782905546977164 -0.2247048436648849
v -7.1250000322659357 9.0422934230000145 8.6203790994104246
vn -0.7220815326836116 -0.2959107142162565 -0.6253280014274998
v -7.1250000018564998 7.9066945180434249 9.5588332856961511
vn 0.7601214140309852 -0.1597572982690408 0.6298357258693033
v -3.1166524678679233 -23.4899702300724513 9.9885402235434047
vn 0.2934335075748198 -0.6000118055780498 0.7442329002397750
v -3.1237836431554449 -17.7784226455040653 9.9694192571047378
vn 0.8979371217719528 -0.1517730484808681 0.4131269382389936
v -3.0759793548235503 -18.8868079177479800 6.6120842071004677
vn 0.9613799498908001 -0.1086403420513410 -0.2528752024753129
v -3.0750002900000002 -23.4171581300000007 -9.8000001900000004
vn 0.8967363030795718 0.4113511279445999 0.1632613006131203
v -3.1218111038487151 -23.3777068562506045 -8.4065606891730891
vn 0.5087807110731066 0.5977228850783334 0.6195720625509010
v -3.1129943493191630 2.8837706099198934 9.9728630244280136
vn 0.9157437211916476 -0.1136837079541483 0.3853432906433817
v -3.0749972142921651 -1.2814136913166105 8.8000707216330731
vn 0.7147792151489737 0.5802338643919160 -0.3904091907266540
v -3.0771488231756314 -3.3279078870115741 2.3191828147623190
vn 0.6428705391339975 -0.5201544122038144 -0.5622782739698092
v -3.0884734053666922 2.5837173855044071 3.0442567974540728
vn 0.9706305972394267 -0.0988196684534371 0.2193420088113227
v -3.0744582125924937 7.5368433008298910 6.8119719878463387
vn 0.9131166542831670 -0.4023651583027478 -0.0657286471389763
v -3.0789213590134250 3.9549784346577601 0.9628942205003905
vn 0.9912276098080464 0.1145013760759890 0.0660095480285422
v -3.0737805425389539 9.2990924928057872 8.9072665689595301
vn 0.8640556389691123 -0.4127238381007516 -0.2882132651858061
v -3.0933911916843591 5.8646949016866445 -7.2298746932984379
vn 0.8302308348540135 -0.3708275531140373 -0.4161774702083997
v -3.1231382428514305 6.1543748383480050 -9.9630544720373404
vn 0.9384914882277413 0.3328149174275230 -0.0920215043443129
v -3.0750000499999999 9.3000001900000004 -8.9171571699999994
vn 0.5449373173431664 0.3729709775352449 -0.7509567032014809
v -3.1299872721140565 8.5003179304182002 -9.9897686944778599
vn 0.8640438736143717 -0.2047458745307441 0.4598992404126283
v -3.0879543229794164 0.1726354745581497 9.7346913410501870
vn 0.6459706244147745 -0.4202172332414094 0.6372906944873125
v -4.5749998099999996 6.0999999000000003 10.0000000000000000
vn 0.5470370237906838 -0.6250812863061559 0.5567978808437336
v -3.0810366963284621 6.1814254783995235 9.9536780338347413
vn 0.4343934232157632 0.2134637164631655 0.8750631952154222
v -4.5749998099999996 2.9000001000000002 10.0000000000000000
vn 0.5446370478548398 -0.1011929528009131 0.8325445768290112
v -3.5750000764921963 0.0289351449613985 9.9999701017152898
vn 0.4358863964441162 -0.1681404770871989 0.8841559983169553
v -4.5749998099999996 -17.7999992399999982 10.0000000000000000
vn 0.5098822759335774 0.4181684486148248 0.7517680581614690
v -4.5859978705851629 -21.2375337844512551 9.9546227409822272
vn 0.8175273624839220 0.3916439465863145 0.4222132526252320
v -3.1244659693491301 -21.0418469527103191 9.9636328122688003
vn 0.7318167362486063 0.3660451693128060 0.5748523276191868
v -3.5579300090954398 -14.2385464736815024 9.0433276292433096
vn 0.7073693307116433 0.3819483671583364 0.5947638815476629
v -3.0926235338825254 -15.1115325211174056 9.8639413931909274
vn 0.4042017803642186 0.1902641195817409 0.8946622186893671
v -3.5750000725125450 -15.0139855308379868 9.9999853188141774
vn 0.8925807711684544 0.1242093661471302 0.4334415765725014
v -3.0749996916772759 -14.0839586751082777 8.8016723534746273
vn 0.3554575465281596 0.6651458234502926 0.6566817845523153
v -4.4913419505491170 -20.2884098319018875 7.3445788067386930
vn 0.7746240264240973 0.3288174258815206 -0.5402191389826632
v -4.5718626808398000 -20.0344769661500735 9.1305257336311829
vn 0.4815833177384914 -0.4939442967686729 0.7239451220677494
v -4.5911941055652337 -18.6979994379926957 7.1593621073674214
vn 0.4617628847669426 -0.8313053390736593 0.3093646254492253
v -4.3118322671680689 -17.8735938726652037 7.9446079016300768
vn 0.6417963115893580 -0.6661274084568333 -0.3799628536224021
v -4.5749997477009892 -18.6614378211291765 8.9889839047677125
vn -0.9850178463387130 -0.1442248568250820 0.0945464598386840
v -6.5510719301830269 -20.7439172089646569 8.0246338352150222
vn -0.6625500634193969 0.5994162633216819 -0.4491409096580107
v -6.5747880411921029 -20.2393618047353669 8.8925742225523887
vn -0.8699143524249680 -0.0374757283596534 -0.4917769710234122
v -6.5749998098413478 -19.2519467691345980 9.2397646929011898
vn -0.7547616184559147 -0.5578822948334865 -0.3451119302735437
v -6.5749997811713792 -18.7156258074225867 8.9742527528984191
vn -0.6501311135630403 0.5252104245340936 -0.5490751725747562
v -6.5782220641563605 -23.7314322307635308 9.0863376775051741
vn -0.9338152106042151 0.0652998340606644 -0.3517457663083597
v -6.5749998099999996 -22.5699996899999995 9.5600004199999997
vn -0.9421252597329187 0.3314937917312866 -0.0501184698169761
v -6.5749998099999996 -24.0699996899999995 8.0600004199999997
vn -0.9993208725774175 0.0296179574297249 -0.0219219120698847
v -6.4916089033653988 -23.2929400798543185 5.3352855563929849
vn -0.9425447966717792 0.0675770532036725 -0.3271737277766392
v -6.5749998276606227 -16.7124771759266224 8.7995804033517295
vn -0.9222037452658112 0.3311416446500208 -0.1997134532178290
v -6.5792185631294435 -23.6400927376853396 -4.3644587344769210
vn -0.9971341147222519 0.0752189239014125 0.0081037487735261
v -6.4964125820948340 -23.2800061656696045 -2.6384231519313031
vn -0.9352728677789589 -0.0435324672277565 -0.3512400704555022
v -6.4784929408900993 -22.1072593003150892 -4.1041068281846425
vn -0.8571983945528694 0.5099035677301119 0.0721752311536760
v -6.5749998099999996 -24.0699996899999995 -8.0600004199999997
vn -0.7847332412610265 0.4439176893392890 0.4325862054569357
v -6.5749998164336088 -23.5261879674930157 -5.5978097783551730
vn -0.8733783630693545 -0.4298181408651598 0.2290558899166592
v -6.5485073977631494 -22.0578431708704947 -5.4915950269443998
vn -0.8118724754545051 0.1522223724129034 0.5636412271439707
v -6.5749998129707379 -22.8393602250669900 -9.5597377023818488
vn -0.9785926444552359 -0.0979754403127416 0.1809896386913703
v -6.5688818279110990 -20.5106293807510163 -8.7897893594394567
vn -0.6627665716516514 -0.1657844381659344 -0.7302437891301246
v -6.5749999431973940 1.9809890702819704 8.7988270660867460
vn -0.9163006740656627 0.3124436299930486 0.2505435147505902
v -6.5795472091458276 3.9407821366064777 7.7510590394913210
vn -0.9115174763170552 -0.3819333898874632 -0.1525213954094889
v -6.5782498476835114 5.4175026346482813 8.5300591511046893
vn -0.7849208177834075 -0.0144493503987585 -0.6194275793692761
v -6.5749998237437035 7.8384675611971826 9.5596792663324095
vn -0.6973845132466769 -0.6626333059488981 -0.2730786379981589
v -6.5749998349064152 9.0443011497502201 8.6873822570165125
vn -0.8299000715389699 -0.5352706810751511 -0.1573250432733346
v -6.5749998142345802 8.2998039610075587 5.2134687447729737
vn -0.9988881507686395 -0.0267434330039845 0.0388233311961917
v -6.4863932869462326 3.6673412478722054 -6.8781317090590859
vn -0.6119431984212237 0.7385486313109900 0.2829689754984921
v -6.5749998074585463 3.7209952405970248 -8.8940249134397913
vn -0.8024407449661488 -0.0843720064401462 0.5907370103078325
v -6.5749998153786366 1.7561207209583503 -8.7999234526295087
vn -0.9809992303973477 -0.0584126102570138 -0.1850093968499273
v -6.5214615011953194 4.5917822268871511 -7.3606849006520561
vn -0.7847289180884950 -0.6196224107184963 -0.0163888148155691
v -6.5769351953119166 5.4544117203553570 -8.4901975676249570
vn -0.8319071351691800 -0.0515703107755290 0.5525133677126038
v -6.5749998107361645 4.5215257520585954 -9.2629697948943139
vn -0.4597638139608382 -0.8817143004181384 0.1058164817518348
v -6.5749236217655902 8.2997386216710662 -5.2601283906887852
vn -0.9343276583210279 -0.3413260394024288 0.1026078053668246
v -6.5749998155092388 9.0490420920599544 -8.3314813439857716
vn -0.8270148896073531 -0.3404708666138411 0.4473544024092729
v -6.5751450291640925 8.2449696518782183 -9.5511079589649963
vn -0.9752940393395318 0.1093847648241509 -0.1919283982456609
v -6.5757935035898862 4.0713780965859518 9.1831620508741363
vn 0.7564341691626808 0.5885725204374395 -0.2852888639766450
v -4.5710037595820223 -23.7274114192500818 -4.3957785933808022
vn 0.5243198742370738 -0.7299439884651383 0.4384865370608602
v -4.5749998099999996 -24.5000000000000000 -6.5000000000000000
vn 0.5614946671838620 -0.4095798867717792 0.7190049061557929
v -4.5739684783371972 -22.2250142723192461 -6.0517906311833150
vn 0.4424193898578515 -0.8114963450961449 -0.3817574693092527
v -4.5749998099999996 -24.5000000000000000 -3.2999999500000001
vn 0.5383669569192621 -0.6352099569785664 -0.5537773291249661
v -4.5903581772579978 -22.1955950202418535 -3.6343697424182810
vn 0.8174444942757146 -0.4240250751222421 0.3898554019709076
v -3.1042951630519027 -24.4566989125626471 -6.5487153300129481
vn 0.7972861055953180 -0.5304318362713183 0.2880571694898230
v -3.0872441864674078 -21.8421871150516793 -6.3962250769906781
vn 0.7662826333853614 -0.3532419893548149 -0.5366852175425073
v -3.0758865270803408 -22.1472773595793591 -3.3225782685834213
vn 0.9023161576145167 -0.3153257172787858 -0.2939306784437345
v -3.0908550356089424 -24.4547705827312534 -3.2493808957423873
vn 0.6494509032017585 -0.6844268235627301 0.3313207622806810
v -3.1264070672994508 -24.4887220214485204 9.0011017227948429
vn 0.6274764039468756 -0.7286971379442666 -0.2743607910065355
v -3.1377802439262821 -24.4901160309948835 -8.9916728853959338
vn 0.2875184941510512 -0.9551389696834615 -0.0710117181395256
v -4.1884485729176175 -21.2432151445637132 -4.6892250486201998
vn 0.3135126990054876 -0.3549350270161278 -0.8807558765965489
v -3.2750008099999999 -23.5000000000000000 -10.0000000000000000
vn 0.5066969660509208 0.1660636852331907 -0.8459793360606177
v -4.5749998099999996 2.9000001000000002 -10.0000000000000000
vn 0.5173445267147957 -0.1481831770773728 -0.8428501567357628
v -3.5750000719435149 0.0139874810320708 -9.9999854137365478
vn 0.4959534315547023 0.6035797982784377 -0.6242768783474810
v -3.1313357240938111 2.8805720383624118 -9.9708169199200185
vn 0.5016056236180391 -0.4450104317942417 -0.7418608454077226
v -4.5749998099999996 6.0999999000000003 -10.0000000000000000
vn 0.7983756864892243 -0.1581698669010175 -0.5810151086050811
v -3.0802643158522245 -1.2014521433580303 -8.8882352774703310
vn 0.6549107967058332 -0.2165492495537488 -0.7240153802757502
v -3.5750000441523881 -1.2656714375191283 -9.0001197740091214
vn 0.8618807015710199 -0.2179035408068099 -0.4579079636382202
v -3.0988459215783584 -0.0024018682861987 -9.6337108867316843
vn 0.8554291453083140 0.2447217384563433 -0.4564561841885730
v -3.0811540558250230 3.1940175916277718 -7.1640712923599459
vn 0.7676426258141972 0.3672033414489764 0.5252489933943623
v -4.5749998122019333 3.7945687267098376 -9.0019687964203090
vn 0.6091372448189405 0.7426717401871454 -0.2781914867528973
v -4.5749998124176479 3.7411791026857428 -7.9448610470354364
vn 0.8613890442531831 0.4468227671752938 -0.2415746865348290
v -4.5796156658176663 3.0735472575266085 -7.3960662313276107
vn 0.8636204524432779 -0.3691013696991837 0.3434004848684035
v -4.5644201007183085 5.2082189364559239 -8.9548840522052284
vn 0.8090583332130979 -0.2182157201813303 -0.5457165133328725
v -4.5732638971012216 5.6077309355553870 -7.0145391609487060
vn 0.7054407706542011 -0.2162661266669153 -0.6749683559658901
v -4.5749997771691415 4.8187587436193615 -7.5010746084069275
vn 0.5032947784870535 0.1937888679042110 -0.8421046494492666
v -3.5765422457190508 -15.0395908075434690 -9.9988541876807542
vn 0.7339251430075615 0.1871256881397343 -0.6529455270537974
v -3.5750000347292117 -13.7067042490212962 -9.0001357113485128
vn 0.9237635016533540 0.1327362560078201 -0.3592242744500439
v -3.0764322466386900 -14.2957116606319836 -8.9195339596474241
vn 0.7952616921183391 0.1835829816113174 -0.5778028469225248
v -3.0906586922558210 -15.1213969705066162 -9.8921225504799057
vn 0.6105134818060752 0.7275498430803790 0.3129608831255739
v -4.5879745579295657 3.1140826748973822 7.8441866790927959
vn 0.8214756322185190 0.1322008871011769 -0.5547077709216325
v -4.5748831803154166 4.2458691772814889 9.3365594395855087
vn 0.9036127956224946 -0.2993519757827685 0.3063858844370155
v -4.5763660556951420 5.2051203097256273 7.9027975677333151
vn 0.5957617498665805 -0.1618805961639485 0.7866782124741440
v -4.5749997991836455 4.9517534409050814 6.7417843393197447
vn 0.7348889457049335 -0.6309826559211372 0.2485942988232012
v -4.5749998366725837 6.0819475180945313 7.9757386409665054
vn 0.9117033774308609 -0.1549743036646689 0.3804995621348494
v -3.0770881012056956 4.9765559933735926 6.6906481992477165
vn -0.2000499098509767 -0.9101302345594958 0.3628263905910004
v -3.2838063032548277 6.0836677778190058 7.9291460832037597
vn 0.7978597654936128 0.4311051566406313 0.4213883464505562
v -3.0862369690600668 2.9441826955703032 7.4568110688211453
vn -0.9179237359589245 0.0382513665229302 0.3949086576948383
v -6.4749999000000003 -19.5828094499999992 -8.8000001900000004
vn -0.9322058560492387 0.0740969346870849 0.3542624538636347
v -6.5522612328340077 -22.5204957408591042 6.7490698993810376
vn -0.8755131286659666 -0.3642536076258767 0.3174839694615532
v -6.5525647866565055 -18.7406470960988187 7.6551326492299427
vn -0.9035535015862537 0.0652908314300459 -0.4234715776795331
v -6.4749999000000003 -16.5017242400000015 8.8000001900000004
vn -0.9245011307057601 -0.0943789734320212 0.3693105315282643
v -6.4749999025641838 1.7462805504768419 -8.7998797672760745
vn -0.8953634283270668 0.4006514325217352 -0.1944293209181246
v -6.5888462122465379 3.7395556434168871 -7.8986168831696331
vn -0.9466521965882453 0.3220706276567078 0.0109603601886420
v -6.4749756592788357 -4.3586883852219636 -0.3376229808194133
vn -0.9993632927683408 0.0139195075049621 -0.0328520376542910
v -6.4766867636189946 -18.5736884848943191 6.8659655572432836
vn -0.8022832272263464 -0.4315253878089277 0.4124651051757385
v -6.4678510187313343 2.7556731357348374 -2.9922186003007591
vn -0.9615295882007491 -0.2365835019633787 0.1396033581732258
v -6.5572322472475930 7.8864322755264347 -6.2049578715864904
vn -0.8780340725082082 -0.4619169587762533 0.1252553021214984
v -6.4749999145142931 8.2984011940928042 -5.4279928835602300
vn -0.7266785680260365 -0.6848205606733354 0.0543972283364494
v -6.4687524776432781 4.1265802484596472 -0.6069016559035850
vn -0.8313762313396333 -0.1898664040656459 -0.5222684276985251
v -6.4749999277167349 2.1212569818859248 8.7944162267533077
vn -0.9787011480041456 -0.1375884072635333 -0.1523597488907470
v -6.4867409786150185 3.7936830481713244 6.8639614363448374
vn -0.8125875335732723 -0.4796501092775877 -0.3311151958930672
v -6.4700079369575061 3.6143530241528770 1.9364356990947513
vn -0.9670912980790093 -0.1305050374062767 0.2184098358395132
v -6.5049297277539413 7.1587788927731149 6.9041391893525130
vn -0.7117416907613271 -0.6883694182451789 -0.1398974969647467
v -6.4749999050485103 8.2998622021193640 5.2312068247477823
vn -0.7201710313737949 -0.1881431722538169 0.6677992455104115
v -6.4671548925088125 1.2380806990299533 -3.8603063973496168
vn -0.5470870082954968 0.2343841084073742 0.8035918709645856
v -6.4641746856719822 -0.5821235027755792 -4.0570187315329820
vn -0.6798420193892624 0.5880145574979533 0.4382393282707701
v -6.4734664037347489 -3.0750968725041137 -2.6624603723277169
vn -0.3951496959340707 0.8874059481869367 0.2374181983876873
v -6.2744417942405173 -3.9502908979601261 -0.8493220269890505
vn -0.1830055242407361 0.9664246065638212 -0.1803675633957963
v -6.2747019237389496 -3.9147136774772022 0.9393024422813943
vn -0.4323382491856345 0.7729099082794330 -0.4644285865174305
v -6.4727034095805172 -3.4731342521885979 2.0776284593919212
vn -0.7364918050556626 0.2063378714122613 -0.6442084320364869
v -6.4716264884453283 -1.7598180264561811 3.7265202091675538
vn -0.8446862590148799 -0.1814655355452819 -0.5035626904772745
v -6.4657954760183598 1.4459145189327125 3.8654935102277439
vn -0.7193381157831152 0.0369904578964251 0.6936745499196364
v -4.7577368593340976 -0.6776791755126744 -4.0445681370850401
vn -0.3519570299487784 0.8756507081799083 -0.3306993896783901
v -4.7949997351624969 -3.7904631845295778 1.4000569484244565
vn -0.7831725890944671 0.3610233461359231 -0.5062636064698811
v -4.7511025729669827 -2.2984397733381501 3.3736798040077733
vn -0.6525056437518372 -0.2599779112740837 -0.7117920135275227
v -4.7774564729614486 1.5720647699583454 3.8811066455526007
vn -0.5898217016110023 -0.3993427234363789 0.7018801532648700
v -4.7950007950767786 1.9554374679980715 -3.5455739419445069
vn -0.6958079078767133 0.7038316864180887 0.1430814891245568
v -4.7585866892479478 -3.9551104006684059 -0.8420353693986353
vn -0.5497546178778198 0.5131814115615342 0.6591014329750190
v -4.8072749941712738 -2.5685751054123123 -3.1525112709919614
vn -0.6028271199747018 -0.7523747920827796 -0.2655779276622978
v -4.7830490633156817 3.7247642587451781 1.5638671755158056
vn -0.7341440714679783 -0.6259597486470185 0.2630719966134388
v -4.7725635594048317 3.9358137986754280 -1.3397688947494901
vn -0.9363561674278087 0.2878002081360631 0.2010178298478624
v -4.7180666662259405 -2.4431805415022310 -1.2336437617699232
vn -0.8634843127709247 -0.1205091956056112 0.4897676748959779
v -4.7229547194660038 1.2690403674145658 -2.4342026358348092
vn -0.8939218412250546 -0.4435595532792517 -0.0644877079412709
v -4.7249996103124090 2.6411227665721579 0.5339199023871802
vn -0.9101462175775163 -0.1471736253774641 -0.3872644918174065
v -4.7249996487985051 0.4184492551715928 2.6284909453780143
vn 0.8696321748041700 0.3193530640094829 0.3765016614214667
v -4.2745570818730902 -2.2038834990608218 -1.6360921651400697
vn -0.1992277691959490 0.7798076708869932 -0.5934713913972675
v -4.4630347582903029 -1.8790445268955029 1.8506824643315527
vn 0.7958166760698633 -0.3959961361131585 -0.4581079329945764
v -4.2393482201807284 1.6096699958165919 2.0474529441450904
vn 0.7904109390319037 -0.4418490116973257 0.4242876363044306
v -4.2752833985740892 1.7530250638255014 -2.1000292097515318
vn 0.7105236360370264 0.4984178150375806 0.4967251194432262
v -4.2816016132207162 -3.0339948266827852 -2.8241891496787170
vn 0.7532968462634664 0.6476318497009146 -0.1145288114951330
v -4.2750001769811750 -3.8948405981963572 0.8652415176827852
vn 0.8364476926764013 -0.1905232151855223 0.5138639527070329
v -4.2835182816577522 1.7733694572261136 -3.7155903035709477
vn 0.6231314708560632 0.4397710980176661 -0.6467677723704973
v -4.2749998630725505 -2.4886747358996204 3.0768501928672793
vn 0.7647369569388759 -0.6387401922170083 -0.0847841585347608
v -4.2396126977809887 4.0224784151847368 0.4275496592740386
vn 0.7970481046347216 -0.1928980451467108 -0.5722802312475727
v -4.2766364308957066 1.1898847639562216 3.9497030835906268
vn 0.8763251468195378 0.0720568335027180 -0.4763003777001203
v -3.0824789590529749 -0.3235106171292065 4.0773866812035076
vn 0.8190120153554098 0.5530655185284171 0.1527673097176327
v -3.0771722786866684 -3.9099712369240627 -1.2014884087521851
vn 0.8819798562068563 0.1254871962802581 0.4542735924693984
v -3.0778787861887809 -1.4128339205057494 -3.7689686077778179
vn 0.8932267509108118 -0.3490890095795559 0.2833422574345014
v -3.0824384554979796 2.9354488209054854 -2.9146436504046429
vn 0.0911406933403707 0.8678250451961720 0.4884394178889523
v -5.7613592256626944 -23.3896116003936498 7.6019204782225591
vn -0.0814198325737338 0.8336256627478635 0.5462957672102635
v -4.4608946052432907 -23.1520177586531624 7.4171085602472724
vn 0.8341947600413038 -0.3771458639683661 -0.4023432609242839
v -3.1946495680709361 -21.8455874461689632 8.6881708609650872
vn -0.2470768742999779 0.8168590923374097 -0.5212429773645455
v -5.2795714381780172 -23.3461526122156826 8.4838150372595003
vn 0.7962512368883299 0.5170238039707730 -0.3141183755869701
v -3.2667836162783934 -23.3232450588344697 8.3716723489186400
vn 0.1513598191427388 -0.7826983659787445 0.6037163846072762
v -4.2717742480412202 -21.8191014271758519 7.4484981628435305
vn 0.7689233300299688 0.2682342036031842 0.5803510356267052
v -3.0820330986805669 -23.2701323838859224 7.3834652902773819
vn -0.0024063620810269 0.8194099603256894 0.5732028666541953
v -5.8303963409003394 -23.2218205845050498 -8.5578174235582605
vn 0.0828294812556113 0.0099498274299418 0.9965140631065076
v -4.8785609505967447 -22.5692443229568340 -8.8993110619044895
vn 0.1914127509838904 -0.9233167532338664 -0.3329374294945684
v -3.8868356197749536 -21.7397807833406098 -7.4181955205688057
vn -0.3032998759290306 0.8971395952088883 0.3211693197829871
v -5.6557976480194325 6.7972745652319286 7.4083592920779875
vn 0.1240037278970415 0.9909346523740016 -0.0516874277949040
v -3.2903401376340065 6.5545513474908965 7.8972763388318343
vn -0.1660289518256812 0.8728441889313234 0.4588871419036340
v -3.9818265788626066 6.6668339270564561 7.5150307021055793
vn -0.2058686173858669 0.8368808577297292 -0.5071967491429575
v -4.6449937849113461 6.7933943395487271 8.5049793455598532
vn 0.0172790070233605 0.0616405354222270 -0.9979488365187605
v -4.1889878384426433 7.7529627087284405 8.9514019481805018
vn 0.0029946535972854 -0.7783137732716866 0.6278683798260762
v -4.0415518657898239 8.2170103345968855 7.4347653666305167
vn 0.8201053191187031 -0.5055185236302135 -0.2681012641147731
v -3.2720606269249761 8.2810225684326184 8.8151440766649340
vn -0.0435275029314885 -0.0562397156119405 0.9974680199767998
v -5.3343115178992928 7.9014654974851011 7.0966901001797265
vn 0.2014640284540796 0.4989006943205999 -0.8429177554456171
v -5.2609843958488254 7.0704922845696023 -7.1028068757862739
vn 0.4401077478007014 -0.0593832591312762 0.8959792401951855
v -5.7173002065697123 7.0816411885476507 -8.9038516173092503
vn -0.1622670257333939 -0.9864626663000853 -0.0236816459682375
v -4.1688985029818850 8.3968411028962731 -7.9907715186860253
vn 0.9506163943716741 0.0862971293630866 0.2981296298852037
v -3.2095407401859446 7.2452330746305318 -8.8710932371532643
vn 0.6405409810005689 -0.2226141863504142 0.7349490973491781
v -3.5221353332845626 -1.2295930221973042 9.0596198601679117
vn -0.8113839144471870 -0.5836507731905582 0.0317477295317879
v -28.5655127207848416 1.1783322970268195 -0.1718422015293715
vn -0.1061043471333779 -0.5371845356776910 -0.8367643886711140
v -27.2958109994706746 0.7677253475230732 1.0187954795888485
vn -0.8943516101669650 0.1807225194421165 0.4092365677187843
v -28.5015574265034388 -1.0474250377534777 -0.5913696073778512
vn 0.0491503688562169 0.8177412101973374 -0.5734837001923349
v -26.8224625774360348 -1.2169105723165285 0.1570066494244692
vn -0.8612238971284708 0.3560794166050267 -0.3626304566429481
v -28.4799282061823646 -0.6317705934880710 1.1067813936117921
vn -0.1440042033994277 -0.6047661957428643 -0.7832755823399578
v -26.6343766664825878 0.4682216767250192 1.0434013301755813
vn -0.2574993067028619 0.1517493439348237 -0.9542883440883558
v -26.2034805494197762 0.0084448557596365 1.0912779525250755
vn -0.3714350976240691 -0.4063816377024846 -0.8347993368416418
v -25.2034678695112717 0.0716059034414857 1.1653749020618196
vn -0.1543674102780531 -0.9242437771253962 0.3492050158417377
v -26.1795549886847283 0.8749283114791238 -0.7267097676140125
vn -0.6733704125023703 -0.6767149043396334 0.2977066102910521
v -25.0408305041475749 1.1194422909262713 -0.3615408735073246
vn 0.8907904320036709 -0.3790016988033807 0.2506992591829194
v -21.6048501611115391 -22.2501139215563626 -4.9709840555917815
vn 0.1360488575830488 0.8795644168177272 -0.4559135280055184
v -22.5978249058655294 -23.5858647716798195 -4.5702472461652164
vn 0.5073137171329448 0.6953146380288138 -0.5090877591846168
v -24.9772896596313743 -22.9932403982791520 -4.4270340474934713
vn 0.5385557804546113 -0.3883288048045607 0.7477689554253948
v -24.9730588237608266 -23.3331139726545906 -5.4152917456799718
vn 0.9301477783002784 0.2536526778406439 -0.2654909217794965
v -21.5723711637326083 -19.8589635788029497 8.8167460951551142
vn 0.0299523850598705 -0.8801078955476921 -0.4738279717617333
v -22.1832194646963963 -18.6260433065563049 8.6651294798147340
vn 0.0555045729122108 0.6691531439362328 -0.7410487921494027
v -22.2998981377662240 -19.9549457620725406 8.8414853899163308
vn 0.1400349512459449 0.7927711063395452 0.5932151257197673
v -22.3749685967800964 -19.8239505126706383 7.8420335467528846
vn 0.2532837921805384 0.9669401209268107 -0.0295655739110618
v -24.1090422409399103 -19.9078666982997774 8.5649453822837049
vn 0.3177853783521991 -0.4015279555235108 -0.8589457225218944
v -25.2953909355216311 -19.5888838203541269 8.9009550307375580
vn 0.3002049652356485 0.6232529718132285 0.7221029787875426
v -25.2156931492278993 -19.5276624591513546 7.7150212491940708
vn -0.9294382298381796 -0.0786592087243664 -0.3604959164791299
v -26.0750102891897839 -22.6900221042428072 -7.1213032711164121
vn -0.9849633734097538 -0.1541187765443357 0.0780676357894525
v -26.0750007955445504 -21.6562823072561770 -8.1619787262459838
vn 0.0471198633313361 0.6870417753288116 0.7250884893808969
v -24.2433329043241486 -23.1148501018487416 -8.6740849370854907
vn 0.1594690719899223 -0.9687033392891857 -0.1902194930301672
v -25.0815054201390950 -21.7215912703659839 -7.6686253125110682
vn -0.0678595743052176 -0.6988714512030544 -0.7120209076062664
v -23.5346970661518391 -21.7198971006826085 -7.5598942772932203
vn 0.9965148234433940 0.0488180220896429 0.0676388008234645
v -21.6343900457758913 -22.6761979243411496 -7.9519690775132501
vn -0.8468893449460031 -0.4805036614244385 -0.2278040139563796
v -26.0750007745089292 -21.7086765046991808 8.3200869188696469
vn -0.3075909748304643 0.0995780797816027 0.9462938223563829
v -22.2969360680183897 -22.9592527685711296 7.2055274773706968
vn 0.9897292211982910 -0.0162574483131626 0.1420273356807383
v -21.5750007194839881 4.4593255742715288 -9.0759557963100619
vn 0.4082482904638631 0.4082482904638631 0.8164965809277261
v -22.3518087528783411 4.4035257536902694 -8.2112984431043063
vn -0.5269883305723418 0.8488282439574260 0.0421178311493915
v -23.3508100895338195 3.9352523342479593 -8.4858052903905072
vn 0.9678570949487616 0.0334137699164235 -0.2492712653663003
v -21.6019402803123306 4.2434582295253920 9.0714588396983107
vn -0.1280913192996649 -0.9848012057729332 0.1172996122254808
v -23.3148453530925330 4.9893216493574233 8.6250546231015353
vn -0.1764617745076219 0.1789725861039910 0.9678998169030051
v -24.2486018858153365 4.0534768368306535 7.9028649412926990
vn -0.7271023364349786 -0.2474399103314112 0.6403871353532787
v -26.0552588571059474 7.9812303132696174 -8.9206198857046459
vn -0.8654364247901531 0.4991412156615548 -0.0433340682874671
v -26.0750008246003624 6.6223266955697389 -8.1319570613689436
vn -0.9251433384406280 -0.1213798500710175 -0.3596897765236970
v -26.0754167738336413 7.6478144223199873 -7.0872500943728003
vn -0.0144778008928227 0.4409242422837862 -0.8974275490800228
v -24.1651733424455415 7.1612464340027415 -7.1363463380486261
vn -0.0212639459054735 -0.9556126973532520 0.2938574778047531
v -23.6105449672699628 8.4409427983149303 -8.2110756191288434
vn -0.2607089684317371 -0.8948833618608689 0.3622355620916431
v -22.3340264815485945 8.3682935917253793 -8.2923593482010514
vn 0.9098112506801167 -0.4149713409618647 0.0065018702073897
v -21.5686561913660420 8.0782363484299324 -7.8744103162954149
vn -0.7668437683799290 0.3007450077404082 0.5670124118712849
v -26.0751060839371789 7.0553673804664019 7.2727553915958119
vn -0.1791981071176418 0.7428248241043063 0.6450576091325956
v -25.1741801239849821 6.8670073447428512 7.3765645749653119
vn -0.9300235726556549 0.3043428114579394 -0.2059893381189639
v -26.0750007449419563 6.7185434729116711 8.3663599875923413
vn -0.9672302737719225 -0.1965690726883363 -0.1607053115535988
v -26.0726447130997592 7.9694821389841950 8.5814835015358959
vn 0.2026394098565915 -0.7166865857425382 0.6673062320926396
v -25.7881776260249431 7.9979437002952212 7.2006827145906183
vn 0.1715124882871328 0.9155748903259721 0.3637390363518061
v -24.2395143780059250 6.5771709244753982 7.7260122304848817
vn 0.0634845043049037 0.3865440737387025 0.9200833640331995
v -23.2550814714164709 7.0191464747452326 7.1519691241971595
vn -0.1170866684254937 0.8988232504584932 -0.4223830921240188
v -22.8333566684528897 6.6246857911202852 8.2758095732039951
vn -0.9597191418335426 -0.2697111531332756 0.0787087204432086
v -26.0750007600000018 -24.2999992399999982 8.9171571699999994
vn -0.9590911732399356 -0.1658010727185097 0.2294648681141302
v -26.0750007600000018 -23.4171581300000007 9.8000001900000004
vn -0.9681382892459359 -0.2158623163546233 -0.1269319237779408
v -26.0750007600000018 -24.2999992399999982 -8.9171571699999994
vn -0.9569325323963471 -0.1579827472782339 -0.2435602184346524
v -26.0750007600000018 -23.4171581300000007 -9.8000001900000004
vn -0.9338108651346479 0.1946806589862684 -0.3001611386791314
v -26.0746653827952812 -3.3851776038038621 4.0255075453190550
vn -0.9442809812392260 0.3291271908957659 -0.0029530802472003
v -26.0750007585459507 -5.0918944185058708 0.2960198053155068
vn -0.7116863419615845 -0.0332440055300458 -0.7017103296672046
v -26.0750006977609026 0.3367431699516961 5.0397687198075598
vn -0.9341096748288678 0.1369186632117076 0.3296852969961294
v -26.0750007600000018 8.4171571699999994 9.8000001900000004
vn -0.7568485005761750 -0.3219838384359670 -0.5687765422040862
v -26.0750006754262138 2.8174143500878923 4.2052937468992804
vn -0.8721749080124381 0.3067037428550806 0.3811085723939831
v -26.0757640108544457 -3.6198664144090000 -3.7626576300197456
vn -0.9342661522632374 0.3294428582563783 0.1364337197290797
v -26.0750007600000018 9.3000001900000004 8.9171571699999994
vn -0.8957567486236405 -0.4166027251912230 -0.1551193626161815
v -26.0748927874977312 5.1868555778375240 0.9961775985327839
vn -0.7740239332861567 -0.4360905507911224 0.4590337484444065
v -26.0761512118323076 3.2363975392320468 -3.9996285101881419
vn -0.7073504907915866 -0.0351321851356672 0.7059893857165946
v -26.0750008050447555 -0.0404819286108236 -5.0410321368070168
vn -0.9529134776056053 0.2931417854599720 -0.0776131291401865
v -26.0750007600000018 9.3000001900000004 -8.9171571699999994
vn -0.9501007686183465 0.1243323648136989 -0.2860943769644220
v -26.0750007600000018 8.4171571699999994 -9.8000001900000004
vn -0.5354830660412195 0.7802587443746785 0.3231937156102286
v -25.8750000000000000 9.5000000000000000 9.0000000000000000
vn -0.3508518317065065 0.8470336795057826 -0.3992955521553984
v -25.8750000000000000 9.5000000000000000 -9.0000000000000000
vn -0.3263526812092507 0.2785602848519172 -0.9032707762187105
v -25.8750000000000000 8.5000000000000000 -10.0000000000000000
vn -0.3461490367532469 -0.1969719830345884 -0.9172692528664750
v -25.8750000000000000 -23.5000000000000000 -10.0000000000000000
vn 0.2672612419124244 0.5345224838248488 -0.8017837257372732
v -22.1749992399999982 -12.0000000000000000 -10.0000000000000000
vn 0.4082482904638631 -0.4082482904638631 -0.8164965809277261
v -22.1749992399999982 -6.0000000000000000 -10.0000000000000000
vn 0.2193107335139662 -0.4365826783518104 0.8725241355565618
v -22.1749992399999982 -6.0000000000000000 -8.8000001900000004
vn 0.4851739856389275 0.4851712105724082 0.7274717177258108
v -22.1749992399999982 -12.0000000000000000 -8.8000001900000004
vn 0.4081314855604630 0.8165501098113915 0.4082580172650794
v -21.5750007600000018 -12.0000000000000000 -9.5600004199999997
vn 0.5773435666860797 0.5773636743134328 0.5773435663359284
v -21.0249996199999991 -12.0000000000000000 -9.5600004199999997
vn 0.8163628651907854 0.0960949581458992 -0.5694887455924212
v -21.0249996149182010 -22.8045581856175268 9.5590601301791338
vn 0.5130220271946070 0.8576512390238038 -0.0352526852036839
v -21.0249996183089038 -24.0699676668920937 8.1605423002158748
vn 0.4079875208701276 0.4083450389892363 -0.8165785399746470
v -21.0249996199999991 -12.0000000000000000 9.5600004199999997
vn 0.8031401768830508 0.5928688086332040 0.0589273453169854
v -21.0249996193057740 -24.0699361737025441 -8.1607701749919617
vn 0.6895302108522174 0.0313808538848213 0.7235767618791775
v -21.0249996193196544 -22.7837749522608206 -9.5596248451290737
vn 0.5881933052666225 0.7844570873377993 -0.1966105637167599
v -21.5750007600000018 -12.0000000000000000 9.5600004199999997
vn 0.4850712500726659 0.4850712500726659 0.7276068751089989
v -22.1749992399999982 -12.0000000000000000 10.0000000000000000
vn 0.2670665578055213 0.5347503767168229 -0.8016966310912913
v -22.1749992399999982 -12.0000000000000000 8.8000001900000004
vn 0.7520412708641018 0.5090147690475456 -0.4187336764682065
v -21.2474389915180844 -23.8094491440792346 9.0298596886153142
vn 0.7110288577815761 0.1229007985631808 -0.6923390478041520
v -21.5750007526665790 -22.8121693861964125 9.5594660266539275
vn 0.9302494129110290 0.3664136542259257 0.0194181300719141
v -21.5750007579454284 -24.0699497254729451 8.1517489096634463
vn 0.7244357063385164 0.5556517301114420 -0.4079755656972313
v -21.5750007618619009 -23.0816349238268579 5.9627437654721476
vn 0.7115003339642755 0.2296555486717330 -0.6640975860014925
v -21.5740823999961080 -21.1048555521907772 7.0949857913607506
vn 0.5582059160294591 0.8258093575006958 -0.0802811333627050
v -21.5750007600029647 -23.2998237164315967 5.1571388884229714
vn 0.5547214451944484 0.5790424968239115 -0.5974896694615841
v -21.5697495187685675 -18.1561838317502726 8.0396905474816105
vn 0.7723382552034167 0.0572433277981541 -0.6326269208403441
v -21.6132601784623937 -18.9795165612885590 7.2134856113852051
vn 0.7127673481721506 0.1786461396966599 -0.6782685781835405
v -21.5750007562916437 -17.1711180471706832 8.7970199058381979
vn 0.5542091782125493 0.8288836034731667 -0.0761850292269345
v -21.5737962582189162 -23.3323379043683907 2.4965508047986065
vn 0.8009268837897443 0.5974477613392577 0.0396522293642947
v -21.5750007622230164 -23.5009643120152845 0.6149968427839646
vn 0.5603165287065152 0.8264508035619235 0.0549950629614346
v -21.5750016410647447 -23.3027842169722099 -0.5719724892513456
vn 0.6769510353200323 0.7169871139130918 0.1663333227639960
v -21.5750007639887080 -23.2720196075634895 -2.6931647469589675
vn 0.5060353295347392 0.7358823752089608 0.4498948489586054
v -21.5750006205307194 -21.6857074696671681 -4.3480756734168846
vn 0.8501086230636962 0.5167311590807477 0.1015097937531825
v -21.5750007576840090 -24.0699743389452223 -8.1516458357100703
vn 0.8229300990292858 0.4827680202384216 0.2995347905448124
v -21.5851248624828145 -21.3494349772643730 -7.4621534531456657
vn 0.8570071783594048 0.3510838771505662 0.3771986312877839
v -21.2737795041863897 -23.6704524479935685 -9.2400174638219745
vn 0.8883652121361024 0.1164182350753106 0.4441329129982686
v -21.5750007600000018 -22.5699996899999995 -9.5600004199999997
vn 0.7255269356269581 0.1659900525813135 0.6678757130812651
v -21.5749528443137564 -19.9156177866177160 -8.7968676053827402
vn 0.4088971065362942 -0.4083052516654682 -0.8161433561137682
v -22.1749992399999982 -6.0000000000000000 8.8000001900000004
vn 0.7122635490351781 0.0710611188257450 -0.6983057740754017
v -25.2749996216565691 -17.0895719510549249 8.7997057759965056
vn 0.3066219789634541 0.5776996774131911 -0.7564694605423475
v -25.2712798146459861 -17.8745174163562659 8.4663230999360000
vn 0.3325906278065151 0.9024507415320241 -0.2737994401082076
v -25.2749996135791442 -23.2554374719871078 5.5149987482459304
vn 0.5663499516361250 0.4884753171623531 -0.6638068972260662
v -25.2749996491104838 -22.6778414838056150 6.3494151520249202
vn 0.5622562291871440 0.1402234979503643 -0.8149879160839244
v -25.2752147360561494 -20.9433965502818467 7.1277816971833623
vn 0.8592600682913524 0.5103966619450018 -0.0341669798978511
v -25.2749995486071022 -23.3005387870769063 2.5508463475746321
vn 0.3174323974115013 0.9472661380300395 -0.0438581442293347
v -25.2749995322012673 -23.5299531028641482 1.2405221278557612
vn 0.8016303480278271 0.5946691170960325 0.0612978490080208
v -25.2749996161261876 -23.3012576378528067 -0.5888793674807750
vn 0.2264816437605146 0.8609253880931351 0.4555365420866038
v -25.2762627015637946 -23.2556546216976052 -3.0274798806849597
vn 0.3359595819728307 0.9095520144896068 0.2446350183815456
v -25.2761880213295242 -21.5565303267362260 -6.7598728905770971
vn 0.6627708838805877 0.2430680294162103 0.7082744443758119
v -25.2750137975692368 -20.0577580994007398 -8.7972062109588141
vn 0.6299822589033043 -0.3041381493492157 -0.7145784348673870
v -25.2749646107644317 2.5973065576874679 8.7900423080869441
vn 0.8481847146181970 -0.3791354032783800 0.3699176068653501
v -25.2749103629029896 -2.3733321114905945 2.4883773598949364
vn 0.6490794402402700 -0.0804122758815636 0.7564586876657080
v -25.2750000602191385 -0.2588558514562109 3.4313337974118059
vn 0.8746960097381375 -0.4843853456029786 -0.0166651586629952
v -25.2749419400336919 -3.4672663092668028 -0.4113233873439270
vn 0.9067136656246183 0.2313982539946967 -0.3525977546975785
v -25.2750055522754558 -18.8813531344821790 7.2014296347887807
vn 0.9377060963230174 0.3135793209005526 0.1495837104172659
v -25.2749996198385496 -21.6802611673440566 -4.4494288550360217
vn 0.7369132825137589 -0.2307650923021748 -0.6353788525199481
v -25.2747158344288039 3.9013258859827760 7.1912608175995469
vn 0.5942223003855072 -0.6357997107202898 -0.4926038830262628
v -25.2748476772676156 8.2570650567846471 5.8831771028256794
vn 0.7184134013411300 -0.1822023132185295 -0.6713303969218775
v -25.2750150263984672 5.9630619476814219 7.1117532484612838
vn 0.8562003854278559 -0.2361786492037093 -0.4595003217120769
v -25.2751752487743389 -1.2930944358129131 -3.3065347101238136
vn 0.9118133288902843 -0.1902361452146995 0.3638772627025076
v -25.2749367627321355 3.8808976469204626 -7.2197545755689703
vn 0.8493886879001945 0.3426760577256000 -0.4013875637446022
v -25.2745335237294029 2.5310906381904643 -2.4242838812524772
vn 0.4725419034188784 -0.3654905104405337 0.8019481506252020
v -25.2748991304206427 2.6964180009839480 -8.7887183340092996
vn 0.3262487027879796 -0.2009870278983903 0.9236698536521218
v -25.2749999292318392 6.0554808777231388 -7.1346478772956727
vn 0.9087804124740676 0.3700988249220832 0.1927304379042308
v -25.2757765615147214 3.2544635411724379 1.6903632276980025
vn 0.8032071880322076 -0.2766336885836782 0.5275718106892960
v -25.2749996210362227 6.8508648070522238 -6.6409248010602653
vn 0.8080146302523903 -0.5825266700892976 0.0881761641985390
v -25.2749996216581430 8.2992918681703660 -5.3462946210572753
vn 0.3271451523367773 -0.7126499209317630 0.6205692060507825
v -25.2767049816697131 7.8844452923970225 -6.1809015664350957
vn 0.7712222670642208 -0.1101733274288298 0.6269593708587373
v -21.5750007613098695 2.3554615641130745 -8.7960044128605777
vn 0.6516134086721933 -0.3433825859559549 0.6763788622516277
v -21.5532939564892239 3.9004730928615108 -7.2399999816392713
vn 0.8211374011227395 -0.2160119498501490 0.5282728518477267
v -21.5750007603419007 6.0913946061256397 -7.1235225218555760
vn 0.5620566067035184 -0.7805294386087500 0.2736168239089767
v -21.5750007574026945 8.2984740133799129 -5.3580633722803519
vn 0.7208346607892184 -0.4099536661028691 0.5588697374645631
v -21.5761218775846189 7.7416645625826934 -6.2731601157166761
vn 0.7931345148631560 -0.5996793721932939 -0.1064062587381167
v -21.5750007526627279 8.2974627387282904 5.4930350023429702
vn 0.7535723795591275 -0.1796295614578529 -0.6323463366036478
v -21.5811805500078542 6.5717331739984965 6.9692332615510404
vn 0.7284812884209485 -0.1591424259299756 -0.6663247711811990
v -21.5750007531709684 2.2774680315435085 8.7979316929918561
vn 0.5575427255779518 -0.7426050733761785 -0.3710576965258495
v -21.5750007600000018 -6.0000000000000000 9.5600004199999997
vn 0.8252397127158564 -0.0681341795510509 -0.5606577834415178
v -21.5750007431900386 7.8802972642056321 9.5580272654776284
vn 0.9825159201303366 -0.1817953046274861 0.0401613484066132
v -21.5761297039375073 5.1792366378527648 8.6759998481830198
vn 0.6345554884545255 -0.7687442282864975 -0.0798225754309912
v -21.5750007586386019 9.0499901250381427 8.1227729535468818
vn 0.5883181896637135 -0.7844897203394752 0.1961060590407718
v -21.5750007600000018 -6.0000000000000000 -9.5600004199999997
vn 0.9382659953292096 -0.3250032431846989 0.1184475155008120
v -21.5750007474632923 9.0478650320605283 -8.4188591165762130
vn 0.8092387712822704 0.4633229243222517 -0.3611986695034166
v -21.6004005447718583 6.8301794198829180 -7.7484214742319359
vn 0.8037337239253793 -0.2459380978044043 0.5417809087383880
v -21.5750007409052529 8.1061985297011230 -9.5552913786538305
vn 0.6645990503554267 -0.7464615042215198 -0.0332163360714440
v -21.0249996114488340 9.0496724098031791 8.2457445564248300
vn 0.7349369715711513 -0.5378026709082798 -0.4130810271384356
v -21.2306674429006179 8.8243923459852418 8.9954880200803213
vn 0.6920500989982926 -0.0920258520177711 -0.7159594283455289
v -21.0249996106210446 7.8203941822754448 9.5594213882354904
vn 0.5773422061644965 -0.5773663954087773 -0.5773422056577774
v -21.0249996199999991 -6.0000000000000000 9.5600004199999997
vn 0.2182178902359924 -0.4364357804719848 0.8728715609439696
v -22.1749992399999982 -6.0000000000000000 10.0000000000000000
vn 0.4070795802990546 -0.4087423926989691 0.8168328297236022
v -21.0249996199999991 -6.0000000000000000 -9.5600004199999997
vn 0.9061236771522847 -0.1692581904088006 0.3876745370585491
v -21.0249996141397020 8.0503057430489235 -9.5535153795946268
vn 0.6244868051839426 -0.7312015530700370 0.2745187041698953
v -21.0249996175035960 9.0482988524862975 -8.4750633179674733
vn -0.2720599769604206 0.3682487100599663 0.8890310773395192
v -25.8750000000000000 8.5000000000000000 10.0000000000000000
vn -0.3055074607683910 -0.2756814866446346 0.9114082012667288
v -25.8750000000000000 -23.5000000000000000 10.0000000000000000
vn -0.4090096135833700 -0.8511015860360563 0.3291462080038164
v -25.8750000000000000 -24.5000000000000000 9.0000000000000000
vn -0.4640994476126502 -0.7922684812986517 -0.3961342654534708
v -25.8750000000000000 -24.5000000000000000 -9.0000000000000000
vn 0.7648328582868804 0.6377903205101014 0.0908526606563772
v -21.6599394751894785 6.7727716660959612 7.5016519159461232
vn 0.7773319579367032 -0.3929913077454887 0.4912360524297685
v -21.8430439470448228 8.1989740844422059 7.4628839010333490
vn 0.1461795978286457 -0.2835275505872515 -0.9477571699737485
v -24.1396154796909492 7.7579645848466257 8.8765051916410709
vn 0.1429996262105784 -0.8538851116992349 0.5004311370428701
v -23.5022253876639411 8.3992491002615850 7.5366944144841899
vn 0.0184000179015187 -0.1748672954213090 -0.9844200670106539
v -25.4437391673111684 7.7168621584578156 8.7375522867616340
vn -0.0514677269153965 -0.7740576270609424 0.6310197010196633
v -24.5861231848345909 8.2402710955770075 7.3849397373267971
vn 0.4881000983997605 -0.4063988270762754 -0.7723977519990408
v -22.1596613375992284 7.9293403988294262 8.7682992095342680
vn -0.0221519114790036 0.5561747043581217 0.8307701192568149
v -23.9293417788819021 7.2195957790101319 -8.8857533354940514
vn -0.1656737263431222 -0.4024389477571572 -0.9003305558114176
v -22.6896984954137757 7.9749939870220423 -7.0913730721255552
vn -0.3790054758524199 0.1694345576048719 0.9097509439198851
v -22.1768940219688240 7.0441300056733214 -8.7683392540794731
vn -0.0306076761838531 0.8224668898685372 0.5679888953391605
v -25.0322663522598390 6.6075859567500155 -8.3120794999635965
vn 0.0220620650254118 -0.3829016771378971 0.9235256200733145
v -25.0453499347886073 7.8719563104910781 -8.9486209935664895
vn 0.0817023341543083 -0.9547355566878060 -0.2860152887342963
v -25.3246527094837433 8.3469764516399412 -7.6173940144600021
vn 0.0223665739197826 0.9721692896246664 -0.2332093666252759
v -23.0526785282569975 6.5101943795023063 -7.7663465611566327
vn 0.7123135788821945 -0.4726503530403114 -0.5188554799854278
v -21.6068352802892214 3.9247013025841775 7.3393212329664959
vn 0.7161818752787055 -0.2169791163532196 0.6633276600510886
v -22.1564640606750984 4.7908919552510030 8.0118252222683797
vn 0.5830583652026790 0.1514483231596576 -0.7981894187342422
v -25.2161024965365961 4.9170524093398011 8.5448066253917130
vn 0.1794092072740743 0.9762030324085992 -0.1218194395880382
v -23.2500064379403710 3.9519729798576448 8.7036484249243582
vn 0.9994607209174710 -0.0326456059350275 0.0035400220710868
v -21.6123869577133263 4.9753595703927669 -8.3339214294560264
vn 0.9938357414563542 -0.0108770035218231 0.1103277381182307
v -21.7219371634209111 3.8563870264243434 -8.7380396616448426
vn -0.5914128002651267 -0.6775974224665572 -0.4371414333476517
v -23.2853190317753480 5.0472504319909364 -7.7525682191352194
vn 0.4973902247848014 0.3684031769665018 0.7854184002743462
v -25.1563309299133344 4.0539297758361101 -8.8805404767045424
vn -0.0861909530840670 -0.6953130826393144 0.7135200324567449
v -23.8939426264653605 4.9443169710197656 -8.9026909222820034
vn 0.6708245069383666 -0.2153629681147415 -0.7096571516272532
v -25.0749787361801744 4.5350689598069556 -8.0451473323709628
vn 0.2324199188420057 -0.7460275057609427 0.6240384138605427
v -24.6787880766875674 -2.8061999819146592 2.1548727023335852
vn 0.6259432792090538 0.7558783467354425 -0.1919451383846714
v -24.3389113577805531 3.5227945347596519 -0.9010514241934452
vn 0.8589818280018757 0.0382013384892734 -0.5105789624535897
v -24.2794131002474423 -0.1383453057710126 -3.4295075222293416
vn 0.6890406946168753 -0.6840633324251005 -0.2393329864297030
v -24.2829527571457149 -3.3001659693203917 -0.8823115966471068
vn 0.8341149553871690 -0.1735639661911310 0.5235721448276877
v -24.2811322949369597 -0.8983931870396913 3.1621511721425426
vn 0.7279259794089507 0.3440526901344245 0.5930864312330755
v -24.2854224364179103 1.7751002082247702 2.9444033109600181
vn 0.6082073638547285 0.5717323342935134 -0.5506413900862992
v -21.9823817662782766 -23.2621164408121182 8.4199766315379350
vn 0.9688850681840370 -0.1761340822927655 0.1738922358959684
v -21.5974853319967330 -21.9804202520131540 8.1842374382621461
vn -0.2424327639607811 -0.8096199683745043 -0.5345482782383673
v -22.2518443783157238 -21.6556919459668933 8.3197779994622358
vn -0.1054705303110367 -0.4582855758787445 0.8825249561215797
v -24.4213120383659437 -22.0802766275622062 7.2154888741159242
vn 0.0047750620495743 -0.9944929819516548 -0.1046943533879853
v -23.4771968134466569 -21.5965996971609009 7.8743645390501591
vn 0.0656384883224751 -0.4930453910491827 -0.8675239657876310
v -25.6049348032088595 -22.0612379214780567 8.7783717672175303
vn -0.8972864589332741 0.0384948935222184 0.4397671586052087
v -26.0748031120049220 -23.0348123252781107 7.3267337092620863
vn -0.7019398272124133 0.4668558073013387 -0.5378904481044655
v -25.9513158137169277 -23.0661359313004262 8.7515056288308841
vn -0.0228574468752053 -0.9665614784934451 0.2554142623561038
v -25.2848267151727804 -21.5064070460398682 7.9545186518420277
vn -0.0978047693492525 0.7812802199332680 0.6164701493450950
v -24.7390544829975667 -22.8932442476250628 7.2403385432420055
vn -0.2637775831536027 -0.1873900783023755 -0.9462062910272124
v -24.8304347985294314 -22.6470864594425372 8.8632491020947395
vn -0.0341424013146392 0.7706232719577718 -0.6363757295415722
v -23.6094327725446149 -22.9124577396000966 8.6366668151953121
vn -0.6083955183599928 0.1976671755681070 0.7686238227783490
v -22.1427741141385823 -22.7846072783299611 -8.7551770923021000
vn -0.2668295287313610 0.9207673582845243 0.2845864974216776
v -23.3429196838334789 -23.3809299035722624 -8.3959505658320186
vn -0.0470408678471762 0.6903194592141720 -0.7219738229204973
v -23.7153322667675823 -23.1096812056102934 -7.4220868844921615
vn -0.0175816880977088 -0.5570192110756589 0.8303134846166749
v -23.8656239524867431 -21.9642398340570040 -8.7825206728306302
vn -0.6584499758992173 0.6738296593728127 0.3352569453237909
v -25.9739433475247630 -23.2842677608113284 -8.4703832464232853
vn 0.0318722144102251 -0.7486230029585434 0.6622293872895716
v -25.4637244858434890 -21.9883957297878467 -8.8238862932769404
vn -0.0242071840211437 0.5231553592204636 -0.8518934689036382
v -25.1423256033911180 -22.9197419434271055 -7.2630176120691754
vn -0.7982389200529322 -0.1870801825694423 -0.5725518594874291
v -22.1765196106545908 -22.0051788412855096 -7.4662292886369892
vn 0.8714880522850301 -0.3940361772062516 -0.2919658640614140
v -21.5869312974554184 -18.7692159012168638 8.6129621003761532
vn 0.3147986081267093 -0.8531098401783751 0.4160594151227850
v -23.6568464790460808 -18.9160048582649551 7.9060638564351118
vn 0.4958474946775983 -0.0106174874879358 -0.8683447074643759
v -23.4995731134599701 -19.1310552399248195 9.1404328724622008
vn 0.9388069054806324 0.2890750437827085 0.1872891168325166
v -21.5803285588608667 -23.4317448058493234 -5.5243460988075679
vn 0.7830404315555525 0.6178629066178821 -0.0713660365649953
v -21.7141326999666546 -22.6811186722337048 -3.7936918696688475
vn 0.1328360120787151 0.3297869365987198 0.9346631320127351
v -22.7502074177773643 -23.0721793492604448 -5.4992705892869589
vn 0.3384141351608898 -0.9369926388794244 -0.0867217839362167
v -23.7401837362688966 -22.1913891043647524 -4.7768858390134623
vn -0.8763543199623258 0.1050078507472157 0.4700813303725431
v -25.7749997072748123 -1.0070334938138752 -4.9814313615879753
vn -0.9390976757540438 0.2967251680688671 0.1733485795380372
v -25.7754807295065511 -4.3586117647342615 -2.8639748171181201
vn -0.9592202347515000 0.2484784145409063 -0.1347405608958004
v -25.7654770236829904 -4.4686604306680149 2.7674369483221586
vn -0.8015502087800879 -0.0356649134339195 -0.5968628626027493
v -25.7749997208690793 -0.1272560430411157 5.1037541624814482
vn -0.7720792702559548 -0.4248437017003016 -0.4726536042035620
v -25.7749996535100578 3.1771680216510370 3.9840187516661594
vn -0.9574435390386294 -0.2815820326213700 0.0633516255355930
v -25.7656474944954255 5.3145560212602518 -0.3259806096640276
vn -0.8686879647829155 -0.2116340730253946 0.4478752493451698
v -25.7749996256854317 2.5684294853919769 -4.4486475752627861
vn -0.7305493043703922 -0.0450354819653186 -0.6813732598569505
v -25.8569444566021680 0.0317408201216110 -2.6963948276337084
vn -0.8229768415572744 0.3312271167103993 0.4615167552929453
v -25.8354663577437620 1.5648851147338174 2.2346365904277108
vn -0.8568375363272611 -0.1906359287999844 0.4790484098618809
v -25.8700159800493452 -1.1338205220409303 2.5259169810586632
vn -0.7561999229998220 -0.5875244515628344 0.2880567570303704
v -25.8619357142401078 -2.5890532280918102 0.8107598105856633
vn -0.7456816213722224 -0.5791753633971566 -0.3294158739063211
v -25.8517573950151807 -2.2291698716779762 -1.5931872745160518
vn -0.8526796706029576 0.3631520367763874 -0.3755768596780066
v -25.8469921658737540 1.9202615370463507 -1.9248655679194677
vn -0.6354114739170068 0.7629128095823851 -0.1192321424353704
v -25.8545341751426889 2.6913724085023132 -0.2325966092630841
vn -0.7177169277418379 0.4128951211858635 -0.5607138579825974
v -28.5227665762243561 1.0967951757229846 -2.3659431278643877
vn -0.6672571240669058 -0.4271176782371876 -0.6101953943772731
v -28.5631347852475699 -1.6930689049734087 -1.9710272474231048
vn -0.7860062133148678 -0.6133330850189711 0.0775677732794625
v -28.5283317432178372 -2.4888577072547631 0.7508043029149738
vn -0.8089340123814431 0.5574746117805073 0.1866757103445220
v -28.5576127166652896 2.5819580360888001 0.6259235764917294
vn -0.5983987324565236 -0.1922287117439991 0.7777962968384899
v -28.5144039208186371 -0.3846078716103682 2.6774787624484055
vn 0.0797945363172214 0.5895166127101215 0.8038053217743115
v -27.5314136598660575 -0.6952950789066235 -0.9611805750729689
vn 0.0277382305930388 -0.7933075485461123 0.6081888884083010
v -27.5406921271076079 0.9477938344831336 -0.7965986269295611
vn -0.5625429099480610 0.7025824851532698 0.4358019343956875
v -25.2448707741155935 -0.7911453514349033 -0.8941351385158014
vn 0.0099753975232305 -0.6595995433553378 0.7515510187935902
v -21.0795702271127787 4.0853594976130854 -7.7938609234810095
vn 0.0050508251893750 0.2523141414404856 0.9676321941699010
v -21.1355342084760345 4.6423719905118226 -7.6753184188980113
vn 0.0177752955078495 -0.9953037249641180 0.0951553148392674
v -21.0656675076422779 3.7663017078556362 -8.3359315399602050
vn 0.0061927127927712 0.8227119176207061 0.5684247979399973
v -21.0750181275348112 5.0968949994536263 -7.9706064733062156
vn 0.0115959344377657 -0.7366642862684613 -0.6761591999234303
v -21.0899192159521398 3.9686372318147649 -8.9065448876709876
vn 0.0091367959488542 -0.0174704673451018 -0.9998056319758020
v -21.0804139249329907 4.4472092788333129 -9.1332364172688667
vn 0.0156254996943274 0.9926132218062937 -0.1203114111571806
v -21.0626718651246989 5.2379229937659018 -8.4615166403774413
vn 0.0124738498905788 0.6556014489734275 -0.7550040683154294
v -21.0914376833871202 4.9723799193101934 -8.9635270635399777
vn -0.2407543291296399 -0.9690437620639822 0.0546949742684031
v -24.2939241063716835 3.6356898551915058 -8.4759280894071303
vn -0.2190922769262164 0.6564979266792964 -0.7218095638442810
v -24.3074687459905405 5.1145023454236478 -8.9928940098441625
vn -0.5742728833895302 -0.2554722239555337 0.7777818448579837
v -24.4198125681111229 4.3214577503138134 -7.5578577656183565
vn -0.7043061501390351 -0.2734257482640325 -0.6551268633345642
v -24.5371897847576577 4.2097798867482235 -9.1363357210502887
vn -0.4705867118586356 0.7906193717365220 0.3917513952202652
v -24.5242524298106979 5.2740810226396819 -8.1228681222022470
vn -0.7261613346740298 -0.6820080866725916 0.0869176951927654
v -4.5747309181376687 3.7561511685656859 -8.3411383938381860
vn -0.5862983761816855 -0.2218159863110603 0.7791353427380704
v -4.5745370613090275 4.3036921518076428 -7.6958872622250150
vn -0.6320890960397325 0.4941878724301084 0.5968598842363898
v -4.5749998103225380 4.9634678457764752 -7.8567749773406215
vn -0.4556312924289372 0.8899901712333447 -0.0178219097623677
v -4.5741891768831922 5.2396142304530633 -8.3843519413063046
vn -0.4878085702505340 0.5519341053424818 -0.6763220698379760
v -4.5749998103237735 4.9842762683253596 -8.9306201839740993
vn -0.4233227157111342 0.0455203581332023 -0.9048346674163050
v -4.5743035546535182 4.4620695829008241 -9.1302909439504383
vn -0.7199551816015669 -0.4964773227817457 -0.4849482492478192
v -4.5749998095540416 4.0126223332640096 -8.9167369772160878
vn 0.1656641584532336 0.2539454779858801 -0.9529255379170529
v -3.9432449418474791 4.5050140543508519 -9.7530627552079796
vn -0.7999649952762349 -0.3795961439220169 -0.4647179508607657
v -4.5578541145299916 3.5194433322373571 -9.4197055849663620
vn -0.3501780888136115 -0.8713464418626220 0.3437014465611027
v -4.4879458676537602 3.0068400987153456 -8.0340664508204309
vn -0.8545868805259375 -0.1076457085390901 0.5080291970606260
v -4.5561998079773076 4.1760416756925718 -6.9790233716635326
vn 0.8899473510541006 -0.4128167411996214 -0.1938454294976137
v -3.5032234857329847 3.3990112570924365 -8.4859711588699369
vn -0.5372519213241405 0.5835521279160915 0.6089558990913225
v -4.2899650598340546 5.4141885674147279 -7.1652025095024126
vn 0.8707706479433434 -0.0869455044598001 0.4839410686587377
v -3.5963489058608475 4.3004047498823326 -7.2661384174825061
vn 0.9729592051422085 0.1968519992070463 -0.1208291170919949
v -3.9175316897868973 4.5001976987559358 -8.4886880480733673
vn 0.2407846511797483 0.9099047257312377 -0.3377812041073452
v -4.0162401870169635 6.0597256109983180 -8.7696364854895474
vn 0.7279743312878457 -0.5091027565083636 0.4592033931730032
v -21.0750007577845082 3.9380826167599916 8.8406185954100120
vn 0.7268912921300967 -0.4537928447088534 0.5154620291704179
v -21.0750003146559379 3.9730353287359845 9.0330374798140785
vn 0.8302902713330425 -0.5407649459181489 -0.1348752705125899
v -21.0750002973066302 3.6641970858878499 8.3211052002552002
vn 0.7707500143178168 0.1451657178305997 0.6203799882296429
v -21.0750000027362603 4.6454904099799688 9.2136258519459080
vn 0.7433430210307582 -0.0430618937604048 0.6675229032704671
v -21.0768520772071888 4.3929819748580456 9.1145331427731051
vn 0.1653500447598642 0.7992234740601118 0.5778418479213813
v -21.1012404378407581 4.9868721458157212 8.9558609453060836
vn 0.4503495059515462 -0.8542194192948107 -0.2597970480756753
v -21.0742629395717636 3.7793047963579269 8.2023517038859612
vn 0.1507564515111002 -0.4156106252311875 -0.8969617051595474
v -21.0871774654838973 4.1768988201028341 7.7271336110882745
vn 0.0094576739160886 0.9874905708343562 -0.1573941705316123
v -21.0686400292652252 5.2446398459675203 8.2984975360128175
vn 0.0010000232965256 0.4117400146867031 -0.9113008066819648
v -21.0722038381111005 4.7517633103718948 7.7003635760939968
vn -0.4391334592072133 -0.8934306014665265 -0.0945704254398135
v -24.5666488934531309 3.6730120361119196 8.2990127239466052
vn -0.3229215164381372 0.2147593140731864 0.9217375609359252
v -24.2460696938952793 4.7212950683618162 9.2534952249252900
vn -0.3702704353316763 0.7719811097568486 -0.5166671761374776
v -24.4800097054673458 5.2476003756318468 7.9231280797800538
vn -0.6001737606557437 -0.7388010811501370 0.3065361634648199
v -4.5749998103218896 3.9149208520809955 8.8059589977669503
vn -0.6029529299807526 -0.2975569045025801 0.7402078443318932
v -4.5749998103196940 4.2464733772009433 9.0617568597218412
vn -0.6219058774367690 0.3102363808797845 0.7190177102048432
v -4.5743800040529381 4.8627057783781638 9.0355157816863780
vn -0.4981154988610229 0.8567639517714390 -0.1335532880142663
v -4.5750719305836496 5.2428080500254630 8.3627210659787377
vn -0.6570204786982690 0.3718435102595060 -0.6557869276289260
v -4.5748901051437576 4.7524606641529656 7.7267615971823664
vn -0.4684199703600107 -0.3780614506108211 -0.7985313211953359
v -4.5749998111988592 4.2187522973234053 7.7477316542212904
vn -0.7224528895332945 -0.6881820872143035 -0.0668373940422427
v -4.5737747951742369 3.8047047051734193 8.1950982346711623
vn -0.9100711262060052 0.2369405896774707 0.3400436769143428
v -4.6374265300977520 4.7288738536891479 9.8638708953244212
vn -0.4109142858255352 -0.7583166217166929 0.5060685239497438
v -4.1544159503799989 3.3936328171759622 9.6220424026762839
vn -0.8347207772444388 -0.4456892843900000 -0.3234227663853760
v -4.5566411576206427 3.4275041545798919 7.4772453591929491
vn 0.8233965588548063 0.2679930952545431 0.5001977686495142
v -3.7373236117802615 5.0309181999501638 9.3452566630614484
vn 0.9073536784405600 -0.3813835282026256 -0.1767934009970445
v -3.7444489149843312 3.3518479394094021 8.0965542338368692
vn 0.0281584671027683 0.1356571940719809 -0.9903556060461006
v -3.9449208801778233 4.8023373905815268 6.9875376923304486
vn -0.0770931976139804 0.9884336452333030 -0.1305969672406549
v -4.0973366698797644 5.8547957427945558 8.1233424362075866
vn 0.0168110603362810 -0.5540325485551719 0.8323252509637269
v -21.0659043424464514 -23.3233307584237828 -4.3127022368978905
vn 0.0127084473452417 0.2962062020307129 0.9550394658047455
v -21.0829519363898470 -22.7113113446293262 -4.1632011479672242
vn 0.0082949205116549 -0.9993952865505975 0.0337676696583323
v -21.0731232699810143 -23.6416971730051024 -4.8277500367346606
vn 0.0097268817477771 0.9406253621056326 0.3393071115304132
v -21.0725371386819837 -22.2011835366217660 -4.6960733673935202
vn 0.0133701539905845 -0.6270469550240384 -0.7788667120742481
v -21.0704821735605599 -23.3272167014947271 -5.5096593100556159
vn -0.0008447420515164 0.2164263854266971 -0.9762985742599448
v -21.0776212586367180 -22.6802685632825600 -5.6197259981596650
vn 0.0019747994022901 0.9413936699500182 -0.3373041036592305
v -21.0894536542220763 -22.2417378283534610 -5.2603475564121194
vn -0.5553174948143854 -0.5662244053097792 -0.6091078745055443
v -24.4989417144791659 -23.4885082587384773 -5.5401520474608361
vn -0.2699941265987645 -0.6161031010095940 0.7399460389302267
v -24.2795589131689340 -23.4819052635271319 -4.2624040043461218
vn -0.3806597648523244 0.6731765698224338 -0.6339806379256979
v -24.4595412495484155 -22.2091883749692514 -5.3685876055678801
vn -0.5230715573838380 0.6935734476226983 0.4953302116859120
v -24.4584573695175251 -22.2832011343516392 -4.2690736187148168
vn -0.6526355701374384 -0.6658472696712495 0.3615442242143040
v -4.5762456963326823 -23.5602765968659433 -4.5415823821501409
vn -0.5921146948744703 -0.0101439317387984 0.8057898539709912
v -4.5740237791541114 -22.7971202504814627 -4.1866723704056277
vn -0.5100969589719182 0.8225413992705958 0.2514492770591549
v -4.5762368353924714 -22.2089034154932747 -4.6467362470849096
vn -0.6432237711870070 0.6045064138542974 -0.4699310330133364
v -4.5769165466258857 -22.4205226495632459 -5.4603114700799038
vn -0.6142233898319801 -0.2411756224967561 -0.7513747044561813
v -4.5749203394722624 -23.1670906363723788 -5.5745745054710936
vn -0.5847319335379495 -0.7426759606096404 -0.3263755251754016
v -4.5749998091007669 -23.5326099401227680 -5.2243253155728571
vn -0.7052831501941659 0.4095797740155336 -0.5786364029073681
v -4.5655887165949833 -22.0005900871359614 -5.9766561991656566
vn -0.3820569754273502 -0.8722231716218383 0.3053837035816521
v -4.2827667089408683 -24.4178701084507637 -4.5694564277559273
vn -0.8651491764821837 -0.0194324997003529 0.5011379853768771
v -4.5611164826574679 -22.9855010959908377 -3.5038349386138630
vn -0.4928064141278422 -0.5830616440641208 -0.6458954694187771
v -4.2273951835901240 -24.1637935149126548 -5.9091871423703237
vn -0.4228408935010136 0.8459241827533633 0.3249890087623256
v -4.0906459409332845 -21.4307618598207554 -4.2542965197929741
vn 0.7684783453195405 -0.0790081771782505 0.6349793230601383
v -3.6304884342779276 -23.0457865864410820 -3.4942194829912725
vn 0.9492086660337880 -0.3064855056890969 -0.0712007242158077
v -3.5372124698309948 -23.3678108566676563 -4.8676679306073831
vn 0.6824169762147883 0.0540671550511043 -0.7289607762551734
v -3.8279416855243622 -22.9030750982190661 -6.3102007656404577
vn 0.8617526761849569 0.4654839773531504 -0.2017597380934971
v -3.5941305458824182 -21.9412584707077194 -5.1416988816679368
vn 0.7403406732963703 -0.2232374602530895 0.6340825843711742
v -21.0749993981554127 -19.6647632687352250 9.1966885924539685
vn 0.7231027224776538 -0.5010846424786869 0.4754331013059690
v -21.0750007577852045 -19.8634679319595442 8.9432249077841561
vn 0.7340610206887558 -0.6782735122551862 0.0331581133117668
v -21.0750005655773833 -20.1745311473631297 8.6644209185307997
vn 0.7194833436206188 -0.6834857644811355 0.1232514827664647
v -21.0750007487305098 -20.0991366147784234 8.5353816927741306
vn 0.5531760987725951 -0.0653514221119015 0.8304970772824454
v -21.0750007578039984 -19.4587075876613973 9.1062227048115076
vn 0.1799254055264154 0.6319136380855686 0.7538647109711503
v -21.0853986947081360 -18.9383356889229368 8.9794362161150953
vn 0.2062685635395879 -0.8635769925683128 -0.4600957048288796
v -21.0845981835351246 -20.0302790101933574 8.0244519826238090
vn 0.0132950310386122 -0.0892492610202181 -0.9959205849649997
v -21.0802225787947961 -19.4872857806165349 7.6461817276014656
vn 0.0096149945904222 0.9973801301363781 0.0716967773903953
v -21.0832259093411807 -18.6697280076818402 8.4731769413260523
vn -0.0095518600281519 0.7209493176167393 -0.6929219605395406
v -21.0650812925207660 -18.8344716228861415 7.9147741463704397
vn -0.3074165356449318 -0.4164309110427061 -0.8556169528125364
v -24.4130426011109947 -19.6807958006382719 7.5471130789661443
vn -0.6031923105978473 -0.6568591467613658 0.4524324234088013
v -24.4685826130798247 -20.0987693213927052 8.7999021649387856
vn -0.3122538337805030 0.1916407365453840 0.9304683613029089
v -24.2498485369463026 -19.3059917823580030 9.2970788891820657
vn -0.5207861240270047 0.8490099342564456 0.0892409354208882
v -24.5004850484535730 -18.5882817029968770 8.4560312744961106
vn -0.6067065791169970 -0.7793735854713292 0.1564734518239944
v -4.5749998091419739 -20.1021810641015648 8.5297611617481195
vn -0.7141687275411364 -0.3480612610313734 0.6073025499465027
v -4.5749998103251670 -19.7887937887849894 9.0130203516017779
vn -0.5774774976968302 0.2029729670353826 0.7907728588581305
v -4.5749998103220575 -19.2358537955294473 9.0929475720450181
vn -0.7271209533825396 0.6208187651481716 0.2930514971672490
v -4.5723332331409736 -18.7598337525059193 8.7286656135224554
vn -0.5458034475272749 0.5884021791344014 -0.5965580208640471
v -4.5735000875145122 -18.7857150168268028 7.9991733756490468
vn -0.6986222882818863 0.0444937261467102 -0.7141058791589400
v -4.5755044774606182 -19.4578304941119562 7.6758415672659011
vn -0.5748392089765243 -0.6112568413665324 -0.5439898507379102
v -4.5749998080811274 -20.0041132340076757 8.0098218465909614
vn -0.6951013387543820 -0.5609702933515484 0.4496070048819787
v -4.5205018184650267 -20.6587645593518801 9.1915236877228033
vn -0.8804714710932847 -0.3363644524247137 -0.3341091793648441
v -4.5554523904782300 -20.5540110515323811 7.5266458420235640
vn -0.8040414476605354 0.5662123969544044 -0.1814410978226774
v -4.5435550429783840 -18.0327982711444648 7.8423081438737148
vn -0.8115717057527488 0.2226576096863360 0.5401619713292863
v -4.5832808946274799 -18.7078543377804571 9.7485155297334067
vn 0.8753024624765073 0.4683092146664206 -0.1205490715065148
v -3.4241520304153088 -18.3230722976484053 8.7245572277906085
vn 0.1813380846444207 0.3098757122167505 -0.9333239212811673
v -4.0602364373294746 -18.9270374734570979 6.9319837394207573
vn 0.5917585819934704 -0.7688688123437550 -0.2422034889141375
v -3.5828573862148927 -20.9101547519436863 8.1781418144052580
vn 0.9315256704643264 0.0329826016304320 0.3621768535614544
v -3.2706988897165399 -19.8611524850944896 8.9357338647676450
vn 0.9043510677896311 0.1964962484836871 -0.3788645807139950
v -3.9523639154595340 -19.3889325413855502 8.4570629325519810
vn 0.8986339199198911 -0.4386992367294841 0.0002401299206227
v -0.9641293753422469 1.1586187302488338 0.2130403034529610
vn 0.1515431678713495 -0.9293323678424872 0.3367135553431020
v -2.6399263253094292 1.2105103000477535 -0.1700826823469378
vn -0.0401651982644965 -0.2099077318983215 -0.9768958495856537
v -2.3607352016174166 0.3568907416092442 1.2153109206695549
vn 0.0231104094937152 -0.9405518817934643 0.3388629024071620
v -3.6234174911905295 1.0904123899850779 -0.4314713272427714
vn 0.1889568503640412 0.6113307711628659 0.7684855216137236
v -5.2794135803838103 -0.9134868462386447 -0.9466142134037298
vn -0.6841696208241750 0.6594667286793031 0.3114732150704504
v -12.5746043316722247 6.6778401066545765 4.0275075136597955
vn -0.3993574355792054 0.6855767797489204 0.6086855655563889
v -12.5843691626635081 6.3612001514673837 5.0719019733161783
vn -0.8965111201050653 -0.3523549379406443 -0.2685401445534837
v -12.5698679278373966 4.9698103254990444 4.3664191314759968
vn -0.5269359395212244 0.8342937203380962 -0.1621496341201644
v -12.5859242857506182 7.5820402568209575 2.6118367548193091
vn -0.2784797585391530 0.7690971157243160 0.5752726750581093
v -12.5605170672454509 3.2558969885567697 7.4740732383557642
vn -0.5240635844356863 0.5839781015047973 0.6199410749670270
v -12.5751808278550303 8.0780279385101412 1.5860769471318485
vn -0.6265373245986606 0.0119039605618830 0.7793005046884633
v -12.5750021273510217 2.0631765770057746 7.7770317000621159
vn -0.3260503572029325 0.7088880727778977 0.6254349405342481
v -12.5779607155507271 5.3962984722332319 5.8561228822392168
vn -0.6281405830592137 0.1897770429575789 0.7546019360433077
v -12.5744614291874761 4.4253952335393709 6.7180260196833368
vn -0.8392606518170334 -0.2383093810871393 -0.4887230270792579
v -12.5756105325404217 3.2003880205361188 5.8020423282592501
vn -0.9220646400743626 0.3844051860363153 0.0450494447570884
v -12.5738600377372673 7.0906714555440136 0.7345882129535964
vn -0.8161913518427049 0.5550238684260316 0.1605620834897863
v -12.5750001557569622 7.0306765281074961 1.7853882529355052
vn -0.7040087606705496 0.7061806045592949 0.0753698788866310
v -12.5752447912518726 8.2095675248630613 0.2168906758207255
vn -0.5357412500392511 -0.3319964342890102 0.7763759917886202
v -12.5710584795709774 0.7939359391105123 8.2280797510322188
vn -0.9811979764723985 -0.1876310492151158 0.0452230067211970
v -12.5798198006519470 6.1137878362755238 2.7683223709460600
vn -0.7418069108616608 -0.0455149715400572 0.6690671822497257
v -12.5750570492848190 -0.5615901603383672 8.1748878612949518
vn -0.9047972425266980 0.2085808795461522 0.3712626652436751
v -12.5749998088416994 0.0165403053160105 7.2085447576378314
vn -0.9925742084965050 0.0704232710441506 -0.0991816692891316
v -12.5755558622271870 1.1471466862715634 6.4521873289469349
vn -0.4346852923294754 0.8786684936896679 -0.1974598056050097
v -12.5751178857111476 8.0283197992906015 -1.3061542544778275
vn -0.8061103826320682 0.5449506390508684 -0.2306834454633245
v -12.5750858324301991 7.3410533852676938 -0.4353069681969297
vn -0.8927259253285690 -0.4498365835417052 0.0262196558668649
v -12.5749731858163969 6.4717811486785219 -1.3632266101897093
vn -0.4902245288710355 0.1800361801161607 0.8527994401630155
v -12.5753803736690273 -1.9064976066058035 7.7430792698160138
vn -0.8298361864633182 -0.3376616801809286 0.4442482339564325
v -12.5754278219984812 -1.0284901554660852 7.0779908914253831
vn -0.5606753684446003 0.8275326791457203 -0.0288582079384383
v -12.5734494505880292 7.4213629365354459 -2.1973862301945815
vn -0.5802482139297408 0.3851384604470541 -0.7176213322608371
v -12.5783070256538529 7.3984098153971720 -3.6681938544033681
vn -0.6499940397669082 -0.6495791680602300 0.3944041742802356
v -12.5764334575326870 -3.0167763330833406 7.4904837356068548
vn -0.8599186573483525 0.0669658674837910 -0.5060192440375664
v -12.5724335187168901 -1.4908084317029997 6.4049760544787171
vn -0.8776932683671170 0.4155154543408780 -0.2387497306112443
v -12.5779295174141943 -3.0593932851328818 5.9304597605594918
vn -0.9955810403915424 0.0930564910609096 0.0126048198846701
v -12.5744699946970719 6.2724617832293790 -2.5307858700572692
vn -0.6258584526416338 0.7394162288480002 0.2481226264838047
v -12.5749971528616538 6.7115397689391347 -4.4760493332613196
vn -0.7269955389700472 -0.2940654954308587 0.6204860761650129
v -12.5764110318675346 -4.3059705203916137 6.8689028973195914
vn -0.2964916366427788 0.3691082621440649 -0.8808245002370647
v -12.5750006892272719 6.4892799453337222 -4.9030026217618827
vn -0.3729624685970607 -0.2872266902311539 0.8822697010760617
v -12.5750001102343845 -5.1682277636095115 6.2907738581254824
vn -0.9168091026695484 -0.2505814208295554 0.3109180290644121
v -12.5749996128547039 -4.3549961932274206 5.7823864902726552
vn -0.7692975994282489 -0.6163942230286619 0.1680457239290119
v -12.5749995504205749 -5.4430957340355661 6.0523326558702539
vn -0.4978901445907958 0.2053963639558750 -0.8425661621457761
v -12.5750369331130365 5.7346802806124799 -5.8256957219413774
vn -0.9160526326109606 0.3768907042186652 -0.1371166341480385
v -12.5741971038047087 4.6259645735492230 -5.4637425741363161
vn -0.9196302170282894 0.3828384320215861 -0.0878350664356480
v -12.5749985827924995 5.4598016352416971 -4.6676173841364044
vn -0.8817225244673221 -0.3457514117812147 0.3209693927748712
v -12.5766898969974488 5.7689479261699228 -3.4989249026459528
vn -0.4066064742038467 -0.8020285790279912 0.4375172380122385
v -12.5771884103802414 -6.3399115587648032 5.2459600532516735
vn -0.9311039341328861 -0.2686251715983570 0.2467508480755749
v -12.5749237826906128 -5.0958448282434405 5.0177393444807983
vn -0.5494778905824683 0.0178431825396948 -0.8353177051864137
v -12.5809439683184827 4.7990541762170862 -6.6787549205569761
vn -0.9578786078356655 -0.1458306394181060 0.2473903742220250
v -12.5762292104805766 3.4238349769676693 -5.6998548251239649
vn -0.6680440779006503 -0.7087629654886863 0.2266542934372803
v -12.5767237710512365 -6.4702348014409372 4.2260721626613060
vn -0.8048254432242148 0.2140470534420201 -0.5535701083437716
v -12.5749535302424142 2.6886633293734437 -6.6118248295695512
vn -0.5573706469797242 0.7553838657748128 -0.3445768088721343
v -12.5749599617553187 3.7747944943927565 -7.3188268164191967
vn -0.5946057918101390 -0.5535917730217719 0.5830781261447292
v -12.5749618599678197 -7.3383022242205520 2.6989099218413277
vn -0.9134895983558613 0.1706475766842058 -0.3693455810855941
v -12.5764641903408467 -5.9645843005886707 2.9724606783850183
vn -0.9415978318402261 -0.1613705446492463 0.2955555284432873
v -12.5753594559295383 1.3147687891645166 -6.4706795398171542
vn -0.7524788926910569 0.1472348390448437 -0.6419481429413747
v -12.5740426015366555 2.4110059004912974 -7.8526001316137108
vn -0.3554955311848315 -0.9342534256171242 -0.0281684935749651
v -12.5717991883691269 -8.0779259447695857 1.7572868984021008
vn -0.5649013283172196 0.7808501233801616 -0.2667575192616455
v -12.5879471445445912 1.2833099759569075 -7.8557934712303572
vn -0.8141416061426515 0.0087118257334548 -0.5806010241464045
v -12.5721892437825389 0.4376436047915987 -7.1218460399374353
vn -0.9626002817381495 0.1855261074167433 0.1974354605039997
v -12.5742342805398284 -6.6661406326296744 0.9460596948040340
vn -0.9725567896349733 0.1553258043652513 0.1732258220739679
v -12.5731902915677569 -6.5845735236795750 -1.1992299583348509
vn -0.4762475763310174 -0.8038037049452289 -0.3564938287756959
v -12.5766044881063142 -8.1398538754839542 0.3074383583760493
vn -0.9750710060772049 -0.1435141420770746 0.1692342286048216
v -12.5775921569147844 -0.6689352859753838 -6.5952346004296780
vn -0.7943789073176460 -0.0339048173561024 -0.6064755683198393
v -12.5840306901613950 -0.1087793482984185 -8.2092400507556089
vn -0.9163595921132744 -0.2724953327107021 -0.2933110833106667
v -12.5737326843308139 -1.7842944774486889 -6.9214033836759450
vn 0.0000000000000000 0.0000000000000000 0.0000000000000000
v -12.5706042235980053 -8.1786825115844461 -0.8368946300196068
vn -0.5616529796508641 -0.7622302000212294 0.3217934937578794
v -12.5668767365230174 -7.9190228876876692 -2.0792596087632220
vn -0.5581657366898732 0.3732880705599573 -0.7410175617102982
v -12.5762442424482757 -1.3785608058699848 -8.1044460533315661
vn -0.9034095771284757 -0.1562654655604695 -0.3992896695704991
v -12.5749971469815893 -2.8842383814652557 -6.5185253755742467
vn -0.9673965141113711 -0.2239440036419391 -0.1182922977965469
v -12.5757803172813531 -6.2627569906578513 -3.5312836729436881
vn -0.9971251149027781 -0.0411497828735937 0.0636254713112413
v -12.5752216785685622 -6.3323979904245391 -2.3002261349438622
vn -0.9261828364006705 0.2191226309617700 0.3068723287577441
v -12.5803286113701756 -4.2842137569245491 -5.0839158652739940
vn -0.9113528906603756 -0.1110253415720402 -0.3963701328478085
v -12.5749767519280784 -4.8271656446970361 -5.2881950428302131
vn -0.4890021866284567 0.1318873884463552 -0.8622543582037657
v -12.5750164562912463 -2.6477984804402452 -7.8046567313162418
vn -0.8833782611243949 -0.3665040834071147 -0.2920917743086085
v -12.5747981350943974 -5.5956342873941018 -4.4240199378189020
vn -0.5282491367496640 -0.4808617963573205 -0.6998033883364997
v -12.5747260257030575 -7.4223467227554307 -3.4655821545821017
vn -0.8846896116001420 -0.2321166011549638 -0.4042847691851095
v -12.5741830803035040 -3.8918959925928420 -5.9903121232221528
vn -0.4832941701122834 -0.5973763733634371 -0.6399751664577515
v -12.5781839193202050 -3.9253525056155159 -7.2180576709626569
vn -0.5117714193540722 -0.8589184698744545 -0.0186835874725431
v -12.5753853980281320 -6.8614607191093020 -4.5197201214590255
vn -0.5006839099290623 -0.8055523844555079 -0.3168611339943605
v -12.5753172603855550 -5.0683834421887424 -6.4522196269374774
vn -0.7344962545390024 -0.5004450589444029 -0.4583339339895205
v -12.5779517537454559 -6.0080987668010266 -5.5921819505791976
vn 0.7262083929147697 0.3975989714272599 0.5608354731827619
v -9.0798969811948194 4.5347350089065834 6.8351919117624860
vn 0.9427081874435826 -0.1386920300069370 -0.3034234568048259
v -9.0749998172142536 -4.1225308141987380 -6.0069603777370704
vn 0.5476157778875470 0.7827498782836899 0.2956680365806987
v -9.0770950855690948 6.4184932065445119 5.1772459857129016
vn 0.4124128965968641 0.9106794488469347 0.0240529451092239
v -9.0778284488194920 7.2143055211278089 3.9456118287889796
vn 0.9857397093218834 -0.0550798969785742 -0.1590076426302788
v -9.0749999128277850 -3.0009667893150551 -6.5418207878158761
vn 0.4746948656822329 -0.6954685475420733 -0.5394332988189043
v -9.0750002055116532 -2.8953338819244374 -7.6221018864906327
vn 0.5065152109598505 -0.8406486138149944 0.1917087612949043
v -9.0776744731998047 -7.4834072813934363 -3.3370117564608517
vn 0.9386999404934588 -0.3212961242282035 -0.1249448769398389
v -9.0752392387646257 -4.8245680680924039 -5.3221661749166600
vn 0.5076097079856217 -0.3455954655031793 -0.7892377072735391
v -9.0744526923929509 -6.7904060862299076 -4.6256655443646579
vn 0.4317215899521915 0.1868537840218814 -0.8824410077539778
v -9.0750008360071064 -3.6988116498526189 -7.2471590653387494
vn 0.5259550667080204 -0.0372001408028967 -0.8496984272837077
v -9.0745086867591596 -4.9418652022929743 -6.5560967229338862
vn 0.4563976942734863 -0.6545121445337645 -0.6027561673841738
v -9.0749315341661561 -6.0420918374497541 -5.6383044278322663
vn 0.7145294212134824 0.2635203750246996 0.6480777099755611
v -9.0754129740136431 5.4748431050615265 5.6480654061673707
vn 0.4894249024035520 0.5080740297277290 0.7087482241413380
v -9.1004852445995255 7.8186225215901830 2.8237628405311335
vn 0.8631846844943656 0.1556076064947686 0.4803108090136344
v -9.0755374083419991 3.4169337369101433 6.2472338777297240
vn 0.8163280912967009 0.4201641321748318 0.3963212704279894
v -9.0752282211845081 4.3634545772104660 5.6914109649105082
vn 0.9771216767131528 0.1921124961855704 0.0912470147819985
v -9.0749998038570041 6.5571085040405830 2.9532995152323487
vn 0.8955201120117091 0.4007504695046838 0.1935013957942202
v -9.0750209868430112 5.9303529004825020 3.9732975885628941
vn 0.5213169270064995 0.7935248638422869 -0.3139218885018694
v -9.0747394308623655 8.1025784087012198 1.4808364768850544
vn 0.6354652212712192 0.4441042953934585 0.6316291058586522
v -9.0716243655922568 2.8093119520684509 7.0545916287075752
vn 0.5984427047961078 0.7315492521758309 -0.3266527525022571
v -9.0749990512216314 6.9852949808059961 2.0671779504691941
vn 0.7559996714547602 0.0369634113666613 0.6535275074397661
v -9.0539862675242357 1.8191049762964471 7.7980251060989128
vn 0.8442118635747672 0.3040836415100760 0.4414062396088105
v -9.0749995511530415 7.0310204371168030 1.7895205339686397
vn 0.3881047557017547 0.9125679625464022 0.1288193010988248
v -9.0746913238012858 8.2658246234313211 0.2162719097206679
vn 0.4662282315483195 -0.0535553328402257 0.8830419369609233
v -9.0749616343219035 -0.5586033147334702 8.1891605011781774
vn 0.9340184344035266 -0.1424370634606629 0.3275992172565256
v -9.0750008393828967 0.0693291827853247 7.1567059849644368
vn 0.3267376029532165 0.2862830661806027 0.9007133533120395
v -9.0900656832652196 0.8710209748243765 8.1971449068704381
vn 0.9683881470068257 0.2483414898711531 0.0234712834174515
v -9.0753218338415103 7.1249669831391227 0.7611727592891974
vn 0.8291117167762050 0.0933712852109163 0.5512309535961092
v -9.0752811794734374 -1.0874228550382430 7.0674346621081634
vn 0.8536228173677836 0.5203486042497084 -0.0237784718699077
v -9.0749994647550896 7.5260457992831986 -0.5238642834874069
vn 0.9139261268821087 0.0817831502757599 0.3975557205389453
v -9.0751154453676506 -1.9723441022976227 7.8015078980435151
vn 0.6125664839955629 0.5277138815284758 -0.5884559133252580
v -9.0751112103637634 7.6494232419290817 -2.3207241524250306
vn 0.9278122039989061 0.3563369198024494 -0.1104016018742254
v -9.0751011918068389 6.7073987803940458 -2.6261734072471405
vn 0.9327799889234477 0.1226305322067458 0.3389443093410232
v -9.0749998088551536 0.8698133878199212 2.9031010805937925
vn 0.9563497118971551 0.2432165371665759 0.1619905694876339
v -9.0751338574792157 2.7588038794212482 1.5339161203463467
vn 0.8841199661436847 -0.3700796074114289 0.2852594777466520
v -9.0753118157893091 -3.5738580813283276 5.9230876464326965
vn 0.3394066413456771 -0.5118921931306964 0.7891574712453104
v -9.0762361461734944 -3.0687579144431307 7.4799524423991546
vn 0.8076009796602526 -0.0933382056014740 0.5822960046461744
v -9.0749998087860622 -0.4738218735964223 2.9820391736777645
vn 0.4952261240627730 0.8518528883218283 0.1705806047108575
v -9.0757744151359887 7.4329411482078438 -3.5637810243636698
vn 0.3382938070466416 -0.3888670931212930 0.8569362193309868
v -9.0771052436076776 -4.2172168701074400 6.8585081048888830
vn 0.5778011409879910 0.8151559991512597 -0.0408232595549038
v -9.0751846679176875 7.5026661724552888 -1.3865246191683904
vn 0.6119345880034439 0.7792988924053889 -0.1350159112874832
v -9.0750013769539475 6.7395685790303164 -4.5440831529647880
vn 0.5239831334005700 0.3014051838819455 -0.7966157110180611
v -9.0750011809131408 6.5087889594887107 -4.8869306016169380
vn 0.9115278701253959 -0.3557485337237550 0.2063005640759558
v -9.0745600274643223 -2.7106976541922085 1.7127676754476464
vn 0.9210693143131113 0.3520732486068999 -0.1663602892704840
v -9.0752669159827501 6.1170747441179705 -3.6731313254198117
vn 0.2854765440088729 -0.9222598808661435 0.2606527478572150
v -9.0749989673425677 -5.4451132685322792 6.0533162819458637
vn 0.5945527519756453 0.0341292309322336 0.8033319492676493
v -9.0750018716760952 -5.1635228189475688 6.2912672333407640
vn 0.9268025189344936 0.3370317667410953 -0.1656703929616075
v -9.0753580556807965 2.7457515478214893 -1.4659164869708374
vn 0.9502026826981884 0.0864976701775945 -0.2993877332941582
v -9.0750004922311138 5.4549882249782407 -4.6123154241974360
vn 0.5011660791699877 0.8438759020438997 -0.1915881599655263
v -9.0749641549617177 5.8903519376410740 -5.7348333740162669
vn 0.4650144121949488 -0.2522101718542710 0.8486174789999470
v -9.0741342931044091 -6.2567595291917071 5.3447412503786813
vn 0.8570129767941447 -0.4763172540632585 0.1965976375444939
v -9.0757003288256382 -6.1246351817391984 4.3247934935497643
vn 0.9822035515462639 -0.1346273510096148 0.1309643451098029
v -9.0752356509515053 -5.1279656850418460 5.0273033165467034
vn 0.5018563723346715 0.8125279210107276 -0.2965443628280066
v -9.0762455048754820 4.9154417605228895 -6.5934818401003561
vn 0.9161941455017635 0.0952636179169966 -0.3892468764802850
v -9.0754030039152411 4.6711217693485807 -5.4208337926767980
vn 0.9364763692875141 0.1926047357491641 -0.2931133322335751
v -9.0749948149263187 3.7090735700441160 -6.1028065644893932
vn 0.3458457315314110 -0.9382497491845291 -0.0088395778559493
v -9.0749994216596885 -7.0827307138201094 4.0070243777076762
vn 0.5108124227841139 -0.0714384050108868 -0.8567188704697265
v -9.0744675970339923 3.6777519408498804 -7.3674479243977649
vn 0.6920271127366404 -0.6690197216406126 0.2711292815121719
v -9.0705533497383506 -7.6350268342375758 3.0332176124581571
vn 0.9065043674448935 -0.2623449845546311 0.3307944087834072
v -9.0750129469859324 -6.4363516906691309 3.1509447682541412
vn 0.9019223334192413 -0.3833923526972131 0.1988627878032653
v -9.0750579388075678 -6.8472945700905141 2.0837516208216327
vn 0.9638814597506933 0.0918352835426943 -0.2499976244797252
v -9.0750660727392809 2.7114868030996919 -6.6563352653494237
vn 0.3406467259764389 0.3599090503263274 -0.8685765847492862
v -9.0720749067449109 2.4437027657563881 -7.7834747728040581
vn 0.8803503698180173 0.3078643272105334 -0.3608362265522766
v -9.0745329295998207 0.8624174373460683 -7.1828154865617755
vn 0.7407893157996801 -0.6560867802234176 0.1441572974674213
v -9.0706739111984174 -8.0262357147166945 1.7661401888020765
vn 0.0659800760185022 -0.6508590773016300 -0.7563260481185767
v -9.1005830334693822 1.2357918638309040 -8.2394261819971160
vn 0.8838183686839947 -0.4164320039368965 -0.2131888300869987
v -9.0749975892832513 -7.2392613974597282 -0.0608193628701560
vn 0.9439746326911412 -0.2989290089679499 -0.1398332593951250
v -9.0751515359014316 -7.0712787531110122 0.9688482063230704
vn 0.9421617389410135 -0.3054954917237488 -0.1378541338230757
v -9.0750774907752838 -2.8593482578145055 -1.1227465724625278
vn 0.5053243995156486 -0.6954943302141224 0.5108178617610767
v -9.0769970347123738 -8.2145235717325100 0.4434881359501719
vn 0.3926887730640910 -0.1026422989163370 -0.9139256457626016
v -9.0870539500945142 -0.1234780931874534 -8.2472422376601013
vn 0.8963151052477910 -0.4090423807769186 0.1711828345161742
v -9.0749997894736705 -7.0852377070734791 -1.4690587002024740
vn 0.9152099647889782 0.1787456598138550 -0.3611657645024884
v -9.0751516703026791 -0.6823114752362319 -7.1272118728695624
vn 0.9294245194687807 0.0161151344310929 -0.3686602298221140
v -9.0746614860657022 0.3089739434366541 -3.0982550292123254
vn 0.3995061403174486 -0.9104116185721031 -0.1074501215335681
v -9.0662374450983112 -8.0669382895885011 -0.8257548176909574
vn 0.5054560249689599 -0.5881264667370755 -0.6313647645742846
v -9.0779196372853743 -1.5030005525655796 -8.0693167378340007
vn 0.4877613677661183 -0.5834091215468001 -0.6494017593223139
v -9.0817779676765014 -7.8690746537411753 -2.1933481786389497
vn 0.9124019231437318 0.0623320930547624 -0.4045212489091665
v -9.0753710925124196 -1.8071109087459498 -6.9403847408735997
vn 0.9645980204169182 -0.2536459713285533 -0.0722106656703658
v -9.0746604487065721 -6.7331063696235587 -2.5137511676930391
vn 0.8820786883106695 -0.4150155838659202 -0.2229332922121726
v -9.0752191972965175 -6.2236110765494503 -3.4787517779953396
vn 0.7143611885890193 -0.6812145674387657 -0.1601087297648035
v -9.0728241265873670 -4.0246691270948496 -6.7655525462507837
vn 0.9328191944334017 -0.1935933804279229 -0.3039242562730217
v -9.0749998087060497 -1.6205517701776724 -2.5539640593735982
vn 0.9676142285263715 -0.1943077401271287 -0.1611434357335206
v -9.0750275268879097 -5.6354918144388648 -4.4567908213918059
vn 0.5754125032703077 -0.8093622006248113 -0.1176149619732153
v -6.7750001917489806 -2.9526208056633951 -0.8046521533035321
vn 0.7396619374364755 -0.3604263848744273 -0.5683247657757582
v -6.7740124516203526 -1.7938534710177092 -2.5077728022428296
vn 0.6196240872913481 0.3335792015507070 -0.7104863874425439
v -6.7808979027314198 1.0262659286253533 -2.9668923205258277
vn 0.7547500871028441 0.6424983429971516 0.1324695635388129
v -6.7686556495818024 2.9374142295537751 1.0759149398467487
vn 0.6342658185206158 0.2698383071495148 0.7244957967104140
v -6.7750001424921145 1.0589159647657431 2.9093568172867763
vn 0.5801068910874397 -0.3218749703562204 0.7482462818959060
v -6.7750001153017028 -1.0134368640442752 2.8561369034210742
vn 0.9127302550166928 -0.3588278092092190 0.1953614212562842
v -6.7713878655868447 -2.7177365786676400 1.4967130735257741
vn 0.8242160374650404 -0.5481038975506839 -0.1423026390309633
v -6.7750025020876246 -2.5240740652130356 -0.5133645162014111
vn 0.4910547469892036 -0.5126046657841841 -0.7043448672884995
v -6.7790324956225403 -1.5176963703499540 -2.0601675453433463
vn 0.4181210698743983 -0.7761003257581568 0.4720625544196143
v -6.7750020476993349 -2.1368898392390192 1.3925323529187834
vn 0.6445494319532612 0.1839732938916496 -0.7420982798143281
v -6.7757307270866276 0.7988001350051412 -2.4842248436200713
vn 0.8227320049465382 -0.1330603667047744 0.5526363966018166
v -6.7751304777583101 -0.6912694373471063 2.4850287922174004
vn 0.3826922530934707 0.8468883487535399 -0.3692245443734011
v -6.7541860953461121 2.5793360521107442 -1.0731707357561391
vn 0.5875277432849366 0.7429100537791133 0.3207737565082664
v -6.7750362557529593 2.3982046230317993 0.9064712757013169
vn 0.5668913382991144 0.3923523525391981 0.7243575374208483
v -6.7749997165851790 1.2875609161811683 2.2316507240525185
vn 0.5874368807774278 -0.7571572783117625 -0.2857109850915960
v -0.9422741761175747 -2.1295893854445542 -0.9188146103791720
vn 0.5981791036966613 -0.5831562953587883 -0.5496457905634070
v -0.9091851943316664 -1.6487249236240917 -1.6417799476121160
vn 0.1834419777707095 -0.4337315321355313 -0.8821711845344616
v -1.1752614309220850 -1.2246735262362756 -2.0876125618456700
vn 0.0192257238048867 -0.2353703637620208 -0.9717155774231019
v -4.3224492121717377 -0.7214566447533294 -2.2461812171189690
vn 0.6103537787517905 -0.0959996843592918 -0.7862902297283914
v -0.8816088697773271 -0.2851223953989864 -2.2226244261002184
vn 0.0491274937208049 0.2127798530700072 -0.9758643468680565
v -4.1331658725136506 0.6106121367109886 -2.3720502880151093
vn 0.0641227589301923 0.8797460575742034 -0.4710999320418404
v -3.5984815348479882 2.1727603011156758 -1.3772482551967529
vn 0.0740658832468269 0.9938373098678484 0.0824720949988883
v -4.0191548185631909 2.4724889661606753 0.2672423806984947
vn 0.1630600394325600 -0.0969921082220472 0.9818370305111204
v -1.2890896101684530 -0.9255646473492782 2.3377267937162984
vn 0.0312032754511347 -0.5695710933850708 0.8213495755043984
v -4.3856725782307384 -1.1896933065894799 2.1632376050817195
vn 0.0501231310824255 -0.7728690026155012 0.6325829404328056
v -4.3671976009707949 -1.7199276285962675 1.6402789199819474
vn 0.8166931559306710 -0.3015711576697137 0.4920031767354245
v -0.8844593754091248 -1.1231379879654602 1.9738339821001445
vn 0.2667694943473310 -0.8104840602703810 0.5214878952893410
v -1.0182753489907785 -1.9396081267900200 1.2331608666810081
vn 0.6768534481247725 0.3740202378924226 0.6340175639589974
v -0.9172209583612507 1.3156897323070667 1.9526249423394078
vn 0.2901804872166761 0.0005287789703318 0.9569717891513276
v -1.0771273310610310 0.0767329280789169 2.3373017571878960
vn 0.5086274974411042 0.8490690626249440 -0.1427578219923470
v -0.9470628973765445 2.2460598264592027 -0.4357323051358226
vn 0.6063074468906136 0.5301803087561323 -0.5927057617842416
v -0.9221845928364144 1.5667582847776294 -1.6621124286616336
vn 0.7391763246173119 0.2841502586009894 -0.6106365462877517
v -0.8960657094718931 0.8625902901316279 -2.0955072919514488
vn 0.6814915852707443 -0.7130106315606874 0.1648789206860521
v -0.9014822356752454 -2.2750095819317022 0.3568500865290983
vn 0.0236556224586359 0.3229384141108943 0.9461243006168033
v -4.0302713586163872 0.7226114622513095 2.3617711294375057
vn 0.4989705641815269 0.7493425967842132 0.4353321131332503
v -0.8911260595916747 1.9264010165558696 1.2239117646808417
vn 0.0484609409101927 0.0659491933580367 0.9966454941961677
v -4.4052917599487085 -0.2785445194774457 2.3469198062832524
vn 0.0371981596923327 0.6846017099302240 0.7279675787259465
v -4.3600334145737776 1.3557548510536814 1.8624237645031094
vn 0.0503318001886993 0.8079186018399556 0.5871407349952277
v -4.3946630026537203 2.1080881028147775 1.1428669833503327
vn 0.0490606648567114 -0.2192535078347943 0.9744336562670418
v -2.2219663573573736 0.3021552145937145 -1.1484361701432073
vn -0.0289661630936267 0.4570391634953442 -0.8889747827847027
v -3.2782837736038823 -0.8301473601836268 1.0585606618282843
vn 0.1221588415284917 0.6740542847705625 0.7285108363084672
v -3.3046787408530034 -0.7257766331091380 -0.9834376357761256
vn -0.1383815865937533 -0.6112027285900854 0.7792828504823073
v -4.5198344659682403 0.5797471879017362 -1.1272923463041680
vn -0.2226352050509380 0.8898401817912800 -0.3982687739976466
v -2.4649873161671825 -1.1302525457788530 0.5852086496555629
vn 0.1721333587875461 0.7156078324170344 -0.6769605136017250
v -4.0608865138057437 -0.9311960895350107 0.8949828955559431
vn 0.3009967727959674 0.6847457762917706 -0.6637199444170663
v -5.3061682711226359 -0.8020807810305469 1.0687312965484337
vn -0.0313284459812011 0.2713406396507138 0.9619733809967637
v -6.2250025039337293 -0.4611922161793156 -0.7755444682712200
vn -0.0281167617311307 -0.7485327534126737 -0.6625014451140439
v -5.1438940030033899 0.9146696137214427 0.8253128804976487
vn -0.0302463170558921 -0.7563043835918886 -0.6535203437263816
v -4.1752670419465110 0.9911511456078124 0.8251900371414798
vn -0.2252544243318498 0.8414658402645459 0.4911167722515785
v -4.3945525641102954 -1.1054738919827964 -0.4904786863846058
vn 0.6851308164322398 0.0484990184464283 -0.7268036939811364
v -7.6890199460648301 0.2470979811949063 1.0647290486741434
vn 0.0964374921034744 0.9607981702982029 0.2599359268520183
v -6.9979731216164316 -1.1534158235575274 -0.5987870004538556
vn 0.5452909712577495 -0.3786737777435925 0.7478395059865296
v -7.3555453291918713 0.9164267932873172 -0.8977839474832064
vn -0.1275369282221766 -0.9406506951476574 -0.3145005590740346
v -6.8823416325929614 1.1930830505635150 0.5391745861579496
vn -0.3955048885274530 0.3342468241674970 -0.8554852095067624
v -6.7053280218918676 -0.5671307892685262 1.1849804571727238
vn 0.2573661286683551 -0.6562290305993531 0.7093138481750495
v -5.6572049151421231 0.8297316503706808 -0.8718787766319915
vn 0.8588360961416454 0.4824148267815387 0.1722686705861414
v -7.8388494288421420 -1.0274738371089025 -0.0990789288312328
vn 0.2793252654448967 -0.7925641631196857 -0.5420511446556775
v -6.1205611834422760 1.0609005031274388 0.5909418448451669
vn 0.9497389941041157 0.2505769776082207 -0.1876353414760445
v -0.9994056124943170 -0.8379890508445700 0.8633679662095214
vn -0.5761478285153792 0.3771652111171420 0.7251207369948643
v -1.2949674771317119 -0.5533648321777511 -1.1986070137175822
vn -0.1074693750141966 0.9672140620577049 0.2301027848416704
v -1.9080703807152188 -1.0867977510231510 -0.3468273883127378
vn 0.0851038032546001 0.9875073653567592 -0.1326142753920344
v -4.3586934702357212 2.1906869395383231 -0.7163685864262807
vn 0.0291223106897687 0.5495803827293592 -0.8349331074637895
v -4.4154378676983255 1.6333584236820404 -1.7158627231597003
vn 0.0265844678031361 -0.6396088071742666 -0.7682407434240490
v -4.3790221662518025 -1.5099387008186360 -1.8665491330383432
vn 0.0321490682888056 -0.8532360875777409 -0.5205330116939667
v -4.4096469055814751 -1.9956940836111232 -1.2778035069473548
vn 0.0404756837006505 -0.9991666508416589 -0.0052652516395243
v -4.3754369124814652 -2.4433417194281701 -0.1287182162337261
vn 0.0386269350472643 -0.9201641864456569 0.3896226762800863
v -4.3718298648168181 -2.0854085285637458 0.9815007444198908
vn -0.7457952693327614 0.4915489867602388 -0.4496320827697421
v -10.1743657509026608 -4.8805090593216356 4.4423692060940221
vn -0.6003600528455383 0.2395569852880436 -0.7630073772559519
v -10.1750001951600080 -1.8186293030118170 6.2737836158849714
vn -0.6276962434612653 -0.1182020695100710 -0.7694320611387027
v -10.1750001953054863 0.9260372429406558 6.5006868377646327
vn -0.5978794066445303 -0.5096689906555714 -0.6186903385980060
v -10.1732677765899950 4.2382804210004830 5.0636614657461392
vn -0.7426289439265028 -0.6005543724153936 -0.2963725652204671
v -10.1750001828362819 6.1203307066722221 2.2823948919978427
vn -0.5706903640247305 -0.8209303741830795 0.0196425342802212
v -10.1754505156091390 6.5630143150323130 -0.5213005595940684
vn -0.6667967867169127 -0.6776993967905995 0.3100089882788203
v -10.1750001824479650 5.6743951506824111 -3.2179067047581000
vn -0.6534938856478627 -0.3823918539493848 0.6532397809793971
v -10.1740141977847216 3.4199388061509404 -5.6613071596672260
vn -0.6576845573177768 0.1259768348041373 0.7426848996434836
v -10.1741363205237576 -1.1204114474658950 -6.5347620394113894
vn -0.5574925411755666 0.7101618040710131 0.4299677645733610
v -10.1759249033573553 -5.2731552537687110 -4.0899721478188074
vn -0.6732351439651042 0.7351005008701392 -0.0798855090160660
v -10.1749989029818622 -6.6032059898720004 0.5006546703066223
vn -0.9876953991596877 0.1524269804106559 0.0349830547790598
v -10.1788813498542989 3.4248298537278976 -0.0647324384056899
vn -0.7796805846134311 0.5185273142796512 -0.3510379043960781
v -10.1867152884179912 2.5821872449863172 -1.5983884461256075
vn -0.7298343875409680 0.0274255302334842 -0.6830736468742682
v -10.2041249954315916 0.6426878075527046 -3.0766469547302990
vn -0.7272127982251924 -0.5780095394092921 0.3702249565458057
v -10.1938200294829642 -2.7589398526884015 1.4058492083475214
vn -0.8310227298974933 -0.4952150790502279 -0.2533046542702966
v -10.1861417023135949 -2.7890142343810886 -1.6280573039501971
vn -0.8211055880573728 -0.0396806435504700 0.5693953457733708
v -10.1937061305287191 -0.4513574482874146 3.0637854961382880
vn -0.8047410772725615 0.3169067095681405 0.5019581018181610
v -10.1860668101772180 1.5653023836825293 2.5926721850840750
vn 0.0042082321777180 0.8456072841909481 0.5337889205530100
v -10.2749987322578118 2.5088877400982645 1.6996254917235447
vn -0.4847805980883297 0.8743255766453576 0.0232928688847953
v -10.2749975156100799 3.0508036712949291 0.0741865240149466
vn -0.7230358012923445 0.6525381620857873 0.2267447398976218
v -12.7651213659033775 2.8718267952536864 0.9578268103367489
vn -0.7316547481864821 0.6552805879621119 -0.1878528160454462
v -12.7724507230391566 2.9678363605375191 -0.7036080640451536
vn -0.6189529868983068 0.3748643838154638 -0.6901984451998693
v -12.7670909762249760 1.4440489165803121 -2.7917468919745203
vn -0.7689686045841864 -0.3519341959270305 -0.5336943009823542
v -12.7566837503453723 -2.0799217370224734 -2.3795250105569652
vn -0.6302553210128915 -0.7684950281867448 0.1104247344900203
v -12.7755035614784287 -3.0111514632508625 0.7131964250423554
vn -0.4898794763632578 0.4401410231757845 0.7525250682574194
v -12.7562645703751922 1.8061152802946498 2.4841431327649972
vn -0.7546366636869253 -0.2772072966661434 0.5947096943000971
v -12.7764030646216327 -0.9946821437029424 2.9428401499861456
vn -0.8264892909965534 -0.0578213263693726 0.5599751298806945
v -12.7712232652947790 0.3068038308682411 -1.7302489322111705
vn -0.9486793719733896 0.3151404999509763 -0.0263422566008262
v -12.7690135355941035 -1.6051087577828269 0.1915175861455524
vn -0.8276140197110237 -0.0793853023154387 -0.5556554761307118
v -12.7594808563854567 0.4072645951066928 1.7130017571291383
vn -0.8762311898170199 -0.4818552620547865 0.0058658692418756
v -12.7669064362181892 1.5773987443315420 0.0430578883775512
vn -0.5336070000221738 -0.8456851609977323 0.0089542166366281
v -10.1749994289319670 1.6166428419696945 -0.0823193835998197
vn -0.6031070629180217 -0.0903745891023386 0.7925240086602935
v -10.1668247400458611 0.3995173900774827 -1.5901463539132079
vn -0.6300562092022041 0.7758947006400173 -0.0318839577920660
v -10.1837650763085374 -1.6712089222157214 0.0303355215609597
vn -0.6061588486789568 -0.1070208049822408 -0.7881103967523553
v -10.1731296534066686 0.3638066512606177 1.5939759349853122
vn -0.0045335791082098 -0.0019317011803574 0.9999878575217899
v -21.1008206845330690 -7.7397923971194658 5.7310323219192121
vn 0.5309640562521866 0.2678795239937535 0.8039388854839059
v -21.7000007600000018 -11.5537147499999993 5.7245860100000003
vn -0.2652317617257753 0.5348712666028983 0.8022249315088960
v -19.5499992399999982 -11.5537147499999993 5.7245860100000003
vn -0.0035320619004946 0.0014716871478944 0.9999926793110387
v -21.0779895635885666 -10.2486445841374696 5.7307022219722894
vn -0.0040354935493411 -0.0002530369348256 0.9999918253486489
v -21.1073852208033585 -8.9423639028097313 5.7246014383800379
vn 0.2616819685163047 -0.5354793016741475 0.8029847226641358
v -21.7000007600000018 -6.4037146600000003 5.7245860100000003
vn -0.5328222304456119 -0.2677431751027845 0.8027540488398940
v -19.5499992399999982 -6.4037146600000003 5.7245860100000003
vn 0.3333333333333333 0.6666666666666666 0.6666666666666666
v -21.7000007600000018 -11.5537147499999993 8.4245862999999996
vn -0.4364357804719848 0.2182178902359924 0.8728715609439696
v -19.5499992399999982 -11.5537147499999993 8.4245862999999996
vn -0.2672612419124244 -0.5345224838248488 0.8017837257372732
v -19.5499992399999982 -6.4037146600000003 8.4245862999999996
vn 0.5345224838248488 -0.2672612419124244 0.8017837257372732
v -21.7000007600000018 -6.4037146600000003 8.4245862999999996
vn -0.4945663809303104 0.4849509648717293 0.7212673959936591
v -22.2749996199999991 -6.1037144699999999 8.4245862999999996
vn 0.6882472016865377 0.2294157337465986 0.6882472015781538
v -18.9750003800000009 -6.1037144699999999 8.4245862999999996
vn 0.5773502695307302 -0.5773502686858373 0.5773502693523098
v -18.9750003800000009 -11.8537139899999993 8.4245862999999996
vn -0.5883484061644944 -0.1961161326308467 0.7844645406171138
v -22.2749996199999991 -11.8537139899999993 8.4245862999999996
vn 0.7204401126912628 -0.3338001548790710 -0.6079008970449944
v -18.9750003800000009 -11.8537139899999993 3.7245860099999999
vn 0.7099801102824761 0.3006087676857869 -0.6368379792331136
v -18.9750003825609461 -10.9787140374780545 4.2811075491657933
vn 0.6575699137351106 0.6701134341283949 -0.3443106067942850
v -18.9750003800000009 -6.1037144699999999 3.7245860099999999
vn 0.8018738583350249 -0.2499449866045231 -0.5427023300025210
v -18.9750003800000009 -6.9787144699999999 4.5245857200000001
vn 0.3291329425422528 -0.6769081426615872 -0.6583820110938015
v -18.9750003800000009 -6.9787144699999999 3.7245860099999999
vn -0.7983321815652191 -0.4292973198767590 -0.4223381808739882
v -22.2749996199999991 -6.9787144699999999 4.5245857200000001
vn -0.5720309153979490 0.1323788070873897 -0.8094791431921542
v -22.2749995527935702 -6.2309872901024059 3.7245860246335885
vn -0.4966719376447085 -0.3959206669546034 -0.7723754345099749
v -22.2749996199999991 -11.8537139899999993 3.7245860099999999
vn -0.5898262820435483 0.2022162134553500 -0.7818014837709538
v -22.2749996043585767 -10.9787139956643820 4.4457124134454160
vn -0.0085886233308933 0.0031353962712449 -0.9999582015461957
v -21.1173755069553479 -10.1966238184645199 -5.7346125691417313
vn 0.5336707987335904 -0.2673575165259187 -0.8023187876001314
v -21.7000007600000018 -6.4037146600000003 -5.7244138700000002
vn -0.2668008609286449 -0.5345441203518708 -0.8019226172175085
v -19.5499992399999982 -6.4037146600000003 -5.7244138700000002
vn -0.0047318174435967 0.0025377986631408 -0.9999855846369116
v -21.0821883169067199 -8.9775893606384987 -5.7247491034120266
vn -0.0007680959093543 -0.0001861423049309 -0.9999996876898094
v -21.0723536426858047 -7.6781808577555353 -5.7258609517424972
vn 0.2574049486435003 0.5364255616668900 -0.8037352233193458
v -21.7000007600000018 -11.5537147499999993 -5.7244138700000002
vn -0.5319661430630096 0.2678294044529899 -0.8032928686008749
v -19.5499992399999982 -11.5537147499999993 -5.7244138700000002
vn 0.3333333333333333 -0.6666666666666666 -0.6666666666666666
v -21.7000007600000018 -6.4037146600000003 -8.4244136800000007
vn -0.4364357804719848 -0.2182178902359924 -0.8728715609439696
v -19.5499992399999982 -6.4037146600000003 -8.4244136800000007
vn -0.2672612419124244 0.5345224838248488 -0.8017837257372732
v -19.5499992399999982 -11.5537147499999993 -8.4244136800000007
vn 0.5345224838248488 0.2672612419124244 -0.8017837257372732
v -21.7000007600000018 -11.5537147499999993 -8.4244136800000007
vn -0.4945663849770518 -0.4849509650642955 -0.7212673930893723
v -22.2749996199999991 -11.8537139899999993 -8.4244136800000007
vn 0.6882472016865377 -0.2294157337465986 -0.6882472015781538
v -18.9750003800000009 -11.8537139899999993 -8.4244136800000007
vn 0.5773502695307302 0.5773502686858373 -0.5773502693523098
v -18.9750003800000009 -6.1037144699999999 -8.4244136800000007
vn -0.5883484061644948 0.1961161326308455 -0.7844645406171137
v -22.2749996199999991 -6.1037144699999999 -8.4244136800000007
vn 0.7204401555553602 0.3338000921548344 0.6079008806876270
v -18.9750003800000009 -6.1037144699999999 -3.7244141100000001
vn 0.7099801134324228 -0.3006088312629832 0.6368379457108279
v -18.9750003825609461 -6.9787144225219482 -4.2809358161223141
vn 0.6575699099387968 -0.6701134350190880 0.3443106123110371
v -18.9750003800000009 -11.8537139899999993 -3.7244141100000001
vn 0.8018738584355928 0.2499449813675679 0.5427023322658391
v -18.9750003800000009 -10.9787139899999993 -4.5244140599999998
vn 0.3291329374793608 0.6769081932962192 0.6583819615653633
v -18.9750003800000009 -10.9787139899999993 -3.7244141100000001
vn -0.7983321845029530 0.4292973482329631 0.4223381464974352
v -22.2749996199999991 -10.9787139899999993 -4.5244140599999998
vn -0.5720309560828540 -0.1323787549963233 0.8094791229602893
v -22.2749995527935738 -11.7264411206083441 -3.7244141246335949
vn -0.4966719921425761 0.3959205987339746 0.7723754344353890
v -22.2749996199999991 -6.1037144699999999 -3.7244141100000001
vn -0.5898262938793699 -0.2022162542157269 0.7818014642986337
v -22.2749996043585696 -6.9787144643356180 -4.4455407297834153
vn -0.7316751458777406 0.1723248655077894 0.6595116539019679
v -18.3750000000000000 3.1400001000000000 8.1000003800000009
vn -0.8125666118848507 0.2198356235577454 0.5398220075774530
v -18.3737875237457011 0.8920517335480297 7.1202709581860448
vn -0.8194489359890650 0.4944911257928918 0.2897964247855171
v -18.3750000000000000 5.1399998699999996 6.0999999000000003
vn -0.8196415963780769 -0.2896621727092973 0.4942504215356088
v -18.3750000000000000 -4.8000001900000004 8.1000003800000009
vn 0.9766980703872506 0.1207310047362134 0.1774398596629452
v -18.3738088193276674 -0.5196675825589091 7.4254132847621817
vn -0.9644417698029389 -0.2642457719990431 0.0051229522742799
v -18.3736684907761436 -1.0068093482925766 6.0353466117082908
vn -0.9999997119307623 -0.0007449866850848 -0.0001453727320414
v -18.3747450444979705 -5.9817926147099882 4.0014316350164885
vn -0.8197363500176809 -0.5540644713029297 0.1450685289768084
v -18.3750000000000000 -7.8000001900000004 5.0999999000000003
vn -0.9999986833968355 -0.0016083550677851 0.0002154032767760
v -18.3754519685449367 -5.6993251596137426 2.3541155591344913
vn -0.7313823864100104 0.6596654799599521 -0.1729776268723920
v -18.3750000000000000 5.1399998699999996 -6.0999999000000003
vn -0.7661835368506744 0.4990768603754146 -0.4048272165959326
v -18.3748598095432811 0.4674465704494903 5.4971243053795931
vn -0.7318244811137810 0.3449277457328008 -0.5877565644603501
v -18.3750000000000000 3.1400001000000000 -8.1000003800000009
vn -0.9999997689051892 -0.0005136962631476 0.0004453153012120
v -18.3730687790668412 -6.2837262096047164 1.7451715500554992
vn 0.9009552162355080 -0.4337280796392615 -0.0126353183761849
v -18.3714553304210533 1.0885633351981503 -6.7269852945052229
vn 0.9621870834380248 0.2506817527919696 0.1065583186906283
v -18.3750000035880987 0.2594320373395644 -7.4926655485759159
vn -0.9830072047658318 -0.1769556222743517 0.0488215436458439
v -18.3754510851545199 -5.6039156818132687 0.1140376447828533
vn -0.9783410820558985 0.1947044745944266 0.0702772703980596
v -18.3764750518724718 -6.3797077301910328 -0.1448504932998853
vn -0.9999999617260543 0.0002274739212312 0.0001574912864212
v -18.3749838453145777 -6.0339025436718305 -1.9858090680828506
vn -0.9999998731468213 -0.0004475285387426 0.0002311375094500
v -18.3771077133443974 -5.9849748975244061 -3.9749529536961687
vn -0.9845869777182600 -0.0058180675628046 0.1747988369453793
v -18.3755074115649251 -0.3253586438405999 -5.4127767318064199
vn -0.8192107569629976 -0.4949440816282281 -0.2896965511311835
v -18.3750000000000000 -7.8000001900000004 -5.0999999000000003
vn -0.8726373789182922 -0.1234684310476295 -0.4725034935841742
v -18.3750000000000000 -4.8000001900000004 -8.1000003800000009
vn 0.9966063068138846 0.0453243391300322 -0.0687137067928624
v -18.3741329042886115 -0.8852123769743840 -7.1692700243355372
vn 0.8725432051167549 -0.4214611065893396 0.2470605003578470
v -17.3750000000000000 -7.8000001900000004 5.0999999000000003
vn 0.8193532439909218 -0.1448888739324766 0.5546778125832434
v -17.3750000000000000 -4.8000001900000004 8.1000003800000009
vn 0.7309490962772980 0.3447226254902435 0.5889649651095681
v -17.3750000000000000 3.1400001000000000 8.1000003800000009
vn 0.7311649927694481 0.6600728780647047 0.1723413734186617
v -17.3750000000000000 5.1399998699999996 6.0999999000000003
vn 0.8726597863165929 0.4213574619555801 -0.2468254172491767
v -17.3750000000000000 5.1399998699999996 -6.0999999000000003
vn 0.7313066080004623 0.1723706517314587 -0.6599083296311166
v -17.3750000000000000 3.1400001000000000 -8.1000003800000009
vn 0.8193667214225642 -0.2896968650070793 -0.4946856600208948
v -17.3750000000000000 -4.8000001900000004 -8.1000003800000009
vn 0.8192584565638412 -0.5547830339503264 -0.1450219520952047
v -17.3750000000000000 -7.8000001900000004 -5.0999999000000003
vn 0.9047926883757591 -0.2326245302567904 0.3567015825372442
v -17.3724248829777181 0.8466497619288145 5.8552584082868320
vn 0.8729548270946789 0.2183764886630483 0.4361898429024876
v -17.3750000000000000 2.0000000000000000 2.5000000000000000
vn 0.8860598350641642 0.4625503890471200 0.0307425808679750
v -17.3750000053819136 -1.0846431907626997 6.2994577604839090
vn 0.7821003638018047 0.0132080531832892 -0.6230124944751849
v -17.3741829614588212 -0.4104384885059434 7.5077244869901243
vn 0.9525958754348475 -0.2721090226242268 0.1360800422949843
v -17.3750000000000000 -2.0000000000000000 2.5000000000000000
vn 0.8017837257333379 0.5345224837633077 -0.2672612420473122
v -17.3750000000000000 2.0000000000000000 -2.5000000000000000
vn 0.9999997073504113 0.0003509973002996 0.0006797793661252
v -17.3751301944899446 -6.0225830473775881 4.0230573415581992
vn 0.9999999827043711 -0.0001791414506724 -0.0000499959825525
v -17.3721425751277785 -5.8447928268508900 2.2088088842910465
vn 0.9370601525495779 -0.1559041611876186 -0.3124294528820014
v -17.3750000000000000 -2.0000000000000000 -2.5000000000000000
vn 0.8780274225874112 -0.4624669992295619 0.1232563175180558
v -17.3750000013056649 0.9850652982359517 -6.8493397363912782
vn 0.8892920108270455 -0.2168396629907765 -0.4026664625136249
v -17.3750000009143690 0.3655060022437266 -5.3814353799931940
vn 0.9851348453992216 0.0681776093331435 -0.1576741892824220
v -17.3745306659502319 -6.1185265593964706 1.0901112918357128
vn 0.6533000777173430 -0.0910915237172678 0.7515991902346491
v -17.3749999944835523 0.0533677345015021 -7.5692820916958867
vn 0.9999998355923849 0.0000881349460509 -0.0005666104784848
v -17.3725966388296378 -6.0514999139725552 -1.9599240724209415
vn 0.8718971223223240 0.4843806476674992 -0.0719082488402014
v -17.3738393463045924 -1.1318241177022457 -6.5200696492906349
vn 0.9999998608068515 0.0002352808658933 -0.0004722596654023
v -17.3755587912253056 -5.9813984194277214 -4.0130101433895495
vn 0.9845281857662906 -0.0445809727436343 0.1694602853206843
v -17.3731108145532538 -6.0919679744733513 -0.2292931786743924
vn 0.4082482904638631 -0.8164965809277261 -0.4082482904638631
v -15.6750001900000004 -2.0000000000000000 -2.5000000000000000
vn 0.6666666666666666 -0.3333333333333333 0.6666666666666666
v -15.6750001900000004 -2.0000000000000000 2.5000000000000000
vn 0.6666666666666666 0.3333333333333333 -0.6666666666666666
v -15.6750001900000004 2.0000000000000000 -2.5000000000000000
vn 0.4082482904638631 0.8164965809277261 0.4082482904638631
v -15.6750001900000004 2.0000000000000000 2.5000000000000000
vn -0.6588461518581747 -0.3926481276051773 0.6416768626573840
v -2.5510931940507673 0.3941467626074781 -6.9098781651826178
vn -0.0366213824644746 -0.1999096326597557 0.9791297223127445
v -1.4242222268553022 0.2377628347814103 -6.8002098223146357
vn -0.2178025569512456 0.8472579243410869 0.4844750311695461
v -0.6254974750028995 -0.6384194872426822 -6.6004104433276876
vn 0.0512733915990321 0.6303406035242231 -0.7746236265843243
v -1.8171606130910243 3.6794724967655634 -3.5521994901290990
vn -0.9129383571427510 -0.2502614070465135 -0.3223550592135855
v -2.5695766908639013 4.8325225331076265 -3.5245691054641708
vn -0.8066375513191206 0.0763814530373983 0.5860902101501003
v -2.5221981158957947 4.2215367348124122 -5.2367362940626405
vn 0.0003860841034984 -0.5998775810926501 -0.8000917063946457
v -0.9692763092198354 4.6740804397969660 -3.4960075190433146
vn -0.1248280219981042 0.9174621560705294 0.3777315939955992
v -1.0350094719833496 3.3242879595008876 -4.4288337453210165
vn 0.6638644307445686 0.3958957149816107 -0.6344687545115119
v -0.0909368000714932 3.7693339014118492 -3.4144226663369333
vn -0.0951846138821523 -0.5496879231701506 0.8299295611080451
v -1.5936667153813795 6.4332633094406342 -0.6304528797410685
vn -0.9399368486705355 0.2420513955844777 0.2406861907274897
v -2.5316824154037136 5.3836849478926849 -0.6428619354645295
vn 0.8203572204215244 0.2696487888731338 0.5042851986341883
v -0.0827980772914025 5.6934485433014395 -0.8632094384202582
vn 0.1830763823839247 -0.5543453334160496 -0.8119016501603281
v -1.2160092158981979 6.5492259010865270 0.6910765745326400
vn -0.9766750547588798 -0.1256332108949652 0.1741325177327901
v -2.5463660436804227 4.5393744523125639 3.2545828384529987
vn 0.0471817365577854 0.0649814435565265 0.9967704328122408
v -0.7887391895264463 4.2529554118882835 3.2258912952762042
vn 0.3460536600965632 -0.7094313730324708 -0.6139657900005794
v -1.8914259037991776 5.0050878233131817 4.8657352537922973
vn 0.7865622974672543 -0.5920310393914624 0.1755534123852328
v -0.1236367496702800 5.1862303811602395 4.2765954088568554
vn 0.9803644685689846 0.1372112472562660 0.1416283248288707
v -0.0760209323678713 3.8768176176950262 3.2960973651632890
vn -0.9604305167251448 -0.2768409727798234 0.0305335607715916
v -2.5619662373005379 0.9235864473520556 5.6725516539363596
vn -0.6511388985721700 0.6601197916674740 -0.3745130110091129
v -0.6337278078596675 -0.7723455389737360 6.2633655060232236
vn -0.6342926713613307 -0.5574667356037792 0.5356338728577319
v -0.7404647446237823 0.7281804800130512 5.5668519269491119
vn 0.0028199347396890 0.0785541924124810 0.9969058565493970
v -1.1660262634467626 -4.5220542816375691 3.3153072468949016
vn 0.0555077736577810 0.7788270330325274 -0.6247778322582412
v -1.3958611161472350 -4.9050830765535798 4.8405535549197882
vn -0.9439015875040041 -0.0624884091530340 0.3242606849880879
v -2.5516454732054079 -5.9736115703535955 -0.8873898508072540
vn -0.2838863702706217 -0.8961752654540410 -0.3409962204525888
v -1.3310547174783998 -3.3981689368369894 -4.0291323835807678
vn 0.0334461659392485 -0.1111761900553206 0.9932377402962230
v -1.3081276479887098 -4.1418650762019267 -5.0717034443768618
vn 0.0636151937480376 -0.1610805093440334 -0.9848889158853735
v -1.4439647728048888 -4.2966898586128632 -3.2893964896701497
vn 0.9738101708333279 -0.1792650764741504 0.1398491456473079
v -0.0812426612950166 -3.4890361390600786 -4.6685328687701082
vn -0.8176046368004316 0.1379082034951309 -0.5590205589163784
v -2.5545259773019433 1.9117772891568414 -7.8308449869555785
vn 0.7187507688400724 0.3691931756835272 -0.5891466127548534
v -0.0849898459285171 3.9421623977967566 -7.0039686021408176
vn -0.8971362199139957 0.2681912263733455 -0.3510271627877077
v -2.5564411779916054 4.5730097977595587 -6.5647105545257860
vn -0.6060020091649196 0.6767932095425961 -0.4179862634167684
v -2.5230687125931177 7.0185686593110841 -4.1490500449146861
vn 0.7088400171431359 0.6264503564493830 0.3242002174597669
v -0.1084944188492376 7.0329606981085986 3.8337589823458984
vn -0.8374133645075330 0.4342134163496534 0.3319601873811617
v -2.5619302555683130 6.6035715324483384 4.6227477731126143
vn -0.2903903069858597 0.5335026669415118 0.7943855323298333
v -2.3752534597511308 4.3244282136291874 6.7772040288370263
vn 0.2368499971621487 0.3424301725872700 0.9091994587251702
v -0.2696929861730444 3.2492873467901884 7.3938778448455746
vn 0.8662807474910901 0.0779575414845815 0.4934372181462988
v -0.0756417830078587 1.0744459317506443 7.9310571843896636
vn -0.1199162511383104 0.0375101383101663 0.9920751394107635
v -2.3751835488106354 0.5749737126419100 8.0187823395207047
vn -0.4804996353206678 -0.1808584119445047 0.8581435400244047
v -2.3750731537840046 -1.9946237386451733 7.7770035596063245
vn 0.4549912179868942 -0.2142948728459104 0.8643267316395795
v -0.1244530863881811 -1.9313272818992404 7.8235535615446743
vn 0.7451238874739249 -0.4108248199141941 0.5253697361460931
v -0.0879600804176585 -4.4500670332026750 6.6769301454081589
vn -0.1355231313970009 -0.7705676231873768 0.6227832840978538
v -1.9354422882037472 -6.3870992017978754 5.0021621655432407
vn 0.7451713882767623 -0.5943938299917508 0.3023500900635229
v -0.0814803219096884 -7.3416616947823226 3.2578240725475194
vn 0.7722943874699008 -0.6338529898005973 -0.0423292617858458
v -0.0950779910563742 -7.9430799750995069 0.6758520067703018
vn 0.7287139276190058 -0.6510150310315241 -0.2124980966152548
v -0.0882147395003386 -7.7140133369371462 -2.3164538589708528
vn -0.7234330271007267 -0.1971018988802963 -0.6616611646134756
v -2.5404710845638832 -2.1581212579111173 -7.7595795487123906
vn 0.7330121893018553 0.0053477411546380 -0.6801944810121912
v -0.1101094769332297 0.2902755401270576 -8.1612141615687825
vn 0.7364155874828393 -0.4354905186027044 -0.5177258837642292
v -0.0877235052613651 -5.2198797320118526 -6.2597827763335774
vn 0.8439857228259997 0.4484285585022912 -0.2942786563538581
v -0.0934356062016431 6.7133238423002464 -4.4987357194134709
vn 0.7200041282692541 0.6902605340220049 -0.0716550797005230
v -0.0953720523578576 7.9493738597918693 -1.1538729887076222
vn 0.9449016275009592 -0.2076284937100633 -0.2530836283636868
v -0.1149920862477107 0.8134576195500075 -5.5605528990321798
vn 0.8128929029943983 -0.5686403382475529 0.1259098645025404
v -0.2392391316637466 6.9744099024855783 -0.1291412840489746
vn 0.9314460813744255 0.3601408180187123 0.0520268074077193
v -0.0875240400608303 7.8294969340456895 1.6617376377524884
vn 0.9998934292349422 0.0012078513276856 0.0145489266943653
v -0.1017286375584279 0.4605533395514524 -2.9251401751094139
vn 0.9998171327727758 0.0071106099066770 0.0177521897460729
v -0.1023096174021811 -2.6433156345602007 -1.5926469222444886
vn 0.7740247459219387 0.4303977620973767 0.4643742661712084
v -0.1164681613496364 5.7412112288134649 5.5741795985741831
vn 0.9999776416633750 -0.0035072100265618 0.0056934744387229
v -0.0714013711152024 0.3194230206296672 5.8395180652024345
vn 0.9644932330207715 -0.0178461788076752 -0.2635039228533502
v -0.1498640279348316 -4.4760794837851021 5.0807925597945909
vn 0.9438025335396607 -0.1645429971142908 -0.2866398084439152
v -0.1413285962569298 0.6431311538810144 1.2995488407325129
vn 0.8400306852073222 0.3093944697384826 -0.4456719757908948
v -0.1338268370152390 -1.4978819575892330 0.9166665237237621
vn -0.1426209504713586 0.5595670745244224 0.8164214313666843
v -0.1750000156299344 -1.0379023622805297 -0.8856323467598293
vn 0.8476332299601371 -0.4643675524343814 0.2566723275178829
v -0.1705604991888857 1.1494979471740676 -0.7991024387699301
vn -0.9534221484715479 -0.1876161716602295 0.2361914031785596
v -0.8647279451870417 0.7484180226484611 -1.2880426517698023
vn -0.7122027458257016 0.6968790505166318 0.0844206005034852
v -0.9406167981838308 -2.1940479965239290 -0.6509849955083961
vn -0.7209783970350823 0.2701661690076143 0.6381225525966563
v -0.8786394343065654 -0.7450589403008667 -1.9985541003171654
vn -0.4560284685967783 0.6690661740275210 0.5868462239815916
v -0.8855499782977401 -1.7495430976138067 -1.6627395016462732
vn -0.5951041800054457 -0.0692921369262861 0.8006557404404435
v -0.8693327193180974 0.2743170546758313 -2.1889424822195167
vn -0.6112564171745190 0.7775097517640572 -0.1477977617380067
v -0.8500516893259106 -1.9990040080003608 0.5707569389943585
vn -0.2563505574844775 0.5991495355185226 -0.7584881184074911
v -0.8721299675910560 -1.3587584678798790 1.9056489124904417
vn -0.4814714573316591 -0.5571956585279939 0.6765487668250409
v -0.8717727197093064 1.4450955303005411 -1.6068172951832977
vn -0.5861013776284746 -0.7623815058356725 0.2743348587069034
v -0.8754521546770445 2.1186401320847983 -0.8438831535286951
vn -0.7102825458169371 0.0032633244329232 -0.7039091246897261
v -0.8709218187362529 -0.2171882589986286 2.3245264207803706
vn -0.7467407825411611 -0.4830654323655211 -0.4571936042239946
v -0.8619387091596452 1.2059582817250762 1.0896630848431557
vn -0.7087189545983356 -0.2673198373823034 -0.6528840233417733
v -0.8756735286019371 0.7729135129939336 2.0429158494220006
vn -0.6524367546603211 -0.6009157035921202 -0.4617646568812894
v -0.8845174201163465 2.3545515078583099 0.9037585727097437
vn -0.4596851206142399 -0.7694576613370431 -0.4434236093123595
v -0.8855109597348432 1.6351864189679179 1.5895113775434360
vn -0.9032348031746897 -0.0396727722903057 -0.4273089765881137
v -4.0329625319761950 -0.0553878152114919 -3.6326651499484641
vn -0.5858411219710500 -0.2660757060979357 0.7655023830349493
v -4.0121174286725196 0.5973848730752259 -2.2618063931299326
vn -0.7493415178552384 -0.6588173341728103 -0.0666859041465227
v -4.0722036962050776 2.4734323765100616 0.5622397861739727
vn -0.7303950063275910 -0.5382120423343062 -0.4205364814353846
v -4.0507806251110638 1.8573868191553393 1.2964339732182018
vn -0.7677319355078085 0.6007803633825756 0.2228242136199175
v -3.9873077088237339 3.3201455752205806 1.6105678526873353
vn -0.9143302146518242 0.0263544053047737 0.4041110044230185
v -4.0908397173584810 -0.0392748074684557 3.6455768917176568
vn -0.8742528130847770 -0.4205792928961591 0.2424769622053216
v -4.0618084237521392 -3.0713870917093669 1.8856128020691512
vn -0.8733297752160540 -0.4290097412371208 -0.2307503968463221
v -4.1231731292812661 -2.9100888012272264 -1.9018948566186269
vn -0.8518873031322679 0.4172845005562008 -0.3164832829038426
v -4.0540159996244212 2.9527303285952931 -2.0059648430508683
vn -0.8115455240530324 -0.3477942309718055 -0.4695029662230254
v -2.5750002999610584 -2.3353598997265990 -2.7442853516709449
vn -0.8759362140813982 -0.4824226136877407 -0.0020422202221909
v -2.5749999632773970 -3.6028322549266467 -0.0701095808012310
vn -0.8204763483794325 -0.2694904631220202 0.5041760129520552
v -2.5749707527180159 -1.7790382393018906 3.2518082781182787
vn -0.9124724828867916 0.2663709966070551 0.3105486437596822
v -2.5752877778781431 2.7570301456132587 2.5386750873811561
vn -0.7127386050899505 0.6839626401058353 -0.1555595955056691
v -2.5749996452682353 3.3956651807742553 -1.1343754589065418
vn -0.8722577045411064 0.1680377907399498 -0.4592709415496660
v -2.5704482660623209 1.0167887991910614 -3.5622295104442441
vn -0.9106662820082483 -0.2785483924375426 -0.3051191830805373
v -2.5545062011099575 -5.4181441665021151 -5.9324386509570584
vn -0.7194908701487677 -0.6068531391672258 -0.3377308917695456
v -2.5629848248563616 -7.1159248559450061 -3.6473413848161531
vn -0.7175686630720223 -0.6944535469955548 -0.0531929021799303
v -2.5341316219133976 -8.0457497439946604 -0.7297367072628144
vn -0.7157705974815981 -0.6555754898150962 0.2406101181050639
v -2.5668010479684820 -7.5763723897686326 2.6173809271106645
vn -0.8722497121735235 0.4881638458636514 0.0296057292565907
v -2.5729171064952925 3.1822769816438030 -4.2407558994268921
vn -0.8169718509721079 -0.3043564730226943 0.4898205100323934
v -2.5656860551018008 -4.2251927364793529 6.8098115131759842
vn -0.9278017618247540 0.3689497436731999 0.0553170624523983
v -2.5527118121305810 7.8575837781179549 -0.6741910368820461
vn -0.4599689706602962 0.8709434578517372 0.1728757914080712
v -2.5399996114170915 7.8662829966960235 1.5899553207703074
vn -0.8963061130295920 0.0767951067660596 0.4367354614896458
v -2.5805326048607720 1.5501526302496935 7.9100059460480496
vn -0.8917751482657498 -0.4519322948163476 -0.0222325400624871
v -2.5086040565712873 -3.3210990789081052 -4.4887322972712154
vn 0.9419810097830194 0.3046584292735956 -0.1409078375418085
v -0.1078519041150938 -4.9290356716881565 -4.2777561262080139
vn -0.9498855065540617 0.3111421277003756 0.0301347110259378
v -2.4867351790035483 -5.0064116099916287 -4.0787513349674773
vn -0.1724948527449696 -0.7671424362822351 0.6178495028981150
v -1.1577798624194804 -5.3031134608090555 -0.7304774872957476
vn -0.9720333520599144 0.1754383277290007 -0.1561171215684500
v -2.5119134697877974 -6.4706007620923005 0.7539349548644557
vn 0.3190240058986827 -0.5253945909852322 -0.7887865411021020
v -1.9879438869268236 -5.4343627713712337 0.8689756000642479
vn 0.3611136717660567 0.2021431951831333 -0.9103488587924907
v -0.7785804053561649 -6.1008180107753498 0.8950638147711276
vn -0.3315354754947046 0.9427443701595499 0.0362943662428997
v -1.3382885272704579 -6.8994197763135974 -0.2973441978116576
vn 0.8561760352313517 -0.4720104052142991 -0.2101636839821678
v -0.1128058266121025 -5.0351001788898921 0.2471747048451370
vn 0.9704782517583490 0.0761918761836571 0.2288378484160190
v -0.0895110423672135 -6.1334340126633000 -0.8870918354843433
vn -0.9820443621356805 0.1677017871761849 0.0864001237003624
v -2.5502253483960780 -4.7612167916097494 3.6802699264134184
vn -0.9449434314325357 -0.3268050518921535 0.0167442363299028
v -2.5410561449724889 -3.2401864595220209 4.2596789793778465
vn -0.0692665205552081 -0.9729525453586165 -0.2203758008728822
v -0.9351280161688806 -3.3312571637003869 4.3636496258115400
vn 0.9916174838017291 0.0656730482520215 0.1112736112113524
v -0.0863984970758933 -4.0273208893344705 3.2959677750850513
vn -0.9733624832605656 0.1933488969514575 0.1232139611751837
v -2.5572855512771580 -0.6472033960221854 5.5663744762597736
vn 0.1280940702037747 -0.2409806514311295 -0.9620396222684692
v -1.7212995482090150 0.3456431445726685 6.9208506314541713
vn -0.9315260239165303 0.3610316668389323 -0.0437653093872536
v -2.5268981207021848 3.4188937199582830 4.4873640957473402
vn -0.0727503369571033 0.8794160946032433 -0.4704622418700649
v -0.6668183194797603 3.5834773390790366 4.8178659327537483
vn 0.8617660156971795 0.0232628690198879 -0.5067723089459132
v -0.1125030786142202 4.4076832379266628 5.0336157397370389
vn -0.9092240145398439 -0.0851769628870505 -0.4075004004628558
v -2.5743552763932356 6.1297251604418808 0.8935976497511947
vn 0.0640876777617467 0.9822266985107492 -0.1764184862529443
v -1.3980834193837517 5.2359492122514233 0.3891608859758696
vn 0.9776167568864336 0.1287790299253418 -0.1663773966208739
v -0.0747032944164533 5.1551069332318527 0.5100621285531075
vn -0.1392405363633253 0.3764065870314648 0.9159313043414214
v -1.8072653341094373 3.9966231059261568 -5.1231763492247948
vn -0.7991295017714125 -0.4384728776313087 0.4112585257235326
v -2.5584397786097837 4.9536412073417813 -4.7747917130503303
vn 0.9144443178049638 -0.3995649405160409 -0.0643385416731447
v -0.1033533437600197 5.1156908863772790 -4.1099194746247800
vn 0.8884388103696650 0.1232382708721157 0.4421411639073943
v -0.0642473918444834 4.1304866620496217 -5.1323336082893345
vn -0.0496266938046039 -0.7365518542539992 0.6745580458767203
v -1.1277444487943320 4.8595423392662553 -4.9995230165964761
vn -0.1269106796751161 0.9840195600460299 0.1248966966385337
v -1.9788069407712015 3.3982873734975243 -4.2572243439155413
vn -0.8785231345835076 -0.2915627970680036 -0.3784022163881315
v -2.5065365393072780 0.6376660821845042 -5.2664098439894946
vn -0.0132422358388964 -0.9998890942267186 -0.0068148687778628
v -1.3095926961363855 0.9401999365641588 -5.9446391385253614
vn 0.3051494468462202 0.6317386568501069 0.7125939127796902
v -2.2766080744094328 -0.7186884041345600 -6.6130937766414926
vn -0.8936323311554163 0.4104232535365475 -0.1815874711267582
v -2.5408784140028473 -0.5099638891699761 -5.3070216058342794
vn 0.9261520232718649 0.3470310380612209 -0.1476884843567123
v -0.0687531373816858 -0.5443106888946799 -5.4120229227478971
vn 0.6427465680866222 -0.2926725596838871 0.7079686589256269
v -0.1246231518091128 0.3633974969581601 -6.8281320733262865
vn -0.0831099409781864 0.3090478839215112 -0.9474081185815533
v -0.7263144721879404 -0.6978830162496511 -5.3197803623868589
vn -0.4380595353445355 -0.3277291690012674 -0.8370767200678013
v -4.0240557590571706 0.7143988110471438 2.1575412571379915
vn -0.5343215081211835 0.1925237597558237 -0.8230644737130779
v -4.0341671393129062 -0.3501223635800559 2.2141832883790280
vn -0.8207761834886810 0.3238137703066698 -0.4706071597176719
v -4.0349383987864922 -1.2976821387025657 1.8329086819548956
vn -0.5881416967759934 0.7438574278576425 -0.3174357754483068
v -4.0467414615250190 -2.1613240500685391 0.8834442215403109
vn -0.5231860697396654 0.8497160019649342 -0.0652614161284437
v -4.0563226513007766 -2.2294975228090421 -0.8674736494961500
vn -0.5741704177102452 0.1958888892467965 0.7949565236515131
v -4.0362929178564304 -1.3155903114376475 -1.8612470189613708
vn -0.5768388987152543 0.1600409773468833 0.8010266977441058
v -4.0318213640969178 -0.3094730707878233 -2.2549037592130539
vn -0.8316352441574021 -0.3704292622361557 0.4137208991028077
v -4.0191623376053940 1.5574274554531364 -1.6677683311617584
vn -0.5761791861332897 -0.7103442290987081 0.4042630599658372
v -4.0360530040028380 2.1892765295711003 -0.8932776967920878
vn 0.8527038141335956 0.3312863866841073 0.4039127818722831
v -18.3750000041860133 1.0343214747420371 -5.2246806603883984
vn 0.5866248624706788 0.7974269986516743 0.1413557658981046
v -18.3750000041924508 1.6437989937511597 -6.3904297879754370
vn 0.5919993340474240 -0.0419901264365361 0.8048438468232521
v -18.3732578308814283 -0.2925896173921839 -4.8405161600932782
vn 0.7206082396929069 -0.6181426058011594 0.3140437609315658
v -18.3749999879735348 -1.5026318586214917 -5.7763712799703946
vn 0.7456426175811041 0.4819835587982833 -0.4601183933456052
v -18.3750000042258179 1.0071900550613402 -7.8527941735348445
vn 0.5666193302347821 -0.7890576176302594 -0.2373407058722680
v -18.3750000305689589 -1.4905940079282818 -7.1725836559974265
vn 0.7346643931055719 -0.1713495031196093 -0.6564355088532953
v -18.3705785408737867 -0.5733571119033534 -8.0772706222864787
vn -0.6417973755872234 0.4797283396290045 0.5982949513794608
v -22.3749999966897164 1.0560057461616017 -5.2201879802422102
vn -0.5908008524235848 0.7953080187012505 -0.1357921506017821
v -22.3749999967037994 1.6419736716905302 -6.4864836251925651
vn -0.7560196574142153 0.2238513683472668 -0.6150811674017901
v -22.3576146779413669 0.8447615610978000 -7.9848293526293324
vn -0.6322926084747565 -0.5506075252033832 -0.5450113856219830
v -22.3791006063693345 -1.1931602677046902 -7.6939879108111402
vn -0.9553939539138978 -0.2843537020602476 0.0797832372707503
v -22.3779263119496754 -1.3297078066528076 -6.2640639132388882
vn -0.6285449538028872 -0.3866604082844573 0.6748518131517638
v -22.3782366218628610 -0.5778050017082796 -4.9049545551733278
vn -0.7703333841081106 -0.1782856561845902 -0.6122096880378292
v -22.3757469571868128 -0.1575442415366232 -5.5536209381804262
vn -0.8675041475497065 -0.4744543432845958 0.1494310212855414
v -22.3786857468537477 0.7806419717546114 -6.8090431353543597
vn -0.7473996281884669 0.0862548901118808 0.6587517663851299
v -22.3750000017610908 -0.1745956994191779 -7.2949067104791352
vn -0.7186470598490396 0.3548510497262261 -0.5980193440671684
v -17.3645975780547666 -0.5016271426802968 -5.7004164490801505
vn -0.3909836517149676 -0.8189938430758075 -0.4199772244962205
v -17.3750000255025476 0.8406037348620151 -6.3081386030841475
vn -0.6082006194003970 -0.3801334081577387 0.6968433099078696
v -17.3749999932559334 0.4222730495108227 -7.2313773291878309
vn -0.4275320789272393 0.6558444480173774 0.6221610575188182
v -17.3749999921630476 -0.6113334234781813 -7.1164591206832704
vn 0.3357740024627056 0.2419479870473376 -0.9103389428305899
v -15.3750000018282549 0.2577170349623761 -7.5484025263855612
vn 0.6751435487783748 0.6266550740850111 0.3892102345345654
v -15.3693493447963281 1.0585786116932350 -6.1294853142962058
vn 0.5789042620667441 -0.3269405465058614 0.7469804109957685
v -15.3749999934039803 -0.5084522437525273 -5.5476122504763925
vn 0.6380542438357517 -0.7670367661622275 -0.0673897713201308
v -15.3715553026983507 -1.0581258239846905 -6.8751372762755940
vn 0.8683374598131116 -0.1638292210835858 -0.4681346411070841
v -19.3680375727903247 0.0129825372945371 -7.6086138114391808
vn -0.0855721109956556 -0.6971765542124986 -0.7117740273964301
v -21.2789357474811496 -0.6942662034487892 -7.2738474054169702
vn 0.2673171732668849 -0.1805382882312458 0.9465450096847661
v -21.2432491123143805 -0.0875514126576295 -5.5356278790450943
vn 0.0593348239161899 -0.9915349390883996 0.1154895806460411
v -22.0173765736805152 -0.9442559605576142 -6.2448224570273227
vn -0.1205285242503144 0.8960107824402771 -0.4273611500742712
v -22.6147093416497995 0.9371706512371745 -6.9654430389511974
vn 0.3731208571448587 0.4386465785778716 0.8175389929938589
v -22.0083558427303494 0.6139412521611449 -5.5887014777358202
vn 0.7395643556075785 -0.5917999301027196 0.3206515346059702
v -23.1581835461106635 -0.9919895228438051 -6.0636573250278332
vn -0.0561751253981762 0.9969959229608084 0.0533243367143453
v -19.8886757875529305 1.0738429563823213 -6.7634453766525953
vn 0.8619662521512910 0.2354398586710557 0.4489791232353801
v -19.6179431125693604 0.2839660683547064 -5.4422155815499957
vn 0.1660498056121072 -0.8450961570298822 0.5081731470960523
v -19.9279622746935310 -0.9879321314293691 -5.9243738596026008
vn -0.2222357842469335 -0.4969504753998067 -0.8388393655522234
v -20.4875635151028952 -0.6640810365843397 -7.2572058762473510
vn -0.4652176652716492 0.6915657146120145 -0.5525480850499525
v -20.9539717411956268 1.0221012335544861 -6.6668433338926967
vn -0.2058042645668135 -0.2702565411319419 -0.9405349577030679
v -22.7300385778050185 -0.3373320607369162 -7.4873819764434950
vn 0.5357294811170114 0.4711284127975455 -0.7007367135500776
v -21.7706000049853898 0.5014294841857192 -7.3623311102982143
vn 0.5138674304573282 0.6079159793509650 0.6052920170999614
v -23.1519447314351403 1.0325664593447950 -5.4202023024877128
vn 0.8114290338945707 -0.4467748733801715 -0.3767958803769694
v -23.2751521910175150 -1.2449323421541492 -7.9573284827016302
vn -0.7011289399836974 -0.5233941825605101 -0.4842279826477939
v -24.3225560785735446 -1.5482330595598022 -7.4654816231402883
vn 0.6696593624771546 -0.1179362272511817 0.7332444234690425
v -23.2834066296097042 -0.5814272018134120 -4.8019836672465432
vn -0.4206217180095553 0.3823293125783402 0.8227403400113938
v -24.2282583552102366 0.8015425602850496 -4.8749826441047723
vn 0.0929140264163676 -0.8470615603645685 0.5233103253785855
v -23.5032471839257155 -1.6794809645867916 -5.3515138858361730
vn -0.8724464189434016 -0.0450729458874315 -0.4866268340544564
v -24.5987417239969410 -0.0574513787987344 -6.9811821722799134
vn -0.3537651406631999 0.2001751451330934 -0.9136630322621636
v -23.4863807773866995 0.6038121736911073 -8.3220889886360485
vn -0.8480775125147201 0.4692970869932139 -0.2460178385941323
v -24.7789427504815158 1.3193226135605707 -6.8939321671226708
vn 0.4811303771007397 0.8720060422822296 -0.0901056183275081
v -23.3396443433623944 1.8511182053171409 -6.7238470604036742
vn -0.9615378589332544 -0.2201860963062834 0.1642042290303547
v -24.9405961403145291 -0.4529798152235214 -5.8553685685184371
vn 0.8542951096772081 0.1907755073678208 0.4835127416833579
v -18.3750000041480916 0.5296381991096887 8.0347709511855978
vn 0.5789539777772051 -0.3285985888814568 0.7462139498837225
v -18.3750000246297915 -0.7876055572729214 7.9751980881612790
vn 0.6738617175208648 0.7326304603157848 0.0957235304264932
v -18.3715829949719627 1.7515977235182472 6.7749266501957823
vn 0.8506124869553511 -0.5147865951249292 0.1070194305503218
v -18.3749999883753610 -1.5746738430563538 6.9009590883265650
vn 0.5909785565834977 0.2995355181746381 -0.7490145652858405
v -18.3750000042257220 0.7943172295018992 5.0122017048657224
vn 0.7537723545496428 -0.5417716333773055 -0.3719015122103890
v -18.3916276113608816 -1.2321881624351030 5.2325765111720504
vn -0.6574827193572680 0.2422102682862952 0.7134778620835078
v -22.3749999967236981 0.5441684254397114 8.0340548198066415
vn -0.7850636145993550 0.6147291270760048 0.0760474940847397
v -22.3754499428667799 1.6540734196655660 6.8689384315667184
vn -0.8142340817722311 0.4405105682116845 -0.3781181024155688
v -22.3747182208562201 0.7977220328058336 5.3564065035289250
vn -0.6670413936663154 -0.2735777026177870 -0.6929725966920143
v -22.3756905539743514 -0.9018581788254514 4.9721141837719465
vn -0.6998466721406125 -0.6685388978454349 0.2515360363075663
v -22.3846493505220607 -1.4368090405475855 7.4730678021635111
vn -0.7758140486424767 -0.4061247746881601 -0.4828822105995000
v -22.3749999964715620 0.6628381110676066 7.0468899392467801
vn -0.8112283377682329 0.5345561812776604 -0.2369773682435415
v -22.3765660828645530 -0.6432502221226909 7.1043595364433001
vn -0.8213170630303257 0.2325951458946381 0.5209009311582118
v -22.3755100220738932 -0.4113187459634015 5.7315067625294969
vn -0.5006139252875350 0.1820400158474310 -0.8463138486628193
v -17.3743015266820571 -0.5023082780258046 7.2444960140901555
vn -0.5627473804412574 -0.7153897019494974 0.4141653777793505
v -17.3717841554814640 0.7827525199091585 6.3719257253490458
vn -0.4728785808688732 0.7349114380650172 0.4860977534988710
v -17.3749290521946449 -0.5464917004999026 5.8103617390825884
vn 0.6669912086020606 -0.0207138384994900 -0.7447775940119167
v -15.3750000019980142 0.2663026921803720 5.4166383087066396
vn 0.3810652915101352 0.9240979217065500 -0.0288491716333550
v -15.3749999627772560 1.0522348450273147 6.6318626467233877
vn 0.6601124302012841 0.0601207341402887 0.7487570212159533
v -15.3737484608784509 0.0766173971228475 7.5736283201885257
vn 0.4473706333013192 -0.8908348894237885 0.0792004813424960
v -15.3703440454695919 -1.0988294074943949 6.3539065084971522
vn 0.8683374598131101 -0.1638292210835892 -0.4681346411070856
v -19.3680375727903247 0.0129825372945289 5.3913861885608201
vn -0.0855721109956580 -0.6971765542125024 -0.7117740273964264
v -21.2789357474811567 -0.6942662034487913 5.7261525945830352
vn 0.2673171732668821 -0.1805382882312478 0.9465450096847663
v -21.2432491123143841 -0.0875514126576325 7.4643721209549039
vn 0.0593348235311225 -0.9915349391035968 0.1154895807134018
v -22.0173765736805223 -0.9442559605576121 6.7551775429726835
vn -0.1205285786298837 0.8960107979573881 -0.4273611022042417
v -22.6147093416497960 0.9371706512371742 6.0345569610488070
vn 0.3731209188462823 0.4386465324858930 0.8175389895640504
v -22.0083558427303565 0.6139412521611435 7.4112985222641790
vn 0.7395644169222121 -0.5917999211136334 0.3206514097776674
v -23.1581835390636073 -0.9919895217644691 6.9363426728604249
vn -0.0561751253981762 0.9969959229608084 0.0533243367143465
v -19.8886757875529270 1.0738429563823253 6.2365546233474110
vn 0.8619662521512929 0.2354398586710497 0.4489791232353793
v -19.6179431125693533 0.2839660683547054 7.5577844184500025
vn 0.1660498056121043 -0.8450961570298814 0.5081731470960547
v -19.9279622746935274 -0.9879321314293659 7.0756261403973975
vn -0.2222357842469307 -0.4969504753998093 -0.8388393655522225
v -20.4875635151028987 -0.6640810365843415 5.7427941237526507
vn -0.4652176652716512 0.6915657146120128 -0.5525480850499531
v -20.9539717411956303 1.0221012335544863 6.3331566661072989
vn -0.2058042893155319 -0.2702565687258677 -0.9405349443587139
v -22.7300385778128451 -0.3373320606608581 5.5126180235088338
vn 0.5357294811179768 0.4711284128077311 -0.7007367135424913
v -21.7706000049853898 0.5014294841857179 5.6376688897017848
vn 0.5138675164813884 0.6079157121519626 0.6052922124263801
v -23.1519447226538659 1.0325662891733953 7.5797981069842484
vn 0.8114290396826712 -0.4467748634863239 -0.3767958796436532
v -23.2751522109897202 -1.2449320883376005 5.0426711312002270
vn -0.7011290148942255 -0.5233941647424017 -0.4842278934417723
v -24.3225561685207090 -1.5482331676941530 5.5345187912338085
vn 0.6696593561760120 -0.1179365563520944 0.7332443762905640
v -23.2834066828423900 -0.5814295191984380 8.1980155306146525
vn -0.4206217401604491 0.3823291280874554 0.8227404144201753
v -24.2282583526814541 0.8015425001650531 8.1250173620603316
vn 0.0929141274191431 -0.8470615644641163 0.5233103008097042
v -23.5032469679800151 -1.6794809519820868 7.6484865339419938
vn -0.8724464159139732 -0.0450730141122077 -0.4866268331665480
v -24.5987417049758896 -0.0574514272166260 6.0188179748123538
vn -0.3537652893874217 0.2001750542358358 -0.9136629945917225
v -23.4863806739616372 0.6038116805579617 4.6779108005190437
vn -0.8480775306623091 0.4692970270571044 -0.2460178903679234
v -24.7789427416653041 1.3193226246490621 6.1060676693307272
vn 0.4811303794813560 0.8720060395678314 -0.0901056318847605
v -23.3396443347535332 1.8511182433161548 6.2761529609561535
vn -0.9615378629289567 -0.2201860796003988 0.1642042280339387
v -24.9405961403083829 -0.4529798137920162 7.1446314554620152
vn 0.7281266146125595 -0.0524672681736122 0.6834316490061400
v -26.0861476378494537 -0.1071351489505674 -2.5725608770015271
vn -0.7297798101542590 -0.6836822097967751 -0.0002543592193318
v -28.5224500032392250 2.6016285937383068 0.3547888308701848
vn -0.8323871478779770 -0.3494704848520110 0.4301186072060442
v -28.5019931348860815 1.8567294068354470 -1.8763725183270474
vn -0.7228133472965891 -0.4558472209378422 -0.5193690173019049
v -28.5126578718897647 1.8363921726567991 1.8893625472708646
vn 0.7440126348064061 -0.1981207148877317 -0.6381170594654272
v -26.0800657188024552 1.0853276378628853 2.3609436006356637
vn -0.7400801107143871 0.1840022078106784 -0.6468574937695136
v -28.5215037204635955 -1.1127139262454937 2.4645405204072111
vn -0.5655964230925010 0.8125662283698896 -0.1408432131758610
v -28.5099342679429704 -2.5243349909780983 0.3317351357101284
vn 0.4470971869226119 0.8329444281282804 0.3260485931512954
v -28.4746430919228715 -2.3047564411098924 -1.0092222937273567
vn 0.5376876767440448 0.7108628185222881 0.4533938856227992
v -26.0786059832153043 -2.3510614170993498 -1.2670168696532049
vn 0.7237211081654030 -0.6517378021467516 -0.2268602980884107
v -26.0794770638707725 2.4469226325731097 0.8838708014222948
vn 0.8494344370398971 0.4033189908278505 -0.3402865392699474
v -26.0768673515153360 -1.7497020220108284 2.1111729453714352
vn 0.8934971035526263 -0.3914268067158426 0.2201090205496031
v -26.0802716572047437 2.0647588183147487 -1.6172414226782406
vn 0.0242911678695435 -0.2486298138332070 0.9682939403077965
v -26.2029557286642039 -1.5015508198667928 4.4966983972717802
vn 0.3457967290924336 0.3953482630429910 0.8509549771038794
v -26.2038194704536380 1.6566935067286204 4.4446149906886347
vn 0.7044830586332359 -0.6119454531956359 -0.3594807121556713
v -26.0663653196959046 -4.5308161639719655 -1.8204370488414012
vn 0.4056454083917772 0.7897782839652064 0.4601109266553469
v -26.1742398597246790 3.9880155532414370 2.3739383317982679
vn 0.7415519326716155 0.6708534023592174 0.0075129018397690
v -26.0750007812192202 4.6562428740532935 0.0782362444645191
vn 0.6834375333437166 -0.1609670438588582 -0.7120412549904651
v -26.0743259680592061 -0.0918100950129984 -4.7797605575973527
vn -0.7692863577047042 -0.4135521663715914 0.4870042151139899
v -26.6749991761921663 -2.9557010198856384 3.6445835870721330
vn 0.4724714028077115 -0.8276810866746789 0.3028445018321054
v -26.1505374363671343 -4.2547722976050357 2.0263851987556554
vn -0.1217689883492512 0.5279692481033216 -0.8404884214155560
v -26.2209514103409518 2.6615698199722670 -3.8302698110487685
vn -0.0522696776793041 0.8933250277030605 -0.4463611493786479
v -26.2561548816171175 4.1326072362431647 -2.1132041738387324
vn -0.4728252510046672 0.8811555166718440 0.0011124078160905
v -26.6835576099356437 4.2259689142346790 0.1395511475718931
vn -0.5590615326399304 -0.7945063035504653 0.2370863478584709
v -26.6749987993445075 -3.9115753582539439 1.1213633155224172
vn -0.5999408953256063 -0.3392554372824909 0.7245527381703666
v -26.6613995483531774 -1.9588175610727085 3.6652466537943011
vn -0.3961682621291475 -0.8977227492153462 -0.1927292754690161
v -26.6891847850350175 -4.0716494033709694 -1.3979271871231156
vn -0.4678293866212924 0.1733802353877978 0.8666458094229829
v -26.6749983757012679 1.1080039532923909 3.9047494031539030
vn -0.2176400244890774 -0.5759522387027249 -0.7879795926759229
v -26.6922148306496787 -2.4102681608472216 -3.5946318765654341
vn -0.4454042173432920 0.6823820480754200 0.5796290396772792
v -26.6749977353266203 3.2552716442512146 2.4600585957045449
vn -0.4382766088492271 -0.0104418501137811 -0.8987794957061620
v -26.6964390299755081 -0.5463444637677414 -4.1904841880477077
vn -0.4568727157907050 0.5880450677153950 -0.6674356297813461
v -26.6720294876638917 2.9556422979348476 -2.9223234649591721
vn -0.6182840638174896 0.1710103174340609 -0.7671246885353332
v -28.5014969406320731 0.4696581538084669 -4.0581715481825205
vn -0.6481263255842127 0.6615765889562616 -0.3771586974069464
v -28.5476501310308031 3.4316882517124387 -2.3291666768446859
vn -0.6539296818453939 -0.3129976828812544 -0.6887731278966591
v -28.5017920316451310 -1.9284264579935284 -3.5602402344160007
vn -0.7729769596189905 0.6023614920283893 0.1991663948047313
v -28.5056390819252847 3.8770304133203801 1.1112455577961187
vn -0.6800532493605284 -0.6911968665661852 0.2444881790256418
v -28.4995962930812965 -4.0245338896714209 1.2689289262505268
vn -0.7560360525733005 -0.1426977764483429 0.6387854348731508
v -28.5108691623157782 -0.9937710969819945 3.9788271611704937
vn -0.7536341406457679 0.3362027707126327 0.5648037526595089
v -28.5256132646583076 1.8883066030428837 3.5797362575753988
vn -0.7588364887256429 -0.5380374530203055 -0.3669916654720644
v -28.4661535854195016 -3.3362416451159866 -2.2423588293381118
vn -0.4675300660748075 0.6073389416967625 0.6423044817022083
v -28.5599372169488106 -1.6779859641974482 -1.9003594758123306
vn -0.0531334881673048 0.2308362166515982 0.9715407729566223
v -28.5657545431698878 -0.2606199329665649 -2.5816195426268735
vn -0.8775918821078698 -0.4274670284344770 0.2170355456135349
v -22.5750007057460564 11.9530342039078299 24.5448089693554934
vn -0.8418897226717352 0.3785129928353752 -0.3846421832229482
v -22.5750007577157312 13.1352571509477833 24.3819380289705627
vn -0.4580683596264950 0.8534716160648299 -0.2485147449967101
v -22.5750007931602887 12.7089205444496756 23.6214882346495898
vn -0.8760627561039724 -0.1170419284470277 0.4677769066049675
v -22.5750007810611137 13.0349554663905032 25.5482965643589388
vn -0.4563905743487093 0.1981041485780319 -0.8674459003083871
v -22.5750007821871108 13.9050632120327062 24.7974112869220598
vn -0.5600776087389279 0.7979812929211267 -0.2225734223513925
v -22.5753096736226162 12.5533330637153888 21.6526503750170995
vn -0.9062872224670269 0.4127053600333528 0.0912017334963682
v -22.5750007593475424 12.2552815462562794 20.7538968235936103
vn -0.4580770749236511 0.8628538878058908 0.2136552403468046
v -22.5749918286655600 12.6957412412953374 19.9181073077773441
vn -0.4577750051184117 0.1215181066179033 -0.8807243578173810
v -22.5749999500291345 25.4726949225474826 24.8032193154421563
vn -0.6227736934663836 0.1392202668144821 -0.7699159980376713
v -22.5750002871900932 26.2132260213990875 25.2653850757786849
vn -0.4477795073423039 0.8937799735227069 -0.0255121879507201
v -22.5750007407671909 12.6995223601455898 11.6425466478157507
vn -0.5667353073763911 -0.1539454552124973 -0.8093898246162997
v -22.5750005931542468 27.3920691106946030 24.8031329060572361
vn -0.5625492277107919 -0.3437284353115906 -0.7519236192328562
v -22.5750007857767834 26.7604591233080775 25.1811049556834199
vn -0.9499629089301181 0.0223041116197145 0.3115653996545243
v -22.5750007600000018 29.5499992399999982 25.5499992399999982
vn -0.8415503264516221 0.3050876686758175 0.4457741159725663
v -22.5750006102754242 30.7009095332645678 25.2198569367633212
vn -0.7196028460098330 -0.2659529613114230 -0.6414364866331141
v -22.5750001378617142 29.2296639887412368 24.7764169003505685
vn -0.7195578939462886 -0.5259784549298979 -0.4534127283272260
v -22.5750007660895200 29.9599932154164108 24.2844631421033768
vn -0.8605922550117248 0.5001251046666154 0.0962073297417694
v -22.5750007600000018 31.0499992399999982 24.0499992399999982
vn -0.6093836370107950 -0.7737390767201943 -0.1731456730607989
v -22.5750002892872779 30.2994324150310064 23.5724788533261957
vn -0.3226425138221884 0.8988420073110066 -0.2966224100900318
v -22.5750003666764805 12.6966868135889683 -2.0119013232097327
vn -0.4474489676028170 0.8935733960817619 0.0362768136153070
v -22.5750007600000018 12.6999998099999996 9.4374628099999995
vn -0.8343366707246310 0.5511306367485139 0.0117192628315921
v -22.5750000196908367 12.5777256819457399 10.3349870886911113
vn -0.7196786402467394 0.6668866276530601 0.1931964819300108
v -22.5749999263596024 12.6855349137548643 -3.9056992438084652
vn -0.9238759254912109 -0.3674967231326592 -0.1067681262573999
v -22.5766723380740331 11.9550395555260138 -6.6529220939780700
vn -0.8034440864116961 0.5804075464397688 0.1326826290282288
v -22.5749892632435945 12.2223427999618064 -3.1574810224626058
vn -0.4512344532721951 0.8796105265695586 0.1505748641977371
v -22.5750007793323597 12.7005601149152412 -5.4047952807901423
vn -0.8479763168394485 0.4029748707418570 0.3443071588421986
v -22.5750550564021495 13.0247656326872701 -6.3042575719602496
vn -0.8807987575308956 -0.1536714650262433 -0.4478600557860885
v -22.5750007538685438 13.1590845446336715 -7.5488283168717043
vn -0.4579722917110134 0.2165326033971185 0.8621919807624218
v -22.5750007931090018 13.9271623131364652 -6.7986077948915629
vn -0.5552822834806282 0.0517443406241791 0.8300506664450719
v -22.5749862771446743 19.6863215040598654 -6.8261662315111158
vn -0.4576573597944362 -0.8810953532373205 -0.1192506584031621
v -22.5750007831256347 30.3002709593852693 -2.0194848817857678
vn -0.5577439507050624 -0.7444875382921068 -0.3669604757731652
v -22.5750007631898981 30.6264868990080821 -2.5536180456354409
vn -0.7168115539160161 -0.6782641043207496 0.1616756041042597
v -22.5750006994456989 30.3022398504527963 -4.0634114825923371
vn -0.4526600094534616 -0.8752719408518804 0.1702878310360858
v -22.5750007858430237 30.2982655264042293 -5.4654414714762840
vn -0.7258024826494338 -0.4458934346224360 0.5238222992012899
v -22.5749407276308958 29.9095865780072678 -6.3836141353905145
vn -0.7075441433848609 -0.0432717232344942 0.7053430676841594
v -22.5750074514492098 23.3802204713636677 -6.8040465138219233
vn -0.5634465001291843 -0.1247199253137290 0.8166841382823049
v -22.5750007901345562 29.0632974376062911 -6.7987392300283407
vn -0.8819283648900088 0.1114015700884081 -0.4580306205749491
v -22.5753147800647334 29.9907230367924207 -7.5468050277979968
vn -0.8059877217316216 0.5549923897023158 -0.2058330386269002
v -22.5750036086292489 31.0485032114045438 -6.5705204230776380
vn -0.7085621120408381 -0.0349258408252528 0.7047835972998207
v -22.5750007592356567 21.7567876037614312 -7.0024693102520024
vn -0.7273671469457322 -0.6731785688595416 0.1332953411498130
v -22.5750224700678075 30.7832542521062145 -3.1050613189926248
vn -0.7422885296316470 0.3599368160320129 -0.5652019349241689
v -22.0246263223803567 30.1999186189835527 -7.5369409676904713
vn -0.6864841008011137 0.6933242996327558 -0.2191825606339039
v -22.0249996186839887 31.0493002898859878 -6.3488814118719263
vn -0.7103420605405195 0.7008266787095123 0.0652389717580118
v -22.0249996199999991 31.0499992399999982 24.0499992399999982
vn -0.0213719276215536 -0.9378349274328250 0.3464229923039271
v -22.0249996199999991 11.5000000000000000 25.0000000000000000
vn 0.1638990331867638 -0.3943819807756256 0.9042123424063279
v -22.0249996199999991 12.5000000000000000 26.0000000000000000
vn -0.5280848359899890 -0.8336396597582993 0.1617755348484229
v -22.0249996178057472 11.9503527545073478 24.3479274540729023
vn -0.7253743561527564 -0.3823255749204937 0.5724152323250038
v -22.0249996451933789 12.6560358349775477 25.3994397539665506
vn -0.4743523281034145 0.0362159541605781 0.8795898325282697
v -22.0249995735733428 24.1464992796150995 25.5507990341162596
vn -0.1344596080297514 0.2826044306059385 0.9497659446465634
v -22.0249996199999991 30.5000000000000000 26.0000000000000000
vn 0.1326670227913117 0.9498593426230882 0.2831372287342735
v -22.0249996199999991 31.5000000000000000 25.0000000000000000
vn -0.7654055690085901 0.5047940897720374 0.3991706926389469
v -22.0249994307127714 30.7198613660284501 25.2009132297559759
vn -0.8556970115597152 -0.3916385559419166 -0.3382334488300984
v -22.0254279030473725 11.9719295153529188 -6.9623136105094101
vn 0.1178037551818309 -0.9607381395420900 -0.2512060956550671
v -22.0249996199999991 11.5000000000000000 -7.0000000000000000
vn -0.2116256846522590 -0.4483704575914070 -0.8684345124157232
v -22.0249996199999991 12.5000000000000000 -8.0000000000000000
vn -0.6896946837868186 -0.0892681223777164 -0.7185766803086204
v -22.0249996199999991 13.4499998099999996 -7.5500001900000004
vn -0.3371933548116093 0.9107683124519341 -0.2383311194627094
v -22.0249996199999991 31.5000000000000000 -7.0000000000000000
vn 0.1339753648886764 0.3800034208238791 -0.9152311193163702
v -22.0249996132177444 30.4999971742342737 -8.0000000930250934
vn 0.7313065976543551 -0.1723706181092856 0.6599083498788556
v -19.5750007600000018 12.5000000000000000 26.0000000000000000
vn 0.8194308366685267 0.2897125506608408 0.4945702598279724
v -19.5750007600000018 30.5000000000000000 26.0000000000000000
vn 0.7313066155487102 -0.3447413450319708 -0.5885100161256720
v -19.5750007600000018 12.6242637599999998 -7.6999998099999996
vn 0.8514548989010158 -0.4845081439294767 -0.2006898442958048
v -19.5750007600000018 11.5000000000000000 -7.0000000000000000
vn 0.6302624777359418 -0.2971085786150759 -0.7172835573686884
v -19.5750007600000018 12.5000000000000000 -8.0000000000000000
vn 0.7313065797600066 -0.6599083839205090 -0.1723705637025751
v -19.5750007600000018 11.8000001900000004 -6.8757357600000004
vn 0.8194308228031001 0.1448562315804106 -0.5545717255797999
v -19.5750007600000018 30.3757362399999984 -7.6999998099999996
vn 0.7345094283030315 0.2596883962785331 -0.6269432482866673
v -19.5750007600000018 30.5000000000000000 -8.0000000000000000
vn 0.6302624270065846 0.7172834943096127 -0.2971088384662451
v -19.5750007600000018 31.5000000000000000 -7.0000000000000000
vn 0.7313066151759011 0.5885100179169218 -0.3447413427649648
v -19.5750007600000018 31.2000007600000018 -6.8757357600000004
vn 0.6302624731310217 -0.7172835612062476 0.2971085791188998
v -19.5750007600000018 11.5000000000000000 25.0000000000000000
vn 0.7313065622384731 -0.5885102722673897 0.3447410208587153
v -19.5750007600000018 11.8000001900000004 24.8757362399999984
vn 0.7313066330702627 -0.1723707257891719 0.6599082825047360
v -19.5750007600000018 12.6242637599999998 25.7000007600000018
vn 0.7345095552677554 0.2596883436880725 0.6269431213219502
v -19.5750007600000018 30.3757362399999984 25.7000007600000018
vn 0.6302624731310217 0.7172835612062476 0.2971085791188998
v -19.5750007600000018 31.2000007600000018 24.8757362399999984
vn 0.8514548989010158 0.4845081439294767 0.2006898442958048
v -19.5750007600000018 31.5000000000000000 25.0000000000000000
vn -0.4759631494779679 0.3365567705907775 0.8125199200687453
v -18.5750007600000018 30.3757362399999984 25.7000007600000018
vn -0.7313066330702627 -0.3447414515783437 0.5885099319392093
v -18.5750007600000018 12.6242637599999998 25.7000007600000018
vn -0.8514548989010158 0.4845081439294767 0.2006898442958048
v -18.5750007600000018 31.2000007600000018 24.8757362399999984
vn -0.7313066151759011 0.6599083165464116 -0.1723706713824824
v -18.5750007600000018 31.2000007600000018 -6.8757357600000004
vn -0.8194308228031001 0.2897124631608212 -0.4945703340572746
v -18.5750007600000018 30.3757362399999984 -7.6999998099999996
vn -0.7313066155487102 -0.1723706725159854 -0.6599083158371911
v -18.5750007600000018 12.6242637599999998 -7.6999998099999996
vn -0.7313065797600066 -0.5885101880810114 -0.3447411274051502
v -18.5750007600000018 11.8000001900000004 -6.8757357600000004
vn -0.7313065622384731 -0.6599084172529315 0.1723705104293576
v -18.5750007600000018 11.8000001900000004 24.8757362399999984
vn -0.7313065976543551 -0.1723706181092856 -0.6599083498788556
v -18.5750007600000018 12.5000000000000000 -8.0000000000000000
vn -0.7313065976543551 -0.5885101021033561 -0.3447412362185711
v -18.5750007600000018 11.5000000000000000 -7.0000000000000000
vn -0.5815224645069493 0.4111984780651773 -0.7019597103186519
v -18.5750007600000018 30.5000000000000000 -8.0000000000000000
vn -0.7313065976543551 0.6599083498788556 -0.1723706181092856
v -18.5750007600000018 31.5000000000000000 -7.0000000000000000
vn -0.7313065976543551 -0.6599083498788556 0.1723706181092856
v -18.5750007600000018 11.5000000000000000 25.0000000000000000
vn -0.7313065976543551 -0.3447412362185711 0.5885101021033561
v -18.5750007600000018 12.5000000000000000 26.0000000000000000
vn -0.8194308366685267 0.1448562753304204 0.5545716936646837
v -18.5750007600000018 30.5000000000000000 26.0000000000000000
vn -0.7313065976543551 0.5885101021033561 0.3447412362185711
v -18.5750007600000018 31.5000000000000000 25.0000000000000000
vn 0.7313065976543551 -0.1723706181092856 0.6599083498788556
v -17.5750007600000018 12.5000000000000000 26.0000000000000000
vn 0.8194308366685267 0.2897125506608408 0.4945702598279724
v -17.5750007600000018 30.5000000000000000 26.0000000000000000
vn 0.7313066155487102 -0.3447413450319708 -0.5885100161256720
v -17.5750007600000018 12.6242637599999998 -7.6999998099999996
vn 0.7313065976543551 -0.6599083498788556 -0.1723706181092856
v -17.5750007600000018 11.5000000000000000 -7.0000000000000000
vn 0.7313065976543551 -0.3447412362185711 -0.5885101021033561
v -17.5750007600000018 12.5000000000000000 -8.0000000000000000
vn 0.7313065797600066 -0.6599083839205090 -0.1723705637025751
v -17.5750007600000018 11.8000001900000004 -6.8757357600000004
vn 0.8194308228031001 0.1448562315804106 -0.5545717255797999
v -17.5750007600000018 30.3757362399999984 -7.6999998099999996
vn 0.5815224645069493 0.2055992390325886 -0.7871217035395379
v -17.5750007600000018 30.5000000000000000 -8.0000000000000000
vn 0.7313065976543551 0.5885101021033561 -0.3447412362185711
v -17.5750007600000018 31.5000000000000000 -7.0000000000000000
vn 0.7313066151759011 0.5885100179169218 -0.3447413427649648
v -17.5750007600000018 31.2000007600000018 -6.8757357600000004
vn 0.7313065976543551 -0.5885101021033561 0.3447412362185711
v -17.5750007600000018 11.5000000000000000 25.0000000000000000
vn 0.7313065622384731 -0.5885102722673897 0.3447410208587153
v -17.5750007600000018 11.8000001900000004 24.8757362399999984
vn 0.7313066330702627 -0.1723707257891719 0.6599082825047360
v -17.5750007600000018 12.6242637599999998 25.7000007600000018
vn 0.7345095552677554 0.2596883436880725 0.6269431213219502
v -17.5750007600000018 30.3757362399999984 25.7000007600000018
vn 0.6302624731310217 0.7172835612062476 0.2971085791188998
v -17.5750007600000018 31.2000007600000018 24.8757362399999984
vn 0.7313065976543551 0.6599083498788556 0.1723706181092856
v -17.5750007600000018 31.5000000000000000 25.0000000000000000
vn -0.4759631494779679 0.3365567705907775 0.8125199200687453
v -16.5750007600000018 30.3757362399999984 25.7000007600000018
vn -0.7313066330702627 -0.3447414515783437 0.5885099319392093
v -16.5750007600000018 12.6242637599999998 25.7000007600000018
vn -0.8514548989010158 0.4845081439294767 0.2006898442958048
v -16.5750007600000018 31.2000007600000018 24.8757362399999984
vn -0.7313066151759011 0.6599083165464116 -0.1723706713824824
v -16.5750007600000018 31.2000007600000018 -6.8757357600000004
vn -0.8194308228031001 0.2897124631608212 -0.4945703340572746
v -16.5750007600000018 30.3757362399999984 -7.6999998099999996
vn -0.7313066155487102 -0.1723706725159854 -0.6599083158371911
v -16.5750007600000018 12.6242637599999998 -7.6999998099999996
vn -0.7313065797600066 -0.5885101880810114 -0.3447411274051502
v -16.5750007600000018 11.8000001900000004 -6.8757357600000004
vn -0.7313065622384731 -0.6599084172529315 0.1723705104293576
v -16.5750007600000018 11.8000001900000004 24.8757362399999984
vn -0.7313065976543551 -0.1723706181092856 -0.6599083498788556
v -16.5750007600000018 12.5000000000000000 -8.0000000000000000
vn -0.7313065976543551 -0.5885101021033561 -0.3447412362185711
v -16.5750007600000018 11.5000000000000000 -7.0000000000000000
vn -0.5815224645069493 0.4111984780651773 -0.7019597103186519
v -16.5750007600000018 30.5000000000000000 -8.0000000000000000
vn -0.7313065976543551 0.6599083498788556 -0.1723706181092856
v -16.5750007600000018 31.5000000000000000 -7.0000000000000000
vn -0.7313065976543551 -0.6599083498788556 0.1723706181092856
v -16.5750007600000018 11.5000000000000000 25.0000000000000000
vn -0.7313065976543551 -0.3447412362185711 0.5885101021033561
v -16.5750007600000018 12.5000000000000000 26.0000000000000000
vn -0.8194308366685267 0.1448562753304204 0.5545716936646837
v -16.5750007600000018 30.5000000000000000 26.0000000000000000
vn -0.7313065976543551 0.5885101021033561 0.3447412362185711
v -16.5750007600000018 31.5000000000000000 25.0000000000000000
vn 0.7313065976543551 -0.1723706181092856 0.6599083498788556
v -15.5749998099999996 12.5000000000000000 26.0000000000000000
vn 0.8194308366685267 0.2897125506608408 0.4945702598279724
v -15.5749998099999996 30.5000000000000000 26.0000000000000000
vn 0.7313066155487102 -0.3447413450319708 -0.5885100161256720
v -15.5749998099999996 12.6242637599999998 -7.6999998099999996
vn 0.7313065976543551 -0.6599083498788556 -0.1723706181092856
v -15.5749998099999996 11.5000000000000000 -7.0000000000000000
vn 0.7313065976543551 -0.3447412362185711 -0.5885101021033561
v -15.5749998099999996 12.5000000000000000 -8.0000000000000000
vn 0.7313065797600066 -0.6599083839205090 -0.1723705637025751
v -15.5749998099999996 11.8000001900000004 -6.8757357600000004
vn 0.8194308228031001 0.1448562315804106 -0.5545717255797999
v -15.5749998099999996 30.3757362399999984 -7.6999998099999996
vn 0.5815224645069493 0.2055992390325886 -0.7871217035395379
v -15.5749998099999996 30.5000000000000000 -8.0000000000000000
vn 0.7313065976543551 0.5885101021033561 -0.3447412362185711
v -15.5749998099999996 31.5000000000000000 -7.0000000000000000
vn 0.7313066151759011 0.5885100179169218 -0.3447413427649648
v -15.5749998099999996 31.2000007600000018 -6.8757357600000004
vn 0.7313065976543551 -0.5885101021033561 0.3447412362185711
v -15.5749998099999996 11.5000000000000000 25.0000000000000000
vn 0.7313065622384731 -0.5885102722673897 0.3447410208587153
v -15.5749998099999996 11.8000001900000004 24.8757362399999984
vn 0.7313066330702627 -0.1723707257891719 0.6599082825047360
v -15.5749998099999996 12.6242637599999998 25.7000007600000018
vn 0.7345095552677554 0.2596883436880725 0.6269431213219502
v -15.5749998099999996 30.3757362399999984 25.7000007600000018
vn 0.6302624731310217 0.7172835612062476 0.2971085791188998
v -15.5749998099999996 31.2000007600000018 24.8757362399999984
vn 0.7313065976543551 0.6599083498788556 0.1723706181092856
v -15.5749998099999996 31.5000000000000000 25.0000000000000000
vn -0.4759631494779679 0.3365567705907775 0.8125199200687453
v -14.5749998099999996 30.3757362399999984 25.7000007600000018
vn -0.7313066330702627 -0.3447414515783437 0.5885099319392093
v -14.5749998099999996 12.6242637599999998 25.7000007600000018
vn -0.8514548989010158 0.4845081439294767 0.2006898442958048
v -14.5749998099999996 31.2000007600000018 24.8757362399999984
vn -0.7313066151759011 0.6599083165464116 -0.1723706713824824
v -14.5749998099999996 31.2000007600000018 -6.8757357600000004
vn -0.8194308228031001 0.2897124631608212 -0.4945703340572746
v -14.5749998099999996 30.3757362399999984 -7.6999998099999996
vn -0.7313066155487102 -0.1723706725159854 -0.6599083158371911
v -14.5749998099999996 12.6242637599999998 -7.6999998099999996
vn -0.7313065797600066 -0.5885101880810114 -0.3447411274051502
v -14.5749998099999996 11.8000001900000004 -6.8757357600000004
vn -0.7313065622384731 -0.6599084172529315 0.1723705104293576
v -14.5749998099999996 11.8000001900000004 24.8757362399999984
vn -0.7313065976543551 -0.1723706181092856 -0.6599083498788556
v -14.5749998099999996 12.5000000000000000 -8.0000000000000000
vn -0.7313065976543551 -0.5885101021033561 -0.3447412362185711
v -14.5749998099999996 11.5000000000000000 -7.0000000000000000
vn -0.5815224645069493 0.4111984780651773 -0.7019597103186519
v -14.5749998099999996 30.5000000000000000 -8.0000000000000000
vn -0.7313065976543551 0.6599083498788556 -0.1723706181092856
v -14.5749998099999996 31.5000000000000000 -7.0000000000000000
vn -0.7313065976543551 -0.6599083498788556 0.1723706181092856
v -14.5749998099999996 11.5000000000000000 25.0000000000000000
vn -0.7313065976543551 -0.3447412362185711 0.5885101021033561
v -14.5749998099999996 12.5000000000000000 26.0000000000000000
vn -0.8194308366685267 0.1448562753304204 0.5545716936646837
v -14.5749998099999996 30.5000000000000000 26.0000000000000000
vn -0.7313065976543551 0.5885101021033561 0.3447412362185711
v -14.5749998099999996 31.5000000000000000 25.0000000000000000
vn 0.7313065976543551 -0.1723706181092856 0.6599083498788556
v -13.5749998099999996 12.5000000000000000 26.0000000000000000
vn 0.8194308366685267 0.2897125506608408 0.4945702598279724
v -13.5749998099999996 30.5000000000000000 26.0000000000000000
vn 0.7313066155487102 -0.3447413450319708 -0.5885100161256720
v -13.5749998099999996 12.6242637599999998 -7.6999998099999996
vn 0.7313065976543551 -0.6599083498788556 -0.1723706181092856
v -13.5749998099999996 11.5000000000000000 -7.0000000000000000
vn 0.7313065976543551 -0.3447412362185711 -0.5885101021033561
v -13.5749998099999996 12.5000000000000000 -8.0000000000000000
vn 0.7313065797600066 -0.6599083839205090 -0.1723705637025751
v -13.5749998099999996 11.8000001900000004 -6.8757357600000004
vn 0.8194308228031001 0.1448562315804106 -0.5545717255797999
v -13.5749998099999996 30.3757362399999984 -7.6999998099999996
vn 0.5815224645069493 0.2055992390325886 -0.7871217035395379
v -13.5749998099999996 30.5000000000000000 -8.0000000000000000
vn 0.7313065976543551 0.5885101021033561 -0.3447412362185711
v -13.5749998099999996 31.5000000000000000 -7.0000000000000000
vn 0.7313066151759011 0.5885100179169218 -0.3447413427649648
v -13.5749998099999996 31.2000007600000018 -6.8757357600000004
vn 0.7313065976543551 -0.5885101021033561 0.3447412362185711
v -13.5749998099999996 11.5000000000000000 25.0000000000000000
vn 0.7313065622384731 -0.5885102722673897 0.3447410208587153
v -13.5749998099999996 11.8000001900000004 24.8757362399999984
vn 0.7313066330702627 -0.1723707257891719 0.6599082825047360
v -13.5749998099999996 12.6242637599999998 25.7000007600000018
vn 0.7345095552677554 0.2596883436880725 0.6269431213219502
v -13.5749998099999996 30.3757362399999984 25.7000007600000018
vn 0.6302624731310217 0.7172835612062476 0.2971085791188998
v -13.5749998099999996 31.2000007600000018 24.8757362399999984
vn 0.7313065976543551 0.6599083498788556 0.1723706181092856
v -13.5749998099999996 31.5000000000000000 25.0000000000000000
vn -0.4759631494779679 0.3365567705907775 0.8125199200687453
v -12.5749998099999996 30.3757362399999984 25.7000007600000018
vn -0.7313066330702627 -0.3447414515783437 0.5885099319392093
v -12.5749998099999996 12.6242637599999998 25.7000007600000018
vn -0.8514548989010158 0.4845081439294767 0.2006898442958048
v -12.5749998099999996 31.2000007600000018 24.8757362399999984
vn -0.7313066151759011 0.6599083165464116 -0.1723706713824824
v -12.5749998099999996 31.2000007600000018 -6.8757357600000004
vn -0.8194308228031001 0.2897124631608212 -0.4945703340572746
v -12.5749998099999996 30.3757362399999984 -7.6999998099999996
vn -0.7313066155487102 -0.1723706725159854 -0.6599083158371911
v -12.5749998099999996 12.6242637599999998 -7.6999998099999996
vn -0.7313065797600066 -0.5885101880810114 -0.3447411274051502
v -12.5749998099999996 11.8000001900000004 -6.8757357600000004
vn -0.7313065622384731 -0.6599084172529315 0.1723705104293576
v -12.5749998099999996 11.8000001900000004 24.8757362399999984
vn -0.7313065976543551 -0.1723706181092856 -0.6599083498788556
v -12.5749998099999996 12.5000000000000000 -8.0000000000000000
vn -0.7313065976543551 -0.5885101021033561 -0.3447412362185711
v -12.5749998099999996 11.5000000000000000 -7.0000000000000000
vn -0.5815224645069493 0.4111984780651773 -0.7019597103186519
v -12.5749998099999996 30.5000000000000000 -8.0000000000000000
vn -0.7313065976543551 0.6599083498788556 -0.1723706181092856
v -12.5749998099999996 31.5000000000000000 -7.0000000000000000
vn -0.7313065976543551 -0.6599083498788556 0.1723706181092856
v -12.5749998099999996 11.5000000000000000 25.0000000000000000
vn -0.7313065976543551 -0.3447412362185711 0.5885101021033561
v -12.5749998099999996 12.5000000000000000 26.0000000000000000
vn -0.8194308366685267 0.1448562753304204 0.5545716936646837
v -12.5749998099999996 30.5000000000000000 26.0000000000000000
vn -0.7313065976543551 0.5885101021033561 0.3447412362185711
v -12.5749998099999996 31.5000000000000000 25.0000000000000000
vn 0.7313065976543551 -0.1723706181092856 0.6599083498788556
v -11.5749998099999996 12.5000000000000000 26.0000000000000000
vn 0.8194308366685267 0.2897125506608408 0.4945702598279724
v -11.5749998099999996 30.5000000000000000 26.0000000000000000
vn 0.7313066155487102 -0.3447413450319708 -0.5885100161256720
v -11.5749998099999996 12.6242637599999998 -7.6999998099999996
vn 0.7313065976543551 -0.6599083498788556 -0.1723706181092856
v -11.5749998099999996 11.5000000000000000 -7.0000000000000000
vn 0.7313065976543551 -0.3447412362185711 -0.5885101021033561
v -11.5749998099999996 12.5000000000000000 -8.0000000000000000
vn 0.7313065797600066 -0.6599083839205090 -0.1723705637025751
v -11.5749998099999996 11.8000001900000004 -6.8757357600000004
vn 0.8194308228031001 0.1448562315804106 -0.5545717255797999
v -11.5749998099999996 30.3757362399999984 -7.6999998099999996
vn 0.5815224645069493 0.2055992390325886 -0.7871217035395379
v -11.5749998099999996 30.5000000000000000 -8.0000000000000000
vn 0.7313065976543551 0.5885101021033561 -0.3447412362185711
v -11.5749998099999996 31.5000000000000000 -7.0000000000000000
vn 0.7313066151759011 0.5885100179169218 -0.3447413427649648
v -11.5749998099999996 31.2000007600000018 -6.8757357600000004
vn 0.7313065976543551 -0.5885101021033561 0.3447412362185711
v -11.5749998099999996 11.5000000000000000 25.0000000000000000
vn 0.7313065622384731 -0.5885102722673897 0.3447410208587153
v -11.5749998099999996 11.8000001900000004 24.8757362399999984
vn 0.7313066330702627 -0.1723707257891719 0.6599082825047360
v -11.5749998099999996 12.6242637599999998 25.7000007600000018
vn 0.7345095552677554 0.2596883436880725 0.6269431213219502
v -11.5749998099999996 30.3757362399999984 25.7000007600000018
vn 0.6302624731310217 0.7172835612062476 0.2971085791188998
v -11.5749998099999996 31.2000007600000018 24.8757362399999984
vn 0.7313065976543551 0.6599083498788556 0.1723706181092856
v -11.5749998099999996 31.5000000000000000 25.0000000000000000
vn -0.4759631494779679 0.3365567705907775 0.8125199200687453
v -10.5749998099999996 30.3757362399999984 25.7000007600000018
vn -0.7313066330702627 -0.3447414515783437 0.5885099319392093
v -10.5749998099999996 12.6242637599999998 25.7000007600000018
vn -0.8514548989010158 0.4845081439294767 0.2006898442958048
v -10.5749998099999996 31.2000007600000018 24.8757362399999984
vn -0.7313066151759011 0.6599083165464116 -0.1723706713824824
v -10.5749998099999996 31.2000007600000018 -6.8757357600000004
vn -0.8194308228031001 0.2897124631608212 -0.4945703340572746
v -10.5749998099999996 30.3757362399999984 -7.6999998099999996
vn -0.7313066155487102 -0.1723706725159854 -0.6599083158371911
v -10.5749998099999996 12.6242637599999998 -7.6999998099999996
vn -0.7313065797600066 -0.5885101880810114 -0.3447411274051502
v -10.5749998099999996 11.8000001900000004 -6.8757357600000004
vn -0.7313065622384731 -0.6599084172529315 0.1723705104293576
v -10.5749998099999996 11.8000001900000004 24.8757362399999984
vn -0.7313065976543551 -0.1723706181092856 -0.6599083498788556
v -10.5749998099999996 12.5000000000000000 -8.0000000000000000
vn -0.6302624731310217 -0.7172835612062476 -0.2971085791188998
v -10.5749998099999996 11.5000000000000000 -7.0000000000000000
vn -0.5815224645069493 0.4111984780651773 -0.7019597103186519
v -10.5749998099999996 30.5000000000000000 -8.0000000000000000
vn -0.6222695079876678 0.7689398375955666 -0.1466703296078988
v -10.5749998099999996 31.5000000000000000 -7.0000000000000000
vn -0.6222695079876678 -0.7689398375955666 0.1466703296078988
v -10.5749998099999996 11.5000000000000000 25.0000000000000000
vn -0.7313065976543551 -0.3447412362185711 0.5885101021033561
v -10.5749998099999996 12.5000000000000000 26.0000000000000000
vn -0.8194308366685267 0.1448562753304204 0.5545716936646837
v -10.5749998099999996 30.5000000000000000 26.0000000000000000
vn -0.6302624731310217 0.7172835612062476 0.2971085791188998
v -10.5749998099999996 31.5000000000000000 25.0000000000000000
vn -0.3400069042726784 -0.3596938576465023 0.8689163560540724
v -8.1250000000000000 12.5000000000000000 26.0000000000000000
vn 0.1134953915004672 0.3538742127528887 0.9283812997129353
v -8.1250000000000000 30.5000000000000000 26.0000000000000000
vn 0.1161324057300000 0.9377162159513753 0.3274164972648693
v -8.1250000000000000 31.5000000000000000 25.0000000000000000
vn 0.4082482904638631 0.8164965809277261 -0.4082482904638631
v -10.2749996199999991 31.5000000000000000 13.5000000000000000
vn 0.0000000000000002 0.5547002010522682 -0.8320502911198175
v -8.1250000000000000 31.5000000000000000 13.5000000000000000
vn 0.0233757692452497 0.9200492856472294 -0.3911046987600834
v -8.1250000000000000 31.5000000000000000 -7.0000000000000000
vn 0.2672612419124244 0.8017837257372732 0.5345224838248488
v -10.2749996199999991 31.5000000000000000 7.5000000000000000
vn -0.0000000000000009 0.5547002131800797 0.8320502830346098
v -8.1250000000000000 31.5000000000000000 7.5000000000000000
vn -0.2059584899442892 0.2955448563647791 -0.9328635153634158
v -8.1250000000000000 30.5000000000000000 -8.0000000000000000
vn -0.0000009787718991 -0.4365143062756897 -0.8996973159989394
v -8.1250000000000000 12.5000000000000000 -8.0000000000000000
vn -0.0000005224409743 -0.9675179091605441 -0.2528024830838019
v -8.1250000000000000 11.5000000000000000 -7.0000000000000000
vn 0.4082407794270172 -0.8165100257829728 0.4082289110397627
v -10.2749996199999991 11.5000000000000000 7.5000000000000000
vn 0.0000000000000015 -0.5547001751770907 0.8320503083699357
v -8.1250000000000000 11.5000000000000000 7.5000000000000000
vn 0.1529584115408554 -0.9338282105408170 0.3233706813194943
v -8.1250000000000000 11.5000000000000000 25.0000000000000000
vn 0.4850620256850858 -0.7276268606705814 -0.4850504951744257
v -10.2749996199999991 11.5000000000000000 13.5000000000000000
vn 0.0000101531670663 -0.5531022466617967 -0.8331133804198478
v -8.1250000000000000 11.5000000000000000 13.5000000000000000
vn 0.8151991355873800 0.5693813782474895 0.1060906001612661
v -8.1250000076225746 31.0486924537474032 24.3134893963541145
vn 0.6073279066787054 -0.0055885793385239 0.7944316091081969
v -8.1250000000000000 29.5499992399999982 25.5499992399999982
vn 0.2180108116325421 0.4364728930519834 -0.8729047483214604
v -8.1250000000000000 31.0499992399999982 13.5000000000000000
vn 0.8191885710788390 -0.1599863871035603 0.5507580602727116
v -8.1251167382591003 12.8812796409087102 25.5445877392536964
vn 0.7205394178418431 -0.6250774415156791 0.3001685184098271
v -8.1249999563355537 11.9537237823145102 24.4312991086948550
vn 0.2173236147763125 -0.4365634101418198 -0.8730308330098669
v -8.1250000000000000 11.9499998099999996 13.5000000000000000
vn 0.8643186105290341 0.0792124285575493 0.4966676259382877
v -7.5749998099999996 29.5499992399999982 25.5499992399999982
vn 0.9097440375926640 -0.2386914225986564 0.3396942608323364
v -7.5750060722488044 12.8110503764952295 25.5378098106151121
vn 0.8697904056844796 -0.4826363090014991 0.1026004064935316
v -7.5749997747502151 11.9512890665688793 24.3786097400888586
vn 0.6185296770638022 0.5380920144528004 -0.5726063417160830
v -7.5755271243084543 13.1585989318083083 24.4433793453257024
vn 0.5611776772019106 0.1101420517557979 -0.8203342873763668
v -7.5749997793958563 13.9939603227656040 24.7992841598667653
vn 0.7170566305933663 0.6715000096514872 -0.1868623171218349
v -7.5749998107298495 12.7368698150596185 23.6923772831224362
vn 0.5550341255925180 0.0589016622563340 -0.8297395456474216
v -7.5749998099999996 19.4091281900000006 24.7999992399999982
vn 0.8331633399323530 0.0014667093305963 -0.5530250426124533
v -7.5749765011201067 20.4706884409149303 24.9086887642594768
vn 0.9045813888167382 -0.3013941205132475 -0.3014864758599081
v -7.5749998099999996 11.9499998099999996 13.5000000000000000
vn 0.7347313371499464 0.6752007525445084 -0.0653743525641445
v -7.5749997645838798 12.2389490538228642 20.8369292608339691
vn -0.0000000001577935 0.5547173139856432 -0.8320388822432240
v -7.5749998099999996 12.6999998099999996 13.5000000000000000
vn 0.5550104817234432 -0.0556185273477861 -0.8299818941355136
v -7.5749998099999996 21.5908718099999994 24.7999992399999982
vn 0.5628453827930641 -0.2462523020078290 -0.7890278061160925
v -7.5749997978285917 26.7423983147026298 25.1892214789717279
vn 0.9348849168653338 0.0549725856272127 -0.3506682293096374
v -7.5750000585717769 26.3280437946838113 25.2587697026754014
vn 0.7242733054485996 -0.0482011067333033 -0.6878261643207856
v -7.5751111407399243 29.1857972790257953 24.7867850735597592
vn 0.6436138727987569 -0.6095536545806695 -0.4628234273762891
v -7.5749998165431185 29.9568974722289774 24.2979453715863762
vn 0.8791899462319011 0.2784337920425629 0.3866518613605081
v -7.8228691227097604 30.3924434483424939 25.3784084299062904
vn 0.7097438992453406 0.6810880006748841 0.1799520292208697
v -7.5749998210260534 31.0492603584570013 24.3208617069773041
vn 0.7145124807913605 -0.6923568407545113 -0.1005679862272676
v -7.5750044115578845 30.2985915794633769 23.5637279610148447
vn 0.8165067678244565 0.4082508861426952 -0.4082253202100078
v -7.5749998099999996 31.0499992399999982 13.5000000000000000
vn -0.0000000000000290 -0.5546201999406316 -0.8321036196398942
v -7.5749998099999996 30.2999992399999982 13.5000000000000000
vn 0.5673669613153415 -0.3086040896065241 -0.7634515355187415
v -7.5752261161232308 27.2976294811533151 24.8161034609609885
vn 0.1955804654347584 0.0217873306765312 -0.9804456097929730
v -20.1749992399999982 19.4091281900000006 24.7999992399999982
vn 0.2418318898847868 -0.0248721594692119 -0.9699993364523971
v -20.1749992399999982 21.5908718099999994 24.7999992399999982
vn 0.2497897152354246 0.2484408335997757 -0.9358858105361220
v -7.5749337011670876 25.4562425864141630 24.8079055432253348
vn 0.2426995772477422 0.0023507045827687 -0.9700986493093017
v -20.1735491875097992 20.4775638482676960 24.9184569206314741
vn 0.3798703261053255 0.9083330965656776 0.1750129167462821
v -7.5752169204413473 12.6956429215149758 19.9363846185865654
vn 0.5581340858032504 0.8170663186507594 -0.1445301809002731
v -7.5746717064195632 12.6773288333003045 21.8287956584350091
vn 0.7170772259391783 0.1650287388734186 0.6771748425519230
v -7.5749998116738588 13.9330481094307146 -6.7975882146975808
vn 0.6281177815134421 0.5922562563589728 0.5046786892174924
v -7.5751933965869780 12.9980556252113164 -6.3147708784180132
vn 0.7111590861950027 0.6939302778098021 0.1127542622746458
v -7.5749997851623334 12.7005316471956160 -5.3966331018615721
vn 0.5547256162808522 0.0286613362634780 0.8315395471325586
v -7.5749118455313651 19.6154337770233731 -6.8065367878375271
vn 0.4481278469712174 -0.0525843399999645 0.8924216043752580
v -7.5749693781124163 23.4452290670432326 -6.8043180367161185
vn 0.7090617735630008 0.0166985376021117 0.7049486223219695
v -7.5749998107644601 21.6540282287566654 -7.0049515281195216
vn 0.0000000006694912 0.5544582678762914 0.8322115291100112
v -7.5749998099999996 12.6999998099999996 7.5000000000000000
vn 0.8019128757321159 -0.5343778723465393 0.2671629264726560
v -7.5749998099999996 11.9499998099999996 7.5000000000000000
vn 0.4573858289821294 0.8808774291567351 -0.1218735338313919
v -7.5750510084592690 12.6980974260425601 -2.0747733177013861
vn 0.4618555488583037 0.8502506958945208 0.2525137741187159
v -7.5750775440972431 12.6873708689285518 -3.9181107707671963
vn 0.7155706819277304 0.6545978701226799 0.2438446792454860
v -7.5749997992302616 12.3209921939648375 -3.3608209698542231
vn 0.9529538672434547 -0.2897603905222523 -0.0889822622219522
v -7.5749998221146173 11.9513829529837956 -6.3415165805242157
vn 0.8102777513310211 -0.2685822652011454 -0.5208776559974189
v -7.5751503327906047 12.7642911920616502 -7.5411397494963399
vn 0.9045558032257461 0.3014642196120217 0.3014931560489225
v -7.5749998099999996 31.0499992399999982 7.5000000000000000
vn -0.0000000000017346 -0.5547370560848486 0.8320257199187509
v -7.5749998099999996 30.2999992399999982 7.5000000000000000
vn 0.4603135242521125 -0.8545884160163414 -0.2403957125268263
v -7.5750336709307202 30.3032698401161618 -2.0743399201661150
vn 0.7335538468992644 -0.6718520653176887 -0.1025356329655547
v -7.5750668038967337 30.7681585718558104 -2.8361397403247834
vn 0.8692943922685530 0.4839435543116698 -0.1006275102078705
v -7.5749997783840968 31.0489886768171850 -6.3779162772144655
vn 0.7120882714694009 -0.6903876097701248 0.1276528178757317
v -7.5749997773700786 30.2983027141628050 -5.4569003597303594
vn 0.4535546293297429 -0.8703328276595612 0.1918566321805741
v -7.5752076795945671 30.3208038631417800 -3.9392400932402869
vn 0.5646379265543646 -0.2606583762360841 0.7830971988165684
v -7.5749998096175117 29.0767146771907292 -6.7973408558339123
vn 0.7262924879360595 -0.5666777244163295 0.3890701461407432
v -7.5749898188844798 29.9917728712984832 -6.2948970566108660
vn 0.8738660827237714 0.2781470147373560 -0.3987383950132062
v -7.5768228941965798 30.2148012223123921 -7.5389668978720978
vn 0.7225431077455384 0.6651305063755593 -0.1885016364332455
v -7.5750111313291058 12.2460796742204110 -2.7950353876554264
vn 0.4851398353982271 -0.7276454037421303 0.4849448489495825
v -10.2749996199999991 30.2999992399999982 7.5000000000000000
vn 0.2181994540300742 -0.8728492821269423 -0.4364895519384847
v -10.2749996199999991 30.2999992399999982 13.5000000000000000
vn 0.2175034945536889 0.4365308306857535 0.8730023274411928
v -8.1250000000000000 31.0499992399999982 7.5000000000000000
vn 0.7124737007503081 0.6327272989621444 -0.3033766485529650
v -8.1249999644043474 31.0470561216808889 -6.4296169352099746
vn 0.8127047996688639 0.1581779013588230 -0.5607946684098470
v -8.1250000468261714 30.0848356724988228 -7.5464254923514540
vn 0.2357051903959907 -0.2357051900272235 0.9428075766637750
v -8.1250000000000000 11.9499998099999996 7.5000000000000000
vn 0.6069809784964034 -0.7573697216031755 -0.2407596239868238
v -8.1250000031641196 11.9507744997036891 -6.3490887330289425
vn 0.8503523449257434 -0.2362031804838834 -0.4702222315124919
v -8.1237384142973603 12.8303944912302068 -7.5353476638621171
vn 0.2673130208615269 0.7984016312884877 0.5395355262017196
v -10.2749996199999991 12.6999998099999996 7.5000000000000000
vn 0.2672662072904273 0.7991654384212169 -0.5384267605474440
v -10.2749996199999991 12.6999998099999996 13.5000000000000000
vn 0.6013968965509763 0.7988942989630078 0.0094695249753454
v -10.2748426519364404 12.6257142295801739 10.1991110123945834
vn 0.6847837894564254 -0.3246230802546761 -0.6524500114672881
v -22.6391217512182159 29.7757257660280494 -5.0906242502275170
vn 0.7826235097846582 -0.3278350190519992 0.5291735464056365
v -22.6113782555882352 29.9643716794954074 -6.8121335150486253
vn 0.0702972608000851 0.3249544332350399 0.9431134138823913
v -24.5301071577977474 29.2917838880177115 -6.9221763139613461
vn -0.0793968778881359 -0.9642990031730638 0.2526332683180341
v -23.6832632144157884 30.4098230565202847 -6.3454071452211416
vn -0.8541536156859585 0.5002040635193548 0.1421882401935163
v -26.0671425903669274 28.5915980920506492 -6.0645263751337373
vn -0.7770355170951424 -0.5159607563819640 0.3605555477959483
v -25.9600529890103928 30.2337638080175779 -6.5610396735488141
vn 0.0794063050556901 -0.9348363154479087 0.3460862638666565
v -23.2352917507433610 14.3316188818105097 -6.5514557944493754
vn 0.0929233402969546 0.5384917711638482 -0.8374914120257462
v -24.2668198264423509 29.1722788015230989 24.8348530951899420
vn 0.1201538860804648 0.9428475422692807 0.3108079080341096
v -24.4703722683569715 28.7043529220606359 23.5471431741456065
vn 0.9962136561749437 0.0429951450273634 0.0755630118154834
v -22.5994889145188189 14.2086254080572516 23.4871047728832494
vn 0.8837856429763062 0.2510568722149685 -0.3948333625500685
v -22.6064141283780771 13.1164045516694614 24.8444522229720022
vn 0.0781639945436389 -0.6611335734901213 -0.7461854916581832
v -23.1103076613684770 13.9531825387859651 24.7680034805602318
vn -0.1944827831241482 0.9382571937631558 -0.2860941897696866
v -24.2759668078223321 12.5546450517917378 24.0311806123795080
vn -0.4065427685283204 -0.2183225793756329 -0.8871630226131491
v -25.8750000375320681 12.5000126585277478 -8.0000002432262853
vn -0.4115875829803645 0.3307149623951000 -0.8492486533309248
v -25.8750000000000000 30.5000000000000000 -8.0000000000000000
vn 0.5478690316802467 -0.7849631157978906 -0.2892618726389917
v -22.0249996233210474 31.0585319184759285 24.4558929195950476
vn 0.9003076757001223 -0.1694916201666034 -0.4008973431799507
v -22.0249996016956828 30.0894323340542726 25.5634551118613018
vn 0.5418104176426686 0.0311307649017109 -0.8399240125216754
v -22.0249996007317428 13.1983678715112998 25.5696454738518248
vn 0.5256011853075557 0.8474878935831439 -0.0742136391325616
v -22.0249996156627645 11.9400558385851205 24.2266034434649740
vn 0.7456218273782595 -0.6069734678977140 0.2750114539529723
v -22.0249498320335313 31.0565834739433200 -6.6794924316490087
vn 0.5399072180907419 -0.1725577275704784 0.8238470892764195
v -22.0249996218583313 29.8780232133512769 -7.5492161126613349
vn 0.8351985618699329 0.3367544811964668 0.4347870532162775
v -22.0270972434139445 12.7249702790926804 -7.5376507560852932
vn 0.8408015566270121 0.5194207187267300 0.1524954403613456
v -22.0249996139842779 11.9405215257151216 -6.3202161022264276
vn -0.6964819998974718 -0.6380888362455932 -0.3282612692316330
v -26.0262917802575551 11.5106742478357376 -7.0003315289868109
vn -0.9784661898774403 -0.1613068179813163 -0.1287789801926838
v -26.0750007600000018 12.5828428300000006 -7.8000001900000004
vn -0.8153616947113237 -0.5403178387519354 0.2079469642094240
v -26.0839029146668260 11.5715358906796286 25.3176835412776207
vn -0.8314910021022337 -0.3896135219429224 -0.3960101222724681
v -26.0265353164969504 11.5362160453461335 22.5361030208677562
vn -0.6437117509355184 -0.7405177045172966 -0.1930510580234227
v -25.6329816184750072 11.4956762310275895 16.4290151920508158
vn -0.9115783071664221 -0.1984923240528819 0.3600358137681385
v -26.0739187417744667 13.6168528577500911 19.2869600547103914
vn -0.9611837215452210 0.1442037322333547 0.2352257151045564
v -26.0750007600000018 24.6000003800000009 25.7999992399999982
vn -0.9784620451951770 -0.2005402173216238 0.0489453506379028
v -26.0732715380070239 14.2238403204670245 23.7686515347209735
vn -0.8784263252698051 -0.4771646840038090 0.0260970383862195
v -26.0744983889356696 14.8100618998457918 21.1121333634749284
vn -0.6083946329772497 0.1952416143732830 0.7692442281755462
v -26.0359232552200126 30.4896831523989036 25.9880945250414044
vn -0.4869287666655214 -0.6433287115678583 -0.5907863785379904
v -26.0103468565555076 11.5300958672659970 -1.3631626673157737
vn -0.9178098345559593 -0.3818672224013152 0.1086394589818401
v -26.0750025013089122 12.6999293608040489 2.7814222309741701
vn -0.8862139009200657 -0.4000183211466798 -0.2336883920160168
v -26.0745171885302618 14.6020420935932300 -1.9395738988025106
vn -0.8012450755258650 0.0341261096061705 0.5973623168469020
v -26.0733402175420146 26.4377470266221124 22.7104591793190416
vn -0.9415252162474286 0.3353529990795636 -0.0326899553162019
v -26.0750025519843263 30.3005592592462207 15.3503884729810007
vn -0.8193705523681526 0.5571504237391424 0.1349640812927743
v -26.0680391980773614 17.6483171315772971 0.2723710410589795
vn -0.8796776361940194 0.1703454834831628 0.4440153968467648
v -26.0695467194787547 20.2205850583576883 -2.3889129477082220
vn -0.9405527049482695 0.3272117115262204 0.0910664870002964
v -26.0749989325283238 30.3003985666489690 2.6107081907885585
vn -0.9764921815187700 0.0668689765696022 -0.2049184213418777
v -26.0759151443614172 30.4150220873965509 -7.7991499035132597
vn -0.8615434665119416 0.4627258901779049 -0.2088722237868227
v -26.0668184505965570 28.4150822780239096 -1.7867703266902415
vn -0.3956864877829532 0.6895911358891584 -0.6065445314971449
v -26.0186630081598764 31.4708171330617432 -1.3805723645827561
vn -0.5088951933963741 -0.7243444736951208 0.4651352121323493
v -24.5750007600000018 11.5000000000000000 -4.5999999000000003
vn -0.8588882869331912 -0.3725345617854837 0.3514667990639596
v -26.0249590101511750 11.5357947209743674 -4.6357274071066810
vn -0.4377034893302872 -0.8733112319055295 -0.2138764775652936
v -24.5750007600000018 11.5000000000000000 -1.3999999800000000
vn -0.5746022781038818 -0.8120675907275090 0.1018746783447590
v -25.5750007600000018 11.5000000000000000 1.5000000000000000
vn -0.4395031098163209 -0.8854526979161278 0.1510315735693482
v -24.5750007600000018 11.5000000000000000 19.2999992399999982
vn -0.6523864919209009 -0.4692465897090620 0.5951466232833346
v -26.0179857748026500 11.5290117411761024 19.2806629924198560
vn -0.4973355870935298 -0.7272721061337249 -0.4730038027861402
v -24.5750007600000018 11.5000000000000000 22.5000000000000000
vn -0.8875036823143727 -0.4213039610798091 -0.1866552604586638
v -25.5949019963068736 12.4507338741982796 15.6168073599110429
vn -0.9359230308142429 -0.3394542826849209 -0.0939088406825880
v -26.0749773829692977 12.6933011546464822 15.8515179366111614
vn -0.6278876230482208 -0.3164972663483870 -0.7110461400055933
v -26.0265734896318435 13.6853556439190740 22.4930464422847294
vn -0.8543998119298370 -0.1686942009317574 -0.4914704751521242
v -24.5750007453305059 13.4525974383172020 22.4886339455069475
vn -0.9138308639965710 -0.2084903783646415 -0.3484894749295148
v -24.5750007571731288 13.5658016124168288 21.7386986029191895
vn -0.7520219725289924 -0.6044695004219751 -0.2628299372088557
v -24.5750010608002185 14.6971942360670020 21.5268526605683270
vn -0.8501670811624008 0.4349372531403942 -0.2967246534052947
v -24.5768118336169685 12.2997798289805242 21.3836283542170520
vn -0.6333541538675465 -0.4253324905347723 0.6464942291112984
v -24.6731372438967682 14.1665783941035563 19.4651523921658018
vn -0.7597331028293710 -0.5113395592785031 0.4016683552162437
v -24.5586253294528412 13.8783040542645164 20.2048612919491610
vn -0.7320195192739503 0.4755749912325977 0.4878276858851385
v -24.5750007543822306 12.4367301264053989 20.3243250109464384
vn 0.8650845362287263 -0.1479188025854525 -0.4793211585352931
v -22.5739170480558577 13.1628100664107972 21.8892032218446282
vn 0.8809819386177070 0.4723803541112821 0.0269745227777310
v -22.5750007602077574 12.2753316345012351 20.6607528390659958
vn 0.6023114090721160 0.2211367604834685 0.7670198821832711
v -22.5750008098535488 12.6798455973538378 20.1130233202850022
vn 0.8268798127881366 0.3734153537786984 -0.4205124834838860
v -22.2677949051490671 12.3964653810721721 25.2805450115507071
vn 0.9065832135839734 0.3991391453970919 -0.1370941992187654
v -22.5750007537903095 11.9401756764992513 24.2549281995359323
vn 0.9240251754746579 0.0939364028526952 -0.3706122330794325
v -22.5750007600000018 13.4399995800000003 25.5699996899999995
vn 0.9993123885020458 0.0189084258203149 -0.0318939119477974
v -22.6579529129049959 16.0349575852910995 24.7968450593625320
vn 0.9989619796944784 0.0430071567142738 -0.0150115820699363
v -22.6734158286834209 14.6703116978922203 20.2930691251131421
vn 0.9998717971196093 0.0095338966005785 0.0128644525889166
v -22.5695678730604499 13.8421112380662432 20.2750915703171515
vn 0.8928927259669701 0.4349562962439946 -0.1164285200154142
v -22.5750007141720701 12.7014335009864876 18.3257042018107512
vn 0.9957061025286441 -0.0312234992147340 -0.0871461444012567
v -22.6562986120595689 23.7756903035140930 24.7977289310132178
vn 0.5271173162760021 0.8497471710783752 0.0087795288190104
v -22.5882286703461794 25.4088545277278435 24.1453786603893938
vn 0.9833573533270803 -0.0600661333742521 0.1714653763271937
v -22.6718014225667375 26.3918757575396299 23.3334047757780105
vn 0.7471247038470979 -0.3023984288790065 -0.5919120433923393
v -22.5691748042658560 30.4667809092702768 25.5539722972103682
vn 0.8668045987126685 -0.1834652641277612 -0.4636704481731619
v -22.5749521342921824 26.6221662739343792 25.3073151096702027
vn 0.8919052320910362 -0.4346894691302136 0.1247001298953927
v -22.5750018403047079 27.3474358871127343 24.4709996931299045
vn 0.9755691165966117 -0.0417548911222713 0.2156882653513489
v -22.6055036539546492 29.3765125056816672 22.8032525383353608
vn 0.8486341911072860 -0.5280444568532521 0.0314493445120307
v -22.5750007600000018 31.0599994700000011 24.0699996899999995
vn 0.9278133148031910 -0.3575965073316535 -0.1062411917201506
v -22.5972498930443848 30.0418379616441698 22.1088299523860350
vn 0.7024381504984550 -0.7070228641502437 -0.0818493389899770
v -22.5750007600000018 30.2999992399999982 21.0828094499999992
vn 0.5677994664859134 0.8220403804835644 0.0430508851563916
v -22.5750007610898678 12.7000036286603635 -0.1428140088309892
vn 0.5602352691938327 0.6277499661390630 -0.5404317007390657
v -22.5734338189156958 12.9946678065187093 -2.0060558431225233
vn 0.9311660102674023 -0.3594315977354218 -0.0611456283968849
v -22.6416414599807858 14.0165566505505677 -3.0116245485161088
vn 0.9414387140603128 0.3320412343204672 -0.0586665695213658
v -22.5750007601216112 12.2395147215808233 -3.0069985840687514
vn 0.5604107202330327 0.6071495388446660 0.5633021055602428
v -22.5750007553838650 12.3861512482165264 -3.4866954935612426
vn 0.8146987366441228 -0.3147987263418247 0.4869986965116386
v -22.5819693101697823 13.3067009843308384 -3.8760426509648718
vn 0.7958719510365705 0.5938254370282967 0.1181490071536581
v -22.5750007462546627 11.9403207321450751 -6.3384671371237014
vn 0.7302926136224169 0.2262280811706283 0.6445878945329293
v -22.5750007350936492 12.8126179934760938 -7.5443011457826001
vn 0.8345886793247236 0.0052041752460240 0.5508490291386765
v -22.5750007557659522 16.2865291409177466 -6.7998039328961646
vn 0.7476515911742824 0.1759363483878476 -0.6403620066263407
v -22.5750446858132996 29.6467349794459061 -2.1055571077735564
vn 0.9962465240299787 -0.0748035496068087 0.0435579191927999
v -22.6591534741101199 28.5297047644655173 -2.0171215118285910
vn 0.9099924886415789 -0.4129571588030257 0.0371490997096638
v -22.5778585176212658 30.2930380808817716 -0.8496890151534179
vn 0.9264345463413274 0.3459331532716073 0.1484900158694231
v -22.5737403444713678 29.0348595986118880 -3.3203136650582019
vn 0.9356499493517476 -0.3365128167637494 -0.1063874824958242
v -22.5748464336680215 30.7374317602346530 -2.7342160348046143
vn 0.9774663405319389 0.1866625930601360 0.0985729652550108
v -22.6520690582392987 28.3207920012163896 -5.9265491508204748
vn 0.9338426110337508 -0.3331263402432073 0.1302490662301791
v -22.5752872159738693 31.0561477044071630 -6.5242322228903875
vn 0.8149151216502606 -0.1821573762012041 0.5502109002930006
v -22.5743248966653844 30.2048417369088718 -3.8837035582975581
vn 0.7589500209083651 -0.0543061680604543 0.6488803478868673
v -22.5748446526431650 27.3726706185420028 -6.7847795925850116
vn 0.8625661937534564 -0.2233760927458455 0.4539633053268447
v -22.5750007663665251 30.0383871879931661 -7.5451141203508447
vn -0.8227664302811268 0.1992977368416398 -0.5322929769330533
v -24.5780626558527580 26.3744029657768948 25.3556665298236901
vn -0.5065627482974472 -0.4613717355903695 0.7283751119002264
v -24.5750007600000018 28.0000000000000000 26.0000000000000000
vn -0.4065547114255595 -0.8568170714722738 0.3171399890448325
v -24.5651022698920833 27.7757145940911698 23.7385660864420167
vn -0.4252884958470187 0.3908140760873303 0.8163296229049799
v -24.5750007600000018 24.7999992399999982 26.0000000000000000
vn -0.2485902039416707 0.0077529268550279 0.9685777215223460
v -24.5385616059596678 26.2746662155053450 23.1188824500987025
vn -0.8427365268731694 -0.3661956139672585 0.3945832213676735
v -26.0371172583518415 28.0516315169308186 25.9589780690549148
vn -0.8554902750711574 -0.4651910027151251 0.2274504786795844
v -26.0633246132210417 27.9412218983465408 23.5937972824494189
vn -0.3787339954674983 0.7842397220526254 0.4914556124738487
v -24.6580521507443571 25.0668809633944143 23.7226208171489539
vn -0.7532186794173037 0.6296159672494689 0.1903821282614751
v -26.0729596613238677 24.7940771986692639 23.9590192745033583
vn -0.5105558119845827 0.5893081628733150 0.6261378857884594
v -25.8750000000000000 24.7999992399999982 26.0000000000000000
vn -0.3230987872892339 -0.2647226774556080 0.9085863072339142
v -25.8750000000000000 12.5000000000000000 26.0000000000000000
vn -0.6707748536124073 0.6748191852883033 0.3077014184694053
v -26.0258265324853220 31.4860443971914528 25.0034156758427031
vn -0.5040485764577167 0.8550555791851775 -0.1217168397357157
v -25.5750007587596926 31.4999999547297485 16.5015491575247353
vn -0.3635172721382232 0.9146154433119363 -0.1770135127963257
v -24.5750007600000018 31.5000000000000000 -1.3999999800000000
vn -0.4886865207842725 0.8448729223960278 0.2176585155829152
v -25.5750007380428102 31.4999854132910464 1.4860122298622407
vn -0.6475480291072052 0.6436137247839386 0.4079741698552972
v -24.5750007600000018 31.5000000000000000 -4.5999999000000003
vn -0.5463714346756449 0.7520435240256532 -0.3686580981635346
v -26.0189041556197971 31.4898072284720101 -7.0003163176639758
vn -0.9458744356655377 0.2498358422684841 0.2071318514193262
v -26.0472844221101276 31.4535627022258488 -4.6472221643339608
vn -0.7235722304361974 0.6803145817299875 0.1166846057847326
v -25.5750007658568457 30.5001197801603574 2.7656671630545469
vn -0.3879293185875988 0.8397614707573281 0.3798835558584370
v -25.8498417927277941 30.5186576505910310 2.3079331467571329
vn -0.6948384484620568 0.6398421748236658 0.3283314207561668
v -26.0664989595225407 31.3846988988473257 1.2404739694931757
vn -0.5604291039679417 0.2687082543236768 -0.7833997022491215
v -24.5529562277535831 29.3440842648160896 -1.6847757727721047
vn -0.7339634642270184 -0.6600510217801602 -0.1600946027411316
v -24.5773379718709855 30.8721688700737431 -2.7730180157827315
vn -0.7913818255371317 0.5913926443172081 -0.1548210142616856
v -24.5750007704731992 28.2969347630314267 -2.6201892023047457
vn -0.8952748500119292 -0.1044031404055625 0.4331084474003873
v -24.5750007692406207 30.0892771027802759 -3.8979369140380284
vn -0.7389649131858039 0.6250950584299435 0.2513702945989497
v -24.5734789044652508 28.9583281061805238 -3.2878452690195412
vn -0.7421261610810532 0.5382674126963791 0.3993957354156960
v -24.5729420975679069 28.8041459057119482 -4.3410212305203180
vn -0.5521138615106868 0.8039474752372745 -0.2209948890525983
v -25.5820490682302051 30.5294068478992138 15.5815979787859220
vn -0.4250288135545414 0.9012708845084442 0.0840315439926325
v -25.8751255721054854 30.5001056252422025 15.2383402891651318
vn -0.8706794314897063 0.4356182029333350 -0.2283727410482556
v -26.0685167402316615 31.3789710126358443 16.7387120678521271
vn -0.6676634711782821 0.7417053623265775 -0.0640206587764256
v -24.5750007633920085 12.2001103235797448 -3.0149890923302087
vn -0.4248863253550324 -0.1389154929128255 0.8945245085267840
v -24.5607698617155457 13.6020383380026022 -4.4174992048397801
vn -0.2459948044219253 -0.9457216181630657 0.2123609595392981
v -24.5475281112578259 14.3362868524717726 -3.3575820195337553
vn -0.3619522912345494 -0.3890593588910525 -0.8471265278158530
v -24.5675196526738056 13.4924612202810454 -1.5834893044066349
vn -0.8261830241936433 -0.4572743700286780 0.3291227142710165
v -26.0499485895417386 14.0006362311494605 -4.5745204038716407
vn 0.8420468281234681 -0.5348653074374052 -0.0698300948524098
v -22.6749992399999982 30.2999992399999982 21.0828094499999992
vn 0.8431154775202788 0.5262671383165808 -0.1104499465542163
v -22.6749992298767999 12.7010848156272900 18.3713464329812517
vn 0.9724680597066003 -0.2307210328742486 0.0327670236658755
v -22.6749992374357809 30.2998788379409945 -0.2462797404768895
vn 0.7210480576594545 -0.5491259604310277 -0.4225522194075302
v -22.6770252042459504 24.9359490120440306 3.6919121915404403
vn 0.8658344335103738 -0.0963116348502279 -0.4909733218213048
v -22.6760087926236302 22.7750131155164262 5.4156873215335626
vn 0.5744325864620198 -0.8165694396743020 0.0569346449936293
v -22.6947653101046356 25.5771969704087390 1.6390701012939810
vn 0.4738569295056288 0.4743961441503721 -0.7418948097774758
v -22.6772897392507495 19.4905843083302557 5.1619513921736750
vn 0.9433570665621410 -0.0572669772217694 0.3267995383827119
v -22.6749992254857808 26.9279941520186767 -6.7984011857240008
vn 0.8839377975769277 0.4646981956573280 0.0520534049575445
v -22.6749992399999982 12.6999998099999996 -0.1017246500000000
vn 0.8452069115985603 0.4917017659676718 -0.2094150183971921
v -22.6782696504418091 17.7479646177320376 3.1177138451321627
vn 0.9164403245629557 -0.2027786613813923 0.3449897766649255
v -22.5590229625475160 14.1327237178183047 -6.7715363947358451
vn 0.6866766962491418 0.0185462159638727 0.7267263258626215
v -22.6749992251336074 16.1288344919467654 -6.7998633276580858
vn 0.8753545432234857 -0.2449898765565105 0.4168145679349853
v -22.6838077336091821 24.3271639291225554 -1.6243397278620282
vn 0.6652393743223987 0.7067972904156599 0.2406120635218135
v -22.6878181813710640 17.4745828356253838 0.2963513488302150
vn 0.9121460345105592 0.1442553619389396 0.3836404596474770
v -22.6782096841289764 19.7685344031729500 -2.2279886159408395
vn 0.6797031199554259 -0.3545983397560807 -0.6420776325064526
v -24.3676293169703264 22.9640973886241611 5.3739854896747437
vn 0.4891854866710237 0.5351342473801762 -0.6887153961625120
v -24.3549997610612969 19.0630572189630527 4.6900996469010607
vn 0.6584874893829517 0.6953938236160324 -0.2877875195396973
v -24.3792337838769484 17.8282870476356550 3.2534003042861022
vn 0.6945788230866089 0.6750649784017542 0.2486916433156945
v -24.3555302367678230 17.5466668616404817 0.3817162416836636
vn 0.6308843663844331 -0.7393125556298218 -0.2353759999231317
v -24.3735662094823518 25.3579867333029902 2.8525010883911945
vn 0.7241658980747010 0.1530300272633759 -0.6724325712080224
v -24.3705273014711885 20.4419837572439711 5.3703317747311328
vn 0.6363765710388380 0.2429147718723438 0.7321320054737791
v -24.3718603768269944 20.2753490851273810 -2.5014254315863758
vn 0.7677024628235987 -0.5314499739347147 0.3580416927948083
v -24.3733104086588632 24.7276223071627221 -1.2402137852746709
vn 0.9292725813618140 -0.3495422282906953 -0.1194684065798403
v -24.4249992662969859 23.7802688001634657 2.9195062080339396
vn 0.4265061270310362 -0.3998537502047353 -0.8113011167576406
v -24.7211863128481326 21.9195531557266889 4.2346709859513263
vn -0.0917185286176593 0.8254805459533471 -0.5569287025829925
v -24.7561486554338259 19.1457948460393936 2.9163378490788872
vn 0.8121527564659857 -0.4515069576045208 0.3695258683765059
v -24.4289759449446606 23.4738580455067449 -0.5193076310142222
vn 0.1263786956301885 0.6168030406749959 0.7769056791560296
v -24.5902969323282825 19.4496103180580668 -0.2391004959192381
vn -0.9518063171645742 -0.1020143311805142 0.2892366001034489
v -24.8856650696794439 22.4804949835597760 -1.0541862012219312
vn -0.7612292470108617 -0.6471631856963213 -0.0413502669237514
v -24.8749998753804640 24.0860287741626209 1.8897853334461887
vn -0.7768026774588156 -0.4366687855890352 -0.4537598175081315
v -24.8674909566277940 23.9776536581669220 4.7499046278542965
vn -0.8150861168373134 -0.5682615094768330 0.1127540641670207
v -24.8693195776503195 25.4891650113896056 0.7177460122462130
vn -0.6693596392397219 0.2387431842095054 -0.7035334855928149
v -24.8749999130326742 20.2439735669702259 5.3138237486579856
vn -0.7271082017123296 0.6618736581510636 -0.1823099658504473
v -24.9287835472596484 17.7058045648336702 2.7168929195255260
vn -0.6646602360085596 -0.2504180387359815 0.7039300935069264
v -24.8653977781947333 22.1995819570957060 -2.6222630256746640
vn -0.7510669398136176 0.4875758204697127 0.4451609497836643
v -24.8733114447468644 18.2845091632948780 -0.9014564299363316
vn -0.7385231538567714 0.5333828890674450 -0.4124151365644975
v -26.0732967079351958 18.4251068452779805 4.0670385275594443
vn -0.7097439802117749 0.2162546762661360 -0.6704456708385673
v -26.0705838335951618 20.1420270072324712 5.2363786555793128
vn -0.8841988616243220 -0.1612384416881861 -0.4383999749363796
v -26.0744955535309195 23.1639082631570119 5.3142137575270691
vn -0.5715830112718804 -0.7943321295640496 -0.2057409273032745
v -26.0536923423144735 25.5205519348702765 1.8675387877553533
vn -0.7982902659919212 -0.5064032645627697 0.3260189946348480
v -26.0674040423174525 25.0932928587687272 -0.3749911490456181
vn -0.9433887438790266 -0.1395638533692392 0.3008980039067753
v -26.0723133297746585 23.5807553057762398 -1.9462712540269038
vn 0.0057011937722965 -0.6345897695617027 0.7728281314478632
v -23.3515468003071653 13.6612233752363927 22.9713090057319533
vn -0.1222979346296747 -0.8985655582753483 -0.4214536186422267
v -24.0688827393698261 14.0310805488687187 24.6743561024946167
vn -0.0177598793756058 -0.8459489398129099 0.5329680833914707
v -24.9229588917566147 14.2823636611676186 23.6042117433056617
vn -0.0540119915995025 0.0282273896446097 0.9981412321096180
v -24.4377823447822919 13.1707094539171372 23.1750570933547380
vn -0.7432667579567582 0.4447588253263097 0.4997440482995379
v -25.9844950681537377 12.6805739052936932 23.7674604490575767
vn 0.3838173504890930 -0.2153467855770746 -0.8979476618406855
v -25.8478344252911612 13.6358617345732611 24.9310290521997757
vn 0.8144445758569627 -0.4758596378303809 0.3320205384326557
v -22.9364119666859203 30.4630522802139403 23.7433697479919772
vn 0.0653727445641237 -0.6308108529673249 0.7731779045257240
v -24.2816175699499901 29.8845762210978307 23.1442670060425186
vn 0.7231384631228279 0.0584150956495420 -0.6882284793239882
v -22.6771149613456089 29.2884488015628079 24.8280638746511855
vn -0.1093953505290446 0.8415445378189317 0.5289947524784611
v -23.4947676601317141 28.6950999415276797 23.5813860638380035
vn 0.0559643861810426 -0.9139799678385294 -0.4018813330689296
v -24.3173876340268151 30.3608381139419663 24.1839646356609848
vn -0.9675327062336435 -0.0858935092250147 -0.2377031077651579
v -25.8979958333087730 29.3160060608279380 24.4468385030136020
vn -0.9475619827555101 0.0758177067580625 0.3104480055957761
v -26.0622322188095197 29.3235619566775760 23.1752440137844431
vn 0.7205288884769602 0.5834125771587388 0.3747904556991213
v -23.0754531787369856 12.5996361239189021 -6.3695522545837679
vn 0.7475196611301652 -0.1428565553201269 -0.6486958924071515
v -22.6670116948526648 13.3185254707987220 -5.0386078409448007
vn 0.1575311657811477 0.2693211357771422 -0.9500789744180969
v -24.0168383911417571 13.5028203670573816 -5.2388290755307976
vn -0.4446955757812898 -0.0588551313029945 -0.8937460032916815
v -24.9233533594727348 13.6774984221723965 -5.1420543142318413
vn -0.3351923513908778 -0.9029579156238580 -0.2689109335472850
v -24.5797790075216334 14.4364120891658452 -5.9350593656623643
vn -0.8109064586116572 0.4848797142479734 0.3276009433635752
v -25.7283955150753414 13.0918410874162028 -6.7277639710434096
vn -0.9116932224844944 0.3621222789169764 -0.1941208983798853
v -25.8456046874084251 12.6851891300817226 -5.6413795833931530
vn -0.7630628551516203 -0.6097510277878200 0.2143332993250333
v -26.0678180747057944 14.4128593794417164 -6.1729690904542265
vn -0.0202518713819467 -0.2733284560919374 0.9617075526353772
v -24.0099479281455714 13.6367626051523843 -6.8694218415168189
vn 0.0510920033195958 0.7480064878470021 -0.6617219214561229
v -24.5197251731056696 28.6126991179665886 -5.5722260068696636
vn -0.7334585888909463 -0.0753044066168185 -0.6755499572394263
v -25.7642444750118322 29.9438561835719383 -5.1580952229743842
vn 0.0151827484336558 -0.6629513975094646 -0.7485084693510475
v -24.7121543228830518 30.0342534238407204 -5.3020816162735267
vn -0.8725338804515410 0.3092357125110160 0.3782299585860172
v -26.0723620318052198 29.0315354178597431 -4.5166511811684558
vn -0.6504822869290289 -0.7279621286672524 0.2166654878327952
v -25.6278886195232118 12.4415890323978413 2.7704075010624605
vn -0.8793729784799799 -0.4330015797640782 0.1980222124941079
v -26.0495232446453286 11.8779037555414160 1.5042975940807428
vn 0.9199914515178064 -0.3596300108278341 0.1558267770510955
v -0.5521864716664993 19.5160688108862352 2.8804896264286701
vn 0.0023737988738942 0.5240770290922802 -0.8516675599415041
v -1.6162091151282874 20.8970417851539807 2.5395307638862543
vn 0.8877669555858699 0.3831228396935432 0.2551209953628897
v -0.6194199334150861 20.3321010945740070 1.2737697751141648
vn -0.2897143823248784 -0.9552885921482132 -0.0590701480072548
v -1.8243664708634797 22.6518537364746102 1.6486147926315868
vn -0.1129137369350718 0.3793036586133866 0.9183568056991013
v -1.4714320016171549 20.8134399913892736 0.4882717786574982
vn 0.2288950289033943 -0.0493512289234079 -0.9721993221284737
v -2.5959661593497687 21.5841804763147067 2.7160331033300009
vn -0.2697966487398895 -0.8991644470523416 0.3445476244088494
v -6.3205842979491447 26.8873725734645781 23.7754524122251958
vn -0.0365227760414593 0.9171390203436555 0.3968905443485713
v -4.4697742490425743 26.3166689224687680 23.7676694418971799
vn -0.9999651404026156 0.0082482939835070 -0.0012975461220544
v -7.5749507977438597 12.3994766201553457 21.1753909330613688
vn -0.4294352110268779 0.7995155336403494 -0.4199527485302222
v -7.5352047432263882 14.1983158874772606 20.2976567376845800
vn -0.1098844143290504 -0.7737243457469071 0.6239199085508349
v -5.2551931789035846 13.7860732393451908 20.4717799659008683
vn -0.4541229816025351 0.4635983369862887 0.7608212007587400
v -4.6018824758888508 12.4521105687179627 20.4901992639389370
vn -0.5166798431626687 -0.0060430392207579 -0.8561573578182788
v -4.1982473893933179 12.8954044829235528 21.6252674082372742
vn 0.9949126977920547 0.1007218676980724 0.0019568187314095
v -3.0768201438776979 28.6366529350585814 24.1891466894298937
vn -0.2177818068553787 0.7041114281040515 0.6758684645817407
v -3.4834498646759386 29.1459044331865336 23.1702598061912752
vn 0.8541317162370997 -0.4050872255975619 0.3261339463710216
v -3.0757183201236540 30.1640054851212973 23.3370057621425140
vn 0.8432619259643604 -0.0552512604816606 -0.5346556110563743
v -3.1897283217688135 29.8198530632974297 24.6322352477423117
vn -0.1784503341436594 -0.7979489130963381 -0.5757021889244377
v -3.8714089588686180 30.2607630902361890 24.4853997611197691
vn 0.1891494296574668 0.1174142916006811 -0.9749032656567344
v -4.5255770652629606 29.6260734411174624 24.9216708031440142
vn 0.1878373345875337 0.9631962329938487 -0.1922762400337348
v -4.5670768430674169 28.5810997360752985 24.1127324180421496
vn 0.2205220758060734 -0.8213130534037044 -0.5261320009188418
v -5.2337425850226920 30.3421097161216053 24.4488463299908112
vn 0.9137698337186346 -0.3252254381635489 -0.2434196075856389
v -3.0749746352863991 14.1636557462842134 24.5465631983586263
vn -0.1771487336569473 0.8759787356705256 -0.4486419294011734
v -4.5188544752604400 12.5941994320985007 24.2663245717398155
vn -0.1689803428566590 -0.9571304969448352 -0.2352591242570180
v -4.6620021098944839 14.4761204874524587 24.1672097278518265
vn 0.1216245019928368 0.9575218209931626 -0.2614563880208934
v -6.3425044823970236 12.5933430161111843 24.1974996149756159
vn -0.3537629752714180 -0.7350979743325362 0.5783448153647754
v -6.7481580350344998 14.4879925716745923 23.7753625035086209
vn -0.9225826243314310 -0.3844042437551492 0.0327822919388052
v -7.5749998411816239 30.4774553265308477 -2.6902813873248297
vn -0.6966448169464443 -0.7161246227431722 0.0430293356049604
v -7.4338866532306218 29.7906202581072321 -1.8173440559924270
vn -0.2077682534745927 0.5184854429585961 -0.8294607876736223
v -6.2660938619239301 29.4873255470215483 -2.3993245448247680
vn -0.9728247123070950 0.2300416398560552 -0.0263234317093174
v -7.5749998801010525 12.4496156711929071 -2.8049065707031926
vn -0.8000389538178190 0.5859810919289842 -0.1287005527408685
v -7.5153022248582140 14.1139554106996492 -2.2042917072348609
vn 0.1531724395973091 -0.5911448856616197 -0.7918875727676999
v -5.9595628014335951 13.4630597964831065 -2.2327316683260330
vn -0.5780020683912760 0.7967685256857282 0.1762768430963000
v -4.6610821982506598 12.4365508268384506 -3.1013854954988864
vn 0.8031315633895625 -0.3709005551448671 0.4662751012874982
v -3.1128554336030230 30.3258341953952986 -6.4501570646827631
vn 0.9616250223777082 -0.1113603625120412 -0.2507512432636355
v -3.0749999433667607 29.7025145538585420 -5.1205082525885057
vn 0.9848285550888972 0.1548808731004689 -0.0782600295754561
v -3.0771237303502508 28.4067464193571020 -5.9818726900619188
vn 0.1280542872809831 -0.6045288830671406 -0.7862232056143821
v -3.8165472712191972 30.1151547065058622 -5.5179676045455563
vn -0.3659898530299255 0.9179782072383187 0.1528641178127028
v -3.6587314375008124 28.6408592789165297 -6.0895186008194413
vn 0.1290336928199135 -0.5316002346894416 -0.8371090111779869
v -5.7597774901049270 30.0423231528400692 -5.2693832367405031
vn -0.9032705378435145 0.1126842547739563 -0.4140103793263230
v -7.4697656037251070 29.1554463001607154 -5.1679322163276877
vn -0.7605373313317745 0.3214718298941043 0.5641266083383043
v -7.5249348955778830 28.8967798985909461 -6.5898916792688746
vn 0.9128958411467225 0.0039009515233020 -0.4081739406113901
v -3.0762641425012234 13.3613340126142131 -5.1431269495037490
vn 0.8224804647050133 0.5346510901139557 0.1940981633570601
v -3.1780925703219953 12.6637988967184132 -6.4097060656175815
vn 0.9272049930375289 -0.3395825549910636 0.1580335066750630
v -3.0751394829075238 14.3835107933057813 -6.0728552871035513
vn 0.0978559121919304 0.8197768351414175 -0.5642607207795050
v -3.9755086530787889 12.8470869214959365 -5.3828762166781692
vn -0.1059699620111381 -0.8314538372967786 0.5453942460237546
v -4.9947671966266611 14.1840854583408902 -6.5673820113495598
vn 0.2586741461930597 -0.5237587434088081 0.8116430648962127
v -6.3824207986809540 13.9809194038611277 -6.7152178048073585
vn -0.9051234334181707 0.2437268136651429 0.3483515617561357
v -7.5781775815408920 15.0145456025758346 -5.9483032498924118
vn 0.9685303686239644 -0.0761756589073230 0.2369518812821770
v -3.0750000499999999 12.5828428300000006 25.7999992399999982
vn 0.9626084196467114 -0.1713522308485201 0.2098176432250068
v -3.0750000499999999 11.6999998099999996 24.9171581300000007
vn 0.9681605537965756 0.1312868023847593 0.2131406052161189
v -3.0750000499999999 30.4171581300000007 25.7999992399999982
vn 0.9572791793187648 0.2431371280063885 0.1565276647356533
v -3.0750000499999999 31.2999992399999982 24.9171581300000007
vn 0.8209036676773960 0.2642812265335677 -0.5062337421544640
v -3.0757696342263570 19.9448025756348777 6.6320612306661966
vn 0.6376274655525538 0.7662489074022791 0.0793336440474056
v -3.0750001222364078 16.4722412574025832 0.6133554889720151
vn 0.9387173075347504 0.3033859843152019 -0.1636055043566841
v -3.0750000544949345 16.9574964671383661 3.7333706949272130
vn 0.9420568429162209 -0.2972553273232071 -0.1554611690831372
v -3.0750000499999999 11.6999998099999996 -6.9171571700000003
vn 0.5529550821609055 -0.5017547189423179 -0.6651938658252510
v -3.0750000542843110 24.4353200581475178 5.6541974598105957
vn 0.9662774547862922 -0.1108319614990968 -0.2324309718647403
v -3.0750000499999999 12.5828428300000006 -7.8000001900000004
vn 0.8800134656445107 -0.4489018642856209 -0.1551238747750705
v -3.0750000521967196 26.3481484297718680 3.0391007717795078
vn 0.9095822530586716 0.1984067807357374 0.3650957056427693
v -3.0737458986941504 19.0806711582367079 -3.0978563901432095
vn 0.6022156488405492 -0.2991019112986232 0.7401853544545897
v -3.0750000994250812 23.5940340016219068 -3.1405082755637612
vn 0.7935327599980507 -0.5634270327324689 0.2299037572467256
v -3.0740610059922462 26.1746213673209418 -0.7414018197419561
vn 0.9540162514683715 0.0779062322875284 -0.2894539875437864
v -3.0750000499999999 30.4171581300000007 -7.8000001900000004
vn 0.9371629878126357 0.3186996498198849 -0.1419720658396440
v -3.0750000499999999 31.2999992399999982 -6.9171571700000003
vn 0.5354841411068364 -0.3231934547560463 -0.7802581146171601
v -3.2750001000000002 12.5000000000000000 -8.0000000000000000
vn 0.3508525483951460 0.3992955070954250 -0.8470334038856077
v -3.2750001000000002 30.5000000000000000 -8.0000000000000000
vn 0.3263541432584692 0.9032703126706966 -0.2785600750750415
v -3.2750001000000002 31.5000000000000000 -7.0000000000000000
vn 0.3461506432841872 0.9172686765491027 0.1969718436117225
v -3.2750001000000002 31.5000000000000000 25.0000000000000000
vn -0.2672612419124244 0.8017837257372732 -0.5345224838248488
v -6.9749999000000003 31.5000000000000000 13.5000000000000000
vn -0.4082482904638631 0.8164965809277261 0.4082482904638631
v -6.9749999000000003 31.5000000000000000 7.5000000000000000
vn -0.2191942132964627 -0.8727066984609421 0.4362761915561602
v -6.9749999000000003 30.2999992399999982 7.5000000000000000
vn -0.4859766961179834 -0.7270642648396215 -0.4849785620246217
v -6.9749999000000003 30.2999992399999982 13.5000000000000000
vn -0.4115082809449607 -0.4073721453089746 -0.8152967986813678
v -7.5749998099999996 31.0599994700000011 13.5000000000000000
vn -0.5772237334415991 -0.5772236085918157 -0.5776033822927150
v -8.1250000000000000 31.0599994700000011 13.5000000000000000
vn -0.8418065742727788 0.4277304599263892 -0.3292542257318617
v -8.1209371018498047 11.9755582593823302 24.8905412094589664
vn -0.5219491796536824 0.1272209835567516 -0.8434357564163975
v -8.1250000016910935 13.3394576996425460 25.5699676668899123
vn -0.3895784561734508 0.8231062667292312 -0.4131884559817450
v -8.1250000000000000 11.9399995800000003 13.5000000000000000
vn -0.7191018022186365 -0.2828449086138237 -0.6347372335991851
v -8.1249999944046678 29.8799732443794284 25.5684614531903485
vn -0.8217701874205943 -0.5451611777278803 -0.1658102812405548
v -8.1250000191014635 31.0526532257459351 24.6693651417128628
vn -0.5883072856709548 0.1961092036572672 -0.7844971114461711
v -7.5749998099999996 11.9399995800000003 13.5000000000000000
vn -0.4850712500726659 -0.7276068751089989 -0.4850712500726659
v -6.9749999000000003 11.5000000000000000 13.5000000000000000
vn -0.2670368081099044 0.8017041905536841 -0.5347539003720648
v -6.9749999000000003 12.6999998099999996 13.5000000000000000
vn -0.7706591044294022 0.6150276057415527 -0.1668100384745628
v -7.5749998071653541 11.9450638626193175 24.5972126426435977
vn -0.8774466808137417 0.1811777304648173 -0.4441418155415742
v -7.5749997984362816 13.0516159359571020 25.5673194113248101
vn -0.8595022863767036 0.2429994839234840 -0.4496744050156063
v -7.5718791991084329 15.6846531851196787 24.7377994286501739
vn -0.6093628145169159 0.7646713707551683 -0.2096536549441352
v -7.5749998137083807 12.7029800933581516 18.6711180448389555
vn -0.3110524759380364 0.0715238552069944 -0.9476975758907197
v -7.5749998099999996 18.9508075699999985 24.7999992399999982
vn -0.9500353937595225 0.0053781412359540 -0.3120958605958032
v -7.5750942469755733 20.3318525642113848 25.0249453784962199
vn -0.3194897383550993 -0.0755661478224490 -0.9445718947698296
v -7.5749999570585160 22.0680664530735910 24.8005785770493183
vn -0.7151834317858803 -0.1049389412324548 -0.6910140935697205
v -7.5749998807710881 24.0863964738975866 24.7983231721617337
vn -0.8660248642539268 -0.1735631923296323 -0.4689101755798382
v -7.5749997628387460 24.9403521079529682 24.4126843283412036
vn -0.6729609855414818 -0.3554389698903918 -0.6486807000538051
v -7.5749999383752549 25.9314992782308558 23.1733380805434450
vn -0.8900273541043692 -0.0865605359148575 -0.4476143234617371
v -7.5749998241877012 29.8206803597197201 25.5695590714103709
vn -0.8391911875749059 -0.2592569940799440 -0.4780627173470561
v -7.5785305396476383 28.9266445718305185 22.8709862416290051
vn -0.7215434383994741 -0.5651183647249981 -0.4000203749225887
v -7.5749998471032169 31.0414754817253602 24.7422348286897176
vn -0.9712668250184158 -0.2359739792758194 -0.0309359939775831
v -7.5134649373406246 30.4144338130960037 24.1379473215339466
vn -0.8048003751029525 -0.5786854587192328 -0.1319829386741258
v -7.5749998158271117 30.2961412015350753 21.4482649473553479
vn -0.4077102050864900 0.8163528488856977 0.4090726277625250
v -6.9749999000000003 12.6999998099999996 7.5000000000000000
vn -0.5933661026753086 0.7710864577954142 0.2309596129206057
v -3.8749999983653294 12.7059354455699722 -1.0575106457092973
vn -0.7123731047577663 0.6992087265555534 -0.0602637231370721
v -3.8749999990327968 12.7000722184635375 18.5062340261855240
vn -0.4892700512598178 0.4310256871509391 -0.7581765453746747
v -3.8776008026034963 15.6857230664724394 24.7626382630166262
vn -0.3274832274957786 0.9188803159217658 -0.2200311357977866
v -3.8749998158010848 14.3656265166513091 22.5687377462791900
vn -0.4487142186461162 -0.0068185534364601 -0.8936492921240633
v -3.8750900540912183 20.4092505306531002 24.9808529909320285
vn -0.3093457946460599 0.7467588183563485 -0.5887753786817412
v -3.8749998838050685 13.0125613508626294 19.3720555357271316
vn -0.7092125956664846 -0.0331962925027221 -0.7042126811639229
v -3.8750000000000000 22.0491924300000015 24.7999992399999982
vn -0.9684203862359736 0.2221925661728718 -0.1131035766900485
v -3.8749813586463429 14.2976056984902336 20.3729804886703789
vn -0.2581737508502610 -0.5081768505117361 -0.8216462760676763
v -3.8769615500737218 24.5759869380963210 24.7249878933554825
vn -0.9387581825512381 -0.1467818291135320 -0.3117501713474782
v -3.8750000001759899 25.9209367492203100 23.1851605276876853
vn -0.6644971122250513 -0.7005605946413954 -0.2601123624133653
v -3.8750548678890162 30.2893158244279448 21.8520614353222093
vn -0.3264389477335528 -0.1991625405008326 -0.9239977791444441
v -3.8749999945923337 28.0227303382869728 23.1277590802518276
vn -0.8372722590887277 -0.5359835426251884 0.1081517738893425
v -3.8750644116802531 18.0008828603405249 2.2285986313506827
vn -0.8021787033110194 -0.1417063675100267 0.5800246834069780
v -3.8749999945536651 20.7468033088670083 4.8910295248454032
vn -0.8392171927695236 0.2782648692028191 0.4672078401820526
v -3.8749999850684036 23.5126305413030288 4.2739387229571655
vn -0.7338596084043656 0.5352725411321885 0.4182503817840228
v -3.8749999975341760 14.1279237568018292 -2.1864671223123713
vn -0.7250690870166546 -0.4435371648624458 -0.5268297660901655
v -3.8749998839009239 19.4815834955550713 -1.3261109057060152
vn -0.4119586045539391 0.8189831050518864 0.3994455930080368
v -3.8750931361959409 14.6079370582552102 -5.4982610763723390
vn -0.8496336222147193 0.1860142726204683 0.4934788732902087
v -3.8749999995088755 16.0827591371366374 -6.7973511199902559
vn -0.7301008057066615 0.6295870044688895 0.2656558249133157
v -3.9233571750740102 24.6781398046436244 2.9438805461906541
vn -0.9041780037704796 0.4036870485609225 -0.1396384772253046
v -3.8749998319850802 24.8072239830542962 0.5614362786351872
vn -0.7285931173813989 -0.6587280359197210 0.1876950825083115
v -3.8749999991459254 30.2998050480863697 -0.6617045553986493
vn -0.5672970478596375 -0.6392093648913385 0.5192161855383092
v -3.8745647131313663 29.5603237544992261 -1.7336738453482010
vn -0.8443355757404922 0.2412972956204370 -0.4784067836739306
v -3.8744279917007995 22.8264409177150220 -1.7954111769394434
vn -0.7293446294957271 -0.6707023201131324 0.1349622510948970
v -3.8748946048128801 28.6289818863474395 -4.0736857767637789
vn -0.4186728517449613 -0.4668722526443533 0.7789373164270208
v -3.8749941294082411 27.3308912070162258 -6.7821689470824387
vn -0.6847532081738262 -0.7234627146362400 0.0878336178624961
v -7.5749998107182561 30.2995335385541402 -0.6542087015312615
vn -0.3875161664720058 -0.8448675763403526 0.3688224493867193
v -7.5643307195183471 28.7039161322045153 -2.4256428879733383
vn -0.8646111401351891 -0.3407177627543208 0.3692681715201282
v -7.4874828746591513 29.0027099559647290 -3.6778667456271794
vn -0.7086024680858339 -0.1675969795247585 0.6854150528525342
v -7.5749998125972837 26.8580643753399428 -6.7984740141970175
vn -0.9034815721699726 -0.2690853766340239 0.3336376909628171
v -7.5749998084739127 27.6472305794752984 -6.3875363603831055
vn -0.6302255126303387 0.2717557529330139 0.7272995352519053
v -7.5749998173372424 16.0069656034525671 -6.7974627710017170
vn -0.7383241531715237 0.5686502660497155 0.3626490311101635
v -7.5249554931050175 14.1196028484710183 -3.8798810158453256
vn -0.6404169544677756 0.6909856786213906 0.3352684243562993
v -7.5743961279808438 12.7187141072167496 -1.1608154367617769
vn -0.5569204405746722 0.3716722424737088 0.7427646781078632
v -7.5749998099999996 11.9399995800000003 7.5000000000000000
vn -0.8934901622980737 0.4401711001037158 0.0890209666878914
v -7.5749998268100720 11.9419727362364405 -6.3802971793888288
vn -0.6945396755596951 0.2595247312419245 0.6710153149871027
v -7.5749998292132359 12.8540609865088484 -7.5453353169315012
vn -0.5882620991278400 -0.1959978257301496 0.7845588282842537
v -7.5749998099999996 31.0599994700000011 7.5000000000000000
vn -0.9128146083912714 -0.1268062713556422 0.3881876611284407
v -7.5749998099926428 29.7740850972635513 -7.5495132991005320
vn -0.7848812147992170 -0.5986906969020394 0.1597840045131431
v -7.5746515655666125 31.0451079435855668 -6.1166170108545037
vn -0.8421267711916368 0.2102305283647521 0.4966141622888194
v -8.1249999657279517 12.9615790902622390 -7.5451121318814627
vn -0.6237830162715542 0.7326485458987736 0.2722514587721697
v -8.1249999535731341 11.9423071764798223 -6.4854674317120153
vn -0.5773185182612921 0.5773185104025824 0.5774137736659296
v -8.1250000000000000 11.9399995800000003 7.5000000000000000
vn -0.2182178902359924 -0.8728715609439696 0.4364357804719848
v -6.9749999000000003 11.5000000000000000 7.5000000000000000
vn -0.4171241416770491 -0.8126889623009517 0.4068711110221360
v -8.1250000000000000 31.0599994700000011 7.5000000000000000
vn -0.8130850567018837 -0.5799847876156637 0.0501032603979814
v -8.1250000051379292 31.0596112086972198 -6.2360163061689411
vn -0.7696869844832341 -0.4670837942286403 0.4352179627337125
v -7.8853704733174750 30.7054179359658228 -7.1407132710964438
vn -0.6756876248898404 -0.0587899587341496 0.7348401011939694
v -8.1249999984052241 29.6887382930384938 -7.5499390527934533
vn 0.2720605409249018 -0.8890309300300698 -0.3682486490423540
v -3.2750001000000002 11.5000000000000000 -7.0000000000000000
vn 0.3055080994480311 -0.9114079995272546 0.2756814458199529
v -3.2750001000000002 11.5000000000000000 25.0000000000000000
vn 0.4090104675745526 -0.3291459687745311 0.8511012681543373
v -3.2750001000000002 12.5000000000000000 26.0000000000000000
vn 0.4641003894140469 0.3961342074610438 0.7922679586004605
v -3.2750001000000002 30.5000000000000000 26.0000000000000000
vn -0.8807625055792132 -0.1517523290216911 -0.4485851529000029
v -7.3435840453638299 13.5386327897188465 -5.1774213956208825
vn 0.1035732398045087 0.9584081815008485 -0.2659442453384436
v -6.4188098556271660 12.5838589084561505 -5.7567662430670579
vn 0.0536529072689890 -0.9109921145919760 -0.4089189805974102
v -3.8563970388074345 14.3892442842798189 -5.9512003698371725
vn -0.0725972908586178 0.0014371824534041 0.9973602999250496
v -3.8015064478511733 13.4825936089828886 -6.9251829143950934
vn -0.1473926092317442 0.0954066899337111 -0.9844658360043537
v -4.9935857575065441 13.3277669470040294 -5.1262868688941374
vn -0.0576130974748932 -0.6764779489764955 -0.7342059081401502
v -5.4598002566226604 14.2321285619839024 -5.2281498665239834
vn 0.0517027383174506 0.7915420826659543 0.6089236062260361
v -5.2263470486391554 12.8261478450790349 -6.5590234721911118
vn -0.9313483101002826 0.1188718540347409 0.3441799058511275
v -7.4416358919417833 13.1131339857313876 -6.9516741712852701
vn 0.0481149886020229 -0.7304656776982411 0.6812524066575300
v -6.7016075650121278 29.9876170183409272 -6.7857561517689495
vn 0.0291862838513036 0.1462972055829092 -0.9888100365963035
v -4.4604330355466271 29.2592313816394878 -5.1535922111550780
vn -0.0198398589406257 -0.9440560444084610 0.3291877352105722
v -4.7462105202495382 30.3157584681380285 -6.5281773917527888
vn -0.1510515033917144 -0.2387140393504457 0.9592700614217545
v -4.0786821940309483 29.5811518867081347 -6.9227079760767474
vn 0.1007804324310599 0.8983105287144316 0.4276464643134645
v -5.2788240677969522 28.7595920074381404 -6.5697948131735275
vn 0.1504838838921436 0.9828821164126574 -0.1062889736751238
v -6.7318695288547143 12.4567772900542746 -2.8307852983927102
vn 0.0000000000000000 0.0000000000000000 -1.0000000000000000
v -4.0070853415299252 13.2256374496590681 -2.6770189223185734
vn -0.4236109764117876 -0.8436207074469674 0.3299361190141663
v -4.9864425561805623 13.6632444649395950 -3.4689024881018660
vn -0.0584495602396303 -0.4311899758124633 0.9003659554129316
v -6.5675795223341877 13.1848348527179269 -3.5438527872905254
vn -0.0167714686254318 -0.9968521039893831 0.0774893580570031
v -6.6238852178064231 30.6252341329623192 -3.1833405306253417
vn -0.1979867169371874 0.8126096570314588 0.5481485247774084
v -5.1527505255496902 29.3440594970741699 -3.4229173233648158
vn -0.8393634762998290 0.5435673148619976 0.0018785280365722
v -4.0541051244418567 29.5110923254190602 -3.2485502866587264
vn -0.5394782074978750 -0.5693711941770904 0.6203061396409307
v -4.2600253056978277 30.4617746853415952 -3.4367569290137792
vn -0.3928227358307567 -0.0179377802353269 -0.9194392498989090
v -4.6320333274732102 30.0984067228373071 -2.3716341510273127
vn -0.8180750292678750 -0.4656502268944869 0.3375249808258319
v -4.8638599199120218 18.6931763426395072 3.3509632917259160
vn -0.7901506732759801 0.5776626666558531 -0.2048603355302438
v -4.8591649414791922 24.7671657395374147 0.3118287808473912
vn -0.8512794949938338 -0.3808013126192474 -0.3609897252145847
v -4.8626006430225246 19.1118149419954975 -0.7398140921112728
vn -0.3196442536310412 -0.9185981968600951 -0.2323895519295917
v -4.6740929150441470 18.1741932823027987 0.9211258806463803
vn -0.5183685700890266 0.0085928782260610 -0.8551141374036859
v -4.8100290139108424 21.7908479253368554 -1.9465276218499064
vn -0.6341119661033674 0.4000219940873660 0.6617283571760312
v -4.8566787164172558 23.1914397478146874 4.3954254979831262
vn -0.5048782304721203 -0.1872028526614643 0.8426464646284055
v -4.7655690975351082 20.7779338445998256 4.8291711067392518
vn -0.7827817894114274 0.4844995660061968 -0.3905289242881390
v -7.5636383592136989 14.5817228250479900 23.1091643872567616
vn -0.8786537082191104 0.3873555691227595 0.2791474952464905
v -7.5700511588657848 12.9152813561863571 24.0379686789150142
vn 0.0898440077999555 0.0149277766091225 0.9958439715878937
v -6.0469698261483256 13.5767081283940119 23.1527906436212305
vn 0.2598537612864505 -0.4225378400795367 -0.8682959152536678
v -6.5641576975398337 13.5744877832779611 24.9454180047368901
vn -0.2740262416459155 0.1856896678773308 -0.9436254374130770
v -4.9900084231832986 13.4576788174622131 24.9845867380748068
vn 0.7752819709455906 0.5813290064740951 -0.2469705483626783
v -3.3810287170016364 12.6588414816149459 24.4660234652803865
vn -0.1085944835611379 0.0859376000865503 0.9903645626896460
v -4.0064112335841475 13.3432333920414852 23.0717469469365923
vn 0.0548497540773038 -0.8920341168686852 -0.4486275056435620
v -3.7989232836843647 14.3634492606837227 24.2928655914183942
vn 0.9021357447629965 -0.0646142514708177 0.4265865639325501
v -3.0749034074198729 13.5061569747401062 23.1644007673139249
vn -0.8846708959906610 0.4026425890848967 0.2350241503379862
v -7.4790859760670383 28.6806586469596674 23.6278523008849533
vn 0.1750292264134390 -0.6287406822522640 0.7576608241040781
v -6.0752825158635337 29.9761140150787853 23.1608680396631392
vn 0.0130579792195781 -0.3435912832970636 0.9390284975553076
v -4.8219550572864209 29.8947895105356238 23.2113700583520206
vn 0.1698611743264803 0.1172030600962046 -0.9784736195526758
v -6.1956862647814095 29.4027890973856039 24.9697270544151273
vn -0.3341073399916098 0.6031014549606724 -0.7243210064522849
v -3.8180134667059002 28.6205863704382715 24.5136465782043942
vn -0.0092382010113949 0.8565424344690730 0.5159939084871711
v -6.2406175633719476 28.6661714548555793 23.6171183636504907
vn 0.0063275866245296 0.9771599627406052 0.2124108492151195
v -6.1536482990389256 12.3466874607033326 20.8133411494090659
vn 0.0687944136976148 -0.5271263417628598 -0.8469977263627726
v -6.2653718370916796 13.4438645959101262 21.4873974002218056
vn 0.6354701849992858 0.7718948669135126 0.0188668600870431
v -7.0866057052680143 12.4348381196849260 21.0467793889021699
vn -0.7902495337473148 -0.4526344104264447 0.4130711378322823
v -4.3179895663089471 13.5460316959952856 20.6793351796707476
vn 0.0184291070102367 -0.1485927281109939 0.9887267414039824
v -6.3658130182974437 13.3717527390593602 20.2397062727455825
vn -0.9543719809392893 0.0956021301629878 -0.2829034370705239
v -7.5666554268121091 26.0120915341660357 25.0225559241929467
vn -0.7852763226585650 0.5776797706236919 0.2227715863479904
v -7.2875314172287791 25.7501250599241658 24.0428920750618929
vn -0.9433920280139949 -0.3303681711351164 0.0294678295854985
v -7.5445981614672784 27.1632792034280968 24.3889129808399510
vn -0.2653597920736724 0.9239358371773931 -0.2755480893236738
v -5.4148196590986153 26.2578655304306601 24.8220997261859750
vn -0.2799882728966238 -0.2776021464095234 -0.9189905414906027
v -6.7208922984579216 26.6036515192936385 25.0570471846076188
vn -0.3368331761567742 -0.8437485281654912 -0.4178897374412379
v -4.1335380583104406 26.2942272699511967 24.7507635014721288
vn 0.8559063443756573 -0.4225863087816003 -0.2980690210133231
v -3.3749999702043456 25.6736765437590080 4.2977872301967990
vn 0.9211799122153701 -0.1140757200437302 -0.3720407228078503
v -3.3897070132109732 22.9840312256341370 6.3904859415468005
vn 0.9422820534964783 0.1791730770639236 -0.2828454350239817
v -3.3749999689297550 19.2165841118696328 6.0452658642201396
vn 0.7313640348651912 0.6035208715206963 -0.3175991280602113
v -3.3749998709391376 16.7389660452108302 3.4139372895338984
vn 0.9436022225403364 0.2784631591007128 0.1790896832332567
v -3.3867976566917481 17.1186917080165841 -1.2855424944972647
vn 0.9374112486763500 0.0257586032012256 0.3472702768970705
v -3.3703806748456229 20.7745646473409948 -3.5934373094543046
vn 0.9296371779532794 -0.2576958346856574 0.2633772468394430
v -3.3819467447054681 25.2298788279323709 -2.0961036100543988
vn 0.8832029718393221 -0.4683881192367538 -0.0237714175438892
v -3.3749998027826016 26.5815121265411278 1.8808188838530544
vn 0.7712544486040661 0.3904251301488861 0.5027273547924990
v -3.2974786636810833 23.1893459646784805 3.5447314673392780
vn 0.9826993534716688 0.1842965372656922 0.0183512135358778
v -3.3126234332653497 24.5460869336033092 1.9895545673979722
vn 0.9828913208163769 0.0674924619493578 -0.1713750829142108
v -3.3270490509435513 22.6319301386570544 -1.3834529729526137
vn 0.9723273204137531 -0.0784128522092660 -0.2200704582296733
v -3.3345545633261771 20.0091430480098253 -1.2636972155530277
vn 0.9794468195084411 -0.1915337721227241 -0.0632356061980846
v -3.3237866509669156 18.2593102145133592 1.2451656172387160
vn 0.8591559083932602 0.4407455927058784 -0.2599893220563023
v -3.3111907310364663 23.8401853603161307 0.1536257949796240
vn 0.8373947467220451 -0.0293681720311840 0.5458090770900288
v -3.2660394240956703 21.2807185959736636 4.1683895752879403
vn 0.7042560104624406 -0.5643107588637534 0.4307863033548553
v -3.3184109443710179 19.6077287322813341 3.4271836185809548
vn 0.5821804488532814 -0.8012857495517548 -0.1378661399266476
v -3.0743311373310411 18.9543376649405140 1.0786776983881621
vn 0.5502548868135066 -0.4800119317318122 -0.6832335654320191
v -3.0768268051102305 20.3236461379125579 -0.8028134614644916
vn 0.4562866841654516 0.8851595390076309 0.0910771780255398
v -3.0750014691787895 24.0470951788820031 1.7558303658384526
vn 0.5459480886713114 0.2436457438368018 -0.8016092788799002
v -3.0750009418319575 22.3102845877441567 -0.9254717300335833
vn 0.7654306848960077 0.5547304429092808 0.3261748033329700
v -0.6011563249651607 23.6565122390220637 2.9264989030887580
vn 0.3364330887071159 -0.0630771079698309 0.9395924942618220
v -0.6453181328121704 21.1762853708191159 4.1243584010852956
vn 0.5187444894564101 -0.8341828290077239 -0.1871981902884728
v -0.6315824871867276 18.9136774277551822 0.9985488219691744
vn 0.5564222107682775 0.7068400225529374 -0.4367739757370001
v -0.6083002887414983 23.6989290837789568 0.0619028298668056
vn 0.7736489295492422 -0.0824552460908328 -0.6282264450016506
v -0.5828775345217079 21.1396834572643222 -1.1001564695547148
vn 0.8981719369693956 -0.4396216723812197 0.0044673049351550
v -0.6200669878359240 22.4050033281068757 1.1519717952770150
vn 0.5702124765749796 -0.6446041773447383 -0.5092574850779723
v -3.9415180343319602 22.6261881676705983 1.6293146253078847
vn 0.3978842699644096 0.8965212982838267 -0.1947759467654326
v -3.0753399155390797 20.3559269197881321 1.2914539065258288
vn 0.2832730700178194 -0.1860546885161647 0.9408188033217834
v -2.8856051942862346 21.9425457524366401 0.4268468109218345
vn 0.8225289288501376 0.2708018240662036 0.5001125206261708
v -4.2342480159129030 20.9959649214974391 1.7125877588444225
vn -0.0078823884142578 -0.7035320112707213 0.7106198541205140
v -8.0878588029643463 29.4355833419529382 -2.4207966660549540
vn 0.0138881803689304 -0.9984675844941844 -0.0535686583777200
v -8.0848328272009589 29.1492374243447614 -3.0585494788720391
vn -0.0113291234945240 0.1332663459383705 0.9910155054291938
v -8.0723369508644609 30.0012683441182411 -2.2691758093809864
vn -0.0118540124935790 -0.5968729270365314 -0.8022482105674313
v -8.0863235432115896 29.4136963166085827 -3.5841447076304616
vn 0.0004461151602507 0.9088126667558850 0.4172041918836871
v -8.0979001257195318 30.6139014115017396 -2.7233331821223916
vn -0.0160809175026251 0.0523014765131062 -0.9985018576080983
v -8.0841815137855448 29.9613865547852107 -3.7171509568572478
vn -0.0146679671016172 0.7538133461163969 -0.6569248739071364
v -8.0511095150324365 30.4566300359623519 -3.4980318080055799
vn 0.5542607450799206 0.8149996185836004 -0.1690285424774092
v -4.8617563801294894 30.7643255466865426 -3.1326591115378077
vn 0.3199586603534050 -0.1807685690307614 0.9300264405464100
v -4.5874809632273745 29.6996678669751581 -2.1093798518735332
vn 0.2224162676946748 0.1480406268884809 -0.9636467073856665
v -4.8612917025658851 29.9394509272587186 -3.8493490162916522
vn 0.6459390056666238 -0.6191397562853915 -0.4465744765940833
v -4.5511177957831705 29.2765300092234675 -3.4626668517524002
vn 0.6823015451252150 -0.3809459351837010 0.6239749962833124
v -24.5750584900683364 29.5289304965033921 -2.3725962174260800
vn 0.6682102475455869 -0.7339339991522891 0.1218029144289786
v -24.5761870255806372 29.1620451859931222 -3.0204382902190203
vn 0.4721019595217026 -0.5069646849816680 -0.7211841290524957
v -24.5750007596751097 29.5126224832625184 -3.6107820685437488
vn 0.7121722439834793 0.2575464070493663 -0.6530547780358841
v -24.5762980238000175 30.1937839449136582 -3.6719539588635839
vn 0.7070522139256369 0.6698646005358784 -0.2266243229041474
v -24.5750007590969055 30.5590318695557208 -3.2525556050096425
vn 0.8375866966403097 0.5100348243308021 0.1957370776859141
v -24.5750007595669082 30.5872657554511349 -2.7690914754826572
vn 0.5741853926499088 0.3675481697795978 0.7315869584397593
v -24.5750007591934470 30.1627404192721826 -2.3305522964918799
vn 0.9260708668890687 -0.0081102776972309 0.3772624721530122
v -24.5881733796786115 29.8104451836863937 -1.5116235119983630
vn 0.7520064347327441 -0.3975280725904157 -0.5257925005390397
v -24.6220493141514787 28.8417469919285736 -4.1671318631392555
vn 0.6475023571507933 0.4758533346193658 -0.5952346607984085
v -24.6021555371236396 30.8003294944680839 -4.1118433527646676
vn 0.7344076538736763 0.6413774354484832 0.2219918539705661
v -24.6017034453893864 31.3342353708911787 -2.8628209437459002
vn 0.5114860306368507 -0.7665658777550098 0.3882766996937236
v -24.8206293470492483 28.4700190538503790 -2.3282785608942698
vn -0.9793154675454852 -0.1838769196920119 -0.0844422490862556
v -25.8659862299517691 29.0714640572708198 -3.3844726420784990
vn -0.6974513337382979 0.2390191703315999 0.6755971234993996
v -25.3167576037564004 30.0843089799048862 -1.4056020871422483
vn -0.8487530457460583 0.1570288189402582 -0.5049358546974232
v -25.6161457864672748 30.1615555705600826 -4.0561130504974106
vn -0.8549101090399897 0.5147436863231646 -0.0645572834904972
v -25.6375269387620186 31.0141305471357995 -3.0568042144264895
vn -0.9741124042028154 0.1672483437639356 0.1520954157311495
v -25.2011505083372960 29.7611397121022740 -2.9895555700373309
vn -0.5473902908771831 -0.7562258963768502 0.3584498055550072
v -8.0749998121941715 12.4564444359828599 -2.7032945682510210
vn -0.7200124291724467 -0.5611249811974763 0.4083146547863846
v -8.0750001122826962 12.4457176899180197 -2.5083302732367945
vn -0.8476972823085956 -0.2438683477110660 0.4711024798823454
v -8.0749998122192057 12.7626751456189460 -2.3682605080902324
vn -0.8614132823483391 -0.0228261727631398 0.5073914887252721
v -8.0750001035432941 13.0336209675467245 -2.1731237452517278
vn -0.7230565402190631 0.0916788856301182 0.6846781883308817
v -8.0749998041092415 13.2646036767780462 -2.3051606322471208
vn -0.7380277612826592 0.5506060507255151 0.3900615342232017
v -8.0749993814364860 13.7932298349112994 -2.5200868464815764
vn -0.2143447186445750 -0.8840321360428444 -0.4153835866192886
v -8.0585315585874504 12.3818076875690224 -3.2727562910865964
vn -0.0094661631914387 -0.3824565015999634 -0.9239250056895041
v -8.0767948381277854 12.8682464974418540 -3.7024539154798393
vn -0.5704469081918767 0.6623281786855195 0.4857074311285045
v -8.0749998138550652 13.6351358859964673 -2.5354282285700327
vn -0.2760364401206424 0.9534912046203395 -0.1210719060607241
v -8.0629122068320331 13.8498357544606900 -3.0789122213971338
vn -0.0069504799353040 0.6074392542324154 -0.7943357245184405
v -8.0742533820263329 13.5990965417813889 -3.5644306602931182
vn 0.3782272783684723 -0.9225155629070764 0.0768710744833081
v -4.7398025343924219 12.2308346725131933 -2.9825552252453180
vn 0.5494906411667191 0.0147921421149315 0.8353689171867957
v -4.6916437113965799 13.1776445884845685 -2.1317083169176909
vn 0.2945792414319623 0.9416206825309774 -0.1630139894219688
v -4.7316105128383805 13.9495061585169982 -3.1928590344787695
vn 0.5308790645900331 -0.1781366970591265 -0.8285135701609700
v -4.6047665997726774 12.9881002330068824 -3.7979186726314325
vn 0.4174060507239983 -0.4205068765672320 0.8055719431426753
v -24.5750007596752980 12.7332107657201377 -2.3766364385520919
vn 0.4371078165653201 -0.8966022929506141 -0.0710005984002920
v -24.5745960738565756 12.3488060931922217 -3.0330079511721584
vn 0.6754755341963553 -0.1149726333214292 -0.7283639861286969
v -24.5754586670898760 12.9431807325265673 -3.7131924682569535
vn 0.5975519040493996 0.5232758368691591 -0.6075476281871390
v -24.5754501500410463 13.5897143396584461 -3.5314500706776122
vn 0.4894210657409359 0.8717757098132741 0.0217745766564705
v -24.5750007603807283 13.8203615035116805 -2.9760913923064116
vn 0.4636489407610923 0.4235638407281488 0.7782180494943154
v -24.5739288633390629 13.4578569433352424 -2.3602168757100723
vn 0.2041116268980575 -0.1788569355525092 -0.9624700724540965
v -24.8955067907282803 12.6607198784888091 -4.4824954613788632
vn 0.6042700765510851 0.5283618273044328 0.5963987374504296
v -24.9173008728639154 14.2029387539684198 -1.7456297590545709
vn -0.0544696573698458 -0.8380810592570228 0.5428196703700395
v -25.1594985656754240 12.3700147604942767 -1.6804935920243782
vn 0.0846730074508992 -0.9616785369984728 -0.2607774401394741
v -24.9369900017371506 11.7020112193185746 -3.6933067543429474
vn -0.9870284171360119 -0.0960064132683653 -0.1286766193887717
v -26.0082138701023418 13.4101458367002415 -3.3532042210659476
vn 0.6600361149831911 0.5941110630782095 -0.4597655616137156
v -24.9039848682101201 14.3680628110127628 -4.0551622244761898
vn -0.8879528325031458 -0.2398178117035785 0.3924629720615015
v -25.4878824149357648 12.3510237932713043 -2.9918625997772521
vn -0.8257702595560753 -0.2439527720078697 0.5085179676888207
v -25.2308760706117283 13.3777247136059714 -3.2119408817390767
vn -0.0037383238772150 -0.6321051423511219 0.7748736115960183
v -8.0324324026128906 26.0064813211841681 25.0400884044706480
vn -0.1950799625656343 -0.9681067840881634 0.1572038892898794
v -8.0779016744292882 25.6801351268472153 24.5436248325443636
vn -0.6824212016145272 -0.3634495356313126 -0.6341969241776311
v -8.0755343717423731 25.9212917180293090 23.8442763069089736
vn -0.0125536280041045 0.2712724076116640 0.9624207433822827
v -8.0769369951858287 26.5807605682941777 25.1295729440279345
vn -0.0114712862531032 0.9198550226006484 0.3920907382074456
v -8.0719206447398637 27.0743309835566173 24.7047463366639803
vn -0.8981358722949314 -0.3232756983866587 -0.2980684111569702
v -8.1327348311859140 25.8781761993568509 23.7546923221005919
vn -0.9348976837326924 0.1265549240812093 -0.3315873522045827
v -8.0749998122084587 26.4651040366265313 23.6908586823374065
vn -0.1745163125344367 0.9482661613600684 -0.2652081142778702
v -8.0466114389273553 27.0948724641003516 24.1497651199049272
vn -0.3996579745633996 0.5669807937988779 -0.7202820855963831
v -8.0749998121759035 26.8215939168502047 23.8339905376386838
vn -0.7033818577515000 0.3978090517445850 -0.5890686891493409
v -8.0750004735814773 26.6811357598466827 23.6229198120134321
vn 0.2430653545699529 0.8019669464276399 0.5456814549215596
v -4.8689265111141484 27.0310226502148012 25.0021593983626360
vn 0.7393191297925026 -0.1887021363971972 0.6463735205297246
v -4.6308223454794497 26.0059248226013402 25.1350844646295180
vn 0.2755677997322857 -0.9612332777773918 -0.0096422738002284
v -4.7090057369340377 25.5674895659593489 24.2378451990504153
vn 0.6001845116649995 -0.1387579771969482 -0.7877339498343696
v -4.6652117964460729 26.2907326432530830 23.5904613518722392
vn 0.5742935860590159 0.7294427462405797 -0.3716182947171425
v -4.6783531277305972 27.1126532713518351 23.9763240722196187
vn 0.5513174766891373 -0.1326846901353250 0.8236770076315202
v -24.5722115420263485 26.3014254910378007 25.1299478237916425
vn 0.4876107018954745 -0.7829825052123720 0.3862307599458655
v -24.5750007596753761 25.7312309494232636 24.6754356246084576
vn 0.6652726982490377 -0.6799703402674437 -0.3083059735409315
v -24.5741341075019477 25.7953130976262273 23.9602914962164135
vn 0.4779543441174273 0.0137422038132570 -0.8782771753687071
v -24.5750007596768754 26.4415747410470949 23.6850493806866176
vn 0.6267307750761268 0.5116374457736318 -0.5877377473454560
v -24.5750007596909015 26.8008293309385124 23.8219154653709388
vn 0.4778837233890592 0.8318168421100306 -0.2823258544694515
v -24.5751617627348296 27.1083929441118272 24.2185519754820007
vn 0.6328437581915209 0.4768977266330411 0.6099814227091421
v -24.5749771895102498 26.9571161157823553 24.8483992433913308
vn 0.9031375199552998 -0.0672841404836455 -0.4240465357580081
v -24.5508338642297197 25.8758311982729481 23.0128801749139846
vn -0.0128076677400869 0.9043023040914432 -0.4267004880029626
v -25.1611651160468455 27.9837372081917373 24.0638500788055900
vn 0.8732260364117653 0.4128727764558286 0.2588674560354268
v -24.6161351637540982 27.5831719298479427 25.2778561853530732
vn -0.2231716227000153 0.0954619843502079 0.9700935193914877
v -25.0481772717906352 26.5202251167730161 25.9752052748568154
vn 0.6197089289988246 -0.7778074741877133 0.1047682032720766
v -24.8525849058683157 24.9155304350560556 24.9776429608885664
vn -0.9901916685215888 0.1290466645311389 0.0535482769453861
v -25.5529695686724345 26.6548446977237568 24.2299444892368818
vn -0.9070259822027121 -0.4110515118771882 0.0913264594336338
v -25.5074681338822877 25.3709796372764771 24.3536566362363018
vn -0.6710878634814309 -0.3539751692025723 -0.6514158879517283
v -25.3901640824467840 25.9359587154131148 22.9543031789077219
vn 0.0052772063024324 -0.2111254365960691 0.9774447304660048
v -8.0289761042868051 12.9409136314927107 21.6237595147440302
vn -0.0133442137951267 -0.9257651747209383 0.3778634319858172
v -8.0606817218754330 12.3996307452162338 21.1776402192883069
vn 0.0129861804097593 -0.8897601024592913 -0.4562437059182261
v -8.0781857680058398 12.4732750118678659 20.4931513965473151
vn -0.0049204280900484 0.6699359855342971 0.7424025624104489
v -8.0639307620538148 13.6337910701215517 21.4507621436450648
vn -0.0115533716477827 -0.1371412287179532 -0.9904841255614842
v -8.0757563686703318 12.9924632224916685 20.1519460096092011
vn -0.0150562127527872 0.6764540584592864 -0.7363309155885709
v -8.0944181020300388 13.6302987927271690 20.3720825740835956
vn -0.0118101725402507 0.9997709778599105 0.0178468947889457
v -8.0670778119791731 13.8809566332042582 20.9728284802636153
vn 0.4887257834682887 0.5553018667805496 0.6728944533307912
v -4.6356552582667181 13.6704544097699650 21.4608636819783918
vn 0.3503064632604440 -0.8563132759884869 0.3794903887634371
v -4.7752476952671161 12.3550476515119225 21.3024867748811957
vn 0.2783606454964032 0.9150604073666322 -0.2918557895756722
v -4.8699313090581882 13.9490923798160509 20.7319346482122135
vn 0.5316304917002789 -0.0383274886458786 -0.8461087541850750
v -4.6069763459238473 13.1273176286066313 20.0437716697350403
vn 0.5598962548504628 0.3806728757352446 0.7359377320696938
v -24.5758076023447103 13.4107813995238949 21.5737334260769202
vn 0.6226888672827837 -0.6620075993680454 0.4171384817312366
v -24.5854519825165383 12.4507724545508189 21.3133357663025720
vn 0.7369762217956238 -0.4572636718629673 -0.4977710145260007
v -24.5760385120001352 12.5707133143938599 20.4172844800857227
vn 0.4678399693382574 0.5611514299354181 -0.6828139100596985
v -24.5765772075543154 13.4886829572418101 20.2473032276540614
vn 0.4068621851159906 0.8940685374933093 0.1873622496321404
v -24.5751038244371429 13.8159270533874157 20.9781375300071069
vn 0.7925378461795696 -0.6052114176751185 0.0748525369558174
v -24.6296453317542579 11.5247886455886714 21.0803258883856159
vn 0.6256880748512572 -0.2901440944309090 -0.7241069240490630
v -24.6034328541114213 12.6000148530226888 19.5363385159254754
vn 0.3861655527473825 0.0956644130649272 0.9174554408494461
v -24.8126683877397411 13.1929700714670695 22.5624063908456982
vn -0.8750748792745681 -0.4726021919727132 -0.1043605471679160
v -25.5843741298086940 12.1861778626580808 20.6119110049472560
vn 0.5059916262029037 0.8589535672752877 0.0785572624115605
v -25.0142363906734886 14.5832223569376964 20.8465605570498056
vn -0.4852600019780839 0.3835177626292599 -0.7857715038279747
v -25.1489140902694288 13.2524960491908779 19.5819029143801977
vn -0.9244476080259727 0.2947640572545162 0.2418899968289593
v -25.3915476867496501 13.6616725878566552 21.7723887770540685
vn -0.3521122892428138 -0.3986895852589766 0.8467960500440530
v -25.9326246098302171 21.8846989605477695 0.3296297093467465
vn -0.0239726629706763 0.9559165514338869 0.2926582616719360
v -26.4142620850746894 20.4631729686463046 1.1585711675545194
vn -0.3220707587375256 0.2320364288020260 -0.9178395949592918
v -22.0616899415175638 20.7649208614236755 2.4887425527221532
vn -0.5846554932515110 0.7235888632351535 0.3668747895575420
v -21.6813675569105122 20.4335121641447408 0.7790750658637102
vn 0.7653165560841976 -0.4276558534013898 -0.4810416198573178
v -16.5745967079395058 15.5036014469630778 -4.0860600434139647
vn 0.5412140951457290 -0.5813464449572424 -0.6075554412159978
v -16.5712024822581334 16.3947718750601865 -4.9311091487794254
vn 0.7463522097091234 -0.3276332474225037 -0.5793227375528197
v -16.5745192731139568 17.4972902657881484 -5.6688919805914972
vn 0.6771624478054522 -0.7340453766293769 -0.0512679659355093
v -16.5745583170835360 13.9399604359666061 -1.7937144737074722
vn 0.5929411032320473 -0.6271408578741468 -0.5050892915939141
v -16.5750031881108058 18.5310720509407503 -6.0777099927017595
vn 0.7688259008981496 -0.6350398854043149 -0.0750405094187345
v -16.5753320739413041 15.8602260183319217 -2.9392838709486848
vn 0.4454752202208263 -0.4462153311866160 -0.7761724720596738
v -16.5724437920807155 15.0038868450050753 -2.3887269729640033
vn 0.5187063705921277 0.2434291488882466 -0.8195644883587174
v -16.5750000129427235 18.9301741645369184 -6.2054781764334672
vn 0.6981711771874241 -0.6636571288147758 -0.2685446382225024
v -16.5775379432539474 13.9441297243653768 -0.1643812304206290
vn 0.9250677054390795 0.3425375414113795 0.1640663679049555
v -16.5765243601265944 17.0636930773092210 -3.3948003311398329
vn 0.9467009757528245 0.1060279213562021 -0.3041633482218606
v -16.5750523211618024 19.5759166122010733 -5.4127239713417792
vn 0.9791366335850883 0.1521670436882305 0.1346723564316179
v -16.5747237352526753 15.2380188469073907 -0.8014530022320685
vn 0.4574409283511640 -0.1434713117757577 -0.8775897559603626
v -16.5749471951065281 19.9675297839067767 -6.6471559591629541
vn 0.9305869862599008 0.1093407802139995 0.3493600646695454
v -16.5742632976237410 19.2977757328283666 -4.6811971872896407
vn 0.9084663017256660 -0.3695938569279557 -0.1951649547178213
v -16.5750856397774697 17.5513750757486662 -4.4776588847963232
vn 0.8900303553452806 -0.1818558669236813 -0.4180602949687875
v -16.5763086199503356 18.5151148905398060 -4.9957082268275812
vn 0.4069822816226014 -0.8512105681398648 -0.3313698705861323
v -16.5738967138925233 13.2750975966486848 0.6841917810086969
vn 0.4577165620139843 -0.0176846362160373 -0.8889222702238958
v -16.5811700637910597 21.2964310452401655 -6.7168363780562990
vn 0.9774634242567402 -0.0176342020748559 -0.2103670343886400
v -16.5754290442394243 20.7348065141213453 -5.6477083618323007
vn 0.4840940782416679 -0.8747291601788906 0.0224013335335837
v -16.5738995306067984 13.2542946976330338 2.0413170544806740
vn 0.9337895398465160 -0.0504674210188343 0.3542458675679075
v -16.5796737369755220 22.8676620249631739 -4.9822708363113719
vn 0.4515596567121261 -0.1286928876178204 -0.8829111037395633
v -16.5742326387945660 22.4912747986005925 -6.3920888428520719
vn 0.8493989544705699 -0.5109981198738293 -0.1319179200477116
v -16.5747971679200461 14.4012116716011125 2.5746177045053500
vn 0.9401367928082726 0.2842395772912608 0.1880177478576438
v -16.5719309683548879 14.8987941839342888 1.6075615780022077
vn 0.8429598866908373 -0.1059018305600593 -0.5274499328980895
v -16.5750010996379480 14.2123121956775034 1.5516767586137037
vn 0.9348485092253463 0.0335512461824968 -0.3534580295859029
v -16.5754188670160261 21.8855614876203930 -5.6690355334606721
vn 0.6645138131799759 -0.6776929497069663 0.3148867383845807
v -16.5726471273255349 13.7145625864842984 3.4666127444069650
vn 0.6481768602795093 -0.7257458556127846 0.2305638975621829
v -16.5686722032151472 14.2390158968024121 4.2850150253043520
vn 0.4754222475141044 0.4820456581750070 -0.7359386319546367
v -16.5756314664559774 23.8913400547932078 -6.3111005990482507
vn 0.9118887016608778 -0.1163808349685782 -0.3935917898473688
v -16.5750003975320723 24.2890901197449125 -5.2009231396329509
vn 0.7577076783342490 0.2233402388756705 -0.6131869306274235
v -16.5749931085759066 25.0017005654265425 -5.8723448742157034
vn 0.9000338335590025 0.4175781192359800 -0.1247702399790415
v -16.5741483320519123 15.1695339006417633 3.1714645393108403
vn 0.9496240965199679 -0.1872076606077294 0.2513311901026528
v -16.5750008174032679 25.4989780550108378 -3.6920390176269997
vn 0.7728115880227527 -0.5996437614110731 0.2078210981073175
v -16.5766677704567158 14.9939228856840288 4.8388293518262149
vn 0.5110846995416767 -0.3866958938844005 0.7676318880474797
v -16.5750008661089723 14.6500513742571261 5.9002752210790419
vn 0.8710875139066753 0.3901255735963070 -0.2983430574725015
v -16.5750008802203155 25.1364235595850900 -4.7006789760247276
vn 0.4945877940119092 0.0446166169750584 -0.8679817230242434
v -16.5862924547345578 26.2001939561777419 -5.2290168007252866
vn 0.6354382859287852 0.7499262085684972 -0.1839262528242406
v -16.5750005474812347 26.1036631614785080 -4.1951872586261967
vn 0.9514329944637558 0.2871636064043715 -0.1109608949250415
v -16.5771666462471039 16.0689871092896759 5.3665587733770890
vn 0.5069438982868502 0.8440953363540323 -0.1746738307105694
v -16.5749636008086654 27.3256956237982926 -4.2346804026381122
vn 0.4807352601813046 -0.8608772253424709 0.1666853697990978
v -16.5744196095535337 15.7975901596807677 6.7757035088560791
vn 0.7702741002459363 0.0702562445636453 -0.6338311057293784
v -16.5749988093847307 26.2523192089661670 -3.9784967601682304
vn 0.6135478812127415 -0.2825973230275042 0.7373586308419018
v -16.5745286336960582 16.1675017877835643 7.8403183924783528
vn 0.9259049203493436 0.3272788127510778 -0.1886495618789527
v -16.5772418976076743 17.8115498084800379 6.9367298302276392
vn 0.9838869996953016 0.1303076409119431 -0.1224185057519563
v -16.5751707419250387 26.9498665042028875 -3.1755303281619556
vn 0.8144654084533651 -0.4408982773626130 0.3771668164772365
v -16.5778977434240211 27.1933054483577372 -1.8618461337114756
vn 0.5445786981832663 0.8382986453599314 -0.0262568595365659
v -16.5750011417731287 28.2056158908056140 -3.1027564163062431
vn 0.3599086053379117 0.0553286807081145 -0.9313455496725256
v -16.5750036905253246 27.8875904680204769 -3.4500890628794454
vn 0.5118020005203202 -0.4874862529392818 0.7074007813528457
v -16.5708178301401539 17.4822821104749799 8.3441090896712460
vn 0.5973786746459152 0.7058453371579091 -0.3806850129578617
v -16.5768050585595645 28.8798971986761011 -2.2478519590102897
vn 0.8678132187762094 -0.4876173136353030 -0.0955487977965470
v -16.5767726649956337 27.6962787258970877 -1.0308006967158660
vn 0.7735796367387978 -0.5229493638308111 0.3579085197253895
v -16.5750007228818745 18.4296282280089407 8.0743388485751755
vn 0.8288069019496690 -0.1835905430859184 0.5285580684939064
v -16.5748079239610995 18.4396677003329437 9.1946532862008432
vn 0.9552853513335789 0.2719213335474893 -0.1161408020001410
v -16.5779954462696182 19.5568633851108444 7.8261426425559399
vn 0.4257133964729982 0.9046153609031611 -0.0209559748393513
v -16.5742870387585270 29.3503898990284924 -0.8888628913144342
vn 0.9239876601705594 -0.2336132358634180 -0.3027732813211195
v -16.5760323203702953 21.6913131001769095 8.1816870649598421
vn 0.3694941719047829 -0.4284367816860863 0.8245701795644005
v -16.5756334428064882 19.7390591498952368 9.4834993895293831
vn 0.9900365707321152 -0.0467655010090734 0.1328178321173920
v -16.5747026973642093 28.1496547190278115 1.2438395795143500
vn 0.6942412991935173 0.7192844025372025 -0.0256703478900622
v -16.5736601503879299 29.0924366234308209 0.0466542382565436
vn 0.5530653006852078 0.3750929858928619 0.7439247442530447
v -16.5750864980683836 20.9145771765890132 9.2805482952818217
vn 0.6135015760598358 0.7072017939831704 -0.3513992583359887
v -16.5615934241724680 29.4101528625697064 1.7855506814726199
vn 0.9051126087799731 0.3333913642500254 0.2638586054518942
v -16.5762237083899215 28.4249592764994397 3.3188640137173029
vn 0.3596131019995307 0.9323761372217263 -0.0367852634864511
v -16.5749959997922467 29.6070994936416980 2.7852590881419070
vn 0.6625860209914973 -0.0387507726822530 0.7479827153104431
v -16.5735680020738805 22.5908004269173368 9.2114732913331370
vn 0.9156984741576719 -0.0851139262548976 0.3927491871191935
v -16.5758026180153735 23.9663279277927366 8.2285481057502299
vn 0.3248443234842485 0.4022473859030306 0.8559633204958256
v -16.5828135619548682 23.6629247887761913 9.4494428492613007
vn 0.9991522003924359 0.0312247680081414 -0.0268308463114954
v -16.5720824981656669 24.8303173109961826 7.3837158316901466
vn 0.8209856066019251 -0.4014051119401171 -0.4060253315506449
v -16.5795874620558656 26.1407149703286237 6.1870737563714497
vn 0.9253849011834394 -0.2677252101419931 -0.2683020620795558
v -16.5755291762858050 27.5757974404641679 4.1399542956525170
vn 0.8888147497763611 0.3818821057714299 0.2533266623779723
v -16.5752221217597935 27.4831691244763014 5.3886326978560142
vn 0.5367646484953811 0.7805523576857021 0.3203462642780805
v -16.5849749056677602 29.3099128746123760 4.2437882251000003
vn 0.9145677975295960 0.3921252326677473 0.0990128558679562
v -16.5759475619235062 26.7636340406693556 6.3306213411750631
vn 0.8871507507969698 0.2836871030310754 0.3639851273530402
v -16.5753929178325770 25.9349640914116542 7.0720120471228585
vn 0.5089950217071988 0.3699226036424200 0.7772266948527317
v -16.5749609867771106 24.8167713737524060 8.9781277454772361
vn 0.7899897476227870 0.5537443671930115 0.2632173521120840
v -16.5686291383136783 28.7140387129817611 5.4313959098920543
vn 0.7468007827716890 0.4493630305534029 0.4902667209014435
v -16.5727128076203165 27.0907798241614231 7.5064148808981042
vn 0.7813259706698715 0.3075039920247095 0.5431123479038663
v -16.5748396953599837 26.0593733179987375 8.3127069998040284
vn 0.5038616886610739 0.3112539908914339 0.8057570054636610
v -16.5729738873898924 27.9843112842073651 6.5708384943593137
vn -0.4279681667963396 -0.6425516638112531 -0.6355868214039454
v -20.0821055843720977 15.5730374488443353 -4.0440222756191222
vn -0.7550462554251329 -0.4366400330884394 -0.4891325318081096
v -20.0754325370005624 16.3480739946914966 -4.9259893299261206
vn -0.4841781995325137 -0.4163699158313466 -0.7695502350646450
v -20.0749644268495935 17.4674493872617269 -5.7209994676501834
vn -0.7711574678240721 -0.5235631475589597 -0.3622123553073808
v -20.0751812538343231 15.8702283293173494 -2.9060516670157210
vn -0.8347653552200557 -0.2655736119564493 -0.4823250546641130
v -20.0739146063233207 15.0367578206327153 -2.3596040004608256
vn -0.3605085198352391 -0.9211201907935580 -0.1468713765123903
v -20.0752057962366379 13.9070026252083121 -1.8463076431866503
vn -0.7570496496122037 0.6133246291125108 0.2251859839022860
v -20.0796151651716599 29.2533593682309991 4.2272179821296847
vn -0.9773542157105991 0.1298858910077224 0.1670580508381740
v -20.0750052978945703 25.9752307787644483 7.1136051284547319
vn -0.4504150809493200 0.7895121794182968 0.4168894018844670
v -20.0579567926744922 28.7678804201794591 5.4519691069003269
vn -0.9099836414445481 -0.4084855376065888 -0.0711992827883539
v -20.0750007676711739 16.6542501991364205 -3.8717816123031015
vn -0.6144801057293732 -0.2796077611129592 0.7377219663180815
v -20.0750022163923525 24.6878239487908644 8.9885541284974426
vn -0.3487486500686887 0.8973472258695471 0.2704483967404788
v -20.0750008970723144 25.0615760691996954 8.7989848467746370
vn -0.5051522571938942 0.8595579156537954 0.0773394251906259
v -20.0754320565976343 28.0456825601124535 6.4608667736307783
vn -0.4701961367354398 0.5966971733917787 0.6502830739495911
v -20.0742814217197356 27.1333213690832231 7.5405508208172494
vn -0.4197555879360579 0.5132484793366122 0.7485861639484859
v -20.0508264436740617 26.1018781585652597 8.3038508296468212
vn -0.3291583082837551 0.1536748897609843 -0.9316860181116414
v -20.0750010826570815 18.9305463773469533 -6.2107699038732163
vn -0.4032958817437020 -0.7048751080325886 -0.5835267893118674
v -20.0749054492298242 13.4720139421978580 -0.5745417422530871
vn -0.9382309978208686 -0.0466416180349186 -0.3428515045834596
v -20.0749437591576019 17.4986654730611129 -4.4452198288956142
vn -0.7357455877780849 -0.1019779998510143 -0.6695363452505525
v -20.0757226253281225 20.0379220212223679 -6.5709734067124410
vn -0.5813595663836537 -0.7695400727193864 -0.2642520218527224
v -20.0807936626143260 18.5805417339444325 -5.8305650821377686
vn -0.9644724949941936 -0.0892048409374811 -0.2486670520052744
v -20.0750008430345339 18.3875220132864676 -5.0287825653237839
vn -0.4829977882243160 -0.7865532984531550 0.3847688205440779
v -20.0824371161756261 13.3397099006088791 0.7677673643112846
vn -0.9633726659602391 -0.2537711030803939 -0.0866794884734658
v -20.0749795921201368 14.6932728944202697 -0.8745413053427967
vn -0.9016296605672358 -0.3984251398616584 -0.1682895216929112
v -20.0747838666403382 14.4022193357459436 0.2862713220943558
vn -0.7406461273881055 -0.0170249622155581 -0.6716795848070425
v -20.0789066017494910 21.2864635325854152 -6.6824376811476451
vn -0.7539540007314542 -0.6565671356144959 0.0217476714158167
v -20.0752988053184929 13.3108115522900299 2.0343013529529181
vn -0.7579119086908306 -0.1994938959262664 -0.6211052440229289
v -20.0757332216441959 22.5780098908299678 -6.4105540781194614
vn -0.8698506787063812 0.0508404997772573 -0.4906883331978115
v -20.0746365786317256 21.8706704527829778 -5.6212657291602453
vn -0.9125808893442456 -0.3329696252186084 0.2373338346832264
v -20.0748701457849101 14.4277956424736953 2.5396806960765206
vn -0.4767324352740923 -0.8532841270022016 -0.2112637776897029
v -20.0777761182693197 13.4943551279298042 3.3068382828787337
vn -0.6311702223321455 0.5941818904018813 -0.4985699866213736
v -20.0769956537476801 24.3930809745171011 -5.1068616307157049
vn -0.4214511897367297 -0.7214413543594203 0.5494554275731023
v -20.0750310640260388 13.9089678521160653 4.5829931411774094
vn -0.5481925981621629 0.3718591602008048 -0.7491365965529713
v -20.0769686451467138 23.7017592700304576 -6.1576226307513018
vn -0.8991241235459112 -0.3979964463990628 0.1821390653086678
v -20.0748167624583722 14.6863419099998360 3.6438337293090499
vn -0.9030116910196192 -0.0907137276795678 -0.4199296435027717
v -20.0750263339536978 20.7146550800514433 -1.4928322047424376
vn -0.9451084725937986 -0.2153373103517089 -0.2457637438718517
v -20.0749425386426026 19.6362671532142130 -5.4336190222125502
vn -0.9089051419788025 -0.3872064763491408 -0.1547985386164066
v -20.0755412371431419 18.7127777346136774 0.1147938073255093
vn -0.8848170432527095 -0.0419221362927505 -0.4640488492154518
v -20.0751070445775923 20.7623408258646904 -5.6022189015540400
vn -0.2450364294163780 0.3089545761376238 -0.9189691061959012
v -20.0565430722552023 25.1500114846452512 -5.9851824207166997
vn -0.8937918899968289 -0.2650335629950126 -0.3617917465366856
v -20.0750006599502022 14.2860916847804660 1.5129154984012108
vn -0.9581883436481888 -0.2213381839781556 0.1813408569793160
v -20.0752621820648507 18.8602653679240433 3.2370362172528151
vn -0.4644648499545660 -0.8854577846534660 0.0153920353838799
v -20.0750012497246182 14.4585168607487873 5.5862103721342802
vn -0.7300987076128675 -0.4520155420831412 0.5124820258870593
v -20.0750030666082004 15.5024640465027641 5.8115500751027982
vn -0.9710921108430977 -0.2230609805164565 0.0849935952253699
v -20.0748974555053259 15.1243733312713502 4.7734312895483120
vn -0.5348163623068607 0.7949959223671732 -0.2862742426912074
v -20.0797502724161703 26.3221359151429191 -5.1699663962185625
vn -0.8289705779168716 -0.1038283264978498 -0.5495702498906068
v -20.0750007035825639 25.3762386820403982 -4.6681897057031749
vn -0.7502612008399852 0.6453556233134858 -0.1436114548767106
v -20.0750013460852337 26.0707424302922703 -4.1917466128952681
vn -0.8325845195495428 -0.5282614368863702 0.1665619167313006
v -20.0749546146265097 15.8127111855146563 6.7876296963169063
vn -0.9235421011547622 0.1825315895943912 -0.3372717097457058
v -20.0750007609875354 22.5843315507817515 -1.3299816324047977
vn -0.5109856216945443 0.2085329152430712 -0.8339110969891612
v -20.0750320498593062 27.2789570155086629 -4.3121954814616714
vn -0.8946409789518857 0.2280355799848019 -0.3842099595807046
v -20.0750007521527181 26.2550594317010031 -3.9699412510835344
vn -0.3251042071951819 -0.3837669687518530 0.8643090698118392
v -20.0752066745716888 16.1406927762024530 7.8357443995437839
vn -0.5323007411243244 0.8460425602836402 -0.0294602645473219
v -20.0750009731639558 28.1923734249224118 -3.1350513195320620
vn -0.9100530137781411 0.2967686196229335 -0.2893646462863442
v -20.0745312049758446 26.9180579294307556 -3.1345588652431058
vn -0.6135145510727458 0.3740165173498758 -0.6954937385566295
v -20.0750007761981450 27.9329435010005831 -3.4568005697501141
vn -0.7381633887974660 -0.2746234526619880 0.6161953997613500
v -20.0750267826025883 17.4116035360428754 8.5888931108133466
vn -0.9045193952689810 -0.3888537975572242 0.1750353898717688
v -20.0750009845863708 17.3821486039160575 7.3959213975612723
vn -0.8301446501848057 0.1131566316715237 0.5459445360824684
v -20.0750007578607708 18.1649188735285101 7.9430123881295058
vn -0.8697055172854328 -0.0734439809981887 0.4880761158450752
v -20.0750007656700937 20.9224429658007445 4.4816875442685493
vn -0.9527594779436649 0.2650323838456344 -0.1483482817615878
v -20.0735578125190628 27.5508291122928526 -2.2131647518545243
vn -0.7375704716143962 0.5973516557522032 -0.3148980768004443
v -20.0758822104559655 28.8289787343199713 -2.2121154255550732
vn -0.7510403651525505 -0.5556295603444463 0.3566709430034369
v -20.0749279909760432 19.1610730241004141 8.3463637749348418
vn -0.2699155482428592 -0.2924699269897342 0.9173913770160347
v -20.0751490663138377 18.4345064012439579 9.2220682205888362
vn -0.9171168994517949 0.3933879780912222 0.0643621894688697
v -20.0748593796192090 28.1261699248288473 -1.1891009017086109
vn -0.9029625135264930 0.4297117734794049 0.0025477242987903
v -20.0748001181184037 28.4689744364082529 -0.1405443320707911
vn -0.5052609207042718 0.5065176596054185 -0.6986782253061282
v -20.0774879440542620 29.3265351698856271 -1.0278170874591688
vn -0.5901306082735853 -0.2464668185203536 0.7687652258961141
v -20.0759342649278025 19.6939094614549042 9.5534038058973962
vn -0.3875620497651547 0.8960263973122163 0.2166387613090555
v -20.0603759495585159 29.6796524208643859 0.2881172852815398
vn -0.9008211522169545 0.3526504176965416 -0.2532961401541156
v -20.0750007169698819 28.6922203714830815 1.1233874274771809
vn -0.7352112113736565 0.2207183734561474 0.6408961493794085
v -20.0769390548174407 20.7309457827209833 8.9370933077163688
vn -0.9035113721630128 0.2112823847820421 0.3728631843624721
v -20.0750007611437375 22.7084720970875686 4.3025064297186093
vn -0.7237460421211033 0.6900100767690948 -0.0088181897885089
v -20.0799216742779620 29.7206705173988475 1.6089379100057848
vn -0.8776654170334239 0.0682145312320757 0.4743945546402636
v -20.0748538547221287 21.6848685959040210 8.6556318759386208
vn -0.9067695129072374 0.4209619018272481 -0.0236670165411243
v -20.0736455105934510 28.5864043028917720 2.1930523942898001
vn -0.3893211950709687 -0.3326850260230454 0.8589235591882193
v -20.0758151357240635 22.3577294520495222 9.5330713158378426
vn -0.8926668714916788 -0.0307367759333854 0.4496677741916574
v -20.0750007003663526 22.9662455774088698 8.5737953153721254
vn -0.9649132781811511 0.2578565239622299 -0.0495214967445481
v -20.0739209938328003 24.5681315693446294 0.5732622250335873
vn -0.9425060843958906 0.1743079837621171 0.2851298084618863
v -20.0750000162122184 28.0847231938642885 4.3491546020208434
vn -0.5043168360521242 0.6847132016839723 0.5261486104838239
v -20.0750386876872255 29.5867925440411170 2.9163056827092331
vn -0.9080883960065346 0.4061510248267591 -0.1020627751457541
v -20.0749841072567321 28.4190200206836288 3.3552294656727026
vn -0.9184958183368210 0.2885036258374429 0.2704276050561819
v -20.0745318629198763 23.9097219853296998 8.2507521046675727
vn -0.9787210538377832 0.1316835628277486 0.1573675254162988
v -20.0750008005236502 24.9046316783897659 7.8677521794501502
vn -0.9673066933925731 0.2145610973352000 0.1352083445214876
v -20.0749361313258667 27.5237851708571597 5.4238462204187439
vn -0.7581361796401425 0.1509413138736456 0.6343865169490500
v -20.0789473682300645 23.6523515529562829 9.4140704037130547
vn -0.9345468006888100 0.3038776661492124 0.1851503209233453
v -20.0750007610763106 23.9700146411902004 3.2458375102030677
vn -0.9104663655420348 0.1485837331068233 0.3859713350402050
v -20.0750315100579542 26.7954544200097793 6.3180078551875374
vn -0.5863421231184680 0.2202072233602999 0.7795586529805658
v -22.3749999849412156 22.5946407079989555 4.3578308047459551
vn -0.7438093941231267 0.5912436403736948 0.3117347316739796
v -22.3749999848603274 24.3050407695287447 2.7936151142235963
vn -0.7504893706472745 0.5462050360382231 -0.3720561290342375
v -22.3832373783108487 24.2796233681908653 -0.0146559649816635
vn -0.7341371728022996 0.1464336507172672 -0.6630232254208442
v -22.3749999850207537 22.3483980161922702 -1.4236178369941448
vn -0.6175993791053288 -0.4258732438774031 -0.6612132689821419
v -22.3827692903192990 20.1238815841738656 -1.2857358020918457
vn -0.4273761930020712 -0.8311478508168604 -0.3557286040474819
v -22.3852816665357359 18.8221354862925985 0.6167708680768348
vn -0.6179453772673367 -0.7529606359840485 0.2262604503054526
v -22.3798140973559647 18.6400231856213416 2.7825985608551300
vn -0.6682664940644386 0.1957702517571920 0.7177004259701601
v -22.3797646765234184 21.9854347784974067 4.0739639877482787
vn -0.3938507944568847 0.7882714195205734 0.4727681470580487
v -22.3749985972500234 23.8328724564798655 2.5487892865143000
vn -0.4866807353692569 -0.3108235628826208 0.8164132376299350
v -22.3871043823150302 20.8135401810052265 4.3339198817842046
vn -0.6415001541297307 0.7236315754049050 -0.2546269729006477
v -22.3696963429279414 23.9048101099470607 0.5045412380710623
vn -0.4367901942838809 -0.7909135956163138 0.4285673931212262
v -22.3716762379167129 19.0783588669243294 2.4308188814528755
vn -0.6348568002102484 0.3709891582118356 -0.6777343784375103
v -22.3749983839558517 22.4924158002924770 -0.8580505584310402
vn -0.6420025130255085 -0.2083575187879545 -0.7378481670597676
v -22.3712271873479303 20.5790976764531841 -0.9162602563674047
vn -0.0182448622943019 0.4973954309261271 0.8673320646059812
v -24.7495774695873756 22.6820716491665415 3.6278384769973444
vn -0.7269477427079174 0.4375833185147285 0.5292143410089158
v -28.2452550615654658 22.8415954667332777 3.3324340210958816
vn -0.0347872602258843 0.9949992427305289 0.0936288069541135
v -24.7512046368599528 23.9183496752842011 1.6746303508563820
vn -0.5742267897430750 0.8184423130781145 -0.0203905395884417
v -28.2133863790721762 23.8404771511958202 1.5786077237586871
vn -0.0496471723791663 0.9589876708381012 -0.2790659518021984
v -24.7762060113438025 23.7673378974930714 0.7927495636287865
vn -0.0290880064190762 0.2357490959641971 -0.9713785315903515
v -25.1482241920764373 22.0721681451699041 -0.9184012103704723
vn -0.2383711415855884 0.0292452753248113 -0.9707336981532884
v -28.0189371473150750 21.7289104950614060 -0.8596995497194753
vn -0.7564869770389968 -0.2147059948227952 -0.6177611102663828
v -28.2415067343933330 20.7939721778722379 -0.6718065296385055
vn -0.0552431499658323 -0.5739995669932085 -0.8169900192006397
v -24.7524600660817882 20.2182435371995268 -0.5067849764101954
vn -0.0662900112674419 -0.9978000875866704 -0.0007871583038664
v -24.7723817891868876 19.0337276463924283 1.4950650752554842
vn -0.5729127630457194 -0.6696835414938307 0.4725409190658520
v -28.2415287457028299 19.5183811852025890 2.6828928100952298
vn -0.0440359688264846 -0.9144231599942304 0.4023569533581828
v -24.7808925926855395 19.2334498431164533 2.2194190529519946
vn -0.5666286685595534 0.5600538387675819 -0.6043770757136003
v -28.2247897077380330 23.1486682861234740 -0.1594871366678839
vn -0.4778958550156842 0.7860435496154443 0.3921110682788495
v -28.2317176703972983 23.5674637027386140 2.4199152927606233
vn -0.5813881916011007 -0.7973771153639156 0.1617946431768445
v -28.2410870010965134 19.1788012366531326 1.8782902346852184
vn -0.6168746633047856 0.3480359610004413 -0.7059296137881643
v -28.2177786948208968 22.6891381843598268 -0.5249018395327910
vn -0.5729383200755667 0.7580414113693414 -0.3116326363495395
v -28.2368806000205055 23.6285961117146783 0.6632966198627127
vn -0.5833600549404930 0.1596842336372304 0.7963617217241895
v -28.2189889940450307 21.9393803119240864 3.8328224824867076
vn -0.4909144836837219 -0.3787533727095757 0.7845692145188121
v -28.2380934420388243 20.6029085343981215 3.5871966725876083
vn -0.5985211820167605 -0.6018344758018694 -0.5287415799930518
v -28.1876138776065233 19.7474243187610448 -0.0268919380575863
vn -0.7373684904278811 -0.6402416411448945 -0.2153563332437663
v -28.2348218302012839 19.2339103501152096 0.9954738505306768
vn -0.0736339473836319 -0.8748090063524492 -0.4788394764400124
v -24.7802684255979813 19.3529438903274844 0.5142994962232206
vn -0.0425588625540390 -0.2055577253976268 -0.9777191645597729
v -24.7759028080850605 21.2247979230057702 -0.8553487769094302
vn -0.9136419459845521 0.3477617139189180 -0.2105235969428079
v -28.2248867807057486 20.6098211614787132 2.1399044076539711
vn 0.0095663283586160 -0.3657706272266047 0.9306558620779173
v -27.0532016247865208 22.1573916736889771 0.4792647307020604
vn -0.5135526071569393 -0.8580564178040785 -0.0017039799127838
v -27.8431315162335267 22.7933638891965877 1.7584873421768519
vn -0.8569587896605494 0.0848085669130925 0.5083592625316015
v -28.0818553298996036 20.9817524980214962 0.4405240720696402
vn -0.0427752912209943 -0.8352442630400708 -0.5482128195505902
v -26.6724704166721978 22.6720826385145422 2.0439244997651174
vn -0.3300044991543922 0.9337015477339650 0.1389188622795953
v -25.4942222142782882 20.2781317549626579 1.5599476453592669
vn 0.4042444028966954 -0.9068841307026035 0.1189438363534545
v -25.3340900485023006 22.5816432542796655 1.2930607348668888
vn 0.1839530836742226 -0.2596234165821941 -0.9480279239394445
v -25.9332410500282613 21.9158652094448243 2.6707872496024292
vn -0.2717635593280795 0.6517139829107045 -0.7081055375436627
v -26.7130609348976193 20.8313377463471170 2.6788087121191868
vn 0.0899462954521246 0.9333459580971748 0.3475269578581008
v -23.8209603070092584 20.2668048973093740 1.4294618763180025
vn -0.0162979276223565 0.6861478495714796 -0.7272795240371138
v -23.4093136036269911 20.7565993305257734 2.4310958829774947
vn 0.0627513495326957 -0.7622771242204665 -0.6442017184252157
v -24.0111769996788631 22.6028917634783646 2.0173161273089195
vn 0.2207320935065220 0.3100784059548015 0.9247317043644374
v -24.5292314742451545 21.1232013793063480 0.4104165846490710
vn 0.2776475365239245 -0.9474689061805640 0.1587907972245297
v -24.5606800043612772 22.7508861200117387 1.2235421226858341
vn 0.0643319166648710 0.4285493045892575 0.9012252204828091
v -23.2349963591994033 21.2854235662125824 0.3953523433039384
vn 0.4138524569004696 0.2608860981736680 -0.8721608726015885
v -24.6340522881331694 20.8945022648207335 2.5822095648049919
vn -0.3409788643807058 -0.7472052314842886 0.5704539912106451
v -22.0543847600846838 22.3213546458181220 0.6016747567673397
vn -0.9495470010298406 -0.1672560425959576 -0.2653034282672864
v -21.5355002437080358 22.2690471397473040 2.4767944333341960
vn -0.0055439057688495 -0.6601842541005010 0.7510832282421112
v -23.3792398991690789 22.1783316752727941 0.5531779661488911
vn -0.1757542692677723 -0.7370607184191441 -0.6525733171051408
v -22.9859058169929220 22.2765727679679451 2.4986741030365698
vn 0.5707449108514606 -0.2328731233305545 -0.7874137128393376
v -27.9589328216711266 21.8821981268938757 2.7622369361355519
vn -0.1251053699613045 0.2107806184274485 -0.9694948051960812
v -27.4564235495550939 20.9857792458550882 2.5493051045301121
vn -0.9932031198265288 -0.1156865499899686 0.0128134662862311
v -28.2491036751552720 22.5700983362759686 0.8735661568807241
vn -0.0334243885092025 0.9621014714507844 0.2706354908082481
v -27.2975744215657805 20.4070508406192168 0.9035984480174398
vn -0.0311852251127518 0.5700035057363657 -0.8210502330447997
v -24.7738300364834245 22.7382220052451345 -0.4489892160657982
vn -0.0429183112874979 0.7620063962318601 -0.6461457038919031
v -24.7629685506527650 23.3845065847837112 -0.0512102540690837
vn -0.0524330753135910 0.8991522172580363 0.4344836738165386
v -24.7722115209718936 23.6845012296712625 2.5016369129597322
vn -0.0304568199641660 0.7405377419515740 0.6713242397403318
v -24.7591407827877248 23.1525970930292111 3.2385503800534314
vn -0.0477777922821879 0.0203990094257104 0.9986496697937119
v -24.7590195388787890 21.7782661938321169 3.8789169731683475
vn -0.1017044817233492 -0.4082081049742040 0.9072057878071293
v -24.7694123636911741 20.4442630477635277 3.7067654025573531
vn -0.0441251455452312 -0.7603194852309531 0.6480488036473414
v -24.7814850668805100 19.6409596402498821 2.8574822348819895
vn 0.5096636631997841 0.2502476925109068 -0.8231761918366832
v -18.9763578786084963 19.8410829865644267 7.9129727344708822
vn 0.6518806156445724 0.6128469002965814 -0.4466210247443858
v -18.9739174817708189 16.2134000430288019 5.4982584356011204
vn 0.6474562124690140 0.7620993552022719 -0.0022418152378407
v -18.9750362650895674 14.8872827034245212 1.3761620463831561
vn 0.6086209980910255 0.6423337141473867 0.4658195791852325
v -18.9753662983020170 16.2151714868730821 -2.4229891874063654
vn 0.6485496885117613 0.2219772676045621 0.7280861172952757
v -18.9751101930882839 19.3737821051386589 -4.7713908367254660
vn 0.6496325998888415 -0.3979459581212825 0.6477781252686751
v -18.9741688389568033 24.5978547354379913 -4.4390000024124321
vn 0.7400902149150345 -0.5913581668360736 0.3202530129495998
v -18.9750003478629310 27.4517141517357253 -1.2433927121951367
vn 0.5049885487789443 -0.8630308474850307 -0.0128188100619922
v -18.9750003779258201 28.0457526816557952 1.5000010216326267
vn 0.7383400616830879 -0.5544904506473454 -0.3839196445282759
v -18.9760211564030463 26.9903996488485483 5.2419171043298212
vn 0.6720686395233847 -0.3007394411303772 -0.6766679631235508
v -18.9750003673238936 23.6516686608437965 7.7350026110918044
vn 0.9843337667359269 -0.1524190766076521 -0.0886310371683220
v -18.9721554722727817 18.6702890157227834 -0.4502580970979406
vn 0.9346775019386171 -0.3379767420487310 0.1102256286165420
v -18.9682331990552555 18.1955872962094389 2.2608845409017277
vn 0.9802948523147079 -0.1159763736429371 0.1599108604251712
v -18.9648601052514181 20.4869384019767615 4.9287888894975227
vn 0.9041720993399516 0.4230921501666477 0.0588714467509322
v -18.9713899950277209 24.8372832362948657 2.0841554967513072
vn 0.6920619126236546 0.3537230156605233 -0.6292299558092530
v -18.9674522070512879 22.9069373859631078 -1.2378247526582302
vn 0.6786832535877021 0.4507714920326905 0.5798224756511539
v -18.9699543820620669 23.3434838842190580 3.9362793565165495
vn 0.3693919517936678 -0.7511299587544854 0.5471319502748397
v -18.8442229945905453 18.7935345267702303 3.0170359979825356
vn 0.5139872047416923 -0.0981790559117267 0.8521607984072628
v -18.9203499844860765 21.0318205733355512 4.5309060347829595
vn 0.5559364176019714 -0.8270209023357353 -0.0834932732839761
v -18.8749989765486390 18.5171482942140102 1.0533645001411680
vn 0.4698965482823681 -0.6466372790309933 -0.6008805732254200
v -18.8808757141838939 19.1964206858287376 -0.4998789102898819
vn 0.2307225954825793 0.8595560624821836 0.4559939247225848
v -18.8750004841683037 24.2405132891016883 2.8508031990875020
vn 0.3373994805775088 0.9372062290814618 -0.0883519930558088
v -18.8750005170301591 24.5089415064730005 1.1913289711463915
vn 0.7628320446033547 -0.1147959250530694 -0.6363247341707499
v -18.9653923304869352 20.8405222712163010 -1.4916125506385047
vn -0.1275568029468699 0.8549037289257644 -0.5028606927279132
v -18.8696521792619194 24.1314908027284716 -0.0198289710772524
vn 0.5899807465730781 -0.7560458037650406 -0.2834033543950165
v -16.3906132609160906 18.5784358813529344 0.5962844273456022
vn 0.7439738265762174 -0.3035005981528556 -0.5953069227637113
v -16.3802803068104375 20.2053362423184311 -1.3013299219060477
vn 0.6391712339327243 0.3309024107314514 -0.6942360753267094
v -16.3867134082643240 22.9018554341221225 -1.2848892472010023
vn 0.7303645133043752 0.6442898958581013 -0.2268440164536415
v -16.3891818499494946 24.3311597431701720 0.3731073067863710
vn 0.4861012617923324 0.7938870199645092 0.3653066695473453
v -16.3901546958870092 24.3503553604448513 2.8439586194605124
vn 0.7340211284069014 0.1874664964001309 0.6527398377452682
v -16.3820854342254165 22.3744930250191274 4.4472011080787102
vn 0.5819911111937042 -0.3952822682003502 0.7106604498196757
v -16.3832464936018418 20.1374356484140620 4.2346637012480590
vn 0.7317838730661761 -0.6501288973802085 0.2045110752782376
v -16.3933719486279124 18.6637769823521502 2.6613787277271763
vn 0.7742137139871978 -0.5251160275447322 0.3533359346143405
v -16.3847220297283620 23.0208364801396854 0.9358940343249463
vn 0.8326776966351634 -0.4170697519813189 -0.3642810391834851
v -16.3853613693400781 22.7522807304772314 2.4015066952939153
vn 0.9268481461835869 0.0943293803844607 -0.3633930130207955
v -16.3833445101254433 21.1587779639542397 3.0566836820050649
vn 0.7916780276776493 0.6109262322662142 -0.0038780435060330
v -16.3973559594977445 19.8526058292416323 1.3821551119442019
vn 0.8857769573242383 0.0229805058011025 0.4635418840046066
v -16.3817177689555500 21.5555986248161062 -0.1147218570807692
vn 0.3796224456460582 0.1109230008069429 0.9184676840551813
v -18.9735922378109230 21.0904567156997764 -0.1333663263864700
vn 0.7039619354565152 -0.7100264840089431 -0.0173200875925962
v -18.9683027119063397 23.0908770991289849 1.3052378598674026
vn 0.3523298639749591 0.1450333711866677 -0.9245696232267298
v -18.9788256877562738 21.2625690469825059 3.1643226019624393
vn 0.7891692986163699 0.6113655411117260 -0.0586855456012244
v -18.9750005606275032 19.9812357968415029 1.7292084676258157
vn -0.4669808324529854 -0.8816724742814178 -0.0676945360867445
v -8.1748751210372106 15.7758808532470702 9.1506118034064308
vn -0.8435577707132444 -0.5338906979252551 -0.0580604007752732
v -7.9811859996763879 14.5660546286621511 9.3056099742114835
vn -0.4309627727207073 -0.8754113449924741 -0.2189202265377678
v -7.4499998099999996 15.7754144699999994 13.0537147499999993
vn 0.2675793186659900 -0.8025894121651624 -0.5331524582168065
v -9.6000003800000009 15.7754144699999994 13.0537147499999993
vn 0.0133319449392842 -0.9999088943604784 -0.0021123974392796
v -8.0351408727194862 15.7664371430201360 10.4618259984721327
vn 0.0268564475110466 -0.9919717402305129 0.1235750695372419
v -7.8821142096909087 15.7753025223017573 10.2429630299158756
vn -0.2883926310566407 -0.7852183023250935 0.5479615935865636
v -7.4499998099999996 15.7754144699999994 7.9037146600000003
vn 0.5351209295914456 -0.8020303984304478 0.2653164727390373
v -9.6000003800000009 15.7754144699999994 7.9037146600000003
vn -0.3333333333333333 -0.6666666666666666 -0.6666666666666666
v -7.4499998099999996 13.0754137000000004 13.0537147499999993
vn 0.4364357804719848 -0.8728715609439696 -0.2182178902359924
v -9.6000003800000009 13.0754137000000004 13.0537147499999993
vn 0.2672612419124244 -0.8017837257372732 0.5345224838248488
v -9.6000003800000009 13.0754137000000004 7.9037146600000003
vn -0.5345224838248488 -0.8017837257372732 0.2672612419124244
v -7.4499998099999996 13.0754137000000004 7.9037146600000003
vn 0.4945663698574180 -0.7212674027169317 -0.4849509661646496
v -6.8750000000000000 13.0754137000000004 7.6037144699999999
vn -0.6882472016865380 -0.6882472015781537 -0.2294157337465985
v -10.1750001900000004 13.0754137000000004 7.6037144699999999
vn -0.5773502695307307 -0.5773502693523099 0.5773502686858366
v -10.1750001900000004 13.0754137000000004 13.3537139899999993
vn 0.5883484061644932 -0.7844645406171137 0.1961161326308503
v -6.8750000000000000 13.0754137000000004 13.3537139899999993
vn -0.7204400321812882 0.6079009277683709 0.3338002726915877
v -10.1750001900000004 17.7754135099999999 13.3537139899999993
vn -0.7099801086462829 0.6368380409441333 -0.3006086408156802
v -10.1750001874390517 17.2188922844221253 12.4787140374780368
vn -0.6575699243817285 0.3443105959686424 -0.6701134292433828
v -10.1750001900000004 17.7754135099999999 7.6037144699999999
vn -0.8018738587448823 0.5427023230837404 0.2499450003122766
v -10.1750001900000004 16.9754142799999990 8.4787139899999993
vn -0.3291329855702895 0.6583820177005547 0.6769081153141349
v -10.1750001900000004 17.7754135099999999 8.4787139899999993
vn 0.7983321653582488 0.4223382047861873 0.4292973264910815
v -6.8750000000000000 16.9754142799999990 8.4787139899999993
vn 0.5720308491254391 0.8094791871005851 -0.1323788249676111
v -6.8750000672063978 17.7754134953664220 7.7309871661354386
vn 0.4966718276027617 0.7723754376278437 0.3959207989168155
v -6.8750000000000000 17.7754135099999999 13.3537139899999993
vn 0.5898262531206424 0.7818015272180061 -0.2022161298444244
v -6.8750000156413993 17.0542875306989217 12.4787139956643802
vn -0.0034613525647045 -0.9999826359459044 0.0047693652725917
v -8.0287677750979416 15.7752250550830535 11.7070131105927899
vn 0.0013844314248755 0.9999956496825357 -0.0026046046980636
v -8.0385894297237268 27.2244810879167929 12.0517614977599390
vn 0.0000000000000000 0.0000000000000000 -1.0000000000000000
v -8.0417783236253833 29.7221834111086167 11.6628294092260401
vn -0.0010437243135734 0.9999994309603647 0.0002207226858258
v -8.0342254100485331 27.2224991989011968 11.5510462058355419
vn -0.5305769893940131 0.8043362684245372 0.2674532213724043
v -7.4499998099999996 27.2244148300000006 7.9037146600000003
vn 0.2652335165152001 0.8024829083679298 0.5344832677402821
v -9.6000003800000009 27.2244148300000006 7.9037146600000003
vn 0.0032372496078205 0.9999947390046016 0.0002053730635833
v -8.0452611212847280 27.2309706164923320 9.2031098609476114
vn 0.0007295297733083 0.9999968439960475 0.0024041181864777
v -8.0112034082397905 27.2270125116828083 10.5428776576773249
vn -0.2187694590406487 0.8727829655331402 -0.4363368181419481
v -7.4499998099999996 27.2244148300000006 13.0537147499999993
vn 0.4367026814226345 0.8727808712625977 -0.2180465977638311
v -9.6000003800000009 27.2244148300000006 13.0537147499999993
vn -0.3333333333333333 0.6666666666666666 0.6666666666666666
v -7.4499998099999996 29.9244136800000007 7.9037146600000003
vn 0.4364357804719848 0.8728715609439696 0.2182178902359924
v -9.6000003800000009 29.9244136800000007 7.9037146600000003
vn 0.2672612419124244 0.8017837257372732 -0.5345224838248488
v -9.6000003800000009 29.9244136800000007 13.0537147499999993
vn -0.5345224838248488 0.8017837257372732 -0.2672612419124244
v -7.4499998099999996 29.9244136800000007 13.0537147499999993
vn 0.4850712502925971 0.7276068752889924 0.4850712495827446
v -6.8750000000000000 29.9244136800000007 13.3537139899999993
vn -0.6882472026393716 0.6882472015449761 0.2294157309876303
v -10.1750001900000004 29.9244136800000007 13.3537139899999993
vn -0.5874031787501706 0.5685079449489236 -0.5759828314491212
v -10.1750001900000004 29.9244136800000007 7.6037144699999999
vn 0.5883484054720030 0.7844645405366852 -0.1961161350300351
v -6.8750000000000000 29.9244136800000007 7.6037144699999999
vn -0.7983321651223290 -0.4223382023738542 0.4292973293030319
v -10.1750001900000004 26.0244140600000016 8.4787139899999993
vn -0.5720308508916193 -0.8094791867035744 -0.1323788197633197
v -10.1750001227935929 25.2244148446335821 7.7309871883503085
vn -0.4966718276027613 -0.7723754376278428 0.3959207989168179
v -10.1750001900000004 25.2244148300000006 13.3537139899999993
vn -0.5898262531206442 -0.7818015272180046 -0.2022161298444255
v -10.1750001743585994 25.9455408093010824 12.4787139956643784
vn 0.8018738587448822 -0.5427023230837411 0.2499450003122761
v -6.8750000000000000 26.0244140600000016 8.4787139899999993
vn 0.7099801086462815 -0.6368380409441360 -0.3006086408156784
v -6.8750000025609470 25.7809360555778611 12.4787140374780297
vn 0.7204400321812829 -0.6079009277683725 0.3338002726915961
v -6.8750000000000000 25.2244148300000006 13.3537139899999993
vn 0.6575699224086402 -0.3443105995423798 -0.6701134293433180
v -6.8750000000000000 25.2244148300000006 7.6037144699999999
vn 0.3291329864389769 -0.6583820133646143 0.6769081191090242
v -6.8750000000000000 25.2244148300000006 8.4787139899999993
vn 0.8194310688309278 -0.5545713163534181 -0.1448564065295024
v -10.7749996199999991 13.3999996199999991 -1.6399999900000000
vn -0.1402953792618918 0.9590384311170286 0.2460944822590510
v -10.7749996164406987 13.9366621565136981 1.5309230409299981
vn -0.6841357178890051 -0.6113653096958180 0.3977320424721048
v -10.7749996213567858 14.4796850001187352 0.6073059081934437
vn 0.7313067386826685 -0.3447412327579637 -0.5885099288829705
v -10.7749996199999991 15.3999996199999991 -3.6400001000000000
vn 0.8191845470802521 -0.4949788793061655 0.2897112128753986
v -10.7749996199999991 13.3999996199999991 6.3000001900000004
vn -0.9935374757401123 -0.1071329716509302 -0.0374941420118744
v -10.7725924907032287 14.8479528983319096 2.5945835820602623
vn 0.9999997703023128 0.0006660753547112 0.0001254549450667
v -10.7746220528576764 17.5205770530270755 7.5189309455869386
vn 0.9782954016656987 -0.0516298487404282 0.2006800084681821
v -10.7749996193942614 15.9811295824011363 1.8479480550611569
vn 0.8195524801616926 -0.1448069004198045 0.5544048104513769
v -10.7749996199999991 16.3999996199999991 9.3000001900000004
vn 0.9999999478190287 0.0002641742748558 -0.0001859405610196
v -10.7765746926243704 19.5215242017935431 7.5252011850126372
vn 0.5815224664304626 0.2055992453558621 -0.7871217004667902
v -10.7749996199999991 27.6000003800000009 -3.6400001000000000
vn 0.8906947681808424 0.2502652133783868 -0.3795130470852694
v -10.7750020946463234 15.6777330670459794 0.6324919136106519
vn 0.9272289840350916 0.3738063571520920 -0.0226984254505546
v -10.7749996201737197 27.2732182913881367 0.7231914162210239
vn 0.8276326617872006 0.4991423128249494 -0.2566731943362869
v -10.7749996199999991 29.6000003800000009 -1.6399999900000000
vn 0.9783801942297706 -0.0309951337919609 -0.2044785984403625
v -10.7749604130992971 26.9653609656737281 1.6824478796603153
vn 0.9999999216578981 -0.0000619769225704 -0.0003909514790439
v -10.7757644583866679 21.4520981432611748 7.4407160355362629
vn -0.9970825778775902 -0.0330578700036304 -0.0688005096187673
v -11.1492736420472731 28.4907846272949250 0.5656866542096088
vn 0.9999999922069190 -0.0001032193693120 -0.0000702276572728
v -10.7762760766280792 23.5103019581295740 7.5045863221768512
vn 0.8195324974711908 0.2896720755335452 0.4944254991853886
v -10.7749996199999991 26.6000003800000009 9.3000001900000004
vn 0.8194981654566313 0.5544747710028767 0.1448464191291015
v -10.7749996199999991 29.6000003800000009 6.3000001900000004
vn -0.0115648552501467 0.8875078968280915 0.4606473566523754
v -10.7751543384265140 29.0727246894880338 1.6157484781487659
vn -0.2943003575137419 -0.9483805291411325 -0.1181595172352579
v -10.7757336430750730 27.8479365761020503 2.5888540890798466
vn 0.9999999398712975 -0.0003458216057484 -0.0000257840663104
v -10.7748091699436230 25.5490121324754682 7.5324406280754799
vn -0.8190453626118731 -0.2895949818279066 0.4952771350305600
v -11.7749996199999991 16.3999996199999991 9.3000001900000004
vn -0.8194102673383732 -0.5545985671784728 0.1448697451645478
v -11.7749996199999991 13.3999996199999991 6.3000001900000004
vn -0.8193525024372267 -0.4947157050131076 -0.2896857745268802
v -11.7749996199999991 13.3999996199999991 -1.6399999900000000
vn -0.7312449829146178 -0.1723534000398738 -0.6599811212882498
v -11.7749996199999991 15.3999996199999991 -3.6400001000000000
vn -0.8194308375366278 0.2897125590081869 -0.4945702534998931
v -11.7749996199999991 27.6000003800000009 -3.6400001000000000
vn -0.8048662991627632 0.5868133995236138 -0.0885453251819497
v -11.7749996199999991 29.6000003800000009 -1.6399999900000000
vn -0.8193306800231419 0.4946985975446833 0.2897766974070538
v -11.7749996199999991 29.6000003800000009 6.3000001900000004
vn -0.8190361095081136 0.1448301643956627 0.5551613052104213
v -11.7749996199999991 26.6000003800000009 9.3000001900000004
vn -0.5723726228786485 0.6103888669939476 0.5475536609583223
v -11.7749996162789934 14.2273840276198857 0.8293572450689326
vn -0.8729104458298059 -0.4363217885341236 -0.2182902893204203
v -11.7749996199999991 19.0000000000000000 -0.5000000000000000
vn -0.8551316000535584 -0.3488499987368209 0.3834757162730924
v -11.7761456553386790 15.8256602422510912 0.7219385257286279
vn -0.7475279298950475 0.5665212603692393 -0.3467789722236248
v -11.7749996139038604 13.9915539065641905 1.8957937660998716
vn -0.9371044092882346 -0.1561951635117350 0.3121512405679195
v -11.7749996199999991 19.0000000000000000 3.5000000000000000
vn -0.8572297712451064 -0.2435698338963058 -0.4536858553082610
v -11.7749996103693544 15.3801035951998806 2.5443321324936750
vn -0.8728469004779726 0.2182043244820225 -0.4364918797679291
v -11.7749996199999991 24.0000000000000000 -0.5000000000000000
vn -0.9999998310220384 -0.0000650528678372 0.0005776885138366
v -11.7784508090267774 19.4915593076885436 7.5385810528385164
vn -0.9999997404130184 -0.0006602090142877 -0.0002886138472942
v -11.7753603071316988 17.5279715517877257 7.5056356213804030
vn -0.8416824768890679 0.3039788464147198 0.4462818269101489
v -11.7749996312749623 27.6088636492326707 0.5033940899651667
vn -0.9370655426768448 0.3124023091491978 0.1559261554903457
v -11.7749996199999991 24.0000000000000000 3.5000000000000000
vn -0.7320103531993196 0.6731140545529744 0.1052535622782556
v -11.7753553976526106 26.9377533311736883 1.4514135574062561
vn -0.8307604523192720 0.3167237813277177 -0.4577369519754231
v -11.7749996195105702 27.4329212944504128 2.3941806096694793
vn -0.9999998739135569 0.0001123757784228 0.0004894328909186
v -11.7783897664694504 23.4950674430577742 7.5149293281839373
vn -0.9999992503617560 0.0000491893684798 0.0012234608011673
v -11.7758849890648509 21.4301260128002902 7.4269472521801640
vn -0.9999997629111260 0.0006312893920105 -0.0002750479871231
v -11.7752781873543881 25.5657243368618055 7.5334197804044969
vn -0.6641880031755980 -0.6211665336836192 -0.4159404210570177
v -11.7761437199953605 28.8458465762675225 2.2088850250637968
vn -0.4082482904638631 0.4082482904638631 0.8164965809277261
v -13.4750003800000009 24.0000000000000000 3.5000000000000000
vn -0.6666666666666666 -0.6666666666666666 0.3333333333333333
v -13.4750003800000009 19.0000000000000000 3.5000000000000000
vn -0.6666666666666666 0.6666666666666666 -0.3333333333333333
v -13.4750003800000009 24.0000000000000000 -0.5000000000000000
vn -0.4082482904638631 -0.4082482904638631 -0.8164965809277261
v -13.4750003800000009 19.0000000000000000 -0.5000000000000000
vn -0.4507188667762032 -0.8019806225654590 0.3920198772530472
v -27.1855423302762986 27.9745070426056621 0.6899378066708240
vn -0.9232922728753760 0.3231429239762985 -0.2076295487946511
v -29.0602912319678346 26.6823204508481702 1.6598324268978608
vn 0.9319286203548076 0.2981803378061589 0.2063916972879238
v -26.5881424719086006 25.0324979495049860 -3.3900351187714293
vn -0.0492957356803876 0.8962577311821553 -0.4407856732471514
v -27.8998158961588061 24.9447915725595912 -2.2746587969820240
vn -0.0527325358728894 -0.0363701154294928 0.9979461380074878
v -28.0918305927285168 25.5771304688646737 -3.6993387824815120
vn -0.9202391001821258 0.3568615594649830 0.1606543677346244
v -29.0701012827493770 24.8482389021010448 -3.0390810905559902
vn -0.8486406033480148 -0.4512689759004248 0.2759808648056955
v -29.0511875730376303 26.5375816166301277 -3.2053061461861496
vn 0.9551728746704169 0.2945225360530310 0.0300209135561033
v -26.6108444151093586 20.9436803582680220 -4.9581057703114730
vn 0.0034556051844505 0.9995000463016975 -0.0314279530945552
v -28.0101061492257202 16.2547509322302268 -2.7417134069506131
vn 0.0279722890416424 0.3164331619486891 0.9482023017610354
v -28.2569024478544151 17.1746678998869804 -3.6920221644174700
vn -0.9227696084787427 -0.2620590468658768 0.2825266458650159
v -29.0558422863855697 18.0247931503916519 -3.2616229098915017
vn 0.8967351863278922 0.4008714762616886 -0.1875315043432838
v -26.5771996389983727 16.6675875881957083 6.3206269611841988
vn 0.0760245947215812 -0.7707369847591741 0.6326015818204661
v -27.5121653461005131 17.9740367255501141 5.2058535435138662
vn -0.0804177853164490 0.7157399119758604 -0.6937213837050039
v -27.2914696554712641 16.6245363009801004 6.4872030454975702
vn -0.2098054900355793 0.0830380279702368 0.9742106252047061
v -27.5495003921608266 21.3316210360039840 6.6308880067662566
vn 0.9710070960741427 -0.0637355255993311 0.2303974872915018
v -26.5877722882195755 22.2148025628812640 7.1572964864974145
vn -0.9236317379289758 -0.3727614931275646 -0.0891811747601949
v -29.0609954784432425 22.4109651118075170 7.4789534943590299
vn 0.5900390992866767 -0.2932283675995715 0.7522439669069192
v -28.4724117406522232 26.0908407843791288 5.1530724138119144
vn 0.2398939427836874 0.9707644970662724 -0.0081967951886115
v -26.7721196792940610 29.5166648005947110 1.4935584747999859
vn 0.5769693736034874 -0.1103065716857102 -0.8092828937809970
v -26.6546214251213165 20.3311386761721096 -6.5646342283913937
vn 0.2405707383674020 -0.9334772724764158 -0.2659810173891262
v -26.7746663054422811 13.9217008111133556 -1.2200152643316806
vn -0.6196848232450127 -0.7837214990478975 0.0420871924688908
v -29.0230802307118267 13.3586155516383833 1.7022357272482371
vn 0.8590504572681021 -0.5116162231120359 0.0167675912414425
v -26.6136565059149817 13.4678134547177439 2.0786632648743626
vn -0.7239419371051403 -0.5738864550169879 0.3828347012073118
v -29.0420634243511806 14.7536615414705334 5.8956621313590665
vn -0.9073220600277115 -0.2170615135508730 0.3600707968192843
v -29.0595604883930676 17.3653065689665631 8.3768064702749161
vn 0.4576348582745914 -0.4909844783967123 0.7412857603282980
v -26.6561573085867209 16.5949644478471896 8.0289465590475029
vn -0.7952853775846371 -0.1287905920131647 0.5923969544224210
v -29.0473940484891280 20.7022211787493617 9.5424327591373448
vn -0.7367754050245962 0.2364619375143408 0.6334412006317607
v -29.0592192385251415 24.4947322167928334 8.9406598195386504
vn 0.0723884413408549 0.5062030541578071 0.8593709219664986
v -27.4003383622589425 25.4554873662713952 8.5646317006535924
vn 0.1955305288550354 0.7899846115797809 0.5811128339254028
v -26.8448182232825587 28.0123446786289207 6.4385922424555524
vn -0.2375000794007718 0.9482935989005160 0.2105539421833141
v -28.8678773437097931 29.4922518854763673 2.6717480862536234
vn 0.8560316834420049 0.4989088350211289 0.1352764993681730
v -26.5875266668698949 29.2053507422491307 3.6821167923057088
vn -0.7043128465297998 0.6907604230703345 -0.1636870554832698
v -29.0646738868468155 29.3409869990874483 -0.2501824334418151
vn -0.8655722645899989 0.3881036548582493 0.3164809755075488
v -29.0497175957812708 28.0876668547972770 6.1146444318956590
vn -0.9040209072800858 0.3266161279328404 -0.2758044672855192
v -29.0653365768367742 27.9022592953309996 -3.4085829391044955
vn -0.7403332045217142 0.2199735694224724 -0.6352309619643443
v -29.0506730859418454 23.8775926040908608 -6.2710709067529802
vn 0.8032919883773657 0.5610301182481604 0.1999179527386006
v -29.0592827644305842 21.2306754125140209 -3.6412853448691074
vn -0.8139144259017090 -0.2194058113600404 -0.5379631932117044
v -29.0398492822129199 18.5372788741010694 -6.0385886568954108
vn -0.9999019487542538 -0.0000415942615151 0.0140032548846011
v -29.0670296115362667 21.4834219237172483 -1.6036992862266184
vn -0.9998702274236095 -0.0129741863858376 0.0095498062537805
v -29.0475278221855362 23.8399971823272310 -0.2765106575317573
vn -0.7139341541650452 -0.5157760403322401 -0.4735748090173683
v -29.0488749710120651 15.5068691883688992 -3.8210522560495384
vn -0.9977215607198845 0.0359519660841277 -0.0570889079363365
v -29.0380160398357816 25.8142005119128548 5.5990576955802771
vn -0.8132900752927040 -0.5276951017281516 -0.2451471660911126
v -29.0602102655500296 14.3567133853688880 -2.0763913135913423
vn -0.9463973283930023 0.3030115282876743 0.1118754241795576
v -29.0487632516565384 14.9020115146406429 0.9913999286588375
vn -0.9855259895339011 -0.1240454145921290 -0.1155476484913986
v -29.0479808197742564 15.7447739116492134 2.3121856563405099
vn -0.9999094473919008 0.0133998397540658 0.0012414954647480
v -29.0280824611455124 18.4745083892159236 1.6371213316801532
vn -0.9998745556047525 -0.0013087259171208 -0.0157848120252598
v -29.0312243752634558 21.1619007957579868 4.6188229202448161
vn -0.9998667476819167 -0.0148702265168785 -0.0067352240736942
v -29.0542807424397473 23.8797685101274197 3.5797648549970535
vn -0.6064374497327170 0.3257502445025411 -0.7253415731696433
v -28.9821039179347650 20.8620310185527167 2.8544912791794128
vn -0.7118205250760740 0.2131828383745943 0.6692268804396414
v -28.9942405320269856 21.0950129641370872 0.1777986931370944
vn -0.8242159786702766 -0.5601454329223622 -0.0830970184833227
v -28.9750003338013151 22.8702304506245149 2.0246933648830989
vn 0.9414704093391976 0.3304935507137192 -0.0663888640912174
v -28.2749996733627498 20.1805644404879416 1.8243786594817324
vn 0.9391137576640818 0.1202765788140545 -0.3218678218692183
v -28.2749996300844444 21.1524014791427959 2.8193793563309169
vn 0.9510829851889607 -0.2461158115718800 0.1867301865750954
v -28.2581379136085786 22.7593177779476363 0.8571552065183293
vn 0.6512439932927965 -0.4716159265628122 -0.5945247505464782
v -28.2730659047830351 22.7155592284247270 3.5706668387488074
vn 0.8420706282129745 -0.1843607889983887 -0.5068808110205972
v -28.2749998206597901 23.4547026594966184 3.1079114935560601
vn 0.4679182981611811 -0.8836889548957370 -0.0120953396489883
v -28.2707289237029471 23.7322368763053788 1.5394371313940278
vn 0.5424075271765311 0.4671961589571752 -0.6982276301593218
v -28.2591663328631100 20.3441781953236251 3.5356238068749657
vn 0.5519042093438929 0.0865933442057584 -0.8293993829559770
v -28.2631450928824499 21.5505954958639450 3.8995706131573358
vn 0.5730765167612242 -0.7311659941385225 0.3701075451166170
v -28.2721155245666829 23.6989407655858884 0.6101089180781694
vn 0.7001080929834332 0.5126311312925691 -0.4970492745883462
v -28.2749613173373788 19.9173748811748119 3.0904461156882359
vn 0.5579177413391342 0.7616598274924372 -0.3295483289037133
v -28.2730237739869565 19.4997937786497957 2.6029315891602596
vn 0.5814424420429720 -0.3174276778824692 0.7491090413986794
v -28.2687621786404435 22.3753409159833261 -0.5939507758145216
vn 0.5846262711062713 0.8032857950382174 -0.1137719412781357
v -28.2869414219836557 19.2650336955155126 1.7696874400920535
vn 0.6061528583713081 0.1554254223715734 0.7800138783181432
v -28.2847887917545791 21.4004960032882110 -0.7728367322588352
vn 0.3403947566201216 0.6206139486530143 0.7063778991466549
v -28.2723290281975963 19.7836980498614992 -0.1958320998160837
vn 0.7140075158596949 0.2754868591572828 0.6436616018744035
v -28.2627718268982981 20.5712315812088882 -0.1485668267476985
vn 0.7294979915824900 0.6209944068201331 0.2867030292397076
v -28.2507171774021408 19.4865224988577204 0.6300280187405243
vn 0.7150831690546028 -0.4263886486770228 0.5539393302647945
v -25.1137903100803932 22.8483213569868973 -0.4345125354329670
vn 0.5820665051392359 -0.6183256949109466 -0.5280832496944877
v -25.0950583634703861 23.6050851986709631 2.6484614131035924
vn 0.8518070563026595 0.5066641223109869 -0.1331022388836314
v -25.1133911193590613 25.0516977318144782 0.8722126834032001
vn 0.8633186835068868 -0.0173153392988764 0.5043620026656456
v -25.0800226399222268 20.8434461629691938 4.9952112472444350
vn 0.7144831291765453 -0.0779756151814738 0.6952939389633442
v -25.0079871246941003 21.6090173042562448 -0.7884585969546082
vn 0.5312399872342799 0.8151871500603750 -0.2307682524520345
v -25.1918864541994232 19.3720555929124707 1.9202644552588046
vn 0.6033164576416209 0.3309372035637005 0.7255961819333148
v -25.0963213552130107 20.6223584905714787 -0.6549471529815927
vn 0.7302433645521901 0.6651038547263213 0.1561457362712337
v -25.0692058199580181 19.0471895021637287 1.0205606032446355
vn 0.5961359398009654 0.3738558686304703 0.7105305980520307
v -25.1473000094848906 20.0983216289915809 -0.2255526228766024
vn 0.9250110035531288 -0.2347633110784592 -0.2987320389196849
v -25.1098286572940488 19.6559433270340129 -1.6248043485712280
vn 0.9222331683308084 -0.3862848404717975 -0.0164318365436464
v -25.1234820584647807 17.9191754457355295 1.6364047088217930
vn 0.8110912006022774 -0.4540626664758742 0.3687250455534248
v -25.1189766117235251 18.9340265426385379 3.9054487696177822
vn 0.8380550773739532 0.4215244671610300 0.3463824632863896
v -25.1310761185151001 24.2896781912459403 3.7294086049717783
vn 0.7712332062086180 0.2731779079013366 -0.5749549306474590
v -25.1052226631465984 23.0440189423265345 -1.7197512571222788
vn 0.7418725328402968 0.2927983244231269 0.6032365093660462
v -26.5347974627563445 23.0938629498319727 4.7333451915866780
vn 0.8119543461778567 -0.2644488338693659 0.5203815465483204
v -26.5776438107973725 20.2869525698382027 4.9919951762345907
vn 0.8059038760885785 -0.5907784142430490 -0.0387273517022998
v -26.5681597255004647 17.7758447921989315 1.1150053393376895
vn 0.8765058169009190 -0.0685887568232568 -0.4764799422602097
v -26.5751291714654769 21.0392655901516186 -2.2265024294203810
vn 0.7050356589188748 0.5441086348939898 -0.4548302024784930
v -26.5750007398427819 24.0997462678699357 -0.9322032692375587
vn 0.8109153506890427 0.5770307284184002 0.0972205352680042
v -26.5729000754568467 25.1496427944371987 1.9474674894606907
vn 0.8961915667446526 0.2454064120655716 0.3696165156116102
v -26.5748717159929733 26.1830324934042658 7.8786117654199685
vn 0.9780182690476519 -0.1265537286462805 0.1657239245696237
v -26.5790804150835953 26.1822101068215183 5.2619517003639595
vn 0.8387152410976306 0.5315733313980388 -0.1182646933659163
v -26.5838872338117618 29.2699424590633761 -0.4262627090081612
vn 0.7695706253047579 0.0476812942483684 0.6367790408350801
v -26.5966989488473757 21.2536014437695187 9.5952943673223583
vn 0.4466624319995491 0.6913545400081427 -0.5679098272176469
v -26.6233535743906344 27.8816238792519435 -3.5026077235332780
vn 0.8595939844465671 -0.4692828137577527 0.2021678080577647
v -26.5922109063965451 14.2951913051777364 4.9882269466360345
vn 0.8999681198881158 -0.3641209026547940 -0.2397360036267145
v -26.6021502169815598 16.2269586525944582 2.1129222874517262
vn 0.9112906233969787 -0.2912891898747407 -0.2910326572240017
v -26.6164651266240426 21.7100803386428147 -3.6394230034977442
vn 0.9337264532109175 0.1338643516538795 -0.3320169362102585
v -26.5771204341359883 24.4363260344479407 -5.9846051552506463
vn 0.7532436234517054 -0.5629265225986652 -0.3402025483213199
v -26.5749366785671555 14.6292059494715012 -2.6497667452827076
vn 0.8146712586913689 -0.3065426667420059 -0.4922827782168702
v -26.6218201264432039 15.9935498244141296 -4.2345920554150860
vn -0.0342056228447075 0.9478750178297123 -0.3168010826056759
v -27.3091115627653416 24.9478784278204664 6.2686942092778883
vn 0.0929682929478663 -0.7822214428807831 -0.6160247647650746
v -27.7815749322278513 26.3668392024664229 6.4935725051304516
vn -0.0063808188900123 0.7076771939853908 0.7065070942766650
v -27.6425432273051364 25.0949361973587486 5.0369205943424600
vn -0.3995610618685035 0.9039048998057025 -0.1526659423242687
v -27.4321984785205544 20.6520430476150949 7.8180236012033708
vn 0.9678919449361588 -0.0511207463490841 -0.2461134945922557
v -26.6413973603775851 21.3213724804803419 8.0872408033886529
vn -0.0742287005969577 -0.9745779542456898 -0.2113951539320935
v -28.0470282681908571 22.4361113268776151 7.5443361411387082
vn -0.9135561993518145 0.1951679690447039 0.3568256359692130
v -29.0642177854937032 21.2988468637012502 6.7325179101998307
vn -0.5731128311327133 -0.0450713079182170 -0.8182360661774738
v -28.7582540717306578 21.3419544669528456 8.4450615513957050
vn -0.4463762626218485 -0.4639341762092063 -0.7651884162171011
v -27.0319958984578008 17.9639767075000591 6.4303985204695460
vn 0.9471999019158001 -0.0814043440765601 0.3101381604642741
v -26.5890843600519950 17.2055707302518641 4.9032483082853000
vn -0.0709539113511172 0.7937538567395546 0.6040863823784314
v -27.2894460249243167 16.6897391758349194 5.0805376922857173
vn -0.8251062262307298 0.4766806466168882 -0.3032742596663773
v -29.0606117604923071 16.5163468627360430 6.2686001360847383
vn -0.9134949910549995 -0.0075428169611525 0.4067800477281509
v -29.0538880304646128 17.0425814811045022 4.9137558709186830
vn -0.9133812439520440 -0.3494462303651367 -0.2088588884395689
v -29.0112713486360683 17.4963150486254087 6.7403926090885156
vn 0.9276790964307391 0.0653359773071957 0.3676176058280684
v -26.5918834373201882 15.3347527785731828 0.6078818494893137
vn 0.7904524338130762 0.5350534188616172 -0.2981657070212457
v -26.6565290712046483 14.6611444073782202 2.0766914242373899
vn 0.2380369339069409 -0.7995010804774741 0.5514856665513020
v -27.8991506311182498 16.1866097839348839 0.8952147754181224
vn 0.1249714712086514 0.8939951186494823 0.4302962458758419
v -27.6275074714239182 14.5866591912862553 1.1864525916544757
vn 0.2349955022184155 0.2851589300242875 -0.9292262902891405
v -27.7132199464533890 15.2224924530104637 2.4325694103934965
vn 0.9229473676942409 0.1033614905242850 -0.3707891027833341
v -26.6490071100188644 17.2327192356983936 -1.9698537764794632
vn 0.8356518976330966 -0.4555809351255166 0.3068092526837556
v -26.6593732661262237 17.9102060470897939 -3.1848532217438210
vn -0.8934534406328669 -0.1315155672060653 -0.4294701444847582
v -29.0316046142885007 17.6491588549574629 -1.9459999247536368
vn -0.8197199131919219 0.5273164372281783 0.2235992820775791
v -29.0383527105280095 16.3119603394180253 -2.8138357687993412
vn -0.2913716533051439 -0.5212691011829631 0.8021103937751541
v -27.3125906729715133 22.2919294479035770 -4.9836993862989667
vn 0.3522569178852207 0.5612331546872557 0.7489542108045030
v -28.3130074572721995 20.5397995648340377 -4.7406879263222903
vn -0.9189081447218915 -0.3847605814490447 0.0869891747676922
v -29.0168788724864264 22.2314567727267622 -4.8321662001710699
vn -0.0492794360829198 -0.7969201469115661 -0.6020712720482495
v -27.7373086355220728 26.4825023624362075 -2.4816495029336765
vn -0.9283550642292877 0.0132904994161202 -0.3714569118284180
v -29.0759383809141703 25.3970449439283392 -1.8637435448342192
vn 0.9355117199530785 -0.3387756615713271 0.1002440669433486
v -26.6301302860319282 26.5083010625019782 -2.6109764022212252
vn 0.8872347115284251 0.1118987900845493 -0.4475413136646561
v -26.6340745074286076 25.2200193864141937 -1.9872554628698096
vn 0.9588275020147795 0.2732033876542717 0.0775224506470720
v -26.5945317522528093 26.8581748932823707 1.6143406244311713
vn -0.9221413389854596 0.1016924791732546 0.3732478943191788
v -29.0183968373846106 27.4561337350765520 0.7088570852274302
vn -0.8368767107007502 -0.5139797879938370 -0.1883139628930978
v -28.9807129304986368 28.2854912665361624 1.9567368240817826
vn -0.3244943288402921 -0.2978829868717883 -0.8977578496915695
v -27.5200179804006240 27.6727044984804920 2.4290254978585062
vn 0.5170131435897728 0.7240341966204791 0.4565872222035549
v -25.1740712180344666 19.6617669034189397 0.3591520442315232
vn 0.6929994502521610 0.6030271958456762 -0.3951075334901916
v -25.1110086524851113 19.5439051434029452 2.6481658548995655
vn 0.5280936524846180 0.5895293649434821 -0.6112055481380958
v -25.1718685150253094 19.9954514224227147 3.0750843455578041
vn 0.6854299083405236 0.2844625290450213 -0.6702737577450067
v -25.1409484754330563 20.5415304911004704 3.5239008456015153
vn 0.5444859092576220 -0.0555267974380854 -0.8369300265769957
v -25.1331668044777601 21.6114842591733591 3.8289926358857360
vn 0.7913957808495122 -0.4622600749604859 -0.4000104263030114
v -25.0679641317983339 22.8017192842515790 3.6600283207497175
vn 0.5157209242386391 -0.5392851339429514 -0.6657352871904694
v -28.1679039914407880 22.7338797450128460 2.7702709112881689
vn 0.8494133947121990 -0.5277195909867306 0.0029863309086159
v -25.1013973333477232 23.8508026544426883 1.6008499895435133
vn 0.5363327270460195 -0.8101786218110754 0.2365540248224207
v -25.1802324928167813 23.5946248469968758 0.8261659550260051
vn -0.7774730696425274 -0.3513371437120466 -0.5216299813362787
v -10.7749996157746448 27.0967193678799241 0.0757220386124632
vn -0.8466548847083150 -0.5319672560714268 -0.0136508119680490
v -10.7858361213886198 26.2978372781270480 1.7656887056744643
vn -0.4013813649935412 0.3120093863863235 -0.8611289930334199
v -10.7749996158204180 28.6105451652565144 -0.0188104005446210
vn -0.6032806251992983 -0.2910881711513767 0.7425093695536042
v -10.7749996477590368 27.6564869373719340 3.1297968273710461
vn -0.6459271406055408 0.7494221217146857 -0.1454118719837156
v -10.7832148167451400 29.7072041818720471 1.3007239961379349
vn -0.7362128700301295 0.4148007979225963 0.5347250770674378
v -10.7749996158132522 29.0450840419723733 2.7665144529065273
vn 0.7719843778504887 -0.5571884708751048 0.3059103271853637
v -6.7711300929891705 26.3949261332561846 2.1444597536048082
vn 0.6815402590551730 -0.3954350951017803 -0.6157385491008773
v -6.7820017012553722 27.1735924589795950 -0.0559698223711020
vn 0.7542771380864214 0.4581117162732762 -0.4703186732135044
v -6.7750001033281473 29.1054661404837098 0.2262549688193740
vn 0.6235609264982090 0.7261207770836482 0.2896901586732519
v -6.7616978959006317 29.6240698813200645 2.0861053164873997
vn 0.7567271444333291 0.0654153643543411 0.6504497359398098
v -6.7750001102858821 28.0138912490511593 3.1792122075186202
vn 0.7978499963470678 0.4771653032542867 0.3684408455902093
v -6.7698949759606233 27.1896807339700857 1.1138712968479718
vn 0.7846604296900886 -0.3696297210249886 0.4976764806714845
v -6.7750001111602476 28.3438560823929251 0.7028098507415451
vn 0.7868911427752664 0.3622455444259922 -0.4995803188330700
v -6.7750000824446355 27.6930263873619538 2.3221196183326418
vn 0.8620586708060993 -0.4064350733288513 -0.3027629093138599
v -6.7706667090584727 28.8079880154254262 1.8782313853854555
vn 0.4064226799900815 -0.0434406648579470 -0.9126519127391227
v -11.7749996007983544 27.8166357829194553 2.3352102195807301
vn 0.6633867033683912 0.7471785717308126 -0.0405248533658174
v -11.7751821057893533 27.1260546381363739 1.3635579609719957
vn 0.4014785333113224 0.0282134967466961 0.9154337692545067
v -11.7749996309275939 28.1871043986645802 0.6802486622253241
vn 0.6617105926945342 -0.7485105619380609 0.0432554064021660
v -11.7748025027408119 28.8841033675123420 1.6200996032915591
vn -0.4051335237325903 0.5295132215528009 -0.7453070348177248
v -13.7718890152551339 28.7678865663953225 0.6908370909872855
vn -0.6352437555118122 -0.6309283804196504 -0.4454152555360962
v -13.7749996267490769 27.1738368771999390 0.8298808163588278
vn -0.3761162070073477 -0.7808885960730328 0.4987480319254340
v -13.7749996158370536 27.0384548619904450 1.8682654585281373
vn -0.7063560491339779 0.3426146982359046 0.6194160963395748
v -13.7775864039456390 28.2310961812999430 2.5896924410309508
vn -0.6572878734418660 -0.7480201011430871 0.0918617423749147
v -9.6329320671960730 26.9242731105773210 1.7339270785723071
vn -0.4680131629268823 0.6074570701019046 -0.6418407803422786
v -9.7870326910653009 28.1228951909209073 0.4962401507057261
vn -0.1219044566144772 0.9820680258548578 0.1438113210114951
v -9.0875548725845956 28.8211827448643731 1.7666943710198200
vn 0.2394530810797796 -0.0017164397233577 0.9709064196904235
v -7.1884076909443495 28.0926697442654429 2.4669250180142748
vn -0.6754772723486837 0.4493889781868355 0.5846195351034500
v -9.7329637535240572 28.7012016484671904 2.1440486186539767
vn -0.1737582905201692 -0.4858996745361447 -0.8565684810691887
v -8.8422998541498803 27.4331318059942362 0.5374469492698098
vn -0.0471533102595216 0.7461575652532498 -0.6640974726249993
v -7.8592720948079080 29.0596864028893762 1.2239189219565254
vn 0.1254940089143438 -0.9712358340856833 -0.2023665197469526
v -8.1237258208831307 27.0898826768881911 1.3657501067803366
vn -0.2503496804943859 -0.4800185977480045 -0.8407777252594162
v -7.2035332132263168 27.2691459243087735 0.7426292300964192
vn 0.2116320463710916 0.9700215750685817 -0.1194571925429870
v -6.9426459724879299 29.0086647625830345 1.1513619451734376
vn -0.6774169878716170 0.5958721617799992 0.4313265484045424
v -5.8837642527766505 29.5861391812227339 2.1290333047135870
vn -0.6695254246206463 0.1189152420289997 -0.7332086135607843
v -6.1970148721450178 28.2652562776390042 0.6113628371987866
vn -0.9384122286547121 -0.1499357649248147 0.3112904680643257
v -6.1522403496275659 27.5946424756031270 2.2992235820878708
vn 0.4662934105342130 -0.8675714983394884 0.1728876819248466
v -6.5104677159077777 26.9288205261003597 1.4650137688286669
vn -0.2927352177113534 -0.8680485061100772 0.4009961138858453
v -5.6333257391021823 26.3887996993820053 2.6648409330648195
vn -0.1751538782555356 -0.1459391819295739 0.9736646620422104
v -5.6148639390914621 27.5465948930389963 3.3750052350437962
vn 0.9825919788596688 0.0964000089359182 -0.1588081904619385
v -4.2098383950926648 28.6432868762785802 0.9996302951491588
vn 0.0395338922420681 0.9704971085067593 -0.2378496032038143
v -5.3788424656742508 29.8672789469607061 0.9029103002969222
vn -0.1055629375165336 0.2597899041889526 -0.9598779463579601
v -5.5320290986809066 28.4334854000120281 -0.4284613674300804
vn -0.1981624408622080 -0.7549070609280695 -0.6251775558931045
v -5.3602299997880456 26.5242244875630639 0.1560041751607612
vn 0.8358652059863018 0.3123495502268773 0.4514057109680215
v -4.5548666788009484 28.4698894611772388 2.9684835274387855
vn 0.9491041571701295 -0.0175002228669258 0.3144758194869454
v -4.8866342477161560 27.9993530914215363 1.4716380301192957
vn 0.8967961395927936 -0.3205940525475784 0.3049198869909654
v -4.3803262753707131 26.9607870079006346 1.5947739213845125
vn 0.0137499887475522 -0.4980144219416417 0.8670597288235538
v -9.0289572309091088 27.5556597517922341 2.3866246291638302
vn -0.7578566281362776 -0.4391819759285886 -0.4824650486919982
v -10.7934987210029369 13.9005158716769426 0.2219717821996617
vn -0.7476483427764535 -0.6497775952848408 0.1371533164362884
v -10.7749996075859844 13.3852853000654264 1.8545600441678658
vn -0.7522786325668565 0.2716671472953187 -0.6002281400132484
v -10.7749996158070758 15.5375436595739771 -0.0572822349033900
vn -0.7572412633696005 0.6500189004731927 -0.0637267453902436
v -10.7803432725069914 16.6616111835632594 1.3622316427515091
vn -0.6053757159295213 -0.2775123258667688 0.7459940693831525
v -10.7855733508282938 14.4853923420784874 3.1137185597966486
vn -0.7425570790631725 0.4167192802581420 0.5243605875676637
v -10.7749996158656920 15.8677100584791386 2.8677733047501439
vn 0.6004491981747668 -0.7643611769831253 -0.2349739379851535
v -6.7750001183542361 13.4002009169004506 1.1066494897037429
vn 0.7614101568881436 -0.0946885136870280 -0.6413179074088875
v -6.7780267297236385 14.7592091297018104 -0.2220994843147069
vn 0.7393982830531802 0.5492717406188949 -0.3893465474041068
v -6.7750001032897575 16.4311079995690044 0.7053430222834003
vn 0.5895720980617699 0.7416780315396472 0.3198725351112799
v -6.7750001033059579 16.5713881676202810 2.0135710524452617
vn 0.7489407002647533 0.1157090950199180 0.6524563072088525
v -6.7723286259039233 15.2739767196495482 3.1872065379124961
vn 0.7396422385229441 -0.5136882419041212 0.4348031153547791
v -6.7750001033145830 13.7064032390421371 2.5492118479593668
vn 0.8818246296761484 0.4349960335515031 0.1821092345022174
v -6.7772296500807965 14.3479987723532627 0.8538561410688706
vn 0.7518647645785027 -0.3856548389859617 0.5347613682307509
v -6.7750001047850601 15.4818019273183971 0.8413247834410358
vn 0.9205151567428638 0.1764055300319616 -0.3486157414414954
v -6.7692052161550365 14.6579792972800504 2.2578431419457332
vn 0.8659403963137559 -0.3932744881309844 -0.3090022767186148
v -6.7754976471525206 15.8311798497207743 1.7491135735329255
vn 0.4350167182424912 0.4363569305600678 -0.7876249640544217
v -11.7735458899543506 14.6042549880658559 2.2894387262201517
vn 0.5036995346968437 0.1803813319071823 0.8448368800221580
v -11.7785609781026075 14.6887827535889706 0.6435178240664002
vn 0.4623265578589979 -0.8790573084047860 0.1162428597307543
v -11.7768644411934922 15.8675343108186002 1.5726818165756551
vn -0.4378715228989928 0.8829453174163914 -0.1693401780044679
v -13.7764888873986457 16.0735378314279025 1.4092074925535478
vn -0.6718718164899756 -0.0886315474805134 -0.7353453005205581
v -13.7805398510072781 14.6887608034962351 0.4821066745538194
vn -0.3339218547445259 -0.9318253997830879 0.1421183283150491
v -13.7749996233182141 13.9165006099478106 1.7473027722507866
vn -0.6519484363089915 0.2452125392146976 0.7175193704745130
v -13.7749996154511543 15.1598324461314071 2.5604002874397449
vn -0.5796019767324684 -0.0649306194465677 -0.8123087856388729
v -9.6815598022068929 14.8925487820156466 0.6000603734989808
vn 0.0413462006047403 0.1970474121062665 0.9795217246584048
v -8.4244379592421748 15.3438565141708239 2.4896899392774325
vn -0.0738436882967568 -0.8460334065750698 0.5279910838808874
v -7.2477108437759501 14.2382166164488577 2.0332185467680470
vn -0.4114816146936891 -0.0785904375707364 -0.9080233608732292
v -6.8592325040245576 14.8257735481007558 0.5184261024857296
vn -0.6070607514444579 0.4452447068339001 0.6582054353255405
v -6.6791129467980763 15.6261548595384347 2.3459356716615116
vn -0.3725381246474851 -0.9023018310428769 0.2169487298437273
v -8.6682766898452446 13.9542338197249229 1.4027827960195185
vn -0.7639775644018136 0.3909656675324557 0.5133070503135273
v -9.5222097149837523 15.6997220614676483 1.9551791634226230
vn 0.0771411852634085 -0.4841810530272662 -0.8715606378362689
v -8.2212373960450709 14.6405576200904264 0.5976681433628870
vn 0.0636217730667269 0.9432878476286872 -0.3258225076753976
v -7.9280677379640920 15.8525369040282822 0.9452452700076750
vn -0.5148138179251307 0.8535893913280808 -0.0796987069249381
v -5.9666354685380183 16.6016188036114194 1.5470704929314927
vn -0.4803258961589142 -0.2887174563702122 -0.8282084664299505
v -5.8819833305734832 14.3022565703657154 -0.0087691718187638
vn -0.4371364855446176 -0.8728536912530606 0.2168827486721964
v -6.0467418357993585 13.5329563578609608 1.7363811666093860
vn 0.4007665953508955 0.4086862192776874 -0.8199766522428316
v -5.4154093701240518 15.9999191079815919 -0.2088210515942225
vn -0.2870431291391380 0.2277019353094872 0.9304612139526969
v -5.8859746922667711 15.1035533768979473 3.3202560830020666
vn 0.9663998916972508 0.0522552604772683 -0.2516756584971911
v -4.5386129644121223 14.9384064101317531 1.0383388710705423
vn 0.6001015452511095 -0.6198393225186365 -0.5056454782225076
v -4.7467180007249663 13.5393512925135209 0.5714501501291742
vn 0.7445729746929466 -0.4227550793804951 0.5166132288423209
v -4.5672902894044176 14.1117874514358324 2.8973525949966272
vn 0.6941627227127033 0.6849564393638725 0.2212979678398612
v -4.6151167362527419 16.5641798858778664 1.8460872063184772
vn -0.8256621463469399 -0.5462929171662082 0.1408760758390112
v -3.0706774395458449 24.0569928223481355 0.7604968113640524
vn -0.6206823776495860 -0.0582019227281243 0.7818989207474368
v -3.0711822725770492 21.5319637909758654 -1.1519015595578361
vn 0.8652270459233337 -0.0451368305494263 0.4993443957137536
v -0.5667549196203777 21.5422195751103835 -1.0394126211648662
vn 0.5876586201856682 0.4375608004579006 0.6805864324419917
v -0.6151436847945136 20.0399023567046726 -0.6214361266418333
vn 0.7865665964894443 0.6022466787159063 0.1364255374285602
v -0.5830591686144203 19.0480095697847460 0.8218671030598499
vn 0.8565573986008812 0.4799565005514086 -0.1896079652349464
v -0.5748625643899813 19.0651216097691574 2.3118512995355864
vn 0.7560009856788860 0.2669343003787835 -0.5976692972989681
v -0.6510515063775514 20.7737899417187855 4.1021267760923692
vn -0.7364203014696427 -0.0377972347780915 -0.6754676221896135
v -3.0737791771385088 21.5353398620760110 4.1843773547394560
vn 0.7259218123929624 -0.3591211011402055 -0.5865744258045715
v -0.5671783226664083 22.9634524382650653 3.5707446610014122
vn 0.5699697200507254 -0.7891842788878806 -0.2287415401310261
v -0.6154132745522358 23.9157862367693994 2.3473287385067199
vn -0.8231587274289823 -0.4506404838841397 -0.3454458911930588
v -3.0700267354685571 23.4487669626654167 3.1258015099386371
vn -0.8105803816055760 0.4789658638448943 0.3369735096821009
v -3.0686286794224111 19.4001365385694200 0.0170178481777921
vn -0.6271771246324008 0.7202959181571427 -0.2963488562893282
v -3.0687727221798102 18.9838849811017276 2.4162596913832410
vn -0.8125611997293326 -0.2897524916021124 0.5057546740315858
v -3.0750000277310616 19.3310717476307907 5.6466900494356684
vn -0.8185292261944191 -0.5495913823142737 0.1672101024204314
v -3.0796938539395309 16.8953811301337602 2.7400436352212392
vn -0.8761575739166361 0.0950918989650412 0.4725520462549462
v -3.0719819191826567 22.6601154467066941 6.1488750903498310
vn -0.5416760722144027 -0.7486012626774202 -0.3823390933558182
v -3.0750000158728730 17.3675756899851628 -0.6185626138206596
vn -0.3200844690721505 -0.4150710029887693 -0.8516231532413246
v -3.0750001120144956 19.2536709138944353 -2.6249273039106500
vn 0.2381489649567590 0.7325032380184044 0.6377492271908898
v -2.8960106112807056 24.8912322802263546 4.7315203562657491
vn -0.6201713088422112 0.7789274004214678 0.0930572542126255
v -3.0750000284413472 26.0696503998347922 2.3439422030859420
vn -0.6359930841520947 0.2410820164213235 -0.7330704319974550
v -3.0796413288259346 22.7795898743735634 -3.0832844558661643
vn -0.4760551607875294 0.7647210790718495 -0.4342501066329698
v -3.0750000266764421 25.7185180834436053 -0.6190462055653621
vn 0.8164084014603658 -0.4495935502603915 0.3624126951269603
v -2.4749999634639921 17.7323933391751893 4.2556535677324563
vn 0.8712271507692498 0.0109257762512169 0.4907584733611873
v -2.4608185955528370 21.1278752894130051 6.2713475308061435
vn 0.4412677202677042 0.8665005098498553 0.2333659475580879
v -2.4593809291127062 25.8487515800687682 2.0815778514172085
vn 0.2835748494075397 0.9137247244868928 -0.2910196430566895
v -2.4634512361621019 25.8393544394334427 0.4373369922895046
vn 0.3409932397582033 0.5405088367905221 -0.7691383541278911
v -2.4519967001498943 24.4591096854533525 -1.7130547084574961
vn 0.4491712436359765 -0.7397752998816085 -0.5009767455437293
v -2.4620785535127832 17.9361992259854084 -0.9192098716839392
vn 0.7091107563939499 -0.7015008107786681 -0.0711234675987568
v -2.4682922651232930 16.7501155203809660 1.2814524935386318
vn 0.7156247989897349 -0.4781428565523913 0.5091763503922985
v -2.4750003595294743 18.6608320198770130 4.3873759977720557
vn 0.5679160619307055 0.0041294471874816 0.8230761169339351
v -2.4838517430584166 21.2805098602429297 5.6356643033462079
vn 0.7178429244762315 -0.6830697566736662 0.1346003094245682
v -2.4750006314357242 17.5401049313338966 2.3910020614134515
vn 0.3232363104377257 -0.4234837998412657 -0.8462740447908166
v -2.4735799733158674 19.7157390485762249 -2.2727462246966690
vn 0.5089305892206527 0.6971590070438385 0.5049346237416962
v -2.4803885501785130 24.8119796983900507 4.0288514859149558
vn 0.4051767113521166 0.0159860730030844 -0.9140986150562879
v -2.4615231787442093 21.8323267392132898 -2.7732742997188797
vn 0.4418521729085500 -0.6295817623879714 -0.6390566968309218
v -0.6744177396115518 18.3429254073969794 -1.0356242620400922
vn 0.8146571977842981 -0.0266941230319802 -0.5793281228231446
v -0.6687150414233384 20.8141516555603552 -2.5825934881377464
vn 0.7420256547539530 -0.6641341209693655 -0.0912348455975872
v -0.6264510371722577 17.5157177731574230 0.7849322386180964
vn 0.8935584072774454 0.4188984398710625 0.1614852001187260
v -0.6536669735525592 25.2566850207753824 2.8076955797217606
vn 0.6018900851278353 0.7985552770786899 -0.0061477536209679
v -0.6616147906048643 25.5420683137416944 0.6495041862484766
vn 0.6739176622208266 0.4895006538076367 -0.5533751841822255
v -0.6208555998446206 23.6472149890980319 -1.9166555880797662
vn 0.7427562654849805 0.2949827167564887 0.6010809653430780
v -0.6683703931149342 23.5388902745009503 5.1171288043929568
vn 0.7650259384655860 -0.5974412170458278 0.2404148615407324
v -0.6526937781708912 18.0209389862061862 3.5077723180183771
vn 0.8912194229123294 -0.3353685439641293 0.3053782571552770
v -0.6415655556220183 23.6359902960019213 -0.0913718091479563
vn 0.9921775648745782 -0.1111569859091555 -0.0568137680773247
v -0.6430782059613801 19.4588960979764316 -0.6561569706400152
vn 0.7447646398625749 -0.2472734393087951 0.6198237470626379
v -0.6623677590751870 19.9348763234639463 5.2631602175257335
vn -0.8271793167659949 0.0234029370919530 0.5614505146938702
v -0.0653734252397005 -0.0585086029432637 -1.5656152842309445
vn -0.8806473097137545 0.4436540981242700 0.1662268242837698
v -0.0719401177612563 -1.5299347945732746 -0.4394430090697575
vn -0.7433190714234091 0.4166660015764259 -0.5233222727808883
v -0.0650417774588197 -1.0390164270085775 1.2254899532183265
vn -0.8870579203437481 -0.2311459141935845 -0.3996245892172259
v -0.0719732245220144 0.8304013448318102 1.3700501476864817
vn -0.8396846267414182 -0.5214462046854137 0.1517352405781292
v -0.0704668171531374 1.4774367002980384 -0.6859302900826915
vn -0.4906911978222317 0.2491907654396319 0.8349407828100109
v 0.1963832646609924 4.1846638747645475 5.1566147340024315
vn -0.9034111747427606 -0.4209978664940822 0.0812960377714450
v -0.0749999875379360 3.4004576746413520 4.2053323006131649
vn -0.1870783776471108 0.9737883421322104 0.1293752114754836
v -0.0657863459664458 6.7135180139247899 0.7435730843593917
vn -0.7717205300188460 0.5601060238189951 0.3012119944974081
v -0.0800041151270558 0.8906101758323411 6.1126894004136680
vn -0.6347082517058803 0.5039010849430664 -0.5858576036970636
v -0.0754347283168308 6.3674214064472832 -0.7339523229863502
vn -0.9409708295471590 0.1234222353533424 -0.3151838348673921
v -0.0758139892841787 4.0497943525473419 3.3717273587884460
vn -0.8135674104878846 0.3705872505101578 0.4480771790120084
v -0.1020430345277977 -3.7225321266018097 4.8543996413596737
vn -0.9423580414802262 -0.0252965462099537 -0.3336486271624689
v -0.0743431557367865 -0.2331046920468354 5.1511793841435756
vn -0.9392152878627484 0.1952294572417645 0.2824183104368068
v -0.0749999244682723 4.5991587302418750 -3.4190943714712909
vn -0.9378308708525018 -0.3225595846871039 0.1281739911312796
v -0.0758826892627330 5.0750455487777844 0.1975627390652282
vn -0.9594648232793233 0.2103334518853279 -0.1875822270567749
v -0.0750687444155228 -3.8341168738642990 3.4069132793635140
vn -0.5995256952716608 0.2667953588355872 -0.7545788078211724
v -0.0780539328251809 4.1821266472074399 -5.1289843075936474
vn -0.8674961297651521 -0.4930899312897792 0.0656717938168535
v -0.0749999241464716 3.3614810828233042 -4.0500514248484940
vn -0.9469367620010837 0.2577769393684112 0.1919943184074920
v -0.0742780975986491 0.6573094571351072 -5.5176201429311131
vn -0.9016332465187196 0.4323056730509842 -0.0130112958635729
v -0.0754928525629142 -5.1761072714329659 0.4162818150162247
vn -0.9140726731679201 -0.2039960245672242 0.3505093010583618
v -0.0749999814333323 -0.5899496274734077 -5.3815212571272095
vn -0.5668991384304070 -0.7764401546072555 -0.2752563408176524
v -0.0555627553274519 -6.2085742139585136 -2.5716622622677345
vn -0.9769048780339754 0.2111672306075683 0.0326383208966645
v -0.0755146821605142 -3.4624676524731317 -3.7639736684879050
vn 0.7338738126018796 0.0728023502618695 -0.6753732634429123
v 3.9249999563990130 -0.1411099776075012 1.5380214896033635
vn 0.7537539631829386 -0.5977510845619483 -0.2730359022015743
v 3.9277997350419995 1.3437315878343707 0.8897041715974747
vn 0.8455433268455395 -0.3169415613959033 0.4296562918041629
v 3.9241296159055743 1.0239340778822859 -1.3070504396839333
vn 0.7386321063657069 0.3813487520283660 0.5558738532906247
v 3.9249999443404868 -0.8161798278015158 -1.3112104464168501
vn 0.8393158715149500 0.5254521758466801 -0.1394592367722181
v 3.9279372914344184 -1.6026630255525798 0.4080315774187636
vn -0.4441857663237304 0.6101613335252634 0.6560504188445221
v 0.8211954390207533 3.3942442766537213 5.9129823061360893
vn -0.4873187665606728 0.1935582935673866 0.8515019710776165
v -0.0454375827030719 1.7306381871862857 6.5209351164599623
vn -0.0068786642728166 -0.1631995994200525 0.9865690927284091
v 3.9171927362110859 3.3584039150163423 5.8575767664816452
vn 0.9269489690593816 0.1841757857776680 0.3268713641372216
v 6.9250479462641303 3.6826058281656371 5.6345057385489721
vn -0.5118628760517173 -0.4491711012507772 0.7322852708618605
v 0.9353004455475337 1.7780826314810174 6.5312501230501567
vn 0.7376893947133991 0.4071410451771791 0.5385633911243994
v 6.9249156476321776 0.9218437533153646 6.6926099368827217
vn -0.2234573861501241 0.4288316116056303 0.8753115133840478
v 0.9257981077087888 0.8589202997824761 6.6971120106446520
vn 0.0931946441690751 0.7711260331192255 0.6298248957797767
v 3.9337161183846305 -0.0593104036757743 6.7720950625378862
vn -0.5817687728980623 0.0206088845945497 0.8130930873869556
v 0.9092983920317228 -0.0589703263573974 6.8499921128391499
vn -0.4147117705123721 -0.1586268859239544 0.8960198984735566
v 0.8188495559419604 -1.2134039408109742 6.6877895281372499
vn -0.4380392342532052 -0.5751869884525675 0.6908556705779663
v -0.0627912068428918 -0.7806708371205163 6.7474715377614816
vn -0.0441674108301566 -0.6789527011524905 0.7328522834912211
v 3.9241889236571694 -1.9083581234778604 6.5319210488402391
vn 0.9232425891405307 -0.2155455412865732 0.3180616940603935
v 6.9245186074352922 -3.6410984445033798 5.5379985515089958
vn -0.4478205102383970 -0.8917389826218297 0.0652562447770792
v 0.1734386166010958 -5.1817041520620926 4.1901509001816581
vn -0.3470252563362687 -0.6258416101524348 0.6984953474909871
v 0.8923673842668386 -5.8495908008479462 3.5580715101080074
vn -0.5211257921738898 -0.7087700363184902 0.4754712865654686
v -0.0117504917397126 -6.6877913155945148 0.8785933325974130
vn -0.0500804170746422 -0.9983522621806483 0.0280127189757059
v 3.9249999500000001 -5.8552312899999999 3.3583872299999999
vn 0.8945982055752897 -0.2650702458347962 0.3597663343818487
v 6.9250338009166112 -5.8594067797507821 3.3674149609117672
vn -0.5866831477116137 -0.7394302908325682 -0.3302207279842628
v 0.8908191243690275 -6.8783556216960937 1.7248310623188245
vn 0.0094928876535871 -0.9178592260245428 -0.3967925481730011
v 3.9249999500000001 -6.6947274200000004 0.8620451700000000
vn -0.6881109864127712 -0.3998765705424207 -0.6054766706564964
v -0.0779595600385395 -6.3507693743348721 -0.8038021558991606
vn -0.2758245576303321 -0.9422230808521969 0.1900959739642747
v 0.0080612494840048 -5.1999348585279828 -4.1408063862797144
vn -0.1175015408781601 -0.9882783084871051 0.0974647262609619
v 0.9288483898971817 -6.5378622285109875 -1.7297637396175436
vn -0.0003814320581691 -0.9370460155295628 0.3492056976765350
v 3.9283982267250717 -6.2290802795355438 -2.6487374124201195
vn -0.6073140865912506 -0.3702124739485963 -0.7029312372918811
v 0.9233798757713344 -5.8928989249286987 -3.3662370760442228
vn -0.0358496282291307 -0.5670039884686520 -0.8229345546375325
v 3.9249999500000001 -5.3434453000000000 -4.1243290899999998
vn -0.4289344870074336 -0.2830094940397744 -0.8578582820833640
v 0.1402345995766277 -4.2863304589723548 -5.1662062561622921
vn -0.5313390655523251 0.1708542050978213 -0.8297515519831062
v 0.8624627050855853 -1.8336544868981000 -6.5994430631679961
vn -0.6507216224007447 -0.1401490783512368 -0.7462704643609056
v -0.0600871907369928 -1.3622610426343145 -6.5908564483160763
vn -0.4090339368310449 -0.6061984603373101 -0.6820664668528805
v -0.0148193238592668 -0.7187996594810280 -6.5515591264546424
vn -0.0829142182290563 0.0904891977729221 -0.9924398911278594
v 3.7288311138513972 -3.2859765360094211 -6.0971155281503853
vn 0.8428308345530873 -0.0671527026421113 -0.5339725637655989
v 6.9271161239659200 -3.9193853334559661 -5.5669873623395745
vn -0.2194633447655753 -0.7750826253287971 -0.5925223744448186
v 0.9313054252751179 -3.4304602817408965 -5.8429197567325435
vn -0.1136442591527582 -0.8894585881230865 -0.4426605950112416
v 3.9421761014676990 -2.5484279519776680 -6.2732726019992482
vn -0.0048055628319648 0.2603517279354737 -0.9655018820939093
v 3.9426799762914322 -0.8567620101040918 -6.6983387271616266
vn -0.1896921481418664 -0.3250619017160424 -0.9264726919807590
v 0.9434345917742405 -0.7736592836904682 -6.7673431618484639
vn 0.8178647030582210 0.3899985821226833 -0.4230820646562372
v 6.9306145805868642 -1.7543192360192110 -6.8411596435216202
vn -0.3672876614092597 0.4977823317235024 -0.7856923850976474
v -0.0571445432224429 0.4539312198205663 -6.6831732798319141
vn -0.6565072962001203 0.2308185109226476 -0.7181371631182021
v 0.9102044756332031 1.2043363847488071 -6.6956253384511788
vn -0.5091819201994620 0.4522950521324068 -0.7322314920559837
v 0.4787962225520764 3.2897119023205237 -5.9849832911276826
vn -0.6666015535386224 0.7023272786092976 -0.2497574073799475
v 0.7050771108958247 5.1176613686504648 -4.4281065619661817
vn -0.5252441239407447 0.6618456890198263 -0.5348634350856216
v 0.0465213718077696 5.7379369805278682 -3.6439947120971219
vn -0.0735575074143874 0.9861097263363839 0.1489191080008349
v 3.9249999500000001 5.8552312899999999 -3.3583872299999999
vn 0.7638104198043578 0.3413533436724918 -0.5477878579905731
v 6.9245260873449794 5.7809719014114727 -3.5304700176939710
vn -0.6183242629884137 0.7785049637849734 0.1077270957651429
v 0.9234050446673052 6.5463449307233201 -1.7896409165249627
vn 0.8296546926540523 0.4456081962421798 -0.3363129887454559
v 6.9249071974641048 6.7021005311524462 -0.8694522915938336
vn 0.9132675176173277 0.3563907684733018 0.1973019549119915
v 6.9249911422552408 6.5282242261910675 -1.7670039843702028
vn 0.7468930376566548 0.6196262131918554 0.2412760788506314
v 6.9299099335039065 5.6679232689244303 -4.2271983022966024
vn -0.4849017455247899 0.7160900848547895 0.5020809571769004
v 0.7768914149516581 6.9314807604070241 1.0122566238058512
vn 0.7252707368208571 0.6877118438866169 -0.0321679668210553
v 6.9201190946062336 6.6912059728964666 1.6295346092817502
vn -0.4061289066479556 0.8614573941523467 0.3048777939522399
v 0.9103097354131846 5.2805810342632586 4.2493039676392987
vn 0.0032115500554004 0.5244764829633857 0.8514188773832767
v 3.9426094357051991 5.3295434228049645 4.3226171263749071
vn 0.8506913148604681 0.4896770686167202 0.1911561018955547
v 6.9248865841591440 5.3923549055968563 4.0796739092746019
vn -0.0007088340459844 0.9898434450469801 -0.1421599516453952
v 3.8225750497973516 4.9692877825771573 4.8743854331683441
vn 0.8005919259507478 0.1080779058178530 0.5893825026046325
v 6.9284897687365126 6.0326596972315016 3.6227051244591588
vn -0.5223513421591061 0.6924507060425427 0.4976555988289139
v -2.5994144007317108 0.6240968406924639 -5.5115990563295574
vn -0.5473463811088394 -0.8366120970063583 0.0221841887316392
v -2.5384687777372617 -0.8827932853260034 -6.0500917178298304
vn -0.4092326609914963 -0.0674059299914144 -0.9099368493361567
v -2.3766651989182410 0.1791976682173421 -6.8316896350034311
vn -0.4948889715693244 0.8384982679464613 -0.2280472768305753
v -2.5580542165414553 5.1306002594547255 -4.4570824017550503
vn -0.5672297497103611 -0.4353100651322191 0.6991105479379525
v -2.6014235019808378 3.7516500158429658 -3.5741939715025297
vn -0.4529997554559164 -0.5991304016675036 -0.6601772363196231
v -2.3912315161445328 3.7082222489350878 -4.9620504403080492
vn -0.5655963905973669 0.3357474030164100 0.7532425932665833
v -2.4900211677767743 6.2410212921282131 0.9253121283960488
vn -0.5801923594758152 -0.5759125562998205 -0.5759353726783003
v -2.5549679537666541 5.3404805628892662 -0.4611286646019658
vn -0.4639305095166110 0.7675348472506874 -0.4423332913036520
v -2.4878866751646003 6.8080329720536534 -0.2923820972954093
vn -0.5183820800759380 0.8506971384161954 -0.0871458418207102
v 0.9236400688643899 6.8166433781978917 0.0287673489260810
vn -0.4555029961230467 -0.1328848297938455 0.8802605537757491
v -2.4891564105843482 4.0052976020417290 5.1423693059827098
vn -0.5136528628088428 -0.6622880374329752 -0.5454679568970647
v -2.5333286712156728 3.5887352036778415 3.6570288851864441
vn -0.5487002433170447 0.6722328857808554 -0.4970221225041790
v -2.5338210079680645 5.1140718498940547 3.9595273511619928
vn -0.6568691170365611 0.2998208954705627 0.6918311887468203
v -2.5654883747488406 0.2280714368337612 6.8247502032226510
vn -0.4079038253424895 -0.5664530114328601 0.7160624659271060
v -2.3765189045611881 -0.7123183033523457 6.4658279674476331
vn -0.4625681264156517 0.6867655065506739 -0.5606994448334239
v -2.5397070191822371 0.7544588879449916 5.5871948140710437
vn -0.6360086367102830 -0.6595777977256818 -0.4005622832684911
v -2.5375310678104395 -0.6513767378394248 5.4124584384284296
vn -0.4120316528170418 0.7837794505447839 0.4646715936880298
v -2.5372757063737694 -3.6147428691932171 4.8253932609746739
vn -0.5296082800754148 -0.7446715895858718 0.4061764312945939
v -2.5350489165201759 -5.0025701415581265 4.5481009889395807
vn -0.5344489073203440 -0.1635162721969535 -0.8292326538378130
v -2.5213130569066915 -4.1309004231793915 3.3427057889643992
vn -0.3937636762710900 -0.2968940798302189 0.8699448675699190
v 0.7815265142131099 -4.3421707672524423 5.2692252472417840
vn -0.4760096131565817 -0.8626355788661030 -0.1710985279213844
v -2.4909661513880024 -6.8109141041028147 0.0421057826411129
vn -0.5086114678904499 0.3806560527441610 -0.7722793175008354
v -2.5275214708960299 -6.0248557884992664 -0.8701604479635917
vn -0.6347601147550862 0.3517857115165695 0.6879872163702540
v -2.5727832893806175 -5.4756278466463728 0.6506045183298677
vn -0.4582053671453593 -0.7759249890045716 -0.4335761212952599
v 0.8736668877022175 -6.7807292439362650 -0.7476719247836916
vn -0.5663926898973253 0.0149230160740682 0.8240003788968338
v -2.5781190797174993 -3.8016018056945540 -3.4587723118697564
vn -0.4053605208932599 -0.8813801182689747 -0.2425941780449671
v -2.4185554113888608 -5.0984596358126861 -4.5141886026742055
vn -0.4986519633834246 0.5758398513856871 -0.6478847775414743
v -2.5575618769438755 -3.9186871913334609 -5.0562524891163214
vn -0.3407413481854004 -0.9393772944871813 -0.0382835766189496
v 0.9468145438599820 -5.2887910571011982 -4.3332601557062418
vn -0.5075001540245975 0.3545374036898519 0.7853323010355990
v 0.9252015251822657 6.1863233119469001 6.5423657320375215
vn -0.4271423877832325 0.8605951132549191 -0.2773543430353882
v 0.9231910732854824 6.4118896146608080 5.3431079318127583
vn -0.4822303223625921 0.0627084919194949 -0.8737972083013615
v 0.9232835563134578 0.0095584522621575 -9.1429178020710093
vn -0.4785193770465291 -0.7093643536027403 0.5175146564386057
v 0.9228681749277613 -8.7049132455439917 0.5804249748586129
vn 0.7369549728701582 -0.4174454470485388 -0.5316358403083730
v 3.9226323616671115 1.6272101648253392 2.0380053606450899
vn 0.6494876654426174 0.1925068517126741 -0.7355996767818577
v 3.9250000112520280 -0.6438907506313920 2.5287225658230015
vn 0.7394173694015876 -0.6732286702972451 -0.0050111193399592
v 3.9249999441942824 2.5513082525679787 0.3197190696103643
vn 0.6048641922175868 -0.4991743008264945 0.6204549350012026
v 3.9170699548665158 1.7512301323848762 -1.9340955721420938
vn 0.6196159903708398 0.7542683887667655 -0.2171525320689375
v 3.9202342485749808 -2.6157473028202385 0.5418453381261357
vn 0.7314303556317380 0.0810813818971667 0.6770786101850176
v 3.9249999430604574 -0.4401731816550286 -2.4963216010881273
vn 0.7338586966868454 0.5272338122456459 0.4283408928902390
v 3.9249999551290755 -1.7564398990097516 -1.8304531394176602
vn 0.8076463910791057 -0.1923671116581148 -0.5574066749952055
v 6.9250001881396859 0.8615644251187956 2.3671786164348338
vn 0.9296921085772463 -0.3376220178411556 -0.1472547327526689
v 6.9257559938257565 2.4300194795194776 1.0392947721460564
vn 0.9050672176973391 -0.3760622596727400 0.1985711668380631
v 6.9250001928046094 2.1221789766392622 -1.4726702052892384
vn 0.8098999409895435 -0.1329764278027523 0.5712962062135133
v 6.9250001936866381 0.5442864091875721 -2.4777797437146178
vn 0.8676572441903960 0.2484927199289288 0.4306068679738519
v 6.9256465952902451 -1.2405937329244321 -2.2407565679875527
vn 0.9082181166385194 0.4107633750333949 0.0800830964733225
v 6.9237266081869793 -2.6322829868290958 -0.2016072562872941
vn 0.8093290132819859 0.4358407204743300 -0.3937377485540648
v 6.9250001915245942 -1.8500992031132575 1.7166329601977763
vn 0.9336946015595750 0.0791851119967025 -0.3492049671132649
v 6.9250001979459981 -0.5680276473979692 2.4886711563746857
vn -0.4423974435991300 0.0060663216729311 0.8967985847660082
v 0.9143211336901614 0.0492598368221291 9.2075376883123337
vn -0.4196065586106812 -0.7490058242815208 0.5127578484657845
v 0.9245262587887326 -8.3248243635947432 3.6533068622910756
vn -0.3066136415069864 0.8814238773746522 -0.3592770842061309
v 0.8255460459449221 6.7723376243824793 -1.0621748189429654
vn -0.2399981608180863 0.2478165379190495 -0.9386095281520171
v 0.9238673832717880 7.2704875760594536 -3.9283834501185844
vn -0.5192752756098535 0.6769239918091081 0.5216580273067147
v 0.9243311990287875 6.0254268402395361 -4.6707263400076764
vn -0.8630854914921711 0.4113629641485648 -0.2930255041845747
v 0.9351495415234726 6.4658181836655189 -6.4421467916721165
vn -0.7133718919046443 0.6973642900090794 -0.0691635081565502
v 0.9243714408279163 3.7758265180690129 -6.6428762584864529
vn -0.5739822549307378 -0.2751049459155287 -0.7712727401882163
v 0.9062947852697002 -3.4209952550052196 -8.5725069778572554
vn 0.1367833811587111 0.0465557192967001 -0.9895063777659837
v 3.9768503183108397 -2.2863191479368670 -8.8596150731602616
vn -0.0842854347750188 0.8484568415045051 -0.5225102425684929
v 3.8869670887310059 -1.0908196937668115 -7.7554736853054775
vn 0.4084637464139736 -0.6579548687186094 -0.6326553236912960
v 6.9317700245286762 -3.5428995973332054 -8.4560726992588418
vn 0.3312585754275316 -0.9435178058296769 -0.0064735066288958
v 6.9244862817892052 -3.7952807635680941 -6.7404655415511652
vn -0.0271911215555549 -0.9973964420206576 -0.0667905708396346
v 3.9203032151143988 -2.8113314371731706 -7.4177306131582004
vn 0.4075597336867023 -0.2116115118425480 0.8883218062914675
v 6.9424678593459239 -6.3754653542398030 6.5763613951874742
vn 0.5398254901042188 -0.4031490554052723 0.7389582392527854
v 6.9072407122603678 -3.7292867631117419 8.4104173040905561
vn 0.7090676421886992 0.0615160395038255 0.7024520308780683
v 6.9228983287861601 -1.6726554707614891 6.6718807825016473
vn 0.3980725666082643 0.6539083953721546 0.6433832778179138
v 6.9064050275736051 3.5094450844148453 8.5183373303307501
vn 0.3420918271744131 0.9359696364457744 -0.0832707717751941
v 6.9242530156212796 3.8258790906275255 6.8362245702716509
vn 0.8476777066344983 -0.3260272640416298 -0.4185077404020227
v 6.9238132333812885 -5.5883226326038766 -3.6791825256305595
vn 0.2326050008975101 0.9724328785501979 0.0164076284711030
v 6.9368178861484333 6.5537227047714559 5.8803805770817483
vn 0.4285880915295671 0.8911794830323209 -0.1486989469407533
v 6.9272913970947512 8.4948445607015177 3.4961378038659467
vn 0.9476585906404620 0.0506111605058028 -0.3152486415792925
v 6.9209052685364467 1.2568401232121784 -6.5194028925379328
vn 0.8633765652198978 0.2689891499186065 0.4268790740422364
v 6.9304226681426639 6.9785098092010056 1.0457568734234262
vn 0.4637169038575447 0.4743150895717619 -0.7483260177765465
v 6.9235799819909705 0.3913270627060346 -8.9344467515968926
vn 0.6925661244988583 0.7183665682697815 -0.0655868644541670
v 6.9260911075491620 3.7598407301597181 -6.5942229274836270
vn 0.3697875248726262 -0.1550470098161841 -0.9160882114707278
v 6.9355928874785047 3.2300019730345029 -8.4889782554528530
vn 0.4306320737667472 0.1984064346224121 -0.8804492624471744
v 6.9309624903232105 6.4540047907167821 -6.5054797635929393
vn 0.0423311513964640 -0.0438463096605308 -0.9981410595454946
v 3.9088253183220871 -5.2371812250938827 -7.3222520419240578
vn 0.4760952862955489 -0.6515784326602818 -0.5905749947797742
v 6.9258972547871114 -6.5103667506395126 -6.4614120956114931
vn 0.0550696702264214 -0.9970270343018887 0.0538927109388098
v 4.0438353967793272 -4.8254322374066181 -4.7935351495852450
vn -0.0929610556529464 -0.9802574141159016 -0.1745097252381528
v 3.9312924939820406 -5.7526056515732913 -6.7463654073120960
vn 0.6331770350199817 -0.7412647619439301 0.2227406451986555
v 6.9248234245746279 -6.5387484369831599 -1.7210844054093069
vn -0.1009520705874971 0.3082430337018888 -0.9459359976332190
v 3.9065896357425132 -6.0396718330137480 -4.6063589988717872
vn 0.0874538462240282 -0.7253403445318104 -0.6828127191075887
v 3.9394454700245141 -7.8380010803224520 -4.7010679105473203
vn 0.4502279535280420 -0.8837431183765507 0.1276436076896964
v 6.9376656723427681 -8.5257941207574586 -3.3926772601783490
vn 0.0048901987545698 -0.6741692283119168 0.7385607202887624
v 3.9643128898293689 -7.0747981567939497 -3.0630231212676975
vn 0.8130570377276997 -0.3216651527757414 -0.4852522878783952
v 6.9275760434229365 -6.8285989264423703 -0.9856735127840573
vn -0.0596251780424967 -0.7156490092381943 -0.6959104351278197
v 3.9150809988680240 -6.5208731661296770 -1.8667524350063307
vn 0.4436093748382017 -0.7642836910545422 0.4680610666822277
v 6.9339077452543636 -9.2157764615105311 -0.0312408061983930
vn 0.8501539930919095 -0.5037156562333029 0.1533255546063158
v 6.9243487791038794 -6.6843950006866555 1.1354260769371594
vn 0.5111499902912283 -0.8576935213594472 -0.0555653744998515
v 6.9226703788379300 -8.4217816279657161 3.1355900582283276
vn 0.7946084889292512 -0.4065652693138460 -0.4508902650416530
v 6.9248625253397265 -7.1308568470313558 1.9231875654161799
vn -0.0549753261099112 -0.7800771225466925 0.6232635047862030
v 3.9338202442670367 -8.6509491955173203 2.5327072874853860
vn -0.0028518427220647 -0.2447221370840847 0.9695890586295243
v 4.0687994379865113 -6.4499328238817659 2.7438738916450793
vn 0.4349464514152913 -0.1670629913779243 0.8848228869740572
v 6.9380140832680244 -7.6300317512889047 3.8811332339927489
vn 0.7561076580547385 -0.6167797622541803 -0.2188239801864854
v 6.9281461043328498 -5.6180815919568445 4.1593465737928002
vn 0.0183027247741966 -0.9780073034361085 0.2077660335364553
v 3.9000881286079694 -7.3386913090868227 5.4701960572818900
vn -0.0032471922191443 -0.7730874679966659 -0.6342911181541138
v 3.9273417324585189 -6.6999178246256212 3.9268910183623804
vn -0.0116405845432150 0.0400943597421524 0.9991280894401673
v 3.9572249800606265 -4.8729908669299888 5.0063702376049415
vn 0.0601044336683273 -0.9053657054994909 0.4203574625944195
v 3.8773144676523472 -4.2935958134882242 5.3719903500213286
vn 0.0347060678727431 0.4302116418186049 0.9020606587677754
v 3.8652189340748953 -2.6479412647989085 6.5159298568395965
vn 0.8143331903860421 -0.4774698725941415 0.3299757200168286
v 6.9328108212545301 -1.0363161016764981 6.9170558351350868
vn 0.0144348836989354 -0.7538055167124349 0.6569390208432571
v 3.9449477807780724 -1.5970574300113491 8.7005549090185657
vn 0.5166245747107711 0.0214970278994957 0.8559421280649780
v 6.9333684025202453 0.1236169380094467 9.1889683795970232
vn 0.0170566330807494 0.7352658360441042 0.6775641826530628
v 3.8580793907062669 -0.5804124548231785 8.7583484363427111
vn -0.0087063089137058 -0.2580177139008166 0.9661009571977949
v 3.9416521891000280 0.8584887655541835 6.6969314547260446
vn -0.0619508198987171 -0.9083041338575152 0.4136975904343965
v 3.9580899955731854 1.0241293297583236 7.5450949559938874
vn 0.8236467910511079 -0.3851033075431235 0.4162948547731034
v 6.9287091642953502 1.6913126952804070 6.7132788303660265
vn 0.0237672129671582 -0.2486235631680539 0.9683085476362349
v 3.9384216573536883 2.2462358396806184 8.8465435063289934
vn -0.0028194045416637 0.9989890702991355 0.0448652246277600
v 3.9354787536901914 2.8380132930982702 7.1089960658323497
vn 0.6284975337532741 -0.0745323084783966 0.7742323844033735
v 6.9026941194789933 5.5439510607988307 6.5649691612564878
vn 0.0788264035941231 0.8468672660347498 0.5259298734767257
v 3.9394726699235756 5.6641413623520034 7.0095996792663664
vn -0.0038282591406015 0.4451611478791034 0.8954422911896173
v 3.9205822199662133 7.8729931647000813 4.6788061211924692
vn -0.0171261914237147 0.6468771524065337 0.7624018909090747
v 3.9205918565416722 8.8983407221221693 1.4620618984579086
vn 0.4768975394828622 0.8580365952426726 0.1906356159261798
v 6.9224693712665850 9.0068320312490702 0.2546954429558861
vn -0.0395526014051421 0.8894202282554462 -0.4553759428122175
v 3.9124503658497649 8.9578077907258038 0.9792689152079124
vn 0.4215869292706221 0.4718794961779388 -0.7743346835542252
v 6.9286778646099334 8.4409310835081683 -0.6754134327576291
vn 0.7186243009269526 0.4011398713856287 0.5680368981870544
v 6.9252485724491066 7.4578606972230945 -2.0825253288698513
vn 0.0079470107086974 0.9345500112345755 0.3557430554800060
v 3.8476239522757725 6.7169680460202139 -0.8112947636167448
vn 0.4039961837241707 0.5801196899066776 -0.7072822837586745
v 6.9409981394166609 8.4834118030268169 -3.5978046286564647
vn -0.0643737043710805 -0.0064915129250313 -0.9979047481826554
v 3.9056980511739292 7.1179884464109513 -2.8341178988828308
vn 0.0010916834595250 0.7890977709246157 0.6142666490613232
v 3.9224557354705225 6.7285579185347446 -3.9748924806135131
vn 0.1055446271118182 0.8748779673591446 -0.4727037908853267
v 3.9932829972430541 7.3299145657783633 -5.5585309976669697
vn -0.0653012094214633 0.0333857873540765 -0.9973069443510570
v 3.8549394811971034 4.9147836423884970 -4.9954903441632297
vn 0.9071751945214297 0.2042216993257109 -0.3678677261863632
v 6.9236504099765472 3.9400221218121998 -5.5400261203120031
vn -0.0122473026696630 0.9161715062363971 -0.4005992695173684
v 3.9176448106591293 4.3010618700172705 -5.3129019124187566
vn 0.0046456071153177 0.8363487866462165 -0.5481780052226936
v 3.9392261373457447 4.6916747342931417 -7.8841592626500807
vn 0.8469781202658405 -0.2059047529790484 -0.4901339577009334
v 6.9245047452664821 -0.9208582852508296 -6.7058499111996319
vn -0.0524796405444890 0.7202855366908005 -0.6916896941276245
v 3.9187138750913619 1.4673240680786810 -8.8965638177986683
vn 0.1016324438581827 0.7263657884136315 -0.6797525930643126
v 4.1572332895745809 1.9778897114674832 -6.5822073201797933
vn 0.4487647059700463 -0.7276538463634529 -0.5187775231716292
v 6.9257714004978563 -0.5541780890634838 -8.5534690481998261
vn 0.0076281469575762 -0.8071868991017175 -0.5902466613988998
v 3.7149166671292697 -0.0502824704166073 -6.8045562974943374
vn -0.6495037303318024 -0.2655849562678680 -0.7124672169926612
v 0.9306819201482931 -5.8472818291180246 -6.5533387453440017
vn -0.1938994321297523 -0.9684990840639472 0.1562451099620552
v 0.9171180674458793 -6.5111636822961980 -5.7635437724393341
vn -0.5786606049754305 -0.2197070728866103 -0.7854175363289685
v 0.9765861420257751 -7.8933142066837005 -3.8991278522027972
vn -0.5179085446608240 -0.8142404070687324 0.2622657027974733
v 0.9116128476557288 -8.3050225386190579 -2.9071170588465236
vn 0.1155295979963750 -0.9166819574592203 -0.3825533960841654
v 3.9525785174051493 -9.0999933520449794 -1.3804613088164392
vn -0.6033164295409903 -0.4740647737606197 -0.6413048230952297
v 0.9417526256125003 -8.8103974667406213 -0.5173260740264605
vn -0.0059877343351434 -0.6495625130828704 0.7602846102841998
v 3.8523222094901306 -6.9368847593368317 0.0679916729675385
vn -0.0184364994067566 -0.7673563483955992 -0.6409557941594695
v 3.8115264190960327 -8.4794725907726587 1.5555527495100505
vn -0.6309667342529875 -0.7192275455233591 -0.2908482732054019
v 0.9248643722338469 -5.9582620954414978 4.6041075532415201
vn -0.4587463974403176 -0.1366572879447151 0.8779957451418118
v 0.9034876911801225 -6.2135999712873460 6.6549622468834020
vn 0.0256515304994335 -0.5199261447422004 0.8538259793403742
v 3.9426126331929456 -4.6566397196767424 7.9478143593888824
vn -0.6472631456691851 -0.6329244054135195 0.4248024450145904
v 0.9039453077278098 -3.5862647887016830 5.9515700912367686
vn -0.7268516468854398 -0.3359140892521683 0.5990395713655403
v 0.9255841299503694 -3.5489823817605446 8.3263263376896379
vn -0.3351822321819561 0.5348290655597290 0.7756357017711527
v 0.9272557801421610 -2.2049431174007084 7.6418504015897506
vn -0.8031459298049329 -0.5536105097078207 0.2201636186539836
v 0.9258083809244881 -0.9238719521794189 7.6568237860150363
vn -0.5989114736584552 0.7789694343302302 0.1857731603313537
v 0.9262922542821854 0.9247907999101921 7.5725397984893501
vn -0.0119824687388213 0.9914889575727981 0.1296382175676959
v 3.9118546903248586 2.5321598562751002 6.2817202273213946
vn -0.8091820415695895 -0.4640829750546155 0.3603490195154250
v 0.9248971817102142 1.9734640498058063 7.2752429478846814
vn -0.3803777625329138 0.6790481809194443 0.6278585236822446
v 0.9164649729833966 3.5495950939070418 8.5120536680930456
vn -0.3696618640341262 0.9115965085042607 -0.1798385719517834
v 0.9256084805496398 3.7751815168530576 6.7451044231742259
vn -0.8007220846057376 -0.2323331796656772 0.5521462096683071
v 0.9246055505229271 4.6314264660987465 6.0050836245550547
vn -0.0531531388570968 -0.2628171785796031 0.9633804411929355
v 3.9232540746915974 4.7860349082010041 7.2367007569065560
vn -0.6397306269141672 0.4146442684961714 0.6471590651387659
v 0.7043672255143926 5.9029686679114954 3.5038109329550786
vn -0.4100492424497522 0.8911259381236183 -0.1943043519061927
v 0.9188293462047872 8.4965723085796174 3.4960930546074205
vn -0.0026592865131670 0.9146907299163015 -0.4041457618241522
v 3.9074004750730631 6.5204526447826439 2.6347417103226882
vn -0.2900342118913097 0.9486782699741073 0.1260543375355325
v 0.9312248856147637 6.6467527036236227 1.6079537377699775
vn -0.0071170010157526 0.8156181358385753 0.5785468043190188
v 3.8960853888014948 6.5879284484078058 1.9450696010080319
vn -0.5995086189273849 0.7430881529486645 -0.2973372038260966
v 0.9237041869227210 9.0515119551426135 -0.2458283969242828
vn 0.0084094543214886 0.5993753438925440 -0.8004239365559412
v 3.9374892770988694 6.9972292866180652 -0.0929168143160638
vn -0.6123930345475186 0.6986308229004101 0.3699861409987915
v 0.9489834827530090 8.4250219570431586 -2.8564531533201438
vn 0.0743801908267712 0.2173851337938324 -0.9732478054524504
v 3.9055306566947561 6.2807456280625846 -2.5342487321048526
vn 0.1086941634864729 0.9884701581107139 -0.1054150148155181
v 3.9822059771376837 8.8668059307127240 -2.2089517152439297
vn -0.2034705787978371 0.2705971777527868 -0.9409446800720540
v 0.7005987491117046 4.1298694360887449 -5.6808033150784318
vn 0.0191482889860612 -0.4043790732642913 -0.9143910039664757
v 3.9444633388300296 2.6293501782137785 -6.5407231367910086
vn -0.3434731415482557 -0.1355729476673289 -0.9293256570738611
v 0.8991850078688105 3.1698904858926440 -8.5231165203685819
vn 0.0593507979404376 -0.5290712388603410 -0.8464993248636513
v 3.9363820364016986 0.9411743330524066 -8.9567878159585543
vn -0.3682444197349236 -0.8958164398228391 -0.2488150989735613
v 0.9267134808689845 -0.9095288649923376 -7.7398816336681024
vn 0.9445570670366792 -0.3219684364450921 -0.0644070884621307
v -29.0788863899505259 23.0607026894800136 1.7237213084432141
vn 0.8455331830899467 -0.0838028300089705 -0.5273051507204062
v -29.0836783326660253 21.7410396589602257 3.2079915156808330
vn 0.9155464179346985 0.3530172738238986 -0.1927525900964365
v -29.0820533003165842 20.1402692603014017 2.2191278728558363
vn 0.8533712749362893 0.3890099627105719 0.3470284080958382
v -29.0804088684859963 20.1624110051998997 0.4480665942768225
vn 0.8476102191293051 -0.3793436544030719 0.3710192829108672
v -29.0820559870227306 22.5656868291877224 0.2884465453261581
vn 0.6176312245815356 -0.6077117610810288 0.4992174735180122
v -29.0719108089845903 16.3271469655895203 -2.6393354559312185
vn 0.9149478301383906 0.0743238576793172 -0.3966691723649761
v -29.0750008677566996 15.8000836599189984 0.6434426480260648
vn 0.7456982770371284 -0.5272705376607615 0.4073326156089022
v -29.0579689994365964 15.1818637933036023 2.2828133034085210
vn 0.7397481463192757 0.6322958314090403 -0.2301622505971514
v -29.0593034782373110 22.3644926060929521 -4.6938161081950627
vn 0.9760779480640358 0.1200237924323565 0.1812901777627675
v -29.0751408303469603 17.6500796707298271 -1.9150118470204196
vn 0.8732257552305319 -0.2948696025706670 -0.3879802802745059
v -29.0671398064877735 16.9705390182104026 5.0221149183429077
vn 0.8568225388047711 -0.0510845214573937 -0.5130745644286177
v -29.0731339572062772 25.2335814711838822 -3.4921549123206632
vn 0.9117575801703810 0.3472062314890137 0.2194218489965130
v -29.0750008288818336 16.2717603303300855 1.9436041402052753
vn 0.4408476589863985 0.8723985741885355 -0.2111257192291411
v -29.1053737851911123 26.8681451393308777 -2.6557857040399844
vn 0.8531351768252713 0.4878390384837241 -0.1848606031435267
v -29.0750007650384212 18.0534784323969326 5.5099461560939123
vn 0.8827012583173460 -0.2773720138397441 0.3793458244181142
v -29.0750008044368116 25.3663200130140645 -1.9399201643920818
vn 0.8555767101778170 -0.3773496324517659 -0.3543949038711206
v -29.0750007754501780 26.8700638446379969 0.9283223426279307
vn 0.8912278428627665 0.3837439122590696 -0.2417716730931972
v -29.0752685754091367 22.0175730861449530 6.8097268359116985
vn 0.9411831117119337 -0.2699378372878837 -0.2032434850827487
v -29.0750008821715191 20.7208328986649306 7.1239226845310899
vn 0.9815171364667395 -0.1651487813677842 0.0966953506372849
v -29.0750007722746346 26.7469644966906728 1.8843898302231248
vn 0.8970927686472231 0.2754590574450199 -0.3454661663786496
v -29.0750007877919039 26.2871945661262529 5.0993065131309203
vn 0.9670936477271178 -0.2061760365358934 -0.1490681672397140
v -29.0716487870135865 24.9083642188137020 5.5609362671798124
vn -0.9298742464936824 0.2823343324661605 0.2358414942682774
v -33.0802394417789927 20.2225858866263728 0.5498742791364092
vn -0.7709230000674877 -0.1625473362801833 0.6158377151775956
v -33.0776117341362337 22.2962420500547438 0.1036122682537987
vn -0.7611067522604197 -0.6370516260672400 -0.1219907266503537
v -33.0750007420260346 23.0617684107065095 1.7753838844727396
vn -0.9250199489117308 -0.0635223304569828 -0.3745704308253029
v -33.0812144277098596 21.7490391266884764 3.0804546462249749
vn -0.6566995819850396 0.6532920963493026 -0.3767692873207791
v -33.0750007551599197 20.1604052152061399 2.3186098781040965
vn 0.5679700787157695 -0.7487564437379384 -0.3417217839771391
v -29.1102232822985769 15.3204882021889102 -1.1724411761313875
vn 0.3325708093806920 -0.8898728945463755 -0.3122865483806924
v -29.2199556488346950 14.7867973061490545 1.0820198356679542
vn 0.3806847777692682 -0.8878428238388589 -0.2584844678749652
v -30.0526938862610109 16.1591929106935197 -2.7501745472441339
vn 0.3381349863981652 -0.6492554385888856 -0.6812724171990721
v -30.0765663910240981 15.6202707242591057 -1.8699620696338177
vn 0.0749233296397097 -0.9960460173585852 -0.0477370503885674
v -33.0671937209168547 15.6424232668645971 -1.8584039405072981
vn -0.8936783364753530 -0.2601868510864592 -0.3655705587658264
v -36.0750343757010157 15.6405943610640570 -1.8674159812984514
vn -0.0085559985657705 -0.9816598748497196 0.1904486413671036
v -33.0969214041610016 14.8010070755659431 0.6405604951835303
vn -0.8514244847715515 -0.3804005174978587 0.3610703435881428
v -36.0749914867184884 14.9717758343656939 -0.2670030918450614
vn 0.2836510793546226 -0.9563942906004469 0.0696564863298863
v -29.2740218221025543 14.8431235315639203 2.6685020348672892
vn 0.7359911014152671 -0.5934235762915704 0.3258305659984412
v -29.0869386324944550 15.2644221519839842 4.0407200584721519
vn 0.4975430488947261 -0.5356578023251238 0.6822914577398421
v -30.0771015918689386 14.7882966239560911 2.3557091021080292
vn 0.0100872256251406 -0.8835673790598799 0.4681954020923764
v -33.0750007600000018 14.9849882099999991 3.2655353499999999
vn 0.4541865730178385 -0.3753404891782199 0.8079814812690735
v -30.0320459084233384 15.5911919308871241 5.0615391912948375
vn 0.0791238012830262 -0.7125059384746176 0.6971905849256202
v -33.0839739493988105 16.4627474881969604 5.9218301873687142
vn 0.3770591751624596 -0.8959413428119752 0.2347668815358772
v -29.8373303361498046 16.1885648412293683 5.5671181260728302
vn -0.9265633528956622 -0.3009486101091067 0.2256330807841470
v -36.0712128043432116 15.8955380108325475 5.3033572506588600
vn 0.4614698496253215 -0.2217295887365414 0.8590003302476125
v -29.1004260962645169 17.5019689446815718 6.7150790515953549
vn 0.0689636582963402 -0.0510303058856514 0.9963131644797245
v -33.0590787557731076 18.1433798581359866 7.3586942641202713
vn -0.8506054181376944 -0.4284209786944257 0.3048374774356143
v -36.0750343712880266 18.1325855013749653 7.3594070455141853
vn 0.0785076348646632 -0.9655282203635052 0.2481769670006452
v -33.0876030628627475 18.9420360706892126 7.7810406384117741
vn 0.0238578303919374 0.3454537486050516 0.9381324594659900
v -33.0592252511807132 20.6383749001975012 8.2008399759759492
vn -0.9238289864802671 0.0771177061110087 0.3749571484090128
v -36.0741724286338439 20.1649914571290410 8.0610562961110332
vn 0.5369787750345476 -0.2116574444252660 0.8166118547888968
v -29.2607365502285894 20.3141447031895410 8.1951047009014601
vn 0.3775535083391282 0.5041490785632466 0.7767155559950149
v -29.1234119941503842 22.0410947048102237 8.1928575536854833
vn 0.7051202932966596 0.3726396048040805 0.6032786229535168
v -29.0952175035083442 24.2366793071200028 7.6463388374629107
vn -0.8333837249728188 -0.0267555703046245 0.5520468335278299
v -36.0742801707346672 23.1728769771053145 8.0795914913918079
vn 0.2037499773883585 -0.0067843778721848 0.9789994478706976
v -30.0763847382949905 23.2531141249372659 8.0670166516155835
vn 0.5662447919077102 0.7027113022833206 0.4307710079388744
v -30.0205607721514234 25.0137220437359424 7.3950865985014840
vn 0.0582450105148458 0.2459116756040915 0.9675406795332760
v -33.0929284162905972 26.0552432093847557 6.4179465647513325
vn 0.4304382452485141 0.2343572168067153 0.8716648507069619
v -29.9500228374466246 25.7687649591366750 6.7310404523422038
vn -0.7538200589874973 0.5860904942401153 0.2970744876785345
v -36.0794270237901884 22.5418133587726786 8.4541842289456071
vn 0.3770874647298036 0.8905843007594689 0.2542924442141698
v -29.3678730985884862 26.6370411019081601 5.8832136532049439
vn 0.7113133574483826 0.7028516865109836 -0.0057283753521732
v -29.1250319474486865 27.9927435886013001 3.4459647167361855
vn 0.0629845668041686 0.9947981341878835 0.0800600809442323
v -33.0752632146987153 27.3631737126650307 4.8539365417519562
vn 0.0725980844799667 0.9321720406380051 -0.3546615355273489
v -33.0726672130541814 28.1965917324078461 2.3622958280542949
vn 0.0146139397210607 0.5917027895512353 0.8060237227297443
v -33.0676879371036989 28.5139657716357569 1.5949359221528818
vn 0.4024563711410101 0.7995784633752985 -0.4457613153184177
v -29.2187103590204629 28.1810399724629157 0.8276214242257417
vn 0.1068911395618882 0.9131950320860663 -0.3932545201984194
v -29.9426723045928114 27.0077969334322461 -2.5093612525418951
vn 0.0659902208289326 0.7380782332802824 -0.6714803141662500
v -33.0479060498980104 28.0200976996182902 -0.2709627740562947
vn 0.4228750797560780 0.2898613820030853 -0.8585785031926622
v -30.0207381841293781 25.8079878403822818 -4.0168929399652411
vn 0.3602833109972659 0.5638691624585520 -0.7431335703930608
v -29.9666805490869557 24.9091911438911424 -4.3645897550327204
vn 0.3870469536582883 0.2418851671126658 -0.8897675098556457
v -29.1012726183597010 23.4019240211641062 -5.0088490950016640
vn -0.8888599983806552 0.1049634562679847 -0.4459939193834603
v -36.0790738676815863 25.2636812956288779 -4.0211998731281904
vn 0.6768770151008126 -0.1116587729060966 -0.7275780541366810
v -30.0734836723394814 23.2863979474353009 -5.0473849739227461
vn -0.6880922564911778 0.4292817110706405 -0.5850181698863227
v -36.0745508593323763 22.5176116556934929 -5.3179528452026821
vn 0.2707557083753506 0.3970880238732006 -0.8769335480403510
v -30.0941019538064189 22.4678353710275580 -5.3312514219486795
vn 0.4201431010828729 -0.4939829953633503 -0.7612230782788439
v -29.0758068384669706 20.9076583819723325 -5.1001089053544932
vn 0.6299674449181316 -0.0205504957366536 -0.7763495961667648
v -29.1344675092812082 17.4719212025733448 -3.8211448544884115
vn 0.0005609765010772 -0.5340984050622490 -0.8454221306633314
v -33.0552023135259390 19.5217856469451476 -5.0705272511687491
vn 0.5477193409460258 -0.7578433639071991 -0.3545094629702737
v -30.0668404323482115 17.9481998859739598 -4.4145161326942786
vn -0.8073946325938690 -0.4728479181031800 -0.3528863182444162
v -36.0779716124128171 20.4820961647550810 -5.3887962450538991
vn 0.4491431925168095 -0.7705745854651608 0.4522003989947421
v -26.6513955242420124 26.6955759240515107 1.9756958949664853
vn 0.5374326857690360 0.8120453612618808 0.2274828334625324
v -26.5914325860804546 28.2864633982570055 1.9092191432595274
vn 0.5180814701912585 -0.0317370552887060 -0.8547422708431273
v -26.6398224925806666 27.6062246315300435 0.5873365772639344
vn 0.4101078704681546 0.7163057463182805 0.5645508058372484
v -29.7122907175857449 28.1482390661931525 2.3278360915450036
vn 0.6140359347697133 -0.7706930138700149 -0.1702708113078622
v -26.5330408674355347 24.9035669039255900 -3.0205576280054767
vn 0.5150433176416896 0.3325193360378157 0.7900387788669690
v -26.5412317076852204 26.0359045105998774 -1.9320554466550159
vn 0.5214721574801640 0.4929435524359643 -0.6964721409251017
v -26.7845050234874726 26.5822815136177759 -3.0360975878869336
vn 0.6172975644487702 -0.7334315124258164 0.2846435200498971
v -26.6651251807650560 20.8850957474931249 -4.0419874885691449
vn 0.4961574297638747 0.7203070871289298 0.4847530351858999
v -26.6146750338715279 22.3342785637415382 -4.4010844147887349
vn 0.5282981082676251 0.2939530574349236 -0.7965505061359947
v -26.6378359866189172 21.7775109881044138 -5.3104201111967146
vn 0.4963183787317512 -0.7937230961614289 0.3516698928725643
v -26.6190500093198033 16.3933308992579256 -2.7230810891601367
vn 0.6327426321777962 0.5375793631127015 0.5573555326540289
v -26.5220626685715892 17.7850554140114099 -2.2340958386707643
vn 0.4899406228349853 -0.2030055225922519 -0.8477894454952323
v -26.7747030732815112 17.1600734684162504 -3.5956454106324580
vn 0.3690337979233200 -0.7188773462091799 -0.5890920276981664
v -26.7517756722540589 14.7889232462442557 1.0521677244154772
vn 0.4563195772463480 -0.2995560198355983 0.8378774578671806
v -26.5860171775474790 15.0952748968274300 2.3148057968508464
vn 0.6163940519559542 0.7060192743599003 -0.3487049712086713
v -26.5792231320128991 16.0827968116277482 1.1552184384036610
vn 0.4437687240823897 -0.8938019866815149 0.0647095675342138
v -30.0681679143969163 14.6759505947267268 1.6058359949665253
vn 0.4761661237125718 -0.8101686487534709 0.3418955735389372
v -26.6586310301954761 16.4573170779669589 6.0350463839507515
vn 0.5475915487119046 0.7211638223375935 0.4243421227391052
v -26.5314235431635908 17.9913839673364784 6.1342202754508950
vn 0.4772835111222173 0.2251599363183897 -0.8494135936562042
v -26.6075123488656367 17.5139236162520824 4.9242185485859267
vn 0.4820169657717267 -0.8690939163720690 0.1110648874904991
v -26.6271486650348237 20.6330451275244968 7.4330463597396088
vn 0.4942639013069584 0.5982204298437319 0.6307420337843404
v -26.5864272309734169 21.9588331765510141 8.2601299688877550
vn 0.4904073671356329 0.0581449707689598 -0.8695514801513327
v -26.6213763455874428 21.7005189481163683 6.6348670551222080
vn 0.6191548861126489 -0.0401853601538240 0.7842399912221643
v -29.7485732495100592 21.0699743347002943 8.2932348497994965
vn 0.6075895016079650 -0.6600898060184438 0.4417198722338830
v -26.5772029438344113 25.0589030533468886 6.1304161152200223
vn 0.4451608256632600 0.6630957939691717 0.6017772073742893
v -26.7642053030199243 26.4608738009032827 6.1927447537578058
vn 0.4623711306406344 0.3880841618153326 -0.7972475279975424
v -26.6058621432097944 26.2480565371830288 5.0031316449164329
vn 0.4931483939867646 -0.0709461651033546 -0.8670474630407510
v -30.1077392180640473 16.0411756088690005 -4.9419358645085598
vn 0.7179776639827766 -0.1128274941432589 0.6868609980099235
v -30.0611968461039432 21.0562241490637909 10.4168992013309065
vn -0.4811772099129110 0.6673153449696677 0.5684705120131032
v -33.0750007336170881 19.5002945184312750 -0.1500105857418659
vn -0.8544602956031709 0.5175174237478486 -0.0455337166847974
v -33.0750007995932478 18.9715240416490616 1.7530124312048248
vn -0.7363491000279486 -0.0493144567334009 0.6748022578838335
v -33.0725274535420297 21.4141317867667951 -1.0961949697969675
vn -0.7333982505675188 -0.5142370448612675 0.4446203636326765
v -33.0750007429746518 23.2994030913889212 -0.3448331827976445
vn -0.6270138773491677 0.5041453843753637 -0.5938779580221678
v -33.0750007162175166 19.7530192035170060 3.3827912225182288
vn -0.7410107312410553 -0.0061237105338594 -0.6714652607208312
v -33.0750007652550977 21.5209244620969606 4.0501639918947854
vn -0.5874534551805074 -0.8084520892109786 -0.0361061967934516
v -33.0750007669879764 24.0576220044040134 1.5210271760041150
vn -0.7345059509478478 -0.4491517819476560 -0.5086881999766097
v -33.0750007748189887 23.2953519504924564 3.3406812255989009
vn -0.9023239175072724 0.3236672125058532 0.2846947197315399
v -36.0750007596064037 19.6460626137868850 -0.2202110511963448
vn -0.9057854458316680 0.0991062855888420 0.4119838228332627
v -36.0748467270276905 21.1345974861819990 -1.0692849169710776
vn -0.8111191496279977 -0.3046968821706135 0.4992449650244469
v -36.0750007601119123 23.0564888727902257 -0.5201780415727028
vn -0.8656700675397286 -0.4809905768557634 0.1387926480103386
v -36.0750007624355433 23.9697082208133807 0.8926206196975718
vn -0.9032993560141368 -0.3794882280235817 -0.2000973718367325
v -36.0750007606829399 23.7504390830348626 2.7496790144009298
vn -0.8080546978790164 -0.0474485996943494 -0.5871935248473853
v -36.0759420649478173 21.8600014581564004 4.1126880927692380
vn -0.9363198121043889 0.2167330796047623 -0.2762824309756917
v -36.0750007583729513 19.9517735151037279 3.5096355553903771
vn -0.8860979444146417 0.4619956223178200 -0.0372891118601221
v -36.0743657185610545 18.8610315727888072 1.7062430762945542
vn 0.7413383386989850 -0.6204543765987282 0.2558394694618340
v -30.1940582326018294 13.4214209955715997 -1.1170828357211842
vn 0.2601107252536917 -0.4203885621894096 -0.8692616794661546
v -30.0688101645278465 13.7437392275709307 -2.3240304337015463
vn 0.4399020583557288 -0.7213817971899700 0.5348780064064723
v -30.0639833429757992 17.8499163637526443 9.9092475468521872
vn 0.1873143909136403 -0.7946397521501000 0.5774608066868953
v -30.0797834979022873 17.9794696518287758 7.3185820190039799
vn 0.4997527087391978 0.4047628592687242 0.7657768982310980
v -30.0686509091485945 19.8396913850782823 8.2141137168175469
vn 0.4436195817636869 0.4986957890089560 -0.7446503721214047
v -30.0679652967232585 21.5569821263066892 -7.6681006474266731
vn 0.4311030702250085 0.8821602039084779 -0.1895877566793912
v -30.0738407027197745 25.3697559221777489 -5.6747339615703520
vn 0.5541281070392248 0.5182103082497588 -0.6514599891112389
v -30.0658456931563123 28.0213312178440539 -5.0341236746949560
vn 0.2908674801727260 0.9567372518032109 0.0070668231906758
v -30.0819558874835558 28.1569984496275438 -0.1565553892581027
vn 0.2329617554748627 0.6720573460894654 0.7028995262861222
v -30.0810269142507032 27.3653339088859724 5.0861975102979580
vn 0.4155271817202541 0.7484013701646469 0.5169454036813774
v -30.0746014591288535 29.8542844470636872 5.0282772940255356
vn -0.7133016128633035 0.6960759694942021 -0.0817254781528775
v -36.0723451175566581 29.8964218421069781 4.5727604891766154
vn 0.0148779618045656 0.7664487032651187 -0.6421331882995613
v -32.9347200627795687 30.0268084666183306 3.1331704364442765
vn -0.8227353732038568 0.4535374928178167 -0.3426517886829709
v -36.0778435481929876 28.1816621376898659 3.1908223277522105
vn -0.8131459788921372 0.3059928328145982 0.4951383678100953
v -36.0737875003944808 27.3478848475417600 4.9837514642756755
vn -0.1305687092197264 0.2893858369125381 0.9482656007507203
v -36.0763164015664728 29.3774385044772366 5.2611830431843387
vn -0.5068069627680826 -0.7770150321070004 0.3733555173953487
v -36.0742021387747798 13.0107805555487062 5.1821605629766569
vn -0.4788471543120903 -0.6115426128863350 -0.6298579486133103
v -36.0758085623099944 12.5545215328014610 1.1674237669891232
vn -0.3969220826150450 -0.4992747619782116 0.7701802207172913
v -36.0815262426945864 21.1994187233832037 10.5548787075037023
vn -0.6912567405013925 0.6132518450090304 0.3822123667601700
v -36.0730326883114714 25.2305925456280953 9.6941877657277029
vn -0.1882725666601440 0.0498335085913035 0.9808517023814977
v -36.0881026202728279 27.4246656989862707 8.1194081050948501
vn -0.6557345889205520 -0.0044296252599801 -0.7549784946031579
v -36.0786481765323828 15.7802623755033071 -5.0102748460961832
vn -0.8483482537939873 0.5042598139221451 -0.1613297255557578
v -36.0750624360043304 26.8984676654540742 5.5819765507540628
vn -0.3515058643438806 -0.1412146021419305 -0.9254739669346501
v -36.0812718850139547 17.9988306035832402 -7.0076921326587929
vn -0.8833610676271879 0.2084825753902208 -0.4197716521624769
v -36.0781264459144921 28.3870608706641612 0.4861301114195388
vn -0.4372795951363238 0.8814463595612432 0.1784345002897268
v -36.0786377989647065 29.9989638183909655 -1.9524157078329742
vn -0.4047769123903410 0.8573970981189615 -0.3178456659023779
v -36.0796337441016135 28.0194509665978977 -4.9681613832625908
vn -0.0020658903116282 0.7307798153108995 0.6826101329685839
v -33.1832602837507054 28.6676344121878692 7.2432007484170562
vn 0.0065040297361383 0.8731263212903811 -0.4874506381851578
v -33.0762032607686791 28.2618041712011347 5.5260049691635036
vn -0.7339861442550161 0.6777711989798251 -0.0434803619477230
v -36.0678191288195080 28.0708959553220474 7.3147930667185665
vn -0.9681538870792787 0.2269074239667871 0.1057878626404740
v -36.0716062691120172 25.0950626522660762 7.0617566140687664
vn -0.0127878905999655 0.2593147770146496 0.9657081941641824
v -33.0776930649500258 25.8188569089168958 9.4045758835633251
vn -0.1488152439842219 -0.3941264310383320 0.9069279902588206
v -36.0757450875197350 24.6874617427236700 9.9125182497817068
vn 0.0539095538735832 0.7642659506113382 0.6426440046692248
v -33.1006390426897141 23.2735854784773686 8.0176692256609652
vn 0.0030833653679771 0.9929945880037281 0.1181196048643657
v -33.0588508149661138 23.4465333451367428 9.0272706477582876
vn -0.8090409728836484 0.3978586081335767 0.4326213495997310
v -36.0750965340025687 19.3823474736673163 8.9675782050746804
vn -0.3695457291447433 -0.6741288679828042 0.6395203072796852
v -36.0521323143446111 17.9754418582939159 9.9795312120076769
vn 0.0227165210883711 0.1954943100393383 0.9804417037294388
v -33.0992738715665453 19.1982192096200563 10.3789478681669785
vn -0.3625801102709126 -0.9192401912175272 -0.1534051318773162
v -36.0744355263947938 17.6963892804375504 8.2969062441812031
vn -0.8962263479094884 0.1365780265645849 0.4220483099984459
v -36.0751301723883628 17.3582060600728063 6.8733577356365290
vn -0.0795927758814746 0.5959213018052478 0.7990887260387424
v -33.0849061159005302 17.5446544587188704 8.1928850763259504
vn 0.1101263458889646 -0.3477144544432327 0.9311105445178833
v -33.0436372429113661 15.9980213327063900 8.8305992785657850
vn -0.5259403100011990 -0.5118399764211606 0.6792691873278431
v -36.0603773368544012 15.0819488297940616 8.2059896474294742
vn -0.6028205744146529 -0.7598972130783441 -0.2432356483292566
v -36.0747721504053445 15.4537139358854905 6.2517809601902625
vn 0.0639994856464248 -0.9613748870205980 -0.2676983235717503
v -33.0792600258601084 16.1509977380496856 6.9594970505080269
vn 0.1539394098691749 -0.6612740628486807 0.7341793186223168
v -33.0853650278559215 13.6210291596616475 6.1644898145823985
vn -0.7039843213648651 -0.7055947263422548 -0.0808836042127754
v -36.0709456661181775 14.8069516125230454 3.1302052355733090
vn -0.4511244063556011 -0.7309604244419249 0.5120386976489059
v -36.0130324969554465 12.4949327526486496 1.7789592174831435
vn 0.0651064729002371 -0.7254607022113444 0.6851772885418149
v -33.0750007007378670 12.6249671523814850 2.9730114186557142
vn -0.8759372879572294 -0.2109140644143453 0.4338768546469784
v -36.0793602374675970 14.5630981442841190 2.4771128965020170
vn 0.0035883728182671 -0.9539820840048494 -0.2998421367624663
v -33.0662055100366175 12.5506093517570765 2.4402536239028998
vn -0.7230937712964179 -0.5748091095860132 -0.3830533715414318
v -36.0747069652353147 14.7980697509589287 0.5724597711542820
vn -0.0058039152666026 -0.6224971792226469 -0.7826005216120328
v -33.0941731478649999 14.5487491323921354 1.4202880287958346
vn -0.7755795195976741 -0.5602162574842564 0.2909194968216709
v -36.0740282780144668 13.2255778466811638 -1.2795180455559167
vn -0.1689997805000947 -0.3106859783733832 -0.9353680008601392
v -36.0665670598211463 13.9103527307109118 -2.3793416616936334
vn -0.8713061226997598 -0.4671962176012366 0.1501776774524398
v -36.0775825579313931 15.8993809833987747 -2.6891580395742665
vn -0.4499159340037949 -0.8023432042878461 -0.3922002484224159
v -36.0728315844514000 14.9401420488996184 -4.6767104355956386
vn 0.0713201648440755 -0.3034768430743584 -0.9501659012005405
v -32.9911964804310713 14.9903579740596449 -4.2637218928443215
vn 0.0183647340992237 -0.9746079858997254 -0.2231636403223995
v -33.0469684404257933 16.6802718190340471 -5.9379917184875364
vn -0.9264027455059114 -0.2247281674534000 -0.3021178642055884
v -36.0771088077727740 17.8354528201296532 -4.1688416193101308
vn -0.0280319820787898 -0.4464411977626178 -0.8943737836726956
v -32.8768873704749680 17.1464719443343654 -3.6296523813076500
vn 0.0006961279284439 -0.0591112849461574 -0.9982511564721183
v -33.0755029651040289 17.1651011697439806 -6.3888126049845830
vn -0.7179989190096672 0.0622218053269057 -0.6932575273610883
v -36.0706143946618525 19.8900999609513001 -5.1764746580040519
vn 0.0011084374932421 0.7575368109589445 -0.6527915068446248
v -33.1186663425344463 21.5688478546179070 -5.5462414458455536
vn -0.0021772228373853 -0.6475128422695927 -0.7620514279211540
v -33.0819928827605807 20.2243649897512441 -7.5876761742213006
vn -0.4399562358302738 0.4847559790263660 -0.7559432196615339
v -36.0564710957908972 21.5032605921866846 -7.6757878855717800
vn -0.1864716954071718 0.0764870521204161 -0.9794784518660447
v -33.1901540353228270 23.6264325038328735 -7.4732389311298704
vn -0.8942263191403638 -0.2334748502634374 -0.3819015376391429
v -36.0750611442319098 23.2485965274249580 -5.0410689386337930
vn -0.4453519298077336 0.6973096093918831 -0.5616235102506545
v -36.0866153841860893 24.9470577813420995 -7.1209928789511183
vn -0.0062894867774529 0.9218371795496643 -0.3875263304034918
v -32.9841548379422633 24.2139851768306222 -4.9041852919891058
vn 0.0875541230013014 0.0004197988193707 -0.9961596756115075
v -32.8705849088855970 24.8127324576109665 -4.5870831516333439
vn -0.3400697879503443 0.8587780466882061 0.3832137860904762
v -36.0742074425288095 27.5656741646705683 -3.2576509964197884
vn 0.0921983985794741 0.9957291040800378 -0.0047965182524029
v -33.0735226074038025 26.2467120538519154 -3.3304281770489599
vn -0.0023415474109931 0.3870823184278768 -0.9220421877095548
v -33.1586025602449013 26.8418926519880827 -2.8118029192367873
vn -0.8830868382524395 0.2467873160521327 -0.3990659804356852
v -36.0747179354553467 27.2357020107628003 -2.1316673735422600
vn -0.7103096900977319 0.6988348275096530 0.0842023040825935
v -36.0719939772708145 28.1672865453918639 -0.1632881161065372
vn -0.0004550510733377 0.8993774273490239 0.4371727760320535
v -33.0582015777393963 27.9793876507598434 -1.1030171666283375
vn 0.0031887795934666 0.4562882250468184 -0.8898263242725112
v -33.0555439728131901 29.4309933244311885 -3.1401924342634797
vn -0.4583018422240912 0.7132790058945636 -0.5302758538384217
v -36.0662806652999706 30.5073897045634155 1.2191344165032207
vn -0.0253201827415182 0.9397345613037695 0.3409660432317970
v -33.0645015543216942 30.4476964598285598 0.5266778080210612
vn -0.8116720454098180 0.4926645973998451 0.3137994346220066
v -36.0737270155328957 28.2671304681576885 2.5163812014923597
vn -0.4930486104337622 0.6309106939367620 0.5990448764705107
v -36.0736336143092160 30.5256134730316262 1.7383903039322184
vn 0.6031314024255257 0.5514213866173585 -0.5763392801026217
v -30.0460128909305162 28.2916935629232498 3.1854820478248205
vn 0.0321684409018334 0.7990439594615896 0.6004114774534968
v -33.0964434984158729 30.1466604180521003 4.0381142676387762
vn 0.0058477988044496 0.2809312939231783 0.9597100662928316
v -33.1246316742980085 27.9328215553229739 4.2647148041738046
vn 0.7013876733301183 0.6558171804166106 -0.2792116716238239
v -30.0748358115784455 27.5318246937357110 6.1927131273138736
vn 0.5366400431905227 0.5349515811963982 0.6525674446522347
v -30.0625042066618846 27.8620178323379548 8.1668569619751210
vn 0.4491283412410981 0.7578125578366790 0.4732904607944785
v -30.3061583884697860 25.2865970278882521 9.6727439565794953
vn 0.0108666206523141 0.9932247639275205 0.1156999778596352
v -32.9780732473383011 26.3273684422447403 8.5182973124633889
vn 0.4597090274581425 -0.3025679447045176 0.8349372724407341
v -30.0734687105724880 24.5374346225266358 9.8998353329172151
vn -0.0039224545913516 -0.4887503957942695 0.8724148468251348
v -33.0305184134745602 24.1292653516490461 7.9298532925404039
vn 0.5557509750380442 0.7820374226979783 0.2820608502507337
v -30.0688712277351904 22.5296510101286351 8.3927058699596451
vn 0.0120122944187952 0.5186459552066695 0.8549047186269108
v -33.0683333065615415 22.7624155610250547 10.5827828414331275
vn 0.0061625140560330 -0.7678891693807914 0.6405530789623818
v -33.0806976420513976 21.4178505447950656 8.5244649081650596
vn -0.0336965473302345 0.8588253702637721 0.5111590027470081
v -33.1158130816029654 20.4549617658076670 9.1626544317159855
vn 0.0046405261272976 -0.9989192404970509 0.0462473402700820
v -33.0675983552669308 18.6965081316190158 8.8313198897796337
vn 0.5382252688272553 0.5168357732480879 0.6657284307334935
v -30.0747764677194311 16.8654787307331482 7.4787330877048124
vn 0.6122486227752869 -0.1491074354321061 0.7764783297740026
v -30.0488945585413596 17.2628411625460245 6.6999166543425623
vn 0.7487256623330736 -0.6249656247480959 0.2209702478776777
v -30.0487265358084343 14.8994835457849444 7.9110442761235662
vn -0.0362636027394584 0.0776359420456299 0.9963220421224466
v -33.0868435007791106 15.3257086125316402 6.1799051979513617
vn 0.4507023672236165 -0.8783263804285498 -0.1594056009753441
v -30.0729472435881178 13.0681132675055540 5.0155995241228730
vn 0.0060449855157347 -0.9016100838202581 -0.4325074738125825
v -33.0915773042252894 14.9614179358669173 4.0996631914226800
vn 0.1847272860810472 -0.9826985069309430 -0.0133968000965398
v -30.0828613775591549 14.8896459872254958 3.1539256323528155
vn 0.8708899077707529 -0.1266470421607618 0.4748802957114346
v -30.0747442777018428 13.7808487742270422 2.4067272886339661
vn -0.0103147178357391 -0.1003995061033096 0.9948937359186559
v -33.1370284854692159 13.9586457198305673 3.4664433980072329
vn 0.4830336412879473 -0.6117036218365149 -0.6264959540301889
v -30.0734831057038114 12.5021782985333374 1.2098907238627441
vn 0.4481947049654237 -0.8302380483466989 0.3314004971607941
v -30.0789329097170857 12.4892648519247444 1.7539311999835925
vn 0.3862315820600262 -0.8534360753560847 -0.3499600410049877
v -30.0789762047750564 14.7632283856991968 0.4963405154216827
vn 0.4090121014235628 -0.9109610275653944 0.0534706194660400
v -29.4590707165762886 14.9976173699985811 -0.4727360363481317
vn 0.0018045392710972 -0.4542801517570037 0.8908570521456587
v -33.0700782208117232 14.0419744515185609 0.5043523560328913
vn 0.0498929896602546 -0.9546725043617968 -0.2934469270555350
v -33.0377562013106001 12.6153674996236216 -0.6924095408465796
vn -0.0008407149555925 -0.2531570718952914 -0.9674248240291159
v -33.0453515821212136 15.0518249006292102 -1.2720948743695519
vn 0.5072694589114876 -0.8616302236948319 -0.0164637077002891
v -30.1022174847399420 14.8825288194388836 -4.1562199705249894
vn -0.0517823081542208 -0.9801579632930114 0.1913346794376733
v -33.0710543636826131 14.3417322515426715 -3.1427981648732515
vn 0.3639894867324174 -0.1363083136725879 -0.9213748950193981
v -30.0649868061407943 18.0127436087919328 -7.0021159095176797
vn 0.3452784740114543 -0.1457673791093612 -0.9271109138457541
v -30.0708263501025961 19.8846917105246135 -5.1700169736421655
vn -0.0000130393876649 0.4354258324839051 -0.9002246076594843
v -33.0581763769862675 18.8826682558686798 -5.0117277145011982
vn 0.4882177345791295 -0.5118551007049782 -0.7068576939700942
v -30.0680041469333652 20.4577899440432311 -5.4087669104319902
vn 0.0537677843362891 -0.1387503103886475 -0.9888667133312863
v -32.9889929620628735 22.3181430150107225 -5.2134165923127957
vn 0.6384450149449025 -0.3649199891826301 -0.6776587374091421
v -30.0757063907959790 24.3764775466671360 -6.9191712518770441
vn -0.0869126148198728 0.2646001190687988 -0.9604337428339084
v -33.1540441805888122 27.0152438557940684 -5.7947332044829780
vn 0.0104468620003811 0.9321108162981045 0.3620224982158241
v -33.0617890895519082 26.8807096544174406 -4.0658566405155163
vn 0.4229146296453027 0.4614023144397951 -0.7799045584310793
v -30.0592870078715180 27.4576498969305725 -2.0920895444718424
vn 0.4372568929041549 0.8806243510313516 0.1825024985538975
v -30.0715632908871271 30.0000529138864493 -1.9600130527205222
vn 0.4589032799606499 0.8632081502540734 -0.2104268732274905
v -30.0755427837361893 30.4996508951826755 1.2418787500338366
vn 0.0668416406928261 0.7203471502749363 -0.6903855286434308
v -33.0779313535327262 30.3785622291911501 0.0185754576971779
vn 0.7135989453846486 0.2617063451078740 -0.6498356208120600
v -30.0748922840298398 29.0947154222343443 0.5443533677437556
vn -0.0750748279860763 0.1310033565129669 -0.9885352248580712
v -33.1119738030750668 29.0373986425994737 -0.4521616910641629
vn 0.4383015524255554 0.5464290143733257 0.7136575378935922
v -30.0848375406176736 30.1197119129020159 2.0819403891991017
# 4851 vertices, 0 vertices normals

f 2//2 16//16 1//1
f 2//2 1//1 3//3
f 590//590 570//570 12//12
f 61//61 545//545 68//68
f 589//589 590//590 12//12
f 560//560 589//589 12//12
f 560//560 557//557 589//589
f 571//571 545//545 61//61
f 571//571 61//61 6//6
f 7//7 5//5 571//571
f 7//7 571//571 6//6
f 8//8 571//571 5//5
f 9//9 7//7 6//6
f 10//10 9//9 6//6
f 11//11 571//571 8//8
f 13//13 10//10 6//6
f 12//12 571//571 11//11
f 13//13 6//6 4//4
f 12//12 570//570 571//571
f 14//14 13//13 4//4
f 590//590 562//562 570//570
f 581//581 562//562 590//590
f 3//3 1//1 15//15
f 3//3 15//15 4//4
f 17//17 1//1 16//16
f 51//51 33//33 18//18
f 56//56 51//51 18//18
f 56//56 18//18 1244//1244
f 512//512 509//509 19//19
f 653//653 636//636 658//658
f 645//645 636//636 653//653
f 652//652 653//653 658//658
f 652//652 658//658 659//659
f 652//652 659//659 512//512
f 20//20 200//200 652//652
f 20//20 652//652 512//512
f 21//21 200//200 20//20
f 22//22 200//200 21//21
f 23//23 200//200 22//22
f 26//26 24//24 200//200
f 25//25 200//200 23//23
f 27//27 26//26 200//200
f 27//27 25//25 28//28
f 27//27 200//200 25//25
f 29//29 18//18 33//33
f 38//38 60//60 534//534
f 30//30 29//29 33//33
f 32//32 31//31 30//30
f 34//34 32//32 30//30
f 34//34 30//30 33//33
f 35//35 34//34 33//33
f 36//36 35//35 33//33
f 40//40 37//37 36//36
f 40//40 36//36 33//33
f 40//40 33//33 38//38
f 40//40 39//39 37//37
f 40//40 41//41 39//39
f 626//626 41//41 40//40
f 42//42 41//41 625//625
f 625//625 41//41 626//626
f 43//43 41//41 42//42
f 625//625 626//626 612//612
f 617//617 625//625 612//612
f 623//623 44//44 43//43
f 623//623 45//45 44//44
f 623//623 46//46 45//45
f 623//623 49//49 46//46
f 623//623 43//43 42//42
f 47//47 623//623 48//48
f 50//50 27//27 28//28
f 50//50 28//28 49//49
f 50//50 623//623 47//47
f 50//50 49//49 623//623
f 509//509 512//512 659//659
f 40//40 38//38 534//534
f 38//38 54//54 55//55
f 55//55 52//52 53//53
f 57//57 51//51 56//56
f 54//54 51//51 57//57
f 54//54 38//38 33//33
f 52//52 57//57 56//56
f 55//55 54//54 57//57
f 57//57 52//52 55//55
f 54//54 33//33 51//51
f 53//53 340//340 452//452
f 58//58 53//53 452//452
f 55//55 53//53 58//58
f 59//59 340//340 53//53
f 55//55 58//58 60//60
f 38//38 55//55 60//60
f 62//62 6//6 61//61
f 64//64 62//62 61//61
f 62//62 3//3 4//4
f 63//63 3//3 62//62
f 65//65 64//64 61//61
f 63//63 62//62 64//64
f 65//65 63//63 64//64
f 4//4 6//6 62//62
f 65//65 454//454 351//351
f 66//66 454//454 65//65
f 67//67 65//65 351//351
f 65//65 68//68 66//66
f 61//61 68//68 65//65
f 71//71 69//69 70//70
f 71//71 70//70 72//72
f 73//73 71//71 72//72
f 73//73 133//133 1329//1329
f 73//73 72//72 133//133
f 75//75 74//74 28//28
f 77//77 75//75 28//28
f 76//76 28//28 74//74
f 78//78 77//77 28//28
f 81//81 80//80 79//79
f 81//81 79//79 78//78
f 81//81 78//78 28//28
f 91//91 79//79 80//80
f 82//82 28//28 83//83
f 82//82 81//81 28//28
f 85//85 81//81 82//82
f 85//85 84//84 81//81
f 87//87 82//82 83//83
f 85//85 95//95 84//84
f 88//88 87//87 86//86
f 86//86 87//87 83//83
f 88//88 90//90 87//87
f 94//94 86//86 83//83
f 88//88 139//139 90//90
f 92//92 89//89 91//91
f 92//92 91//91 95//95
f 93//93 92//92 95//95
f 96//96 94//94 83//83
f 97//97 93//93 95//95
f 97//97 95//95 85//85
f 97//97 85//85 100//100
f 98//98 96//96 83//83
f 99//99 97//97 100//100
f 101//101 99//99 100//100
f 102//102 104//104 103//103
f 105//105 104//104 102//102
f 105//105 106//106 104//104
f 107//107 101//101 100//100
f 107//107 100//100 139//139
f 103//103 108//108 102//102
f 109//109 108//108 103//103
f 109//109 144//144 108//108
f 119//119 111//111 118//118
f 113//113 144//144 109//109
f 115//115 109//109 114//114
f 115//115 113//113 109//109
f 112//112 117//117 111//111
f 113//113 110//110 144//144
f 116//116 110//110 113//113
f 115//115 114//114 121//121
f 134//134 118//118 120//120
f 134//134 119//119 118//118
f 123//123 110//110 116//116
f 115//115 121//121 122//122
f 49//49 125//125 124//124
f 49//49 126//126 125//125
f 49//49 124//124 127//127
f 123//123 129//129 110//110
f 128//128 129//129 123//123
f 128//128 127//127 129//129
f 128//128 49//49 127//127
f 130//130 122//122 117//117
f 130//130 117//117 112//112
f 130//130 115//115 122//122
f 131//131 112//112 135//135
f 131//131 130//130 112//112
f 132//132 130//130 131//131
f 133//133 49//49 128//128
f 161//161 49//49 133//133
f 161//161 133//133 72//72
f 161//161 72//72 70//70
f 49//49 28//28 76//76
f 49//49 76//76 126//126
f 83//83 148//148 98//98
f 149//149 98//98 148//148
f 88//88 131//131 134//134
f 134//134 131//131 135//135
f 88//88 134//134 136//136
f 136//136 134//134 120//120
f 88//88 136//136 137//137
f 88//88 137//137 138//138
f 88//88 138//138 107//107
f 88//88 107//107 139//139
f 110//110 79//79 105//105
f 105//105 79//79 140//140
f 140//140 79//79 141//141
f 141//141 79//79 142//142
f 142//142 79//79 89//89
f 89//89 79//79 91//91
f 110//110 105//105 143//143
f 110//110 143//143 144//144
f 105//105 140//140 106//106
f 132//132 131//131 145//145
f 132//132 145//145 146//146
f 130//130 132//132 146//146
f 1000//1000 88//88 997//997
f 999//999 997//997 147//147
f 999//999 1000//1000 997//997
f 131//131 1000//1000 1003//1003
f 131//131 88//88 1000//1000
f 145//145 1003//1003 870//870
f 145//145 131//131 1003//1003
f 871//871 1028//1028 145//145
f 871//871 145//145 870//870
f 151//151 149//149 148//148
f 151//151 148//148 150//150
f 151//151 150//150 152//152
f 153//153 151//151 152//152
f 928//928 198//198 199//199
f 184//184 156//156 155//155
f 184//184 157//157 156//156
f 184//184 158//158 157//157
f 184//184 83//83 158//158
f 159//159 198//198 928//928
f 159//159 928//928 154//154
f 159//159 184//184 198//198
f 152//152 83//83 184//184
f 152//152 150//150 148//148
f 152//152 184//184 159//159
f 152//152 148//148 83//83
f 161//161 70//70 69//69
f 160//160 161//161 69//69
f 160//160 162//162 161//161
f 163//163 69//69 152//152
f 163//163 193//193 160//160
f 163//163 160//160 69//69
f 164//164 193//193 163//163
f 164//164 192//192 193//193
f 165//165 184//184 155//155
f 159//159 163//163 152//152
f 160//160 166//166 167//167
f 160//160 167//167 162//162
f 168//168 169//169 160//160
f 168//168 170//170 169//169
f 171//171 170//170 176//176
f 173//173 168//168 193//193
f 173//173 172//172 174//174
f 168//168 173//173 176//176
f 176//176 173//173 174//174
f 168//168 160//160 193//193
f 176//176 174//174 175//175
f 176//176 170//170 168//168
f 176//176 175//175 171//171
f 180//180 178//178 177//177
f 180//180 179//179 178//178
f 180//180 181//181 179//179
f 182//182 181//181 180//180
f 182//182 180//180 183//183
f 198//198 182//182 183//183
f 185//185 198//198 184//184
f 185//185 182//182 198//198
f 186//186 182//182 185//185
f 186//186 181//181 182//182
f 187//187 188//188 190//190
f 189//189 187//187 190//190
f 189//189 190//190 191//191
f 192//192 189//189 191//191
f 192//192 191//191 193//193
f 792//792 48//48 797//797
f 789//789 797//797 48//48
f 47//47 48//48 792//792
f 800//800 47//47 792//792
f 743//743 787//787 789//789
f 748//748 787//787 743//743
f 748//748 784//784 787//787
f 187//187 789//789 48//48
f 187//187 735//735 739//739
f 187//187 743//743 789//789
f 187//187 739//739 743//743
f 192//192 187//187 189//189
f 192//192 735//735 187//187
f 750//750 774//774 784//784
f 750//750 784//784 748//748
f 752//752 774//774 750//750
f 768//768 697//697 773//773
f 768//768 773//773 774//774
f 768//768 774//774 752//752
f 767//767 709//709 768//768
f 760//760 768//768 752//752
f 760//760 752//752 728//728
f 164//164 758//758 735//735
f 164//164 735//735 192//192
f 721//721 716//716 760//760
f 728//728 721//721 760//760
f 709//709 697//697 768//768
f 196//196 195//195 194//194
f 196//196 194//194 197//197
f 198//198 197//197 199//199
f 198//198 196//196 197//197
f 200//200 24//24 201//201
f 194//194 201//201 24//24
f 195//195 201//201 194//194
f 203//203 202//202 386//386
f 204//204 202//202 203//203
f 317//317 204//204 323//323
f 317//317 474//474 204//204
f 207//207 206//206 205//205
f 208//208 388//388 387//387
f 208//208 387//387 211//211
f 212//212 208//208 211//211
f 212//212 211//211 210//210
f 207//207 205//205 212//212
f 207//207 212//212 210//210
f 207//207 210//210 209//209
f 214//214 213//213 403//403
f 215//215 214//214 396//396
f 215//215 405//405 214//214
f 350//350 215//215 216//216
f 350//350 405//405 215//215
f 218//218 219//219 217//217
f 221//221 380//380 379//379
f 221//221 379//379 220//220
f 222//222 224//224 223//223
f 221//221 220//220 224//224
f 218//218 225//225 221//221
f 218//218 217//217 225//225
f 218//218 221//221 224//224
f 218//218 224//224 222//222
f 226//226 229//229 253//253
f 227//227 229//229 226//226
f 227//227 228//228 229//229
f 231//231 230//230 232//232
f 233//233 231//231 232//232
f 233//233 232//232 235//235
f 234//234 233//233 235//235
f 234//234 235//235 237//237
f 236//236 234//234 237//237
f 228//228 237//237 357//357
f 236//236 237//237 228//228
f 282//282 236//236 228//228
f 314//314 236//236 282//282
f 282//282 228//228 283//283
f 283//283 228//228 227//227
f 240//240 238//238 241//241
f 240//240 239//239 238//238
f 243//243 242//242 244//244
f 248//248 242//242 243//243
f 244//244 242//242 241//241
f 249//249 244//244 241//241
f 245//245 247//247 246//246
f 245//245 248//248 247//247
f 250//250 241//241 265//265
f 250//250 249//249 241//241
f 250//250 251//251 249//249
f 252//252 251//251 250//250
f 252//252 246//246 251//251
f 252//252 245//245 246//246
f 261//261 245//245 252//252
f 257//257 226//226 254//254
f 256//256 226//226 253//253
f 256//256 254//254 226//226
f 257//257 255//255 226//226
f 257//257 258//258 255//255
f 256//256 253//253 327//327
f 259//259 256//256 327//327
f 262//262 258//258 257//257
f 260//260 259//259 327//327
f 525//525 261//261 258//258
f 525//525 258//258 262//262
f 525//525 263//263 260//260
f 525//525 262//262 263//263
f 327//327 525//525 260//260
f 525//525 245//245 261//261
f 245//245 242//242 248//248
f 241//241 226//226 264//264
f 264//264 226//226 255//255
f 241//241 264//264 265//265
f 267//267 269//269 266//266
f 268//268 269//269 267//267
f 268//268 267//267 270//270
f 270//270 239//239 271//271
f 272//272 336//336 270//270
f 272//272 270//270 271//271
f 272//272 271//271 273//273
f 274//274 272//272 273//273
f 274//274 273//273 276//276
f 275//275 274//274 276//276
f 275//275 276//276 278//278
f 277//277 275//275 278//278
f 277//277 278//278 279//279
f 280//280 277//277 279//279
f 270//270 267//267 239//239
f 267//267 238//238 239//239
f 284//284 281//281 297//297
f 283//283 281//281 284//284
f 283//283 284//284 282//282
f 266//266 269//269 285//285
f 291//291 287//287 286//286
f 287//287 285//285 286//286
f 288//288 285//285 287//287
f 288//288 266//266 285//285
f 289//289 266//266 288//288
f 290//290 294//294 292//292
f 290//290 292//292 291//291
f 293//293 311//311 266//266
f 293//293 266//266 289//289
f 293//293 289//289 294//294
f 295//295 293//293 294//294
f 295//295 294//294 290//290
f 309//309 295//295 290//290
f 281//281 310//310 296//296
f 299//299 298//298 281//281
f 298//298 297//297 281//281
f 299//299 281//281 296//296
f 299//299 296//296 300//300
f 302//302 299//299 300//300
f 303//303 297//297 298//298
f 303//303 301//301 297//297
f 302//302 300//300 304//304
f 308//308 301//301 303//303
f 305//305 306//306 307//307
f 305//305 307//307 302//302
f 305//305 308//308 306//306
f 305//305 304//304 309//309
f 305//305 302//302 304//304
f 266//266 310//310 281//281
f 266//266 311//311 310//310
f 301//301 308//308 305//305
f 305//305 309//309 290//290
f 290//290 291//291 286//286
f 313//313 297//297 312//312
f 313//313 284//284 297//297
f 314//314 282//282 284//284
f 314//314 284//284 313//313
f 301//301 315//315 312//312
f 301//301 312//312 297//297
f 316//316 315//315 301//301
f 317//317 315//315 316//316
f 317//317 316//316 318//318
f 319//319 317//317 318//318
f 319//319 318//318 321//321
f 319//319 321//321 320//320
f 323//323 322//322 315//315
f 323//323 315//315 317//317
f 472//472 322//322 323//323
f 355//355 327//327 253//253
f 326//326 319//319 320//320
f 326//326 325//325 324//324
f 326//326 320//320 325//325
f 328//328 326//326 324//324
f 329//329 327//327 355//355
f 329//329 331//331 327//327
f 330//330 324//324 331//331
f 330//330 328//328 324//324
f 330//330 331//331 329//329
f 333//333 330//330 329//329
f 332//332 333//333 329//329
f 332//332 462//462 333//333
f 285//285 335//335 334//334
f 269//269 335//335 285//285
f 269//269 336//336 335//335
f 268//268 336//336 269//269
f 270//270 336//336 268//268
f 340//340 338//338 337//337
f 340//340 59//59 338//338
f 339//339 340//340 337//337
f 342//342 340//340 339//339
f 343//343 339//339 337//337
f 343//343 337//337 341//341
f 342//342 344//344 340//340
f 286//286 344//344 342//342
f 345//345 343//343 341//341
f 286//286 334//334 344//344
f 285//285 334//334 286//286
f 348//348 345//345 341//341
f 346//346 345//345 348//348
f 347//347 346//346 348//348
f 349//349 348//348 350//350
f 349//349 347//347 348//348
f 351//351 349//349 350//350
f 351//351 216//216 67//67
f 351//351 350//350 216//216
f 351//351 352//352 349//349
f 351//351 242//242 352//352
f 353//353 242//242 351//351
f 353//353 241//241 242//242
f 354//354 241//241 353//353
f 354//354 240//240 241//241
f 354//354 239//239 240//240
f 271//271 239//239 354//354
f 253//253 356//356 355//355
f 229//229 356//356 253//253
f 229//229 357//357 356//356
f 228//228 357//357 229//229
f 230//230 235//235 232//232
f 357//357 235//235 230//230
f 357//357 237//237 235//235
f 358//358 329//329 359//359
f 359//359 329//329 355//355
f 360//360 359//359 355//355
f 360//360 355//355 356//356
f 364//364 360//360 356//356
f 455//455 358//358 361//361
f 455//455 329//329 358//358
f 367//367 455//455 361//361
f 363//363 362//362 357//357
f 363//363 357//357 230//230
f 362//362 356//356 357//357
f 362//362 364//364 356//356
f 362//362 365//365 364//364
f 366//366 365//365 362//362
f 363//363 230//230 279//279
f 276//276 279//279 278//278
f 369//369 363//363 279//279
f 273//273 279//279 276//276
f 366//366 367//367 365//365
f 368//368 367//367 366//366
f 271//271 279//279 273//273
f 368//368 455//455 367//367
f 354//354 279//279 271//271
f 354//354 369//369 279//279
f 371//371 354//354 370//370
f 370//370 354//354 353//353
f 371//371 369//369 354//354
f 373//373 370//370 353//353
f 371//371 372//372 369//369
f 351//351 373//373 353//353
f 376//376 372//372 371//371
f 375//375 373//373 351//351
f 374//374 375//375 351//351
f 374//374 368//368 372//372
f 374//374 372//372 376//376
f 374//374 377//377 375//375
f 374//374 378//378 377//377
f 374//374 376//376 378//378
f 374//374 455//455 368//368
f 280//280 230//230 231//231
f 280//280 279//279 230//230
f 383//383 382//382 381//381
f 383//383 385//385 382//382
f 202//202 383//383 386//386
f 202//202 384//384 385//385
f 202//202 385//385 383//383
f 390//390 389//389 392//392
f 390//390 391//391 389//389
f 393//393 390//390 392//392
f 388//388 390//390 393//393
f 397//397 387//387 388//388
f 398//398 397//397 388//388
f 398//398 388//388 393//393
f 396//396 395//395 394//394
f 215//215 396//396 394//394
f 215//215 394//394 398//398
f 215//215 398//398 393//393
f 402//402 397//397 398//398
f 402//402 399//399 397//397
f 401//401 400//400 399//399
f 213//213 402//402 403//403
f 213//213 401//401 399//399
f 213//213 399//399 402//402
f 405//405 350//350 348//348
f 405//405 348//348 404//404
f 407//407 341//341 406//406
f 408//408 406//406 341//341
f 430//430 408//408 341//341
f 414//414 408//408 430//430
f 409//409 407//407 410//410
f 422//422 407//407 409//409
f 422//422 341//341 407//407
f 409//409 410//410 411//411
f 412//412 409//409 411//411
f 413//413 412//412 411//411
f 413//413 411//411 414//414
f 413//413 414//414 430//430
f 417//417 421//421 415//415
f 416//416 421//421 417//417
f 417//417 415//415 423//423
f 418//418 417//417 423//423
f 348//348 341//341 422//422
f 348//348 420//420 419//419
f 348//348 416//416 420//420
f 348//348 421//421 416//416
f 348//348 422//422 421//421
f 424//424 418//418 423//423
f 424//424 423//423 428//428
f 425//425 348//348 419//419
f 404//404 427//427 426//426
f 404//404 425//425 427//427
f 404//404 424//424 428//428
f 404//404 428//428 413//413
f 404//404 348//348 425//425
f 404//404 426//426 424//424
f 404//404 413//413 430//430
f 429//429 341//341 337//337
f 430//430 341//341 429//429
f 393//393 392//392 206//206
f 393//393 206//206 429//429
f 337//337 338//338 393//393
f 337//337 393//393 429//429
f 315//315 432//432 431//431
f 314//314 234//234 236//236
f 314//314 233//233 234//234
f 314//314 231//231 233//233
f 435//435 433//433 315//315
f 433//433 312//312 315//315
f 434//434 312//312 433//433
f 434//434 313//313 312//312
f 439//439 313//313 434//434
f 431//431 436//436 435//435
f 431//431 435//435 315//315
f 441//441 436//436 431//431
f 437//437 314//314 313//313
f 437//437 231//231 314//314
f 440//440 231//231 437//437
f 437//437 313//313 439//439
f 438//438 437//437 439//439
f 440//440 280//280 231//231
f 275//275 277//277 280//280
f 274//274 275//275 280//280
f 438//438 439//439 441//441
f 442//442 438//438 441//441
f 442//442 441//441 431//431
f 336//336 274//274 280//280
f 336//336 272//272 274//274
f 451//451 442//442 431//431
f 336//336 280//280 440//440
f 336//336 440//440 443//443
f 335//335 336//336 443//443
f 444//444 334//334 335//335
f 445//445 444//444 335//335
f 445//445 335//335 443//443
f 446//446 334//334 444//444
f 448//448 445//445 443//443
f 448//448 443//443 447//447
f 344//344 334//334 446//446
f 449//449 344//344 446//446
f 453//453 448//448 447//447
f 453//453 344//344 449//449
f 453//453 450//450 448//448
f 453//453 449//449 450//450
f 453//453 447//447 451//451
f 453//453 451//451 431//431
f 344//344 452//452 340//340
f 344//344 453//453 452//452
f 392//392 205//205 206//206
f 389//389 205//205 392//392
f 391//391 205//205 389//389
f 391//391 212//212 205//205
f 391//391 208//208 212//212
f 390//390 208//208 391//391
f 208//208 390//390 388//388
f 395//395 402//402 394//394
f 395//395 403//403 402//402
f 396//396 403//403 395//395
f 396//396 214//214 403//403
f 402//402 398//398 394//394
f 351//351 454//454 374//374
f 458//458 329//329 455//455
f 456//456 458//458 457//457
f 332//332 458//458 456//456
f 332//332 329//329 458//458
f 459//459 332//332 456//456
f 460//460 459//459 456//456
f 461//461 460//460 456//456
f 333//333 217//217 219//219
f 462//462 217//217 333//333
f 462//462 225//225 217//217
f 463//463 225//225 462//462
f 463//463 221//221 225//225
f 464//464 221//221 463//463
f 165//165 186//186 185//185
f 465//465 165//165 20//20
f 465//465 20//20 512//512
f 381//381 465//465 383//383
f 381//381 165//165 465//465
f 380//380 165//165 381//381
f 380//380 186//186 165//165
f 464//464 466//466 186//186
f 464//464 467//467 466//466
f 464//464 186//186 380//380
f 221//221 464//464 380//380
f 461//461 467//467 464//464
f 184//184 165//165 185//185
f 468//468 328//328 330//330
f 469//469 328//328 468//468
f 470//470 328//328 469//469
f 470//470 326//326 328//328
f 330//330 333//333 219//219
f 330//330 219//219 468//468
f 465//465 386//386 383//383
f 471//471 386//386 465//465
f 472//472 386//386 471//471
f 472//472 203//203 386//386
f 323//323 203//203 472//472
f 323//323 204//204 203//203
f 474//474 319//319 473//473
f 474//474 317//317 319//319
f 480//480 319//319 475//475
f 476//476 475//475 319//319
f 477//477 476//476 319//319
f 473//473 479//479 478//478
f 473//473 319//319 480//480
f 473//473 480//480 479//479
f 486//486 473//473 478//478
f 481//481 477//477 319//319
f 482//482 483//483 477//477
f 482//482 477//477 481//481
f 490//490 481//481 319//319
f 482//482 484//484 483//483
f 485//485 484//484 482//482
f 485//485 486//486 484//484
f 498//498 486//486 485//485
f 498//498 473//473 486//486
f 488//488 487//487 490//490
f 491//491 487//487 488//488
f 491//491 489//489 487//487
f 491//491 493//493 489//489
f 326//326 490//490 319//319
f 326//326 494//494 488//488
f 326//326 488//488 490//490
f 492//492 493//493 491//491
f 492//492 499//499 493//493
f 496//496 494//494 326//326
f 470//470 497//497 495//495
f 470//470 495//495 496//496
f 470//470 499//499 492//492
f 470//470 496//496 326//326
f 470//470 492//492 497//497
f 470//470 473//473 498//498
f 470//470 498//498 499//499
f 504//504 500//500 503//503
f 503//503 502//502 504//504
f 501//501 222//222 223//223
f 500//500 501//501 223//223
f 500//500 223//223 224//224
f 503//503 500//500 224//224
f 503//503 224//224 220//220
f 502//502 503//503 220//220
f 458//458 501//501 500//500
f 457//457 458//458 500//500
f 457//457 500//500 504//504
f 456//456 457//457 504//504
f 502//502 669//669 505//505
f 502//502 505//505 692//692
f 504//504 502//502 692//692
f 385//385 506//506 660//660
f 382//382 385//385 660//660
f 669//669 502//502 220//220
f 669//669 220//220 379//379
f 660//660 669//669 379//379
f 660//660 379//379 382//382
f 509//509 506//506 508//508
f 508//508 506//506 385//385
f 508//508 385//385 384//384
f 507//507 508//508 384//384
f 510//510 19//19 509//509
f 510//510 509//509 508//508
f 510//510 508//508 507//507
f 510//510 432//432 315//315
f 322//322 19//19 510//510
f 322//322 510//510 315//315
f 511//511 19//19 322//322
f 512//512 19//19 511//511
f 202//202 507//507 384//384
f 202//202 510//510 507//507
f 204//204 510//510 202//202
f 432//432 204//204 474//474
f 432//432 510//510 204//204
f 513//513 432//432 474//474
f 513//513 431//431 432//432
f 514//514 513//513 474//474
f 515//515 431//431 513//513
f 514//514 474//474 473//473
f 516//516 514//514 473//473
f 517//517 516//516 473//473
f 305//305 431//431 515//515
f 470//470 517//517 473//473
f 290//290 431//431 305//305
f 290//290 453//453 431//431
f 518//518 517//517 470//470
f 501//501 218//218 222//222
f 519//519 518//518 470//470
f 521//521 452//452 453//453
f 521//521 453//453 290//290
f 519//519 470//470 469//469
f 520//520 519//519 469//469
f 520//520 469//469 468//468
f 522//522 452//452 521//521
f 523//523 520//520 468//468
f 458//458 219//219 218//218
f 458//458 218//218 501//501
f 455//455 523//523 468//468
f 455//455 219//219 458//458
f 455//455 468//468 219//219
f 429//429 452//452 522//522
f 429//429 522//522 524//524
f 430//430 429//429 524//524
f 430//430 524//524 526//526
f 455//455 525//525 523//523
f 206//206 58//58 452//452
f 206//206 452//452 429//429
f 207//207 58//58 206//206
f 207//207 533//533 58//58
f 209//209 533//533 207//207
f 245//245 525//525 455//455
f 404//404 528//528 527//527
f 404//404 430//430 526//526
f 404//404 526//526 528//528
f 404//404 527//527 530//530
f 405//405 404//404 530//530
f 374//374 245//245 455//455
f 374//374 529//529 245//245
f 374//374 531//531 529//529
f 454//454 531//531 374//374
f 405//405 530//530 531//531
f 405//405 531//531 454//454
f 214//214 405//405 454//454
f 66//66 214//214 454//454
f 66//66 213//213 214//214
f 541//541 401//401 213//213
f 541//541 213//213 66//66
f 532//532 537//537 535//535
f 536//536 537//537 532//532
f 536//536 533//533 537//537
f 536//536 532//532 534//534
f 537//537 533//533 209//209
f 537//537 209//209 210//210
f 537//537 210//210 211//211
f 535//535 537//537 211//211
f 58//58 533//533 536//536
f 60//60 58//58 536//536
f 60//60 536//536 534//534
f 535//535 538//538 632//632
f 535//535 632//632 539//539
f 532//532 535//535 539//539
f 534//534 532//532 539//539
f 534//534 539//539 40//40
f 211//211 538//538 535//535
f 387//387 538//538 211//211
f 540//540 397//397 399//399
f 543//543 540//540 399//399
f 540//540 538//538 387//387
f 540//540 387//387 397//397
f 544//544 542//542 545//545
f 544//544 543//543 542//542
f 541//541 66//66 542//542
f 542//542 543//543 399//399
f 542//542 399//399 400//400
f 541//541 542//542 400//400
f 541//541 400//400 401//401
f 68//68 545//545 542//542
f 66//66 68//68 542//542
f 546//546 548//548 547//547
f 548//548 546//546 550//550
f 548//548 550//550 549//549
f 548//548 549//549 177//177
f 548//548 177//177 178//178
f 548//548 178//178 179//179
f 547//547 548//548 179//179
f 546//546 179//179 181//181
f 546//546 547//547 179//179
f 550//550 546//546 466//466
f 550//550 466//466 467//467
f 195//195 657//657 201//201
f 177//177 657//657 195//195
f 180//180 177//177 195//195
f 180//180 195//195 196//196
f 183//183 180//180 196//196
f 183//183 196//196 198//198
f 549//549 680//680 177//177
f 680//680 657//657 177//177
f 461//461 456//456 504//504
f 551//551 552//552 685//685
f 688//688 551//551 685//685
f 551//551 692//692 552//552
f 551//551 461//461 692//692
f 467//467 551//551 550//550
f 467//467 461//461 551//551
f 504//504 692//692 461//461
f 557//557 558//558 556//556
f 553//553 558//558 557//557
f 554//554 555//555 171//171
f 554//554 171//171 175//175
f 553//553 554//554 175//175
f 558//558 175//175 174//174
f 558//558 553//553 175//175
f 556//556 174//174 172//172
f 556//556 558//558 174//174
f 559//559 555//555 554//554
f 559//559 554//554 553//553
f 560//560 559//559 553//553
f 560//560 553//553 557//557
f 555//555 170//170 171//171
f 555//555 559//559 170//170
f 166//166 41//41 43//43
f 169//169 170//170 166//166
f 160//160 169//169 166//166
f 12//12 166//166 170//170
f 12//12 41//41 166//166
f 559//559 12//12 170//170
f 560//560 12//12 559//559
f 44//44 167//167 166//166
f 44//44 166//166 43//43
f 45//45 167//167 44//44
f 45//45 162//162 167//167
f 46//46 161//161 162//162
f 46//46 162//162 45//45
f 49//49 161//161 46//46
f 11//11 39//39 41//41
f 11//11 41//41 12//12
f 8//8 39//39 11//11
f 8//8 37//37 39//39
f 5//5 37//37 8//8
f 7//7 36//36 37//37
f 7//7 37//37 5//5
f 9//9 36//36 7//7
f 9//9 35//35 36//36
f 10//10 35//35 9//9
f 10//10 34//34 35//35
f 13//13 34//34 10//10
f 13//13 32//32 34//34
f 464//464 460//460 461//461
f 463//463 460//460 464//464
f 463//463 459//459 460//460
f 462//462 332//332 459//459
f 462//462 459//459 463//463
f 511//511 465//465 512//512
f 511//511 471//471 465//465
f 322//322 471//471 511//511
f 322//322 472//472 471//471
f 155//155 21//21 20//20
f 155//155 20//20 165//165
f 156//156 22//22 21//21
f 156//156 21//21 155//155
f 157//157 22//22 156//156
f 157//157 23//23 22//22
f 158//158 25//25 23//23
f 158//158 23//23 157//157
f 83//83 28//28 25//25
f 83//83 25//25 158//158
f 563//563 564//564 565//565
f 565//565 561//561 566//566
f 563//563 566//566 567//567
f 563//563 565//565 566//566
f 563//563 567//567 568//568
f 563//563 568//568 569//569
f 563//563 562//562 564//564
f 563//563 569//569 579//579
f 563//563 579//579 575//575
f 563//563 575//575 570//570
f 562//562 563//563 570//570
f 575//575 571//571 570//570
f 575//575 572//572 571//571
f 572//572 540//540 573//573
f 572//572 574//574 540//540
f 572//572 576//576 574//574
f 572//572 577//577 576//576
f 575//575 577//577 572//572
f 575//575 578//578 577//577
f 575//575 579//579 578//578
f 544//544 545//545 571//571
f 544//544 571//571 572//572
f 544//544 572//572 573//573
f 543//543 544//544 573//573
f 543//543 573//573 540//540
f 587//587 581//581 583//583
f 587//587 580//580 581//581
f 583//583 582//582 584//584
f 583//583 584//584 585//585
f 587//587 583//583 585//585
f 587//587 585//585 586//586
f 587//587 586//586 588//588
f 587//587 561//561 565//565
f 587//587 588//588 561//561
f 587//587 565//565 564//564
f 580//580 587//587 564//564
f 580//580 564//564 562//562
f 581//581 580//580 562//562
f 556//556 596//596 594//594
f 557//557 556//556 594//594
f 590//590 592//592 591//591
f 593//593 590//590 589//589
f 593//593 592//592 590//590
f 594//594 589//589 557//557
f 594//594 593//593 589//589
f 594//594 595//595 593//593
f 594//594 596//596 595//595
f 591//591 582//582 583//583
f 590//590 591//591 583//583
f 581//581 590//590 583//583
f 569//569 601//601 627//627
f 579//579 569//569 627//627
f 561//561 616//616 597//597
f 566//566 561//561 597//597
f 566//566 597//597 598//598
f 567//567 566//566 598//598
f 567//567 598//598 599//599
f 568//568 567//567 599//599
f 568//568 599//599 600//600
f 568//568 600//600 615//615
f 569//569 568//568 615//615
f 569//569 615//615 601//601
f 561//561 588//588 619//619
f 561//561 619//619 616//616
f 584//584 582//582 602//602
f 584//584 602//602 603//603
f 585//585 584//584 603//603
f 585//585 603//603 604//604
f 586//586 585//585 604//604
f 586//586 604//604 605//605
f 588//588 605//605 606//606
f 588//588 586//586 605//605
f 588//588 606//606 619//619
f 582//582 591//591 607//607
f 582//582 607//607 602//602
f 592//592 607//607 591//591
f 592//592 608//608 607//607
f 593//593 608//608 592//592
f 593//593 609//609 608//608
f 595//595 609//609 593//593
f 595//595 610//610 609//609
f 596//596 610//610 595//595
f 188//188 621//621 610//610
f 173//173 193//193 191//191
f 173//173 191//191 190//190
f 173//173 190//190 188//188
f 172//172 173//173 188//188
f 172//172 188//188 610//610
f 596//596 556//556 172//172
f 610//610 596//596 172//172
f 611//611 613//613 612//612
f 611//611 614//614 613//613
f 615//615 600//600 599//599
f 611//611 615//615 599//599
f 611//611 599//599 598//598
f 611//611 598//598 597//597
f 611//611 616//616 614//614
f 611//611 597//597 616//616
f 620//620 617//617 618//618
f 620//620 618//618 606//606
f 620//620 606//606 605//605
f 620//620 605//605 604//604
f 620//620 604//604 603//603
f 620//620 603//603 602//602
f 624//624 610//610 621//621
f 624//624 621//621 622//622
f 42//42 622//622 623//623
f 624//624 622//622 42//42
f 625//625 624//624 42//42
f 624//624 609//609 610//610
f 624//624 608//608 609//609
f 607//607 624//624 625//625
f 624//624 607//607 608//608
f 620//620 602//602 607//607
f 620//620 607//607 625//625
f 617//617 620//620 625//625
f 614//614 616//616 619//619
f 614//614 619//619 606//606
f 614//614 606//606 618//618
f 613//613 614//614 618//618
f 612//612 613//613 618//618
f 612//612 618//618 617//617
f 627//627 601//601 615//615
f 629//629 627//627 615//615
f 626//626 629//629 615//615
f 626//626 615//615 611//611
f 626//626 611//611 612//612
f 629//629 628//628 627//627
f 629//629 630//630 628//628
f 539//539 629//629 626//626
f 539//539 626//626 40//40
f 629//629 631//631 630//630
f 632//632 629//629 539//539
f 629//629 633//633 631//631
f 632//632 633//633 629//629
f 632//632 538//538 633//633
f 574//574 538//538 540//540
f 574//574 633//633 538//538
f 576//576 633//633 574//574
f 576//576 631//631 633//633
f 577//577 631//631 576//576
f 577//577 630//630 631//631
f 578//578 630//630 577//577
f 578//578 628//628 630//630
f 579//579 628//628 578//578
f 579//579 627//627 628//628
f 641//641 636//636 639//639
f 641//641 637//637 634//634
f 641//641 639//639 638//638
f 641//641 640//640 637//637
f 641//641 642//642 640//640
f 641//641 635//635 642//642
f 641//641 638//638 635//635
f 645//645 651//651 644//644
f 651//651 647//647 646//646
f 651//651 648//648 647//647
f 651//651 649//649 648//648
f 651//651 643//643 649//649
f 651//651 650//650 644//644
f 651//651 646//646 650//650
f 652//652 200//200 201//201
f 653//653 655//655 654//654
f 652//652 655//655 653//653
f 657//657 655//655 652//652
f 657//657 656//656 655//655
f 657//657 652//652 201//201
f 651//651 645//645 653//653
f 651//651 653//653 654//654
f 643//643 651//651 654//654
f 636//636 645//645 644//644
f 639//639 636//636 644//644
f 639//639 644//644 650//650
f 638//638 639//639 650//650
f 635//635 638//638 650//650
f 635//635 650//650 646//646
f 658//658 636//636 641//641
f 664//664 641//641 634//634
f 664//664 658//658 641//641
f 660//660 659//659 658//658
f 658//658 662//662 661//661
f 658//658 661//661 660//660
f 658//658 663//663 662//662
f 658//658 664//664 663//663
f 506//506 509//509 659//659
f 506//506 659//659 660//660
f 665//665 663//663 664//664
f 666//666 663//663 665//665
f 666//666 662//662 663//663
f 667//667 662//662 666//666
f 667//667 661//661 662//662
f 668//668 661//661 667//667
f 668//668 660//660 661//661
f 669//669 660//660 668//668
f 665//665 664//664 634//634
f 670//670 665//665 634//634
f 670//670 634//634 637//637
f 671//671 670//670 637//637
f 671//671 637//637 640//640
f 672//672 671//671 640//640
f 672//672 640//640 642//642
f 687//687 672//672 642//642
f 687//687 642//642 635//635
f 673//673 687//687 635//635
f 673//673 635//635 646//646
f 674//674 673//673 646//646
f 675//675 674//674 646//646
f 675//675 646//646 647//647
f 676//676 675//675 647//647
f 676//676 647//647 648//648
f 677//677 676//676 648//648
f 677//677 648//648 649//649
f 678//678 677//677 649//649
f 678//678 649//649 643//643
f 679//679 678//678 643//643
f 683//683 643//643 654//654
f 683//683 679//679 643//643
f 681//681 657//657 680//680
f 681//681 656//656 657//657
f 682//682 656//656 681//681
f 682//682 655//655 656//656
f 683//683 655//655 682//682
f 683//683 654//654 655//655
f 687//687 685//685 684//684
f 687//687 686//686 685//685
f 684//684 670//670 671//671
f 687//687 673//673 686//686
f 684//684 671//671 672//672
f 687//687 684//684 672//672
f 689//689 688//688 675//675
f 689//689 675//675 676//676
f 689//689 676//676 677//677
f 689//689 677//677 678//678
f 689//689 678//678 679//679
f 690//690 550//550 551//551
f 690//690 549//549 550//550
f 680//680 549//549 690//690
f 691//691 690//690 551//551
f 690//690 681//681 680//680
f 688//688 691//691 551//551
f 690//690 682//682 681//681
f 691//691 682//682 690//690
f 691//691 683//683 682//682
f 689//689 679//679 683//683
f 689//689 683//683 691//691
f 689//689 691//691 688//688
f 686//686 673//673 674//674
f 686//686 674//674 675//675
f 685//685 675//675 688//688
f 685//685 686//686 675//675
f 552//552 665//665 670//670
f 552//552 670//670 684//684
f 685//685 552//552 684//684
f 692//692 505//505 552//552
f 552//552 666//666 665//665
f 505//505 666//666 552//552
f 505//505 667//667 666//666
f 505//505 668//668 667//667
f 505//505 669//669 668//668
f 701//701 694//694 696//696
f 694//694 697//697 696//696
f 694//694 698//698 693//693
f 694//694 699//699 698//698
f 694//694 700//700 699//699
f 701//701 700//700 694//694
f 705//705 708//708 703//703
f 703//703 702//702 705//705
f 703//703 704//704 702//702
f 703//703 706//706 707//707
f 703//703 710//710 704//704
f 703//703 711//711 710//710
f 703//703 712//712 711//711
f 703//703 707//707 712//712
f 709//709 703//703 708//708
f 767//767 713//713 714//714
f 720//720 721//721 722//722
f 720//720 724//724 723//723
f 720//720 725//725 724//724
f 720//720 726//726 725//725
f 720//720 727//727 726//726
f 720//720 719//719 727//727
f 720//720 722//722 719//719
f 728//728 732//732 730//730
f 728//728 733//733 732//732
f 728//728 734//734 733//733
f 728//728 730//730 731//731
f 729//729 734//734 728//728
f 742//742 736//736 757//757
f 742//742 735//735 736//736
f 735//735 737//737 739//739
f 737//737 740//740 738//738
f 737//737 741//741 740//740
f 741//741 737//737 735//735
f 742//742 741//741 735//735
f 747//747 737//737 738//738
f 747//747 745//745 737//737
f 745//745 748//748 743//743
f 745//745 746//746 744//744
f 745//745 747//747 746//746
f 743//743 739//739 737//737
f 737//737 745//745 743//743
f 749//749 748//748 745//745
f 749//749 745//745 744//744
f 750//750 748//748 749//749
f 751//751 750//750 749//749
f 752//752 754//754 753//753
f 752//752 755//755 754//754
f 750//750 756//756 755//755
f 750//750 755//755 752//752
f 750//750 751//751 756//756
f 729//729 728//728 752//752
f 729//729 752//752 753//753
f 758//758 736//736 735//735
f 759//759 736//736 758//758
f 758//758 164//164 163//163
f 759//759 758//758 163//163
f 721//721 728//728 731//731
f 722//722 721//721 731//731
f 722//722 731//731 730//730
f 719//719 722//722 730//730
f 716//716 721//721 720//720
f 718//718 716//716 720//720
f 718//718 720//720 723//723
f 715//715 718//718 723//723
f 761//761 760//760 716//716
f 761//761 716//716 718//718
f 762//762 718//718 717//717
f 762//762 761//761 718//718
f 761//761 766//766 760//760
f 761//761 764//764 763//763
f 761//761 765//765 764//764
f 761//761 762//762 765//765
f 766//766 761//761 763//763
f 772//772 766//766 763//763
f 768//768 770//770 769//769
f 766//766 768//768 760//760
f 766//766 770//770 768//768
f 766//766 771//771 770//770
f 766//766 772//772 771//771
f 769//769 713//713 767//767
f 768//768 769//769 767//767
f 714//714 706//706 703//703
f 767//767 714//714 703//703
f 767//767 703//703 709//709
f 705//705 695//695 701//701
f 705//705 702//702 695//695
f 705//705 701//701 696//696
f 708//708 705//705 696//696
f 708//708 696//696 697//697
f 709//709 708//708 697//697
f 694//694 693//693 783//783
f 694//694 783//783 780//780
f 697//697 694//694 773//773
f 773//773 776//776 774//774
f 780//780 776//776 773//773
f 776//776 775//775 785//785
f 776//776 777//777 775//775
f 776//776 778//778 777//777
f 776//776 779//779 778//778
f 780//780 779//779 776//776
f 780//780 773//773 694//694
f 780//780 781//781 779//779
f 780//780 782//782 781//781
f 780//780 783//783 782//782
f 776//776 785//785 784//784
f 774//774 776//776 784//784
f 785//785 787//787 784//784
f 785//785 791//791 787//787
f 789//789 788//788 786//786
f 789//789 790//790 788//788
f 787//787 790//790 789//789
f 787//787 791//791 790//790
f 789//789 798//798 797//797
f 789//789 786//786 798//798
f 797//797 793//793 792//792
f 794//794 793//793 797//797
f 797//797 795//795 794//794
f 797//797 796//796 795//795
f 797//797 798//798 796//796
f 793//793 802//802 803//803
f 792//792 793//793 803//803
f 800//800 792//792 803//803
f 801//801 799//799 800//800
f 801//801 800//800 803//803
f 799//799 50//50 47//47
f 800//800 799//799 47//47
f 794//794 805//805 804//804
f 794//794 804//804 793//793
f 795//795 805//805 794//794
f 808//808 807//807 806//806
f 795//795 806//806 805//805
f 796//796 808//808 806//806
f 796//796 806//806 795//795
f 796//796 809//809 808//808
f 798//798 809//809 796//796
f 798//798 810//810 809//809
f 786//786 810//810 798//798
f 786//786 811//811 810//810
f 788//788 811//811 786//786
f 788//788 812//812 811//811
f 790//790 812//812 788//788
f 790//790 813//813 812//812
f 791//791 813//813 790//790
f 791//791 815//815 814//814
f 791//791 814//814 813//813
f 785//785 815//815 791//791
f 972//972 891//891 973//973
f 972//972 816//816 891//891
f 785//785 983//983 815//815
f 775//775 983//983 785//785
f 816//816 983//983 775//775
f 816//816 972//972 983//983
f 775//775 817//817 816//816
f 777//777 817//817 775//775
f 778//778 817//817 777//777
f 778//778 818//818 817//817
f 779//779 818//818 778//778
f 779//779 819//819 818//818
f 781//781 819//819 779//779
f 781//781 820//820 819//819
f 782//782 820//820 781//781
f 783//783 821//821 820//820
f 783//783 820//820 782//782
f 783//783 822//822 821//821
f 693//693 822//822 783//783
f 695//695 823//823 824//824
f 701//701 695//695 824//824
f 700//700 701//701 824//824
f 700//700 824//824 825//825
f 700//700 825//825 826//826
f 699//699 700//700 826//826
f 699//699 826//826 827//827
f 698//698 699//699 827//827
f 698//698 827//827 822//822
f 693//693 698//698 822//822
f 702//702 823//823 695//695
f 702//702 833//833 823//823
f 707//707 706//706 828//828
f 707//707 828//828 829//829
f 712//712 707//707 829//829
f 712//712 829//829 830//830
f 711//711 712//712 830//830
f 711//711 830//830 831//831
f 710//710 711//711 831//831
f 710//710 831//831 832//832
f 704//704 710//710 832//832
f 702//702 832//832 833//833
f 702//702 704//704 832//832
f 714//714 828//828 706//706
f 714//714 835//835 828//828
f 713//713 834//834 835//835
f 714//714 713//713 835//835
f 769//769 834//834 713//713
f 769//769 836//836 834//834
f 769//769 837//837 836//836
f 770//770 837//837 769//769
f 770//770 838//838 837//837
f 771//771 838//838 770//770
f 771//771 839//839 838//838
f 772//772 839//839 771//771
f 772//772 763//763 840//840
f 772//772 840//840 839//839
f 764//764 840//840 763//763
f 764//764 841//841 840//840
f 765//765 841//841 764//764
f 765//765 842//842 841//841
f 762//762 843//843 842//842
f 762//762 842//842 765//765
f 762//762 717//717 845//845
f 762//762 845//845 843//843
f 715//715 844//844 915//915
f 718//718 715//715 915//915
f 717//717 915//915 845//845
f 717//717 718//718 915//915
f 715//715 723//723 846//846
f 715//715 846//846 844//844
f 727//727 719//719 847//847
f 727//727 847//847 848//848
f 727//727 848//848 849//849
f 726//726 727//727 849//849
f 726//726 849//849 850//850
f 725//725 726//726 850//850
f 724//724 725//725 850//850
f 724//724 850//850 851//851
f 723//723 724//724 851//851
f 723//723 851//851 846//846
f 719//719 730//730 856//856
f 719//719 856//856 847//847
f 734//734 729//729 852//852
f 734//734 852//852 853//853
f 733//733 734//734 853//853
f 733//733 853//853 854//854
f 732//732 733//733 854//854
f 732//732 854//854 855//855
f 730//730 855//855 856//856
f 730//730 732//732 855//855
f 729//729 753//753 857//857
f 729//729 857//857 852//852
f 753//753 858//858 857//857
f 754//754 858//858 753//753
f 755//755 858//858 754//754
f 755//755 859//859 858//858
f 756//756 859//859 755//755
f 756//756 860//860 859//859
f 751//751 861//861 860//860
f 751//751 860//860 756//756
f 965//965 964//964 945//945
f 965//965 945//945 861//861
f 749//749 862//862 957//957
f 751//751 749//749 957//957
f 861//861 751//751 957//957
f 861//861 957//957 965//965
f 744//744 864//864 862//862
f 744//744 863//863 864//864
f 749//749 744//744 862//862
f 744//744 865//865 863//863
f 746//746 865//865 744//744
f 746//746 866//866 865//865
f 747//747 866//866 746//746
f 747//747 867//867 866//866
f 738//738 868//868 867//867
f 747//747 738//738 867//867
f 740//740 869//869 868//868
f 740//740 868//868 738//738
f 871//871 870//870 869//869
f 740//740 871//871 869//869
f 740//740 872//872 871//871
f 741//741 872//872 740//740
f 741//741 873//873 872//872
f 742//742 873//873 741//741
f 742//742 874//874 873//873
f 742//742 757//757 878//878
f 742//742 878//878 874//874
f 759//759 875//875 876//876
f 736//736 759//759 876//876
f 736//736 876//876 877//877
f 757//757 736//736 877//877
f 757//757 877//877 878//878
f 949//949 879//879 159//159
f 880//880 159//159 879//879
f 949//949 159//159 927//927
f 163//163 881//881 875//875
f 163//163 882//882 881//881
f 163//163 883//883 882//882
f 759//759 163//163 875//875
f 163//163 159//159 884//884
f 884//884 159//159 880//880
f 163//163 884//884 883//883
f 886//886 826//826 885//885
f 886//886 885//885 887//887
f 885//885 824//824 823//823
f 885//885 825//825 824//824
f 826//826 825//825 885//885
f 886//886 822//822 827//827
f 886//886 827//827 826//826
f 821//821 822//822 886//886
f 889//889 821//821 886//886
f 889//889 886//886 887//887
f 889//889 820//820 821//821
f 889//889 819//819 820//820
f 888//888 819//819 889//889
f 888//888 818//818 819//819
f 888//888 817//817 818//818
f 888//888 816//816 817//817
f 891//891 816//816 888//888
f 890//890 891//891 888//888
f 893//893 891//891 890//890
f 893//893 890//890 892//892
f 893//893 892//892 895//895
f 896//896 893//893 895//895
f 893//893 896//896 894//894
f 898//898 897//897 896//896
f 898//898 896//896 895//895
f 895//895 904//904 898//898
f 898//898 899//899 897//897
f 900//900 898//898 904//904
f 898//898 901//901 899//899
f 900//900 901//901 898//898
f 900//900 902//902 901//901
f 903//903 902//902 900//900
f 907//907 903//903 900//900
f 907//907 900//900 904//904
f 908//908 903//903 907//907
f 905//905 908//908 907//907
f 905//905 907//907 909//909
f 27//27 906//906 905//905
f 26//26 27//27 905//905
f 26//26 905//905 909//909
f 910//910 912//912 911//911
f 912//912 829//829 828//828
f 912//912 830//830 829//829
f 912//912 831//831 830//830
f 912//912 832//832 831//831
f 913//913 832//832 912//912
f 913//913 833//833 832//832
f 910//910 913//913 912//912
f 823//823 833//833 913//913
f 885//885 823//823 913//913
f 885//885 913//913 910//910
f 887//887 885//885 910//910
f 887//887 910//910 911//911
f 914//914 835//835 834//834
f 828//828 835//835 914//914
f 912//912 828//828 914//914
f 911//911 912//912 914//914
f 916//916 917//917 918//918
f 915//915 916//916 918//918
f 915//915 918//918 843//843
f 845//845 915//915 843//843
f 918//918 842//842 843//843
f 918//918 841//841 842//842
f 918//918 840//840 841//841
f 920//920 839//839 840//840
f 920//920 840//840 918//918
f 919//919 918//918 917//917
f 920//920 918//918 919//919
f 920//920 838//838 839//839
f 920//920 837//837 838//838
f 920//920 836//836 837//837
f 914//914 834//834 836//836
f 914//914 836//836 920//920
f 914//914 920//920 919//919
f 922//922 923//923 921//921
f 921//921 848//848 847//847
f 923//923 849//849 848//848
f 923//923 848//848 921//921
f 923//923 850//850 849//849
f 923//923 851//851 850//850
f 924//924 851//851 923//923
f 924//924 846//846 851//851
f 923//923 922//922 916//916
f 924//924 923//923 916//916
f 924//924 916//916 915//915
f 924//924 915//915 844//844
f 846//846 924//924 844//844
f 855//855 853//853 852//852
f 855//855 852//852 925//925
f 855//855 854//854 853//853
f 925//925 922//922 921//921
f 855//855 925//925 921//921
f 856//856 855//855 921//921
f 856//856 921//921 847//847
f 932//932 935//935 926//926
f 929//929 930//930 927//927
f 929//929 931//931 930//930
f 929//929 933//933 931//931
f 926//926 929//929 932//932
f 926//926 933//933 929//929
f 154//154 928//928 929//929
f 154//154 929//929 927//927
f 159//159 154//154 927//927
f 935//935 934//934 926//926
f 937//937 934//934 935//935
f 938//938 937//937 935//935
f 937//937 936//936 934//934
f 939//939 937//937 938//938
f 938//938 941//941 942//942
f 939//939 938//938 942//942
f 939//939 942//942 940//940
f 942//942 943//943 940//940
f 942//942 944//944 943//943
f 942//942 941//941 946//946
f 942//942 946//946 945//945
f 944//944 942//942 945//945
f 945//945 946//946 947//947
f 945//945 947//947 861//861
f 947//947 860//860 861//861
f 948//948 860//860 947//947
f 948//948 859//859 860//860
f 948//948 858//858 859//859
f 948//948 857//857 858//858
f 857//857 925//925 852//852
f 857//857 948//948 925//925
f 199//199 197//197 194//194
f 935//935 194//194 938//938
f 935//935 199//199 194//194
f 941//941 938//938 194//194
f 928//928 199//199 935//935
f 932//932 928//928 935//935
f 932//932 929//929 928//928
f 895//895 892//892 941//941
f 895//895 941//941 194//194
f 890//890 946//946 941//941
f 890//890 941//941 892//892
f 24//24 895//895 194//194
f 24//24 904//904 895//895
f 888//888 946//946 890//890
f 888//888 947//947 946//946
f 889//889 947//947 888//888
f 917//917 925//925 948//948
f 917//917 948//948 947//947
f 916//916 922//922 917//917
f 909//909 907//907 904//904
f 919//919 947//947 889//889
f 919//919 917//917 947//947
f 919//919 889//889 887//887
f 26//26 909//909 904//904
f 26//26 904//904 24//24
f 911//911 914//914 919//919
f 887//887 911//911 919//919
f 922//922 925//925 917//917
f 950//950 949//949 927//927
f 950//950 927//927 930//930
f 950//950 930//930 931//931
f 951//951 950//950 931//931
f 951//951 931//931 933//933
f 952//952 933//933 926//926
f 952//952 951//951 933//933
f 1036//1036 926//926 934//934
f 1036//1036 952//952 926//926
f 953//953 812//812 813//813
f 954//954 953//953 813//813
f 954//954 813//813 814//814
f 955//955 121//121 987//987
f 955//955 122//122 121//121
f 956//956 122//122 955//955
f 862//862 956//956 957//957
f 862//862 122//122 956//956
f 864//864 117//117 122//122
f 864//864 122//122 862//862
f 111//111 117//117 1001//1001
f 863//863 117//117 864//864
f 863//863 1001//1001 117//117
f 1004//1004 111//111 1001//1001
f 1004//1004 118//118 111//111
f 958//958 118//118 1004//1004
f 120//120 118//118 958//958
f 959//959 120//120 958//958
f 136//136 120//120 959//959
f 137//137 136//136 959//959
f 960//960 137//137 959//959
f 138//138 137//137 960//960
f 961//961 138//138 960//960
f 961//961 107//107 138//138
f 962//962 107//107 961//961
f 963//963 107//107 962//962
f 101//101 107//107 963//963
f 964//964 99//99 101//101
f 964//964 101//101 963//963
f 966//966 964//964 965//965
f 966//966 99//99 964//964
f 967//967 99//99 966//966
f 968//968 99//99 967//967
f 968//968 97//97 99//99
f 969//969 93//93 97//97
f 969//969 97//97 968//968
f 970//970 93//93 969//969
f 971//971 93//93 970//970
f 973//973 971//971 972//972
f 973//973 93//93 971//971
f 973//973 92//92 93//93
f 974//974 92//92 973//973
f 975//975 89//89 92//92
f 975//975 92//92 974//974
f 976//976 89//89 975//975
f 977//977 89//89 976//976
f 977//977 142//142 89//89
f 978//978 142//142 977//977
f 978//978 141//141 142//142
f 979//979 141//141 978//978
f 979//979 140//140 141//141
f 980//980 140//140 979//979
f 980//980 106//106 140//140
f 980//980 104//104 106//106
f 981//981 104//104 980//980
f 981//981 103//103 104//104
f 981//981 982//982 103//103
f 954//954 103//103 982//982
f 954//954 109//109 103//103
f 814//814 109//109 954//954
f 814//814 114//114 109//109
f 815//815 114//114 814//814
f 984//984 815//815 983//983
f 984//984 114//114 815//815
f 985//985 114//114 984//984
f 986//986 114//114 985//985
f 986//986 121//121 114//114
f 987//987 121//121 986//986
f 981//981 988//988 982//982
f 988//988 991//991 995//995
f 988//988 995//995 982//982
f 977//977 1044//1044 989//989
f 978//978 977//977 989//989
f 990//990 980//980 979//979
f 990//990 981//981 980//980
f 991//991 981//981 990//990
f 988//988 981//981 991//991
f 990//990 979//979 989//989
f 979//979 978//978 989//989
f 808//808 809//809 992//992
f 807//807 808//808 992//992
f 807//807 992//992 993//993
f 996//996 1023//1023 79//79
f 994//994 996//996 79//79
f 990//990 989//989 996//996
f 990//990 996//996 994//994
f 110//110 993//993 994//994
f 110//110 994//994 79//79
f 806//806 807//807 993//993
f 806//806 993//993 110//110
f 991//991 990//990 994//994
f 991//991 994//994 995//995
f 989//989 1044//1044 1314//1314
f 989//989 1314//1314 996//996
f 961//961 147//147 998//998
f 960//960 147//147 961//961
f 999//999 959//959 958//958
f 999//999 147//147 959//959
f 959//959 147//147 960//960
f 999//999 1004//1004 1000//1000
f 1001//1001 863//863 865//865
f 865//865 1002//1002 1001//1001
f 866//866 1002//1002 865//865
f 867//867 1002//1002 866//866
f 1003//1003 869//869 870//870
f 868//868 1002//1002 867//867
f 868//868 1003//1003 1002//1002
f 869//869 1003//1003 868//868
f 1004//1004 999//999 958//958
f 1006//1006 127//127 1005//1005
f 1006//1006 804//804 127//127
f 804//804 129//129 127//127
f 1007//1007 804//804 1006//1006
f 805//805 129//129 804//804
f 806//806 129//129 805//805
f 110//110 129//129 806//806
f 1005//1005 127//127 124//124
f 1008//1008 1005//1005 124//124
f 1010//1010 126//126 1009//1009
f 1010//1010 125//125 126//126
f 1011//1011 125//125 1010//1010
f 1011//1011 124//124 125//125
f 1008//1008 124//124 1011//1011
f 1012//1012 1009//1009 126//126
f 1012//1012 126//126 76//76
f 1013//1013 77//77 1020//1020
f 1013//1013 75//75 77//77
f 1014//1014 74//74 75//75
f 1014//1014 75//75 1013//1013
f 1012//1012 74//74 1014//1014
f 1012//1012 76//76 74//74
f 1024//1024 77//77 78//78
f 1016//1016 1024//1024 1015//1015
f 1017//1017 1024//1024 1016//1016
f 1019//1019 1015//1015 1024//1024
f 1019//1019 1024//1024 1018//1018
f 1017//1017 77//77 1024//1024
f 1049//1049 1019//1019 1018//1018
f 1020//1020 1017//1017 1022//1022
f 1021//1021 1020//1020 1022//1022
f 1020//1020 77//77 1017//1017
f 880//880 96//96 98//98
f 880//880 98//98 884//884
f 879//879 96//96 880//880
f 879//879 94//94 96//96
f 949//949 94//94 879//879
f 153//153 149//149 151//151
f 883//883 153//153 1027//1027
f 884//884 98//98 149//149
f 884//884 149//149 153//153
f 884//884 153//153 883//883
f 1023//1023 78//78 79//79
f 1024//1024 78//78 1023//1023
f 881//881 1026//1026 1025//1025
f 881//881 1025//1025 875//875
f 882//882 1026//1026 881//881
f 882//882 1027//1027 1026//1026
f 883//883 1027//1027 882//882
f 876//876 1025//1025 1030//1030
f 875//875 1025//1025 876//876
f 872//872 1028//1028 871//871
f 1029//1029 1028//1028 872//872
f 873//873 1029//1029 872//872
f 1030//1030 1029//1029 873//873
f 1030//1030 873//873 874//874
f 878//878 1030//1030 874//874
f 877//877 1030//1030 878//878
f 876//876 1030//1030 877//877
f 1031//1031 86//86 94//94
f 1032//1032 86//86 1031//1031
f 1032//1032 88//88 86//86
f 997//997 88//88 1032//1032
f 1022//1022 903//903 908//908
f 1021//1021 1022//1022 908//908
f 1021//1021 908//908 905//905
f 1020//1020 1021//1021 905//905
f 1020//1020 905//905 906//906
f 1013//1013 1020//1020 906//906
f 1013//1013 27//27 1014//1014
f 1012//1012 1014//1014 27//27
f 1013//1013 906//906 27//27
f 50//50 1010//1010 1009//1009
f 50//50 1011//1011 1010//1010
f 50//50 1008//1008 1011//1011
f 799//799 1008//1008 50//50
f 50//50 1012//1012 27//27
f 50//50 1009//1009 1012//1012
f 802//802 1007//1007 1006//1006
f 803//803 802//802 1006//1006
f 803//803 1006//1006 1005//1005
f 801//801 803//803 1005//1005
f 801//801 1005//1005 1008//1008
f 799//799 801//801 1008//1008
f 793//793 1007//1007 802//802
f 793//793 804//804 1007//1007
f 1033//1033 937//937 939//939
f 1034//1034 937//937 1033//1033
f 1034//1034 936//936 937//937
f 1035//1035 936//936 1034//1034
f 1035//1035 934//934 936//936
f 1036//1036 934//934 1035//1035
f 1040//1040 939//939 940//940
f 1040//1040 1033//1033 939//939
f 962//962 1037//1037 1038//1038
f 962//962 1038//1038 963//963
f 962//962 998//998 1037//1037
f 961//961 998//998 962//962
f 1039//1039 943//943 944//944
f 1039//1039 944//944 1038//1038
f 1041//1041 943//943 1039//1039
f 1041//1041 940//940 943//943
f 1040//1040 940//940 1041//1041
f 1041//1041 1039//1039 1037//1037
f 1038//1038 1037//1037 1039//1039
f 1038//1038 944//944 945//945
f 964//964 963//963 1038//1038
f 964//964 1038//1038 945//945
f 984//984 983//983 972//972
f 984//984 972//972 971//971
f 985//985 984//984 971//971
f 985//985 971//971 970//970
f 985//985 970//970 969//969
f 986//986 985//985 969//969
f 969//969 987//987 986//986
f 968//968 987//987 969//969
f 1017//1017 901//901 902//902
f 1016//1016 901//901 1017//1017
f 1016//1016 899//899 901//901
f 1015//1015 899//899 1016//1016
f 1019//1019 897//897 899//899
f 1019//1019 899//899 1015//1015
f 1017//1017 903//903 1022//1022
f 1017//1017 902//902 903//903
f 977//977 1042//1042 1044//1044
f 976//976 1042//1042 977//977
f 975//975 1043//1043 1042//1042
f 975//975 1042//1042 976//976
f 1047//1047 1042//1042 1043//1043
f 1047//1047 1044//1044 1042//1042
f 1045//1045 896//896 1049//1049
f 1045//1045 894//894 896//896
f 1048//1048 894//894 1045//1045
f 1048//1048 893//893 894//894
f 1043//1043 893//893 1048//1048
f 1048//1048 1046//1046 1047//1047
f 1048//1048 1045//1045 1046//1046
f 1045//1045 1049//1049 1046//1046
f 1048//1048 1047//1047 1043//1043
f 1049//1049 897//897 1019//1019
f 1049//1049 896//896 897//897
f 987//987 968//968 967//967
f 955//955 987//987 967//967
f 956//956 967//967 966//966
f 956//956 955//955 967//967
f 957//957 956//956 966//966
f 957//957 966//966 965//965
f 1043//1043 891//891 893//893
f 974//974 1043//1043 975//975
f 973//973 891//891 1043//1043
f 973//973 1043//1043 974//974
f 347//347 528//528 346//346
f 347//347 527//527 528//528
f 347//347 530//530 527//527
f 349//349 530//530 347//347
f 349//349 531//531 530//530
f 352//352 531//531 349//349
f 352//352 529//529 531//531
f 352//352 245//245 529//529
f 242//242 245//245 352//352
f 1053//1053 1050//1050 346//346
f 1051//1051 346//346 1050//1050
f 1052//1052 346//346 1051//1051
f 528//528 1054//1054 1053//1053
f 528//528 1055//1055 1054//1054
f 528//528 1056//1056 1055//1055
f 1057//1057 346//346 1052//1052
f 1058//1058 346//346 1057//1057
f 1057//1057 1052//1052 1061//1061
f 1059//1059 346//346 1058//1058
f 1060//1060 1057//1057 1061//1061
f 1060//1060 1061//1061 1062//1062
f 1063//1063 1060//1060 1062//1062
f 1063//1063 1062//1062 1056//1056
f 1063//1063 1056//1056 528//528
f 1074//1074 1063//1063 528//528
f 345//345 346//346 1059//1059
f 345//345 1059//1059 1064//1064
f 1065//1065 1064//1064 1067//1067
f 1065//1065 345//345 1064//1064
f 1066//1066 345//345 1065//1065
f 1068//1068 1065//1065 1067//1067
f 1068//1068 1067//1067 1070//1070
f 1069//1069 345//345 1066//1066
f 1071//1071 1068//1068 1070//1070
f 1073//1073 345//345 1069//1069
f 526//526 1071//1071 1070//1070
f 526//526 1072//1072 1071//1071
f 526//526 1073//1073 1072//1072
f 526//526 1070//1070 1074//1074
f 345//345 1073//1073 526//526
f 526//526 1074//1074 528//528
f 528//528 1053//1053 346//346
f 519//519 324//324 325//325
f 519//519 325//325 518//518
f 520//520 324//324 519//519
f 520//520 331//331 324//324
f 523//523 331//331 520//520
f 523//523 327//327 331//331
f 525//525 327//327 523//523
f 1076//1076 1075//1075 325//325
f 1079//1079 325//325 1075//1075
f 1082//1082 1076//1076 325//325
f 518//518 1078//1078 1077//1077
f 518//518 1079//1079 1078//1078
f 518//518 1077//1077 1085//1085
f 1080//1080 1082//1082 325//325
f 1083//1083 1082//1082 1080//1080
f 1081//1081 1080//1080 325//325
f 1083//1083 1084//1084 1082//1082
f 1086//1086 1084//1084 1083//1083
f 1086//1086 1085//1085 1084//1084
f 1087//1087 1085//1085 1086//1086
f 1087//1087 518//518 1085//1085
f 320//320 1088//1088 1081//1081
f 320//320 1081//1081 325//325
f 1089//1089 1088//1088 320//320
f 1092//1092 1089//1089 320//320
f 1089//1089 1091//1091 1088//1088
f 1090//1090 1091//1091 1089//1089
f 1095//1095 1092//1092 320//320
f 1090//1090 1093//1093 1091//1091
f 1094//1094 1093//1093 1090//1090
f 1096//1096 1095//1095 320//320
f 517//517 1099//1099 1093//1093
f 517//517 1093//1093 1094//1094
f 517//517 1097//1097 1096//1096
f 517//517 1098//1098 1097//1097
f 517//517 1094//1094 1098//1098
f 518//518 325//325 1079//1079
f 320//320 517//517 1096//1096
f 517//517 518//518 1099//1099
f 1099//1099 518//518 1087//1087
f 515//515 301//301 305//305
f 515//515 316//316 301//301
f 513//513 316//316 515//515
f 513//513 318//318 316//316
f 514//514 318//318 513//513
f 514//514 321//321 318//318
f 516//516 321//321 514//514
f 517//517 320//320 321//321
f 517//517 321//321 516//516
f 286//286 521//521 290//290
f 342//342 521//521 286//286
f 342//342 522//522 521//521
f 339//339 522//522 342//342
f 343//343 522//522 339//339
f 343//343 524//524 522//522
f 343//343 526//526 524//524
f 345//345 526//526 343//343
f 292//292 448//448 450//450
f 294//294 448//448 292//292
f 294//294 445//445 448//448
f 289//289 445//445 294//294
f 289//289 444//444 445//445
f 288//288 444//444 289//289
f 288//288 446//446 444//444
f 287//287 446//446 288//288
f 287//287 449//449 446//446
f 291//291 449//449 287//287
f 291//291 450//450 449//449
f 292//292 450//450 291//291
f 1073//1073 406//406 408//408
f 1069//1069 406//406 1073//1073
f 1069//1069 407//407 406//406
f 1066//1066 407//407 1069//1069
f 1065//1065 407//407 1066//1066
f 1065//1065 410//410 407//407
f 1068//1068 410//410 1065//1065
f 1068//1068 411//411 410//410
f 1071//1071 411//411 1068//1068
f 1071//1071 414//414 411//411
f 1072//1072 408//408 414//414
f 1072//1072 414//414 1071//1071
f 1073//1073 408//408 1072//1072
f 376//376 251//251 246//246
f 371//371 251//251 376//376
f 371//371 249//249 251//251
f 370//370 249//249 371//371
f 370//370 244//244 249//249
f 373//373 244//244 370//370
f 373//373 243//243 244//244
f 375//375 243//243 373//373
f 375//375 248//248 243//243
f 377//377 248//248 375//375
f 377//377 247//247 248//248
f 378//378 247//247 377//377
f 378//378 246//246 247//247
f 376//376 246//246 378//378
f 425//425 1050//1050 1053//1053
f 419//419 1050//1050 425//425
f 419//419 1051//1051 1050//1050
f 420//420 1051//1051 419//419
f 416//416 1051//1051 420//420
f 416//416 1052//1052 1051//1051
f 417//417 1052//1052 416//416
f 417//417 1061//1061 1052//1052
f 418//418 1061//1061 417//417
f 418//418 1062//1062 1061//1061
f 424//424 1062//1062 418//418
f 424//424 1056//1056 1062//1062
f 426//426 1056//1056 424//424
f 426//426 1055//1055 1056//1056
f 427//427 1055//1055 426//426
f 427//427 1054//1054 1055//1055
f 425//425 1054//1054 427//427
f 425//425 1053//1053 1054//1054
f 415//415 1057//1057 1060//1060
f 421//421 1057//1057 415//415
f 421//421 1058//1058 1057//1057
f 421//421 1059//1059 1058//1058
f 422//422 1059//1059 421//421
f 422//422 1064//1064 1059//1059
f 409//409 1064//1064 422//422
f 409//409 1067//1067 1064//1064
f 412//412 1067//1067 409//409
f 412//412 1070//1070 1067//1067
f 413//413 1074//1074 1070//1070
f 413//413 1070//1070 412//412
f 428//428 1074//1074 413//413
f 428//428 1063//1063 1074//1074
f 423//423 1060//1060 1063//1063
f 423//423 1063//1063 428//428
f 415//415 1060//1060 423//423
f 451//451 295//295 309//309
f 447//447 295//295 451//451
f 447//447 293//293 295//295
f 443//443 293//293 447//447
f 443//443 311//311 293//293
f 440//440 311//311 443//443
f 440//440 310//310 311//311
f 437//437 296//296 310//310
f 437//437 310//310 440//440
f 437//437 300//300 296//296
f 438//438 300//300 437//437
f 438//438 304//304 300//300
f 442//442 304//304 438//438
f 442//442 309//309 304//304
f 451//451 309//309 442//442
f 441//441 307//307 436//436
f 441//441 302//302 307//307
f 439//439 302//302 441//441
f 439//439 299//299 302//302
f 439//439 298//298 299//299
f 434//434 298//298 439//439
f 433//433 298//298 434//434
f 433//433 303//303 298//298
f 435//435 303//303 433//433
f 435//435 308//308 303//303
f 436//436 306//306 308//308
f 436//436 308//308 435//435
f 436//436 307//307 306//306
f 480//480 1095//1095 1096//1096
f 475//475 1095//1095 480//480
f 475//475 1092//1092 1095//1095
f 476//476 1092//1092 475//475
f 477//477 1092//1092 476//476
f 477//477 1089//1089 1092//1092
f 483//483 1089//1089 477//477
f 483//483 1090//1090 1089//1089
f 484//484 1090//1090 483//483
f 484//484 1094//1094 1090//1090
f 486//486 1094//1094 484//484
f 478//478 1094//1094 486//486
f 478//478 1098//1098 1094//1094
f 478//478 1097//1097 1098//1098
f 479//479 1097//1097 478//478
f 480//480 1096//1096 1097//1097
f 480//480 1097//1097 479//479
f 283//283 267//267 266//266
f 283//283 266//266 281//281
f 238//238 267//267 283//283
f 227//227 238//238 283//283
f 226//226 241//241 238//238
f 226//226 238//238 227//227
f 252//252 368//368 261//261
f 252//252 372//372 368//368
f 250//250 372//372 252//252
f 250//250 369//369 372//372
f 265//265 369//369 250//250
f 265//265 363//363 369//369
f 264//264 363//363 265//265
f 255//255 363//363 264//264
f 255//255 362//362 363//363
f 258//258 362//362 255//255
f 258//258 366//366 362//362
f 258//258 368//368 366//366
f 261//261 368//368 258//258
f 263//263 367//367 361//361
f 262//262 367//367 263//263
f 262//262 365//365 367//367
f 257//257 365//365 262//262
f 257//257 364//364 365//365
f 254//254 364//364 257//257
f 254//254 360//360 364//364
f 256//256 360//360 254//254
f 256//256 359//359 360//360
f 259//259 359//359 256//256
f 259//259 358//358 359//359
f 260//260 358//358 259//259
f 263//263 358//358 260//260
f 263//263 361//361 358//358
f 1075//1075 496//496 1079//1079
f 1075//1075 494//494 496//496
f 1076//1076 494//494 1075//1075
f 1076//1076 488//488 494//494
f 1082//1082 488//488 1076//1076
f 1082//1082 491//491 488//488
f 1084//1084 491//491 1082//1082
f 1084//1084 492//492 491//491
f 1085//1085 492//492 1084//1084
f 1085//1085 497//497 492//492
f 1077//1077 497//497 1085//1085
f 1077//1077 495//495 497//497
f 1078//1078 495//495 1077//1077
f 1078//1078 496//496 495//495
f 1079//1079 496//496 1078//1078
f 1083//1083 487//487 489//489
f 1080//1080 487//487 1083//1083
f 1080//1080 490//490 487//487
f 1081//1081 490//490 1080//1080
f 1081//1081 481//481 490//490
f 1088//1088 481//481 1081//1081
f 1088//1088 482//482 481//481
f 1091//1091 482//482 1088//1088
f 1091//1091 485//485 482//482
f 1093//1093 485//485 1091//1091
f 1093//1093 498//498 485//485
f 1099//1099 498//498 1093//1093
f 1099//1099 499//499 498//498
f 1087//1087 499//499 1099//1099
f 1087//1087 493//493 499//499
f 1086//1086 493//493 1087//1087
f 1086//1086 489//489 493//493
f 1083//1083 489//489 1086//1086
f 1100//1100 31//31 32//32
f 1101//1101 1100//1100 32//32
f 1102//1102 1100//1100 1101//1101
f 1103//1103 1101//1101 32//32
f 1104//1104 1103//1103 32//32
f 1105//1105 1101//1101 1103//1103
f 1106//1106 1104//1104 32//32
f 1107//1107 1106//1106 32//32
f 1108//1108 1104//1104 1106//1106
f 1109//1109 1107//1107 32//32
f 1110//1110 1109//1109 32//32
f 1111//1111 1107//1107 1109//1109
f 1112//1112 1110//1110 32//32
f 1113//1113 1112//1112 32//32
f 1114//1114 1110//1110 1112//1112
f 1115//1115 1113//1113 32//32
f 1116//1116 1115//1115 32//32
f 1117//1117 1113//1113 1115//1115
f 1118//1118 1116//1116 32//32
f 1119//1119 1118//1118 32//32
f 1120//1120 1116//1116 1118//1118
f 1121//1121 1119//1119 32//32
f 1122//1122 1121//1121 32//32
f 1123//1123 1119//1119 1121//1121
f 1124//1124 1122//1122 32//32
f 1125//1125 1124//1124 32//32
f 1126//1126 1122//1122 1124//1124
f 1127//1127 1125//1125 32//32
f 1128//1128 1127//1127 32//32
f 1129//1129 1125//1125 1127//1127
f 1130//1130 1128//1128 32//32
f 1131//1131 1130//1130 32//32
f 1132//1132 1128//1128 1130//1130
f 1133//1133 1131//1131 32//32
f 1134//1134 1131//1131 1133//1133
f 1137//1137 1135//1135 1136//1136
f 1140//1140 1138//1138 1139//1139
f 1143//1143 1141//1141 1142//1142
f 1146//1146 1144//1144 1145//1145
f 1147//1147 1148//1148 1149//1149
f 1150//1150 1151//1151 1152//1152
f 1153//1153 1154//1154 1155//1155
f 1156//1156 1157//1157 1158//1158
f 1159//1159 1160//1160 1161//1161
f 1162//1162 1163//1163 1164//1164
f 13//13 1136//1136 1135//1135
f 13//13 1165//1165 1164//1164
f 13//13 1139//1139 1138//1138
f 13//13 1163//1163 1161//1161
f 13//13 1160//1160 1158//1158
f 13//13 1142//1142 1141//1141
f 13//13 1157//1157 1155//1155
f 13//13 1154//1154 1152//1152
f 13//13 1145//1145 1144//1144
f 13//13 1151//1151 1149//1149
f 13//13 1148//1148 1145//1145
f 13//13 1144//1144 1142//1142
f 13//13 1149//1149 1148//1148
f 13//13 1141//1141 1139//1139
f 13//13 1138//1138 1136//1136
f 13//13 1152//1152 1151//1151
f 13//13 1135//1135 1133//1133
f 13//13 1155//1155 1154//1154
f 13//13 1158//1158 1157//1157
f 13//13 1161//1161 1160//1160
f 13//13 1164//1164 1163//1163
f 13//13 1166//1166 1165//1165
f 13//13 1133//1133 32//32
f 1167//1167 1168//1168 1165//1165
f 1167//1167 1165//1165 1166//1166
f 14//14 1166//1166 13//13
f 17//17 1166//1166 14//14
f 1167//1167 1278//1278 1169//1169
f 1167//1167 1166//1166 1278//1278
f 1165//1165 1170//1170 1171//1171
f 1165//1165 1168//1168 1170//1170
f 1159//1159 1172//1172 1173//1173
f 1159//1159 1161//1161 1172//1172
f 1160//1160 1173//1173 1174//1174
f 1160//1160 1159//1159 1173//1173
f 1153//1153 1175//1175 1176//1176
f 1153//1153 1155//1155 1175//1175
f 1154//1154 1176//1176 1177//1177
f 1154//1154 1153//1153 1176//1176
f 1147//1147 1178//1178 1179//1179
f 1147//1147 1149//1149 1178//1178
f 1148//1148 1179//1179 1180//1180
f 1148//1148 1147//1147 1179//1179
f 1143//1143 1181//1181 1182//1182
f 1143//1143 1142//1142 1181//1181
f 1141//1141 1182//1182 1183//1183
f 1141//1141 1143//1143 1182//1182
f 1137//1137 1184//1184 1185//1185
f 1137//1137 1136//1136 1184//1184
f 1135//1135 1185//1185 1186//1186
f 1135//1135 1137//1137 1185//1185
f 1132//1132 1187//1187 1219//1219
f 1132//1132 1130//1130 1187//1187
f 2//2 3//3 63//63
f 1188//1188 2//2 63//63
f 67//67 1188//1188 63//63
f 67//67 63//63 65//65
f 1189//1189 1188//1188 67//67
f 1190//1190 1189//1189 67//67
f 1169//1169 1188//1188 1189//1189
f 1170//1170 1169//1169 1189//1189
f 1168//1168 1169//1169 1170//1170
f 1168//1168 1167//1167 1169//1169
f 1173//1173 1192//1192 1193//1193
f 1196//1196 1194//1194 1195//1195
f 1197//1197 1198//1198 216//216
f 1197//1197 216//216 215//215
f 1199//1199 1197//1197 215//215
f 1176//1176 1200//1200 1198//1198
f 1201//1201 1199//1199 215//215
f 1202//1202 1201//1201 215//215
f 1203//1203 1197//1197 1199//1199
f 1204//1204 1202//1202 215//215
f 1205//1205 1204//1204 215//215
f 1179//1179 1201//1201 1202//1202
f 1206//1206 1205//1205 215//215
f 1207//1207 1204//1204 1205//1205
f 1182//1182 1206//1206 1208//1208
f 1211//1211 1209//1209 1210//1210
f 1185//1185 1212//1212 1213//1213
f 1216//1216 1214//1214 1215//1215
f 1219//1219 1217//1217 1218//1218
f 1222//1222 1220//1220 1221//1221
f 1225//1225 1223//1223 1224//1224
f 1228//1228 1226//1226 1227//1227
f 393//393 1229//1229 1227//1227
f 393//393 1226//1226 1224//1224
f 393//393 1224//1224 1223//1223
f 393//393 1227//1227 1226//1226
f 393//393 1230//1230 1229//1229
f 338//338 1230//1230 393//393
f 1231//1231 1230//1230 338//338
f 1232//1232 1229//1229 1230//1230
f 1236//1236 1234//1234 1235//1235
f 1239//1239 1237//1237 1238//1238
f 1241//1241 1240//1240 59//59
f 1243//1243 1242//1242 1240//1240
f 1244//1244 52//52 56//56
f 1244//1244 1241//1241 59//59
f 1244//1244 59//59 52//52
f 67//67 216//216 1200//1200
f 1200//1200 216//216 1198//1198
f 67//67 1200//1200 1195//1195
f 67//67 1195//1195 1194//1194
f 67//67 1194//1194 1193//1193
f 67//67 1193//1193 1192//1192
f 67//67 1192//1192 1190//1190
f 215//215 393//393 1208//1208
f 1208//1208 393//393 1209//1209
f 1209//1209 393//393 1210//1210
f 1210//1210 393//393 1212//1212
f 1212//1212 393//393 1213//1213
f 1213//1213 393//393 1214//1214
f 1214//1214 393//393 1215//1215
f 1215//1215 393//393 1217//1217
f 1217//1217 393//393 1218//1218
f 1218//1218 393//393 1220//1220
f 1220//1220 393//393 1221//1221
f 1221//1221 393//393 1223//1223
f 215//215 1208//1208 1206//1206
f 338//338 59//59 1240//1240
f 338//338 1240//1240 1242//1242
f 338//338 1242//1242 1238//1238
f 338//338 1238//1238 1237//1237
f 338//338 1237//1237 1235//1235
f 338//338 1235//1235 1234//1234
f 338//338 1234//1234 1231//1231
f 59//59 53//53 52//52
f 1128//1128 1219//1219 1247//1247
f 1128//1128 1132//1132 1219//1219
f 1126//1126 1248//1248 1225//1225
f 1126//1126 1124//1124 1248//1248
f 1122//1122 1225//1225 1249//1249
f 1122//1122 1126//1126 1225//1225
f 1120//1120 1250//1250 1232//1232
f 1120//1120 1118//1118 1250//1250
f 1116//1116 1232//1232 1251//1251
f 1116//1116 1120//1120 1232//1232
f 1114//1114 1252//1252 1236//1236
f 1114//1114 1112//1112 1252//1252
f 1110//1110 1236//1236 1253//1253
f 1110//1110 1114//1114 1236//1236
f 1108//1108 1254//1254 1243//1243
f 1108//1108 1106//1106 1254//1254
f 1104//1104 1243//1243 1255//1255
f 1104//1104 1108//1108 1243//1243
f 1102//1102 1256//1256 1246//1246
f 1102//1102 1101//1101 1256//1256
f 1100//1100 1246//1246 30//30
f 1100//1100 1102//1102 1246//1246
f 1105//1105 1257//1257 1245//1245
f 1105//1105 1103//1103 1257//1257
f 1101//1101 1245//1245 1256//1256
f 1101//1101 1105//1105 1245//1245
f 1111//1111 1258//1258 1239//1239
f 1111//1111 1109//1109 1258//1258
f 1107//1107 1239//1239 1259//1259
f 1107//1107 1111//1111 1239//1239
f 1117//1117 1260//1260 1233//1233
f 1117//1117 1115//1115 1260//1260
f 1113//1113 1233//1233 1261//1261
f 1113//1113 1117//1117 1233//1233
f 1123//1123 1262//1262 1228//1228
f 1123//1123 1121//1121 1262//1262
f 1119//1119 1228//1228 1263//1263
f 1119//1119 1123//1123 1228//1228
f 1129//1129 1264//1264 1222//1222
f 1129//1129 1127//1127 1264//1264
f 1125//1125 1222//1222 1265//1265
f 1125//1125 1129//1129 1222//1222
f 1134//1134 1266//1266 1216//1216
f 1134//1134 1133//1133 1266//1266
f 1131//1131 1216//1216 1267//1267
f 1131//1131 1134//1134 1216//1216
f 1140//1140 1268//1268 1211//1211
f 1140//1140 1139//1139 1268//1268
f 1138//1138 1211//1211 1269//1269
f 1138//1138 1140//1140 1211//1211
f 1146//1146 1270//1270 1207//1207
f 1146//1146 1145//1145 1270//1270
f 1144//1144 1207//1207 1271//1271
f 1144//1144 1146//1146 1207//1207
f 1150//1150 1272//1272 1203//1203
f 1150//1150 1152//1152 1272//1272
f 1151//1151 1203//1203 1273//1273
f 1151//1151 1150//1150 1203//1203
f 1156//1156 1274//1274 1196//1196
f 1156//1156 1158//1158 1274//1274
f 1157//1157 1196//1196 1275//1275
f 1157//1157 1156//1156 1196//1196
f 1162//1162 1276//1276 1191//1191
f 1162//1162 1164//1164 1276//1276
f 1163//1163 1191//1191 1277//1277
f 1163//1163 1162//1162 1191//1191
f 17//17 15//15 1//1
f 17//17 14//14 15//15
f 1166//1166 16//16 1278//1278
f 1166//1166 17//17 16//16
f 1276//1276 1171//1171 1280//1280
f 1164//1164 1165//1165 1171//1171
f 1164//1164 1171//1171 1276//1276
f 1172//1172 1277//1277 1281//1281
f 1161//1161 1163//1163 1277//1277
f 1161//1161 1277//1277 1172//1172
f 1274//1274 1174//1174 1282//1282
f 1158//1158 1160//1160 1174//1174
f 1158//1158 1174//1174 1274//1274
f 1175//1175 1275//1275 1283//1283
f 1155//1155 1157//1157 1275//1275
f 1155//1155 1275//1275 1175//1175
f 1272//1272 1177//1177 1284//1284
f 1152//1152 1154//1154 1177//1177
f 1152//1152 1177//1177 1272//1272
f 1178//1178 1273//1273 1285//1285
f 1149//1149 1151//1151 1273//1273
f 1149//1149 1273//1273 1178//1178
f 1270//1270 1180//1180 1286//1286
f 1145//1145 1148//1148 1180//1180
f 1145//1145 1180//1180 1270//1270
f 1181//1181 1271//1271 1287//1287
f 1142//1142 1144//1144 1271//1271
f 1142//1142 1271//1271 1181//1181
f 1268//1268 1183//1183 1288//1288
f 1139//1139 1141//1141 1183//1183
f 1139//1139 1183//1183 1268//1268
f 1184//1184 1269//1269 1289//1289
f 1136//1136 1138//1138 1269//1269
f 1136//1136 1269//1269 1184//1184
f 1266//1266 1186//1186 1290//1290
f 1133//1133 1135//1135 1186//1186
f 1133//1133 1186//1186 1266//1266
f 1187//1187 1267//1267 1291//1291
f 1130//1130 1131//1131 1267//1267
f 1130//1130 1267//1267 1187//1187
f 1264//1264 1247//1247 1292//1292
f 1127//1127 1128//1128 1247//1247
f 1127//1127 1247//1247 1264//1264
f 1248//1248 1265//1265 1293//1293
f 1124//1124 1125//1125 1265//1265
f 1124//1124 1265//1265 1248//1248
f 1262//1262 1249//1249 1294//1294
f 1121//1121 1122//1122 1249//1249
f 1121//1121 1249//1249 1262//1262
f 1250//1250 1263//1263 1295//1295
f 1118//1118 1119//1119 1263//1263
f 1118//1118 1263//1263 1250//1250
f 1260//1260 1251//1251 1296//1296
f 1115//1115 1116//1116 1251//1251
f 1115//1115 1251//1251 1260//1260
f 1252//1252 1261//1261 1297//1297
f 1112//1112 1113//1113 1261//1261
f 1112//1112 1261//1261 1252//1252
f 1258//1258 1253//1253 1298//1298
f 1109//1109 1110//1110 1253//1253
f 1109//1109 1253//1253 1258//1258
f 1254//1254 1259//1259 1299//1299
f 1106//1106 1107//1107 1259//1259
f 1106//1106 1259//1259 1254//1254
f 1257//1257 1255//1255 1300//1300
f 1103//1103 1104//1104 1255//1255
f 1103//1103 1255//1255 1257//1257
f 31//31 1100//1100 30//30
f 14//14 4//4 15//15
f 1188//1188 1278//1278 1279//1279
f 1188//1188 1169//1169 1278//1278
f 1280//1280 1170//1170 1189//1189
f 1280//1280 1171//1171 1170//1170
f 1192//1192 1172//1172 1281//1281
f 1192//1192 1173//1173 1172//1172
f 1282//1282 1173//1173 1193//1193
f 1282//1282 1174//1174 1173//1173
f 1200//1200 1175//1175 1283//1283
f 1200//1200 1176//1176 1175//1175
f 1284//1284 1176//1176 1198//1198
f 1284//1284 1177//1177 1176//1176
f 1201//1201 1178//1178 1285//1285
f 1201//1201 1179//1179 1178//1178
f 1286//1286 1179//1179 1202//1202
f 1286//1286 1180//1180 1179//1179
f 1206//1206 1181//1181 1287//1287
f 1206//1206 1182//1182 1181//1181
f 1288//1288 1182//1182 1208//1208
f 1288//1288 1183//1183 1182//1182
f 1212//1212 1184//1184 1289//1289
f 1212//1212 1185//1185 1184//1184
f 1290//1290 1185//1185 1213//1213
f 1290//1290 1186//1186 1185//1185
f 1217//1217 1187//1187 1291//1291
f 1217//1217 1219//1219 1187//1187
f 1292//1292 1219//1219 1218//1218
f 1292//1292 1247//1247 1219//1219
f 1223//1223 1248//1248 1293//1293
f 1223//1223 1225//1225 1248//1248
f 1294//1294 1225//1225 1224//1224
f 1294//1294 1249//1249 1225//1225
f 1229//1229 1250//1250 1295//1295
f 1229//1229 1232//1232 1250//1250
f 1296//1296 1232//1232 1230//1230
f 1296//1296 1251//1251 1232//1232
f 1234//1234 1252//1252 1297//1297
f 1234//1234 1236//1236 1252//1252
f 1298//1298 1236//1236 1235//1235
f 1298//1298 1253//1253 1236//1236
f 1242//1242 1254//1254 1299//1299
f 1242//1242 1243//1243 1254//1254
f 1300//1300 1243//1243 1240//1240
f 1300//1300 1255//1255 1243//1243
f 1244//1244 1256//1256 1301//1301
f 1244//1244 1246//1246 1256//1256
f 1302//1302 1246//1246 1244//1244
f 1302//1302 30//30 1246//1246
f 1241//1241 1257//1257 1300//1300
f 1241//1241 1245//1245 1257//1257
f 1301//1301 1245//1245 1241//1241
f 1301//1301 1256//1256 1245//1245
f 1237//1237 1258//1258 1298//1298
f 1237//1237 1239//1239 1258//1258
f 1299//1299 1239//1239 1238//1238
f 1299//1299 1259//1259 1239//1239
f 1231//1231 1260//1260 1296//1296
f 1231//1231 1233//1233 1260//1260
f 1297//1297 1233//1233 1231//1231
f 1297//1297 1261//1261 1233//1233
f 1226//1226 1262//1262 1294//1294
f 1226//1226 1228//1228 1262//1262
f 1295//1295 1228//1228 1227//1227
f 1295//1295 1263//1263 1228//1228
f 1220//1220 1264//1264 1292//1292
f 1220//1220 1222//1222 1264//1264
f 1293//1293 1222//1222 1221//1221
f 1293//1293 1265//1265 1222//1222
f 1214//1214 1266//1266 1290//1290
f 1214//1214 1216//1216 1266//1266
f 1291//1291 1216//1216 1215//1215
f 1291//1291 1267//1267 1216//1216
f 1209//1209 1268//1268 1288//1288
f 1209//1209 1211//1211 1268//1268
f 1289//1289 1211//1211 1210//1210
f 1289//1289 1269//1269 1211//1211
f 1204//1204 1270//1270 1286//1286
f 1204//1204 1207//1207 1270//1270
f 1287//1287 1207//1207 1205//1205
f 1287//1287 1271//1271 1207//1207
f 1197//1197 1272//1272 1284//1284
f 1197//1197 1203//1203 1272//1272
f 1285//1285 1203//1203 1199//1199
f 1285//1285 1273//1273 1203//1203
f 1194//1194 1274//1274 1282//1282
f 1194//1194 1196//1196 1274//1274
f 1283//1283 1196//1196 1195//1195
f 1283//1283 1275//1275 1196//1196
f 1190//1190 1276//1276 1280//1280
f 1190//1190 1191//1191 1276//1276
f 1281//1281 1191//1191 1190//1190
f 1281//1281 1277//1277 1191//1191
f 1279//1279 16//16 2//2
f 1279//1279 1278//1278 16//16
f 29//29 30//30 1302//1302
f 1303//1303 139//139 100//100
f 1303//1303 90//90 139//139
f 1032//1032 90//90 1303//1303
f 1032//1032 87//87 90//90
f 1304//1304 87//87 1032//1032
f 1304//1304 82//82 87//87
f 1304//1304 85//85 82//82
f 1305//1305 85//85 1304//1304
f 1306//1306 85//85 1305//1305
f 1306//1306 100//100 85//85
f 1303//1303 100//100 1306//1306
f 1310//1310 135//135 112//112
f 1307//1307 135//135 1310//1310
f 1307//1307 134//134 135//135
f 1307//1307 119//119 134//134
f 1308//1308 119//119 1307//1307
f 1308//1308 111//111 119//119
f 1308//1308 112//112 111//111
f 1309//1309 112//112 1308//1308
f 1310//1310 112//112 1309//1309
f 1310//1310 1309//1309 1002//1002
f 1309//1309 1001//1001 1002//1002
f 1308//1308 1001//1001 1309//1309
f 1003//1003 1310//1310 1002//1002
f 1004//1004 1001//1001 1308//1308
f 1307//1307 1310//1310 1003//1003
f 1004//1004 1308//1308 1307//1307
f 1000//1000 1004//1004 1307//1307
f 1000//1000 1307//1307 1003//1003
f 1304//1304 1311//1311 1305//1305
f 997//997 1303//1303 1306//1306
f 1031//1031 1311//1311 1304//1304
f 997//997 1032//1032 1303//1303
f 1032//1032 1031//1031 1304//1304
f 147//147 1306//1306 998//998
f 147//147 997//997 1306//1306
f 1034//1034 1031//1031 1035//1035
f 1033//1033 1031//1031 1034//1034
f 1036//1036 1035//1035 1031//1031
f 1036//1036 1031//1031 94//94
f 1040//1040 1031//1031 1033//1033
f 949//949 952//952 1036//1036
f 951//951 949//949 950//950
f 951//951 952//952 949//949
f 949//949 1036//1036 94//94
f 1040//1040 1311//1311 1031//1031
f 1041//1041 1311//1311 1040//1040
f 1037//1037 1311//1311 1041//1041
f 1037//1037 1305//1305 1311//1311
f 998//998 1306//1306 1305//1305
f 998//998 1305//1305 1037//1037
f 91//91 1312//1312 1314//1314
f 80//80 1312//1312 91//91
f 80//80 1023//1023 1312//1312
f 81//81 1023//1023 80//80
f 81//81 1018//1018 1023//1023
f 81//81 1313//1313 1018//1018
f 84//84 1313//1313 81//81
f 95//95 1313//1313 84//84
f 95//95 1314//1314 1313//1313
f 91//91 1314//1314 95//95
f 144//144 1315//1315 1319//1319
f 143//143 1315//1315 144//144
f 143//143 1316//1316 1315//1315
f 105//105 1316//1316 143//143
f 102//102 1316//1316 105//105
f 102//102 1317//1317 1316//1316
f 108//108 1317//1317 102//102
f 108//108 1318//1318 1317//1317
f 108//108 1319//1319 1318//1318
f 144//144 1319//1319 108//108
f 809//809 810//810 1320//1320
f 809//809 1320//1320 992//992
f 1319//1319 1320//1320 953//953
f 1318//1318 1319//1319 953//953
f 1318//1318 953//953 954//954
f 1315//1315 1320//1320 1319//1319
f 992//992 1320//1320 1315//1315
f 982//982 1318//1318 954//954
f 1317//1317 1318//1318 982//982
f 1316//1316 992//992 1315//1315
f 995//995 1317//1317 982//982
f 995//995 1316//1316 1317//1317
f 994//994 1316//1316 995//995
f 994//994 993//993 992//992
f 994//994 992//992 1316//1316
f 1313//1313 1314//1314 1321//1321
f 1313//1313 1321//1321 1322//1322
f 1018//1018 1313//1313 1322//1322
f 996//996 1314//1314 1312//1312
f 1023//1023 996//996 1312//1312
f 1024//1024 1023//1023 1018//1018
f 1322//1322 1049//1049 1018//1018
f 1322//1322 1046//1046 1049//1049
f 1322//1322 1047//1047 1046//1046
f 1321//1321 1047//1047 1322//1322
f 1321//1321 1044//1044 1047//1047
f 1314//1314 1044//1044 1321//1321
f 1320//1320 812//812 953//953
f 1320//1320 811//811 812//812
f 1320//1320 810//810 811//811
f 48//48 623//623 622//622
f 48//48 622//622 621//621
f 187//187 621//621 188//188
f 187//187 48//48 621//621
f 1292//1292 1218//1218 1220//1220
f 1293//1293 1221//1221 1223//1223
f 1291//1291 1215//1215 1217//1217
f 1294//1294 1224//1224 1226//1226
f 1290//1290 1213//1213 1214//1214
f 1295//1295 1227//1227 1229//1229
f 1289//1289 1210//1210 1212//1212
f 1296//1296 1230//1230 1231//1231
f 1288//1288 1208//1208 1209//1209
f 1297//1297 1231//1231 1234//1234
f 1287//1287 1205//1205 1206//1206
f 1298//1298 1235//1235 1237//1237
f 1286//1286 1202//1202 1204//1204
f 1299//1299 1238//1238 1242//1242
f 1285//1285 1199//1199 1201//1201
f 1300//1300 1240//1240 1241//1241
f 1284//1284 1198//1198 1197//1197
f 1301//1301 1241//1241 1244//1244
f 1283//1283 1195//1195 1200//1200
f 1302//1302 1244//1244 18//18
f 1302//1302 18//18 29//29
f 1282//1282 1193//1193 1194//1194
f 1281//1281 1190//1190 1192//1192
f 1279//1279 2//2 1188//1188
f 1280//1280 1189//1189 1190//1190
f 466//466 181//181 186//186
f 466//466 546//546 181//181
f 1324//1324 115//115 1323//1323
f 1324//1324 113//113 115//115
f 1325//1325 113//113 1324//1324
f 1325//1325 116//116 113//113
f 1326//1326 116//116 1325//1325
f 1326//1326 123//123 116//116
f 1327//1327 123//123 1326//1326
f 1327//1327 128//128 123//123
f 1328//1328 128//128 1327//1327
f 1328//1328 133//133 128//128
f 1329//1329 133//133 1328//1328
f 1323//1323 115//115 130//130
f 1323//1323 130//130 146//146
f 1329//1329 1328//1328 1327//1327
f 1324//1324 1329//1329 1327//1327
f 1324//1324 1327//1327 1326//1326
f 1324//1324 1326//1326 1325//1325
f 1323//1323 1329//1329 1324//1324
f 1028//1028 1029//1029 1329//1329
f 1029//1029 73//73 1329//1329
f 1030//1030 73//73 1029//1029
f 1028//1028 1329//1329 1323//1323
f 1025//1025 73//73 1030//1030
f 1026//1026 73//73 1025//1025
f 1026//1026 71//71 73//73
f 1027//1027 71//71 1026//1026
f 146//146 1028//1028 1323//1323
f 152//152 1027//1027 153//153
f 152//152 69//69 71//71
f 152//152 71//71 1027//1027
f 145//145 1028//1028 146//146
f 379//379 380//380 381//381
f 379//379 381//381 382//382
f 1331//1331 1330//1330 1334//1334
f 1332//1332 1331//1331 1334//1334
f 1333//1333 1330//1330 1331//1331
f 1333//1333 1335//1335 1330//1330
f 1336//1336 1335//1335 1333//1333
f 1337//1337 1335//1335 1336//1336
f 1596//1596 1332//1332 1334//1334
f 1342//1342 1596//1596 1334//1334
f 1339//1339 1337//1337 1338//1338
f 1341//1341 1342//1342 1334//1334
f 1341//1341 1340//1340 1342//1342
f 1343//1343 1340//1340 1341//1341
f 1344//1344 1343//1343 1341//1341
f 1345//1345 1344//1344 1341//1341
f 1345//1345 1346//1346 1344//1344
f 1367//1367 1348//1348 1347//1347
f 1367//1367 1349//1349 1348//1348
f 1353//1353 1367//1367 1351//1351
f 1353//1353 1351//1351 1350//1350
f 1353//1353 1350//1350 1352//1352
f 1354//1354 1353//1353 1352//1352
f 1355//1355 1353//1353 1354//1354
f 1355//1355 1354//1354 1356//1356
f 1357//1357 1355//1355 1356//1356
f 1358//1358 1355//1355 1357//1357
f 1359//1359 1346//1346 1345//1345
f 1369//1369 1359//1359 1345//1345
f 1365//1365 1362//1362 1361//1361
f 1365//1365 1361//1361 1360//1360
f 1365//1365 1360//1360 1368//1368
f 1363//1363 1366//1366 1364//1364
f 1371//1371 1363//1363 1364//1364
f 1365//1365 1364//1364 1362//1362
f 1371//1371 1364//1364 1365//1365
f 1363//1363 1355//1355 1358//1358
f 1363//1363 1358//1358 1366//1366
f 1353//1353 1335//1335 1337//1337
f 1353//1353 1337//1337 1367//1367
f 1367//1367 1337//1337 1349//1349
f 1349//1349 1337//1337 1339//1339
f 1345//1345 1365//1365 1368//1368
f 1345//1345 1368//1368 1369//1369
f 1370//1370 1363//1363 1371//1371
f 1372//1372 1371//1371 1365//1365
f 1380//1380 1372//1372 1365//1365
f 1345//1345 1380//1380 1365//1365
f 1376//1376 1373//1373 1374//1374
f 1375//1375 1373//1373 1376//1376
f 1378//1378 1376//1376 1374//1374
f 1377//1377 1378//1378 1374//1374
f 1380//1380 1378//1378 1377//1377
f 1379//1379 1380//1380 1377//1377
f 1382//1382 1373//1373 1375//1375
f 1381//1381 1373//1373 1382//1382
f 1383//1383 1381//1381 1382//1382
f 1383//1383 1382//1382 1384//1384
f 1385//1385 1371//1371 1372//1372
f 1385//1385 1372//1372 1380//1380
f 1385//1385 1380//1380 1379//1379
f 1386//1386 1370//1370 1371//1371
f 1386//1386 1371//1371 1385//1385
f 1386//1386 1383//1383 1384//1384
f 1386//1386 1384//1384 1370//1370
f 1377//1377 1387//1387 1388//1388
f 1377//1377 1374//1374 1387//1387
f 1389//1389 1390//1390 1391//1391
f 1389//1389 1392//1392 1390//1390
f 1393//1393 1391//1391 1394//1394
f 1393//1393 1389//1389 1391//1391
f 1395//1395 1396//1396 1393//1393
f 1395//1395 1393//1393 1394//1394
f 1397//1397 1390//1390 1392//1392
f 1398//1398 1397//1397 1392//1392
f 1387//1387 1398//1398 1399//1399
f 1387//1387 1397//1397 1398//1398
f 1388//1388 1400//1400 1401//1401
f 1388//1388 1399//1399 1400//1400
f 1388//1388 1387//1387 1399//1399
f 1402//1402 1401//1401 1396//1396
f 1402//1402 1396//1396 1395//1395
f 1402//1402 1388//1388 1401//1401
f 1388//1388 1402//1402 1379//1379
f 1388//1388 1379//1379 1377//1377
f 1395//1395 1379//1379 1402//1402
f 1385//1385 1379//1379 1395//1395
f 1395//1395 1394//1394 1386//1386
f 1395//1395 1386//1386 1385//1385
f 1391//1391 1386//1386 1394//1394
f 1383//1383 1386//1386 1391//1391
f 1391//1391 1390//1390 1381//1381
f 1391//1391 1381//1381 1383//1383
f 1397//1397 1381//1381 1390//1390
f 1373//1373 1381//1381 1397//1397
f 1397//1397 1387//1387 1374//1374
f 1397//1397 1374//1374 1373//1373
f 1399//1399 1403//1403 1400//1400
f 1399//1399 1404//1404 1403//1403
f 1403//1403 1405//1405 1401//1401
f 1400//1400 1403//1403 1401//1401
f 1401//1401 1406//1406 1396//1396
f 1401//1401 1405//1405 1406//1406
f 1396//1396 1407//1407 1393//1393
f 1396//1396 1406//1406 1407//1407
f 1393//1393 1408//1408 1389//1389
f 1393//1393 1407//1407 1408//1408
f 1389//1389 1409//1409 1392//1392
f 1389//1389 1408//1408 1409//1409
f 1392//1392 1410//1410 1398//1398
f 1392//1392 1409//1409 1410//1410
f 1398//1398 1404//1404 1399//1399
f 1398//1398 1410//1410 1404//1404
f 1408//1408 1411//1411 1412//1412
f 1408//1408 1412//1412 1409//1409
f 1407//1407 1413//1413 1411//1411
f 1407//1407 1411//1411 1408//1408
f 1414//1414 1407//1407 1406//1406
f 1414//1414 1413//1413 1407//1407
f 1415//1415 1409//1409 1412//1412
f 1410//1410 1409//1409 1415//1415
f 1416//1416 1404//1404 1410//1410
f 1416//1416 1410//1410 1415//1415
f 1417//1417 1403//1403 1404//1404
f 1417//1417 1405//1405 1403//1403
f 1417//1417 1404//1404 1416//1416
f 1418//1418 1406//1406 1405//1405
f 1418//1418 1414//1414 1406//1406
f 1418//1418 1405//1405 1417//1417
f 1417//1417 1419//1419 1420//1420
f 1417//1417 1416//1416 1419//1419
f 1421//1421 1422//1422 1423//1423
f 1421//1421 1424//1424 1422//1422
f 1425//1425 1423//1423 1426//1426
f 1425//1425 1421//1421 1423//1423
f 1427//1427 1428//1428 1425//1425
f 1427//1427 1425//1425 1426//1426
f 1429//1429 1422//1422 1424//1424
f 1430//1430 1429//1429 1424//1424
f 1419//1419 1430//1430 1431//1431
f 1419//1419 1429//1429 1430//1430
f 1420//1420 1432//1432 1433//1433
f 1420//1420 1431//1431 1432//1432
f 1420//1420 1419//1419 1431//1431
f 1434//1434 1433//1433 1428//1428
f 1434//1434 1428//1428 1427//1427
f 1434//1434 1420//1420 1433//1433
f 1420//1420 1434//1434 1418//1418
f 1420//1420 1418//1418 1417//1417
f 1414//1414 1434//1434 1427//1427
f 1414//1414 1418//1418 1434//1434
f 1427//1427 1426//1426 1413//1413
f 1427//1427 1413//1413 1414//1414
f 1411//1411 1426//1426 1423//1423
f 1411//1411 1413//1413 1426//1426
f 1423//1423 1422//1422 1412//1412
f 1423//1423 1412//1412 1411//1411
f 1415//1415 1422//1422 1429//1429
f 1415//1415 1412//1412 1422//1422
f 1429//1429 1419//1419 1416//1416
f 1429//1429 1416//1416 1415//1415
f 1431//1431 1435//1435 1432//1432
f 1431//1431 1436//1436 1435//1435
f 1435//1435 1437//1437 1433//1433
f 1432//1432 1435//1435 1433//1433
f 1433//1433 1438//1438 1428//1428
f 1433//1433 1437//1437 1438//1438
f 1428//1428 1439//1439 1425//1425
f 1428//1428 1438//1438 1439//1439
f 1425//1425 1440//1440 1421//1421
f 1425//1425 1439//1439 1440//1440
f 1421//1421 1441//1441 1424//1424
f 1421//1421 1440//1440 1441//1441
f 1424//1424 1442//1442 1430//1430
f 1424//1424 1441//1441 1442//1442
f 1430//1430 1436//1436 1431//1431
f 1430//1430 1442//1442 1436//1436
f 1440//1440 1443//1443 1444//1444
f 1440//1440 1444//1444 1441//1441
f 1439//1439 1445//1445 1443//1443
f 1439//1439 1443//1443 1440//1440
f 1446//1446 1439//1439 1438//1438
f 1446//1446 1445//1445 1439//1439
f 1447//1447 1441//1441 1444//1444
f 1442//1442 1441//1441 1447//1447
f 1448//1448 1436//1436 1442//1442
f 1448//1448 1442//1442 1447//1447
f 1449//1449 1435//1435 1436//1436
f 1449//1449 1437//1437 1435//1435
f 1449//1449 1436//1436 1448//1448
f 1450//1450 1438//1438 1437//1437
f 1450//1450 1446//1446 1438//1438
f 1450//1450 1437//1437 1449//1449
f 1449//1449 1451//1451 1452//1452
f 1449//1449 1448//1448 1451//1451
f 1453//1453 1454//1454 1455//1455
f 1453//1453 1456//1456 1454//1454
f 1457//1457 1455//1455 1458//1458
f 1457//1457 1453//1453 1455//1455
f 1459//1459 1460//1460 1457//1457
f 1459//1459 1457//1457 1458//1458
f 1461//1461 1454//1454 1456//1456
f 1462//1462 1461//1461 1456//1456
f 1451//1451 1462//1462 1463//1463
f 1451//1451 1461//1461 1462//1462
f 1452//1452 1464//1464 1465//1465
f 1452//1452 1463//1463 1464//1464
f 1452//1452 1451//1451 1463//1463
f 1466//1466 1465//1465 1460//1460
f 1466//1466 1460//1460 1459//1459
f 1466//1466 1452//1452 1465//1465
f 1452//1452 1466//1466 1450//1450
f 1452//1452 1450//1450 1449//1449
f 1446//1446 1466//1466 1459//1459
f 1446//1446 1450//1450 1466//1466
f 1459//1459 1458//1458 1445//1445
f 1459//1459 1445//1445 1446//1446
f 1443//1443 1458//1458 1455//1455
f 1443//1443 1445//1445 1458//1458
f 1455//1455 1454//1454 1444//1444
f 1455//1455 1444//1444 1443//1443
f 1447//1447 1454//1454 1461//1461
f 1447//1447 1444//1444 1454//1454
f 1461//1461 1451//1451 1448//1448
f 1461//1461 1448//1448 1447//1447
f 1463//1463 1467//1467 1464//1464
f 1463//1463 1468//1468 1467//1467
f 1467//1467 1469//1469 1465//1465
f 1464//1464 1467//1467 1465//1465
f 1465//1465 1470//1470 1460//1460
f 1465//1465 1469//1469 1470//1470
f 1460//1460 1471//1471 1457//1457
f 1460//1460 1470//1470 1471//1471
f 1457//1457 1472//1472 1453//1453
f 1457//1457 1471//1471 1472//1472
f 1453//1453 1473//1473 1456//1456
f 1453//1453 1472//1472 1473//1473
f 1456//1456 1474//1474 1462//1462
f 1456//1456 1473//1473 1474//1474
f 1462//1462 1468//1468 1463//1463
f 1462//1462 1474//1474 1468//1468
f 1472//1472 1475//1475 1476//1476
f 1472//1472 1476//1476 1473//1473
f 1471//1471 1477//1477 1475//1475
f 1471//1471 1475//1475 1472//1472
f 1478//1478 1471//1471 1470//1470
f 1478//1478 1477//1477 1471//1471
f 1479//1479 1473//1473 1476//1476
f 1474//1474 1473//1473 1479//1479
f 1480//1480 1468//1468 1474//1474
f 1480//1480 1474//1474 1479//1479
f 1481//1481 1467//1467 1468//1468
f 1481//1481 1469//1469 1467//1467
f 1481//1481 1468//1468 1480//1480
f 1482//1482 1470//1470 1469//1469
f 1482//1482 1478//1478 1470//1470
f 1482//1482 1469//1469 1481//1481
f 1481//1481 1483//1483 1484//1484
f 1481//1481 1480//1480 1483//1483
f 1485//1485 1486//1486 1487//1487
f 1485//1485 1488//1488 1486//1486
f 1489//1489 1487//1487 1490//1490
f 1489//1489 1485//1485 1487//1487
f 1491//1491 1492//1492 1489//1489
f 1491//1491 1489//1489 1490//1490
f 1493//1493 1486//1486 1488//1488
f 1494//1494 1493//1493 1488//1488
f 1483//1483 1494//1494 1495//1495
f 1483//1483 1493//1493 1494//1494
f 1484//1484 1496//1496 1497//1497
f 1484//1484 1495//1495 1496//1496
f 1484//1484 1483//1483 1495//1495
f 1498//1498 1497//1497 1492//1492
f 1498//1498 1492//1492 1491//1491
f 1498//1498 1484//1484 1497//1497
f 1484//1484 1498//1498 1482//1482
f 1484//1484 1482//1482 1481//1481
f 1478//1478 1498//1498 1491//1491
f 1478//1478 1482//1482 1498//1498
f 1491//1491 1490//1490 1477//1477
f 1491//1491 1477//1477 1478//1478
f 1475//1475 1490//1490 1487//1487
f 1475//1475 1477//1477 1490//1490
f 1487//1487 1486//1486 1476//1476
f 1487//1487 1476//1476 1475//1475
f 1479//1479 1486//1486 1493//1493
f 1479//1479 1476//1476 1486//1486
f 1493//1493 1483//1483 1480//1480
f 1493//1493 1480//1480 1479//1479
f 1495//1495 1499//1499 1496//1496
f 1495//1495 1500//1500 1499//1499
f 1499//1499 1501//1501 1497//1497
f 1496//1496 1499//1499 1497//1497
f 1497//1497 1502//1502 1492//1492
f 1497//1497 1501//1501 1502//1502
f 1492//1492 1503//1503 1489//1489
f 1492//1492 1502//1502 1503//1503
f 1489//1489 1504//1504 1485//1485
f 1489//1489 1503//1503 1504//1504
f 1485//1485 1505//1505 1488//1488
f 1485//1485 1504//1504 1505//1505
f 1488//1488 1506//1506 1494//1494
f 1488//1488 1505//1505 1506//1506
f 1494//1494 1500//1500 1495//1495
f 1494//1494 1506//1506 1500//1500
f 1504//1504 1507//1507 1508//1508
f 1504//1504 1508//1508 1505//1505
f 1503//1503 1509//1509 1507//1507
f 1503//1503 1507//1507 1504//1504
f 1510//1510 1503//1503 1502//1502
f 1510//1510 1509//1509 1503//1503
f 1511//1511 1505//1505 1508//1508
f 1506//1506 1505//1505 1511//1511
f 1512//1512 1500//1500 1506//1506
f 1512//1512 1506//1506 1511//1511
f 1513//1513 1499//1499 1500//1500
f 1513//1513 1501//1501 1499//1499
f 1513//1513 1500//1500 1512//1512
f 1514//1514 1502//1502 1501//1501
f 1514//1514 1510//1510 1502//1502
f 1514//1514 1501//1501 1513//1513
f 1513//1513 1515//1515 1516//1516
f 1513//1513 1512//1512 1515//1515
f 1517//1517 1518//1518 1519//1519
f 1517//1517 1520//1520 1518//1518
f 1521//1521 1519//1519 1522//1522
f 1521//1521 1517//1517 1519//1519
f 1523//1523 1524//1524 1521//1521
f 1523//1523 1521//1521 1522//1522
f 1525//1525 1518//1518 1520//1520
f 1526//1526 1525//1525 1520//1520
f 1515//1515 1526//1526 1527//1527
f 1515//1515 1525//1525 1526//1526
f 1516//1516 1528//1528 1529//1529
f 1516//1516 1527//1527 1528//1528
f 1516//1516 1515//1515 1527//1527
f 1530//1530 1529//1529 1524//1524
f 1530//1530 1524//1524 1523//1523
f 1530//1530 1516//1516 1529//1529
f 1516//1516 1530//1530 1514//1514
f 1516//1516 1514//1514 1513//1513
f 1510//1510 1530//1530 1523//1523
f 1510//1510 1514//1514 1530//1530
f 1523//1523 1522//1522 1509//1509
f 1523//1523 1509//1509 1510//1510
f 1507//1507 1522//1522 1519//1519
f 1507//1507 1509//1509 1522//1522
f 1519//1519 1518//1518 1508//1508
f 1519//1519 1508//1508 1507//1507
f 1511//1511 1518//1518 1525//1525
f 1511//1511 1508//1508 1518//1518
f 1525//1525 1515//1515 1512//1512
f 1525//1525 1512//1512 1511//1511
f 1527//1527 1531//1531 1528//1528
f 1527//1527 1532//1532 1531//1531
f 1531//1531 1533//1533 1529//1529
f 1528//1528 1531//1531 1529//1529
f 1529//1529 1534//1534 1524//1524
f 1529//1529 1533//1533 1534//1534
f 1524//1524 1535//1535 1521//1521
f 1524//1524 1534//1534 1535//1535
f 1521//1521 1536//1536 1517//1517
f 1521//1521 1535//1535 1536//1536
f 1517//1517 1537//1537 1520//1520
f 1517//1517 1536//1536 1537//1537
f 1520//1520 1538//1538 1526//1526
f 1520//1520 1537//1537 1538//1538
f 1526//1526 1532//1532 1527//1527
f 1526//1526 1538//1538 1532//1532
f 1536//1536 1539//1539 1540//1540
f 1536//1536 1540//1540 1537//1537
f 1535//1535 1541//1541 1539//1539
f 1535//1535 1539//1539 1536//1536
f 1542//1542 1535//1535 1534//1534
f 1542//1542 1541//1541 1535//1535
f 1543//1543 1537//1537 1540//1540
f 1538//1538 1537//1537 1543//1543
f 1544//1544 1532//1532 1538//1538
f 1544//1544 1538//1538 1543//1543
f 1545//1545 1531//1531 1532//1532
f 1545//1545 1533//1533 1531//1531
f 1545//1545 1532//1532 1544//1544
f 1546//1546 1534//1534 1533//1533
f 1546//1546 1542//1542 1534//1534
f 1546//1546 1533//1533 1545//1545
f 1545//1545 1544//1544 1547//1547
f 1545//1545 1547//1547 1548//1548
f 1548//1548 1546//1546 1545//1545
f 1548//1548 1549//1549 1546//1546
f 1550//1550 1546//1546 1549//1549
f 1550//1550 1549//1549 1551//1551
f 1552//1552 1553//1553 1554//1554
f 1542//1542 1553//1553 1552//1552
f 1542//1542 1546//1546 1550//1550
f 1542//1542 1550//1550 1553//1553
f 1552//1552 1541//1541 1542//1542
f 1552//1552 1555//1555 1541//1541
f 1539//1539 1541//1541 1555//1555
f 1539//1539 1555//1555 1556//1556
f 1556//1556 1540//1540 1539//1539
f 1556//1556 1557//1557 1540//1540
f 1558//1558 1540//1540 1557//1557
f 1558//1558 1557//1557 1559//1559
f 1560//1560 1561//1561 1562//1562
f 1543//1543 1561//1561 1560//1560
f 1543//1543 1540//1540 1558//1558
f 1543//1543 1558//1558 1561//1561
f 1560//1560 1544//1544 1543//1543
f 1560//1560 1547//1547 1544//1544
f 1563//1563 1549//1549 1548//1548
f 1564//1564 1563//1563 1548//1548
f 1565//1565 1549//1549 1563//1563
f 1551//1551 1549//1549 1565//1565
f 1566//1566 1564//1564 1548//1548
f 1547//1547 1566//1566 1548//1548
f 1560//1560 1567//1567 1566//1566
f 1560//1560 1566//1566 1547//1547
f 1562//1562 1567//1567 1560//1560
f 1562//1562 1568//1568 1567//1567
f 1569//1569 1564//1564 1566//1566
f 1569//1569 1566//1566 1570//1570
f 1567//1567 1571//1571 1572//1572
f 1566//1566 1567//1567 1572//1572
f 1566//1566 1572//1572 1570//1570
f 1573//1573 1572//1572 1571//1571
f 1575//1575 1573//1573 1571//1571
f 1574//1574 1572//1572 1573//1573
f 1574//1574 1570//1570 1572//1572
f 1576//1576 1575//1575 1571//1571
f 1579//1579 1576//1576 1571//1571
f 1577//1577 1570//1570 1574//1574
f 1583//1583 1570//1570 1577//1577
f 1578//1578 1597//1597 1579//1579
f 1580//1580 1597//1597 1578//1578
f 1582//1582 1581//1581 1594//1594
f 1582//1582 1583//1583 1581//1581
f 1582//1582 1570//1570 1583//1583
f 1569//1569 1582//1582 1585//1585
f 1569//1569 1585//1585 1584//1584
f 1569//1569 1570//1570 1582//1582
f 1586//1586 1569//1569 1584//1584
f 1587//1587 1569//1569 1586//1586
f 1588//1588 1569//1569 1587//1587
f 1588//1588 1587//1587 1589//1589
f 1590//1590 1588//1588 1589//1589
f 1590//1590 1589//1589 1591//1591
f 1578//1578 1579//1579 1571//1571
f 1342//1342 1594//1594 1596//1596
f 1342//1342 1582//1582 1594//1594
f 1342//1342 1585//1585 1582//1582
f 1340//1340 1585//1585 1342//1342
f 1340//1340 1584//1584 1585//1585
f 1592//1592 1596//1596 1593//1593
f 1594//1594 1593//1593 1596//1596
f 1332//1332 1596//1596 1592//1592
f 1574//1574 1592//1592 1577//1577
f 1574//1574 1332//1332 1592//1592
f 1593//1593 1594//1594 1581//1581
f 1581//1581 1595//1595 1593//1593
f 1583//1583 1595//1595 1581//1581
f 1577//1577 1592//1592 1595//1595
f 1577//1577 1595//1595 1583//1583
f 1592//1592 1593//1593 1595//1595
f 1350//1350 1607//1607 1352//1352
f 1352//1352 1607//1607 1600//1600
f 1356//1356 1599//1599 1598//1598
f 1354//1354 1599//1599 1356//1356
f 1352//1352 1600//1600 1599//1599
f 1352//1352 1599//1599 1354//1354
f 1356//1356 1603//1603 1357//1357
f 1356//1356 1598//1598 1603//1603
f 1364//1364 1601//1601 1616//1616
f 1366//1366 1601//1601 1364//1364
f 1366//1366 1602//1602 1601//1601
f 1358//1358 1602//1602 1366//1366
f 1358//1358 1603//1603 1602//1602
f 1357//1357 1603//1603 1358//1358
f 1606//1606 1604//1604 1605//1605
f 1623//1623 1606//1606 1605//1605
f 1609//1609 1608//1608 1623//1623
f 1609//1609 1607//1607 1608//1608
f 1600//1600 1607//1607 1609//1609
f 1599//1599 1600//1600 1609//1609
f 1599//1599 1609//1609 1610//1610
f 1611//1611 1599//1599 1610//1610
f 1611//1611 1598//1598 1599//1599
f 1603//1603 1598//1598 1611//1611
f 1614//1614 1612//1612 1613//1613
f 1615//1615 1612//1612 1614//1614
f 1622//1622 1616//1616 1601//1601
f 1617//1617 1619//1619 1618//1618
f 1617//1617 1621//1621 1619//1619
f 1617//1617 1615//1615 1620//1620
f 1617//1617 1620//1620 1621//1621
f 1622//1622 1617//1617 1618//1618
f 1622//1622 1618//1618 1616//1616
f 1612//1612 1615//1615 1617//1617
f 1622//1622 1602//1602 1611//1611
f 1602//1602 1603//1603 1611//1611
f 1622//1622 1601//1601 1602//1602
f 1609//1609 1623//1623 1605//1605
f 1361//1361 1618//1618 1619//1619
f 1362//1362 1618//1618 1361//1361
f 1364//1364 1616//1616 1618//1618
f 1364//1364 1618//1618 1362//1362
f 1621//1621 1360//1360 1361//1361
f 1619//1619 1621//1621 1361//1361
f 1369//1369 1615//1615 1614//1614
f 1368//1368 1615//1615 1369//1369
f 1368//1368 1620//1620 1615//1615
f 1360//1360 1620//1620 1368//1368
f 1360//1360 1621//1621 1620//1620
f 1614//1614 1359//1359 1369//1369
f 1624//1624 1359//1359 1614//1614
f 1613//1613 1624//1624 1614//1614
f 1625//1625 1346//1346 1359//1359
f 1625//1625 1359//1359 1624//1624
f 1589//1589 1625//1625 1591//1591
f 1589//1589 1346//1346 1625//1625
f 1589//1589 1344//1344 1346//1346
f 1587//1587 1344//1344 1589//1589
f 1587//1587 1343//1343 1344//1344
f 1586//1586 1343//1343 1587//1587
f 1586//1586 1340//1340 1343//1343
f 1586//1586 1584//1584 1340//1340
f 1565//1565 1550//1550 1551//1551
f 1565//1565 1625//1625 1550//1550
f 1591//1591 1565//1565 1590//1590
f 1591//1591 1625//1625 1565//1565
f 1590//1590 1565//1565 1588//1588
f 1563//1563 1564//1564 1569//1569
f 1563//1563 1569//1569 1588//1588
f 1565//1565 1563//1563 1588//1588
f 1624//1624 1553//1553 1550//1550
f 1624//1624 1550//1550 1625//1625
f 1626//1626 1553//1553 1624//1624
f 1626//1626 1624//1624 1613//1613
f 1554//1554 1553//1553 1626//1626
f 1612//1612 1626//1626 1613//1613
f 1627//1627 1554//1554 1626//1626
f 1552//1552 1554//1554 1627//1627
f 1628//1628 1552//1552 1627//1627
f 1555//1555 1552//1552 1628//1628
f 1629//1629 1555//1555 1628//1628
f 1631//1631 1630//1630 1559//1559
f 1557//1557 1631//1631 1559//1559
f 1556//1556 1629//1629 1631//1631
f 1556//1556 1631//1631 1557//1557
f 1556//1556 1555//1555 1629//1629
f 1605//1605 1630//1630 1631//1631
f 1605//1605 1631//1631 1609//1609
f 1629//1629 1611//1611 1610//1610
f 1631//1631 1629//1629 1610//1610
f 1631//1631 1610//1610 1609//1609
f 1611//1611 1629//1629 1622//1622
f 1627//1627 1617//1617 1622//1622
f 1628//1628 1627//1627 1622//1622
f 1629//1629 1628//1628 1622//1622
f 1617//1617 1626//1626 1612//1612
f 1617//1617 1627//1627 1626//1626
f 1630//1630 1558//1558 1559//1559
f 1630//1630 1632//1632 1558//1558
f 1604//1604 1630//1630 1605//1605
f 1604//1604 1632//1632 1630//1630
f 1597//1597 1580//1580 1633//1633
f 1339//1339 1633//1633 1634//1634
f 1339//1339 1597//1597 1633//1633
f 1338//1338 1597//1597 1339//1339
f 1632//1632 1604//1604 1606//1606
f 1348//1348 1634//1634 1632//1632
f 1348//1348 1606//1606 1347//1347
f 1348//1348 1632//1632 1606//1606
f 1349//1349 1634//1634 1348//1348
f 1339//1339 1634//1634 1349//1349
f 1634//1634 1633//1633 1561//1561
f 1558//1558 1632//1632 1634//1634
f 1558//1558 1634//1634 1561//1561
f 1568//1568 1561//1561 1633//1633
f 1568//1568 1633//1633 1580//1580
f 1562//1562 1561//1561 1568//1568
f 1578//1578 1568//1568 1580//1580
f 1571//1571 1568//1568 1578//1578
f 1571//1571 1567//1567 1568//1568
f 1337//1337 1597//1597 1338//1338
f 1337//1337 1579//1579 1597//1597
f 1336//1336 1579//1579 1337//1337
f 1336//1336 1576//1576 1579//1579
f 1333//1333 1576//1576 1336//1336
f 1333//1333 1575//1575 1576//1576
f 1333//1333 1573//1573 1575//1575
f 1331//1331 1573//1573 1333//1333
f 1331//1331 1574//1574 1573//1573
f 1332//1332 1574//1574 1331//1331
f 1351//1351 1608//1608 1607//1607
f 1351//1351 1607//1607 1350//1350
f 1351//1351 1623//1623 1608//1608
f 1367//1367 1623//1623 1351//1351
f 1367//1367 1606//1606 1623//1623
f 1347//1347 1606//1606 1367//1367
f 1363//1363 1384//1384 1355//1355
f 1363//1363 1370//1370 1384//1384
f 1384//1384 1353//1353 1355//1355
f 1384//1384 1382//1382 1353//1353
f 1353//1353 1375//1375 1335//1335
f 1353//1353 1382//1382 1375//1375
f 1376//1376 1378//1378 1334//1334
f 1376//1376 1334//1334 1330//1330
f 1375//1375 1376//1376 1330//1330
f 1375//1375 1330//1330 1335//1335
f 1334//1334 1378//1378 1341//1341
f 1380//1380 1345//1345 1341//1341
f 1378//1378 1380//1380 1341//1341
f 1635//1635 1636//1636 1838//1838
f 1635//1635 1839//1839 1636//1636
f 1839//1839 1637//1637 1840//1840
f 1840//1840 1838//1838 1636//1636
f 1638//1638 1639//1639 1841//1841
f 1783//1783 1837//1837 1642//1642
f 1641//1641 1833//1833 1830//1830
f 1835//1835 1672//1672 1836//1836
f 1644//1644 1827//1827 1646//1646
f 1645//1645 1827//1827 1644//1644
f 1827//1827 1828//1828 1646//1646
f 1646//1646 1828//1828 1829//1829
f 1829//1829 1648//1648 1735//1735
f 1769//1769 1820//1820 1651//1651
f 1649//1649 1823//1823 1820//1820
f 1649//1649 1650//1650 1823//1823
f 1696//1696 1650//1650 1649//1649
f 1696//1696 1651//1651 1650//1650
f 1769//1769 1651//1651 1696//1696
f 1820//1820 1821//1821 1651//1651
f 1823//1823 1821//1821 1820//1820
f 1821//1821 1825//1825 1651//1651
f 1383//1383 1654//1654 1386//1386
f 1653//1653 1654//1654 1383//1383
f 1656//1656 1379//1379 1377//1377
f 1655//1655 1379//1379 1656//1656
f 1374//1374 1656//1656 1377//1377
f 1374//1374 1657//1657 1656//1656
f 1373//1373 1657//1657 1374//1374
f 1373//1373 1658//1658 1657//1657
f 1659//1659 1379//1379 1655//1655
f 1385//1385 1379//1379 1659//1659
f 1386//1386 1385//1385 1659//1659
f 1386//1386 1659//1659 1660//1660
f 1383//1383 1386//1386 1660//1660
f 1662//1662 1658//1658 1373//1373
f 1381//1381 1661//1661 1662//1662
f 1381//1381 1662//1662 1373//1373
f 1381//1381 1383//1383 1661//1661
f 1660//1660 1661//1661 1383//1383
f 1383//1383 1643//1643 1653//1653
f 1383//1383 1381//1381 1643//1643
f 1643//1643 1674//1674 1653//1653
f 1824//1824 1663//1663 1738//1738
f 1822//1822 1663//1663 1824//1824
f 1686//1686 1663//1663 1822//1822
f 1826//1826 1824//1824 1738//1738
f 1652//1652 1686//1686 1822//1822
f 1688//1688 1664//1664 1665//1665
f 1690//1690 1688//1688 1665//1665
f 1737//1737 1826//1826 1738//1738
f 1737//1737 1652//1652 1826//1826
f 1736//1736 1652//1652 1737//1737
f 1736//1736 1665//1665 1652//1652
f 1667//1667 1735//1735 1734//1734
f 1739//1739 1667//1667 1734//1734
f 1666//1666 1667//1667 1739//1739
f 1666//1666 1648//1648 1667//1667
f 1670//1670 1669//1669 1690//1690
f 1816//1816 1669//1669 1670//1670
f 1767//1767 1668//1668 1679//1679
f 1758//1758 1735//1735 1648//1648
f 1759//1759 1758//1758 1648//1648
f 1759//1759 1648//1648 1666//1666
f 1758//1758 1736//1736 1735//1735
f 1758//1758 1665//1665 1736//1736
f 1816//1816 1679//1679 1669//1669
f 1817//1817 1670//1670 1690//1690
f 1817//1817 1690//1690 1665//1665
f 1817//1817 1665//1665 1758//1758
f 1816//1816 1767//1767 1679//1679
f 1816//1816 1765//1765 1767//1767
f 1671//1671 1765//1765 1816//1816
f 1672//1672 1643//1643 1681//1681
f 1672//1672 1681//1681 1765//1765
f 1818//1818 1817//1817 1758//1758
f 1674//1674 1643//1643 1836//1836
f 1672//1672 1674//1674 1836//1836
f 1673//1673 1765//1765 1671//1671
f 1673//1673 1672//1672 1765//1765
f 1746//1746 1818//1818 1758//1758
f 1748//1748 1818//1818 1746//1746
f 1674//1674 1672//1672 1673//1673
f 1674//1674 1673//1673 1819//1819
f 1749//1749 1819//1819 1818//1818
f 1749//1749 1818//1818 1748//1748
f 1675//1675 1819//1819 1749//1749
f 1744//1744 1749//1749 1748//1748
f 1841//1841 1639//1639 1675//1675
f 1639//1639 1819//1819 1675//1675
f 1639//1639 1674//1674 1819//1819
f 1841//1841 1675//1675 1676//1676
f 1677//1677 1639//1639 1841//1841
f 1677//1677 1674//1674 1639//1639
f 1678//1678 1677//1677 1841//1841
f 1678//1678 1841//1841 1676//1676
f 1842//1842 1669//1669 1679//1679
f 1680//1680 1643//1643 1381//1381
f 1681//1681 1643//1643 1680//1680
f 1682//1682 1680//1680 1381//1381
f 1683//1683 1668//1668 1682//1682
f 1679//1679 1668//1668 1683//1683
f 1684//1684 1689//1689 1683//1683
f 1684//1684 1683//1683 1682//1682
f 1684//1684 1682//1682 1381//1381
f 1664//1664 1688//1688 1689//1689
f 1664//1664 1689//1689 1684//1684
f 1373//1373 1684//1684 1381//1381
f 1685//1685 1684//1684 1373//1373
f 1663//1663 1686//1686 1685//1685
f 1663//1663 1685//1685 1373//1373
f 1689//1689 1688//1688 1687//1687
f 1687//1687 1688//1688 1690//1690
f 1694//1694 1665//1665 1664//1664
f 1691//1691 1652//1652 1665//1665
f 1652//1652 1685//1685 1686//1686
f 1692//1692 1685//1685 1691//1691
f 1694//1694 1695//1695 1693//1693
f 1684//1684 1695//1695 1694//1694
f 1684//1684 1692//1692 1695//1695
f 1684//1684 1685//1685 1692//1692
f 1664//1664 1684//1684 1694//1694
f 1691//1691 1685//1685 1652//1652
f 1665//1665 1693//1693 1691//1691
f 1694//1694 1693//1693 1665//1665
f 1770//1770 1691//1691 1693//1693
f 1696//1696 1691//1691 1770//1770
f 1697//1697 1691//1691 1696//1696
f 1697//1697 1692//1692 1691//1691
f 1698//1698 1692//1692 1697//1697
f 1698//1698 1695//1695 1692//1692
f 1699//1699 1695//1695 1698//1698
f 1770//1770 1695//1695 1699//1699
f 1770//1770 1693//1693 1695//1695
f 1649//1649 1700//1700 1701//1701
f 1649//1649 1702//1702 1700//1700
f 1769//1769 1702//1702 1649//1649
f 1696//1696 1649//1649 1701//1701
f 1697//1697 1696//1696 1701//1701
f 1703//1703 1702//1702 1769//1769
f 1698//1698 1697//1697 1701//1701
f 1775//1775 1769//1769 1696//1696
f 1775//1775 1696//1696 1770//1770
f 1704//1704 1770//1770 1699//1699
f 1704//1704 1699//1699 1698//1698
f 1706//1706 1702//1702 1703//1703
f 1707//1707 1705//1705 1706//1706
f 1705//1705 1702//1702 1706//1706
f 1708//1708 1705//1705 1709//1709
f 1708//1708 1702//1702 1705//1705
f 1645//1645 1708//1708 1709//1709
f 1645//1645 1709//1709 1710//1710
f 1644//1644 1708//1708 1645//1645
f 1712//1712 1645//1645 1710//1710
f 1712//1712 1646//1646 1645//1645
f 1711//1711 1644//1644 1646//1646
f 1712//1712 1711//1711 1646//1646
f 1714//1714 1713//1713 1728//1728
f 1714//1714 1781//1781 1713//1713
f 1716//1716 1715//1715 1728//1728
f 1640//1640 1715//1715 1716//1716
f 1641//1641 1640//1640 1716//1716
f 1641//1641 1716//1716 1717//1717
f 1783//1783 1781//1781 1714//1714
f 1783//1783 1715//1715 1640//1640
f 1783//1783 1714//1714 1715//1715
f 1717//1717 1642//1642 1641//1641
f 1783//1783 1642//1642 1717//1717
f 1718//1718 1783//1783 1717//1717
f 1722//1722 1773//1773 1719//1719
f 1720//1720 1721//1721 1773//1773
f 1724//1724 1721//1721 1720//1720
f 1635//1635 1723//1723 1722//1722
f 1635//1635 1722//1722 1777//1777
f 1727//1727 1724//1724 1723//1723
f 1727//1727 1723//1723 1635//1635
f 1726//1726 1635//1635 1777//1777
f 1726//1726 1777//1777 1725//1725
f 1727//1727 1635//1635 1726//1726
f 1716//1716 1698//1698 1701//1701
f 1716//1716 1728//1728 1698//1698
f 1728//1728 1704//1704 1698//1698
f 1728//1728 1713//1713 1704//1704
f 1711//1711 1724//1724 1727//1727
f 1711//1711 1721//1721 1724//1724
f 1711//1711 1712//1712 1721//1721
f 1726//1726 1718//1718 1717//1717
f 1726//1726 1725//1725 1718//1718
f 1717//1717 1660//1660 1726//1726
f 1661//1661 1660//1660 1717//1717
f 1660//1660 1727//1727 1726//1726
f 1659//1659 1727//1727 1660//1660
f 1659//1659 1711//1711 1727//1727
f 1659//1659 1655//1655 1711//1711
f 1656//1656 1711//1711 1655//1655
f 1656//1656 1644//1644 1711//1711
f 1656//1656 1708//1708 1644//1644
f 1708//1708 1657//1657 1702//1702
f 1656//1656 1657//1657 1708//1708
f 1657//1657 1700//1700 1702//1702
f 1658//1658 1700//1700 1657//1657
f 1658//1658 1701//1701 1700//1700
f 1658//1658 1716//1716 1701//1701
f 1658//1658 1662//1662 1716//1716
f 1662//1662 1717//1717 1716//1716
f 1661//1661 1717//1717 1662//1662
f 1709//1709 1729//1729 1731//1731
f 1705//1705 1729//1729 1709//1709
f 1707//1707 1729//1729 1705//1705
f 1707//1707 1733//1733 1729//1729
f 1710//1710 1733//1733 1707//1707
f 1710//1710 1731//1731 1733//1733
f 1709//1709 1731//1731 1710//1710
f 1729//1729 1730//1730 1731//1731
f 1732//1732 1730//1730 1729//1729
f 1733//1733 1732//1732 1729//1729
f 1740//1740 1733//1733 1731//1731
f 1735//1735 1730//1730 1734//1734
f 1735//1735 1731//1731 1730//1730
f 1735//1735 1740//1740 1731//1731
f 1736//1736 1733//1733 1740//1740
f 1732//1732 1733//1733 1736//1736
f 1737//1737 1732//1732 1736//1736
f 1732//1732 1738//1738 1374//1374
f 1737//1737 1738//1738 1732//1732
f 1377//1377 1732//1732 1374//1374
f 1730//1730 1732//1732 1377//1377
f 1739//1739 1734//1734 1730//1730
f 1739//1739 1730//1730 1377//1377
f 1373//1373 1738//1738 1663//1663
f 1373//1373 1374//1374 1738//1738
f 1740//1740 1735//1735 1736//1736
f 1741//1741 1666//1666 1739//1739
f 1377//1377 1741//1741 1739//1739
f 1377//1377 1379//1379 1741//1741
f 1756//1756 1741//1741 1379//1379
f 1759//1759 1741//1741 1756//1756
f 1742//1742 1743//1743 1756//1756
f 1742//1742 1756//1756 1379//1379
f 1744//1744 1748//1748 1743//1743
f 1744//1744 1743//1743 1742//1742
f 1385//1385 1742//1742 1379//1379
f 1745//1745 1742//1742 1385//1385
f 1678//1678 1676//1676 1745//1745
f 1678//1678 1745//1745 1385//1385
f 1747//1747 1748//1748 1746//1746
f 1675//1675 1745//1745 1676//1676
f 1675//1675 1754//1754 1745//1745
f 1750//1750 1752//1752 1742//1742
f 1753//1753 1750//1750 1742//1742
f 1751//1751 1752//1752 1750//1750
f 1745//1745 1753//1753 1742//1742
f 1752//1752 1751//1751 1755//1755
f 1754//1754 1752//1752 1755//1755
f 1754//1754 1753//1753 1745//1745
f 1754//1754 1755//1755 1753//1753
f 1744//1744 1752//1752 1749//1749
f 1744//1744 1742//1742 1752//1752
f 1749//1749 1754//1754 1675//1675
f 1749//1749 1752//1752 1754//1754
f 1724//1724 1750//1750 1753//1753
f 1720//1720 1750//1750 1724//1724
f 1720//1720 1751//1751 1750//1750
f 1773//1773 1751//1751 1720//1720
f 1773//1773 1755//1755 1751//1751
f 1722//1722 1755//1755 1773//1773
f 1723//1723 1755//1755 1722//1722
f 1723//1723 1753//1753 1755//1755
f 1724//1724 1753//1753 1723//1723
f 1654//1654 1677//1677 1678//1678
f 1386//1386 1654//1654 1678//1678
f 1385//1385 1386//1386 1678//1678
f 1653//1653 1674//1674 1677//1677
f 1653//1653 1677//1677 1654//1654
f 1758//1758 1747//1747 1746//1746
f 1758//1758 1757//1757 1747//1747
f 1743//1743 1748//1748 1747//1747
f 1756//1756 1743//1743 1747//1747
f 1756//1756 1747//1747 1757//1757
f 1757//1757 1758//1758 1756//1756
f 1756//1756 1758//1758 1759//1759
f 1759//1759 1666//1666 1741//1741
f 1714//1714 1760//1760 1762//1762
f 1714//1714 1761//1761 1760//1760
f 1728//1728 1761//1761 1714//1714
f 1715//1715 1761//1761 1728//1728
f 1715//1715 1762//1762 1761//1761
f 1714//1714 1762//1762 1715//1715
f 1762//1762 1760//1760 1763//1763
f 1682//1682 1760//1760 1761//1761
f 1764//1764 1762//1762 1763//1763
f 1680//1680 1761//1761 1762//1762
f 1680//1680 1762//1762 1764//1764
f 1680//1680 1682//1682 1761//1761
f 1760//1760 1682//1682 1668//1668
f 1767//1767 1760//1760 1668//1668
f 1767//1767 1763//1763 1760//1760
f 1765//1765 1763//1763 1767//1767
f 1766//1766 1763//1763 1765//1765
f 1766//1766 1764//1764 1763//1763
f 1680//1680 1764//1764 1766//1766
f 1681//1681 1680//1680 1766//1766
f 1681//1681 1766//1766 1765//1765
f 1768//1768 1712//1712 1710//1710
f 1707//1707 1768//1768 1710//1710
f 1775//1775 1703//1703 1769//1769
f 1775//1775 1706//1706 1703//1703
f 1775//1775 1707//1707 1706//1706
f 1771//1771 1775//1775 1770//1770
f 1787//1787 1772//1772 1768//1768
f 1774//1774 1787//1787 1768//1768
f 1786//1786 1772//1772 1787//1787
f 1719//1719 1773//1773 1772//1772
f 1774//1774 1768//1768 1707//1707
f 1774//1774 1707//1707 1775//1775
f 1785//1785 1772//1772 1786//1786
f 1774//1774 1775//1775 1771//1771
f 1785//1785 1719//1719 1772//1772
f 1790//1790 1774//1774 1771//1771
f 1776//1776 1719//1719 1785//1785
f 1791//1791 1790//1790 1771//1771
f 1776//1776 1722//1722 1719//1719
f 1778//1778 1777//1777 1722//1722
f 1778//1778 1722//1722 1776//1776
f 1778//1778 1776//1776 1779//1779
f 1780//1780 1792//1792 1791//1791
f 1780//1780 1791//1791 1771//1771
f 1781//1781 1792//1792 1780//1780
f 1781//1781 1782//1782 1792//1792
f 1783//1783 1782//1782 1781//1781
f 1784//1784 1779//1779 1782//1782
f 1784//1784 1782//1782 1783//1783
f 1784//1784 1778//1778 1779//1779
f 1787//1787 1799//1799 1786//1786
f 1774//1774 1788//1788 1787//1787
f 1774//1774 1789//1789 1788//1788
f 1790//1790 1789//1789 1774//1774
f 1799//1799 1793//1793 1786//1786
f 1787//1787 1798//1798 1799//1799
f 1788//1788 1798//1798 1787//1787
f 1789//1789 1798//1798 1788//1788
f 1789//1789 1794//1794 1798//1798
f 1790//1790 1794//1794 1789//1789
f 1790//1790 1795//1795 1794//1794
f 1791//1791 1795//1795 1790//1790
f 1791//1791 1796//1796 1795//1795
f 1792//1792 1796//1796 1791//1791
f 1782//1782 1796//1796 1792//1792
f 1782//1782 1800//1800 1796//1796
f 1779//1779 1800//1800 1782//1782
f 1779//1779 1801//1801 1800//1800
f 1776//1776 1801//1801 1779//1779
f 1776//1776 1797//1797 1801//1801
f 1785//1785 1797//1797 1776//1776
f 1785//1785 1793//1793 1797//1797
f 1786//1786 1793//1793 1785//1785
f 1803//1803 1797//1797 1793//1793
f 1801//1801 1797//1797 1803//1803
f 1795//1795 1798//1798 1794//1794
f 1802//1802 1793//1793 1799//1799
f 1802//1802 1803//1803 1793//1793
f 1802//1802 1799//1799 1798//1798
f 1807//1807 1802//1802 1798//1798
f 1807//1807 1798//1798 1795//1795
f 1801//1801 1803//1803 1804//1804
f 1795//1795 1805//1805 1807//1807
f 1800//1800 1801//1801 1804//1804
f 1796//1796 1805//1805 1795//1795
f 1796//1796 1800//1800 1804//1804
f 1796//1796 1804//1804 1805//1805
f 1803//1803 1806//1806 1809//1809
f 1802//1802 1806//1806 1803//1803
f 1802//1802 1807//1807 1806//1806
f 1805//1805 1808//1808 1807//1807
f 1804//1804 1808//1808 1805//1805
f 1804//1804 1809//1809 1808//1808
f 1803//1803 1809//1809 1804//1804
f 1806//1806 1810//1810 1812//1812
f 1806//1806 1811//1811 1810//1810
f 1809//1809 1806//1806 1812//1812
f 1807//1807 1811//1811 1806//1806
f 1807//1807 1813//1813 1811//1811
f 1814//1814 1809//1809 1812//1812
f 1815//1815 1813//1813 1807//1807
f 1815//1815 1807//1807 1808//1808
f 1814//1814 1808//1808 1809//1809
f 1815//1815 1808//1808 1814//1814
f 1816//1816 1813//1813 1815//1815
f 1670//1670 1813//1813 1816//1816
f 1670//1670 1811//1811 1813//1813
f 1817//1817 1811//1811 1670//1670
f 1817//1817 1810//1810 1811//1811
f 1818//1818 1810//1810 1817//1817
f 1818//1818 1812//1812 1810//1810
f 1819//1819 1812//1812 1818//1818
f 1819//1819 1814//1814 1812//1812
f 1671//1671 1815//1815 1814//1814
f 1671//1671 1814//1814 1673//1673
f 1816//1816 1815//1815 1671//1671
f 1673//1673 1814//1814 1819//1819
f 1713//1713 1771//1771 1704//1704
f 1713//1713 1780//1780 1771//1771
f 1781//1781 1780//1780 1713//1713
f 1784//1784 1783//1783 1718//1718
f 1725//1725 1778//1778 1784//1784
f 1725//1725 1784//1784 1718//1718
f 1777//1777 1778//1778 1725//1725
f 1773//1773 1721//1721 1772//1772
f 1768//1768 1772//1772 1721//1721
f 1712//1712 1768//1768 1721//1721
f 1770//1770 1704//1704 1771//1771
f 1649//1649 1820//1820 1769//1769
f 1825//1825 1650//1650 1651//1651
f 1826//1826 1652//1652 1825//1825
f 1821//1821 1826//1826 1825//1825
f 1824//1824 1826//1826 1821//1821
f 1823//1823 1650//1650 1821//1821
f 1822//1822 1825//1825 1652//1652
f 1822//1822 1824//1824 1650//1650
f 1650//1650 1825//1825 1822//1822
f 1821//1821 1650//1650 1824//1824
f 1646//1646 1829//1829 1645//1645
f 1647//1647 1645//1645 1829//1829
f 1645//1645 1647//1647 1827//1827
f 1827//1827 1647//1647 1828//1828
f 1648//1648 1829//1829 1828//1828
f 1667//1667 1828//1828 1647//1647
f 1829//1829 1735//1735 1647//1647
f 1667//1667 1648//1648 1828//1828
f 1647//1647 1735//1735 1667//1667
f 1783//1783 1640//1640 1830//1830
f 1783//1783 1830//1830 1837//1837
f 1640//1640 1641//1641 1830//1830
f 1833//1833 1641//1641 1642//1642
f 1642//1642 1835//1835 1834//1834
f 1642//1642 1834//1834 1833//1833
f 1642//1642 1837//1837 1835//1835
f 1837//1837 1830//1830 1833//1833
f 1643//1643 1831//1831 1836//1836
f 1835//1835 1832//1832 1831//1831
f 1836//1836 1834//1834 1835//1835
f 1834//1834 1836//1836 1831//1831
f 1831//1831 1832//1832 1834//1834
f 1832//1832 1835//1835 1837//1837
f 1832//1832 1837//1837 1833//1833
f 1833//1833 1834//1834 1832//1832
f 1831//1831 1643//1643 1672//1672
f 1831//1831 1672//1672 1835//1835
f 1838//1838 1637//1637 1839//1839
f 1838//1838 1839//1839 1635//1635
f 1840//1840 1636//1636 1839//1839
f 1840//1840 1841//1841 1639//1639
f 1841//1841 1840//1840 1637//1637
f 1638//1638 1637//1637 1838//1838
f 1840//1840 1638//1638 1838//1838
f 1638//1638 1840//1840 1639//1639
f 1637//1637 1638//1638 1841//1841
f 1842//1842 1687//1687 1690//1690
f 1669//1669 1842//1842 1690//1690
f 1679//1679 1683//1683 1842//1842
f 1683//1683 1689//1689 1687//1687
f 1683//1683 1687//1687 1842//1842
f 1843//1843 1844//1844 1847//1847
f 1847//1847 1846//1846 2080//2080
f 1845//1845 2080//2080 2081//2081
f 2080//2080 2082//2082 1851//1851
f 2080//2080 1846//1846 2082//2082
f 1846//1846 1844//1844 1848//1848
f 1849//1849 1850//1850 2082//2082
f 2057//2057 1854//1854 2058//2058
f 1857//1857 1858//1858 2054//2054
f 1934//1934 1858//1858 1860//1860
f 1858//1858 2055//2055 1860//1860
f 1858//1858 2056//2056 2055//2055
f 1859//1859 2056//2056 1858//1858
f 1860//1860 2055//2055 1861//1861
f 2055//2055 1863//1863 1861//1861
f 2056//2056 1861//1861 2055//2055
f 1864//1864 2052//2052 2050//2050
f 1864//1864 1867//1867 2052//2052
f 1864//1864 2051//2051 1867//1867
f 1865//1865 2051//2051 1864//1864
f 2050//2050 2051//2051 1865//1865
f 2050//2050 1866//1866 2051//2051
f 2050//2050 2052//2052 1866//1866
f 2048//2048 1866//1866 2052//2052
f 2051//2051 1866//1866 1867//1867
f 2052//2052 1868//1868 2048//2048
f 1867//1867 1868//1868 2052//2052
f 2049//2049 1868//1868 1867//1867
f 2053//2053 2046//2046 2047//2047
f 2048//2048 2053//2053 2047//2047
f 1868//1868 2053//2053 2048//2048
f 1870//1870 2039//2039 2041//2041
f 1870//1870 2042//2042 2039//2039
f 2040//2040 2042//2042 1870//1870
f 2039//2039 2044//2044 2041//2041
f 2042//2042 2044//2044 2039//2039
f 2045//2045 2043//2043 2044//2044
f 1872//1872 2022//2022 2023//2023
f 2022//2022 1873//1873 2023//2023
f 1873//1873 2024//2024 1874//1874
f 2024//2024 2027//2027 2026//2026
f 1874//1874 2025//2025 2027//2027
f 2026//2026 2027//2027 2025//2025
f 1986//1986 1875//1875 2019//2019
f 1876//1876 2020//2020 1877//1877
f 1878//1878 2014//2014 2015//2015
f 1879//1879 2014//2014 1878//1878
f 1879//1879 1881//1881 2014//2014
f 1880//1880 1881//1881 1879//1879
f 1878//1878 2016//2016 1880//1880
f 2014//2014 1881//1881 2011//2011
f 1881//1881 2017//2017 2011//2011
f 1882//1882 2013//2013 1883//1883
f 1883//1883 1884//1884 2012//2012
f 1883//1883 2013//2013 1884//1884
f 1885//1885 1886//1886 1889//1889
f 1887//1887 1886//1886 1885//1885
f 1887//1887 2008//2008 1886//1886
f 1887//1887 1888//1888 2008//2008
f 1885//1885 1889//1889 1888//1888
f 1890//1890 2009//2009 1886//1886
f 2009//2009 2006//2006 2008//2008
f 1890//1890 1891//1891 2007//2007
f 1892//1892 1891//1891 1890//1890
f 2010//2010 1892//1892 2006//2006
f 2007//2007 2005//2005 2010//2010
f 2041//2041 1893//1893 1894//1894
f 2040//2040 1893//1893 2041//2041
f 1870//1870 2041//2041 1894//1894
f 1864//1864 1893//1893 2040//2040
f 1895//1895 1893//1893 1864//1864
f 1895//1895 1864//1864 2050//2050
f 1896//1896 1895//1895 2050//2050
f 1865//1865 1896//1896 2050//2050
f 1898//1898 2040//2040 1870//1870
f 1898//1898 1870//1870 1897//1897
f 1897//1897 1870//1870 1894//1894
f 1898//1898 1864//1864 2040//2040
f 1898//1898 1865//1865 1864//1864
f 1902//1902 1865//1865 1898//1898
f 1887//1887 1899//1899 1897//1897
f 1900//1900 1888//1888 1887//1887
f 1900//1900 1887//1887 1897//1897
f 1900//1900 1897//1897 1894//1894
f 1887//1887 1901//1901 1899//1899
f 1885//1885 1901//1901 1887//1887
f 1903//1903 1888//1888 1900//1900
f 1904//1904 1901//1901 1885//1885
f 1904//1904 1885//1885 1888//1888
f 1902//1902 1896//1896 1865//1865
f 1879//1879 1905//1905 1880//1880
f 1880//1880 1905//1905 1904//1904
f 1879//1879 1906//1906 1905//1905
f 1880//1880 1904//1904 1888//1888
f 1907//1907 1888//1888 1903//1903
f 1907//1907 1880//1880 1888//1888
f 1907//1907 1878//1878 1880//1880
f 1908//1908 1902//1902 1906//1906
f 1908//1908 1879//1879 1878//1878
f 1908//1908 1906//1906 1879//1879
f 1908//1908 1878//1878 1907//1907
f 1908//1908 1896//1896 1902//1902
f 1907//1907 1903//1903 1909//1909
f 1910//1910 1907//1907 1909//1909
f 1556//1556 1910//1910 1909//1909
f 1556//1556 1555//1555 1910//1910
f 1910//1910 1555//1555 1552//1552
f 1911//1911 1910//1910 1552//1552
f 1908//1908 1907//1907 1910//1910
f 1911//1911 1908//1908 1910//1910
f 1912//1912 1896//1896 1908//1908
f 1912//1912 1908//1908 1911//1911
f 1913//1913 1549//1549 1912//1912
f 1551//1551 1549//1549 1913//1913
f 1914//1914 1913//1913 1912//1912
f 1911//1911 1914//1914 1912//1912
f 1552//1552 1554//1554 1914//1914
f 1552//1552 1914//1914 1911//1911
f 1914//1914 1915//1915 1916//1916
f 1914//1914 1916//1916 1913//1913
f 1917//1917 1916//1916 1591//1591
f 1917//1917 1913//1913 1916//1916
f 1551//1551 1917//1917 1918//1918
f 1551//1551 1913//1913 1917//1917
f 1927//1927 1560//1560 1547//1547
f 1919//1919 1560//1560 1927//1927
f 1920//1920 1927//1927 1547//1547
f 1562//1562 1560//1560 1919//1919
f 1921//1921 1562//1562 1919//1919
f 1922//1922 1920//1920 1547//1547
f 1548//1548 1943//1943 1922//1922
f 1548//1548 1922//1922 1547//1547
f 1549//1549 1923//1923 1943//1943
f 1549//1549 1943//1943 1548//1548
f 1551//1551 1918//1918 1923//1923
f 1551//1551 1923//1923 1549//1549
f 1562//1562 1924//1924 1925//1925
f 1926//1926 1925//1925 1924//1924
f 1921//1921 1924//1924 1562//1562
f 1580//1580 1926//1926 1924//1924
f 2034//2034 1928//1928 1927//1927
f 2034//2034 1927//1927 1929//1929
f 2035//2035 1928//1928 2034//2034
f 2035//2035 2034//2034 1929//1929
f 1930//1930 2035//2035 1929//1929
f 1931//1931 2035//2035 1930//1930
f 1857//1857 1928//1928 2035//2035
f 1932//1932 1930//1930 1929//1929
f 1931//1931 1857//1857 2035//2035
f 1934//1934 1857//1857 1931//1931
f 1935//1935 2054//2054 1933//1933
f 1933//1933 2054//2054 1934//1934
f 1935//1935 1857//1857 2054//2054
f 1936//1936 1932//1932 1929//1929
f 1937//1937 1936//1936 1929//1929
f 1924//1924 1857//1857 1935//1935
f 1580//1580 1924//1924 1935//1935
f 2057//2057 2058//2058 1939//1939
f 2057//2057 1939//1939 1938//1938
f 2057//2057 1938//1938 1937//1937
f 1853//1853 1940//1940 2058//2058
f 1941//1941 1853//1853 2057//2057
f 1941//1941 1937//1937 1929//1929
f 1941//1941 2057//2057 1937//1937
f 1869//1869 1853//1853 1941//1941
f 1942//1942 1940//1940 1853//1853
f 1869//1869 1942//1942 1853//1853
f 1869//1869 1941//1941 1943//1943
f 1944//1944 1869//1869 1943//1943
f 1942//1942 1869//1869 1944//1944
f 1945//1945 1942//1942 1944//1944
f 1917//1917 1591//1591 1945//1945
f 1917//1917 1945//1945 1944//1944
f 1924//1924 1928//1928 1857//1857
f 1923//1923 1917//1917 1944//1944
f 1923//1923 1918//1918 1917//1917
f 1922//1922 1943//1943 1941//1941
f 1923//1923 1944//1944 1943//1943
f 1920//1920 1941//1941 1929//1929
f 1920//1920 1922//1922 1941//1941
f 1927//1927 1928//1928 1919//1919
f 1920//1920 1929//1929 1927//1927
f 1921//1921 1928//1928 1924//1924
f 1921//1921 1919//1919 1928//1928
f 1946//1946 1958//1958 1983//1983
f 1604//1604 1946//1946 1983//1983
f 1947//1947 1946//1946 1926//1926
f 1947//1947 1958//1958 1946//1946
f 1935//1935 1926//1926 1580//1580
f 1935//1935 1947//1947 1926//1926
f 1935//1935 1948//1948 1947//1947
f 1933//1933 1948//1948 1935//1935
f 1952//1952 1950//1950 1949//1949
f 1952//1952 1951//1951 1950//1950
f 1952//1952 1962//1962 1951//1951
f 1947//1947 1948//1948 1962//1962
f 1954//1954 1952//1952 1953//1953
f 1954//1954 1962//1962 1952//1952
f 1963//1963 1954//1954 1955//1955
f 1963//1963 1962//1962 1954//1954
f 1957//1957 1963//1963 1956//1956
f 1959//1959 1958//1958 1947//1947
f 1960//1960 1958//1958 1959//1959
f 1961//1961 1959//1959 1947//1947
f 1961//1961 1947//1947 1962//1962
f 1961//1961 1962//1962 1963//1963
f 1960//1960 1964//1964 1958//1958
f 1961//1961 1963//1963 1957//1957
f 1972//1972 1964//1964 1960//1960
f 1967//1967 1961//1961 1957//1957
f 1972//1972 1966//1966 1964//1964
f 1965//1965 1966//1966 1972//1972
f 1970//1970 1967//1967 1957//1957
f 1968//1968 1969//1969 1967//1967
f 1968//1968 1967//1967 1970//1970
f 1974//1974 1965//1965 1972//1972
f 1974//1974 1972//1972 1969//1969
f 1973//1973 1968//1968 1971//1971
f 1973//1973 1969//1969 1968//1968
f 1973//1973 1974//1974 1969//1969
f 1975//1975 1974//1974 1973//1973
f 1938//1938 1955//1955 1954//1954
f 1936//1936 1953//1953 1952//1952
f 1937//1937 1953//1953 1936//1936
f 1937//1937 1954//1954 1953//1953
f 1938//1938 1954//1954 1937//1937
f 1936//1936 1952//1952 1932//1932
f 1949//1949 1932//1932 1952//1952
f 1949//1949 1930//1930 1932//1932
f 1950//1950 1930//1930 1949//1949
f 1950//1950 1931//1931 1930//1930
f 1931//1931 1950//1950 1951//1951
f 1934//1934 1931//1931 1951//1951
f 1934//1934 1951//1951 1962//1962
f 1933//1933 1934//1934 1962//1962
f 1933//1933 1962//1962 1948//1948
f 1939//1939 1955//1955 1938//1938
f 2058//2058 1955//1955 1939//1939
f 1940//1940 1963//1963 1955//1955
f 2058//2058 1940//1940 1955//1955
f 1940//1940 1942//1942 1956//1956
f 1940//1940 1956//1956 1963//1963
f 1957//1957 1942//1942 1945//1945
f 1956//1956 1942//1942 1957//1957
f 1916//1916 1957//1957 1945//1945
f 1591//1591 1916//1916 1945//1945
f 1915//1915 1957//1957 1916//1916
f 1970//1970 1957//1957 1915//1915
f 1976//1976 1915//1915 1613//1613
f 1976//1976 1970//1970 1915//1915
f 1977//1977 1970//1970 1976//1976
f 1977//1977 1968//1968 1970//1970
f 1977//1977 1978//1978 1971//1971
f 1977//1977 1971//1971 1968//1968
f 1978//1978 1980//1980 1973//1973
f 1978//1978 1973//1973 1971//1971
f 1975//1975 1979//1979 1974//1974
f 1975//1975 1980//1980 1979//1979
f 1973//1973 1980//1980 1975//1975
f 1981//1981 1974//1974 1979//1979
f 1981//1981 1965//1965 1974//1974
f 1982//1982 1965//1965 1981//1981
f 1982//1982 1966//1966 1965//1965
f 1982//1982 2018//2018 1964//1964
f 1982//1982 1964//1964 1966//1966
f 1958//1958 2018//2018 1983//1983
f 1964//1964 2018//2018 1958//1958
f 1983//1983 1984//1984 1604//1604
f 1875//1875 1983//1983 2018//2018
f 1985//1985 1875//1875 1986//1986
f 2004//2004 1985//1985 1986//1986
f 1982//1982 1986//1986 2018//2018
f 2004//2004 1986//1986 1982//1982
f 2010//2010 1985//1985 2004//2004
f 2010//2010 1993//1993 1985//1985
f 1982//1982 2005//2005 2004//2004
f 1987//1987 2010//2010 2005//2005
f 1987//1987 1993//1993 2010//2010
f 1981//1981 2005//2005 1982//1982
f 1981//1981 1987//1987 2005//2005
f 1976//1976 1613//1613 1988//1988
f 2023//2023 2022//2022 1977//1977
f 2023//2023 1977//1977 1976//1976
f 1978//1978 1977//1977 2022//2022
f 1872//1872 2023//2023 1976//1976
f 1884//1884 1980//1980 1978//1978
f 1990//1990 1884//1884 1978//1978
f 1990//1990 1978//1978 2022//2022
f 1991//1991 2022//2022 1872//1872
f 1991//1991 1990//1990 2022//2022
f 1989//1989 1979//1979 1980//1980
f 1989//1989 1980//1980 1884//1884
f 1991//1991 1884//1884 1990//1990
f 1991//1991 1989//1989 1884//1884
f 1989//1989 1987//1987 1981//1981
f 1989//1989 1981//1981 1979//1979
f 1985//1985 1984//1984 1875//1875
f 1875//1875 1984//1984 1983//1983
f 1988//1988 1991//1991 1872//1872
f 1988//1988 1872//1872 1976//1976
f 1999//1999 1987//1987 1989//1989
f 1999//1999 1992//1992 1987//1987
f 1992//1992 1993//1993 1987//1987
f 1994//1994 1985//1985 1993//1993
f 1994//1994 1984//1984 1985//1985
f 1994//1994 1995//1995 1984//1984
f 1984//1984 1946//1946 1604//1604
f 1984//1984 1996//1996 1946//1946
f 1559//1559 1984//1984 1995//1995
f 1559//1559 1996//1996 1984//1984
f 1994//1994 1559//1559 1995//1995
f 1557//1557 1559//1559 1994//1994
f 1993//1993 1557//1557 1994//1994
f 1556//1556 1557//1557 1993//1993
f 1556//1556 1993//1993 1992//1992
f 1998//1998 1997//1997 1554//1554
f 1552//1552 1998//1998 1554//1554
f 1555//1555 1999//1999 1998//1998
f 1555//1555 1998//1998 1552//1552
f 1555//1555 1556//1556 1999//1999
f 1999//1999 1556//1556 1992//1992
f 1554//1554 1988//1988 1914//1914
f 1915//1915 1914//1914 1988//1988
f 1997//1997 1988//1988 1554//1554
f 1613//1613 1915//1915 1988//1988
f 1997//1997 1991//1991 1988//1988
f 1997//1997 1998//1998 1991//1991
f 1999//1999 1991//1991 1998//1998
f 1999//1999 1989//1989 1991//1991
f 1996//1996 1557//1557 2000//2000
f 1559//1559 1557//1557 1996//1996
f 2001//2001 1925//1925 1996//1996
f 2001//2001 1996//1996 2000//2000
f 1560//1560 1562//1562 1925//1925
f 1560//1560 1925//1925 2001//2001
f 1946//1946 1996//1996 1925//1925
f 1946//1946 1925//1925 1926//1926
f 2001//2001 2002//2002 1547//1547
f 2001//2001 1547//1547 1560//1560
f 1894//1894 1893//1893 2002//2002
f 2001//2001 1894//1894 2002//2002
f 1900//1900 1894//1894 2001//2001
f 2000//2000 1900//1900 2001//2001
f 1909//1909 1903//1903 1900//1900
f 1909//1909 1900//1900 2000//2000
f 2000//2000 1557//1557 1556//1556
f 1909//1909 2000//2000 1556//1556
f 1893//1893 1895//1895 2003//2003
f 2002//2002 1893//1893 2003//2003
f 1548//1548 2002//2002 2003//2003
f 1548//1548 1547//1547 2002//2002
f 2003//2003 1912//1912 1549//1549
f 2003//2003 1549//1549 1548//1548
f 2003//2003 1895//1895 1896//1896
f 2003//2003 1896//1896 1912//1912
f 1891//1891 2004//2004 2005//2005
f 1891//1891 1892//1892 2004//2004
f 2006//2006 2009//2009 2007//2007
f 2008//2008 1890//1890 1886//1886
f 1889//1889 2009//2009 2008//2008
f 1889//1889 2008//2008 1888//1888
f 1889//1889 1886//1886 2009//2009
f 1890//1890 2008//2008 2006//2006
f 2006//2006 1892//1892 1890//1890
f 2006//2006 2007//2007 2010//2010
f 2007//2007 2009//2009 1890//1890
f 1891//1891 2005//2005 2007//2007
f 2010//2010 2004//2004 1892//1892
f 1884//1884 1990//1990 2012//2012
f 2013//2013 1990//1990 1884//1884
f 1882//1882 2012//2012 1881//1881
f 2012//2012 2017//2017 1881//1881
f 2015//2015 2016//2016 1878//1878
f 2016//2016 1881//1881 1880//1880
f 2016//2016 2015//2015 1882//1882
f 2011//2011 1882//1882 2015//2015
f 2014//2014 2011//2011 2015//2015
f 1881//1881 2016//2016 1882//1882
f 1883//1883 2012//2012 1882//1882
f 2012//2012 1990//1990 2017//2017
f 2017//2017 1990//1990 2013//2013
f 2013//2013 2011//2011 2017//2017
f 2011//2011 2013//2013 1882//1882
f 2019//2019 2018//2018 1986//1986
f 2018//2018 2019//2019 1875//1875
f 2021//2021 1876//1876 1875//1875
f 1875//1875 1876//1876 2019//2019
f 1877//1877 2021//2021 1876//1876
f 2021//2021 2020//2020 1876//1876
f 1877//1877 2020//2020 2021//2021
f 2019//2019 1876//1876 2021//2021
f 2021//2021 1875//1875 2019//2019
f 1874//1874 2024//2024 1873//1873
f 2025//2025 1874//1874 2026//2026
f 2027//2027 2024//2024 1874//1874
f 2026//2026 1874//1874 2024//2024
f 1873//1873 2022//2022 2023//2023
f 2032//2032 2033//2033 1960//1960
f 2028//2028 1960//1960 1959//1959
f 2028//2028 2032//2032 1960//1960
f 2028//2028 1959//1959 1961//1961
f 2031//2031 2028//2028 1961//1961
f 2031//2031 1961//1961 1967//1967
f 2030//2030 2031//2031 1967//1967
f 2030//2030 1967//1967 1969//1969
f 2029//2029 2030//2030 1969//1969
f 2029//2029 1969//1969 1972//1972
f 2033//2033 2029//2029 1972//1972
f 2033//2033 1972//1972 1960//1960
f 2028//2028 2031//2031 2032//2032
f 2030//2030 2033//2033 2032//2032
f 2030//2030 2032//2032 2031//2031
f 2030//2030 2029//2029 2033//2033
f 2034//2034 1871//1871 2045//2045
f 2036//2036 2038//2038 1871//1871
f 2040//2040 2043//2043 2042//2042
f 2043//2043 2040//2040 2041//2041
f 2044//2044 2037//2037 2038//2038
f 2037//2037 2042//2042 2043//2043
f 2037//2037 2044//2044 2042//2042
f 2044//2044 2043//2043 2041//2041
f 2043//2043 2045//2045 2037//2037
f 2044//2044 2038//2038 2045//2045
f 1871//1871 2037//2037 2045//2045
f 2036//2036 1871//1871 2035//2035
f 2038//2038 2037//2037 1871//1871
f 2038//2038 2036//2036 2045//2045
f 2035//2035 2034//2034 2036//2036
f 2034//2034 2045//2045 2036//2036
f 2034//2034 2035//2035 1871//1871
f 2046//2046 2049//2049 2047//2047
f 2049//2049 2046//2046 2053//2053
f 2048//2048 2047//2047 1866//1866
f 2047//2047 2049//2049 1866//1866
f 2049//2049 1867//1867 1866//1866
f 1868//1868 2049//2049 2053//2053
f 1869//1869 2053//2053 2046//2046
f 2053//2053 1869//1869 2046//2046
f 1860//1860 1857//1857 1934//1934
f 1860//1860 1859//1859 1857//1857
f 1934//1934 2054//2054 1858//1858
f 1859//1859 1858//1858 1857//1857
f 2056//2056 1859//1859 1860//1860
f 1861//1861 2056//2056 1860//1860
f 1861//1861 1862//1862 2055//2055
f 1861//1861 1863//1863 1862//1862
f 1862//1862 1863//1863 2055//2055
f 1854//1854 2057//2057 2059//2059
f 2059//2059 2057//2057 1853//1853
f 2060//2060 1853//1853 2058//2058
f 1855//1855 2060//2060 1854//1854
f 2059//2059 2060//2060 1856//1856
f 2060//2060 2059//2059 1853//1853
f 1855//1855 1856//1856 2060//2060
f 1854//1854 2059//2059 1855//1855
f 2058//2058 1854//1854 2060//2060
f 2059//2059 1856//1856 1855//1855
f 1902//1902 2061//2061 1906//1906
f 1902//1902 2062//2062 2061//2061
f 1898//1898 2062//2062 1902//1902
f 1898//1898 2063//2063 2062//2062
f 1897//1897 2063//2063 1898//1898
f 1897//1897 2064//2064 2063//2063
f 1899//1899 2064//2064 1897//1897
f 1901//1901 2064//2064 1899//1899
f 1901//1901 2065//2065 2064//2064
f 1904//1904 2065//2065 1901//1901
f 1904//1904 2066//2066 2065//2065
f 1905//1905 2066//2066 1904//1904
f 1905//1905 2067//2067 2066//2066
f 1906//1906 2067//2067 1905//1905
f 1906//1906 2061//2061 2067//2067
f 2072//2072 2061//2061 2062//2062
f 2071//2071 2072//2072 2062//2062
f 2068//2068 2061//2061 2072//2072
f 2071//2071 2062//2062 2063//2063
f 2068//2068 2067//2067 2061//2061
f 2073//2073 2067//2067 2068//2068
f 2070//2070 2071//2071 2063//2063
f 2066//2066 2067//2067 2073//2073
f 2064//2064 2070//2070 2063//2063
f 2066//2066 2073//2073 2074//2074
f 2064//2064 2069//2069 2070//2070
f 2065//2065 2069//2069 2064//2064
f 2066//2066 2074//2074 2069//2069
f 2065//2065 2066//2066 2069//2069
f 2076//2076 2075//2075 2068//2068
f 2076//2076 2068//2068 2072//2072
f 2077//2077 2076//2076 2072//2072
f 2077//2077 2072//2072 2071//2071
f 2079//2079 2071//2071 2070//2070
f 2079//2079 2077//2077 2071//2071
f 2079//2079 2070//2070 2069//2069
f 2078//2078 2079//2079 2069//2069
f 2078//2078 2069//2069 2074//2074
f 2075//2075 2078//2078 2074//2074
f 2075//2075 2074//2074 2073//2073
f 2075//2075 2073//2073 2068//2068
f 1845//1845 2076//2076 2077//2077
f 1847//1847 1845//1845 2077//2077
f 1845//1845 2075//2075 2076//2076
f 1843//1843 2075//2075 1845//1845
f 1847//1847 2077//2077 2079//2079
f 2078//2078 2075//2075 1843//1843
f 2078//2078 1847//1847 2079//2079
f 2078//2078 1843//1843 1847//1847
f 1843//1843 1845//1845 2081//2081
f 1844//1844 1843//1843 2081//2081
f 1847//1847 2080//2080 1845//1845
f 1852//1852 1850//1850 1851//1851
f 1849//1849 2082//2082 1846//1846
f 1849//1849 1846//1846 1848//1848
f 1850//1850 1849//1849 1851//1851
f 1851//1851 1849//1849 1848//1848
f 2082//2082 1852//1852 1851//1851
f 1852//1852 2082//2082 1850//1850
f 1848//1848 1844//1844 2081//2081
f 1851//1851 1848//1848 2081//2081
f 1851//1851 2081//2081 2080//2080
f 1844//1844 1846//1846 1847//1847
f 2094//2094 2088//2088 2087//2087
f 2091//2091 2094//2094 2087//2087
f 2091//2091 2087//2087 2085//2085
f 2091//2091 2085//2085 2083//2083
f 2093//2093 2091//2091 2083//2083
f 2093//2093 2083//2083 2084//2084
f 2095//2095 2093//2093 2084//2084
f 2095//2095 2084//2084 2086//2086
f 2095//2095 2086//2086 2089//2089
f 2092//2092 2095//2095 2089//2089
f 2092//2092 2089//2089 2090//2090
f 2092//2092 2090//2090 2088//2088
f 2094//2094 2092//2092 2088//2088
f 2094//2094 2091//2091 2093//2093
f 2092//2092 2094//2094 2095//2095
f 2095//2095 2094//2094 2093//2093
f 2083//2083 2085//2085 2096//2096
f 2083//2083 2096//2096 2097//2097
f 2084//2084 2083//2083 2097//2097
f 2084//2084 2097//2097 2098//2098
f 2086//2086 2084//2084 2098//2098
f 2086//2086 2098//2098 2099//2099
f 2089//2089 2086//2086 2099//2099
f 2090//2090 2089//2089 2099//2099
f 2090//2090 2099//2099 2100//2100
f 2090//2090 2100//2100 2101//2101
f 2088//2088 2090//2090 2101//2101
f 2087//2087 2101//2101 2102//2102
f 2087//2087 2088//2088 2101//2101
f 2087//2087 2102//2102 2096//2096
f 2085//2085 2087//2087 2096//2096
f 2099//2099 2098//2098 2108//2108
f 2098//2098 2106//2106 2108//2108
f 2097//2097 2106//2106 2098//2098
f 2099//2099 2108//2108 2111//2111
f 2100//2100 2099//2099 2111//2111
f 2106//2106 2097//2097 2096//2096
f 2103//2103 2100//2100 2111//2111
f 2105//2105 2106//2106 2096//2096
f 2103//2103 2101//2101 2100//2100
f 2104//2104 2101//2101 2103//2103
f 2104//2104 2105//2105 2096//2096
f 2104//2104 2102//2102 2101//2101
f 2104//2104 2096//2096 2102//2102
f 2104//2104 2103//2103 2107//2107
f 2105//2105 2104//2104 2107//2107
f 2105//2105 2107//2107 2109//2109
f 2106//2106 2105//2105 2109//2109
f 2106//2106 2109//2109 2108//2108
f 2109//2109 2111//2111 2108//2108
f 2111//2111 2109//2109 2110//2110
f 2111//2111 2110//2110 2103//2103
f 2110//2110 2107//2107 2103//2103
f 2110//2110 2109//2109 2107//2107
f 2116//2116 2113//2113 2112//2112
f 2112//2112 2113//2113 2114//2114
f 2118//2118 2112//2112 2114//2114
f 2116//2116 2115//2115 2113//2113
f 2117//2117 2115//2115 2116//2116
f 2119//2119 2118//2118 2114//2114
f 2124//2124 2121//2121 2119//2119
f 2122//2122 2124//2124 2119//2119
f 2122//2122 2119//2119 2114//2114
f 2122//2122 2114//2114 2113//2113
f 2123//2123 2122//2122 2113//2113
f 2123//2123 2113//2113 2115//2115
f 2123//2123 2115//2115 2117//2117
f 2124//2124 2117//2117 2120//2120
f 2124//2124 2123//2123 2117//2117
f 2124//2124 2120//2120 2121//2121
f 2122//2122 2123//2123 2124//2124
f 2118//2118 2131//2131 2125//2125
f 2112//2112 2118//2118 2125//2125
f 2112//2112 2125//2125 2126//2126
f 2116//2116 2112//2112 2126//2126
f 2116//2116 2126//2126 2127//2127
f 2117//2117 2116//2116 2127//2127
f 2117//2117 2127//2127 2128//2128
f 2120//2120 2117//2117 2128//2128
f 2121//2121 2128//2128 2129//2129
f 2121//2121 2120//2120 2128//2128
f 2121//2121 2129//2129 2130//2130
f 2119//2119 2121//2121 2130//2130
f 2118//2118 2130//2130 2131//2131
f 2118//2118 2119//2119 2130//2130
f 2128//2128 2127//2127 2132//2132
f 2128//2128 2132//2132 2138//2138
f 2126//2126 2132//2132 2127//2127
f 2125//2125 2133//2133 2132//2132
f 2125//2125 2132//2132 2126//2126
f 2129//2129 2128//2128 2138//2138
f 2137//2137 2129//2129 2138//2138
f 2133//2133 2125//2125 2131//2131
f 2134//2134 2130//2130 2129//2129
f 2134//2134 2129//2129 2137//2137
f 2134//2134 2133//2133 2131//2131
f 2134//2134 2131//2131 2130//2130
f 2135//2135 2138//2138 2132//2132
f 2134//2134 2137//2137 2136//2136
f 2133//2133 2134//2134 2136//2136
f 2132//2132 2133//2133 2135//2135
f 2136//2136 2135//2135 2133//2133
f 2138//2138 2136//2136 2137//2137
f 2138//2138 2135//2135 2136//2136
f 2146//2146 2144//2144 2143//2143
f 2146//2146 2143//2143 2141//2141
f 2147//2147 2146//2146 2141//2141
f 2147//2147 2141//2141 2139//2139
f 2147//2147 2139//2139 2140//2140
f 2149//2149 2147//2147 2140//2140
f 2149//2149 2140//2140 2142//2142
f 2149//2149 2142//2142 2145//2145
f 2148//2148 2149//2149 2145//2145
f 2148//2148 2145//2145 2144//2144
f 2146//2146 2148//2148 2144//2144
f 2146//2146 2147//2147 2149//2149
f 2149//2149 2148//2148 2146//2146
f 2139//2139 2141//2141 2150//2150
f 2139//2139 2150//2150 2151//2151
f 2140//2140 2139//2139 2151//2151
f 2140//2140 2151//2151 2152//2152
f 2142//2142 2140//2140 2152//2152
f 2145//2145 2142//2142 2152//2152
f 2145//2145 2152//2152 2153//2153
f 2144//2144 2145//2145 2153//2153
f 2144//2144 2153//2153 2154//2154
f 2143//2143 2144//2144 2154//2154
f 2143//2143 2154//2154 2155//2155
f 2141//2141 2143//2143 2155//2155
f 2141//2141 2155//2155 2150//2150
f 2152//2152 2158//2158 2160//2160
f 2151//2151 2158//2158 2152//2152
f 2153//2153 2152//2152 2160//2160
f 2150//2150 2158//2158 2151//2151
f 2153//2153 2160//2160 2156//2156
f 2150//2150 2157//2157 2158//2158
f 2156//2156 2154//2154 2153//2153
f 2157//2157 2150//2150 2155//2155
f 2159//2159 2154//2154 2156//2156
f 2159//2159 2157//2157 2155//2155
f 2159//2159 2155//2155 2154//2154
f 2163//2163 2159//2159 2156//2156
f 2158//2158 2157//2157 2161//2161
f 2158//2158 2161//2161 2160//2160
f 2156//2156 2160//2160 2164//2164
f 2156//2156 2164//2164 2163//2163
f 2162//2162 2161//2161 2157//2157
f 2159//2159 2162//2162 2157//2157
f 2160//2160 2161//2161 2164//2164
f 2163//2163 2162//2162 2159//2159
f 2164//2164 2162//2162 2163//2163
f 2161//2161 2162//2162 2164//2164
f 2166//2166 2165//2165 2167//2167
f 2168//2168 2166//2166 2167//2167
f 2169//2169 2165//2165 2166//2166
f 2168//2168 2167//2167 2171//2171
f 2170//2170 2165//2165 2169//2169
f 2175//2175 2172//2172 2171//2171
f 2175//2175 2171//2171 2167//2167
f 2176//2176 2175//2175 2167//2167
f 2176//2176 2167//2167 2165//2165
f 2177//2177 2176//2176 2165//2165
f 2177//2177 2165//2165 2170//2170
f 2178//2178 2177//2177 2170//2170
f 2178//2178 2170//2170 2173//2173
f 2178//2178 2173//2173 2174//2174
f 2175//2175 2178//2178 2174//2174
f 2175//2175 2174//2174 2172//2172
f 2177//2177 2178//2178 2176//2176
f 2178//2178 2175//2175 2176//2176
f 2166//2166 2168//2168 2179//2179
f 2166//2166 2179//2179 2180//2180
f 2169//2169 2166//2166 2180//2180
f 2169//2169 2180//2180 2181//2181
f 2170//2170 2169//2169 2181//2181
f 2170//2170 2181//2181 2182//2182
f 2173//2173 2170//2170 2182//2182
f 2173//2173 2182//2182 2183//2183
f 2174//2174 2173//2173 2183//2183
f 2172//2172 2183//2183 2184//2184
f 2172//2172 2174//2174 2183//2183
f 2172//2172 2184//2184 2185//2185
f 2171//2171 2172//2172 2185//2185
f 2171//2171 2185//2185 2179//2179
f 2168//2168 2171//2171 2179//2179
f 2182//2182 2189//2189 2188//2188
f 2181//2181 2189//2189 2182//2182
f 2180//2180 2189//2189 2181//2181
f 2183//2183 2182//2182 2188//2188
f 2183//2183 2188//2188 2191//2191
f 2180//2180 2186//2186 2189//2189
f 2186//2186 2180//2180 2179//2179
f 2191//2191 2184//2184 2183//2183
f 2187//2187 2186//2186 2179//2179
f 2187//2187 2179//2179 2185//2185
f 2187//2187 2184//2184 2191//2191
f 2187//2187 2185//2185 2184//2184
f 2187//2187 2191//2191 2192//2192
f 2186//2186 2187//2187 2192//2192
f 2186//2186 2192//2192 2193//2193
f 2189//2189 2186//2186 2193//2193
f 2189//2189 2193//2193 2190//2190
f 2188//2188 2189//2189 2190//2190
f 2188//2188 2190//2190 2191//2191
f 2191//2191 2193//2193 2192//2192
f 2194//2194 2191//2191 2190//2190
f 2194//2194 2190//2190 2193//2193
f 2194//2194 2193//2193 2191//2191
f 2202//2202 2208//2208 2207//2207
f 2202//2202 2201//2201 2200//2200
f 2209//2209 2208//2208 2202//2202
f 2210//2210 2211//2211 2205//2205
f 2202//2202 2200//2200 2214//2214
f 2209//2209 2206//2206 2204//2204
f 2214//2214 2203//2203 2211//2211
f 2217//2217 2206//2206 2209//2209
f 2214//2214 2211//2211 2210//2210
f 2219//2219 2210//2210 2212//2212
f 2216//2216 2213//2213 2217//2217
f 2220//2220 2214//2214 2210//2210
f 2222//2222 2215//2215 2216//2216
f 2220//2220 2210//2210 2219//2219
f 2226//2226 2216//2216 2217//2217
f 2226//2226 2222//2222 2216//2216
f 2220//2220 2219//2219 2218//2218
f 2226//2226 2221//2221 2222//2222
f 2220//2220 2223//2223 2228//2228
f 2226//2226 2225//2225 2221//2221
f 2226//2226 2227//2227 2225//2225
f 2238//2238 2228//2228 2224//2224
f 2233//2233 2230//2230 2227//2227
f 2237//2237 2229//2229 2231//2231
f 2237//2237 2238//2238 2229//2229
f 2234//2234 2232//2232 2233//2233
f 2240//2240 2234//2234 2233//2233
f 2240//2240 2233//2233 2227//2227
f 2247//2247 2240//2240 2227//2227
f 2236//2236 2237//2237 2235//2235
f 2236//2236 2238//2238 2237//2237
f 2243//2243 2239//2239 2240//2240
f 2242//2242 2238//2238 2236//2236
f 2243//2243 2240//2240 2247//2247
f 2242//2242 2236//2236 2241//2241
f 2244//2244 2242//2242 2245//2245
f 2246//2246 2247//2247 2253//2253
f 2248//2248 2242//2242 2244//2244
f 2249//2249 2248//2248 2244//2244
f 2250//2250 2246//2246 2253//2253
f 2252//2252 2248//2248 2251//2251
f 2252//2252 2256//2256 2248//2248
f 2255//2255 2253//2253 2254//2254
f 2256//2256 2252//2252 2257//2257
f 2258//2258 2256//2256 2261//2261
f 2258//2258 2265//2265 2256//2256
f 2264//2264 2260//2260 2254//2254
f 2262//2262 2265//2265 2258//2258
f 2263//2263 2264//2264 2265//2265
f 2262//2262 2258//2258 2267//2267
f 2269//2269 2264//2264 2263//2263
f 2270//2270 2265//2265 2262//2262
f 2268//2268 2263//2263 2265//2265
f 2266//2266 2265//2265 2270//2270
f 2266//2266 2268//2268 2265//2265
f 2271//2271 2270//2270 2262//2262
f 2268//2268 2272//2272 2263//2263
f 2274//2274 2268//2268 2266//2266
f 2273//2273 2266//2266 2270//2270
f 2282//2282 2356//2356 2343//2343
f 2282//2282 2343//2343 2357//2357
f 2292//2292 2277//2277 2287//2287
f 2355//2355 2284//2284 2279//2279
f 2283//2283 2357//2357 2354//2354
f 2282//2282 2285//2285 2276//2276
f 2286//2286 2282//2282 2357//2357
f 2289//2289 2290//2290 2275//2275
f 2291//2291 2278//2278 2292//2292
f 2295//2295 2288//2288 2291//2291
f 2302//2302 2293//2293 2297//2297
f 2297//2297 2295//2295 2291//2291
f 2300//2300 2296//2296 2301//2301
f 2304//2304 2298//2298 2302//2302
f 2303//2303 2300//2300 2299//2299
f 2309//2309 2287//2287 2290//2290
f 2309//2309 2292//2292 2287//2287
f 2309//2309 2290//2290 2289//2289
f 2308//2308 2309//2309 2289//2289
f 2309//2309 2291//2291 2292//2292
f 2308//2308 2289//2289 2294//2294
f 2309//2309 2297//2297 2291//2291
f 2308//2308 2294//2294 2296//2296
f 2309//2309 2302//2302 2297//2297
f 2310//2310 2305//2305 2311//2311
f 2308//2308 2296//2296 2300//2300
f 2309//2309 2304//2304 2302//2302
f 2312//2312 2308//2308 2300//2300
f 2322//2322 2304//2304 2309//2309
f 2319//2319 2313//2313 2307//2307
f 2312//2312 2300//2300 2303//2303
f 2322//2322 2315//2315 2304//2304
f 2322//2322 2306//2306 2315//2315
f 2312//2312 2303//2303 2305//2305
f 2322//2322 2307//2307 2306//2306
f 2318//2318 2312//2312 2305//2305
f 2318//2318 2305//2305 2310//2310
f 2322//2322 2319//2319 2307//2307
f 2323//2323 2316//2316 2319//2319
f 2323//2323 2317//2317 2316//2316
f 2322//2322 2323//2323 2319//2319
f 2327//2327 2310//2310 2321//2321
f 2327//2327 2321//2321 2320//2320
f 2327//2327 2318//2318 2310//2310
f 2329//2329 2324//2324 2323//2323
f 2329//2329 2323//2323 2322//2322
f 2326//2326 2327//2327 2325//2325
f 2326//2326 2318//2318 2327//2327
f 2330//2330 2328//2328 2329//2329
f 2330//2330 2329//2329 2322//2322
f 2330//2330 2322//2322 2348//2348
f 2334//2334 2326//2326 2331//2331
f 2334//2334 2318//2318 2326//2326
f 2336//2336 2332//2332 2330//2330
f 2336//2336 2330//2330 2348//2348
f 2335//2335 2318//2318 2334//2334
f 2335//2335 2334//2334 2333//2333
f 2338//2338 2337//2337 2336//2336
f 2338//2338 2336//2336 2348//2348
f 2342//2342 2318//2318 2335//2335
f 2342//2342 2343//2343 2318//2318
f 2342//2342 2335//2335 2339//2339
f 2344//2344 2341//2341 2342//2342
f 2341//2341 2343//2343 2342//2342
f 2347//2347 2338//2338 2348//2348
f 2345//2345 2338//2338 2347//2347
f 2346//2346 2341//2341 2349//2349
f 2346//2346 2343//2343 2341//2341
f 2352//2352 2350//2350 2347//2347
f 2352//2352 2347//2347 2348//2348
f 2353//2353 2343//2343 2346//2346
f 2351//2351 2353//2353 2346//2346
f 2279//2279 2348//2348 2356//2356
f 2279//2279 2352//2352 2348//2348
f 2280//2280 2352//2352 2279//2279
f 2354//2354 2343//2343 2353//2353
f 2281//2281 2354//2354 2353//2353
f 2355//2355 2279//2279 2356//2356
f 2276//2276 2355//2355 2356//2356
f 2357//2357 2343//2343 2354//2354
f 2282//2282 2276//2276 2356//2356
f 2294//2294 2204//2204 2206//2206
f 2289//2289 2209//2209 2204//2204
f 2294//2294 2289//2289 2204//2204
f 2296//2296 2294//2294 2206//2206
f 2296//2296 2206//2206 2217//2217
f 2296//2296 2217//2217 2301//2301
f 2301//2301 2217//2217 2213//2213
f 2300//2300 2301//2301 2213//2213
f 2300//2300 2213//2213 2216//2216
f 2299//2299 2216//2216 2215//2215
f 2299//2299 2300//2300 2216//2216
f 2299//2299 2215//2215 2222//2222
f 2303//2303 2299//2299 2222//2222
f 2303//2303 2221//2221 2305//2305
f 2303//2303 2222//2222 2221//2221
f 2311//2311 2221//2221 2225//2225
f 2305//2305 2221//2221 2311//2311
f 2310//2310 2225//2225 2227//2227
f 2311//2311 2225//2225 2310//2310
f 2314//2314 2227//2227 2230//2230
f 2314//2314 2310//2310 2227//2227
f 2314//2314 2233//2233 2310//2310
f 2314//2314 2230//2230 2233//2233
f 2321//2321 2233//2233 2232//2232
f 2321//2321 2310//2310 2233//2233
f 2320//2320 2321//2321 2232//2232
f 2320//2320 2232//2232 2234//2234
f 2320//2320 2234//2234 2240//2240
f 2327//2327 2320//2320 2240//2240
f 2325//2325 2327//2327 2240//2240
f 2325//2325 2240//2240 2239//2239
f 2326//2326 2239//2239 2243//2243
f 2326//2326 2325//2325 2239//2239
f 2331//2331 2326//2326 2243//2243
f 2331//2331 2243//2243 2247//2247
f 2334//2334 2331//2331 2247//2247
f 2334//2334 2247//2247 2246//2246
f 2333//2333 2334//2334 2246//2246
f 2335//2335 2333//2333 2246//2246
f 2335//2335 2246//2246 2250//2250
f 2339//2339 2335//2335 2250//2250
f 2342//2342 2339//2339 2250//2250
f 2342//2342 2250//2250 2253//2253
f 2342//2342 2253//2253 2344//2344
f 2344//2344 2253//2253 2255//2255
f 2341//2341 2255//2255 2254//2254
f 2344//2344 2255//2255 2341//2341
f 2349//2349 2254//2254 2259//2259
f 2341//2341 2254//2254 2349//2349
f 2349//2349 2254//2254 2346//2346
f 2349//2349 2259//2259 2254//2254
f 2346//2346 2254//2254 2260//2260
f 2351//2351 2346//2346 2260//2260
f 2351//2351 2264//2264 2353//2353
f 2351//2351 2260//2260 2264//2264
f 2281//2281 2353//2353 2264//2264
f 2281//2281 2264//2264 2269//2269
f 2354//2354 2281//2281 2269//2269
f 2354//2354 2269//2269 2263//2263
f 2354//2354 2263//2263 2272//2272
f 2283//2283 2354//2354 2272//2272
f 2283//2283 2272//2272 2268//2268
f 2357//2357 2283//2283 2268//2268
f 2286//2286 2268//2268 2274//2274
f 2286//2286 2357//2357 2268//2268
f 2286//2286 2274//2274 2266//2266
f 2282//2282 2286//2286 2266//2266
f 2282//2282 2266//2266 2273//2273
f 2285//2285 2282//2282 2273//2273
f 2285//2285 2273//2273 2270//2270
f 2276//2276 2285//2285 2270//2270
f 2276//2276 2270//2270 2355//2355
f 2355//2355 2270//2270 2271//2271
f 2284//2284 2355//2355 2271//2271
f 2284//2284 2271//2271 2262//2262
f 2279//2279 2284//2284 2262//2262
f 2279//2279 2262//2262 2280//2280
f 2280//2280 2262//2262 2267//2267
f 2352//2352 2280//2280 2267//2267
f 2352//2352 2267//2267 2258//2258
f 2350//2350 2258//2258 2261//2261
f 2350//2350 2352//2352 2258//2258
f 2347//2347 2261//2261 2256//2256
f 2350//2350 2261//2261 2347//2347
f 2347//2347 2256//2256 2345//2345
f 2345//2345 2256//2256 2257//2257
f 2345//2345 2257//2257 2252//2252
f 2345//2345 2252//2252 2338//2338
f 2340//2340 2338//2338 2252//2252
f 2340//2340 2252//2252 2251//2251
f 2338//2338 2340//2340 2251//2251
f 2338//2338 2248//2248 2337//2337
f 2338//2338 2251//2251 2248//2248
f 2337//2337 2248//2248 2249//2249
f 2337//2337 2249//2249 2244//2244
f 2336//2336 2337//2337 2244//2244
f 2332//2332 2244//2244 2245//2245
f 2332//2332 2336//2336 2244//2244
f 2330//2330 2245//2245 2242//2242
f 2330//2330 2332//2332 2245//2245
f 2330//2330 2242//2242 2241//2241
f 2328//2328 2330//2330 2241//2241
f 2328//2328 2241//2241 2236//2236
f 2328//2328 2236//2236 2329//2329
f 2329//2329 2236//2236 2235//2235
f 2324//2324 2329//2329 2235//2235
f 2324//2324 2235//2235 2237//2237
f 2323//2323 2324//2324 2237//2237
f 2323//2323 2237//2237 2231//2231
f 2317//2317 2323//2323 2231//2231
f 2316//2316 2231//2231 2229//2229
f 2316//2316 2317//2317 2231//2231
f 2319//2319 2316//2316 2229//2229
f 2319//2319 2229//2229 2238//2238
f 2319//2319 2238//2238 2224//2224
f 2313//2313 2319//2319 2224//2224
f 2313//2313 2224//2224 2228//2228
f 2307//2307 2313//2313 2228//2228
f 2306//2306 2228//2228 2223//2223
f 2306//2306 2307//2307 2228//2228
f 2315//2315 2306//2306 2223//2223
f 2315//2315 2223//2223 2220//2220
f 2315//2315 2220//2220 2218//2218
f 2304//2304 2218//2218 2219//2219
f 2304//2304 2315//2315 2218//2218
f 2298//2298 2219//2219 2212//2212
f 2298//2298 2304//2304 2219//2219
f 2298//2298 2212//2212 2210//2210
f 2302//2302 2298//2298 2210//2210
f 2293//2293 2210//2210 2205//2205
f 2293//2293 2302//2302 2210//2210
f 2297//2297 2205//2205 2211//2211
f 2297//2297 2293//2293 2205//2205
f 2295//2295 2211//2211 2203//2203
f 2297//2297 2211//2211 2295//2295
f 2288//2288 2295//2295 2203//2203
f 2288//2288 2203//2203 2214//2214
f 2291//2291 2288//2288 2214//2214
f 2291//2291 2214//2214 2278//2278
f 2278//2278 2214//2214 2200//2200
f 2292//2292 2278//2278 2200//2200
f 2292//2292 2200//2200 2201//2201
f 2277//2277 2292//2292 2201//2201
f 2287//2287 2277//2277 2201//2201
f 2287//2287 2201//2201 2202//2202
f 2287//2287 2202//2202 2207//2207
f 2290//2290 2287//2287 2207//2207
f 2290//2290 2207//2207 2208//2208
f 2275//2275 2290//2290 2208//2208
f 2289//2289 2208//2208 2209//2209
f 2275//2275 2208//2208 2289//2289
f 2359//2359 2358//2358 2343//2343
f 2359//2359 2343//2343 2356//2356
f 2359//2359 2356//2356 2348//2348
f 2360//2360 2359//2359 2348//2348
f 2360//2360 2348//2348 2322//2322
f 2370//2370 2360//2360 2322//2322
f 2361//2361 2370//2370 2322//2322
f 2361//2361 2322//2322 2309//2309
f 2362//2362 2361//2361 2309//2309
f 2362//2362 2309//2309 2308//2308
f 2362//2362 2308//2308 2312//2312
f 2363//2363 2362//2362 2312//2312
f 2363//2363 2312//2312 2318//2318
f 2364//2364 2363//2363 2318//2318
f 2358//2358 2318//2318 2343//2343
f 2358//2358 2364//2364 2318//2318
f 2365//2365 2359//2359 2366//2366
f 2365//2365 2358//2358 2359//2359
f 2368//2368 2366//2366 2359//2359
f 2368//2368 2359//2359 2360//2360
f 2365//2365 2364//2364 2358//2358
f 2367//2367 2364//2364 2365//2365
f 2360//2360 2370//2370 2368//2368
f 2369//2369 2364//2364 2367//2367
f 2363//2363 2364//2364 2369//2369
f 2362//2362 2363//2363 2369//2369
f 2362//2362 2369//2369 2372//2372
f 2361//2361 2371//2371 2370//2370
f 2361//2361 2372//2372 2371//2371
f 2362//2362 2372//2372 2361//2361
f 2422//2422 2423//2423 2365//2365
f 2422//2422 2365//2365 2366//2366
f 2421//2421 2422//2422 2366//2366
f 2376//2376 2421//2421 2366//2366
f 2376//2376 2366//2366 2368//2368
f 2378//2378 2376//2376 2368//2368
f 2420//2420 2378//2378 2368//2368
f 2420//2420 2368//2368 2370//2370
f 2379//2379 2420//2420 2370//2370
f 2419//2419 2379//2379 2370//2370
f 2380//2380 2419//2419 2370//2370
f 2380//2380 2370//2370 2371//2371
f 2396//2396 2380//2380 2371//2371
f 2396//2396 2371//2371 2372//2372
f 2395//2395 2396//2396 2372//2372
f 2392//2392 2395//2395 2372//2372
f 2394//2394 2392//2392 2372//2372
f 2394//2394 2372//2372 2369//2369
f 2382//2382 2394//2394 2369//2369
f 2382//2382 2369//2369 2367//2367
f 2383//2383 2382//2382 2367//2367
f 2424//2424 2383//2383 2367//2367
f 2423//2423 2424//2424 2367//2367
f 2423//2423 2367//2367 2365//2365
f 2387//2387 2394//2394 2384//2384
f 2375//2375 2377//2377 2374//2374
f 2391//2391 2423//2423 2373//2373
f 2385//2385 2391//2391 2384//2384
f 2387//2387 2384//2384 2386//2386
f 2380//2380 2393//2393 2388//2388
f 2389//2389 2379//2379 2388//2388
f 2387//2387 2386//2386 2392//2392
f 2381//2381 2394//2394 2382//2382
f 2384//2384 2394//2394 2381//2381
f 2387//2387 2392//2392 2394//2394
f 2386//2386 2395//2395 2392//2392
f 2393//2393 2395//2395 2386//2386
f 2393//2393 2396//2396 2395//2395
f 2380//2380 2396//2396 2393//2393
f 2416//2416 2374//2374 2377//2377
f 2416//2416 2373//2373 2374//2374
f 2416//2416 2391//2391 2373//2373
f 2416//2416 2377//2377 2390//2390
f 2416//2416 2384//2384 2391//2391
f 2195//2195 2416//2416 2390//2390
f 2195//2195 2390//2390 2389//2389
f 2384//2384 2416//2416 2195//2195
f 2388//2388 2195//2195 2389//2389
f 2393//2393 2195//2195 2388//2388
f 2386//2386 2384//2384 2195//2195
f 2393//2393 2386//2386 2195//2195
f 2399//2399 2418//2418 2397//2397
f 2416//2416 2418//2418 2197//2197
f 2418//2418 2417//2417 2397//2397
f 2400//2400 2198//2198 2406//2406
f 2398//2398 2197//2197 2401//2401
f 2399//2399 2407//2407 2402//2402
f 2407//2407 2399//2399 2198//2198
f 2399//2399 2196//2196 2198//2198
f 2197//2197 2198//2198 2196//2196
f 2398//2398 2198//2198 2197//2197
f 2398//2398 2401//2401 2399//2399
f 2398//2398 2402//2402 2406//2406
f 2397//2397 2196//2196 2399//2399
f 2399//2399 2401//2401 2418//2418
f 2198//2198 2398//2398 2406//2406
f 2398//2398 2399//2399 2402//2402
f 2403//2403 2405//2405 2407//2407
f 2199//2199 2407//2407 2400//2400
f 2407//2407 2198//2198 2400//2400
f 2415//2415 2413//2413 2405//2405
f 2415//2415 2405//2405 2403//2403
f 2403//2403 2404//2404 2415//2415
f 2199//2199 2404//2404 2403//2403
f 2413//2413 2199//2199 2400//2400
f 2400//2400 2405//2405 2413//2413
f 2405//2405 2400//2400 2406//2406
f 2403//2403 2407//2407 2199//2199
f 2402//2402 2405//2405 2406//2406
f 2404//2404 2199//2199 2413//2413
f 2407//2407 2405//2405 2402//2402
f 2414//2414 2408//2408 2409//2409
f 2411//2411 2410//2410 2404//2404
f 2412//2412 2415//2415 2404//2404
f 2410//2410 2409//2409 2404//2404
f 2411//2411 2404//2404 2415//2415
f 2415//2415 2404//2404 2413//2413
f 2410//2410 2414//2414 2409//2409
f 2411//2411 2408//2408 2410//2410
f 2408//2408 2412//2412 2409//2409
f 2415//2415 2412//2412 2411//2411
f 2409//2409 2412//2412 2404//2404
f 2411//2411 2412//2412 2408//2408
f 2408//2408 2414//2414 2410//2410
f 2197//2197 2418//2418 2401//2401
f 2417//2417 2418//2418 2416//2416
f 2397//2397 2417//2417 2195//2195
f 2416//2416 2197//2197 2195//2195
f 2417//2417 2416//2416 2195//2195
f 2397//2397 2195//2195 2196//2196
f 2197//2197 2196//2196 2195//2195
f 2388//2388 2419//2419 2380//2380
f 2379//2379 2419//2419 2388//2388
f 2389//2389 2420//2420 2379//2379
f 2390//2390 2378//2378 2420//2420
f 2390//2390 2420//2420 2389//2389
f 2377//2377 2378//2378 2390//2390
f 2377//2377 2376//2376 2378//2378
f 2375//2375 2376//2376 2377//2377
f 2375//2375 2421//2421 2376//2376
f 2374//2374 2421//2421 2375//2375
f 2374//2374 2422//2422 2421//2421
f 2373//2373 2422//2422 2374//2374
f 2373//2373 2423//2423 2422//2422
f 2391//2391 2424//2424 2423//2423
f 2385//2385 2424//2424 2391//2391
f 2385//2385 2383//2383 2424//2424
f 2384//2384 2383//2383 2385//2385
f 2384//2384 2382//2382 2383//2383
f 2381//2381 2382//2382 2384//2384
f 2253//2253 2435//2435 2254//2254
f 2247//2247 2425//2425 2435//2435
f 2247//2247 2435//2435 2253//2253
f 2227//2227 2425//2425 2247//2247
f 2227//2227 2426//2426 2425//2425
f 2226//2226 2426//2426 2227//2227
f 2226//2226 2427//2427 2426//2426
f 2217//2217 2427//2427 2226//2226
f 2209//2209 2427//2427 2217//2217
f 2209//2209 2428//2428 2427//2427
f 2202//2202 2428//2428 2209//2209
f 2202//2202 2429//2429 2428//2428
f 2214//2214 2429//2429 2202//2202
f 2214//2214 2430//2430 2429//2429
f 2220//2220 2430//2430 2214//2214
f 2220//2220 2431//2431 2430//2430
f 2228//2228 2431//2431 2220//2220
f 2238//2238 2431//2431 2228//2228
f 2238//2238 2432//2432 2431//2431
f 2242//2242 2432//2432 2238//2238
f 2248//2248 2432//2432 2242//2242
f 2248//2248 2433//2433 2432//2432
f 2256//2256 2433//2433 2248//2248
f 2265//2265 2433//2433 2256//2256
f 2265//2265 2434//2434 2433//2433
f 2264//2264 2434//2434 2265//2265
f 2254//2254 2435//2435 2434//2434
f 2254//2254 2434//2434 2264//2264
f 2442//2442 2428//2428 2429//2429
f 2436//2436 2442//2442 2429//2429
f 2442//2442 2427//2427 2428//2428
f 2441//2441 2427//2427 2442//2442
f 2436//2436 2429//2429 2430//2430
f 2441//2441 2426//2426 2427//2427
f 2436//2436 2430//2430 2431//2431
f 2441//2441 2425//2425 2426//2426
f 2437//2437 2436//2436 2431//2431
f 2437//2437 2431//2431 2432//2432
f 2432//2432 2438//2438 2437//2437
f 2425//2425 2441//2441 2439//2439
f 2435//2435 2425//2425 2439//2439
f 2433//2433 2438//2438 2432//2432
f 2433//2433 2440//2440 2438//2438
f 2435//2435 2439//2439 2440//2440
f 2434//2434 2435//2435 2440//2440
f 2434//2434 2440//2440 2433//2433
f 2436//2436 2443//2443 2442//2442
f 2436//2436 2444//2444 2443//2443
f 2436//2436 2437//2437 2444//2444
f 2450//2450 2441//2441 2442//2442
f 2450//2450 2451//2451 2441//2441
f 2450//2450 2442//2442 2443//2443
f 2445//2445 2450//2450 2443//2443
f 2445//2445 2443//2443 2444//2444
f 2446//2446 2445//2445 2444//2444
f 2446//2446 2444//2444 2437//2437
f 2447//2447 2446//2446 2437//2437
f 2447//2447 2437//2437 2438//2438
f 2448//2448 2447//2447 2438//2438
f 2448//2448 2438//2438 2440//2440
f 2449//2449 2448//2448 2440//2440
f 2449//2449 2440//2440 2439//2439
f 2451//2451 2449//2449 2439//2439
f 2451//2451 2439//2439 2441//2441
f 2454//2454 2450//2450 2445//2445
f 2455//2455 2454//2454 2445//2445
f 2455//2455 2445//2445 2446//2446
f 2454//2454 2451//2451 2450//2450
f 2452//2452 2455//2455 2446//2446
f 2452//2452 2446//2446 2447//2447
f 2453//2453 2451//2451 2454//2454
f 2449//2449 2451//2451 2453//2453
f 2448//2448 2452//2452 2447//2447
f 2448//2448 2449//2449 2453//2453
f 2448//2448 2453//2453 2452//2452
f 2454//2454 2456//2456 2459//2459
f 2455//2455 2456//2456 2454//2454
f 2452//2452 2456//2456 2455//2455
f 2452//2452 2457//2457 2456//2456
f 2452//2452 2458//2458 2457//2457
f 2453//2453 2458//2458 2452//2452
f 2454//2454 2458//2458 2453//2453
f 2454//2454 2459//2459 2458//2458
f 2458//2458 2459//2459 2456//2456
f 2458//2458 2456//2456 2457//2457
f 2462//2462 2463//2463 2461//2461
f 2464//2464 2461//2461 2463//2463
f 2464//2464 2463//2463 2462//2462
f 2465//2465 2461//2461 2464//2464
f 2465//2465 2464//2464 2460//2460
f 2466//2466 2464//2464 2462//2462
f 2466//2466 2465//2465 2460//2460
f 2466//2466 2460//2460 2464//2464
f 2467//2467 2462//2462 2461//2461
f 2467//2467 2468//2468 2462//2462
f 2468//2468 2466//2466 2462//2462
f 2468//2468 2469//2469 2466//2466
f 2469//2469 2465//2465 2466//2466
f 2469//2469 2470//2470 2465//2465
f 2470//2470 2461//2461 2465//2465
f 2470//2470 2467//2467 2461//2461
f 2471//2471 2470//2470 2469//2469
f 2471//2471 2469//2469 2472//2472
f 2468//2468 2473//2473 2472//2472
f 2468//2468 2472//2472 2469//2469
f 2474//2474 2468//2468 2467//2467
f 2474//2474 2467//2467 2470//2470
f 2474//2474 2470//2470 2471//2471
f 2474//2474 2473//2473 2468//2468
f 2473//2473 2475//2475 2476//2476
f 2477//2477 2478//2478 2479//2479
f 2472//2472 2476//2476 2478//2478
f 2472//2472 2473//2473 2476//2476
f 2472//2472 2478//2478 2477//2477
f 2478//2478 2476//2476 2483//2483
f 2478//2478 2483//2483 2480//2480
f 2479//2479 2480//2480 2481//2481
f 2479//2479 2478//2478 2480//2480
f 2481//2481 2477//2477 2479//2479
f 2471//2471 2477//2477 2481//2481
f 2471//2471 2472//2472 2477//2477
f 2471//2471 2481//2481 2480//2480
f 2474//2474 2480//2480 2483//2483
f 2474//2474 2471//2471 2480//2480
f 2474//2474 2483//2483 2482//2482
f 2473//2473 2482//2482 2475//2475
f 2473//2473 2474//2474 2482//2482
f 2482//2482 2476//2476 2475//2475
f 2482//2482 2483//2483 2476//2476
f 2486//2486 2488//2488 2485//2485
f 2487//2487 2485//2485 2488//2488
f 2487//2487 2488//2488 2486//2486
f 2489//2489 2485//2485 2487//2487
f 2489//2489 2487//2487 2484//2484
f 2490//2490 2487//2487 2486//2486
f 2490//2490 2489//2489 2484//2484
f 2490//2490 2484//2484 2487//2487
f 2491//2491 2486//2486 2485//2485
f 2491//2491 2492//2492 2486//2486
f 2492//2492 2490//2490 2486//2486
f 2492//2492 2493//2493 2490//2490
f 2493//2493 2489//2489 2490//2490
f 2493//2493 2494//2494 2489//2489
f 2494//2494 2485//2485 2489//2489
f 2494//2494 2491//2491 2485//2485
f 2495//2495 2494//2494 2493//2493
f 2495//2495 2493//2493 2496//2496
f 2492//2492 2497//2497 2496//2496
f 2492//2492 2496//2496 2493//2493
f 2498//2498 2492//2492 2491//2491
f 2498//2498 2491//2491 2494//2494
f 2498//2498 2494//2494 2495//2495
f 2498//2498 2497//2497 2492//2492
f 2497//2497 2499//2499 2500//2500
f 2501//2501 2502//2502 2503//2503
f 2496//2496 2500//2500 2502//2502
f 2496//2496 2497//2497 2500//2500
f 2496//2496 2502//2502 2501//2501
f 2502//2502 2500//2500 2507//2507
f 2502//2502 2507//2507 2504//2504
f 2503//2503 2504//2504 2505//2505
f 2503//2503 2502//2502 2504//2504
f 2505//2505 2501//2501 2503//2503
f 2495//2495 2501//2501 2505//2505
f 2495//2495 2496//2496 2501//2501
f 2495//2495 2505//2505 2504//2504
f 2498//2498 2504//2504 2507//2507
f 2498//2498 2495//2495 2504//2504
f 2498//2498 2507//2507 2506//2506
f 2497//2497 2506//2506 2499//2499
f 2497//2497 2498//2498 2506//2506
f 2506//2506 2500//2500 2499//2499
f 2506//2506 2507//2507 2500//2500
f 2512//2512 2508//2508 2509//2509
f 2509//2509 2508//2508 2510//2510
f 2518//2518 2509//2509 2510//2510
f 2511//2511 2512//2512 2513//2513
f 2511//2511 2508//2508 2512//2512
f 2514//2514 2511//2511 2513//2513
f 2515//2515 2511//2511 2514//2514
f 2516//2516 2514//2514 2513//2513
f 2516//2516 2513//2513 2518//2518
f 2520//2520 2514//2514 2516//2516
f 2520//2520 2515//2515 2514//2514
f 2521//2521 2527//2527 2517//2517
f 2527//2527 2510//2510 2517//2517
f 2527//2527 2518//2518 2510//2510
f 2521//2521 2517//2517 2519//2519
f 2523//2523 2520//2520 2516//2516
f 2523//2523 2516//2516 2518//2518
f 2524//2524 2520//2520 2523//2523
f 2523//2523 2518//2518 2527//2527
f 2524//2524 2515//2515 2520//2520
f 2522//2522 2521//2521 2519//2519
f 2525//2525 2524//2524 2523//2523
f 2525//2525 2523//2523 2527//2527
f 2526//2526 2525//2525 2527//2527
f 2528//2528 2524//2524 2525//2525
f 2528//2528 2525//2525 2526//2526
f 2528//2528 2515//2515 2524//2524
f 2529//2529 2528//2528 2526//2526
f 2529//2529 2526//2526 2527//2527
f 2529//2529 2527//2527 2530//2530
f 2529//2529 2522//2522 2519//2519
f 2529//2529 2530//2530 2522//2522
f 2511//2511 2515//2515 2531//2531
f 2511//2511 2531//2531 2532//2532
f 2532//2532 2533//2533 2508//2508
f 2532//2532 2508//2508 2511//2511
f 2510//2510 2508//2508 2533//2533
f 2510//2510 2533//2533 2534//2534
f 2534//2534 2535//2535 2517//2517
f 2534//2534 2517//2517 2510//2510
f 2519//2519 2517//2517 2535//2535
f 2519//2519 2535//2535 2536//2536
f 2536//2536 2537//2537 2529//2529
f 2536//2536 2529//2529 2519//2519
f 2528//2528 2529//2529 2537//2537
f 2528//2528 2537//2537 2538//2538
f 2538//2538 2531//2531 2515//2515
f 2538//2538 2515//2515 2528//2528
f 2542//2542 2539//2539 2533//2533
f 2539//2539 2534//2534 2533//2533
f 2540//2540 2534//2534 2539//2539
f 2532//2532 2542//2542 2533//2533
f 2532//2532 2541//2541 2542//2542
f 2543//2543 2540//2540 2539//2539
f 2543//2543 2539//2539 2541//2541
f 2535//2535 2540//2540 2544//2544
f 2535//2535 2534//2534 2540//2540
f 2545//2545 2541//2541 2532//2532
f 2545//2545 2543//2543 2541//2541
f 2531//2531 2545//2545 2532//2532
f 2546//2546 2543//2543 2545//2545
f 2546//2546 2545//2545 2531//2531
f 2550//2550 2546//2546 2531//2531
f 2549//2549 2535//2535 2544//2544
f 2548//2548 2535//2535 2549//2549
f 2548//2548 2536//2536 2535//2535
f 2550//2550 2543//2543 2546//2546
f 2555//2555 2543//2543 2550//2550
f 2549//2549 2544//2544 2547//2547
f 2555//2555 2547//2547 2543//2543
f 2555//2555 2550//2550 2531//2531
f 2553//2553 2549//2549 2547//2547
f 2551//2551 2536//2536 2548//2548
f 2552//2552 2547//2547 2555//2555
f 2554//2554 2547//2547 2552//2552
f 2554//2554 2553//2553 2547//2547
f 2537//2537 2553//2553 2554//2554
f 2537//2537 2551//2551 2553//2553
f 2538//2538 2552//2552 2555//2555
f 2538//2538 2555//2555 2531//2531
f 2538//2538 2554//2554 2552//2552
f 2538//2538 2537//2537 2554//2554
f 2537//2537 2536//2536 2551//2551
f 2543//2543 2547//2547 2556//2556
f 2543//2543 2556//2556 2557//2557
f 2547//2547 2544//2544 2558//2558
f 2547//2547 2558//2558 2556//2556
f 2558//2558 2559//2559 2557//2557
f 2558//2558 2557//2557 2556//2556
f 2540//2540 2543//2543 2557//2557
f 2540//2540 2557//2557 2559//2559
f 2544//2544 2540//2540 2559//2559
f 2544//2544 2559//2559 2558//2558
f 2549//2549 2521//2521 2548//2548
f 2549//2549 2527//2527 2521//2521
f 2553//2553 2527//2527 2549//2549
f 2553//2553 2530//2530 2527//2527
f 2551//2551 2530//2530 2553//2553
f 2551//2551 2522//2522 2530//2530
f 2551//2551 2521//2521 2522//2522
f 2548//2548 2521//2521 2551//2551
f 2542//2542 2512//2512 2509//2509
f 2542//2542 2509//2509 2539//2539
f 2541//2541 2512//2512 2542//2542
f 2541//2541 2513//2513 2512//2512
f 2539//2539 2513//2513 2541//2541
f 2539//2539 2518//2518 2513//2513
f 2539//2539 2509//2509 2518//2518
f 2524//2524 2550//2550 2555//2555
f 2523//2523 2550//2550 2524//2524
f 2523//2523 2555//2555 2550//2550
f 2524//2524 2555//2555 2523//2523
f 2520//2520 2546//2546 2550//2550
f 2516//2516 2546//2546 2520//2520
f 2520//2520 2546//2546 2516//2516
f 2520//2520 2550//2550 2546//2546
f 2560//2560 2689//2689 2688//2688
f 2560//2560 2561//2561 2689//2689
f 2688//2688 2694//2694 2691//2691
f 2689//2689 2693//2693 2610//2610
f 2564//2564 2566//2566 2563//2563
f 2687//2687 2567//2567 2682//2682
f 2687//2687 2563//2563 2567//2567
f 2686//2686 2684//2684 2566//2566
f 2679//2679 2680//2680 2570//2570
f 2573//2573 2575//2575 2676//2676
f 2676//2676 2574//2574 2573//2573
f 2575//2575 2677//2677 2676//2676
f 2676//2676 2677//2677 2574//2574
f 2573//2573 2574//2574 2575//2575
f 2574//2574 2577//2577 2576//2576
f 2675//2675 2580//2580 2579//2579
f 2674//2674 2579//2579 2580//2580
f 2670//2670 2582//2582 2581//2581
f 2672//2672 2582//2582 2671//2671
f 2581//2581 2671//2671 2670//2670
f 2582//2582 2673//2673 2581//2581
f 2667//2667 2666//2666 2663//2663
f 2666//2666 2663//2663 2668//2668
f 2660//2660 2586//2586 2662//2662
f 2651//2651 2662//2662 2660//2660
f 2585//2585 2584//2584 2660//2660
f 2662//2662 2661//2661 2585//2585
f 2589//2589 2588//2588 2590//2590
f 2589//2589 2606//2606 2588//2588
f 2589//2589 2590//2590 2591//2591
f 2608//2608 2589//2589 2591//2591
f 2609//2609 2608//2608 2591//2591
f 2609//2609 2591//2591 2657//2657
f 2609//2609 2657//2657 2658//2658
f 2612//2612 2609//2609 2658//2658
f 2592//2592 2658//2658 2593//2593
f 2592//2592 2612//2612 2658//2658
f 2615//2615 2592//2592 2593//2593
f 2615//2615 2593//2593 2594//2594
f 2595//2595 2615//2615 2594//2594
f 2595//2595 2594//2594 2659//2659
f 2595//2595 2659//2659 2597//2597
f 2596//2596 2595//2595 2597//2597
f 2599//2599 2596//2596 2597//2597
f 2599//2599 2597//2597 2598//2598
f 2599//2599 2598//2598 2656//2656
f 2600//2600 2599//2599 2656//2656
f 2600//2600 2656//2656 2601//2601
f 2602//2602 2601//2601 2654//2654
f 2603//2603 2602//2602 2654//2654
f 2603//2603 2654//2654 2653//2653
f 2604//2604 2603//2603 2653//2653
f 2604//2604 2653//2653 2652//2652
f 2607//2607 2652//2652 2651//2651
f 2607//2607 2604//2604 2652//2652
f 2607//2607 2651//2651 2605//2605
f 2606//2606 2607//2607 2605//2605
f 2606//2606 2605//2605 2588//2588
f 2600//2600 2601//2601 2602//2602
f 2684//2684 2685//2685 2608//2608
f 2685//2685 2589//2589 2608//2608
f 2684//2684 2608//2608 2609//2609
f 2571//2571 2609//2609 2611//2611
f 2693//2693 2589//2589 2610//2610
f 2611//2611 2609//2609 2612//2612
f 2610//2610 2589//2589 2685//2685
f 2571//2571 2684//2684 2609//2609
f 2693//2693 2606//2606 2589//2589
f 2692//2692 2606//2606 2693//2693
f 2610//2610 2685//2685 2568//2568
f 4357//4357 2611//2611 2612//2612
f 2612//2612 2681//2681 4357//4357
f 2607//2607 2606//2606 2692//2692
f 2681//2681 2568//2568 2684//2684
f 2681//2681 2610//2610 2568//2568
f 2681//2681 2684//2684 2571//2571
f 2613//2613 2610//2610 2681//2681
f 2613//2613 2692//2692 2610//2610
f 2576//2576 2577//2577 2592//2592
f 2577//2577 2681//2681 2612//2612
f 2577//2577 2612//2612 2592//2592
f 2587//2587 2607//2607 2692//2692
f 2577//2577 2618//2618 2681//2681
f 2587//2587 2692//2692 2613//2613
f 2587//2587 2613//2613 2614//2614
f 2576//2576 2592//2592 2615//2615
f 2661//2661 2587//2587 2614//2614
f 2607//2607 2587//2587 2661//2661
f 2673//2673 2618//2618 2577//2577
f 2615//2615 2678//2678 2576//2576
f 2596//2596 2678//2678 2615//2615
f 2604//2604 2607//2607 2661//2661
f 2616//2616 2673//2673 2577//2577
f 2669//2669 2661//2661 2614//2614
f 2668//2668 2669//2669 2614//2614
f 2616//2616 2577//2577 2678//2678
f 2616//2616 2678//2678 2596//2596
f 2669//2669 2604//2604 2661//2661
f 2599//2599 2616//2616 2596//2596
f 2604//2604 2669//2669 2603//2603
f 2673//2673 2668//2668 2614//2614
f 2673//2673 2614//2614 2619//2619
f 2617//2617 2673//2673 2616//2616
f 2600//2600 2616//2616 2599//2599
f 2603//2603 2668//2668 2673//2673
f 2600//2600 2617//2617 2616//2616
f 2602//2602 2603//2603 2673//2673
f 2602//2602 2673//2673 2617//2617
f 2602//2602 2617//2617 2600//2600
f 2615//2615 2595//2595 2596//2596
f 2618//2618 2673//2673 2619//2619
f 2620//2620 2619//2619 2614//2614
f 2614//2614 2621//2621 2620//2620
f 2613//2613 2621//2621 2614//2614
f 2681//2681 2618//2618 2621//2621
f 2681//2681 2621//2621 2613//2613
f 2619//2619 2627//2627 2632//2632
f 2619//2619 2632//2632 2618//2618
f 2620//2620 2627//2627 2619//2619
f 2620//2620 2624//2624 2627//2627
f 2620//2620 2622//2622 2624//2624
f 2621//2621 2622//2622 2620//2620
f 2621//2621 2632//2632 2622//2622
f 2618//2618 2632//2632 2621//2621
f 2624//2624 2625//2625 2623//2623
f 2627//2627 2624//2624 2623//2623
f 2622//2622 2626//2626 2624//2624
f 2622//2622 2629//2629 2626//2626
f 2630//2630 2629//2629 2622//2622
f 2631//2631 2627//2627 2628//2628
f 2631//2631 2632//2632 2627//2627
f 2634//2634 2630//2630 2622//2622
f 2634//2634 2622//2622 2632//2632
f 2633//2633 2632//2632 2631//2631
f 2635//2635 2632//2632 2633//2633
f 2700//2700 2636//2636 2643//2643
f 2701//2701 2636//2636 2700//2700
f 2699//2699 2643//2643 2642//2642
f 2698//2698 2699//2699 2642//2642
f 2637//2637 2636//2636 2701//2701
f 2702//2702 2636//2636 2637//2637
f 2702//2702 2644//2644 2636//2636
f 2697//2697 2698//2698 2642//2642
f 2641//2641 2697//2697 2642//2642
f 2644//2644 2702//2702 2703//2703
f 2641//2641 2696//2696 2697//2697
f 2644//2644 2703//2703 2638//2638
f 2641//2641 2695//2695 2696//2696
f 2640//2640 2644//2644 2638//2638
f 2640//2640 2638//2638 2639//2639
f 2641//2641 2639//2639 2695//2695
f 2641//2641 2640//2640 2639//2639
f 2636//2636 2650//2650 2645//2645
f 2643//2643 2636//2636 2645//2645
f 2643//2643 2645//2645 2646//2646
f 2642//2642 2643//2643 2646//2646
f 2642//2642 2646//2646 2647//2647
f 2641//2641 2642//2642 2647//2647
f 2641//2641 2647//2647 2648//2648
f 2640//2640 2641//2641 2648//2648
f 2640//2640 2648//2648 2649//2649
f 2644//2644 2640//2640 2649//2649
f 2644//2644 2649//2649 2650//2650
f 2636//2636 2644//2644 2650//2650
f 2662//2662 2651//2651 2652//2652
f 2560//2560 2588//2588 2605//2605
f 2583//2583 2652//2652 2653//2653
f 2691//2691 2560//2560 2605//2605
f 2691//2691 2605//2605 2651//2651
f 2664//2664 2583//2583 2653//2653
f 2691//2691 2651//2651 2660//2660
f 2583//2583 2662//2662 2652//2652
f 2664//2664 2653//2653 2654//2654
f 2588//2588 2560//2560 2688//2688
f 2645//2645 2660//2660 2662//2662
f 2646//2646 2645//2645 2662//2662
f 2645//2645 2691//2691 2660//2660
f 2646//2646 2662//2662 2583//2583
f 2650//2650 2691//2691 2645//2645
f 2650//2650 2688//2688 2691//2691
f 2646//2646 2583//2583 2664//2664
f 2655//2655 2590//2590 2588//2588
f 2655//2655 2588//2588 2688//2688
f 2670//2670 2664//2664 2654//2654
f 2565//2565 2590//2590 2655//2655
f 2670//2670 2646//2646 2664//2664
f 2655//2655 2688//2688 2650//2650
f 2670//2670 2647//2647 2646//2646
f 2670//2670 2654//2654 2656//2656
f 2683//2683 2590//2590 2565//2565
f 2671//2671 2647//2647 2670//2670
f 2650//2650 2564//2564 2655//2655
f 2649//2649 2564//2564 2650//2650
f 2656//2656 2671//2671 2670//2670
f 2591//2591 2590//2590 2683//2683
f 2591//2591 2683//2683 2564//2564
f 2674//2674 2647//2647 2671//2671
f 2570//2570 2564//2564 2649//2649
f 2674//2674 2671//2671 2656//2656
f 2657//2657 2591//2591 2564//2564
f 2657//2657 2564//2564 2570//2570
f 2570//2570 2649//2649 2648//2648
f 2674//2674 2648//2648 2647//2647
f 2659//2659 2674//2674 2656//2656
f 2578//2578 2648//2648 2674//2674
f 2676//2676 2573//2573 2648//2648
f 2573//2573 2570//2570 2648//2648
f 2676//2676 2648//2648 2578//2578
f 2573//2573 2679//2679 2570//2570
f 2658//2658 2657//2657 2679//2679
f 2659//2659 2578//2578 2674//2674
f 2659//2659 2676//2676 2578//2578
f 2593//2593 2658//2658 2679//2679
f 2593//2593 2679//2679 2573//2573
f 2593//2593 2676//2676 2659//2659
f 2593//2593 2573//2573 2676//2676
f 2659//2659 2594//2594 2593//2593
f 2598//2598 2597//2597 2659//2659
f 2656//2656 2598//2598 2659//2659
f 2654//2654 2601//2601 2656//2656
f 2585//2585 2660//2660 2662//2662
f 2586//2586 2660//2660 2584//2584
f 2587//2587 2661//2661 2584//2584
f 2586//2586 2661//2661 2662//2662
f 2661//2661 2587//2587 2585//2585
f 2584//2584 2661//2661 2586//2586
f 2585//2585 2587//2587 2584//2584
f 2583//2583 2663//2663 2665//2665
f 2583//2583 2665//2665 2664//2664
f 2664//2664 2667//2667 2583//2583
f 2583//2583 2667//2667 2663//2663
f 2669//2669 2663//2663 2666//2666
f 2665//2665 2667//2667 2664//2664
f 2666//2666 2603//2603 2669//2669
f 2666//2666 2668//2668 2603//2603
f 2668//2668 2663//2663 2669//2669
f 2665//2665 2663//2663 2666//2666
f 2666//2666 2667//2667 2665//2665
f 2582//2582 2670//2670 2671//2671
f 2672//2672 2617//2617 2582//2582
f 2673//2673 2672//2672 2581//2581
f 2673//2673 2582//2582 2617//2617
f 2671//2671 2581//2581 2672//2672
f 2672//2672 2673//2673 2617//2617
f 2674//2674 2578//2578 2675//2675
f 2675//2675 2578//2578 2580//2580
f 2674//2674 2675//2675 2579//2579
f 2580//2580 2578//2578 2674//2674
f 2580//2580 2579//2579 2616//2616
f 2616//2616 2579//2579 2580//2580
f 2577//2577 2574//2574 2677//2677
f 2575//2575 2576//2576 2678//2678
f 2574//2574 2576//2576 2575//2575
f 2678//2678 2577//2577 2677//2677
f 2677//2677 2575//2575 2678//2678
f 2680//2680 2569//2569 2570//2570
f 2680//2680 2679//2679 2572//2572
f 2679//2679 2569//2569 2572//2572
f 2680//2680 2571//2571 2569//2569
f 2611//2611 2572//2572 2569//2569
f 2569//2569 2571//2571 2611//2611
f 2572//2572 2681//2681 2680//2680
f 2681//2681 2571//2571 2680//2680
f 2572//2572 2611//2611 4357//4357
f 2572//2572 4357//4357 2681//2681
f 2569//2569 2657//2657 2570//2570
f 2569//2569 2679//2679 2657//2657
f 2686//2686 2566//2566 2564//2564
f 2683//2683 2686//2686 2564//2564
f 2683//2683 2682//2682 2686//2686
f 2686//2686 2682//2682 2567//2567
f 2567//2567 2685//2685 2686//2686
f 2567//2567 2568//2568 2685//2685
f 2563//2563 2568//2568 2567//2567
f 2686//2686 2685//2685 2684//2684
f 2563//2563 2566//2566 2568//2568
f 2568//2568 2566//2566 2684//2684
f 2687//2687 2682//2682 2655//2655
f 2565//2565 2682//2682 2683//2683
f 2565//2565 2655//2655 2682//2682
f 2563//2563 2687//2687 2655//2655
f 2563//2563 2655//2655 2564//2564
f 2560//2560 2691//2691 2690//2690
f 2690//2690 2561//2561 2560//2560
f 2691//2691 2694//2694 2562//2562
f 2693//2693 2689//2689 2561//2561
f 2561//2561 2562//2562 2693//2693
f 2688//2688 2689//2689 2694//2694
f 2562//2562 2692//2692 2693//2693
f 2694//2694 2692//2692 2562//2562
f 2610//2610 2692//2692 2694//2694
f 2561//2561 2690//2690 2562//2562
f 2562//2562 2690//2690 2691//2691
f 2694//2694 2689//2689 2610//2610
f 2638//2638 2630//2630 2634//2634
f 2703//2703 2630//2630 2638//2638
f 2638//2638 2634//2634 2639//2639
f 2639//2639 2632//2632 2635//2635
f 2639//2639 2634//2634 2632//2632
f 2695//2695 2635//2635 2633//2633
f 2639//2639 2635//2635 2695//2695
f 2695//2695 2633//2633 2631//2631
f 2695//2695 2631//2631 2696//2696
f 2696//2696 2628//2628 2697//2697
f 2696//2696 2631//2631 2628//2628
f 2697//2697 2628//2628 2698//2698
f 2698//2698 2628//2628 2627//2627
f 2699//2699 2627//2627 2623//2623
f 2698//2698 2627//2627 2699//2699
f 2699//2699 2625//2625 2643//2643
f 2699//2699 2623//2623 2625//2625
f 2643//2643 2625//2625 2700//2700
f 2700//2700 2625//2625 2624//2624
f 2700//2700 2624//2624 2701//2701
f 2701//2701 2624//2624 2626//2626
f 2701//2701 2626//2626 2637//2637
f 2637//2637 2629//2629 2702//2702
f 2637//2637 2626//2626 2629//2629
f 2703//2703 2629//2629 2630//2630
f 2702//2702 2629//2629 2703//2703
f 2521//2521 2704//2704 2527//2527
f 2521//2521 2705//2705 2704//2704
f 2527//2527 2704//2704 2706//2706
f 2521//2521 2708//2708 2705//2705
f 2527//2527 2706//2706 2707//2707
f 2708//2708 2521//2521 2522//2522
f 2707//2707 2530//2530 2527//2527
f 2710//2710 2708//2708 2522//2522
f 2709//2709 2530//2530 2707//2707
f 2710//2710 2522//2522 2530//2530
f 2709//2709 2710//2710 2530//2530
f 2711//2711 2716//2716 2706//2706
f 2711//2711 2706//2706 2704//2704
f 2711//2711 2704//2704 2705//2705
f 2712//2712 2711//2711 2705//2705
f 2712//2712 2705//2705 2708//2708
f 2713//2713 2712//2712 2708//2708
f 2713//2713 2708//2708 2710//2710
f 2714//2714 2713//2713 2710//2710
f 2714//2714 2710//2710 2709//2709
f 2715//2715 2714//2714 2709//2709
f 2715//2715 2709//2709 2707//2707
f 2716//2716 2715//2715 2707//2707
f 2716//2716 2707//2707 2706//2706
f 2718//2718 2717//2717 2711//2711
f 2718//2718 2711//2711 2712//2712
f 2717//2717 2716//2716 2711//2711
f 2718//2718 2712//2712 2713//2713
f 2715//2715 2716//2716 2717//2717
f 2713//2713 2719//2719 2718//2718
f 2714//2714 2719//2719 2713//2713
f 2714//2714 2715//2715 2719//2719
f 2717//2717 2720//2720 2715//2715
f 2717//2717 2721//2721 2720//2720
f 2718//2718 2721//2721 2717//2717
f 2718//2718 2722//2722 2721//2721
f 2719//2719 2722//2722 2718//2718
f 2719//2719 2723//2723 2722//2722
f 2715//2715 2723//2723 2719//2719
f 2715//2715 2720//2720 2723//2723
f 2722//2722 2723//2723 2720//2720
f 2722//2722 2720//2720 2721//2721
f 2724//2724 2727//2727 2530//2530
f 2724//2724 2530//2530 2522//2522
f 2724//2724 2522//2522 2521//2521
f 2725//2725 2724//2724 2521//2521
f 2725//2725 2521//2521 2527//2527
f 2726//2726 2725//2725 2527//2527
f 2727//2727 2726//2726 2527//2527
f 2727//2727 2527//2527 2530//2530
f 2725//2725 2727//2727 2724//2724
f 2725//2725 2726//2726 2727//2727
f 2751//2751 2740//2740 2734//2734
f 2728//2728 2735//2735 2736//2736
f 2728//2728 2736//2736 2737//2737
f 2728//2728 2737//2737 2738//2738
f 2736//2736 2735//2735 2737//2737
f 2728//2728 2738//2738 2735//2735
f 2738//2738 2737//2737 2730//2730
f 2739//2739 2735//2735 2738//2738
f 2735//2735 2739//2739 2730//2730
f 2730//2730 2737//2737 2735//2735
f 2738//2738 2729//2729 2739//2739
f 2738//2738 2730//2730 2729//2729
f 2729//2729 2731//2731 2741//2741
f 2729//2729 2730//2730 2739//2739
f 2741//2741 2740//2740 2732//2732
f 2732//2732 2740//2740 2742//2742
f 2742//2742 2733//2733 2732//2732
f 2734//2734 2740//2740 2731//2731
f 2751//2751 2742//2742 2740//2740
f 2733//2733 2742//2742 2734//2734
f 2731//2731 2733//2733 2734//2734
f 2733//2733 2730//2730 2741//2741
f 2729//2729 2730//2730 2731//2731
f 2741//2741 2731//2731 2740//2740
f 2733//2733 2741//2741 2732//2732
f 2730//2730 2733//2733 2731//2731
f 2741//2741 2730//2730 2729//2729
f 2734//2734 2742//2742 2745//2745
f 2734//2734 2745//2745 2747//2747
f 2743//2743 2749//2749 2751//2751
f 2743//2743 2734//2734 2747//2747
f 2743//2743 2751//2751 2734//2734
f 2751//2751 2746//2746 2742//2742
f 2744//2744 2743//2743 2747//2747
f 2746//2746 2745//2745 2742//2742
f 2746//2746 2751//2751 2750//2750
f 2747//2747 2746//2746 2752//2752
f 2745//2745 2746//2746 2747//2747
f 2744//2744 2747//2747 2752//2752
f 2744//2744 2752//2752 2748//2748
f 2748//2748 2749//2749 2744//2744
f 2749//2749 2748//2748 2750//2750
f 2750//2750 2751//2751 2749//2749
f 2746//2746 2750//2750 2752//2752
f 2752//2752 2750//2750 2748//2748
f 2749//2749 2743//2743 2744//2744
f 2509//2509 2755//2755 2753//2753
f 2512//2512 2509//2509 2753//2753
f 2512//2512 2753//2753 2754//2754
f 2518//2518 2755//2755 2509//2509
f 2518//2518 2757//2757 2755//2755
f 2756//2756 2512//2512 2754//2754
f 2756//2756 2513//2513 2512//2512
f 2758//2758 2513//2513 2756//2756
f 2758//2758 2757//2757 2518//2518
f 2758//2758 2518//2518 2513//2513
f 2759//2759 2763//2763 2754//2754
f 2759//2759 2754//2754 2753//2753
f 2759//2759 2753//2753 2755//2755
f 2760//2760 2759//2759 2755//2755
f 2761//2761 2760//2760 2755//2755
f 2761//2761 2755//2755 2757//2757
f 2762//2762 2761//2761 2757//2757
f 2762//2762 2757//2757 2758//2758
f 2763//2763 2762//2762 2758//2758
f 2763//2763 2758//2758 2756//2756
f 2763//2763 2756//2756 2754//2754
f 2764//2764 2759//2759 2760//2760
f 2765//2765 2759//2759 2764//2764
f 2765//2765 2763//2763 2759//2759
f 2761//2761 2764//2764 2760//2760
f 2762//2762 2766//2766 2761//2761
f 2763//2763 2765//2765 2766//2766
f 2762//2762 2763//2763 2766//2766
f 2764//2764 2767//2767 2765//2765
f 2764//2764 2768//2768 2767//2767
f 2761//2761 2768//2768 2764//2764
f 2766//2766 2768//2768 2761//2761
f 2766//2766 2769//2769 2768//2768
f 2765//2765 2767//2767 2769//2769
f 2765//2765 2769//2769 2766//2766
f 2768//2768 2769//2769 2767//2767
f 2770//2770 2773//2773 2513//2513
f 2770//2770 2513//2513 2518//2518
f 2771//2771 2770//2770 2518//2518
f 2771//2771 2518//2518 2509//2509
f 2772//2772 2771//2771 2509//2509
f 2772//2772 2509//2509 2512//2512
f 2773//2773 2772//2772 2512//2512
f 2773//2773 2512//2512 2513//2513
f 2772//2772 2773//2773 2770//2770
f 2772//2772 2770//2770 2771//2771
f 2797//2797 2786//2786 2780//2780
f 2774//2774 2781//2781 2782//2782
f 2774//2774 2782//2782 2783//2783
f 2774//2774 2783//2783 2784//2784
f 2782//2782 2781//2781 2783//2783
f 2774//2774 2784//2784 2781//2781
f 2784//2784 2783//2783 2776//2776
f 2785//2785 2781//2781 2784//2784
f 2781//2781 2785//2785 2776//2776
f 2776//2776 2783//2783 2781//2781
f 2784//2784 2775//2775 2785//2785
f 2784//2784 2776//2776 2775//2775
f 2775//2775 2777//2777 2787//2787
f 2775//2775 2776//2776 2785//2785
f 2787//2787 2786//2786 2778//2778
f 2778//2778 2786//2786 2788//2788
f 2788//2788 2779//2779 2778//2778
f 2780//2780 2786//2786 2777//2777
f 2797//2797 2788//2788 2786//2786
f 2779//2779 2788//2788 2780//2780
f 2777//2777 2779//2779 2780//2780
f 2779//2779 2776//2776 2787//2787
f 2775//2775 2776//2776 2777//2777
f 2787//2787 2777//2777 2786//2786
f 2779//2779 2787//2787 2778//2778
f 2776//2776 2779//2779 2777//2777
f 2787//2787 2776//2776 2775//2775
f 2780//2780 2788//2788 2791//2791
f 2780//2780 2791//2791 2793//2793
f 2789//2789 2795//2795 2797//2797
f 2789//2789 2780//2780 2793//2793
f 2789//2789 2797//2797 2780//2780
f 2797//2797 2792//2792 2788//2788
f 2790//2790 2789//2789 2793//2793
f 2792//2792 2791//2791 2788//2788
f 2792//2792 2797//2797 2796//2796
f 2793//2793 2792//2792 2798//2798
f 2791//2791 2792//2792 2793//2793
f 2790//2790 2793//2793 2798//2798
f 2790//2790 2798//2798 2794//2794
f 2794//2794 2795//2795 2790//2790
f 2795//2795 2794//2794 2796//2796
f 2796//2796 2797//2797 2795//2795
f 2792//2792 2796//2796 2798//2798
f 2798//2798 2796//2796 2794//2794
f 2795//2795 2789//2789 2790//2790
f 2799//2799 2801//2801 2839//2839
f 2810//2810 2801//2801 2799//2799
f 2810//2810 2800//2800 2801//2801
f 2808//2808 2800//2800 2810//2810
f 2808//2808 2802//2802 2800//2800
f 2803//2803 2802//2802 2808//2808
f 2803//2803 2804//2804 2802//2802
f 2809//2809 2804//2804 2803//2803
f 2809//2809 2805//2805 2804//2804
f 2807//2807 2805//2805 2809//2809
f 2807//2807 2806//2806 2805//2805
f 2807//2807 2838//2838 2806//2806
f 2807//2807 2839//2839 2838//2838
f 2799//2799 2839//2839 2807//2807
f 2809//2809 2811//2811 2818//2818
f 2807//2807 2809//2809 2818//2818
f 2807//2807 2818//2818 2813//2813
f 2809//2809 2812//2812 2811//2811
f 2803//2803 2812//2812 2809//2809
f 2814//2814 2812//2812 2803//2803
f 2808//2808 2814//2814 2803//2803
f 2813//2813 2799//2799 2807//2807
f 2816//2816 2799//2799 2813//2813
f 2815//2815 2814//2814 2808//2808
f 2816//2816 2810//2810 2799//2799
f 2815//2815 2808//2808 2810//2810
f 2820//2820 2815//2815 2810//2810
f 2819//2819 2810//2810 2816//2816
f 2819//2819 2820//2820 2810//2810
f 2818//2818 2811//2811 2817//2817
f 2813//2813 2818//2818 2824//2824
f 2813//2813 2824//2824 2826//2826
f 2816//2816 2813//2813 2826//2826
f 2816//2816 2826//2826 2828//2828
f 2816//2816 2828//2828 2819//2819
f 2815//2815 2820//2820 2821//2821
f 2814//2814 2815//2815 2821//2821
f 2822//2822 2817//2817 2823//2823
f 2822//2822 2818//2818 2817//2817
f 2823//2823 2817//2817 2811//2811
f 2822//2822 2824//2824 2818//2818
f 2825//2825 2823//2823 2811//2811
f 2825//2825 2811//2811 2812//2812
f 2827//2827 2825//2825 2812//2812
f 2814//2814 2827//2827 2812//2812
f 2821//2821 2827//2827 2814//2814
f 2819//2819 2828//2828 2829//2829
f 2820//2820 2829//2829 2821//2821
f 2819//2819 2829//2829 2820//2820
f 2829//2829 2828//2828 2830//2830
f 2829//2829 2830//2830 2831//2831
f 2821//2821 2829//2829 2831//2831
f 2821//2821 2831//2831 2833//2833
f 2827//2827 2821//2821 2833//2833
f 2827//2827 2833//2833 2836//2836
f 2825//2825 2827//2827 2836//2836
f 2825//2825 2836//2836 2835//2835
f 2823//2823 2825//2825 2835//2835
f 2823//2823 2835//2835 2834//2834
f 2822//2822 2823//2823 2834//2834
f 2824//2824 2822//2822 2834//2834
f 2824//2824 2834//2834 2837//2837
f 2826//2826 2824//2824 2837//2837
f 2826//2826 2837//2837 2832//2832
f 2828//2828 2826//2826 2832//2832
f 2828//2828 2832//2832 2830//2830
f 2801//2801 2832//2832 2837//2837
f 2801//2801 2830//2830 2832//2832
f 2831//2831 2830//2830 2801//2801
f 2835//2835 2804//2804 2834//2834
f 2833//2833 2831//2831 2801//2801
f 2833//2833 2801//2801 2800//2800
f 2835//2835 2802//2802 2804//2804
f 2836//2836 2833//2833 2800//2800
f 2836//2836 2802//2802 2835//2835
f 2836//2836 2800//2800 2802//2802
f 2837//2837 2838//2838 2839//2839
f 2801//2801 2837//2837 2839//2839
f 2837//2837 2805//2805 2838//2838
f 2834//2834 2805//2805 2837//2837
f 2834//2834 2804//2804 2805//2805
f 2838//2838 2805//2805 2806//2806
f 2841//2841 2840//2840 2843//2843
f 2844//2844 2841//2841 2843//2843
f 2842//2842 2840//2840 2841//2841
f 2845//2845 2840//2840 2842//2842
f 2846//2846 2840//2840 2845//2845
f 2848//2848 2844//2844 2843//2843
f 2849//2849 2848//2848 2843//2843
f 2850//2850 2846//2846 2847//2847
f 2853//2853 2849//2849 2843//2843
f 2853//2853 2852//2852 2849//2849
f 2853//2853 2851//2851 2852//2852
f 2855//2855 2851//2851 2853//2853
f 2855//2855 2853//2853 2854//2854
f 2856//2856 2855//2855 2854//2854
f 2854//2854 2858//2858 2856//2856
f 2857//2857 2858//2858 2854//2854
f 2864//2864 2860//2860 2859//2859
f 2864//2864 2861//2861 2860//2860
f 2863//2863 2864//2864 2862//2862
f 2863//2863 2862//2862 2865//2865
f 2866//2866 2863//2863 2865//2865
f 2867//2867 2863//2863 2866//2866
f 2867//2867 2866//2866 2868//2868
f 2869//2869 2867//2867 2868//2868
f 2870//2870 2858//2858 2857//2857
f 2871//2871 2870//2870 2857//2857
f 2880//2880 2871//2871 2857//2857
f 2878//2878 2874//2874 2873//2873
f 2878//2878 2872//2872 2880//2880
f 2878//2878 2873//2873 2872//2872
f 2877//2877 2875//2875 2876//2876
f 2877//2877 2876//2876 2874//2874
f 2878//2878 2877//2877 2874//2874
f 2877//2877 2867//2867 2879//2879
f 2879//2879 2867//2867 2869//2869
f 2877//2877 2879//2879 2875//2875
f 2863//2863 2840//2840 2846//2846
f 2863//2863 2846//2846 2864//2864
f 2864//2864 2846//2846 2861//2861
f 2861//2861 2846//2846 2850//2850
f 2857//2857 2878//2878 2880//2880
f 2881//2881 2877//2877 2878//2878
f 2882//2882 2881//2881 2878//2878
f 2883//2883 2882//2882 2878//2878
f 2857//2857 2883//2883 2878//2878
f 2887//2887 2884//2884 2885//2885
f 2886//2886 2884//2884 2887//2887
f 2888//2888 2887//2887 2885//2885
f 2889//2889 2888//2888 2885//2885
f 2889//2889 2891//2891 2888//2888
f 2890//2890 2891//2891 2889//2889
f 2883//2883 2891//2891 2890//2890
f 2892//2892 2884//2884 2886//2886
f 2893//2893 2884//2884 2892//2892
f 2894//2894 2893//2893 2892//2892
f 2895//2895 2894//2894 2892//2892
f 2896//2896 2881//2881 2882//2882
f 2896//2896 2882//2882 2883//2883
f 2896//2896 2883//2883 2890//2890
f 2897//2897 2881//2881 2896//2896
f 2897//2897 2894//2894 2895//2895
f 2897//2897 2895//2895 2881//2881
f 2889//2889 2898//2898 2899//2899
f 2889//2889 2885//2885 2898//2898
f 2900//2900 2901//2901 2902//2902
f 2900//2900 2903//2903 2901//2901
f 2904//2904 2902//2902 2905//2905
f 2904//2904 2900//2900 2902//2902
f 2906//2906 2907//2907 2904//2904
f 2906//2906 2904//2904 2905//2905
f 2908//2908 2901//2901 2903//2903
f 2909//2909 2908//2908 2903//2903
f 2898//2898 2909//2909 2910//2910
f 2898//2898 2908//2908 2909//2909
f 2899//2899 2911//2911 2912//2912
f 2899//2899 2910//2910 2911//2911
f 2899//2899 2898//2898 2910//2910
f 2913//2913 2912//2912 2907//2907
f 2913//2913 2907//2907 2906//2906
f 2913//2913 2899//2899 2912//2912
f 2899//2899 2913//2913 2890//2890
f 2899//2899 2890//2890 2889//2889
f 2906//2906 2890//2890 2913//2913
f 2896//2896 2890//2890 2906//2906
f 2906//2906 2905//2905 2897//2897
f 2906//2906 2897//2897 2896//2896
f 2902//2902 2897//2897 2905//2905
f 2894//2894 2897//2897 2902//2902
f 2902//2902 2901//2901 2893//2893
f 2902//2902 2893//2893 2894//2894
f 2908//2908 2893//2893 2901//2901
f 2884//2884 2893//2893 2908//2908
f 2908//2908 2898//2898 2885//2885
f 2908//2908 2885//2885 2884//2884
f 2910//2910 2914//2914 2911//2911
f 2910//2910 2915//2915 2914//2914
f 2914//2914 2916//2916 2912//2912
f 2911//2911 2914//2914 2912//2912
f 2912//2912 2917//2917 2907//2907
f 2912//2912 2916//2916 2917//2917
f 2907//2907 2918//2918 2904//2904
f 2907//2907 2917//2917 2918//2918
f 2904//2904 2919//2919 2900//2900
f 2904//2904 2918//2918 2919//2919
f 2900//2900 2920//2920 2903//2903
f 2900//2900 2919//2919 2920//2920
f 2903//2903 2921//2921 2909//2909
f 2903//2903 2920//2920 2921//2921
f 2909//2909 2915//2915 2910//2910
f 2909//2909 2921//2921 2915//2915
f 2919//2919 2922//2922 2923//2923
f 2919//2919 2923//2923 2920//2920
f 2918//2918 2924//2924 2922//2922
f 2918//2918 2922//2922 2919//2919
f 2925//2925 2918//2918 2917//2917
f 2925//2925 2924//2924 2918//2918
f 2926//2926 2920//2920 2923//2923
f 2921//2921 2920//2920 2926//2926
f 2927//2927 2915//2915 2921//2921
f 2927//2927 2921//2921 2926//2926
f 2928//2928 2914//2914 2915//2915
f 2928//2928 2916//2916 2914//2914
f 2928//2928 2915//2915 2927//2927
f 2929//2929 2917//2917 2916//2916
f 2929//2929 2925//2925 2917//2917
f 2929//2929 2916//2916 2928//2928
f 2928//2928 2930//2930 2931//2931
f 2928//2928 2927//2927 2930//2930
f 2932//2932 2933//2933 2934//2934
f 2932//2932 2935//2935 2933//2933
f 2936//2936 2934//2934 2937//2937
f 2936//2936 2932//2932 2934//2934
f 2938//2938 2939//2939 2936//2936
f 2938//2938 2936//2936 2937//2937
f 2940//2940 2933//2933 2935//2935
f 2941//2941 2940//2940 2935//2935
f 2930//2930 2941//2941 2942//2942
f 2930//2930 2940//2940 2941//2941
f 2931//2931 2943//2943 2944//2944
f 2931//2931 2942//2942 2943//2943
f 2931//2931 2930//2930 2942//2942
f 2945//2945 2944//2944 2939//2939
f 2945//2945 2939//2939 2938//2938
f 2945//2945 2931//2931 2944//2944
f 2931//2931 2945//2945 2929//2929
f 2931//2931 2929//2929 2928//2928
f 2925//2925 2945//2945 2938//2938
f 2925//2925 2929//2929 2945//2945
f 2938//2938 2937//2937 2924//2924
f 2938//2938 2924//2924 2925//2925
f 2922//2922 2937//2937 2934//2934
f 2922//2922 2924//2924 2937//2937
f 2934//2934 2933//2933 2923//2923
f 2934//2934 2923//2923 2922//2922
f 2926//2926 2933//2933 2940//2940
f 2926//2926 2923//2923 2933//2933
f 2940//2940 2930//2930 2927//2927
f 2940//2940 2927//2927 2926//2926
f 2942//2942 2946//2946 2943//2943
f 2942//2942 2947//2947 2946//2946
f 2946//2946 2948//2948 2944//2944
f 2943//2943 2946//2946 2944//2944
f 2944//2944 2949//2949 2939//2939
f 2944//2944 2948//2948 2949//2949
f 2939//2939 2950//2950 2936//2936
f 2939//2939 2949//2949 2950//2950
f 2936//2936 2951//2951 2932//2932
f 2936//2936 2950//2950 2951//2951
f 2932//2932 2952//2952 2935//2935
f 2932//2932 2951//2951 2952//2952
f 2935//2935 2953//2953 2941//2941
f 2935//2935 2952//2952 2953//2953
f 2941//2941 2947//2947 2942//2942
f 2941//2941 2953//2953 2947//2947
f 2951//2951 2954//2954 2955//2955
f 2951//2951 2955//2955 2952//2952
f 2950//2950 2956//2956 2954//2954
f 2950//2950 2954//2954 2951//2951
f 2957//2957 2950//2950 2949//2949
f 2957//2957 2956//2956 2950//2950
f 2958//2958 2952//2952 2955//2955
f 2953//2953 2952//2952 2958//2958
f 2959//2959 2947//2947 2953//2953
f 2959//2959 2953//2953 2958//2958
f 2960//2960 2946//2946 2947//2947
f 2960//2960 2948//2948 2946//2946
f 2960//2960 2947//2947 2959//2959
f 2961//2961 2949//2949 2948//2948
f 2961//2961 2957//2957 2949//2949
f 2961//2961 2948//2948 2960//2960
f 2960//2960 2962//2962 2963//2963
f 2960//2960 2959//2959 2962//2962
f 2964//2964 2965//2965 2966//2966
f 2964//2964 2967//2967 2965//2965
f 2968//2968 2966//2966 2969//2969
f 2968//2968 2964//2964 2966//2966
f 2970//2970 2971//2971 2968//2968
f 2970//2970 2968//2968 2969//2969
f 2972//2972 2965//2965 2967//2967
f 2973//2973 2972//2972 2967//2967
f 2962//2962 2973//2973 2974//2974
f 2962//2962 2972//2972 2973//2973
f 2963//2963 2975//2975 2976//2976
f 2963//2963 2974//2974 2975//2975
f 2963//2963 2962//2962 2974//2974
f 2977//2977 2976//2976 2971//2971
f 2977//2977 2971//2971 2970//2970
f 2977//2977 2963//2963 2976//2976
f 2963//2963 2977//2977 2961//2961
f 2963//2963 2961//2961 2960//2960
f 2957//2957 2977//2977 2970//2970
f 2957//2957 2961//2961 2977//2977
f 2970//2970 2969//2969 2956//2956
f 2970//2970 2956//2956 2957//2957
f 2954//2954 2969//2969 2966//2966
f 2954//2954 2956//2956 2969//2969
f 2966//2966 2965//2965 2955//2955
f 2966//2966 2955//2955 2954//2954
f 2958//2958 2965//2965 2972//2972
f 2958//2958 2955//2955 2965//2965
f 2972//2972 2962//2962 2959//2959
f 2972//2972 2959//2959 2958//2958
f 2974//2974 2978//2978 2975//2975
f 2974//2974 2979//2979 2978//2978
f 2978//2978 2980//2980 2976//2976
f 2975//2975 2978//2978 2976//2976
f 2976//2976 2981//2981 2971//2971
f 2976//2976 2980//2980 2981//2981
f 2971//2971 2982//2982 2968//2968
f 2971//2971 2981//2981 2982//2982
f 2968//2968 2983//2983 2964//2964
f 2968//2968 2982//2982 2983//2983
f 2964//2964 2984//2984 2967//2967
f 2964//2964 2983//2983 2984//2984
f 2967//2967 2985//2985 2973//2973
f 2967//2967 2984//2984 2985//2985
f 2973//2973 2979//2979 2974//2974
f 2973//2973 2985//2985 2979//2979
f 2983//2983 2986//2986 2987//2987
f 2983//2983 2987//2987 2984//2984
f 2982//2982 2988//2988 2986//2986
f 2982//2982 2986//2986 2983//2983
f 2989//2989 2982//2982 2981//2981
f 2989//2989 2988//2988 2982//2982
f 2990//2990 2984//2984 2987//2987
f 2985//2985 2984//2984 2990//2990
f 2991//2991 2979//2979 2985//2985
f 2991//2991 2985//2985 2990//2990
f 2992//2992 2978//2978 2979//2979
f 2992//2992 2980//2980 2978//2978
f 2992//2992 2979//2979 2991//2991
f 2993//2993 2981//2981 2980//2980
f 2993//2993 2989//2989 2981//2981
f 2993//2993 2980//2980 2992//2992
f 2992//2992 2994//2994 2995//2995
f 2992//2992 2991//2991 2994//2994
f 2996//2996 2997//2997 2998//2998
f 2996//2996 2999//2999 2997//2997
f 3000//3000 2998//2998 3001//3001
f 3000//3000 2996//2996 2998//2998
f 3002//3002 3003//3003 3000//3000
f 3002//3002 3000//3000 3001//3001
f 3004//3004 2997//2997 2999//2999
f 3005//3005 3004//3004 2999//2999
f 2994//2994 3005//3005 3006//3006
f 2994//2994 3004//3004 3005//3005
f 2995//2995 3007//3007 3008//3008
f 2995//2995 3006//3006 3007//3007
f 2995//2995 2994//2994 3006//3006
f 3009//3009 3008//3008 3003//3003
f 3009//3009 3003//3003 3002//3002
f 3009//3009 2995//2995 3008//3008
f 2995//2995 3009//3009 2993//2993
f 2995//2995 2993//2993 2992//2992
f 2989//2989 3009//3009 3002//3002
f 2989//2989 2993//2993 3009//3009
f 3002//3002 3001//3001 2988//2988
f 3002//3002 2988//2988 2989//2989
f 2986//2986 3001//3001 2998//2998
f 2986//2986 2988//2988 3001//3001
f 2998//2998 2997//2997 2987//2987
f 2998//2998 2987//2987 2986//2986
f 2990//2990 2997//2997 3004//3004
f 2990//2990 2987//2987 2997//2997
f 3004//3004 2994//2994 2991//2991
f 3004//3004 2991//2991 2990//2990
f 3006//3006 3010//3010 3007//3007
f 3006//3006 3011//3011 3010//3010
f 3010//3010 3012//3012 3008//3008
f 3007//3007 3010//3010 3008//3008
f 3008//3008 3013//3013 3003//3003
f 3008//3008 3012//3012 3013//3013
f 3003//3003 3014//3014 3000//3000
f 3003//3003 3013//3013 3014//3014
f 3000//3000 3015//3015 2996//2996
f 3000//3000 3014//3014 3015//3015
f 2996//2996 3016//3016 2999//2999
f 2996//2996 3015//3015 3016//3016
f 2999//2999 3017//3017 3005//3005
f 2999//2999 3016//3016 3017//3017
f 3005//3005 3011//3011 3006//3006
f 3005//3005 3017//3017 3011//3011
f 3015//3015 3018//3018 3019//3019
f 3015//3015 3019//3019 3016//3016
f 3014//3014 3020//3020 3018//3018
f 3014//3014 3018//3018 3015//3015
f 3021//3021 3014//3014 3013//3013
f 3021//3021 3020//3020 3014//3014
f 3022//3022 3016//3016 3019//3019
f 3017//3017 3016//3016 3022//3022
f 3023//3023 3011//3011 3017//3017
f 3023//3023 3017//3017 3022//3022
f 3024//3024 3010//3010 3011//3011
f 3024//3024 3012//3012 3010//3010
f 3024//3024 3011//3011 3023//3023
f 3025//3025 3013//3013 3012//3012
f 3025//3025 3021//3021 3013//3013
f 3025//3025 3012//3012 3024//3024
f 3024//3024 3026//3026 3027//3027
f 3024//3024 3023//3023 3026//3026
f 3028//3028 3029//3029 3030//3030
f 3028//3028 3031//3031 3029//3029
f 3032//3032 3030//3030 3033//3033
f 3032//3032 3028//3028 3030//3030
f 3034//3034 3035//3035 3032//3032
f 3034//3034 3032//3032 3033//3033
f 3036//3036 3029//3029 3031//3031
f 3037//3037 3036//3036 3031//3031
f 3026//3026 3037//3037 3038//3038
f 3026//3026 3036//3036 3037//3037
f 3027//3027 3039//3039 3040//3040
f 3027//3027 3038//3038 3039//3039
f 3027//3027 3026//3026 3038//3038
f 3041//3041 3040//3040 3035//3035
f 3041//3041 3035//3035 3034//3034
f 3041//3041 3027//3027 3040//3040
f 3027//3027 3041//3041 3025//3025
f 3027//3027 3025//3025 3024//3024
f 3021//3021 3041//3041 3034//3034
f 3021//3021 3025//3025 3041//3041
f 3034//3034 3033//3033 3020//3020
f 3034//3034 3020//3020 3021//3021
f 3018//3018 3033//3033 3030//3030
f 3018//3018 3020//3020 3033//3033
f 3030//3030 3029//3029 3019//3019
f 3030//3030 3019//3019 3018//3018
f 3022//3022 3029//3029 3036//3036
f 3022//3022 3019//3019 3029//3029
f 3036//3036 3026//3026 3023//3023
f 3036//3036 3023//3023 3022//3022
f 3038//3038 3042//3042 3039//3039
f 3038//3038 3043//3043 3042//3042
f 3042//3042 3044//3044 3040//3040
f 3039//3039 3042//3042 3040//3040
f 3040//3040 3045//3045 3035//3035
f 3040//3040 3044//3044 3045//3045
f 3035//3035 3046//3046 3032//3032
f 3035//3035 3045//3045 3046//3046
f 3032//3032 3047//3047 3028//3028
f 3032//3032 3046//3046 3047//3047
f 3028//3028 3048//3048 3031//3031
f 3028//3028 3047//3047 3048//3048
f 3031//3031 3049//3049 3037//3037
f 3031//3031 3048//3048 3049//3049
f 3037//3037 3043//3043 3038//3038
f 3037//3037 3049//3049 3043//3043
f 3047//3047 3050//3050 3051//3051
f 3047//3047 3051//3051 3048//3048
f 3046//3046 3052//3052 3050//3050
f 3046//3046 3050//3050 3047//3047
f 3053//3053 3046//3046 3045//3045
f 3053//3053 3052//3052 3046//3046
f 3054//3054 3048//3048 3051//3051
f 3049//3049 3048//3048 3054//3054
f 3055//3055 3043//3043 3049//3049
f 3055//3055 3049//3049 3054//3054
f 3056//3056 3042//3042 3043//3043
f 3056//3056 3044//3044 3042//3042
f 3056//3056 3043//3043 3055//3055
f 3057//3057 3045//3045 3044//3044
f 3057//3057 3053//3053 3045//3045
f 3057//3057 3044//3044 3056//3056
f 3056//3056 3055//3055 3058//3058
f 3056//3056 3058//3058 3059//3059
f 3059//3059 3057//3057 3056//3056
f 3059//3059 3060//3060 3057//3057
f 3061//3061 3057//3057 3060//3060
f 3061//3061 3060//3060 3062//3062
f 3063//3063 3064//3064 3065//3065
f 3053//3053 3064//3064 3063//3063
f 3053//3053 3057//3057 3061//3061
f 3053//3053 3061//3061 3064//3064
f 3063//3063 3052//3052 3053//3053
f 3063//3063 3066//3066 3052//3052
f 3050//3050 3052//3052 3066//3066
f 3050//3050 3066//3066 3067//3067
f 3067//3067 3051//3051 3050//3050
f 3067//3067 3068//3068 3051//3051
f 3069//3069 3051//3051 3068//3068
f 3069//3069 3068//3068 3070//3070
f 3071//3071 3072//3072 3073//3073
f 3054//3054 3072//3072 3071//3071
f 3054//3054 3051//3051 3069//3069
f 3054//3054 3069//3069 3072//3072
f 3071//3071 3055//3055 3054//3054
f 3071//3071 3058//3058 3055//3055
f 3096//3096 3060//3060 3059//3059
f 3074//3074 3060//3060 3096//3096
f 3075//3075 3096//3096 3059//3059
f 3062//3062 3060//3060 3074//3074
f 3076//3076 3062//3062 3074//3074
f 3077//3077 3075//3075 3059//3059
f 3058//3058 3077//3077 3059//3059
f 3071//3071 3078//3078 3077//3077
f 3071//3071 3077//3077 3058//3058
f 3073//3073 3078//3078 3071//3071
f 3073//3073 3079//3079 3078//3078
f 3080//3080 3075//3075 3077//3077
f 3080//3080 3077//3077 3081//3081
f 3078//3078 3082//3082 3081//3081
f 3077//3077 3078//3078 3081//3081
f 3083//3083 3081//3081 3082//3082
f 3085//3085 3083//3083 3082//3082
f 3084//3084 3081//3081 3083//3083
f 3107//3107 3085//3085 3082//3082
f 3089//3089 3107//3107 3082//3082
f 3086//3086 3081//3081 3084//3084
f 3087//3087 3081//3081 3086//3086
f 3088//3088 3106//3106 3089//3089
f 3090//3090 3106//3106 3088//3088
f 3093//3093 3091//3091 3104//3104
f 3093//3093 3087//3087 3091//3091
f 3093//3093 3081//3081 3087//3087
f 3080//3080 3093//3093 3092//3092
f 3080//3080 3092//3092 3101//3101
f 3080//3080 3081//3081 3093//3093
f 3094//3094 3080//3080 3101//3101
f 3094//3094 3096//3096 3080//3080
f 3095//3095 3096//3096 3094//3094
f 3097//3097 3096//3096 3095//3095
f 3097//3097 3095//3095 3098//3098
f 3099//3099 3097//3097 3098//3098
f 3099//3099 3098//3098 3100//3100
f 3088//3088 3089//3089 3082//3082
f 2849//2849 3104//3104 2848//2848
f 2849//2849 3093//3093 3104//3104
f 2849//2849 3092//3092 3093//3093
f 2852//2852 3092//3092 2849//2849
f 2852//2852 3101//3101 3092//3092
f 3102//3102 2848//2848 3103//3103
f 3104//3104 3103//3103 2848//2848
f 2844//2844 2848//2848 3102//3102
f 3084//3084 3102//3102 3086//3086
f 3084//3084 2844//2844 3102//3102
f 3103//3103 3104//3104 3091//3091
f 3091//3091 3105//3105 3103//3103
f 3087//3087 3105//3105 3091//3091
f 3086//3086 3102//3102 3105//3105
f 3086//3086 3105//3105 3087//3087
f 3102//3102 3103//3103 3105//3105
f 2862//2862 3117//3117 2865//2865
f 2865//2865 3117//3117 3110//3110
f 2868//2868 3109//3109 3108//3108
f 2866//2866 3109//3109 2868//2868
f 2865//2865 3110//3110 3109//3109
f 2865//2865 3109//3109 2866//2866
f 2868//2868 3111//3111 2869//2869
f 2868//2868 3108//3108 3111//3111
f 2876//2876 3112//3112 3128//3128
f 2875//2875 3112//3112 2876//2876
f 2879//2879 3113//3113 3112//3112
f 2879//2879 3112//3112 2875//2875
f 2869//2869 3111//3111 3113//3113
f 2869//2869 3113//3113 2879//2879
f 3116//3116 3114//3114 3115//3115
f 3131//3131 3116//3116 3115//3115
f 3119//3119 3118//3118 3131//3131
f 3119//3119 3117//3117 3118//3118
f 3110//3110 3117//3117 3119//3119
f 3109//3109 3110//3110 3119//3119
f 3109//3109 3119//3119 3120//3120
f 3120//3120 3108//3108 3109//3109
f 3111//3111 3108//3108 3120//3120
f 3123//3123 3121//3121 3122//3122
f 3124//3124 3121//3121 3123//3123
f 3130//3130 3128//3128 3112//3112
f 3125//3125 3126//3126 3129//3129
f 3125//3125 3127//3127 3126//3126
f 3125//3125 3124//3124 3127//3127
f 3130//3130 3129//3129 3128//3128
f 3130//3130 3125//3125 3129//3129
f 3121//3121 3124//3124 3125//3125
f 3130//3130 3113//3113 3120//3120
f 3113//3113 3111//3111 3120//3120
f 3130//3130 3112//3112 3113//3113
f 3119//3119 3131//3131 3115//3115
f 2873//2873 3129//3129 3126//3126
f 2874//2874 3129//3129 2873//2873
f 2874//2874 3128//3128 3129//3129
f 2876//2876 3128//3128 2874//2874
f 3127//3127 2872//2872 2873//2873
f 3126//3126 3127//3127 2873//2873
f 2880//2880 2872//2872 3127//3127
f 2871//2871 3124//3124 3123//3123
f 2880//2880 3124//3124 2871//2871
f 2880//2880 3127//3127 3124//3124
f 3123//3123 2870//2870 2871//2871
f 3132//3132 2870//2870 3123//3123
f 3122//3122 3132//3132 3123//3123
f 3133//3133 2858//2858 2870//2870
f 3133//3133 2870//2870 3132//3132
f 3098//3098 3133//3133 3100//3100
f 3098//3098 2858//2858 3133//3133
f 3095//3095 2856//2856 2858//2858
f 3095//3095 2858//2858 3098//3098
f 3095//3095 2855//2855 2856//2856
f 3094//3094 2855//2855 3095//3095
f 3094//3094 2851//2851 2855//2855
f 3094//3094 3101//3101 2851//2851
f 2852//2852 2851//2851 3101//3101
f 3076//3076 3061//3061 3062//3062
f 3076//3076 3133//3133 3061//3061
f 3100//3100 3076//3076 3099//3099
f 3100//3100 3133//3133 3076//3076
f 3076//3076 3074//3074 3097//3097
f 3099//3099 3076//3076 3097//3097
f 3096//3096 3075//3075 3080//3080
f 3074//3074 3096//3096 3097//3097
f 3132//3132 3064//3064 3061//3061
f 3132//3132 3061//3061 3133//3133
f 3134//3134 3064//3064 3132//3132
f 3134//3134 3132//3132 3122//3122
f 3065//3065 3064//3064 3134//3134
f 3121//3121 3134//3134 3122//3122
f 3135//3135 3065//3065 3134//3134
f 3063//3063 3065//3065 3135//3135
f 3136//3136 3063//3063 3135//3135
f 3066//3066 3063//3063 3136//3136
f 3138//3138 3137//3137 3070//3070
f 3068//3068 3138//3138 3070//3070
f 3068//3068 3139//3139 3138//3138
f 3067//3067 3139//3139 3068//3068
f 3067//3067 3066//3066 3136//3136
f 3067//3067 3136//3136 3139//3139
f 3115//3115 3137//3137 3138//3138
f 3115//3115 3138//3138 3119//3119
f 3138//3138 3120//3120 3119//3119
f 3138//3138 3139//3139 3120//3120
f 3120//3120 3139//3139 3136//3136
f 3120//3120 3136//3136 3130//3130
f 3135//3135 3125//3125 3130//3130
f 3136//3136 3135//3135 3130//3130
f 3125//3125 3134//3134 3121//3121
f 3125//3125 3135//3135 3134//3134
f 3137//3137 3069//3069 3070//3070
f 3137//3137 3140//3140 3069//3069
f 3114//3114 3137//3137 3115//3115
f 3114//3114 3140//3140 3137//3137
f 3106//3106 3090//3090 3141//3141
f 2850//2850 3141//3141 3142//3142
f 2850//2850 3106//3106 3141//3141
f 2847//2847 3106//3106 2850//2850
f 3140//3140 3114//3114 3116//3116
f 2860//2860 3142//3142 3140//3140
f 2860//2860 3116//3116 2859//2859
f 2860//2860 3140//3140 3116//3116
f 2861//2861 3142//3142 2860//2860
f 2850//2850 3142//3142 2861//2861
f 3142//3142 3141//3141 3072//3072
f 3069//3069 3140//3140 3142//3142
f 3069//3069 3142//3142 3072//3072
f 3079//3079 3072//3072 3141//3141
f 3079//3079 3141//3141 3090//3090
f 3073//3073 3072//3072 3079//3079
f 3088//3088 3079//3079 3090//3090
f 3082//3082 3079//3079 3088//3088
f 3082//3082 3078//3078 3079//3079
f 2846//2846 3106//3106 2847//2847
f 2846//2846 3089//3089 3106//3106
f 2845//2845 3089//3089 2846//2846
f 2845//2845 3107//3107 3089//3089
f 2842//2842 3107//3107 2845//2845
f 2842//2842 3085//3085 3107//3107
f 2842//2842 3083//3083 3085//3085
f 2841//2841 3083//3083 2842//2842
f 2844//2844 3083//3083 2841//2841
f 2844//2844 3084//3084 3083//3083
f 2864//2864 3118//3118 3117//3117
f 2864//2864 3117//3117 2862//2862
f 2864//2864 3131//3131 3118//3118
f 2859//2859 3131//3131 2864//2864
f 2859//2859 3116//3116 3131//3131
f 2877//2877 2895//2895 2867//2867
f 2877//2877 2881//2881 2895//2895
f 2892//2892 2863//2863 2867//2867
f 2895//2895 2892//2892 2867//2867
f 2863//2863 2886//2886 2840//2840
f 2863//2863 2892//2892 2886//2886
f 2887//2887 2888//2888 2843//2843
f 2887//2887 2843//2843 2840//2840
f 2886//2886 2887//2887 2840//2840
f 2843//2843 2888//2888 2853//2853
f 2891//2891 2883//2883 2857//2857
f 2891//2891 2857//2857 2854//2854
f 2888//2888 2854//2854 2853//2853
f 2888//2888 2891//2891 2854//2854
f 3143//3143 3146//3146 3144//3144
f 3145//3145 3342//3342 3238//3238
f 3238//3238 3144//3144 3145//3145
f 3343//3343 3344//3344 3342//3342
f 3145//3145 3148//3148 3147//3147
f 3334//3334 3149//3149 3288//3288
f 3334//3334 3335//3335 3149//3149
f 3335//3335 3337//3337 3341//3341
f 3335//3335 3341//3341 3149//3149
f 3335//3335 3336//3336 3337//3337
f 3220//3220 3329//3329 3328//3328
f 3151//3151 3331//3331 3150//3150
f 3331//3331 3332//3332 3327//3327
f 3321//3321 3322//3322 3323//3323
f 3321//3321 3325//3325 3322//3322
f 3155//3155 3325//3325 3321//3321
f 3156//3156 2897//2897 2894//2894
f 3156//3156 3157//3157 2897//2897
f 3159//3159 2890//2890 2889//2889
f 3158//3158 2890//2890 3159//3159
f 2885//2885 3159//3159 2889//2889
f 2885//2885 3160//3160 3159//3159
f 3207//3207 3160//3160 2885//2885
f 2884//2884 3207//3207 2885//2885
f 3161//3161 3207//3207 2884//2884
f 3162//3162 2890//2890 3158//3158
f 2896//2896 2890//2890 3162//3162
f 2897//2897 2896//2896 3162//3162
f 2897//2897 3162//3162 3163//3163
f 3165//3165 3161//3161 2884//2884
f 2894//2894 2897//2897 3164//3164
f 2893//2893 3164//3164 3165//3165
f 2893//2893 3165//3165 2884//2884
f 2893//2893 2894//2894 3164//3164
f 3163//3163 3164//3164 2897//2897
f 2894//2894 3166//3166 3156//3156
f 2894//2894 2893//2893 3166//3166
f 3166//3166 3167//3167 3156//3156
f 3173//3173 3324//3324 3168//3168
f 3169//3169 3168//3168 3324//3324
f 3196//3196 3169//3169 3324//3324
f 3196//3196 3324//3324 3173//3173
f 3174//3174 3196//3196 3173//3173
f 3195//3195 3170//3170 3192//3192
f 3195//3195 3192//3192 3171//3171
f 3172//3172 3173//3173 3168//3168
f 3251//3251 3173//3173 3172//3172
f 3251//3251 3174//3174 3173//3173
f 3179//3179 3174//3174 3251//3251
f 3331//3331 3249//3249 3248//3248
f 3175//3175 3331//3331 3248//3248
f 3332//3332 3249//3249 3331//3331
f 3254//3254 3331//3331 3175//3175
f 3254//3254 3332//3332 3331//3331
f 3314//3314 3177//3177 3195//3195
f 3178//3178 3176//3176 3347//3347
f 3315//3315 3314//3314 3195//3195
f 3272//3272 3179//3179 3249//3249
f 3272//3272 3249//3249 3332//3332
f 3272//3272 3332//3332 3254//3254
f 3181//3181 3177//3177 3314//3314
f 3180//3180 3179//3179 3272//3272
f 3180//3180 3171//3171 3174//3174
f 3180//3180 3174//3174 3179//3179
f 3316//3316 3315//3315 3195//3195
f 3181//3181 3347//3347 3177//3177
f 3316//3316 3195//3195 3171//3171
f 3316//3316 3171//3171 3180//3180
f 3181//3181 3178//3178 3347//3347
f 3339//3339 3188//3188 3277//3277
f 3182//3182 3178//3178 3181//3181
f 3339//3339 3166//3166 3188//3188
f 3338//3338 3166//3166 3339//3339
f 3167//3167 3166//3166 3338//3338
f 3340//3340 3167//3167 3338//3338
f 3182//3182 3277//3277 3178//3178
f 3182//3182 3340//3340 3277//3277
f 3183//3183 3316//3316 3180//3180
f 3183//3183 3317//3317 3316//3316
f 3183//3183 3318//3318 3317//3317
f 3184//3184 3167//3167 3340//3340
f 3184//3184 3340//3340 3182//3182
f 3184//3184 3182//3182 3319//3319
f 3185//3185 3183//3183 3263//3263
f 3185//3185 3318//3318 3183//3183
f 3185//3185 3319//3319 3318//3318
f 3345//3345 3319//3319 3185//3185
f 3186//3186 3185//3185 3263//3263
f 3147//3147 3319//3319 3345//3345
f 3147//3147 3184//3184 3319//3319
f 3260//3260 3343//3343 3345//3345
f 3148//3148 3343//3343 3260//3260
f 3184//3184 3147//3147 3148//3148
f 3259//3259 3184//3184 3148//3148
f 3259//3259 3148//3148 3260//3260
f 3346//3346 3177//3177 3347//3347
f 3187//3187 3166//3166 2893//2893
f 3188//3188 3166//3166 3187//3187
f 3189//3189 3187//3187 2893//2893
f 3190//3190 3176//3176 3189//3189
f 3347//3347 3176//3176 3190//3190
f 3191//3191 3170//3170 3190//3190
f 3191//3191 3190//3190 3189//3189
f 3191//3191 3189//3189 2893//2893
f 3192//3192 3170//3170 3191//3191
f 2884//2884 3191//3191 2893//2893
f 3193//3193 3191//3191 2884//2884
f 3168//3168 3169//3169 3193//3193
f 3168//3168 3193//3193 2884//2884
f 3195//3195 3194//3194 3170//3170
f 3201//3201 3174//3174 3171//3171
f 3196//3196 3193//3193 3169//3169
f 3196//3196 3197//3197 3193//3193
f 3198//3198 3197//3197 3199//3199
f 3202//3202 3198//3198 3199//3199
f 3202//3202 3199//3199 3201//3201
f 3200//3200 3197//3197 3198//3198
f 3193//3193 3197//3197 3200//3200
f 3201//3201 3203//3203 3202//3202
f 3191//3191 3203//3203 3201//3201
f 3191//3191 3200//3200 3203//3203
f 3191//3191 3193//3193 3200//3200
f 3192//3192 3201//3201 3171//3171
f 3192//3192 3191//3191 3201//3201
f 3196//3196 3199//3199 3197//3197
f 3174//3174 3199//3199 3196//3196
f 3201//3201 3199//3199 3174//3174
f 3204//3204 3198//3198 3202//3202
f 3204//3204 3202//3202 3212//3212
f 3204//3204 3200//3200 3198//3198
f 3205//3205 3200//3200 3204//3204
f 3205//3205 3203//3203 3200//3200
f 3206//3206 3203//3203 3205//3205
f 3206//3206 3202//3202 3203//3203
f 3212//3212 3202//3202 3206//3206
f 3153//3153 3207//3207 3208//3208
f 3152//3152 3153//3153 3208//3208
f 3153//3153 3209//3209 3207//3207
f 3152//3152 3209//3209 3153//3153
f 3204//3204 3152//3152 3208//3208
f 3210//3210 3209//3209 3152//3152
f 3205//3205 3204//3204 3208//3208
f 3211//3211 3152//3152 3204//3204
f 3211//3211 3204//3204 3212//3212
f 3213//3213 3212//3212 3206//3206
f 3213//3213 3206//3206 3205//3205
f 3214//3214 3209//3209 3210//3210
f 3218//3218 3214//3214 3215//3215
f 3218//3218 3209//3209 3214//3214
f 3217//3217 3218//3218 3219//3219
f 3217//3217 3209//3209 3218//3218
f 3328//3328 3217//3217 3219//3219
f 3326//3326 3217//3217 3328//3328
f 3220//3220 3328//3328 3219//3219
f 3220//3220 3219//3219 3216//3216
f 3221//3221 3326//3326 3220//3220
f 3221//3221 3217//3217 3326//3326
f 3222//3222 3221//3221 3220//3220
f 3223//3223 3221//3221 3222//3222
f 3227//3227 3225//3225 3224//3224
f 3230//3230 3228//3228 3227//3227
f 3230//3230 3229//3229 3228//3228
f 3334//3334 3229//3229 3230//3230
f 3333//3333 3334//3334 3230//3230
f 3333//3333 3230//3230 3231//3231
f 3288//3288 3229//3229 3334//3334
f 3288//3288 3226//3226 3229//3229
f 3231//3231 3288//3288 3333//3333
f 3232//3232 3288//3288 3231//3231
f 3236//3236 3233//3233 3234//3234
f 3233//3233 3235//3235 3234//3234
f 3236//3236 3234//3234 3238//3238
f 3237//3237 3235//3235 3233//3233
f 3240//3240 3236//3236 3238//3238
f 3143//3143 3240//3240 3238//3238
f 3239//3239 3237//3237 3240//3240
f 3239//3239 3240//3240 3143//3143
f 3239//3239 3143//3143 3144//3144
f 3242//3242 3238//3238 3241//3241
f 3242//3242 3144//3144 3238//3238
f 3242//3242 3239//3239 3144//3144
f 3230//3230 3205//3205 3208//3208
f 3230//3230 3227//3227 3205//3205
f 3227//3227 3213//3213 3205//3205
f 3227//3227 3224//3224 3213//3213
f 3221//3221 3237//3237 3239//3239
f 3221//3221 3235//3235 3237//3237
f 3221//3221 3223//3223 3235//3235
f 3242//3242 3232//3232 3231//3231
f 3242//3242 3241//3241 3232//3232
f 3231//3231 3163//3163 3242//3242
f 3164//3164 3163//3163 3231//3231
f 3162//3162 3242//3242 3163//3163
f 3162//3162 3239//3239 3242//3242
f 3162//3162 3221//3221 3239//3239
f 3162//3162 3158//3158 3221//3221
f 3158//3158 3217//3217 3221//3221
f 3159//3159 3217//3217 3158//3158
f 3217//3217 3160//3160 3209//3209
f 3159//3159 3160//3160 3217//3217
f 3160//3160 3207//3207 3209//3209
f 3161//3161 3208//3208 3207//3207
f 3161//3161 3230//3230 3208//3208
f 3161//3161 3165//3165 3230//3230
f 3164//3164 3230//3230 3165//3165
f 3164//3164 3231//3231 3230//3230
f 3218//3218 3243//3243 3245//3245
f 3218//3218 3245//3245 3219//3219
f 3215//3215 3243//3243 3218//3218
f 3215//3215 3250//3250 3243//3243
f 3215//3215 3247//3247 3250//3250
f 3216//3216 3247//3247 3215//3215
f 3219//3219 3245//3245 3247//3247
f 3219//3219 3247//3247 3216//3216
f 3243//3243 3244//3244 3245//3245
f 3246//3246 3243//3243 3250//3250
f 3246//3246 3244//3244 3243//3243
f 3249//3249 3244//3244 3248//3248
f 3249//3249 3245//3245 3244//3244
f 3179//3179 3245//3245 3249//3249
f 3179//3179 3247//3247 3245//3245
f 3250//3250 3247//3247 3179//3179
f 3246//3246 3250//3250 3251//3251
f 3252//3252 3246//3246 3251//3251
f 3246//3246 3253//3253 2885//2885
f 3252//3252 3253//3253 3246//3246
f 2889//2889 3246//3246 2885//2885
f 3244//3244 3246//3246 2889//2889
f 3175//3175 3248//3248 3244//3244
f 3175//3175 3244//3244 2889//2889
f 3172//3172 3168//3168 3253//3253
f 3252//3252 3172//3172 3253//3253
f 2884//2884 3253//3253 3168//3168
f 2884//2884 2885//2885 3253//3253
f 3251//3251 3172//3172 3252//3252
f 3250//3250 3179//3179 3251//3251
f 2889//2889 3254//3254 3175//3175
f 2889//2889 2890//2890 3254//3254
f 3255//3255 3254//3254 2890//2890
f 3272//3272 3254//3254 3255//3255
f 3256//3256 3257//3257 3255//3255
f 3256//3256 3255//3255 2890//2890
f 3186//3186 3263//3263 3257//3257
f 3186//3186 3257//3257 3256//3256
f 2896//2896 3256//3256 2890//2890
f 3258//3258 3256//3256 2896//2896
f 3259//3259 3260//3260 3258//3258
f 3259//3259 3258//3258 2896//2896
f 3257//3257 3263//3263 3262//3262
f 3262//3262 3263//3263 3183//3183
f 3345//3345 3258//3258 3260//3260
f 3345//3345 3269//3269 3258//3258
f 3265//3265 3264//3264 3256//3256
f 3258//3258 3265//3265 3256//3256
f 3258//3258 3267//3267 3265//3265
f 3266//3266 3264//3264 3268//3268
f 3269//3269 3267//3267 3258//3258
f 3269//3269 3266//3266 3268//3268
f 3269//3269 3268//3268 3267//3267
f 3186//3186 3264//3264 3185//3185
f 3186//3186 3256//3256 3264//3264
f 3185//3185 3269//3269 3345//3345
f 3185//3185 3266//3266 3269//3269
f 3185//3185 3264//3264 3266//3266
f 3233//3233 3265//3265 3237//3237
f 3233//3233 3264//3264 3265//3265
f 3233//3233 3268//3268 3264//3264
f 3236//3236 3268//3268 3233//3233
f 3240//3240 3268//3268 3236//3236
f 3240//3240 3267//3267 3268//3268
f 3240//3240 3265//3265 3267//3267
f 3237//3237 3265//3265 3240//3240
f 3157//3157 3184//3184 3259//3259
f 2897//2897 3157//3157 3259//3259
f 2896//2896 2897//2897 3259//3259
f 3156//3156 3184//3184 3157//3157
f 3167//3167 3184//3184 3156//3156
f 3271//3271 3262//3262 3183//3183
f 3180//3180 3271//3271 3183//3183
f 3271//3271 3261//3261 3262//3262
f 3271//3271 3270//3270 3261//3261
f 3257//3257 3262//3262 3261//3261
f 3255//3255 3257//3257 3261//3261
f 3255//3255 3261//3261 3270//3270
f 3255//3255 3270//3270 3272//3272
f 3270//3270 3271//3271 3180//3180
f 3270//3270 3180//3180 3272//3272
f 3226//3226 3276//3276 3275//3275
f 3225//3225 3276//3276 3226//3226
f 3225//3225 3273//3273 3276//3276
f 3227//3227 3273//3273 3225//3225
f 3228//3228 3273//3273 3227//3227
f 3228//3228 3274//3274 3273//3273
f 3229//3229 3274//3274 3228//3228
f 3229//3229 3275//3275 3274//3274
f 3226//3226 3275//3275 3229//3229
f 3273//3273 3189//3189 3276//3276
f 3187//3187 3273//3273 3274//3274
f 3187//3187 3189//3189 3273//3273
f 3276//3276 3189//3189 3176//3176
f 3178//3178 3276//3276 3176//3176
f 3178//3178 3275//3275 3276//3276
f 3277//3277 3274//3274 3275//3275
f 3277//3277 3275//3275 3178//3178
f 3187//3187 3274//3274 3277//3277
f 3188//3188 3187//3187 3277//3277
f 3278//3278 3222//3222 3220//3220
f 3216//3216 3278//3278 3220//3220
f 3214//3214 3216//3216 3215//3215
f 3211//3211 3210//3210 3152//3152
f 3211//3211 3214//3214 3210//3210
f 3211//3211 3216//3216 3214//3214
f 3279//3279 3211//3211 3212//3212
f 3282//3282 3281//3281 3278//3278
f 3281//3281 3280//3280 3278//3278
f 3283//3283 3280//3280 3281//3281
f 3282//3282 3278//3278 3216//3216
f 3234//3234 3235//3235 3280//3280
f 3282//3282 3216//3216 3211//3211
f 3290//3290 3280//3280 3283//3283
f 3282//3282 3211//3211 3279//3279
f 3290//3290 3234//3234 3280//3280
f 3284//3284 3282//3282 3279//3279
f 3290//3290 3238//3238 3234//3234
f 3287//3287 3284//3284 3279//3279
f 3285//3285 3241//3241 3238//3238
f 3285//3285 3238//3238 3290//3290
f 3292//3292 3285//3285 3290//3290
f 3286//3286 3287//3287 3279//3279
f 3286//3286 3291//3291 3287//3287
f 3226//3226 3291//3291 3286//3286
f 3226//3226 3292//3292 3291//3291
f 3225//3225 3226//3226 3286//3286
f 3289//3289 3292//3292 3226//3226
f 3289//3289 3285//3285 3292//3292
f 3288//3288 3289//3289 3226//3226
f 3284//3284 3298//3298 3282//3282
f 3281//3281 3297//3297 3283//3283
f 3281//3281 3293//3293 3297//3297
f 3282//3282 3293//3293 3281//3281
f 3298//3298 3293//3293 3282//3282
f 3284//3284 3294//3294 3298//3298
f 3284//3284 3295//3295 3294//3294
f 3287//3287 3295//3295 3284//3284
f 3291//3291 3296//3296 3295//3295
f 3291//3291 3295//3295 3287//3287
f 3291//3291 3299//3299 3296//3296
f 3292//3292 3299//3299 3291//3291
f 3290//3290 3299//3299 3292//3292
f 3290//3290 3300//3300 3299//3299
f 3283//3283 3300//3300 3290//3290
f 3283//3283 3297//3297 3300//3300
f 3295//3295 3298//3298 3294//3294
f 3301//3301 3297//3297 3293//3293
f 3302//3302 3301//3301 3293//3293
f 3302//3302 3293//3293 3298//3298
f 3301//3301 3300//3300 3297//3297
f 3304//3304 3300//3300 3301//3301
f 3303//3303 3302//3302 3298//3298
f 3295//3295 3303//3303 3298//3298
f 3299//3299 3304//3304 3305//3305
f 3299//3299 3300//3300 3304//3304
f 3295//3295 3305//3305 3303//3303
f 3296//3296 3305//3305 3295//3295
f 3299//3299 3305//3305 3296//3296
f 3301//3301 3302//3302 3307//3307
f 3304//3304 3306//3306 3305//3305
f 3304//3304 3307//3307 3306//3306
f 3301//3301 3307//3307 3304//3304
f 3307//3307 3302//3302 3308//3308
f 3307//3307 3308//3308 3309//3309
f 3302//3302 3310//3310 3308//3308
f 3306//3306 3307//3307 3309//3309
f 3303//3303 3310//3310 3302//3302
f 3306//3306 3309//3309 3312//3312
f 3311//3311 3310//3310 3303//3303
f 3311//3311 3303//3303 3305//3305
f 3313//3313 3311//3311 3305//3305
f 3313//3313 3305//3305 3306//3306
f 3313//3313 3306//3306 3312//3312
f 3314//3314 3310//3310 3311//3311
f 3315//3315 3310//3310 3314//3314
f 3316//3316 3310//3310 3315//3315
f 3316//3316 3308//3308 3310//3310
f 3317//3317 3308//3308 3316//3316
f 3317//3317 3309//3309 3308//3308
f 3318//3318 3309//3309 3317//3317
f 3318//3318 3312//3312 3309//3309
f 3319//3319 3312//3312 3318//3318
f 3182//3182 3312//3312 3319//3319
f 3182//3182 3313//3313 3312//3312
f 3181//3181 3313//3313 3182//3182
f 3181//3181 3311//3311 3313//3313
f 3314//3314 3311//3311 3181//3181
f 3224//3224 3279//3279 3213//3213
f 3224//3224 3286//3286 3279//3279
f 3224//3224 3225//3225 3286//3286
f 3288//3288 3232//3232 3289//3289
f 3241//3241 3285//3285 3289//3289
f 3241//3241 3289//3289 3232//3232
f 3278//3278 3280//3280 3235//3235
f 3223//3223 3278//3278 3235//3235
f 3222//3222 3278//3278 3223//3223
f 3279//3279 3212//3212 3213//3213
f 3154//3154 3321//3321 3320//3320
f 3153//3153 3152//3152 3155//3155
f 3152//3152 3154//3154 3320//3320
f 3154//3154 3152//3152 3153//3153
f 3320//3320 3155//3155 3152//3152
f 3154//3154 3155//3155 3321//3321
f 3323//3323 3155//3155 3320//3320
f 3320//3320 3321//3321 3323//3323
f 3154//3154 3153//3153 3155//3155
f 3322//3322 3173//3173 3324//3324
f 3322//3322 3324//3324 3323//3323
f 3324//3324 3325//3325 3155//3155
f 3155//3155 3323//3323 3324//3324
f 3325//3325 3324//3324 3173//3173
f 3173//3173 3322//3322 3325//3325
f 3329//3329 3151//3151 3150//3150
f 3151//3151 3329//3329 3327//3327
f 3328//3328 3330//3330 3327//3327
f 3220//3220 3326//3326 3329//3329
f 3330//3330 3328//3328 3150//3150
f 3326//3326 3328//3328 3327//3327
f 3326//3326 3327//3327 3329//3329
f 3329//3329 3150//3150 3328//3328
f 3151//3151 3332//3332 3331//3331
f 3327//3327 3332//3332 3151//3151
f 3331//3331 3330//3330 3150//3150
f 3331//3331 3327//3327 3330//3330
f 3334//3334 3333//3333 3335//3335
f 3149//3149 3333//3333 3288//3288
f 3341//3341 3335//3335 3333//3333
f 3341//3341 3333//3333 3149//3149
f 3339//3339 3336//3336 3338//3338
f 3341//3341 3338//3338 3335//3335
f 3337//3337 3336//3336 3340//3340
f 3340//3340 3338//3338 3341//3341
f 3337//3337 3340//3340 3341//3341
f 3335//3335 3338//3338 3336//3336
f 3336//3336 3339//3339 3277//3277
f 3277//3277 3340//3340 3336//3336
f 3344//3344 3143//3143 3342//3342
f 3146//3146 3143//3143 3344//3344
f 3238//3238 3342//3342 3143//3143
f 3145//3145 3144//3144 3146//3146
f 3343//3343 3342//3342 3147//3147
f 3147//3147 3342//3342 3145//3145
f 3145//3145 3146//3146 3148//3148
f 3344//3344 3343//3343 3148//3148
f 3146//3146 3344//3344 3148//3148
f 3147//3147 3345//3345 3343//3343
f 3346//3346 3194//3194 3195//3195
f 3177//3177 3346//3346 3195//3195
f 3347//3347 3190//3190 3346//3346
f 3190//3190 3170//3170 3194//3194
f 3190//3190 3194//3194 3346//3346
f 3578//3578 3352//3352 3350//3350
f 3350//3350 3352//3352 3349//3349
f 3351//3351 3581//3581 3352//3352
f 3580//3580 3582//3582 3579//3579
f 3551//3551 3548//3548 3547//3547
f 3551//3551 3354//3354 3550//3550
f 3550//3550 3552//3552 3355//3355
f 3357//3357 3543//3543 3544//3544
f 3356//3356 3544//3544 3357//3357
f 3357//3357 3546//3546 3543//3543
f 3543//3543 3542//3542 3544//3544
f 3542//3542 3359//3359 3358//3358
f 3364//3364 3365//3365 3363//3363
f 3363//3363 3362//3362 3361//3361
f 3362//3362 3540//3540 3364//3364
f 3363//3363 3538//3538 3362//3362
f 3365//3365 3538//3538 3363//3363
f 3540//3540 3366//3366 3365//3365
f 3367//3367 3366//3366 3540//3540
f 3366//3366 3367//3367 3368//3368
f 3367//3367 3538//3538 3541//3541
f 3541//3541 3537//3537 3536//3536
f 3537//3537 3443//3443 3536//3536
f 3369//3369 3534//3534 3535//3535
f 3532//3532 3534//3534 3369//3369
f 3535//3535 3533//3533 3532//3532
f 3370//3370 3371//3371 3534//3534
f 3534//3534 3371//3371 3533//3533
f 3371//3371 3529//3529 3533//3533
f 3530//3530 3373//3373 3529//3529
f 3531//3531 3372//3372 3530//3530
f 3370//3370 3372//3372 3531//3531
f 3373//3373 3528//3528 3529//3529
f 3373//3373 3527//3527 3528//3528
f 3515//3515 3375//3375 3374//3374
f 3474//3474 3515//3515 3374//3374
f 3375//3375 3376//3376 3474//3474
f 3515//3515 3519//3519 3376//3376
f 3518//3518 3519//3519 3515//3515
f 3516//3516 3517//3517 3518//3518
f 3378//3378 3511//3511 3377//3377
f 3377//3377 3511//3511 3478//3478
f 3379//3379 3380//3380 3511//3511
f 3514//3514 3380//3380 3513//3513
f 3511//3511 3380//3380 3514//3514
f 3379//3379 3513//3513 3380//3380
f 3382//3382 3384//3384 3381//3381
f 3382//3382 3383//3383 3384//3384
f 3381//3381 3385//3385 3383//3383
f 3384//3384 3507//3507 3508//3508
f 3385//3385 3507//3507 3384//3384
f 3386//3386 3508//3508 3507//3507
f 3510//3510 3386//3386 3507//3507
f 3506//3506 3485//3485 3388//3388
f 3391//3391 3500//3500 3501//3501
f 3389//3389 3500//3500 3391//3391
f 3389//3389 3392//3392 3500//3500
f 3389//3389 3390//3390 3392//3392
f 3391//3391 3501//3501 3390//3390
f 3392//3392 3502//3502 3500//3500
f 3502//3502 3503//3503 3393//3393
f 3392//3392 3504//3504 3502//3502
f 3393//3393 3504//3504 3501//3501
f 3505//3505 3498//3498 3499//3499
f 3532//3532 3396//3396 3397//3397
f 3369//3369 3396//3396 3532//3532
f 3535//3535 3532//3532 3397//3397
f 3361//3361 3396//3396 3369//3369
f 3398//3398 3396//3396 3361//3361
f 3361//3361 3369//3369 3535//3535
f 3364//3364 3398//3398 3361//3361
f 3399//3399 3398//3398 3364//3364
f 3363//3363 3399//3399 3364//3364
f 3402//3402 3400//3400 3535//3535
f 3402//3402 3535//3535 3397//3397
f 3400//3400 3361//3361 3535//3535
f 3400//3400 3363//3363 3361//3361
f 3404//3404 3363//3363 3400//3400
f 3389//3389 3401//3401 3402//3402
f 3403//3403 3389//3389 3402//3402
f 3403//3403 3402//3402 3397//3397
f 3389//3389 3407//3407 3401//3401
f 3390//3390 3389//3389 3403//3403
f 3405//3405 3390//3390 3403//3403
f 3391//3391 3390//3390 3405//3405
f 3406//3406 3363//3363 3404//3404
f 3407//3407 3389//3389 3391//3391
f 3406//3406 3399//3399 3363//3363
f 3382//3382 3409//3409 3383//3383
f 3383//3383 3409//3409 3408//3408
f 3382//3382 3406//3406 3409//3409
f 3383//3383 3408//3408 3407//3407
f 3383//3383 3407//3407 3391//3391
f 3410//3410 3391//3391 3405//3405
f 3410//3410 3383//3383 3391//3391
f 3410//3410 3381//3381 3383//3383
f 3411//3411 3382//3382 3381//3381
f 3411//3411 3406//3406 3382//3382
f 3411//3411 3381//3381 3410//3410
f 3411//3411 3399//3399 3406//3406
f 3410//3410 3405//3405 3412//3412
f 3413//3413 3410//3410 3412//3412
f 3067//3067 3413//3413 3412//3412
f 3067//3067 3066//3066 3413//3413
f 3413//3413 3066//3066 3063//3063
f 3414//3414 3413//3413 3063//3063
f 3411//3411 3410//3410 3413//3413
f 3414//3414 3411//3411 3413//3413
f 3415//3415 3399//3399 3411//3411
f 3415//3415 3411//3411 3414//3414
f 3416//3416 3060//3060 3415//3415
f 3062//3062 3060//3060 3416//3416
f 3417//3417 3416//3416 3415//3415
f 3414//3414 3417//3417 3415//3415
f 3063//3063 3065//3065 3417//3417
f 3063//3063 3417//3417 3414//3414
f 3417//3417 3418//3418 3419//3419
f 3417//3417 3419//3419 3416//3416
f 3420//3420 3419//3419 3100//3100
f 3420//3420 3416//3416 3419//3419
f 3062//3062 3420//3420 3421//3421
f 3062//3062 3416//3416 3420//3420
f 3422//3422 3071//3071 3058//3058
f 3423//3423 3422//3422 3058//3058
f 3073//3073 3071//3071 3422//3422
f 3424//3424 3073//3073 3422//3422
f 3425//3425 3423//3423 3058//3058
f 3059//3059 3425//3425 3058//3058
f 3426//3426 3425//3425 3059//3059
f 3060//3060 3426//3426 3059//3059
f 3062//3062 3421//3421 3426//3426
f 3062//3062 3426//3426 3060//3060
f 3073//3073 3427//3427 3428//3428
f 3429//3429 3428//3428 3427//3427
f 3424//3424 3427//3427 3073//3073
f 3090//3090 3429//3429 3427//3427
f 3528//3528 3430//3430 3431//3431
f 3527//3527 3528//3528 3431//3431
f 3432//3432 3527//3527 3431//3431
f 3356//3356 3430//3430 3528//3528
f 3527//3527 3356//3356 3528//3528
f 3527//3527 3357//3357 3356//3356
f 3433//3433 3356//3356 3357//3357
f 3435//3435 3434//3434 3432//3432
f 3435//3435 3432//3432 3431//3431
f 3427//3427 3356//3356 3433//3433
f 3437//3437 3436//3436 3435//3435
f 3090//3090 3427//3427 3433//3433
f 3547//3547 3438//3438 3437//3437
f 3548//3548 3438//3438 3547//3547
f 3547//3547 3437//3437 3435//3435
f 3548//3548 3439//3439 3438//3438
f 3439//3439 3548//3548 3549//3549
f 3440//3440 3549//3549 3547//3547
f 3440//3440 3435//3435 3431//3431
f 3440//3440 3547//3547 3435//3435
f 3536//3536 3549//3549 3440//3440
f 3441//3441 3439//3439 3549//3549
f 3536//3536 3441//3441 3549//3549
f 3443//3443 3536//3536 3440//3440
f 3443//3443 3440//3440 3442//3442
f 3441//3441 3536//3536 3443//3443
f 3444//3444 3441//3441 3443//3443
f 3444//3444 3443//3443 3442//3442
f 3420//3420 3100//3100 3444//3444
f 3420//3420 3444//3444 3442//3442
f 3427//3427 3430//3430 3356//3356
f 3426//3426 3420//3420 3442//3442
f 3426//3426 3421//3421 3420//3420
f 3425//3425 3442//3442 3440//3440
f 3426//3426 3442//3442 3425//3425
f 3423//3423 3440//3440 3431//3431
f 3423//3423 3425//3425 3440//3440
f 3422//3422 3431//3431 3430//3430
f 3423//3423 3431//3431 3422//3422
f 3424//3424 3430//3430 3427//3427
f 3424//3424 3422//3422 3430//3430
f 3445//3445 3446//3446 3479//3479
f 3114//3114 3445//3445 3479//3479
f 3447//3447 3445//3445 3429//3429
f 3447//3447 3446//3446 3445//3445
f 3433//3433 3429//3429 3090//3090
f 3433//3433 3447//3447 3429//3429
f 3433//3433 3451//3451 3447//3447
f 3357//3357 3451//3451 3433//3433
f 3453//3453 3449//3449 3448//3448
f 3450//3450 3453//3453 3448//3448
f 3447//3447 3451//3451 3453//3453
f 3452//3452 3453//3453 3450//3450
f 3455//3455 3452//3452 3454//3454
f 3455//3455 3453//3453 3452//3452
f 3456//3456 3455//3455 3457//3457
f 3459//3459 3458//3458 3447//3447
f 3458//3458 3446//3446 3447//3447
f 3459//3459 3447//3447 3453//3453
f 3459//3459 3453//3453 3455//3455
f 3458//3458 3461//3461 3446//3446
f 3459//3459 3455//3455 3456//3456
f 3460//3460 3459//3459 3456//3456
f 3462//3462 3461//3461 3458//3458
f 3462//3462 3463//3463 3461//3461
f 3464//3464 3462//3462 3469//3469
f 3464//3464 3463//3463 3462//3462
f 3467//3467 3460//3460 3456//3456
f 3467//3467 3465//3465 3460//3460
f 3467//3467 3466//3466 3465//3465
f 3468//3468 3466//3466 3467//3467
f 3470//3470 3466//3466 3468//3468
f 3470//3470 3469//3469 3466//3466
f 3471//3471 3464//3464 3469//3469
f 3470//3470 3471//3471 3469//3469
f 3437//3437 3454//3454 3452//3452
f 3437//3437 3452//3452 3436//3436
f 3435//3435 3450//3450 3434//3434
f 3436//3436 3450//3450 3435//3435
f 3436//3436 3452//3452 3450//3450
f 3434//3434 3448//3448 3432//3432
f 3434//3434 3450//3450 3448//3448
f 3448//3448 3527//3527 3432//3432
f 3527//3527 3448//3448 3449//3449
f 3357//3357 3527//3527 3449//3449
f 3357//3357 3449//3449 3453//3453
f 3357//3357 3453//3453 3451//3451
f 3438//3438 3454//3454 3437//3437
f 3439//3439 3455//3455 3454//3454
f 3438//3438 3439//3439 3454//3454
f 3439//3439 3441//3441 3457//3457
f 3439//3439 3457//3457 3455//3455
f 3441//3441 3456//3456 3457//3457
f 3456//3456 3441//3441 3444//3444
f 3419//3419 3456//3456 3444//3444
f 3100//3100 3419//3419 3444//3444
f 3418//3418 3456//3456 3419//3419
f 3467//3467 3456//3456 3418//3418
f 3472//3472 3418//3418 3122//3122
f 3472//3472 3467//3467 3418//3418
f 3375//3375 3468//3468 3467//3467
f 3375//3375 3467//3467 3472//3472
f 3473//3473 3470//3470 3468//3468
f 3375//3375 3473//3473 3468//3468
f 3473//3473 3474//3474 3470//3470
f 3471//3471 3476//3476 3475//3475
f 3471//3471 3474//3474 3476//3476
f 3470//3470 3474//3474 3471//3471
f 3477//3477 3471//3471 3475//3475
f 3477//3477 3464//3464 3471//3471
f 3477//3477 3463//3463 3464//3464
f 3395//3395 3463//3463 3477//3477
f 3395//3395 3478//3478 3463//3463
f 3378//3378 3461//3461 3463//3463
f 3478//3478 3378//3378 3463//3463
f 3461//3461 3378//3378 3479//3479
f 3461//3461 3479//3479 3446//3446
f 3479//3479 3480//3480 3114//3114
f 3378//3378 3377//3377 3479//3479
f 3481//3481 3377//3377 3478//3478
f 3498//3498 3481//3481 3478//3478
f 3505//3505 3481//3481 3498//3498
f 3505//3505 3482//3482 3481//3481
f 3482//3482 3505//3505 3395//3395
f 3395//3395 3498//3498 3478//3478
f 3477//3477 3482//3482 3395//3395
f 3472//3472 3122//3122 3483//3483
f 3374//3374 3375//3375 3472//3472
f 3387//3387 3476//3476 3474//3474
f 3485//3485 3387//3387 3474//3474
f 3388//3388 3476//3476 3387//3387
f 3485//3485 3474//3474 3374//3374
f 3484//3484 3475//3475 3476//3476
f 3484//3484 3476//3476 3388//3388
f 3484//3484 3388//3388 3485//3485
f 3492//3492 3484//3484 3485//3485
f 3484//3484 3482//3482 3477//3477
f 3484//3484 3477//3477 3475//3475
f 3481//3481 3480//3480 3377//3377
f 3377//3377 3480//3480 3479//3479
f 3483//3483 3485//3485 3374//3374
f 3483//3483 3374//3374 3472//3472
f 3493//3493 3482//3482 3484//3484
f 3493//3493 3486//3486 3482//3482
f 3487//3487 3482//3482 3486//3486
f 3487//3487 3481//3481 3482//3482
f 3487//3487 3480//3480 3481//3481
f 3487//3487 3488//3488 3480//3480
f 3480//3480 3445//3445 3114//3114
f 3480//3480 3489//3489 3445//3445
f 3070//3070 3480//3480 3488//3488
f 3070//3070 3489//3489 3480//3480
f 3487//3487 3070//3070 3488//3488
f 3068//3068 3070//3070 3487//3487
f 3486//3486 3068//3068 3487//3487
f 3067//3067 3068//3068 3486//3486
f 3491//3491 3490//3490 3065//3065
f 3063//3063 3492//3492 3491//3491
f 3063//3063 3491//3491 3065//3065
f 3066//3066 3493//3493 3492//3492
f 3066//3066 3492//3492 3063//3063
f 3066//3066 3067//3067 3493//3493
f 3493//3493 3067//3067 3486//3486
f 3065//3065 3483//3483 3417//3417
f 3418//3418 3417//3417 3483//3483
f 3490//3490 3483//3483 3065//3065
f 3122//3122 3418//3418 3483//3483
f 3490//3490 3485//3485 3483//3483
f 3490//3490 3491//3491 3485//3485
f 3491//3491 3492//3492 3485//3485
f 3493//3493 3484//3484 3492//3492
f 3489//3489 3068//3068 3494//3494
f 3070//3070 3068//3068 3489//3489
f 3495//3495 3428//3428 3489//3489
f 3495//3495 3489//3489 3494//3494
f 3071//3071 3073//3073 3428//3428
f 3071//3071 3428//3428 3495//3495
f 3445//3445 3489//3489 3428//3428
f 3445//3445 3428//3428 3429//3429
f 3495//3495 3496//3496 3058//3058
f 3495//3495 3058//3058 3071//3071
f 3397//3397 3396//3396 3496//3496
f 3495//3495 3397//3397 3496//3496
f 3403//3403 3397//3397 3495//3495
f 3494//3494 3403//3403 3495//3495
f 3412//3412 3405//3405 3403//3403
f 3412//3412 3403//3403 3494//3494
f 3494//3494 3068//3068 3067//3067
f 3412//3412 3494//3494 3067//3067
f 3396//3396 3398//3398 3497//3497
f 3496//3496 3396//3396 3497//3497
f 3059//3059 3496//3496 3497//3497
f 3059//3059 3058//3058 3496//3496
f 3497//3497 3415//3415 3060//3060
f 3497//3497 3060//3060 3059//3059
f 3497//3497 3398//3398 3399//3399
f 3497//3497 3399//3399 3415//3415
f 3503//3503 3498//3498 3394//3394
f 3498//3498 3503//3503 3499//3499
f 3505//3505 3499//3499 3394//3394
f 3394//3394 3504//3504 3393//3393
f 3499//3499 3504//3504 3394//3394
f 3505//3505 3394//3394 3498//3498
f 3500//3500 3502//3502 3393//3393
f 3393//3393 3501//3501 3500//3500
f 3501//3501 3504//3504 3392//3392
f 3390//3390 3501//3501 3392//3392
f 3502//3502 3499//3499 3503//3503
f 3499//3499 3502//3502 3504//3504
f 3498//3498 3395//3395 3505//3505
f 3394//3394 3393//3393 3503//3503
f 3386//3386 3510//3510 3387//3387
f 3510//3510 3388//3388 3387//3387
f 3388//3388 3510//3510 3506//3506
f 3386//3386 3387//3387 3506//3506
f 3510//3510 3509//3509 3508//3508
f 3383//3383 3385//3385 3384//3384
f 3509//3509 3384//3384 3508//3508
f 3509//3509 3510//3510 3385//3385
f 3509//3509 3381//3381 3384//3384
f 3509//3509 3385//3385 3381//3381
f 3508//3508 3386//3386 3506//3506
f 3507//3507 3385//3385 3510//3510
f 3510//3510 3508//3508 3506//3506
f 3387//3387 3485//3485 3506//3506
f 3513//3513 3379//3379 3514//3514
f 3514//3514 3379//3379 3511//3511
f 3380//3380 3513//3513 3512//3512
f 3513//3513 3380//3380 3512//3512
f 3478//3478 3511//3511 3514//3514
f 3514//3514 3378//3378 3478//3478
f 3514//3514 3511//3511 3378//3378
f 3516//3516 3474//3474 3376//3376
f 3376//3376 3519//3519 3516//3516
f 3517//3517 3516//3516 3519//3519
f 3517//3517 3519//3519 3518//3518
f 3518//3518 3515//3515 3516//3516
f 3515//3515 3474//3474 3516//3516
f 3375//3375 3515//3515 3376//3376
f 3474//3474 3473//3473 3375//3375
f 3520//3520 3523//3523 3458//3458
f 3520//3520 3458//3458 3459//3459
f 3526//3526 3520//3520 3459//3459
f 3525//3525 3526//3526 3459//3459
f 3525//3525 3459//3459 3460//3460
f 3465//3465 3525//3525 3460//3460
f 3521//3521 3465//3465 3466//3466
f 3521//3521 3466//3466 3469//3469
f 3524//3524 3521//3521 3469//3469
f 3524//3524 3469//3469 3462//3462
f 3522//3522 3524//3524 3462//3462
f 3523//3523 3462//3462 3458//3458
f 3523//3523 3522//3522 3462//3462
f 3465//3465 3521//3521 3525//3525
f 3522//3522 3523//3523 3520//3520
f 3525//3525 3520//3520 3526//3526
f 3521//3521 3522//3522 3520//3520
f 3521//3521 3520//3520 3525//3525
f 3521//3521 3524//3524 3522//3522
f 3530//3530 3528//3528 3527//3527
f 3529//3529 3371//3371 3530//3530
f 3529//3529 3372//3372 3370//3370
f 3531//3531 3530//3530 3371//3371
f 3370//3370 3534//3534 3532//3532
f 3531//3531 3371//3371 3370//3370
f 3370//3370 3532//3532 3533//3533
f 3533//3533 3535//3535 3534//3534
f 3370//3370 3533//3533 3529//3529
f 3372//3372 3529//3529 3528//3528
f 3372//3372 3528//3528 3530//3530
f 3530//3530 3527//3527 3373//3373
f 3541//3541 3536//3536 3539//3539
f 3368//3368 3539//3539 3537//3537
f 3368//3368 3367//3367 3539//3539
f 3368//3368 3537//3537 3538//3538
f 3539//3539 3367//3367 3541//3541
f 3361//3361 3362//3362 3364//3364
f 3540//3540 3362//3362 3367//3367
f 3538//3538 3367//3367 3362//3362
f 3538//3538 3365//3365 3368//3368
f 3366//3366 3368//3368 3365//3365
f 3540//3540 3365//3365 3364//3364
f 3541//3541 3538//3538 3537//3537
f 3443//3443 3537//3537 3539//3539
f 3536//3536 3443//3443 3539//3539
f 3356//3356 3357//3357 3544//3544
f 3546//3546 3357//3357 3544//3544
f 3543//3543 3546//3546 3358//3358
f 3543//3543 3358//3358 3360//3360
f 3545//3545 3358//3358 3359//3359
f 3545//3545 3360//3360 3358//3358
f 3542//3542 3360//3360 3359//3359
f 3542//3542 3543//3543 3360//3360
f 3358//3358 3546//3546 3542//3542
f 3545//3545 3359//3359 3360//3360
f 3542//3542 3546//3546 3544//3544
f 3354//3354 3551//3551 3549//3549
f 3549//3549 3548//3548 3354//3354
f 3551//3551 3547//3547 3549//3549
f 3355//3355 3354//3354 3550//3550
f 3552//3552 3550//3550 3354//3354
f 3354//3354 3355//3355 3552//3552
f 3548//3548 3551//3551 3550//3550
f 3354//3354 3548//3548 3550//3550
f 3406//3406 3553//3553 3560//3560
f 3404//3404 3553//3553 3406//3406
f 3404//3404 3554//3554 3553//3553
f 3400//3400 3554//3554 3404//3404
f 3400//3400 3555//3555 3554//3554
f 3400//3400 3556//3556 3555//3555
f 3402//3402 3556//3556 3400//3400
f 3401//3401 3556//3556 3402//3402
f 3401//3401 3557//3557 3556//3556
f 3407//3407 3557//3557 3401//3401
f 3407//3407 3558//3558 3557//3557
f 3408//3408 3558//3558 3407//3407
f 3408//3408 3559//3559 3558//3558
f 3409//3409 3559//3559 3408//3408
f 3409//3409 3560//3560 3559//3559
f 3406//3406 3560//3560 3409//3409
f 3561//3561 3553//3553 3554//3554
f 3562//3562 3553//3553 3561//3561
f 3562//3562 3560//3560 3553//3553
f 3567//3567 3561//3561 3554//3554
f 3567//3567 3554//3554 3555//3555
f 3566//3566 3560//3560 3562//3562
f 3568//3568 3567//3567 3555//3555
f 3566//3566 3559//3559 3560//3560
f 3556//3556 3568//3568 3555//3555
f 3559//3559 3566//3566 3563//3563
f 3556//3556 3565//3565 3568//3568
f 3558//3558 3559//3559 3563//3563
f 3558//3558 3563//3563 3564//3564
f 3557//3557 3565//3565 3556//3556
f 3557//3557 3558//3558 3564//3564
f 3557//3557 3564//3564 3565//3565
f 3569//3569 3568//3568 3565//3565
f 3570//3570 3569//3569 3565//3565
f 3564//3564 3570//3570 3565//3565
f 3562//3562 3561//3561 3571//3571
f 3564//3564 3572//3572 3570//3570
f 3563//3563 3572//3572 3564//3564
f 3562//3562 3571//3571 3566//3566
f 3563//3563 3566//3566 3572//3572
f 3573//3573 3576//3576 3571//3571
f 3573//3573 3571//3571 3561//3561
f 3574//3574 3573//3573 3561//3561
f 3574//3574 3561//3561 3567//3567
f 3574//3574 3567//3567 3568//3568
f 3348//3348 3574//3574 3568//3568
f 3575//3575 3568//3568 3569//3569
f 3575//3575 3348//3348 3568//3568
f 3575//3575 3569//3569 3570//3570
f 3577//3577 3575//3575 3570//3570
f 3577//3577 3570//3570 3572//3572
f 3576//3576 3577//3577 3572//3572
f 3576//3576 3572//3572 3566//3566
f 3576//3576 3566//3566 3571//3571
f 3348//3348 3578//3578 3573//3573
f 3348//3348 3573//3573 3574//3574
f 3578//3578 3576//3576 3573//3573
f 3577//3577 3576//3576 3578//3578
f 3575//3575 3350//3350 3348//3348
f 3577//3577 3578//3578 3350//3350
f 3577//3577 3350//3350 3575//3575
f 3350//3350 3349//3349 3348//3348
f 3349//3349 3578//3578 3348//3348
f 3580//3580 3353//3353 3349//3349
f 3580//3580 3349//3349 3352//3352
f 3580//3580 3352//3352 3581//3581
f 3579//3579 3581//3581 3351//3351
f 3353//3353 3579//3579 3351//3351
f 3579//3579 3353//3353 3580//3580
f 3351//3351 3352//3352 3578//3578
f 3351//3351 3578//3578 3349//3349
f 3353//3353 3351//3351 3349//3349
f 3581//3581 3582//3582 3580//3580
f 3579//3579 3582//3582 3581//3581
f 3591//3591 3590//3590 3587//3587
f 3591//3591 3587//3587 3585//3585
f 3591//3591 3585//3585 3583//3583
f 3591//3591 3583//3583 3584//3584
f 3593//3593 3591//3591 3584//3584
f 3593//3593 3584//3584 3586//3586
f 3592//3592 3593//3593 3586//3586
f 3592//3592 3586//3586 3588//3588
f 3592//3592 3588//3588 3589//3589
f 3590//3590 3592//3592 3589//3589
f 3590//3590 3589//3589 3587//3587
f 3590//3590 3591//3591 3593//3593
f 3593//3593 3592//3592 3590//3590
f 3585//3585 3600//3600 3594//3594
f 3583//3583 3585//3585 3594//3594
f 3583//3583 3594//3594 3595//3595
f 3584//3584 3583//3583 3595//3595
f 3584//3584 3595//3595 3596//3596
f 3586//3586 3584//3584 3596//3596
f 3588//3588 3596//3596 3597//3597
f 3588//3588 3586//3586 3596//3596
f 3589//3589 3588//3588 3597//3597
f 3589//3589 3597//3597 3598//3598
f 3587//3587 3598//3598 3599//3599
f 3587//3587 3589//3589 3598//3598
f 3587//3587 3599//3599 3600//3600
f 3585//3585 3587//3587 3600//3600
f 3595//3595 3602//3602 3596//3596
f 3595//3595 3605//3605 3602//3602
f 3597//3597 3596//3596 3602//3602
f 3597//3597 3602//3602 3603//3603
f 3594//3594 3605//3605 3595//3595
f 3603//3603 3598//3598 3597//3597
f 3601//3601 3605//3605 3594//3594
f 3604//3604 3598//3598 3603//3603
f 3604//3604 3599//3599 3598//3598
f 3601//3601 3594//3594 3600//3600
f 3601//3601 3599//3599 3604//3604
f 3601//3601 3600//3600 3599//3599
f 3607//3607 3601//3601 3604//3604
f 3604//3604 3609//3609 3607//3607
f 3601//3601 3607//3607 3605//3605
f 3602//3602 3605//3605 3606//3606
f 3602//3602 3606//3606 3608//3608
f 3603//3603 3602//3602 3608//3608
f 3603//3603 3608//3608 3609//3609
f 3604//3604 3603//3603 3609//3609
f 3606//3606 3605//3605 3607//3607
f 3610//3610 3609//3609 3608//3608
f 3608//3608 3606//3606 3610//3610
f 3610//3610 3607//3607 3609//3609
f 3607//3607 3610//3610 3606//3606
f 3611//3611 3612//3612 3613//3613
f 3613//3613 3612//3612 3614//3614
f 3611//3611 3617//3617 3612//3612
f 3615//3615 3613//3613 3614//3614
f 3615//3615 3614//3614 3616//3616
f 3619//3619 3615//3615 3616//3616
f 3616//3616 3620//3620 3619//3619
f 3624//3624 3620//3620 3616//3616
f 3623//3623 3624//3624 3616//3616
f 3623//3623 3616//3616 3614//3614
f 3623//3623 3614//3614 3612//3612
f 3622//3622 3623//3623 3612//3612
f 3622//3622 3612//3612 3617//3617
f 3625//3625 3617//3617 3618//3618
f 3625//3625 3622//3622 3617//3617
f 3625//3625 3618//3618 3621//3621
f 3624//3624 3625//3625 3621//3621
f 3624//3624 3621//3621 3620//3620
f 3625//3625 3623//3623 3622//3622
f 3625//3625 3624//3624 3623//3623
f 3615//3615 3631//3631 3626//3626
f 3613//3613 3615//3615 3626//3626
f 3611//3611 3613//3613 3626//3626
f 3611//3611 3626//3626 3627//3627
f 3617//3617 3611//3611 3627//3627
f 3618//3618 3617//3617 3627//3627
f 3618//3618 3627//3627 3628//3628
f 3621//3621 3618//3618 3628//3628
f 3621//3621 3628//3628 3629//3629
f 3621//3621 3629//3629 3630//3630
f 3620//3620 3621//3621 3630//3630
f 3619//3619 3630//3630 3631//3631
f 3619//3619 3620//3620 3630//3630
f 3615//3615 3619//3619 3631//3631
f 3628//3628 3635//3635 3632//3632
f 3627//3627 3635//3635 3628//3628
f 3628//3628 3632//3632 3637//3637
f 3629//3629 3628//3628 3637//3637
f 3627//3627 3634//3634 3635//3635
f 3626//3626 3634//3634 3627//3627
f 3637//3637 3630//3630 3629//3629
f 3633//3633 3634//3634 3626//3626
f 3633//3633 3626//3626 3631//3631
f 3633//3633 3630//3630 3637//3637
f 3633//3633 3631//3631 3630//3630
f 3637//3637 3632//3632 3636//3636
f 3633//3633 3637//3637 3636//3636
f 3638//3638 3635//3635 3634//3634
f 3636//3636 3635//3635 3638//3638
f 3636//3636 3632//3632 3635//3635
f 3638//3638 3639//3639 3636//3636
f 3638//3638 3634//3634 3639//3639
f 3634//3634 3633//3633 3636//3636
f 3634//3634 3636//3636 3639//3639
f 3642//3642 3645//3645 3641//3641
f 3645//3645 3642//3642 3646//3646
f 3649//3649 3645//3645 3646//3646
f 3649//3649 3646//3646 3648//3648
f 3649//3649 3648//3648 3647//3647
f 3650//3650 3654//3654 3647//3647
f 3650//3650 3647//3647 3644//3644
f 3650//3650 3644//3644 3643//3643
f 3651//3651 3650//3650 3643//3643
f 3651//3651 3643//3643 3640//3640
f 3652//3652 3640//3640 3641//3641
f 3652//3652 3651//3651 3640//3640
f 3652//3652 3641//3641 3645//3645
f 3653//3653 3652//3652 3645//3645
f 3653//3653 3645//3645 3649//3649
f 3654//3654 3653//3653 3649//3649
f 3654//3654 3649//3649 3647//3647
f 3654//3654 3650//3650 3651//3651
f 3653//3653 3651//3651 3652//3652
f 3653//3653 3654//3654 3651//3651
f 3640//3640 3643//3643 3655//3655
f 3640//3640 3655//3655 3656//3656
f 3641//3641 3640//3640 3656//3656
f 3641//3641 3656//3656 3657//3657
f 3642//3642 3641//3641 3657//3657
f 3642//3642 3657//3657 3658//3658
f 3646//3646 3642//3642 3658//3658
f 3648//3648 3646//3646 3658//3658
f 3648//3648 3658//3658 3659//3659
f 3648//3648 3659//3659 3660//3660
f 3647//3647 3648//3648 3660//3660
f 3644//3644 3647//3647 3660//3660
f 3644//3644 3660//3660 3661//3661
f 3643//3643 3644//3644 3661//3661
f 3643//3643 3661//3661 3655//3655
f 3658//3658 3657//3657 3662//3662
f 3657//3657 3666//3666 3662//3662
f 3656//3656 3666//3666 3657//3657
f 3659//3659 3662//3662 3663//3663
f 3659//3659 3658//3658 3662//3662
f 3660//3660 3659//3659 3663//3663
f 3666//3666 3656//3656 3655//3655
f 3665//3665 3666//3666 3655//3655
f 3664//3664 3660//3660 3663//3663
f 3664//3664 3661//3661 3660//3660
f 3665//3665 3655//3655 3661//3661
f 3665//3665 3661//3661 3664//3664
f 3662//3662 3666//3666 3669//3669
f 3664//3664 3663//3663 3665//3665
f 3669//3669 3666//3666 3668//3668
f 3662//3662 3669//3669 3663//3663
f 3668//3668 3666//3666 3665//3665
f 3667//3667 3669//3669 3668//3668
f 3663//3663 3667//3667 3665//3665
f 3669//3669 3667//3667 3663//3663
f 3668//3668 3665//3665 3667//3667
f 3677//3677 3679//3679 3676//3676
f 3677//3677 3676//3676 3673//3673
f 3677//3677 3673//3673 3670//3670
f 3678//3678 3677//3677 3670//3670
f 3678//3678 3670//3670 3671//3671
f 3678//3678 3671//3671 3672//3672
f 3680//3680 3678//3678 3672//3672
f 3680//3680 3672//3672 3674//3674
f 3680//3680 3674//3674 3675//3675
f 3679//3679 3680//3680 3675//3675
f 3679//3679 3675//3675 3676//3676
f 3680//3680 3679//3679 3677//3677
f 3680//3680 3677//3677 3678//3678
f 3670//3670 3681//3681 3682//3682
f 3670//3670 3673//3673 3681//3681
f 3671//3671 3670//3670 3682//3682
f 3672//3672 3682//3682 3683//3683
f 3672//3672 3671//3671 3682//3682
f 3674//3674 3672//3672 3683//3683
f 3674//3674 3683//3683 3684//3684
f 3675//3675 3674//3674 3684//3684
f 3676//3676 3675//3675 3684//3684
f 3676//3676 3684//3684 3685//3685
f 3673//3673 3676//3676 3685//3685
f 3673//3673 3685//3685 3681//3681
f 3683//3683 3686//3686 3687//3687
f 3682//3682 3686//3686 3683//3683
f 3684//3684 3683//3683 3687//3687
f 3684//3684 3687//3687 3691//3691
f 3682//3682 3688//3688 3686//3686
f 3690//3690 3684//3684 3691//3691
f 3690//3690 3685//3685 3684//3684
f 3688//3688 3682//3682 3681//3681
f 3690//3690 3681//3681 3685//3685
f 3688//3688 3681//3681 3690//3690
f 3688//3688 3690//3690 3692//3692
f 3687//3687 3686//3686 3689//3689
f 3687//3687 3689//3689 3691//3691
f 3689//3689 3686//3686 3688//3688
f 3690//3690 3691//3691 3692//3692
f 3691//3691 3689//3689 3692//3692
f 3689//3689 3688//3688 3692//3692
f 3706//3706 3702//3702 3697//3697
f 3712//3712 3711//3711 3699//3699
f 3708//3708 3700//3700 3703//3703
f 3707//3707 3701//3701 3704//3704
f 3707//3707 3712//3712 3701//3701
f 3706//3706 3698//3698 3711//3711
f 3708//3708 3702//3702 3706//3706
f 3710//3710 3706//3706 3711//3711
f 3708//3708 3703//3703 3702//3702
f 3710//3710 3711//3711 3712//3712
f 3715//3715 3707//3707 3709//3709
f 3710//3710 3712//3712 3707//3707
f 3720//3720 3713//3713 3705//3705
f 3710//3710 3707//3707 3715//3715
f 3720//3720 3705//3705 3708//3708
f 3722//3722 3715//3715 3714//3714
f 3717//3717 3715//3715 3722//3722
f 3717//3717 3710//3710 3715//3715
f 3719//3719 3716//3716 3721//3721
f 3728//3728 3719//3719 3721//3721
f 3728//3728 3721//3721 3720//3720
f 3717//3717 3722//3722 3718//3718
f 3728//3728 3723//3723 3719//3719
f 3728//3728 3724//3724 3723//3723
f 3717//3717 3725//3725 3726//3726
f 3730//3730 3724//3724 3728//3728
f 3732//3732 3726//3726 3727//3727
f 3729//3729 3717//3717 3726//3726
f 3735//3735 3730//3730 3728//3728
f 3732//3732 3729//3729 3726//3726
f 3735//3735 3731//3731 3730//3730
f 3734//3734 3732//3732 3733//3733
f 3734//3734 3729//3729 3732//3732
f 3738//3738 3729//3729 3734//3734
f 3741//3741 3738//3738 3736//3736
f 3741//3741 3729//3729 3738//3738
f 3742//3742 3729//3729 3741//3741
f 3740//3740 3739//3739 3737//3737
f 3740//3740 3737//3737 3735//3735
f 3743//3743 3742//3742 3741//3741
f 3743//3743 3741//3741 3744//3744
f 3748//3748 3745//3745 3740//3740
f 3750//3750 3748//3748 3740//3740
f 3747//3747 3742//3742 3746//3746
f 3750//3750 3749//3749 3748//3748
f 3751//3751 3755//3755 3747//3747
f 3755//3755 3754//3754 3747//3747
f 3756//3756 3753//3753 3750//3750
f 3756//3756 3750//3750 3752//3752
f 3758//3758 3765//3765 3754//3754
f 3758//3758 3754//3754 3757//3757
f 3758//3758 3757//3757 3759//3759
f 3761//3761 3752//3752 3763//3763
f 3761//3761 3760//3760 3752//3752
f 3762//3762 3760//3760 3761//3761
f 3767//3767 3765//3765 3758//3758
f 3766//3766 3764//3764 3765//3765
f 3769//3769 3763//3763 3764//3764
f 3773//3773 3763//3763 3769//3769
f 3768//3768 3764//3764 3766//3766
f 3768//3768 3769//3769 3764//3764
f 3771//3771 3766//3766 3765//3765
f 3763//3763 3770//3770 3761//3761
f 3772//3772 3769//3769 3768//3768
f 3774//3774 3768//3768 3766//3766
f 3860//3860 3859//3859 3782//3782
f 3784//3784 3792//3792 3776//3776
f 3786//3786 3856//3856 3785//3785
f 3795//3795 3777//3777 3792//3792
f 3788//3788 3860//3860 3782//3782
f 3778//3778 3784//3784 3775//3775
f 3860//3860 3787//3787 3857//3857
f 3797//3797 3779//3779 3780//3780
f 3810//3810 3790//3790 3794//3794
f 3812//3812 3793//3793 3810//3810
f 3810//3810 3794//3794 3795//3795
f 3798//3798 3797//3797 3791//3791
f 3814//3814 3798//3798 3796//3796
f 3802//3802 3799//3799 3812//3812
f 3803//3803 3814//3814 3800//3800
f 3808//3808 3803//3803 3804//3804
f 3811//3811 3784//3784 3778//3778
f 3811//3811 3792//3792 3784//3784
f 3809//3809 3792//3792 3811//3811
f 3811//3811 3778//3778 3779//3779
f 3809//3809 3795//3795 3792//3792
f 3818//3818 3808//3808 3806//3806
f 3811//3811 3779//3779 3797//3797
f 3809//3809 3810//3810 3795//3795
f 3811//3811 3797//3797 3798//3798
f 3809//3809 3812//3812 3810//3810
f 3811//3811 3798//3798 3814//3814
f 3809//3809 3802//3802 3812//3812
f 3815//3815 3811//3811 3814//3814
f 3815//3815 3814//3814 3803//3803
f 3823//3823 3802//3802 3809//3809
f 3823//3823 3801//3801 3802//3802
f 3823//3823 3807//3807 3801//3801
f 3815//3815 3803//3803 3808//3808
f 3817//3817 3818//3818 3816//3816
f 3823//3823 3805//3805 3807//3807
f 3815//3815 3808//3808 3818//3818
f 3821//3821 3819//3819 3820//3820
f 3825//3825 3821//3821 3820//3820
f 3815//3815 3818//3818 3817//3817
f 3823//3823 3820//3820 3805//3805
f 3823//3823 3825//3825 3820//3820
f 3851//3851 3825//3825 3823//3823
f 3822//3822 3815//3815 3817//3817
f 3828//3828 3824//3824 3825//3825
f 3828//3828 3825//3825 3851//3851
f 3831//3831 3822//3822 3826//3826
f 3831//3831 3815//3815 3822//3822
f 3834//3834 3827//3827 3829//3829
f 3834//3834 3829//3829 3828//3828
f 3834//3834 3828//3828 3851//3851
f 3832//3832 3831//3831 3830//3830
f 3832//3832 3815//3815 3831//3831
f 3832//3832 3833//3833 3815//3815
f 3836//3836 3833//3833 3832//3832
f 3838//3838 3835//3835 3834//3834
f 3838//3838 3834//3834 3851//3851
f 3839//3839 3838//3838 3851//3851
f 3839//3839 3840//3840 3838//3838
f 3841//3841 3844//3844 3836//3836
f 3844//3844 3833//3833 3836//3836
f 3842//3842 3839//3839 3843//3843
f 3843//3843 3839//3839 3851//3851
f 3847//3847 3833//3833 3844//3844
f 3847//3847 3845//3845 3833//3833
f 3848//3848 3843//3843 3851//3851
f 3848//3848 3846//3846 3843//3843
f 3849//3849 3850//3850 3847//3847
f 3850//3850 3845//3845 3847//3847
f 3854//3854 3848//3848 3851//3851
f 3855//3855 3845//3845 3850//3850
f 3854//3854 3853//3853 3848//3848
f 3855//3855 3850//3850 3858//3858
f 3852//3852 3854//3854 3851//3851
f 3852//3852 3851//3851 3859//3859
f 3856//3856 3845//3845 3855//3855
f 3857//3857 3852//3852 3859//3859
f 3782//3782 3845//3845 3856//3856
f 3782//3782 3859//3859 3845//3845
f 3857//3857 3783//3783 3852//3852
f 3856//3856 3855//3855 3785//3785
f 3782//3782 3856//3856 3789//3789
f 3860//3860 3857//3857 3859//3859
f 3781//3781 3854//3854 3852//3852
f 3780//3780 3700//3700 3708//3708
f 3797//3797 3780//3780 3708//3708
f 3780//3780 3779//3779 3703//3703
f 3780//3780 3703//3703 3700//3700
f 3791//3791 3708//3708 3705//3705
f 3791//3791 3797//3797 3708//3708
f 3798//3798 3791//3791 3705//3705
f 3798//3798 3705//3705 3713//3713
f 3796//3796 3798//3798 3713//3713
f 3796//3796 3713//3713 3720//3720
f 3796//3796 3720//3720 3814//3814
f 3814//3814 3720//3720 3721//3721
f 3814//3814 3721//3721 3716//3716
f 3800//3800 3814//3814 3716//3716
f 3803//3803 3716//3716 3719//3719
f 3803//3803 3800//3800 3716//3716
f 3804//3804 3719//3719 3723//3723
f 3804//3804 3803//3803 3719//3719
f 3808//3808 3804//3804 3723//3723
f 3808//3808 3723//3723 3724//3724
f 3806//3806 3808//3808 3724//3724
f 3806//3806 3724//3724 3730//3730
f 3818//3818 3806//3806 3730//3730
f 3816//3816 3818//3818 3730//3730
f 3816//3816 3730//3730 3731//3731
f 3817//3817 3816//3816 3731//3731
f 3817//3817 3731//3731 3735//3735
f 3817//3817 3735//3735 3737//3737
f 3822//3822 3817//3817 3737//3737
f 3826//3826 3737//3737 3739//3739
f 3826//3826 3822//3822 3737//3737
f 3826//3826 3739//3739 3740//3740
f 3826//3826 3740//3740 3831//3831
f 3831//3831 3740//3740 3745//3745
f 3830//3830 3831//3831 3745//3745
f 3832//3832 3830//3830 3745//3745
f 3832//3832 3745//3745 3748//3748
f 3832//3832 3748//3748 3836//3836
f 3837//3837 3748//3748 3749//3749
f 3837//3837 3836//3836 3748//3748
f 3837//3837 3749//3749 3750//3750
f 3836//3836 3837//3837 3750//3750
f 3836//3836 3750//3750 3753//3753
f 3841//3841 3836//3836 3753//3753
f 3844//3844 3841//3841 3753//3753
f 3844//3844 3753//3753 3756//3756
f 3847//3847 3756//3756 3752//3752
f 3847//3847 3844//3844 3756//3756
f 3849//3849 3752//3752 3760//3760
f 3849//3849 3847//3847 3752//3752
f 3849//3849 3760//3760 3850//3850
f 3850//3850 3760//3760 3762//3762
f 3858//3858 3850//3850 3762//3762
f 3855//3855 3858//3858 3762//3762
f 3855//3855 3762//3762 3761//3761
f 3785//3785 3855//3855 3761//3761
f 3785//3785 3761//3761 3770//3770
f 3786//3786 3785//3785 3770//3770
f 3786//3786 3770//3770 3763//3763
f 3856//3856 3786//3786 3763//3763
f 3856//3856 3763//3763 3789//3789
f 3789//3789 3763//3763 3773//3773
f 3789//3789 3773//3773 3769//3769
f 3789//3789 3769//3769 3782//3782
f 3788//3788 3769//3769 3772//3772
f 3788//3788 3782//3782 3769//3769
f 3788//3788 3772//3772 3768//3768
f 3860//3860 3788//3788 3768//3768
f 3860//3860 3768//3768 3774//3774
f 3787//3787 3860//3860 3774//3774
f 3787//3787 3774//3774 3766//3766
f 3857//3857 3787//3787 3766//3766
f 3783//3783 3857//3857 3766//3766
f 3783//3783 3766//3766 3771//3771
f 3783//3783 3771//3771 3765//3765
f 3852//3852 3783//3783 3765//3765
f 3852//3852 3765//3765 3767//3767
f 3781//3781 3852//3852 3767//3767
f 3854//3854 3781//3781 3767//3767
f 3854//3854 3767//3767 3758//3758
f 3853//3853 3758//3758 3759//3759
f 3853//3853 3854//3854 3758//3758
f 3848//3848 3853//3853 3759//3759
f 3848//3848 3759//3759 3757//3757
f 3846//3846 3848//3848 3757//3757
f 3843//3843 3846//3846 3757//3757
f 3843//3843 3757//3757 3754//3754
f 3843//3843 3754//3754 3842//3842
f 3842//3842 3754//3754 3755//3755
f 3839//3839 3842//3842 3755//3755
f 3839//3839 3755//3755 3751//3751
f 3840//3840 3839//3839 3751//3751
f 3840//3840 3751//3751 3747//3747
f 3838//3838 3840//3840 3747//3747
f 3838//3838 3747//3747 3746//3746
f 3835//3835 3838//3838 3746//3746
f 3834//3834 3835//3835 3746//3746
f 3834//3834 3746//3746 3742//3742
f 3834//3834 3742//3742 3743//3743
f 3827//3827 3834//3834 3743//3743
f 3829//3829 3743//3743 3744//3744
f 3829//3829 3827//3827 3743//3743
f 3828//3828 3829//3829 3744//3744
f 3828//3828 3744//3744 3741//3741
f 3828//3828 3741//3741 3736//3736
f 3824//3824 3828//3828 3736//3736
f 3824//3824 3736//3736 3738//3738
f 3825//3825 3824//3824 3738//3738
f 3825//3825 3738//3738 3734//3734
f 3825//3825 3734//3734 3821//3821
f 3819//3819 3821//3821 3734//3734
f 3819//3819 3734//3734 3733//3733
f 3820//3820 3819//3819 3733//3733
f 3820//3820 3733//3733 3732//3732
f 3820//3820 3732//3732 3805//3805
f 3813//3813 3805//3805 3732//3732
f 3813//3813 3732//3732 3727//3727
f 3813//3813 3727//3727 3726//3726
f 3805//3805 3813//3813 3726//3726
f 3805//3805 3726//3726 3725//3725
f 3807//3807 3805//3805 3725//3725
f 3807//3807 3725//3725 3717//3717
f 3807//3807 3717//3717 3718//3718
f 3807//3807 3718//3718 3801//3801
f 3802//3802 3718//3718 3722//3722
f 3802//3802 3801//3801 3718//3718
f 3802//3802 3722//3722 3714//3714
f 3799//3799 3802//3802 3714//3714
f 3812//3812 3714//3714 3715//3715
f 3812//3812 3799//3799 3714//3714
f 3812//3812 3715//3715 3709//3709
f 3793//3793 3812//3812 3709//3709
f 3810//3810 3793//3793 3709//3709
f 3810//3810 3709//3709 3707//3707
f 3790//3790 3707//3707 3704//3704
f 3790//3790 3810//3810 3707//3707
f 3790//3790 3704//3704 3701//3701
f 3794//3794 3790//3790 3701//3701
f 3794//3794 3701//3701 3712//3712
f 3794//3794 3712//3712 3795//3795
f 3777//3777 3712//3712 3699//3699
f 3777//3777 3795//3795 3712//3712
f 3777//3777 3699//3699 3711//3711
f 3792//3792 3777//3777 3711//3711
f 3792//3792 3711//3711 3698//3698
f 3776//3776 3792//3792 3698//3698
f 3784//3784 3776//3776 3698//3698
f 3784//3784 3698//3698 3706//3706
f 3784//3784 3706//3706 3775//3775
f 3775//3775 3706//3706 3697//3697
f 3775//3775 3697//3697 3702//3702
f 3778//3778 3775//3775 3702//3702
f 3778//3778 3702//3702 3703//3703
f 3779//3779 3778//3778 3703//3703
f 3861//3861 3870//3870 3833//3833
f 3861//3861 3833//3833 3845//3845
f 3862//3862 3861//3861 3845//3845
f 3862//3862 3845//3845 3859//3859
f 3862//3862 3859//3859 3851//3851
f 3863//3863 3862//3862 3851//3851
f 3863//3863 3851//3851 3823//3823
f 3864//3864 3863//3863 3823//3823
f 3864//3864 3823//3823 3809//3809
f 3865//3865 3864//3864 3809//3809
f 3865//3865 3809//3809 3811//3811
f 3866//3866 3865//3865 3811//3811
f 3867//3867 3811//3811 3815//3815
f 3867//3867 3866//3866 3811//3811
f 3870//3870 3867//3867 3815//3815
f 3870//3870 3815//3815 3833//3833
f 3868//3868 3862//3862 3869//3869
f 3868//3868 3861//3861 3862//3862
f 3871//3871 3869//3869 3862//3862
f 3871//3871 3862//3862 3863//3863
f 3868//3868 3870//3870 3861//3861
f 3872//3872 3867//3867 3870//3870
f 3863//3863 3873//3873 3871//3871
f 3864//3864 3873//3873 3863//3863
f 3867//3867 3872//3872 3866//3866
f 3864//3864 3874//3874 3873//3873
f 3865//3865 3874//3874 3864//3864
f 3865//3865 3866//3866 3874//3874
f 3926//3926 3927//3927 3868//3868
f 3875//3875 3926//3926 3868//3868
f 3875//3875 3868//3868 3869//3869
f 3925//3925 3875//3875 3869//3869
f 3924//3924 3925//3925 3869//3869
f 3877//3877 3924//3924 3869//3869
f 3877//3877 3869//3869 3871//3871
f 3879//3879 3877//3877 3871//3871
f 3923//3923 3879//3879 3871//3871
f 3923//3923 3871//3871 3873//3873
f 3922//3922 3923//3923 3873//3873
f 3880//3880 3922//3922 3873//3873
f 3880//3880 3873//3873 3874//3874
f 3897//3897 3880//3880 3874//3874
f 3883//3883 3897//3897 3874//3874
f 3883//3883 3874//3874 3866//3866
f 3896//3896 3883//3883 3866//3866
f 3884//3884 3896//3896 3866//3866
f 3884//3884 3866//3866 3872//3872
f 3886//3886 3884//3884 3872//3872
f 3928//3928 3886//3886 3872//3872
f 3927//3927 3928//3928 3872//3872
f 3927//3927 3872//3872 3870//3870
f 3927//3927 3870//3870 3868//3868
f 3889//3889 3884//3884 3886//3886
f 3890//3890 3881//3881 3882//3882
f 3876//3876 3925//3925 3888//3888
f 3890//3890 3880//3880 3881//3881
f 3889//3889 3886//3886 3885//3885
f 3895//3895 3884//3884 3889//3889
f 3895//3895 3896//3896 3884//3884
f 3894//3894 3896//3896 3895//3895
f 3894//3894 3883//3883 3896//3896
f 3882//3882 3883//3883 3894//3894
f 3882//3882 3897//3897 3883//3883
f 3893//3893 3927//3927 3926//3926
f 3893//3893 3926//3926 3892//3892
f 3920//3920 3876//3876 3888//3888
f 3898//3898 3876//3876 3920//3920
f 3898//3898 3892//3892 3876//3876
f 3920//3920 3888//3888 3878//3878
f 3898//3898 3893//3893 3892//3892
f 3920//3920 3878//3878 3891//3891
f 3920//3920 3891//3891 3887//3887
f 3885//3885 3893//3893 3898//3898
f 3890//3890 3920//3920 3887//3887
f 3889//3889 3885//3885 3898//3898
f 3882//3882 3920//3920 3890//3890
f 3895//3895 3889//3889 3898//3898
f 3882//3882 3901//3901 3920//3920
f 3895//3895 3898//3898 3901//3901
f 3894//3894 3895//3895 3901//3901
f 3894//3894 3901//3901 3882//3882
f 3921//3921 3899//3899 3901//3901
f 3899//3899 3921//3921 3694//3694
f 3694//3694 3921//3921 3906//3906
f 3918//3918 3900//3900 3919//3919
f 3920//3920 3901//3901 3900//3900
f 3919//3919 3900//3900 3899//3899
f 3903//3903 3904//3904 3913//3913
f 3693//3693 3904//3904 3905//3905
f 3694//3694 3903//3903 3693//3693
f 3903//3903 3694//3694 3905//3905
f 3905//3905 3694//3694 3902//3902
f 3693//3693 3902//3902 3899//3899
f 3694//3694 3693//3693 3899//3899
f 3910//3910 3911//3911 3904//3904
f 3910//3910 3904//3904 3903//3903
f 3693//3693 3905//3905 3902//3902
f 3906//3906 3902//3902 3694//3694
f 3903//3903 3904//3904 3693//3693
f 3903//3903 3905//3905 3904//3904
f 3916//3916 3907//3907 3912//3912
f 3913//3913 3904//3904 3911//3911
f 3909//3909 3908//3908 3913//3913
f 3916//3916 3910//3910 3907//3907
f 3907//3907 3910//3910 3913//3913
f 3913//3913 3910//3910 3903//3903
f 3913//3913 3908//3908 3907//3907
f 3916//3916 3911//3911 3910//3910
f 3909//3909 3916//3916 3917//3917
f 3916//3916 3909//3909 3911//3911
f 3908//3908 3912//3912 3907//3907
f 3909//3909 3917//3917 3908//3908
f 3913//3913 3911//3911 3909//3909
f 3695//3695 3914//3914 3915//3915
f 3912//3912 3908//3908 3696//3696
f 3696//3696 3914//3914 3912//3912
f 3915//3915 3696//3696 3695//3695
f 3914//3914 3695//3695 3917//3917
f 3912//3912 3914//3914 3916//3916
f 3695//3695 3696//3696 3908//3908
f 3914//3914 3696//3696 3915//3915
f 3916//3916 3914//3914 3917//3917
f 3908//3908 3917//3917 3695//3695
f 3921//3921 3919//3919 3906//3906
f 3902//3902 3906//3906 3919//3919
f 3899//3899 3902//3902 3919//3919
f 3901//3901 3899//3899 3900//3900
f 3919//3919 3898//3898 3918//3918
f 3918//3918 3898//3898 3920//3920
f 3918//3918 3920//3920 3900//3900
f 3898//3898 3921//3921 3901//3901
f 3898//3898 3919//3919 3921//3921
f 3881//3881 3897//3897 3882//3882
f 3881//3881 3880//3880 3897//3897
f 3890//3890 3922//3922 3880//3880
f 3887//3887 3922//3922 3890//3890
f 3887//3887 3923//3923 3922//3922
f 3891//3891 3923//3923 3887//3887
f 3891//3891 3879//3879 3923//3923
f 3878//3878 3879//3879 3891//3891
f 3878//3878 3877//3877 3879//3879
f 3888//3888 3877//3877 3878//3878
f 3888//3888 3924//3924 3877//3877
f 3925//3925 3924//3924 3888//3888
f 3876//3876 3875//3875 3925//3925
f 3892//3892 3926//3926 3875//3875
f 3892//3892 3875//3875 3876//3876
f 3893//3893 3928//3928 3927//3927
f 3885//3885 3928//3928 3893//3893
f 3885//3885 3886//3886 3928//3928
f 3750//3750 3929//3929 3752//3752
f 3740//3740 3929//3929 3750//3750
f 3740//3740 3930//3930 3929//3929
f 3735//3735 3930//3930 3740//3740
f 3728//3728 3930//3930 3735//3735
f 3728//3728 3931//3931 3930//3930
f 3720//3720 3931//3931 3728//3728
f 3708//3708 3931//3931 3720//3720
f 3708//3708 3932//3932 3931//3931
f 3706//3706 3932//3932 3708//3708
f 3706//3706 3933//3933 3932//3932
f 3710//3710 3933//3933 3706//3706
f 3717//3717 3934//3934 3933//3933
f 3717//3717 3933//3933 3710//3710
f 3729//3729 3934//3934 3717//3717
f 3742//3742 3935//3935 3934//3934
f 3742//3742 3934//3934 3729//3729
f 3747//3747 3935//3935 3742//3742
f 3747//3747 3936//3936 3935//3935
f 3754//3754 3936//3936 3747//3747
f 3765//3765 3936//3936 3754//3754
f 3765//3765 3937//3937 3936//3936
f 3764//3764 3937//3937 3765//3765
f 3764//3764 3938//3938 3937//3937
f 3763//3763 3938//3938 3764//3764
f 3752//3752 3938//3938 3763//3763
f 3752//3752 3929//3929 3938//3938
f 3939//3939 3932//3932 3933//3933
f 3939//3939 3931//3931 3932//3932
f 3951//3951 3939//3939 3933//3933
f 3951//3951 3933//3933 3934//3934
f 3940//3940 3931//3931 3939//3939
f 3943//3943 3951//3951 3934//3934
f 3940//3940 3930//3930 3931//3931
f 3930//3930 3940//3940 3941//3941
f 3935//3935 3943//3943 3934//3934
f 3929//3929 3930//3930 3941//3941
f 3935//3935 3942//3942 3943//3943
f 3936//3936 3942//3942 3935//3935
f 3938//3938 3929//3929 3941//3941
f 3937//3937 3942//3942 3936//3936
f 3938//3938 3941//3941 3944//3944
f 3937//3937 3944//3944 3942//3942
f 3937//3937 3938//3938 3944//3944
f 3952//3952 3943//3943 3942//3942
f 3946//3946 3941//3941 3945//3945
f 3945//3945 3941//3941 3940//3940
f 3947//3947 3945//3945 3940//3940
f 3939//3939 3947//3947 3940//3940
f 3948//3948 3947//3947 3939//3939
f 3946//3946 3944//3944 3941//3941
f 3942//3942 3944//3944 3949//3949
f 3951//3951 3948//3948 3939//3939
f 3942//3942 3949//3949 3950//3950
f 3952//3952 3942//3942 3950//3950
f 3953//3953 3947//3947 3948//3948
f 3954//3954 3953//3953 3948//3948
f 3954//3954 3948//3948 3951//3951
f 3955//3955 3951//3951 3943//3943
f 3955//3955 3954//3954 3951//3951
f 3955//3955 3943//3943 3952//3952
f 3956//3956 3955//3955 3952//3952
f 3956//3956 3952//3952 3950//3950
f 3957//3957 3956//3956 3950//3950
f 3957//3957 3950//3950 3949//3949
f 3957//3957 3949//3949 3944//3944
f 3958//3958 3957//3957 3944//3944
f 3958//3958 3944//3944 3946//3946
f 3959//3959 3958//3958 3946//3946
f 3959//3959 3946//3946 3945//3945
f 3960//3960 3959//3959 3945//3945
f 3960//3960 3945//3945 3947//3947
f 3953//3953 3960//3960 3947//3947
f 3965//3965 3964//3964 3954//3954
f 3964//3964 3953//3953 3954//3954
f 3965//3965 3954//3954 3955//3955
f 3964//3964 3960//3960 3953//3953
f 3963//3963 3960//3960 3964//3964
f 3961//3961 3965//3965 3955//3955
f 3963//3963 3959//3959 3960//3960
f 3956//3956 3961//3961 3955//3955
f 3956//3956 3962//3962 3961//3961
f 3957//3957 3962//3962 3956//3956
f 3958//3958 3959//3959 3963//3963
f 3958//3958 3963//3963 3962//3962
f 3958//3958 3962//3962 3957//3957
f 3964//3964 3966//3966 3969//3969
f 3965//3965 3966//3966 3964//3964
f 3961//3961 3967//3967 3966//3966
f 3961//3961 3966//3966 3965//3965
f 3962//3962 3967//3967 3961//3961
f 3962//3962 3968//3968 3967//3967
f 3963//3963 3968//3968 3962//3962
f 3964//3964 3968//3968 3963//3963
f 3964//3964 3969//3969 3968//3968
f 3967//3967 3969//3969 3966//3966
f 3967//3967 3968//3968 3969//3969
f 3973//3973 3995//3995 3972//3972
f 3974//3974 3972//3972 3995//3995
f 3975//3975 3972//3972 3974//3974
f 3974//3974 3995//3995 3973//3973
f 3970//3970 3971//3971 3975//3975
f 3970//3970 3975//3975 3974//3974
f 3976//3976 3972//3972 3975//3975
f 3976//3976 3971//3971 3970//3970
f 3976//3976 3975//3975 3971//3971
f 3977//3977 3974//3974 3973//3973
f 3977//3977 3976//3976 3970//3970
f 3977//3977 3970//3970 3974//3974
f 3978//3978 3973//3973 3972//3972
f 3978//3978 3979//3979 3973//3973
f 3979//3979 3977//3977 3973//3973
f 3979//3979 3980//3980 3977//3977
f 3980//3980 3976//3976 3977//3977
f 3980//3980 3981//3981 3976//3976
f 3981//3981 3972//3972 3976//3976
f 3981//3981 3978//3978 3972//3972
f 3982//3982 3981//3981 3980//3980
f 3982//3982 3980//3980 3983//3983
f 3979//3979 3984//3984 3983//3983
f 3979//3979 3983//3983 3980//3980
f 3985//3985 3979//3979 3978//3978
f 3985//3985 3978//3978 3981//3981
f 3985//3985 3981//3981 3982//3982
f 3985//3985 3984//3984 3979//3979
f 3984//3984 3986//3986 3987//3987
f 3988//3988 3989//3989 3990//3990
f 3983//3983 3987//3987 3989//3989
f 3983//3983 3984//3984 3987//3987
f 3983//3983 3989//3989 3988//3988
f 3989//3989 3987//3987 3994//3994
f 3989//3989 3994//3994 3991//3991
f 3990//3990 3991//3991 3992//3992
f 3990//3990 3989//3989 3991//3991
f 3992//3992 3988//3988 3990//3990
f 3982//3982 3988//3988 3992//3992
f 3982//3982 3983//3983 3988//3988
f 3982//3982 3992//3992 3991//3991
f 3985//3985 3991//3991 3994//3994
f 3985//3985 3982//3982 3991//3991
f 3985//3985 3994//3994 3993//3993
f 3984//3984 3993//3993 3986//3986
f 3984//3984 3985//3985 3993//3993
f 3993//3993 3987//3987 3986//3986
f 3993//3993 3994//3994 3987//3987
f 3996//3996 3997//3997 3998//3998
f 3997//3997 3996//3996 3998//3998
f 4000//4000 4001//4001 3999//3999
f 4002//4002 3999//3999 4001//4001
f 4002//4002 4001//4001 4000//4000
f 4003//4003 3999//3999 4002//4002
f 4003//4003 3998//3998 3996//3996
f 4003//4003 4002//4002 3998//3998
f 4004//4004 4002//4002 4000//4000
f 4004//4004 4003//4003 3996//3996
f 4004//4004 3998//3998 4002//4002
f 4004//4004 3996//3996 3998//3998
f 4005//4005 4000//4000 3999//3999
f 4005//4005 4006//4006 4000//4000
f 4006//4006 4004//4004 4000//4000
f 4006//4006 4007//4007 4004//4004
f 4007//4007 4003//4003 4004//4004
f 4007//4007 4008//4008 4003//4003
f 4008//4008 3999//3999 4003//4003
f 4008//4008 4005//4005 3999//3999
f 4009//4009 4008//4008 4007//4007
f 4009//4009 4007//4007 4010//4010
f 4006//4006 4011//4011 4010//4010
f 4006//4006 4010//4010 4007//4007
f 4012//4012 4006//4006 4005//4005
f 4012//4012 4005//4005 4008//4008
f 4012//4012 4008//4008 4009//4009
f 4012//4012 4011//4011 4006//4006
f 4011//4011 4014//4014 4013//4013
f 4010//4010 4013//4013 4016//4016
f 4010//4010 4011//4011 4013//4013
f 4010//4010 4016//4016 4015//4015
f 4016//4016 4013//4013 4017//4017
f 4016//4016 4017//4017 4018//4018
f 4018//4018 4015//4015 4016//4016
f 4018//4018 4019//4019 4015//4015
f 4009//4009 4015//4015 4019//4019
f 4009//4009 4010//4010 4015//4015
f 4009//4009 4019//4019 4018//4018
f 4020//4020 4017//4017 4021//4021
f 4012//4012 4018//4018 4017//4017
f 4012//4012 4009//4009 4018//4018
f 4012//4012 4017//4017 4020//4020
f 4011//4011 4020//4020 4014//4014
f 4011//4011 4012//4012 4020//4020
f 4020//4020 4021//4021 4014//4014
f 4021//4021 4013//4013 4014//4014
f 4021//4021 4017//4017 4013//4013
f 4023//4023 4022//4022 4024//4024
f 4033//4033 4024//4024 4022//4022
f 4033//4033 4022//4022 4025//4025
f 4026//4026 4023//4023 4027//4027
f 4026//4026 4022//4022 4023//4023
f 4028//4028 4026//4026 4027//4027
f 4028//4028 4027//4027 4029//4029
f 4030//4030 4026//4026 4028//4028
f 4031//4031 4028//4028 4029//4029
f 4031//4031 4030//4030 4028//4028
f 4034//4034 4025//4025 4032//4032
f 4034//4034 4033//4033 4025//4025
f 4036//4036 4033//4033 4034//4034
f 4034//4034 4032//4032 4035//4035
f 4036//4036 4029//4029 4033//4033
f 4038//4038 4034//4034 4035//4035
f 4037//4037 4031//4031 4029//4029
f 4037//4037 4029//4029 4036//4036
f 4037//4037 4030//4030 4031//4031
f 4042//4042 4038//4038 4035//4035
f 4039//4039 4037//4037 4036//4036
f 4039//4039 4036//4036 4043//4043
f 4044//4044 4039//4039 4043//4043
f 4040//4040 4037//4037 4039//4039
f 4040//4040 4039//4039 4044//4044
f 4040//4040 4030//4030 4037//4037
f 4041//4041 4040//4040 4044//4044
f 4041//4041 4043//4043 4042//4042
f 4041//4041 4044//4044 4043//4043
f 4041//4041 4042//4042 4035//4035
f 4026//4026 4030//4030 4045//4045
f 4026//4026 4045//4045 4046//4046
f 4046//4046 4047//4047 4022//4022
f 4046//4046 4022//4022 4026//4026
f 4025//4025 4022//4022 4047//4047
f 4025//4025 4047//4047 4048//4048
f 4048//4048 4049//4049 4032//4032
f 4048//4048 4032//4032 4025//4025
f 4035//4035 4032//4032 4049//4049
f 4035//4035 4049//4049 4050//4050
f 4050//4050 4051//4051 4041//4041
f 4050//4050 4041//4041 4035//4035
f 4040//4040 4041//4041 4051//4051
f 4040//4040 4051//4051 4052//4052
f 4052//4052 4045//4045 4030//4030
f 4052//4052 4030//4030 4040//4040
f 4055//4055 4047//4047 4053//4053
f 4056//4056 4053//4053 4047//4047
f 4055//4055 4048//4048 4047//4047
f 4054//4054 4048//4048 4055//4055
f 4046//4046 4056//4056 4047//4047
f 4046//4046 4058//4058 4056//4056
f 4057//4057 4054//4054 4055//4055
f 4057//4057 4055//4055 4058//4058
f 4049//4049 4054//4054 4059//4059
f 4049//4049 4048//4048 4054//4054
f 4061//4061 4058//4058 4046//4046
f 4061//4061 4057//4057 4058//4058
f 4045//4045 4061//4061 4046//4046
f 4060//4060 4057//4057 4061//4061
f 4060//4060 4061//4061 4045//4045
f 4064//4064 4062//4062 4059//4059
f 4062//4062 4049//4049 4059//4059
f 4062//4062 4050//4050 4049//4049
f 4067//4067 4057//4057 4060//4060
f 4064//4064 4059//4059 4063//4063
f 4067//4067 4063//4063 4057//4057
f 4038//4038 4050//4050 4062//4062
f 4065//4065 4064//4064 4063//4063
f 4067//4067 4060//4060 4045//4045
f 4069//4069 4050//4050 4038//4038
f 4066//4066 4063//4063 4067//4067
f 4068//4068 4063//4063 4066//4066
f 4068//4068 4065//4065 4063//4063
f 4051//4051 4065//4065 4068//4068
f 4051//4051 4069//4069 4065//4065
f 4052//4052 4066//4066 4067//4067
f 4052//4052 4067//4067 4045//4045
f 4052//4052 4068//4068 4066//4066
f 4052//4052 4051//4051 4068//4068
f 4051//4051 4050//4050 4069//4069
f 4057//4057 4063//4063 4070//4070
f 4057//4057 4070//4070 4071//4071
f 4063//4063 4059//4059 4072//4072
f 4063//4063 4072//4072 4070//4070
f 4072//4072 4073//4073 4071//4071
f 4072//4072 4071//4071 4070//4070
f 4054//4054 4057//4057 4071//4071
f 4054//4054 4071//4071 4073//4073
f 4059//4059 4054//4054 4073//4073
f 4059//4059 4073//4073 4072//4072
f 4062//4062 4034//4034 4038//4038
f 4064//4064 4034//4034 4062//4062
f 4064//4064 4036//4036 4034//4034
f 4065//4065 4036//4036 4064//4064
f 4065//4065 4043//4043 4036//4036
f 4069//4069 4043//4043 4065//4065
f 4069//4069 4042//4042 4043//4043
f 4038//4038 4042//4042 4069//4069
f 4055//4055 4024//4024 4033//4033
f 4053//4053 4024//4024 4055//4055
f 4053//4053 4023//4023 4024//4024
f 4056//4056 4023//4023 4053//4053
f 4056//4056 4027//4027 4023//4023
f 4058//4058 4027//4027 4056//4056
f 4058//4058 4029//4029 4027//4027
f 4055//4055 4029//4029 4058//4058
f 4055//4055 4033//4033 4029//4029
f 4203//4203 4206//4206 4074//4074
f 4203//4203 4075//4075 4206//4206
f 4204//4204 4075//4075 4203//4203
f 4201//4201 4199//4199 4078//4078
f 4199//4199 4200//4200 4080//4080
f 4078//4078 4080//4080 4079//4079
f 4169//4169 4198//4198 4196//4196
f 4196//4196 4198//4198 4197//4197
f 4172//4172 4082//4082 4192//4192
f 4193//4193 4082//4082 4172//4172
f 4193//4193 4194//4194 4084//4084
f 4192//4192 4194//4194 4193//4193
f 4192//4192 4082//4082 4194//4194
f 4083//4083 4084//4084 4195//4195
f 4168//4168 4189//4189 4187//4187
f 4188//4188 4190//4190 4191//4191
f 4188//4188 4187//4187 4190//4190
f 4190//4190 4117//4117 4191//4191
f 4190//4190 4189//4189 4117//4117
f 4085//4085 4181//4181 4182//4182
f 4085//4085 4183//4183 4087//4087
f 4182//4182 4183//4183 4085//4085
f 4086//4086 4183//4183 4182//4182
f 4181//4181 4086//4086 4182//4182
f 4087//4087 4183//4183 4184//4184
f 4177//4177 4178//4178 4089//4089
f 4089//4089 4176//4176 4177//4177
f 4177//4177 4176//4176 4178//4178
f 4106//4106 4092//4092 4164//4164
f 4106//4106 4104//4104 4092//4092
f 4106//4106 4164//4164 4166//4166
f 4108//4108 4106//4106 4166//4166
f 4109//4109 4108//4108 4166//4166
f 4109//4109 4166//4166 4170//4170
f 4109//4109 4170//4170 4093//4093
f 4111//4111 4109//4109 4093//4093
f 4111//4111 4093//4093 4172//4172
f 4114//4114 4111//4111 4172//4172
f 4114//4114 4172//4172 4171//4171
f 4116//4116 4171//4171 4094//4094
f 4116//4116 4114//4114 4171//4171
f 4095//4095 4116//4116 4094//4094
f 4095//4095 4094//4094 4096//4096
f 4095//4095 4096//4096 4167//4167
f 4097//4097 4095//4095 4167//4167
f 4097//4097 4167//4167 4099//4099
f 4098//4098 4097//4097 4099//4099
f 4100//4100 4098//4098 4099//4099
f 4100//4100 4099//4099 4165//4165
f 4101//4101 4100//4100 4165//4165
f 4101//4101 4165//4165 4102//4102
f 4107//4107 4102//4102 4103//4103
f 4104//4104 4107//4107 4103//4103
f 4104//4104 4103//4103 4105//4105
f 4104//4104 4105//4105 4092//4092
f 4107//4107 4104//4104 4106//4106
f 4102//4102 4107//4107 4101//4101
f 4080//4080 4108//4108 4109//4109
f 4079//4079 4080//4080 4109//4109
f 4200//4200 4108//4108 4080//4080
f 4204//4204 4106//4106 4108//4108
f 4205//4205 4106//4106 4204//4204
f 4204//4204 4108//4108 4200//4200
f 4198//4198 4079//4079 4109//4109
f 4110//4110 4079//4079 4198//4198
f 4198//4198 4109//4109 4111//4111
f 4107//4107 4106//4106 4205//4205
f 4107//4107 4205//4205 4075//4075
f 4111//4111 4110//4110 4198//4198
f 4113//4113 4200//4200 4112//4112
f 4112//4112 4200//4200 4079//4079
f 4113//4113 4204//4204 4200//4200
f 4112//4112 4079//4079 4110//4110
f 4113//4113 4075//4075 4204//4204
f 4121//4121 4075//4075 4113//4113
f 4084//4084 4110//4110 4111//4111
f 4115//4115 4107//4107 4075//4075
f 4084//4084 4111//4111 4114//4114
f 4084//4084 4112//4112 4110//4110
f 4115//4115 4075//4075 4121//4121
f 4195//4195 4084//4084 4114//4114
f 4194//4194 4112//4112 4084//4084
f 4101//4101 4107//4107 4115//4115
f 4116//4116 4195//4195 4114//4114
f 4119//4119 4112//4112 4194//4194
f 4116//4116 4194//4194 4195//4195
f 4117//4117 4119//4119 4194//4194
f 4090//4090 4115//4115 4121//4121
f 4179//4179 4090//4090 4121//4121
f 4117//4117 4194//4194 4116//4116
f 4090//4090 4101//4101 4115//4115
f 4117//4117 4116//4116 4095//4095
f 4118//4118 4119//4119 4117//4117
f 4179//4179 4121//4121 4120//4120
f 4100//4100 4101//4101 4090//4090
f 4095//4095 4118//4118 4117//4117
f 4100//4100 4090//4090 4180//4180
f 4186//4186 4120//4120 4185//4185
f 4185//4185 4120//4120 4119//4119
f 4186//4186 4179//4179 4120//4120
f 4185//4185 4119//4119 4118//4118
f 4184//4184 4185//4185 4118//4118
f 4097//4097 4118//4118 4095//4095
f 4100//4100 4180//4180 4179//4179
f 4098//4098 4100//4100 4179//4179
f 4098//4098 4179//4179 4186//4186
f 4097//4097 4184//4184 4118//4118
f 4098//4098 4184//4184 4097//4097
f 4098//4098 4186//4186 4184//4184
f 4122//4122 4119//4119 4120//4120
f 4123//4123 4119//4119 4122//4122
f 4124//4124 4122//4122 4120//4120
f 4121//4121 4124//4124 4120//4120
f 4112//4112 4119//4119 4123//4123
f 4113//4113 4112//4112 4123//4123
f 4113//4113 4124//4124 4121//4121
f 4113//4113 4123//4123 4124//4124
f 4122//4122 4125//4125 4123//4123
f 4122//4122 4126//4126 4125//4125
f 4122//4122 4213//4213 4126//4126
f 4124//4124 4213//4213 4122//4122
f 4124//4124 4127//4127 4213//4213
f 4123//4123 4127//4127 4124//4124
f 4123//4123 4140//4140 4127//4127
f 4123//4123 4125//4125 4140//4140
f 4127//4127 4130//4130 4129//4129
f 4127//4127 4129//4129 4213//4213
f 4126//4126 4213//4213 4128//4128
f 4126//4126 4128//4128 4132//4132
f 4126//4126 4132//4132 4131//4131
f 4127//4127 4133//4133 4130//4130
f 4134//4134 4126//4126 4131//4131
f 4127//4127 4136//4136 4133//4133
f 4125//4125 4126//4126 4134//4134
f 4135//4135 4125//4125 4134//4134
f 4137//4137 4125//4125 4135//4135
f 4138//4138 4136//4136 4127//4127
f 4138//4138 4127//4127 4140//4140
f 4141//4141 4125//4125 4137//4137
f 4141//4141 4140//4140 4125//4125
f 4139//4139 4140//4140 4141//4141
f 4142//4142 4136//4136 4146//4146
f 4212//4212 4154//4154 4145//4145
f 4143//4143 4154//4154 4212//4212
f 4214//4214 4154//4154 4143//4143
f 4214//4214 4144//4144 4154//4154
f 4211//4211 4212//4212 4145//4145
f 4215//4215 4144//4144 4214//4214
f 4210//4210 4211//4211 4145//4145
f 4142//4142 4144//4144 4215//4215
f 4210//4210 4145//4145 4153//4153
f 4155//4155 4144//4144 4142//4142
f 4209//4209 4210//4210 4153//4153
f 4153//4153 4208//4208 4209//4209
f 4152//4152 4208//4208 4153//4153
f 4155//4155 4142//4142 4146//4146
f 4152//4152 4147//4147 4208//4208
f 4152//4152 4149//4149 4147//4147
f 4151//4151 4149//4149 4152//4152
f 4151//4151 4207//4207 4149//4149
f 4151//4151 4146//4146 4148//4148
f 4151//4151 4148//4148 4150//4150
f 4151//4151 4150//4150 4207//4207
f 4151//4151 4155//4155 4146//4146
f 4154//4154 4156//4156 4145//4145
f 4154//4154 4144//4144 4161//4161
f 4154//4154 4161//4161 4156//4156
f 4145//4145 4156//4156 4157//4157
f 4153//4153 4145//4145 4157//4157
f 4153//4153 4157//4157 4158//4158
f 4152//4152 4153//4153 4158//4158
f 4151//4151 4152//4152 4158//4158
f 4151//4151 4158//4158 4159//4159
f 4155//4155 4151//4151 4159//4159
f 4155//4155 4159//4159 4160//4160
f 4144//4144 4155//4155 4160//4160
f 4144//4144 4160//4160 4161//4161
f 4163//4163 4105//4105 4162//4162
f 4203//4203 4164//4164 4105//4105
f 4177//4177 4089//4089 4165//4165
f 4089//4089 4162//4162 4165//4165
f 4203//4203 4105//4105 4163//4163
f 4089//4089 4163//4163 4162//4162
f 4161//4161 4163//4163 4156//4156
f 4161//4161 4203//4203 4163//4163
f 4156//4156 4163//4163 4089//4089
f 4157//4157 4156//4156 4089//4089
f 4157//4157 4089//4089 4177//4177
f 4201//4201 4164//4164 4203//4203
f 4085//4085 4177//4177 4165//4165
f 4201//4201 4166//4166 4164//4164
f 4182//4182 4177//4177 4085//4085
f 4202//4202 4201//4201 4203//4203
f 4085//4085 4165//4165 4099//4099
f 4182//4182 4157//4157 4177//4177
f 4202//4202 4203//4203 4161//4161
f 4202//4202 4161//4161 4160//4160
f 4076//4076 4202//4202 4160//4160
f 4170//4170 4166//4166 4201//4201
f 4158//4158 4157//4157 4182//4182
f 4167//4167 4085//4085 4099//4099
f 4159//4159 4076//4076 4160//4160
f 4170//4170 4201//4201 4076//4076
f 4167//4167 4182//4182 4085//4085
f 4168//4168 4158//4158 4182//4182
f 4169//4169 4076//4076 4159//4159
f 4187//4187 4158//4158 4168//4168
f 4168//4168 4182//4182 4167//4167
f 4169//4169 4170//4170 4076//4076
f 4188//4188 4168//4168 4167//4167
f 4188//4188 4167//4167 4096//4096
f 4170//4170 4169//4169 4081//4081
f 4192//4192 4159//4159 4158//4158
f 4096//4096 4187//4187 4188//4188
f 4193//4193 4159//4159 4192//4192
f 4193//4193 4169//4169 4159//4159
f 4192//4192 4158//4158 4187//4187
f 4193//4193 4081//4081 4169//4169
f 4093//4093 4170//4170 4081//4081
f 4171//4171 4187//4187 4096//4096
f 4172//4172 4093//4093 4081//4081
f 4171//4171 4192//4192 4187//4187
f 4172//4172 4081//4081 4193//4193
f 4171//4171 4172//4172 4192//4192
f 4102//4102 4165//4165 4162//4162
f 4103//4103 4102//4102 4162//4162
f 4103//4103 4162//4162 4105//4105
f 4092//4092 4105//4105 4164//4164
f 4096//4096 4094//4094 4171//4171
f 4175//4175 4173//4173 4163//4163
f 4174//4174 4163//4163 4173//4173
f 4115//4115 4174//4174 4173//4173
f 4115//4115 4173//4173 4091//4091
f 4115//4115 4091//4091 4174//4174
f 4175//4175 4091//4091 4173//4173
f 4091//4091 4163//4163 4174//4174
f 4163//4163 4091//4091 4175//4175
f 4089//4089 4178//4178 4088//4088
f 4176//4176 4089//4089 4088//4088
f 4179//4179 4176//4176 4088//4088
f 4179//4179 4178//4178 4090//4090
f 4180//4180 4090//4090 4178//4178
f 4179//4179 4180//4180 4176//4176
f 4178//4178 4176//4176 4180//4180
f 4179//4179 4088//4088 4178//4178
f 4087//4087 4181//4181 4085//4085
f 4186//4186 4086//4086 4181//4181
f 4184//4184 4183//4183 4185//4185
f 4185//4185 4183//4183 4086//4086
f 4184//4184 4186//4186 4181//4181
f 4184//4184 4181//4181 4087//4087
f 4186//4186 4185//4185 4086//4086
f 4168//4168 4191//4191 4189//4189
f 4168//4168 4188//4188 4191//4191
f 4191//4191 4118//4118 4189//4189
f 4189//4189 4190//4190 4187//4187
f 4189//4189 4118//4118 4117//4117
f 4191//4191 4117//4117 4118//4118
f 4193//4193 4083//4083 4082//4082
f 4195//4195 4194//4194 4082//4082
f 4082//4082 4083//4083 4195//4195
f 4084//4084 4083//4083 4193//4193
f 4198//4198 4169//4169 4110//4110
f 4081//4081 4196//4196 4197//4197
f 4197//4197 4110//4110 4081//4081
f 4198//4198 4110//4110 4197//4197
f 4081//4081 4110//4110 4169//4169
f 4169//4169 4196//4196 4081//4081
f 4199//4199 4201//4201 4202//4202
f 4202//4202 4076//4076 4077//4077
f 4076//4076 4078//4078 4077//4077
f 4201//4201 4078//4078 4076//4076
f 4079//4079 4200//4200 4077//4077
f 4080//4080 4078//4078 4199//4199
f 4199//4199 4077//4077 4200//4200
f 4077//4077 4078//4078 4079//4079
f 4202//4202 4077//4077 4199//4199
f 4204//4204 4203//4203 4074//4074
f 4074//4074 4205//4205 4204//4204
f 4206//4206 4075//4075 4205//4205
f 4206//4206 4205//4205 4074//4074
f 4146//4146 4136//4136 4138//4138
f 4146//4146 4138//4138 4148//4148
f 4148//4148 4138//4138 4140//4140
f 4150//4150 4140//4140 4139//4139
f 4148//4148 4140//4140 4150//4150
f 4207//4207 4139//4139 4141//4141
f 4150//4150 4139//4139 4207//4207
f 4207//4207 4141//4141 4149//4149
f 4141//4141 4137//4137 4149//4149
f 4149//4149 4137//4137 4147//4147
f 4147//4147 4135//4135 4208//4208
f 4147//4147 4137//4137 4135//4135
f 4208//4208 4134//4134 4209//4209
f 4208//4208 4135//4135 4134//4134
f 4209//4209 4131//4131 4210//4210
f 4209//4209 4134//4134 4131//4131
f 4210//4210 4131//4131 4132//4132
f 4210//4210 4132//4132 4211//4211
f 4211//4211 4128//4128 4212//4212
f 4211//4211 4132//4132 4128//4128
f 4213//4213 4143//4143 4212//4212
f 4213//4213 4129//4129 4143//4143
f 4212//4212 4128//4128 4213//4213
f 4143//4143 4129//4129 4130//4130
f 4143//4143 4130//4130 4214//4214
f 4215//4215 4130//4130 4133//4133
f 4214//4214 4130//4130 4215//4215
f 4215//4215 4133//4133 4142//4142
f 4142//4142 4133//4133 4136//4136
f 4034//4034 4216//4216 4217//4217
f 4036//4036 4034//4034 4217//4217
f 4038//4038 4216//4216 4034//4034
f 4038//4038 4218//4218 4216//4216
f 4043//4043 4036//4036 4217//4217
f 4220//4220 4218//4218 4038//4038
f 4219//4219 4043//4043 4217//4217
f 4220//4220 4038//4038 4042//4042
f 4221//4221 4043//4043 4219//4219
f 4221//4221 4220//4220 4042//4042
f 4221//4221 4042//4042 4043//4043
f 4223//4223 4222//4222 4217//4217
f 4223//4223 4217//4217 4216//4216
f 4223//4223 4216//4216 4218//4218
f 4224//4224 4223//4223 4218//4218
f 4224//4224 4218//4218 4220//4220
f 4225//4225 4224//4224 4220//4220
f 4225//4225 4220//4220 4221//4221
f 4226//4226 4225//4225 4221//4221
f 4226//4226 4221//4221 4219//4219
f 4222//4222 4226//4226 4219//4219
f 4222//4222 4219//4219 4217//4217
f 4227//4227 4222//4222 4223//4223
f 4228//4228 4227//4227 4223//4223
f 4228//4228 4223//4223 4224//4224
f 4229//4229 4222//4222 4227//4227
f 4226//4226 4222//4222 4229//4229
f 4224//4224 4230//4230 4228//4228
f 4225//4225 4230//4230 4224//4224
f 4226//4226 4229//4229 4230//4230
f 4225//4225 4226//4226 4230//4230
f 4229//4229 4232//4232 4231//4231
f 4227//4227 4232//4232 4229//4229
f 4227//4227 4233//4233 4232//4232
f 4228//4228 4233//4233 4227//4227
f 4228//4228 4234//4234 4233//4233
f 4230//4230 4234//4234 4228//4228
f 4230//4230 4231//4231 4234//4234
f 4229//4229 4231//4231 4230//4230
f 4234//4234 4231//4231 4232//4232
f 4234//4234 4232//4232 4233//4233
f 4238//4238 4043//4043 4042//4042
f 4235//4235 4238//4238 4042//4042
f 4235//4235 4042//4042 4038//4038
f 4235//4235 4038//4038 4034//4034
f 4236//4236 4235//4235 4034//4034
f 4236//4236 4034//4034 4036//4036
f 4237//4237 4236//4236 4036//4036
f 4237//4237 4036//4036 4043//4043
f 4238//4238 4237//4237 4043//4043
f 4236//4236 4237//4237 4238//4238
f 4236//4236 4238//4238 4235//4235
f 4243//4243 4240//4240 4239//4239
f 4239//4239 4244//4244 4262//4262
f 4241//4241 4243//4243 4262//4262
f 4240//4240 4241//4241 4239//4239
f 4241//4241 4240//4240 4243//4243
f 4262//4262 4246//4246 4242//4242
f 4244//4244 4245//4245 4246//4246
f 4245//4245 4241//4241 4242//4242
f 4262//4262 4244//4244 4246//4246
f 4242//4242 4241//4241 4262//4262
f 4245//4245 4247//4247 4246//4246
f 4245//4245 4242//4242 4248//4248
f 4246//4246 4247//4247 4242//4242
f 4247//4247 4250//4250 4252//4252
f 4242//4242 4252//4252 4248//4248
f 4250//4250 4247//4247 4248//4248
f 4250//4250 4251//4251 4252//4252
f 4251//4251 4248//4248 4252//4252
f 4248//4248 4251//4251 4250//4250
f 4250//4250 4251//4251 4249//4249
f 4242//4242 4247//4247 4252//4252
f 4248//4248 4247//4247 4245//4245
f 4250//4250 4257//4257 4258//4258
f 4251//4251 4250//4250 4258//4258
f 4251//4251 4258//4258 4253//4253
f 4250//4250 4256//4256 4257//4257
f 4256//4256 4250//4250 4249//4249
f 4254//4254 4251//4251 4253//4253
f 4254//4254 4249//4249 4251//4251
f 4259//4259 4256//4256 4249//4249
f 4259//4259 4249//4249 4254//4254
f 4258//4258 4257//4257 4255//4255
f 4258//4258 4255//4255 4261//4261
f 4253//4253 4258//4258 4261//4261
f 4259//4259 4254//4254 4261//4261
f 4256//4256 4259//4259 4255//4255
f 4254//4254 4253//4253 4261//4261
f 4257//4257 4256//4256 4255//4255
f 4260//4260 4259//4259 4261//4261
f 4259//4259 4260//4260 4255//4255
f 4255//4255 4260//4260 4261//4261
f 4244//4244 4241//4241 4245//4245
f 4243//4243 4239//4239 4262//4262
f 4239//4239 4241//4241 4244//4244
f 4023//4023 4024//4024 4263//4263
f 4023//4023 4263//4263 4264//4264
f 4024//4024 4265//4265 4263//4263
f 4033//4033 4265//4265 4024//4024
f 4027//4027 4264//4264 4267//4267
f 4027//4027 4023//4023 4264//4264
f 4266//4266 4265//4265 4033//4033
f 4266//4266 4033//4033 4029//4029
f 4268//4268 4027//4027 4267//4267
f 4268//4268 4029//4029 4027//4027
f 4268//4268 4266//4266 4029//4029
f 4269//4269 4264//4264 4263//4263
f 4270//4270 4269//4269 4263//4263
f 4270//4270 4263//4263 4265//4265
f 4271//4271 4270//4270 4265//4265
f 4271//4271 4265//4265 4266//4266
f 4272//4272 4271//4271 4266//4266
f 4272//4272 4266//4266 4268//4268
f 4273//4273 4272//4272 4268//4268
f 4273//4273 4268//4268 4267//4267
f 4274//4274 4273//4273 4267//4267
f 4274//4274 4267//4267 4264//4264
f 4269//4269 4274//4274 4264//4264
f 4275//4275 4269//4269 4270//4270
f 4275//4275 4274//4274 4269//4269
f 4277//4277 4274//4274 4275//4275
f 4276//4276 4275//4275 4270//4270
f 4276//4276 4270//4270 4271//4271
f 4271//4271 4278//4278 4276//4276
f 4273//4273 4274//4274 4277//4277
f 4272//4272 4278//4278 4271//4271
f 4273//4273 4277//4277 4278//4278
f 4273//4273 4278//4278 4272//4272
f 4275//4275 4279//4279 4277//4277
f 4275//4275 4280//4280 4279//4279
f 4276//4276 4280//4280 4275//4275
f 4276//4276 4281//4281 4280//4280
f 4278//4278 4281//4281 4276//4276
f 4278//4278 4279//4279 4281//4281
f 4277//4277 4279//4279 4278//4278
f 4280//4280 4281//4281 4279//4279
f 4285//4285 4027//4027 4029//4029
f 4282//4282 4285//4285 4029//4029
f 4282//4282 4029//4029 4033//4033
f 4283//4283 4282//4282 4033//4033
f 4283//4283 4033//4033 4024//4024
f 4284//4284 4024//4024 4023//4023
f 4284//4284 4283//4283 4024//4024
f 4284//4284 4023//4023 4027//4027
f 4285//4285 4284//4284 4027//4027
f 4283//4283 4285//4285 4282//4282
f 4283//4283 4284//4284 4285//4285
f 4286//4286 4291//4291 4292//4292
f 4294//4294 4292//4292 4287//4287
f 4286//4286 4294//4294 4293//4293
f 4293//4293 4291//4291 4286//4286
f 4294//4294 4286//4286 4292//4292
f 4287//4287 4291//4291 4288//4288
f 4293//4293 4288//4288 4291//4291
f 4288//4288 4293//4293 4289//4289
f 4289//4289 4293//4293 4294//4294
f 4288//4288 4297//4297 4290//4290
f 4287//4287 4288//4288 4294//4294
f 4289//4289 4294//4294 4290//4290
f 4289//4289 4295//4295 4296//4296
f 4296//4296 4297//4297 4289//4289
f 4290//4290 4299//4299 4295//4295
f 4289//4289 4290//4290 4295//4295
f 4290//4290 4297//4297 4299//4299
f 4288//4288 4289//4289 4297//4297
f 4294//4294 4288//4288 4290//4290
f 4295//4295 4298//4298 4296//4296
f 4301//4301 4302//4302 4297//4297
f 4301//4301 4297//4297 4296//4296
f 4298//4298 4301//4301 4296//4296
f 4303//4303 4298//4298 4295//4295
f 4303//4303 4295//4295 4299//4299
f 4302//4302 4299//4299 4297//4297
f 4299//4299 4302//4302 4303//4303
f 4298//4298 4303//4303 4300//4300
f 4298//4298 4300//4300 4301//4301
f 4300//4300 4302//4302 4301//4301
f 4303//4303 4302//4302 4300//4300
f 4292//4292 4291//4291 4287//4287
f 4304//4304 4347//4347 4313//4313
f 4305//4305 4347//4347 4304//4304
f 4305//4305 4306//4306 4347//4347
f 4305//4305 4307//4307 4306//4306
f 4315//4315 4307//4307 4305//4305
f 4315//4315 4308//4308 4307//4307
f 4316//4316 4308//4308 4315//4315
f 4316//4316 4309//4309 4308//4308
f 4316//4316 4310//4310 4309//4309
f 4311//4311 4310//4310 4316//4316
f 4311//4311 4312//4312 4310//4310
f 4314//4314 4312//4312 4311//4311
f 4314//4314 4313//4313 4312//4312
f 4304//4304 4313//4313 4314//4314
f 4316//4316 4318//4318 4317//4317
f 4311//4311 4316//4316 4317//4317
f 4311//4311 4317//4317 4319//4319
f 4315//4315 4318//4318 4316//4316
f 4315//4315 4320//4320 4318//4318
f 4314//4314 4311//4311 4319//4319
f 4315//4315 4321//4321 4320//4320
f 4322//4322 4314//4314 4319//4319
f 4321//4321 4315//4315 4305//4305
f 4323//4323 4314//4314 4322//4322
f 4323//4323 4304//4304 4314//4314
f 4324//4324 4321//4321 4305//4305
f 4325//4325 4304//4304 4323//4323
f 4324//4324 4305//4305 4304//4304
f 4325//4325 4324//4324 4304//4304
f 4318//4318 4332//4332 4326//4326
f 4317//4317 4318//4318 4326//4326
f 4317//4317 4326//4326 4327//4327
f 4319//4319 4317//4317 4327//4327
f 4319//4319 4327//4327 4322//4322
f 4323//4323 4322//4322 4328//4328
f 4323//4323 4328//4328 4329//4329
f 4325//4325 4323//4323 4329//4329
f 4325//4325 4329//4329 4330//4330
f 4324//4324 4325//4325 4330//4330
f 4324//4324 4330//4330 4338//4338
f 4321//4321 4338//4338 4336//4336
f 4321//4321 4324//4324 4338//4338
f 4321//4321 4336//4336 4331//4331
f 4320//4320 4321//4321 4331//4331
f 4320//4320 4331//4331 4332//4332
f 4318//4318 4320//4320 4332//4332
f 4333//4333 4327//4327 4326//4326
f 4335//4335 4333//4333 4326//4326
f 4334//4334 4327//4327 4333//4333
f 4335//4335 4326//4326 4332//4332
f 4331//4331 4335//4335 4332//4332
f 4337//4337 4327//4327 4334//4334
f 4337//4337 4322//4322 4327//4327
f 4328//4328 4322//4322 4337//4337
f 4329//4329 4328//4328 4343//4343
f 4329//4329 4343//4343 4344//4344
f 4330//4330 4329//4329 4344//4344
f 4330//4330 4344//4344 4340//4340
f 4338//4338 4330//4330 4340//4340
f 4336//4336 4338//4338 4340//4340
f 4336//4336 4340//4340 4339//4339
f 4331//4331 4336//4336 4339//4339
f 4331//4331 4339//4339 4341//4341
f 4335//4335 4331//4331 4341//4341
f 4335//4335 4341//4341 4346//4346
f 4333//4333 4335//4335 4346//4346
f 4333//4333 4346//4346 4349//4349
f 4334//4334 4333//4333 4349//4349
f 4334//4334 4349//4349 4345//4345
f 4337//4337 4334//4334 4345//4345
f 4337//4337 4345//4345 4342//4342
f 4337//4337 4342//4342 4343//4343
f 4328//4328 4337//4337 4343//4343
f 4339//4339 4340//4340 4341//4341
f 4347//4347 4343//4343 4342//4342
f 4344//4344 4343//4343 4347//4347
f 4344//4344 4347//4347 4340//4340
f 4341//4341 4348//4348 4346//4346
f 4341//4341 4340//4340 4348//4348
f 4345//4345 4312//4312 4342//4342
f 4340//4340 4347//4347 4306//4306
f 4340//4340 4306//4306 4348//4348
f 4346//4346 4348//4348 4308//4308
f 4346//4346 4308//4308 4309//4309
f 4346//4346 4309//4309 4349//4349
f 4307//4307 4348//4348 4306//4306
f 4308//4308 4348//4348 4307//4307
f 4345//4345 4310//4310 4312//4312
f 4349//4349 4310//4310 4345//4345
f 4349//4349 4309//4309 4310//4310
f 4313//4313 4347//4347 4342//4342
f 4342//4342 4312//4312 4313//4313
f 4356//4356 4379//4379 4355//4355
f 4360//4360 4428//4428 4585//4585
f 4360//4360 4585//4585 4357//4357
f 4358//4358 4379//4379 4356//4356
f 4364//4364 4360//4360 4357//4357
f 4362//4362 4358//4358 4356//4356
f 4353//4353 4356//4356 4360//4360
f 4353//4353 4362//4362 4356//4356
f 4353//4353 4360//4360 4364//4364
f 4354//4354 4353//4353 4364//4364
f 4352//4352 4362//4362 4353//4353
f 4418//4418 4363//4363 4419//4419
f 4361//4361 4388//4388 4362//4362
f 4363//4363 4359//4359 4419//4419
f 4363//4363 4364//4364 4359//4359
f 4365//4365 4361//4361 4362//4362
f 4365//4365 4362//4362 4352//4352
f 4363//4363 4354//4354 4364//4364
f 4367//4367 4354//4354 4363//4363
f 4351//4351 4365//4365 4352//4352
f 4350//4350 4354//4354 4367//4367
f 4393//4393 4391//4391 4365//4365
f 4369//4369 4393//4393 4365//4365
f 4368//4368 4367//4367 4366//4366
f 4368//4368 4366//4366 4415//4415
f 4368//4368 4350//4350 4367//4367
f 4369//4369 4365//4365 4351//4351
f 4370//4370 4350//4350 4368//4368
f 4370//4370 4351//4351 4350//4350
f 4372//4372 4369//4369 4351//4351
f 4372//4372 4351//4351 4370//4370
f 4372//4372 4398//4398 4369//4369
f 4406//4406 4370//4370 4407//4407
f 4371//4371 4398//4398 4372//4372
f 4406//4406 4372//4372 4370//4370
f 4371//4371 4372//4372 4399//4399
f 4404//4404 4372//4372 4406//4406
f 4353//4353 4374//4374 4373//4373
f 4354//4354 4374//4374 4353//4353
f 4354//4354 4375//4375 4374//4374
f 4350//4350 4375//4375 4354//4354
f 4350//4350 4376//4376 4375//4375
f 4351//4351 4376//4376 4350//4350
f 4351//4351 4377//4377 4376//4376
f 4352//4352 4377//4377 4351//4351
f 4352//4352 4373//4373 4377//4377
f 4353//4353 4373//4373 4352//4352
f 4379//4379 4378//4378 4355//4355
f 4386//4386 4379//4379 4358//4358
f 4380//4380 4355//4355 4378//4378
f 4579//4579 4381//4381 4380//4380
f 4382//4382 4378//4378 4379//4379
f 4383//4383 4538//4538 4536//4536
f 4536//4536 4382//4382 4379//4379
f 4536//4536 4379//4379 4384//4384
f 4386//4386 4384//4384 4379//4379
f 4385//4385 4383//4383 4536//4536
f 4384//4384 4385//4385 4536//4536
f 4378//4378 4579//4579 4380//4380
f 4387//4387 4386//4386 4388//4388
f 4453//4453 4388//4388 4361//4361
f 4496//4496 4532//4532 4389//4389
f 4496//4496 4389//4389 4531//4531
f 4574//4574 4387//4387 4388//4388
f 4453//4453 4574//4574 4388//4388
f 4530//4530 4574//4574 4453//4453
f 4529//4529 4390//4390 4530//4530
f 4453//4453 4529//4529 4530//4530
f 4387//4387 4531//4531 4389//4389
f 4392//4392 4391//4391 4393//4393
f 4394//4394 4391//4391 4392//4392
f 4395//4395 4526//4526 4394//4394
f 4524//4524 4395//4395 4394//4394
f 4397//4397 4396//4396 4393//4393
f 4520//4520 4397//4397 4569//4569
f 4393//4393 4569//4569 4397//4397
f 4396//4396 4392//4392 4393//4393
f 4392//4392 4524//4524 4394//4394
f 4371//4371 4457//4457 4398//4398
f 4371//4371 4400//4400 4457//4457
f 4518//4518 4457//4457 4400//4400
f 4512//4512 4517//4517 4518//4518
f 4512//4512 4518//4518 4401//4401
f 4399//4399 4402//4402 4371//4371
f 4403//4403 4402//4402 4399//4399
f 4403//4403 4399//4399 4461//4461
f 4510//4510 4403//4403 4461//4461
f 4510//4510 4499//4499 4403//4403
f 4402//4402 4400//4400 4371//4371
f 4400//4400 4401//4401 4518//4518
f 4406//4406 4405//4405 4404//4404
f 4405//4405 4410//4410 4404//4404
f 4408//4408 4404//4404 4410//4410
f 4411//4411 4408//4408 4410//4410
f 4411//4411 4409//4409 4408//4408
f 4412//4412 4405//4405 4406//4406
f 4412//4412 4558//4558 4414//4414
f 4407//4407 4413//4413 4406//4406
f 4412//4412 4406//4406 4413//4413
f 4558//4558 4412//4412 4562//4562
f 4413//4413 4562//4562 4412//4412
f 4417//4417 4416//4416 4415//4415
f 4366//4366 4417//4417 4415//4415
f 4595//4595 4417//4417 4366//4366
f 4502//4502 4560//4560 4596//4596
f 4366//4366 4418//4418 4595//4595
f 4556//4556 4417//4417 4595//4595
f 4554//4554 4555//4555 4556//4556
f 4595//4595 4554//4554 4556//4556
f 4416//4416 4596//4596 4560//4560
f 4483//4483 4419//4419 4359//4359
f 4420//4420 4418//4418 4419//4419
f 4421//4421 4425//4425 4420//4420
f 4593//4593 4421//4421 4420//4420
f 4483//4483 4422//4422 4419//4419
f 4549//4549 4422//4422 4483//4483
f 4423//4423 4424//4424 4549//4549
f 4423//4423 4549//4549 4591//4591
f 4483//4483 4591//4591 4549//4549
f 4419//4419 4593//4593 4420//4420
f 4426//4426 4442//4442 4357//4357
f 4357//4357 4588//4588 4426//4426
f 4589//4589 4426//4426 4588//4588
f 4427//4427 4503//4503 4589//4589
f 4427//4427 4589//4589 4587//4587
f 4429//4429 4585//4585 4428//4428
f 4430//4430 4432//4432 4429//4429
f 4431//4431 4430//4430 4429//4429
f 4428//4428 4431//4431 4429//4429
f 4585//4585 4588//4588 4357//4357
f 4588//4588 4587//4587 4589//4589
f 4435//4435 4434//4434 4433//4433
f 4433//4433 4368//4368 4415//4415
f 4435//4435 4433//4433 4415//4415
f 4413//4413 4415//4415 4416//4416
f 4435//4435 4415//4415 4413//4413
f 4435//4435 4413//4413 4407//4407
f 4434//4434 4435//4435 4407//4407
f 4434//4434 4407//4407 4370//4370
f 4433//4433 4434//4434 4370//4370
f 4433//4433 4370//4370 4368//4368
f 4436//4436 4437//4437 4363//4363
f 4436//4436 4363//4363 4418//4418
f 4436//4436 4418//4418 4366//4366
f 4438//4438 4436//4436 4366//4366
f 4438//4438 4366//4366 4367//4367
f 4437//4437 4438//4438 4367//4367
f 4437//4437 4367//4367 4363//4363
f 4437//4437 4436//4436 4438//4438
f 4439//4439 4357//4357 4442//4442
f 4441//4441 4439//4439 4442//4442
f 4359//4359 4442//4442 4483//4483
f 4441//4441 4442//4442 4359//4359
f 4440//4440 4441//4441 4359//4359
f 4440//4440 4359//4359 4364//4364
f 4439//4439 4440//4440 4364//4364
f 4439//4439 4364//4364 4357//4357
f 4440//4440 4439//4439 4441//4441
f 4443//4443 4355//4355 4428//4428
f 4445//4445 4443//4443 4428//4428
f 4445//4445 4428//4428 4360//4360
f 4444//4444 4445//4445 4360//4360
f 4444//4444 4360//4360 4356//4356
f 4443//4443 4444//4444 4356//4356
f 4443//4443 4356//4356 4355//4355
f 4444//4444 4443//4443 4445//4445
f 4449//4449 4447//4447 4446//4446
f 4446//4446 4386//4386 4358//4358
f 4448//4448 4446//4446 4358//4358
f 4448//4448 4358//4358 4362//4362
f 4449//4449 4448//4448 4362//4362
f 4449//4449 4362//4362 4388//4388
f 4447//4447 4449//4449 4388//4388
f 4447//4447 4388//4388 4386//4386
f 4446//4446 4447//4447 4386//4386
f 4449//4449 4446//4446 4448//4448
f 4450//4450 4361//4361 4365//4365
f 4452//4452 4450//4450 4365//4365
f 4452//4452 4365//4365 4391//4391
f 4451//4451 4452//4452 4391//4391
f 4451//4451 4391//4391 4453//4453
f 4450//4450 4453//4453 4361//4361
f 4450//4450 4451//4451 4453//4453
f 4452//4452 4451//4451 4450//4450
f 4456//4456 4393//4393 4369//4369
f 4455//4455 4456//4456 4369//4369
f 4455//4455 4369//4369 4398//4398
f 4454//4454 4398//4398 4457//4457
f 4454//4454 4455//4455 4398//4398
f 4454//4454 4457//4457 4393//4393
f 4456//4456 4454//4454 4393//4393
f 4455//4455 4454//4454 4456//4456
f 4460//4460 4458//4458 4372//4372
f 4460//4460 4372//4372 4404//4404
f 4459//4459 4460//4460 4404//4404
f 4459//4459 4404//4404 4461//4461
f 4459//4459 4461//4461 4399//4399
f 4458//4458 4459//4459 4399//4399
f 4458//4458 4399//4399 4372//4372
f 4460//4460 4459//4459 4458//4458
f 4563//4563 4564//4564 4461//4461
f 4563//4563 4461//4461 4404//4404
f 4428//4428 4355//4355 4583//4583
f 4463//4463 4583//4583 4462//4462
f 4463//4463 4428//4428 4583//4583
f 4416//4416 4599//4599 4413//4413
f 4416//4416 4464//4464 4599//4599
f 4457//4457 4465//4465 4393//4393
f 4457//4457 4568//4568 4465//4465
f 4374//4374 4468//4468 4466//4466
f 4373//4373 4374//4374 4466//4466
f 4373//4373 4466//4466 4467//4467
f 4375//4375 4468//4468 4374//4374
f 4375//4375 4469//4469 4468//4468
f 4377//4377 4373//4373 4467//4467
f 4470//4470 4377//4377 4467//4467
f 4471//4471 4469//4469 4375//4375
f 4471//4471 4375//4375 4376//4376
f 4472//4472 4471//4471 4376//4376
f 4472//4472 4377//4377 4470//4470
f 4472//4472 4376//4376 4377//4377
f 4467//4467 4473//4473 4480//4480
f 4466//4466 4473//4473 4467//4467
f 4466//4466 4474//4474 4473//4473
f 4468//4468 4474//4474 4466//4466
f 4468//4468 4475//4475 4474//4474
f 4469//4469 4475//4475 4468//4468
f 4469//4469 4476//4476 4475//4475
f 4471//4471 4476//4476 4469//4469
f 4471//4471 4477//4477 4476//4476
f 4472//4472 4477//4477 4471//4471
f 4472//4472 4478//4478 4477//4477
f 4470//4470 4478//4478 4472//4472
f 4470//4470 4479//4479 4478//4478
f 4467//4467 4479//4479 4470//4470
f 4467//4467 4480//4480 4479//4479
f 4578//4578 4577//4577 4481//4481
f 4386//4386 4387//4387 4577//4577
f 4386//4386 4577//4577 4578//4578
f 4384//4384 4386//4386 4578//4578
f 4378//4378 4382//4382 4580//4580
f 4582//4582 4378//4378 4580//4580
f 4582//4582 4580//4580 4581//4581
f 4576//4576 4574//4574 4575//4575
f 4387//4387 4574//4574 4576//4576
f 4453//4453 4571//4571 4572//4572
f 4391//4391 4571//4571 4453//4453
f 4588//4588 4585//4585 4586//4586
f 4396//4396 4482//4482 4392//4392
f 4590//4590 4442//4442 4426//4426
f 4590//4590 4483//4483 4442//4442
f 4484//4484 4419//4419 4422//4422
f 4484//4484 4422//4422 4592//4592
f 4402//4402 4566//4566 4400//4400
f 4565//4565 4566//4566 4402//4402
f 4486//4486 4595//4595 4418//4418
f 4486//4486 4418//4418 4485//4485
f 4487//4487 4416//4416 4417//4417
f 4487//4487 4597//4597 4416//4416
f 4405//4405 4488//4488 4410//4410
f 4412//4412 4414//4414 4490//4490
f 4492//4492 4409//4409 4411//4411
f 4489//4489 4414//4414 4491//4491
f 4489//4489 4490//4490 4414//4414
f 4493//4493 4491//4491 4492//4492
f 4493//4493 4489//4489 4491//4491
f 4492//4492 4411//4411 4493//4493
f 4526//4526 4390//4390 4494//4494
f 4522//4522 4525//4525 4521//4521
f 4522//4522 4395//4395 4525//4525
f 4496//4496 4495//4495 4390//4390
f 4520//4520 4395//4395 4522//4522
f 4517//4517 4520//4520 4519//4519
f 4383//4383 4534//4534 4532//4532
f 4479//4479 4390//4390 4526//4526
f 4479//4479 4526//4526 4395//4395
f 4480//4480 4390//4390 4479//4479
f 4478//4478 4479//4479 4395//4395
f 4498//4498 4497//4497 4538//4538
f 4480//4480 4496//4496 4390//4390
f 4478//4478 4395//4395 4520//4520
f 4499//4499 4512//4512 4515//4515
f 4480//4480 4532//4532 4496//4496
f 4480//4480 4383//4383 4532//4532
f 4381//4381 4498//4498 4538//4538
f 4478//4478 4520//4520 4517//4517
f 4478//4478 4517//4517 4512//4512
f 4473//4473 4383//4383 4480//4480
f 4473//4473 4538//4538 4383//4383
f 4478//4478 4512//4512 4499//4499
f 4473//4473 4381//4381 4538//4538
f 4474//4474 4381//4381 4473//4473
f 4477//4477 4478//4478 4499//4499
f 4409//4409 4499//4499 4509//4509
f 4430//4430 4381//4381 4474//4474
f 4409//4409 4477//4477 4499//4499
f 4430//4430 4500//4500 4541//4541
f 4430//4430 4541//4541 4381//4381
f 4432//4432 4430//4430 4474//4474
f 4427//4427 4432//4432 4474//4474
f 4414//4414 4477//4477 4409//4409
f 4558//4558 4477//4477 4414//4414
f 4414//4414 4409//4409 4492//4492
f 4427//4427 4501//4501 4432//4432
f 4414//4414 4492//4492 4491//4491
f 4503//4503 4427//4427 4474//4474
f 4558//4558 4476//4476 4477//4477
f 4423//4423 4503//4503 4474//4474
f 4502//4502 4476//4476 4558//4558
f 4423//4423 4474//4474 4475//4475
f 4424//4424 4423//4423 4475//4475
f 4547//4547 4503//4503 4423//4423
f 4502//4502 4558//4558 4561//4561
f 4504//4504 4502//4502 4561//4561
f 4547//4547 4545//4545 4503//4503
f 4421//4421 4424//4424 4475//4475
f 4555//4555 4476//4476 4502//4502
f 4555//4555 4475//4475 4476//4476
f 4425//4425 4421//4421 4475//4475
f 4425//4425 4475//4475 4555//4555
f 4421//4421 4548//4548 4424//4424
f 4505//4505 4502//4502 4506//4506
f 4505//4505 4555//4555 4502//4502
f 4550//4550 4548//4548 4421//4421
f 4555//4555 4507//4507 4425//4425
f 4508//4508 4409//4409 4509//4509
f 4408//4408 4409//4409 4508//4508
f 4509//4509 4511//4511 4508//4508
f 4511//4511 4509//4509 4499//4499
f 4499//4499 4510//4510 4511//4511
f 4513//4513 4403//4403 4499//4499
f 4514//4514 4499//4499 4515//4515
f 4499//4499 4514//4514 4513//4513
f 4516//4516 4514//4514 4515//4515
f 4515//4515 4512//4512 4516//4516
f 4512//4512 4401//4401 4516//4516
f 4567//4567 4517//4517 4519//4519
f 4517//4517 4567//4567 4518//4518
f 4569//4569 4567//4567 4519//4519
f 4519//4519 4520//4520 4569//4569
f 4522//4522 4570//4570 4397//4397
f 4522//4522 4397//4397 4520//4520
f 4570//4570 4522//4522 4521//4521
f 4523//4523 4521//4521 4525//4525
f 4521//4521 4523//4523 4570//4570
f 4524//4524 4523//4523 4525//4525
f 4524//4524 4525//4525 4395//4395
f 4528//4528 4394//4394 4526//4526
f 4526//4526 4494//4494 4527//4527
f 4528//4528 4526//4526 4527//4527
f 4527//4527 4494//4494 4529//4529
f 4529//4529 4494//4494 4390//4390
f 4390//4390 4495//4495 4530//4530
f 4495//4495 4573//4573 4530//4530
f 4531//4531 4573//4573 4495//4495
f 4496//4496 4531//4531 4495//4495
f 4533//4533 4532//4532 4534//4534
f 4389//4389 4532//4532 4533//4533
f 4533//4533 4534//4534 4535//4535
f 4535//4535 4534//4534 4383//4383
f 4535//4535 4383//4383 4385//4385
f 4540//4540 4498//4498 4579//4579
f 4498//4498 4381//4381 4579//4579
f 4538//4538 4537//4537 4536//4536
f 4539//4539 4538//4538 4497//4497
f 4537//4537 4538//4538 4539//4539
f 4540//4540 4539//4539 4497//4497
f 4540//4540 4497//4497 4498//4498
f 4541//4541 4584//4584 4380//4380
f 4541//4541 4380//4380 4381//4381
f 4541//4541 4542//4542 4584//4584
f 4541//4541 4500//4500 4542//4542
f 4431//4431 4500//4500 4430//4430
f 4431//4431 4542//4542 4500//4500
f 4432//4432 4501//4501 4543//4543
f 4429//4429 4432//4432 4543//4543
f 4587//4587 4543//4543 4501//4501
f 4587//4587 4501//4501 4427//4427
f 4591//4591 4547//4547 4423//4423
f 4544//4544 4503//4503 4545//4545
f 4503//4503 4544//4544 4589//4589
f 4546//4546 4545//4545 4547//4547
f 4546//4546 4544//4544 4545//4545
f 4547//4547 4591//4591 4546//4546
f 4548//4548 4549//4549 4424//4424
f 4551//4551 4421//4421 4593//4593
f 4548//4548 4550//4550 4594//4594
f 4549//4549 4548//4548 4594//4594
f 4550//4550 4551//4551 4594//4594
f 4551//4551 4550//4550 4421//4421
f 4425//4425 4552//4552 4420//4420
f 4552//4552 4425//4425 4553//4553
f 4507//4507 4553//4553 4425//4425
f 4507//4507 4555//4555 4554//4554
f 4554//4554 4553//4553 4507//4507
f 4506//4506 4502//4502 4596//4596
f 4505//4505 4556//4556 4555//4555
f 4505//4505 4506//4506 4557//4557
f 4505//4505 4557//4557 4556//4556
f 4596//4596 4557//4557 4506//4506
f 4502//4502 4504//4504 4560//4560
f 4560//4560 4504//4504 4559//4559
f 4598//4598 4504//4504 4561//4561
f 4598//4598 4559//4559 4504//4504
f 4558//4558 4562//4562 4561//4561
f 4561//4561 4562//4562 4598//4598
f 4490//4490 4405//4405 4412//4412
f 4405//4405 4490//4490 4488//4488
f 4490//4490 4489//4489 4488//4488
f 4493//4493 4488//4488 4489//4489
f 4493//4493 4410//4410 4488//4488
f 4411//4411 4410//4410 4493//4493
f 4408//4408 4563//4563 4404//4404
f 4408//4408 4508//4508 4563//4563
f 4564//4564 4563//4563 4511//4511
f 4511//4511 4563//4563 4508//4508
f 4510//4510 4564//4564 4511//4511
f 4564//4564 4510//4510 4461//4461
f 4516//4516 4401//4401 4400//4400
f 4402//4402 4513//4513 4565//4565
f 4513//4513 4402//4402 4403//4403
f 4514//4514 4565//4565 4513//4513
f 4566//4566 4565//4565 4514//4514
f 4516//4516 4566//4566 4514//4514
f 4516//4516 4400//4400 4566//4566
f 4457//4457 4518//4518 4568//4568
f 4569//4569 4393//4393 4465//4465
f 4518//4518 4567//4567 4568//4568
f 4567//4567 4465//4465 4568//4568
f 4569//4569 4465//4465 4567//4567
f 4570//4570 4396//4396 4397//4397
f 4396//4396 4570//4570 4482//4482
f 4523//4523 4482//4482 4570//4570
f 4524//4524 4392//4392 4482//4482
f 4523//4523 4524//4524 4482//4482
f 4529//4529 4453//4453 4572//4572
f 4571//4571 4391//4391 4394//4394
f 4571//4571 4394//4394 4528//4528
f 4571//4571 4527//4527 4572//4572
f 4528//4528 4527//4527 4571//4571
f 4529//4529 4572//4572 4527//4527
f 4576//4576 4531//4531 4387//4387
f 4573//4573 4575//4575 4574//4574
f 4530//4530 4573//4573 4574//4574
f 4576//4576 4575//4575 4573//4573
f 4531//4531 4576//4576 4573//4573
f 4387//4387 4389//4389 4577//4577
f 4533//4533 4481//4481 4577//4577
f 4533//4533 4577//4577 4389//4389
f 4481//4481 4533//4533 4535//4535
f 4481//4481 4535//4535 4578//4578
f 4578//4578 4385//4385 4384//4384
f 4578//4578 4535//4535 4385//4385
f 4579//4579 4378//4378 4582//4582
f 4579//4579 4582//4582 4540//4540
f 4382//4382 4536//4536 4537//4537
f 4382//4382 4537//4537 4580//4580
f 4539//4539 4580//4580 4537//4537
f 4581//4581 4580//4580 4539//4539
f 4582//4582 4581//4581 4540//4540
f 4540//4540 4581//4581 4539//4539
f 4583//4583 4355//4355 4380//4380
f 4380//4380 4584//4584 4583//4583
f 4431//4431 4428//4428 4463//4463
f 4584//4584 4462//4462 4583//4583
f 4462//4462 4584//4584 4542//4542
f 4542//4542 4463//4463 4462//4462
f 4542//4542 4431//4431 4463//4463
f 4543//4543 4586//4586 4585//4585
f 4429//4429 4543//4543 4585//4585
f 4587//4587 4588//4588 4586//4586
f 4587//4587 4586//4586 4543//4543
f 4589//4589 4544//4544 4426//4426
f 4426//4426 4544//4544 4590//4590
f 4590//4590 4544//4544 4546//4546
f 4591//4591 4590//4590 4546//4546
f 4590//4590 4591//4591 4483//4483
f 4549//4549 4592//4592 4422//4422
f 4593//4593 4419//4419 4484//4484
f 4594//4594 4592//4592 4549//4549
f 4594//4594 4484//4484 4592//4592
f 4551//4551 4484//4484 4594//4594
f 4484//4484 4551//4551 4593//4593
f 4485//4485 4418//4418 4420//4420
f 4485//4485 4420//4420 4552//4552
f 4485//4485 4553//4553 4486//4486
f 4552//4552 4553//4553 4485//4485
f 4595//4595 4486//4486 4553//4553
f 4554//4554 4595//4595 4553//4553
f 4596//4596 4416//4416 4597//4597
f 4557//4557 4597//4597 4487//4487
f 4557//4557 4487//4487 4556//4556
f 4487//4487 4417//4417 4556//4556
f 4596//4596 4597//4597 4557//4557
f 4599//4599 4562//4562 4413//4413
f 4416//4416 4559//4559 4464//4464
f 4560//4560 4559//4559 4416//4416
f 4464//4464 4559//4559 4598//4598
f 4464//4464 4598//4598 4599//4599
f 4562//4562 4599//4599 4598//4598
f 4606//4606 4628//4628 4627//4627
f 4606//4606 4627//4627 4605//4605
f 4110//4110 4674//4674 4673//4673
f 4606//4606 4605//4605 4609//4609
f 4110//4110 4609//4609 4674//4674
f 4636//4636 4607//4607 4612//4612
f 4603//4603 4606//4606 4609//4609
f 4603//4603 4609//4609 4110//4110
f 4603//4603 4612//4612 4606//4606
f 4602//4602 4612//4612 4603//4603
f 4604//4604 4603//4603 4110//4110
f 4610//4610 4636//4636 4612//4612
f 4611//4611 4608//4608 4668//4668
f 4611//4611 4110//4110 4608//4608
f 4610//4610 4612//4612 4602//4602
f 4611//4611 4604//4604 4110//4110
f 4615//4615 4604//4604 4611//4611
f 4614//4614 4610//4610 4602//4602
f 4601//4601 4614//4614 4602//4602
f 4600//4600 4604//4604 4615//4615
f 4618//4618 4643//4643 4614//4614
f 4616//4616 4615//4615 4613//4613
f 4618//4618 4649//4649 4643//4643
f 4616//4616 4600//4600 4615//4615
f 4618//4618 4614//4614 4601//4601
f 4616//4616 4613//4613 4663//4663
f 4617//4617 4618//4618 4601//4601
f 4619//4619 4600//4600 4616//4616
f 4649//4649 4618//4618 4701//4701
f 4621//4621 4601//4601 4600//4600
f 4621//4621 4617//4617 4601//4601
f 4621//4621 4600//4600 4619//4619
f 4620//4620 4621//4621 4619//4619
f 4651//4651 4650//4650 4617//4617
f 4659//4659 4619//4619 4681//4681
f 4651//4651 4617//4617 4621//4621
f 4659//4659 4620//4620 4619//4619
f 4658//4658 4620//4620 4659//4659
f 4603//4603 4623//4623 4622//4622
f 4604//4604 4623//4623 4603//4603
f 4604//4604 4624//4624 4623//4623
f 4600//4600 4624//4624 4604//4604
f 4601//4601 4624//4624 4600//4600
f 4601//4601 4625//4625 4624//4624
f 4601//4601 4626//4626 4625//4625
f 4602//4602 4626//4626 4601//4601
f 4603//4603 4626//4626 4602//4602
f 4603//4603 4622//4622 4626//4626
f 4627//4627 4629//4629 4605//4605
f 4628//4628 4831//4831 4627//4627
f 4627//4627 4630//4630 4629//4629
f 4631//4631 4629//4629 4630//4630
f 4632//4632 4778//4778 4631//4631
f 4834//4834 4631//4631 4630//4630
f 4834//4834 4632//4632 4631//4631
f 4831//4831 4630//4630 4627//4627
f 4628//4628 4830//4830 4831//4831
f 4633//4633 4831//4831 4830//4830
f 4774//4774 4634//4634 4633//4633
f 4775//4775 4633//4633 4830//4830
f 4775//4775 4774//4774 4633//4633
f 4635//4635 4694//4694 4607//4607
f 4636//4636 4635//4635 4607//4607
f 4641//4641 4639//4639 4636//4636
f 4641//4641 4636//4636 4610//4610
f 4635//4635 4637//4637 4694//4694
f 4636//4636 4825//4825 4635//4635
f 4638//4638 4635//4635 4825//4825
f 4638//4638 4637//4637 4635//4635
f 4769//4769 4772//4772 4638//4638
f 4824//4824 4769//4769 4638//4638
f 4640//4640 4639//4639 4641//4641
f 4639//4639 4825//4825 4636//4636
f 4825//4825 4824//4824 4638//4638
f 4644//4644 4820//4820 4643//4643
f 4649//4649 4726//4726 4643//4643
f 4644//4644 4643//4643 4726//4726
f 4645//4645 4762//4762 4644//4644
f 4646//4646 4644//4644 4726//4726
f 4646//4646 4645//4645 4644//4644
f 4727//4727 4726//4726 4649//4649
f 4647//4647 4727//4727 4649//4649
f 4816//4816 4647//4647 4649//4649
f 4816//4816 4648//4648 4647//4647
f 4656//4656 4654//4654 4651//4651
f 4656//4656 4651//4651 4621//4621
f 4756//4756 4814//4814 4650//4650
f 4651//4651 4653//4653 4650//4650
f 4756//4756 4650//4650 4653//4653
f 4652//4652 4657//4657 4756//4756
f 4813//4813 4652//4652 4756//4756
f 4654//4654 4653//4653 4651//4651
f 4655//4655 4654//4654 4656//4656
f 4653//4653 4813//4813 4756//4756
f 4659//4659 4732//4732 4658//4658
f 4660//4660 4658//4658 4732//4732
f 4737//4737 4745//4745 4660//4660
f 4807//4807 4737//4737 4660//4660
f 4661//4661 4805//4805 4659//4659
f 4661//4661 4659//4659 4681//4681
f 4803//4803 4736//4736 4661//4661
f 4662//4662 4661//4661 4681//4681
f 4662//4662 4803//4803 4661//4661
f 4805//4805 4732//4732 4659//4659
f 4732//4732 4807//4807 4660//4660
f 4666//4666 4664//4664 4613//4613
f 4613//4613 4731//4731 4663//4663
f 4665//4665 4663//4663 4731//4731
f 4798//4798 4747//4747 4665//4665
f 4798//4798 4665//4665 4799//4799
f 4845//4845 4731//4731 4613//4613
f 4664//4664 4845//4845 4613//4613
f 4796//4796 4845//4845 4664//4664
f 4795//4795 4797//4797 4796//4796
f 4664//4664 4795//4795 4796//4796
f 4731//4731 4799//4799 4665//4665
f 4668//4668 4667//4667 4611//4611
f 4672//4672 4668//4668 4608//4608
f 4667//4667 4666//4666 4611//4611
f 4793//4793 4666//4666 4667//4667
f 4792//4792 4669//4669 4793//4793
f 4841//4841 4670//4670 4668//4668
f 4841//4841 4668//4668 4672//4672
f 4671//4671 4790//4790 4841//4841
f 4671//4671 4841//4841 4786//4786
f 4672//4672 4786//4786 4841//4841
f 4670//4670 4667//4667 4668//4668
f 4667//4667 4792//4792 4793//4793
f 4674//4674 4838//4838 4673//4673
f 4838//4838 4840//4840 4673//4673
f 4675//4675 4840//4840 4838//4838
f 4785//4785 4677//4677 4675//4675
f 4839//4839 4785//4785 4675//4675
f 4676//4676 4838//4838 4674//4674
f 4783//4783 4676//4676 4674//4674
f 4838//4838 4839//4839 4675//4675
f 4678//4678 4619//4619 4616//4616
f 4680//4680 4678//4678 4616//4616
f 4680//4680 4616//4616 4663//4663
f 4679//4679 4680//4680 4663//4663
f 4679//4679 4663//4663 4681//4681
f 4678//4678 4679//4679 4681//4681
f 4678//4678 4681//4681 4619//4619
f 4679//4679 4678//4678 4680//4680
f 4682//4682 4684//4684 4683//4683
f 4684//4684 4682//4682 4611//4611
f 4684//4684 4611//4611 4666//4666
f 4684//4684 4666//4666 4613//4613
f 4683//4683 4684//4684 4613//4613
f 4683//4683 4613//4613 4615//4615
f 4682//4682 4683//4683 4615//4615
f 4682//4682 4615//4615 4611//4611
f 4685//4685 4110//4110 4673//4673
f 4672//4672 4673//4673 4840//4840
f 4687//4687 4673//4673 4672//4672
f 4687//4687 4685//4685 4673//4673
f 4687//4687 4672//4672 4608//4608
f 4686//4686 4687//4687 4608//4608
f 4686//4686 4608//4608 4110//4110
f 4685//4685 4686//4686 4110//4110
f 4686//4686 4685//4685 4687//4687
f 4688//4688 4690//4690 4689//4689
f 4688//4688 4605//4605 4629//4629
f 4690//4690 4688//4688 4629//4629
f 4690//4690 4629//4629 4674//4674
f 4689//4689 4690//4690 4674//4674
f 4689//4689 4674//4674 4609//4609
f 4689//4689 4609//4609 4605//4605
f 4688//4688 4689//4689 4605//4605
f 4692//4692 4691//4691 4693//4693
f 4691//4691 4692//4692 4694//4694
f 4628//4628 4694//4694 4830//4830
f 4691//4691 4694//4694 4628//4628
f 4691//4691 4628//4628 4606//4606
f 4693//4693 4691//4691 4606//4606
f 4693//4693 4606//4606 4612//4612
f 4692//4692 4693//4693 4612//4612
f 4692//4692 4612//4612 4607//4607
f 4692//4692 4607//4607 4694//4694
f 4697//4697 4695//4695 4610//4610
f 4697//4697 4610//4610 4614//4614
f 4696//4696 4697//4697 4614//4614
f 4696//4696 4614//4614 4643//4643
f 4695//4695 4696//4696 4643//4643
f 4695//4695 4643//4643 4820//4820
f 4695//4695 4820//4820 4641//4641
f 4695//4695 4641//4641 4610//4610
f 4696//4696 4695//4695 4697//4697
f 4700//4700 4698//4698 4618//4618
f 4700//4700 4618//4618 4617//4617
f 4699//4699 4700//4700 4617//4617
f 4699//4699 4617//4617 4650//4650
f 4701//4701 4650//4650 4814//4814
f 4699//4699 4650//4650 4701//4701
f 4698//4698 4699//4699 4701//4701
f 4698//4698 4701//4701 4618//4618
f 4699//4699 4698//4698 4700//4700
f 4704//4704 4703//4703 4702//4702
f 4704//4704 4702//4702 4621//4621
f 4704//4704 4621//4621 4620//4620
f 4704//4704 4620//4620 4658//4658
f 4703//4703 4704//4704 4658//4658
f 4703//4703 4658//4658 4656//4656
f 4702//4702 4703//4703 4656//4656
f 4702//4702 4656//4656 4621//4621
f 4808//4808 4809//4809 4656//4656
f 4808//4808 4656//4656 4658//4658
f 4705//4705 4629//4629 4835//4835
f 4705//4705 4674//4674 4629//4629
f 4849//4849 4681//4681 4663//4663
f 4849//4849 4851//4851 4681//4681
f 4847//4847 4851//4851 4849//4849
f 4701//4701 4706//4706 4649//4649
f 4701//4701 4814//4814 4706//4706
f 4622//4622 4709//4709 4707//4707
f 4622//4622 4707//4707 4708//4708
f 4623//4623 4709//4709 4622//4622
f 4626//4626 4622//4622 4708//4708
f 4623//4623 4710//4710 4709//4709
f 4626//4626 4708//4708 4711//4711
f 4711//4711 4625//4625 4626//4626
f 4710//4710 4623//4623 4624//4624
f 4713//4713 4710//4710 4624//4624
f 4712//4712 4625//4625 4711//4711
f 4714//4714 4625//4625 4712//4712
f 4714//4714 4713//4713 4624//4624
f 4714//4714 4624//4624 4625//4625
f 4707//4707 4722//4722 4708//4708
f 4707//4707 4715//4715 4722//4722
f 4707//4707 4716//4716 4715//4715
f 4709//4709 4716//4716 4707//4707
f 4709//4709 4717//4717 4716//4716
f 4710//4710 4717//4717 4709//4709
f 4710//4710 4718//4718 4717//4717
f 4713//4713 4718//4718 4710//4710
f 4713//4713 4719//4719 4718//4718
f 4714//4714 4719//4719 4713//4713
f 4714//4714 4720//4720 4719//4719
f 4712//4712 4720//4720 4714//4714
f 4711//4711 4721//4721 4720//4720
f 4711//4711 4720//4720 4712//4712
f 4711//4711 4722//4722 4721//4721
f 4708//4708 4722//4722 4711//4711
f 4828//4828 4826//4826 4829//4829
f 4830//4830 4826//4826 4828//4828
f 4694//4694 4637//4637 4826//4826
f 4694//4694 4826//4826 4830//4830
f 4630//4630 4831//4831 4723//4723
f 4724//4724 4630//4630 4723//4723
f 4825//4825 4639//4639 4823//4823
f 4820//4820 4819//4819 4821//4821
f 4820//4820 4821//4821 4641//4641
f 4838//4838 4676//4676 4837//4837
f 4727//4727 4725//4725 4726//4726
f 4728//4728 4672//4672 4840//4840
f 4729//4729 4667//4667 4670//4670
f 4729//4729 4670//4670 4842//4842
f 4654//4654 4810//4810 4812//4812
f 4654//4654 4812//4812 4653//4653
f 4730//4730 4664//4664 4666//4666
f 4846//4846 4731//4731 4845//4845
f 4805//4805 4733//4733 4732//4732
f 4736//4736 4735//4735 4661//4661
f 4736//4736 4734//4734 4735//4735
f 4806//4806 4734//4734 4738//4738
f 4806//4806 4735//4735 4734//4734
f 4738//4738 4737//4737 4807//4807
f 4807//4807 4806//4806 4738//4738
f 4758//4758 4761//4761 4759//4759
f 4762//4762 4766//4766 4765//4765
f 4769//4769 4739//4739 4642//4642
f 4642//4642 4766//4766 4762//4762
f 4740//4740 4770//4770 4772//4772
f 4758//4758 4645//4645 4761//4761
f 4648//4648 4645//4645 4758//4758
f 4774//4774 4740//4740 4772//4772
f 4657//4657 4648//4648 4741//4741
f 4721//4721 4642//4642 4762//4762
f 4721//4721 4762//4762 4645//4645
f 4722//4722 4642//4642 4721//4721
f 4722//4722 4769//4769 4642//4642
f 4721//4721 4645//4645 4648//4648
f 4720//4720 4721//4721 4648//4648
f 4742//4742 4652//4652 4755//4755
f 4753//4753 4652//4652 4742//4742
f 4722//4722 4772//4772 4769//4769
f 4722//4722 4774//4774 4772//4772
f 4632//4632 4776//4776 4634//4634
f 4632//4632 4777//4777 4776//4776
f 4720//4720 4648//4648 4657//4657
f 4722//4722 4634//4634 4774//4774
f 4720//4720 4657//4657 4652//4652
f 4720//4720 4652//4652 4753//4753
f 4722//4722 4632//4632 4634//4634
f 4715//4715 4632//4632 4722//4722
f 4715//4715 4778//4778 4632//4632
f 4719//4719 4720//4720 4753//4753
f 4744//4744 4779//4779 4778//4778
f 4782//4782 4778//4778 4715//4715
f 4745//4745 4719//4719 4753//4753
f 4752//4752 4753//4753 4743//4743
f 4745//4745 4753//4753 4752//4752
f 4744//4744 4778//4778 4782//4782
f 4782//4782 4715//4715 4716//4716
f 4737//4737 4719//4719 4745//4745
f 4785//4785 4782//4782 4716//4716
f 4736//4736 4719//4719 4737//4737
f 4677//4677 4785//4785 4716//4716
f 4803//4803 4719//4719 4736//4736
f 4785//4785 4746//4746 4782//4782
f 4734//4734 4736//4736 4737//4737
f 4734//4734 4737//4737 4738//4738
f 4803//4803 4718//4718 4719//4719
f 4671//4671 4677//4677 4716//4716
f 4747//4747 4718//4718 4803//4803
f 4790//4790 4671//4671 4716//4716
f 4798//4798 4718//4718 4747//4747
f 4790//4790 4716//4716 4717//4717
f 4671//4671 4788//4788 4677//4677
f 4747//4747 4803//4803 4804//4804
f 4747//4747 4804//4804 4801//4801
f 4669//4669 4790//4790 4717//4717
f 4797//4797 4718//4718 4798//4798
f 4797//4797 4717//4717 4718//4718
f 4669//4669 4717//4717 4797//4797
f 4669//4669 4797//4797 4794//4794
f 4669//4669 4791//4791 4790//4790
f 4797//4797 4798//4798 4748//4748
f 4794//4794 4749//4749 4669//4669
f 4751//4751 4660//4660 4745//4745
f 4751//4751 4752//4752 4750//4750
f 4745//4745 4752//4752 4751//4751
f 4752//4752 4743//4743 4750//4750
f 4743//4743 4655//4655 4750//4750
f 4753//4753 4655//4655 4743//4743
f 4811//4811 4655//4655 4753//4753
f 4811//4811 4753//4753 4742//4742
f 4742//4742 4754//4754 4811//4811
f 4742//4742 4755//4755 4754//4754
f 4754//4754 4755//4755 4813//4813
f 4813//4813 4755//4755 4652//4652
f 4657//4657 4757//4757 4756//4756
f 4816//4816 4741//4741 4648//4648
f 4815//4815 4657//4657 4741//4741
f 4757//4757 4657//4657 4815//4815
f 4816//4816 4815//4815 4741//4741
f 4648//4648 4758//4758 4817//4817
f 4817//4817 4647//4647 4648//4648
f 4758//4758 4759//4759 4760//4760
f 4817//4817 4758//4758 4760//4760
f 4818//4818 4759//4759 4761//4761
f 4818//4818 4761//4761 4646//4646
f 4760//4760 4759//4759 4818//4818
f 4646//4646 4761//4761 4645//4645
f 4767//4767 4766//4766 4642//4642
f 4767//4767 4642//4642 4640//4640
f 4762//4762 4763//4763 4644//4644
f 4764//4764 4763//4763 4765//4765
f 4762//4762 4765//4765 4763//4763
f 4767//4767 4764//4764 4765//4765
f 4766//4766 4767//4767 4765//4765
f 4642//4642 4822//4822 4640//4640
f 4739//4739 4768//4768 4822//4822
f 4642//4642 4739//4739 4822//4822
f 4824//4824 4768//4768 4739//4739
f 4769//4769 4824//4824 4739//4739
f 4772//4772 4827//4827 4638//4638
f 4827//4827 4772//4772 4770//4770
f 4771//4771 4827//4827 4770//4770
f 4771//4771 4770//4770 4773//4773
f 4770//4770 4740//4740 4773//4773
f 4773//4773 4740//4740 4775//4775
f 4775//4775 4740//4740 4774//4774
f 4777//4777 4632//4632 4834//4834
f 4832//4832 4634//4634 4776//4776
f 4832//4832 4633//4633 4634//4634
f 4833//4833 4832//4832 4776//4776
f 4833//4833 4776//4776 4777//4777
f 4834//4834 4833//4833 4777//4777
f 4778//4778 4836//4836 4631//4631
f 4780//4780 4744//4744 4782//4782
f 4780//4780 4782//4782 4783//4783
f 4778//4778 4779//4779 4836//4836
f 4780//4780 4779//4779 4744//4744
f 4779//4779 4780//4780 4836//4836
f 4782//4782 4746//4746 4781//4781
f 4783//4783 4782//4782 4781//4781
f 4746//4746 4784//4784 4781//4781
f 4839//4839 4784//4784 4746//4746
f 4839//4839 4746//4746 4785//4785
f 4677//4677 4788//4788 4787//4787
f 4677//4677 4787//4787 4675//4675
f 4788//4788 4671//4671 4786//4786
f 4787//4787 4788//4788 4786//4786
f 4789//4789 4790//4790 4791//4791
f 4789//4789 4841//4841 4790//4790
f 4792//4792 4789//4789 4791//4791
f 4792//4792 4791//4791 4669//4669
f 4749//4749 4843//4843 4669//4669
f 4669//4669 4843//4843 4793//4793
f 4844//4844 4843//4843 4749//4749
f 4749//4749 4794//4794 4844//4844
f 4794//4794 4797//4797 4795//4795
f 4795//4795 4844//4844 4794//4794
f 4797//4797 4800//4800 4796//4796
f 4797//4797 4748//4748 4800//4800
f 4798//4798 4799//4799 4748//4748
f 4800//4800 4748//4748 4799//4799
f 4850//4850 4665//4665 4747//4747
f 4850//4850 4747//4747 4801//4801
f 4848//4848 4850//4850 4801//4801
f 4801//4801 4802//4802 4848//4848
f 4801//4801 4804//4804 4802//4802
f 4802//4802 4804//4804 4662//4662
f 4803//4803 4662//4662 4804//4804
f 4735//4735 4805//4805 4661//4661
f 4805//4805 4735//4735 4733//4733
f 4806//4806 4733//4733 4735//4735
f 4807//4807 4733//4733 4806//4806
f 4807//4807 4732//4732 4733//4733
f 4660//4660 4751//4751 4808//4808
f 4660//4660 4808//4808 4658//4658
f 4751//4751 4750//4750 4809//4809
f 4751//4751 4809//4809 4808//4808
f 4750//4750 4655//4655 4809//4809
f 4655//4655 4656//4656 4809//4809
f 4811//4811 4654//4654 4655//4655
f 4654//4654 4811//4811 4810//4810
f 4810//4810 4811//4811 4754//4754
f 4754//4754 4812//4812 4810//4810
f 4813//4813 4812//4812 4754//4754
f 4813//4813 4653//4653 4812//4812
f 4757//4757 4814//4814 4756//4756
f 4706//4706 4816//4816 4649//4649
f 4757//4757 4815//4815 4814//4814
f 4814//4814 4815//4815 4706//4706
f 4816//4816 4706//4706 4815//4815
f 4817//4817 4727//4727 4647//4647
f 4727//4727 4817//4817 4760//4760
f 4727//4727 4760//4760 4725//4725
f 4725//4725 4818//4818 4726//4726
f 4818//4818 4725//4725 4760//4760
f 4726//4726 4818//4818 4646//4646
f 4767//4767 4640//4640 4641//4641
f 4644//4644 4819//4819 4820//4820
f 4644//4644 4763//4763 4819//4819
f 4764//4764 4821//4821 4819//4819
f 4763//4763 4764//4764 4819//4819
f 4767//4767 4821//4821 4764//4764
f 4767//4767 4641//4641 4821//4821
f 4822//4822 4639//4639 4640//4640
f 4639//4639 4768//4768 4823//4823
f 4822//4822 4768//4768 4639//4639
f 4824//4824 4825//4825 4823//4823
f 4824//4824 4823//4823 4768//4768
f 4637//4637 4827//4827 4826//4826
f 4827//4827 4637//4637 4638//4638
f 4771//4771 4829//4829 4826//4826
f 4827//4827 4771//4771 4826//4826
f 4829//4829 4771//4771 4773//4773
f 4829//4829 4773//4773 4828//4828
f 4775//4775 4830//4830 4828//4828
f 4775//4775 4828//4828 4773//4773
f 4630//4630 4724//4724 4834//4834
f 4831//4831 4832//4832 4723//4723
f 4831//4831 4633//4633 4832//4832
f 4833//4833 4723//4723 4832//4832
f 4723//4723 4833//4833 4724//4724
f 4834//4834 4724//4724 4833//4833
f 4835//4835 4629//4629 4631//4631
f 4631//4631 4836//4836 4835//4835
f 4783//4783 4674//4674 4705//4705
f 4705//4705 4780//4780 4783//4783
f 4835//4835 4836//4836 4780//4780
f 4780//4780 4705//4705 4835//4835
f 4676//4676 4781//4781 4837//4837
f 4676//4676 4783//4783 4781//4781
f 4837//4837 4781//4781 4784//4784
f 4839//4839 4838//4838 4837//4837
f 4839//4839 4837//4837 4784//4784
f 4787//4787 4728//4728 4840//4840
f 4675//4675 4787//4787 4840//4840
f 4728//4728 4786//4786 4672//4672
f 4786//4786 4728//4728 4787//4787
f 4792//4792 4667//4667 4729//4729
f 4789//4789 4842//4842 4841//4841
f 4842//4842 4670//4670 4841//4841
f 4789//4789 4729//4729 4842//4842
f 4792//4792 4729//4729 4789//4789
f 4793//4793 4843//4843 4730//4730
f 4793//4793 4730//4730 4666//4666
f 4844//4844 4730//4730 4843//4843
f 4664//4664 4730//4730 4844//4844
f 4664//4664 4844//4844 4795//4795
f 4845//4845 4800//4800 4846//4846
f 4796//4796 4800//4800 4845//4845
f 4846//4846 4800//4800 4799//4799
f 4799//4799 4731//4731 4846//4846
f 4665//4665 4849//4849 4663//4663
f 4665//4665 4850//4850 4849//4849
f 4662//4662 4681//4681 4851//4851
f 4850//4850 4848//4848 4849//4849
f 4849//4849 4848//4848 4847//4847
f 4847//4847 4848//4848 4802//4802
f 4847//4847 4802//4802 4851//4851
f 4662//4662 4851//4851 4802//4802
# 10000 faces, 0 coords texture

# End of File
