# https://github.com/mikedh/trimesh
v 112.9847 -22.3750 8.0500
v 112.9774 -22.3750 8.1970
v 112.9558 -22.3750 8.3426
v 112.9201 -22.3750 8.4854
v 112.8705 -22.3750 8.6240
v 112.8075 -22.3750 8.7571
v 112.7319 -22.3750 8.8834
v 112.6442 -22.3750 9.0016
v 112.5453 -22.3750 9.1107
v 112.4363 -22.3750 9.2095
v 112.3180 -22.3750 9.2972
v 112.1918 -22.3750 9.3729
v 112.0587 -22.3750 9.4358
v 111.9201 -22.3750 9.4854
v 111.7773 -22.3750 9.5212
v 111.6317 -22.3750 9.5428
v 111.4847 -22.3750 9.5500
v 112.9847 -22.3750 -8.0500
v 111.4847 -22.3750 -9.5500
v 111.6317 -22.3750 -9.5428
v 111.7773 -22.3750 -9.5212
v 111.9201 -22.3750 -9.4854
v 112.0587 -22.3750 -9.4358
v 112.1918 -22.3750 -9.3729
v 112.3180 -22.3750 -9.2972
v 112.4363 -22.3750 -9.2095
v 112.5453 -22.3750 -9.1107
v 112.6442 -22.3750 -9.0016
v 112.7319 -22.3750 -8.8834
v 112.8075 -22.3750 -8.7571
v 112.8705 -22.3750 -8.6240
v 112.9201 -22.3750 -8.4854
v 112.9558 -22.3750 -8.3426
v 112.9774 -22.3750 -8.1970
v 81.3847 -22.3750 -9.5500
v 79.8847 -22.3750 -8.0500
v 79.8919 -22.3750 -8.1970
v 79.9135 -22.3750 -8.3426
v 79.9493 -22.3750 -8.4854
v 79.9988 -22.3750 -8.6240
v 80.0618 -22.3750 -8.7571
v 80.1375 -22.3750 -8.8834
v 80.2251 -22.3750 -9.0016
v 80.3240 -22.3750 -9.1107
v 80.4331 -22.3750 -9.2095
v 80.5513 -22.3750 -9.2972
v 80.6776 -22.3750 -9.3729
v 80.8106 -22.3750 -9.4358
v 80.9492 -22.3750 -9.4854
v 81.0920 -22.3750 -9.5212
v 81.2376 -22.3750 -9.5428
v 79.8847 -22.3750 8.0500
v 81.3847 -22.3750 9.5500
v 81.2376 -22.3750 9.5428
v 81.0920 -22.3750 9.5212
v 80.9492 -22.3750 9.4854
v 80.8106 -22.3750 9.4358
v 80.6776 -22.3750 9.3729
v 80.5513 -22.3750 9.2972
v 80.4331 -22.3750 9.2095
v 80.3240 -22.3750 9.1107
v 80.2251 -22.3750 9.0016
v 80.1375 -22.3750 8.8834
v 80.0618 -22.3750 8.7571
v 79.9988 -22.3750 8.6240
v 79.9493 -22.3750 8.4854
v 79.9135 -22.3750 8.3426
v 79.8919 -22.3750 8.1970
v 83.9790 -22.3750 -9.0432
v 83.9091 -22.3750 -8.9881
v 83.8346 -22.3750 -8.9394
v 83.7560 -22.3750 -8.8975
v 83.6741 -22.3750 -8.8628
v 83.5893 -22.3750 -8.8355
v 83.5025 -22.3750 -8.8158
v 83.4143 -22.3750 -8.8040
v 83.3253 -22.3750 -8.8000
v 84.0425 -22.3750 -9.0930
v 84.1105 -22.3750 -9.1366
v 84.1823 -22.3750 -9.1735
v 84.2572 -22.3750 -9.2035
v 84.3347 -22.3750 -9.2261
v 84.4140 -22.3750 -9.2414
v 84.4943 -22.3750 -9.2490
v 84.5750 -22.3750 -9.2490
v 84.6554 -22.3750 -9.2414
v 84.7346 -22.3750 -9.2261
v 84.8121 -22.3750 -9.2035
v 84.8871 -22.3750 -9.1735
v 84.9588 -22.3750 -9.1366
v 85.0268 -22.3750 -9.0930
v 85.0903 -22.3750 -9.0432
v 85.7440 -22.3750 -8.8000
v 85.6551 -22.3750 -8.8040
v 85.5668 -22.3750 -8.8158
v 85.4800 -22.3750 -8.8355
v 85.3953 -22.3750 -8.8628
v 85.3133 -22.3750 -8.8975
v 85.2347 -22.3750 -8.9394
v 85.1602 -22.3750 -8.9881
v 93.8453 -22.3750 -8.8000
v 94.2731 -22.3750 -8.8667
v 94.7048 -22.3750 -8.9001
v 95.1377 -22.3750 -8.9001
v 95.5694 -22.3750 -8.8667
v 95.9972 -22.3750 -8.8000
v 107.2253 -22.3750 -8.8000
v 107.8790 -22.3750 -9.0432
v 107.8091 -22.3750 -8.9881
v 107.7346 -22.3750 -8.9394
v 107.6560 -22.3750 -8.8975
v 107.5741 -22.3750 -8.8628
v 107.4893 -22.3750 -8.8355
v 107.4025 -22.3750 -8.8158
v 107.3143 -22.3750 -8.8040
v 107.9425 -22.3750 -9.0930
v 108.0105 -22.3750 -9.1366
v 108.0823 -22.3750 -9.1735
v 108.1572 -22.3750 -9.2035
v 108.2347 -22.3750 -9.2261
v 108.3140 -22.3750 -9.2414
v 108.3943 -22.3750 -9.2490
v 108.4750 -22.3750 -9.2490
v 108.5554 -22.3750 -9.2414
v 108.6346 -22.3750 -9.2261
v 108.7121 -22.3750 -9.2035
v 108.7871 -22.3750 -9.1735
v 108.8588 -22.3750 -9.1366
v 108.9268 -22.3750 -9.0930
v 108.9903 -22.3750 -9.0432
v 109.6440 -22.3750 -8.8000
v 109.5551 -22.3750 -8.8040
v 109.4668 -22.3750 -8.8158
v 109.3800 -22.3750 -8.8355
v 109.2953 -22.3750 -8.8628
v 109.2133 -22.3750 -8.8975
v 109.1347 -22.3750 -8.9394
v 109.0602 -22.3750 -8.9881
v 110.7347 -22.3750 -8.8000
v 112.2347 -22.3750 -7.3000
v 112.2274 -22.3750 -7.4470
v 112.2058 -22.3750 -7.5926
v 112.1701 -22.3750 -7.7354
v 112.1205 -22.3750 -7.8740
v 112.0575 -22.3750 -8.0071
v 111.9819 -22.3750 -8.1334
v 111.8942 -22.3750 -8.2516
v 111.7953 -22.3750 -8.3607
v 111.6863 -22.3750 -8.4595
v 111.5680 -22.3750 -8.5472
v 111.4418 -22.3750 -8.6229
v 111.3087 -22.3750 -8.6858
v 111.1701 -22.3750 -8.7354
v 111.0273 -22.3750 -8.7712
v 110.8817 -22.3750 -8.7928
v 112.2347 -22.3750 -1.8330
v 112.2347 -22.3750 1.8330
v 112.3324 -22.3750 1.3144
v 112.3978 -22.3750 0.7907
v 112.4306 -22.3750 0.2639
v 112.4306 -22.3750 -0.2639
v 112.3978 -22.3750 -0.7907
v 112.3324 -22.3750 -1.3144
v 112.2347 -22.3750 7.3000
v 110.7347 -22.3750 8.8000
v 110.8817 -22.3750 8.7928
v 111.0273 -22.3750 8.7712
v 111.1701 -22.3750 8.7354
v 111.3087 -22.3750 8.6858
v 111.4418 -22.3750 8.6229
v 111.5680 -22.3750 8.5472
v 111.6863 -22.3750 8.4595
v 111.7953 -22.3750 8.3607
v 111.8942 -22.3750 8.2516
v 111.9819 -22.3750 8.1334
v 112.0575 -22.3750 8.0071
v 112.1205 -22.3750 7.8740
v 112.1701 -22.3750 7.7354
v 112.2058 -22.3750 7.5926
v 112.2274 -22.3750 7.4470
v 109.6440 -22.3750 8.8000
v 108.9903 -22.3750 9.0432
v 109.0602 -22.3750 8.9881
v 109.1347 -22.3750 8.9394
v 109.2133 -22.3750 8.8975
v 109.2953 -22.3750 8.8628
v 109.3800 -22.3750 8.8355
v 109.4668 -22.3750 8.8158
v 109.5551 -22.3750 8.8040
v 108.9268 -22.3750 9.0930
v 108.8588 -22.3750 9.1366
v 108.7871 -22.3750 9.1735
v 108.7121 -22.3750 9.2035
v 108.6346 -22.3750 9.2261
v 108.5554 -22.3750 9.2414
v 108.4750 -22.3750 9.2490
v 108.3943 -22.3750 9.2490
v 108.3140 -22.3750 9.2414
v 108.2347 -22.3750 9.2261
v 108.1572 -22.3750 9.2035
v 108.0823 -22.3750 9.1735
v 108.0105 -22.3750 9.1366
v 107.9425 -22.3750 9.0930
v 107.8790 -22.3750 9.0432
v 107.2253 -22.3750 8.8000
v 107.3143 -22.3750 8.8040
v 107.4025 -22.3750 8.8158
v 107.4893 -22.3750 8.8355
v 107.5741 -22.3750 8.8628
v 107.6560 -22.3750 8.8975
v 107.7346 -22.3750 8.9394
v 107.8091 -22.3750 8.9881
v 82.1347 -22.3750 8.8000
v 80.6347 -22.3750 7.3000
v 80.6419 -22.3750 7.4470
v 80.6635 -22.3750 7.5926
v 80.6993 -22.3750 7.7354
v 80.7488 -22.3750 7.8740
v 80.8118 -22.3750 8.0071
v 80.8875 -22.3750 8.1334
v 80.9751 -22.3750 8.2516
v 81.0740 -22.3750 8.3607
v 81.1831 -22.3750 8.4595
v 81.3013 -22.3750 8.5472
v 81.4276 -22.3750 8.6229
v 81.5606 -22.3750 8.6858
v 81.6992 -22.3750 8.7354
v 81.8420 -22.3750 8.7712
v 81.9876 -22.3750 8.7928
v 80.6347 -22.3750 6.1093
v 80.3914 -22.3750 5.4556
v 80.4466 -22.3750 5.5255
v 80.4953 -22.3750 5.6001
v 80.5372 -22.3750 5.6786
v 80.5719 -22.3750 5.7606
v 80.5992 -22.3750 5.8453
v 80.6188 -22.3750 5.9322
v 80.6307 -22.3750 6.0204
v 80.3914 -22.3750 4.3444
v 80.3416 -22.3750 4.4079
v 80.2981 -22.3750 4.4758
v 80.2612 -22.3750 4.5476
v 80.2312 -22.3750 4.6226
v 80.2085 -22.3750 4.7000
v 80.1933 -22.3750 4.7793
v 80.1856 -22.3750 4.8596
v 80.1856 -22.3750 4.9404
v 80.1933 -22.3750 5.0207
v 80.2085 -22.3750 5.1000
v 80.2312 -22.3750 5.1774
v 80.2612 -22.3750 5.2524
v 80.2981 -22.3750 5.3242
v 80.3416 -22.3750 5.3921
v 80.6347 -22.3750 3.6907
v 80.6307 -22.3750 3.7796
v 80.6188 -22.3750 3.8678
v 80.5992 -22.3750 3.9547
v 80.5719 -22.3750 4.0394
v 80.5372 -22.3750 4.1214
v 80.4953 -22.3750 4.1999
v 80.4466 -22.3750 4.2745
v 80.6347 -22.3750 -7.3000
v 82.1347 -22.3750 -8.8000
v 81.9876 -22.3750 -8.7928
v 81.8420 -22.3750 -8.7712
v 81.6992 -22.3750 -8.7354
v 81.5606 -22.3750 -8.6858
v 81.4276 -22.3750 -8.6229
v 81.3013 -22.3750 -8.5472
v 81.1831 -22.3750 -8.4595
v 81.0740 -22.3750 -8.3607
v 80.9751 -22.3750 -8.2516
v 80.8875 -22.3750 -8.1334
v 80.8118 -22.3750 -8.0071
v 80.7488 -22.3750 -7.8740
v 80.6993 -22.3750 -7.7354
v 80.6635 -22.3750 -7.5926
v 80.6419 -22.3750 -7.4470
v 112.9847 -22.3750 8.0500
v 112.9774 -22.3750 8.1970
v 112.9558 -22.3750 8.3426
v 112.9201 -22.3750 8.4854
v 112.8705 -22.3750 8.6240
v 112.8075 -22.3750 8.7571
v 112.7319 -22.3750 8.8834
v 112.6442 -22.3750 9.0016
v 112.5453 -22.3750 9.1107
v 112.4363 -22.3750 9.2095
v 112.3180 -22.3750 9.2972
v 112.1918 -22.3750 9.3729
v 112.0587 -22.3750 9.4358
v 111.9201 -22.3750 9.4854
v 111.7773 -22.3750 9.5212
v 111.6317 -22.3750 9.5428
v 111.4847 -22.3750 9.5500
v 112.9847 -22.3750 -8.0500
v 111.4847 -22.3750 -9.5500
v 111.6317 -22.3750 -9.5428
v 111.7773 -22.3750 -9.5212
v 111.9201 -22.3750 -9.4854
v 112.0587 -22.3750 -9.4358
v 112.1918 -22.3750 -9.3729
v 112.3180 -22.3750 -9.2972
v 112.4363 -22.3750 -9.2095
v 112.5453 -22.3750 -9.1107
v 112.6442 -22.3750 -9.0016
v 112.7319 -22.3750 -8.8834
v 112.8075 -22.3750 -8.7571
v 112.8705 -22.3750 -8.6240
v 112.9201 -22.3750 -8.4854
v 112.9558 -22.3750 -8.3426
v 112.9774 -22.3750 -8.1970
v 81.3847 -22.3750 -9.5500
v 79.8847 -22.3750 -8.0500
v 79.8919 -22.3750 -8.1970
v 79.9135 -22.3750 -8.3426
v 79.9493 -22.3750 -8.4854
v 79.9988 -22.3750 -8.6240
v 80.0618 -22.3750 -8.7571
v 80.1375 -22.3750 -8.8834
v 80.2251 -22.3750 -9.0016
v 80.3240 -22.3750 -9.1107
v 80.4331 -22.3750 -9.2095
v 80.5513 -22.3750 -9.2972
v 80.6776 -22.3750 -9.3729
v 80.8106 -22.3750 -9.4358
v 80.9492 -22.3750 -9.4854
v 81.0920 -22.3750 -9.5212
v 81.2376 -22.3750 -9.5428
v 79.8847 -22.3750 8.0500
v 81.3847 -22.3750 9.5500
v 81.2376 -22.3750 9.5428
v 81.0920 -22.3750 9.5212
v 80.9492 -22.3750 9.4854
v 80.8106 -22.3750 9.4358
v 80.6776 -22.3750 9.3729
v 80.5513 -22.3750 9.2972
v 80.4331 -22.3750 9.2095
v 80.3240 -22.3750 9.1107
v 80.2251 -22.3750 9.0016
v 80.1375 -22.3750 8.8834
v 80.0618 -22.3750 8.7571
v 79.9988 -22.3750 8.6240
v 79.9493 -22.3750 8.4854
v 79.9135 -22.3750 8.3426
v 79.8919 -22.3750 8.1970
v 111.4847 -22.9250 9.5500
v 111.6317 -22.9250 9.5428
v 111.7773 -22.9250 9.5212
v 111.9201 -22.9250 9.4854
v 112.0587 -22.9250 9.4358
v 112.1918 -22.9250 9.3729
v 112.3180 -22.9250 9.2972
v 112.4363 -22.9250 9.2095
v 112.5453 -22.9250 9.1107
v 112.6442 -22.9250 9.0016
v 112.7319 -22.9250 8.8834
v 112.8075 -22.9250 8.7571
v 112.8705 -22.9250 8.6240
v 112.9201 -22.9250 8.4854
v 112.9558 -22.9250 8.3426
v 112.9774 -22.9250 8.1970
v 112.9847 -22.9250 8.0500
v 81.3847 -22.9250 9.5500
v 112.9847 -22.9250 -8.0500
v 79.8847 -22.9250 8.0500
v 79.8919 -22.9250 8.1970
v 79.9135 -22.9250 8.3426
v 79.9493 -22.9250 8.4854
v 79.9988 -22.9250 8.6240
v 80.0618 -22.9250 8.7571
v 80.1375 -22.9250 8.8834
v 80.2251 -22.9250 9.0016
v 80.3240 -22.9250 9.1107
v 80.4331 -22.9250 9.2095
v 80.5513 -22.9250 9.2972
v 80.6776 -22.9250 9.3729
v 80.8106 -22.9250 9.4358
v 80.9492 -22.9250 9.4854
v 81.0920 -22.9250 9.5212
v 81.2376 -22.9250 9.5428
v 79.8847 -22.9250 -8.0500
v 81.3847 -22.9250 -9.5500
v 81.2376 -22.9250 -9.5428
v 81.0920 -22.9250 -9.5212
v 80.9492 -22.9250 -9.4854
v 80.8106 -22.9250 -9.4358
v 80.6776 -22.9250 -9.3729
v 80.5513 -22.9250 -9.2972
v 80.4331 -22.9250 -9.2095
v 80.3240 -22.9250 -9.1107
v 80.2251 -22.9250 -9.0016
v 80.1375 -22.9250 -8.8834
v 80.0618 -22.9250 -8.7571
v 79.9988 -22.9250 -8.6240
v 79.9493 -22.9250 -8.4854
v 79.9135 -22.9250 -8.3426
v 79.8919 -22.9250 -8.1970
v 111.4847 -22.9250 -9.5500
v 112.9774 -22.9250 -8.1970
v 112.9558 -22.9250 -8.3426
v 112.9201 -22.9250 -8.4854
v 112.8705 -22.9250 -8.6240
v 112.8075 -22.9250 -8.7571
v 112.7319 -22.9250 -8.8834
v 112.6442 -22.9250 -9.0016
v 112.5453 -22.9250 -9.1107
v 112.4363 -22.9250 -9.2095
v 112.3180 -22.9250 -9.2972
v 112.1918 -22.9250 -9.3729
v 112.0587 -22.9250 -9.4358
v 111.9201 -22.9250 -9.4854
v 111.7773 -22.9250 -9.5212
v 111.6317 -22.9250 -9.5428
v 111.4847 -22.9250 9.5500
v 111.6317 -22.9250 9.5428
v 111.7773 -22.9250 9.5212
v 111.9201 -22.9250 9.4854
v 112.0587 -22.9250 9.4358
v 112.1918 -22.9250 9.3729
v 112.3180 -22.9250 9.2972
v 112.4363 -22.9250 9.2095
v 112.5453 -22.9250 9.1107
v 112.6442 -22.9250 9.0016
v 112.7319 -22.9250 8.8834
v 112.8075 -22.9250 8.7571
v 112.8705 -22.9250 8.6240
v 112.9201 -22.9250 8.4854
v 112.9558 -22.9250 8.3426
v 112.9774 -22.9250 8.1970
v 112.9847 -22.9250 8.0500
v 81.3847 -22.9250 9.5500
v 79.4347 -22.9250 -9.0000
v 79.4347 -22.9250 9.0000
v 80.4347 -22.9250 10.0000
v 112.4347 -22.9250 10.0000
v 113.4347 -22.9250 9.0000
v 113.4347 -22.9250 -9.0000
v 112.4347 -22.9250 -10.0000
v 80.4347 -22.9250 -10.0000
v 112.9847 -22.9250 -8.0500
v 79.8847 -22.9250 8.0500
v 79.8919 -22.9250 8.1970
v 79.9135 -22.9250 8.3426
v 79.9493 -22.9250 8.4854
v 79.9988 -22.9250 8.6240
v 80.0618 -22.9250 8.7571
v 80.1375 -22.9250 8.8834
v 80.2251 -22.9250 9.0016
v 80.3240 -22.9250 9.1107
v 80.4331 -22.9250 9.2095
v 80.5513 -22.9250 9.2972
v 80.6776 -22.9250 9.3729
v 80.8106 -22.9250 9.4358
v 80.9492 -22.9250 9.4854
v 81.0920 -22.9250 9.5212
v 81.2376 -22.9250 9.5428
v 79.8847 -22.9250 -8.0500
v 81.3847 -22.9250 -9.5500
v 81.2376 -22.9250 -9.5428
v 81.0920 -22.9250 -9.5212
v 80.9492 -22.9250 -9.4854
v 80.8106 -22.9250 -9.4358
v 80.6776 -22.9250 -9.3729
v 80.5513 -22.9250 -9.2972
v 80.4331 -22.9250 -9.2095
v 80.3240 -22.9250 -9.1107
v 80.2251 -22.9250 -9.0016
v 80.1375 -22.9250 -8.8834
v 80.0618 -22.9250 -8.7571
v 79.9988 -22.9250 -8.6240
v 79.9493 -22.9250 -8.4854
v 79.9135 -22.9250 -8.3426
v 79.8919 -22.9250 -8.1970
v 111.4847 -22.9250 -9.5500
v 112.9774 -22.9250 -8.1970
v 112.9558 -22.9250 -8.3426
v 112.9201 -22.9250 -8.4854
v 112.8705 -22.9250 -8.6240
v 112.8075 -22.9250 -8.7571
v 112.7319 -22.9250 -8.8834
v 112.6442 -22.9250 -9.0016
v 112.5453 -22.9250 -9.1107
v 112.4363 -22.9250 -9.2095
v 112.3180 -22.9250 -9.2972
v 112.1918 -22.9250 -9.3729
v 112.0587 -22.9250 -9.4358
v 111.9201 -22.9250 -9.4854
v 111.7773 -22.9250 -9.5212
v 111.6317 -22.9250 -9.5428
v 79.4347 -22.9250 -9.0000
v 79.4347 -22.9250 9.0000
v 79.4347 -25.3750 9.0000
v 79.4347 -25.3750 -9.0000
v 79.4347 -25.3750 9.0000
v 79.4347 -25.3750 -9.0000
v 80.4347 -25.3750 10.0000
v 112.4347 -25.3750 10.0000
v 113.4347 -25.3750 9.0000
v 113.4347 -25.3750 -9.0000
v 112.4347 -25.3750 -10.0000
v 80.4347 -25.3750 -10.0000
v 79.7347 -25.3750 -8.8757
v 80.5589 -25.3750 -9.7000
v 112.3104 -25.3750 -9.7000
v 113.1347 -25.3750 -8.8757
v 113.1347 -25.3750 8.8757
v 112.3104 -25.3750 9.7000
v 80.5589 -25.3750 9.7000
v 79.7347 -25.3750 8.8757
v 79.4347 -22.9250 9.0000
v 80.4347 -22.9250 10.0000
v 79.4347 -25.3750 9.0000
v 80.4347 -25.3750 10.0000
v 80.4347 -22.9250 10.0000
v 112.4347 -22.9250 10.0000
v 80.4347 -25.3750 10.0000
v 112.4347 -25.3750 10.0000
v 112.4347 -22.9250 10.0000
v 113.4347 -22.9250 9.0000
v 112.4347 -25.3750 10.0000
v 113.4347 -25.3750 9.0000
v 113.4347 -22.9250 9.0000
v 113.4347 -22.9250 -9.0000
v 113.4347 -25.3750 9.0000
v 113.4347 -25.3750 -9.0000
v 113.4347 -22.9250 -9.0000
v 112.4347 -22.9250 -10.0000
v 113.4347 -25.3750 -9.0000
v 112.4347 -25.3750 -10.0000
v 112.4347 -22.9250 -10.0000
v 80.4347 -22.9250 -10.0000
v 112.4347 -25.3750 -10.0000
v 80.4347 -25.3750 -10.0000
v 79.4347 -22.9250 -9.0000
v 80.4347 -22.9250 -10.0000
v 79.4347 -25.3750 -9.0000
v 80.4347 -25.3750 -10.0000
v 79.7347 -25.3750 -8.8757
v 79.7347 -25.3750 8.8757
v 79.7347 -26.3750 8.8757
v 79.7347 -26.3750 -8.8757
v 80.5589 -25.3750 9.7000
v 79.7347 -25.3750 8.8757
v 79.7347 -26.3750 8.8757
v 80.5589 -26.3750 9.7000
v 112.3104 -25.3750 9.7000
v 80.5589 -25.3750 9.7000
v 80.5589 -26.3750 9.7000
v 112.3104 -26.3750 9.7000
v 113.1347 -25.3750 8.8757
v 112.3104 -25.3750 9.7000
v 112.3104 -26.3750 9.7000
v 113.1347 -26.3750 8.8757
v 113.1347 -25.3750 -8.8757
v 113.1347 -25.3750 8.8757
v 113.1347 -26.3750 8.8757
v 113.1347 -26.3750 -8.8757
v 112.3104 -25.3750 -9.7000
v 113.1347 -25.3750 -8.8757
v 113.1347 -26.3750 -8.8757
v 112.3104 -26.3750 -9.7000
v 80.5589 -25.3750 -9.7000
v 112.3104 -25.3750 -9.7000
v 112.3104 -26.3750 -9.7000
v 80.5589 -26.3750 -9.7000
v 79.7347 -25.3750 -8.8757
v 80.5589 -25.3750 -9.7000
v 79.7347 -26.3750 -8.8757
v 80.5589 -26.3750 -9.7000
v 79.7347 -26.3750 8.8757
v 79.7347 -26.3750 -8.8757
v 80.5589 -26.3750 9.7000
v 112.3104 -26.3750 9.7000
v 113.1347 -26.3750 8.8757
v 113.1347 -26.3750 -8.8757
v 112.3104 -26.3750 -9.7000
v 80.5589 -26.3750 -9.7000
v 79.4347 -26.3750 9.0000
v 79.4347 -26.3750 -9.0000
v 80.4347 -26.3750 10.0000
v 112.4347 -26.3750 10.0000
v 113.4347 -26.3750 9.0000
v 113.4347 -26.3750 -9.0000
v 112.4347 -26.3750 -10.0000
v 80.4347 -26.3750 -10.0000
v 79.4347 -26.3750 9.0000
v 79.4347 -26.3750 -9.0000
v 79.4347 -27.3750 9.0000
v 79.4347 -27.3750 -9.0000
v 79.4347 -27.3750 9.0000
v 79.4347 -27.3750 -9.0000
v 80.4347 -27.3750 10.0000
v 112.4347 -27.3750 10.0000
v 113.4347 -27.3750 9.0000
v 113.4347 -27.3750 -9.0000
v 112.4347 -27.3750 -10.0000
v 80.4347 -27.3750 -10.0000
v 79.7347 -27.3750 -8.8757
v 80.5589 -27.3750 -9.7000
v 112.3104 -27.3750 -9.7000
v 113.1347 -27.3750 -8.8757
v 113.1347 -27.3750 8.8757
v 112.3104 -27.3750 9.7000
v 80.5589 -27.3750 9.7000
v 79.7347 -27.3750 8.8757
v 79.4347 -26.3750 9.0000
v 80.4347 -26.3750 10.0000
v 79.4347 -27.3750 9.0000
v 80.4347 -27.3750 10.0000
v 80.4347 -26.3750 10.0000
v 112.4347 -26.3750 10.0000
v 80.4347 -27.3750 10.0000
v 112.4347 -27.3750 10.0000
v 112.4347 -26.3750 10.0000
v 113.4347 -26.3750 9.0000
v 112.4347 -27.3750 10.0000
v 113.4347 -27.3750 9.0000
v 113.4347 -26.3750 9.0000
v 113.4347 -26.3750 -9.0000
v 113.4347 -27.3750 9.0000
v 113.4347 -27.3750 -9.0000
v 113.4347 -26.3750 -9.0000
v 112.4347 -26.3750 -10.0000
v 113.4347 -27.3750 -9.0000
v 112.4347 -27.3750 -10.0000
v 112.4347 -26.3750 -10.0000
v 80.4347 -26.3750 -10.0000
v 112.4347 -27.3750 -10.0000
v 80.4347 -27.3750 -10.0000
v 79.4347 -26.3750 -9.0000
v 80.4347 -26.3750 -10.0000
v 79.4347 -27.3750 -9.0000
v 80.4347 -27.3750 -10.0000
v 79.7347 -27.3750 -8.8757
v 79.7347 -27.3750 8.8757
v 79.7347 -28.3750 8.8757
v 79.7347 -28.3750 -8.8757
v 80.5589 -27.3750 9.7000
v 79.7347 -27.3750 8.8757
v 79.7347 -28.3750 8.8757
v 80.5589 -28.3750 9.7000
v 112.3104 -27.3750 9.7000
v 80.5589 -27.3750 9.7000
v 80.5589 -28.3750 9.7000
v 112.3104 -28.3750 9.7000
v 113.1347 -27.3750 8.8757
v 112.3104 -27.3750 9.7000
v 112.3104 -28.3750 9.7000
v 113.1347 -28.3750 8.8757
v 113.1347 -27.3750 -8.8757
v 113.1347 -27.3750 8.8757
v 113.1347 -28.3750 8.8757
v 113.1347 -28.3750 -8.8757
v 112.3104 -27.3750 -9.7000
v 113.1347 -27.3750 -8.8757
v 113.1347 -28.3750 -8.8757
v 112.3104 -28.3750 -9.7000
v 80.5589 -27.3750 -9.7000
v 112.3104 -27.3750 -9.7000
v 112.3104 -28.3750 -9.7000
v 80.5589 -28.3750 -9.7000
v 79.7347 -27.3750 -8.8757
v 80.5589 -27.3750 -9.7000
v 79.7347 -28.3750 -8.8757
v 80.5589 -28.3750 -9.7000
v 79.7347 -28.3750 8.8757
v 79.7347 -28.3750 -8.8757
v 80.5589 -28.3750 9.7000
v 112.3104 -28.3750 9.7000
v 113.1347 -28.3750 8.8757
v 113.1347 -28.3750 -8.8757
v 112.3104 -28.3750 -9.7000
v 80.5589 -28.3750 -9.7000
v 79.4347 -28.3750 9.0000
v 79.4347 -28.3750 -9.0000
v 80.4347 -28.3750 10.0000
v 112.4347 -28.3750 10.0000
v 113.4347 -28.3750 9.0000
v 113.4347 -28.3750 -9.0000
v 112.4347 -28.3750 -10.0000
v 80.4347 -28.3750 -10.0000
v 79.4347 -28.3750 9.0000
v 79.4347 -28.3750 -9.0000
v 79.4347 -29.3750 9.0000
v 79.4347 -29.3750 -9.0000
v 79.4347 -29.3750 9.0000
v 79.4347 -29.3750 -9.0000
v 80.4347 -29.3750 10.0000
v 112.4347 -29.3750 10.0000
v 113.4347 -29.3750 9.0000
v 113.4347 -29.3750 -9.0000
v 112.4347 -29.3750 -10.0000
v 80.4347 -29.3750 -10.0000
v 79.7347 -29.3750 -8.8757
v 80.5589 -29.3750 -9.7000
v 112.3104 -29.3750 -9.7000
v 113.1347 -29.3750 -8.8757
v 113.1347 -29.3750 8.8757
v 112.3104 -29.3750 9.7000
v 80.5589 -29.3750 9.7000
v 79.7347 -29.3750 8.8757
v 79.4347 -28.3750 9.0000
v 80.4347 -28.3750 10.0000
v 79.4347 -29.3750 9.0000
v 80.4347 -29.3750 10.0000
v 80.4347 -28.3750 10.0000
v 112.4347 -28.3750 10.0000
v 80.4347 -29.3750 10.0000
v 112.4347 -29.3750 10.0000
v 112.4347 -28.3750 10.0000
v 113.4347 -28.3750 9.0000
v 112.4347 -29.3750 10.0000
v 113.4347 -29.3750 9.0000
v 113.4347 -28.3750 9.0000
v 113.4347 -28.3750 -9.0000
v 113.4347 -29.3750 9.0000
v 113.4347 -29.3750 -9.0000
v 113.4347 -28.3750 -9.0000
v 112.4347 -28.3750 -10.0000
v 113.4347 -29.3750 -9.0000
v 112.4347 -29.3750 -10.0000
v 112.4347 -28.3750 -10.0000
v 80.4347 -28.3750 -10.0000
v 112.4347 -29.3750 -10.0000
v 80.4347 -29.3750 -10.0000
v 79.4347 -28.3750 -9.0000
v 80.4347 -28.3750 -10.0000
v 79.4347 -29.3750 -9.0000
v 80.4347 -29.3750 -10.0000
v 79.7347 -29.3750 -8.8757
v 79.7347 -29.3750 8.8757
v 79.7347 -30.3750 8.8757
v 79.7347 -30.3750 -8.8757
v 80.5589 -29.3750 9.7000
v 79.7347 -29.3750 8.8757
v 79.7347 -30.3750 8.8757
v 80.5589 -30.3750 9.7000
v 112.3104 -29.3750 9.7000
v 80.5589 -29.3750 9.7000
v 80.5589 -30.3750 9.7000
v 112.3104 -30.3750 9.7000
v 113.1347 -29.3750 8.8757
v 112.3104 -29.3750 9.7000
v 112.3104 -30.3750 9.7000
v 113.1347 -30.3750 8.8757
v 113.1347 -29.3750 -8.8757
v 113.1347 -29.3750 8.8757
v 113.1347 -30.3750 8.8757
v 113.1347 -30.3750 -8.8757
v 112.3104 -29.3750 -9.7000
v 113.1347 -29.3750 -8.8757
v 113.1347 -30.3750 -8.8757
v 112.3104 -30.3750 -9.7000
v 80.5589 -29.3750 -9.7000
v 112.3104 -29.3750 -9.7000
v 112.3104 -30.3750 -9.7000
v 80.5589 -30.3750 -9.7000
v 79.7347 -29.3750 -8.8757
v 80.5589 -29.3750 -9.7000
v 79.7347 -30.3750 -8.8757
v 80.5589 -30.3750 -9.7000
v 79.7347 -30.3750 8.8757
v 79.7347 -30.3750 -8.8757
v 80.5589 -30.3750 9.7000
v 112.3104 -30.3750 9.7000
v 113.1347 -30.3750 8.8757
v 113.1347 -30.3750 -8.8757
v 112.3104 -30.3750 -9.7000
v 80.5589 -30.3750 -9.7000
v 79.4347 -30.3750 9.0000
v 79.4347 -30.3750 -9.0000
v 80.4347 -30.3750 10.0000
v 112.4347 -30.3750 10.0000
v 113.4347 -30.3750 9.0000
v 113.4347 -30.3750 -9.0000
v 112.4347 -30.3750 -10.0000
v 80.4347 -30.3750 -10.0000
v 79.4347 -30.3750 9.0000
v 79.4347 -30.3750 -9.0000
v 79.4347 -31.3750 9.0000
v 79.4347 -31.3750 -9.0000
v 79.4347 -31.3750 9.0000
v 79.4347 -31.3750 -9.0000
v 80.4347 -31.3750 10.0000
v 112.4347 -31.3750 10.0000
v 113.4347 -31.3750 9.0000
v 113.4347 -31.3750 -9.0000
v 112.4347 -31.3750 -10.0000
v 80.4347 -31.3750 -10.0000
v 79.7347 -31.3750 -8.8757
v 80.5589 -31.3750 -9.7000
v 112.3104 -31.3750 -9.7000
v 113.1347 -31.3750 -8.8757
v 113.1347 -31.3750 8.8757
v 112.3104 -31.3750 9.7000
v 80.5589 -31.3750 9.7000
v 79.7347 -31.3750 8.8757
v 79.4347 -30.3750 9.0000
v 80.4347 -30.3750 10.0000
v 79.4347 -31.3750 9.0000
v 80.4347 -31.3750 10.0000
v 80.4347 -30.3750 10.0000
v 112.4347 -30.3750 10.0000
v 80.4347 -31.3750 10.0000
v 112.4347 -31.3750 10.0000
v 112.4347 -30.3750 10.0000
v 113.4347 -30.3750 9.0000
v 112.4347 -31.3750 10.0000
v 113.4347 -31.3750 9.0000
v 113.4347 -30.3750 9.0000
v 113.4347 -30.3750 -9.0000
v 113.4347 -31.3750 9.0000
v 113.4347 -31.3750 -9.0000
v 113.4347 -30.3750 -9.0000
v 112.4347 -30.3750 -10.0000
v 113.4347 -31.3750 -9.0000
v 112.4347 -31.3750 -10.0000
v 112.4347 -30.3750 -10.0000
v 80.4347 -30.3750 -10.0000
v 112.4347 -31.3750 -10.0000
v 80.4347 -31.3750 -10.0000
v 79.4347 -30.3750 -9.0000
v 80.4347 -30.3750 -10.0000
v 79.4347 -31.3750 -9.0000
v 80.4347 -31.3750 -10.0000
v 79.7347 -31.3750 -8.8757
v 79.7347 -31.3750 8.8757
v 79.7347 -32.3750 8.8757
v 79.7347 -32.3750 -8.8757
v 80.5589 -31.3750 9.7000
v 79.7347 -31.3750 8.8757
v 79.7347 -32.3750 8.8757
v 80.5589 -32.3750 9.7000
v 112.3104 -31.3750 9.7000
v 80.5589 -31.3750 9.7000
v 80.5589 -32.3750 9.7000
v 112.3104 -32.3750 9.7000
v 113.1347 -31.3750 8.8757
v 112.3104 -31.3750 9.7000
v 112.3104 -32.3750 9.7000
v 113.1347 -32.3750 8.8757
v 113.1347 -31.3750 -8.8757
v 113.1347 -31.3750 8.8757
v 113.1347 -32.3750 8.8757
v 113.1347 -32.3750 -8.8757
v 112.3104 -31.3750 -9.7000
v 113.1347 -31.3750 -8.8757
v 113.1347 -32.3750 -8.8757
v 112.3104 -32.3750 -9.7000
v 80.5589 -31.3750 -9.7000
v 112.3104 -31.3750 -9.7000
v 112.3104 -32.3750 -9.7000
v 80.5589 -32.3750 -9.7000
v 79.7347 -31.3750 -8.8757
v 80.5589 -31.3750 -9.7000
v 79.7347 -32.3750 -8.8757
v 80.5589 -32.3750 -9.7000
v 79.7347 -32.3750 8.8757
v 79.7347 -32.3750 -8.8757
v 80.5589 -32.3750 9.7000
v 112.3104 -32.3750 9.7000
v 113.1347 -32.3750 8.8757
v 113.1347 -32.3750 -8.8757
v 112.3104 -32.3750 -9.7000
v 80.5589 -32.3750 -9.7000
v 79.4347 -32.3750 9.0000
v 79.4347 -32.3750 -9.0000
v 80.4347 -32.3750 10.0000
v 112.4347 -32.3750 10.0000
v 113.4347 -32.3750 9.0000
v 113.4347 -32.3750 -9.0000
v 112.4347 -32.3750 -10.0000
v 80.4347 -32.3750 -10.0000
v 79.4347 -32.3750 9.0000
v 79.4347 -32.3750 -9.0000
v 79.4347 -33.3750 9.0000
v 79.4347 -33.3750 -9.0000
v 79.4347 -33.3750 9.0000
v 79.4347 -33.3750 -9.0000
v 80.4347 -33.3750 10.0000
v 112.4347 -33.3750 10.0000
v 113.4347 -33.3750 9.0000
v 113.4347 -33.3750 -9.0000
v 112.4347 -33.3750 -10.0000
v 80.4347 -33.3750 -10.0000
v 79.7347 -33.3750 -8.8757
v 80.5589 -33.3750 -9.7000
v 112.3104 -33.3750 -9.7000
v 113.1347 -33.3750 -8.8757
v 113.1347 -33.3750 8.8757
v 112.3104 -33.3750 9.7000
v 80.5589 -33.3750 9.7000
v 79.7347 -33.3750 8.8757
v 79.4347 -32.3750 9.0000
v 80.4347 -32.3750 10.0000
v 79.4347 -33.3750 9.0000
v 80.4347 -33.3750 10.0000
v 80.4347 -32.3750 10.0000
v 112.4347 -32.3750 10.0000
v 80.4347 -33.3750 10.0000
v 112.4347 -33.3750 10.0000
v 112.4347 -32.3750 10.0000
v 113.4347 -32.3750 9.0000
v 112.4347 -33.3750 10.0000
v 113.4347 -33.3750 9.0000
v 113.4347 -32.3750 9.0000
v 113.4347 -32.3750 -9.0000
v 113.4347 -33.3750 9.0000
v 113.4347 -33.3750 -9.0000
v 113.4347 -32.3750 -9.0000
v 112.4347 -32.3750 -10.0000
v 113.4347 -33.3750 -9.0000
v 112.4347 -33.3750 -10.0000
v 112.4347 -32.3750 -10.0000
v 80.4347 -32.3750 -10.0000
v 112.4347 -33.3750 -10.0000
v 80.4347 -33.3750 -10.0000
v 79.4347 -32.3750 -9.0000
v 80.4347 -32.3750 -10.0000
v 79.4347 -33.3750 -9.0000
v 80.4347 -33.3750 -10.0000
v 79.7347 -33.3750 -8.8757
v 79.7347 -33.3750 8.8757
v 79.7347 -34.3750 8.8757
v 79.7347 -34.3750 -8.8757
v 80.5589 -33.3750 9.7000
v 79.7347 -33.3750 8.8757
v 79.7347 -34.3750 8.8757
v 80.5589 -34.3750 9.7000
v 112.3104 -33.3750 9.7000
v 80.5589 -33.3750 9.7000
v 80.5589 -34.3750 9.7000
v 112.3104 -34.3750 9.7000
v 113.1347 -33.3750 8.8757
v 112.3104 -33.3750 9.7000
v 112.3104 -34.3750 9.7000
v 113.1347 -34.3750 8.8757
v 113.1347 -33.3750 -8.8757
v 113.1347 -33.3750 8.8757
v 113.1347 -34.3750 8.8757
v 113.1347 -34.3750 -8.8757
v 112.3104 -33.3750 -9.7000
v 113.1347 -33.3750 -8.8757
v 113.1347 -34.3750 -8.8757
v 112.3104 -34.3750 -9.7000
v 80.5589 -33.3750 -9.7000
v 112.3104 -33.3750 -9.7000
v 112.3104 -34.3750 -9.7000
v 80.5589 -34.3750 -9.7000
v 79.7347 -33.3750 -8.8757
v 80.5589 -33.3750 -9.7000
v 79.7347 -34.3750 -8.8757
v 80.5589 -34.3750 -9.7000
v 79.7347 -34.3750 8.8757
v 79.7347 -34.3750 -8.8757
v 80.5589 -34.3750 9.7000
v 112.3104 -34.3750 9.7000
v 113.1347 -34.3750 8.8757
v 113.1347 -34.3750 -8.8757
v 112.3104 -34.3750 -9.7000
v 80.5589 -34.3750 -9.7000
v 79.4347 -34.3750 9.0000
v 79.4347 -34.3750 -9.0000
v 80.4347 -34.3750 10.0000
v 112.4347 -34.3750 10.0000
v 113.4347 -34.3750 9.0000
v 113.4347 -34.3750 -9.0000
v 112.4347 -34.3750 -10.0000
v 80.4347 -34.3750 -10.0000
v 79.4347 -34.3750 9.0000
v 79.4347 -34.3750 -9.0000
v 79.4347 -36.8250 -9.0000
v 79.4347 -36.8250 9.0000
v 79.4347 -34.3750 9.0000
v 80.4347 -34.3750 10.0000
v 79.4347 -36.8250 9.0000
v 80.4347 -36.8250 10.0000
v 80.4347 -34.3750 10.0000
v 112.4347 -34.3750 10.0000
v 80.4347 -36.8250 10.0000
v 91.9347 -36.8250 10.0000
v 91.9347 -34.6750 10.0000
v 97.9347 -34.6750 10.0000
v 97.9347 -36.8250 10.0000
v 112.4347 -36.8250 10.0000
v 112.4347 -34.3750 10.0000
v 113.4347 -34.3750 9.0000
v 112.4347 -36.8250 10.0000
v 113.4347 -36.8250 9.0000
v 113.4347 -34.3750 9.0000
v 113.4347 -34.3750 -9.0000
v 113.4347 -36.8250 9.0000
v 113.4347 -36.8250 -9.0000
v 113.4347 -34.3750 -9.0000
v 112.4347 -34.3750 -10.0000
v 113.4347 -36.8250 -9.0000
v 112.4347 -36.8250 -10.0000
v 112.4347 -34.3750 -10.0000
v 80.4347 -34.3750 -10.0000
v 112.4347 -36.8250 -10.0000
v 97.9347 -36.8250 -10.0000
v 97.9347 -34.6750 -10.0000
v 91.9347 -34.6750 -10.0000
v 91.9347 -36.8250 -10.0000
v 80.4347 -36.8250 -10.0000
v 79.4347 -34.3750 -9.0000
v 80.4347 -34.3750 -10.0000
v 79.4347 -36.8250 -9.0000
v 80.4347 -36.8250 -10.0000
v 79.4347 -36.8250 -9.0000
v 79.4347 -36.8250 9.0000
v 80.4347 -36.8250 10.0000
v 91.9347 -36.8250 10.0000
v 91.9347 -36.8250 -10.0000
v 80.4347 -36.8250 -10.0000
v 79.8847 -36.8250 -8.0500
v 79.8847 -36.8250 8.0500
v 81.3847 -36.8250 9.5500
v 81.2376 -36.8250 9.5428
v 81.0920 -36.8250 9.5212
v 80.9492 -36.8250 9.4854
v 80.8106 -36.8250 9.4358
v 80.6776 -36.8250 9.3729
v 80.5513 -36.8250 9.2972
v 80.4331 -36.8250 9.2095
v 80.3240 -36.8250 9.1107
v 80.2251 -36.8250 9.0016
v 80.1375 -36.8250 8.8834
v 80.0618 -36.8250 8.7571
v 79.9988 -36.8250 8.6240
v 79.9493 -36.8250 8.4854
v 79.9135 -36.8250 8.3426
v 79.8919 -36.8250 8.1970
v 91.9347 -36.8250 9.5500
v 91.9347 -36.8250 -9.5500
v 81.3847 -36.8250 -9.5500
v 79.8919 -36.8250 -8.1970
v 79.9135 -36.8250 -8.3426
v 79.9493 -36.8250 -8.4854
v 79.9988 -36.8250 -8.6240
v 80.0618 -36.8250 -8.7571
v 80.1375 -36.8250 -8.8834
v 80.2251 -36.8250 -9.0016
v 80.3240 -36.8250 -9.1107
v 80.4331 -36.8250 -9.2095
v 80.5513 -36.8250 -9.2972
v 80.6776 -36.8250 -9.3729
v 80.8106 -36.8250 -9.4358
v 80.9492 -36.8250 -9.4854
v 81.0920 -36.8250 -9.5212
v 81.2376 -36.8250 -9.5428
v 79.8847 -36.8250 -8.0500
v 79.8847 -36.8250 8.0500
v 81.3847 -36.8250 9.5500
v 81.2376 -36.8250 9.5428
v 81.0920 -36.8250 9.5212
v 80.9492 -36.8250 9.4854
v 80.8106 -36.8250 9.4358
v 80.6776 -36.8250 9.3729
v 80.5513 -36.8250 9.2972
v 80.4331 -36.8250 9.2095
v 80.3240 -36.8250 9.1107
v 80.2251 -36.8250 9.0016
v 80.1375 -36.8250 8.8834
v 80.0618 -36.8250 8.7571
v 79.9988 -36.8250 8.6240
v 79.9493 -36.8250 8.4854
v 79.9135 -36.8250 8.3426
v 79.8919 -36.8250 8.1970
v 91.9347 -36.8250 9.5500
v 91.9347 -36.8250 -9.5500
v 81.3847 -36.8250 -9.5500
v 79.8919 -36.8250 -8.1970
v 79.9135 -36.8250 -8.3426
v 79.9493 -36.8250 -8.4854
v 79.9988 -36.8250 -8.6240
v 80.0618 -36.8250 -8.7571
v 80.1375 -36.8250 -8.8834
v 80.2251 -36.8250 -9.0016
v 80.3240 -36.8250 -9.1107
v 80.4331 -36.8250 -9.2095
v 80.5513 -36.8250 -9.2972
v 80.6776 -36.8250 -9.3729
v 80.8106 -36.8250 -9.4358
v 80.9492 -36.8250 -9.4854
v 81.0920 -36.8250 -9.5212
v 81.2376 -36.8250 -9.5428
v 79.8847 -37.3750 8.0500
v 79.8847 -37.3750 -8.0500
v 81.3847 -37.3750 -9.5500
v 81.2376 -37.3750 -9.5428
v 81.0920 -37.3750 -9.5212
v 80.9492 -37.3750 -9.4854
v 80.8106 -37.3750 -9.4358
v 80.6776 -37.3750 -9.3729
v 80.5513 -37.3750 -9.2972
v 80.4331 -37.3750 -9.2095
v 80.3240 -37.3750 -9.1107
v 80.2251 -37.3750 -9.0016
v 80.1375 -37.3750 -8.8834
v 80.0618 -37.3750 -8.7571
v 79.9988 -37.3750 -8.6240
v 79.9493 -37.3750 -8.4854
v 79.9135 -37.3750 -8.3426
v 79.8919 -37.3750 -8.1970
v 91.9347 -37.3750 -9.5500
v 79.8919 -37.3750 8.1970
v 79.9135 -37.3750 8.3426
v 79.9493 -37.3750 8.4854
v 79.9988 -37.3750 8.6240
v 80.0618 -37.3750 8.7571
v 80.1375 -37.3750 8.8834
v 80.2251 -37.3750 9.0016
v 80.3240 -37.3750 9.1107
v 80.4331 -37.3750 9.2095
v 80.5513 -37.3750 9.2972
v 80.6776 -37.3750 9.3729
v 80.8106 -37.3750 9.4358
v 80.9492 -37.3750 9.4854
v 81.0920 -37.3750 9.5212
v 81.2376 -37.3750 9.5428
v 81.3847 -37.3750 9.5500
v 91.9347 -37.3750 9.5500
v 79.8847 -37.3750 8.0500
v 79.8847 -37.3750 -8.0500
v 81.3847 -37.3750 -9.5500
v 81.2376 -37.3750 -9.5428
v 81.0920 -37.3750 -9.5212
v 80.9492 -37.3750 -9.4854
v 80.8106 -37.3750 -9.4358
v 80.6776 -37.3750 -9.3729
v 80.5513 -37.3750 -9.2972
v 80.4331 -37.3750 -9.2095
v 80.3240 -37.3750 -9.1107
v 80.2251 -37.3750 -9.0016
v 80.1375 -37.3750 -8.8834
v 80.0618 -37.3750 -8.7571
v 79.9988 -37.3750 -8.6240
v 79.9493 -37.3750 -8.4854
v 79.9135 -37.3750 -8.3426
v 79.8919 -37.3750 -8.1970
v 80.3869 -37.3750 5.4504
v 80.3382 -37.3750 5.3873
v 80.2956 -37.3750 5.3198
v 80.2594 -37.3750 5.2486
v 80.2302 -37.3750 5.1744
v 80.2080 -37.3750 5.0977
v 80.1931 -37.3750 5.0193
v 80.1856 -37.3750 4.9399
v 80.1856 -37.3750 4.8601
v 80.1931 -37.3750 4.7807
v 80.2080 -37.3750 4.7023
v 80.2302 -37.3750 4.6256
v 80.2594 -37.3750 4.5514
v 80.2956 -37.3750 4.4802
v 80.3382 -37.3750 4.4127
v 80.3869 -37.3750 4.3496
v 80.4389 -37.3750 4.2830
v 80.4850 -37.3750 4.2123
v 80.5249 -37.3750 4.1379
v 80.5585 -37.3750 4.0604
v 80.5854 -37.3750 3.9804
v 80.6055 -37.3750 3.8984
v 80.6217 -37.3750 3.8009
v 80.6314 -37.3750 3.7026
v 80.6347 -37.3750 3.6039
v 80.6347 -37.3750 0.0909
v 80.5707 -37.3750 -0.3431
v 80.5387 -37.3750 -0.7807
v 80.5387 -37.3750 -1.2193
v 80.5707 -37.3750 -1.6569
v 80.6347 -37.3750 -2.0909
v 80.6347 -37.3750 -7.3000
v 80.6419 -37.3750 -7.4470
v 80.6635 -37.3750 -7.5926
v 80.6993 -37.3750 -7.7354
v 80.7488 -37.3750 -7.8740
v 80.8118 -37.3750 -8.0071
v 80.8875 -37.3750 -8.1334
v 80.9751 -37.3750 -8.2516
v 81.0740 -37.3750 -8.3607
v 81.1831 -37.3750 -8.4595
v 81.3013 -37.3750 -8.5472
v 81.4276 -37.3750 -8.6229
v 81.5606 -37.3750 -8.6858
v 81.6992 -37.3750 -8.7354
v 81.8420 -37.3750 -8.7712
v 81.9876 -37.3750 -8.7928
v 82.1347 -37.3750 -8.8000
v 83.2385 -37.3750 -8.8000
v 83.3373 -37.3750 -8.8033
v 83.4356 -37.3750 -8.8130
v 83.5330 -37.3750 -8.8292
v 83.6150 -37.3750 -8.8493
v 83.6951 -37.3750 -8.8762
v 83.7725 -37.3750 -8.9097
v 83.8469 -37.3750 -8.9497
v 83.9176 -37.3750 -8.9958
v 83.9842 -37.3750 -9.0477
v 85.0851 -37.3750 -9.0477
v 85.0219 -37.3750 -9.0965
v 84.9545 -37.3750 -9.1391
v 84.8833 -37.3750 -9.1752
v 84.8091 -37.3750 -9.2045
v 84.7324 -37.3750 -9.2267
v 84.6540 -37.3750 -9.2416
v 84.5746 -37.3750 -9.2491
v 84.4948 -37.3750 -9.2491
v 84.4153 -37.3750 -9.2416
v 84.3369 -37.3750 -9.2267
v 84.2603 -37.3750 -9.2045
v 84.1860 -37.3750 -9.1752
v 84.1149 -37.3750 -9.1391
v 84.0474 -37.3750 -9.0965
v 85.1517 -37.3750 -8.9958
v 85.2224 -37.3750 -8.9497
v 85.2968 -37.3750 -8.9097
v 85.3743 -37.3750 -8.8762
v 85.4543 -37.3750 -8.8493
v 85.5363 -37.3750 -8.8292
v 85.6338 -37.3750 -8.8130
v 85.7321 -37.3750 -8.8033
v 85.8308 -37.3750 -8.8000
v 91.9347 -37.3750 -8.8000
v 91.9347 -37.3750 -9.5500
v 79.8919 -37.3750 8.1970
v 79.9135 -37.3750 8.3426
v 79.9493 -37.3750 8.4854
v 79.9988 -37.3750 8.6240
v 80.0618 -37.3750 8.7571
v 80.1375 -37.3750 8.8834
v 80.2251 -37.3750 9.0016
v 80.3240 -37.3750 9.1107
v 80.4331 -37.3750 9.2095
v 80.5513 -37.3750 9.2972
v 80.6776 -37.3750 9.3729
v 80.8106 -37.3750 9.4358
v 80.9492 -37.3750 9.4854
v 81.0920 -37.3750 9.5212
v 81.2376 -37.3750 9.5428
v 81.3847 -37.3750 9.5500
v 91.9347 -37.3750 9.5500
v 91.9347 -37.3750 8.8000
v 82.1347 -37.3750 8.8000
v 81.9876 -37.3750 8.7928
v 81.8420 -37.3750 8.7712
v 81.6992 -37.3750 8.7354
v 81.5606 -37.3750 8.6858
v 81.4276 -37.3750 8.6229
v 81.3013 -37.3750 8.5472
v 81.1831 -37.3750 8.4595
v 81.0740 -37.3750 8.3607
v 80.9751 -37.3750 8.2516
v 80.8875 -37.3750 8.1334
v 80.8118 -37.3750 8.0071
v 80.7488 -37.3750 7.8740
v 80.6993 -37.3750 7.7354
v 80.6635 -37.3750 7.5926
v 80.6419 -37.3750 7.4470
v 80.6347 -37.3750 7.3000
v 80.6347 -37.3750 6.1961
v 80.6314 -37.3750 6.0974
v 80.6217 -37.3750 5.9991
v 80.6055 -37.3750 5.9016
v 80.5854 -37.3750 5.8196
v 80.5585 -37.3750 5.7396
v 80.5249 -37.3750 5.6621
v 80.4850 -37.3750 5.5877
v 80.4389 -37.3750 5.5170
v 83.9790 -22.3750 -9.0432
v 83.9091 -22.3750 -8.9881
v 83.8346 -22.3750 -8.9394
v 83.7560 -22.3750 -8.8975
v 83.6741 -22.3750 -8.8628
v 83.5893 -22.3750 -8.8355
v 83.5025 -22.3750 -8.8158
v 83.4143 -22.3750 -8.8040
v 83.3253 -22.3750 -8.8000
v 84.0425 -22.3750 -9.0930
v 84.1105 -22.3750 -9.1366
v 84.1823 -22.3750 -9.1735
v 84.2572 -22.3750 -9.2035
v 84.3347 -22.3750 -9.2261
v 84.4140 -22.3750 -9.2414
v 84.4943 -22.3750 -9.2490
v 84.5750 -22.3750 -9.2490
v 84.6554 -22.3750 -9.2414
v 84.7346 -22.3750 -9.2261
v 84.8121 -22.3750 -9.2035
v 84.8871 -22.3750 -9.1735
v 84.9588 -22.3750 -9.1366
v 85.0268 -22.3750 -9.0930
v 85.0903 -22.3750 -9.0432
v 85.7440 -22.3750 -8.8000
v 85.6551 -22.3750 -8.8040
v 85.5668 -22.3750 -8.8158
v 85.4800 -22.3750 -8.8355
v 85.3953 -22.3750 -8.8628
v 85.3133 -22.3750 -8.8975
v 85.2347 -22.3750 -8.9394
v 85.1602 -22.3750 -8.9881
v 93.8453 -22.3750 -8.8000
v 94.2731 -22.3750 -8.8667
v 94.7048 -22.3750 -8.9001
v 95.1377 -22.3750 -8.9001
v 95.5694 -22.3750 -8.8667
v 95.9972 -22.3750 -8.8000
v 107.2253 -22.3750 -8.8000
v 107.8790 -22.3750 -9.0432
v 107.8091 -22.3750 -8.9881
v 107.7346 -22.3750 -8.9394
v 107.6560 -22.3750 -8.8975
v 107.5741 -22.3750 -8.8628
v 107.4893 -22.3750 -8.8355
v 107.4025 -22.3750 -8.8158
v 107.3143 -22.3750 -8.8040
v 107.9425 -22.3750 -9.0930
v 108.0105 -22.3750 -9.1366
v 108.0823 -22.3750 -9.1735
v 108.1572 -22.3750 -9.2035
v 108.2347 -22.3750 -9.2261
v 108.3140 -22.3750 -9.2414
v 108.3943 -22.3750 -9.2490
v 108.4750 -22.3750 -9.2490
v 108.5554 -22.3750 -9.2414
v 108.6346 -22.3750 -9.2261
v 108.7121 -22.3750 -9.2035
v 108.7871 -22.3750 -9.1735
v 108.8588 -22.3750 -9.1366
v 108.9268 -22.3750 -9.0930
v 108.9903 -22.3750 -9.0432
v 109.6440 -22.3750 -8.8000
v 109.5551 -22.3750 -8.8040
v 109.4668 -22.3750 -8.8158
v 109.3800 -22.3750 -8.8355
v 109.2953 -22.3750 -8.8628
v 109.2133 -22.3750 -8.8975
v 109.1347 -22.3750 -8.9394
v 109.0602 -22.3750 -8.9881
v 110.7347 -22.3750 -8.8000
v 112.2347 -22.3750 -7.3000
v 112.2274 -22.3750 -7.4470
v 112.2058 -22.3750 -7.5926
v 112.1701 -22.3750 -7.7354
v 112.1205 -22.3750 -7.8740
v 112.0575 -22.3750 -8.0071
v 111.9819 -22.3750 -8.1334
v 111.8942 -22.3750 -8.2516
v 111.7953 -22.3750 -8.3607
v 111.6863 -22.3750 -8.4595
v 111.5680 -22.3750 -8.5472
v 111.4418 -22.3750 -8.6229
v 111.3087 -22.3750 -8.6858
v 111.1701 -22.3750 -8.7354
v 111.0273 -22.3750 -8.7712
v 110.8817 -22.3750 -8.7928
v 112.2347 -22.3750 -1.8330
v 112.2347 -22.3750 1.8330
v 112.3324 -22.3750 1.3144
v 112.3978 -22.3750 0.7907
v 112.4306 -22.3750 0.2639
v 112.4306 -22.3750 -0.2639
v 112.3978 -22.3750 -0.7907
v 112.3324 -22.3750 -1.3144
v 112.2347 -22.3750 7.3000
v 110.7347 -22.3750 8.8000
v 110.8817 -22.3750 8.7928
v 111.0273 -22.3750 8.7712
v 111.1701 -22.3750 8.7354
v 111.3087 -22.3750 8.6858
v 111.4418 -22.3750 8.6229
v 111.5680 -22.3750 8.5472
v 111.6863 -22.3750 8.4595
v 111.7953 -22.3750 8.3607
v 111.8942 -22.3750 8.2516
v 111.9819 -22.3750 8.1334
v 112.0575 -22.3750 8.0071
v 112.1205 -22.3750 7.8740
v 112.1701 -22.3750 7.7354
v 112.2058 -22.3750 7.5926
v 112.2274 -22.3750 7.4470
v 109.6440 -22.3750 8.8000
v 108.9903 -22.3750 9.0432
v 109.0602 -22.3750 8.9881
v 109.1347 -22.3750 8.9394
v 109.2133 -22.3750 8.8975
v 109.2953 -22.3750 8.8628
v 109.3800 -22.3750 8.8355
v 109.4668 -22.3750 8.8158
v 109.5551 -22.3750 8.8040
v 108.9268 -22.3750 9.0930
v 108.8588 -22.3750 9.1366
v 108.7871 -22.3750 9.1735
v 108.7121 -22.3750 9.2035
v 108.6346 -22.3750 9.2261
v 108.5554 -22.3750 9.2414
v 108.4750 -22.3750 9.2490
v 108.3943 -22.3750 9.2490
v 108.3140 -22.3750 9.2414
v 108.2347 -22.3750 9.2261
v 108.1572 -22.3750 9.2035
v 108.0823 -22.3750 9.1735
v 108.0105 -22.3750 9.1366
v 107.9425 -22.3750 9.0930
v 107.8790 -22.3750 9.0432
v 107.2253 -22.3750 8.8000
v 107.3143 -22.3750 8.8040
v 107.4025 -22.3750 8.8158
v 107.4893 -22.3750 8.8355
v 107.5741 -22.3750 8.8628
v 107.6560 -22.3750 8.8975
v 107.7346 -22.3750 8.9394
v 107.8091 -22.3750 8.9881
v 82.1347 -22.3750 8.8000
v 80.6347 -22.3750 7.3000
v 80.6419 -22.3750 7.4470
v 80.6635 -22.3750 7.5926
v 80.6993 -22.3750 7.7354
v 80.7488 -22.3750 7.8740
v 80.8118 -22.3750 8.0071
v 80.8875 -22.3750 8.1334
v 80.9751 -22.3750 8.2516
v 81.0740 -22.3750 8.3607
v 81.1831 -22.3750 8.4595
v 81.3013 -22.3750 8.5472
v 81.4276 -22.3750 8.6229
v 81.5606 -22.3750 8.6858
v 81.6992 -22.3750 8.7354
v 81.8420 -22.3750 8.7712
v 81.9876 -22.3750 8.7928
v 80.6347 -22.3750 6.1093
v 80.3914 -22.3750 5.4556
v 80.4466 -22.3750 5.5255
v 80.4953 -22.3750 5.6001
v 80.5372 -22.3750 5.6786
v 80.5719 -22.3750 5.7606
v 80.5992 -22.3750 5.8453
v 80.6188 -22.3750 5.9322
v 80.6307 -22.3750 6.0204
v 80.3914 -22.3750 4.3444
v 80.3416 -22.3750 4.4079
v 80.2981 -22.3750 4.4758
v 80.2612 -22.3750 4.5476
v 80.2312 -22.3750 4.6226
v 80.2085 -22.3750 4.7000
v 80.1933 -22.3750 4.7793
v 80.1856 -22.3750 4.8596
v 80.1856 -22.3750 4.9404
v 80.1933 -22.3750 5.0207
v 80.2085 -22.3750 5.1000
v 80.2312 -22.3750 5.1774
v 80.2612 -22.3750 5.2524
v 80.2981 -22.3750 5.3242
v 80.3416 -22.3750 5.3921
v 80.6347 -22.3750 3.6907
v 80.6307 -22.3750 3.7796
v 80.6188 -22.3750 3.8678
v 80.5992 -22.3750 3.9547
v 80.5719 -22.3750 4.0394
v 80.5372 -22.3750 4.1214
v 80.4953 -22.3750 4.1999
v 80.4466 -22.3750 4.2745
v 80.6347 -22.3750 -7.3000
v 82.1347 -22.3750 -8.8000
v 81.9876 -22.3750 -8.7928
v 81.8420 -22.3750 -8.7712
v 81.6992 -22.3750 -8.7354
v 81.5606 -22.3750 -8.6858
v 81.4276 -22.3750 -8.6229
v 81.3013 -22.3750 -8.5472
v 81.1831 -22.3750 -8.4595
v 81.0740 -22.3750 -8.3607
v 80.9751 -22.3750 -8.2516
v 80.8875 -22.3750 -8.1334
v 80.8118 -22.3750 -8.0071
v 80.7488 -22.3750 -7.8740
v 80.6993 -22.3750 -7.7354
v 80.6635 -22.3750 -7.5926
v 80.6419 -22.3750 -7.4470
v 80.3869 -37.3750 5.4504
v 80.3382 -37.3750 5.3873
v 80.2956 -37.3750 5.3198
v 80.2594 -37.3750 5.2486
v 80.2302 -37.3750 5.1744
v 80.2080 -37.3750 5.0977
v 80.1931 -37.3750 5.0193
v 80.1856 -37.3750 4.9399
v 80.1856 -37.3750 4.8601
v 80.1931 -37.3750 4.7807
v 80.2080 -37.3750 4.7023
v 80.2302 -37.3750 4.6256
v 80.2594 -37.3750 4.5514
v 80.2956 -37.3750 4.4802
v 80.3382 -37.3750 4.4127
v 80.3869 -37.3750 4.3496
v 80.4389 -37.3750 4.2830
v 80.4850 -37.3750 4.2123
v 80.5249 -37.3750 4.1379
v 80.5585 -37.3750 4.0604
v 80.5854 -37.3750 3.9804
v 80.6055 -37.3750 3.8984
v 80.6217 -37.3750 3.8009
v 80.6314 -37.3750 3.7026
v 80.6347 -37.3750 3.6039
v 80.6347 -37.3750 0.0909
v 80.5707 -37.3750 -0.3431
v 80.5387 -37.3750 -0.7807
v 80.5387 -37.3750 -1.2193
v 80.5707 -37.3750 -1.6569
v 80.6347 -37.3750 -2.0909
v 80.6347 -37.3750 -7.3000
v 80.6419 -37.3750 -7.4470
v 80.6635 -37.3750 -7.5926
v 80.6993 -37.3750 -7.7354
v 80.7488 -37.3750 -7.8740
v 80.8118 -37.3750 -8.0071
v 80.8875 -37.3750 -8.1334
v 80.9751 -37.3750 -8.2516
v 81.0740 -37.3750 -8.3607
v 81.1831 -37.3750 -8.4595
v 81.3013 -37.3750 -8.5472
v 81.4276 -37.3750 -8.6229
v 81.5606 -37.3750 -8.6858
v 81.6992 -37.3750 -8.7354
v 81.8420 -37.3750 -8.7712
v 81.9876 -37.3750 -8.7928
v 82.1347 -37.3750 -8.8000
v 83.2385 -37.3750 -8.8000
v 83.3373 -37.3750 -8.8033
v 83.4356 -37.3750 -8.8130
v 83.5330 -37.3750 -8.8292
v 83.6150 -37.3750 -8.8493
v 83.6951 -37.3750 -8.8762
v 83.7725 -37.3750 -8.9097
v 83.8469 -37.3750 -8.9497
v 83.9176 -37.3750 -8.9958
v 83.9842 -37.3750 -9.0477
v 85.0851 -37.3750 -9.0477
v 85.0219 -37.3750 -9.0965
v 84.9545 -37.3750 -9.1391
v 84.8833 -37.3750 -9.1752
v 84.8091 -37.3750 -9.2045
v 84.7324 -37.3750 -9.2267
v 84.6540 -37.3750 -9.2416
v 84.5746 -37.3750 -9.2491
v 84.4948 -37.3750 -9.2491
v 84.4153 -37.3750 -9.2416
v 84.3369 -37.3750 -9.2267
v 84.2603 -37.3750 -9.2045
v 84.1860 -37.3750 -9.1752
v 84.1149 -37.3750 -9.1391
v 84.0474 -37.3750 -9.0965
v 85.1517 -37.3750 -8.9958
v 85.2224 -37.3750 -8.9497
v 85.2968 -37.3750 -8.9097
v 85.3743 -37.3750 -8.8762
v 85.4543 -37.3750 -8.8493
v 85.5363 -37.3750 -8.8292
v 85.6338 -37.3750 -8.8130
v 85.7321 -37.3750 -8.8033
v 85.8308 -37.3750 -8.8000
v 91.9347 -37.3750 -8.8000
v 82.1347 -37.3750 8.8000
v 81.9876 -37.3750 8.7928
v 81.8420 -37.3750 8.7712
v 81.6992 -37.3750 8.7354
v 81.5606 -37.3750 8.6858
v 81.4276 -37.3750 8.6229
v 81.3013 -37.3750 8.5472
v 81.1831 -37.3750 8.4595
v 81.0740 -37.3750 8.3607
v 80.9751 -37.3750 8.2516
v 80.8875 -37.3750 8.1334
v 80.8118 -37.3750 8.0071
v 80.7488 -37.3750 7.8740
v 80.6993 -37.3750 7.7354
v 80.6635 -37.3750 7.5926
v 80.6419 -37.3750 7.4470
v 80.6347 -37.3750 7.3000
v 80.6347 -37.3750 6.1961
v 80.6314 -37.3750 6.0974
v 80.6217 -37.3750 5.9991
v 80.6055 -37.3750 5.9016
v 80.5854 -37.3750 5.8196
v 80.5585 -37.3750 5.7396
v 80.5249 -37.3750 5.6621
v 80.4850 -37.3750 5.5877
v 80.4389 -37.3750 5.5170
v 80.3869 -31.1750 5.4504
v 80.3884 -31.1750 5.4522
v 80.3899 -31.1750 5.4539
v 80.3914 -31.1750 5.4556
v 80.4517 -31.1750 5.5354
v 80.5037 -31.1750 5.6207
v 80.5469 -31.1750 5.7108
v 80.5810 -31.1750 5.8048
v 80.6055 -31.1750 5.9016
v 80.3914 -31.1750 4.3444
v 80.3899 -31.1750 4.3461
v 80.3884 -31.1750 4.3478
v 80.3869 -31.1750 4.3496
v 80.6337 -31.1750 3.6905
v 80.4466 -31.1750 4.2745
v 80.4953 -31.1750 4.1999
v 80.5372 -31.1750 4.1213
v 80.5719 -31.1750 4.0393
v 80.5992 -31.1750 3.9546
v 80.6189 -31.1750 3.8677
v 80.6307 -31.1750 3.7795
v 80.6347 -24.7750 -2.0909
v 80.6347 -24.7750 0.0909
v 80.6347 -31.1750 3.6039
v 80.5707 -24.7750 -1.6569
v 80.5387 -24.7750 -1.2193
v 80.5387 -24.7750 -0.7807
v 80.5707 -24.7750 -0.3431
v 80.6265 -31.1750 3.7601
v 80.6176 -31.1750 3.8295
v 80.6055 -31.1750 3.8984
v 80.5810 -31.1750 3.9952
v 80.5469 -31.1750 4.0892
v 80.5037 -31.1750 4.1793
v 80.4517 -31.1750 4.2646
v 108.9903 -31.1750 -9.0432
v 109.0602 -31.1750 -8.9881
v 109.1348 -31.1750 -8.9394
v 109.2133 -31.1750 -8.8975
v 109.2953 -31.1750 -8.8628
v 109.3801 -31.1750 -8.8355
v 109.4669 -31.1750 -8.8158
v 109.5552 -31.1750 -8.8040
v 109.6441 -31.1750 -8.8009
v 109.4363 -31.1750 -8.8292
v 109.3394 -31.1750 -8.8537
v 109.2455 -31.1750 -8.8877
v 109.1554 -31.1750 -8.9310
v 109.0700 -31.1750 -8.9830
v 109.5745 -31.1750 -8.8082
v 109.5052 -31.1750 -8.8171
v 107.4330 -31.1750 -8.8292
v 107.3640 -31.1750 -8.8171
v 107.2946 -31.1750 -8.8081
v 107.2248 -31.1750 -8.8009
v 107.8790 -31.1750 -9.0432
v 107.7993 -31.1750 -8.9830
v 107.7140 -31.1750 -8.9310
v 107.6239 -31.1750 -8.8877
v 107.5299 -31.1750 -8.8537
v 107.3138 -31.1750 -8.8039
v 107.4021 -31.1750 -8.8158
v 107.4890 -31.1750 -8.8354
v 107.5738 -31.1750 -8.8627
v 107.6559 -31.1750 -8.8974
v 107.7345 -31.1750 -8.9393
v 107.8091 -31.1750 -8.9881
v 85.0903 -31.1750 -9.0432
v 85.1602 -31.1750 -8.9881
v 85.2348 -31.1750 -8.9394
v 85.3133 -31.1750 -8.8975
v 85.3953 -31.1750 -8.8628
v 85.4801 -31.1750 -8.8355
v 85.5669 -31.1750 -8.8158
v 85.6552 -31.1750 -8.8040
v 85.7441 -31.1750 -8.8009
v 85.5363 -31.1750 -8.8292
v 85.4394 -31.1750 -8.8537
v 85.3455 -31.1750 -8.8877
v 85.2554 -31.1750 -8.9310
v 85.1700 -31.1750 -8.9830
v 85.6745 -31.1750 -8.8082
v 85.6052 -31.1750 -8.8171
v 83.5330 -31.1750 -8.8292
v 83.4640 -31.1750 -8.8171
v 83.3946 -31.1750 -8.8081
v 83.3248 -31.1750 -8.8009
v 83.9790 -31.1750 -9.0432
v 83.8993 -31.1750 -8.9830
v 83.8140 -31.1750 -8.9310
v 83.7239 -31.1750 -8.8877
v 83.6299 -31.1750 -8.8537
v 83.4138 -31.1750 -8.8039
v 83.5021 -31.1750 -8.8158
v 83.5890 -31.1750 -8.8354
v 83.6738 -31.1750 -8.8627
v 83.7559 -31.1750 -8.8974
v 83.8345 -31.1750 -8.9393
v 83.9091 -31.1750 -8.9881
v 80.6176 -31.1750 5.9706
v 80.6265 -31.1750 6.0401
v 80.6337 -31.1750 6.1098
v 80.6307 -31.1750 6.0208
v 80.6189 -31.1750 5.9325
v 80.5993 -31.1750 5.8456
v 80.5720 -31.1750 5.7608
v 80.5372 -31.1750 5.6788
v 80.4953 -31.1750 5.6002
v 80.4466 -31.1750 5.5256
v 107.8790 -31.1750 9.0432
v 107.8091 -31.1750 8.9881
v 107.7346 -31.1750 8.9394
v 107.6560 -31.1750 8.8975
v 107.5740 -31.1750 8.8628
v 107.4892 -31.1750 8.8355
v 107.4024 -31.1750 8.8158
v 107.3141 -31.1750 8.8040
v 107.2252 -31.1750 8.8009
v 107.4330 -31.1750 8.8292
v 107.5299 -31.1750 8.8537
v 107.6239 -31.1750 8.8877
v 107.7140 -31.1750 8.9310
v 107.7993 -31.1750 8.9830
v 107.2948 -31.1750 8.8082
v 107.3642 -31.1750 8.8171
v 109.4363 -31.1750 8.8292
v 109.5053 -31.1750 8.8171
v 109.5748 -31.1750 8.8081
v 109.6445 -31.1750 8.8009
v 108.9903 -31.1750 9.0432
v 109.0700 -31.1750 8.9830
v 109.1554 -31.1750 8.9310
v 109.2455 -31.1750 8.8877
v 109.3394 -31.1750 8.8537
v 109.5555 -31.1750 8.8039
v 109.4672 -31.1750 8.8158
v 109.3803 -31.1750 8.8354
v 109.2955 -31.1750 8.8627
v 109.2134 -31.1750 8.8974
v 109.1348 -31.1750 8.9393
v 109.0602 -31.1750 8.9881
v 110.7347 -37.3750 -8.8000
v 109.7308 -37.3750 -8.8000
v 109.7308 -31.1750 -8.8000
v 110.8817 -37.3750 -8.7928
v 111.0273 -37.3750 -8.7712
v 111.1701 -37.3750 -8.7354
v 111.3087 -37.3750 -8.6858
v 111.4418 -37.3750 -8.6229
v 111.5680 -37.3750 -8.5472
v 111.6863 -37.3750 -8.4595
v 111.7953 -37.3750 -8.3607
v 111.8942 -37.3750 -8.2516
v 111.9819 -37.3750 -8.1334
v 112.0575 -37.3750 -8.0071
v 112.1205 -37.3750 -7.8740
v 112.1701 -37.3750 -7.7354
v 112.2058 -37.3750 -7.5926
v 112.2274 -37.3750 -7.4470
v 112.2347 -37.3750 -7.3000
v 112.2347 -37.3750 -1.8330
v 112.2347 -37.3750 7.3000
v 112.2347 -37.3750 1.8330
v 112.3324 -37.3750 1.3144
v 112.3978 -37.3750 0.7907
v 112.4306 -37.3750 0.2639
v 112.4306 -37.3750 -0.2639
v 112.3978 -37.3750 -0.7907
v 112.3324 -37.3750 -1.3144
v 112.2274 -37.3750 7.4470
v 112.2058 -37.3750 7.5926
v 112.1701 -37.3750 7.7354
v 112.1205 -37.3750 7.8740
v 112.0575 -37.3750 8.0071
v 111.9819 -37.3750 8.1334
v 111.8942 -37.3750 8.2516
v 111.7953 -37.3750 8.3607
v 111.6863 -37.3750 8.4595
v 111.5680 -37.3750 8.5472
v 111.4418 -37.3750 8.6229
v 111.3087 -37.3750 8.6858
v 111.1701 -37.3750 8.7354
v 111.0273 -37.3750 8.7712
v 110.8817 -37.3750 8.7928
v 110.7347 -37.3750 8.8000
v 109.7308 -37.3750 8.8000
v 109.6321 -37.3750 8.8033
v 109.5338 -37.3750 8.8130
v 109.4363 -37.3750 8.8292
v 109.3543 -37.3750 8.8493
v 109.2743 -37.3750 8.8762
v 109.1968 -37.3750 8.9097
v 109.1224 -37.3750 8.9497
v 109.0517 -37.3750 8.9958
v 108.9851 -37.3750 9.0477
v 107.8842 -37.3750 9.0477
v 107.9474 -37.3750 9.0965
v 108.0149 -37.3750 9.1391
v 108.0860 -37.3750 9.1752
v 108.1603 -37.3750 9.2045
v 108.2369 -37.3750 9.2267
v 108.3153 -37.3750 9.2416
v 108.3948 -37.3750 9.2491
v 108.4746 -37.3750 9.2491
v 108.5540 -37.3750 9.2416
v 108.6324 -37.3750 9.2267
v 108.7091 -37.3750 9.2045
v 108.7833 -37.3750 9.1752
v 108.8545 -37.3750 9.1391
v 108.9219 -37.3750 9.0965
v 107.8176 -37.3750 8.9958
v 107.7469 -37.3750 8.9497
v 107.6725 -37.3750 8.9097
v 107.5951 -37.3750 8.8762
v 107.5150 -37.3750 8.8493
v 107.4330 -37.3750 8.8292
v 107.3356 -37.3750 8.8130
v 107.2373 -37.3750 8.8033
v 107.1385 -37.3750 8.8000
v 97.9347 -37.3750 -8.8000
v 107.1385 -37.3750 -8.8000
v 107.2373 -37.3750 -8.8033
v 107.3356 -37.3750 -8.8130
v 107.4330 -37.3750 -8.8292
v 107.5150 -37.3750 -8.8493
v 107.5951 -37.3750 -8.8762
v 107.6725 -37.3750 -8.9097
v 107.7469 -37.3750 -8.9497
v 107.8176 -37.3750 -8.9958
v 107.8842 -37.3750 -9.0477
v 108.9851 -37.3750 -9.0477
v 108.9219 -37.3750 -9.0965
v 108.8545 -37.3750 -9.1391
v 108.7833 -37.3750 -9.1752
v 108.7091 -37.3750 -9.2045
v 108.6324 -37.3750 -9.2267
v 108.5540 -37.3750 -9.2416
v 108.4746 -37.3750 -9.2491
v 108.3948 -37.3750 -9.2491
v 108.3153 -37.3750 -9.2416
v 108.2369 -37.3750 -9.2267
v 108.1603 -37.3750 -9.2045
v 108.0860 -37.3750 -9.1752
v 108.0149 -37.3750 -9.1391
v 107.9474 -37.3750 -9.0965
v 109.0517 -37.3750 -8.9958
v 109.1224 -37.3750 -8.9497
v 109.1968 -37.3750 -8.9097
v 109.2743 -37.3750 -8.8762
v 109.3543 -37.3750 -8.8493
v 109.4363 -37.3750 -8.8292
v 109.5338 -37.3750 -8.8130
v 109.6321 -37.3750 -8.8033
v 109.7308 -31.1750 8.8000
v 107.8808 -31.1750 9.0447
v 107.8825 -31.1750 9.0462
v 107.8842 -31.1750 9.0477
v 108.9851 -31.1750 9.0477
v 108.9868 -31.1750 9.0462
v 108.9886 -31.1750 9.0447
v 107.1385 -31.1750 8.8000
v 80.6347 -31.1750 6.1961
v 97.9347 -34.6750 -8.8000
v 93.8453 -34.6750 -8.8000
v 91.9347 -34.6750 -8.8000
v 85.8308 -31.1750 -8.8000
v 107.1385 -31.1750 -8.8000
v 95.9972 -34.6750 -8.8000
v 95.5694 -34.6750 -8.8667
v 95.1377 -34.6750 -8.9001
v 94.7048 -34.6750 -8.9001
v 94.2731 -34.6750 -8.8667
v 85.0886 -31.1750 -9.0447
v 85.0868 -31.1750 -9.0462
v 85.0851 -31.1750 -9.0477
v 83.9842 -31.1750 -9.0477
v 83.9825 -31.1750 -9.0462
v 83.9808 -31.1750 -9.0447
v 83.2385 -31.1750 -8.8000
v 107.8842 -31.1750 -9.0477
v 107.8825 -31.1750 -9.0462
v 107.8808 -31.1750 -9.0447
v 108.9886 -31.1750 -9.0447
v 108.9868 -31.1750 -9.0462
v 108.9851 -31.1750 -9.0477
v 80.6347 -24.7750 -2.0909
v 80.6347 -24.7750 0.0909
v 80.5707 -24.7750 -1.6569
v 80.5387 -24.7750 -1.2193
v 80.5387 -24.7750 -0.7807
v 80.5707 -24.7750 -0.3431
v 108.9903 -31.1750 -9.0432
v 109.0602 -31.1750 -8.9881
v 109.1348 -31.1750 -8.9394
v 109.2133 -31.1750 -8.8975
v 109.2953 -31.1750 -8.8628
v 109.3801 -31.1750 -8.8355
v 109.4669 -31.1750 -8.8158
v 109.5552 -31.1750 -8.8040
v 109.6441 -31.1750 -8.8009
v 109.4363 -31.1750 -8.8292
v 109.3394 -31.1750 -8.8537
v 109.2455 -31.1750 -8.8877
v 109.1554 -31.1750 -8.9310
v 109.0700 -31.1750 -8.9830
v 109.5745 -31.1750 -8.8082
v 109.5052 -31.1750 -8.8171
v 107.4330 -31.1750 -8.8292
v 107.3640 -31.1750 -8.8171
v 107.2946 -31.1750 -8.8081
v 107.2248 -31.1750 -8.8009
v 107.8790 -31.1750 -9.0432
v 107.7993 -31.1750 -8.9830
v 107.7140 -31.1750 -8.9310
v 107.6239 -31.1750 -8.8877
v 107.5299 -31.1750 -8.8537
v 107.3138 -31.1750 -8.8039
v 107.4021 -31.1750 -8.8158
v 107.4890 -31.1750 -8.8354
v 107.5738 -31.1750 -8.8627
v 107.6559 -31.1750 -8.8974
v 107.7345 -31.1750 -8.9393
v 107.8091 -31.1750 -8.9881
v 85.0903 -31.1750 -9.0432
v 85.1602 -31.1750 -8.9881
v 85.2348 -31.1750 -8.9394
v 85.3133 -31.1750 -8.8975
v 85.3953 -31.1750 -8.8628
v 85.4801 -31.1750 -8.8355
v 85.5669 -31.1750 -8.8158
v 85.6552 -31.1750 -8.8040
v 85.7441 -31.1750 -8.8009
v 85.5363 -31.1750 -8.8292
v 85.4394 -31.1750 -8.8537
v 85.3455 -31.1750 -8.8877
v 85.2554 -31.1750 -8.9310
v 85.1700 -31.1750 -8.9830
v 85.6745 -31.1750 -8.8082
v 85.6052 -31.1750 -8.8171
v 83.5330 -31.1750 -8.8292
v 83.4640 -31.1750 -8.8171
v 83.3946 -31.1750 -8.8081
v 83.3248 -31.1750 -8.8009
v 83.9790 -31.1750 -9.0432
v 83.8993 -31.1750 -8.9830
v 83.8140 -31.1750 -8.9310
v 83.7239 -31.1750 -8.8877
v 83.6299 -31.1750 -8.8537
v 83.4138 -31.1750 -8.8039
v 83.5021 -31.1750 -8.8158
v 83.5890 -31.1750 -8.8354
v 83.6738 -31.1750 -8.8627
v 83.7559 -31.1750 -8.8974
v 83.8345 -31.1750 -8.9393
v 83.9091 -31.1750 -8.9881
v 80.3914 -31.1750 4.3444
v 80.6337 -31.1750 3.6905
v 80.4466 -31.1750 4.2745
v 80.4953 -31.1750 4.1999
v 80.5372 -31.1750 4.1213
v 80.5719 -31.1750 4.0393
v 80.5992 -31.1750 3.9546
v 80.6189 -31.1750 3.8677
v 80.6307 -31.1750 3.7795
v 80.6265 -31.1750 3.7601
v 80.6176 -31.1750 3.8295
v 80.6055 -31.1750 3.8984
v 80.5810 -31.1750 3.9952
v 80.5469 -31.1750 4.0892
v 80.5037 -31.1750 4.1793
v 80.4517 -31.1750 4.2646
v 80.3914 -31.1750 5.4556
v 80.4517 -31.1750 5.5354
v 80.5037 -31.1750 5.6207
v 80.5469 -31.1750 5.7108
v 80.5810 -31.1750 5.8048
v 80.6055 -31.1750 5.9016
v 80.6176 -31.1750 5.9706
v 80.6265 -31.1750 6.0401
v 80.6337 -31.1750 6.1098
v 80.6307 -31.1750 6.0208
v 80.6189 -31.1750 5.9325
v 80.5993 -31.1750 5.8456
v 80.5720 -31.1750 5.7608
v 80.5372 -31.1750 5.6788
v 80.4953 -31.1750 5.6002
v 80.4466 -31.1750 5.5256
v 107.8790 -31.1750 9.0432
v 107.8091 -31.1750 8.9881
v 107.7346 -31.1750 8.9394
v 107.6560 -31.1750 8.8975
v 107.5740 -31.1750 8.8628
v 107.4892 -31.1750 8.8355
v 107.4024 -31.1750 8.8158
v 107.3141 -31.1750 8.8040
v 107.2252 -31.1750 8.8009
v 107.4330 -31.1750 8.8292
v 107.5299 -31.1750 8.8537
v 107.6239 -31.1750 8.8877
v 107.7140 -31.1750 8.9310
v 107.7993 -31.1750 8.9830
v 107.2948 -31.1750 8.8082
v 107.3642 -31.1750 8.8171
v 109.4363 -31.1750 8.8292
v 109.5053 -31.1750 8.8171
v 109.5748 -31.1750 8.8081
v 109.6445 -31.1750 8.8009
v 108.9903 -31.1750 9.0432
v 109.0700 -31.1750 8.9830
v 109.1554 -31.1750 8.9310
v 109.2455 -31.1750 8.8877
v 109.3394 -31.1750 8.8537
v 109.5555 -31.1750 8.8039
v 109.4672 -31.1750 8.8158
v 109.3803 -31.1750 8.8354
v 109.2955 -31.1750 8.8627
v 109.2134 -31.1750 8.8974
v 109.1348 -31.1750 8.9393
v 109.0602 -31.1750 8.9881
v 110.7347 -37.3750 -8.8000
v 109.7308 -37.3750 -8.8000
v 110.8817 -37.3750 -8.7928
v 111.0273 -37.3750 -8.7712
v 111.1701 -37.3750 -8.7354
v 111.3087 -37.3750 -8.6858
v 111.4418 -37.3750 -8.6229
v 111.5680 -37.3750 -8.5472
v 111.6863 -37.3750 -8.4595
v 111.7953 -37.3750 -8.3607
v 111.8942 -37.3750 -8.2516
v 111.9819 -37.3750 -8.1334
v 112.0575 -37.3750 -8.0071
v 112.1205 -37.3750 -7.8740
v 112.1701 -37.3750 -7.7354
v 112.2058 -37.3750 -7.5926
v 112.2274 -37.3750 -7.4470
v 112.2347 -37.3750 -7.3000
v 112.2347 -37.3750 -1.8330
v 112.2347 -37.3750 7.3000
v 112.2347 -37.3750 1.8330
v 112.3324 -37.3750 1.3144
v 112.3978 -37.3750 0.7907
v 112.4306 -37.3750 0.2639
v 112.4306 -37.3750 -0.2639
v 112.3978 -37.3750 -0.7907
v 112.3324 -37.3750 -1.3144
v 112.2274 -37.3750 7.4470
v 112.2058 -37.3750 7.5926
v 112.1701 -37.3750 7.7354
v 112.1205 -37.3750 7.8740
v 112.0575 -37.3750 8.0071
v 111.9819 -37.3750 8.1334
v 111.8942 -37.3750 8.2516
v 111.7953 -37.3750 8.3607
v 111.6863 -37.3750 8.4595
v 111.5680 -37.3750 8.5472
v 111.4418 -37.3750 8.6229
v 111.3087 -37.3750 8.6858
v 111.1701 -37.3750 8.7354
v 111.0273 -37.3750 8.7712
v 110.8817 -37.3750 8.7928
v 110.7347 -37.3750 8.8000
v 109.7308 -37.3750 8.8000
v 109.6321 -37.3750 8.8033
v 109.5338 -37.3750 8.8130
v 109.4363 -37.3750 8.8292
v 109.3543 -37.3750 8.8493
v 109.2743 -37.3750 8.8762
v 109.1968 -37.3750 8.9097
v 109.1224 -37.3750 8.9497
v 109.0517 -37.3750 8.9958
v 108.9851 -37.3750 9.0477
v 107.8842 -37.3750 9.0477
v 107.9474 -37.3750 9.0965
v 108.0149 -37.3750 9.1391
v 108.0860 -37.3750 9.1752
v 108.1603 -37.3750 9.2045
v 108.2369 -37.3750 9.2267
v 108.3153 -37.3750 9.2416
v 108.3948 -37.3750 9.2491
v 108.4746 -37.3750 9.2491
v 108.5540 -37.3750 9.2416
v 108.6324 -37.3750 9.2267
v 108.7091 -37.3750 9.2045
v 108.7833 -37.3750 9.1752
v 108.8545 -37.3750 9.1391
v 108.9219 -37.3750 9.0965
v 107.8176 -37.3750 8.9958
v 107.7469 -37.3750 8.9497
v 107.6725 -37.3750 8.9097
v 107.5951 -37.3750 8.8762
v 107.5150 -37.3750 8.8493
v 107.4330 -37.3750 8.8292
v 107.3356 -37.3750 8.8130
v 107.2373 -37.3750 8.8033
v 107.1385 -37.3750 8.8000
v 97.9347 -37.3750 8.8000
v 97.9347 -37.3750 9.5500
v 111.4847 -37.3750 9.5500
v 111.6317 -37.3750 9.5428
v 111.7773 -37.3750 9.5212
v 111.9201 -37.3750 9.4854
v 112.0587 -37.3750 9.4358
v 112.1918 -37.3750 9.3729
v 112.3180 -37.3750 9.2972
v 112.4363 -37.3750 9.2095
v 112.5453 -37.3750 9.1107
v 112.6442 -37.3750 9.0016
v 112.7319 -37.3750 8.8834
v 112.8075 -37.3750 8.7571
v 112.8705 -37.3750 8.6240
v 112.9201 -37.3750 8.4854
v 112.9558 -37.3750 8.3426
v 112.9774 -37.3750 8.1970
v 112.9847 -37.3750 8.0500
v 112.9847 -37.3750 -8.0500
v 112.9774 -37.3750 -8.1970
v 112.9558 -37.3750 -8.3426
v 112.9201 -37.3750 -8.4854
v 112.8705 -37.3750 -8.6240
v 112.8075 -37.3750 -8.7571
v 112.7319 -37.3750 -8.8834
v 112.6442 -37.3750 -9.0016
v 112.5453 -37.3750 -9.1107
v 112.4363 -37.3750 -9.2095
v 112.3180 -37.3750 -9.2972
v 112.1918 -37.3750 -9.3729
v 112.0587 -37.3750 -9.4358
v 111.9201 -37.3750 -9.4854
v 111.7773 -37.3750 -9.5212
v 111.6317 -37.3750 -9.5428
v 111.4847 -37.3750 -9.5500
v 97.9347 -37.3750 -9.5500
v 97.9347 -37.3750 -8.8000
v 107.1385 -37.3750 -8.8000
v 107.2373 -37.3750 -8.8033
v 107.3356 -37.3750 -8.8130
v 107.4330 -37.3750 -8.8292
v 107.5150 -37.3750 -8.8493
v 107.5951 -37.3750 -8.8762
v 107.6725 -37.3750 -8.9097
v 107.7469 -37.3750 -8.9497
v 107.8176 -37.3750 -8.9958
v 107.8842 -37.3750 -9.0477
v 108.9851 -37.3750 -9.0477
v 108.9219 -37.3750 -9.0965
v 108.8545 -37.3750 -9.1391
v 108.7833 -37.3750 -9.1752
v 108.7091 -37.3750 -9.2045
v 108.6324 -37.3750 -9.2267
v 108.5540 -37.3750 -9.2416
v 108.4746 -37.3750 -9.2491
v 108.3948 -37.3750 -9.2491
v 108.3153 -37.3750 -9.2416
v 108.2369 -37.3750 -9.2267
v 108.1603 -37.3750 -9.2045
v 108.0860 -37.3750 -9.1752
v 108.0149 -37.3750 -9.1391
v 107.9474 -37.3750 -9.0965
v 109.0517 -37.3750 -8.9958
v 109.1224 -37.3750 -8.9497
v 109.1968 -37.3750 -8.9097
v 109.2743 -37.3750 -8.8762
v 109.3543 -37.3750 -8.8493
v 109.4363 -37.3750 -8.8292
v 109.5338 -37.3750 -8.8130
v 109.6321 -37.3750 -8.8033
v 91.9347 -36.8250 10.0000
v 91.9347 -34.6750 10.0000
v 91.9347 -36.8250 9.5500
v 91.9347 -37.3750 9.5500
v 91.9347 -37.3750 8.8000
v 91.9347 -34.6750 8.8000
v 91.9347 -34.6750 10.0000
v 97.9347 -34.6750 10.0000
v 91.9347 -34.6750 8.8000
v 97.9347 -34.6750 8.8000
v 97.9347 -34.6750 10.0000
v 97.9347 -36.8250 10.0000
v 97.9347 -37.3750 8.8000
v 97.9347 -37.3750 9.5500
v 97.9347 -34.6750 8.8000
v 97.9347 -36.8250 9.5500
v 97.9347 -36.8250 10.0000
v 112.4347 -36.8250 10.0000
v 113.4347 -36.8250 9.0000
v 113.4347 -36.8250 -9.0000
v 112.4347 -36.8250 -10.0000
v 97.9347 -36.8250 -10.0000
v 97.9347 -36.8250 9.5500
v 111.4847 -36.8250 -9.5500
v 97.9347 -36.8250 -9.5500
v 111.4847 -36.8250 9.5500
v 112.9847 -36.8250 8.0500
v 112.9774 -36.8250 8.1970
v 112.9558 -36.8250 8.3426
v 112.9201 -36.8250 8.4854
v 112.8705 -36.8250 8.6240
v 112.8075 -36.8250 8.7571
v 112.7319 -36.8250 8.8834
v 112.6442 -36.8250 9.0016
v 112.5453 -36.8250 9.1107
v 112.4363 -36.8250 9.2095
v 112.3180 -36.8250 9.2972
v 112.1918 -36.8250 9.3729
v 112.0587 -36.8250 9.4358
v 111.9201 -36.8250 9.4854
v 111.7773 -36.8250 9.5212
v 111.6317 -36.8250 9.5428
v 112.9847 -36.8250 -8.0500
v 111.6317 -36.8250 -9.5428
v 111.7773 -36.8250 -9.5212
v 111.9201 -36.8250 -9.4854
v 112.0587 -36.8250 -9.4358
v 112.1918 -36.8250 -9.3729
v 112.3180 -36.8250 -9.2972
v 112.4363 -36.8250 -9.2095
v 112.5453 -36.8250 -9.1107
v 112.6442 -36.8250 -9.0016
v 112.7319 -36.8250 -8.8834
v 112.8075 -36.8250 -8.7571
v 112.8705 -36.8250 -8.6240
v 112.9201 -36.8250 -8.4854
v 112.9558 -36.8250 -8.3426
v 112.9774 -36.8250 -8.1970
v 97.9347 -37.3750 9.5500
v 111.4847 -37.3750 9.5500
v 111.6317 -37.3750 9.5428
v 111.7773 -37.3750 9.5212
v 111.9201 -37.3750 9.4854
v 112.0587 -37.3750 9.4358
v 112.1918 -37.3750 9.3729
v 112.3180 -37.3750 9.2972
v 112.4363 -37.3750 9.2095
v 112.5453 -37.3750 9.1107
v 112.6442 -37.3750 9.0016
v 112.7319 -37.3750 8.8834
v 112.8075 -37.3750 8.7571
v 112.8705 -37.3750 8.6240
v 112.9201 -37.3750 8.4854
v 112.9558 -37.3750 8.3426
v 112.9774 -37.3750 8.1970
v 112.9847 -37.3750 8.0500
v 112.9847 -37.3750 -8.0500
v 112.9774 -37.3750 -8.1970
v 112.9558 -37.3750 -8.3426
v 112.9201 -37.3750 -8.4854
v 112.8705 -37.3750 -8.6240
v 112.8075 -37.3750 -8.7571
v 112.7319 -37.3750 -8.8834
v 112.6442 -37.3750 -9.0016
v 112.5453 -37.3750 -9.1107
v 112.4363 -37.3750 -9.2095
v 112.3180 -37.3750 -9.2972
v 112.1918 -37.3750 -9.3729
v 112.0587 -37.3750 -9.4358
v 111.9201 -37.3750 -9.4854
v 111.7773 -37.3750 -9.5212
v 111.6317 -37.3750 -9.5428
v 111.4847 -37.3750 -9.5500
v 97.9347 -37.3750 -9.5500
v 97.9347 -36.8250 9.5500
v 111.4847 -36.8250 -9.5500
v 97.9347 -36.8250 -9.5500
v 111.4847 -36.8250 9.5500
v 112.9847 -36.8250 8.0500
v 112.9774 -36.8250 8.1970
v 112.9558 -36.8250 8.3426
v 112.9201 -36.8250 8.4854
v 112.8705 -36.8250 8.6240
v 112.8075 -36.8250 8.7571
v 112.7319 -36.8250 8.8834
v 112.6442 -36.8250 9.0016
v 112.5453 -36.8250 9.1107
v 112.4363 -36.8250 9.2095
v 112.3180 -36.8250 9.2972
v 112.1918 -36.8250 9.3729
v 112.0587 -36.8250 9.4358
v 111.9201 -36.8250 9.4854
v 111.7773 -36.8250 9.5212
v 111.6317 -36.8250 9.5428
v 112.9847 -36.8250 -8.0500
v 111.6317 -36.8250 -9.5428
v 111.7773 -36.8250 -9.5212
v 111.9201 -36.8250 -9.4854
v 112.0587 -36.8250 -9.4358
v 112.1918 -36.8250 -9.3729
v 112.3180 -36.8250 -9.2972
v 112.4363 -36.8250 -9.2095
v 112.5453 -36.8250 -9.1107
v 112.6442 -36.8250 -9.0016
v 112.7319 -36.8250 -8.8834
v 112.8075 -36.8250 -8.7571
v 112.8705 -36.8250 -8.6240
v 112.9201 -36.8250 -8.4854
v 112.9558 -36.8250 -8.3426
v 112.9774 -36.8250 -8.1970
v 97.9347 -36.8250 -10.0000
v 97.9347 -34.6750 -10.0000
v 97.9347 -37.3750 -9.5500
v 97.9347 -37.3750 -8.8000
v 97.9347 -36.8250 -9.5500
v 97.9347 -34.6750 -8.8000
v 97.9347 -34.6750 -10.0000
v 91.9347 -34.6750 -10.0000
v 97.9347 -34.6750 -8.8000
v 93.8453 -34.6750 -8.8000
v 91.9347 -34.6750 -8.8000
v 95.9972 -34.6750 -8.8000
v 95.5694 -34.6750 -8.8667
v 95.1377 -34.6750 -8.9001
v 94.7048 -34.6750 -8.9001
v 94.2731 -34.6750 -8.8667
v 91.9347 -34.6750 -10.0000
v 91.9347 -36.8250 -10.0000
v 91.9347 -36.8250 -9.5500
v 91.9347 -37.3750 -8.8000
v 91.9347 -37.3750 -9.5500
v 91.9347 -34.6750 -8.8000
v 107.2253 -22.3750 8.8000
v 82.1347 -22.3750 8.8000
v 91.9347 -37.3750 8.8000
v 82.1347 -37.3750 8.8000
v 107.1385 -37.3750 8.8000
v 97.9347 -37.3750 8.8000
v 91.9347 -34.6750 8.8000
v 97.9347 -34.6750 8.8000
v 107.1385 -31.1750 8.8000
vn -0.0000 1.0000 -0.0000
vn -0.0000 1.0000 -0.0000
vn -0.0000 1.0000 -0.0000
vn -0.0000 1.0000 -0.0000
vn -0.0000 1.0000 -0.0000
vn -0.0000 1.0000 -0.0000
vn -0.0000 1.0000 -0.0000
vn -0.0000 1.0000 -0.0000
vn -0.0000 1.0000 -0.0000
vn -0.0000 1.0000 -0.0000
vn -0.0000 1.0000 -0.0000
vn -0.0000 1.0000 -0.0000
vn -0.0000 1.0000 -0.0000
vn -0.0000 1.0000 -0.0000
vn -0.0000 1.0000 -0.0000
vn -0.0000 1.0000 -0.0000
vn 0.0000 1.0000 -0.0000
vn -0.0000 1.0000 -0.0000
vn 0.0000 1.0000 0.0000
vn -0.0000 1.0000 0.0000
vn -0.0000 1.0000 0.0000
vn -0.0000 1.0000 0.0000
vn -0.0000 1.0000 0.0000
vn -0.0000 1.0000 0.0000
vn -0.0000 1.0000 0.0000
vn -0.0000 1.0000 0.0000
vn -0.0000 1.0000 0.0000
vn -0.0000 1.0000 0.0000
vn -0.0000 1.0000 0.0000
vn -0.0000 1.0000 0.0000
vn -0.0000 1.0000 0.0000
vn -0.0000 1.0000 0.0000
vn -0.0000 1.0000 0.0000
vn -0.0000 1.0000 0.0000
vn -0.0000 1.0000 0.0000
vn 0.0000 1.0000 -0.0000
vn 0.0000 1.0000 0.0000
vn 0.0000 1.0000 0.0000
vn 0.0000 1.0000 0.0000
vn 0.0000 1.0000 0.0000
vn 0.0000 1.0000 0.0000
vn 0.0000 1.0000 0.0000
vn 0.0000 1.0000 0.0000
vn 0.0000 1.0000 0.0000
vn 0.0000 1.0000 0.0000
vn 0.0000 1.0000 0.0000
vn 0.0000 1.0000 0.0000
vn 0.0000 1.0000 0.0000
vn 0.0000 1.0000 0.0000
vn 0.0000 1.0000 0.0000
vn 0.0000 1.0000 0.0000
vn 0.0000 1.0000 0.0000
vn 0.0000 1.0000 -0.0000
vn 0.0000 1.0000 -0.0000
vn 0.0000 1.0000 -0.0000
vn 0.0000 1.0000 -0.0000
vn 0.0000 1.0000 -0.0000
vn 0.0000 1.0000 -0.0000
vn 0.0000 1.0000 -0.0000
vn 0.0000 1.0000 -0.0000
vn 0.0000 1.0000 -0.0000
vn 0.0000 1.0000 -0.0000
vn 0.0000 1.0000 -0.0000
vn 0.0000 1.0000 -0.0000
vn 0.0000 1.0000 -0.0000
vn 0.0000 1.0000 -0.0000
vn 0.0000 1.0000 -0.0000
vn 0.0000 1.0000 -0.0000
vn -0.0000 1.0000 -0.0000
vn 0.0000 1.0000 0.0000
vn 0.0000 1.0000 0.0000
vn 0.0000 1.0000 0.0000
vn 0.0000 1.0000 0.0000
vn 0.0000 1.0000 0.0000
vn 0.0000 1.0000 0.0000
vn 0.0000 1.0000 0.0000
vn -0.0000 1.0000 0.0000
vn -0.0000 1.0000 -0.0000
vn -0.0000 1.0000 -0.0000
vn -0.0000 1.0000 -0.0000
vn -0.0000 1.0000 -0.0000
vn -0.0000 1.0000 -0.0000
vn -0.0000 1.0000 -0.0000
vn -0.0000 1.0000 -0.0000
vn 0.0000 1.0000 -0.0000
vn 0.0000 1.0000 0.0000
vn 0.0000 1.0000 0.0000
vn 0.0000 1.0000 0.0000
vn 0.0000 1.0000 0.0000
vn 0.0000 1.0000 0.0000
vn 0.0000 1.0000 0.0000
vn 0.0000 1.0000 0.0000
vn 0.0000 1.0000 0.0000
vn 0.0000 1.0000 0.0000
vn 0.0000 1.0000 0.0000
vn 0.0000 1.0000 0.0000
vn 0.0000 1.0000 0.0000
vn 0.0000 1.0000 0.0000
vn 0.0000 1.0000 0.0000
vn 0.0000 1.0000 0.0000
vn 0.0000 1.0000 0.0000
vn 0.0000 1.0000 0.0000
vn 0.0000 1.0000 0.0000
vn 0.0000 1.0000 0.0000
vn 0.0000 1.0000 0.0000
vn 0.0000 1.0000 0.0000
vn 0.0000 1.0000 0.0000
vn 0.0000 1.0000 0.0000
vn 0.0000 1.0000 0.0000
vn 0.0000 1.0000 0.0000
vn 0.0000 1.0000 0.0000
vn 0.0000 1.0000 0.0000
vn 0.0000 1.0000 0.0000
vn 0.0000 1.0000 0.0000
vn 0.0000 1.0000 0.0000
vn 0.0000 1.0000 0.0000
vn 0.0000 1.0000 0.0000
vn 0.0000 1.0000 0.0000
vn 0.0000 1.0000 0.0000
vn 0.0000 1.0000 0.0000
vn -0.0000 1.0000 -0.0000
vn -0.0000 1.0000 -0.0000
vn 0.0000 1.0000 0.0000
vn 0.0000 1.0000 0.0000
vn 0.0000 1.0000 0.0000
vn 0.0000 1.0000 0.0000
vn 0.0000 1.0000 0.0000
vn 0.0000 1.0000 0.0000
vn 0.0000 1.0000 0.0000
vn 0.0000 1.0000 0.0000
vn 0.0000 1.0000 0.0000
vn 0.0000 1.0000 0.0000
vn 0.0000 1.0000 0.0000
vn 0.0000 1.0000 0.0000
vn 0.0000 1.0000 0.0000
vn 0.0000 1.0000 0.0000
vn 0.0000 1.0000 0.0000
vn 0.0000 1.0000 0.0000
vn 0.0000 1.0000 0.0000
vn -0.0000 1.0000 -0.0000
vn -0.0000 1.0000 -0.0000
vn -0.0000 1.0000 0.0000
vn -0.0000 1.0000 0.0000
vn -0.0000 1.0000 0.0000
vn -0.0000 1.0000 0.0000
vn -0.0000 1.0000 0.0000
vn -0.0000 1.0000 0.0000
vn -0.0000 1.0000 0.0000
vn -0.0000 1.0000 0.0000
vn -0.0000 1.0000 0.0000
vn -0.0000 1.0000 0.0000
vn -0.0000 1.0000 0.0000
vn -0.0000 1.0000 0.0000
vn -0.0000 1.0000 0.0000
vn -0.0000 1.0000 0.0000
vn 0.0000 1.0000 0.0000
vn -0.0000 1.0000 0.0000
vn 0.0000 1.0000 0.0000
vn 0.0000 1.0000 0.0000
vn 0.0000 1.0000 0.0000
vn 0.0000 1.0000 0.0000
vn 0.0000 1.0000 0.0000
vn 0.0000 1.0000 0.0000
vn -0.0000 1.0000 0.0000
vn 0.0000 1.0000 -0.0000
vn 0.0000 1.0000 -0.0000
vn -0.0000 1.0000 -0.0000
vn -0.0000 1.0000 -0.0000
vn -0.0000 1.0000 -0.0000
vn -0.0000 1.0000 -0.0000
vn -0.0000 1.0000 -0.0000
vn -0.0000 1.0000 -0.0000
vn -0.0000 1.0000 -0.0000
vn -0.0000 1.0000 -0.0000
vn -0.0000 1.0000 -0.0000
vn -0.0000 1.0000 -0.0000
vn -0.0000 1.0000 -0.0000
vn -0.0000 1.0000 -0.0000
vn -0.0000 1.0000 -0.0000
vn -0.0000 1.0000 -0.0000
vn 0.0000 1.0000 0.0000
vn 0.0000 1.0000 0.0000
vn 0.0000 1.0000 0.0000
vn 0.0000 1.0000 0.0000
vn 0.0000 1.0000 0.0000
vn 0.0000 1.0000 0.0000
vn 0.0000 1.0000 0.0000
vn 0.0000 1.0000 0.0000
vn 0.0000 1.0000 0.0000
vn 0.0000 1.0000 0.0000
vn 0.0000 1.0000 0.0000
vn 0.0000 1.0000 0.0000
vn 0.0000 1.0000 0.0000
vn 0.0000 1.0000 0.0000
vn 0.0000 1.0000 0.0000
vn 0.0000 1.0000 0.0000
vn 0.0000 1.0000 0.0000
vn 0.0000 1.0000 0.0000
vn 0.0000 1.0000 0.0000
vn 0.0000 1.0000 0.0000
vn 0.0000 1.0000 0.0000
vn 0.0000 1.0000 0.0000
vn 0.0000 1.0000 0.0000
vn 0.0000 1.0000 0.0000
vn -0.0000 1.0000 -0.0000
vn 0.0000 1.0000 0.0000
vn 0.0000 1.0000 0.0000
vn 0.0000 1.0000 0.0000
vn 0.0000 1.0000 0.0000
vn 0.0000 1.0000 0.0000
vn 0.0000 1.0000 0.0000
vn 0.0000 1.0000 0.0000
vn -0.0000 1.0000 -0.0000
vn 0.0000 1.0000 0.0000
vn 0.0000 1.0000 0.0000
vn 0.0000 1.0000 -0.0000
vn 0.0000 1.0000 -0.0000
vn 0.0000 1.0000 -0.0000
vn 0.0000 1.0000 -0.0000
vn 0.0000 1.0000 -0.0000
vn 0.0000 1.0000 -0.0000
vn 0.0000 1.0000 -0.0000
vn 0.0000 1.0000 -0.0000
vn 0.0000 1.0000 -0.0000
vn 0.0000 1.0000 -0.0000
vn 0.0000 1.0000 -0.0000
vn 0.0000 1.0000 -0.0000
vn 0.0000 1.0000 -0.0000
vn 0.0000 1.0000 -0.0000
vn 0.0000 1.0000 0.0000
vn 0.0000 1.0000 0.0000
vn 0.0000 1.0000 0.0000
vn 0.0000 1.0000 0.0000
vn 0.0000 1.0000 0.0000
vn 0.0000 1.0000 0.0000
vn 0.0000 1.0000 0.0000
vn 0.0000 1.0000 0.0000
vn 0.0000 1.0000 0.0000
vn 0.0000 1.0000 0.0000
vn 0.0000 1.0000 0.0000
vn 0.0000 1.0000 0.0000
vn -0.0000 1.0000 -0.0000
vn -0.0000 1.0000 -0.0000
vn -0.0000 1.0000 -0.0000
vn -0.0000 1.0000 -0.0000
vn -0.0000 1.0000 -0.0000
vn 0.0000 1.0000 0.0000
vn 0.0000 1.0000 0.0000
vn 0.0000 1.0000 0.0000
vn 0.0000 1.0000 0.0000
vn 0.0000 1.0000 0.0000
vn 0.0000 1.0000 0.0000
vn 0.0000 1.0000 0.0000
vn -0.0000 1.0000 -0.0000
vn 0.0000 1.0000 0.0000
vn 0.0000 1.0000 0.0000
vn 0.0000 1.0000 0.0000
vn 0.0000 1.0000 0.0000
vn 0.0000 1.0000 0.0000
vn 0.0000 1.0000 0.0000
vn 0.0000 1.0000 0.0000
vn 0.0000 1.0000 -0.0000
vn 0.0000 1.0000 0.0000
vn 0.0000 1.0000 0.0000
vn 0.0000 1.0000 0.0000
vn 0.0000 1.0000 0.0000
vn 0.0000 1.0000 0.0000
vn 0.0000 1.0000 0.0000
vn 0.0000 1.0000 0.0000
vn 0.0000 1.0000 0.0000
vn 0.0000 1.0000 0.0000
vn 0.0000 1.0000 0.0000
vn 0.0000 1.0000 0.0000
vn 0.0000 1.0000 0.0000
vn 0.0000 1.0000 0.0000
vn 0.0000 1.0000 0.0000
vn 0.0000 1.0000 0.0000
vn 0.0000 1.0000 0.0000
vn 0.9997 -0.0000 0.0245
vn 0.9952 -0.0000 0.0980
vn 0.9808 0.0000 0.1951
vn 0.9569 0.0000 0.2903
vn 0.9239 0.0000 0.3827
vn 0.8819 0.0000 0.4714
vn 0.8315 0.0000 0.5556
vn 0.7730 0.0000 0.6344
vn 0.7071 0.0000 0.7071
vn 0.6344 0.0000 0.7730
vn 0.5556 0.0000 0.8315
vn 0.4714 0.0000 0.8819
vn 0.3827 0.0000 0.9239
vn 0.2903 0.0000 0.9569
vn 0.1951 0.0000 0.9808
vn 0.0980 0.0000 0.9952
vn 0.0245 0.0000 0.9997
vn 0.9997 0.0000 -0.0245
vn 0.0245 0.0000 -0.9997
vn 0.0980 0.0000 -0.9952
vn 0.1951 0.0000 -0.9808
vn 0.2903 0.0000 -0.9569
vn 0.3827 -0.0000 -0.9239
vn 0.4714 -0.0000 -0.8819
vn 0.5556 0.0000 -0.8315
vn 0.6344 0.0000 -0.7730
vn 0.7071 0.0000 -0.7071
vn 0.7730 0.0000 -0.6344
vn 0.8315 0.0000 -0.5556
vn 0.8819 0.0000 -0.4714
vn 0.9239 0.0000 -0.3827
vn 0.9569 0.0000 -0.2903
vn 0.9808 0.0000 -0.1951
vn 0.9952 0.0000 -0.0980
vn -0.0245 0.0000 -0.9997
vn -0.9997 0.0000 -0.0245
vn -0.9952 0.0000 -0.0980
vn -0.9808 0.0000 -0.1951
vn -0.9569 0.0000 -0.2903
vn -0.9239 0.0000 -0.3827
vn -0.8819 0.0000 -0.4714
vn -0.8315 0.0000 -0.5556
vn -0.7730 0.0000 -0.6344
vn -0.7071 0.0000 -0.7071
vn -0.6344 0.0000 -0.7730
vn -0.5556 0.0000 -0.8315
vn -0.4714 0.0000 -0.8819
vn -0.3827 0.0000 -0.9239
vn -0.2903 0.0000 -0.9569
vn -0.1951 0.0000 -0.9808
vn -0.0980 0.0000 -0.9952
vn -0.9997 -0.0000 0.0245
vn -0.0245 0.0000 0.9997
vn -0.0980 0.0000 0.9952
vn -0.1951 0.0000 0.9808
vn -0.2903 0.0000 0.9569
vn -0.3827 -0.0000 0.9239
vn -0.4714 -0.0000 0.8819
vn -0.5556 0.0000 0.8315
vn -0.6344 -0.0000 0.7730
vn -0.7071 -0.0000 0.7071
vn -0.7730 -0.0000 0.6344
vn -0.8315 -0.0000 0.5556
vn -0.8819 -0.0000 0.4714
vn -0.9239 -0.0000 0.3827
vn -0.9569 -0.0000 0.2903
vn -0.9808 -0.0000 0.1951
vn -0.9952 -0.0000 0.0980
vn 0.0245 0.0000 0.9997
vn 0.0980 0.0000 0.9952
vn 0.1951 0.0000 0.9808
vn 0.2903 0.0000 0.9569
vn 0.3827 0.0000 0.9239
vn 0.4714 0.0000 0.8819
vn 0.5556 0.0000 0.8315
vn 0.6344 0.0000 0.7730
vn 0.7071 0.0000 0.7071
vn 0.7730 0.0000 0.6344
vn 0.8315 0.0000 0.5556
vn 0.8819 0.0000 0.4714
vn 0.9239 0.0000 0.3827
vn 0.9569 0.0000 0.2903
vn 0.9808 -0.0000 0.1951
vn 0.9952 -0.0000 0.0980
vn 0.9997 0.0000 0.0245
vn -0.0245 0.0000 0.9997
vn 0.9997 0.0000 -0.0245
vn -0.9997 -0.0000 0.0245
vn -0.9952 -0.0000 0.0980
vn -0.9808 -0.0000 0.1951
vn -0.9569 -0.0000 0.2903
vn -0.9239 -0.0000 0.3827
vn -0.8819 -0.0000 0.4714
vn -0.8315 -0.0000 0.5556
vn -0.7730 -0.0000 0.6344
vn -0.7071 -0.0000 0.7071
vn -0.6344 0.0000 0.7730
vn -0.5556 -0.0000 0.8315
vn -0.4714 -0.0000 0.8819
vn -0.3827 0.0000 0.9239
vn -0.2903 0.0000 0.9569
vn -0.1951 0.0000 0.9808
vn -0.0980 0.0000 0.9952
vn -0.9997 0.0000 -0.0245
vn -0.0245 0.0000 -0.9997
vn -0.0980 0.0000 -0.9952
vn -0.1951 0.0000 -0.9808
vn -0.2903 0.0000 -0.9569
vn -0.3827 0.0000 -0.9239
vn -0.4714 0.0000 -0.8819
vn -0.5556 0.0000 -0.8315
vn -0.6344 0.0000 -0.7730
vn -0.7071 0.0000 -0.7071
vn -0.7730 0.0000 -0.6344
vn -0.8315 0.0000 -0.5556
vn -0.8819 0.0000 -0.4714
vn -0.9239 0.0000 -0.3827
vn -0.9569 0.0000 -0.2903
vn -0.9808 0.0000 -0.1951
vn -0.9952 0.0000 -0.0980
vn 0.0245 0.0000 -0.9997
vn 0.9952 0.0000 -0.0980
vn 0.9808 0.0000 -0.1951
vn 0.9569 0.0000 -0.2903
vn 0.9239 0.0000 -0.3827
vn 0.8819 0.0000 -0.4714
vn 0.8315 0.0000 -0.5556
vn 0.7730 0.0000 -0.6344
vn 0.7071 0.0000 -0.7071
vn 0.6344 0.0000 -0.7730
vn 0.5556 -0.0000 -0.8315
vn 0.4714 -0.0000 -0.8819
vn 0.3827 0.0000 -0.9239
vn 0.2903 0.0000 -0.9569
vn 0.1951 0.0000 -0.9808
vn 0.0980 0.0000 -0.9952
vn -0.0000 1.0000 0.0000
vn 0.0000 1.0000 0.0000
vn 0.0000 1.0000 0.0000
vn 0.0000 1.0000 0.0000
vn 0.0000 1.0000 0.0000
vn 0.0000 1.0000 0.0000
vn 0.0000 1.0000 0.0000
vn 0.0000 1.0000 0.0000
vn 0.0000 1.0000 0.0000
vn 0.0000 1.0000 0.0000
vn 0.0000 1.0000 0.0000
vn 0.0000 1.0000 0.0000
vn 0.0000 1.0000 0.0000
vn 0.0000 1.0000 0.0000
vn 0.0000 1.0000 -0.0000
vn 0.0000 1.0000 -0.0000
vn -0.0000 1.0000 -0.0000
vn -0.0000 1.0000 -0.0000
vn -0.0000 1.0000 -0.0000
vn 0.0000 1.0000 0.0000
vn -0.0000 1.0000 -0.0000
vn -0.0000 1.0000 0.0000
vn -0.0000 1.0000 -0.0000
vn -0.0000 1.0000 -0.0000
vn -0.0000 1.0000 -0.0000
vn 0.0000 1.0000 -0.0000
vn -0.0000 1.0000 -0.0000
vn 0.0000 1.0000 0.0000
vn 0.0000 1.0000 0.0000
vn 0.0000 1.0000 0.0000
vn 0.0000 1.0000 0.0000
vn 0.0000 1.0000 0.0000
vn 0.0000 1.0000 0.0000
vn 0.0000 1.0000 0.0000
vn 0.0000 1.0000 0.0000
vn 0.0000 1.0000 0.0000
vn 0.0000 1.0000 0.0000
vn 0.0000 1.0000 0.0000
vn 0.0000 1.0000 0.0000
vn 0.0000 1.0000 0.0000
vn 0.0000 1.0000 0.0000
vn 0.0000 1.0000 0.0000
vn 0.0000 1.0000 0.0000
vn 0.0000 1.0000 0.0000
vn -0.0000 1.0000 0.0000
vn 0.0000 1.0000 0.0000
vn 0.0000 1.0000 0.0000
vn 0.0000 1.0000 0.0000
vn 0.0000 1.0000 0.0000
vn 0.0000 1.0000 -0.0000
vn 0.0000 1.0000 -0.0000
vn -0.0000 1.0000 -0.0000
vn -0.0000 1.0000 -0.0000
vn 0.0000 1.0000 0.0000
vn 0.0000 1.0000 0.0000
vn 0.0000 1.0000 0.0000
vn 0.0000 1.0000 0.0000
vn 0.0000 1.0000 0.0000
vn 0.0000 1.0000 0.0000
vn 0.0000 1.0000 0.0000
vn -0.0000 1.0000 -0.0000
vn 0.0000 1.0000 0.0000
vn 0.0000 1.0000 0.0000
vn 0.0000 1.0000 0.0000
vn 0.0000 1.0000 0.0000
vn 0.0000 1.0000 0.0000
vn 0.0000 1.0000 0.0000
vn 0.0000 1.0000 0.0000
vn 0.0000 1.0000 0.0000
vn 0.0000 1.0000 0.0000
vn 0.0000 1.0000 0.0000
vn 0.0000 1.0000 0.0000
vn 0.0000 1.0000 0.0000
vn 0.0000 1.0000 0.0000
vn 0.0000 1.0000 0.0000
vn 0.0000 1.0000 0.0000
vn -1.0000 0.0000 0.0000
vn -1.0000 0.0000 0.0000
vn -1.0000 0.0000 0.0000
vn -1.0000 0.0000 0.0000
vn 0.0000 -1.0000 0.0000
vn 0.0000 -1.0000 0.0000
vn 0.0000 -1.0000 0.0000
vn 0.0000 -1.0000 0.0000
vn 0.0000 -1.0000 0.0000
vn 0.0000 -1.0000 0.0000
vn 0.0000 -1.0000 0.0000
vn 0.0000 -1.0000 0.0000
vn 0.0000 -1.0000 0.0000
vn 0.0000 -1.0000 0.0000
vn 0.0000 -1.0000 0.0000
vn 0.0000 -1.0000 0.0000
vn 0.0000 -1.0000 0.0000
vn 0.0000 -1.0000 0.0000
vn 0.0000 -1.0000 0.0000
vn 0.0000 -1.0000 0.0000
vn -0.7071 0.0000 0.7071
vn -0.7071 0.0000 0.7071
vn -0.7071 0.0000 0.7071
vn -0.7071 0.0000 0.7071
vn 0.0000 0.0000 1.0000
vn 0.0000 0.0000 1.0000
vn 0.0000 0.0000 1.0000
vn 0.0000 0.0000 1.0000
vn 0.7071 0.0000 0.7071
vn 0.7071 0.0000 0.7071
vn 0.7071 0.0000 0.7071
vn 0.7071 0.0000 0.7071
vn 1.0000 0.0000 0.0000
vn 1.0000 0.0000 0.0000
vn 1.0000 0.0000 0.0000
vn 1.0000 0.0000 0.0000
vn 0.7071 -0.0000 -0.7071
vn 0.7071 -0.0000 -0.7071
vn 0.7071 -0.0000 -0.7071
vn 0.7071 -0.0000 -0.7071
vn -0.0000 -0.0000 -1.0000
vn -0.0000 -0.0000 -1.0000
vn -0.0000 -0.0000 -1.0000
vn -0.0000 -0.0000 -1.0000
vn -0.7071 -0.0000 -0.7071
vn -0.7071 -0.0000 -0.7071
vn -0.7071 -0.0000 -0.7071
vn -0.7071 -0.0000 -0.7071
vn -1.0000 0.0000 0.0000
vn -1.0000 0.0000 0.0000
vn -1.0000 0.0000 0.0000
vn -1.0000 0.0000 0.0000
vn -0.7071 0.0000 0.7071
vn -0.7071 0.0000 0.7071
vn -0.7071 0.0000 0.7071
vn -0.7071 0.0000 0.7071
vn 0.0000 0.0000 1.0000
vn 0.0000 0.0000 1.0000
vn 0.0000 0.0000 1.0000
vn 0.0000 0.0000 1.0000
vn 0.7071 0.0000 0.7071
vn 0.7071 0.0000 0.7071
vn 0.7071 0.0000 0.7071
vn 0.7071 0.0000 0.7071
vn 1.0000 0.0000 0.0000
vn 1.0000 0.0000 0.0000
vn 1.0000 0.0000 0.0000
vn 1.0000 0.0000 0.0000
vn 0.7071 0.0000 -0.7071
vn 0.7071 0.0000 -0.7071
vn 0.7071 0.0000 -0.7071
vn 0.7071 0.0000 -0.7071
vn -0.0000 0.0000 -1.0000
vn -0.0000 0.0000 -1.0000
vn -0.0000 0.0000 -1.0000
vn -0.0000 0.0000 -1.0000
vn -0.7071 0.0000 -0.7071
vn -0.7071 0.0000 -0.7071
vn -0.7071 0.0000 -0.7071
vn -0.7071 0.0000 -0.7071
vn 0.0000 1.0000 0.0000
vn 0.0000 1.0000 0.0000
vn 0.0000 1.0000 0.0000
vn 0.0000 1.0000 0.0000
vn 0.0000 1.0000 0.0000
vn 0.0000 1.0000 0.0000
vn 0.0000 1.0000 0.0000
vn 0.0000 1.0000 0.0000
vn 0.0000 1.0000 0.0000
vn 0.0000 1.0000 0.0000
vn 0.0000 1.0000 0.0000
vn 0.0000 1.0000 0.0000
vn 0.0000 1.0000 0.0000
vn 0.0000 1.0000 0.0000
vn 0.0000 1.0000 0.0000
vn 0.0000 1.0000 0.0000
vn -1.0000 0.0000 0.0000
vn -1.0000 0.0000 0.0000
vn -1.0000 0.0000 0.0000
vn -1.0000 0.0000 0.0000
vn 0.0000 -1.0000 0.0000
vn 0.0000 -1.0000 0.0000
vn 0.0000 -1.0000 0.0000
vn 0.0000 -1.0000 0.0000
vn 0.0000 -1.0000 0.0000
vn 0.0000 -1.0000 0.0000
vn 0.0000 -1.0000 0.0000
vn 0.0000 -1.0000 0.0000
vn 0.0000 -1.0000 0.0000
vn 0.0000 -1.0000 0.0000
vn 0.0000 -1.0000 0.0000
vn 0.0000 -1.0000 0.0000
vn 0.0000 -1.0000 0.0000
vn 0.0000 -1.0000 0.0000
vn 0.0000 -1.0000 0.0000
vn 0.0000 -1.0000 0.0000
vn -0.7071 0.0000 0.7071
vn -0.7071 0.0000 0.7071
vn -0.7071 0.0000 0.7071
vn -0.7071 0.0000 0.7071
vn 0.0000 0.0000 1.0000
vn 0.0000 -0.0000 1.0000
vn 0.0000 -0.0000 1.0000
vn 0.0000 -0.0000 1.0000
vn 0.7071 -0.0000 0.7071
vn 0.7071 -0.0000 0.7071
vn 0.7071 -0.0000 0.7071
vn 0.7071 -0.0000 0.7071
vn 1.0000 0.0000 0.0000
vn 1.0000 0.0000 0.0000
vn 1.0000 0.0000 0.0000
vn 1.0000 0.0000 0.0000
vn 0.7071 0.0000 -0.7071
vn 0.7071 0.0000 -0.7071
vn 0.7071 0.0000 -0.7071
vn 0.7071 0.0000 -0.7071
vn -0.0000 0.0000 -1.0000
vn -0.0000 0.0000 -1.0000
vn -0.0000 0.0000 -1.0000
vn -0.0000 0.0000 -1.0000
vn -0.7071 0.0000 -0.7071
vn -0.7071 0.0000 -0.7071
vn -0.7071 0.0000 -0.7071
vn -0.7071 0.0000 -0.7071
vn -1.0000 0.0000 0.0000
vn -1.0000 0.0000 0.0000
vn -1.0000 0.0000 0.0000
vn -1.0000 0.0000 0.0000
vn -0.7071 -0.0000 0.7071
vn -0.7071 0.0000 0.7071
vn -0.7071 -0.0000 0.7071
vn -0.7071 -0.0000 0.7071
vn 0.0000 0.0000 1.0000
vn 0.0000 -0.0000 1.0000
vn 0.0000 -0.0000 1.0000
vn 0.0000 -0.0000 1.0000
vn 0.7071 0.0000 0.7071
vn 0.7071 0.0000 0.7071
vn 0.7071 0.0000 0.7071
vn 0.7071 0.0000 0.7071
vn 1.0000 0.0000 0.0000
vn 1.0000 0.0000 0.0000
vn 1.0000 0.0000 0.0000
vn 1.0000 0.0000 0.0000
vn 0.7071 0.0000 -0.7071
vn 0.7071 0.0000 -0.7071
vn 0.7071 0.0000 -0.7071
vn 0.7071 0.0000 -0.7071
vn -0.0000 0.0000 -1.0000
vn -0.0000 0.0000 -1.0000
vn -0.0000 0.0000 -1.0000
vn -0.0000 0.0000 -1.0000
vn -0.7071 0.0000 -0.7071
vn -0.7071 0.0000 -0.7071
vn -0.7071 0.0000 -0.7071
vn -0.7071 0.0000 -0.7071
vn 0.0000 1.0000 0.0000
vn 0.0000 1.0000 0.0000
vn 0.0000 1.0000 0.0000
vn 0.0000 1.0000 0.0000
vn 0.0000 1.0000 0.0000
vn 0.0000 1.0000 0.0000
vn 0.0000 1.0000 0.0000
vn 0.0000 1.0000 0.0000
vn 0.0000 1.0000 0.0000
vn 0.0000 1.0000 0.0000
vn 0.0000 1.0000 0.0000
vn 0.0000 1.0000 0.0000
vn 0.0000 1.0000 0.0000
vn 0.0000 1.0000 0.0000
vn 0.0000 1.0000 0.0000
vn 0.0000 1.0000 0.0000
vn -1.0000 0.0000 0.0000
vn -1.0000 0.0000 0.0000
vn -1.0000 0.0000 0.0000
vn -1.0000 0.0000 0.0000
vn 0.0000 -1.0000 0.0000
vn 0.0000 -1.0000 0.0000
vn 0.0000 -1.0000 0.0000
vn 0.0000 -1.0000 0.0000
vn 0.0000 -1.0000 0.0000
vn 0.0000 -1.0000 0.0000
vn 0.0000 -1.0000 0.0000
vn 0.0000 -1.0000 0.0000
vn 0.0000 -1.0000 0.0000
vn 0.0000 -1.0000 0.0000
vn 0.0000 -1.0000 0.0000
vn 0.0000 -1.0000 0.0000
vn 0.0000 -1.0000 0.0000
vn 0.0000 -1.0000 0.0000
vn 0.0000 -1.0000 0.0000
vn 0.0000 -1.0000 0.0000
vn -0.7071 -0.0000 0.7071
vn -0.7071 -0.0000 0.7071
vn -0.7071 -0.0000 0.7071
vn -0.7071 0.0000 0.7071
vn 0.0000 0.0000 1.0000
vn 0.0000 0.0000 1.0000
vn 0.0000 0.0000 1.0000
vn 0.0000 0.0000 1.0000
vn 0.7071 0.0000 0.7071
vn 0.7071 0.0000 0.7071
vn 0.7071 0.0000 0.7071
vn 0.7071 0.0000 0.7071
vn 1.0000 0.0000 0.0000
vn 1.0000 0.0000 0.0000
vn 1.0000 0.0000 0.0000
vn 1.0000 0.0000 0.0000
vn 0.7071 0.0000 -0.7071
vn 0.7071 0.0000 -0.7071
vn 0.7071 0.0000 -0.7071
vn 0.7071 0.0000 -0.7071
vn -0.0000 0.0000 -1.0000
vn -0.0000 0.0000 -1.0000
vn -0.0000 0.0000 -1.0000
vn -0.0000 0.0000 -1.0000
vn -0.7071 0.0000 -0.7071
vn -0.7071 0.0000 -0.7071
vn -0.7071 0.0000 -0.7071
vn -0.7071 0.0000 -0.7071
vn -1.0000 0.0000 0.0000
vn -1.0000 0.0000 0.0000
vn -1.0000 0.0000 0.0000
vn -1.0000 0.0000 0.0000
vn -0.7071 0.0000 0.7071
vn -0.7071 0.0000 0.7071
vn -0.7071 0.0000 0.7071
vn -0.7071 0.0000 0.7071
vn 0.0000 0.0000 1.0000
vn 0.0000 0.0000 1.0000
vn 0.0000 0.0000 1.0000
vn 0.0000 0.0000 1.0000
vn 0.7071 0.0000 0.7071
vn 0.7071 0.0000 0.7071
vn 0.7071 0.0000 0.7071
vn 0.7071 0.0000 0.7071
vn 1.0000 0.0000 0.0000
vn 1.0000 0.0000 0.0000
vn 1.0000 0.0000 0.0000
vn 1.0000 0.0000 0.0000
vn 0.7071 0.0000 -0.7071
vn 0.7071 0.0000 -0.7071
vn 0.7071 0.0000 -0.7071
vn 0.7071 0.0000 -0.7071
vn -0.0000 0.0000 -1.0000
vn -0.0000 0.0000 -1.0000
vn -0.0000 0.0000 -1.0000
vn -0.0000 0.0000 -1.0000
vn -0.7071 0.0000 -0.7071
vn -0.7071 0.0000 -0.7071
vn -0.7071 0.0000 -0.7071
vn -0.7071 0.0000 -0.7071
vn 0.0000 1.0000 0.0000
vn 0.0000 1.0000 0.0000
vn 0.0000 1.0000 0.0000
vn 0.0000 1.0000 0.0000
vn 0.0000 1.0000 0.0000
vn 0.0000 1.0000 0.0000
vn 0.0000 1.0000 0.0000
vn 0.0000 1.0000 0.0000
vn 0.0000 1.0000 0.0000
vn 0.0000 1.0000 0.0000
vn 0.0000 1.0000 0.0000
vn 0.0000 1.0000 0.0000
vn 0.0000 1.0000 0.0000
vn 0.0000 1.0000 0.0000
vn 0.0000 1.0000 0.0000
vn 0.0000 1.0000 0.0000
vn -1.0000 0.0000 0.0000
vn -1.0000 0.0000 0.0000
vn -1.0000 0.0000 0.0000
vn -1.0000 0.0000 0.0000
vn 0.0000 -1.0000 0.0000
vn 0.0000 -1.0000 0.0000
vn 0.0000 -1.0000 0.0000
vn 0.0000 -1.0000 0.0000
vn 0.0000 -1.0000 0.0000
vn 0.0000 -1.0000 0.0000
vn 0.0000 -1.0000 0.0000
vn 0.0000 -1.0000 0.0000
vn 0.0000 -1.0000 0.0000
vn 0.0000 -1.0000 0.0000
vn 0.0000 -1.0000 0.0000
vn 0.0000 -1.0000 0.0000
vn 0.0000 -1.0000 0.0000
vn 0.0000 -1.0000 0.0000
vn 0.0000 -1.0000 0.0000
vn 0.0000 -1.0000 0.0000
vn -0.7071 0.0000 0.7071
vn -0.7071 0.0000 0.7071
vn -0.7071 0.0000 0.7071
vn -0.7071 0.0000 0.7071
vn 0.0000 0.0000 1.0000
vn 0.0000 0.0000 1.0000
vn 0.0000 0.0000 1.0000
vn 0.0000 0.0000 1.0000
vn 0.7071 0.0000 0.7071
vn 0.7071 0.0000 0.7071
vn 0.7071 0.0000 0.7071
vn 0.7071 0.0000 0.7071
vn 1.0000 0.0000 0.0000
vn 1.0000 0.0000 0.0000
vn 1.0000 0.0000 0.0000
vn 1.0000 0.0000 0.0000
vn 0.7071 -0.0000 -0.7071
vn 0.7071 -0.0000 -0.7071
vn 0.7071 -0.0000 -0.7071
vn 0.7071 -0.0000 -0.7071
vn -0.0000 -0.0000 -1.0000
vn -0.0000 -0.0000 -1.0000
vn -0.0000 -0.0000 -1.0000
vn -0.0000 -0.0000 -1.0000
vn -0.7071 -0.0000 -0.7071
vn -0.7071 -0.0000 -0.7071
vn -0.7071 -0.0000 -0.7071
vn -0.7071 -0.0000 -0.7071
vn -1.0000 0.0000 0.0000
vn -1.0000 0.0000 0.0000
vn -1.0000 0.0000 0.0000
vn -1.0000 0.0000 0.0000
vn -0.7071 0.0000 0.7071
vn -0.7071 0.0000 0.7071
vn -0.7071 0.0000 0.7071
vn -0.7071 0.0000 0.7071
vn 0.0000 0.0000 1.0000
vn 0.0000 0.0000 1.0000
vn 0.0000 0.0000 1.0000
vn 0.0000 0.0000 1.0000
vn 0.7071 0.0000 0.7071
vn 0.7071 0.0000 0.7071
vn 0.7071 0.0000 0.7071
vn 0.7071 0.0000 0.7071
vn 1.0000 0.0000 0.0000
vn 1.0000 0.0000 0.0000
vn 1.0000 0.0000 0.0000
vn 1.0000 0.0000 0.0000
vn 0.7071 0.0000 -0.7071
vn 0.7071 0.0000 -0.7071
vn 0.7071 0.0000 -0.7071
vn 0.7071 0.0000 -0.7071
vn -0.0000 0.0000 -1.0000
vn -0.0000 0.0000 -1.0000
vn -0.0000 0.0000 -1.0000
vn -0.0000 0.0000 -1.0000
vn -0.7071 0.0000 -0.7071
vn -0.7071 0.0000 -0.7071
vn -0.7071 0.0000 -0.7071
vn -0.7071 0.0000 -0.7071
vn 0.0000 1.0000 0.0000
vn 0.0000 1.0000 0.0000
vn 0.0000 1.0000 0.0000
vn 0.0000 1.0000 0.0000
vn 0.0000 1.0000 0.0000
vn 0.0000 1.0000 0.0000
vn 0.0000 1.0000 0.0000
vn 0.0000 1.0000 0.0000
vn 0.0000 1.0000 0.0000
vn 0.0000 1.0000 0.0000
vn 0.0000 1.0000 0.0000
vn 0.0000 1.0000 0.0000
vn 0.0000 1.0000 0.0000
vn 0.0000 1.0000 0.0000
vn 0.0000 1.0000 0.0000
vn 0.0000 1.0000 0.0000
vn -1.0000 0.0000 0.0000
vn -1.0000 0.0000 0.0000
vn -1.0000 0.0000 0.0000
vn -1.0000 0.0000 0.0000
vn 0.0000 -1.0000 0.0000
vn 0.0000 -1.0000 0.0000
vn 0.0000 -1.0000 0.0000
vn 0.0000 -1.0000 0.0000
vn 0.0000 -1.0000 0.0000
vn 0.0000 -1.0000 0.0000
vn 0.0000 -1.0000 0.0000
vn 0.0000 -1.0000 0.0000
vn 0.0000 -1.0000 0.0000
vn 0.0000 -1.0000 0.0000
vn 0.0000 -1.0000 0.0000
vn 0.0000 -1.0000 0.0000
vn 0.0000 -1.0000 0.0000
vn 0.0000 -1.0000 0.0000
vn 0.0000 -1.0000 0.0000
vn 0.0000 -1.0000 0.0000
vn -0.7071 0.0000 0.7071
vn -0.7071 0.0000 0.7071
vn -0.7071 0.0000 0.7071
vn -0.7071 0.0000 0.7071
vn 0.0000 0.0000 1.0000
vn 0.0000 -0.0000 1.0000
vn 0.0000 -0.0000 1.0000
vn 0.0000 -0.0000 1.0000
vn 0.7071 -0.0000 0.7071
vn 0.7071 -0.0000 0.7071
vn 0.7071 -0.0000 0.7071
vn 0.7071 -0.0000 0.7071
vn 1.0000 0.0000 0.0000
vn 1.0000 0.0000 0.0000
vn 1.0000 0.0000 0.0000
vn 1.0000 0.0000 0.0000
vn 0.7071 0.0000 -0.7071
vn 0.7071 0.0000 -0.7071
vn 0.7071 0.0000 -0.7071
vn 0.7071 0.0000 -0.7071
vn -0.0000 0.0000 -1.0000
vn -0.0000 0.0000 -1.0000
vn -0.0000 0.0000 -1.0000
vn -0.0000 0.0000 -1.0000
vn -0.7071 0.0000 -0.7071
vn -0.7071 0.0000 -0.7071
vn -0.7071 0.0000 -0.7071
vn -0.7071 0.0000 -0.7071
vn -1.0000 0.0000 0.0000
vn -1.0000 0.0000 0.0000
vn -1.0000 0.0000 0.0000
vn -1.0000 0.0000 0.0000
vn -0.7071 -0.0000 0.7071
vn -0.7071 0.0000 0.7071
vn -0.7071 -0.0000 0.7071
vn -0.7071 -0.0000 0.7071
vn 0.0000 0.0000 1.0000
vn 0.0000 -0.0000 1.0000
vn 0.0000 -0.0000 1.0000
vn 0.0000 -0.0000 1.0000
vn 0.7071 0.0000 0.7071
vn 0.7071 0.0000 0.7071
vn 0.7071 0.0000 0.7071
vn 0.7071 0.0000 0.7071
vn 1.0000 0.0000 0.0000
vn 1.0000 0.0000 0.0000
vn 1.0000 0.0000 0.0000
vn 1.0000 0.0000 0.0000
vn 0.7071 0.0000 -0.7071
vn 0.7071 0.0000 -0.7071
vn 0.7071 0.0000 -0.7071
vn 0.7071 0.0000 -0.7071
vn -0.0000 0.0000 -1.0000
vn -0.0000 0.0000 -1.0000
vn -0.0000 0.0000 -1.0000
vn -0.0000 0.0000 -1.0000
vn -0.7071 0.0000 -0.7071
vn -0.7071 0.0000 -0.7071
vn -0.7071 0.0000 -0.7071
vn -0.7071 0.0000 -0.7071
vn 0.0000 1.0000 0.0000
vn 0.0000 1.0000 0.0000
vn 0.0000 1.0000 0.0000
vn 0.0000 1.0000 0.0000
vn 0.0000 1.0000 0.0000
vn 0.0000 1.0000 0.0000
vn 0.0000 1.0000 0.0000
vn 0.0000 1.0000 0.0000
vn 0.0000 1.0000 0.0000
vn 0.0000 1.0000 0.0000
vn 0.0000 1.0000 0.0000
vn 0.0000 1.0000 0.0000
vn 0.0000 1.0000 0.0000
vn 0.0000 1.0000 0.0000
vn 0.0000 1.0000 0.0000
vn 0.0000 1.0000 0.0000
vn -1.0000 0.0000 0.0000
vn -1.0000 0.0000 0.0000
vn -1.0000 0.0000 0.0000
vn -1.0000 0.0000 0.0000
vn -0.7071 -0.0000 0.7071
vn -0.7071 -0.0000 0.7071
vn -0.7071 -0.0000 0.7071
vn -0.7071 0.0000 0.7071
vn 0.0000 0.0000 1.0000
vn 0.0000 0.0000 1.0000
vn 0.0000 -0.0000 1.0000
vn 0.0000 -0.0000 1.0000
vn 0.0000 0.0000 1.0000
vn 0.0000 -0.0000 1.0000
vn 0.0000 0.0000 1.0000
vn 0.0000 0.0000 1.0000
vn 0.7071 0.0000 0.7071
vn 0.7071 0.0000 0.7071
vn 0.7071 0.0000 0.7071
vn 0.7071 0.0000 0.7071
vn 1.0000 0.0000 0.0000
vn 1.0000 0.0000 0.0000
vn 1.0000 0.0000 0.0000
vn 1.0000 0.0000 0.0000
vn 0.7071 0.0000 -0.7071
vn 0.7071 0.0000 -0.7071
vn 0.7071 0.0000 -0.7071
vn 0.7071 0.0000 -0.7071
vn -0.0000 -0.0000 -1.0000
vn -0.0000 -0.0000 -1.0000
vn -0.0000 0.0000 -1.0000
vn -0.0000 0.0000 -1.0000
vn -0.0000 -0.0000 -1.0000
vn -0.0000 -0.0000 -1.0000
vn -0.0000 0.0000 -1.0000
vn -0.0000 0.0000 -1.0000
vn -0.7071 0.0000 -0.7071
vn -0.7071 0.0000 -0.7071
vn -0.7071 0.0000 -0.7071
vn -0.7071 0.0000 -0.7071
vn 0.0000 -1.0000 0.0000
vn 0.0000 -1.0000 0.0000
vn 0.0000 -1.0000 0.0000
vn 0.0000 -1.0000 0.0000
vn 0.0000 -1.0000 0.0000
vn 0.0000 -1.0000 0.0000
vn 0.0000 -1.0000 0.0000
vn 0.0000 -1.0000 0.0000
vn 0.0000 -1.0000 0.0000
vn 0.0000 -1.0000 0.0000
vn 0.0000 -1.0000 0.0000
vn 0.0000 -1.0000 0.0000
vn 0.0000 -1.0000 0.0000
vn 0.0000 -1.0000 0.0000
vn 0.0000 -1.0000 0.0000
vn 0.0000 -1.0000 0.0000
vn 0.0000 -1.0000 0.0000
vn 0.0000 -1.0000 0.0000
vn 0.0000 -1.0000 0.0000
vn 0.0000 -1.0000 0.0000
vn 0.0000 -1.0000 0.0000
vn 0.0000 -1.0000 0.0000
vn 0.0000 -1.0000 0.0000
vn 0.0000 -1.0000 0.0000
vn 0.0000 -1.0000 0.0000
vn 0.0000 -1.0000 0.0000
vn 0.0000 -1.0000 0.0000
vn 0.0000 -1.0000 0.0000
vn 0.0000 -1.0000 0.0000
vn 0.0000 -1.0000 0.0000
vn 0.0000 -1.0000 0.0000
vn 0.0000 -1.0000 0.0000
vn 0.0000 -1.0000 0.0000
vn 0.0000 -1.0000 0.0000
vn 0.0000 -1.0000 0.0000
vn 0.0000 -1.0000 0.0000
vn 0.0000 -1.0000 0.0000
vn 0.0000 -1.0000 0.0000
vn 0.0000 -1.0000 0.0000
vn 0.0000 -1.0000 0.0000
vn 0.0000 -1.0000 0.0000
vn 0.0000 -1.0000 0.0000
vn -0.9997 -0.0000 -0.0245
vn -0.9997 0.0000 0.0245
vn -0.0245 0.0000 0.9997
vn -0.0980 0.0000 0.9952
vn -0.1951 0.0000 0.9808
vn -0.2903 0.0000 0.9569
vn -0.3827 0.0000 0.9239
vn -0.4714 0.0000 0.8819
vn -0.5556 0.0000 0.8315
vn -0.6344 0.0000 0.7730
vn -0.7071 0.0000 0.7071
vn -0.7730 0.0000 0.6344
vn -0.8315 0.0000 0.5556
vn -0.8819 0.0000 0.4714
vn -0.9239 0.0000 0.3827
vn -0.9569 0.0000 0.2903
vn -0.9808 0.0000 0.1951
vn -0.9952 0.0000 0.0980
vn 0.0000 0.0000 1.0000
vn -0.0000 -0.0000 -1.0000
vn -0.0245 -0.0000 -0.9997
vn -0.9952 -0.0000 -0.0980
vn -0.9808 -0.0000 -0.1951
vn -0.9569 -0.0000 -0.2903
vn -0.9239 -0.0000 -0.3827
vn -0.8819 -0.0000 -0.4714
vn -0.8315 -0.0000 -0.5556
vn -0.7730 -0.0000 -0.6344
vn -0.7071 -0.0000 -0.7071
vn -0.6344 -0.0000 -0.7730
vn -0.5556 -0.0000 -0.8315
vn -0.4714 -0.0000 -0.8819
vn -0.3827 -0.0000 -0.9239
vn -0.2903 -0.0000 -0.9569
vn -0.1951 -0.0000 -0.9808
vn -0.0980 -0.0000 -0.9952
vn -0.9997 0.0000 0.0245
vn -0.9997 -0.0000 -0.0245
vn -0.0245 -0.0000 -0.9997
vn -0.0980 -0.0000 -0.9952
vn -0.1951 -0.0000 -0.9808
vn -0.2903 -0.0000 -0.9569
vn -0.3827 -0.0000 -0.9239
vn -0.4714 -0.0000 -0.8819
vn -0.5556 -0.0000 -0.8315
vn -0.6344 -0.0000 -0.7730
vn -0.7071 -0.0000 -0.7071
vn -0.7730 -0.0000 -0.6344
vn -0.8315 -0.0000 -0.5556
vn -0.8819 -0.0000 -0.4714
vn -0.9239 -0.0000 -0.3827
vn -0.9569 -0.0000 -0.2903
vn -0.9808 -0.0000 -0.1951
vn -0.9952 -0.0000 -0.0980
vn -0.0000 -0.0000 -1.0000
vn -0.9952 0.0000 0.0980
vn -0.9808 0.0000 0.1951
vn -0.9569 0.0000 0.2903
vn -0.9239 0.0000 0.3827
vn -0.8819 0.0000 0.4714
vn -0.8315 0.0000 0.5556
vn -0.7730 0.0000 0.6344
vn -0.7071 0.0000 0.7071
vn -0.6344 0.0000 0.7730
vn -0.5556 0.0000 0.8315
vn -0.4714 0.0000 0.8819
vn -0.3827 0.0000 0.9239
vn -0.2903 0.0000 0.9569
vn -0.1951 0.0000 0.9808
vn -0.0980 0.0000 0.9952
vn -0.0245 0.0000 0.9997
vn 0.0000 0.0000 1.0000
vn -0.0000 -1.0000 -0.0000
vn 0.0000 -1.0000 -0.0000
vn 0.0000 -1.0000 0.0000
vn 0.0000 -1.0000 0.0000
vn 0.0000 -1.0000 0.0000
vn 0.0000 -1.0000 0.0000
vn 0.0000 -1.0000 0.0000
vn 0.0000 -1.0000 0.0000
vn 0.0000 -1.0000 0.0000
vn 0.0000 -1.0000 0.0000
vn 0.0000 -1.0000 0.0000
vn 0.0000 -1.0000 0.0000
vn 0.0000 -1.0000 0.0000
vn 0.0000 -1.0000 0.0000
vn 0.0000 -1.0000 0.0000
vn 0.0000 -1.0000 0.0000
vn 0.0000 -1.0000 0.0000
vn 0.0000 -1.0000 0.0000
vn 0.0000 -1.0000 -0.0000
vn 0.0000 -1.0000 -0.0000
vn 0.0000 -1.0000 -0.0000
vn 0.0000 -1.0000 -0.0000
vn 0.0000 -1.0000 -0.0000
vn 0.0000 -1.0000 -0.0000
vn 0.0000 -1.0000 -0.0000
vn 0.0000 -1.0000 -0.0000
vn 0.0000 -1.0000 -0.0000
vn 0.0000 -1.0000 0.0000
vn 0.0000 -1.0000 0.0000
vn 0.0000 -1.0000 0.0000
vn 0.0000 -1.0000 0.0000
vn 0.0000 -1.0000 0.0000
vn 0.0000 -1.0000 0.0000
vn 0.0000 -1.0000 0.0000
vn 0.0000 -1.0000 0.0000
vn 0.0000 -1.0000 0.0000
vn 0.0000 -1.0000 0.0000
vn 0.0000 -1.0000 0.0000
vn 0.0000 -1.0000 0.0000
vn 0.0000 -1.0000 0.0000
vn 0.0000 -1.0000 0.0000
vn 0.0000 -1.0000 0.0000
vn 0.0000 -1.0000 0.0000
vn 0.0000 -1.0000 0.0000
vn 0.0000 -1.0000 0.0000
vn 0.0000 -1.0000 0.0000
vn 0.0000 -1.0000 0.0000
vn 0.0000 -1.0000 0.0000
vn 0.0000 -1.0000 0.0000
vn 0.0000 -1.0000 0.0000
vn 0.0000 -1.0000 0.0000
vn 0.0000 -1.0000 0.0000
vn 0.0000 -1.0000 0.0000
vn 0.0000 -1.0000 0.0000
vn 0.0000 -1.0000 0.0000
vn 0.0000 -1.0000 0.0000
vn 0.0000 -1.0000 0.0000
vn 0.0000 -1.0000 0.0000
vn 0.0000 -1.0000 0.0000
vn 0.0000 -1.0000 0.0000
vn 0.0000 -1.0000 0.0000
vn 0.0000 -1.0000 0.0000
vn 0.0000 -1.0000 0.0000
vn 0.0000 -1.0000 0.0000
vn 0.0000 -1.0000 0.0000
vn 0.0000 -1.0000 0.0000
vn 0.0000 -1.0000 0.0000
vn 0.0000 -1.0000 0.0000
vn 0.0000 -1.0000 0.0000
vn 0.0000 -1.0000 0.0000
vn 0.0000 -1.0000 0.0000
vn 0.0000 -1.0000 0.0000
vn 0.0000 -1.0000 0.0000
vn 0.0000 -1.0000 0.0000
vn 0.0000 -1.0000 0.0000
vn 0.0000 -1.0000 0.0000
vn 0.0000 -1.0000 0.0000
vn 0.0000 -1.0000 0.0000
vn 0.0000 -1.0000 0.0000
vn 0.0000 -1.0000 0.0000
vn 0.0000 -1.0000 0.0000
vn 0.0000 -1.0000 0.0000
vn 0.0000 -1.0000 0.0000
vn 0.0000 -1.0000 0.0000
vn 0.0000 -1.0000 0.0000
vn 0.0000 -1.0000 0.0000
vn 0.0000 -1.0000 0.0000
vn 0.0000 -1.0000 0.0000
vn 0.0000 -1.0000 0.0000
vn 0.0000 -1.0000 0.0000
vn 0.0000 -1.0000 0.0000
vn 0.0000 -1.0000 0.0000
vn 0.0000 -1.0000 0.0000
vn 0.0000 -1.0000 0.0000
vn 0.0000 -1.0000 0.0000
vn 0.0000 -1.0000 0.0000
vn 0.0000 -1.0000 0.0000
vn 0.0000 -1.0000 0.0000
vn 0.0000 -1.0000 0.0000
vn 0.0000 -1.0000 0.0000
vn 0.0000 -1.0000 0.0000
vn 0.0000 -1.0000 0.0000
vn 0.0000 -1.0000 0.0000
vn 0.0000 -1.0000 0.0000
vn 0.0000 -1.0000 0.0000
vn 0.0000 -1.0000 0.0000
vn 0.0000 -1.0000 0.0000
vn 0.0000 -1.0000 0.0000
vn -0.0000 -1.0000 0.0000
vn 0.0000 -1.0000 0.0000
vn 0.0000 -1.0000 0.0000
vn 0.0000 -1.0000 0.0000
vn 0.0000 -1.0000 0.0000
vn 0.0000 -1.0000 0.0000
vn 0.0000 -1.0000 0.0000
vn 0.0000 -1.0000 0.0000
vn 0.0000 -1.0000 0.0000
vn 0.0000 -1.0000 0.0000
vn 0.0000 -1.0000 0.0000
vn 0.0000 -1.0000 0.0000
vn 0.0000 -1.0000 0.0000
vn 0.0000 -1.0000 0.0000
vn 0.0000 -1.0000 0.0000
vn 0.0000 -1.0000 0.0000
vn 0.0000 -1.0000 0.0000
vn 0.0000 -1.0000 0.0000
vn 0.0000 -1.0000 0.0000
vn 0.0000 -1.0000 0.0000
vn 0.0000 -1.0000 0.0000
vn 0.0000 -1.0000 0.0000
vn 0.0000 -1.0000 0.0000
vn 0.0000 -1.0000 0.0000
vn 0.0000 -1.0000 0.0000
vn 0.0000 -1.0000 0.0000
vn 0.0000 -1.0000 0.0000
vn 0.0000 -1.0000 0.0000
vn 0.0000 -1.0000 0.0000
vn -0.0000 -1.0000 -0.0000
vn -0.0000 -1.0000 0.0000
vn -0.0000 -1.0000 0.0000
vn -0.0000 -1.0000 -0.0000
vn 0.0000 -1.0000 -0.0000
vn 0.0000 -1.0000 0.0000
vn 0.0000 -1.0000 0.0000
vn 0.0000 -1.0000 0.0000
vn 0.0000 -1.0000 0.0000
vn 0.6182 -0.0000 0.7860
vn 0.5838 0.0000 0.8119
vn 0.5093 0.0000 0.8606
vn 0.4307 0.0000 0.9025
vn 0.3487 0.0000 0.9372
vn 0.2640 0.0000 0.9645
vn 0.1772 0.0000 0.9842
vn 0.0889 0.0000 0.9960
vn 0.0223 0.0000 0.9998
vn 0.5790 -0.0000 0.8154
vn 0.4990 -0.0000 0.8666
vn 0.4146 -0.0000 0.9100
vn 0.3264 -0.0000 0.9452
vn 0.2353 -0.0000 0.9719
vn 0.1420 -0.0000 0.9899
vn 0.0475 -0.0000 0.9989
vn -0.0475 -0.0000 0.9989
vn -0.1420 -0.0000 0.9899
vn -0.2353 -0.0000 0.9719
vn -0.3264 -0.0000 0.9452
vn -0.4146 -0.0000 0.9100
vn -0.4990 -0.0000 0.8666
vn -0.5790 -0.0000 0.8154
vn -0.6182 -0.0000 0.7860
vn -0.0223 -0.0000 0.9998
vn -0.0889 0.0000 0.9960
vn -0.1772 0.0000 0.9842
vn -0.2640 0.0000 0.9645
vn -0.3487 0.0000 0.9372
vn -0.4307 0.0000 0.9025
vn -0.5093 0.0000 0.8606
vn -0.5838 0.0000 0.8119
vn 0.0773 -0.0000 0.9970
vn 0.1157 -0.0000 0.9933
vn 0.0387 -0.0000 0.9993
vn -0.0387 -0.0000 0.9993
vn -0.1157 0.0000 0.9933
vn -0.0773 0.0000 0.9970
vn 0.0223 0.0000 0.9998
vn 0.6182 -0.0000 0.7860
vn 0.5838 0.0000 0.8119
vn 0.5093 0.0000 0.8606
vn 0.4307 0.0000 0.9025
vn 0.3487 0.0000 0.9372
vn 0.2640 0.0000 0.9645
vn 0.1772 0.0000 0.9842
vn 0.0889 0.0000 0.9960
vn 0.5790 -0.0000 0.8154
vn 0.4990 -0.0000 0.8666
vn 0.4146 -0.0000 0.9100
vn 0.3264 -0.0000 0.9452
vn 0.2353 -0.0000 0.9719
vn 0.1420 -0.0000 0.9899
vn 0.0475 -0.0000 0.9989
vn -0.0475 -0.0000 0.9989
vn -0.1420 -0.0000 0.9899
vn -0.2353 -0.0000 0.9719
vn -0.3264 -0.0000 0.9452
vn -0.4146 -0.0000 0.9100
vn -0.4990 -0.0000 0.8666
vn -0.5790 -0.0000 0.8154
vn -0.6182 -0.0000 0.7860
vn -0.0223 -0.0000 0.9998
vn -0.0889 0.0000 0.9960
vn -0.1772 0.0000 0.9842
vn -0.2640 0.0000 0.9645
vn -0.3487 0.0000 0.9372
vn -0.4307 0.0000 0.9025
vn -0.5093 0.0000 0.8606
vn -0.5838 0.0000 0.8119
vn -0.0245 0.0000 0.9997
vn -0.9997 0.0000 0.0245
vn -0.9952 0.0000 0.0980
vn -0.9808 0.0000 0.1951
vn -0.9569 0.0000 0.2903
vn -0.9239 0.0000 0.3827
vn -0.8819 0.0000 0.4714
vn -0.8315 0.0000 0.5556
vn -0.7730 0.0000 0.6344
vn -0.7071 0.0000 0.7071
vn -0.6344 0.0000 0.7730
vn -0.5556 0.0000 0.8315
vn -0.4714 0.0000 0.8819
vn -0.3827 0.0000 0.9239
vn -0.2903 0.0000 0.9569
vn -0.1951 0.0000 0.9808
vn -0.0980 0.0000 0.9952
vn -0.9957 0.0000 0.0930
vn -0.9957 -0.0000 -0.0930
vn -0.9880 -0.0000 -0.1546
vn -0.9957 -0.0000 -0.0930
vn -0.9995 -0.0000 -0.0310
vn -0.9995 0.0000 0.0310
vn -0.9957 0.0000 0.0930
vn -0.9880 0.0000 0.1546
vn -0.9997 -0.0000 -0.0245
vn -0.0245 -0.0000 -0.9997
vn -0.0980 -0.0000 -0.9952
vn -0.1951 -0.0000 -0.9808
vn -0.2903 -0.0000 -0.9569
vn -0.3827 -0.0000 -0.9239
vn -0.4714 -0.0000 -0.8819
vn -0.5556 -0.0000 -0.8315
vn -0.6344 -0.0000 -0.7730
vn -0.7071 -0.0000 -0.7071
vn -0.7730 -0.0000 -0.6344
vn -0.8315 -0.0000 -0.5556
vn -0.8819 -0.0000 -0.4714
vn -0.9239 -0.0000 -0.3827
vn -0.9569 -0.0000 -0.2903
vn -0.9808 -0.0000 -0.1951
vn -0.9952 -0.0000 -0.0980
vn -0.0223 0.0000 -0.9998
vn -0.6182 -0.0000 -0.7860
vn -0.5838 0.0000 -0.8119
vn -0.5093 0.0000 -0.8606
vn -0.4307 0.0000 -0.9025
vn -0.3487 0.0000 -0.9372
vn -0.2640 0.0000 -0.9645
vn -0.1772 0.0000 -0.9842
vn -0.0889 0.0000 -0.9960
vn -0.5790 -0.0000 -0.8154
vn -0.4990 -0.0000 -0.8666
vn -0.4146 -0.0000 -0.9100
vn -0.3264 -0.0000 -0.9452
vn -0.2353 -0.0000 -0.9719
vn -0.1420 -0.0000 -0.9899
vn -0.0475 -0.0000 -0.9989
vn 0.0475 -0.0000 -0.9989
vn 0.1420 -0.0000 -0.9899
vn 0.2353 -0.0000 -0.9719
vn 0.3264 -0.0000 -0.9452
vn 0.4146 -0.0000 -0.9100
vn 0.4990 -0.0000 -0.8666
vn 0.5790 -0.0000 -0.8154
vn 0.6182 -0.0000 -0.7860
vn 0.0442 -0.0000 -0.9990
vn 0.0889 0.0000 -0.9960
vn 0.1772 0.0000 -0.9842
vn 0.2640 0.0000 -0.9645
vn 0.3487 0.0000 -0.9372
vn 0.4307 0.0000 -0.9025
vn 0.5093 0.0000 -0.8606
vn 0.5838 0.0000 -0.8119
vn 0.0491 -0.0000 -0.9988
vn 0.9997 -0.0000 -0.0245
vn 0.9952 -0.0000 -0.0980
vn 0.9808 -0.0000 -0.1951
vn 0.9569 -0.0000 -0.2903
vn 0.9239 -0.0000 -0.3827
vn 0.8819 -0.0000 -0.4714
vn 0.8315 -0.0000 -0.5556
vn 0.7730 -0.0000 -0.6344
vn 0.7071 -0.0000 -0.7071
vn 0.6344 -0.0000 -0.7730
vn 0.5556 -0.0000 -0.8315
vn 0.4714 -0.0000 -0.8819
vn 0.3827 -0.0000 -0.9239
vn 0.2903 -0.0000 -0.9569
vn 0.1951 -0.0000 -0.9808
vn 0.0980 -0.0000 -0.9952
vn 0.9998 0.0000 -0.0223
vn 0.7860 -0.0000 -0.6182
vn 0.8119 0.0000 -0.5838
vn 0.8606 0.0000 -0.5093
vn 0.9025 0.0000 -0.4307
vn 0.9372 0.0000 -0.3487
vn 0.9645 0.0000 -0.2640
vn 0.9842 0.0000 -0.1772
vn 0.9960 0.0000 -0.0889
vn 0.7860 -0.0000 0.6182
vn 0.8154 -0.0000 0.5790
vn 0.8666 -0.0000 0.4990
vn 0.9100 -0.0000 0.4146
vn 0.9452 -0.0000 0.3264
vn 0.9719 -0.0000 0.2353
vn 0.9899 -0.0000 0.1420
vn 0.9989 -0.0000 0.0475
vn 0.9989 -0.0000 -0.0475
vn 0.9899 -0.0000 -0.1420
vn 0.9719 -0.0000 -0.2353
vn 0.9452 -0.0000 -0.3264
vn 0.9100 -0.0000 -0.4146
vn 0.8666 -0.0000 -0.4990
vn 0.8154 -0.0000 -0.5790
vn 0.9998 -0.0000 0.0223
vn 0.9960 0.0000 0.0889
vn 0.9842 0.0000 0.1772
vn 0.9645 0.0000 0.2640
vn 0.9372 0.0000 0.3487
vn 0.9025 0.0000 0.4307
vn 0.8606 0.0000 0.5093
vn 0.8119 0.0000 0.5838
vn 0.9997 0.0000 0.0245
vn 0.0245 0.0000 0.9997
vn 0.0980 0.0000 0.9952
vn 0.1951 0.0000 0.9808
vn 0.2903 0.0000 0.9569
vn 0.3827 0.0000 0.9239
vn 0.4714 0.0000 0.8819
vn 0.5556 0.0000 0.8315
vn 0.6344 0.0000 0.7730
vn 0.7071 0.0000 0.7071
vn 0.7730 0.0000 0.6344
vn 0.8315 0.0000 0.5556
vn 0.8819 0.0000 0.4714
vn 0.9239 0.0000 0.3827
vn 0.9569 0.0000 0.2903
vn 0.9808 0.0000 0.1951
vn 0.9952 0.0000 0.0980
vn 0.7901 -0.0000 -0.6130
vn 0.8194 0.0000 -0.5732
vn 0.8695 0.0000 -0.4939
vn 0.9120 0.0000 -0.4102
vn 0.9465 0.0000 -0.3228
vn 0.9726 0.0000 -0.2326
vn 0.9901 0.0000 -0.1404
vn 0.9989 -0.0000 -0.0469
vn 0.9989 -0.0000 0.0469
vn 0.9901 0.0000 0.1404
vn 0.9726 0.0000 0.2326
vn 0.9465 0.0000 0.3228
vn 0.9120 0.0000 0.4102
vn 0.8695 0.0000 0.4939
vn 0.8194 0.0000 0.5732
vn 0.7901 -0.0000 0.6130
vn 0.8139 -0.0001 0.5810
vn 0.8600 -0.0001 0.5102
vn 0.9000 -0.0001 0.4359
vn 0.9336 -0.0001 0.3584
vn 0.9605 -0.0000 0.2783
vn 0.9796 -0.0001 0.2009
vn 0.9913 -0.0001 0.1314
vn 0.9978 -0.0002 0.0659
vn 0.9999 -0.0002 0.0164
vn 0.9973 -0.0000 -0.0731
vn 0.9940 -0.0000 -0.1095
vn 0.9993 0.0000 -0.0366
vn 0.9993 0.0000 0.0366
vn 0.9940 0.0000 0.1095
vn 0.9973 0.0000 0.0731
vn 0.9997 0.0000 0.0245
vn 0.9952 0.0000 0.0980
vn 0.9808 0.0000 0.1951
vn 0.9569 0.0000 0.2903
vn 0.9239 0.0000 0.3827
vn 0.8819 0.0000 0.4714
vn 0.8315 0.0000 0.5556
vn 0.7730 0.0000 0.6344
vn 0.7071 0.0000 0.7071
vn 0.6344 0.0000 0.7730
vn 0.5556 0.0000 0.8315
vn 0.4714 0.0000 0.8819
vn 0.3827 0.0000 0.9239
vn 0.2903 0.0000 0.9569
vn 0.1951 0.0000 0.9808
vn 0.0980 0.0000 0.9952
vn 0.0245 0.0000 0.9997
vn 0.0164 -0.0002 0.9999
vn 0.0659 -0.0002 0.9978
vn 0.1314 -0.0001 0.9913
vn 0.2009 -0.0001 0.9796
vn 0.2783 -0.0000 0.9605
vn 0.3584 -0.0001 0.9336
vn 0.4359 -0.0001 0.9000
vn 0.5102 -0.0001 0.8600
vn 0.5810 -0.0001 0.8139
vn 0.6130 -0.0000 0.7901
vn -0.6130 -0.0000 0.7901
vn -0.5732 0.0000 0.8194
vn -0.4939 0.0000 0.8695
vn -0.4102 0.0000 0.9120
vn -0.3228 0.0000 0.9465
vn -0.2326 0.0000 0.9726
vn -0.1404 0.0000 0.9901
vn -0.0469 -0.0000 0.9989
vn 0.0469 -0.0000 0.9989
vn 0.1404 0.0000 0.9901
vn 0.2326 0.0000 0.9726
vn 0.3228 0.0000 0.9465
vn 0.4102 0.0000 0.9120
vn 0.4939 0.0000 0.8695
vn 0.5732 0.0000 0.8194
vn -0.5810 -0.0001 0.8139
vn -0.5102 -0.0001 0.8600
vn -0.4359 -0.0001 0.9000
vn -0.3584 -0.0001 0.9336
vn -0.2783 -0.0000 0.9605
vn -0.2009 -0.0001 0.9796
vn -0.1314 -0.0001 0.9913
vn -0.0659 -0.0002 0.9978
vn -0.0164 -0.0002 0.9999
vn 0.0000 0.0000 1.0000
vn 0.0491 -0.0000 -0.9988
vn 0.0980 -0.0000 -0.9952
vn 0.1951 -0.0000 -0.9808
vn 0.2903 -0.0000 -0.9569
vn 0.3827 -0.0000 -0.9239
vn 0.4714 -0.0000 -0.8819
vn 0.5556 -0.0000 -0.8315
vn 0.6344 -0.0000 -0.7730
vn 0.7071 -0.0000 -0.7071
vn 0.7730 -0.0000 -0.6344
vn 0.8315 -0.0000 -0.5556
vn 0.8819 -0.0000 -0.4714
vn 0.9239 -0.0000 -0.3827
vn 0.9569 -0.0000 -0.2903
vn 0.9808 -0.0000 -0.1951
vn 0.9952 -0.0000 -0.0980
vn 0.9997 -0.0000 -0.0245
vn 0.9999 -0.0002 -0.0164
vn 0.9978 -0.0002 -0.0659
vn 0.9913 -0.0001 -0.1314
vn 0.9796 -0.0001 -0.2009
vn 0.9605 -0.0000 -0.2783
vn 0.9336 -0.0001 -0.3584
vn 0.9000 -0.0001 -0.4359
vn 0.8600 -0.0001 -0.5102
vn 0.8139 -0.0001 -0.5810
vn 0.7761 0.0000 -0.6305
vn 0.7603 -0.0000 -0.6496
vn 0.7585 0.0000 -0.6517
vn 0.7749 0.0000 -0.6321
vn 0.8269 0.0002 -0.5624
vn 0.8788 0.0002 -0.4773
vn 0.9220 0.0002 -0.3872
vn 0.9561 0.0001 -0.2932
vn 0.9778 0.0001 -0.2093
vn 0.7749 0.0000 0.6321
vn 0.7585 0.0000 0.6517
vn 0.7603 -0.0000 0.6496
vn 0.7761 0.0000 0.6305
vn 0.9992 0.0009 0.0389
vn 0.8119 -0.0000 0.5838
vn 0.8606 -0.0000 0.5092
vn 0.9025 -0.0000 0.4307
vn 0.9372 -0.0000 0.3487
vn 0.9645 -0.0000 0.2639
vn 0.9842 -0.0000 0.1771
vn 0.9965 -0.0001 0.0836
vn 0.9993 0.0000 0.0365
vn 0.9993 -0.0000 -0.0365
vn 1.0000 0.0020 0.0063
vn 0.9940 0.0000 0.1095
vn 0.9993 -0.0000 0.0366
vn 0.9993 -0.0000 -0.0366
vn 0.9940 0.0000 -0.1095
vn 0.9933 -0.0001 0.1152
vn 0.9886 0.0000 0.1504
vn 0.9778 0.0001 0.2094
vn 0.9561 0.0001 0.2932
vn 0.9220 0.0002 0.3872
vn 0.8788 0.0002 0.4773
vn 0.8269 0.0002 0.5624
vn -0.6321 0.0000 0.7749
vn -0.5838 -0.0000 0.8119
vn -0.5092 -0.0000 0.8606
vn -0.4307 -0.0000 0.9025
vn -0.3487 -0.0000 0.9372
vn -0.2639 -0.0000 0.9645
vn -0.1771 -0.0000 0.9842
vn -0.0836 -0.0001 0.9965
vn -0.0397 -0.0001 0.9992
vn -0.2094 0.0001 0.9778
vn -0.2932 0.0001 0.9561
vn -0.3872 0.0002 0.9220
vn -0.4773 0.0002 0.8788
vn -0.5624 0.0002 0.8269
vn -0.1152 -0.0001 0.9933
vn -0.1504 0.0000 0.9886
vn 0.2093 0.0001 0.9778
vn 0.1504 0.0000 0.9886
vn 0.1149 -0.0001 0.9934
vn 0.0396 -0.0001 0.9992
vn 0.6321 0.0000 0.7749
vn 0.5624 0.0002 0.8269
vn 0.4773 0.0002 0.8788
vn 0.3872 0.0002 0.9220
vn 0.2932 0.0001 0.9561
vn 0.0833 -0.0001 0.9965
vn 0.1768 -0.0000 0.9842
vn 0.2637 -0.0000 0.9646
vn 0.3485 -0.0000 0.9373
vn 0.4306 -0.0000 0.9026
vn 0.5092 -0.0000 0.8607
vn 0.5838 -0.0000 0.8119
vn -0.6321 0.0000 0.7749
vn -0.5838 -0.0000 0.8119
vn -0.5092 -0.0000 0.8606
vn -0.4307 -0.0000 0.9025
vn -0.3487 -0.0000 0.9372
vn -0.2639 -0.0000 0.9645
vn -0.1771 -0.0000 0.9842
vn -0.0836 -0.0001 0.9965
vn -0.0397 -0.0001 0.9992
vn -0.2094 0.0001 0.9778
vn -0.2932 0.0001 0.9561
vn -0.3872 0.0002 0.9220
vn -0.4773 0.0002 0.8788
vn -0.5624 0.0002 0.8269
vn -0.1152 -0.0001 0.9933
vn -0.1504 0.0000 0.9886
vn 0.2093 0.0001 0.9778
vn 0.1504 0.0000 0.9886
vn 0.1149 -0.0001 0.9934
vn 0.0396 -0.0001 0.9992
vn 0.6321 0.0000 0.7749
vn 0.5624 0.0002 0.8269
vn 0.4773 0.0002 0.8788
vn 0.3872 0.0002 0.9220
vn 0.2932 0.0001 0.9561
vn 0.0833 -0.0001 0.9965
vn 0.1768 -0.0000 0.9842
vn 0.2637 -0.0000 0.9646
vn 0.3485 -0.0000 0.9373
vn 0.4306 -0.0000 0.9026
vn 0.5092 -0.0000 0.8607
vn 0.5838 -0.0000 0.8119
vn 0.9886 0.0000 -0.1504
vn 0.9934 -0.0001 -0.1149
vn 0.9992 -0.0001 -0.0396
vn 0.9965 -0.0001 -0.0833
vn 0.9842 -0.0000 -0.1768
vn 0.9646 -0.0000 -0.2637
vn 0.9373 -0.0000 -0.3485
vn 0.9026 -0.0000 -0.4306
vn 0.8607 -0.0000 -0.5092
vn 0.8119 -0.0000 -0.5838
vn 0.6321 0.0000 -0.7749
vn 0.5838 -0.0000 -0.8119
vn 0.5092 -0.0000 -0.8606
vn 0.4307 -0.0000 -0.9025
vn 0.3487 -0.0000 -0.9372
vn 0.2639 -0.0000 -0.9645
vn 0.1771 -0.0000 -0.9842
vn 0.0836 -0.0001 -0.9965
vn 0.0397 -0.0001 -0.9992
vn 0.2094 0.0001 -0.9778
vn 0.2932 0.0001 -0.9561
vn 0.3872 0.0002 -0.9220
vn 0.4773 0.0002 -0.8788
vn 0.5624 0.0002 -0.8269
vn 0.1152 -0.0001 -0.9933
vn 0.1504 0.0000 -0.9886
vn -0.2093 0.0001 -0.9778
vn -0.1504 0.0000 -0.9886
vn -0.1149 -0.0001 -0.9934
vn -0.0396 -0.0001 -0.9992
vn -0.6321 0.0000 -0.7749
vn -0.5624 0.0002 -0.8269
vn -0.4773 0.0002 -0.8788
vn -0.3872 0.0002 -0.9220
vn -0.2932 0.0001 -0.9561
vn -0.0833 -0.0001 -0.9965
vn -0.1768 -0.0000 -0.9842
vn -0.2637 -0.0000 -0.9646
vn -0.3485 -0.0000 -0.9373
vn -0.4306 -0.0000 -0.9026
vn -0.5092 -0.0000 -0.8607
vn -0.5838 -0.0000 -0.8119
vn -0.0245 0.0000 0.9997
vn -0.0164 -0.0002 0.9999
vn -0.0054 -0.0000 1.0000
vn -0.0980 0.0000 0.9952
vn -0.1951 0.0000 0.9808
vn -0.2903 0.0000 0.9569
vn -0.3827 0.0000 0.9239
vn -0.4714 0.0000 0.8819
vn -0.5556 0.0000 0.8315
vn -0.6344 0.0000 0.7730
vn -0.7071 0.0000 0.7071
vn -0.7730 0.0000 0.6344
vn -0.8315 0.0000 0.5556
vn -0.8819 0.0000 0.4714
vn -0.9239 0.0000 0.3827
vn -0.9569 0.0000 0.2903
vn -0.9808 0.0000 0.1951
vn -0.9952 0.0000 0.0980
vn -0.9997 0.0000 0.0245
vn -0.9957 0.0000 0.0930
vn -0.9997 -0.0000 -0.0245
vn -0.9957 -0.0000 -0.0930
vn -0.9880 -0.0000 -0.1546
vn -0.9957 -0.0000 -0.0930
vn -0.9995 -0.0000 -0.0310
vn -0.9995 0.0000 0.0310
vn -0.9957 0.0000 0.0930
vn -0.9880 0.0000 0.1546
vn -0.9952 -0.0000 -0.0980
vn -0.9808 -0.0000 -0.1951
vn -0.9569 -0.0000 -0.2903
vn -0.9239 -0.0000 -0.3827
vn -0.8819 -0.0000 -0.4714
vn -0.8315 -0.0000 -0.5556
vn -0.7730 -0.0000 -0.6344
vn -0.7071 -0.0000 -0.7071
vn -0.6344 -0.0000 -0.7730
vn -0.5556 -0.0000 -0.8315
vn -0.4714 -0.0000 -0.8819
vn -0.3827 -0.0000 -0.9239
vn -0.2903 -0.0000 -0.9569
vn -0.1951 -0.0000 -0.9808
vn -0.0980 -0.0000 -0.9952
vn -0.0245 -0.0000 -0.9997
vn -0.0164 -0.0002 -0.9999
vn -0.0659 -0.0002 -0.9978
vn -0.1314 -0.0001 -0.9913
vn -0.2009 -0.0001 -0.9796
vn -0.2783 -0.0000 -0.9605
vn -0.3584 -0.0001 -0.9336
vn -0.4359 -0.0001 -0.9000
vn -0.5102 -0.0001 -0.8600
vn -0.5810 -0.0001 -0.8139
vn -0.6130 -0.0000 -0.7901
vn 0.6130 -0.0000 -0.7901
vn 0.5732 0.0000 -0.8194
vn 0.4939 0.0000 -0.8695
vn 0.4102 0.0000 -0.9120
vn 0.3228 0.0000 -0.9465
vn 0.2326 0.0000 -0.9726
vn 0.1404 0.0000 -0.9901
vn 0.0469 -0.0000 -0.9989
vn -0.0469 -0.0000 -0.9989
vn -0.1404 0.0000 -0.9901
vn -0.2326 0.0000 -0.9726
vn -0.3228 0.0000 -0.9465
vn -0.4102 0.0000 -0.9120
vn -0.4939 0.0000 -0.8695
vn -0.5732 0.0000 -0.8194
vn 0.5810 -0.0001 -0.8139
vn 0.5102 -0.0001 -0.8600
vn 0.4359 -0.0001 -0.9000
vn 0.3584 -0.0001 -0.9336
vn 0.2783 -0.0000 -0.9605
vn 0.2009 -0.0001 -0.9796
vn 0.1314 -0.0001 -0.9913
vn 0.0659 -0.0002 -0.9978
vn 0.0327 -0.0003 -0.9995
vn 0.0000 0.0000 1.0000
vn 0.0164 -0.0002 0.9999
vn 0.0659 -0.0002 0.9978
vn 0.1314 -0.0001 0.9913
vn 0.2009 -0.0001 0.9796
vn 0.2783 -0.0000 0.9605
vn 0.3584 -0.0001 0.9336
vn 0.4359 -0.0001 0.9000
vn 0.5102 -0.0001 0.8600
vn 0.5810 -0.0001 0.8139
vn 0.6130 -0.0000 0.7901
vn -0.6130 -0.0000 0.7901
vn -0.5732 0.0000 0.8194
vn -0.4939 0.0000 0.8695
vn -0.4102 0.0000 0.9120
vn -0.3228 0.0000 0.9465
vn -0.2326 0.0000 0.9726
vn -0.1404 0.0000 0.9901
vn -0.0469 -0.0000 0.9989
vn 0.0469 -0.0000 0.9989
vn 0.1404 0.0000 0.9901
vn 0.2326 0.0000 0.9726
vn 0.3228 0.0000 0.9465
vn 0.4102 0.0000 0.9120
vn 0.4939 0.0000 0.8695
vn 0.5732 0.0000 0.8194
vn -0.5810 -0.0001 0.8139
vn -0.5102 -0.0001 0.8600
vn -0.4359 -0.0001 0.9000
vn -0.3584 -0.0001 0.9336
vn -0.2783 -0.0000 0.9605
vn -0.2009 -0.0001 0.9796
vn -0.1314 -0.0001 0.9913
vn -0.0659 -0.0002 0.9978
vn -0.0054 -0.0000 -1.0000
vn 0.6517 0.0000 -0.7585
vn 0.6496 -0.0000 -0.7603
vn 0.6305 0.0000 -0.7761
vn -0.6305 0.0000 -0.7761
vn -0.6496 -0.0000 -0.7603
vn -0.6517 0.0000 -0.7585
vn 0.0108 -0.0001 -0.9999
vn 1.0000 -0.0000 -0.0054
vn 0.0000 0.0000 1.0000
vn 0.0773 0.0000 0.9970
vn 0.0000 0.0000 1.0000
vn -0.0054 -0.0000 1.0000
vn 0.0054 -0.0000 1.0000
vn -0.0773 0.0000 0.9970
vn -0.1157 0.0000 0.9933
vn -0.0387 0.0000 0.9993
vn 0.0387 0.0000 0.9993
vn 0.1157 0.0000 0.9933
vn -0.6517 0.0000 0.7585
vn -0.6496 -0.0000 0.7603
vn -0.6305 0.0000 0.7761
vn 0.6305 0.0000 0.7761
vn 0.6496 -0.0000 0.7603
vn 0.6517 0.0000 0.7585
vn 0.0054 -0.0000 1.0000
vn 0.6305 0.0000 0.7761
vn 0.6496 -0.0000 0.7603
vn 0.6517 0.0000 0.7585
vn -0.6517 0.0000 0.7585
vn -0.6496 -0.0000 0.7603
vn -0.6305 0.0000 0.7761
vn 0.0000 -1.0000 0.0000
vn 0.0000 -1.0000 0.0000
vn 0.0000 -1.0000 0.0000
vn 0.0000 -1.0000 0.0000
vn 0.0000 -1.0000 0.0000
vn 0.0000 -1.0000 0.0000
vn 0.0000 -1.0000 0.0000
vn 0.0000 -1.0000 0.0000
vn 0.0000 -1.0000 0.0000
vn 0.0000 -1.0000 0.0000
vn 0.0000 -1.0000 0.0000
vn 0.0000 -1.0000 0.0000
vn 0.0000 -1.0000 0.0000
vn 0.0000 -1.0000 0.0000
vn 0.0000 -1.0000 0.0000
vn 0.0000 -1.0000 0.0000
vn 0.0000 -1.0000 0.0000
vn 0.0000 -1.0000 0.0000
vn 0.0000 -1.0000 0.0000
vn 0.0000 -1.0000 0.0000
vn 0.0000 -1.0000 0.0000
vn 0.0000 -1.0000 0.0000
vn 0.0000 -1.0000 0.0000
vn 0.0000 -1.0000 0.0000
vn 0.0000 -1.0000 -0.0000
vn 0.0000 -1.0000 -0.0000
vn 0.0000 -1.0000 0.0000
vn 0.0000 -1.0000 0.0000
vn 0.0000 -1.0000 0.0000
vn 0.0000 -1.0000 0.0000
vn 0.0000 -1.0000 0.0000
vn 0.0000 -1.0000 -0.0000
vn 0.0000 -1.0000 0.0000
vn 0.0000 -1.0000 0.0000
vn 0.0000 -1.0000 0.0000
vn 0.0000 -1.0000 0.0000
vn 0.0000 -1.0000 0.0000
vn 0.0000 -1.0000 0.0000
vn 0.0000 -1.0000 0.0000
vn 0.0000 -1.0000 0.0000
vn 0.0000 -1.0000 0.0000
vn 0.0000 -1.0000 0.0000
vn 0.0000 -1.0000 0.0000
vn 0.0000 -1.0000 0.0000
vn 0.0000 -1.0000 0.0000
vn 0.0000 -1.0000 0.0000
vn 0.0000 -1.0000 0.0000
vn 0.0000 -1.0000 0.0000
vn 0.0000 -1.0000 0.0000
vn 0.0000 -1.0000 0.0000
vn 0.0000 -1.0000 0.0000
vn 0.0000 -1.0000 0.0000
vn 0.0000 -1.0000 0.0000
vn 0.0000 -1.0000 0.0000
vn 0.0000 -1.0000 0.0000
vn 0.0000 -1.0000 0.0000
vn 0.0000 -1.0000 -0.0000
vn 0.0000 -1.0000 -0.0000
vn 0.0000 -1.0000 0.0000
vn 0.0000 -1.0000 0.0000
vn 0.0000 -1.0000 0.0000
vn 0.0000 -1.0000 0.0000
vn 0.0000 -1.0000 0.0000
vn 0.0000 -1.0000 -0.0000
vn 0.0000 -1.0000 0.0000
vn 0.0000 -1.0000 0.0000
vn 0.0000 -1.0000 0.0000
vn 0.0000 -1.0000 0.0000
vn 0.0000 -1.0000 0.0000
vn 0.0000 -1.0000 0.0000
vn 0.0000 -1.0000 0.0000
vn 0.0000 -1.0000 0.0000
vn 0.0000 -1.0000 0.0000
vn 0.0000 -1.0000 0.0000
vn 0.0000 -1.0000 0.0000
vn 0.0000 -1.0000 0.0000
vn 0.0000 -1.0000 0.0000
vn 0.0000 -1.0000 0.0000
vn 0.0000 -1.0000 0.0000
vn 0.0000 -1.0000 0.0000
vn 0.0000 -1.0000 0.0000
vn 0.0000 -1.0000 0.0000
vn 0.0000 -1.0000 0.0000
vn 0.0000 -1.0000 0.0000
vn 0.0000 -1.0000 0.0000
vn 0.0000 -1.0000 0.0000
vn 0.0000 -1.0000 0.0000
vn 0.0000 -1.0000 0.0000
vn 0.0000 -1.0000 0.0000
vn 0.0000 -1.0000 0.0000
vn 0.0000 -1.0000 0.0000
vn 0.0000 -1.0000 0.0000
vn 0.0000 -1.0000 0.0000
vn -0.0000 -1.0000 -0.0000
vn -0.0000 -1.0000 -0.0000
vn -0.0000 -1.0000 -0.0000
vn 0.0000 -1.0000 0.0000
vn 0.0000 -1.0000 0.0000
vn 0.0000 -1.0000 0.0000
vn 0.0000 -1.0000 0.0000
vn 0.0000 -1.0000 0.0000
vn 0.0000 -1.0000 0.0000
vn 0.0000 -1.0000 0.0000
vn 0.0000 -1.0000 0.0000
vn 0.0000 -1.0000 0.0000
vn 0.0000 -1.0000 0.0000
vn 0.0000 -1.0000 0.0000
vn 0.0000 -1.0000 0.0000
vn 0.0000 -1.0000 0.0000
vn 0.0000 -1.0000 0.0000
vn 0.0000 -1.0000 0.0000
vn 0.0000 -1.0000 0.0000
vn 0.0000 -1.0000 0.0000
vn 0.0000 -1.0000 0.0000
vn 0.0000 -1.0000 0.0000
vn 0.0000 -1.0000 0.0000
vn 0.0000 -1.0000 0.0000
vn 0.0000 -1.0000 0.0000
vn 0.0000 -1.0000 0.0000
vn 0.0000 -1.0000 0.0000
vn -0.0000 -1.0000 0.0000
vn -0.0000 -1.0000 0.0000
vn 0.0000 -1.0000 0.0000
vn 0.0000 -1.0000 0.0000
vn 0.0000 -1.0000 0.0000
vn 0.0000 -1.0000 0.0000
vn 0.0000 -1.0000 0.0000
vn -0.0000 -1.0000 0.0000
vn 0.0000 -1.0000 0.0000
vn 0.0000 -1.0000 0.0000
vn 0.0000 -1.0000 0.0000
vn 0.0000 -1.0000 0.0000
vn 0.0000 -1.0000 0.0000
vn 0.0000 -1.0000 0.0000
vn 0.0000 -1.0000 0.0000
vn 0.0000 -1.0000 0.0000
vn 0.0000 -1.0000 0.0000
vn 0.0000 -1.0000 0.0000
vn 0.0000 -1.0000 0.0000
vn 0.0000 -1.0000 0.0000
vn 0.0000 -1.0000 0.0000
vn 0.0000 -1.0000 0.0000
vn 0.0000 -1.0000 0.0000
vn 0.0000 -1.0000 0.0000
vn 0.0000 -1.0000 0.0000
vn 0.0000 -1.0000 0.0000
vn 0.0000 -1.0000 0.0000
vn 0.0000 -1.0000 0.0000
vn 0.0000 -1.0000 0.0000
vn 0.0000 -1.0000 0.0000
vn 0.0000 -1.0000 0.0000
vn 0.0000 -1.0000 0.0000
vn 0.0000 -1.0000 0.0000
vn 0.0000 -1.0000 0.0000
vn 0.0000 -1.0000 0.0000
vn 0.0000 -1.0000 0.0000
vn 0.0000 -1.0000 0.0000
vn 0.0000 -1.0000 0.0000
vn 0.0000 -1.0000 0.0000
vn 0.0000 -1.0000 0.0000
vn 0.0000 -1.0000 0.0000
vn 0.0000 -1.0000 0.0000
vn 0.0000 -1.0000 0.0000
vn 0.0000 -1.0000 0.0000
vn 0.0000 -1.0000 0.0000
vn 0.0000 -1.0000 0.0000
vn 0.0000 -1.0000 0.0000
vn 0.0000 -1.0000 0.0000
vn 0.0000 -1.0000 0.0000
vn 0.0000 -1.0000 0.0000
vn 0.0000 -1.0000 0.0000
vn 0.0000 -1.0000 0.0000
vn 0.0000 -1.0000 0.0000
vn 0.0000 -1.0000 0.0000
vn 0.0000 -1.0000 0.0000
vn 0.0000 -1.0000 0.0000
vn 0.0000 -1.0000 0.0000
vn 0.0000 -1.0000 0.0000
vn 0.0000 -1.0000 0.0000
vn 0.0000 -1.0000 0.0000
vn 0.0000 -1.0000 0.0000
vn 0.0000 -1.0000 0.0000
vn 0.0000 -1.0000 0.0000
vn 0.0000 -1.0000 0.0000
vn 0.0000 -1.0000 0.0000
vn 0.0000 -1.0000 0.0000
vn 0.0000 -1.0000 0.0000
vn 0.0000 -1.0000 0.0000
vn 0.0000 -1.0000 0.0000
vn 0.0000 -1.0000 0.0000
vn 0.0000 -1.0000 0.0000
vn 0.0000 -1.0000 0.0000
vn 0.0000 -1.0000 0.0000
vn 0.0000 -1.0000 0.0000
vn 0.0000 -1.0000 0.0000
vn 0.0000 -1.0000 0.0000
vn 0.0000 -1.0000 0.0000
vn 0.0000 -1.0000 0.0000
vn 0.0000 -1.0000 0.0000
vn 0.0000 -1.0000 0.0000
vn 0.0000 -1.0000 0.0000
vn 0.0000 -1.0000 0.0000
vn 0.0000 -1.0000 0.0000
vn 0.0000 -1.0000 0.0000
vn 0.0000 -1.0000 0.0000
vn 0.0000 -1.0000 0.0000
vn 0.0000 -1.0000 0.0000
vn 0.0000 -1.0000 0.0000
vn 0.0000 -1.0000 0.0000
vn 0.0000 -1.0000 0.0000
vn 0.0000 -1.0000 0.0000
vn 0.0000 -1.0000 0.0000
vn 0.0000 -1.0000 0.0000
vn 0.0000 -1.0000 0.0000
vn 0.0000 -1.0000 0.0000
vn 0.0000 -1.0000 0.0000
vn 0.0000 -1.0000 0.0000
vn 0.0000 -1.0000 0.0000
vn 0.0000 -1.0000 0.0000
vn 0.0000 -1.0000 0.0000
vn 0.0000 -1.0000 0.0000
vn 0.0000 -1.0000 0.0000
vn 0.0000 -1.0000 0.0000
vn 0.0000 -1.0000 0.0000
vn 0.0000 -1.0000 0.0000
vn 0.0000 -1.0000 0.0000
vn 0.0000 -1.0000 0.0000
vn 0.0000 -1.0000 0.0000
vn 0.0000 -1.0000 0.0000
vn 0.0000 -1.0000 0.0000
vn 0.0000 -1.0000 0.0000
vn 0.0000 -1.0000 0.0000
vn 0.0000 -1.0000 0.0000
vn 0.0000 -1.0000 0.0000
vn 0.0000 -1.0000 0.0000
vn 0.0000 -1.0000 0.0000
vn 0.0000 -1.0000 0.0000
vn 0.0000 -1.0000 0.0000
vn 0.0000 -1.0000 0.0000
vn 0.0000 -1.0000 0.0000
vn 0.0000 -1.0000 0.0000
vn 0.0000 -1.0000 0.0000
vn 0.0000 -1.0000 0.0000
vn 0.0000 -1.0000 0.0000
vn 0.0000 -1.0000 0.0000
vn 0.0000 -1.0000 0.0000
vn 0.0000 -1.0000 0.0000
vn 0.0000 -1.0000 0.0000
vn 0.0000 -1.0000 0.0000
vn 0.0000 -1.0000 0.0000
vn 0.0000 -1.0000 0.0000
vn 0.0000 -1.0000 0.0000
vn 0.0000 -1.0000 0.0000
vn 0.0000 -1.0000 0.0000
vn 0.0000 -1.0000 0.0000
vn 0.0000 -1.0000 0.0000
vn 0.0000 -1.0000 0.0000
vn 0.0000 -1.0000 0.0000
vn 0.0000 -1.0000 0.0000
vn 0.0000 -1.0000 0.0000
vn 0.0000 -1.0000 0.0000
vn 0.0000 -1.0000 0.0000
vn 0.0000 -1.0000 0.0000
vn 0.0000 -1.0000 0.0000
vn 0.0000 -1.0000 0.0000
vn 0.0000 -1.0000 0.0000
vn 0.0000 -1.0000 0.0000
vn 0.0000 -1.0000 0.0000
vn 0.0000 -1.0000 0.0000
vn 0.0000 -1.0000 0.0000
vn 0.0000 -1.0000 0.0000
vn 0.0000 -1.0000 0.0000
vn 0.0000 -1.0000 0.0000
vn 0.0000 -1.0000 0.0000
vn 0.0000 -1.0000 0.0000
vn 0.0000 -1.0000 0.0000
vn 0.0000 -1.0000 0.0000
vn 0.0000 -1.0000 0.0000
vn 0.0000 -1.0000 0.0000
vn 0.0000 -1.0000 0.0000
vn 0.0000 -1.0000 0.0000
vn 0.0000 -1.0000 0.0000
vn 1.0000 0.0000 0.0000
vn 1.0000 0.0000 0.0000
vn 1.0000 0.0000 0.0000
vn 1.0000 0.0000 0.0000
vn 1.0000 0.0000 0.0000
vn 1.0000 0.0000 0.0000
vn 0.0000 -1.0000 0.0000
vn 0.0000 -1.0000 0.0000
vn 0.0000 -1.0000 0.0000
vn 0.0000 -1.0000 0.0000
vn -1.0000 0.0000 0.0000
vn -1.0000 0.0000 0.0000
vn -1.0000 0.0000 0.0000
vn -1.0000 0.0000 0.0000
vn -1.0000 0.0000 0.0000
vn -1.0000 0.0000 0.0000
vn 0.0000 -1.0000 -0.0000
vn 0.0000 -1.0000 -0.0000
vn 0.0000 -1.0000 0.0000
vn 0.0000 -1.0000 0.0000
vn 0.0000 -1.0000 0.0000
vn 0.0000 -1.0000 0.0000
vn 0.0000 -1.0000 0.0000
vn 0.0000 -1.0000 0.0000
vn 0.0000 -1.0000 0.0000
vn 0.0000 -1.0000 -0.0000
vn 0.0000 -1.0000 0.0000
vn 0.0000 -1.0000 0.0000
vn 0.0000 -1.0000 0.0000
vn 0.0000 -1.0000 0.0000
vn 0.0000 -1.0000 0.0000
vn -0.0000 -1.0000 0.0000
vn -0.0000 -1.0000 0.0000
vn 0.0000 -1.0000 0.0000
vn 0.0000 -1.0000 0.0000
vn 0.0000 -1.0000 0.0000
vn 0.0000 -1.0000 0.0000
vn 0.0000 -1.0000 0.0000
vn 0.0000 -1.0000 0.0000
vn 0.0000 -1.0000 0.0000
vn 0.0000 -1.0000 0.0000
vn 0.0000 -1.0000 0.0000
vn 0.0000 -1.0000 0.0000
vn 0.0000 -1.0000 0.0000
vn 0.0000 -1.0000 0.0000
vn 0.0000 -1.0000 0.0000
vn 0.0000 -1.0000 0.0000
vn 0.0000 -1.0000 0.0000
vn 0.0000 -1.0000 0.0000
vn 0.0000 -1.0000 0.0000
vn 0.0000 -1.0000 0.0000
vn 0.0000 -1.0000 0.0000
vn 0.0000 -1.0000 0.0000
vn 0.0000 -1.0000 0.0000
vn 0.0000 -1.0000 0.0000
vn 0.0000 -1.0000 0.0000
vn 0.0000 -1.0000 0.0000
vn 0.0000 -1.0000 0.0000
vn 0.0000 0.0000 1.0000
vn 0.0245 0.0000 0.9997
vn 0.0980 0.0000 0.9952
vn 0.1951 0.0000 0.9808
vn 0.2903 0.0000 0.9569
vn 0.3827 0.0000 0.9239
vn 0.4714 0.0000 0.8819
vn 0.5556 0.0000 0.8315
vn 0.6344 0.0000 0.7730
vn 0.7071 0.0000 0.7071
vn 0.7730 0.0000 0.6344
vn 0.8315 0.0000 0.5556
vn 0.8819 0.0000 0.4714
vn 0.9239 0.0000 0.3827
vn 0.9569 0.0000 0.2903
vn 0.9808 0.0000 0.1951
vn 0.9952 0.0000 0.0980
vn 0.9997 0.0000 0.0245
vn 0.9997 -0.0000 -0.0245
vn 0.9952 -0.0000 -0.0980
vn 0.9808 -0.0000 -0.1951
vn 0.9569 -0.0000 -0.2903
vn 0.9239 -0.0000 -0.3827
vn 0.8819 -0.0000 -0.4714
vn 0.8315 -0.0000 -0.5556
vn 0.7730 -0.0000 -0.6344
vn 0.7071 -0.0000 -0.7071
vn 0.6344 -0.0000 -0.7730
vn 0.5556 -0.0000 -0.8315
vn 0.4714 0.0000 -0.8819
vn 0.3827 -0.0000 -0.9239
vn 0.2903 -0.0000 -0.9569
vn 0.1951 -0.0000 -0.9808
vn 0.0980 -0.0000 -0.9952
vn 0.0245 -0.0000 -0.9997
vn -0.0000 -0.0000 -1.0000
vn 0.0000 0.0000 1.0000
vn 0.0245 -0.0000 -0.9997
vn -0.0000 -0.0000 -1.0000
vn 0.0245 0.0000 0.9997
vn 0.9997 0.0000 0.0245
vn 0.9952 0.0000 0.0980
vn 0.9808 0.0000 0.1951
vn 0.9569 0.0000 0.2903
vn 0.9239 0.0000 0.3827
vn 0.8819 0.0000 0.4714
vn 0.8315 0.0000 0.5556
vn 0.7730 0.0000 0.6344
vn 0.7071 0.0000 0.7071
vn 0.6344 0.0000 0.7730
vn 0.5556 0.0000 0.8315
vn 0.4714 0.0000 0.8819
vn 0.3827 0.0000 0.9239
vn 0.2903 0.0000 0.9569
vn 0.1951 0.0000 0.9808
vn 0.0980 0.0000 0.9952
vn 0.9997 -0.0000 -0.0245
vn 0.0980 -0.0000 -0.9952
vn 0.1951 -0.0000 -0.9808
vn 0.2903 -0.0000 -0.9569
vn 0.3827 -0.0000 -0.9239
vn 0.4714 -0.0000 -0.8819
vn 0.5556 -0.0000 -0.8315
vn 0.6344 -0.0000 -0.7730
vn 0.7071 -0.0000 -0.7071
vn 0.7730 -0.0000 -0.6344
vn 0.8315 -0.0000 -0.5556
vn 0.8819 -0.0000 -0.4714
vn 0.9239 -0.0000 -0.3827
vn 0.9569 -0.0000 -0.2903
vn 0.9808 -0.0000 -0.1951
vn 0.9952 -0.0000 -0.0980
vn -1.0000 0.0000 0.0000
vn -1.0000 0.0000 0.0000
vn -1.0000 0.0000 0.0000
vn -1.0000 0.0000 0.0000
vn -1.0000 0.0000 0.0000
vn -1.0000 0.0000 0.0000
vn 0.0000 -1.0000 0.0000
vn 0.0000 -1.0000 0.0000
vn 0.0000 -1.0000 0.0000
vn 0.0000 -1.0000 0.0000
vn 0.0000 -1.0000 0.0000
vn 0.0000 -1.0000 0.0000
vn 0.0000 -1.0000 0.0000
vn 0.0000 -1.0000 0.0000
vn 0.0000 -1.0000 0.0000
vn 0.0000 -1.0000 0.0000
vn 1.0000 0.0000 0.0000
vn 1.0000 0.0000 0.0000
vn 1.0000 0.0000 0.0000
vn 1.0000 0.0000 0.0000
vn 1.0000 0.0000 0.0000
vn 1.0000 0.0000 0.0000
vn -0.0000 0.0000 -1.0000
vn -0.0000 -0.0000 -1.0000
vn -0.0000 -0.0000 -1.0000
vn -0.0000 -0.0000 -1.0000
vn -0.0000 -0.0000 -1.0000
vn -0.0000 -0.0000 -1.0000
vn -0.0000 -0.0000 -1.0000
vn -0.0000 -0.0000 -1.0000
vn -0.0000 -0.0000 -1.0000
f 230//230 238//238 235//235
f 230//230 231//231 253//253
f 230//230 232//232 231//231
f 230//230 235//235 232//232
f 238//238 237//237 235//235
f 237//237 236//236 235//235
f 235//235 234//234 232//232
f 234//234 233//233 232//232
f 102//102 86//86 87//87
f 102//102 87//87 101//101
f 276//276 275//275 36//36
f 267//267 35//35 51//51
f 267//267 51//51 268//268
f 275//275 37//37 36//36
f 275//275 274//274 37//37
f 268//268 51//51 50//50
f 52//52 253//253 252//252
f 52//52 252//252 251//251
f 101//101 88//88 89//89
f 101//101 87//87 88//88
f 101//101 89//89 93//93
f 246//246 245//245 36//36
f 93//93 90//90 91//91
f 93//93 89//89 90//90
f 93//93 92//92 94//94
f 94//94 96//96 95//95
f 94//94 92//92 96//96
f 96//96 92//92 97//97
f 97//97 92//92 99//99
f 97//97 99//99 98//98
f 99//99 92//92 100//100
f 52//52 246//246 36//36
f 53//53 228//228 227//227
f 53//53 227//227 226//226
f 53//53 226//226 54//54
f 54//54 226//226 225//225
f 54//54 225//225 55//55
f 55//55 225//225 56//56
f 56//56 224//224 57//57
f 56//56 225//225 224//224
f 57//57 224//224 58//58
f 58//58 223//223 59//59
f 58//58 224//224 223//223
f 59//59 223//223 60//60
f 60//60 222//222 61//61
f 60//60 223//223 222//222
f 61//61 222//222 62//62
f 222//222 221//221 62//62
f 120//120 106//106 119//119
f 120//120 105//105 106//106
f 119//119 106//106 118//118
f 118//118 107//107 117//117
f 118//118 106//106 107//107
f 117//117 107//107 116//116
f 116//116 107//107 108//108
f 108//108 107//107 109//109
f 109//109 107//107 110//110
f 110//110 107//107 114//114
f 110//110 114//114 111//111
f 111//111 114//114 112//112
f 112//112 114//114 113//113
f 114//114 107//107 115//115
f 213//213 229//229 53//53
f 53//53 229//229 228//228
f 19//19 127//127 128//128
f 19//19 126//126 127//127
f 19//19 125//125 126//126
f 19//19 124//124 125//125
f 19//19 123//123 124//124
f 19//19 122//122 123//123
f 19//19 129//129 131//131
f 131//131 134//134 133//133
f 131//131 133//133 132//132
f 131//131 129//129 130//130
f 131//131 130//130 134//134
f 134//134 137//137 135//135
f 134//134 130//130 137//137
f 135//135 137//137 136//136
f 137//137 130//130 138//138
f 121//121 105//105 120//120
f 26//26 25//25 149//149
f 149//149 24//24 150//150
f 149//149 25//25 24//24
f 150//150 22//22 151//151
f 150//150 24//24 23//23
f 150//150 23//23 22//22
f 151//151 20//20 152//152
f 151//151 22//22 21//21
f 151//151 21//21 20//20
f 152//152 19//19 153//153
f 152//152 20//20 19//19
f 153//153 19//19 154//154
f 154//154 19//19 155//155
f 155//155 19//19 139//139
f 19//19 131//131 139//139
f 19//19 128//128 129//129
f 18//18 143//143 142//142
f 18//18 142//142 141//141
f 18//18 141//141 140//140
f 34//34 33//33 145//145
f 34//34 145//145 144//144
f 33//33 32//32 145//145
f 32//32 31//31 146//146
f 32//32 146//146 145//145
f 31//31 30//30 146//146
f 30//30 29//29 147//147
f 30//30 147//147 146//146
f 29//29 28//28 147//147
f 28//28 27//27 148//148
f 28//28 148//148 147//147
f 27//27 26//26 148//148
f 148//148 26//26 149//149
f 201//201 202//202 205//205
f 202//202 203//203 205//205
f 203//203 204//204 205//205
f 204//204 212//212 208//208
f 204//204 208//208 205//205
f 212//212 210//210 208//208
f 212//212 211//211 210//210
f 210//210 209//209 208//208
f 208//208 207//207 206//206
f 208//208 206//206 205//205
f 205//205 213//213 53//53
f 162//162 18//18 163//163
f 163//163 18//18 156//156
f 156//156 18//18 140//140
f 18//18 34//34 144//144
f 18//18 144//144 143//143
f 17//17 165//165 181//181
f 17//17 169//169 168//168
f 17//17 168//168 167//167
f 17//17 167//167 166//166
f 17//17 181//181 190//190
f 17//17 166//166 165//165
f 181//181 182//182 190//190
f 181//181 189//189 182//182
f 189//189 185//185 184//184
f 189//189 188//188 185//185
f 189//189 184//184 182//182
f 188//188 187//187 185//185
f 187//187 186//186 185//185
f 184//184 183//183 182//182
f 200//200 201//201 53//53
f 201//201 205//205 53//53
f 2//2 1//1 177//177
f 2//2 177//177 176//176
f 1//1 164//164 180//180
f 1//1 180//180 179//179
f 1//1 179//179 178//178
f 1//1 178//178 177//177
f 1//1 157//157 164//164
f 1//1 159//159 158//158
f 1//1 158//158 157//157
f 17//17 196//196 197//197
f 17//17 195//195 196//196
f 17//17 194//194 195//195
f 17//17 193//193 194//194
f 17//17 192//192 193//193
f 17//17 191//191 192//192
f 17//17 190//190 191//191
f 7//7 6//6 174//174
f 11//11 172//172 12//12
f 12//12 172//172 171//171
f 12//12 171//171 13//13
f 6//6 175//175 174//174
f 6//6 5//5 175//175
f 13//13 171//171 14//14
f 5//5 4//4 175//175
f 14//14 171//171 170//170
f 14//14 170//170 15//15
f 4//4 176//176 175//175
f 4//4 3//3 176//176
f 15//15 170//170 16//16
f 3//3 2//2 176//176
f 16//16 169//169 17//17
f 16//16 170//170 169//169
f 103//103 86//86 102//102
f 121//121 86//86 103//103
f 121//121 85//85 86//86
f 121//121 35//35 85//85
f 122//122 35//35 121//121
f 19//19 35//35 122//122
f 1//1 160//160 159//159
f 1//1 161//161 160//160
f 161//161 18//18 162//162
f 1//1 18//18 161//161
f 9//9 173//173 10//10
f 9//9 8//8 173//173
f 10//10 173//173 172//172
f 10//10 172//172 11//11
f 8//8 174//174 173//173
f 8//8 7//7 174//174
f 240//240 239//239 254//254
f 239//239 261//261 254//254
f 261//261 260//260 258//258
f 261//261 258//258 254//254
f 260//260 259//259 258//258
f 258//258 257//257 256//256
f 258//258 256//256 254//254
f 256//256 255//255 254//254
f 254//254 262//262 36//36
f 93//93 91//91 92//92
f 53//53 199//199 200//200
f 53//53 198//198 199//199
f 53//53 197//197 198//198
f 53//53 17//17 197//197
f 121//121 104//104 105//105
f 121//121 103//103 104//104
f 69//69 74//74 73//73
f 69//69 73//73 72//72
f 69//69 72//72 71//71
f 69//69 71//71 70//70
f 77//77 35//35 263//263
f 262//262 278//278 36//36
f 83//83 35//35 82//82
f 82//82 35//35 81//81
f 81//81 35//35 80//80
f 80//80 35//35 79//79
f 245//245 244//244 36//36
f 244//244 243//243 36//36
f 243//243 242//242 36//36
f 242//242 254//254 36//36
f 242//242 241//241 254//254
f 241//241 240//240 254//254
f 269//269 49//49 48//48
f 269//269 48//48 47//47
f 273//273 272//272 41//41
f 273//273 41//41 40//40
f 79//79 35//35 78//78
f 78//78 77//77 69//69
f 78//78 35//35 77//77
f 69//69 77//77 76//76
f 69//69 76//76 75//75
f 69//69 75//75 74//74
f 270//270 46//46 45//45
f 272//272 271//271 43//43
f 272//272 43//43 42//42
f 272//272 42//42 41//41
f 271//271 45//45 44//44
f 271//271 44//44 43//43
f 84//84 35//35 83//83
f 263//263 35//35 264//264
f 278//278 277//277 36//36
f 264//264 35//35 265//265
f 265//265 35//35 266//266
f 277//277 276//276 36//36
f 266//266 35//35 267//267
f 273//273 40//40 39//39
f 270//270 45//45 271//271
f 270//270 47//47 46//46
f 268//268 50//50 49//49
f 268//268 49//49 269//269
f 274//274 39//39 38//38
f 274//274 38//38 37//37
f 274//274 273//273 39//39
f 269//269 47//47 270//270
f 62//62 221//221 63//63
f 221//221 64//64 63//63
f 221//221 220//220 64//64
f 220//220 219//219 66//66
f 220//220 66//66 65//65
f 220//220 65//65 64//64
f 219//219 218//218 68//68
f 219//219 68//68 67//67
f 219//219 67//67 66//66
f 218//218 217//217 52//52
f 218//218 52//52 68//68
f 217//217 216//216 52//52
f 216//216 215//215 52//52
f 215//215 214//214 52//52
f 214//214 230//230 52//52
f 52//52 230//230 253//253
f 52//52 247//247 246//246
f 52//52 248//248 247//247
f 52//52 249//249 248//248
f 52//52 250//250 249//249
f 52//52 251//251 250//250
f 85//85 35//35 84//84
f 366//366 367//367 346//346
f 366//366 346//346 330//330
f 367//367 368//368 345//345
f 367//367 345//345 346//346
f 368//368 369//369 344//344
f 368//368 344//344 345//345
f 369//369 370//370 344//344
f 370//370 371//371 342//342
f 370//370 343//343 344//344
f 370//370 342//342 343//343
f 371//371 372//372 341//341
f 371//371 341//341 342//342
f 372//372 373//373 340//340
f 372//372 340//340 341//341
f 373//373 374//374 339//339
f 373//373 339//339 340//340
f 398//398 314//314 315//315
f 398//398 382//382 314//314
f 297//297 399//399 383//383
f 297//297 383//383 313//313
f 365//365 400//400 312//312
f 365//365 312//312 296//296
f 390//390 391//391 322//322
f 390//390 322//322 323//323
f 391//391 392//392 321//321
f 391//391 321//321 322//322
f 392//392 393//393 320//320
f 392//392 320//320 321//321
f 413//413 414//414 298//298
f 413//413 298//298 299//299
f 414//414 297//297 298//298
f 414//414 399//399 297//297
f 279//279 363//363 365//365
f 279//279 365//365 296//296
f 411//411 412//412 300//300
f 411//411 300//300 301//301
f 412//412 413//413 299//299
f 412//412 299//299 300//300
f 314//314 382//382 366//366
f 314//314 366//366 330//330
f 383//383 384//384 329//329
f 383//383 329//329 313//313
f 384//384 385//385 328//328
f 384//384 328//328 329//329
f 405//405 406//406 306//306
f 405//405 306//306 307//307
f 406//406 407//407 305//305
f 406//406 305//305 306//306
f 407//407 408//408 304//304
f 407//407 304//304 305//305
f 403//403 309//309 310//310
f 403//403 308//308 309//309
f 404//404 405//405 307//307
f 404//404 307//307 308//308
f 374//374 375//375 338//338
f 374//374 338//338 339//339
f 375//375 376//376 337//337
f 375//375 337//337 338//338
f 376//376 377//377 336//336
f 376//376 336//336 337//337
f 408//408 409//409 303//303
f 408//408 303//303 304//304
f 409//409 410//410 302//302
f 409//409 302//302 303//303
f 410//410 411//411 301//301
f 410//410 301//301 302//302
f 396//396 397//397 316//316
f 396//396 316//316 317//317
f 397//397 398//398 315//315
f 397//397 315//315 316//316
f 379//379 380//380 333//333
f 379//379 333//333 334//334
f 380//380 381//381 332//332
f 380//380 332//332 333//333
f 381//381 331//331 332//332
f 381//381 364//364 331//331
f 400//400 401//401 311//311
f 400//400 311//311 312//312
f 401//401 402//402 310//310
f 401//401 310//310 311//311
f 402//402 403//403 310//310
f 403//403 404//404 308//308
f 388//388 389//389 324//324
f 388//388 324//324 325//325
f 389//389 390//390 323//323
f 389//389 323//323 324//324
f 393//393 394//394 319//319
f 393//393 319//319 320//320
f 394//394 395//395 318//318
f 394//394 318//318 319//319
f 395//395 396//396 317//317
f 395//395 317//317 318//318
f 377//377 378//378 335//335
f 377//377 335//335 336//336
f 378//378 379//379 334//334
f 378//378 334//334 335//335
f 331//331 364//364 295//295
f 364//364 347//347 295//295
f 347//347 348//348 294//294
f 347//347 294//294 295//295
f 348//348 349//349 293//293
f 348//348 293//293 294//294
f 349//349 350//350 292//292
f 349//349 292//292 293//293
f 350//350 351//351 292//292
f 351//351 352//352 290//290
f 385//385 386//386 327//327
f 385//385 327//327 328//328
f 386//386 387//387 327//327
f 387//387 388//388 325//325
f 387//387 326//326 327//327
f 387//387 325//325 326//326
f 351//351 291//291 292//292
f 351//351 290//290 291//291
f 352//352 353//353 289//289
f 352//352 289//289 290//290
f 353//353 354//354 288//288
f 353//353 288//288 289//289
f 354//354 355//355 287//287
f 354//354 287//287 288//288
f 355//355 356//356 286//286
f 355//355 286//286 287//287
f 356//356 357//357 285//285
f 356//356 285//285 286//286
f 357//357 358//358 284//284
f 357//357 284//284 285//285
f 358//358 359//359 283//283
f 358//358 283//283 284//284
f 359//359 360//360 282//282
f 359//359 282//282 283//283
f 360//360 361//361 281//281
f 360//360 281//281 282//282
f 361//361 362//362 280//280
f 361//361 280//280 281//281
f 362//362 279//279 280//280
f 362//362 363//363 279//279
f 436//436 421//421 420//420
f 436//436 422//422 421//421
f 436//436 423//423 422//422
f 436//436 415//415 432//432
f 436//436 432//432 435//435
f 437//437 423//423 436//436
f 437//437 424//424 423//423
f 437//437 425//425 424//424
f 437//437 426//426 425//425
f 437//437 427//427 426//426
f 437//437 428//428 427//427
f 437//437 429//429 428//428
f 437//437 430//430 429//429
f 437//437 431//431 430//430
f 437//437 438//438 441//441
f 437//437 441//441 431//431
f 473//473 472//472 433//433
f 460//460 440//440 461//461
f 474//474 473//473 433//433
f 459//459 440//440 460//460
f 458//458 474//474 433//433
f 442//442 458//458 433//433
f 434//434 442//442 433//433
f 434//434 443//443 442//442
f 434//434 444//444 443//443
f 445//445 444//444 434//434
f 446//446 445//445 434//434
f 447//447 446//446 434//434
f 448//448 447//447 434//434
f 449//449 448//448 434//434
f 450//450 449//449 434//434
f 435//435 450//450 434//434
f 435//435 451//451 450//450
f 435//435 452//452 451//451
f 435//435 453//453 452//452
f 435//435 454//454 453//453
f 435//435 455//455 454//454
f 456//456 455//455 435//435
f 457//457 456//456 435//435
f 432//432 457//457 435//435
f 475//475 440//440 459//459
f 439//439 490//490 489//489
f 439//439 475//475 490//490
f 439//439 440//440 475//475
f 488//488 439//439 489//489
f 487//487 439//439 488//488
f 486//486 439//439 487//487
f 485//485 439//439 486//486
f 484//484 439//439 485//485
f 483//483 439//439 484//484
f 438//438 479//479 478//478
f 438//438 480//480 479//479
f 438//438 481//481 480//480
f 438//438 482//482 481//481
f 438//438 483//483 482//482
f 438//438 439//439 483//483
f 477//477 438//438 478//478
f 476//476 438//438 477//477
f 441//441 438//438 476//476
f 436//436 416//416 415//415
f 436//436 417//417 416//416
f 436//436 418//418 417//417
f 436//436 419//419 418//418
f 436//436 420//420 419//419
f 465//465 440//440 466//466
f 464//464 440//440 465//465
f 470//470 469//469 433//433
f 471//471 470//470 433//433
f 467//467 440//440 433//433
f 466//466 440//440 467//467
f 468//468 467//467 433//433
f 469//469 468//468 433//433
f 463//463 440//440 464//464
f 462//462 440//440 463//463
f 472//472 471//471 433//433
f 461//461 440//440 462//462
f 492//492 491//491 494//494
f 492//492 494//494 493//493
f 495//495 510//510 509//509
f 495//495 503//503 510//510
f 502//502 501//501 505//505
f 504//504 502//502 505//505
f 496//496 504//504 503//503
f 496//496 502//502 504//504
f 498//498 508//508 507//507
f 498//498 507//507 499//499
f 506//506 505//505 501//501
f 506//506 501//501 500//500
f 495//495 496//496 503//503
f 497//497 509//509 508//508
f 507//507 506//506 500//500
f 507//507 500//500 499//499
f 497//497 508//508 498//498
f 497//497 495//495 509//509
f 513//513 512//512 511//511
f 513//513 514//514 512//512
f 516//516 515//515 518//518
f 518//518 515//515 517//517
f 521//521 520//520 519//519
f 521//521 522//522 520//520
f 524//524 523//523 526//526
f 526//526 523//523 525//525
f 529//529 528//528 527//527
f 529//529 530//530 528//528
f 532//532 531//531 534//534
f 534//534 531//531 533//533
f 538//538 535//535 536//536
f 538//538 537//537 535//535
f 539//539 542//542 541//541
f 539//539 541//541 540//540
f 544//544 545//545 543//543
f 545//545 546//546 543//543
f 548//548 549//549 550//550
f 548//548 550//550 547//547
f 552//552 553//553 554//554
f 552//552 554//554 551//551
f 556//556 557//557 558//558
f 556//556 558//558 555//555
f 560//560 561//561 562//562
f 560//560 562//562 559//559
f 564//564 565//565 566//566
f 564//564 566//566 563//563
f 568//568 570//570 569//569
f 568//568 569//569 567//567
f 581//581 573//573 579//579
f 581//581 582//582 574//574
f 580//580 572//572 578//578
f 580//580 578//578 586//586
f 575//575 584//584 576//576
f 575//575 583//583 584//584
f 576//576 584//584 585//585
f 576//576 585//585 577//577
f 582//582 583//583 575//575
f 582//582 575//575 574//574
f 586//586 577//577 585//585
f 578//578 577//577 586//586
f 581//581 574//574 573//573
f 579//579 572//572 580//580
f 579//579 573//573 571//571
f 579//579 571//571 572//572
f 587//587 590//590 589//589
f 587//587 588//588 590//590
f 591//591 606//606 605//605
f 591//591 599//599 606//606
f 600//600 598//598 601//601
f 598//598 597//597 601//601
f 591//591 592//592 599//599
f 593//593 605//605 604//604
f 592//592 600//600 599//599
f 592//592 598//598 600//600
f 593//593 604//604 594//594
f 593//593 591//591 605//605
f 603//603 602//602 596//596
f 603//603 596//596 595//595
f 594//594 603//603 595//595
f 594//594 604//604 603//603
f 602//602 597//597 596//596
f 602//602 601//601 597//597
f 609//609 608//608 607//607
f 609//609 610//610 608//608
f 612//612 611//611 613//613
f 612//612 613//613 614//614
f 617//617 616//616 615//615
f 617//617 618//618 616//616
f 620//620 619//619 621//621
f 620//620 621//621 622//622
f 625//625 624//624 623//623
f 625//625 626//626 624//624
f 628//628 627//627 629//629
f 628//628 629//629 630//630
f 634//634 631//631 632//632
f 634//634 633//633 631//631
f 635//635 638//638 637//637
f 635//635 637//637 636//636
f 640//640 641//641 639//639
f 641//641 642//642 639//639
f 644//644 645//645 646//646
f 644//644 646//646 643//643
f 648//648 650//650 647//647
f 648//648 649//649 650//650
f 652//652 654//654 651//651
f 652//652 653//653 654//654
f 656//656 658//658 655//655
f 656//656 657//657 658//658
f 660//660 662//662 659//659
f 660//660 661//661 662//662
f 664//664 665//665 663//663
f 664//664 666//666 665//665
f 675//675 668//668 676//676
f 677//677 670//670 669//669
f 677//677 678//678 670//670
f 677//677 669//669 675//675
f 676//676 668//668 674//674
f 676//676 674//674 682//682
f 675//675 667//667 668//668
f 675//675 669//669 667//667
f 674//674 673//673 682//682
f 682//682 673//673 681//681
f 678//678 679//679 671//671
f 678//678 671//671 670//670
f 672//672 680//680 681//681
f 672//672 681//681 673//673
f 671//671 679//679 680//680
f 671//671 680//680 672//672
f 683//683 684//684 686//686
f 683//683 686//686 685//685
f 698//698 697//697 693//693
f 698//698 693//693 692//692
f 690//690 700//700 699//699
f 690//690 699//699 691//691
f 699//699 698//698 692//692
f 699//699 692//692 691//691
f 687//687 702//702 701//701
f 687//687 695//695 702//702
f 688//688 696//696 695//695
f 688//688 694//694 696//696
f 687//687 688//688 695//695
f 689//689 701//701 700//700
f 696//696 694//694 697//697
f 694//694 693//693 697//697
f 689//689 687//687 701//701
f 689//689 700//700 690//690
f 705//705 704//704 703//703
f 705//705 706//706 704//704
f 708//708 707//707 709//709
f 708//708 709//709 710//710
f 713//713 712//712 711//711
f 713//713 714//714 712//712
f 716//716 715//715 717//717
f 716//716 717//717 718//718
f 721//721 720//720 719//719
f 721//721 722//722 720//720
f 724//724 723//723 725//725
f 724//724 725//725 726//726
f 730//730 727//727 728//728
f 730//730 729//729 727//727
f 731//731 734//734 733//733
f 731//731 733//733 732//732
f 736//736 737//737 735//735
f 737//737 738//738 735//735
f 740//740 741//741 742//742
f 740//740 742//742 739//739
f 744//744 745//745 746//746
f 744//744 746//746 743//743
f 748//748 749//749 750//750
f 748//748 750//750 747//747
f 752//752 753//753 754//754
f 752//752 754//754 751//751
f 756//756 757//757 758//758
f 756//756 758//758 755//755
f 760//760 762//762 761//761
f 760//760 761//761 759//759
f 772//772 764//764 770//770
f 772//772 770//770 778//778
f 771//771 763//763 764//764
f 771//771 765//765 763//763
f 771//771 764//764 772//772
f 773//773 766//766 765//765
f 773//773 774//774 766//766
f 773//773 765//765 771//771
f 768//768 776//776 777//777
f 768//768 777//777 769//769
f 767//767 775//775 776//776
f 767//767 776//776 768//768
f 774//774 767//767 766//766
f 774//774 775//775 767//767
f 778//778 769//769 777//777
f 770//770 769//769 778//778
f 779//779 780//780 782//782
f 779//779 782//782 781//781
f 783//783 798//798 797//797
f 783//783 791//791 798//798
f 783//783 784//784 791//791
f 785//785 797//797 796//796
f 784//784 792//792 791//791
f 784//784 790//790 792//792
f 794//794 793//793 789//789
f 794//794 789//789 788//788
f 795//795 794//794 788//788
f 795//795 788//788 787//787
f 786//786 796//796 795//795
f 786//786 795//795 787//787
f 792//792 790//790 793//793
f 790//790 789//789 793//793
f 785//785 796//796 786//786
f 785//785 783//783 797//797
f 801//801 802//802 800//800
f 801//801 800//800 799//799
f 804//804 805//805 806//806
f 804//804 803//803 805//805
f 809//809 810//810 808//808
f 809//809 808//808 807//807
f 812//812 811//811 813//813
f 812//812 813//813 814//814
f 817//817 816//816 815//815
f 817//817 818//818 816//816
f 820//820 821//821 822//822
f 820//820 819//819 821//821
f 826//826 825//825 823//823
f 826//826 823//823 824//824
f 827//827 830//830 829//829
f 827//827 829//829 828//828
f 832//832 833//833 831//831
f 833//833 834//834 831//831
f 836//836 838//838 835//835
f 836//836 837//837 838//838
f 840//840 842//842 839//839
f 840//840 841//841 842//842
f 844//844 846//846 843//843
f 844//844 845//845 846//846
f 848//848 850//850 847//847
f 848//848 849//849 850//850
f 852//852 853//853 854//854
f 852//852 854//854 851//851
f 856//856 858//858 857//857
f 856//856 857//857 855//855
f 867//867 860//860 868//868
f 869//869 862//862 861//861
f 874//874 865//865 873//873
f 866//866 865//865 874//874
f 868//868 860//860 866//866
f 868//868 866//866 874//874
f 867//867 859//859 860//860
f 867//867 861//861 859//859
f 870//870 871//871 863//863
f 870//870 863//863 862//862
f 864//864 872//872 873//873
f 864//864 873//873 865//865
f 863//863 872//872 864//864
f 863//863 871//871 872//872
f 869//869 870//870 862//862
f 869//869 861//861 867//867
f 875//875 876//876 878//878
f 875//875 878//878 877//877
f 886//886 885//885 889//889
f 888//888 886//886 889//889
f 882//882 892//892 891//891
f 882//882 891//891 883//883
f 879//879 894//894 893//893
f 879//879 887//887 894//894
f 891//891 884//884 883//883
f 891//891 890//890 884//884
f 890//890 889//889 885//885
f 890//890 885//885 884//884
f 881//881 879//879 893//893
f 881//881 892//892 882//882
f 880//880 888//888 887//887
f 880//880 886//886 888//888
f 881//881 893//893 892//892
f 879//879 880//880 887//887
f 897//897 898//898 896//896
f 897//897 896//896 895//895
f 900//900 901//901 902//902
f 900//900 899//899 901//901
f 905//905 906//906 904//904
f 905//905 904//904 903//903
f 908//908 909//909 910//910
f 908//908 907//907 909//909
f 913//913 914//914 912//912
f 913//913 912//912 911//911
f 916//916 917//917 918//918
f 916//916 915//915 917//917
f 922//922 921//921 919//919
f 922//922 919//919 920//920
f 923//923 925//925 924//924
f 923//923 926//926 925//925
f 929//929 930//930 927//927
f 928//928 929//929 927//927
f 932//932 934//934 931//931
f 932//932 933//933 934//934
f 936//936 938//938 935//935
f 936//936 937//937 938//938
f 940//940 942//942 939//939
f 940//940 941//941 942//942
f 944//944 946//946 943//943
f 944//944 945//945 946//946
f 948//948 950//950 947//947
f 948//948 949//949 950//950
f 952//952 953//953 951//951
f 952//952 954//954 953//953
f 963//963 957//957 955//955
f 963//963 955//955 956//956
f 964//964 962//962 970//970
f 964//964 956//956 962//962
f 965//965 957//957 963//963
f 965//965 966//966 958//958
f 965//965 958//958 957//957
f 963//963 956//956 964//964
f 966//966 959//959 958//958
f 966//966 967//967 959//959
f 970//970 961//961 969//969
f 962//962 961//961 970//970
f 960//960 968//968 969//969
f 960//960 969//969 961//961
f 959//959 967//967 968//968
f 959//959 968//968 960//960
f 971//971 972//972 973//973
f 971//971 973//973 974//974
f 977//977 976//976 975//975
f 977//977 978//978 976//976
f 980//980 984//984 986//986
f 986//986 984//984 985//985
f 980//980 979//979 983//983
f 980//980 983//983 984//984
f 983//983 981//981 982//982
f 983//983 979//979 981//981
f 989//989 990//990 988//988
f 989//989 988//988 987//987
f 992//992 991//991 993//993
f 992//992 993//993 994//994
f 997//997 996//996 995//995
f 997//997 998//998 996//996
f 1000//1000 999//999 1003//1003
f 1000//1000 1003//1003 1004//1004
f 1003//1003 1001//1001 1002//1002
f 1003//1003 999//999 1001//1001
f 1000//1000 1004//1004 1006//1006
f 1006//1006 1004//1004 1005//1005
f 1010//1010 1009//1009 1007//1007
f 1010//1010 1007//1007 1008//1008
f 1016//1016 1046//1046 1045//1045
f 1016//1016 1047//1047 1046//1046
f 1015//1015 1037//1037 1016//1016
f 1015//1015 1036//1036 1037//1037
f 1041//1041 1040//1040 1011//1011
f 1042//1042 1041//1041 1011//1011
f 1029//1029 1028//1028 1012//1012
f 1026//1026 1013//1013 1027//1027
f 1034//1034 1033//1033 1012//1012
f 1021//1021 1013//1013 1022//1022
f 1052//1052 1051//1051 1016//1016
f 1037//1037 1052//1052 1016//1016
f 1016//1016 1050//1050 1049//1049
f 1051//1051 1050//1050 1016//1016
f 1045//1045 1044//1044 1011//1011
f 1016//1016 1045//1045 1011//1011
f 1023//1023 1013//1013 1024//1024
f 1032//1032 1031//1031 1012//1012
f 1022//1022 1013//1013 1023//1023
f 1033//1033 1032//1032 1012//1012
f 1014//1014 1013//1013 1019//1019
f 1018//1018 1034//1034 1012//1012
f 1011//1011 1039//1039 1038//1038
f 1011//1011 1038//1038 1017//1017
f 1040//1040 1039//1039 1011//1011
f 1011//1011 1017//1017 1012//1012
f 1027//1027 1013//1013 1012//1012
f 1028//1028 1027//1027 1012//1012
f 1030//1030 1029//1029 1012//1012
f 1031//1031 1030//1030 1012//1012
f 1025//1025 1013//1013 1026//1026
f 1024//1024 1013//1013 1025//1025
f 1035//1035 1014//1014 1019//1019
f 1017//1017 1018//1018 1012//1012
f 1044//1044 1043//1043 1011//1011
f 1043//1043 1042//1042 1011//1011
f 1019//1019 1013//1013 1020//1020
f 1020//1020 1013//1013 1021//1021
f 1016//1016 1048//1048 1047//1047
f 1016//1016 1049//1049 1048//1048
f 1057//1057 1120//1120 1121//1121
f 1057//1057 1058//1058 1120//1120
f 1056//1056 1121//1121 1122//1122
f 1056//1056 1057//1057 1121//1121
f 1089//1089 1053//1053 1090//1090
f 1089//1089 1054//1054 1053//1053
f 1076//1076 1077//1077 1104//1104
f 1077//1077 1078//1078 1102//1102
f 1078//1078 1101//1101 1102//1102
f 1078//1078 1079//1079 1101//1101
f 1077//1077 1102//1102 1103//1103
f 1077//1077 1103//1103 1104//1104
f 1079//1079 1080//1080 1100//1100
f 1079//1079 1100//1100 1101//1101
f 1080//1080 1081//1081 1099//1099
f 1080//1080 1099//1099 1100//1100
f 1082//1082 1097//1097 1098//1098
f 1082//1082 1083//1083 1097//1097
f 1081//1081 1098//1098 1099//1099
f 1081//1081 1082//1082 1098//1098
f 1074//1074 1075//1075 1105//1105
f 1074//1074 1105//1105 1106//1106
f 1075//1075 1076//1076 1104//1104
f 1075//1075 1104//1104 1105//1105
f 1083//1083 1084//1084 1096//1096
f 1083//1083 1096//1096 1097//1097
f 1053//1053 1074//1074 1106//1106
f 1053//1053 1106//1106 1090//1090
f 1068//1068 1069//1069 1109//1109
f 1068//1068 1109//1109 1110//1110
f 1069//1069 1070//1070 1108//1108
f 1069//1069 1108//1108 1109//1109
f 1059//1059 1118//1118 1119//1119
f 1059//1059 1119//1119 1120//1120
f 1059//1059 1060//1060 1118//1118
f 1058//1058 1059//1059 1120//1120
f 1063//1063 1064//1064 1114//1114
f 1063//1063 1114//1114 1115//1115
f 1064//1064 1065//1065 1113//1113
f 1064//1064 1113//1113 1114//1114
f 1060//1060 1061//1061 1117//1117
f 1060//1060 1117//1117 1118//1118
f 1061//1061 1062//1062 1116//1116
f 1061//1061 1116//1116 1117//1117
f 1062//1062 1063//1063 1115//1115
f 1062//1062 1115//1115 1116//1116
f 1065//1065 1066//1066 1112//1112
f 1065//1065 1112//1112 1113//1113
f 1066//1066 1067//1067 1111//1111
f 1066//1066 1111//1111 1112//1112
f 1067//1067 1068//1068 1110//1110
f 1067//1067 1110//1110 1111//1111
f 1091//1091 1073//1073 1072//1072
f 1091//1091 1072//1072 1107//1107
f 1070//1070 1089//1089 1108//1108
f 1070//1070 1054//1054 1089//1089
f 1055//1055 1056//1056 1122//1122
f 1055//1055 1122//1122 1123//1123
f 1085//1085 1086//1086 1094//1094
f 1085//1085 1094//1094 1095//1095
f 1084//1084 1095//1095 1096//1096
f 1084//1084 1085//1085 1095//1095
f 1086//1086 1087//1087 1093//1093
f 1086//1086 1093//1093 1094//1094
f 1087//1087 1088//1088 1092//1092
f 1087//1087 1092//1092 1093//1093
f 1071//1071 1055//1055 1123//1123
f 1124//1124 1071//1071 1123//1123
f 1088//1088 1091//1091 1092//1092
f 1088//1088 1073//1073 1091//1091
f 1182//1182 1135//1135 1134//1134
f 1182//1182 1136//1136 1135//1135
f 1183//1183 1182//1182 1134//1134
f 1183//1183 1133//1133 1132//1132
f 1183//1183 1134//1134 1133//1133
f 1181//1181 1136//1136 1182//1182
f 1181//1181 1137//1137 1136//1136
f 1187//1187 1186//1186 1127//1127
f 1189//1189 1188//1188 1127//1127
f 1175//1175 1126//1126 1176//1176
f 1176//1176 1126//1126 1177//1177
f 1188//1188 1187//1187 1127//1127
f 1177//1177 1126//1126 1178//1178
f 1214//1214 1215//1215 1127//1127
f 1215//1215 1200//1200 1191//1191
f 1215//1215 1191//1191 1127//1127
f 1200//1200 1199//1199 1198//1198
f 1200//1200 1198//1198 1197//1197
f 1200//1200 1197//1197 1196//1196
f 1200//1200 1196//1196 1195//1195
f 1200//1200 1195//1195 1194//1194
f 1200//1200 1194//1194 1193//1193
f 1200//1200 1193//1193 1192//1192
f 1200//1200 1192//1192 1191//1191
f 1191//1191 1190//1190 1127//1127
f 1174//1174 1126//1126 1175//1175
f 1190//1190 1189//1189 1127//1127
f 1223//1223 1222//1222 1201//1201
f 1222//1222 1221//1221 1201//1201
f 1221//1221 1220//1220 1201//1201
f 1220//1220 1219//1219 1201//1201
f 1219//1219 1218//1218 1201//1201
f 1218//1218 1217//1217 1201//1201
f 1217//1217 1216//1216 1201//1201
f 1208//1208 1209//1209 1127//1127
f 1209//1209 1210//1210 1127//1127
f 1210//1210 1211//1211 1127//1127
f 1211//1211 1212//1212 1127//1127
f 1212//1212 1213//1213 1127//1127
f 1213//1213 1214//1214 1127//1127
f 1226//1226 1224//1224 1204//1204
f 1170//1170 1126//1126 1171//1171
f 1171//1171 1126//1126 1172//1172
f 1172//1172 1126//1126 1173//1173
f 1173//1173 1126//1126 1174//1174
f 1224//1224 1223//1223 1201//1201
f 1224//1224 1203//1203 1204//1204
f 1224//1224 1202//1202 1203//1203
f 1224//1224 1201//1201 1202//1202
f 1160//1160 1164//1164 1161//1161
f 1161//1161 1164//1164 1162//1162
f 1162//1162 1164//1164 1163//1163
f 1225//1225 1224//1224 1226//1226
f 1226//1226 1206//1206 1207//1207
f 1226//1226 1205//1205 1206//1206
f 1226//1226 1204//1204 1205//1205
f 1152//1152 1126//1126 1170//1170
f 1152//1152 1170//1170 1153//1153
f 1153//1153 1170//1170 1169//1169
f 1153//1153 1169//1169 1154//1154
f 1154//1154 1169//1169 1168//1168
f 1154//1154 1168//1168 1155//1155
f 1155//1155 1167//1167 1156//1156
f 1155//1155 1168//1168 1167//1167
f 1156//1156 1167//1167 1157//1157
f 1157//1157 1167//1167 1158//1158
f 1158//1158 1167//1167 1166//1166
f 1158//1158 1166//1166 1165//1165
f 1158//1158 1165//1165 1164//1164
f 1158//1158 1164//1164 1159//1159
f 1159//1159 1164//1164 1160//1160
f 1125//1125 1150//1150 1149//1149
f 1125//1125 1149//1149 1148//1148
f 1125//1125 1148//1148 1147//1147
f 1125//1125 1147//1147 1146//1146
f 1125//1125 1146//1146 1145//1145
f 1125//1125 1145//1145 1144//1144
f 1262//1262 1143//1143 1263//1263
f 1262//1262 1144//1144 1143//1143
f 1263//1263 1143//1143 1264//1264
f 1264//1264 1143//1143 1265//1265
f 1265//1265 1143//1143 1266//1266
f 1266//1266 1143//1143 1268//1268
f 1266//1266 1268//1268 1267//1267
f 1268//1268 1143//1143 1269//1269
f 1269//1269 1143//1143 1270//1270
f 1151//1151 1126//1126 1152//1152
f 1226//1226 1207//1207 1208//1208
f 1226//1226 1208//1208 1127//1127
f 1243//1243 1242//1242 1245//1245
f 1243//1243 1245//1245 1244//1244
f 1245//1245 1242//1242 1246//1246
f 1242//1242 1241//1241 1249//1249
f 1242//1242 1249//1249 1248//1248
f 1242//1242 1248//1248 1247//1247
f 1254//1254 1232//1232 1231//1231
f 1255//1255 1229//1229 1256//1256
f 1255//1255 1231//1231 1230//1230
f 1255//1255 1230//1230 1229//1229
f 1256//1256 1227//1227 1257//1257
f 1256//1256 1229//1229 1228//1228
f 1256//1256 1228//1228 1227//1227
f 1257//1257 1125//1125 1258//1258
f 1257//1257 1227//1227 1125//1125
f 1258//1258 1125//1125 1259//1259
f 1259//1259 1125//1125 1260//1260
f 1260//1260 1125//1125 1261//1261
f 1125//1125 1144//1144 1262//1262
f 1125//1125 1262//1262 1261//1261
f 1125//1125 1126//1126 1151//1151
f 1125//1125 1151//1151 1150//1150
f 1242//1242 1247//1247 1246//1246
f 1241//1241 1250//1250 1249//1249
f 1241//1241 1240//1240 1250//1250
f 1240//1240 1239//1239 1250//1250
f 1239//1239 1251//1251 1250//1250
f 1239//1239 1238//1238 1251//1251
f 1238//1238 1237//1237 1251//1251
f 1237//1237 1252//1252 1251//1251
f 1237//1237 1236//1236 1252//1252
f 1236//1236 1235//1235 1252//1252
f 1235//1235 1253//1253 1252//1252
f 1235//1235 1234//1234 1253//1253
f 1234//1234 1233//1233 1253//1253
f 1253//1253 1233//1233 1254//1254
f 1233//1233 1232//1232 1254//1254
f 1254//1254 1231//1231 1255//1255
f 1181//1181 1138//1138 1137//1137
f 1178//1178 1126//1126 1142//1142
f 1178//1178 1142//1142 1179//1179
f 1186//1186 1128//1128 1127//1127
f 1186//1186 1185//1185 1128//1128
f 1179//1179 1142//1142 1141//1141
f 1179//1179 1141//1141 1140//1140
f 1179//1179 1140//1140 1180//1180
f 1185//1185 1184//1184 1130//1130
f 1185//1185 1130//1130 1129//1129
f 1185//1185 1129//1129 1128//1128
f 1184//1184 1132//1132 1131//1131
f 1184//1184 1131//1131 1130//1130
f 1184//1184 1183//1183 1132//1132
f 1180//1180 1140//1140 1139//1139
f 1180//1180 1139//1139 1138//1138
f 1180//1180 1138//1138 1181//1181
f 1580//1580 1417//1417 1579//1579
f 1568//1568 1429//1429 1567//1567
f 1568//1568 1428//1428 1429//1429
f 1568//1568 1427//1427 1428//1428
f 1567//1567 1429//1429 1566//1566
f 1566//1566 1430//1430 1565//1565
f 1580//1580 1851//1851 1416//1416
f 1581//1581 1851//1851 1580//1580
f 1691//1691 1432//1432 1851//1851
f 1851//1851 1432//1432 1416//1416
f 1580//1580 1416//1416 1417//1417
f 1392//1392 1799//1799 1393//1393
f 1579//1579 1417//1417 1578//1578
f 1578//1578 1418//1418 1577//1577
f 1700//1700 1413//1413 1414//1414
f 1701//1701 1702//1702 1412//1412
f 1701//1701 1412//1412 1413//1413
f 1577//1577 1418//1418 1419//1419
f 1576//1576 1421//1421 1575//1575
f 1576//1576 1420//1420 1421//1421
f 1575//1575 1421//1421 1574//1574
f 1574//1574 1422//1422 1423//1423
f 1700//1700 1701//1701 1413//1413
f 1398//1398 1793//1793 1792//1792
f 1399//1399 1791//1791 1400//1400
f 1399//1399 1792//1792 1791//1791
f 1702//1702 1703//1703 1411//1411
f 1702//1702 1411//1411 1412//1412
f 1703//1703 1704//1704 1410//1410
f 1703//1703 1410//1410 1411//1411
f 1704//1704 1705//1705 1409//1409
f 1574//1574 1423//1423 1573//1573
f 1574//1574 1421//1421 1422//1422
f 1573//1573 1423//1423 1572//1572
f 1572//1572 1425//1425 1571//1571
f 1572//1572 1424//1424 1425//1425
f 1572//1572 1423//1423 1424//1424
f 1571//1571 1425//1425 1570//1570
f 1570//1570 1427//1427 1569//1569
f 1384//1384 1847//1847 1392//1392
f 1392//1392 1847//1847 1799//1799
f 1603//1603 1612//1612 1456//1456
f 1510//1510 1614//1614 1615//1615
f 1578//1578 1417//1417 1418//1418
f 1577//1577 1420//1420 1576//1576
f 1577//1577 1419//1419 1420//1420
f 1582//1582 1583//1583 1690//1690
f 1582//1582 1690//1690 1691//1691
f 1583//1583 1584//1584 1689//1689
f 1583//1583 1689//1689 1690//1690
f 1584//1584 1598//1598 1689//1689
f 1613//1613 1612//1612 1603//1603
f 1510//1510 1615//1615 1509//1509
f 1611//1611 1456//1456 1612//1612
f 1599//1599 1604//1604 1463//1463
f 1599//1599 1463//1463 1441//1441
f 1437//1437 1695//1695 1696//1696
f 1438//1438 1439//1439 1694//1694
f 1438//1438 1694//1694 1695//1695
f 1604//1604 1605//1605 1462//1462
f 1604//1604 1462//1462 1463//1463
f 1605//1605 1606//1606 1461//1461
f 1570//1570 1425//1425 1426//1426
f 1433//1433 1434//1434 1593//1593
f 1434//1434 1435//1435 1698//1698
f 1434//1434 1698//1698 1593//1593
f 1435//1435 1436//1436 1697//1697
f 1435//1435 1697//1697 1698//1698
f 1436//1436 1437//1437 1696//1696
f 1436//1436 1696//1696 1697//1697
f 1437//1437 1438//1438 1695//1695
f 1570//1570 1426//1426 1427//1427
f 1699//1699 1414//1414 1406//1406
f 1569//1569 1427//1427 1568//1568
f 1439//1439 1440//1440 1693//1693
f 1439//1439 1693//1693 1694//1694
f 1440//1440 1432//1432 1692//1692
f 1440//1440 1692//1692 1693//1693
f 1432//1432 1691//1691 1692//1692
f 1608//1608 1609//1609 1458//1458
f 1511//1511 1614//1614 1510//1510
f 1511//1511 1611//1611 1614//1614
f 1404//1404 1787//1787 1786//1786
f 1469//1469 1525//1525 1468//1468
f 1774//1774 1843//1843 1367//1367
f 1775//1775 1843//1843 1774//1774
f 1718//1718 1383//1383 1843//1843
f 1843//1843 1383//1383 1367//1367
f 1366//1366 1751//1751 1759//1759
f 1402//1402 1789//1789 1788//1788
f 1403//1403 1787//1787 1404//1404
f 1403//1403 1788//1788 1787//1787
f 1404//1404 1786//1786 1405//1405
f 1470//1470 1523//1523 1469//1469
f 1405//1405 1846//1846 1406//1406
f 1405//1405 1786//1786 1846//1846
f 1406//1406 1846//1846 1845//1845
f 1378//1378 1764//1764 1377//1377
f 1378//1378 1763//1763 1764//1764
f 1378//1378 1762//1762 1763//1763
f 1384//1384 1385//1385 1719//1719
f 1385//1385 1386//1386 1730//1730
f 1385//1385 1730//1730 1719//1719
f 1375//1375 1767//1767 1374//1374
f 1380//1380 1761//1761 1762//1762
f 1444//1444 1494//1494 1443//1443
f 1371//1371 1769//1769 1770//1770
f 1370//1370 1771//1771 1369//1369
f 1369//1369 1772//1772 1368//1368
f 1377//1377 1764//1764 1376//1376
f 1376//1376 1766//1766 1375//1375
f 1376//1376 1765//1765 1766//1766
f 1376//1376 1764//1764 1765//1765
f 1386//1386 1387//1387 1729//1729
f 1387//1387 1388//1388 1728//1728
f 1387//1387 1728//1728 1729//1729
f 1388//1388 1389//1389 1727//1727
f 1388//1388 1727//1727 1728//1728
f 1389//1389 1390//1390 1726//1726
f 1389//1389 1726//1726 1727//1727
f 1390//1390 1391//1391 1725//1725
f 1390//1390 1725//1725 1726//1726
f 1471//1471 1522//1522 1523//1523
f 1393//1393 1799//1799 1798//1798
f 1706//1706 1407//1407 1408//1408
f 1706//1706 1707//1707 1407//1407
f 1384//1384 1719//1719 1849//1849
f 1384//1384 1849//1849 1848//1848
f 1384//1384 1848//1848 1847//1847
f 1406//1406 1845//1845 1844//1844
f 1406//1406 1844//1844 1699//1699
f 1786//1786 1785//1785 1846//1846
f 1847//1847 1784//1784 1799//1799
f 1705//1705 1408//1408 1409//1409
f 1393//1393 1798//1798 1394//1394
f 1394//1394 1798//1798 1797//1797
f 1394//1394 1797//1797 1395//1395
f 1566//1566 1429//1429 1430//1430
f 1565//1565 1431//1431 1564//1564
f 1565//1565 1430//1430 1431//1431
f 1564//1564 1431//1431 1415//1415
f 1850//1850 1407//1407 1707//1707
f 1699//1699 1700//1700 1414//1414
f 1391//1391 1383//1383 1724//1724
f 1386//1386 1729//1729 1730//1730
f 1395//1395 1796//1796 1396//1396
f 1395//1395 1797//1797 1796//1796
f 1396//1396 1795//1795 1397//1397
f 1396//1396 1796//1796 1795//1795
f 1397//1397 1794//1794 1398//1398
f 1397//1397 1795//1795 1794//1794
f 1398//1398 1792//1792 1399//1399
f 1398//1398 1794//1794 1793//1793
f 1605//1605 1461//1461 1462//1462
f 1391//1391 1724//1724 1725//1725
f 1383//1383 1718//1718 1724//1724
f 1400//1400 1790//1790 1401//1401
f 1400//1400 1791//1791 1790//1790
f 1401//1401 1789//1789 1402//1402
f 1401//1401 1790//1790 1789//1789
f 1402//1402 1788//1788 1403//1403
f 1704//1704 1409//1409 1410//1410
f 1705//1705 1706//1706 1408//1408
f 1555//1555 1669//1669 1670//1670
f 1672//1672 1559//1559 1560//1560
f 1672//1672 1666//1666 1559//1559
f 1539//1539 1863//1863 1864//1864
f 1539//1539 1862//1862 1863//1863
f 1539//1539 1657//1657 1862//1862
f 1554//1554 1555//1555 1670//1670
f 1303//1303 1853//1853 1304//1304
f 1282//1282 1551//1551 1283//1283
f 1554//1554 1670//1670 1657//1657
f 1555//1555 1556//1556 1669//1669
f 1671//1671 1560//1560 1561//1561
f 1556//1556 1557//1557 1668//1668
f 1556//1556 1668//1668 1669//1669
f 1557//1557 1558//1558 1667//1667
f 1557//1557 1667//1667 1668//1668
f 1307//1307 1858//1858 1857//1857
f 1307//1307 1857//1857 1308//1308
f 1308//1308 1852//1852 1856//1856
f 1308//1308 1856//1856 1309//1309
f 1308//1308 1857//1857 1852//1852
f 1289//1289 1543//1543 1290//1290
f 1285//1285 1548//1548 1286//1286
f 1285//1285 1549//1549 1548//1548
f 1286//1286 1547//1547 1287//1287
f 1558//1558 1666//1666 1667//1667
f 1558//1558 1559//1559 1666//1666
f 1855//1855 1665//1665 1562//1562
f 1665//1665 1671//1671 1561//1561
f 1665//1665 1561//1561 1562//1562
f 1288//1288 1545//1545 1544//1544
f 1309//1309 1856//1856 1644//1644
f 1289//1289 1544//1544 1543//1543
f 1662//1662 1663//1663 1297//1297
f 1290//1290 1543//1543 1542//1542
f 1291//1291 1541//1541 1292//1292
f 1291//1291 1542//1542 1541//1541
f 1292//1292 1540//1540 1293//1293
f 1292//1292 1541//1541 1540//1540
f 1293//1293 1864//1864 1294//1294
f 1293//1293 1540//1540 1864//1864
f 1448//1448 1488//1488 1489//1489
f 1496//1496 1497//1497 1599//1599
f 1496//1496 1601//1601 1602//1602
f 1496//1496 1600//1600 1601//1601
f 1496//1496 1599//1599 1600//1600
f 1445//1445 1492//1492 1493//1493
f 1307//1307 1859//1859 1858//1858
f 1619//1619 1620//1620 1502//1502
f 1446//1446 1492//1492 1445//1445
f 1447//1447 1490//1490 1491//1491
f 1447//1447 1491//1491 1446//1446
f 1598//1598 1584//1584 1585//1585
f 1448//1448 1489//1489 1490//1490
f 1448//1448 1490//1490 1447//1447
f 1449//1449 1487//1487 1488//1488
f 1441//1441 1602//1602 1601//1601
f 1442//1442 1495//1495 1602//1602
f 1442//1442 1602//1602 1441//1441
f 1443//1443 1494//1494 1495//1495
f 1443//1443 1495//1495 1442//1442
f 1444//1444 1493//1493 1494//1494
f 1671//1671 1672//1672 1560//1560
f 1852//1852 1809//1809 1810//1810
f 1852//1852 1810//1810 1856//1856
f 1290//1290 1542//1542 1291//1291
f 1295//1295 1855//1855 1303//1303
f 1295//1295 1665//1665 1855//1855
f 1303//1303 1855//1855 1854//1854
f 1303//1303 1854//1854 1853//1853
f 1855//1855 1562//1562 1854//1854
f 1562//1562 1563//1563 1854//1854
f 1284//1284 1550//1550 1549//1549
f 1497//1497 1498//1498 1624//1624
f 1594//1594 1595//1595 1588//1588
f 1594//1594 1588//1588 1589//1589
f 1595//1595 1596//1596 1587//1587
f 1595//1595 1587//1587 1588//1588
f 1596//1596 1597//1597 1586//1586
f 1596//1596 1586//1586 1587//1587
f 1597//1597 1598//1598 1585//1585
f 1597//1597 1585//1585 1586//1586
f 1530//1530 1531//1531 1675//1675
f 1658//1658 1659//1659 1301//1301
f 1658//1658 1301//1301 1302//1302
f 1659//1659 1660//1660 1300//1300
f 1659//1659 1300//1300 1301//1301
f 1660//1660 1661//1661 1299//1299
f 1528//1528 1868//1868 1465//1465
f 1465//1465 1868//1868 1279//1279
f 1279//1279 1868//1868 1676//1676
f 1529//1529 1530//1530 1676//1676
f 1529//1529 1676//1676 1868//1868
f 1464//1464 1456//1456 1611//1611
f 1530//1530 1675//1675 1676//1676
f 1531//1531 1532//1532 1674//1674
f 1531//1531 1674//1674 1675//1675
f 1532//1532 1673//1673 1674//1674
f 1865//1865 1866//1866 1538//1538
f 1271//1271 1866//1866 1865//1865
f 1271//1271 1865//1865 1280//1280
f 1280//1280 1865//1865 1553//1553
f 1280//1280 1553//1553 1281//1281
f 1433//1433 1591//1591 1590//1590
f 1606//1606 1607//1607 1460//1460
f 1606//1606 1460//1460 1461//1461
f 1607//1607 1608//1608 1459//1459
f 1607//1607 1459//1459 1460//1460
f 1866//1866 1867//1867 1538//1538
f 1867//1867 1677//1677 1538//1538
f 1677//1677 1678//1678 1537//1537
f 1581//1581 1582//1582 1691//1691
f 1581//1581 1691//1691 1851//1851
f 1865//1865 1538//1538 1553//1553
f 1433//1433 1590//1590 1455//1455
f 1455//1455 1590//1590 1482//1482
f 1455//1455 1482//1482 1454//1454
f 1590//1590 1481//1481 1482//1482
f 1454//1454 1483//1483 1453//1453
f 1454//1454 1482//1482 1483//1483
f 1453//1453 1483//1483 1484//1484
f 1453//1453 1484//1484 1452//1452
f 1506//1506 1613//1613 1505//1505
f 1294//1294 1862//1862 1657//1657
f 1662//1662 1297//1297 1298//1298
f 1663//1663 1664//1664 1296//1296
f 1663//1663 1296//1296 1297//1297
f 1664//1664 1295//1295 1296//1296
f 1664//1664 1665//1665 1295//1295
f 1271//1271 1677//1677 1867//1867
f 1271//1271 1867//1867 1866//1866
f 1294//1294 1864//1864 1863//1863
f 1294//1294 1863//1863 1862//1862
f 1868//1868 1528//1528 1529//1529
f 1540//1540 1539//1539 1864//1864
f 1539//1539 1554//1554 1657//1657
f 1281//1281 1553//1553 1552//1552
f 1281//1281 1552//1552 1282//1282
f 1282//1282 1552//1552 1551//1551
f 1679//1679 1535//1535 1536//1536
f 1283//1283 1550//1550 1284//1284
f 1283//1283 1551//1551 1550//1550
f 1284//1284 1549//1549 1285//1285
f 1657//1657 1658//1658 1302//1302
f 1678//1678 1679//1679 1536//1536
f 1678//1678 1536//1536 1537//1537
f 1679//1679 1680//1680 1535//1535
f 1677//1677 1537//1537 1538//1538
f 1680//1680 1681//1681 1534//1534
f 1680//1680 1534//1534 1535//1535
f 1681//1681 1673//1673 1533//1533
f 1681//1681 1533//1533 1534//1534
f 1673//1673 1532//1532 1533//1533
f 1379//1379 1762//1762 1378//1378
f 1657//1657 1302//1302 1294//1294
f 1286//1286 1548//1548 1547//1547
f 1287//1287 1545//1545 1288//1288
f 1287//1287 1547//1547 1546//1546
f 1287//1287 1546//1546 1545//1545
f 1288//1288 1544//1544 1289//1289
f 1660//1660 1299//1299 1300//1300
f 1661//1661 1662//1662 1298//1298
f 1661//1661 1298//1298 1299//1299
f 1341//1341 1731//1731 1734//1734
f 1347//1347 1743//1743 1744//1744
f 1720//1720 1782//1782 1783//1783
f 1721//1721 1722//1722 1781//1781
f 1721//1721 1781//1781 1782//1782
f 1345//1345 1746//1746 1344//1344
f 1344//1344 1747//1747 1343//1343
f 1344//1344 1746//1746 1747//1747
f 1343//1343 1749//1749 1342//1342
f 1343//1343 1748//1748 1749//1749
f 1342//1342 1750//1750 1358//1358
f 1347//1347 1744//1744 1346//1346
f 1341//1341 1734//1734 1357//1357
f 1357//1357 1735//1735 1356//1356
f 1357//1357 1734//1734 1735//1735
f 1356//1356 1736//1736 1355//1355
f 1356//1356 1735//1735 1736//1736
f 1355//1355 1737//1737 1354//1354
f 1626//1626 1339//1339 1340//1340
f 1627//1627 1628//1628 1338//1338
f 1627//1627 1338//1338 1339//1339
f 1628//1628 1337//1337 1338//1338
f 1333//1333 1633//1633 1733//1733
f 1733//1733 1732//1732 1731//1731
f 1625//1625 1626//1626 1340//1340
f 1625//1625 1340//1340 1332//1332
f 1626//1626 1627//1627 1339//1339
f 1785//1785 1844//1844 1845//1845
f 1785//1785 1699//1699 1844//1844
f 1800//1800 1801//1801 1712//1712
f 1628//1628 1629//1629 1337//1337
f 1353//1353 1738//1738 1739//1739
f 1629//1629 1630//1630 1336//1336
f 1629//1629 1336//1336 1337//1337
f 1630//1630 1631//1631 1335//1335
f 1350//1350 1742//1742 1349//1349
f 1350//1350 1741//1741 1742//1742
f 1350//1350 1740//1740 1741//1741
f 1349//1349 1742//1742 1348//1348
f 1348//1348 1743//1743 1347//1347
f 1348//1348 1742//1742 1743//1743
f 1353//1353 1739//1739 1352//1352
f 1801//1801 1802//1802 1711//1711
f 1801//1801 1711//1711 1712//1712
f 1802//1802 1803//1803 1710//1710
f 1802//1802 1710//1710 1711//1711
f 1803//1803 1804//1804 1709//1709
f 1803//1803 1709//1709 1710//1710
f 1804//1804 1708//1708 1709//1709
f 1804//1804 1805//1805 1708//1708
f 1355//1355 1736//1736 1737//1737
f 1354//1354 1737//1737 1353//1353
f 1342//1342 1749//1749 1750//1750
f 1713//1713 1714//1714 1806//1806
f 1713//1713 1806//1806 1807//1807
f 1714//1714 1805//1805 1806//1806
f 1714//1714 1708//1708 1805//1805
f 1358//1358 1758//1758 1365//1365
f 1633//1633 1639//1639 1842//1842
f 1633//1633 1842//1842 1732//1732
f 1639//1639 1640//1640 1841//1841
f 1639//1639 1841//1841 1842//1842
f 1363//1363 1756//1756 1362//1362
f 1353//1353 1737//1737 1738//1738
f 1352//1352 1739//1739 1351//1351
f 1351//1351 1740//1740 1350//1350
f 1351//1351 1739//1739 1740//1740
f 1358//1358 1750//1750 1758//1758
f 1365//1365 1757//1757 1364//1364
f 1365//1365 1758//1758 1757//1757
f 1364//1364 1756//1756 1363//1363
f 1364//1364 1757//1757 1756//1756
f 1333//1333 1733//1733 1341//1341
f 1362//1362 1754//1754 1361//1361
f 1362//1362 1756//1756 1755//1755
f 1346//1346 1746//1746 1345//1345
f 1346//1346 1745//1745 1746//1746
f 1346//1346 1744//1744 1745//1745
f 1360//1360 1753//1753 1359//1359
f 1359//1359 1753//1753 1752//1752
f 1359//1359 1752//1752 1366//1366
f 1366//1366 1752//1752 1751//1751
f 1497//1497 1624//1624 1599//1599
f 1591//1591 1592//1592 1481//1481
f 1592//1592 1593//1593 1481//1481
f 1593//1593 1594//1594 1589//1589
f 1593//1593 1589//1589 1481//1481
f 1452//1452 1485//1485 1451//1451
f 1452//1452 1484//1484 1485//1485
f 1451//1451 1486//1486 1450//1450
f 1451//1451 1485//1485 1486//1486
f 1450//1450 1487//1487 1449//1449
f 1450//1450 1486//1486 1487//1487
f 1590//1590 1591//1591 1481//1481
f 1512//1512 1611//1611 1511//1511
f 1498//1498 1499//1499 1623//1623
f 1498//1498 1623//1623 1624//1624
f 1499//1499 1500//1500 1622//1622
f 1499//1499 1622//1622 1623//1623
f 1500//1500 1501//1501 1621//1621
f 1500//1500 1621//1621 1622//1622
f 1501//1501 1620//1620 1621//1621
f 1775//1775 1776//1776 1718//1718
f 1304//1304 1853//1853 1861//1861
f 1445//1445 1493//1493 1444//1444
f 1608//1608 1458//1458 1459//1459
f 1609//1609 1610//1610 1457//1457
f 1609//1609 1457//1457 1458//1458
f 1610//1610 1456//1456 1457//1457
f 1610//1610 1603//1603 1456//1456
f 1433//1433 1593//1593 1592//1592
f 1433//1433 1592//1592 1591//1591
f 1304//1304 1861//1861 1305//1305
f 1501//1501 1502//1502 1620//1620
f 1305//1305 1860//1860 1306//1306
f 1305//1305 1861//1861 1860//1860
f 1306//1306 1859//1859 1307//1307
f 1306//1306 1860//1860 1859//1859
f 1446//1446 1491//1491 1492//1492
f 1449//1449 1488//1488 1448//1448
f 1441//1441 1601//1601 1600//1600
f 1441//1441 1600//1600 1599//1599
f 1495//1495 1496//1496 1602//1602
f 1722//1722 1723//1723 1780//1780
f 1612//1612 1613//1613 1506//1506
f 1512//1512 1464//1464 1611//1611
f 1630//1630 1335//1335 1336//1336
f 1631//1631 1632//1632 1334//1334
f 1631//1631 1334//1334 1335//1335
f 1632//1632 1333//1333 1334//1334
f 1632//1632 1633//1633 1333//1333
f 1719//1719 1720//1720 1783//1783
f 1719//1719 1783//1783 1784//1784
f 1720//1720 1721//1721 1782//1782
f 1506//1506 1617//1617 1612//1612
f 1722//1722 1780//1780 1781//1781
f 1723//1723 1715//1715 1779//1779
f 1723//1723 1779//1779 1780//1780
f 1715//1715 1778//1778 1779//1779
f 1785//1785 1800//1800 1699//1699
f 1785//1785 1845//1845 1846//1846
f 1775//1775 1718//1718 1843//1843
f 1343//1343 1747//1747 1748//1748
f 1341//1341 1733//1733 1731//1731
f 1777//1777 1716//1716 1717//1717
f 1613//1613 1603//1603 1505//1505
f 1603//1603 1618//1618 1504//1504
f 1603//1603 1504//1504 1505//1505
f 1618//1618 1619//1619 1503//1503
f 1618//1618 1503//1503 1504//1504
f 1619//1619 1502//1502 1503//1503
f 1776//1776 1777//1777 1717//1717
f 1776//1776 1717//1717 1718//1718
f 1777//1777 1778//1778 1716//1716
f 1640//1640 1840//1840 1841//1841
f 1778//1778 1715//1715 1716//1716
f 1847//1847 1848//1848 1784//1784
f 1848//1848 1849//1849 1784//1784
f 1849//1849 1719//1719 1784//1784
f 1509//1509 1616//1616 1508//1508
f 1509//1509 1615//1615 1616//1616
f 1508//1508 1617//1617 1507//1507
f 1508//1508 1616//1616 1617//1617
f 1507//1507 1617//1617 1506//1506
f 1480//1480 1512//1512 1513//1513
f 1332//1332 1872//1872 1625//1625
f 1821//1821 1820//1820 1874//1874
f 1869//1869 1870//1870 1819//1819
f 1277//1277 1683//1683 1684//1684
f 1278//1278 1279//1279 1682//1682
f 1278//1278 1682//1682 1683//1683
f 1279//1279 1676//1676 1682//1682
f 1646//1646 1647//1647 1817//1817
f 1480//1480 1514//1514 1479//1479
f 1480//1480 1513//1513 1514//1514
f 1275//1275 1685//1685 1686//1686
f 1479//1479 1515//1515 1478//1478
f 1479//1479 1514//1514 1515//1515
f 1478//1478 1516//1516 1477//1477
f 1478//1478 1515//1515 1516//1516
f 1477//1477 1517//1517 1476//1476
f 1810//1810 1811//1811 1644//1644
f 1810//1810 1644//1644 1856//1856
f 1811//1811 1812//1812 1643//1643
f 1475//1475 1519//1519 1474//1474
f 1812//1812 1642//1642 1643//1643
f 1648//1648 1815//1815 1816//1816
f 1649//1649 1641//1641 1814//1814
f 1649//1649 1814//1814 1815//1815
f 1641//1641 1813//1813 1814//1814
f 1325//1325 1826//1826 1326//1326
f 1325//1325 1827//1827 1826//1826
f 1326//1326 1825//1825 1327//1327
f 1811//1811 1643//1643 1644//1644
f 1812//1812 1813//1813 1642//1642
f 1475//1475 1518//1518 1519//1519
f 1813//1813 1641//1641 1642//1642
f 1328//1328 1824//1824 1823//1823
f 1272//1272 1273//1273 1688//1688
f 1272//1272 1688//1688 1677//1677
f 1273//1273 1274//1274 1687//1687
f 1273//1273 1687//1687 1688//1688
f 1274//1274 1275//1275 1686//1686
f 1274//1274 1686//1686 1687//1687
f 1275//1275 1276//1276 1685//1685
f 1469//1469 1524//1524 1525//1525
f 1374//1374 1768//1768 1373//1373
f 1374//1374 1767//1767 1768//1768
f 1473//1473 1520//1520 1521//1521
f 1473//1473 1519//1519 1520//1520
f 1472//1472 1522//1522 1471//1471
f 1472//1472 1521//1521 1522//1522
f 1471//1471 1523//1523 1470//1470
f 1477//1477 1516//1516 1517//1517
f 1476//1476 1518//1518 1475//1475
f 1476//1476 1517//1517 1518//1518
f 1375//1375 1766//1766 1767//1767
f 1469//1469 1523//1523 1524//1524
f 1468//1468 1525//1525 1467//1467
f 1467//1467 1526//1526 1466//1466
f 1467//1467 1525//1525 1526//1526
f 1366//1366 1759//1759 1382//1382
f 1382//1382 1759//1759 1381//1381
f 1381//1381 1761//1761 1380//1380
f 1381//1381 1760//1760 1761//1761
f 1381//1381 1759//1759 1760//1760
f 1371//1371 1771//1771 1370//1370
f 1474//1474 1519//1519 1473//1473
f 1473//1473 1521//1521 1472//1472
f 1271//1271 1272//1272 1677//1677
f 1466//1466 1527//1527 1465//1465
f 1466//1466 1526//1526 1527//1527
f 1465//1465 1527//1527 1528//1528
f 1373//1373 1769//1769 1372//1372
f 1373//1373 1768//1768 1769//1769
f 1372//1372 1769//1769 1371//1371
f 1648//1648 1649//1649 1815//1815
f 1371//1371 1770//1770 1771//1771
f 1276//1276 1277//1277 1684//1684
f 1276//1276 1684//1684 1685//1685
f 1277//1277 1278//1278 1683//1683
f 1369//1369 1771//1771 1772//1772
f 1368//1368 1774//1774 1367//1367
f 1368//1368 1773//1773 1774//1774
f 1368//1368 1772//1772 1773//1773
f 1464//1464 1512//1512 1480//1480
f 1317//1317 1650//1650 1651//1651
f 1707//1707 1713//1713 1807//1807
f 1707//1707 1807//1807 1808//1808
f 1314//1314 1315//1315 1653//1653
f 1314//1314 1653//1653 1654//1654
f 1315//1315 1316//1316 1652//1652
f 1315//1315 1652//1652 1653//1653
f 1733//1733 1633//1633 1732//1732
f 1316//1316 1651//1651 1652//1652
f 1317//1317 1309//1309 1650//1650
f 1850//1850 1707//1707 1808//1808
f 1309//1309 1644//1644 1650//1650
f 1310//1310 1645//1645 1871//1871
f 1310//1310 1871//1871 1870//1870
f 1310//1310 1870//1870 1869//1869
f 1310//1310 1869//1869 1318//1318
f 1820//1820 1872//1872 1873//1873
f 1820//1820 1625//1625 1872//1872
f 1380//1380 1762//1762 1379//1379
f 1319//1319 1834//1834 1833//1833
f 1837//1837 1838//1838 1636//1636
f 1640//1640 1634//1634 1840//1840
f 1820//1820 1835//1835 1625//1625
f 1820//1820 1873//1873 1874//1874
f 1362//1362 1755//1755 1754//1754
f 1361//1361 1753//1753 1360//1360
f 1361//1361 1754//1754 1753//1753
f 1835//1835 1638//1638 1625//1625
f 1836//1836 1837//1837 1637//1637
f 1836//1836 1637//1637 1638//1638
f 1835//1835 1836//1836 1638//1638
f 1800//1800 1712//1712 1699//1699
f 1838//1838 1839//1839 1635//1635
f 1838//1838 1635//1635 1636//1636
f 1839//1839 1634//1634 1635//1635
f 1839//1839 1840//1840 1634//1634
f 1310//1310 1311//1311 1645//1645
f 1311//1311 1312//1312 1656//1656
f 1311//1311 1656//1656 1645//1645
f 1312//1312 1313//1313 1655//1655
f 1318//1318 1869//1869 1834//1834
f 1328//1328 1823//1823 1329//1329
f 1316//1316 1317//1317 1651//1651
f 1329//1329 1822//1822 1330//1330
f 1329//1329 1823//1823 1822//1822
f 1330//1330 1821//1821 1331//1331
f 1330//1330 1822//1822 1821//1821
f 1331//1331 1874//1874 1332//1332
f 1331//1331 1821//1821 1874//1874
f 1332//1332 1874//1874 1873//1873
f 1332//1332 1873//1873 1872//1872
f 1327//1327 1825//1825 1824//1824
f 1318//1318 1834//1834 1319//1319
f 1869//1869 1819//1819 1834//1834
f 1870//1870 1871//1871 1819//1819
f 1871//1871 1645//1645 1819//1819
f 1645//1645 1646//1646 1818//1818
f 1645//1645 1818//1818 1819//1819
f 1321//1321 1831//1831 1322//1322
f 1646//1646 1817//1817 1818//1818
f 1647//1647 1648//1648 1816//1816
f 1647//1647 1816//1816 1817//1817
f 1324//1324 1828//1828 1827//1827
f 1320//1320 1833//1833 1832//1832
f 1320//1320 1832//1832 1321//1321
f 1837//1837 1636//1636 1637//1637
f 1321//1321 1832//1832 1831//1831
f 1322//1322 1830//1830 1323//1323
f 1322//1322 1831//1831 1830//1830
f 1323//1323 1829//1829 1324//1324
f 1323//1323 1830//1830 1829//1829
f 1324//1324 1827//1827 1325//1325
f 1324//1324 1829//1829 1828//1828
f 1319//1319 1833//1833 1320//1320
f 1312//1312 1655//1655 1656//1656
f 1313//1313 1314//1314 1654//1654
f 1313//1313 1654//1654 1655//1655
f 1326//1326 1826//1826 1825//1825
f 1327//1327 1824//1824 1328//1328
f 1878//1878 1880//1880 1879//1879
f 1877//1877 1880//1880 1878//1878
f 1877//1877 1876//1876 1880//1880
f 1875//1875 1876//1876 1877//1877
f 1894//1894 1882//1882 1881//1881
f 1883//1883 1882//1882 1894//1894
f 1893//1893 1883//1883 1894//1894
f 1884//1884 1883//1883 1893//1893
f 1892//1892 1884//1884 1893//1893
f 1896//1896 1887//1887 1890//1890
f 1888//1888 1887//1887 1896//1896
f 1889//1889 1888//1888 1895//1895
f 1885//1885 1884//1884 1892//1892
f 1891//1891 1885//1885 1892//1892
f 1886//1886 1885//1885 1891//1891
f 1890//1890 1886//1886 1891//1891
f 1887//1887 1886//1886 1890//1890
f 1895//1895 1888//1888 1896//1896
f 1912//1912 1911//1911 1902//1902
f 1901//1901 1912//1912 1902//1902
f 1905//1905 1908//1908 1897//1897
f 1906//1906 1900//1900 1899//1899
f 1907//1907 1906//1906 1898//1898
f 1898//1898 1906//1906 1899//1899
f 1909//1909 1908//1908 1905//1905
f 1908//1908 1907//1907 1897//1897
f 1897//1897 1907//1907 1898//1898
f 1902//1902 1911//1911 1903//1903
f 1910//1910 1909//1909 1904//1904
f 1903//1903 1910//1910 1904//1904
f 1911//1911 1910//1910 1903//1903
f 1904//1904 1909//1909 1905//1905
f 1923//1923 1917//1917 1924//1924
f 1918//1918 1917//1917 1923//1923
f 1917//1917 1916//1916 1924//1924
f 1922//1922 1918//1918 1923//1923
f 1915//1915 1914//1914 1926//1926
f 1926//1926 1914//1914 1913//1913
f 1916//1916 1915//1915 1925//1925
f 1925//1925 1915//1915 1926//1926
f 1924//1924 1916//1916 1925//1925
f 1920//1920 1919//1919 1928//1928
f 1927//1927 1920//1920 1928//1928
f 1921//1921 1920//1920 1927//1927
f 1928//1928 1919//1919 1922//1922
f 1919//1919 1918//1918 1922//1922
f 1937//1937 1940//1940 1929//1929
f 1941//1941 1940//1940 1937//1937
f 1936//1936 1941//1941 1937//1937
f 1943//1943 1942//1942 1935//1935
f 1935//1935 1942//1942 1936//1936
f 1942//1942 1941//1941 1936//1936
f 1938//1938 1932//1932 1931//1931
f 1930//1930 1938//1938 1931//1931
f 1939//1939 1938//1938 1930//1930
f 1929//1929 1939//1939 1930//1930
f 1940//1940 1939//1939 1929//1929
f 1934//1934 1943//1943 1935//1935
f 1933//1933 1944//1944 1934//1934
f 1944//1944 1943//1943 1934//1934
f 1952//1952 1951//1951 1956//1956
f 1956//1956 1951//1951 1957//1957
f 1951//1951 1950//1950 1957//1957
f 1957//1957 1950//1950 1958//1958
f 1950//1950 1949//1949 1958//1958
f 1954//1954 1953//1953 1955//1955
f 1953//1953 1952//1952 1955//1955
f 1955//1955 1952//1952 1956//1956
f 1946//1946 1953//1953 1954//1954
f 1958//1958 1949//1949 1959//1959
f 1949//1949 1948//1948 1959//1959
f 1948//1948 1947//1947 1960//1960
f 1960//1960 1947//1947 1945//1945
f 1959//1959 1948//1948 1960//1960
f 1973//1973 1972//1972 1965//1965
f 1972//1972 1971//1971 1966//1966
f 1962//1962 1975//1975 1963//1963
f 1976//1976 1975//1975 1962//1962
f 1961//1961 1976//1976 1962//1962
f 1965//1965 1972//1972 1966//1966
f 1974//1974 1973//1973 1964//1964
f 1963//1963 1974//1974 1964//1964
f 1975//1975 1974//1974 1963//1963
f 1964//1964 1973//1973 1965//1965
f 1970//1970 1969//1969 1968//1968
f 1966//1966 1971//1971 1967//1967
f 1967//1967 1970//1970 1968//1968
f 1971//1971 1970//1970 1967//1967
f 1984//1984 1991//1991 1985//1985
f 1990//1990 1989//1989 1979//1979
f 1978//1978 1990//1990 1979//1979
f 1977//1977 1990//1990 1978//1978
f 1989//1989 1988//1988 1980//1980
f 1980//1980 1988//1988 1981//1981
f 1988//1988 1987//1987 1981//1981
f 1979//1979 1989//1989 1980//1980
f 1981//1981 1987//1987 1982//1982
f 1986//1986 1992//1992 1983//1983
f 1982//1982 1986//1986 1983//1983
f 1987//1987 1986//1986 1982//1982
f 1983//1983 1992//1992 1984//1984
f 1992//1992 1991//1991 1984//1984
f 2006//2006 1999//1999 2007//2007
f 2000//2000 1999//1999 2006//2006
f 2004//2004 2001//2001 2005//2005
f 1993//1993 2001//2001 2004//2004
f 2005//2005 2000//2000 2006//2006
f 2001//2001 2000//2000 2005//2005
f 2002//2002 1994//1994 2003//2003
f 1995//1995 1994//1994 2002//2002
f 1996//1996 1995//1995 2002//2002
f 2007//2007 1998//1998 2008//2008
f 1999//1999 1998//1998 2007//2007
f 1998//1998 1997//1997 2008//2008
f 2003//2003 1993//1993 2004//2004
f 1994//1994 1993//1993 2003//2003
f 2124//2124 2123//2123 2122//2122
f 2133//2133 2127//2127 2126//2126
f 2133//2133 2126//2126 2125//2125
f 2133//2133 2125//2125 2124//2124
f 2133//2133 2131//2131 2127//2127
f 2131//2131 2130//2130 2129//2129
f 2131//2131 2129//2129 2127//2127
f 2129//2129 2128//2128 2127//2127
f 2133//2133 2132//2132 2131//2131
f 2150//2150 2149//2149 2134//2134
f 2144//2144 2145//2145 2122//2122
f 2145//2145 2146//2146 2122//2122
f 2146//2146 2147//2147 2124//2124
f 2146//2146 2124//2124 2122//2122
f 2147//2147 2148//2148 2124//2124
f 2148//2148 2133//2133 2124//2124
f 2152//2152 2151//2151 2134//2134
f 2153//2153 2152//2152 2134//2134
f 2154//2154 2153//2153 2134//2134
f 2155//2155 2154//2154 2134//2134
f 2087//2087 2068//2068 2069//2069
f 2087//2087 2067//2067 2068//2068
f 2104//2104 2033//2033 2105//2105
f 2151//2151 2150//2150 2134//2134
f 2033//2033 2034//2034 2105//2105
f 2121//2121 2142//2142 2122//2122
f 2104//2104 2029//2029 2030//2030
f 2104//2104 2030//2030 2031//2031
f 2104//2104 2031//2031 2032//2032
f 2104//2104 2032//2032 2033//2033
f 2035//2035 2027//2027 2105//2105
f 2034//2034 2035//2035 2105//2105
f 2095//2095 2094//2094 2044//2044
f 2096//2096 2043//2043 2097//2097
f 2096//2096 2095//2095 2043//2043
f 2094//2094 2093//2093 2044//2044
f 2098//2098 2042//2042 2099//2099
f 2097//2097 2043//2043 2042//2042
f 2097//2097 2042//2042 2098//2098
f 2142//2142 2143//2143 2122//2122
f 2143//2143 2144//2144 2122//2122
f 2092//2092 2091//2091 2045//2045
f 2100//2100 2041//2041 2101//2101
f 2091//2091 2090//2090 2046//2046
f 2093//2093 2045//2045 2044//2044
f 2099//2099 2041//2041 2100//2100
f 2099//2099 2042//2042 2041//2041
f 2093//2093 2092//2092 2045//2045
f 2088//2088 2070//2070 2071//2071
f 2088//2088 2071//2071 2072//2072
f 2088//2088 2072//2072 2073//2073
f 2087//2087 2069//2069 2088//2088
f 2088//2088 2073//2073 2074//2074
f 2095//2095 2044//2044 2043//2043
f 2101//2101 2041//2041 2040//2040
f 2090//2090 2089//2089 2046//2046
f 2102//2102 2040//2040 2103//2103
f 2089//2089 2088//2088 2047//2047
f 2089//2089 2047//2047 2046//2046
f 2103//2103 2040//2040 2039//2039
f 2103//2103 2039//2039 2104//2104
f 2088//2088 2076//2076 2052//2052
f 2088//2088 2075//2075 2076//2076
f 2088//2088 2074//2074 2075//2075
f 2062//2062 2084//2084 2083//2083
f 2062//2062 2085//2085 2084//2084
f 2063//2063 2085//2085 2062//2062
f 2064//2064 2085//2085 2063//2063
f 2065//2065 2085//2085 2064//2064
f 2065//2065 2087//2087 2085//2085
f 2066//2066 2087//2087 2065//2065
f 2067//2067 2087//2087 2066//2066
f 2057//2057 2059//2059 2058//2058
f 2057//2057 2060//2060 2059//2059
f 2101//2101 2040//2040 2102//2102
f 2091//2091 2046//2046 2045//2045
f 2055//2055 2060//2060 2057//2057
f 2054//2054 2061//2061 2055//2055
f 2053//2053 2061//2061 2054//2054
f 2052//2052 2076//2076 2061//2061
f 2052//2052 2061//2061 2053//2053
f 2104//2104 2028//2028 2029//2029
f 2104//2104 2036//2036 2028//2028
f 2104//2104 2037//2037 2036//2036
f 2104//2104 2038//2038 2037//2037
f 2104//2104 2039//2039 2038//2038
f 2088//2088 2048//2048 2047//2047
f 2088//2088 2049//2049 2048//2048
f 2088//2088 2050//2050 2049//2049
f 2088//2088 2051//2051 2050//2050
f 2088//2088 2052//2052 2051//2051
f 2088//2088 2069//2069 2070//2070
f 2062//2062 2078//2078 2077//2077
f 2062//2062 2079//2079 2078//2078
f 2062//2062 2082//2082 2081//2081
f 2062//2062 2083//2083 2082//2082
f 2107//2107 2021//2021 2108//2108
f 2106//2106 2021//2021 2107//2107
f 2106//2106 2022//2022 2021//2021
f 2105//2105 2023//2023 2022//2022
f 2105//2105 2024//2024 2023//2023
f 2105//2105 2025//2025 2024//2024
f 2105//2105 2026//2026 2025//2025
f 2105//2105 2022//2022 2106//2106
f 2027//2027 2026//2026 2105//2105
f 2085//2085 2087//2087 2086//2086
f 2055//2055 2057//2057 2056//2056
f 2055//2055 2061//2061 2060//2060
f 2110//2110 2019//2019 2111//2111
f 2109//2109 2020//2020 2110//2110
f 2108//2108 2021//2021 2020//2020
f 2108//2108 2020//2020 2109//2109
f 2014//2014 2121//2121 2120//2120
f 2015//2015 2014//2014 2120//2120
f 2079//2079 2081//2081 2080//2080
f 2062//2062 2081//2081 2079//2079
f 2015//2015 2119//2119 2118//2118
f 2015//2015 2120//2120 2119//2119
f 2019//2019 2018//2018 2112//2112
f 2112//2112 2018//2018 2113//2113
f 2018//2018 2114//2114 2113//2113
f 2018//2018 2017//2017 2114//2114
f 2017//2017 2116//2116 2115//2115
f 2017//2017 2115//2115 2114//2114
f 2017//2017 2016//2016 2116//2116
f 2016//2016 2118//2118 2117//2117
f 2016//2016 2117//2117 2116//2116
f 2016//2016 2015//2015 2118//2118
f 2121//2121 2136//2136 2137//2137
f 2121//2121 2137//2137 2138//2138
f 2121//2121 2138//2138 2139//2139
f 2121//2121 2139//2139 2140//2140
f 2121//2121 2140//2140 2141//2141
f 2121//2121 2141//2141 2142//2142
f 2121//2121 2010//2010 2135//2135
f 2009//2009 2010//2010 2121//2121
f 2011//2011 2009//2009 2121//2121
f 2012//2012 2011//2011 2121//2121
f 2111//2111 2019//2019 2112//2112
f 2110//2110 2020//2020 2019//2019
f 2156//2156 2155//2155 2134//2134
f 2010//2010 2156//2156 2134//2134
f 2010//2010 2134//2134 2135//2135
f 2121//2121 2135//2135 2136//2136
f 2013//2013 2012//2012 2121//2121
f 2014//2014 2013//2013 2121//2121
f 2161//2161 2162//2162 2159//2159
f 2159//2159 2162//2162 2158//2158
f 2161//2161 2159//2159 2160//2160
f 2159//2159 2158//2158 2157//2157
f 2166//2166 2164//2164 2163//2163
f 2166//2166 2163//2163 2165//2165
f 2170//2170 2172//2172 2169//2169
f 2168//2168 2167//2167 2172//2172
f 2172//2172 2171//2171 2169//2169
f 2172//2172 2167//2167 2171//2171
f 2176//2176 2209//2209 2208//2208
f 2176//2176 2210//2210 2209//2209
f 2176//2176 2211//2211 2210//2210
f 2176//2176 2212//2212 2211//2211
f 2176//2176 2213//2213 2212//2212
f 2177//2177 2200//2200 2180//2180
f 2177//2177 2201//2201 2200//2200
f 2177//2177 2202//2202 2201//2201
f 2177//2177 2203//2203 2202//2202
f 2177//2177 2204//2204 2203//2203
f 2177//2177 2205//2205 2204//2204
f 2177//2177 2206//2206 2205//2205
f 2177//2177 2207//2207 2206//2206
f 2177//2177 2180//2180 2178//2178
f 2176//2176 2207//2207 2177//2177
f 2176//2176 2208//2208 2207//2207
f 2175//2175 2189//2189 2188//2188
f 2175//2175 2190//2190 2189//2189
f 2175//2175 2191//2191 2190//2190
f 2175//2175 2174//2174 2191//2191
f 2185//2185 2175//2175 2186//2186
f 2191//2191 2174//2174 2192//2192
f 2175//2175 2187//2187 2186//2186
f 2175//2175 2188//2188 2187//2187
f 2183//2183 2175//2175 2184//2184
f 2184//2184 2175//2175 2185//2185
f 2180//2180 2181//2181 2178//2178
f 2196//2196 2174//2174 2197//2197
f 2176//2176 2175//2175 2183//2183
f 2176//2176 2199//2199 2214//2214
f 2176//2176 2214//2214 2213//2213
f 2176//2176 2183//2183 2199//2199
f 2182//2182 2173//2173 2179//2179
f 2194//2194 2174//2174 2195//2195
f 2195//2195 2174//2174 2196//2196
f 2193//2193 2174//2174 2194//2194
f 2192//2192 2174//2174 2193//2193
f 2174//2174 2198//2198 2197//2197
f 2174//2174 2182//2182 2198//2198
f 2174//2174 2173//2173 2182//2182
f 2266//2266 2220//2220 2221//2221
f 2266//2266 2267//2267 2220//2220
f 2265//2265 2221//2221 2222//2222
f 2259//2259 2260//2260 2227//2227
f 2255//2255 2231//2231 2232//2232
f 2255//2255 2256//2256 2231//2231
f 2216//2216 2251//2251 2215//2215
f 2216//2216 2254//2254 2251//2251
f 2282//2282 2237//2237 2238//2238
f 2283//2283 2284//2284 2236//2236
f 2283//2283 2236//2236 2237//2237
f 2265//2265 2266//2266 2221//2221
f 2264//2264 2222//2222 2223//2223
f 2264//2264 2265//2265 2222//2222
f 2263//2263 2223//2223 2224//2224
f 2263//2263 2264//2264 2223//2223
f 2262//2262 2224//2224 2225//2225
f 2262//2262 2263//2263 2224//2224
f 2261//2261 2225//2225 2226//2226
f 2259//2259 2228//2228 2229//2229
f 2261//2261 2262//2262 2225//2225
f 2259//2259 2227//2227 2228//2228
f 2260//2260 2261//2261 2226//2226
f 2260//2260 2226//2226 2227//2227
f 2269//2269 2270//2270 2217//2217
f 2268//2268 2218//2218 2219//2219
f 2268//2268 2269//2269 2218//2218
f 2267//2267 2219//2219 2220//2220
f 2267//2267 2268//2268 2219//2219
f 2281//2281 2238//2238 2239//2239
f 2281//2281 2282//2282 2238//2238
f 2280//2280 2239//2239 2240//2240
f 2280//2280 2281//2281 2239//2239
f 2252//2252 2248//2248 2249//2249
f 2252//2252 2272//2272 2248//2248
f 2284//2284 2285//2285 2235//2235
f 2282//2282 2283//2283 2237//2237
f 2286//2286 2233//2233 2234//2234
f 2285//2285 2234//2234 2235//2235
f 2284//2284 2235//2235 2236//2236
f 2276//2276 2243//2243 2244//2244
f 2277//2277 2278//2278 2242//2242
f 2277//2277 2242//2242 2243//2243
f 2278//2278 2279//2279 2241//2241
f 2278//2278 2241//2241 2242//2242
f 2279//2279 2280//2280 2240//2240
f 2279//2279 2240//2240 2241//2241
f 2285//2285 2286//2286 2234//2234
f 2250//2250 2253//2253 2252//2252
f 2250//2250 2252//2252 2249//2249
f 2286//2286 2271//2271 2233//2233
f 2274//2274 2275//2275 2246//2246
f 2275//2275 2276//2276 2244//2244
f 2275//2275 2245//2245 2246//2246
f 2275//2275 2244//2244 2245//2245
f 2276//2276 2277//2277 2243//2243
f 2273//2273 2274//2274 2246//2246
f 2272//2272 2247//2247 2248//2248
f 2273//2273 2246//2246 2247//2247
f 2233//2233 2255//2255 2232//2232
f 2258//2258 2259//2259 2229//2229
f 2257//2257 2229//2229 2230//2230
f 2257//2257 2258//2258 2229//2229
f 2256//2256 2230//2230 2231//2231
f 2256//2256 2257//2257 2230//2230
f 2269//2269 2217//2217 2218//2218
f 2270//2270 2254//2254 2216//2216
f 2233//2233 2271//2271 2255//2255
f 2272//2272 2273//2273 2247//2247
f 2270//2270 2216//2216 2217//2217
f 2291//2291 2288//2288 2287//2287
f 2291//2291 2292//2292 2288//2288
f 2290//2290 2292//2292 2291//2291
f 2290//2290 2291//2291 2289//2289
f 2293//2293 2300//2300 2294//2294
f 2293//2293 2299//2299 2300//2300
f 2300//2300 2301//2301 2294//2294
f 2293//2293 2298//2298 2299//2299
f 2301//2301 2302//2302 2294//2294
f 2293//2293 2295//2295 2298//2298
f 2296//2296 2297//2297 2294//2294
f 2302//2302 2296//2296 2294//2294
f 2307//2307 2305//2305 2306//2306
f 2305//2305 2303//2303 2308//2308
f 2305//2305 2308//2308 2306//2306
f 2304//2304 2303//2303 2305//2305
f 2312//2312 2315//2315 2311//2311
f 2316//2316 2317//2317 2313//2313
f 2315//2315 2310//2310 2309//2309
f 2312//2312 2310//2310 2315//2315
f 2315//2315 2309//2309 2316//2316
f 2314//2314 2316//2316 2313//2313
f 2316//2316 2309//2309 2317//2317

