# https://github.com/mikedh/trimesh
v 34.0000 -3.9250 -15.5000
v 34.0000 -3.9226 -15.5490
v 34.0000 -3.9154 -15.5975
v 34.0000 -3.9035 -15.6451
v 34.0000 -3.8869 -15.6913
v 34.0000 -3.8660 -15.7357
v 34.0000 -3.8407 -15.7778
v 34.0000 -3.8115 -15.8172
v 34.0000 -3.7786 -15.8536
v 34.0000 -3.7422 -15.8865
v 34.0000 -3.7028 -15.9157
v 34.0000 -3.6607 -15.9410
v 34.0000 -3.6163 -15.9619
v 34.0000 -3.5701 -15.9785
v 34.0000 -3.5225 -15.9904
v 34.0000 -3.4740 -15.9976
v 34.0000 -3.4250 -16.0000
v 128.9347 -3.4250 -16.0000
v 128.9347 -3.4740 -15.9976
v 128.9347 -3.5225 -15.9904
v 128.9347 -3.5701 -15.9785
v 128.9347 -3.6163 -15.9619
v 128.9347 -3.6607 -15.9410
v 128.9347 -3.7028 -15.9157
v 128.9347 -3.7422 -15.8865
v 128.9347 -3.7786 -15.8536
v 128.9347 -3.8115 -15.8172
v 128.9347 -3.8407 -15.7778
v 128.9347 -3.8660 -15.7357
v 128.9347 -3.8869 -15.6913
v 128.9347 -3.9035 -15.6451
v 128.9347 -3.9154 -15.5975
v 128.9347 -3.9226 -15.5490
v 128.9347 -3.9250 -15.5000
v 128.9347 -3.9250 -14.4250
v 34.0000 -3.9250 -14.4250
v 128.9347 -0.0000 -16.0000
v 128.9347 -15.1250 -11.0000
v 128.9347 -15.1250 -11.9250
v 128.9347 -13.1250 -13.9250
v 128.9347 -13.3210 -13.9154
v 128.9347 -13.5152 -13.8866
v 128.9347 -13.7056 -13.8389
v 128.9347 -13.8904 -13.7728
v 128.9347 -14.0678 -13.6888
v 128.9347 -14.2361 -13.5879
v 128.9347 -14.3938 -13.4710
v 128.9347 -14.5392 -13.3392
v 128.9347 -14.6710 -13.1938
v 128.9347 -14.7879 -13.0361
v 128.9347 -14.8888 -12.8678
v 128.9347 -14.9728 -12.6904
v 128.9347 -15.0389 -12.5056
v 128.9347 -15.0866 -12.3152
v 128.9347 -15.1154 -12.1210
v 128.9347 -4.4250 -13.9250
v 128.9347 -3.9274 -14.3760
v 128.9347 -3.9346 -14.3275
v 128.9347 -3.9465 -14.2799
v 128.9347 -3.9631 -14.2337
v 128.9347 -3.9840 -14.1893
v 128.9347 -4.0093 -14.1472
v 128.9347 -4.0385 -14.1078
v 128.9347 -4.0714 -14.0714
v 128.9347 -4.1078 -14.0385
v 128.9347 -4.1472 -14.0093
v 128.9347 -4.1893 -13.9840
v 128.9347 -4.2337 -13.9631
v 128.9347 -4.2799 -13.9465
v 128.9347 -4.3275 -13.9346
v 128.9347 -4.3760 -13.9274
v 34.0000 -4.4250 -13.9250
v 34.0000 -4.3760 -13.9274
v 34.0000 -4.3275 -13.9346
v 34.0000 -4.2799 -13.9465
v 34.0000 -4.2337 -13.9631
v 34.0000 -4.1893 -13.9840
v 34.0000 -4.1472 -14.0093
v 34.0000 -4.1078 -14.0385
v 34.0000 -4.0714 -14.0714
v 34.0000 -4.0385 -14.1078
v 34.0000 -4.0093 -14.1472
v 34.0000 -3.9840 -14.1893
v 34.0000 -3.9631 -14.2337
v 34.0000 -3.9465 -14.2799
v 34.0000 -3.9346 -14.3275
v 34.0000 -3.9274 -14.3760
v 34.0000 -13.1250 -13.9250
v 34.0000 -15.1250 -11.9250
v 34.0000 -15.1154 -12.1210
v 34.0000 -15.0866 -12.3152
v 34.0000 -15.0389 -12.5056
v 34.0000 -14.9728 -12.6904
v 34.0000 -14.8888 -12.8678
v 34.0000 -14.7879 -13.0361
v 34.0000 -14.6710 -13.1938
v 34.0000 -14.5392 -13.3392
v 34.0000 -14.3938 -13.4710
v 34.0000 -14.2361 -13.5879
v 34.0000 -14.0678 -13.6888
v 34.0000 -13.8904 -13.7728
v 34.0000 -13.7056 -13.8389
v 34.0000 -13.5152 -13.8866
v 34.0000 -13.3210 -13.9154
v 34.0000 -15.1250 -11.0000
v 34.0000 -0.0000 -16.0000
v 128.9347 -3.4250 -16.0000
v 128.9347 -3.4740 -15.9976
v 128.9347 -3.5225 -15.9904
v 128.9347 -3.5701 -15.9785
v 128.9347 -3.6163 -15.9619
v 128.9347 -3.6607 -15.9410
v 128.9347 -3.7028 -15.9157
v 128.9347 -3.7422 -15.8865
v 128.9347 -3.7786 -15.8536
v 128.9347 -3.8115 -15.8172
v 128.9347 -3.8407 -15.7778
v 128.9347 -3.8660 -15.7357
v 128.9347 -3.8869 -15.6913
v 128.9347 -3.9035 -15.6451
v 128.9347 -3.9154 -15.5975
v 128.9347 -3.9226 -15.5490
v 128.9347 -3.9250 -15.5000
v 128.9347 -3.9250 -14.4250
v 128.9347 -0.0000 -16.0000
v 128.9347 -0.0000 16.0000
v 128.9347 -3.4250 16.0000
v 128.9347 -3.9250 15.5000
v 128.9347 -3.9226 15.5490
v 128.9347 -3.9154 15.5975
v 128.9347 -3.9035 15.6451
v 128.9347 -3.8869 15.6913
v 128.9347 -3.8660 15.7357
v 128.9347 -3.8407 15.7778
v 128.9347 -3.8115 15.8172
v 128.9347 -3.7786 15.8536
v 128.9347 -3.7422 15.8865
v 128.9347 -3.7028 15.9157
v 128.9347 -3.6607 15.9410
v 128.9347 -3.6163 15.9619
v 128.9347 -3.5701 15.9785
v 128.9347 -3.5225 15.9904
v 128.9347 -3.4740 15.9976
v 128.9347 -3.9250 14.4250
v 128.9347 -4.4250 13.9250
v 128.9347 -4.3760 13.9274
v 128.9347 -4.3275 13.9346
v 128.9347 -4.2799 13.9465
v 128.9347 -4.2337 13.9631
v 128.9347 -4.1893 13.9840
v 128.9347 -4.1472 14.0093
v 128.9347 -4.1078 14.0385
v 128.9347 -4.0714 14.0714
v 128.9347 -4.0385 14.1078
v 128.9347 -4.0093 14.1472
v 128.9347 -3.9840 14.1893
v 128.9347 -3.9631 14.2337
v 128.9347 -3.9465 14.2799
v 128.9347 -3.9346 14.3275
v 128.9347 -3.9274 14.3760
v 128.9347 -13.0000 13.9250
v 128.9347 -15.0000 11.9250
v 128.9347 -14.9904 12.1210
v 128.9347 -14.9616 12.3152
v 128.9347 -14.9139 12.5056
v 128.9347 -14.8478 12.6904
v 128.9347 -14.7638 12.8678
v 128.9347 -14.6629 13.0361
v 128.9347 -14.5460 13.1938
v 128.9347 -14.4142 13.3392
v 128.9347 -14.2688 13.4710
v 128.9347 -14.1111 13.5879
v 128.9347 -13.9428 13.6888
v 128.9347 -13.7654 13.7728
v 128.9347 -13.5806 13.8389
v 128.9347 -13.3902 13.8866
v 128.9347 -13.1960 13.9154
v 128.9347 -15.0000 9.5000
v 128.9347 -12.0000 9.5000
v 128.9347 -7.9250 9.5000
v 128.9347 -7.9250 6.6296
v 128.9347 -6.9007 6.2053
v 128.9347 -6.9444 6.1658
v 128.9347 -6.9917 6.1307
v 128.9347 -7.0422 6.1004
v 128.9347 -7.0954 6.0753
v 128.9347 -7.1508 6.0554
v 128.9347 -7.2079 6.0411
v 128.9347 -7.2662 6.0325
v 128.9347 -7.3250 6.0296
v 128.9347 -7.3838 6.0325
v 128.9347 -7.4421 6.0411
v 128.9347 -7.4992 6.0554
v 128.9347 -7.5546 6.0753
v 128.9347 -7.6078 6.1004
v 128.9347 -7.6583 6.1307
v 128.9347 -7.7056 6.1658
v 128.9347 -7.7493 6.2053
v 128.9347 -7.7888 6.2490
v 128.9347 -7.8239 6.2963
v 128.9347 -7.8542 6.3468
v 128.9347 -7.8793 6.4000
v 128.9347 -7.8992 6.4554
v 128.9347 -7.9135 6.5125
v 128.9347 -7.9221 6.5708
v 128.9347 -4.9493 8.1568
v 128.9347 -3.9250 7.7325
v 128.9347 -3.9279 7.7913
v 128.9347 -3.9365 7.8496
v 128.9347 -3.9508 7.9067
v 128.9347 -3.9707 7.9621
v 128.9347 -3.9958 8.0154
v 128.9347 -4.0261 8.0659
v 128.9347 -4.0612 8.1132
v 128.9347 -4.1007 8.1568
v 128.9347 -4.1444 8.1963
v 128.9347 -4.1917 8.2314
v 128.9347 -4.2422 8.2617
v 128.9347 -4.2954 8.2869
v 128.9347 -4.3508 8.3067
v 128.9347 -4.4079 8.3210
v 128.9347 -4.4662 8.3296
v 128.9347 -4.5250 8.3325
v 128.9347 -4.5838 8.3296
v 128.9347 -4.6421 8.3210
v 128.9347 -4.6992 8.3067
v 128.9347 -4.7546 8.2869
v 128.9347 -4.8078 8.2617
v 128.9347 -4.8583 8.2314
v 128.9347 -4.9056 8.1963
v 128.9347 -3.9250 -7.7325
v 128.9347 -4.9493 -8.1568
v 128.9347 -4.9056 -8.1963
v 128.9347 -4.8583 -8.2314
v 128.9347 -4.8078 -8.2617
v 128.9347 -4.7546 -8.2869
v 128.9347 -4.6992 -8.3067
v 128.9347 -4.6421 -8.3210
v 128.9347 -4.5838 -8.3296
v 128.9347 -4.5250 -8.3325
v 128.9347 -4.4662 -8.3296
v 128.9347 -4.4079 -8.3210
v 128.9347 -4.3508 -8.3067
v 128.9347 -4.2954 -8.2869
v 128.9347 -4.2422 -8.2617
v 128.9347 -4.1917 -8.2314
v 128.9347 -4.1444 -8.1963
v 128.9347 -4.1007 -8.1568
v 128.9347 -4.0612 -8.1132
v 128.9347 -4.0261 -8.0659
v 128.9347 -3.9958 -8.0154
v 128.9347 -3.9707 -7.9621
v 128.9347 -3.9508 -7.9067
v 128.9347 -3.9365 -7.8496
v 128.9347 -3.9279 -7.7913
v 128.9347 -6.9007 -6.2053
v 128.9347 -7.9250 -6.6296
v 128.9347 -7.9221 -6.5708
v 128.9347 -7.9135 -6.5125
v 128.9347 -7.8992 -6.4554
v 128.9347 -7.8793 -6.4000
v 128.9347 -7.8542 -6.3468
v 128.9347 -7.8239 -6.2963
v 128.9347 -7.7888 -6.2490
v 128.9347 -7.7493 -6.2053
v 128.9347 -7.7056 -6.1658
v 128.9347 -7.6583 -6.1307
v 128.9347 -7.6078 -6.1004
v 128.9347 -7.5546 -6.0753
v 128.9347 -7.4992 -6.0554
v 128.9347 -7.4421 -6.0411
v 128.9347 -7.3838 -6.0325
v 128.9347 -7.3250 -6.0296
v 128.9347 -7.2662 -6.0325
v 128.9347 -7.2079 -6.0411
v 128.9347 -7.1508 -6.0554
v 128.9347 -7.0954 -6.0753
v 128.9347 -7.0422 -6.1004
v 128.9347 -6.9917 -6.1307
v 128.9347 -6.9444 -6.1658
v 128.9347 -7.9250 -11.0000
v 128.9347 -15.1250 -11.0000
v 128.9347 -15.1250 -11.9250
v 128.9347 -13.1250 -13.9250
v 128.9347 -13.3210 -13.9154
v 128.9347 -13.5152 -13.8866
v 128.9347 -13.7056 -13.8389
v 128.9347 -13.8904 -13.7728
v 128.9347 -14.0678 -13.6888
v 128.9347 -14.2361 -13.5879
v 128.9347 -14.3938 -13.4710
v 128.9347 -14.5392 -13.3392
v 128.9347 -14.6710 -13.1938
v 128.9347 -14.7879 -13.0361
v 128.9347 -14.8888 -12.8678
v 128.9347 -14.9728 -12.6904
v 128.9347 -15.0389 -12.5056
v 128.9347 -15.0866 -12.3152
v 128.9347 -15.1154 -12.1210
v 128.9347 -4.4250 -13.9250
v 128.9347 -3.9274 -14.3760
v 128.9347 -3.9346 -14.3275
v 128.9347 -3.9465 -14.2799
v 128.9347 -3.9631 -14.2337
v 128.9347 -3.9840 -14.1893
v 128.9347 -4.0093 -14.1472
v 128.9347 -4.0385 -14.1078
v 128.9347 -4.0714 -14.0714
v 128.9347 -4.1078 -14.0385
v 128.9347 -4.1472 -14.0093
v 128.9347 -4.1893 -13.9840
v 128.9347 -4.2337 -13.9631
v 128.9347 -4.2799 -13.9465
v 128.9347 -4.3275 -13.9346
v 128.9347 -4.3760 -13.9274
v 128.9347 -0.0000 16.0000
v 128.9347 -3.4250 16.0000
v 128.9347 -3.9250 15.5000
v 128.9347 -3.9226 15.5490
v 128.9347 -3.9154 15.5975
v 128.9347 -3.9035 15.6451
v 128.9347 -3.8869 15.6913
v 128.9347 -3.8660 15.7357
v 128.9347 -3.8407 15.7778
v 128.9347 -3.8115 15.8172
v 128.9347 -3.7786 15.8536
v 128.9347 -3.7422 15.8865
v 128.9347 -3.7028 15.9157
v 128.9347 -3.6607 15.9410
v 128.9347 -3.6163 15.9619
v 128.9347 -3.5701 15.9785
v 128.9347 -3.5225 15.9904
v 128.9347 -3.4740 15.9976
v 128.9347 -3.9250 14.4250
v 128.9347 -4.4250 13.9250
v 128.9347 -4.3760 13.9274
v 128.9347 -4.3275 13.9346
v 128.9347 -4.2799 13.9465
v 128.9347 -4.2337 13.9631
v 128.9347 -4.1893 13.9840
v 128.9347 -4.1472 14.0093
v 128.9347 -4.1078 14.0385
v 128.9347 -4.0714 14.0714
v 128.9347 -4.0385 14.1078
v 128.9347 -4.0093 14.1472
v 128.9347 -3.9840 14.1893
v 128.9347 -3.9631 14.2337
v 128.9347 -3.9465 14.2799
v 128.9347 -3.9346 14.3275
v 128.9347 -3.9274 14.3760
v 128.9347 -13.0000 13.9250
v 128.9347 -15.0000 11.9250
v 128.9347 -14.9904 12.1210
v 128.9347 -14.9616 12.3152
v 128.9347 -14.9139 12.5056
v 128.9347 -14.8478 12.6904
v 128.9347 -14.7638 12.8678
v 128.9347 -14.6629 13.0361
v 128.9347 -14.5460 13.1938
v 128.9347 -14.4142 13.3392
v 128.9347 -14.2688 13.4710
v 128.9347 -14.1111 13.5879
v 128.9347 -13.9428 13.6888
v 128.9347 -13.7654 13.7728
v 128.9347 -13.5806 13.8389
v 128.9347 -13.3902 13.8866
v 128.9347 -13.1960 13.9154
v 128.9347 -15.0000 9.5000
v 34.0000 -3.4250 16.0000
v 34.0000 -3.4740 15.9976
v 34.0000 -3.5225 15.9904
v 34.0000 -3.5701 15.9785
v 34.0000 -3.6163 15.9619
v 34.0000 -3.6607 15.9410
v 34.0000 -3.7028 15.9157
v 34.0000 -3.7422 15.8865
v 34.0000 -3.7786 15.8536
v 34.0000 -3.8115 15.8172
v 34.0000 -3.8407 15.7778
v 34.0000 -3.8660 15.7357
v 34.0000 -3.8869 15.6913
v 34.0000 -3.9035 15.6451
v 34.0000 -3.9154 15.5975
v 34.0000 -3.9226 15.5490
v 34.0000 -3.9250 15.5000
v 34.0000 -3.9250 14.4250
v 34.0000 -4.4250 13.9250
v 34.0000 -3.9274 14.3760
v 34.0000 -3.9346 14.3275
v 34.0000 -3.9465 14.2799
v 34.0000 -3.9631 14.2337
v 34.0000 -3.9840 14.1893
v 34.0000 -4.0093 14.1472
v 34.0000 -4.0385 14.1078
v 34.0000 -4.0714 14.0714
v 34.0000 -4.1078 14.0385
v 34.0000 -4.1472 14.0093
v 34.0000 -4.1893 13.9840
v 34.0000 -4.2337 13.9631
v 34.0000 -4.2799 13.9465
v 34.0000 -4.3275 13.9346
v 34.0000 -4.3760 13.9274
v 34.0000 -13.0000 13.9250
v 34.0000 -13.1960 13.9154
v 34.0000 -13.3902 13.8866
v 34.0000 -13.5806 13.8389
v 34.0000 -13.7654 13.7728
v 34.0000 -13.9428 13.6888
v 34.0000 -14.1111 13.5879
v 34.0000 -14.2688 13.4710
v 34.0000 -14.4142 13.3392
v 34.0000 -14.5460 13.1938
v 34.0000 -14.6629 13.0361
v 34.0000 -14.7638 12.8678
v 34.0000 -14.8478 12.6904
v 34.0000 -14.9139 12.5056
v 34.0000 -14.9616 12.3152
v 34.0000 -14.9904 12.1210
v 34.0000 -15.0000 11.9250
v 34.0000 -15.0000 9.5000
v 127.8428 -15.0000 9.5000
v 36.7366 -15.0000 9.5000
v 35.6874 -15.0000 7.2500
v 35.0492 -15.0000 7.2500
v 43.0198 -15.0000 9.5000
v 41.9706 -15.0000 7.2500
v 41.3324 -15.0000 7.2500
v 40.2832 -15.0000 9.5000
v 49.3029 -15.0000 9.5000
v 48.2537 -15.0000 7.2500
v 47.6156 -15.0000 7.2500
v 46.5664 -15.0000 9.5000
v 55.5861 -15.0000 9.5000
v 54.5369 -15.0000 7.2500
v 53.8987 -15.0000 7.2500
v 52.8496 -15.0000 9.5000
v 61.8693 -15.0000 9.5000
v 60.8201 -15.0000 7.2500
v 60.1819 -15.0000 7.2500
v 59.1327 -15.0000 9.5000
v 68.1525 -15.0000 9.5000
v 67.1033 -15.0000 7.2500
v 66.4651 -15.0000 7.2500
v 65.4159 -15.0000 9.5000
v 74.4357 -15.0000 9.5000
v 73.3865 -15.0000 7.2500
v 72.7483 -15.0000 7.2500
v 71.6991 -15.0000 9.5000
v 80.7189 -15.0000 9.5000
v 79.6697 -15.0000 7.2500
v 79.0315 -15.0000 7.2500
v 77.9823 -15.0000 9.5000
v 87.0020 -15.0000 9.5000
v 85.9529 -15.0000 7.2500
v 85.3147 -15.0000 7.2500
v 84.2655 -15.0000 9.5000
v 93.2852 -15.0000 9.5000
v 92.2360 -15.0000 7.2500
v 91.5979 -15.0000 7.2500
v 90.5487 -15.0000 9.5000
v 99.5684 -15.0000 9.5000
v 98.5192 -15.0000 7.2500
v 97.8810 -15.0000 7.2500
v 96.8319 -15.0000 9.5000
v 105.8516 -15.0000 9.5000
v 104.8024 -15.0000 7.2500
v 104.1642 -15.0000 7.2500
v 103.1150 -15.0000 9.5000
v 112.1348 -15.0000 9.5000
v 111.0856 -15.0000 7.2500
v 110.4474 -15.0000 7.2500
v 109.3982 -15.0000 9.5000
v 118.4180 -15.0000 9.5000
v 117.3688 -15.0000 7.2500
v 116.7306 -15.0000 7.2500
v 115.6814 -15.0000 9.5000
v 124.7012 -15.0000 9.5000
v 123.6520 -15.0000 7.2500
v 123.0138 -15.0000 7.2500
v 121.9646 -15.0000 9.5000
v 126.7936 -15.0000 7.2500
v 126.1554 -15.0000 7.2500
v 125.1062 -15.0000 9.5000
v 121.5596 -15.0000 9.5000
v 120.5104 -15.0000 7.2500
v 119.8722 -15.0000 7.2500
v 118.8230 -15.0000 9.5000
v 115.2764 -15.0000 9.5000
v 114.2272 -15.0000 7.2500
v 113.5890 -15.0000 7.2500
v 112.5398 -15.0000 9.5000
v 108.9932 -15.0000 9.5000
v 107.9440 -15.0000 7.2500
v 107.3058 -15.0000 7.2500
v 106.2566 -15.0000 9.5000
v 102.7100 -15.0000 9.5000
v 101.6608 -15.0000 7.2500
v 101.0226 -15.0000 7.2500
v 99.9734 -15.0000 9.5000
v 96.4268 -15.0000 9.5000
v 95.3776 -15.0000 7.2500
v 94.7395 -15.0000 7.2500
v 93.6903 -15.0000 9.5000
v 90.1436 -15.0000 9.5000
v 89.0944 -15.0000 7.2500
v 88.4563 -15.0000 7.2500
v 87.4071 -15.0000 9.5000
v 83.8605 -15.0000 9.5000
v 82.8113 -15.0000 7.2500
v 82.1731 -15.0000 7.2500
v 81.1239 -15.0000 9.5000
v 77.5773 -15.0000 9.5000
v 76.5281 -15.0000 7.2500
v 75.8899 -15.0000 7.2500
v 74.8407 -15.0000 9.5000
v 71.2941 -15.0000 9.5000
v 70.2449 -15.0000 7.2500
v 69.6067 -15.0000 7.2500
v 68.5575 -15.0000 9.5000
v 65.0109 -15.0000 9.5000
v 63.9617 -15.0000 7.2500
v 63.3235 -15.0000 7.2500
v 62.2743 -15.0000 9.5000
v 58.7277 -15.0000 9.5000
v 57.6785 -15.0000 7.2500
v 57.0403 -15.0000 7.2500
v 55.9911 -15.0000 9.5000
v 52.4445 -15.0000 9.5000
v 51.3953 -15.0000 7.2500
v 50.7572 -15.0000 7.2500
v 49.7080 -15.0000 9.5000
v 46.1613 -15.0000 9.5000
v 45.1122 -15.0000 7.2500
v 44.4740 -15.0000 7.2500
v 43.4248 -15.0000 9.5000
v 39.8782 -15.0000 9.5000
v 38.8290 -15.0000 7.2500
v 38.1908 -15.0000 7.2500
v 37.1416 -15.0000 9.5000
v 34.0000 -0.0000 16.0000
v 128.9347 -3.9250 -7.7325
v 128.9347 -4.9493 -8.1568
v 128.9347 -4.9056 -8.1963
v 128.9347 -4.8583 -8.2314
v 128.9347 -4.8078 -8.2617
v 128.9347 -4.7546 -8.2869
v 128.9347 -4.6992 -8.3067
v 128.9347 -4.6421 -8.3210
v 128.9347 -4.5838 -8.3296
v 128.9347 -4.5250 -8.3325
v 128.9347 -4.4662 -8.3296
v 128.9347 -4.4079 -8.3210
v 128.9347 -4.3508 -8.3067
v 128.9347 -4.2954 -8.2869
v 128.9347 -4.2422 -8.2617
v 128.9347 -4.1917 -8.2314
v 128.9347 -4.1444 -8.1963
v 128.9347 -4.1007 -8.1568
v 128.9347 -4.0612 -8.1132
v 128.9347 -4.0261 -8.0659
v 128.9347 -3.9958 -8.0154
v 128.9347 -3.9707 -7.9621
v 128.9347 -3.9508 -7.9067
v 128.9347 -3.9365 -7.8496
v 128.9347 -3.9279 -7.7913
v 128.9347 -6.9007 -6.2053
v 128.9347 -7.9250 -6.6296
v 128.9347 -7.9221 -6.5708
v 128.9347 -7.9135 -6.5125
v 128.9347 -7.8992 -6.4554
v 128.9347 -7.8793 -6.4000
v 128.9347 -7.8542 -6.3468
v 128.9347 -7.8239 -6.2963
v 128.9347 -7.7888 -6.2490
v 128.9347 -7.7493 -6.2053
v 128.9347 -7.7056 -6.1658
v 128.9347 -7.6583 -6.1307
v 128.9347 -7.6078 -6.1004
v 128.9347 -7.5546 -6.0753
v 128.9347 -7.4992 -6.0554
v 128.9347 -7.4421 -6.0411
v 128.9347 -7.3838 -6.0325
v 128.9347 -7.3250 -6.0296
v 128.9347 -7.2662 -6.0325
v 128.9347 -7.2079 -6.0411
v 128.9347 -7.1508 -6.0554
v 128.9347 -7.0954 -6.0753
v 128.9347 -7.0422 -6.1004
v 128.9347 -6.9917 -6.1307
v 128.9347 -6.9444 -6.1658
v 128.9347 -7.9250 -11.0000
v 34.0000 -4.9493 -8.1568
v 34.0000 -3.9250 -7.7325
v 34.0000 -3.9279 -7.7913
v 34.0000 -3.9365 -7.8496
v 34.0000 -3.9508 -7.9067
v 34.0000 -3.9707 -7.9621
v 34.0000 -3.9958 -8.0154
v 34.0000 -4.0261 -8.0659
v 34.0000 -4.0612 -8.1132
v 34.0000 -4.1007 -8.1568
v 34.0000 -4.1444 -8.1963
v 34.0000 -4.1917 -8.2314
v 34.0000 -4.2422 -8.2617
v 34.0000 -4.2954 -8.2869
v 34.0000 -4.3508 -8.3067
v 34.0000 -4.4079 -8.3210
v 34.0000 -4.4662 -8.3296
v 34.0000 -4.5250 -8.3325
v 34.0000 -4.5838 -8.3296
v 34.0000 -4.6421 -8.3210
v 34.0000 -4.6992 -8.3067
v 34.0000 -4.7546 -8.2869
v 34.0000 -4.8078 -8.2617
v 34.0000 -4.8583 -8.2314
v 34.0000 -4.9056 -8.1963
v 34.0000 -6.9007 -6.2053
v 34.0000 -6.9444 -6.1658
v 34.0000 -6.9917 -6.1307
v 34.0000 -7.0422 -6.1004
v 34.0000 -7.0954 -6.0753
v 34.0000 -7.1508 -6.0554
v 34.0000 -7.2079 -6.0411
v 34.0000 -7.2662 -6.0325
v 34.0000 -7.3250 -6.0296
v 34.0000 -7.3838 -6.0325
v 34.0000 -7.4421 -6.0411
v 34.0000 -7.4992 -6.0554
v 34.0000 -7.5546 -6.0753
v 34.0000 -7.6078 -6.1004
v 34.0000 -7.6583 -6.1307
v 34.0000 -7.7056 -6.1658
v 34.0000 -7.7493 -6.2053
v 34.0000 -7.7888 -6.2490
v 34.0000 -7.8239 -6.2963
v 34.0000 -7.8542 -6.3468
v 34.0000 -7.8793 -6.4000
v 34.0000 -7.8992 -6.4554
v 34.0000 -7.9135 -6.5125
v 34.0000 -7.9221 -6.5708
v 34.0000 -7.9250 -6.6296
v 34.0000 -7.9250 -11.0000
v 128.9347 -7.9250 9.5000
v 128.9347 -7.9250 6.6296
v 128.9347 -6.9007 6.2053
v 128.9347 -6.9444 6.1658
v 128.9347 -6.9917 6.1307
v 128.9347 -7.0422 6.1004
v 128.9347 -7.0954 6.0753
v 128.9347 -7.1508 6.0554
v 128.9347 -7.2079 6.0411
v 128.9347 -7.2662 6.0325
v 128.9347 -7.3250 6.0296
v 128.9347 -7.3838 6.0325
v 128.9347 -7.4421 6.0411
v 128.9347 -7.4992 6.0554
v 128.9347 -7.5546 6.0753
v 128.9347 -7.6078 6.1004
v 128.9347 -7.6583 6.1307
v 128.9347 -7.7056 6.1658
v 128.9347 -7.7493 6.2053
v 128.9347 -7.7888 6.2490
v 128.9347 -7.8239 6.2963
v 128.9347 -7.8542 6.3468
v 128.9347 -7.8793 6.4000
v 128.9347 -7.8992 6.4554
v 128.9347 -7.9135 6.5125
v 128.9347 -7.9221 6.5708
v 128.9347 -4.9493 8.1568
v 128.9347 -3.9250 7.7325
v 128.9347 -3.9279 7.7913
v 128.9347 -3.9365 7.8496
v 128.9347 -3.9508 7.9067
v 128.9347 -3.9707 7.9621
v 128.9347 -3.9958 8.0154
v 128.9347 -4.0261 8.0659
v 128.9347 -4.0612 8.1132
v 128.9347 -4.1007 8.1568
v 128.9347 -4.1444 8.1963
v 128.9347 -4.1917 8.2314
v 128.9347 -4.2422 8.2617
v 128.9347 -4.2954 8.2869
v 128.9347 -4.3508 8.3067
v 128.9347 -4.4079 8.3210
v 128.9347 -4.4662 8.3296
v 128.9347 -4.5250 8.3325
v 128.9347 -4.5838 8.3296
v 128.9347 -4.6421 8.3210
v 128.9347 -4.6992 8.3067
v 128.9347 -4.7546 8.2869
v 128.9347 -4.8078 8.2617
v 128.9347 -4.8583 8.2314
v 128.9347 -4.9056 8.1963
v 34.0000 -3.9250 7.7325
v 34.0000 -4.9493 8.1568
v 34.0000 -4.9056 8.1963
v 34.0000 -4.8583 8.2314
v 34.0000 -4.8078 8.2617
v 34.0000 -4.7546 8.2869
v 34.0000 -4.6992 8.3067
v 34.0000 -4.6421 8.3210
v 34.0000 -4.5838 8.3296
v 34.0000 -4.5250 8.3325
v 34.0000 -4.4662 8.3296
v 34.0000 -4.4079 8.3210
v 34.0000 -4.3508 8.3067
v 34.0000 -4.2954 8.2869
v 34.0000 -4.2422 8.2617
v 34.0000 -4.1917 8.2314
v 34.0000 -4.1444 8.1963
v 34.0000 -4.1007 8.1568
v 34.0000 -4.0612 8.1132
v 34.0000 -4.0261 8.0659
v 34.0000 -3.9958 8.0154
v 34.0000 -3.9707 7.9621
v 34.0000 -3.9508 7.9067
v 34.0000 -3.9365 7.8496
v 34.0000 -3.9279 7.7913
v 34.0000 -6.9007 6.2053
v 34.0000 -7.9250 6.6296
v 34.0000 -7.9221 6.5708
v 34.0000 -7.9135 6.5125
v 34.0000 -7.8992 6.4554
v 34.0000 -7.8793 6.4000
v 34.0000 -7.8542 6.3468
v 34.0000 -7.8239 6.2963
v 34.0000 -7.7888 6.2490
v 34.0000 -7.7493 6.2053
v 34.0000 -7.7056 6.1658
v 34.0000 -7.6583 6.1307
v 34.0000 -7.6078 6.1004
v 34.0000 -7.5546 6.0753
v 34.0000 -7.4992 6.0554
v 34.0000 -7.4421 6.0411
v 34.0000 -7.3838 6.0325
v 34.0000 -7.3250 6.0296
v 34.0000 -7.2662 6.0325
v 34.0000 -7.2079 6.0411
v 34.0000 -7.1508 6.0554
v 34.0000 -7.0954 6.0753
v 34.0000 -7.0422 6.1004
v 34.0000 -6.9917 6.1307
v 34.0000 -6.9444 6.1658
v 34.0000 -7.9250 9.5000
v 125.1062 -9.0000 9.5000
v 126.1554 -9.0000 7.2500
v 126.7936 -9.0000 7.2500
v 127.8428 -9.0000 9.5000
v 34.0000 -9.0000 9.5000
v 35.0492 -9.0000 7.2500
v 35.6874 -9.0000 7.2500
v 36.7366 -9.0000 9.5000
v 121.9646 -9.0000 9.5000
v 123.0138 -9.0000 7.2500
v 123.6520 -9.0000 7.2500
v 124.7012 -9.0000 9.5000
v 37.1416 -9.0000 9.5000
v 38.1908 -9.0000 7.2500
v 38.8290 -9.0000 7.2500
v 39.8782 -9.0000 9.5000
v 118.8230 -9.0000 9.5000
v 119.8722 -9.0000 7.2500
v 120.5104 -9.0000 7.2500
v 121.5596 -9.0000 9.5000
v 40.2832 -9.0000 9.5000
v 41.3324 -9.0000 7.2500
v 41.9706 -9.0000 7.2500
v 43.0198 -9.0000 9.5000
v 115.6814 -9.0000 9.5000
v 116.7306 -9.0000 7.2500
v 117.3688 -9.0000 7.2500
v 118.4180 -9.0000 9.5000
v 43.4248 -9.0000 9.5000
v 44.4740 -9.0000 7.2500
v 45.1122 -9.0000 7.2500
v 46.1613 -9.0000 9.5000
v 112.5398 -9.0000 9.5000
v 113.5890 -9.0000 7.2500
v 114.2272 -9.0000 7.2500
v 115.2764 -9.0000 9.5000
v 46.5664 -9.0000 9.5000
v 47.6156 -9.0000 7.2500
v 48.2537 -9.0000 7.2500
v 49.3029 -9.0000 9.5000
v 109.3982 -9.0000 9.5000
v 110.4474 -9.0000 7.2500
v 111.0856 -9.0000 7.2500
v 112.1348 -9.0000 9.5000
v 49.7080 -9.0000 9.5000
v 50.7572 -9.0000 7.2500
v 51.3953 -9.0000 7.2500
v 52.4445 -9.0000 9.5000
v 106.2566 -9.0000 9.5000
v 107.3058 -9.0000 7.2500
v 107.9440 -9.0000 7.2500
v 108.9932 -9.0000 9.5000
v 52.8496 -9.0000 9.5000
v 53.8987 -9.0000 7.2500
v 54.5369 -9.0000 7.2500
v 55.5861 -9.0000 9.5000
v 103.1150 -9.0000 9.5000
v 104.1642 -9.0000 7.2500
v 104.8024 -9.0000 7.2500
v 105.8516 -9.0000 9.5000
v 55.9911 -9.0000 9.5000
v 57.0403 -9.0000 7.2500
v 57.6785 -9.0000 7.2500
v 58.7277 -9.0000 9.5000
v 99.9734 -9.0000 9.5000
v 101.0226 -9.0000 7.2500
v 101.6608 -9.0000 7.2500
v 102.7100 -9.0000 9.5000
v 59.1327 -9.0000 9.5000
v 60.1819 -9.0000 7.2500
v 60.8201 -9.0000 7.2500
v 61.8693 -9.0000 9.5000
v 96.8319 -9.0000 9.5000
v 97.8810 -9.0000 7.2500
v 98.5192 -9.0000 7.2500
v 99.5684 -9.0000 9.5000
v 62.2743 -9.0000 9.5000
v 63.3235 -9.0000 7.2500
v 63.9617 -9.0000 7.2500
v 65.0109 -9.0000 9.5000
v 93.6903 -9.0000 9.5000
v 94.7395 -9.0000 7.2500
v 95.3776 -9.0000 7.2500
v 96.4268 -9.0000 9.5000
v 65.4159 -9.0000 9.5000
v 66.4651 -9.0000 7.2500
v 67.1033 -9.0000 7.2500
v 68.1525 -9.0000 9.5000
v 90.5487 -9.0000 9.5000
v 91.5979 -9.0000 7.2500
v 92.2360 -9.0000 7.2500
v 93.2852 -9.0000 9.5000
v 68.5575 -9.0000 9.5000
v 69.6067 -9.0000 7.2500
v 70.2449 -9.0000 7.2500
v 71.2941 -9.0000 9.5000
v 87.4071 -9.0000 9.5000
v 88.4563 -9.0000 7.2500
v 89.0944 -9.0000 7.2500
v 90.1436 -9.0000 9.5000
v 71.6991 -9.0000 9.5000
v 72.7483 -9.0000 7.2500
v 73.3865 -9.0000 7.2500
v 74.4357 -9.0000 9.5000
v 84.2655 -9.0000 9.5000
v 85.3147 -9.0000 7.2500
v 85.9529 -9.0000 7.2500
v 87.0020 -9.0000 9.5000
v 74.8407 -9.0000 9.5000
v 75.8899 -9.0000 7.2500
v 76.5281 -9.0000 7.2500
v 77.5773 -9.0000 9.5000
v 81.1239 -9.0000 9.5000
v 82.1731 -9.0000 7.2500
v 82.8113 -9.0000 7.2500
v 83.8605 -9.0000 9.5000
v 77.9823 -9.0000 9.5000
v 79.0315 -9.0000 7.2500
v 79.6697 -9.0000 7.2500
v 80.7189 -9.0000 9.5000
v 35.6874 -9.0000 7.2500
v 36.7366 -9.0000 9.5000
v 37.8285 -12.0000 9.5000
v 36.7793 -12.0000 7.2500
v 34.0000 -9.0000 9.5000
v 35.0492 -9.0000 7.2500
v 36.1411 -12.0000 7.2500
v 35.0919 -12.0000 9.5000
v 41.9706 -9.0000 7.2500
v 43.0198 -9.0000 9.5000
v 44.1117 -12.0000 9.5000
v 43.0625 -12.0000 7.2500
v 40.2832 -9.0000 9.5000
v 41.3324 -9.0000 7.2500
v 42.4243 -12.0000 7.2500
v 41.3751 -12.0000 9.5000
v 48.2537 -9.0000 7.2500
v 49.3029 -9.0000 9.5000
v 50.3948 -12.0000 9.5000
v 49.3457 -12.0000 7.2500
v 46.5664 -9.0000 9.5000
v 47.6156 -9.0000 7.2500
v 48.7075 -12.0000 7.2500
v 47.6583 -12.0000 9.5000
v 54.5369 -9.0000 7.2500
v 55.5861 -9.0000 9.5000
v 56.6780 -12.0000 9.5000
v 55.6288 -12.0000 7.2500
v 52.8496 -9.0000 9.5000
v 53.8987 -9.0000 7.2500
v 54.9907 -12.0000 7.2500
v 53.9415 -12.0000 9.5000
v 60.8201 -9.0000 7.2500
v 61.8693 -9.0000 9.5000
v 62.9612 -12.0000 9.5000
v 61.9120 -12.0000 7.2500
v 59.1327 -9.0000 9.5000
v 60.1819 -9.0000 7.2500
v 61.2738 -12.0000 7.2500
v 60.2247 -12.0000 9.5000
v 67.1033 -9.0000 7.2500
v 68.1525 -9.0000 9.5000
v 69.2444 -12.0000 9.5000
v 68.1952 -12.0000 7.2500
v 65.4159 -9.0000 9.5000
v 66.4651 -9.0000 7.2500
v 67.5570 -12.0000 7.2500
v 66.5078 -12.0000 9.5000
v 73.3865 -9.0000 7.2500
v 74.4357 -9.0000 9.5000
v 75.5276 -12.0000 9.5000
v 74.4784 -12.0000 7.2500
v 71.6991 -9.0000 9.5000
v 72.7483 -9.0000 7.2500
v 73.8402 -12.0000 7.2500
v 72.7910 -12.0000 9.5000
v 79.6697 -9.0000 7.2500
v 80.7189 -9.0000 9.5000
v 81.8108 -12.0000 9.5000
v 80.7616 -12.0000 7.2500
v 77.9823 -9.0000 9.5000
v 79.0315 -9.0000 7.2500
v 80.1234 -12.0000 7.2500
v 79.0742 -12.0000 9.5000
v 85.9529 -9.0000 7.2500
v 87.0020 -9.0000 9.5000
v 88.0940 -12.0000 9.5000
v 87.0448 -12.0000 7.2500
v 84.2655 -9.0000 9.5000
v 85.3147 -9.0000 7.2500
v 86.4066 -12.0000 7.2500
v 85.3574 -12.0000 9.5000
v 92.2360 -9.0000 7.2500
v 93.2852 -9.0000 9.5000
v 94.3771 -12.0000 9.5000
v 93.3280 -12.0000 7.2500
v 90.5487 -9.0000 9.5000
v 91.5979 -9.0000 7.2500
v 92.6898 -12.0000 7.2500
v 91.6406 -12.0000 9.5000
v 98.5192 -9.0000 7.2500
v 99.5684 -9.0000 9.5000
v 100.6603 -12.0000 9.5000
v 99.6111 -12.0000 7.2500
v 96.8319 -9.0000 9.5000
v 97.8810 -9.0000 7.2500
v 98.9730 -12.0000 7.2500
v 97.9238 -12.0000 9.5000
v 104.8024 -9.0000 7.2500
v 105.8516 -9.0000 9.5000
v 106.9435 -12.0000 9.5000
v 105.8943 -12.0000 7.2500
v 103.1150 -9.0000 9.5000
v 104.1642 -9.0000 7.2500
v 105.2561 -12.0000 7.2500
v 104.2069 -12.0000 9.5000
v 111.0856 -9.0000 7.2500
v 112.1348 -9.0000 9.5000
v 113.2267 -12.0000 9.5000
v 112.1775 -12.0000 7.2500
v 109.3982 -9.0000 9.5000
v 110.4474 -9.0000 7.2500
v 111.5393 -12.0000 7.2500
v 110.4901 -12.0000 9.5000
v 117.3688 -9.0000 7.2500
v 118.4180 -9.0000 9.5000
v 119.5099 -12.0000 9.5000
v 118.4607 -12.0000 7.2500
v 115.6814 -9.0000 9.5000
v 116.7306 -9.0000 7.2500
v 117.8225 -12.0000 7.2500
v 116.7733 -12.0000 9.5000
v 123.6520 -9.0000 7.2500
v 124.7012 -9.0000 9.5000
v 125.7931 -12.0000 9.5000
v 124.7439 -12.0000 7.2500
v 121.9646 -9.0000 9.5000
v 123.0138 -9.0000 7.2500
v 124.1057 -12.0000 7.2500
v 123.0565 -12.0000 9.5000
v 128.9347 -12.0000 9.5000
v 126.7936 -9.0000 7.2500
v 127.8428 -9.0000 9.5000
v 127.8855 -12.0000 7.2500
v 125.1062 -9.0000 9.5000
v 126.1554 -9.0000 7.2500
v 127.2473 -12.0000 7.2500
v 126.1981 -12.0000 9.5000
v 120.5104 -9.0000 7.2500
v 121.5596 -9.0000 9.5000
v 122.6515 -12.0000 9.5000
v 121.6023 -12.0000 7.2500
v 118.8230 -9.0000 9.5000
v 119.8722 -9.0000 7.2500
v 120.9641 -12.0000 7.2500
v 119.9149 -12.0000 9.5000
v 114.2272 -9.0000 7.2500
v 115.2764 -9.0000 9.5000
v 116.3683 -12.0000 9.5000
v 115.3191 -12.0000 7.2500
v 112.5398 -9.0000 9.5000
v 113.5890 -9.0000 7.2500
v 114.6809 -12.0000 7.2500
v 113.6317 -12.0000 9.5000
v 107.9440 -9.0000 7.2500
v 108.9932 -9.0000 9.5000
v 110.0851 -12.0000 9.5000
v 109.0359 -12.0000 7.2500
v 106.2566 -9.0000 9.5000
v 107.3058 -9.0000 7.2500
v 108.3977 -12.0000 7.2500
v 107.3485 -12.0000 9.5000
v 101.6608 -9.0000 7.2500
v 102.7100 -9.0000 9.5000
v 103.8019 -12.0000 9.5000
v 102.7527 -12.0000 7.2500
v 99.9734 -9.0000 9.5000
v 101.0226 -9.0000 7.2500
v 102.1145 -12.0000 7.2500
v 101.0654 -12.0000 9.5000
v 95.3776 -9.0000 7.2500
v 96.4268 -9.0000 9.5000
v 97.5187 -12.0000 9.5000
v 96.4695 -12.0000 7.2500
v 93.6903 -9.0000 9.5000
v 94.7395 -9.0000 7.2500
v 95.8314 -12.0000 7.2500
v 94.7822 -12.0000 9.5000
v 89.0944 -9.0000 7.2500
v 90.1436 -9.0000 9.5000
v 91.2356 -12.0000 9.5000
v 90.1864 -12.0000 7.2500
v 87.4071 -9.0000 9.5000
v 88.4563 -9.0000 7.2500
v 89.5482 -12.0000 7.2500
v 88.4990 -12.0000 9.5000
v 82.8113 -9.0000 7.2500
v 83.8605 -9.0000 9.5000
v 84.9524 -12.0000 9.5000
v 83.9032 -12.0000 7.2500
v 81.1239 -9.0000 9.5000
v 82.1731 -9.0000 7.2500
v 83.2650 -12.0000 7.2500
v 82.2158 -12.0000 9.5000
v 76.5281 -9.0000 7.2500
v 77.5773 -9.0000 9.5000
v 78.6692 -12.0000 9.5000
v 77.6200 -12.0000 7.2500
v 74.8407 -9.0000 9.5000
v 75.8899 -9.0000 7.2500
v 76.9818 -12.0000 7.2500
v 75.9326 -12.0000 9.5000
v 70.2449 -9.0000 7.2500
v 71.2941 -9.0000 9.5000
v 72.3860 -12.0000 9.5000
v 71.3368 -12.0000 7.2500
v 68.5575 -9.0000 9.5000
v 69.6067 -9.0000 7.2500
v 70.6986 -12.0000 7.2500
v 69.6494 -12.0000 9.5000
v 63.9617 -9.0000 7.2500
v 65.0109 -9.0000 9.5000
v 66.1028 -12.0000 9.5000
v 65.0536 -12.0000 7.2500
v 62.2743 -9.0000 9.5000
v 63.3235 -9.0000 7.2500
v 64.4154 -12.0000 7.2500
v 63.3662 -12.0000 9.5000
v 57.6785 -9.0000 7.2500
v 58.7277 -9.0000 9.5000
v 59.8196 -12.0000 9.5000
v 58.7704 -12.0000 7.2500
v 55.9911 -9.0000 9.5000
v 57.0403 -9.0000 7.2500
v 58.1323 -12.0000 7.2500
v 57.0831 -12.0000 9.5000
v 51.3953 -9.0000 7.2500
v 52.4445 -9.0000 9.5000
v 53.5364 -12.0000 9.5000
v 52.4872 -12.0000 7.2500
v 49.7080 -9.0000 9.5000
v 50.7572 -9.0000 7.2500
v 51.8491 -12.0000 7.2500
v 50.7999 -12.0000 9.5000
v 45.1122 -9.0000 7.2500
v 46.1613 -9.0000 9.5000
v 47.2533 -12.0000 9.5000
v 46.2041 -12.0000 7.2500
v 43.4248 -9.0000 9.5000
v 44.4740 -9.0000 7.2500
v 45.5659 -12.0000 7.2500
v 44.5167 -12.0000 9.5000
v 38.8290 -9.0000 7.2500
v 39.8782 -9.0000 9.5000
v 40.9701 -12.0000 9.5000
v 39.9209 -12.0000 7.2500
v 37.1416 -9.0000 9.5000
v 38.1908 -9.0000 7.2500
v 39.2827 -12.0000 7.2500
v 38.2335 -12.0000 9.5000
v 37.8285 -12.0000 9.5000
v 36.7793 -12.0000 7.2500
v 36.7366 -15.0000 9.5000
v 35.6874 -15.0000 7.2500
v 35.0492 -9.0000 7.2500
v 35.6874 -9.0000 7.2500
v 36.7793 -12.0000 7.2500
v 36.1411 -12.0000 7.2500
v 35.6874 -15.0000 7.2500
v 35.0492 -15.0000 7.2500
v 36.1411 -12.0000 7.2500
v 35.0919 -12.0000 9.5000
v 34.0000 -15.0000 9.5000
v 35.0492 -15.0000 7.2500
v 44.1117 -12.0000 9.5000
v 43.0625 -12.0000 7.2500
v 43.0198 -15.0000 9.5000
v 41.9706 -15.0000 7.2500
v 41.3324 -9.0000 7.2500
v 41.9706 -9.0000 7.2500
v 43.0625 -12.0000 7.2500
v 42.4243 -12.0000 7.2500
v 41.9706 -15.0000 7.2500
v 41.3324 -15.0000 7.2500
v 42.4243 -12.0000 7.2500
v 41.3751 -12.0000 9.5000
v 41.3324 -15.0000 7.2500
v 40.2832 -15.0000 9.5000
v 50.3948 -12.0000 9.5000
v 49.3457 -12.0000 7.2500
v 49.3029 -15.0000 9.5000
v 48.2537 -15.0000 7.2500
v 47.6156 -9.0000 7.2500
v 48.2537 -9.0000 7.2500
v 49.3457 -12.0000 7.2500
v 48.7075 -12.0000 7.2500
v 48.2537 -15.0000 7.2500
v 47.6156 -15.0000 7.2500
v 48.7075 -12.0000 7.2500
v 47.6583 -12.0000 9.5000
v 47.6156 -15.0000 7.2500
v 46.5664 -15.0000 9.5000
v 56.6780 -12.0000 9.5000
v 55.6288 -12.0000 7.2500
v 55.5861 -15.0000 9.5000
v 54.5369 -15.0000 7.2500
v 53.8987 -9.0000 7.2500
v 54.5369 -9.0000 7.2500
v 55.6288 -12.0000 7.2500
v 54.9907 -12.0000 7.2500
v 54.5369 -15.0000 7.2500
v 53.8987 -15.0000 7.2500
v 54.9907 -12.0000 7.2500
v 53.9415 -12.0000 9.5000
v 53.8987 -15.0000 7.2500
v 52.8496 -15.0000 9.5000
v 62.9612 -12.0000 9.5000
v 61.9120 -12.0000 7.2500
v 61.8693 -15.0000 9.5000
v 60.8201 -15.0000 7.2500
v 60.1819 -9.0000 7.2500
v 60.8201 -9.0000 7.2500
v 61.9120 -12.0000 7.2500
v 61.2738 -12.0000 7.2500
v 60.8201 -15.0000 7.2500
v 60.1819 -15.0000 7.2500
v 61.2738 -12.0000 7.2500
v 60.2247 -12.0000 9.5000
v 60.1819 -15.0000 7.2500
v 59.1327 -15.0000 9.5000
v 69.2444 -12.0000 9.5000
v 68.1952 -12.0000 7.2500
v 68.1525 -15.0000 9.5000
v 67.1033 -15.0000 7.2500
v 66.4651 -9.0000 7.2500
v 67.1033 -9.0000 7.2500
v 68.1952 -12.0000 7.2500
v 67.5570 -12.0000 7.2500
v 67.1033 -15.0000 7.2500
v 66.4651 -15.0000 7.2500
v 67.5570 -12.0000 7.2500
v 66.5078 -12.0000 9.5000
v 66.4651 -15.0000 7.2500
v 65.4159 -15.0000 9.5000
v 75.5276 -12.0000 9.5000
v 74.4784 -12.0000 7.2500
v 74.4357 -15.0000 9.5000
v 73.3865 -15.0000 7.2500
v 72.7483 -9.0000 7.2500
v 73.3865 -9.0000 7.2500
v 74.4784 -12.0000 7.2500
v 73.8402 -12.0000 7.2500
v 73.3865 -15.0000 7.2500
v 72.7483 -15.0000 7.2500
v 73.8402 -12.0000 7.2500
v 72.7910 -12.0000 9.5000
v 72.7483 -15.0000 7.2500
v 71.6991 -15.0000 9.5000
v 81.8108 -12.0000 9.5000
v 80.7616 -12.0000 7.2500
v 80.7189 -15.0000 9.5000
v 79.6697 -15.0000 7.2500
v 79.0315 -9.0000 7.2500
v 79.6697 -9.0000 7.2500
v 80.7616 -12.0000 7.2500
v 80.1234 -12.0000 7.2500
v 79.6697 -15.0000 7.2500
v 79.0315 -15.0000 7.2500
v 80.1234 -12.0000 7.2500
v 79.0742 -12.0000 9.5000
v 79.0315 -15.0000 7.2500
v 77.9823 -15.0000 9.5000
v 88.0940 -12.0000 9.5000
v 87.0448 -12.0000 7.2500
v 87.0020 -15.0000 9.5000
v 85.9529 -15.0000 7.2500
v 85.3147 -9.0000 7.2500
v 85.9529 -9.0000 7.2500
v 87.0448 -12.0000 7.2500
v 86.4066 -12.0000 7.2500
v 85.9529 -15.0000 7.2500
v 85.3147 -15.0000 7.2500
v 86.4066 -12.0000 7.2500
v 85.3574 -12.0000 9.5000
v 85.3147 -15.0000 7.2500
v 84.2655 -15.0000 9.5000
v 94.3771 -12.0000 9.5000
v 93.3280 -12.0000 7.2500
v 93.2852 -15.0000 9.5000
v 92.2360 -15.0000 7.2500
v 91.5979 -9.0000 7.2500
v 92.2360 -9.0000 7.2500
v 93.3280 -12.0000 7.2500
v 92.6898 -12.0000 7.2500
v 92.2360 -15.0000 7.2500
v 91.5979 -15.0000 7.2500
v 92.6898 -12.0000 7.2500
v 91.6406 -12.0000 9.5000
v 91.5979 -15.0000 7.2500
v 90.5487 -15.0000 9.5000
v 100.6603 -12.0000 9.5000
v 99.6111 -12.0000 7.2500
v 99.5684 -15.0000 9.5000
v 98.5192 -15.0000 7.2500
v 97.8810 -9.0000 7.2500
v 98.5192 -9.0000 7.2500
v 99.6111 -12.0000 7.2500
v 98.9730 -12.0000 7.2500
v 98.5192 -15.0000 7.2500
v 97.8810 -15.0000 7.2500
v 98.9730 -12.0000 7.2500
v 97.9238 -12.0000 9.5000
v 97.8810 -15.0000 7.2500
v 96.8319 -15.0000 9.5000
v 106.9435 -12.0000 9.5000
v 105.8943 -12.0000 7.2500
v 105.8516 -15.0000 9.5000
v 104.8024 -15.0000 7.2500
v 104.1642 -9.0000 7.2500
v 104.8024 -9.0000 7.2500
v 105.8943 -12.0000 7.2500
v 105.2561 -12.0000 7.2500
v 104.8024 -15.0000 7.2500
v 104.1642 -15.0000 7.2500
v 105.2561 -12.0000 7.2500
v 104.2069 -12.0000 9.5000
v 104.1642 -15.0000 7.2500
v 103.1150 -15.0000 9.5000
v 113.2267 -12.0000 9.5000
v 112.1775 -12.0000 7.2500
v 112.1348 -15.0000 9.5000
v 111.0856 -15.0000 7.2500
v 110.4474 -9.0000 7.2500
v 111.0856 -9.0000 7.2500
v 112.1775 -12.0000 7.2500
v 111.5393 -12.0000 7.2500
v 111.0856 -15.0000 7.2500
v 110.4474 -15.0000 7.2500
v 111.5393 -12.0000 7.2500
v 110.4901 -12.0000 9.5000
v 110.4474 -15.0000 7.2500
v 109.3982 -15.0000 9.5000
v 119.5099 -12.0000 9.5000
v 118.4607 -12.0000 7.2500
v 118.4180 -15.0000 9.5000
v 117.3688 -15.0000 7.2500
v 116.7306 -9.0000 7.2500
v 117.3688 -9.0000 7.2500
v 118.4607 -12.0000 7.2500
v 117.8225 -12.0000 7.2500
v 117.3688 -15.0000 7.2500
v 116.7306 -15.0000 7.2500
v 117.8225 -12.0000 7.2500
v 116.7733 -12.0000 9.5000
v 116.7306 -15.0000 7.2500
v 115.6814 -15.0000 9.5000
v 125.7931 -12.0000 9.5000
v 124.7439 -12.0000 7.2500
v 124.7012 -15.0000 9.5000
v 123.6520 -15.0000 7.2500
v 123.0138 -9.0000 7.2500
v 123.6520 -9.0000 7.2500
v 124.7439 -12.0000 7.2500
v 124.1057 -12.0000 7.2500
v 123.6520 -15.0000 7.2500
v 123.0138 -15.0000 7.2500
v 124.1057 -12.0000 7.2500
v 123.0565 -12.0000 9.5000
v 123.0138 -15.0000 7.2500
v 121.9646 -15.0000 9.5000
v 128.9347 -12.0000 9.5000
v 127.8855 -12.0000 7.2500
v 127.8428 -15.0000 9.5000
v 126.7936 -15.0000 7.2500
v 126.1554 -9.0000 7.2500
v 126.7936 -9.0000 7.2500
v 127.8855 -12.0000 7.2500
v 127.2473 -12.0000 7.2500
v 126.7936 -15.0000 7.2500
v 126.1554 -15.0000 7.2500
v 127.2473 -12.0000 7.2500
v 126.1981 -12.0000 9.5000
v 126.1554 -15.0000 7.2500
v 125.1062 -15.0000 9.5000
v 122.6515 -12.0000 9.5000
v 121.6023 -12.0000 7.2500
v 121.5596 -15.0000 9.5000
v 120.5104 -15.0000 7.2500
v 119.8722 -9.0000 7.2500
v 120.5104 -9.0000 7.2500
v 121.6023 -12.0000 7.2500
v 120.9641 -12.0000 7.2500
v 120.5104 -15.0000 7.2500
v 119.8722 -15.0000 7.2500
v 120.9641 -12.0000 7.2500
v 119.9149 -12.0000 9.5000
v 119.8722 -15.0000 7.2500
v 118.8230 -15.0000 9.5000
v 116.3683 -12.0000 9.5000
v 115.3191 -12.0000 7.2500
v 115.2764 -15.0000 9.5000
v 114.2272 -15.0000 7.2500
v 113.5890 -9.0000 7.2500
v 114.2272 -9.0000 7.2500
v 115.3191 -12.0000 7.2500
v 114.6809 -12.0000 7.2500
v 114.2272 -15.0000 7.2500
v 113.5890 -15.0000 7.2500
v 114.6809 -12.0000 7.2500
v 113.6317 -12.0000 9.5000
v 113.5890 -15.0000 7.2500
v 112.5398 -15.0000 9.5000
v 110.0851 -12.0000 9.5000
v 109.0359 -12.0000 7.2500
v 108.9932 -15.0000 9.5000
v 107.9440 -15.0000 7.2500
v 107.3058 -9.0000 7.2500
v 107.9440 -9.0000 7.2500
v 109.0359 -12.0000 7.2500
v 108.3977 -12.0000 7.2500
v 107.9440 -15.0000 7.2500
v 107.3058 -15.0000 7.2500
v 108.3977 -12.0000 7.2500
v 107.3485 -12.0000 9.5000
v 107.3058 -15.0000 7.2500
v 106.2566 -15.0000 9.5000
v 103.8019 -12.0000 9.5000
v 102.7527 -12.0000 7.2500
v 102.7100 -15.0000 9.5000
v 101.6608 -15.0000 7.2500
v 101.0226 -9.0000 7.2500
v 101.6608 -9.0000 7.2500
v 102.7527 -12.0000 7.2500
v 102.1145 -12.0000 7.2500
v 101.6608 -15.0000 7.2500
v 101.0226 -15.0000 7.2500
v 102.1145 -12.0000 7.2500
v 101.0654 -12.0000 9.5000
v 101.0226 -15.0000 7.2500
v 99.9734 -15.0000 9.5000
v 97.5187 -12.0000 9.5000
v 96.4695 -12.0000 7.2500
v 96.4268 -15.0000 9.5000
v 95.3776 -15.0000 7.2500
v 94.7395 -9.0000 7.2500
v 95.3776 -9.0000 7.2500
v 96.4695 -12.0000 7.2500
v 95.8314 -12.0000 7.2500
v 95.3776 -15.0000 7.2500
v 94.7395 -15.0000 7.2500
v 95.8314 -12.0000 7.2500
v 94.7822 -12.0000 9.5000
v 94.7395 -15.0000 7.2500
v 93.6903 -15.0000 9.5000
v 91.2356 -12.0000 9.5000
v 90.1864 -12.0000 7.2500
v 90.1436 -15.0000 9.5000
v 89.0944 -15.0000 7.2500
v 88.4563 -9.0000 7.2500
v 89.0944 -9.0000 7.2500
v 90.1864 -12.0000 7.2500
v 89.5482 -12.0000 7.2500
v 89.0944 -15.0000 7.2500
v 88.4563 -15.0000 7.2500
v 89.5482 -12.0000 7.2500
v 88.4990 -12.0000 9.5000
v 88.4563 -15.0000 7.2500
v 87.4071 -15.0000 9.5000
v 84.9524 -12.0000 9.5000
v 83.9032 -12.0000 7.2500
v 83.8605 -15.0000 9.5000
v 82.8113 -15.0000 7.2500
v 82.1731 -9.0000 7.2500
v 82.8113 -9.0000 7.2500
v 83.9032 -12.0000 7.2500
v 83.2650 -12.0000 7.2500
v 82.8113 -15.0000 7.2500
v 82.1731 -15.0000 7.2500
v 83.2650 -12.0000 7.2500
v 82.2158 -12.0000 9.5000
v 82.1731 -15.0000 7.2500
v 81.1239 -15.0000 9.5000
v 78.6692 -12.0000 9.5000
v 77.6200 -12.0000 7.2500
v 77.5773 -15.0000 9.5000
v 76.5281 -15.0000 7.2500
v 75.8899 -9.0000 7.2500
v 76.5281 -9.0000 7.2500
v 77.6200 -12.0000 7.2500
v 76.9818 -12.0000 7.2500
v 76.5281 -15.0000 7.2500
v 75.8899 -15.0000 7.2500
v 76.9818 -12.0000 7.2500
v 75.9326 -12.0000 9.5000
v 75.8899 -15.0000 7.2500
v 74.8407 -15.0000 9.5000
v 72.3860 -12.0000 9.5000
v 71.3368 -12.0000 7.2500
v 71.2941 -15.0000 9.5000
v 70.2449 -15.0000 7.2500
v 69.6067 -9.0000 7.2500
v 70.2449 -9.0000 7.2500
v 71.3368 -12.0000 7.2500
v 70.6986 -12.0000 7.2500
v 70.2449 -15.0000 7.2500
v 69.6067 -15.0000 7.2500
v 70.6986 -12.0000 7.2500
v 69.6494 -12.0000 9.5000
v 69.6067 -15.0000 7.2500
v 68.5575 -15.0000 9.5000
v 66.1028 -12.0000 9.5000
v 65.0536 -12.0000 7.2500
v 65.0109 -15.0000 9.5000
v 63.9617 -15.0000 7.2500
v 63.3235 -9.0000 7.2500
v 63.9617 -9.0000 7.2500
v 65.0536 -12.0000 7.2500
v 64.4154 -12.0000 7.2500
v 63.9617 -15.0000 7.2500
v 63.3235 -15.0000 7.2500
v 64.4154 -12.0000 7.2500
v 63.3662 -12.0000 9.5000
v 63.3235 -15.0000 7.2500
v 62.2743 -15.0000 9.5000
v 59.8196 -12.0000 9.5000
v 58.7704 -12.0000 7.2500
v 58.7277 -15.0000 9.5000
v 57.6785 -15.0000 7.2500
v 57.0403 -9.0000 7.2500
v 57.6785 -9.0000 7.2500
v 58.7704 -12.0000 7.2500
v 58.1323 -12.0000 7.2500
v 57.6785 -15.0000 7.2500
v 57.0403 -15.0000 7.2500
v 58.1323 -12.0000 7.2500
v 57.0831 -12.0000 9.5000
v 57.0403 -15.0000 7.2500
v 55.9911 -15.0000 9.5000
v 53.5364 -12.0000 9.5000
v 52.4872 -12.0000 7.2500
v 52.4445 -15.0000 9.5000
v 51.3953 -15.0000 7.2500
v 50.7572 -9.0000 7.2500
v 51.3953 -9.0000 7.2500
v 52.4872 -12.0000 7.2500
v 51.8491 -12.0000 7.2500
v 51.3953 -15.0000 7.2500
v 50.7572 -15.0000 7.2500
v 51.8491 -12.0000 7.2500
v 50.7999 -12.0000 9.5000
v 50.7572 -15.0000 7.2500
v 49.7080 -15.0000 9.5000
v 47.2533 -12.0000 9.5000
v 46.2041 -12.0000 7.2500
v 46.1613 -15.0000 9.5000
v 45.1122 -15.0000 7.2500
v 44.4740 -9.0000 7.2500
v 45.1122 -9.0000 7.2500
v 46.2041 -12.0000 7.2500
v 45.5659 -12.0000 7.2500
v 45.1122 -15.0000 7.2500
v 44.4740 -15.0000 7.2500
v 45.5659 -12.0000 7.2500
v 44.5167 -12.0000 9.5000
v 44.4740 -15.0000 7.2500
v 43.4248 -15.0000 9.5000
v 40.9701 -12.0000 9.5000
v 39.9209 -12.0000 7.2500
v 39.8782 -15.0000 9.5000
v 38.8290 -15.0000 7.2500
v 38.1908 -9.0000 7.2500
v 38.8290 -9.0000 7.2500
v 39.9209 -12.0000 7.2500
v 39.2827 -12.0000 7.2500
v 38.8290 -15.0000 7.2500
v 38.1908 -15.0000 7.2500
v 39.2827 -12.0000 7.2500
v 38.2335 -12.0000 9.5000
v 38.1908 -15.0000 7.2500
v 37.1416 -15.0000 9.5000
v 128.9347 -12.0000 9.5000
v 128.9347 -7.9250 9.5000
v 125.1062 -9.0000 9.5000
v 127.8428 -9.0000 9.5000
v 34.0000 -9.0000 9.5000
v 36.7366 -9.0000 9.5000
v 121.9646 -9.0000 9.5000
v 124.7012 -9.0000 9.5000
v 37.1416 -9.0000 9.5000
v 39.8782 -9.0000 9.5000
v 118.8230 -9.0000 9.5000
v 121.5596 -9.0000 9.5000
v 40.2832 -9.0000 9.5000
v 43.0198 -9.0000 9.5000
v 115.6814 -9.0000 9.5000
v 118.4180 -9.0000 9.5000
v 43.4248 -9.0000 9.5000
v 46.1613 -9.0000 9.5000
v 112.5398 -9.0000 9.5000
v 115.2764 -9.0000 9.5000
v 46.5664 -9.0000 9.5000
v 49.3029 -9.0000 9.5000
v 109.3982 -9.0000 9.5000
v 112.1348 -9.0000 9.5000
v 49.7080 -9.0000 9.5000
v 52.4445 -9.0000 9.5000
v 106.2566 -9.0000 9.5000
v 108.9932 -9.0000 9.5000
v 52.8496 -9.0000 9.5000
v 55.5861 -9.0000 9.5000
v 103.1150 -9.0000 9.5000
v 105.8516 -9.0000 9.5000
v 55.9911 -9.0000 9.5000
v 58.7277 -9.0000 9.5000
v 99.9734 -9.0000 9.5000
v 102.7100 -9.0000 9.5000
v 59.1327 -9.0000 9.5000
v 61.8693 -9.0000 9.5000
v 96.8319 -9.0000 9.5000
v 99.5684 -9.0000 9.5000
v 62.2743 -9.0000 9.5000
v 65.0109 -9.0000 9.5000
v 93.6903 -9.0000 9.5000
v 96.4268 -9.0000 9.5000
v 65.4159 -9.0000 9.5000
v 68.1525 -9.0000 9.5000
v 90.5487 -9.0000 9.5000
v 93.2852 -9.0000 9.5000
v 68.5575 -9.0000 9.5000
v 71.2941 -9.0000 9.5000
v 87.4071 -9.0000 9.5000
v 90.1436 -9.0000 9.5000
v 71.6991 -9.0000 9.5000
v 74.4357 -9.0000 9.5000
v 84.2655 -9.0000 9.5000
v 87.0020 -9.0000 9.5000
v 74.8407 -9.0000 9.5000
v 77.5773 -9.0000 9.5000
v 81.1239 -9.0000 9.5000
v 83.8605 -9.0000 9.5000
v 77.9823 -9.0000 9.5000
v 80.7189 -9.0000 9.5000
v 37.8285 -12.0000 9.5000
v 44.1117 -12.0000 9.5000
v 41.3751 -12.0000 9.5000
v 50.3948 -12.0000 9.5000
v 47.6583 -12.0000 9.5000
v 56.6780 -12.0000 9.5000
v 53.9415 -12.0000 9.5000
v 62.9612 -12.0000 9.5000
v 60.2247 -12.0000 9.5000
v 69.2444 -12.0000 9.5000
v 66.5078 -12.0000 9.5000
v 75.5276 -12.0000 9.5000
v 72.7910 -12.0000 9.5000
v 81.8108 -12.0000 9.5000
v 79.0742 -12.0000 9.5000
v 88.0940 -12.0000 9.5000
v 85.3574 -12.0000 9.5000
v 94.3771 -12.0000 9.5000
v 91.6406 -12.0000 9.5000
v 100.6603 -12.0000 9.5000
v 97.9238 -12.0000 9.5000
v 106.9435 -12.0000 9.5000
v 104.2069 -12.0000 9.5000
v 113.2267 -12.0000 9.5000
v 110.4901 -12.0000 9.5000
v 119.5099 -12.0000 9.5000
v 116.7733 -12.0000 9.5000
v 125.7931 -12.0000 9.5000
v 123.0565 -12.0000 9.5000
v 126.1981 -12.0000 9.5000
v 122.6515 -12.0000 9.5000
v 119.9149 -12.0000 9.5000
v 116.3683 -12.0000 9.5000
v 113.6317 -12.0000 9.5000
v 110.0851 -12.0000 9.5000
v 107.3485 -12.0000 9.5000
v 103.8019 -12.0000 9.5000
v 101.0654 -12.0000 9.5000
v 97.5187 -12.0000 9.5000
v 94.7822 -12.0000 9.5000
v 91.2356 -12.0000 9.5000
v 88.4990 -12.0000 9.5000
v 84.9524 -12.0000 9.5000
v 82.2158 -12.0000 9.5000
v 78.6692 -12.0000 9.5000
v 75.9326 -12.0000 9.5000
v 72.3860 -12.0000 9.5000
v 69.6494 -12.0000 9.5000
v 66.1028 -12.0000 9.5000
v 63.3662 -12.0000 9.5000
v 59.8196 -12.0000 9.5000
v 57.0831 -12.0000 9.5000
v 53.5364 -12.0000 9.5000
v 50.7999 -12.0000 9.5000
v 47.2533 -12.0000 9.5000
v 44.5167 -12.0000 9.5000
v 40.9701 -12.0000 9.5000
v 38.2335 -12.0000 9.5000
v 36.7366 -15.0000 9.5000
v 43.0198 -15.0000 9.5000
v 40.2832 -15.0000 9.5000
v 49.3029 -15.0000 9.5000
v 46.5664 -15.0000 9.5000
v 55.5861 -15.0000 9.5000
v 52.8496 -15.0000 9.5000
v 61.8693 -15.0000 9.5000
v 59.1327 -15.0000 9.5000
v 68.1525 -15.0000 9.5000
v 65.4159 -15.0000 9.5000
v 74.4357 -15.0000 9.5000
v 71.6991 -15.0000 9.5000
v 80.7189 -15.0000 9.5000
v 77.9823 -15.0000 9.5000
v 87.0020 -15.0000 9.5000
v 84.2655 -15.0000 9.5000
v 93.2852 -15.0000 9.5000
v 90.5487 -15.0000 9.5000
v 99.5684 -15.0000 9.5000
v 96.8319 -15.0000 9.5000
v 105.8516 -15.0000 9.5000
v 103.1150 -15.0000 9.5000
v 112.1348 -15.0000 9.5000
v 109.3982 -15.0000 9.5000
v 118.4180 -15.0000 9.5000
v 115.6814 -15.0000 9.5000
v 124.7012 -15.0000 9.5000
v 121.9646 -15.0000 9.5000
v 125.1062 -15.0000 9.5000
v 121.5596 -15.0000 9.5000
v 118.8230 -15.0000 9.5000
v 115.2764 -15.0000 9.5000
v 112.5398 -15.0000 9.5000
v 108.9932 -15.0000 9.5000
v 106.2566 -15.0000 9.5000
v 102.7100 -15.0000 9.5000
v 99.9734 -15.0000 9.5000
v 96.4268 -15.0000 9.5000
v 93.6903 -15.0000 9.5000
v 90.1436 -15.0000 9.5000
v 87.4071 -15.0000 9.5000
v 83.8605 -15.0000 9.5000
v 81.1239 -15.0000 9.5000
v 77.5773 -15.0000 9.5000
v 74.8407 -15.0000 9.5000
v 71.2941 -15.0000 9.5000
v 68.5575 -15.0000 9.5000
v 65.0109 -15.0000 9.5000
v 62.2743 -15.0000 9.5000
v 58.7277 -15.0000 9.5000
v 55.9911 -15.0000 9.5000
v 52.4445 -15.0000 9.5000
v 49.7080 -15.0000 9.5000
v 46.1613 -15.0000 9.5000
v 43.4248 -15.0000 9.5000
v 39.8782 -15.0000 9.5000
v 37.1416 -15.0000 9.5000
v 34.0000 -7.9250 9.5000
v 128.9347 -7.9250 -11.0000
v 128.9347 -15.1250 -11.0000
v 34.0000 -15.1250 -11.0000
v 34.0000 -7.9250 -11.0000
v 34.0000 -3.9250 -15.5000
v 34.0000 -3.9226 -15.5490
v 34.0000 -3.9154 -15.5975
v 34.0000 -3.9035 -15.6451
v 34.0000 -3.8869 -15.6913
v 34.0000 -3.8660 -15.7357
v 34.0000 -3.8407 -15.7778
v 34.0000 -3.8115 -15.8172
v 34.0000 -3.7786 -15.8536
v 34.0000 -3.7422 -15.8865
v 34.0000 -3.7028 -15.9157
v 34.0000 -3.6607 -15.9410
v 34.0000 -3.6163 -15.9619
v 34.0000 -3.5701 -15.9785
v 34.0000 -3.5225 -15.9904
v 34.0000 -3.4740 -15.9976
v 34.0000 -3.4250 -16.0000
v 34.0000 -3.9250 -14.4250
v 34.0000 -3.4250 16.0000
v 34.0000 -3.4740 15.9976
v 34.0000 -3.5225 15.9904
v 34.0000 -3.5701 15.9785
v 34.0000 -3.6163 15.9619
v 34.0000 -3.6607 15.9410
v 34.0000 -3.7028 15.9157
v 34.0000 -3.7422 15.8865
v 34.0000 -3.7786 15.8536
v 34.0000 -3.8115 15.8172
v 34.0000 -3.8407 15.7778
v 34.0000 -3.8660 15.7357
v 34.0000 -3.8869 15.6913
v 34.0000 -3.9035 15.6451
v 34.0000 -3.9154 15.5975
v 34.0000 -3.9226 15.5490
v 34.0000 -3.9250 15.5000
v 34.0000 -3.9250 14.4250
v 34.0000 -4.4250 -13.9250
v 34.0000 -4.3760 -13.9274
v 34.0000 -4.3275 -13.9346
v 34.0000 -4.2799 -13.9465
v 34.0000 -4.2337 -13.9631
v 34.0000 -4.1893 -13.9840
v 34.0000 -4.1472 -14.0093
v 34.0000 -4.1078 -14.0385
v 34.0000 -4.0714 -14.0714
v 34.0000 -4.0385 -14.1078
v 34.0000 -4.0093 -14.1472
v 34.0000 -3.9840 -14.1893
v 34.0000 -3.9631 -14.2337
v 34.0000 -3.9465 -14.2799
v 34.0000 -3.9346 -14.3275
v 34.0000 -3.9274 -14.3760
v 34.0000 -13.1250 -13.9250
v 34.0000 -4.4250 13.9250
v 34.0000 -3.9274 14.3760
v 34.0000 -3.9346 14.3275
v 34.0000 -3.9465 14.2799
v 34.0000 -3.9631 14.2337
v 34.0000 -3.9840 14.1893
v 34.0000 -4.0093 14.1472
v 34.0000 -4.0385 14.1078
v 34.0000 -4.0714 14.0714
v 34.0000 -4.1078 14.0385
v 34.0000 -4.1472 14.0093
v 34.0000 -4.1893 13.9840
v 34.0000 -4.2337 13.9631
v 34.0000 -4.2799 13.9465
v 34.0000 -4.3275 13.9346
v 34.0000 -4.3760 13.9274
v 34.0000 -13.0000 13.9250
v 34.0000 -13.1960 13.9154
v 34.0000 -13.3902 13.8866
v 34.0000 -13.5806 13.8389
v 34.0000 -13.7654 13.7728
v 34.0000 -13.9428 13.6888
v 34.0000 -14.1111 13.5879
v 34.0000 -14.2688 13.4710
v 34.0000 -14.4142 13.3392
v 34.0000 -14.5460 13.1938
v 34.0000 -14.6629 13.0361
v 34.0000 -14.7638 12.8678
v 34.0000 -14.8478 12.6904
v 34.0000 -14.9139 12.5056
v 34.0000 -14.9616 12.3152
v 34.0000 -14.9904 12.1210
v 34.0000 -15.0000 11.9250
v 34.0000 -15.1250 -11.9250
v 34.0000 -15.1154 -12.1210
v 34.0000 -15.0866 -12.3152
v 34.0000 -15.0389 -12.5056
v 34.0000 -14.9728 -12.6904
v 34.0000 -14.8888 -12.8678
v 34.0000 -14.7879 -13.0361
v 34.0000 -14.6710 -13.1938
v 34.0000 -14.5392 -13.3392
v 34.0000 -14.3938 -13.4710
v 34.0000 -14.2361 -13.5879
v 34.0000 -14.0678 -13.6888
v 34.0000 -13.8904 -13.7728
v 34.0000 -13.7056 -13.8389
v 34.0000 -13.5152 -13.8866
v 34.0000 -13.3210 -13.9154
v 34.0000 -15.1250 -11.0000
v 34.0000 -4.9493 -8.1568
v 34.0000 -3.9250 -7.7325
v 34.0000 -3.9279 -7.7913
v 34.0000 -3.9365 -7.8496
v 34.0000 -3.9508 -7.9067
v 34.0000 -3.9707 -7.9621
v 34.0000 -3.9958 -8.0154
v 34.0000 -4.0261 -8.0659
v 34.0000 -4.0612 -8.1132
v 34.0000 -4.1007 -8.1568
v 34.0000 -4.1444 -8.1963
v 34.0000 -4.1917 -8.2314
v 34.0000 -4.2422 -8.2617
v 34.0000 -4.2954 -8.2869
v 34.0000 -4.3508 -8.3067
v 34.0000 -4.4079 -8.3210
v 34.0000 -4.4662 -8.3296
v 34.0000 -4.5250 -8.3325
v 34.0000 -4.5838 -8.3296
v 34.0000 -4.6421 -8.3210
v 34.0000 -4.6992 -8.3067
v 34.0000 -4.7546 -8.2869
v 34.0000 -4.8078 -8.2617
v 34.0000 -4.8583 -8.2314
v 34.0000 -4.9056 -8.1963
v 34.0000 -3.9250 7.7325
v 34.0000 -6.9007 -6.2053
v 34.0000 -6.9444 -6.1658
v 34.0000 -6.9917 -6.1307
v 34.0000 -7.0422 -6.1004
v 34.0000 -7.0954 -6.0753
v 34.0000 -7.1508 -6.0554
v 34.0000 -7.2079 -6.0411
v 34.0000 -7.2662 -6.0325
v 34.0000 -7.3250 -6.0296
v 34.0000 -7.3838 -6.0325
v 34.0000 -7.4421 -6.0411
v 34.0000 -7.4992 -6.0554
v 34.0000 -7.5546 -6.0753
v 34.0000 -7.6078 -6.1004
v 34.0000 -7.6583 -6.1307
v 34.0000 -7.7056 -6.1658
v 34.0000 -7.7493 -6.2053
v 34.0000 -7.7888 -6.2490
v 34.0000 -7.8239 -6.2963
v 34.0000 -7.8542 -6.3468
v 34.0000 -7.8793 -6.4000
v 34.0000 -7.8992 -6.4554
v 34.0000 -7.9135 -6.5125
v 34.0000 -7.9221 -6.5708
v 34.0000 -7.9250 -6.6296
v 34.0000 -4.9493 8.1568
v 34.0000 -4.9056 8.1963
v 34.0000 -4.8583 8.2314
v 34.0000 -4.8078 8.2617
v 34.0000 -4.7546 8.2869
v 34.0000 -4.6992 8.3067
v 34.0000 -4.6421 8.3210
v 34.0000 -4.5838 8.3296
v 34.0000 -4.5250 8.3325
v 34.0000 -4.4662 8.3296
v 34.0000 -4.4079 8.3210
v 34.0000 -4.3508 8.3067
v 34.0000 -4.2954 8.2869
v 34.0000 -4.2422 8.2617
v 34.0000 -4.1917 8.2314
v 34.0000 -4.1444 8.1963
v 34.0000 -4.1007 8.1568
v 34.0000 -4.0612 8.1132
v 34.0000 -4.0261 8.0659
v 34.0000 -3.9958 8.0154
v 34.0000 -3.9707 7.9621
v 34.0000 -3.9508 7.9067
v 34.0000 -3.9365 7.8496
v 34.0000 -3.9279 7.7913
v 34.0000 -6.9007 6.2053
v 34.0000 -7.9250 6.6296
v 34.0000 -7.9221 6.5708
v 34.0000 -7.9135 6.5125
v 34.0000 -7.8992 6.4554
v 34.0000 -7.8793 6.4000
v 34.0000 -7.8542 6.3468
v 34.0000 -7.8239 6.2963
v 34.0000 -7.7888 6.2490
v 34.0000 -7.7493 6.2053
v 34.0000 -7.7056 6.1658
v 34.0000 -7.6583 6.1307
v 34.0000 -7.6078 6.1004
v 34.0000 -7.5546 6.0753
v 34.0000 -7.4992 6.0554
v 34.0000 -7.4421 6.0411
v 34.0000 -7.3838 6.0325
v 34.0000 -7.3250 6.0296
v 34.0000 -7.2662 6.0325
v 34.0000 -7.2079 6.0411
v 34.0000 -7.1508 6.0554
v 34.0000 -7.0954 6.0753
v 34.0000 -7.0422 6.1004
v 34.0000 -6.9917 6.1307
v 34.0000 -6.9444 6.1658
v 34.0000 -9.0000 9.5000
v 34.0000 -15.0000 9.5000
v 34.0000 -0.0000 16.0000
v 34.0000 -0.0000 -16.0000
v 34.0000 -7.9250 9.5000
v 34.0000 -7.9250 -11.0000
v 128.9347 -3.9250 7.7325
v 128.9347 -3.9250 -7.7325
v 34.0000 -3.9250 -7.7325
v 34.0000 -3.9250 7.7325
v 128.9347 -0.0000 -16.0000
v 128.9347 -0.0000 16.0000
v 34.0000 -0.0000 16.0000
v 34.0000 -0.0000 -16.0000
v 34.0000 -9.0000 9.5000
v 35.0919 -12.0000 9.5000
v 34.0000 -15.0000 9.5000
v 128.9347 -15.0000 9.5000
v 128.9347 -12.0000 9.5000
v 127.8428 -15.0000 9.5000
vn 0.0000 -0.9997 -0.0245
vn 0.0000 -0.9952 -0.0980
vn 0.0000 -0.9808 -0.1951
vn 0.0000 -0.9569 -0.2903
vn 0.0000 -0.9239 -0.3827
vn 0.0000 -0.8819 -0.4714
vn 0.0000 -0.8315 -0.5556
vn 0.0000 -0.7730 -0.6344
vn 0.0000 -0.7071 -0.7071
vn 0.0000 -0.6344 -0.7730
vn -0.0000 -0.5556 -0.8315
vn -0.0000 -0.4714 -0.8819
vn -0.0000 -0.3827 -0.9239
vn -0.0000 -0.2903 -0.9569
vn -0.0000 -0.1951 -0.9808
vn -0.0000 -0.0980 -0.9952
vn -0.0000 -0.0245 -0.9997
vn -0.0000 -0.0245 -0.9997
vn -0.0000 -0.0980 -0.9952
vn -0.0000 -0.1951 -0.9808
vn -0.0000 -0.2903 -0.9569
vn -0.0000 -0.3827 -0.9239
vn -0.0000 -0.4714 -0.8819
vn -0.0000 -0.5556 -0.8315
vn -0.0000 -0.6344 -0.7730
vn 0.0000 -0.7071 -0.7071
vn 0.0000 -0.7730 -0.6344
vn 0.0000 -0.8315 -0.5556
vn 0.0000 -0.8819 -0.4714
vn 0.0000 -0.9239 -0.3827
vn 0.0000 -0.9569 -0.2903
vn 0.0000 -0.9808 -0.1951
vn 0.0000 -0.9952 -0.0980
vn 0.0000 -0.9997 -0.0245
vn 0.0000 -0.9997 -0.0245
vn 0.0000 -0.9997 -0.0245
vn -0.0000 0.0000 -1.0000
vn 0.0000 -1.0000 0.0000
vn 0.0000 -0.9997 -0.0245
vn -0.0000 -0.0245 -0.9997
vn -0.0000 -0.0980 -0.9952
vn -0.0000 -0.1951 -0.9808
vn -0.0000 -0.2903 -0.9569
vn -0.0000 -0.3827 -0.9239
vn -0.0000 -0.4714 -0.8819
vn -0.0000 -0.5556 -0.8315
vn -0.0000 -0.6344 -0.7730
vn 0.0000 -0.7071 -0.7071
vn 0.0000 -0.7730 -0.6344
vn 0.0000 -0.8315 -0.5556
vn -0.0000 -0.8819 -0.4714
vn -0.0000 -0.9239 -0.3827
vn -0.0000 -0.9569 -0.2903
vn 0.0000 -0.9808 -0.1951
vn 0.0000 -0.9952 -0.0980
vn -0.0000 -0.0245 -0.9997
vn 0.0000 -0.9952 -0.0980
vn 0.0000 -0.9808 -0.1951
vn 0.0000 -0.9569 -0.2903
vn 0.0000 -0.9239 -0.3827
vn 0.0000 -0.8819 -0.4714
vn 0.0000 -0.8315 -0.5556
vn 0.0000 -0.7730 -0.6344
vn 0.0000 -0.7071 -0.7071
vn 0.0000 -0.6344 -0.7730
vn -0.0000 -0.5556 -0.8315
vn -0.0000 -0.4714 -0.8819
vn -0.0000 -0.3827 -0.9239
vn -0.0000 -0.2903 -0.9569
vn -0.0000 -0.1951 -0.9808
vn -0.0000 -0.0980 -0.9952
vn -0.0000 -0.0245 -0.9997
vn -0.0000 -0.0980 -0.9952
vn -0.0000 -0.1951 -0.9808
vn -0.0000 -0.2903 -0.9569
vn -0.0000 -0.3827 -0.9239
vn -0.0000 -0.4714 -0.8819
vn -0.0000 -0.5556 -0.8315
vn -0.0000 -0.6344 -0.7730
vn 0.0000 -0.7071 -0.7071
vn 0.0000 -0.7730 -0.6344
vn 0.0000 -0.8315 -0.5556
vn 0.0000 -0.8819 -0.4714
vn 0.0000 -0.9239 -0.3827
vn 0.0000 -0.9569 -0.2903
vn 0.0000 -0.9808 -0.1951
vn 0.0000 -0.9952 -0.0980
vn -0.0000 -0.0245 -0.9997
vn -0.0000 -0.9997 -0.0245
vn 0.0000 -0.9952 -0.0980
vn 0.0000 -0.9808 -0.1951
vn 0.0000 -0.9569 -0.2903
vn -0.0000 -0.9239 -0.3827
vn -0.0000 -0.8819 -0.4714
vn -0.0000 -0.8315 -0.5556
vn 0.0000 -0.7730 -0.6344
vn 0.0000 -0.7071 -0.7071
vn -0.0000 -0.6344 -0.7730
vn -0.0000 -0.5556 -0.8315
vn -0.0000 -0.4714 -0.8819
vn -0.0000 -0.3827 -0.9239
vn -0.0000 -0.2903 -0.9569
vn -0.0000 -0.1951 -0.9808
vn -0.0000 -0.0980 -0.9952
vn 0.0000 -1.0000 0.0000
vn -0.0000 0.0000 -1.0000
vn 1.0000 0.0000 0.0000
vn 1.0000 0.0000 0.0000
vn 1.0000 0.0000 0.0000
vn 1.0000 0.0000 0.0000
vn 1.0000 0.0000 0.0000
vn 1.0000 0.0000 0.0000
vn 1.0000 0.0000 0.0000
vn 1.0000 0.0000 0.0000
vn 1.0000 0.0000 0.0000
vn 1.0000 0.0000 0.0000
vn 1.0000 0.0000 0.0000
vn 1.0000 0.0000 0.0000
vn 1.0000 0.0000 0.0000
vn 1.0000 0.0000 0.0000
vn 1.0000 0.0000 0.0000
vn 1.0000 0.0000 0.0000
vn 1.0000 0.0000 0.0000
vn 1.0000 0.0000 0.0000
vn 1.0000 0.0000 0.0000
vn 1.0000 0.0000 0.0000
vn 1.0000 0.0000 0.0000
vn 1.0000 0.0000 0.0000
vn 1.0000 0.0000 0.0000
vn 1.0000 0.0000 0.0000
vn 1.0000 0.0000 0.0000
vn 1.0000 0.0000 0.0000
vn 1.0000 0.0000 0.0000
vn 1.0000 0.0000 0.0000
vn 1.0000 0.0000 0.0000
vn 1.0000 0.0000 0.0000
vn 1.0000 0.0000 0.0000
vn 1.0000 0.0000 0.0000
vn 1.0000 0.0000 0.0000
vn 1.0000 0.0000 0.0000
vn 1.0000 0.0000 0.0000
vn 1.0000 0.0000 0.0000
vn 1.0000 0.0000 0.0000
vn 1.0000 0.0000 0.0000
vn 1.0000 0.0000 0.0000
vn 1.0000 0.0000 0.0000
vn 1.0000 0.0000 0.0000
vn 1.0000 0.0000 0.0000
vn 1.0000 0.0000 0.0000
vn 1.0000 0.0000 0.0000
vn 1.0000 0.0000 0.0000
vn 1.0000 0.0000 0.0000
vn 1.0000 0.0000 0.0000
vn 1.0000 0.0000 0.0000
vn 1.0000 0.0000 0.0000
vn 1.0000 0.0000 0.0000
vn 1.0000 0.0000 0.0000
vn 1.0000 0.0000 0.0000
vn 1.0000 0.0000 0.0000
vn 1.0000 0.0000 0.0000
vn 1.0000 0.0000 0.0000
vn 1.0000 0.0000 0.0000
vn 1.0000 0.0000 0.0000
vn 1.0000 0.0000 0.0000
vn 1.0000 0.0000 0.0000
vn 1.0000 0.0000 0.0000
vn 1.0000 0.0000 0.0000
vn 1.0000 0.0000 0.0000
vn 1.0000 0.0000 0.0000
vn 1.0000 0.0000 0.0000
vn 1.0000 0.0000 0.0000
vn 1.0000 0.0000 0.0000
vn 1.0000 0.0000 0.0000
vn 1.0000 0.0000 0.0000
vn 1.0000 0.0000 0.0000
vn 1.0000 0.0000 0.0000
vn 1.0000 0.0000 0.0000
vn 1.0000 0.0000 0.0000
vn 1.0000 0.0000 0.0000
vn 1.0000 0.0000 0.0000
vn 1.0000 0.0000 0.0000
vn 1.0000 0.0000 0.0000
vn 1.0000 0.0000 0.0000
vn 1.0000 0.0000 0.0000
vn 1.0000 0.0000 0.0000
vn 1.0000 0.0000 0.0000
vn 1.0000 0.0000 0.0000
vn 1.0000 0.0000 0.0000
vn 1.0000 0.0000 0.0000
vn 1.0000 0.0000 0.0000
vn 1.0000 0.0000 0.0000
vn 1.0000 0.0000 0.0000
vn 1.0000 0.0000 0.0000
vn 1.0000 0.0000 0.0000
vn 1.0000 0.0000 0.0000
vn 1.0000 0.0000 0.0000
vn 1.0000 0.0000 0.0000
vn 1.0000 0.0000 0.0000
vn 1.0000 0.0000 0.0000
vn 1.0000 0.0000 0.0000
vn 1.0000 0.0000 0.0000
vn 1.0000 0.0000 0.0000
vn 1.0000 0.0000 0.0000
vn 1.0000 0.0000 0.0000
vn 1.0000 0.0000 0.0000
vn 1.0000 0.0000 0.0000
vn 1.0000 0.0000 0.0000
vn 1.0000 0.0000 0.0000
vn 1.0000 0.0000 0.0000
vn 1.0000 0.0000 0.0000
vn 1.0000 0.0000 0.0000
vn 1.0000 0.0000 0.0000
vn 1.0000 0.0000 0.0000
vn 1.0000 0.0000 0.0000
vn 1.0000 0.0000 0.0000
vn 1.0000 0.0000 0.0000
vn 1.0000 0.0000 0.0000
vn 1.0000 0.0000 0.0000
vn 1.0000 0.0000 0.0000
vn 1.0000 0.0000 0.0000
vn 1.0000 0.0000 0.0000
vn 1.0000 0.0000 0.0000
vn 1.0000 0.0000 0.0000
vn 1.0000 0.0000 0.0000
vn 1.0000 0.0000 0.0000
vn 1.0000 0.0000 0.0000
vn 1.0000 0.0000 0.0000
vn 1.0000 0.0000 0.0000
vn 1.0000 0.0000 0.0000
vn 1.0000 0.0000 0.0000
vn 1.0000 0.0000 0.0000
vn 1.0000 0.0000 0.0000
vn 1.0000 0.0000 0.0000
vn 1.0000 0.0000 0.0000
vn 1.0000 0.0000 0.0000
vn 1.0000 0.0000 0.0000
vn 1.0000 0.0000 0.0000
vn 1.0000 0.0000 0.0000
vn 1.0000 0.0000 0.0000
vn 1.0000 0.0000 0.0000
vn 1.0000 0.0000 0.0000
vn 1.0000 0.0000 0.0000
vn 1.0000 0.0000 0.0000
vn 1.0000 0.0000 0.0000
vn 1.0000 0.0000 0.0000
vn 1.0000 0.0000 0.0000
vn 1.0000 0.0000 0.0000
vn 1.0000 0.0000 0.0000
vn 1.0000 0.0000 0.0000
vn 1.0000 0.0000 0.0000
vn 1.0000 0.0000 0.0000
vn 1.0000 0.0000 0.0000
vn 1.0000 0.0000 0.0000
vn 1.0000 0.0000 0.0000
vn 1.0000 0.0000 0.0000
vn 1.0000 0.0000 0.0000
vn 1.0000 0.0000 0.0000
vn 1.0000 0.0000 0.0000
vn 1.0000 0.0000 0.0000
vn 1.0000 0.0000 0.0000
vn 1.0000 0.0000 0.0000
vn 1.0000 0.0000 0.0000
vn 1.0000 0.0000 0.0000
vn 1.0000 0.0000 0.0000
vn 1.0000 0.0000 0.0000
vn 1.0000 0.0000 0.0000
vn 1.0000 0.0000 0.0000
vn 1.0000 0.0000 0.0000
vn 1.0000 0.0000 0.0000
vn 1.0000 0.0000 0.0000
vn 1.0000 0.0000 0.0000
vn 1.0000 0.0000 0.0000
vn 1.0000 0.0000 0.0000
vn 1.0000 0.0000 0.0000
vn 1.0000 0.0000 0.0000
vn 1.0000 0.0000 0.0000
vn 1.0000 0.0000 0.0000
vn 1.0000 0.0000 0.0000
vn 1.0000 0.0000 0.0000
vn 1.0000 0.0000 0.0000
vn 1.0000 0.0000 0.0000
vn 1.0000 0.0000 0.0000
vn 1.0000 0.0000 0.0000
vn 1.0000 0.0000 0.0000
vn 1.0000 0.0000 0.0000
vn 1.0000 0.0000 0.0000
vn 1.0000 0.0000 0.0000
vn 1.0000 0.0000 0.0000
vn 1.0000 0.0000 0.0000
vn 1.0000 0.0000 0.0000
vn 1.0000 0.0000 0.0000
vn 1.0000 0.0000 0.0000
vn 1.0000 0.0000 0.0000
vn 1.0000 0.0000 0.0000
vn 1.0000 0.0000 0.0000
vn 1.0000 0.0000 0.0000
vn 1.0000 0.0000 0.0000
vn 1.0000 0.0000 0.0000
vn 1.0000 0.0000 0.0000
vn 1.0000 0.0000 0.0000
vn 1.0000 0.0000 0.0000
vn 1.0000 0.0000 0.0000
vn 1.0000 0.0000 0.0000
vn 1.0000 0.0000 0.0000
vn 1.0000 0.0000 0.0000
vn 1.0000 0.0000 0.0000
vn 1.0000 0.0000 0.0000
vn 1.0000 0.0000 0.0000
vn 1.0000 0.0000 0.0000
vn 1.0000 0.0000 0.0000
vn 1.0000 0.0000 0.0000
vn 1.0000 0.0000 0.0000
vn 1.0000 0.0000 0.0000
vn 1.0000 0.0000 0.0000
vn 1.0000 0.0000 0.0000
vn 0.0000 0.0000 1.0000
vn 0.0000 -0.0245 0.9997
vn 0.0000 -0.9997 0.0245
vn 0.0000 -0.9952 0.0980
vn 0.0000 -0.9808 0.1951
vn 0.0000 -0.9569 0.2903
vn 0.0000 -0.9239 0.3827
vn 0.0000 -0.8819 0.4714
vn 0.0000 -0.8315 0.5556
vn 0.0000 -0.7730 0.6344
vn 0.0000 -0.7071 0.7071
vn 0.0000 -0.6344 0.7730
vn 0.0000 -0.5556 0.8315
vn 0.0000 -0.4714 0.8819
vn 0.0000 -0.3827 0.9239
vn 0.0000 -0.2903 0.9569
vn 0.0000 -0.1951 0.9808
vn 0.0000 -0.0980 0.9952
vn 0.0000 -0.9997 0.0245
vn 0.0000 -0.0245 0.9997
vn 0.0000 -0.0980 0.9952
vn 0.0000 -0.1951 0.9808
vn 0.0000 -0.2903 0.9569
vn 0.0000 -0.3827 0.9239
vn 0.0000 -0.4714 0.8819
vn 0.0000 -0.5556 0.8315
vn 0.0000 -0.6344 0.7730
vn 0.0000 -0.7071 0.7071
vn 0.0000 -0.7730 0.6344
vn 0.0000 -0.8315 0.5556
vn 0.0000 -0.8819 0.4714
vn 0.0000 -0.9239 0.3827
vn 0.0000 -0.9569 0.2903
vn 0.0000 -0.9808 0.1951
vn 0.0000 -0.9952 0.0980
vn 0.0000 -0.0245 0.9997
vn 0.0000 -0.9997 0.0245
vn 0.0000 -0.9952 0.0980
vn 0.0000 -0.9808 0.1951
vn 0.0000 -0.9569 0.2903
vn 0.0000 -0.9239 0.3827
vn 0.0000 -0.8819 0.4714
vn 0.0000 -0.8315 0.5556
vn 0.0000 -0.7730 0.6344
vn 0.0000 -0.7071 0.7071
vn 0.0000 -0.6344 0.7730
vn 0.0000 -0.5556 0.8315
vn 0.0000 -0.4714 0.8819
vn 0.0000 -0.3827 0.9239
vn 0.0000 -0.2903 0.9569
vn 0.0000 -0.1951 0.9808
vn 0.0000 -0.0980 0.9952
vn 0.0000 -1.0000 0.0000
vn 0.0000 -0.0245 0.9997
vn 0.0000 -0.0980 0.9952
vn 0.0000 -0.1951 0.9808
vn 0.0000 -0.2903 0.9569
vn 0.0000 -0.3827 0.9239
vn 0.0000 -0.4714 0.8819
vn 0.0000 -0.5556 0.8315
vn 0.0000 -0.6344 0.7730
vn 0.0000 -0.7071 0.7071
vn 0.0000 -0.7730 0.6344
vn 0.0000 -0.8315 0.5556
vn 0.0000 -0.8819 0.4714
vn 0.0000 -0.9239 0.3827
vn 0.0000 -0.9569 0.2903
vn 0.0000 -0.9808 0.1951
vn 0.0000 -0.9952 0.0980
vn 0.0000 -0.9997 0.0245
vn 0.0000 -0.9997 0.0245
vn 0.0000 -0.0245 0.9997
vn 0.0000 -0.9952 0.0980
vn 0.0000 -0.9808 0.1951
vn 0.0000 -0.9569 0.2903
vn 0.0000 -0.9239 0.3827
vn 0.0000 -0.8819 0.4714
vn 0.0000 -0.8315 0.5556
vn 0.0000 -0.7730 0.6344
vn 0.0000 -0.7071 0.7071
vn 0.0000 -0.6344 0.7730
vn 0.0000 -0.5556 0.8315
vn 0.0000 -0.4714 0.8819
vn 0.0000 -0.3827 0.9239
vn 0.0000 -0.2903 0.9569
vn 0.0000 -0.1951 0.9808
vn 0.0000 -0.0980 0.9952
vn 0.0000 -0.0245 0.9997
vn 0.0000 -0.0980 0.9952
vn 0.0000 -0.1951 0.9808
vn 0.0000 -0.2903 0.9569
vn 0.0000 -0.3827 0.9239
vn 0.0000 -0.4714 0.8819
vn 0.0000 -0.5556 0.8315
vn 0.0000 -0.6344 0.7730
vn 0.0000 -0.7071 0.7071
vn 0.0000 -0.7730 0.6344
vn 0.0000 -0.8315 0.5556
vn 0.0000 -0.8819 0.4714
vn 0.0000 -0.9239 0.3827
vn 0.0000 -0.9569 0.2903
vn -0.0000 -0.9808 0.1951
vn 0.0000 -0.9952 0.0980
vn -0.0000 -0.9997 0.0245
vn -0.0000 -1.0000 -0.0000
vn 0.0000 -1.0000 0.0000
vn -0.0000 -1.0000 -0.0000
vn 0.0000 -1.0000 -0.0000
vn -0.0000 -1.0000 -0.0000
vn -0.0000 -1.0000 -0.0000
vn -0.0000 -1.0000 0.0000
vn 0.0000 -1.0000 0.0000
vn -0.0000 -1.0000 -0.0000
vn 0.0000 -1.0000 -0.0000
vn 0.0000 -1.0000 0.0000
vn 0.0000 -1.0000 0.0000
vn 0.0000 -1.0000 -0.0000
vn 0.0000 -1.0000 -0.0000
vn 0.0000 -1.0000 0.0000
vn 0.0000 -1.0000 0.0000
vn 0.0000 -1.0000 -0.0000
vn 0.0000 -1.0000 -0.0000
vn 0.0000 -1.0000 0.0000
vn 0.0000 -1.0000 0.0000
vn 0.0000 -1.0000 -0.0000
vn 0.0000 -1.0000 -0.0000
vn 0.0000 -1.0000 0.0000
vn 0.0000 -1.0000 0.0000
vn 0.0000 -1.0000 -0.0000
vn 0.0000 -1.0000 -0.0000
vn 0.0000 -1.0000 0.0000
vn 0.0000 -1.0000 0.0000
vn 0.0000 -1.0000 -0.0000
vn -0.0000 -1.0000 -0.0000
vn -0.0000 -1.0000 -0.0000
vn 0.0000 -1.0000 0.0000
vn -0.0000 -1.0000 -0.0000
vn 0.0000 -1.0000 0.0000
vn 0.0000 -1.0000 0.0000
vn 0.0000 -1.0000 0.0000
vn 0.0000 -1.0000 -0.0000
vn 0.0000 -1.0000 -0.0000
vn 0.0000 -1.0000 0.0000
vn 0.0000 -1.0000 0.0000
vn 0.0000 -1.0000 -0.0000
vn -0.0000 -1.0000 -0.0000
vn 0.0000 -1.0000 -0.0000
vn -0.0000 -1.0000 -0.0000
vn -0.0000 -1.0000 -0.0000
vn 0.0000 -1.0000 0.0000
vn 0.0000 -1.0000 0.0000
vn 0.0000 -1.0000 0.0000
vn 0.0000 -1.0000 0.0000
vn 0.0000 -1.0000 0.0000
vn 0.0000 -1.0000 0.0000
vn 0.0000 -1.0000 0.0000
vn 0.0000 -1.0000 0.0000
vn 0.0000 -1.0000 0.0000
vn 0.0000 -1.0000 0.0000
vn 0.0000 -1.0000 0.0000
vn 0.0000 -1.0000 0.0000
vn 0.0000 -1.0000 0.0000
vn 0.0000 -1.0000 0.0000
vn 0.0000 -1.0000 0.0000
vn 0.0000 -1.0000 0.0000
vn 0.0000 -1.0000 0.0000
vn 0.0000 -1.0000 0.0000
vn 0.0000 -1.0000 0.0000
vn 0.0000 -1.0000 0.0000
vn 0.0000 -1.0000 0.0000
vn 0.0000 -1.0000 0.0000
vn 0.0000 -1.0000 0.0000
vn 0.0000 -1.0000 0.0000
vn 0.0000 -1.0000 0.0000
vn 0.0000 -1.0000 0.0000
vn 0.0000 -1.0000 0.0000
vn 0.0000 -1.0000 0.0000
vn 0.0000 -1.0000 0.0000
vn 0.0000 -1.0000 0.0000
vn 0.0000 -1.0000 0.0000
vn 0.0000 -1.0000 0.0000
vn 0.0000 -1.0000 0.0000
vn 0.0000 -1.0000 0.0000
vn 0.0000 -1.0000 0.0000
vn -0.0000 -1.0000 -0.0000
vn 0.0000 -1.0000 0.0000
vn -0.0000 -1.0000 0.0000
vn -0.0000 -1.0000 -0.0000
vn 0.0000 -1.0000 -0.0000
vn 0.0000 -1.0000 0.0000
vn 0.0000 -1.0000 0.0000
vn 0.0000 -1.0000 -0.0000
vn -0.0000 -1.0000 -0.0000
vn 0.0000 -1.0000 0.0000
vn 0.0000 -1.0000 0.0000
vn -0.0000 -1.0000 -0.0000
vn 0.0000 -1.0000 -0.0000
vn 0.0000 -1.0000 0.0000
vn 0.0000 -1.0000 0.0000
vn 0.0000 -1.0000 -0.0000
vn 0.0000 -1.0000 -0.0000
vn 0.0000 -1.0000 0.0000
vn 0.0000 -1.0000 0.0000
vn 0.0000 -1.0000 -0.0000
vn 0.0000 -1.0000 -0.0000
vn 0.0000 -1.0000 0.0000
vn 0.0000 -1.0000 0.0000
vn 0.0000 -1.0000 -0.0000
vn 0.0000 -1.0000 -0.0000
vn 0.0000 -1.0000 0.0000
vn 0.0000 -1.0000 0.0000
vn 0.0000 -1.0000 -0.0000
vn -0.0000 -1.0000 -0.0000
vn 0.0000 -1.0000 0.0000
vn 0.0000 -1.0000 0.0000
vn -0.0000 -1.0000 -0.0000
vn 0.0000 -1.0000 -0.0000
vn 0.0000 -1.0000 0.0000
vn 0.0000 -1.0000 0.0000
vn 0.0000 -1.0000 -0.0000
vn 0.0000 -1.0000 -0.0000
vn 0.0000 -1.0000 0.0000
vn 0.0000 -1.0000 0.0000
vn 0.0000 -1.0000 -0.0000
vn 0.0000 0.0000 1.0000
vn 0.0000 -0.9988 0.0491
vn -0.0000 0.6895 0.7242
vn -0.0000 0.6344 0.7730
vn -0.0000 0.5556 0.8315
vn 0.0000 0.4714 0.8819
vn 0.0000 0.3827 0.9239
vn 0.0000 0.2903 0.9569
vn 0.0000 0.1951 0.9808
vn 0.0000 0.0980 0.9952
vn 0.0000 -0.0000 1.0000
vn 0.0000 -0.0980 0.9952
vn 0.0000 -0.1951 0.9808
vn 0.0000 -0.2903 0.9569
vn 0.0000 -0.3827 0.9239
vn 0.0000 -0.4714 0.8819
vn 0.0000 -0.5556 0.8315
vn 0.0000 -0.6344 0.7730
vn 0.0000 -0.7071 0.7071
vn 0.0000 -0.7730 0.6344
vn 0.0000 -0.8315 0.5556
vn 0.0000 -0.8819 0.4714
vn 0.0000 -0.9239 0.3827
vn 0.0000 -0.9569 0.2903
vn 0.0000 -0.9808 0.1951
vn 0.0000 -0.9952 0.0980
vn -0.0000 0.6895 0.7242
vn 0.0000 -0.9997 0.0245
vn 0.0000 -0.9952 0.0980
vn 0.0000 -0.9808 0.1951
vn 0.0000 -0.9569 0.2903
vn 0.0000 -0.9239 0.3827
vn 0.0000 -0.8819 0.4714
vn 0.0000 -0.8315 0.5556
vn 0.0000 -0.7730 0.6344
vn 0.0000 -0.7071 0.7071
vn 0.0000 -0.6344 0.7730
vn 0.0000 -0.5556 0.8315
vn 0.0000 -0.4714 0.8819
vn 0.0000 -0.3827 0.9239
vn 0.0000 -0.2903 0.9569
vn 0.0000 -0.1951 0.9808
vn 0.0000 -0.0980 0.9952
vn 0.0000 -0.0000 1.0000
vn 0.0000 0.0980 0.9952
vn 0.0000 0.1951 0.9808
vn 0.0000 0.2903 0.9569
vn 0.0000 0.3827 0.9239
vn 0.0000 0.4714 0.8819
vn -0.0000 0.5556 0.8315
vn -0.0000 0.6344 0.7730
vn 0.0000 -1.0000 -0.0000
vn -0.0000 0.6895 0.7242
vn 0.0000 -0.9988 0.0491
vn 0.0000 -0.9952 0.0980
vn 0.0000 -0.9808 0.1951
vn 0.0000 -0.9569 0.2903
vn 0.0000 -0.9239 0.3827
vn 0.0000 -0.8819 0.4714
vn 0.0000 -0.8315 0.5556
vn 0.0000 -0.7730 0.6344
vn 0.0000 -0.7071 0.7071
vn 0.0000 -0.6344 0.7730
vn 0.0000 -0.5556 0.8315
vn 0.0000 -0.4714 0.8819
vn 0.0000 -0.3827 0.9239
vn 0.0000 -0.2903 0.9569
vn 0.0000 -0.1951 0.9808
vn 0.0000 -0.0980 0.9952
vn 0.0000 -0.0000 1.0000
vn 0.0000 0.0980 0.9952
vn 0.0000 0.1951 0.9808
vn 0.0000 0.2903 0.9569
vn 0.0000 0.3827 0.9239
vn -0.0000 0.4714 0.8819
vn -0.0000 0.5556 0.8315
vn -0.0000 0.6344 0.7730
vn -0.0000 0.6895 0.7242
vn -0.0000 0.6344 0.7730
vn -0.0000 0.5556 0.8315
vn 0.0000 0.4714 0.8819
vn 0.0000 0.3827 0.9239
vn 0.0000 0.2903 0.9569
vn 0.0000 0.1951 0.9808
vn 0.0000 0.0980 0.9952
vn 0.0000 -0.0000 1.0000
vn 0.0000 -0.0980 0.9952
vn 0.0000 -0.1951 0.9808
vn 0.0000 -0.2903 0.9569
vn 0.0000 -0.3827 0.9239
vn 0.0000 -0.4714 0.8819
vn 0.0000 -0.5556 0.8315
vn 0.0000 -0.6344 0.7730
vn 0.0000 -0.7071 0.7071
vn 0.0000 -0.7730 0.6344
vn 0.0000 -0.8315 0.5556
vn 0.0000 -0.8819 0.4714
vn 0.0000 -0.9239 0.3827
vn 0.0000 -0.9569 0.2903
vn 0.0000 -0.9808 0.1951
vn 0.0000 -0.9952 0.0980
vn 0.0000 -0.9997 0.0245
vn 0.0000 -1.0000 0.0000
vn 0.0000 -1.0000 0.0000
vn 0.0000 -0.9997 -0.0245
vn -0.0000 0.6895 -0.7242
vn -0.0000 0.6344 -0.7730
vn -0.0000 0.5556 -0.8315
vn -0.0000 0.4714 -0.8819
vn -0.0000 0.3827 -0.9239
vn -0.0000 0.2903 -0.9569
vn -0.0000 0.1951 -0.9808
vn -0.0000 0.0980 -0.9952
vn -0.0000 -0.0000 -1.0000
vn -0.0000 -0.0980 -0.9952
vn -0.0000 -0.1951 -0.9808
vn -0.0000 -0.2903 -0.9569
vn -0.0000 -0.3827 -0.9239
vn -0.0000 -0.4714 -0.8819
vn 0.0000 -0.5556 -0.8315
vn 0.0000 -0.6344 -0.7730
vn 0.0000 -0.7071 -0.7071
vn 0.0000 -0.7730 -0.6344
vn 0.0000 -0.8315 -0.5556
vn 0.0000 -0.8819 -0.4714
vn 0.0000 -0.9239 -0.3827
vn 0.0000 -0.9569 -0.2903
vn 0.0000 -0.9808 -0.1951
vn 0.0000 -0.9952 -0.0980
vn -0.0000 0.6895 -0.7242
vn 0.0000 -0.9988 -0.0491
vn 0.0000 -0.9952 -0.0980
vn 0.0000 -0.9808 -0.1951
vn 0.0000 -0.9569 -0.2903
vn 0.0000 -0.9239 -0.3827
vn 0.0000 -0.8819 -0.4714
vn 0.0000 -0.8315 -0.5556
vn 0.0000 -0.7730 -0.6344
vn 0.0000 -0.7071 -0.7071
vn -0.0000 -0.6344 -0.7730
vn -0.0000 -0.5556 -0.8315
vn -0.0000 -0.4714 -0.8819
vn -0.0000 -0.3827 -0.9239
vn -0.0000 -0.2903 -0.9569
vn -0.0000 -0.1951 -0.9808
vn -0.0000 -0.0980 -0.9952
vn -0.0000 -0.0000 -1.0000
vn -0.0000 0.0980 -0.9952
vn -0.0000 0.1951 -0.9808
vn -0.0000 0.2903 -0.9569
vn -0.0000 0.3827 -0.9239
vn -0.0000 0.4714 -0.8819
vn -0.0000 0.5556 -0.8315
vn -0.0000 0.6344 -0.7730
vn 0.0000 -0.9988 -0.0491
vn -0.0000 0.6895 -0.7242
vn -0.0000 0.6344 -0.7730
vn -0.0000 0.5556 -0.8315
vn -0.0000 0.4714 -0.8819
vn -0.0000 0.3827 -0.9239
vn -0.0000 0.2903 -0.9569
vn -0.0000 0.1951 -0.9808
vn -0.0000 0.0980 -0.9952
vn -0.0000 -0.0000 -1.0000
vn -0.0000 -0.0980 -0.9952
vn -0.0000 -0.1951 -0.9808
vn -0.0000 -0.2903 -0.9569
vn -0.0000 -0.3827 -0.9239
vn -0.0000 -0.4714 -0.8819
vn -0.0000 -0.5556 -0.8315
vn -0.0000 -0.6344 -0.7730
vn -0.0000 -0.7071 -0.7071
vn 0.0000 -0.7730 -0.6344
vn 0.0000 -0.8315 -0.5556
vn 0.0000 -0.8819 -0.4714
vn 0.0000 -0.9239 -0.3827
vn 0.0000 -0.9569 -0.2903
vn 0.0000 -0.9808 -0.1951
vn 0.0000 -0.9952 -0.0980
vn -0.0000 0.6895 -0.7242
vn 0.0000 -0.9997 -0.0245
vn 0.0000 -0.9952 -0.0980
vn 0.0000 -0.9808 -0.1951
vn 0.0000 -0.9569 -0.2903
vn 0.0000 -0.9239 -0.3827
vn 0.0000 -0.8819 -0.4714
vn 0.0000 -0.8315 -0.5556
vn 0.0000 -0.7730 -0.6344
vn 0.0000 -0.7071 -0.7071
vn 0.0000 -0.6344 -0.7730
vn -0.0000 -0.5556 -0.8315
vn -0.0000 -0.4714 -0.8819
vn -0.0000 -0.3827 -0.9239
vn -0.0000 -0.2903 -0.9569
vn -0.0000 -0.1951 -0.9808
vn -0.0000 -0.0980 -0.9952
vn -0.0000 -0.0000 -1.0000
vn -0.0000 0.0980 -0.9952
vn -0.0000 0.1951 -0.9808
vn -0.0000 0.2903 -0.9569
vn -0.0000 0.3827 -0.9239
vn -0.0000 0.4714 -0.8819
vn -0.0000 0.5556 -0.8315
vn -0.0000 0.6344 -0.7730
vn 0.0000 -1.0000 -0.0000
vn 0.0000 1.0000 0.0000
vn 0.0000 1.0000 0.0000
vn 0.0000 1.0000 0.0000
vn 0.0000 1.0000 0.0000
vn -0.0000 1.0000 0.0000
vn -0.0000 1.0000 0.0000
vn 0.0000 1.0000 0.0000
vn -0.0000 1.0000 0.0000
vn 0.0000 1.0000 0.0000
vn 0.0000 1.0000 -0.0000
vn 0.0000 1.0000 -0.0000
vn 0.0000 1.0000 0.0000
vn 0.0000 1.0000 0.0000
vn 0.0000 1.0000 0.0000
vn 0.0000 1.0000 0.0000
vn 0.0000 1.0000 0.0000
vn 0.0000 1.0000 0.0000
vn 0.0000 1.0000 0.0000
vn 0.0000 1.0000 0.0000
vn 0.0000 1.0000 0.0000
vn 0.0000 1.0000 -0.0000
vn 0.0000 1.0000 -0.0000
vn 0.0000 1.0000 0.0000
vn 0.0000 1.0000 -0.0000
vn 0.0000 1.0000 0.0000
vn 0.0000 1.0000 0.0000
vn 0.0000 1.0000 0.0000
vn 0.0000 1.0000 0.0000
vn -0.0000 1.0000 0.0000
vn -0.0000 1.0000 0.0000
vn 0.0000 1.0000 0.0000
vn -0.0000 1.0000 0.0000
vn 0.0000 1.0000 0.0000
vn 0.0000 1.0000 0.0000
vn 0.0000 1.0000 0.0000
vn 0.0000 1.0000 0.0000
vn 0.0000 1.0000 0.0000
vn 0.0000 1.0000 0.0000
vn 0.0000 1.0000 0.0000
vn 0.0000 1.0000 0.0000
vn 0.0000 1.0000 0.0000
vn 0.0000 1.0000 0.0000
vn 0.0000 1.0000 0.0000
vn 0.0000 1.0000 0.0000
vn 0.0000 1.0000 0.0000
vn 0.0000 1.0000 -0.0000
vn 0.0000 1.0000 -0.0000
vn 0.0000 1.0000 0.0000
vn 0.0000 1.0000 0.0000
vn 0.0000 1.0000 0.0000
vn 0.0000 1.0000 0.0000
vn 0.0000 1.0000 0.0000
vn 0.0000 1.0000 0.0000
vn 0.0000 1.0000 0.0000
vn 0.0000 1.0000 0.0000
vn 0.0000 1.0000 0.0000
vn 0.0000 1.0000 0.0000
vn 0.0000 1.0000 0.0000
vn 0.0000 1.0000 0.0000
vn 0.0000 1.0000 0.0000
vn 0.0000 1.0000 0.0000
vn 0.0000 1.0000 0.0000
vn 0.0000 1.0000 0.0000
vn 0.0000 1.0000 0.0000
vn -0.0000 1.0000 0.0000
vn -0.0000 1.0000 -0.0000
vn -0.0000 1.0000 -0.0000
vn -0.0000 1.0000 0.0000
vn 0.0000 1.0000 0.0000
vn 0.0000 1.0000 0.0000
vn 0.0000 1.0000 0.0000
vn 0.0000 1.0000 0.0000
vn 0.0000 1.0000 0.0000
vn 0.0000 1.0000 0.0000
vn 0.0000 1.0000 0.0000
vn 0.0000 1.0000 0.0000
vn 0.0000 1.0000 0.0000
vn 0.0000 1.0000 0.0000
vn 0.0000 1.0000 0.0000
vn 0.0000 1.0000 0.0000
vn 0.0000 1.0000 -0.0000
vn 0.0000 1.0000 -0.0000
vn 0.0000 1.0000 0.0000
vn 0.0000 1.0000 -0.0000
vn 0.0000 1.0000 0.0000
vn 0.0000 1.0000 0.0000
vn 0.0000 1.0000 0.0000
vn 0.0000 1.0000 0.0000
vn 0.0000 1.0000 0.0000
vn 0.0000 1.0000 0.0000
vn 0.0000 1.0000 0.0000
vn 0.0000 1.0000 0.0000
vn 0.0000 1.0000 0.0000
vn 0.0000 1.0000 0.0000
vn 0.0000 1.0000 0.0000
vn 0.0000 1.0000 0.0000
vn 0.0000 1.0000 0.0000
vn 0.0000 1.0000 0.0000
vn 0.0000 1.0000 0.0000
vn 0.0000 1.0000 0.0000
vn -0.0000 1.0000 0.0000
vn 0.0000 1.0000 0.0000
vn -0.0000 1.0000 0.0000
vn -0.0000 1.0000 0.0000
vn 0.0000 1.0000 0.0000
vn 0.0000 1.0000 0.0000
vn 0.0000 1.0000 0.0000
vn 0.0000 1.0000 0.0000
vn 0.0000 1.0000 0.0000
vn 0.0000 1.0000 0.0000
vn 0.0000 1.0000 0.0000
vn 0.0000 1.0000 0.0000
vn 0.0000 1.0000 0.0000
vn 0.0000 1.0000 0.0000
vn 0.0000 1.0000 0.0000
vn 0.0000 1.0000 0.0000
vn 0.0000 1.0000 0.0000
vn 0.0000 1.0000 0.0000
vn 0.0000 1.0000 0.0000
vn 0.0000 1.0000 0.0000
vn 0.8607 0.3133 -0.4013
vn 0.8607 0.3133 -0.4013
vn 0.8607 0.3133 -0.4013
vn 0.8607 0.3133 -0.4013
vn -0.8607 -0.3133 -0.4013
vn -0.8607 -0.3133 -0.4013
vn -0.8607 -0.3133 -0.4013
vn -0.8607 -0.3133 -0.4013
vn 0.8607 0.3133 -0.4013
vn 0.8607 0.3133 -0.4013
vn 0.8607 0.3133 -0.4013
vn 0.8607 0.3133 -0.4013
vn -0.8607 -0.3133 -0.4013
vn -0.8607 -0.3133 -0.4013
vn -0.8607 -0.3133 -0.4013
vn -0.8607 -0.3133 -0.4013
vn 0.8607 0.3133 -0.4013
vn 0.8607 0.3133 -0.4013
vn 0.8607 0.3133 -0.4013
vn 0.8607 0.3133 -0.4013
vn -0.8607 -0.3133 -0.4013
vn -0.8607 -0.3133 -0.4013
vn -0.8607 -0.3133 -0.4013
vn -0.8607 -0.3133 -0.4013
vn 0.8607 0.3133 -0.4013
vn 0.8607 0.3133 -0.4013
vn 0.8607 0.3133 -0.4013
vn 0.8607 0.3133 -0.4013
vn -0.8607 -0.3133 -0.4013
vn -0.8607 -0.3133 -0.4013
vn -0.8607 -0.3133 -0.4013
vn -0.8607 -0.3133 -0.4013
vn 0.8607 0.3133 -0.4013
vn 0.8607 0.3133 -0.4013
vn 0.8607 0.3133 -0.4013
vn 0.8607 0.3133 -0.4013
vn -0.8607 -0.3133 -0.4013
vn -0.8607 -0.3133 -0.4013
vn -0.8607 -0.3133 -0.4013
vn -0.8607 -0.3133 -0.4013
vn 0.8607 0.3133 -0.4013
vn 0.8607 0.3133 -0.4013
vn 0.8607 0.3133 -0.4013
vn 0.8607 0.3133 -0.4013
vn -0.8607 -0.3133 -0.4013
vn -0.8607 -0.3133 -0.4013
vn -0.8607 -0.3133 -0.4013
vn -0.8607 -0.3133 -0.4013
vn 0.8607 0.3133 -0.4013
vn 0.8607 0.3133 -0.4013
vn 0.8607 0.3133 -0.4013
vn 0.8607 0.3133 -0.4013
vn -0.8607 -0.3133 -0.4013
vn -0.8607 -0.3133 -0.4013
vn -0.8607 -0.3133 -0.4013
vn -0.8607 -0.3133 -0.4013
vn 0.8607 0.3133 -0.4013
vn 0.8607 0.3133 -0.4013
vn 0.8607 0.3133 -0.4013
vn 0.8607 0.3133 -0.4013
vn -0.8607 -0.3133 -0.4013
vn -0.8607 -0.3133 -0.4013
vn -0.8607 -0.3133 -0.4013
vn -0.8607 -0.3133 -0.4013
vn 0.8607 0.3133 -0.4013
vn 0.8607 0.3133 -0.4013
vn 0.8607 0.3133 -0.4013
vn 0.8607 0.3133 -0.4013
vn -0.8607 -0.3133 -0.4013
vn -0.8607 -0.3133 -0.4013
vn -0.8607 -0.3133 -0.4013
vn -0.8607 -0.3133 -0.4013
vn 0.8607 0.3133 -0.4013
vn 0.8607 0.3133 -0.4013
vn 0.8607 0.3133 -0.4013
vn 0.8607 0.3133 -0.4013
vn -0.8607 -0.3133 -0.4013
vn -0.8607 -0.3133 -0.4013
vn -0.8607 -0.3133 -0.4013
vn -0.8607 -0.3133 -0.4013
vn 0.8607 0.3133 -0.4013
vn 0.8607 0.3133 -0.4013
vn 0.8607 0.3133 -0.4013
vn 0.8607 0.3133 -0.4013
vn -0.8607 -0.3133 -0.4013
vn -0.8607 -0.3133 -0.4013
vn -0.8607 -0.3133 -0.4013
vn -0.8607 -0.3133 -0.4013
vn 0.8607 0.3133 -0.4013
vn 0.8607 0.3133 -0.4013
vn 0.8607 0.3133 -0.4013
vn 0.8607 0.3133 -0.4013
vn -0.8607 -0.3133 -0.4013
vn -0.8607 -0.3133 -0.4013
vn -0.8607 -0.3133 -0.4013
vn -0.8607 -0.3133 -0.4013
vn 0.8607 0.3133 -0.4013
vn 0.8607 0.3133 -0.4013
vn 0.8607 0.3133 -0.4013
vn 0.8607 0.3133 -0.4013
vn -0.8607 -0.3133 -0.4013
vn -0.8607 -0.3133 -0.4013
vn -0.8607 -0.3133 -0.4013
vn -0.8607 -0.3133 -0.4013
vn 0.8607 0.3133 -0.4013
vn 0.8607 0.3133 -0.4013
vn 0.8607 0.3133 -0.4013
vn 0.8607 0.3133 -0.4013
vn -0.8607 -0.3133 -0.4013
vn -0.8607 -0.3133 -0.4013
vn -0.8607 -0.3133 -0.4013
vn -0.8607 -0.3133 -0.4013
vn 0.8607 0.3133 -0.4013
vn 0.8607 0.3133 -0.4013
vn 0.8607 0.3133 -0.4013
vn 0.8607 0.3133 -0.4013
vn -0.8607 -0.3133 -0.4013
vn -0.8607 -0.3133 -0.4013
vn -0.8607 -0.3133 -0.4013
vn -0.8607 -0.3133 -0.4013
vn 0.8607 0.3133 -0.4013
vn 0.8607 0.3133 -0.4013
vn 0.8607 0.3133 -0.4013
vn 0.8607 0.3133 -0.4013
vn -0.8607 -0.3133 -0.4013
vn -0.8607 -0.3133 -0.4013
vn -0.8607 -0.3133 -0.4013
vn -0.8607 -0.3133 -0.4013
vn 0.8607 0.3133 -0.4013
vn 0.8607 0.3133 -0.4013
vn 0.8607 0.3133 -0.4013
vn 0.8607 0.3133 -0.4013
vn -0.8607 -0.3133 -0.4013
vn -0.8607 -0.3133 -0.4013
vn -0.8607 -0.3133 -0.4013
vn -0.8607 -0.3133 -0.4013
vn 0.8607 0.3133 -0.4013
vn 0.8607 0.3133 -0.4013
vn 0.8607 0.3133 -0.4013
vn 0.8607 0.3133 -0.4013
vn -0.8607 -0.3133 -0.4013
vn -0.8607 -0.3133 -0.4013
vn -0.8607 -0.3133 -0.4013
vn -0.8607 -0.3133 -0.4013
vn 0.8607 0.3133 -0.4013
vn 0.8607 0.3133 -0.4013
vn 0.8607 0.3133 -0.4013
vn 0.8607 0.3133 -0.4013
vn -0.8607 -0.3133 -0.4013
vn -0.8607 -0.3133 -0.4013
vn -0.8607 -0.3133 -0.4013
vn -0.8607 -0.3133 -0.4013
vn 0.8607 0.3133 -0.4013
vn 0.8607 0.3133 -0.4013
vn 0.8607 0.3133 -0.4013
vn 0.8607 0.3133 -0.4013
vn -0.8607 -0.3133 -0.4013
vn -0.8607 -0.3133 -0.4013
vn -0.8607 -0.3133 -0.4013
vn -0.8607 -0.3133 -0.4013
vn 0.8607 0.3133 -0.4013
vn 0.8607 0.3133 -0.4013
vn 0.8607 0.3133 -0.4013
vn 0.8607 0.3133 -0.4013
vn -0.8607 -0.3133 -0.4013
vn -0.8607 -0.3133 -0.4013
vn -0.8607 -0.3133 -0.4013
vn -0.8607 -0.3133 -0.4013
vn 0.8607 0.3133 -0.4013
vn 0.8607 0.3133 -0.4013
vn 0.8607 0.3133 -0.4013
vn 0.8607 0.3133 -0.4013
vn -0.8607 -0.3133 -0.4013
vn -0.8607 -0.3133 -0.4013
vn -0.8607 -0.3133 -0.4013
vn -0.8607 -0.3133 -0.4013
vn 0.8607 0.3133 -0.4013
vn 0.8607 0.3133 -0.4013
vn 0.8607 0.3133 -0.4013
vn 0.8607 0.3133 -0.4013
vn -0.8607 -0.3133 -0.4013
vn -0.8607 -0.3133 -0.4013
vn -0.8607 -0.3133 -0.4013
vn -0.8607 -0.3133 -0.4013
vn 0.8607 0.3133 -0.4013
vn 0.8607 0.3133 -0.4013
vn 0.8607 0.3133 -0.4013
vn 0.8607 0.3133 -0.4013
vn -0.8607 -0.3133 -0.4013
vn -0.8607 -0.3133 -0.4013
vn -0.8607 -0.3133 -0.4013
vn -0.8607 -0.3133 -0.4013
vn 0.8607 0.3133 -0.4013
vn 0.8607 0.3133 -0.4013
vn 0.8607 0.3133 -0.4013
vn 0.8607 0.3133 -0.4013
vn -0.8607 -0.3133 -0.4013
vn -0.8607 -0.3133 -0.4013
vn -0.8607 -0.3133 -0.4013
vn -0.8607 -0.3133 -0.4013
vn 0.8607 0.3133 -0.4013
vn 0.8607 0.3133 -0.4013
vn 0.8607 0.3133 -0.4013
vn 0.8607 0.3133 -0.4013
vn -0.8607 -0.3133 -0.4013
vn -0.8607 -0.3133 -0.4013
vn -0.8607 -0.3133 -0.4013
vn -0.8607 -0.3133 -0.4013
vn 0.8607 0.3133 -0.4013
vn 0.8607 0.3133 -0.4013
vn 0.8607 0.3133 -0.4013
vn 0.8607 0.3133 -0.4013
vn -0.8607 -0.3133 -0.4013
vn -0.8607 -0.3133 -0.4013
vn -0.8607 -0.3133 -0.4013
vn -0.8607 -0.3133 -0.4013
vn 0.8607 0.3133 -0.4013
vn 0.8607 0.3133 -0.4013
vn 0.8607 0.3133 -0.4013
vn 0.8607 0.3133 -0.4013
vn -0.8607 -0.3133 -0.4013
vn -0.8607 -0.3133 -0.4013
vn -0.8607 -0.3133 -0.4013
vn -0.8607 -0.3133 -0.4013
vn 0.8607 0.3133 -0.4013
vn 0.8607 0.3133 -0.4013
vn 0.8607 0.3133 -0.4013
vn 0.8607 0.3133 -0.4013
vn -0.8607 -0.3133 -0.4013
vn -0.8607 -0.3133 -0.4013
vn -0.8607 -0.3133 -0.4013
vn -0.8607 -0.3133 -0.4013
vn 0.8607 0.3133 -0.4013
vn 0.8607 0.3133 -0.4013
vn 0.8607 0.3133 -0.4013
vn 0.8607 0.3133 -0.4013
vn -0.8607 -0.3133 -0.4013
vn -0.8607 -0.3133 -0.4013
vn -0.8607 -0.3133 -0.4013
vn -0.8607 -0.3133 -0.4013
vn 0.8607 -0.3133 -0.4013
vn 0.8607 -0.3133 -0.4013
vn 0.8607 -0.3133 -0.4013
vn 0.8607 -0.3133 -0.4013
vn 0.0000 0.0000 -1.0000
vn 0.0000 0.0000 -1.0000
vn 0.0000 0.0000 -1.0000
vn 0.0000 0.0000 -1.0000
vn 0.0000 0.0000 -1.0000
vn 0.0000 0.0000 -1.0000
vn -0.8607 0.3133 -0.4013
vn -0.8607 0.3133 -0.4013
vn -0.8607 0.3133 -0.4013
vn -0.8607 0.3133 -0.4013
vn 0.8607 -0.3133 -0.4013
vn 0.8607 -0.3133 -0.4013
vn 0.8607 -0.3133 -0.4013
vn 0.8607 -0.3133 -0.4013
vn 0.0000 0.0000 -1.0000
vn 0.0000 0.0000 -1.0000
vn 0.0000 -0.0000 -1.0000
vn 0.0000 -0.0000 -1.0000
vn 0.0000 -0.0000 -1.0000
vn 0.0000 -0.0000 -1.0000
vn -0.8607 0.3133 -0.4013
vn -0.8607 0.3133 -0.4013
vn -0.8607 0.3133 -0.4013
vn -0.8607 0.3133 -0.4013
vn 0.8607 -0.3133 -0.4013
vn 0.8607 -0.3133 -0.4013
vn 0.8607 -0.3133 -0.4013
vn 0.8607 -0.3133 -0.4013
vn 0.0000 0.0000 -1.0000
vn 0.0000 0.0000 -1.0000
vn 0.0000 0.0000 -1.0000
vn 0.0000 0.0000 -1.0000
vn 0.0000 0.0000 -1.0000
vn 0.0000 0.0000 -1.0000
vn -0.8607 0.3133 -0.4013
vn -0.8607 0.3133 -0.4013
vn -0.8607 0.3133 -0.4013
vn -0.8607 0.3133 -0.4013
vn 0.8607 -0.3133 -0.4013
vn 0.8607 -0.3133 -0.4013
vn 0.8607 -0.3133 -0.4013
vn 0.8607 -0.3133 -0.4013
vn 0.0000 -0.0000 -1.0000
vn 0.0000 -0.0000 -1.0000
vn 0.0000 -0.0000 -1.0000
vn 0.0000 -0.0000 -1.0000
vn 0.0000 0.0000 -1.0000
vn 0.0000 0.0000 -1.0000
vn -0.8607 0.3133 -0.4013
vn -0.8607 0.3133 -0.4013
vn -0.8607 0.3133 -0.4013
vn -0.8607 0.3133 -0.4013
vn 0.8607 -0.3133 -0.4013
vn 0.8607 -0.3133 -0.4013
vn 0.8607 -0.3133 -0.4013
vn 0.8607 -0.3133 -0.4013
vn 0.0000 0.0000 -1.0000
vn 0.0000 0.0000 -1.0000
vn 0.0000 0.0000 -1.0000
vn 0.0000 0.0000 -1.0000
vn 0.0000 0.0000 -1.0000
vn 0.0000 0.0000 -1.0000
vn -0.8607 0.3133 -0.4013
vn -0.8607 0.3133 -0.4013
vn -0.8607 0.3133 -0.4013
vn -0.8607 0.3133 -0.4013
vn 0.8607 -0.3133 -0.4013
vn 0.8607 -0.3133 -0.4013
vn 0.8607 -0.3133 -0.4013
vn 0.8607 -0.3133 -0.4013
vn 0.0000 0.0000 -1.0000
vn 0.0000 0.0000 -1.0000
vn 0.0000 0.0000 -1.0000
vn 0.0000 0.0000 -1.0000
vn 0.0000 0.0000 -1.0000
vn 0.0000 0.0000 -1.0000
vn -0.8607 0.3133 -0.4013
vn -0.8607 0.3133 -0.4013
vn -0.8607 0.3133 -0.4013
vn -0.8607 0.3133 -0.4013
vn 0.8607 -0.3133 -0.4013
vn 0.8607 -0.3133 -0.4013
vn 0.8607 -0.3133 -0.4013
vn 0.8607 -0.3133 -0.4013
vn 0.0000 0.0000 -1.0000
vn 0.0000 0.0000 -1.0000
vn 0.0000 -0.0000 -1.0000
vn 0.0000 -0.0000 -1.0000
vn 0.0000 -0.0000 -1.0000
vn 0.0000 -0.0000 -1.0000
vn -0.8607 0.3133 -0.4013
vn -0.8607 0.3133 -0.4013
vn -0.8607 0.3133 -0.4013
vn -0.8607 0.3133 -0.4013
vn 0.8607 -0.3133 -0.4013
vn 0.8607 -0.3133 -0.4013
vn 0.8607 -0.3133 -0.4013
vn 0.8607 -0.3133 -0.4013
vn 0.0000 0.0000 -1.0000
vn 0.0000 0.0000 -1.0000
vn 0.0000 0.0000 -1.0000
vn 0.0000 0.0000 -1.0000
vn 0.0000 0.0000 -1.0000
vn 0.0000 0.0000 -1.0000
vn -0.8607 0.3133 -0.4013
vn -0.8607 0.3133 -0.4013
vn -0.8607 0.3133 -0.4013
vn -0.8607 0.3133 -0.4013
vn 0.8607 -0.3133 -0.4013
vn 0.8607 -0.3133 -0.4013
vn 0.8607 -0.3133 -0.4013
vn 0.8607 -0.3133 -0.4013
vn 0.0000 0.0000 -1.0000
vn 0.0000 0.0000 -1.0000
vn 0.0000 -0.0000 -1.0000
vn 0.0000 -0.0000 -1.0000
vn 0.0000 -0.0000 -1.0000
vn 0.0000 -0.0000 -1.0000
vn -0.8607 0.3133 -0.4013
vn -0.8607 0.3133 -0.4013
vn -0.8607 0.3133 -0.4013
vn -0.8607 0.3133 -0.4013
vn 0.8607 -0.3133 -0.4013
vn 0.8607 -0.3133 -0.4013
vn 0.8607 -0.3133 -0.4013
vn 0.8607 -0.3133 -0.4013
vn 0.0000 0.0000 -1.0000
vn 0.0000 0.0000 -1.0000
vn 0.0000 0.0000 -1.0000
vn 0.0000 0.0000 -1.0000
vn 0.0000 0.0000 -1.0000
vn 0.0000 0.0000 -1.0000
vn -0.8607 0.3133 -0.4013
vn -0.8607 0.3133 -0.4013
vn -0.8607 0.3133 -0.4013
vn -0.8607 0.3133 -0.4013
vn 0.8607 -0.3133 -0.4013
vn 0.8607 -0.3133 -0.4013
vn 0.8607 -0.3133 -0.4013
vn 0.8607 -0.3133 -0.4013
vn 0.0000 -0.0000 -1.0000
vn 0.0000 -0.0000 -1.0000
vn 0.0000 -0.0000 -1.0000
vn 0.0000 -0.0000 -1.0000
vn 0.0000 0.0000 -1.0000
vn 0.0000 0.0000 -1.0000
vn -0.8607 0.3133 -0.4013
vn -0.8607 0.3133 -0.4013
vn -0.8607 0.3133 -0.4013
vn -0.8607 0.3133 -0.4013
vn 0.8607 -0.3133 -0.4013
vn 0.8607 -0.3133 -0.4013
vn 0.8607 -0.3133 -0.4013
vn 0.8607 -0.3133 -0.4013
vn 0.0000 0.0000 -1.0000
vn 0.0000 0.0000 -1.0000
vn 0.0000 0.0000 -1.0000
vn 0.0000 0.0000 -1.0000
vn 0.0000 0.0000 -1.0000
vn 0.0000 0.0000 -1.0000
vn -0.8607 0.3133 -0.4013
vn -0.8607 0.3133 -0.4013
vn -0.8607 0.3133 -0.4013
vn -0.8607 0.3133 -0.4013
vn 0.8607 -0.3133 -0.4013
vn 0.8607 -0.3133 -0.4013
vn 0.8607 -0.3133 -0.4013
vn 0.8607 -0.3133 -0.4013
vn 0.0000 0.0000 -1.0000
vn 0.0000 0.0000 -1.0000
vn 0.0000 0.0000 -1.0000
vn 0.0000 0.0000 -1.0000
vn 0.0000 0.0000 -1.0000
vn 0.0000 0.0000 -1.0000
vn -0.8607 0.3133 -0.4013
vn -0.8607 0.3133 -0.4013
vn -0.8607 0.3133 -0.4013
vn -0.8607 0.3133 -0.4013
vn 0.8607 -0.3133 -0.4013
vn 0.8607 -0.3133 -0.4013
vn 0.8607 -0.3133 -0.4013
vn 0.8607 -0.3133 -0.4013
vn 0.0000 0.0000 -1.0000
vn 0.0000 0.0000 -1.0000
vn 0.0000 -0.0000 -1.0000
vn 0.0000 -0.0000 -1.0000
vn 0.0000 -0.0000 -1.0000
vn 0.0000 -0.0000 -1.0000
vn -0.8607 0.3133 -0.4013
vn -0.8607 0.3133 -0.4013
vn -0.8607 0.3133 -0.4013
vn -0.8607 0.3133 -0.4013
vn 0.8607 -0.3133 -0.4013
vn 0.8607 -0.3133 -0.4013
vn 0.8607 -0.3133 -0.4013
vn 0.8607 -0.3133 -0.4013
vn 0.0000 0.0000 -1.0000
vn 0.0000 0.0000 -1.0000
vn 0.0000 0.0000 -1.0000
vn 0.0000 0.0000 -1.0000
vn 0.0000 0.0000 -1.0000
vn 0.0000 0.0000 -1.0000
vn -0.8607 0.3133 -0.4013
vn -0.8607 0.3133 -0.4013
vn -0.8607 0.3133 -0.4013
vn -0.8607 0.3133 -0.4013
vn 0.8607 -0.3133 -0.4013
vn 0.8607 -0.3133 -0.4013
vn 0.8607 -0.3133 -0.4013
vn 0.8607 -0.3133 -0.4013
vn 0.0000 -0.0000 -1.0000
vn 0.0000 -0.0000 -1.0000
vn 0.0000 -0.0000 -1.0000
vn 0.0000 -0.0000 -1.0000
vn 0.0000 0.0000 -1.0000
vn 0.0000 0.0000 -1.0000
vn -0.8607 0.3133 -0.4013
vn -0.8607 0.3133 -0.4013
vn -0.8607 0.3133 -0.4013
vn -0.8607 0.3133 -0.4013
vn 0.8607 -0.3133 -0.4013
vn 0.8607 -0.3133 -0.4013
vn 0.8607 -0.3133 -0.4013
vn 0.8607 -0.3133 -0.4013
vn 0.0000 0.0000 -1.0000
vn 0.0000 0.0000 -1.0000
vn 0.0000 0.0000 -1.0000
vn 0.0000 0.0000 -1.0000
vn 0.0000 0.0000 -1.0000
vn 0.0000 0.0000 -1.0000
vn -0.8607 0.3133 -0.4013
vn -0.8607 0.3133 -0.4013
vn -0.8607 0.3133 -0.4013
vn -0.8607 0.3133 -0.4013
vn 0.8607 -0.3133 -0.4013
vn 0.8607 -0.3133 -0.4013
vn 0.8607 -0.3133 -0.4013
vn 0.8607 -0.3133 -0.4013
vn 0.0000 0.0000 -1.0000
vn 0.0000 0.0000 -1.0000
vn 0.0000 -0.0000 -1.0000
vn 0.0000 -0.0000 -1.0000
vn 0.0000 -0.0000 -1.0000
vn 0.0000 -0.0000 -1.0000
vn -0.8607 0.3133 -0.4013
vn -0.8607 0.3133 -0.4013
vn -0.8607 0.3133 -0.4013
vn -0.8607 0.3133 -0.4013
vn 0.8607 -0.3133 -0.4013
vn 0.8607 -0.3133 -0.4013
vn 0.8607 -0.3133 -0.4013
vn 0.8607 -0.3133 -0.4013
vn 0.0000 0.0000 -1.0000
vn 0.0000 0.0000 -1.0000
vn 0.0000 0.0000 -1.0000
vn 0.0000 0.0000 -1.0000
vn 0.0000 0.0000 -1.0000
vn 0.0000 0.0000 -1.0000
vn -0.8607 0.3133 -0.4013
vn -0.8607 0.3133 -0.4013
vn -0.8607 0.3133 -0.4013
vn -0.8607 0.3133 -0.4013
vn 0.8607 -0.3133 -0.4013
vn 0.8607 -0.3133 -0.4013
vn 0.8607 -0.3133 -0.4013
vn 0.8607 -0.3133 -0.4013
vn 0.0000 0.0000 -1.0000
vn 0.0000 0.0000 -1.0000
vn 0.0000 -0.0000 -1.0000
vn 0.0000 -0.0000 -1.0000
vn 0.0000 -0.0000 -1.0000
vn 0.0000 -0.0000 -1.0000
vn -0.8607 0.3133 -0.4013
vn -0.8607 0.3133 -0.4013
vn -0.8607 0.3133 -0.4013
vn -0.8607 0.3133 -0.4013
vn 0.8607 -0.3133 -0.4013
vn 0.8607 -0.3133 -0.4013
vn 0.8607 -0.3133 -0.4013
vn 0.8607 -0.3133 -0.4013
vn 0.0000 0.0000 -1.0000
vn 0.0000 0.0000 -1.0000
vn 0.0000 0.0000 -1.0000
vn 0.0000 -0.0000 -1.0000
vn 0.0000 -0.0000 -1.0000
vn 0.0000 -0.0000 -1.0000
vn -0.8607 0.3133 -0.4013
vn -0.8607 0.3133 -0.4013
vn -0.8607 0.3133 -0.4013
vn -0.8607 0.3133 -0.4013
vn 0.8607 -0.3133 -0.4013
vn 0.8607 -0.3133 -0.4013
vn 0.8607 -0.3133 -0.4013
vn 0.8607 -0.3133 -0.4013
vn 0.0000 0.0000 -1.0000
vn 0.0000 0.0000 -1.0000
vn 0.0000 0.0000 -1.0000
vn 0.0000 0.0000 -1.0000
vn 0.0000 0.0000 -1.0000
vn 0.0000 0.0000 -1.0000
vn -0.8607 0.3133 -0.4013
vn -0.8607 0.3133 -0.4013
vn -0.8607 0.3133 -0.4013
vn -0.8607 0.3133 -0.4013
vn 0.8607 -0.3133 -0.4013
vn 0.8607 -0.3133 -0.4013
vn 0.8607 -0.3133 -0.4013
vn 0.8607 -0.3133 -0.4013
vn -0.0000 -0.0000 -1.0000
vn -0.0000 -0.0000 -1.0000
vn 0.0000 -0.0000 -1.0000
vn -0.0000 -0.0000 -1.0000
vn 0.0000 0.0000 -1.0000
vn 0.0000 0.0000 -1.0000
vn -0.8607 0.3133 -0.4013
vn -0.8607 0.3133 -0.4013
vn -0.8607 0.3133 -0.4013
vn -0.8607 0.3133 -0.4013
vn 0.8607 -0.3133 -0.4013
vn 0.8607 -0.3133 -0.4013
vn 0.8607 -0.3133 -0.4013
vn 0.8607 -0.3133 -0.4013
vn 0.0000 0.0000 -1.0000
vn 0.0000 0.0000 -1.0000
vn 0.0000 0.0000 -1.0000
vn 0.0000 0.0000 -1.0000
vn 0.0000 -0.0000 -1.0000
vn 0.0000 0.0000 -1.0000
vn -0.8607 0.3133 -0.4013
vn -0.8607 0.3133 -0.4013
vn -0.8607 0.3133 -0.4013
vn -0.8607 0.3133 -0.4013
vn 0.8607 -0.3133 -0.4013
vn 0.8607 -0.3133 -0.4013
vn 0.8607 -0.3133 -0.4013
vn 0.8607 -0.3133 -0.4013
vn 0.0000 -0.0000 -1.0000
vn -0.0000 -0.0000 -1.0000
vn -0.0000 -0.0000 -1.0000
vn -0.0000 -0.0000 -1.0000
vn -0.0000 0.0000 -1.0000
vn 0.0000 0.0000 -1.0000
vn -0.8607 0.3133 -0.4013
vn -0.8607 0.3133 -0.4013
vn -0.8607 0.3133 -0.4013
vn -0.8607 0.3133 -0.4013
vn 0.8607 -0.3133 -0.4013
vn 0.8607 -0.3133 -0.4013
vn 0.8607 -0.3133 -0.4013
vn 0.8607 -0.3133 -0.4013
vn 0.0000 0.0000 -1.0000
vn 0.0000 0.0000 -1.0000
vn 0.0000 0.0000 -1.0000
vn 0.0000 0.0000 -1.0000
vn 0.0000 0.0000 -1.0000
vn 0.0000 0.0000 -1.0000
vn -0.8607 0.3133 -0.4013
vn -0.8607 0.3133 -0.4013
vn -0.8607 0.3133 -0.4013
vn -0.8607 0.3133 -0.4013
vn 0.8607 -0.3133 -0.4013
vn 0.8607 -0.3133 -0.4013
vn 0.8607 -0.3133 -0.4013
vn 0.8607 -0.3133 -0.4013
vn 0.0000 0.0000 -1.0000
vn 0.0000 0.0000 -1.0000
vn 0.0000 -0.0000 -1.0000
vn 0.0000 -0.0000 -1.0000
vn 0.0000 -0.0000 -1.0000
vn 0.0000 -0.0000 -1.0000
vn -0.8607 0.3133 -0.4013
vn -0.8607 0.3133 -0.4013
vn -0.8607 0.3133 -0.4013
vn -0.8607 0.3133 -0.4013
vn 0.8607 -0.3133 -0.4013
vn 0.8607 -0.3133 -0.4013
vn 0.8607 -0.3133 -0.4013
vn 0.8607 -0.3133 -0.4013
vn 0.0000 0.0000 -1.0000
vn 0.0000 0.0000 -1.0000
vn 0.0000 0.0000 -1.0000
vn 0.0000 -0.0000 -1.0000
vn 0.0000 -0.0000 -1.0000
vn 0.0000 -0.0000 -1.0000
vn -0.8607 0.3133 -0.4013
vn -0.8607 0.3133 -0.4013
vn -0.8607 0.3133 -0.4013
vn -0.8607 0.3133 -0.4013
vn 0.8607 -0.3133 -0.4013
vn 0.8607 -0.3133 -0.4013
vn 0.8607 -0.3133 -0.4013
vn 0.8607 -0.3133 -0.4013
vn 0.0000 0.0000 -1.0000
vn 0.0000 0.0000 -1.0000
vn 0.0000 0.0000 -1.0000
vn -0.0000 0.0000 -1.0000
vn -0.0000 0.0000 -1.0000
vn -0.0000 0.0000 -1.0000
vn -0.8607 0.3133 -0.4013
vn -0.8607 0.3133 -0.4013
vn -0.8607 0.3133 -0.4013
vn -0.8607 0.3133 -0.4013
vn 0.8607 -0.3133 -0.4013
vn 0.8607 -0.3133 -0.4013
vn 0.8607 -0.3133 -0.4013
vn 0.8607 -0.3133 -0.4013
vn 0.0000 0.0000 -1.0000
vn 0.0000 0.0000 -1.0000
vn 0.0000 0.0000 -1.0000
vn 0.0000 0.0000 -1.0000
vn 0.0000 0.0000 -1.0000
vn 0.0000 0.0000 -1.0000
vn -0.8607 0.3133 -0.4013
vn -0.8607 0.3133 -0.4013
vn -0.8607 0.3133 -0.4013
vn -0.8607 0.3133 -0.4013
vn 0.0000 0.0000 -1.0000
vn 0.0000 0.0000 -1.0000
vn 0.0000 0.0000 -1.0000
vn 0.0000 0.0000 -1.0000
vn 0.0000 0.0000 -1.0000
vn 0.0000 0.0000 -1.0000
vn 0.0000 0.0000 -1.0000
vn 0.0000 0.0000 -1.0000
vn 0.0000 0.0000 -1.0000
vn 0.0000 0.0000 -1.0000
vn 0.0000 0.0000 -1.0000
vn 0.0000 0.0000 -1.0000
vn 0.0000 0.0000 -1.0000
vn 0.0000 0.0000 -1.0000
vn 0.0000 0.0000 -1.0000
vn 0.0000 0.0000 -1.0000
vn -0.0000 -0.0000 -1.0000
vn -0.0000 0.0000 -1.0000
vn 0.0000 0.0000 -1.0000
vn 0.0000 0.0000 -1.0000
vn 0.0000 0.0000 -1.0000
vn 0.0000 0.0000 -1.0000
vn -0.0000 0.0000 -1.0000
vn 0.0000 -0.0000 -1.0000
vn 0.0000 0.0000 -1.0000
vn 0.0000 0.0000 -1.0000
vn -0.0000 0.0000 -1.0000
vn 0.0000 0.0000 -1.0000
vn 0.0000 0.0000 -1.0000
vn 0.0000 0.0000 -1.0000
vn -0.0000 -0.0000 -1.0000
vn -0.0000 0.0000 -1.0000
vn 0.0000 0.0000 -1.0000
vn 0.0000 0.0000 -1.0000
vn -0.0000 0.0000 -1.0000
vn -0.0000 0.0000 -1.0000
vn 0.0000 0.0000 -1.0000
vn 0.0000 0.0000 -1.0000
vn 0.0000 0.0000 -1.0000
vn 0.0000 0.0000 -1.0000
vn 0.0000 0.0000 -1.0000
vn 0.0000 0.0000 -1.0000
vn 0.0000 0.0000 -1.0000
vn 0.0000 0.0000 -1.0000
vn 0.0000 0.0000 -1.0000
vn 0.0000 0.0000 -1.0000
vn 0.0000 0.0000 -1.0000
vn 0.0000 0.0000 -1.0000
vn 0.0000 0.0000 -1.0000
vn 0.0000 0.0000 -1.0000
vn 0.0000 0.0000 -1.0000
vn 0.0000 0.0000 -1.0000
vn -0.0000 0.0000 -1.0000
vn -0.0000 0.0000 -1.0000
vn 0.0000 0.0000 -1.0000
vn 0.0000 0.0000 -1.0000
vn -0.0000 -0.0000 -1.0000
vn -0.0000 0.0000 -1.0000
vn 0.0000 0.0000 -1.0000
vn 0.0000 0.0000 -1.0000
vn 0.0000 0.0000 -1.0000
vn 0.0000 0.0000 -1.0000
vn 0.0000 0.0000 -1.0000
vn 0.0000 0.0000 -1.0000
vn 0.0000 0.0000 -1.0000
vn 0.0000 -0.0000 -1.0000
vn 0.0000 -0.0000 -1.0000
vn 0.0000 0.0000 -1.0000
vn 0.0000 0.0000 -1.0000
vn 0.0000 0.0000 -1.0000
vn 0.0000 0.0000 -1.0000
vn 0.0000 0.0000 -1.0000
vn 0.0000 0.0000 -1.0000
vn 0.0000 0.0000 -1.0000
vn 0.0000 0.0000 -1.0000
vn 0.0000 -0.0000 -1.0000
vn 0.0000 -0.0000 -1.0000
vn -0.0000 0.0000 -1.0000
vn 0.0000 0.0000 -1.0000
vn 0.0000 0.0000 -1.0000
vn 0.0000 0.0000 -1.0000
vn 0.0000 0.0000 -1.0000
vn 0.0000 0.0000 -1.0000
vn -0.0000 -0.0000 -1.0000
vn 0.0000 0.0000 -1.0000
vn 0.0000 0.0000 -1.0000
vn 0.0000 -0.0000 -1.0000
vn 0.0000 0.0000 -1.0000
vn 0.0000 0.0000 -1.0000
vn 0.0000 0.0000 -1.0000
vn 0.0000 0.0000 -1.0000
vn 0.0000 0.0000 -1.0000
vn 0.0000 0.0000 -1.0000
vn 0.0000 0.0000 -1.0000
vn 0.0000 0.0000 -1.0000
vn 0.0000 0.0000 -1.0000
vn 0.0000 -0.0000 -1.0000
vn -0.0000 -0.0000 -1.0000
vn 0.0000 0.0000 -1.0000
vn 0.0000 0.0000 -1.0000
vn 0.0000 0.0000 -1.0000
vn 0.0000 0.0000 -1.0000
vn 0.0000 0.0000 -1.0000
vn 0.0000 0.0000 -1.0000
vn 0.0000 0.0000 -1.0000
vn 0.0000 -0.0000 -1.0000
vn 0.0000 -0.0000 -1.0000
vn 0.0000 0.0000 -1.0000
vn 0.0000 0.0000 -1.0000
vn 0.0000 0.0000 -1.0000
vn 0.0000 0.0000 -1.0000
vn 0.0000 0.0000 -1.0000
vn 0.0000 0.0000 -1.0000
vn 0.0000 0.0000 -1.0000
vn 0.0000 0.0000 -1.0000
vn 0.0000 -0.0000 -1.0000
vn 0.0000 -0.0000 -1.0000
vn 0.0000 0.0000 -1.0000
vn 0.0000 0.0000 -1.0000
vn 0.0000 0.0000 -1.0000
vn 0.0000 0.0000 -1.0000
vn 0.0000 0.0000 -1.0000
vn 0.0000 0.0000 -1.0000
vn 0.0000 -0.0000 -1.0000
vn 0.0000 0.0000 -1.0000
vn 0.0000 0.0000 -1.0000
vn 0.0000 0.0000 -1.0000
vn 0.0000 0.0000 -1.0000
vn 0.0000 0.0000 -1.0000
vn 0.0000 0.0000 -1.0000
vn 0.0000 0.0000 -1.0000
vn 0.0000 0.0000 -1.0000
vn 0.0000 0.0000 -1.0000
vn 0.0000 -0.0000 -1.0000
vn 0.0000 -0.0000 -1.0000
vn -0.0000 0.0000 -1.0000
vn 0.0000 0.0000 -1.0000
vn 0.0000 0.0000 -1.0000
vn 0.0000 0.0000 -1.0000
vn 0.0000 0.0000 -1.0000
vn 0.0000 0.0000 -1.0000
vn 0.0000 0.0000 -1.0000
vn 0.0000 0.0000 -1.0000
vn 0.0000 0.0000 -1.0000
vn 0.0000 -0.0000 -1.0000
vn 0.0000 0.0000 -1.0000
vn 0.0000 0.0000 -1.0000
vn 0.0000 0.0000 -1.0000
vn 0.0000 0.0000 -1.0000
vn 0.0000 0.0000 -1.0000
vn 0.0000 0.0000 -1.0000
vn 0.0000 0.0000 -1.0000
vn 0.0000 0.0000 -1.0000
vn 0.0000 -0.0000 -1.0000
vn 0.0000 -0.0000 -1.0000
vn -0.0000 0.0000 -1.0000
vn 0.0000 0.0000 -1.0000
vn 0.0000 0.0000 -1.0000
vn 0.0000 0.0000 -1.0000
vn 0.0000 0.0000 -1.0000
vn 0.0000 0.0000 -1.0000
vn -0.0000 0.0000 -1.0000
vn 0.0000 0.0000 -1.0000
vn 0.0000 -0.0000 -1.0000
vn 0.0000 -0.0000 -1.0000
vn 0.0000 0.0000 -1.0000
vn 0.0000 0.0000 -1.0000
vn 0.0000 0.0000 -1.0000
vn 0.0000 0.0000 -1.0000
vn 0.0000 0.0000 -1.0000
vn 0.0000 0.0000 -1.0000
vn 0.0000 0.0000 -1.0000
vn 0.0000 0.0000 -1.0000
vn 0.0000 -0.0000 -1.0000
vn 0.0000 0.0000 -1.0000
vn 0.0000 0.0000 -1.0000
vn 0.0000 0.0000 -1.0000
vn 0.0000 0.0000 -1.0000
vn -0.0000 -0.0000 -1.0000
vn 0.0000 0.0000 1.0000
vn 0.0000 0.0000 1.0000
vn 0.0000 0.0000 1.0000
vn 0.0000 0.0000 1.0000
vn -1.0000 0.0000 0.0000
vn -1.0000 0.0000 0.0000
vn -1.0000 0.0000 0.0000
vn -1.0000 0.0000 0.0000
vn -1.0000 0.0000 0.0000
vn -1.0000 0.0000 0.0000
vn -1.0000 0.0000 0.0000
vn -1.0000 0.0000 0.0000
vn -1.0000 0.0000 0.0000
vn -1.0000 0.0000 0.0000
vn -1.0000 0.0000 0.0000
vn -1.0000 0.0000 0.0000
vn -1.0000 0.0000 0.0000
vn -1.0000 0.0000 0.0000
vn -1.0000 0.0000 0.0000
vn -1.0000 0.0000 0.0000
vn -1.0000 0.0000 0.0000
vn -1.0000 0.0000 0.0000
vn -1.0000 0.0000 0.0000
vn -1.0000 0.0000 0.0000
vn -1.0000 0.0000 0.0000
vn -1.0000 0.0000 0.0000
vn -1.0000 0.0000 0.0000
vn -1.0000 0.0000 0.0000
vn -1.0000 0.0000 0.0000
vn -1.0000 0.0000 0.0000
vn -1.0000 0.0000 0.0000
vn -1.0000 0.0000 0.0000
vn -1.0000 0.0000 0.0000
vn -1.0000 0.0000 0.0000
vn -1.0000 0.0000 0.0000
vn -1.0000 0.0000 0.0000
vn -1.0000 0.0000 0.0000
vn -1.0000 0.0000 0.0000
vn -1.0000 0.0000 0.0000
vn -1.0000 0.0000 0.0000
vn -1.0000 -0.0000 0.0000
vn -1.0000 0.0000 0.0000
vn -1.0000 0.0000 0.0000
vn -1.0000 0.0000 0.0000
vn -1.0000 0.0000 0.0000
vn -1.0000 0.0000 0.0000
vn -1.0000 0.0000 0.0000
vn -1.0000 0.0000 0.0000
vn -1.0000 0.0000 0.0000
vn -1.0000 0.0000 0.0000
vn -1.0000 0.0000 0.0000
vn -1.0000 0.0000 0.0000
vn -1.0000 0.0000 0.0000
vn -1.0000 0.0000 0.0000
vn -1.0000 0.0000 0.0000
vn -1.0000 0.0000 0.0000
vn -1.0000 -0.0000 0.0000
vn -1.0000 -0.0000 -0.0000
vn -1.0000 0.0000 0.0000
vn -1.0000 0.0000 0.0000
vn -1.0000 0.0000 0.0000
vn -1.0000 0.0000 0.0000
vn -1.0000 0.0000 0.0000
vn -1.0000 0.0000 0.0000
vn -1.0000 0.0000 0.0000
vn -1.0000 0.0000 0.0000
vn -1.0000 0.0000 0.0000
vn -1.0000 0.0000 0.0000
vn -1.0000 0.0000 0.0000
vn -1.0000 0.0000 0.0000
vn -1.0000 0.0000 0.0000
vn -1.0000 0.0000 0.0000
vn -1.0000 0.0000 0.0000
vn -1.0000 -0.0000 -0.0000
vn -1.0000 0.0000 0.0000
vn -1.0000 0.0000 0.0000
vn -1.0000 0.0000 0.0000
vn -1.0000 0.0000 0.0000
vn -1.0000 0.0000 0.0000
vn -1.0000 0.0000 0.0000
vn -1.0000 0.0000 0.0000
vn -1.0000 0.0000 0.0000
vn -1.0000 0.0000 0.0000
vn -1.0000 0.0000 0.0000
vn -1.0000 0.0000 0.0000
vn -1.0000 0.0000 0.0000
vn -1.0000 0.0000 0.0000
vn -1.0000 0.0000 0.0000
vn -1.0000 0.0000 0.0000
vn -1.0000 -0.0000 -0.0000
vn -1.0000 0.0000 0.0000
vn -1.0000 0.0000 0.0000
vn -1.0000 0.0000 0.0000
vn -1.0000 0.0000 0.0000
vn -1.0000 0.0000 0.0000
vn -1.0000 0.0000 0.0000
vn -1.0000 0.0000 0.0000
vn -1.0000 0.0000 0.0000
vn -1.0000 0.0000 0.0000
vn -1.0000 0.0000 0.0000
vn -1.0000 0.0000 0.0000
vn -1.0000 0.0000 0.0000
vn -1.0000 0.0000 0.0000
vn -1.0000 0.0000 0.0000
vn -1.0000 0.0000 0.0000
vn -1.0000 0.0000 0.0000
vn -1.0000 0.0000 0.0000
vn -1.0000 -0.0000 -0.0000
vn -1.0000 0.0000 0.0000
vn -1.0000 0.0000 0.0000
vn -1.0000 0.0000 0.0000
vn -1.0000 0.0000 0.0000
vn -1.0000 0.0000 0.0000
vn -1.0000 0.0000 0.0000
vn -1.0000 0.0000 0.0000
vn -1.0000 0.0000 0.0000
vn -1.0000 0.0000 0.0000
vn -1.0000 0.0000 0.0000
vn -1.0000 0.0000 0.0000
vn -1.0000 0.0000 0.0000
vn -1.0000 0.0000 0.0000
vn -1.0000 0.0000 0.0000
vn -1.0000 0.0000 0.0000
vn -1.0000 0.0000 0.0000
vn -1.0000 0.0000 0.0000
vn -1.0000 0.0000 0.0000
vn -1.0000 -0.0000 -0.0000
vn -1.0000 -0.0000 -0.0000
vn -1.0000 -0.0000 -0.0000
vn -1.0000 -0.0000 -0.0000
vn -1.0000 -0.0000 -0.0000
vn -1.0000 -0.0000 -0.0000
vn -1.0000 0.0000 0.0000
vn -1.0000 -0.0000 0.0000
vn -1.0000 0.0000 0.0000
vn -1.0000 0.0000 0.0000
vn -1.0000 0.0000 0.0000
vn -1.0000 0.0000 0.0000
vn -1.0000 0.0000 0.0000
vn -1.0000 0.0000 0.0000
vn -1.0000 0.0000 0.0000
vn -1.0000 0.0000 0.0000
vn -1.0000 0.0000 0.0000
vn -1.0000 0.0000 0.0000
vn -1.0000 0.0000 0.0000
vn -1.0000 0.0000 0.0000
vn -1.0000 0.0000 0.0000
vn -1.0000 0.0000 0.0000
vn -1.0000 0.0000 0.0000
vn -1.0000 0.0000 0.0000
vn -1.0000 0.0000 0.0000
vn -1.0000 0.0000 0.0000
vn -1.0000 0.0000 0.0000
vn -1.0000 0.0000 0.0000
vn -1.0000 0.0000 0.0000
vn -1.0000 0.0000 0.0000
vn -1.0000 0.0000 0.0000
vn -1.0000 -0.0000 0.0000
vn -1.0000 -0.0000 0.0000
vn -1.0000 -0.0000 0.0000
vn -1.0000 -0.0000 0.0000
vn -1.0000 -0.0000 0.0000
vn -1.0000 -0.0000 0.0000
vn -1.0000 -0.0000 0.0000
vn -1.0000 0.0000 0.0000
vn -1.0000 0.0000 0.0000
vn -1.0000 0.0000 0.0000
vn -1.0000 0.0000 0.0000
vn -1.0000 0.0000 0.0000
vn -1.0000 0.0000 0.0000
vn -1.0000 0.0000 0.0000
vn -1.0000 0.0000 0.0000
vn -1.0000 0.0000 0.0000
vn -1.0000 0.0000 0.0000
vn -1.0000 0.0000 0.0000
vn -1.0000 0.0000 0.0000
vn -1.0000 0.0000 0.0000
vn -1.0000 0.0000 0.0000
vn -1.0000 0.0000 0.0000
vn -1.0000 0.0000 0.0000
vn -1.0000 0.0000 0.0000
vn -1.0000 0.0000 0.0000
vn -1.0000 -0.0000 -0.0000
vn -1.0000 -0.0000 -0.0000
vn -1.0000 0.0000 0.0000
vn -1.0000 0.0000 0.0000
vn -1.0000 0.0000 0.0000
vn -1.0000 0.0000 0.0000
vn -1.0000 0.0000 0.0000
vn -1.0000 0.0000 0.0000
vn -1.0000 0.0000 0.0000
vn -1.0000 0.0000 0.0000
vn -1.0000 0.0000 0.0000
vn -1.0000 0.0000 0.0000
vn -1.0000 0.0000 0.0000
vn -1.0000 0.0000 0.0000
vn -1.0000 0.0000 0.0000
vn -1.0000 0.0000 0.0000
vn -1.0000 0.0000 0.0000
vn -1.0000 0.0000 0.0000
vn -1.0000 0.0000 0.0000
vn -1.0000 0.0000 0.0000
vn -1.0000 0.0000 0.0000
vn -1.0000 0.0000 0.0000
vn -1.0000 0.0000 0.0000
vn -1.0000 0.0000 0.0000
vn -1.0000 0.0000 0.0000
vn -1.0000 -0.0000 -0.0000
vn -1.0000 -0.0000 -0.0000
vn -1.0000 0.0000 0.0000
vn -1.0000 0.0000 0.0000
vn -1.0000 -0.0000 -0.0000
vn -1.0000 -0.0000 0.0000
vn 0.0000 -1.0000 -0.0000
vn 0.0000 -1.0000 -0.0000
vn 0.0000 -1.0000 0.0000
vn 0.0000 -1.0000 -0.0000
vn -0.0000 1.0000 0.0000
vn -0.0000 1.0000 0.0000
vn -0.0000 1.0000 0.0000
vn -0.0000 1.0000 0.0000
vn 0.0000 0.0000 -1.0000
vn 0.0000 0.0000 -1.0000
vn 0.0000 0.0000 -1.0000
vn 0.0000 0.0000 -1.0000
vn 0.0000 0.0000 -1.0000
vn 0.0000 0.0000 -1.0000
f 16//16 17//17 18//18
f 16//16 18//18 19//19
f 7//7 8//8 27//27
f 7//7 27//27 28//28
f 88//88 40//40 41//41
f 104//104 41//41 42//42
f 104//104 88//88 41//41
f 82//82 62//62 63//63
f 82//82 63//63 81//81
f 83//83 61//61 62//62
f 83//83 62//62 82//82
f 84//84 60//60 61//61
f 84//84 61//61 83//83
f 85//85 59//59 60//60
f 85//85 60//60 84//84
f 86//86 58//58 59//59
f 86//86 59//59 85//85
f 87//87 57//57 58//58
f 87//87 58//58 86//86
f 36//36 35//35 57//57
f 36//36 57//57 87//87
f 88//88 72//72 56//56
f 88//88 56//56 40//40
f 98//98 99//99 47//47
f 97//97 48//48 49//49
f 97//97 98//98 48//48
f 96//96 49//49 50//50
f 96//96 97//97 49//49
f 76//76 69//69 75//75
f 77//77 67//67 68//68
f 77//77 68//68 76//76
f 78//78 66//66 67//67
f 78//78 67//67 77//77
f 79//79 65//65 66//66
f 79//79 66//66 78//78
f 80//80 64//64 65//65
f 80//80 65//65 79//79
f 81//81 63//63 64//64
f 81//81 64//64 80//80
f 74//74 70//70 71//71
f 74//74 71//71 73//73
f 75//75 69//69 70//70
f 75//75 70//70 74//74
f 76//76 68//68 69//69
f 103//103 42//42 43//43
f 103//103 104//104 42//42
f 102//102 43//43 44//44
f 102//102 103//103 43//43
f 101//101 44//44 45//45
f 101//101 102//102 44//44
f 100//100 45//45 46//46
f 100//100 101//101 45//45
f 99//99 46//46 47//47
f 99//99 100//100 46//46
f 98//98 47//47 48//48
f 95//95 96//96 50//50
f 94//94 51//51 52//52
f 94//94 95//95 51//51
f 93//93 52//52 53//53
f 93//93 94//94 52//52
f 92//92 53//53 54//54
f 92//92 93//93 53//53
f 91//91 54//54 55//55
f 91//91 92//92 54//54
f 90//90 55//55 39//39
f 90//90 91//91 55//55
f 89//89 90//90 39//39
f 105//105 89//89 39//39
f 105//105 39//39 38//38
f 73//73 56//56 72//72
f 73//73 71//71 56//56
f 6//6 7//7 28//28
f 5//5 29//29 30//30
f 5//5 6//6 29//29
f 4//4 30//30 31//31
f 4//4 5//5 30//30
f 3//3 31//31 32//32
f 3//3 4//4 31//31
f 2//2 32//32 33//33
f 2//2 3//3 32//32
f 1//1 33//33 34//34
f 1//1 2//2 33//33
f 36//36 1//1 34//34
f 36//36 34//34 35//35
f 17//17 37//37 18//18
f 17//17 106//106 37//37
f 95//95 50//50 51//51
f 15//15 19//19 20//20
f 15//15 16//16 19//19
f 6//6 28//28 29//29
f 8//8 9//9 26//26
f 14//14 20//20 21//21
f 14//14 15//15 20//20
f 13//13 21//21 22//22
f 13//13 14//14 21//21
f 12//12 22//22 23//23
f 12//12 13//13 22//22
f 11//11 23//23 24//24
f 11//11 12//12 23//23
f 10//10 24//24 25//25
f 10//10 11//11 24//24
f 9//9 25//25 26//26
f 9//9 10//10 25//25
f 8//8 26//26 27//27
f 107//107 110//110 109//109
f 107//107 109//109 108//108
f 119//119 115//115 112//112
f 124//124 123//123 107//107
f 300//300 281//281 284//284
f 281//281 282//282 284//284
f 123//123 110//110 107//107
f 123//123 119//119 112//112
f 123//123 122//122 121//121
f 123//123 121//121 120//120
f 123//123 120//120 119//119
f 123//123 112//112 111//111
f 123//123 111//111 110//110
f 285//285 288//288 287//287
f 285//285 287//287 286//286
f 299//299 298//298 297//297
f 297//297 296//296 294//294
f 296//296 295//295 294//294
f 230//230 180//180 206//206
f 206//206 181//181 182//182
f 206//206 180//180 181//181
f 180//180 161//161 179//179
f 161//161 176//176 172//172
f 161//161 172//172 162//162
f 161//161 177//177 176//176
f 161//161 162//162 179//179
f 176//176 175//175 172//172
f 175//175 174//174 172//172
f 174//174 173//173 172//172
f 172//172 171//171 167//167
f 172//172 167//167 162//162
f 182//182 189//189 183//183
f 182//182 181//181 189//189
f 183//183 188//188 184//184
f 148//148 147//147 220//220
f 148//148 220//220 219//219
f 147//147 146//146 221//221
f 147//147 221//221 220//220
f 146//146 145//145 222//222
f 146//146 222//222 221//221
f 145//145 161//161 180//180
f 145//145 180//180 226//226
f 145//145 226//226 225//225
f 145//145 225//225 224//224
f 145//145 224//224 223//223
f 145//145 223//223 222//222
f 226//226 180//180 227//227
f 227//227 180//180 228//228
f 228//228 180//180 229//229
f 229//229 180//180 230//230
f 135//135 134//134 133//133
f 135//135 133//133 132//132
f 135//135 132//132 131//131
f 131//131 130//130 129//129
f 131//131 129//129 128//128
f 154//154 153//153 214//214
f 153//153 152//152 215//215
f 153//153 215//215 214//214
f 152//152 151//151 216//216
f 152//152 216//216 215//215
f 151//151 150//150 217//217
f 151//151 217//217 216//216
f 150//150 149//149 218//218
f 150//150 218//218 217//217
f 149//149 148//148 219//219
f 149//149 219//219 218//218
f 126//126 214//214 213//213
f 126//126 213//213 212//212
f 126//126 212//212 211//211
f 126//126 211//211 210//210
f 126//126 210//210 209//209
f 127//127 128//128 144//144
f 127//127 143//143 128//128
f 143//143 142//142 141//141
f 143//143 141//141 128//128
f 141//141 140//140 128//128
f 140//140 135//135 128//128
f 140//140 139//139 135//135
f 139//139 138//138 135//135
f 138//138 137//137 136//136
f 138//138 136//136 135//135
f 135//135 131//131 128//128
f 126//126 209//209 208//208
f 126//126 208//208 207//207
f 126//126 144//144 160//160
f 126//126 160//160 159//159
f 126//126 159//159 158//158
f 126//126 158//158 157//157
f 126//126 157//157 156//156
f 126//126 156//156 155//155
f 126//126 155//155 154//154
f 126//126 154//154 214//214
f 126//126 127//127 144//144
f 126//126 207//207 231//231
f 126//126 231//231 125//125
f 183//183 189//189 188//188
f 171//171 170//170 169//169
f 171//171 169//169 167//167
f 184//184 188//188 185//185
f 185//185 188//188 186//186
f 186//186 188//188 187//187
f 189//189 181//181 205//205
f 189//189 191//191 190//190
f 189//189 205//205 191//191
f 205//205 204//204 191//191
f 191//191 204//204 192//192
f 169//169 168//168 167//167
f 204//204 203//203 192//192
f 192//192 203//203 202//202
f 192//192 202//202 201//201
f 192//192 201//201 200//200
f 192//192 200//200 193//193
f 193//193 196//196 195//195
f 193//193 195//195 194//194
f 193//193 200//200 196//196
f 200//200 199//199 198//198
f 200//200 198//198 197//197
f 200//200 197//197 196//196
f 167//167 166//166 165//165
f 167//167 165//165 162//162
f 165//165 164//164 162//162
f 179//179 162//162 178//178
f 164//164 163//163 162//162
f 231//231 255//255 125//125
f 255//255 254//254 125//125
f 254//254 253//253 125//125
f 253//253 252//252 125//125
f 252//252 251//251 125//125
f 251//251 250//250 125//125
f 250//250 249//249 125//125
f 249//249 308//308 307//307
f 249//249 307//307 125//125
f 249//249 248//248 308//308
f 248//248 309//309 308//308
f 248//248 247//247 309//309
f 247//247 246//246 310//310
f 247//247 310//310 309//309
f 246//246 245//245 311//311
f 246//246 311//311 310//310
f 245//245 244//244 312//312
f 245//245 312//312 311//311
f 244//244 243//243 313//313
f 244//244 313//313 312//312
f 243//243 242//242 314//314
f 243//243 314//314 313//313
f 242//242 241//241 315//315
f 242//242 315//315 314//314
f 241//241 240//240 300//300
f 241//241 300//300 315//315
f 240//240 239//239 300//300
f 239//239 238//238 300//300
f 238//238 281//281 300//300
f 238//238 237//237 281//281
f 237//237 236//236 281//281
f 236//236 235//235 281//281
f 235//235 234//234 281//281
f 234//234 233//233 281//281
f 233//233 232//232 281//281
f 256//256 280//280 279//279
f 256//256 257//257 232//232
f 256//256 279//279 257//257
f 232//232 257//257 281//281
f 279//279 278//278 277//277
f 279//279 277//277 274//274
f 279//279 274//274 257//257
f 277//277 276//276 275//275
f 277//277 275//275 274//274
f 274//274 273//273 272//272
f 274//274 272//272 257//257
f 272//272 271//271 257//257
f 271//271 270//270 257//257
f 270//270 269//269 266//266
f 270//270 266//266 257//257
f 269//269 268//268 266//266
f 268//268 267//267 266//266
f 119//119 118//118 117//117
f 119//119 117//117 116//116
f 119//119 116//116 115//115
f 112//112 115//115 114//114
f 112//112 114//114 113//113
f 282//282 283//283 284//284
f 284//284 283//283 289//289
f 284//284 289//289 285//285
f 283//283 290//290 289//289
f 283//283 299//299 297//297
f 283//283 297//297 294//294
f 283//283 294//294 290//290
f 285//285 289//289 288//288
f 266//266 265//265 257//257
f 265//265 264//264 257//257
f 264//264 263//263 257//257
f 263//263 258//258 257//257
f 263//263 262//262 258//258
f 262//262 259//259 258//258
f 262//262 261//261 259//259
f 261//261 260//260 259//259
f 125//125 307//307 306//306
f 125//125 306//306 305//305
f 125//125 305//305 304//304
f 125//125 304//304 303//303
f 125//125 303//303 302//302
f 125//125 302//302 301//301
f 125//125 301//301 124//124
f 125//125 124//124 107//107
f 290//290 294//294 293//293
f 290//290 293//293 292//292
f 290//290 292//292 291//291
f 417//417 418//418 354//354
f 417//417 354//354 355//355
f 418//418 419//419 353//353
f 410//410 361//361 362//362
f 411//411 412//412 360//360
f 411//411 360//360 361//361
f 412//412 413//413 359//359
f 412//412 359//359 360//360
f 413//413 414//414 358//358
f 413//413 358//358 359//359
f 414//414 415//415 357//357
f 414//414 357//357 358//358
f 415//415 416//416 356//356
f 415//415 356//356 357//357
f 416//416 417//417 355//355
f 416//416 355//355 356//356
f 387//387 351//351 335//335
f 387//387 403//403 351//351
f 403//403 404//404 351//351
f 404//404 405//405 367//367
f 404//404 367//367 351//351
f 405//405 406//406 366//366
f 405//405 366//366 367//367
f 406//406 407//407 365//365
f 406//406 365//365 366//366
f 407//407 408//408 364//364
f 407//407 364//364 365//365
f 408//408 409//409 363//363
f 408//408 363//363 364//364
f 398//398 340//340 341//341
f 397//397 342//342 396//396
f 397//397 341//341 342//342
f 396//396 343//343 395//395
f 396//396 342//342 343//343
f 395//395 344//344 394//394
f 395//395 343//343 344//344
f 394//394 345//345 393//393
f 394//394 344//344 345//345
f 393//393 346//346 392//392
f 393//393 345//345 346//346
f 392//392 347//347 391//391
f 392//392 346//346 347//347
f 391//391 348//348 390//390
f 391//391 347//347 348//348
f 390//390 349//349 389//389
f 390//390 348//348 349//349
f 389//389 350//350 388//388
f 389//389 349//349 350//350
f 388//388 350//350 334//334
f 388//388 334//334 386//386
f 385//385 334//334 318//318
f 385//385 386//386 334//334
f 369//369 370//370 333//333
f 369//369 333//333 317//317
f 370//370 371//371 332//332
f 370//370 332//332 333//333
f 371//371 372//372 331//331
f 371//371 331//331 332//332
f 372//372 373//373 330//330
f 480//480 477//477 352//352
f 477//477 483//483 352//352
f 477//477 479//479 478//478
f 483//483 421//421 352//352
f 483//483 481//481 421//421
f 483//483 482//482 481//481
f 352//352 421//421 368//368
f 372//372 330//330 331//331
f 373//373 374//374 329//329
f 373//373 329//329 330//330
f 374//374 375//375 328//328
f 374//374 328//328 329//329
f 375//375 376//376 327//327
f 375//375 327//327 328//328
f 376//376 377//377 326//326
f 376//376 326//326 327//327
f 492//492 494//494 493//493
f 472//472 471//471 470//470
f 472//472 470//470 469//469
f 491//491 488//488 352//352
f 491//491 490//490 488//488
f 488//488 476//476 352//352
f 488//488 490//490 489//489
f 540//540 369//369 317//317
f 476//476 475//475 473//473
f 473//473 487//487 352//352
f 473//473 475//475 474//474
f 487//487 486//486 484//484
f 487//487 484//484 352//352
f 484//484 480//480 352//352
f 484//484 486//486 485//485
f 480//480 479//479 477//477
f 508//508 510//510 509//509
f 456//456 455//455 453//453
f 453//453 455//455 454//454
f 507//507 505//505 504//504
f 507//507 506//506 505//505
f 460//460 459//459 457//457
f 457//457 459//459 458//458
f 540//540 317//317 316//316
f 500//500 502//502 501//501
f 464//464 463//463 461//461
f 461//461 463//463 462//462
f 499//499 498//498 496//496
f 496//496 498//498 497//497
f 468//468 467//467 465//465
f 465//465 467//467 466//466
f 495//495 494//494 492//492
f 527//527 526//526 525//525
f 440//440 438//438 437//437
f 440//440 439//439 438//438
f 523//523 521//521 520//520
f 523//523 522//522 521//521
f 444//444 442//442 441//441
f 444//444 443//443 442//442
f 476//476 473//473 352//352
f 516//516 518//518 517//517
f 448//448 446//446 445//445
f 448//448 447//447 446//446
f 515//515 513//513 512//512
f 515//515 514//514 513//513
f 452//452 450//450 449//449
f 452//452 451//451 450//450
f 511//511 510//510 508//508
f 419//419 422//422 539//539
f 420//420 424//424 422//422
f 422//422 424//424 423//423
f 539//539 538//538 536//536
f 536//536 538//538 537//537
f 428//428 426//426 425//425
f 428//428 427//427 426//426
f 503//503 502//502 500//500
f 532//532 534//534 533//533
f 432//432 430//430 429//429
f 432//432 431//431 430//430
f 531//531 530//530 528//528
f 528//528 530//530 529//529
f 436//436 435//435 433//433
f 433//433 435//435 434//434
f 527//527 525//525 524//524
f 461//461 419//419 464//464
f 499//499 419//419 461//461
f 496//496 419//419 499//499
f 468//468 419//419 496//496
f 352//352 419//419 468//468
f 419//419 420//420 422//422
f 419//419 539//539 536//536
f 519//519 518//518 516//516
f 419//419 428//428 425//425
f 419//419 432//432 429//429
f 419//419 528//528 436//436
f 419//419 429//429 531//531
f 419//419 532//532 432//432
f 419//419 425//425 535//535
f 419//419 536//536 428//428
f 419//419 531//531 528//528
f 456//456 419//419 508//508
f 352//352 469//469 491//491
f 352//352 472//472 469//469
f 352//352 492//492 472//472
f 352//352 495//495 492//492
f 445//445 419//419 448//448
f 515//515 419//419 445//445
f 512//512 419//419 515//515
f 452//452 419//419 512//512
f 449//449 419//419 452//452
f 511//511 419//419 449//449
f 508//508 419//419 511//511
f 535//535 534//534 532//532
f 453//453 419//419 456//456
f 507//507 419//419 453//453
f 504//504 419//419 507//507
f 460//460 419//419 504//504
f 457//457 419//419 460//460
f 503//503 419//419 457//457
f 500//500 419//419 503//503
f 464//464 419//419 500//500
f 352//352 465//465 495//495
f 352//352 468//468 465//465
f 433//433 419//419 436//436
f 527//527 419//419 433//433
f 524//524 419//419 527//527
f 440//440 419//419 524//524
f 419//419 535//535 532//532
f 437//437 419//419 440//440
f 523//523 419//419 437//437
f 520//520 419//419 523//523
f 444//444 419//419 520//520
f 441//441 419//419 444//444
f 519//519 419//419 441//441
f 516//516 419//419 519//519
f 448//448 419//419 516//516
f 418//418 353//353 354//354
f 419//419 352//352 353//353
f 387//387 336//336 402//402
f 387//387 335//335 336//336
f 402//402 337//337 401//401
f 402//402 336//336 337//337
f 401//401 338//338 400//400
f 401//401 337//337 338//338
f 400//400 339//339 399//399
f 400//400 338//338 339//339
f 399//399 340//340 398//398
f 399//399 339//339 340//340
f 398//398 341//341 397//397
f 409//409 410//410 362//362
f 409//409 362//362 363//363
f 410//410 411//411 361//361
f 377//377 378//378 325//325
f 377//377 325//325 326//326
f 378//378 379//379 324//324
f 378//378 324//324 325//325
f 379//379 380//380 323//323
f 379//379 323//323 324//324
f 380//380 381//381 322//322
f 380//380 322//322 323//323
f 381//381 382//382 321//321
f 381//381 321//321 322//322
f 382//382 383//383 320//320
f 382//382 320//320 321//321
f 383//383 384//384 319//319
f 383//383 319//319 320//320
f 384//384 318//318 319//319
f 384//384 385//385 318//318
f 592//592 566//566 542//542
f 641//641 642//642 591//591
f 641//641 591//591 567//567
f 624//624 583//583 584//584
f 623//623 624//624 584//584
f 623//623 584//584 585//585
f 622//622 623//623 585//585
f 622//622 585//585 586//586
f 621//621 622//622 586//586
f 621//621 586//586 587//587
f 620//620 621//621 587//587
f 620//620 587//587 588//588
f 619//619 620//620 588//588
f 619//619 588//588 589//589
f 618//618 619//619 589//589
f 618//618 589//589 590//590
f 617//617 590//590 566//566
f 617//617 618//618 590//590
f 592//592 617//617 566//566
f 632//632 633//633 575//575
f 631//631 576//576 577//577
f 631//631 632//632 576//576
f 630//630 577//577 578//578
f 630//630 631//631 577//577
f 629//629 630//630 578//578
f 629//629 578//578 579//579
f 628//628 629//629 579//579
f 628//628 579//579 580//580
f 627//627 628//628 580//580
f 627//627 580//580 581//581
f 626//626 627//627 581//581
f 626//626 581//581 582//582
f 625//625 626//626 582//582
f 625//625 582//582 583//583
f 624//624 625//625 583//583
f 640//640 567//567 568//568
f 639//639 568//568 569//569
f 639//639 640//640 568//568
f 638//638 569//569 570//570
f 638//638 639//639 569//569
f 637//637 570//570 571//571
f 637//637 638//638 570//570
f 636//636 571//571 572//572
f 636//636 637//637 571//571
f 635//635 572//572 573//573
f 635//635 636//636 572//572
f 634//634 573//573 574//574
f 634//634 635//635 573//573
f 633//633 574//574 575//575
f 633//633 634//634 574//574
f 632//632 575//575 576//576
f 610//610 549//549 609//609
f 610//610 548//548 549//549
f 611//611 548//548 610//610
f 611//611 547//547 548//548
f 612//612 547//547 611//611
f 613//613 545//545 546//546
f 613//613 546//546 547//547
f 613//613 547//547 612//612
f 614//614 544//544 545//545
f 614//614 545//545 613//613
f 615//615 543//543 544//544
f 615//615 544//544 614//614
f 616//616 543//543 615//615
f 592//592 542//542 543//543
f 592//592 543//543 616//616
f 640//640 641//641 567//567
f 602//602 556//556 557//557
f 602//602 557//557 601//601
f 603//603 555//555 556//556
f 603//603 556//556 602//602
f 604//604 554//554 555//555
f 604//604 555//555 603//603
f 605//605 553//553 554//554
f 605//605 554//554 604//604
f 606//606 553//553 605//605
f 606//606 552//552 553//553
f 607//607 552//552 606//606
f 607//607 551//551 552//552
f 608//608 551//551 607//607
f 608//608 550//550 551//551
f 609//609 550//550 608//608
f 609//609 549//549 550//550
f 594//594 564//564 565//565
f 594//594 565//565 593//593
f 595//595 563//563 564//564
f 595//595 564//564 594//594
f 596//596 562//562 563//563
f 596//596 563//563 595//595
f 597//597 561//561 562//562
f 597//597 562//562 596//596
f 598//598 560//560 561//561
f 598//598 561//561 597//597
f 599//599 559//559 560//560
f 599//599 560//560 598//598
f 600//600 558//558 559//559
f 600//600 559//559 599//599
f 601//601 557//557 558//558
f 601//601 558//558 600//600
f 593//593 565//565 541//541
f 717//717 672//672 673//673
f 718//718 671//671 672//672
f 718//718 670//670 671//671
f 717//717 673//673 716//716
f 716//716 673//673 674//674
f 709//709 681//681 708//708
f 710//710 680//680 709//709
f 709//709 680//680 681//681
f 721//721 722//722 667//667
f 708//708 681//681 682//682
f 707//707 682//682 683//683
f 708//708 682//682 707//707
f 705//705 685//685 704//704
f 706//706 683//683 684//684
f 706//706 684//684 705//705
f 707//707 683//683 706//706
f 703//703 687//687 702//702
f 704//704 685//685 686//686
f 704//704 686//686 703//703
f 705//705 684//684 685//685
f 720//720 721//721 668//668
f 716//716 674//674 715//715
f 715//715 675//675 714//714
f 703//703 686//686 687//687
f 721//721 667//667 668//668
f 720//720 668//668 644//644
f 710//710 679//679 680//680
f 735//735 653//653 654//654
f 735//735 736//736 653//653
f 734//734 654//654 655//655
f 734//734 735//735 654//654
f 733//733 655//655 656//656
f 741//741 647//647 648//648
f 742//742 743//743 646//646
f 742//742 646//646 647//647
f 743//743 645//645 646//646
f 743//743 719//719 645//645
f 719//719 669//669 645//645
f 719//719 695//695 669//669
f 694//694 670//670 718//718
f 718//718 672//672 717//717
f 711//711 679//679 710//710
f 741//741 742//742 647//647
f 740//740 648//648 649//649
f 739//739 740//740 649//649
f 738//738 650//650 651//651
f 740//740 741//741 648//648
f 739//739 649//649 650//650
f 713//713 676//676 677//677
f 714//714 675//675 676//676
f 712//712 677//677 678//678
f 713//713 677//677 712//712
f 712//712 678//678 711//711
f 711//711 678//678 679//679
f 738//738 739//739 650//650
f 744//744 644//644 643//643
f 702//702 687//687 688//688
f 702//702 688//688 701//701
f 701//701 688//688 689//689
f 701//701 689//689 700//700
f 700//700 690//690 699//699
f 700//700 689//689 690//690
f 696//696 693//693 669//669
f 696//696 669//669 695//695
f 725//725 726//726 663//663
f 726//726 662//662 663//663
f 697//697 692//692 693//693
f 697//697 693//693 696//696
f 699//699 690//690 691//691
f 744//744 720//720 644//644
f 698//698 691//691 692//692
f 698//698 692//692 697//697
f 699//699 691//691 698//698
f 725//725 663//663 664//664
f 724//724 664//664 665//665
f 724//724 725//725 664//664
f 723//723 665//665 666//666
f 722//722 723//723 666//666
f 722//722 666//666 667//667
f 723//723 724//724 665//665
f 733//733 734//734 655//655
f 732//732 733//733 656//656
f 732//732 656//656 657//657
f 731//731 732//732 657//657
f 731//731 657//657 658//658
f 730//730 731//731 658//658
f 730//730 658//658 659//659
f 737//737 651//651 652//652
f 737//737 738//738 651//651
f 736//736 652//652 653//653
f 736//736 737//737 652//652
f 727//727 728//728 661//661
f 727//727 661//661 662//662
f 726//726 727//727 662//662
f 714//714 676//676 713//713
f 715//715 674//674 675//675
f 729//729 659//659 660//660
f 728//728 729//729 660//660
f 728//728 660//660 661//661
f 729//729 730//730 659//659
f 747//747 745//745 748//748
f 746//746 745//745 747//747
f 750//750 749//749 752//752
f 750//750 752//752 751//751
f 754//754 756//756 755//755
f 754//754 753//753 756//756
f 758//758 757//757 759//759
f 759//759 757//757 760//760
f 762//762 761//761 764//764
f 762//762 764//764 763//763
f 766//766 768//768 767//767
f 766//766 765//765 768//768
f 771//771 769//769 772//772
f 770//770 769//769 771//771
f 774//774 773//773 776//776
f 774//774 776//776 775//775
f 778//778 777//777 780//780
f 778//778 780//780 779//779
f 782//782 781//781 784//784
f 782//782 784//784 783//783
f 786//786 785//785 787//787
f 787//787 785//785 788//788
f 790//790 792//792 791//791
f 790//790 789//789 792//792
f 794//794 796//796 795//795
f 794//794 793//793 796//796
f 798//798 797//797 800//800
f 798//798 800//800 799//799
f 802//802 804//804 803//803
f 802//802 801//801 804//804
f 806//806 805//805 807//807
f 807//807 805//805 808//808
f 810//810 809//809 811//811
f 811//811 809//809 812//812
f 814//814 813//813 815//815
f 815//815 813//813 816//816
f 818//818 820//820 819//819
f 818//818 817//817 820//820
f 822//822 821//821 823//823
f 823//823 821//821 824//824
f 826//826 825//825 828//828
f 826//826 828//828 827//827
f 830//830 829//829 831//831
f 831//831 829//829 832//832
f 834//834 833//833 836//836
f 834//834 836//836 835//835
f 838//838 837//837 839//839
f 839//839 837//837 840//840
f 842//842 844//844 843//843
f 842//842 841//841 844//844
f 847//847 845//845 848//848
f 846//846 845//845 847//847
f 850//850 849//849 851//851
f 851//851 849//849 852//852
f 855//855 853//853 856//856
f 854//854 853//853 855//855
f 858//858 860//860 859//859
f 858//858 857//857 860//860
f 863//863 861//861 864//864
f 862//862 861//861 863//863
f 866//866 867//867 868//868
f 866//866 868//868 865//865
f 870//870 872//872 869//869
f 870//870 871//871 872//872
f 874//874 876//876 873//873
f 874//874 875//875 876//876
f 878//878 880//880 877//877
f 878//878 879//879 880//880
f 882//882 883//883 884//884
f 882//882 884//884 881//881
f 886//886 888//888 885//885
f 886//886 887//887 888//888
f 890//890 892//892 889//889
f 890//890 891//891 892//892
f 894//894 896//896 893//893
f 894//894 895//895 896//896
f 898//898 900//900 897//897
f 898//898 899//899 900//900
f 902//902 903//903 904//904
f 902//902 904//904 901//901
f 906//906 908//908 905//905
f 906//906 907//907 908//908
f 910//910 912//912 909//909
f 910//910 911//911 912//912
f 914//914 915//915 916//916
f 914//914 916//916 913//913
f 918//918 920//920 917//917
f 918//918 919//919 920//920
f 922//922 924//924 921//921
f 922//922 923//923 924//924
f 926//926 928//928 925//925
f 926//926 927//927 928//928
f 930//930 932//932 929//929
f 930//930 931//931 932//932
f 934//934 936//936 933//933
f 934//934 935//935 936//936
f 938//938 940//940 937//937
f 938//938 939//939 940//940
f 942//942 944//944 941//941
f 942//942 943//943 944//944
f 946//946 947//947 948//948
f 946//946 948//948 945//945
f 950//950 952//952 949//949
f 950//950 951//951 952//952
f 954//954 956//956 953//953
f 954//954 955//955 956//956
f 958//958 960//960 957//957
f 958//958 959//959 960//960
f 962//962 964//964 961//961
f 962//962 963//963 964//964
f 966//966 968//968 965//965
f 966//966 967//967 968//968
f 970//970 972//972 969//969
f 970//970 971//971 972//972
f 974//974 976//976 973//973
f 974//974 975//975 976//976
f 978//978 979//979 980//980
f 978//978 980//980 977//977
f 982//982 983//983 984//984
f 982//982 984//984 981//981
f 987//987 985//985 988//988
f 987//987 988//988 986//986
f 990//990 991//991 992//992
f 990//990 992//992 989//989
f 994//994 995//995 996//996
f 994//994 996//996 993//993
f 998//998 999//999 1000//1000
f 998//998 1000//1000 997//997
f 1002//1002 1003//1003 1004//1004
f 1002//1002 1004//1004 1001//1001
f 1006//1006 1007//1007 1008//1008
f 1006//1006 1008//1008 1005//1005
f 1010//1010 1011//1011 1012//1012
f 1010//1010 1012//1012 1009//1009
f 1014//1014 1015//1015 1016//1016
f 1014//1014 1016//1016 1013//1013
f 1018//1018 1020//1020 1017//1017
f 1018//1018 1019//1019 1020//1020
f 1022//1022 1024//1024 1021//1021
f 1022//1022 1023//1023 1024//1024
f 1026//1026 1028//1028 1025//1025
f 1026//1026 1027//1027 1028//1028
f 1030//1030 1032//1032 1029//1029
f 1030//1030 1031//1031 1032//1032
f 1034//1034 1036//1036 1033//1033
f 1034//1034 1035//1035 1036//1036
f 1038//1038 1040//1040 1037//1037
f 1038//1038 1039//1039 1040//1040
f 1042//1042 1044//1044 1041//1041
f 1042//1042 1043//1043 1044//1044
f 1046//1046 1047//1047 1048//1048
f 1046//1046 1048//1048 1045//1045
f 1050//1050 1052//1052 1049//1049
f 1050//1050 1051//1051 1052//1052
f 1054//1054 1056//1056 1053//1053
f 1054//1054 1055//1055 1056//1056
f 1058//1058 1060//1060 1057//1057
f 1058//1058 1059//1059 1060//1060
f 1062//1062 1063//1063 1064//1064
f 1062//1062 1064//1064 1061//1061
f 1066//1066 1067//1067 1068//1068
f 1066//1066 1068//1068 1065//1065
f 1070//1070 1072//1072 1069//1069
f 1070//1070 1071//1071 1072//1072
f 1074//1074 1076//1076 1073//1073
f 1074//1074 1075//1075 1076//1076
f 1078//1078 1079//1079 1080//1080
f 1078//1078 1080//1080 1077//1077
f 1082//1082 1083//1083 1084//1084
f 1082//1082 1084//1084 1081//1081
f 1086//1086 1088//1088 1085//1085
f 1086//1086 1087//1087 1088//1088
f 1090//1090 1092//1092 1089//1089
f 1090//1090 1091//1091 1092//1092
f 1094//1094 1096//1096 1093//1093
f 1094//1094 1095//1095 1096//1096
f 1098//1098 1100//1100 1097//1097
f 1098//1098 1099//1099 1100//1100
f 1102//1102 1103//1103 1104//1104
f 1102//1102 1104//1104 1101//1101
f 1107//1107 1108//1108 1106//1106
f 1107//1107 1106//1106 1105//1105
f 1112//1112 1109//1109 1110//1110
f 1113//1113 1114//1114 1112//1112
f 1111//1111 1112//1112 1110//1110
f 1113//1113 1112//1112 1111//1111
f 1118//1118 1116//1116 1115//1115
f 1118//1118 1117//1117 1116//1116
f 1121//1121 1120//1120 1119//1119
f 1121//1121 1122//1122 1120//1120
f 1126//1126 1123//1123 1124//1124
f 1127//1127 1128//1128 1126//1126
f 1125//1125 1126//1126 1124//1124
f 1127//1127 1126//1126 1125//1125
f 1131//1131 1130//1130 1129//1129
f 1131//1131 1132//1132 1130//1130
f 1135//1135 1134//1134 1133//1133
f 1135//1135 1136//1136 1134//1134
f 1139//1139 1140//1140 1138//1138
f 1141//1141 1140//1140 1139//1139
f 1140//1140 1137//1137 1138//1138
f 1141//1141 1142//1142 1140//1140
f 1145//1145 1144//1144 1143//1143
f 1145//1145 1146//1146 1144//1144
f 1149//1149 1148//1148 1147//1147
f 1149//1149 1150//1150 1148//1148
f 1153//1153 1154//1154 1152//1152
f 1155//1155 1154//1154 1153//1153
f 1154//1154 1151//1151 1152//1152
f 1155//1155 1156//1156 1154//1154
f 1159//1159 1160//1160 1158//1158
f 1159//1159 1158//1158 1157//1157
f 1163//1163 1162//1162 1161//1161
f 1163//1163 1164//1164 1162//1162
f 1169//1169 1170//1170 1168//1168
f 1168//1168 1165//1165 1166//1166
f 1169//1169 1168//1168 1167//1167
f 1167//1167 1168//1168 1166//1166
f 1173//1173 1174//1174 1172//1172
f 1173//1173 1172//1172 1171//1171
f 1177//1177 1178//1178 1176//1176
f 1177//1177 1176//1176 1175//1175
f 1183//1183 1184//1184 1182//1182
f 1182//1182 1179//1179 1180//1180
f 1183//1183 1182//1182 1181//1181
f 1181//1181 1182//1182 1180//1180
f 1187//1187 1188//1188 1186//1186
f 1187//1187 1186//1186 1185//1185
f 1191//1191 1192//1192 1190//1190
f 1191//1191 1190//1190 1189//1189
f 1196//1196 1193//1193 1194//1194
f 1197//1197 1198//1198 1196//1196
f 1195//1195 1196//1196 1194//1194
f 1197//1197 1196//1196 1195//1195
f 1201//1201 1200//1200 1199//1199
f 1201//1201 1202//1202 1200//1200
f 1205//1205 1204//1204 1203//1203
f 1205//1205 1206//1206 1204//1204
f 1210//1210 1207//1207 1208//1208
f 1211//1211 1212//1212 1210//1210
f 1209//1209 1210//1210 1208//1208
f 1211//1211 1210//1210 1209//1209
f 1215//1215 1216//1216 1214//1214
f 1215//1215 1214//1214 1213//1213
f 1219//1219 1220//1220 1218//1218
f 1219//1219 1218//1218 1217//1217
f 1225//1225 1226//1226 1224//1224
f 1225//1225 1224//1224 1223//1223
f 1223//1223 1224//1224 1222//1222
f 1224//1224 1221//1221 1222//1222
f 1229//1229 1228//1228 1227//1227
f 1229//1229 1230//1230 1228//1228
f 1233//1233 1232//1232 1231//1231
f 1233//1233 1234//1234 1232//1232
f 1239//1239 1240//1240 1238//1238
f 1239//1239 1238//1238 1237//1237
f 1237//1237 1238//1238 1236//1236
f 1238//1238 1235//1235 1236//1236
f 1243//1243 1242//1242 1241//1241
f 1243//1243 1244//1244 1242//1242
f 1247//1247 1248//1248 1246//1246
f 1247//1247 1246//1246 1245//1245
f 1253//1253 1252//1252 1251//1251
f 1251//1251 1252//1252 1250//1250
f 1253//1253 1254//1254 1252//1252
f 1252//1252 1249//1249 1250//1250
f 1257//1257 1258//1258 1256//1256
f 1257//1257 1256//1256 1255//1255
f 1261//1261 1262//1262 1260//1260
f 1261//1261 1260//1260 1259//1259
f 1267//1267 1266//1266 1265//1265
f 1265//1265 1266//1266 1264//1264
f 1267//1267 1268//1268 1266//1266
f 1266//1266 1263//1263 1264//1264
f 1271//1271 1272//1272 1270//1270
f 1271//1271 1270//1270 1269//1269
f 1275//1275 1276//1276 1274//1274
f 1275//1275 1274//1274 1273//1273
f 1281//1281 1282//1282 1280//1280
f 1281//1281 1280//1280 1279//1279
f 1279//1279 1280//1280 1278//1278
f 1280//1280 1277//1277 1278//1278
f 1285//1285 1284//1284 1283//1283
f 1285//1285 1286//1286 1284//1284
f 1289//1289 1288//1288 1287//1287
f 1289//1289 1290//1290 1288//1288
f 1295//1295 1296//1296 1294//1294
f 1295//1295 1294//1294 1293//1293
f 1293//1293 1294//1294 1292//1292
f 1294//1294 1291//1291 1292//1292
f 1299//1299 1298//1298 1297//1297
f 1299//1299 1300//1300 1298//1298
f 1303//1303 1302//1302 1301//1301
f 1303//1303 1304//1304 1302//1302
f 1309//1309 1308//1308 1307//1307
f 1307//1307 1308//1308 1306//1306
f 1308//1308 1305//1305 1306//1306
f 1309//1309 1310//1310 1308//1308
f 1313//1313 1314//1314 1312//1312
f 1313//1313 1312//1312 1311//1311
f 1317//1317 1318//1318 1316//1316
f 1317//1317 1316//1316 1315//1315
f 1323//1323 1322//1322 1321//1321
f 1321//1321 1322//1322 1320//1320
f 1323//1323 1324//1324 1322//1322
f 1322//1322 1319//1319 1320//1320
f 1327//1327 1326//1326 1325//1325
f 1327//1327 1328//1328 1326//1326
f 1331//1331 1330//1330 1329//1329
f 1331//1331 1332//1332 1330//1330
f 1335//1335 1336//1336 1334//1334
f 1337//1337 1338//1338 1336//1336
f 1336//1336 1333//1333 1334//1334
f 1337//1337 1336//1336 1335//1335
f 1341//1341 1340//1340 1339//1339
f 1341//1341 1342//1342 1340//1340
f 1345//1345 1346//1346 1344//1344
f 1345//1345 1344//1344 1343//1343
f 1349//1349 1350//1350 1348//1348
f 1351//1351 1352//1352 1350//1350
f 1350//1350 1347//1347 1348//1348
f 1351//1351 1350//1350 1349//1349
f 1355//1355 1354//1354 1353//1353
f 1355//1355 1356//1356 1354//1354
f 1359//1359 1358//1358 1357//1357
f 1359//1359 1360//1360 1358//1358
f 1363//1363 1364//1364 1362//1362
f 1365//1365 1366//1366 1364//1364
f 1364//1364 1361//1361 1362//1362
f 1365//1365 1364//1364 1363//1363
f 1369//1369 1368//1368 1367//1367
f 1369//1369 1370//1370 1368//1368
f 1373//1373 1374//1374 1372//1372
f 1373//1373 1372//1372 1371//1371
f 1377//1377 1378//1378 1376//1376
f 1379//1379 1380//1380 1378//1378
f 1378//1378 1375//1375 1376//1376
f 1379//1379 1378//1378 1377//1377
f 1383//1383 1382//1382 1381//1381
f 1383//1383 1384//1384 1382//1382
f 1387//1387 1386//1386 1385//1385
f 1387//1387 1388//1388 1386//1386
f 1391//1391 1392//1392 1390//1390
f 1393//1393 1394//1394 1392//1392
f 1392//1392 1389//1389 1390//1390
f 1393//1393 1392//1392 1391//1391
f 1397//1397 1396//1396 1395//1395
f 1397//1397 1398//1398 1396//1396
f 1401//1401 1402//1402 1400//1400
f 1401//1401 1400//1400 1399//1399
f 1405//1405 1406//1406 1404//1404
f 1407//1407 1408//1408 1406//1406
f 1406//1406 1403//1403 1404//1404
f 1407//1407 1406//1406 1405//1405
f 1411//1411 1410//1410 1409//1409
f 1411//1411 1412//1412 1410//1410
f 1415//1415 1416//1416 1414//1414
f 1415//1415 1414//1414 1413//1413
f 1421//1421 1422//1422 1420//1420
f 1420//1420 1417//1417 1418//1418
f 1419//1419 1420//1420 1418//1418
f 1421//1421 1420//1420 1419//1419
f 1425//1425 1424//1424 1423//1423
f 1425//1425 1426//1426 1424//1424
f 1429//1429 1430//1430 1428//1428
f 1429//1429 1428//1428 1427//1427
f 1434//1434 1431//1431 1432//1432
f 1435//1435 1436//1436 1434//1434
f 1435//1435 1434//1434 1433//1433
f 1433//1433 1434//1434 1432//1432
f 1439//1439 1440//1440 1438//1438
f 1439//1439 1438//1438 1437//1437
f 1443//1443 1444//1444 1442//1442
f 1443//1443 1442//1442 1441//1441
f 1447//1447 1448//1448 1446//1446
f 1449//1449 1450//1450 1448//1448
f 1448//1448 1445//1445 1446//1446
f 1449//1449 1448//1448 1447//1447
f 1453//1453 1452//1452 1451//1451
f 1453//1453 1454//1454 1452//1452
f 1457//1457 1458//1458 1456//1456
f 1457//1457 1456//1456 1455//1455
f 1461//1461 1462//1462 1460//1460
f 1463//1463 1464//1464 1462//1462
f 1462//1462 1459//1459 1460//1460
f 1463//1463 1462//1462 1461//1461
f 1467//1467 1466//1466 1465//1465
f 1467//1467 1468//1468 1466//1466
f 1471//1471 1472//1472 1470//1470
f 1471//1471 1470//1470 1469//1469
f 1477//1477 1478//1478 1476//1476
f 1476//1476 1473//1473 1474//1474
f 1475//1475 1476//1476 1474//1474
f 1477//1477 1476//1476 1475//1475
f 1481//1481 1480//1480 1479//1479
f 1481//1481 1482//1482 1480//1480
f 1485//1485 1486//1486 1484//1484
f 1485//1485 1484//1484 1483//1483
f 1490//1490 1487//1487 1488//1488
f 1491//1491 1492//1492 1490//1490
f 1491//1491 1490//1490 1489//1489
f 1489//1489 1490//1490 1488//1488
f 1495//1495 1496//1496 1494//1494
f 1495//1495 1494//1494 1493//1493
f 1499//1499 1500//1500 1498//1498
f 1499//1499 1498//1498 1497//1497
f 1503//1503 1504//1504 1502//1502
f 1504//1504 1501//1501 1502//1502
f 1505//1505 1506//1506 1504//1504
f 1505//1505 1504//1504 1503//1503
f 1509//1509 1508//1508 1507//1507
f 1509//1509 1510//1510 1508//1508
f 1513//1513 1514//1514 1512//1512
f 1513//1513 1512//1512 1511//1511
f 1517//1517 1518//1518 1516//1516
f 1518//1518 1515//1515 1516//1516
f 1519//1519 1518//1518 1517//1517
f 1519//1519 1520//1520 1518//1518
f 1523//1523 1524//1524 1522//1522
f 1523//1523 1522//1522 1521//1521
f 1525//1525 1528//1528 1526//1526
f 1610//1610 1548//1548 1543//1543
f 1610//1610 1543//1543 1620//1620
f 1670//1670 1612//1612 1676//1676
f 1676//1676 1612//1612 1618//1618
f 1619//1619 1539//1539 1613//1613
f 1619//1619 1544//1544 1539//1539
f 1675//1675 1617//1617 1673//1673
f 1673//1673 1617//1617 1615//1615
f 1612//1612 1535//1535 1618//1618
f 1612//1612 1540//1540 1535//1535
f 1540//1540 1526//1526 1535//1535
f 1672//1672 1614//1614 1674//1674
f 1535//1535 1526//1526 1536//1536
f 1674//1674 1614//1614 1616//1616
f 1617//1617 1531//1531 1615//1615
f 1667//1667 1623//1623 1609//1609
f 1606//1606 1564//1564 1559//1559
f 1606//1606 1559//1559 1624//1624
f 1666//1666 1608//1608 1680//1680
f 1680//1680 1608//1608 1622//1622
f 1623//1623 1560//1560 1555//1555
f 1623//1623 1555//1555 1609//1609
f 1679//1679 1621//1621 1669//1669
f 1669//1669 1621//1621 1611//1611
f 1608//1608 1556//1556 1551//1551
f 1608//1608 1551//1551 1622//1622
f 1668//1668 1610//1610 1678//1678
f 1678//1678 1610//1610 1620//1620
f 1621//1621 1552//1552 1547//1547
f 1621//1621 1547//1547 1611//1611
f 1677//1677 1619//1619 1671//1671
f 1663//1663 1627//1627 1605//1605
f 1602//1602 1575//1575 1628//1628
f 1602//1602 1580//1580 1575//1575
f 1662//1662 1604//1604 1684//1684
f 1684//1684 1604//1604 1626//1626
f 1627//1627 1571//1571 1605//1605
f 1627//1627 1576//1576 1571//1571
f 1683//1683 1625//1625 1665//1665
f 1665//1665 1625//1625 1607//1607
f 1604//1604 1567//1567 1626//1626
f 1604//1604 1572//1572 1567//1567
f 1664//1664 1606//1606 1682//1682
f 1682//1682 1606//1606 1624//1624
f 1625//1625 1568//1568 1563//1563
f 1625//1625 1563//1563 1607//1607
f 1681//1681 1623//1623 1667//1667
f 1659//1659 1631//1631 1601//1601
f 1598//1598 1578//1578 1581//1581
f 1598//1598 1581//1581 1632//1632
f 1658//1658 1600//1600 1688//1688
f 1688//1688 1600//1600 1630//1630
f 1631//1631 1585//1585 1601//1601
f 1631//1631 1582//1582 1585//1585
f 1687//1687 1629//1629 1661//1661
f 1661//1661 1629//1629 1603//1603
f 1600//1600 1583//1583 1630//1630
f 1600//1600 1586//1586 1583//1583
f 1660//1660 1602//1602 1686//1686
f 1686//1686 1602//1602 1628//1628
f 1629//1629 1579//1579 1603//1603
f 1629//1629 1584//1584 1579//1579
f 1685//1685 1627//1627 1663//1663
f 1655//1655 1635//1635 1597//1597
f 1594//1594 1562//1562 1565//1565
f 1594//1594 1565//1565 1636//1636
f 1654//1654 1596//1596 1692//1692
f 1692//1692 1596//1596 1634//1634
f 1635//1635 1569//1569 1597//1597
f 1635//1635 1566//1566 1569//1569
f 1691//1691 1633//1633 1657//1657
f 1657//1657 1633//1633 1599//1599
f 1596//1596 1573//1573 1634//1634
f 1596//1596 1570//1570 1573//1573
f 1656//1656 1598//1598 1690//1690
f 1690//1690 1598//1598 1632//1632
f 1633//1633 1574//1574 1577//1577
f 1633//1633 1577//1577 1599//1599
f 1689//1689 1631//1631 1659//1659
f 1651//1651 1639//1639 1593//1593
f 1590//1590 1546//1546 1549//1549
f 1590//1590 1549//1549 1640//1640
f 1650//1650 1592//1592 1696//1696
f 1696//1696 1592//1592 1638//1638
f 1639//1639 1550//1550 1553//1553
f 1639//1639 1553//1553 1593//1593
f 1695//1695 1637//1637 1653//1653
f 1653//1653 1637//1637 1595//1595
f 1592//1592 1554//1554 1557//1557
f 1592//1592 1557//1557 1638//1638
f 1652//1652 1594//1594 1694//1694
f 1694//1694 1594//1594 1636//1636
f 1637//1637 1558//1558 1561//1561
f 1637//1637 1561//1561 1595//1595
f 1693//1693 1635//1635 1655//1655
f 1703//1703 1542//1542 1541//1541
f 1703//1703 1533//1533 1530//1530
f 1703//1703 1537//1537 1534//1534
f 1646//1646 1588//1588 1700//1700
f 1700//1700 1588//1588 1642//1642
f 1643//1643 1537//1537 1589//1589
f 1643//1643 1534//1534 1537//1537
f 1699//1699 1641//1641 1649//1649
f 1649//1649 1641//1641 1591//1591
f 1588//1588 1538//1538 1541//1541
f 1588//1588 1541//1541 1642//1642
f 1648//1648 1590//1590 1698//1698
f 1698//1698 1590//1590 1640//1640
f 1641//1641 1542//1542 1545//1545
f 1641//1641 1545//1545 1591//1591
f 1697//1697 1639//1639 1651//1651
f 1544//1544 1526//1526 1539//1539
f 1543//1543 1526//1526 1544//1544
f 1548//1548 1526//1526 1543//1543
f 1547//1547 1526//1526 1548//1548
f 1703//1703 1526//1526 1547//1547
f 1645//1645 1587//1587 1702//1702
f 1702//1702 1587//1587 1644//1644
f 1701//1701 1643//1643 1647//1647
f 1529//1529 1703//1703 1530//1530
f 1647//1647 1643//1643 1589//1589
f 1587//1587 1533//1533 1644//1644
f 1587//1587 1530//1530 1533//1533
f 1703//1703 1541//1541 1538//1538
f 1703//1703 1545//1545 1542//1542
f 1703//1703 1534//1534 1533//1533
f 1703//1703 1538//1538 1537//1537
f 1703//1703 1575//1575 1580//1580
f 1703//1703 1576//1576 1575//1575
f 1703//1703 1571//1571 1576//1576
f 1703//1703 1572//1572 1571//1571
f 1703//1703 1567//1567 1572//1572
f 1703//1703 1568//1568 1567//1567
f 1703//1703 1563//1563 1568//1568
f 1703//1703 1564//1564 1563//1563
f 1703//1703 1559//1559 1564//1564
f 1703//1703 1560//1560 1559//1559
f 1703//1703 1555//1555 1560//1560
f 1703//1703 1556//1556 1555//1555
f 1703//1703 1551//1551 1556//1556
f 1703//1703 1552//1552 1551//1551
f 1703//1703 1547//1547 1552//1552
f 1539//1539 1526//1526 1540//1540
f 1703//1703 1565//1565 1562//1562
f 1703//1703 1566//1566 1565//1565
f 1703//1703 1569//1569 1566//1566
f 1703//1703 1570//1570 1569//1569
f 1703//1703 1573//1573 1570//1570
f 1703//1703 1574//1574 1573//1573
f 1703//1703 1577//1577 1574//1574
f 1703//1703 1578//1578 1577//1577
f 1703//1703 1581//1581 1578//1578
f 1703//1703 1582//1582 1581//1581
f 1703//1703 1585//1585 1582//1582
f 1703//1703 1586//1586 1585//1585
f 1703//1703 1583//1583 1586//1586
f 1703//1703 1584//1584 1583//1583
f 1703//1703 1579//1579 1584//1584
f 1703//1703 1580//1580 1579//1579
f 1703//1703 1549//1549 1546//1546
f 1703//1703 1546//1546 1545//1545
f 1703//1703 1553//1553 1550//1550
f 1703//1703 1550//1550 1549//1549
f 1703//1703 1554//1554 1553//1553
f 1703//1703 1557//1557 1554//1554
f 1703//1703 1561//1561 1558//1558
f 1703//1703 1558//1558 1557//1557
f 1617//1617 1536//1536 1531//1531
f 1536//1536 1526//1526 1531//1531
f 1703//1703 1562//1562 1561//1561
f 1671//1671 1619//1619 1613//1613
f 1531//1531 1526//1526 1532//1532
f 1614//1614 1532//1532 1527//1527
f 1532//1532 1526//1526 1527//1527
f 1614//1614 1527//1527 1616//1616
f 1527//1527 1526//1526 1528//1528
f 1707//1707 1706//1706 1705//1705
f 1707//1707 1705//1705 1704//1704
f 1712//1712 1710//1710 1708//1708
f 1714//1714 1713//1713 1712//1712
f 1715//1715 1714//1714 1712//1712
f 1715//1715 1712//1712 1708//1708
f 1719//1719 1717//1717 1716//1716
f 1719//1719 1718//1718 1717//1717
f 1719//1719 1715//1715 1708//1708
f 1719//1719 1716//1716 1715//1715
f 1721//1721 1720//1720 1719//1719
f 1914//1914 1815//1815 1814//1814
f 1914//1914 1816//1816 1815//1815
f 1914//1914 1817//1817 1816//1816
f 1914//1914 1818//1818 1817//1817
f 1914//1914 1819//1819 1818//1818
f 1914//1914 1724//1724 1725//1725
f 1914//1914 1753//1753 1819//1819
f 1914//1914 1754//1754 1753//1753
f 1914//1914 1755//1755 1754//1754
f 1914//1914 1756//1756 1755//1755
f 1914//1914 1757//1757 1756//1756
f 1914//1914 1758//1758 1757//1757
f 1914//1914 1759//1759 1758//1758
f 1914//1914 1725//1725 1759//1759
f 1914//1914 1812//1812 1913//1913
f 1727//1727 1738//1738 1737//1737
f 1727//1727 1735//1735 1732//1732
f 1727//1727 1732//1732 1729//1729
f 1742//1742 1727//1727 1726//1726
f 1742//1742 1738//1738 1727//1727
f 1742//1742 1741//1741 1738//1738
f 1911//1911 1793//1793 1777//1777
f 1782//1782 1784//1784 1783//1783
f 1782//1782 1785//1785 1784//1784
f 1782//1782 1786//1786 1785//1785
f 1790//1790 1789//1789 1788//1788
f 1779//1779 1786//1786 1782//1782
f 1779//1779 1781//1781 1780//1780
f 1779//1779 1782//1782 1781//1781
f 1779//1779 1787//1787 1786//1786
f 1793//1793 1790//1790 1788//1788
f 1913//1913 1767//1767 1766//1766
f 1913//1913 1768//1768 1767//1767
f 1913//1913 1743//1743 1726//1726
f 1889//1889 1888//1888 1887//1887
f 1894//1894 1891//1891 1890//1890
f 1894//1894 1892//1892 1891//1891
f 1894//1894 1893//1893 1892//1892
f 1735//1735 1734//1734 1733//1733
f 1732//1732 1735//1735 1733//1733
f 1729//1729 1731//1731 1730//1730
f 1729//1729 1732//1732 1731//1731
f 1741//1741 1739//1739 1738//1738
f 1741//1741 1740//1740 1739//1739
f 1727//1727 1729//1729 1728//1728
f 1727//1727 1736//1736 1735//1735
f 1727//1727 1737//1737 1736//1736
f 1903//1903 1902//1902 1890//1890
f 1905//1905 1903//1903 1889//1889
f 1905//1905 1904//1904 1903//1903
f 1908//1908 1905//1905 1889//1889
f 1908//1908 1906//1906 1905//1905
f 1908//1908 1907//1907 1906//1906
f 1910//1910 1909//1909 1908//1908
f 1911//1911 1912//1912 1793//1793
f 1743//1743 1742//1742 1726//1726
f 1761//1761 1911//1911 1777//1777
f 1915//1915 1911//1911 1761//1761
f 1913//1913 1762//1762 1743//1743
f 1913//1913 1763//1763 1762//1762
f 1913//1913 1764//1764 1763//1763
f 1913//1913 1765//1765 1764//1764
f 1913//1913 1766//1766 1765//1765
f 1867//1867 1915//1915 1761//1761
f 1867//1867 1866//1866 1915//1915
f 1868//1868 1867//1867 1761//1761
f 1869//1869 1868//1868 1761//1761
f 1870//1870 1869//1869 1761//1761
f 1871//1871 1761//1761 1776//1776
f 1871//1871 1870//1870 1761//1761
f 1896//1896 1894//1894 1890//1890
f 1896//1896 1895//1895 1894//1894
f 1900//1900 1896//1896 1890//1890
f 1900//1900 1897//1897 1896//1896
f 1900//1900 1898//1898 1897//1897
f 1900//1900 1899//1899 1898//1898
f 1902//1902 1900//1900 1890//1890
f 1902//1902 1901//1901 1900//1900
f 1903//1903 1890//1890 1889//1889
f 1876//1876 1772//1772 1771//1771
f 1877//1877 1876//1876 1771//1771
f 1877//1877 1771//1771 1770//1770
f 1878//1878 1770//1770 1769//1769
f 1878//1878 1877//1877 1770//1770
f 1879//1879 1769//1769 1768//1768
f 1879//1879 1768//1768 1913//1913
f 1886//1886 1889//1889 1887//1887
f 1886//1886 1910//1910 1908//1908
f 1886//1886 1908//1908 1889//1889
f 1862//1862 1887//1887 1915//1915
f 1862//1862 1886//1886 1887//1887
f 1863//1863 1862//1862 1915//1915
f 1864//1864 1863//1863 1915//1915
f 1865//1865 1864//1864 1915//1915
f 1866//1866 1865//1865 1915//1915
f 1797//1797 1796//1796 1795//1795
f 1798//1798 1797//1797 1794//1794
f 1800//1800 1799//1799 1798//1798
f 1851//1851 1853//1853 1852//1852
f 1851//1851 1854//1854 1853//1853
f 1856//1856 1855//1855 1854//1854
f 1857//1857 1856//1856 1854//1854
f 1872//1872 1776//1776 1775//1775
f 1872//1872 1871//1871 1776//1776
f 1873//1873 1775//1775 1774//1774
f 1873//1873 1872//1872 1775//1775
f 1874//1874 1774//1774 1773//1773
f 1874//1874 1873//1873 1774//1774
f 1875//1875 1773//1773 1772//1772
f 1875//1875 1874//1874 1773//1773
f 1876//1876 1875//1875 1772//1772
f 1845//1845 1850//1850 1846//1846
f 1845//1845 1859//1859 1858//1858
f 1845//1845 1860//1860 1859//1859
f 1841//1841 1843//1843 1842//1842
f 1841//1841 1844//1844 1843//1843
f 1841//1841 1845//1845 1844//1844
f 1840//1840 1861//1861 1860//1860
f 1879//1879 1878//1878 1769//1769
f 1880//1880 1879//1879 1913//1913
f 1881//1881 1880//1880 1913//1913
f 1882//1882 1881//1881 1913//1913
f 1883//1883 1882//1882 1913//1913
f 1884//1884 1883//1883 1913//1913
f 1885//1885 1884//1884 1913//1913
f 1836//1836 1885//1885 1913//1913
f 1797//1797 1795//1795 1794//1794
f 1806//1806 1803//1803 1801//1801
f 1807//1807 1806//1806 1794//1794
f 1808//1808 1807//1807 1794//1794
f 1760//1760 1794//1794 1810//1810
f 1760//1760 1809//1809 1808//1808
f 1760//1760 1808//1808 1794//1794
f 1916//1916 1760//1760 1810//1810
f 1801//1801 1798//1798 1794//1794
f 1801//1801 1800//1800 1798//1798
f 1848//1848 1850//1850 1849//1849
f 1858//1858 1854//1854 1851//1851
f 1858//1858 1851//1851 1850//1850
f 1858//1858 1857//1857 1854//1854
f 1846//1846 1848//1848 1847//1847
f 1846//1846 1850//1850 1848//1848
f 1845//1845 1858//1858 1850//1850
f 1744//1744 1916//1916 1830//1830
f 1744//1744 1828//1828 1827//1827
f 1744//1744 1829//1829 1828//1828
f 1744//1744 1830//1830 1829//1829
f 1745//1745 1827//1827 1826//1826
f 1745//1745 1744//1744 1827//1827
f 1746//1746 1826//1826 1825//1825
f 1840//1840 1845//1845 1841//1841
f 1840//1840 1860//1860 1845//1845
f 1803//1803 1802//1802 1801//1801
f 1838//1838 1840//1840 1839//1839
f 1838//1838 1861//1861 1840//1840
f 1837//1837 1861//1861 1838//1838
f 1805//1805 1804//1804 1803//1803
f 1806//1806 1801//1801 1794//1794
f 1806//1806 1805//1805 1803//1803
f 1751//1751 1821//1821 1820//1820
f 1751//1751 1750//1750 1821//1821
f 1752//1752 1820//1820 1819//1819
f 1752//1752 1751//1751 1820//1820
f 1753//1753 1752//1752 1819//1819
f 1710//1710 1709//1709 1708//1708
f 1712//1712 1711//1711 1710//1710
f 1811//1811 1916//1916 1861//1861
f 1811//1811 1861//1861 1837//1837
f 1835//1835 1916//1916 1811//1811
f 1834//1834 1916//1916 1835//1835
f 1833//1833 1916//1916 1834//1834
f 1832//1832 1916//1916 1833//1833
f 1831//1831 1916//1916 1832//1832
f 1830//1830 1916//1916 1831//1831
f 1744//1744 1760//1760 1916//1916
f 1721//1721 1719//1719 1708//1708
f 1722//1722 1721//1721 1708//1708
f 1724//1724 1723//1723 1722//1722
f 1724//1724 1722//1722 1708//1708
f 1724//1724 1708//1708 1725//1725
f 1914//1914 1813//1813 1812//1812
f 1914//1914 1814//1814 1813//1813
f 1746//1746 1745//1745 1826//1826
f 1747//1747 1825//1825 1824//1824
f 1747//1747 1746//1746 1825//1825
f 1748//1748 1824//1824 1823//1823
f 1748//1748 1747//1747 1824//1824
f 1749//1749 1748//1748 1823//1823
f 1749//1749 1823//1823 1822//1822
f 1750//1750 1822//1822 1821//1821
f 1750//1750 1749//1749 1822//1822
f 1793//1793 1791//1791 1790//1790
f 1793//1793 1792//1792 1791//1791
f 1777//1777 1793//1793 1788//1788
f 1777//1777 1787//1787 1779//1779
f 1777//1777 1779//1779 1778//1778
f 1777//1777 1788//1788 1787//1787
f 1812//1812 1836//1836 1913//1913
f 1920//1920 1919//1919 1918//1918
f 1920//1920 1918//1918 1917//1917
f 1924//1924 1922//1922 1921//1921
f 1924//1924 1923//1923 1922//1922
f 1927//1927 1925//1925 1926//1926
f 1928//1928 1930//1930 1929//1929

