####
#
# OBJ File Generated by Meshlab
#
####
# Object left_up_rack.obj
#
# Vertices: 4919
# Faces: 10000
#
####
vn 0.2655348757571233 0.5856428348569688 0.7658418242283078
v 109.2075466245360076 -15.2783348047029772 23.9245696138690533
vn 0.3662979293125596 0.8817319047294894 -0.2972787835743378
v 79.8081371033402576 -15.2748870870860802 25.1713449127224074
vn 0.6883525454060553 0.7131808009488563 -0.1324534574518634
v 79.4434786331201934 -15.2750051737655426 24.3844002694330690
vn 0.2754231417407189 0.5652279035280181 0.7775985532824721
v 80.6189211534668146 -15.2749995711704134 22.1419730889350461
vn 0.7130431598701423 0.5658301284748416 0.4140117363946907
v 79.6031321502821783 -15.2752344319754343 23.0497199714612151
vn -0.1089858064497187 0.8412917269903647 0.5294811838867118
v 81.7504295926273841 -15.2749996213304904 22.0002465301173054
vn -0.6840153561079731 0.7140331702701893 -0.1492636069589152
v 83.3591861310256661 -15.2762765579394717 24.6681866491532737
vn -0.6376191132637143 0.5813618939754974 0.5054307218937300
v 83.1558670371546498 -15.2749715385451328 22.8253961290388290
vn 0.5011635888802326 0.4473356216805313 0.7407603517713254
v 98.7199617617316818 -15.2750571631169336 24.0182252893831816
vn 0.2754490392644351 0.4452366179095023 0.8519930638454798
v 101.2088591798811876 -15.2750293843434441 22.8692811302622836
vn 0.0523001892314816 0.5988481049701891 0.7991530750613206
v 103.2851664515919197 -15.2749984115023345 22.5128037665766811
vn 0.6638580289695212 0.5607052507185878 0.4948758826102845
v 109.7993521402262616 -15.2749996372187002 22.8141064490124457
vn -0.3036151429928387 0.6073263556851576 0.7341474937882875
v 107.4574960133591617 -15.2749663128235778 23.1547968492707916
vn 0.2224618362451197 0.8084061213086272 0.5449681407616328
v 110.7574116891772036 -15.2748462566446044 22.0673472157764401
vn -0.1183938362745959 0.6001005440765164 0.7911145533557407
v 105.2584891421752786 -15.2749920969047057 22.5676150898847396
vn -0.6909236063655262 0.7172958479559012 -0.0900624043210045
v 113.4121255559461474 -15.2749996158606667 24.3585181276609362
vn -0.7824266110990610 0.4764396551848878 0.4010160261278147
v 113.2649556795197157 -15.2753059741406219 22.9790339347113353
vn -0.2169618506470983 0.5543435874632048 0.8035115073240771
v 111.9676302832591119 -15.2749996233986156 22.0555249854938431
vn -0.5966635672865485 0.7063662349977615 -0.3808402939920850
v 113.1423384957727905 -15.2753891585842982 25.0623052811926357
vn 0.0692778485255452 0.5083871122101959 0.8583374184097122
v 109.1683931560529999 -16.9967525602756560 24.0139453623069414
vn 0.4621728847200574 0.7223443895766349 0.5144072389427456
v 110.0016096275509199 -17.0000000210555022 22.5702643379538870
vn 0.0692294483225128 0.7269507036980133 0.6831910112683888
v 111.1362919283414357 -17.0012385651928497 21.9718732138625370
vn -0.3507892193959162 0.7232456550737882 0.5948635523987755
v 112.3560604408308734 -17.0000000088764018 22.2023352104763880
vn -0.6173263028743778 0.7368844340510693 0.2755169080704256
v 113.3119197980706474 -17.0001383665231849 23.1632984256836458
vn -0.7714867231566205 0.6186510702349828 -0.1485903405008904
v 113.3899971485037526 -16.9999999881032657 24.5239182617222475
vn -0.5846105331127840 0.4570946190169588 -0.6702947365445499
v 112.7255820946022453 -17.0000032065048927 25.5803848193736307
vn -0.3355732403724953 0.7578344691350067 -0.5595333035099572
v 112.8002672206248036 -15.2386617897360690 25.4677392065296821
vn -0.4187947103233812 0.4498079817156977 -0.7888496499270350
v 112.0820142109481026 -15.1067824970133735 25.8906202106057641
vn -0.5276454018663339 0.7362141277275376 -0.4237677288606292
v 111.8142944668829557 -16.9999986239901837 26.0233151640188396
vn -0.8937292804499294 0.2052657623551648 0.3988908874256276
v 111.7092935522799593 -16.9999931928540917 26.5318642405290142
vn -0.5274067918993577 0.6054521454930176 -0.5960451118634640
v 111.6779150477563860 -14.7981176635979033 26.3970727299783654
vn -0.0135490183925360 0.1081273581962562 -0.9940447165545910
v 128.1702431536923825 -13.5279895970395874 27.0746238308425333
vn -0.9980278290421206 0.0623335103039424 0.0074152512202848
v 112.0581946558866520 -13.4030223315895238 27.0747597436265437
vn -0.8404532385923047 0.3662352921238088 -0.3993871111374213
v 111.9679642765155023 -14.0644042045740623 26.9279990798377789
vn 0.1905369093765273 0.4528634867040733 -0.8709824042857988
v 128.1763345301658035 -14.2425491242244320 26.8458462401511468
vn -0.0588702170028661 0.9245171226891211 -0.3765665776521649
v 127.8616514057428617 -15.1385502431195196 25.8206626348534378
vn 0.0816087606960445 0.9846704483960106 -0.1541561488661913
v 128.0222655887176870 -15.2740473718478516 25.2661840975447376
vn -0.9033076309466085 0.2020582911149427 -0.3784280260040667
v 111.7310450820684338 -17.0000096349798895 37.4337754601383637
vn -0.6598508773599026 0.5493966953154312 0.5126012981097982
v 111.7008671556361179 -14.8511494478510802 37.6885587628123275
vn -0.3793479275696385 0.5701650784277748 0.7287022253225729
v 111.8834966555465371 -15.0631161239387108 38.0200572413607816
vn -0.5754098780567690 0.7358869522971114 0.3568947543374140
v 111.7730930441336028 -17.0000003494037024 37.9453070409281992
vn 0.1378355004327933 0.9790432259823625 0.1499190997788142
v 128.0877687993613847 -15.2725032547799469 38.5924366697648082
vn -0.4446468635533433 0.6480060225209648 0.6183666885503561
v 112.8078500028281752 -15.2434730010013109 38.5156041412731867
vn 0.2222088628024860 0.8506399585504514 0.4764817753170760
v 128.0116698468548861 -15.0083975101903171 37.9164702878171269
vn 0.1750837915598749 0.6769961665159456 0.7148579274623261
v 128.0685076283984358 -14.6864722409098452 37.5008948373898434
vn -0.7836135714132670 0.5388511532361369 0.3091750399903425
v 111.7937910589084396 -14.4898325845934615 37.3284447583376391
vn 0.1684948409838303 0.4908031192100127 0.8548226639107994
v 128.0461951101314924 -14.2976687732795771 37.2003897852571441
vn -0.6392752720586624 0.4226135044972145 0.6424367302317839
v 111.9735352788877520 -14.0121917423664595 37.0624862018150125
vn -0.9782817115778563 0.0956730155254425 0.1838792182182873
v 112.0574498209763021 -13.5018791280604091 36.9265790017064788
vn 0.5144645631588560 0.7100033812795411 -0.4808548760544974
v 109.8862361183008431 -16.9991312589062353 41.3457531841258188
vn 0.3945854940029678 0.7099830346417095 -0.5832892750971709
v 110.3859251316488752 -15.2749996219195125 41.7179256508660075
vn 0.1847329910041858 0.7254761895543517 -0.6629917197253263
v 110.9516678820106961 -17.0000000060670580 41.9507882842798381
vn 0.0308137122316791 0.8635002947228372 -0.5034061542651984
v 111.1023770438333997 -15.2750028392667438 41.9912369472112061
vn -0.2738445936701803 0.7152537303484493 -0.6429784131214995
v 112.2530203113828975 -15.2751600218153332 41.8642380666008549
vn -0.3396761231624306 0.6421221875416860 -0.6872402983091295
v 112.3694736385356521 -16.9976439587741446 41.8545989632569331
vn -0.6645401167810986 0.5749403823933965 -0.4773153987479336
v 113.0537776859358559 -15.2749996214587345 41.1956622920654922
vn -0.7556169540412989 0.6468955875253349 -0.1028062138472245
v 113.4902440782172164 -17.0006668864442929 40.2053296565853486
vn -0.6962640194523113 0.7112820348289346 -0.0964068573583943
v 113.4398203941843093 -15.2748213017496610 40.2764020882693643
vn -0.6564223525371753 0.7131330238395098 0.2460710982603958
v 113.3176201166168227 -15.2750230741451478 39.2848642791790468
vn -0.5622650993921171 0.6244437079808646 0.5421512829171222
v 112.9325217974842559 -16.9991340208141217 38.5827416631256597
vn 0.4881990616344481 0.3800381515118280 -0.7856415719745979
v 109.1803877342603215 -15.2743732060566124 40.1744402841197896
vn -0.1392798330503067 0.5552459710610322 -0.8199408757501787
v 109.1021343919753690 -16.9990578394873424 40.0414687102178064
vn 0.1416785853780380 0.9892749420314404 0.0355284043262303
v 48.9345989534506671 -15.2750525314000800 44.0213284596697036
vn 0.6960366611573341 0.7176458286685005 0.0227471079403929
v 79.3959429785270885 -15.2750089147722186 39.8889346359253807
vn 0.6809160277092150 0.5610645485080290 -0.4707015355999861
v 79.7175969829246753 -15.2749994857581246 41.0813341713959517
vn 0.3033240976817875 0.5589880755798694 -0.7717038441818491
v 80.4892543354843752 -15.2749995954889002 41.7809656742781002
vn -0.1420703412380750 0.9898396444047270 0.0057876165405310
v 78.9324685072349155 -15.2758162430064157 44.0864519452008494
vn -0.2995225291483333 0.7433875398541893 -0.5980478409977934
v 82.0480895795054721 -15.2748312464745979 41.9999758692644178
vn -0.6334891768837235 0.7244194980160312 -0.2718599890851609
v 83.3343829779422549 -15.2746318766295364 40.7157153682375963
vn 0.2738462100885137 0.9516217326315308 -0.1393711993330077
v 97.0621066389258971 -15.2710732624346619 38.5741100057190422
vn -0.6836255143715010 0.7127255257464112 0.1570938606368893
v 83.3650032685677331 -15.2751532777134589 39.4124412075321615
vn -0.3266796806356463 0.4651910639891165 -0.8227257503229528
v 107.3275666974267040 -15.2752162226215269 40.9034318614473378
vn -0.1260730449282716 0.7072749051440370 -0.6956060637286074
v 105.3875398544424371 -15.2749798275670177 41.3995063313817724
vn 0.0025167778993970 0.6001476189642804 -0.7998853050784908
v 103.8512001318069764 -15.2749979973027603 41.5100735070928053
vn 0.1318945178901676 0.5545432511252875 -0.8216359405368759
v 102.3491569778019397 -15.2750003970660106 41.3762986939216475
vn 0.2769770312514981 0.4453092658911734 -0.8514595597387881
v 101.0692665128471219 -15.2749995781225714 41.0656875768967566
vn 0.4888999444625507 0.4491352901951029 -0.7478330932807637
v 98.9739602303917962 -15.2750068237055174 40.1578745312693073
vn -0.0991850631115290 0.9947457091346144 0.0253633084165897
v 118.9351937742857075 -15.2750997562402429 44.0118930781301643
vn -0.7085433442082920 0.6844219376201806 0.1718515076522968
v 118.9346458135051989 -15.3294136721991947 44.4123947256808194
vn 0.4499383704264113 0.8532740104605029 0.2635885541723597
v 88.9345904718326352 -15.3358396891633646 44.4632836203113655
vn -0.5558483713924919 0.7485833443620998 0.3614630887987987
v 118.9346618690827597 -15.4797094551711005 44.8130964636100373
vn 0.7082901278347311 0.6055063154761723 0.3628873058269330
v 88.9346618706219374 -15.5645679612991330 44.9645161517566905
vn -0.5565118441044598 0.6524862308815177 0.5143503532432776
v 118.9346692929823632 -15.7106484858604709 45.1793131464916868
vn 0.5564229955737735 0.6003229461276707 0.5744613218914761
v 88.9346551405802899 -15.7736651602259670 45.2519363513508708
vn -0.7096855057935986 0.4284354221214345 0.5592759354183876
v 118.9346622662737332 -16.1109253558885115 45.5593636263985644
vn 0.7098140039663188 0.3659851492717881 0.6018462845991572
v 88.9346606237737092 -16.1670584520179297 45.5977859851602219
vn -0.7097550085083296 0.2565510139890247 0.6560711890630042
v 118.9346658131229333 -16.6054665567820408 45.8164694204639957
vn 0.7097694208780494 0.1851798774621528 0.6796585776472923
v 88.9346634278250008 -16.6980660934562692 45.8471158584113496
vn -0.6261869702650209 0.0559902169227012 0.7776599345981908
v 118.9346618747255206 -17.1422784604588578 45.9249353544634573
vn 0.7079391095123544 0.0282451514824608 0.7057084586715590
v 88.9346618688287975 -17.1796971407775878 45.9249715323283922
vn -0.1622146230628291 0.1622184267859213 0.9733301588236568
v 118.9346618699999993 -39.0000000000000000 45.9249992399999982
vn -0.5470857924467647 0.6235906762605515 0.5584190220468886
v 103.2279643014634445 -38.5384774484014869 45.9250083198681409
vn -0.1682303089490005 0.9651118324984506 0.2006432503783938
v 102.3421457870744717 -38.9992960864177292 45.9249913260988194
vn -0.7644150326213589 0.3095448169341349 0.5655542981992974
v 103.8876661071946330 -37.6140680393674174 45.9249937290327424
vn -0.8289429456211866 -0.0588397811221381 0.5562296945169050
v 103.9325449284346092 -35.7665965392308891 45.9249992426667220
vn -0.7704578831264129 -0.3093587663005161 0.5573973484341213
v 103.7936526813111584 -35.2112673551020521 45.9250011421060691
vn -0.4815549022673561 -0.5112628041993328 0.7118393225612867
v 103.3555389325524061 -34.5355078440925141 45.9249986899547551
vn -0.2452268701433107 -0.6592120016687566 0.7108469026559706
v 102.5243704534347984 -34.0464995049394190 45.9249989901314137
vn -0.0269822707957372 -0.4467207895299323 0.8942664554060269
v 101.9346618699999993 -33.9749984700000027 45.9249992399999982
vn 0.8026416340795344 -0.4001648106123950 0.4423059253386518
v 88.9346618699999993 -33.9735946699999971 45.9249992399999982
vn 0.0200491609577250 -0.7073169512113654 0.7066121720391960
v 65.9346618699999993 -33.9749984700000027 45.9249992399999982
vn -0.5233416491663877 -0.2604594204874390 0.8113411172417881
v 78.9346618699999993 -33.9735946699999971 45.9249992399999982
vn 0.1400274178157485 0.1400302819789243 0.9801958183897524
v 48.9346618699999993 -39.0000000000000000 45.9249992399999982
vn 0.6969530460627125 -0.1062327173440302 0.7092045271637866
v 63.9388445268509926 -35.7444861934776128 45.9249992401555645
vn 0.8229785992323425 0.0973854641698503 0.5596626631945303
v 63.9372166142803309 -37.2265679936937133 45.9250023943603978
vn 0.6920123693003505 0.4482874075106517 0.5658244259509254
v 64.3153735751704829 -38.2388944930782202 45.9249937705350177
vn 0.4049295775041573 0.7250356099112659 0.5570955049386985
v 65.1073929106788114 -38.8285198997786338 45.9249992393999094
vn 0.1889957558811930 0.8098714591889385 0.5553276725052301
v 65.4878922007155495 -38.9500264430341119 45.9249992393802415
vn 0.6171146082129593 -0.3373080630439702 0.7109098613296140
v 64.1661209024008770 -35.0134852648614867 45.9250003374768170
vn 0.1284360879553900 -0.5358403009968078 0.8344934650063869
v 65.5140827790753093 -34.0108487820061995 45.9249993234907379
vn 0.4958604867490375 -0.7401658606913604 0.4541771420360403
v 64.8072660837006822 -34.2976598814001932 45.9249974699770505
vn 0.0259437554321424 0.9860241471181315 0.1645700545483253
v 65.8009702868362893 -38.9999868221770498 45.9249992917082395
vn -0.5578203660970079 0.8155699820640828 0.1538897122077744
v 78.9346618652446352 -15.3095585862054069 44.3034320111075175
vn 0.5556411938487743 0.8101749050556546 0.1867605068433097
v 48.9346618747645934 -15.3143538163148545 44.3275391664840583
vn -0.7086733401133068 0.6647819505804733 0.2363198154938985
v 78.9346655476634425 -15.3973784971406378 44.6244786869104999
vn 0.7087637962925191 0.6440549510729489 0.2878317235181661
v 48.9346576331832637 -15.4140340833001090 44.6676566362006753
vn -0.5571575337930715 0.7006534231047815 0.4457132073757454
v 78.9346611703000889 -15.6153897301040701 45.0504687650337203
vn 0.5571485080445696 0.6557083516869630 0.5095410655792879
v 48.9346626787491417 -15.6562208730832779 45.1084445721747613
vn -0.7087198241525137 0.4879496165942617 0.5095305511142029
v 78.9346626855494691 -15.9488086745567834 45.4269801716774992
vn 0.7086418179885072 0.4464955006749178 0.5463227449731504
v 48.9346608425943046 -15.9838601674907963 45.4572157446017044
vn -0.5556120296317546 0.4491238149781429 0.6997021304440634
v 78.9346618697239393 -16.2354701160315287 45.6354240072067512
vn 0.7079228860287751 0.3475030748161829 0.6148876323605708
v 48.9346618702755052 -16.2565502501266934 45.6480590191086506
vn -0.5556189897003101 0.3370189888752480 0.7600695622256637
v 78.9346618697170754 -16.4976645650057208 45.7694283797681862
vn 0.5558364491996306 0.2856277252161218 0.7806808850798193
v 48.9346618702808271 -16.5203673746429267 45.7788322434364474
vn -0.7082038663621630 0.1688992371050372 0.6855073532610864
v 78.9346599647447391 -16.8260061956181879 45.8779708705682623
vn 0.6422285203926359 0.0515815133217154 0.7647757024629688
v 48.9346617950887079 -17.0415222853413937 45.9246913797774283
vn -0.7076336750646606 0.0233612361450796 0.7061931991744584
v 78.9346618731314322 -17.1788314774611983 45.9249655395437699
vn -0.5883487355295667 -0.1961135327451876 0.7844649435602348
v 78.9346618699999993 -9.0000000000000000 48.0000000000000000
vn -0.2181750030757701 -0.4362653908437663 -0.8729674545965752
v 78.9346618699999993 -9.0000000000000000 46.0750007600000018
vn -0.8032109147676978 0.1219718325006578 -0.5830738362115639
v 78.9346474229464405 -13.5919237031230864 46.0711673741442738
vn -0.8043994449041294 0.4896395546344772 -0.3364441106265338
v 78.9345027437875615 -14.9105559311087070 45.2613233595828888
vn -0.8599244246591859 0.2709769642896928 -0.4325522727936019
v 78.9346618710686272 -14.2947014506527630 45.8066285498065184
vn -0.7119742586659069 0.6785480810301968 -0.1807350456534920
v 78.9346618760414174 -15.2160243942621385 44.5764343227886854
vn -0.8030719017270198 -0.1158737505235416 0.5845073092752184
v 78.9346619310906448 -32.1664209642724828 47.9997640561623697
vn -0.3268934235921830 -0.5675213624257095 0.7556852471781147
v 78.9344598878499113 -33.1052024388188713 47.6885823211689512
vn -0.4592822409690737 -0.8359089612470614 0.3005262578166586
v 78.9348970229689968 -33.8987651691449159 46.6675999491970046
vn 0.4605917529070768 0.6851201595244157 0.5643275681439153
v 20.8366983540265167 -23.7406392339929546 48.0000017460147248
vn 0.7481802482873376 0.2394739297479574 0.6187718101560286
v 20.0036016993835553 -22.6330694267234023 47.9999790534334068
vn 0.1768230133741328 0.6814770515016928 0.7101567786185318
v 27.7915091334512745 -26.9044487996170965 47.9999999993187529
vn 0.0245695286734782 0.9609866140080148 0.2755014808638495
v 28.3130567540479561 -26.9999046031223564 48.0000000075603097
vn -0.6543246097128441 0.2396762855102170 0.7172270095919138
v 13.0820307611276050 -10.9279924035208964 47.9999917661223634
vn -0.3997517725463642 -0.8555156023772960 0.3290768518675426
v 29.1525321673588032 -18.7041885467806424 47.9999998891185058
vn -0.0778833533374316 0.1979404375547402 0.9771150221205048
v 37.3516079930997904 -26.9999975018320626 47.9997249506992532
vn 0.4082425103666091 0.4082517590035154 0.8164977366778824
v 48.9346618699999993 -39.0000000000000000 48.0000000000000000
vn -0.0431801185595873 -0.8546909647214698 0.5173382183684706
v 29.8114338771569116 -18.8745515643913642 48.0000006424318073
vn -0.4210005964444546 0.4158982148111968 0.8060937741418631
v 16.6161516285754196 -6.1842097134036313 48.0000020723354410
vn -0.7753457388336300 -0.4247233133376055 0.4673853788685078
v 28.2569075402543568 -17.9399553762903778 47.9994759893591123
vn -0.5941956791973694 -0.0514641038107705 0.8026723745352964
v 28.0000236566966443 -16.9710018991552509 48.0000000000317542
vn -0.2903252207431308 0.9237406867830815 0.2498287609183003
v 17.3680281008447146 -5.7587057543108457 47.9999999905851240
vn 0.1954125389825495 0.7967126274540585 0.5718941587948283
v 18.3812511600389890 -5.6777867870676433 48.0002085922835207
vn 0.5408629266090529 0.0905686600868560 0.8362204329182358
v 19.9997488987001759 -7.4909958830164340 47.9999999999768932
vn 0.7170886275086261 0.5176489111939191 0.4667156575877277
v 19.6358792623195448 -6.4334596981230483 47.9998100713317584
vn 0.0042030414531019 0.0082913552962470 0.9999567930015250
v 32.0000000000000000 -4.5749998099999996 48.0000000000000000
vn 0.4866449860838283 -0.3244445322896125 0.8111179957237079
v 48.9346618699999993 -9.0000000000000000 48.0000000000000000
vn -0.1387443352790246 -0.8209139115150378 0.5539407543312393
v 26.3680979823623431 10.9967413653937669 48.0000000120130181
vn -0.2300598729548611 0.5350157296661904 0.8129148933718381
v 26.7194909493747872 15.0249007311864737 47.9998597565563117
vn -0.4850785015569117 -0.5146022065610412 0.7070243392768094
v 27.4753607862236144 10.4046991826425828 47.9999999914529880
vn -0.5990473469554410 0.3846418041380852 0.7022769814076539
v 27.7905061679119356 16.0810330960701826 47.9999999922623317
vn -0.5531071462336244 0.0807352258584072 0.8291889459531451
v 27.9971036028343754 16.7762934494195548 48.0000000002129497
vn -0.8661963643182006 -0.2061025393302323 0.4552203880798413
v 13.0796458292451963 38.9042351918857960 47.9999980010616341
vn 0.6882476254113948 -0.2294111355472969 0.6882483105700123
v 88.9346618699999993 -9.0000000000000000 48.0000000000000000
vn 0.0147662322278045 -0.0388809509369929 0.9991347406831721
v 126.9250849375025751 -41.5123074195137320 47.9999967981268014
vn -0.4263666879754304 0.6395619096945232 0.6396655462448767
v 118.9346618699999993 -39.0000000000000000 48.0000000000000000
vn -0.7978931912435362 -0.3963516837388341 0.4541715514699228
v 27.9049554561165607 19.1264974943605104 47.9999999250562723
vn -0.5771179888247906 0.5769523520969263 0.5779799394309919
v 13.0749998099999996 55.0000000000000000 48.0000000000000000
vn -0.5570864501692032 -0.3713865211461387 0.7427831035698406
v 118.9346618699999993 -9.0000000000000000 48.0000000000000000
vn -0.7029546955290653 -0.0550378403423558 0.7091019194474715
v 27.9997989412459809 18.7356795166860550 48.0000000002488889
vn -0.5777680241769072 -0.1399313215268925 0.8041164937336195
v 27.9985225202225614 9.3736969275593616 48.0000172894059745
vn 0.5581527282625801 -0.6437642034227102 0.5234817879588188
v 88.9346618659273673 -33.5071485919808083 47.2927736471472215
vn 0.4552842877114666 -0.8477503544137618 0.2720947517950385
v 88.9339229072398894 -33.9044213544029063 46.5963124693016724
vn 0.5621543274821672 -0.3431304066136735 0.7524918844414253
v 88.9346598269177520 -32.9181097127773015 47.7885998788084834
vn 0.7099577931748510 -0.0622343747314910 0.7014889981404382
v 88.9346619294509679 -32.1429798757425189 47.9999076545784646
vn 0.8046061813117138 0.4184983490529087 -0.4212695394103062
v 88.9346102296652816 -14.7560021228815224 45.4548926734062917
vn 0.7098408525060428 0.6485171913631180 -0.2748661794764633
v 88.9346618670851683 -15.1327523056208246 44.8285043802285372
vn 0.7102675260774096 0.2762635896536877 -0.6474553810352766
v 88.9346618688114887 -14.0584300680318641 45.9255584349848576
vn 0.8019645929124727 0.0511817637324601 -0.5951749480413021
v 88.9346642254599260 -13.4923927440776925 46.0743150870644911
vn 0.0773528710412289 0.9969821251341862 -0.0065708069977019
v 88.9350464436088401 -15.2754953347027058 44.2489108361992578
vn 0.2182213524365090 -0.4364062883812133 -0.8728854408237738
v 88.9346618699999993 -9.0000000000000000 46.0750007600000018
vn 0.7089119732980178 0.4987694871519966 -0.4986710466839286
v 48.9346618851821873 -14.6239731265360557 45.5537500209771693
vn 0.8034998818455572 0.5277211783505169 -0.2754964569545630
v 48.9347401658354926 -15.0650642996885900 45.0029832114953692
vn 0.8023570926137058 0.3063298663322147 -0.5122354038187604
v 48.9346618482112277 -14.2691010920685084 45.8186060679594434
vn 0.7089554014347506 0.6964677873665639 -0.1109723386128917
v 48.9346633518001113 -15.2654559360389559 44.3258283387727730
vn 0.6041545478548010 0.1841894415697222 -0.7752880315860646
v 48.9346649534896656 -13.5927550882314563 46.0708054074636166
vn 0.3014748371843879 -0.3012516911210045 -0.9046327106297791
v 48.9346618699999993 -9.0000000000000000 46.0750007600000018
vn -0.3930069228459476 0.9192615542794683 -0.0224444518501852
v 7.9999851328780140 54.9999999998993232 40.5337994056081925
vn -0.7081820120004856 -0.7059505493472507 -0.0105858280384193
v 7.9999945054558292 -30.1818155147128131 40.5293996774631182
vn -0.6970417446477793 0.7080216028444721 -0.1133058521168462
v 7.9898469712148952 55.0000000030632705 40.6472468534956164
vn -0.9264831366828881 -0.3542791069748972 -0.1269460980231625
v 7.9902305214076872 -30.1773773753872412 40.6482212785694870
vn -0.7869594307602806 0.5572757433626150 -0.2648369313315270
v 7.9420017911895879 55.0000000915917369 40.8487198178330715
vn -0.8509770788813559 -0.4367963867924085 -0.2916280639850207
v 7.9303369837999496 -30.1501527842997454 40.8797583659397645
vn -0.7071319742081519 0.5556896849659200 -0.4372337419218220
v 7.8307806244305711 54.9999999974349265 41.0581821803784237
vn -0.7909754995849139 -0.4419187335041980 -0.4231614255038397
v 7.8161161511967334 -30.0982343774466621 41.0796178357978548
vn -0.6324595824921523 0.5551726469959324 -0.5401649827056381
v 7.7564440582074798 55.0000001143902182 41.1551352497560430
vn -0.5441205732909564 0.5554357311506873 -0.6288274407837353
v 7.6724295346314850 55.0000000028995757 41.2411594367023753
vn -0.7274331001226834 -0.4487055957381451 -0.5191381060943017
v 7.7178897244982565 -30.0535870063864259 41.1979375976430333
vn -0.3909684933023199 0.5572103548169248 -0.7325709915972038
v 7.5104037535101629 54.9999998452268386 41.3641424936001343
vn -0.6309367662928362 -0.4602229362580659 -0.6245907827385410
v 7.5397006980546184 -29.9725906139816054 41.3460589837546877
vn -0.2068916357928414 0.5568034923982600 -0.8044661098468121
v 7.2354441480404974 55.0000004203619710 41.4750441040703564
vn -0.4880469820092386 -0.4754579355437390 -0.7319493799984803
v 7.3255620035089546 -29.8752552874690203 41.4464893045011209
vn -0.3460661841129407 -0.4917312827143320 -0.7990234926543937
v 7.1537470843089297 -29.7971575366309658 41.4894697964690309
vn 0.5254330126684519 -0.3509215502092608 -0.7750962616326335
v 7.0000000000000000 52.2634353600000026 41.5000000000000000
vn 0.1441268626247385 0.8403053148308944 -0.5226035068164975
v 7.0000000000000000 55.0000000000000000 41.5000000000000000
vn -0.0298203403856105 0.0665321311697238 -0.9973385698053099
v 7.0490674999999996 55.0000000000000000 41.4987945600000003
vn 0.1407780428520837 0.1900302377811317 -0.9716326730712506
v 7.0000000000000000 51.8584060700000009 41.5000000000000000
vn 0.5254327935614271 -0.3509212477910448 -0.7750965470823689
v 7.0000000000000000 49.1218414300000035 41.5000000000000000
vn 0.1407780485709225 0.1900300792987915 -0.9716327032383473
v 7.0000000000000000 48.7168159499999973 41.5000000000000000
vn 0.5254327349127031 -0.3509214820354947 -0.7750964807868560
v 7.0000000000000000 45.9802474999999973 41.5000000000000000
vn 0.1407780428670543 0.1900302373662567 -0.9716326731502218
v 7.0000000000000000 45.5752220199999982 41.5000000000000000
vn 0.5254330133970673 -0.3509215503897995 -0.7750962610569713
v 7.0000000000000000 42.8386573800000008 41.5000000000000000
vn 0.1407782508464554 0.1900302892113839 -0.9716326328766703
v 7.0000000000000000 42.4336280799999983 41.5000000000000000
vn 0.5254327934082974 -0.3509212484026488 -0.7750965469092737
v 7.0000000000000000 39.6970634500000017 41.5000000000000000
vn 0.1407780491004384 0.1900300798483008 -0.9716327030541546
v 7.0000000000000000 39.2920379600000018 41.5000000000000000
vn 0.5254327350658334 -0.3509214814238906 -0.7750964809599510
v 7.0000000000000000 36.5554695100000018 41.5000000000000000
vn 0.3430427787586013 0.1802946833167931 -0.9218543697945326
v 7.0000000000000000 36.1504440300000027 41.5000000000000000
vn 0.3535408077038403 -0.3858077446591971 -0.8521509733897510
v 7.0000000000000000 33.4138793899999982 41.5000000000000000
vn 0.1407781468492450 0.1900302634962784 -0.9716326529739659
v 7.0000000000000000 33.0088500999999965 41.5000000000000000
vn 0.5254328742314450 -0.3509215159068632 -0.7750963710084775
v 7.0000000000000000 30.2722854599999991 41.5000000000000000
vn 0.1407781497086082 0.1900301842550839 -0.9716326680575328
v 7.0000000000000000 29.8672580699999983 41.5000000000000000
vn 0.5254329033260764 -0.3509213997020247 -0.7750964038966390
v 7.0000000000000000 27.1306934400000017 41.5000000000000000
vn 0.1407780457114855 0.1900301585399669 -0.9716326881548037
v 7.0000000000000000 26.7256660500000010 41.5000000000000000
vn 0.5254328742314450 -0.3509215159068632 -0.7750963710084775
v 7.0000000000000000 23.9891014100000000 41.5000000000000000
vn 0.1407780457114857 0.1900301585399670 -0.9716326881548036
v 7.0000000000000000 23.5840740199999992 41.5000000000000000
vn 0.5254328742314450 -0.3509215159068635 -0.7750963710084775
v 7.0000000000000000 20.8475074800000009 41.5000000000000000
vn 0.3430428432653625 0.1802946307782114 -0.9218543560655146
v 7.0000000000000000 20.4424800900000001 41.5000000000000000
vn 0.3535407048710921 -0.3858075646007748 -0.8521510975737050
v 7.0000000000000000 17.7059154499999991 41.5000000000000000
vn 0.1407780462559731 0.1900301586746013 -0.9716326880495824
v 7.0000000000000000 17.3008880599999983 41.5000000000000000
vn 0.5254328188316657 -0.3509214404726759 -0.7750964427161257
v 7.0000000000000000 14.5643224700000005 41.5000000000000000
vn 0.1407780965451036 0.1900302112928764 -0.9716326704722945
v 7.0000000000000000 14.1592950799999997 41.5000000000000000
vn 0.4485959832244825 -0.3015892294485137 -0.8413118212146502
v 7.0000000000000000 11.4227304499999995 41.5000000000000000
vn -0.0523393839136987 -0.0672104637455951 -0.9963650648505479
v 7.0386624299999996 -29.7448463399999987 41.4992523199999965
vn 0.1430312043412092 0.1899586242876719 -0.9713175565403099
v 7.0000000000000000 11.0177030600000005 41.5000000000000000
vn 0.5269533056490402 -0.3505158489096379 -0.7742472817703043
v 7.0000000000000000 8.2811374699999991 41.5000000000000000
vn 0.1430312553423444 0.1899586569564800 -0.9713175426411712
v 7.0000000000000000 7.8761100800000001 41.5000000000000000
vn 0.5269532635971022 -0.3505158689908469 -0.7742473012997555
v 7.0000000000000000 5.1395444899999996 41.5000000000000000
vn 0.1430312306572868 0.1899586408236161 -0.9713175494312385
v 7.0000000000000000 4.7345175700000004 41.5000000000000000
vn 0.5269532758198489 -0.3505158570990325 -0.7742472983645865
v 7.0000000000000000 1.9979521000000000 41.5000000000000000
vn 0.1430312398997676 0.1899586431077323 -0.9713175476235382
v 7.0000000000000000 1.5929248300000001 41.5000000000000000
vn 0.5269532667886574 -0.3505158561640241 -0.7742473049345172
v 7.0000000000000000 -1.1436406400000001 41.5000000000000000
vn 0.1430312367997206 0.1899586373254163 -0.9713175492108711
v 7.0000000000000000 -1.5486677900000001 41.5000000000000000
vn 0.5269532983540609 -0.3505158782280882 -0.7742472734622758
v 7.0000000000000000 -4.2852330199999997 41.5000000000000000
vn 0.1430312304376222 0.1899586307369420 -0.9713175514362160
v 7.0000000000000000 -4.6902604099999996 41.5000000000000000
vn 0.5269532707401060 -0.3505158402831972 -0.7742473094346979
v 7.0000000000000000 -7.4268260000000001 41.5000000000000000
vn 0.1430312043412093 0.1899586242876719 -0.9713175565403099
v 7.0000000000000000 -7.8318529100000003 41.5000000000000000
vn 0.5269532985060387 -0.3505158776172893 -0.7742472736353595
v 7.0000000000000000 -10.5684184999999999 41.5000000000000000
vn 0.3449566176802507 0.1801509973239435 -0.9211680357468933
v 7.0000000000000000 -10.9734458900000007 41.5000000000000000
vn 0.3555716907832535 -0.3854706507564494 -0.8514582491930757
v 7.0000000000000000 -13.7100114800000004 41.5000000000000000
vn 0.3449565755880841 0.1801509868292298 -0.9211680535618878
v 7.0000000000000000 -14.1150379200000007 41.5000000000000000
vn 0.3555715846320664 -0.3854706885570266 -0.8514582764091340
v 7.0000000000000000 -16.8516044600000008 41.5000000000000000
vn 0.3449566803175459 0.1801510814161309 -0.9211679958448930
v 7.0000000000000000 -17.2566318500000015 41.5000000000000000
vn 0.3555717952835398 -0.3854706124105663 -0.8514582229132933
v 7.0000000000000000 -19.9931964899999990 41.5000000000000000
vn 0.3449565755880840 0.1801509868292298 -0.9211680535618878
v 7.0000000000000000 -20.3982238799999998 41.5000000000000000
vn 0.3555717963922314 -0.3854706120097949 -0.8514582226317365
v 7.0000000000000000 -23.1347885099999999 41.5000000000000000
vn 0.3449565751450088 0.1801509867187592 -0.9211680537494140
v 7.0000000000000000 -23.5398159000000007 41.5000000000000000
vn 0.3555715843488116 -0.3854706892304435 -0.8514582762225538
v 7.0000000000000000 -26.2763824499999998 41.5000000000000000
vn -0.2967744556419675 -0.6428852574145889 -0.7061327554202479
v 7.0000000000000000 -29.7272720300000017 41.5000000000000000
vn -0.0538456920299166 -0.4438193922341557 -0.8944970589815956
v 4.0000000000000000 7.1892266300000003 41.5000000000000000
vn 0.0000010842125731 0.6906081568012959 -0.7232291295007005
v 4.0000000000000000 6.7841997100000002 41.5000000000000000
vn -0.8967718030174808 0.2233721380563867 -0.3819754196972563
v 1.0844386800000001 7.8453769700000002 41.5000000000000000
vn -0.9520001178169165 -0.2568660342181570 -0.1664800773114118
v 1.0844386800000001 8.2504043599999992 41.5000000000000000
vn -0.0538456596260769 -0.4438192891437364 -0.8944971120821920
v 4.0000000000000000 4.0476341199999997 41.5000000000000000
vn 0.0000010843400583 0.6906081494844784 -0.7232291364874958
v 4.0000000000000000 3.6426067400000002 41.5000000000000000
vn -0.8967717947207827 0.2233721238998488 -0.3819754474540700
v 1.0844386800000001 4.7037844700000004 41.5000000000000000
vn -0.9520000915987272 -0.2568659498140692 -0.1664803574663719
v 1.0844386800000001 5.1088113799999997 41.5000000000000000
vn -0.0538456648679248 -0.4438192751744273 -0.8944971186977503
v 4.0000000000000000 0.9060413800000000 41.5000000000000000
vn 0.0000010869237040 0.6906081555660507 -0.7232291306802265
v 4.0000000000000000 0.5010141700000000 41.5000000000000000
vn -0.8967717969694932 0.2233721278440063 -0.3819754398682551
v 1.0844386800000001 1.5621917200000000 41.5000000000000000
vn -0.9520000971151980 -0.2568659501439443 -0.1664803254120512
v 1.0844386800000001 1.9672188799999999 41.5000000000000000
vn -0.0538456739545142 -0.4438192667201073 -0.8944971223455167
v 4.0000000000000000 -2.2355513600000001 41.5000000000000000
vn 0.0000010876628781 0.6906081447598301 -0.7232291409990353
v 4.0000000000000000 -2.6405785100000001 41.5000000000000000
vn -0.8967717945855478 0.2233721224501495 -0.3819754486193209
v 1.0844386800000001 -1.5794009000000000 41.5000000000000000
vn -0.9520000992481708 -0.2568659484017149 -0.1664803159029936
v 1.0844386800000001 -1.1743737500000000 41.5000000000000000
vn -0.0538456380467679 -0.4438192841431088 -0.8944971158623346
v 4.0000000000000000 -5.3771438600000003 41.5000000000000000
vn 0.0000010857132845 0.6906081548529808 -0.7232291313611354
v 4.0000000000000000 -5.7821712500000002 41.5000000000000000
vn -0.8967717906448591 0.2233721152380711 -0.3819754620884474
v 1.0844386800000001 -4.7209935200000004 41.5000000000000000
vn -0.9520000910254836 -0.2568659478669267 -0.1664803637486910
v 1.0844386800000001 -4.3159666100000003 41.5000000000000000
vn -0.0538456785150505 -0.4438192547183675 -0.8944971280258460
v 4.0000000000000000 -8.5187368400000008 41.5000000000000000
vn 0.0000010792107386 0.6906081885457663 -0.7232290991880584
v 4.0000000000000000 -8.9237642299999997 41.5000000000000000
vn -0.8967717854381712 0.2233721062082615 -0.3819754795927611
v 1.0844386800000001 -7.8625860200000002 41.5000000000000000
vn -0.9520001011901308 -0.2568659440435097 -0.1664803115224657
v 1.0844386800000001 -7.4575591100000000 41.5000000000000000
vn -0.0538456736180846 -0.4438194325056757 -0.8944970401085488
v 4.0000000000000000 -11.6603288700000007 41.5000000000000000
vn 0.0000015252794572 0.6906084251660108 -0.7232288732395825
v 4.0000000000000000 -12.0653562500000007 41.5000000000000000
vn -0.8974319634697500 0.2232718570269372 -0.3804806812475140
v 1.0844386800000001 -11.0041790000000006 41.5000000000000000
vn -0.9520001092458145 -0.2568660453107411 -0.1664801092094118
v 1.0844386800000001 -10.5991516099999998 41.5000000000000000
vn -0.0538456459864151 -0.4438191571516417 -0.8944971783932648
v 4.0000000000000000 -14.8019218400000003 41.5000000000000000
vn 0.0000014866704251 0.6906084583304496 -0.7232288415710684
v 4.0000000000000000 -15.2069492299999993 41.5000000000000000
vn -0.8974319819047371 0.2232718986544608 -0.3804806133376151
v 1.0844386800000001 -14.1457719799999992 41.5000000000000000
vn -0.9520135394330143 -0.2568757495664692 -0.1663883109502862
v 1.0844386800000001 -13.7407445900000003 41.5000000000000000
vn -0.0538455929459855 -0.4438191021947639 -0.8944972088538505
v 4.0000000000000000 -17.9435138700000003 41.5000000000000000
vn 0.0000015351059203 0.6906086123670782 -0.7232286944819474
v 4.0000000000000000 -18.3485412600000011 41.5000000000000000
vn -0.8974320096143704 0.2232719517962706 -0.3804805167950079
v 1.0844386800000001 -17.2873649600000014 41.5000000000000000
vn -0.9520135120161768 -0.2568757170886701 -0.1663885179596426
v 1.0844386800000001 -16.8823375700000007 41.5000000000000000
vn -0.0538456987784982 -0.4438192102259023 -0.8944971488817121
v 4.0000000000000000 -21.0851077999999994 41.5000000000000000
vn 0.0000015203553310 0.6906085929454068 -0.7232287130276659
v 4.0000000000000000 -21.4901351900000002 41.5000000000000000
vn -0.8974319561796806 0.2232718430651421 -0.3804807066354436
v 1.0844386800000001 -20.4289569899999996 41.5000000000000000
vn -0.9520135664814290 -0.2568757815342302 -0.1663881068360607
v 1.0844386800000001 -20.0239295999999989 41.5000000000000000
vn -0.0508573640711089 -0.4389025777408493 -0.8970942290373829
v 4.0000000000000000 -24.2266998300000012 41.5000000000000000
vn 0.0010115854863318 0.6906093406760564 -0.7232272915659269
v 4.0000000000000000 -24.6317272199999984 41.5000000000000000
vn -0.9544295139804515 -0.2974446798398199 0.0243097774162224
v 1.0844386800000001 -23.1655216199999998 41.5000000000000000
vn -0.0005521026998274 -0.4164565478711126 -0.9091554536589903
v 4.0000000000000000 -27.3682918499999985 41.5000000000000000
vn -0.4787151565396827 -0.8632893891768041 -0.1598850506893238
v 1.0844386800000001 -27.0383815799999994 41.5000000000000000
vn -0.0030187943074209 -0.3494142128903017 -0.9369634970003796
v 4.0000000000000000 51.1715240500000021 41.5000000000000000
vn 0.0000011255149699 0.6906083172705432 -0.7232289762692601
v 4.0000000000000000 50.7664947499999997 41.5000000000000000
vn -0.9283835087002454 0.2322608017352703 -0.2901016731263555
v 1.0844386800000001 51.8276748700000027 41.5000000000000000
vn -0.9093011849684371 -0.3930277223324411 -0.1367500072876396
v 1.0280479380370446 52.2669286362353844 41.4706122853509029
vn -0.0538458963444549 -0.4438195339644231 -0.8944969763607167
v 4.0000000000000000 48.0299301100000022 41.5000000000000000
vn 0.0000010379556408 0.6906078724563635 -0.7232294010203248
v 4.0000000000000000 47.6249046300000032 41.5000000000000000
vn -0.8972567672500665 0.2236340582265642 -0.3806811022694424
v 1.0844386800000001 48.6860809300000028 41.5000000000000000
vn -0.9522627813355379 -0.2571183008726770 -0.1645775642043992
v 1.0844386800000001 49.0911102299999982 41.5000000000000000
vn -0.0538457319600481 -0.4438196806887303 -0.8944969134564077
v 4.0000000000000000 44.8883399999999995 41.5000000000000000
vn 0.0000010249965614 0.6906085647850585 -0.7232287399187558
v 4.0000000000000000 44.4833106999999970 41.5000000000000000
vn -0.8972568334928084 0.2236342136372417 -0.3806808548394720
v 1.0844386800000001 45.5444869999999966 41.5000000000000000
vn -0.9522626826537217 -0.2571182278891430 -0.1645782492077376
v 1.0844386800000001 45.9495162999999991 41.5000000000000000
vn -0.0538454940310463 -0.4438187848595221 -0.8944973722590637
v 4.0000000000000000 41.7467460599999995 41.5000000000000000
vn 0.0000011196682804 0.6906080102433473 -0.7232292694481266
v 4.0000000000000000 41.3417205800000005 41.5000000000000000
vn -0.8972567416636269 0.2236340014561319 -0.3806811959263162
v 1.0844386800000001 42.4028968800000001 41.5000000000000000
vn -0.9522625421584563 -0.2571174429057342 -0.1645802884780884
v 1.0844386800000001 42.8079223599999992 41.5000000000000000
vn -0.0538458974608801 -0.4438195591706914 -0.8944969637870023
v 4.0000000000000000 38.6051521300000005 41.5000000000000000
vn 0.0000010381858276 0.6906078718290632 -0.7232294016193301
v 4.0000000000000000 38.2001266500000014 41.5000000000000000
vn -0.8972567672029854 0.2236340580877767 -0.3806811024619434
v 1.0844386800000001 39.2613029500000010 41.5000000000000000
vn -0.9522627848930117 -0.2571183236430389 -0.1645775080465097
v 1.0844386800000001 39.6663322400000027 41.5000000000000000
vn -0.0538457319089406 -0.4438196800625501 -0.8944969137701739
v 4.0000000000000000 35.4635620099999969 41.5000000000000000
vn 0.0000014582555830 0.6906088701285233 -0.7232284483464942
v 4.0000000000000000 35.0585327100000015 41.5000000000000000
vn -0.8979161717190024 0.2235335484249916 -0.3791824116359077
v 1.0844386800000001 36.1197090100000011 41.5000000000000000
vn -0.9522626825544314 -0.2571182273246678 -0.1645782506641101
v 1.0844386800000001 36.5247383099999965 41.5000000000000000
vn -0.0538454929285782 -0.4438187789853688 -0.8944973752399806
v 4.0000000000000000 32.3219680799999978 41.5000000000000000
vn 0.0000011225367581 0.6906081632192405 -0.7232291233721764
v 4.0000000000000000 31.9169406900000006 41.5000000000000000
vn -0.8972567277534711 0.2236339901353355 -0.3806812353627139
v 1.0844386800000001 32.9781188999999983 41.5000000000000000
vn -0.9522758555010555 -0.2571272962214514 -0.1644878371417733
v 1.0844386800000001 33.3831443799999974 41.5000000000000000
vn -0.0538456160435767 -0.4438192701178088 -0.8944971241457309
v 4.0000000000000000 29.1803760499999996 41.5000000000000000
vn 0.0000015414466384 0.6906084557484830 -0.7232288440364638
v 4.0000000000000000 28.7753486599999988 41.5000000000000000
vn -0.8979161026154965 0.2235333859289202 -0.3791826710689054
v 1.0844386800000001 29.8365249599999984 41.5000000000000000
vn -0.9522626184639932 -0.2571178691635305 -0.1645791810433657
v 1.0844386800000001 30.2415523499999992 41.5000000000000000
vn -0.0538456993121748 -0.4438192105135385 -0.8944971487068711
v 4.0000000000000000 26.0387821200000005 41.5000000000000000
vn 0.0000010851132042 0.6906080967030531 -0.7232291868882291
v 4.0000000000000000 25.6337547299999997 41.5000000000000000
vn -0.8972567420777038 0.2236340198167480 -0.3806811841642656
v 1.0844386800000001 26.6949329400000011 41.5000000000000000
vn -0.9522759839055547 -0.2571277767027297 -0.1644863426689860
v 1.0844386800000001 27.0999603299999983 41.5000000000000000
vn -0.0538457287061277 -0.4438195700853597 -0.8944969685299959
v 4.0000000000000000 22.8971900899999987 41.5000000000000000
vn 0.0000015047758707 0.6906083923627100 -0.7232289045633677
v 4.0000000000000000 22.4921627000000015 41.5000000000000000
vn -0.8979160776732975 0.2235333447981455 -0.3791827543799348
v 1.0844386800000001 23.5533409099999993 41.5000000000000000
vn -0.9522627281298808 -0.2571182430321997 -0.1645779624210712
v 1.0844386800000001 23.9583683000000001 41.5000000000000000
vn -0.0538456154985081 -0.4438192679438988 -0.8944971252571630
v 4.0000000000000000 19.7555980700000013 41.5000000000000000
vn 0.0000015412174801 0.6906084555891625 -0.7232288441885986
v 4.0000000000000000 19.3505706800000006 41.5000000000000000
vn -0.8979161025529115 0.2235333857544574 -0.3791826713199568
v 1.0844386800000001 20.4117469800000002 41.5000000000000000
vn -0.9522759324549122 -0.2571277260888347 -0.1644867196569769
v 1.0844386800000001 20.8167743700000010 41.5000000000000000
vn -0.0538456988962176 -0.4438192110894058 -0.8944971484461844
v 4.0000000000000000 16.6140041399999987 41.5000000000000000
vn 0.0000010861199710 0.6906081925349796 -0.7232290953787663
v 4.0000000000000000 16.2089767500000015 41.5000000000000000
vn -0.8972567415819549 0.2236340211733620 -0.3806811845357808
v 1.0844386800000001 17.2701549499999985 41.5000000000000000
vn -0.9522759836816864 -0.2571277766872911 -0.1644863439891806
v 1.0844386800000001 17.6751823399999992 41.5000000000000000
vn -0.0538456461613259 -0.4438191578985896 -0.8944971780121255
v 4.0000000000000000 13.4724121100000005 41.5000000000000000
vn 0.0000010908548001 0.6906082009935818 -0.7232290873016783
v 4.0000000000000000 13.0673847199999997 41.5000000000000000
vn -0.9491876530940218 0.1866590613031688 -0.2533795454398065
v 1.0844386800000001 14.1285619699999998 41.5000000000000000
vn -0.9522626429141062 -0.2571178872078824 -0.1645790113835784
v 1.0844386800000001 14.5335893600000006 41.5000000000000000
vn -0.0538456026515394 -0.4438191322816016 -0.8944971933415435
v 4.0000000000000000 10.3308191300000001 41.5000000000000000
vn 0.0000010790844388 0.6906081884582981 -0.7232290992715817
v 4.0000000000000000 9.9257917399999993 41.5000000000000000
vn -0.8967717854206546 0.2233721060688872 -0.3819754797153888
v 1.0844386800000001 10.9869699500000007 41.5000000000000000
vn -0.9520000726165860 -0.2568658478478919 -0.1664806233391694
v 1.0844386800000001 11.3919963800000001 41.5000000000000000
vn -0.4364338035057755 0.8728722995168866 -0.2182188898642476
v 8.0000000000000000 55.0000000000000000 35.0750007600000018
vn -0.5252604569324290 -0.7790567253328082 -0.3423040623434924
v 8.0000000000000000 -30.1818180100000006 35.0750007600000018
vn 0.3308188938850155 -0.1131186781370517 -0.9368900811222312
v 128.5426574712878107 -40.5475823513644258 16.0002598723687903
vn 0.1914870355181702 0.0284801266024044 -0.9810818506206167
v 128.5286888551393929 -6.2397881734475025 16.0003012060775909
vn 0.7255480735092370 -0.0355087645741524 -0.6872547712933336
v 128.7979620208911058 -39.9843688520281759 16.1473103196999190
vn 0.5936482226058220 0.0336440427909048 -0.8040210607823854
v 128.7572258824470453 -6.0325511766908777 16.1117014556886424
vn 0.8692024557157633 0.0575393448101352 -0.4910970522987357
v 128.8692996878845349 -6.0731043137723546 16.2493336867279226
vn 0.9843201197321703 0.0735686933302687 -0.1603170273306079
v 128.9333673172260148 -6.0852141574066740 16.4216944521400734
vn 0.9987413693749120 -0.0383548908947844 -0.0323199542631900
v 128.9346297914269712 -40.0961411826013219 16.4600324311407640
vn 0.0194916087660988 -0.0836933552974887 -0.9963009080929104
v 126.8938753528745877 -41.5422934745421202 16.0000699776389439
vn 0.0153555143151043 -0.3682277619779823 -0.9296088013184927
v 126.9622098877563872 -41.6993699228803649 16.0382938063956892
vn 0.0138456629779290 -0.6223006691066972 -0.7826558470017704
v 126.9360488422075264 -41.8244603163469577 16.1186054334569810
vn 0.0315343972908855 -0.7835987215980095 -0.6204664578343183
v 126.9363410006361761 -41.8976080532998623 16.1945647907268366
vn 0.0710951863342347 -0.9143681761407138 -0.3985929163209063
v 126.9546318820187594 -41.9613363964457875 16.3042311021068400
vn 0.0333014705767429 -0.9948453889722686 -0.0957792466980296
v 126.9296359435626584 -41.9999534319828385 16.4478478743064507
vn 0.1885575689173155 -0.9741253309439665 -0.1246029005172003
v 127.2862599698012360 -41.9768481159901867 16.4837837753369278
vn 0.1892283173585356 -0.7062644721836736 -0.6821899583259594
v 127.5981000233864791 -41.7474708570331714 16.0848825231796759
vn 0.4172901344103712 -0.8993980083419776 -0.1302004850768933
v 127.7794770518207201 -41.8169236142445513 16.4766879028067734
vn 0.6918260662438542 -0.6332090031057390 -0.3470202478982894
v 128.3135330962874150 -41.4637926609605714 16.2596494632731954
vn 0.8961585815762664 -0.4318589616353552 -0.1019687889623445
v 128.7382950148269458 -40.8888324296073975 16.5379282575162350
vn 0.9157611001488728 -0.1725909530559187 -0.3627588322527461
v 128.9048260033104611 -40.3587115845673807 16.3309477063670165
vn -0.0268440063272958 -0.9973956012578319 -0.0669433634935390
v 35.9985930352533643 -41.9999337219777971 16.4550447098574146
vn -0.0323981286665798 -0.9406735155154576 -0.3377627843127390
v 35.9989740759206782 -41.9668250152528302 16.3177305811011912
vn -0.0506946261909336 -0.8217633138669898 -0.5675694766790271
v 35.9889080702476960 -41.9059141288032180 16.2056226347830012
vn -0.0844180976426323 -0.6664035093257729 -0.7407968328419698
v 36.0011401430347604 -41.8297157871710894 16.1231391274448654
vn -0.0476291597881310 -0.4556825216005875 -0.8888672019180406
v 36.0021538938206831 -41.7241349347146837 16.0499992867242334
vn -0.0205404371722684 -0.1252086058038792 -0.9919177866503962
v 35.9777753890156617 -41.5556458726954716 16.0001463550903935
vn -0.1139708203670506 -0.0245685892763285 -0.9931802638624232
v 34.4317622612574610 -39.9097785199693789 16.0000339604583992
vn -0.4601291809529081 -0.0355530789354719 -0.8871398511023018
v 34.2485777997665153 -40.0006352079413716 16.0641827263795278
vn -0.9953782520205986 -0.0186523759464075 -0.0942031012014539
v 34.0002959318691111 -40.1296081015186417 16.3861868334222827
vn -0.8862251463616621 -0.2544164876567967 -0.3871398206909616
v 34.0934653880179539 -40.6293018362898763 16.2073947067800113
vn -0.3818748679335912 -0.4981572878449729 -0.7784670203725030
v 34.6849369503320943 -41.3954045603677088 16.0660232109624914
vn -0.7568897632291134 -0.6466766447675942 -0.0944838792128237
v 34.4540487878871815 -41.2878548944065642 16.4687650590917123
vn -0.5330785188343962 -0.8421668227966702 -0.0811315927237243
v 34.9402156781078759 -41.6996017318757595 16.4993278019253466
vn -0.2230172083596964 -0.9204165442630129 -0.3210867636985070
v 35.4741600273502797 -41.9382070595134451 16.3623933621805264
vn -0.9811047479413516 0.0259277556108799 -0.1917321701121631
v 34.0016092592824535 -6.0808246271677175 16.3934524009608822
vn -0.7894472927598304 0.0138637222401148 -0.6136617709779740
v 34.1114710292655730 -6.0800647055497565 16.1811318222181661
vn -0.5331513286276759 0.0630137695638549 -0.8436699150899584
v 34.2316690731059836 -6.0723947529509585 16.0762681001703633
vn -0.2294639691467404 0.0679050596097982 -0.9709455132718898
v 34.4140087863636239 -6.0474812181280067 16.0001246676502866
vn -0.0213652783251875 0.1418969507306154 -0.9896508375459703
v 36.0194717175649899 -4.5172344513436391 16.0001204043055090
vn -0.0113889142933665 0.3866449459444700 -0.9221583261061065
v 35.9996015698955958 -4.3915454276730070 16.0340813646207963
vn -0.0072925299750272 0.6142447239519583 -0.7890818956887466
v 35.9965753771213457 -4.2707069998767979 16.1002723492039017
vn -0.0186283154591400 0.8065559576212747 -0.5908641748225926
v 35.9997640960921217 -4.1702528362126374 16.2044197151464182
vn -0.0460701740361164 0.9424125978441923 -0.3312642970331132
v 35.9992311723065015 -4.1050525643493012 16.3234424410387504
vn -0.0996212083938113 0.9888859969123730 -0.1103634901078210
v 36.0009829583452543 -4.0752181187162826 16.4604795064706373
vn -0.3174285115317392 0.8255472395784942 -0.4665950013567151
v 35.0983740682528591 -4.3008926153617928 16.0978433314550671
vn -0.8201454473760524 0.2459383298768387 -0.5166002158785130
v 34.0745119818269728 -5.4484051161845048 16.2711352816743897
vn 0.0560006570340177 0.1456816526159734 -0.9877453024453406
v 127.1478482955620990 -4.5247973440070934 16.0000557003425961
vn 0.0758785951944013 0.3818125675579404 -0.9211197544544018
v 126.9361189838854500 -4.3980327382330389 16.0315788419340315
vn 0.0694214912724702 0.5331067212334475 -0.8431950428727801
v 126.9347362853155090 -4.3013293312038696 16.0796519230601263
vn 0.0502596165615436 0.7288478294833796 -0.6828285380682715
v 126.9369279230385246 -4.2147552462478064 16.1522065165559141
vn 0.0447814907657007 0.8978439152636636 -0.4380307316944976
v 126.9357535500417526 -4.1213358151123387 16.2818847462803866
vn 0.0479433220052652 0.9927631701013587 -0.1101032513843260
v 126.9338755938885157 -4.0751471715851224 16.4552839014975127
vn 0.7378292690949128 0.3557181245253555 -0.5736484860531148
v 128.6170899216416217 -4.9989951761071190 16.1141755770818094
vn 0.2857618406033173 0.8016872219950312 -0.5250121603781134
v 127.7022574263291688 -4.2072052841838339 16.3025369125648503
vn -0.3695426347816878 -0.9291486167820705 -0.0110040451913393
v 35.3560404593737161 -41.9008361238328320 30.1352150100033640
vn -0.4847901500919978 -0.8668548699000171 0.1163664251595053
v 34.9605100322674716 -41.7104501488311357 30.1223106245590664
vn -0.8844253818231398 -0.4640425236474012 -0.0495608740232088
v 34.2009485563083828 -40.9173313363128415 30.1257261505779645
vn -0.9967841594876811 -0.0605219744250519 -0.0525207578594457
v 34.0000020094501281 -40.1756386038917128 30.2599975593172950
vn 0.3396870273192265 -0.7876318409582221 -0.5140513657017056
v 37.6410643222863186 -41.9896801077202042 41.9677040645317518
vn 0.0162873692841302 -0.9919394632869972 -0.1256615405591797
v 38.9873849649087703 -41.9999537117567669 42.5729914886792145
vn 0.0156318894663207 -0.9910178411137500 0.1328129610616174
v 38.9834262134022040 -41.9999384488076473 21.4338390910848311
vn -0.0113284461585416 -0.9923511643994324 -0.1229261275023481
v 123.9278218429123228 -41.9999281432603198 42.5797363540018381
vn -0.1684286466185782 -0.8848523479934192 -0.4343594286403450
v 125.2089529570957183 -41.9995868574254487 42.3428164491040988
vn 0.9989213225895399 -0.0193904311748981 0.0421924454709112
v 128.9346031966915120 -40.1101360188252940 47.5727472514438290
vn 0.8298247336848035 -0.5499394961238390 0.0946438691516944
v 128.6538676028024213 -41.0432357953194398 47.4787665075738232
vn 0.5946614379482216 -0.6965671819723619 0.4014622463151868
v 128.1576192965397638 -41.5958883697767163 47.7574964410081009
vn 0.1569659181628179 -0.9647068985601116 0.2114291853217858
v 127.2655372443362012 -41.9767311936496768 47.4958110209697892
vn 0.9706323524671275 0.1264448786187679 -0.2046571010622777
v 128.9344909476794498 -14.8031233082382006 46.5939124240910161
vn 0.9909227031543739 0.1274754310569547 0.0426873617136532
v 128.9346059144042442 -16.0422809875941113 37.0476148406822006
vn 0.9831935747309293 0.1655056248733575 -0.0770602539776248
v 128.9346588576877082 -16.1941717886512251 25.9888729791301856
vn 0.9886992756024545 0.1187416660278339 0.0915104320398277
v 128.9346393050448967 -16.1431567755503025 18.4105233328260205
vn 0.5345271165687437 0.2672305302135197 -0.8017908738408698
v 48.9346618699999993 -39.0000000000000000 16.0000000000000000
vn 0.5962841855333241 -0.2981367702749382 -0.7453587299367260
v 48.9346618699999993 -9.0000000000000000 16.0000000000000000
vn -0.3481581412784268 0.3481357059634827 -0.8703949901595589
v 78.9346618699999993 -39.0000000000000000 16.0000000000000000
vn 0.6963101132603058 -0.1740733477924721 -0.6963122114107588
v 88.9346618699999993 -9.0000000000000000 16.0000000000000000
vn -0.7844652285099356 -0.1961114323965634 -0.5883490556992698
v 78.9346618699999993 -9.0000000000000000 16.0000000000000000
vn 0.4850743917392654 0.4850610398788863 -0.7276115873667730
v 88.9346618699999993 -39.0000000000000000 16.0000000000000000
vn -0.5345052617252867 0.2672857976030333 -0.8017870213390169
v 118.9346618699999993 -39.0000000000000000 16.0000000000000000
vn -0.6666501888414947 -0.3333489823540661 -0.6666753195380102
v 118.9346618699999993 -9.0000000000000000 16.0000000000000000
vn 0.0379267937877035 0.9990437388371078 0.0217523838545924
v 126.9344731197478922 -4.0751373014506420 47.5444796027276055
vn 0.3308846962726261 0.7745829754817368 0.5390144078467950
v 33.2404341881368168 -4.0776423607357932 47.5709583007519257
vn 0.3286006533754849 0.5624534373801697 0.7587277122792049
v 33.0552565248787502 -4.1149293492284489 47.6993107247932997
vn 0.0382668264145471 0.8214572132160437 0.5689847949211739
v 126.9460217130791619 -4.1496578935747923 47.7690819141289893
vn 0.2375336464823017 0.4349091382927179 0.8685803406814516
v 32.8692550098566159 -4.1740787215638404 47.8029085321002398
vn 0.0617193869860480 0.6419295171285997 0.7642756127923416
v 126.9353363243465651 -4.2665880283370718 47.8962522496945553
vn 0.1705783221835846 0.3255230379493178 0.9300203157809405
v 32.6352100640838572 -4.2698320433762023 47.8969686643730270
vn 0.0931191964875420 0.2104822296710511 0.9731526325496004
v 32.4053658376821616 -4.3747730511399796 47.9595316378050143
vn 0.0942371439914113 0.3731022308350785 0.9229919208954268
v 127.1621474674265784 -4.4343224801042869 47.9843706105846621
vn 0.0056552397944750 0.0646479662564205 0.9978921077560318
v 126.9416452024264430 -4.5201521599484744 47.9999442634691391
vn 0.0513392774797599 0.0704610603414437 0.9961925102927724
v 32.1577534403224448 -4.4953374035301890 47.9940386062795952
vn 0.1579085587654475 0.9217514912601829 0.3541737926897587
v 127.2391088101471155 -4.0967921810034609 47.6471750717060729
vn 0.5399025698634028 0.5469715244756612 0.6397869695982129
v 128.2666041210268588 -4.5851870847282266 47.8752134806822340
vn 0.1197153371375250 0.0448407868799500 0.9917951108399534
v 128.4839566755380815 -6.0773350655622709 47.9999681552786015
vn 0.4237650858488449 0.0598086788754333 0.9037953717223254
v 128.6958452968118252 -6.0069647804327406 47.9347711620279782
vn 0.8957686232247360 0.1684903763754079 0.4113509045996305
v 128.8696536817234914 -5.5363142167494210 47.7494394489663350
vn 0.9896179644176262 0.0223559866721762 0.1419735692367687
v 128.9331705342611656 -6.0832507920570045 47.5831091252111236
vn 0.9049823949419118 -0.2052862043879689 0.3726451920167262
v 128.8715477331861337 -40.5148707330906888 47.7511411460201955
vn 0.5967710901785603 -0.0279398909342462 0.8019249518637483
v 128.7264519280050479 -39.9384115285627601 47.9151657471507662
vn 0.2318619990491705 -0.0878080725404498 0.9687774542141521
v 128.4861882560778383 -40.4290994929203649 47.9999772824229041
vn 0.3180307973165263 -0.9337145161006107 0.1644190207403536
v 127.6687765875102656 -41.8635487014771641 47.5808288819183076
vn 0.0085086244864955 -0.1586646808764912 0.9872958636354702
v 126.9355214096710966 -41.5821675930128762 47.9939470709568923
vn -0.0025882490948898 -0.3908381384216461 0.9204557841209566
v 126.9390448888888585 -41.6936236401182967 47.9634355862005108
vn 0.0189686683556431 -0.6989443135150493 0.7149244968706766
v 126.9953393556633046 -41.8518903104426272 47.8608663533811693
vn 0.0868839842631831 -0.9179541383564581 0.3870547418038018
v 126.9513631756887833 -41.9712070813419587 47.6787600098209055
vn 0.1645619449760407 -0.6442873243822566 0.7468689375694076
v 127.5705209221209770 -41.7201001292652336 47.9560212130227725
vn 0.0508211312433612 -0.9951580886247753 0.0841284212607660
v 126.9349289793873510 -41.9999947326037741 47.5240091762982644
vn -0.0140940692542170 -0.0740982644289346 0.9971513447919914
v 34.1021187553639109 -41.5137874674352432 47.9999976798962393
vn -0.0203076431075865 -0.2653490434076987 0.9639385274974926
v 34.4327402096201567 -41.5890399329727458 47.9927545293537321
vn -0.0279423259059378 -0.4707028853967792 0.8818492048542727
v 34.4994568542042686 -41.7447888660393218 47.9410937603797436
vn -0.0376972990951372 -0.9679921671902064 0.2481331858082254
v 34.4305745606203786 -41.9783570743851158 47.6582264843208918
vn -0.0332144406492683 -0.9968795464398296 0.0716098514331358
v 34.4325441397745635 -41.9999922996612298 47.5215267539724451
vn -0.3699621865539284 -0.9223616835373756 0.1112515404942074
v 33.7568623225823146 -41.8888555865124488 47.6032158389609137
vn -0.1250476074267547 -0.3952108052230359 0.9100392932790341
v 33.7577941394776602 -41.5664071211994681 47.9644066873681183
vn -0.1480417479204542 -0.9844442393225855 0.0946212478105875
v 34.1869399542261760 -41.9876834890462192 47.5043181385691184
vn -0.1298479593074092 -0.8375837804698650 0.5306532937403764
v 34.0210626181601583 -41.8918269055972416 47.8130709016269080
vn -0.7668738953226181 -0.6333655271517258 0.1036944438652840
v 13.0750027315975945 -32.4883725106892953 47.5886482054618725
vn -0.5166451262540905 -0.6238288693938695 0.5864429684365408
v 13.0750627089045608 -32.3594253282540194 47.8345038933954640
vn -0.5896578238208965 -0.0882570901273359 0.8028165026013478
v 13.0749995425405121 -32.0603352670864936 47.9998032526579550
vn -0.9426911986380011 -0.3215155121959192 0.0892248812150761
v 125.9350000695358602 -41.6346705688908045 23.7340323334108128
vn -0.7969920033039928 -0.5921110912775579 -0.1191981638096321
v 126.0592259250706064 -41.8590045921931662 40.1110111648175618
vn -0.4366220152349271 -0.8933840779326010 0.1059533157041693
v 126.2483347567979450 -41.9874241912292021 23.2698359692720196
vn -0.2833351535778935 -0.9541948588031021 -0.0960903854749241
v 126.3619658840381703 -41.9995060268912965 40.3564379296314968
vn -0.1877079163417034 -0.1454317987075842 -0.9713986463174286
v 124.2472546857001703 -41.5859149215386168 42.1039264049602551
vn -0.9221637796224836 -0.0644423909427221 -0.3813936834846123
v 125.7655080429549912 -41.6207973768054984 40.9544753558353420
vn -0.9935551706001524 -0.0542336195477629 -0.0995330974322138
v 125.9346449860882444 -41.5589644880771019 40.2267346086242412
vn -0.9663457864494326 0.0732953935253687 -0.2465838727479738
v 125.8627241281259757 -41.5121163290720503 40.6817939180959058
vn -0.7418990013796718 -0.1723642701067597 -0.6479787266125406
v 125.4346623978298680 -41.5179026058746388 41.4589400325515385
vn -0.6909083674818353 -0.4791523220647636 -0.5413489447699429
v 125.5975048789297261 -41.8129279927566984 41.4799327902481778
vn -0.5047154635362375 0.0893197025243274 -0.8586526024000430
v 125.0494197211905032 -41.5637032543615987 41.7911639462969049
vn -0.0178046586487846 -0.9239727755971322 -0.3820435892483107
v 123.9430277906199933 -41.9629277487887080 42.4312577563248681
vn -0.3394398652275874 0.1438450965883606 -0.9295639655676001
v 124.6279239657754232 -41.5033678282580141 42.0074068645847305
vn -0.0255881256026233 -0.7819789641207966 -0.6227793730533392
v 123.9398354621143881 -41.8906714417840718 42.3103714727401368
vn -0.0070728891576993 -0.5740159574695515 -0.8188135653549452
v 123.9375779936965785 -41.7986638062454077 42.2223155365221672
vn -0.0286053843973162 -0.3256784984244714 -0.9450477488716976
v 123.9339096308275856 -41.6614418440609811 42.1489683245283260
vn -0.0139682793391818 -0.0403712089173101 -0.9990871096470305
v 123.9347143185285063 -41.5239890584761895 42.1250051020748160
vn 0.0739026136106703 -0.9212396784305102 -0.3819107992539122
v 39.0045879286692880 -41.9625750895114891 42.4323845946326017
vn 0.0701959803996628 -0.7817817701533208 -0.6195884022410929
v 38.9906905072871055 -41.8923680766142184 42.3108036376039678
vn 0.1104228174490437 -0.5204456648206970 -0.8467249325229286
v 39.0038549523552973 -41.7984639697421443 42.2225689347184030
vn 0.0396993614815709 -0.3195983246970691 -0.9467211160361759
v 38.9861741392980150 -41.6591075075159125 42.1459249782332250
vn 0.0251061986997826 -0.0325239360426829 -0.9991555796627163
v 38.9999875865613674 -41.5122440137964261 42.1250020777542886
vn 0.2306079025053211 -0.1954685169922431 -0.9532114425283350
v 38.5266189229267439 -41.6412118821558295 42.0819279862733566
vn 0.6145586912900238 -0.1955723695957419 -0.7642441123166078
v 37.7609219972156822 -41.4900795485067633 41.7106773889499820
vn 0.8989372472096996 -0.1622956607983732 -0.4069053256779354
v 37.1403185079490044 -41.6432311794937675 40.9163042551138076
vn 0.0991017238391011 -0.9946676878577013 -0.0285488890139870
v 36.5870929061094401 -41.9995219658340417 40.7697308706372255
vn 0.7333086439571009 -0.6657443938930000 -0.1379957778261343
v 36.8658330249283566 -41.8626438792036168 40.4434572477469700
vn 0.9613203218252449 -0.2520919026863994 -0.1109635590892720
v 36.9999920391810235 -41.5801825136047398 40.2473684618232781
vn 0.2331521373782087 -0.9712518339509593 0.0480620004043894
v 36.6001369922046536 -41.9981426978252941 23.5488927685042313
vn 0.8182816364465338 -0.5230480235722702 0.2384028701411217
v 36.8777713815285395 -41.8414542526776358 23.6282126324291255
vn 0.9799689937149715 -0.1941448971240380 0.0443681223172997
v 37.0000534234591143 -41.5863875123340421 23.7242624541169853
vn 0.9408197917995895 -0.1028614549212729 0.3229204862650496
v 37.1002449588867478 -41.5009139695601306 23.2359698017800653
vn 0.8153652268871858 -0.1267187994555218 0.5649087471864455
v 37.3946700236038652 -41.7412513305665982 22.6574161805980481
vn 0.5376786616762639 -0.2278654445113116 0.8117752127132758
v 37.8611133692079349 -41.5364907059846331 22.2257190811020635
vn 0.3435367538550646 -0.8177290415790086 0.4618459844028102
v 37.6992125816647601 -41.9881189289176575 21.9697763910823092
vn 0.0512244134330806 -0.9161734673976014 0.3974949523014011
v 38.9948657091493445 -41.9616090959608457 21.5702076315657791
vn 0.0828266206372515 -0.7011271489778385 0.7082093418474656
v 39.0652970496010212 -41.8870598058861816 21.6957246255559433
vn 0.2151037787455444 -0.2799886277851504 0.9355943205686835
v 38.4770854843818313 -41.6978905154830457 21.9293831930921321
vn 0.0608858298838697 -0.4456085249710695 0.8931550583143221
v 38.9964251924757619 -41.7417415179378537 21.8164373802581437
vn 0.0570484227536335 -0.1239631569455964 0.9906455537584592
v 38.9998481805136663 -41.5599632701334372 21.8749829445582691
vn -0.0369748258863765 -0.1887821082953234 0.9813226675453109
v 123.9349119676119102 -41.5683324588720993 21.8749567191431602
vn -0.0232607652929105 -0.5438603439487032 0.8388533024778447
v 123.8287827947030308 -41.7605358599966010 21.8055650397913254
vn -0.0297455737113560 -0.8008705197710562 0.5980983292120290
v 123.9386948759904357 -41.8986052764753154 21.6811932671413636
vn -0.0368080430852859 -0.9344975929973173 0.3540613176364399
v 123.9319515344676574 -41.9644267985095851 21.5634059047887767
vn -0.0196580088525156 -0.9915156529920348 0.1284923054495220
v 123.9282088805401969 -41.9998995231630943 21.4277294363455368
vn -0.0875592423698639 -0.8872999607698124 0.4528047688502240
v 124.5064618762541784 -41.9972812560322026 21.6235347542953740
vn -0.1983173183805609 -0.2276816492788387 0.9533264434662511
v 124.3086121108884896 -41.6111759356936304 21.9036599903566973
vn -0.4800834858706705 -0.6758030891476865 0.5592942260498580
v 125.3970398384403069 -41.9883983315756879 22.1315689907321591
vn -0.4017976539334567 -0.1697174548892919 0.8998636734525244
v 124.7928451449210883 -41.4991756021522136 22.0654997151995538
vn -0.6344067426054519 -0.1577918847290025 0.7567230709119480
v 125.2307963489615759 -41.4816175224916037 22.3363439310524470
vn -0.8354138237969989 -0.1236673310788662 0.5355279023848399
v 125.5974074389419428 -41.4970445255609306 22.7548530454044311
vn -0.8885585861880217 -0.2814985639049044 0.3622460454318590
v 125.8317268313084440 -41.6440223915190160 23.2200904090517710
vn 0.0489570436986131 -0.9479447129933805 0.3146490568557124
v 38.9226983529040069 -18.8750084662572952 21.8750044638084269
vn 0.4493332660989486 -0.6380623534714791 0.6252807761792207
v 38.3652541272566907 -18.9663565142707640 21.9638462560711574
vn 0.7519111444316762 -0.4685593741066715 0.4637690630219000
v 37.7884987596617989 -19.2777503612448911 22.2774207867652052
vn 0.9179146308806164 -0.2270854898750136 0.3253688840432143
v 37.3039853880665433 -19.7845013062591448 22.7854712858959587
vn 0.9883638132768804 -0.1196563777849154 0.0939112552369387
v 37.0014471347456535 -20.5925913255089341 23.5948594762216430
vn -0.0215928178790770 -0.9397360019493113 0.3412184005243047
v 123.9683011040479101 -18.8750039588094332 21.8750004009860533
vn -0.2578800950141402 -0.8642406435844633 0.4319559775859231
v 124.2986253255701854 -18.9028772524423694 21.9055283840747990
vn -0.5582542392894724 -0.4931931189000372 0.6671677088895913
v 124.7766673532423027 -19.0561510424018294 22.0552706516143999
vn -0.7587968445585324 -0.4608002327412308 0.4603156462620428
v 125.2169439909258841 -19.3312650375181398 22.3302063416553587
vn -0.8755998438915800 -0.3818823020649314 0.2957884729779530
v 125.5416364014837001 -19.6781642034885103 22.6789854854178934
vn -0.9403039594932439 -0.1890915210795200 0.2829714833992314
v 125.7211236169045208 -19.9735977138472585 22.9727113240294507
vn -0.9817999654047822 -0.1573026540430282 0.1064175876544280
v 125.8646470263277735 -20.3265185520104090 23.3326471230385302
vn -0.9983649506127905 -0.0400798792671448 0.0407557194250257
v 125.9345833603240408 -20.7595641790551007 23.7577715226471540
vn -0.9955994395711285 -0.0668372292119266 -0.0656851635982401
v 125.9344901506800056 -20.7453369312732825 40.2491735912781863
vn -0.0631582854953325 0.9968998220518885 0.0469230835112454
v 35.9349881918677738 -4.0750747009914683 17.4576333476703383
vn -0.0810229854422844 0.9746463861408046 0.2085658117062554
v 35.6820364018003815 -4.1006762379800774 17.5824659991267751
vn -0.1467749299913744 0.8961169806131504 0.4188454094087674
v 35.3318445678580133 -4.1870374843786795 17.7442690698273715
vn -0.2293043832604277 0.7447112733848495 0.6267572250170482
v 35.0389413865094497 -4.3216527307091521 17.8570921243920360
vn -0.4414299693230061 0.5307386747591941 0.7235026201046851
v 34.7425150854433298 -4.5110132942205672 17.9248106160180072
vn -0.8255572782775311 0.5620606003211278 0.0504287799738225
v 34.2955519687431476 -4.8891549791084996 17.3472832795135830
vn -0.8305532239262542 0.1839383288003897 0.5256881522574247
v 34.0002526237884695 -5.9379727725018911 17.9249992394557331
vn 0.1924561889792531 -0.1923689461090811 0.9622654539660370
v 48.9346618699999993 -9.0000000000000000 17.9249992399999982
vn 0.2181650897350725 -0.4361943789683568 0.8730054165795866
v 88.9346618699999993 -9.0000000000000000 17.9249992399999982
vn -0.2672731106245917 -0.5344631463555952 0.8018193247388917
v 78.9346618699999993 -9.0000000000000000 17.9249992399999982
vn -0.3013539086530370 -0.3008343279095244 0.9048118748617096
v 118.9346618699999993 -9.0000000000000000 17.9249992399999982
vn -0.5559461804683584 0.6142499897931472 -0.5600185661759458
v 34.0000001271354435 -14.7757181387736942 26.4027380439156047
vn -0.5561543654692924 0.4896510643190467 -0.6715163117755767
v 33.9999998655000368 -14.4607364545093731 26.6893685659371229
vn -0.4477796081520936 0.7632984813215756 -0.4656917982263956
v 34.0000000012108075 -14.9674291493273408 26.1421976106296619
vn -0.4486730395669788 0.8317791040788064 -0.3268578063678246
v 34.0000000260512181 -15.1348530625234243 25.8255282616932149
vn -0.5570272581022887 0.3320631044190281 -0.7612192380744485
v 34.0000003300510372 -14.0447787373944308 26.9288710419377288
vn -0.5557046847722287 0.8185068164609540 -0.1457357016285031
v 34.0000000106292717 -15.2389467976043331 25.4615894609427400
vn -0.7076682101082289 0.7059745578638386 -0.0283835877079169
v 34.0000000002946265 -15.2749065119981129 25.1652942788910750
vn -0.5567849188694751 0.8221316139650944 0.1187019942488789
v 34.0000002590113297 -15.2736087785327204 19.6961311815831124
vn -0.5568049859330565 0.7623666849257570 0.3297957630949805
v 34.0000000000385825 -15.1386758822853142 19.1911788369742951
vn -0.6011176084627420 0.1312274594140386 -0.7883127391408632
v 33.9999987766436931 -13.5702274491029318 27.0551735581362358
vn -0.7073719235416248 0.0289659098963188 -0.7062477878541639
v 34.0000000034992595 -13.3295116392061441 27.0749555422675279
vn -0.5587490003521387 -0.0848541041081527 -0.8249844456845769
v 33.9999999788041478 -8.1397653861562134 27.0748486152516357
vn -0.4494269021101054 -0.3724254385512574 -0.8119819901818126
v 34.0000000006585665 -7.9603859856372656 27.0176866456554094
vn -0.8338302179680820 -0.3414675755051000 -0.4337361669056084
v 33.9999996781168861 -7.8355966968544317 26.9414318955989920
vn -0.5609327050054459 0.5943867258173472 0.5762455384880711
v 33.9999997543250956 -14.8207674889063874 18.6309685692007001
vn -0.7134460004287532 0.3198522951012407 0.6234495278614657
v 33.9999987785567015 -14.1762467790974220 18.1250479747014168
vn -0.8582783004606848 -0.3391809038674903 -0.3851164413654016
v 33.9999999988847676 -5.0707548172712880 24.1768571419831098
vn -0.3181630032242418 -0.4305662418073168 -0.8446212256362341
v 34.0000390569378297 -4.9401599589181684 24.0883330771730861
vn -0.7088412725000183 -0.1302076069271233 -0.6932460093638235
v 33.9999993824127884 -4.7802251012620935 24.0374959625306630
vn -0.8329684360150064 0.5513409219776358 -0.0467629378414676
v 34.0000000000017053 -4.0750242944028257 24.5926279590962764
vn -0.5572632888398739 0.0895678853838389 -0.8254908968724215
v 33.9999982422489069 -4.6331919841013693 24.0296747012934375
vn -0.3189921858057118 0.3786190384780379 -0.8688449856544379
v 34.0000075948097944 -4.4567607333814294 24.0682517968768330
vn -0.7096905883834279 0.6800086321498151 -0.1841942696223787
v 33.9999999587530439 -4.0980468335267695 24.4578532075772159
vn -0.8596604115772312 0.3384443349041117 -0.3826740243839122
v 34.0000001038616091 -4.2895958037224231 24.1663556555041481
vn -0.3185984885776116 0.8110022100245223 -0.4906836235410776
v 33.9999932840621852 -4.1709165171706566 24.3007203413492832
vn -0.6035303353488081 0.1053481743203466 0.7903498570134146
v 34.0000006106741779 -13.4887159206779987 17.9254549869039081
vn 0.1732768880874813 0.0907567636295064 0.9806825836682409
v 128.0201582132382612 -4.8878741026219421 17.9242544918746702
vn 0.9624770212115753 0.1579762340925851 0.2206388295418959
v 128.8787305629770970 -5.5339384047873637 17.3185770033251352
vn 0.6149158532316975 0.4679380264319749 0.6347538868437765
v 128.4529126111446544 -4.7830121952806710 17.7929569411186854
vn 0.0496017583378199 0.6279800671105656 0.7766470890189481
v 126.9292127268834633 -4.2941037385691221 17.8418808309555352
vn 0.0301325907915021 0.8036400808744587 0.5943522923185248
v 126.9382847455051575 -4.1640074485250658 17.7142295587693077
vn 0.1537997585665874 0.9250914911306528 0.3472050796035751
v 127.3464103821530671 -4.0983362609378116 17.5825141698359282
vn 0.0188867106962461 0.9981569244608632 0.0576718849172366
v 126.9341426181742349 -4.0750476547279728 17.4496394698645396
vn 0.0633410680700775 0.2273004766718557 0.9717625236653702
v 127.5395131712307233 -4.4938303957416927 17.9248005033536906
vn 0.7268043575959585 0.1082892616055287 0.6782542750329373
v 128.6894624808161041 -13.6341001451589712 17.6249025691252790
vn 0.9756341101366877 0.0697874601560389 0.2080091188932894
v 128.9339968753876349 -13.7005411475574910 17.0419218057263073
vn 0.0824739712491458 0.0567229819523704 -0.9949776617516728
v 126.8871941170884412 -4.5414518014276934 46.0750195925148134
vn 0.1141555988805172 0.2041118805280979 -0.9722689131467250
v 126.9352050857179108 -4.4533971835635322 46.0896216810771904
vn 0.0227869493218487 0.4786888363935906 -0.8776888701884933
v 126.9371142522321065 -4.3299647967785155 46.1364234097385761
vn 0.1754078059169205 0.7472172624275130 -0.6410136225960764
v 127.3417054277155245 -4.1648272855211559 46.2551695430890817
vn 0.5712441030428044 0.7565478351347142 -0.3183010334444407
v 128.1136070770705544 -4.4066293326511214 46.3524373564368872
vn -0.0147910458720979 0.7039936457111532 -0.7100522317128005
v 126.9356304023320376 -4.2201162467124558 46.2211600110654643
vn -0.0062294573480283 0.8868405960161238 -0.4620334956677010
v 126.9209099654779465 -4.1277869458325940 46.3423861479853159
vn 0.0491427725560577 0.9859376712687253 -0.1597244385769022
v 126.9383956247386607 -4.0754357066546696 46.5218955845284157
vn 0.9868157651543868 0.0736086215096631 -0.1441402666925836
v 128.9221149198278340 -5.8291639891712110 46.8386644754742605
vn 0.8948562470014225 0.2799202778586757 -0.3476736044712783
v 128.7796911952604262 -5.3140638905291731 46.5319686453372583
vn 0.4047122257817546 0.2073711361182443 -0.8906206971589009
v 128.2761076999381658 -5.0099261184750761 46.1011035014747534
vn 0.7712010747930446 0.5556375581553945 0.3106699312858637
v 33.8438992905669522 -4.0749995302149520 46.7809833717221295
vn 0.7119622390831136 0.5552773205780047 0.4298567986800619
v 33.7105747354876186 -4.0749998098311657 47.0373766520369330
vn 0.6134150349930559 0.5553757002161521 0.5614978418960190
v 33.5217455513483031 -4.0749665204966110 47.3059433249280588
vn 0.4530737150666708 0.0560712159992613 -0.8897079450314297
v 33.9985935201760014 -4.5355618064332459 46.0750231976983642
vn 0.5692611853966103 0.2864714703917559 -0.7706333755116187
v 33.9974999360625887 -4.4132274970673171 46.1009654290779167
vn 0.7331409080841962 0.4271404774257350 -0.5292026279583231
v 33.9935735627539160 -4.2898233736121165 46.1619387510485595
vn 0.5745880171965375 0.6812155868299670 -0.4536451639266698
v 33.9824249848958360 -4.1805714071269753 46.2653061469963447
vn 0.7202782394015237 0.6866048887021503 -0.0988584071030343
v 33.9620151726840120 -4.1083424024481614 46.3903761442793794
vn 0.5401458528715349 0.8366458812947538 0.0909182431539830
v 33.9286669308226649 -4.0752377910022552 46.5324805918297599
vn -0.0823632350841189 -0.9961895168526522 -0.0286835147664538
v 35.8560198724716059 -41.9987732104245666 30.1517065654256200
vn -0.6358405975707435 -0.7713603375502622 -0.0266451521899396
v 34.6724255735034106 -41.5052298104226836 30.2761861477463761
vn -0.3821412390532103 -0.8868174815179919 -0.2598515497143769
v 35.1668659712649827 -41.9986126879920150 30.8923855179950166
vn -0.8026049017124308 -0.5114914504232618 -0.3069232280083850
v 34.2526108093359696 -41.1905660399618512 30.7744403658656616
vn -0.5690172264829579 -0.2568181319671839 -0.7811938575401937
v 33.5115730287274332 -41.2768715711151586 31.7155919942763163
vn -0.2333655405143167 -0.9213351088917929 -0.3109375204503454
v 34.2569230994437177 -41.9986184171946917 31.6116796789957846
vn -0.4043346143056943 -0.8853547567688735 -0.2294787012796485
v 33.7443238373230159 -41.8840106137156383 31.7930891510288269
vn -0.9661153488142915 0.0456363281419224 -0.2540442054823581
v 33.9371784230400948 -39.8699280954155668 30.6621998629329227
vn -0.8832968914620282 -0.0704553101880118 -0.4634896447600841
v 33.7133013780620772 -40.2462779216669162 31.1631837637424631
vn -0.7513607394020406 -0.0524669009795258 -0.6578026022955697
v 33.4979778782044804 -39.9303781991250730 31.4545411290902344
vn -0.5867741101032622 -0.0542899882536389 -0.8079286731438268
v 33.1844582301430009 -40.0239980355403233 31.7409988529592226
vn -0.3953021366123489 -0.0219002333771609 -0.9182900416359407
v 32.8001403147503012 -39.9411468085208270 31.9640535380736246
vn -0.3878516498820196 -0.7706509621366404 -0.5056364229776822
v 32.0568885689652987 -41.1167650830722025 32.1249672554058492
vn -0.3892504821570220 -0.4350278406768437 -0.8119327804544961
v 32.3610754362000108 -41.2544366746985105 32.0968664734027271
vn -0.1916044774622719 0.4492803073501744 -0.8726023892035493
v 32.3992492256587923 -4.0749980544307922 32.0910966831101661
vn -0.2851988275650806 0.8018338470161170 -0.5250943825016963
v 32.9445821817723967 -4.0749939003645492 31.8944906190926574
vn -0.4738739660349476 0.7085914444085247 -0.5228208385530837
v 33.3537914809062173 -4.0749961369733221 31.6020290391882455
vn -0.4908035953035518 0.8016527676934220 -0.3412692058867659
v 33.6465322083308180 -4.0749986206551103 31.2701036998477910
vn -0.6617079149182455 0.7102186145339060 -0.2402751649756728
v 33.9180598757700835 -4.0749995079431152 30.7262673306950553
vn -0.8468035208131565 0.5308544998788532 -0.0334259943279889
v 33.9998125954270023 -4.0749998091627342 30.2228212650865586
vn -0.3674318141229673 -0.7768349518738109 -0.5113915520592016
v 24.6616155375453445 -37.7552804812067464 32.1250015271443274
vn 0.9844704816692699 0.0504996381421212 -0.1681298821429157
v 34.0000000000000000 -13.8175630599999995 46.0000000000000000
vn 0.7805315327273926 0.6248945945019205 0.0166514918402979
v 33.9999876714344040 55.0000000008620873 46.0535906042566268
vn 0.3192057502248251 0.0665149777865452 -0.9453483203314332
v 33.9990069532347476 -13.4662255291405302 46.0745664941263726
vn 0.9601768824366148 0.2428717961158557 0.1381073679633400
v 33.9783354831953517 55.0000092892641845 46.3039918499504779
vn 0.6791106013158061 0.7077423681125451 0.1947037019651422
v 33.9270331734230268 54.9999999646316837 46.5378231328908427
vn 0.8527478013856626 0.3172511803826608 0.4149371949798269
v 33.8246984245011930 55.0000061576255845 46.8256545815018512
vn 0.5630326864001475 0.7090911907193815 0.4244807148613500
v 33.5805846819238596 55.0000018662276204 47.2353635611082652
vn 0.5627479617930494 0.4486712290247615 0.6942685789686718
v 33.2466303867814190 54.9999925075258815 47.5675357856408283
vn 0.3984760647621460 0.5556378675818552 0.7297145920980083
v 32.9481026382972857 55.0000028821378066 47.7631924078943797
vn 0.2841529700120956 0.4484496069133294 0.8474373367350445
v 32.6417940573731400 54.9999942530252142 47.8967205327078602
vn 0.1424342879250072 0.3170742175948126 0.9376440764810140
v 32.2897493208987925 55.0000555321110483 47.9809023386036060
vn 0.0107654954194389 0.8322701990777627 0.5542656581779494
v 32.0490269675398238 55.0000000011560530 47.9999883883478873
vn -0.9386832243090566 -0.0340774877140951 0.3430925957112004
v 1.1102294900000000 -27.0501041399999984 41.5798034700000017
vn -0.8639153297407789 -0.3586271570024903 0.3536055221559646
v 1.2078314373309906 -27.0944142292624690 41.8214013963378477
vn -0.7866771999149796 -0.4418495413525698 0.4311704604219202
v 1.3843541864830271 -27.1747097801413311 42.1059900932789049
vn -0.7444429804172060 -0.4463358320059662 0.4965772588178896
v 1.5127568826967235 -27.2330703622995109 42.2629430917963091
vn -0.6990596568507829 -0.4512527129271977 0.5546950380520003
v 1.6588378299548354 -27.2994726356814716 42.4099267021065742
vn -0.6404186764037804 -0.4577741809884451 0.6166901313736002
v 1.8498458534133655 -27.3862973025131282 42.5634887513041775
vn -0.5742347370441830 -0.4650635452373785 0.6737732301472349
v 2.0700317600129092 -27.4863782916316666 42.6967609993518806
vn -0.4926273470232476 -0.4747262673719347 0.7293512651884188
v 2.3080376821931567 -27.5945645795330918 42.8042533480004863
vn -0.3785359697264553 -0.4880115611195692 0.7864828261550871
v 2.6641109849685711 -27.7564144929183776 42.8992521973775780
vn -0.1863883726632580 -0.3568691615970620 0.9153708407180953
v 2.9340547503891266 -27.8791150015640454 42.9249843508812887
vn 0.5124255306268352 -0.6081168884192659 -0.6063117396035447
v 12.8002596676031128 -32.3637542619238303 38.8557680454849219
vn -0.4197533045089966 -0.8968198210842897 0.1397189030307643
v 11.2072894216066477 -31.6396778473301694 42.9252605318922420
vn 0.4471589460155891 -0.8186747980716532 -0.3603060532388616
v 12.7245326519937247 -32.3293325584773186 38.7327555522437024
vn 0.1598539066362041 -0.7459410898515735 -0.6465435940477566
v 12.9104428380827851 -32.4138372084170356 38.9581835857891150
vn 0.1406060260484550 -0.5536849316636370 -0.8207697252503257
v 12.9954966786277346 -32.4524988961780991 39.0103899464614727
vn -0.4778782362696041 -0.7788633682231190 0.4062071453581174
v 11.6399347311687151 -31.8363346523387882 43.0007878880121197
vn -0.2122033913234148 -0.7995240962527639 -0.5618994040057730
v 13.1107723129482796 -32.5048953644214436 39.0556317373663333
vn 0.5117509182354988 -0.8373288958666076 -0.1923312710713773
v 12.6792019181742557 -32.3087273951401883 38.6026151574016723
vn -0.2822565480253774 -0.7222955120701194 -0.6313639476087956
v 13.2373900739815227 -32.5624495293999487 39.0749984757210527
vn -0.5885052279333625 -0.5892682882081012 0.5535562132316781
v 12.1681687024914371 -32.0764424691702530 43.2361098158810009
vn -0.7500642514738688 -0.4472479700352668 0.4872092691649841
v 12.6201337189056542 -32.2818791200998092 43.6463204170012844
vn -0.8716281597296124 -0.3587714406289899 0.3339871323200469
v 12.8775301906458157 -32.3988772360475537 44.0501188776170451
vn 0.7643076855999459 -0.6447688636544656 -0.0103379976099552
v 12.6664354541878890 -32.3029248342435977 38.4601797841838646
vn 0.5202072099450162 -0.8365976435663147 0.1717231536529399
v 12.6810019556932367 -32.3095453744284384 38.3454508070417930
vn 0.6942282562221518 -0.6320306175190317 0.3443608961268135
v 12.7024729048461111 -32.3193051278116386 38.2725929551337742
vn 0.6082364099415077 -0.6200782446281368 0.4955314724216363
v 12.7352407401534684 -32.3342011512748897 38.1956804602660966
vn 0.2873970217339005 -0.7778164067461372 0.5589316499313771
v 12.8055677882925654 -32.3661657779642908 38.0884664589654918
vn -0.1412329429213163 -0.6808694699999301 -0.7186584868042667
v 14.4646064063153741 -33.1202757630611089 35.0752688366280339
vn 0.9404500806611255 -0.3352800514021684 -0.0560440265884035
v 14.9722169575995832 -33.3510812027265828 35.6275623364531526
vn 0.7347761099645961 -0.6407583140739124 0.2225597698831785
v 14.9538514554490636 -33.3426608511902813 35.8204575697267344
vn 0.4807758176461790 -0.8273741035142221 -0.2903561709361196
v 14.9314769981214006 -33.3324910166479000 35.4603385597899177
vn 0.0350295673125750 -0.7185660286829487 -0.6945759798875208
v 14.6544894490455668 -33.2065866581919593 35.1455434002641454
vn 0.4265906106520203 -0.8126952334163994 0.3969217913969962
v 14.9141600633229334 -33.3246184719894742 35.9306079325488383
vn 0.3861360911964534 -0.8027605705178631 -0.4543945262625408
v 14.8844648714165668 -33.3111202442645222 35.3634357374781487
vn -0.1070645937529661 -0.9599851434043479 0.2587773120028992
v 14.8380888028864888 -33.2900412585655090 36.0555719023083654
vn 0.3855143430317506 -0.5896836277481263 -0.7096843738469990
v 14.7790582227381311 -33.2632064373706555 35.2317983771095982
vn -0.7314960144420261 -0.6804432128213345 0.0437105820232505
v 24.0752047919439534 -37.4887289278549360 34.3929355724172652
vn -0.9103324945034340 -0.2607329649417878 0.3214235063647641
v 24.1253954312137751 -37.5115203887158870 34.5705352167298585
vn -0.7878558308709986 -0.4422131081909693 0.4286382585661836
v 24.1927645747536104 -37.5421670057895156 34.6836957997224857
vn -0.6853593769134589 -0.5692962538556640 0.4540752138387459
v 24.2612239920951858 -37.5732829859266388 34.7600560142677253
vn -0.6191632820793579 -0.4618168141536676 0.6351079123185874
v 24.3618401348628595 -37.6190191536320526 34.8395255015080139
vn -0.4584267018217928 -0.4794308132385936 0.7483255002832484
v 24.5126411666272332 -37.6875637567810458 34.9040369593391446
vn -0.3084971961522757 -0.5387819804537934 0.7839282221635296
v 24.6326057974986448 -37.7420942177572840 34.9249724994914814
vn -0.6087835932220258 -0.7932194137471796 -0.0136197752646553
v 24.0750084919064555 -37.4886396912030548 32.7086303779398051
vn -0.9444003202121538 -0.2595215950869549 -0.2018825818804185
v 24.0880971602631817 -37.4945852403750024 32.5898024759698828
vn -0.8426916367860082 -0.4367352086224436 -0.3148541929853069
v 24.1422109507858522 -37.5191870378125003 32.4473536883442151
vn -0.7805617770273656 -0.4428667721389921 -0.4411262113942802
v 24.1988147733188441 -37.5449141724162132 32.3588888939986319
vn -0.6924577432090114 -0.4528292817045413 -0.5616475011079743
v 24.2617203358658671 -37.5735115874991052 32.2889534862435710
vn -0.5375206356759646 -0.4718482528066304 -0.6988782387124649
v 24.3998065076575692 -37.6362790175203585 32.1884956545525540
vn -0.3572957548315293 -0.4915705094001382 -0.7941650822514525
v 24.5695881632187252 -37.7134493327251334 32.1327526885936408
vn -0.4305204576901075 -0.7957756242909484 -0.4259029129915075
v 30.8078316212034018 -40.5490138596363465 39.0749392604710053
vn -0.5613126532699400 -0.3824524842166147 -0.7339333774911727
v 31.0192836879364648 -40.6451295855168411 39.0047839915319017
vn -0.7043755691163994 -0.5683043912304568 -0.4253059799016798
v 31.1686173462519527 -40.7130077996208541 38.8912524924440177
vn -0.8671669270301053 -0.3601112493379753 -0.3440078614877958
v 31.2730965740172451 -40.7604980918771034 38.7393220058197727
vn -0.6777937193385049 -0.4562699026281179 0.5765530764647813
v 28.1513424188048944 -39.3415205990093924 35.0454731625957976
vn -0.3959857543505665 -0.6250503393786331 0.6726866697014802
v 27.8515132015734928 -39.2052344704551885 34.9252382381471733
vn -0.5154734520291433 -0.4728611708317197 0.7146253797429907
v 27.9918127526319651 -39.2690067353983068 34.9621574898417791
vn -0.6392173800579702 -0.7273296444282068 0.2497853666005333
v 31.1892386298708502 -40.7223823250939958 38.0832700696536435
vn -0.8774585879802690 -0.3595862214987006 0.3174337343257012
v 31.2857616350555148 -40.7662551009036775 38.2323334348173844
vn -0.8344293435698753 -0.5440415562661405 0.0880139514228449
v 31.3260698899869254 -40.7845786328138331 38.3812966711938444
vn -0.8368288722613837 -0.5446370375923846 -0.0555691985935750
v 31.3316668539652561 -40.7871223303784447 38.5491241014846935
vn -0.8361455198775382 -0.5449263341294743 0.0625776314743048
v 13.0711285361894873 -32.4868758468321630 44.6415119555743090
vn 0.3503525288829408 0.9365110993680309 -0.0141444782798865
v 33.9999588132946542 54.9999999842193930 34.0350647479823039
vn 0.7033577673663033 0.7078769328842852 -0.0647927386041558
v 33.9998332999557675 -4.0749996667651409 34.0169793097478674
vn 0.9316956971416465 0.3169832166649705 -0.1773831115987932
v 33.9626737108927870 54.9999956660580338 33.7285750108584850
vn 0.6809947321723372 0.7083366364549192 -0.1857562494487291
v 33.9353506036412256 -4.0750016519999130 33.6027215153560306
vn 0.6602104863744711 0.7078382803554082 -0.2511714206367492
v 33.8629058631407460 55.0000005534271637 33.3930749264286035
vn 0.6430555214355800 0.7075924198823043 -0.2929036764472565
v 33.8253877007007375 -4.0749998100000413 33.3063666738779247
vn 0.7019456928478552 0.5554708515741404 -0.4457851246327581
v 33.7066263733433189 -4.0750009990055718 33.0785737309848642
vn 0.7286955571757321 0.5553524338412724 -0.4007324034551294
v 33.7449239658528199 55.0000000000000639 33.1465093386039271
vn 0.6815293766615402 0.4488913214193228 -0.5779396943468644
v 33.5539067487282807 54.9999988701657045 32.8559242245222904
vn 0.4170332351909632 0.8329018574553744 -0.3638100831389174
v 33.5063479856664088 -4.0750007102260355 32.8068999806243298
vn 0.4524045617731460 0.7081923963280635 -0.5420273445777092
v 33.2684379876492713 54.9999997771044207 32.5770290996926377
vn 0.5063719555361973 0.6014472929233774 -0.6179389909057272
v 33.2673784347143382 -4.0750005304829768 32.5745470716646537
vn 0.4388452788345725 0.5555354298367795 -0.7062543503870762
v 33.0433015586159584 54.9999979018480190 32.4172218103089165
vn 0.3782638295603169 0.5561902435097582 -0.7399789782628419
v 32.9097011030730187 -4.0750035544898333 32.3383992033199235
vn 0.3043790941718024 0.5558951002394753 -0.7735205262699217
v 32.7391215143491863 55.0000122562006410 32.2638545376542893
vn 0.1955071665910043 0.7081502062147468 -0.6784542970971361
v 32.5539722926062396 -4.0750049109311544 32.2015814089234951
vn 0.1900412795540952 0.3169678233013214 -0.9292016525260083
v 32.4103256473771708 55.0000326355208244 32.1656095268793507
vn 0.0300338131367189 0.1652926433420319 -0.9857871535607839
v 32.1433286170617976 -4.0750883883130449 32.1250498059585610
vn 0.0116323219850235 0.9839565050776251 -0.1780288886688398
v 32.1024509934151396 54.9999999614528079 32.1251426425980497
vn -0.8029630346961028 0.1113965227267886 -0.5855264124153626
v 118.9346617295160087 -13.5586279242968644 46.0716782334802843
vn -0.3014083215969277 -0.3013381714556044 -0.9046260719744461
v 118.9346618699999993 -9.0000000000000000 46.0750007600000018
vn 0.9839195771975884 -0.0063865556630050 -0.1784978361607845
v 128.9342035955294250 -13.3885184474055290 46.9647727649934197
vn 0.9229993190696780 -0.0394267249637271 -0.3827764234583229
v 128.8518259969083886 -13.2716454702056819 46.6680358978141854
vn 0.1939131338396158 0.0766401288195327 -0.9780204431293984
v 128.1532757081315026 -13.3984509346363669 46.0755673955100704
vn 0.0180770605227538 0.9971234637811065 0.0736071861982582
v 127.9429844825284164 -4.0750239206141741 39.4325953561886848
vn 0.0638533833453512 -0.6543864877468965 0.7534594017527637
v 127.9347997880022803 -5.0631396103559494 39.8307019890460055
vn 0.9263962715688631 0.3106041383563691 0.2128732422339804
v 128.8359413215742961 -4.6199629456515137 39.1882344171817252
vn 0.9934538545598904 -0.0298051892562778 0.1102773301884553
v 128.9343111856036899 -4.9860609246622030 38.6213580727450321
vn 0.8617835421458380 -0.2763370512198982 0.4254021163671665
v 128.6959631763206744 -4.9411332998346458 39.4897328676910035
vn 0.3984008147044347 0.0200390110115154 0.9169924911800111
v 128.3791916032895983 -4.6994847771959609 40.0119900344988011
vn 0.1241670880106312 0.7408576019989294 0.6600852579897206
v 127.9383174717842309 -4.1913559975561503 39.7284691983409957
vn 0.0891397125609107 0.5785797043978731 0.8107401786660310
v 127.9348788989006209 -4.3153435688620450 39.8533563665630126
vn 0.0053535704102028 0.3309424476412460 0.9436357536852259
v 127.9463933928349633 -4.4679442283959414 39.9357525140503995
vn -0.0336602912747995 0.0208821814977865 0.9992151516501284
v 127.9382657425196896 -4.6815439612119434 39.9744874981382878
vn -0.0217219217546615 -0.2696102437156644 0.9627245060757852
v 127.9358411163347000 -4.8393133185367621 39.9483853801400031
vn 0.0176045778633165 -0.4661351966760653 0.8845383300106447
v 127.9356521056619442 -4.9488975889941651 39.9052335094604800
vn 0.6762308075930322 0.7157140803957626 0.1745429746089001
v 128.5314986130273667 -4.2617254160742544 39.1554555473443955
vn 0.2375510770783820 0.9220520919577011 0.3055968348908867
v 128.1816739302029760 -4.1009650113435896 39.5558174596043770
vn 0.5802350500290733 -0.5180265267858689 0.6284710051099638
v 128.5519859821023374 -7.7538558305436318 36.8911377539694740
vn 0.9312625397427238 -0.1676212916936439 0.3235014445761966
v 128.9302115901840864 -7.5755320464574538 36.3070518260452246
vn 0.3613571002989097 -0.2057176370888990 0.9094510981103512
v 128.2340306645621979 -8.1368342407137337 36.9230704602688817
vn 0.1499478508027210 -0.5537810090662234 0.8190495931488155
v 128.0207527015227811 -7.8656359029675471 37.0289346392982353
vn 0.5116653030648851 0.3095291243458784 0.8014925694110914
v 128.4749400609861425 -14.0089416146636179 36.8020316331984176
vn 0.6824338819054093 0.7188737995872826 0.1323044107142965
v 128.7105518605034433 -15.5910276484273318 38.4874454353048634
vn 0.6749567902728528 0.5478804305398207 0.4942270380058836
v 128.7008318943299230 -15.2038340784888319 37.6457837624396419
vn 0.9329002733692222 0.1378475820834147 0.3327087676352805
v 128.9280168770098669 -13.9239449926533574 36.2973518246746352
vn 0.1366027135131702 0.1609588528000193 0.9774619922872401
v 128.0379034257682349 -13.6009178881883983 36.9270786613520485
vn 0.8724079682878660 0.4804727217953842 -0.0897234667095126
v 128.8315816655770618 -15.7756426795640081 44.7186426368102872
vn 0.7728871737660926 0.1092840206428128 -0.6250619324994948
v 128.6845766709920440 -13.7055690063118885 46.3879183103511679
vn 0.9848073512877218 0.1605141100039418 -0.0662548212532811
v 128.9346359075716748 -16.1910197844443431 44.9981297987610276
vn 0.7554809552052333 0.4757131621212182 -0.4504947432621384
v 128.7070738312205549 -15.0298446239111225 45.6254232818709013
vn 0.2554266448927465 0.3932173283232003 -0.8832538490067278
v 128.2373085224186866 -14.0228033650082775 45.9463850381334638
vn 0.1849635949454365 0.7416409235874046 -0.6447923766649867
v 128.1075556560999473 -14.7924571932264541 45.4282131238770006
vn 0.3393652252469559 0.9188727776871577 -0.2012562106335355
v 128.2149259899996423 -15.2748245312167548 44.3952258344593105
vn 0.9935757563566372 0.0742958741309200 -0.0853659151386464
v 128.9341529295452915 -4.9766941206721214 25.4585906835497937
vn 0.7186895166471239 0.0805161516354835 -0.6906536961367364
v 128.7138300661754897 -4.6830958386340544 24.2980977571767021
vn 0.8666090624178417 0.4895521237080027 -0.0965787301027178
v 128.8039388206724993 -4.5633683454389953 24.8070824566962429
vn 0.4478864702014075 0.8588265276183717 -0.2486256327684131
v 128.3793165674577494 -4.1677681987034836 24.5690607299348898
vn 0.1441538652110145 -0.5991135230580199 -0.7875802496468104
v 128.1525194982363871 -5.0505553001770265 24.1570039042563423
vn 0.0796435128280641 0.9928919616974069 -0.0884446904063847
v 127.9904910212733000 -4.0750097779849677 24.5894384168959235
vn 0.1340465764989606 -0.2590942350272617 -0.9565049360586417
v 127.9660241256487865 -4.8898297383553055 24.0669858903421883
vn 0.1341194787969820 -0.0282426482608234 -0.9905626271096853
v 127.9366324051686945 -4.6854928997037861 24.0265102335187457
vn 0.1483367023063047 0.2942451358661187 -0.9441483054944387
v 127.9785892584276752 -4.4789026127297866 24.0601855569360410
vn 0.1693158695929430 0.5831301774594638 -0.7945384398756803
v 127.9432270939608287 -4.3155276281438191 24.1464932088103872
vn 0.1895439127146893 0.7690868540592305 -0.6103921002651346
v 127.9407495034645024 -4.1862866951483584 24.2779016847567313
vn 0.0948552501177487 0.9291772272772669 -0.3572564370790674
v 127.9390754082974695 -4.1044908117485779 24.4368299150788353
vn 0.5627036577477648 0.7823535111359381 0.2669973355120906
v 128.5607512515830990 -15.4470502469503845 19.3230720949446670
vn 0.9315593844648031 0.3556349480145412 0.0756366112821815
v 128.8713735911340166 -15.8486993111100762 18.9642144389144995
vn 0.1827247956125192 0.9795696297955077 0.0839939846099431
v 128.0411591630294481 -15.2748252885484010 19.7876147783901111
vn 0.1419749632997994 0.9064995780718110 0.3976199501429085
v 127.9701611804266861 -15.1634371568132043 19.2279405507175305
vn 0.2249217721585042 0.6531800679817460 0.7230255840566360
v 128.1124989632216398 -14.5857749591565380 18.3871280032765583
vn 0.2135202489867086 0.1516178988789295 0.9651016091646478
v 128.0294904384249435 -13.6155723890483369 17.9269993526187363
vn 0.7832847848633787 0.3744433260172941 0.4962430265531568
v 128.7492299440218062 -14.7767275820018273 18.0415233831333808
vn 0.9876373560350531 0.0659331465272378 -0.1422155868852194
v 128.9345459009928447 -14.2669353283961193 27.9494226239476404
vn 0.8308107541803045 0.1075045505256677 -0.5460734953782577
v 128.8039897400443010 -13.7272518700259614 27.5260941239108767
vn 0.8006206814952084 0.4279756821932833 -0.4193367856667740
v 128.8048887439246641 -15.1736812560518768 26.7701480731167969
vn 0.6811368131104263 0.7195456833059253 -0.1353020748605927
v 128.6476191782214755 -15.5035874843943962 25.5910711902052412
vn 0.2758601817681540 0.8153798397402426 -0.5089763030436852
v 128.2189926472474326 -14.8584786474548114 26.3128874406717976
vn 0.4883033981005654 -0.3236530359437791 -0.8104372299739293
v 128.4158166324222634 -7.8906156684822344 27.1505263191867030
vn 0.6220651272088737 0.0182631554750699 -0.7827524734312253
v 128.5795012216569262 -10.8410647681681294 27.3047008785138949
vn 0.9560216218589952 -0.0342988704021464 -0.2912837895030087
v 128.8543473968203443 -8.0307476252927881 27.6579413789016968
vn 0.9926975783250778 -0.0588526257636960 -0.1052990333680433
v 128.9345467652637467 -7.6834838739694487 28.0057710523726939
vn 0.9198694498263486 -0.1693106852084865 -0.3537995013427854
v 128.8723343729377859 -7.6540193016866880 27.5307803927222139
vn 0.1198535680349790 -0.5308178732329852 -0.8389681207803400
v 127.9785803755179927 -7.8740047611063648 26.9786578245289697
vn 0.1048001353884890 -0.1839102697456176 -0.9773402397858426
v 127.9948618083832770 -8.1457084197231229 27.0748764245474476
vn -0.1818828111034412 -0.5367200795044627 0.8239236610765789
v 112.0581935765887494 -8.0066148391135776 36.9269906649118624
vn -0.0002670680819355 -0.6753097974490428 0.7375341389684769
v 111.9583200292563419 -7.8076429054053831 37.0862944887346018
vn 0.5404473084696054 -0.8371574383227232 -0.0841672752849660
v 95.7922208539814903 -7.9999999594441116 36.8939354291947268
vn 0.4498190503419855 -0.5523733853637532 0.7018165466068897
v 34.0000000171210033 -5.0502778855905630 39.8434564006214558
vn 0.8329662138506153 -0.3508865327359352 0.4278386702110089
v 34.0000000003791598 -7.8203940754602810 37.0735888171456622
vn 0.8338068447589286 0.5482653493111727 0.0645852334350330
v 34.0000000502140054 -4.0750778384382844 39.4247234335149201
vn 0.5575020170010748 0.7916017039388886 0.2501164595958874
v 33.9999999991404636 -4.1129125285808534 39.5830719257007999
vn 0.5577688026087062 0.6994785025943078 0.4467927788638434
v 33.9999999999611120 -4.1791427778179484 39.7113630663567747
vn 0.5577545126724760 0.5460437506715768 0.6250968932461637
v 33.9999999948696043 -4.2990302702124321 39.8408074075393515
vn 0.7085747100039280 0.3099577623156916 0.6339148727732287
v 34.0000000000000213 -4.4276873375851054 39.9180339856140733
vn 0.5568751703823730 0.1585229426791050 0.8153284744542902
v 33.9999998895304216 -4.5424204871265292 39.9571288865796959
vn 0.5588898424568384 -0.1058798254532163 0.8224546227972500
v 33.9999998163536006 -4.7442271124137152 39.9709556330388480
vn 0.5564193840673046 -0.3187904670084666 0.7673135650949260
v 34.0000000000029701 -4.9158666944203517 39.9201150469694781
vn 0.8091682570337069 -0.5694683974609003 0.1447497015622024
v 95.7922193438389655 -7.9999993749350971 27.1060654082590737
vn -0.4495016032425693 -0.8764586398774401 0.1725356811403010
v 112.0771133560269561 -7.9999999808362858 27.1060663910860455
vn -0.1820055995702352 -0.7190166360604052 -0.6707376825506809
v 111.9701498705158826 -7.8263373969205432 26.9323636703655964
vn -0.6375154906067582 -0.4331947885864616 -0.6371155894953091
v 112.0254229270072699 -7.9642503327335668 27.0210608789048941
vn -0.6604447732657945 -0.1067355581444801 -0.7432497710012963
v 112.0583223689714316 -8.1520027682444276 27.0749424302273667
vn -0.5579751717121195 0.7980845033433199 0.2274309417737106
v 118.9346754889866418 -15.2008877179478823 19.3598321942500426
vn -0.8632338260608605 0.3886718986699331 0.3221203451020086
v 118.9345817230657758 -14.8314919319543854 18.6323003171336836
vn -0.8079801050323645 0.1949292355997480 0.5560312428095989
v 118.9346317133716724 -13.7269429713840694 17.9357136273992914
vn 0.7619439069318512 0.1421373056768476 -0.6318532021160872
v 37.4917362915904206 -28.9577898955947433 41.4491381081637940
vn 0.1928413492834196 0.1606483703791276 -0.9679898321269086
v 38.7281440140667996 -28.7740388704294396 42.1187622346192754
vn 0.4638431832927550 0.0838387157765681 -0.8819413648592402
v 38.0597914405277180 -29.0089265270388132 41.9109827560995782
vn 0.8977364047789869 0.1660783454008472 -0.4080285905710722
v 37.1347900753383158 -28.8327995095967644 40.8757088348651152
vn 0.0571524400597953 0.9977530162328501 -0.0349645133451249
v 35.3034838167043361 -27.0015099835654802 43.8009315301388682
vn 0.3281898168086634 0.8803838575577986 -0.3423677956448967
v 36.3420951539723518 -27.3682051894665221 42.7472807930002574
vn 0.8491344374281009 0.4962442853341607 -0.1808654650475065
v 36.9269476356136721 -28.3566108757960080 40.7247066115499550
vn 0.1263095021464636 0.6092038647237640 -0.7828898778711744
v 37.9460763918567494 -27.8893629755793278 42.3956156516906191
vn 0.5707434893080561 0.5116071682986135 -0.6422693942248370
v 37.3747701074237639 -28.2430731761892844 41.7316413168856286
vn 0.5806021234948801 0.5860676427677874 -0.5651777528298910
v 64.4240609397720618 -38.3635837941772024 42.1249933135437900
vn 0.2991746570648614 0.7738528969377124 -0.5582528266576291
v 65.2030159977062027 -38.8717993520785257 42.1249992672784543
vn 0.0889169336625183 0.7002681769568282 -0.7083207319072455
v 65.7746917498732557 -38.9999186351856508 42.1250000000577245
vn 0.6764173223157258 0.1847520568495492 -0.7129700439437021
v 63.9489247566554369 -37.3582547464859616 42.1250000176401898
vn 0.8744396412187510 -0.1708875401945862 -0.4540404854982271
v 63.9513155964084135 -35.5245977028826658 42.1250041603450356
vn 0.5504560086145673 -0.4381731645601541 -0.7106352513346489
v 64.3431546289892822 -34.7523114856834781 42.1250000000173515
vn -0.0025279566519532 -0.8943614580843039 -0.4473378943578152
v 40.3936500499999980 -18.8750000000000000 42.1250000000000000
vn 0.3772969329400948 -0.5915070757448738 -0.7125772966757681
v 64.8364230781365052 -34.2884198209257605 42.1249991522504814
vn 0.1680409104322455 -0.7772423316085644 -0.6063469389522672
v 65.6176234610613704 -33.9756120993660744 42.1250000160506417
vn -0.8161513307206414 -0.1553384132819316 -0.5565671412524980
v 103.9304792326896205 -35.7444637159252068 42.1249999998829026
vn -0.8126491198539416 0.1457208292701701 -0.5642400623116264
v 103.9173679262673602 -37.4794060537130278 42.1249931748071518
vn -0.6579408441031371 0.5055586683306572 -0.5581436002827443
v 103.4642567164892029 -38.2993064054414560 42.1250000002279421
vn -0.4209535789275093 0.7154253709460400 -0.5576420204708771
v 103.0462790745477406 -38.6729798731627028 42.1249947249571548
vn -0.1060749002905859 0.8221462452389114 -0.5593064159902886
v 102.2447852153777035 -38.9997235706219030 42.1249989105947833
vn -0.1183234152526747 -0.8836517143296807 -0.4529450487257360
v 102.2903188450691374 -33.9755186188800522 42.1250001067635154
vn -0.4426932448419623 -0.7031761360534946 -0.5563865676453483
v 103.0364566308980869 -34.3040056627331040 42.1250000001318057
vn -0.5867157365878310 -0.3822672236296578 -0.7138882364759012
v 103.6250792691316889 -34.8409397991791323 42.1250008050911262
vn -0.0639426874323159 0.0590077682218613 -0.9962075165413119
v 40.1432129700058340 -28.7464860224135137 42.1251890527587491
vn -0.2215075202426946 0.2832445582424211 -0.9331167872790564
v 39.4928820273713370 -28.0812926738776589 42.3268188601923470
vn -0.2732009670505998 0.6093081831343378 -0.7443821394741745
v 38.1166847982743136 -27.1333098648966065 43.2711681769473984
vn 0.2511151687847532 0.9267321240478890 0.2794794129518185
v 35.1239627233109033 -26.9656891704534694 39.7423331596436924
vn 0.7087194955268687 0.6758833719997879 0.2022333902063081
v 48.9343328721598070 -15.2163192804112750 19.4078448673874995
vn 0.7134030122453705 0.5719922783329884 0.4048221531075946
v 48.9346594906585253 -14.8758904347961423 18.6981492209819500
vn 0.7145170356225111 0.3167917380848689 0.6237855404595291
v 48.9346852979804652 -14.1436682766324466 18.1004489366856198
vn 0.8339595075615922 0.0680336030116621 0.5476157125292135
v 48.9346618700851508 -13.4509233013618896 17.9257602621169561
vn -0.8034614044655433 0.5410601199234557 0.2484023312343752
v 78.9346618725414402 -15.0797227333395085 19.0342761537672054
vn 0.8047914131469974 0.4859122818216412 0.3408812633450901
v 88.9349318327566323 -14.9297862582988667 18.7737303789042294
vn -0.7109900951081516 0.4765609939426682 0.5170906146029705
v 78.9345461119587384 -14.6331825074675557 18.4377127634507119
vn 0.7105441700018814 0.3760749157196966 0.5947223219644276
v 88.9346618690054811 -14.3357969254960889 18.2213073764384674
vn -0.7092822655884247 0.2771674893145228 0.6481487873851460
v 78.9346618710556385 -14.0558099915495891 18.0785574739980817
vn -0.8021566610171931 0.0537929112762980 0.5946856429090653
v 78.9346612780277610 -13.5046673252890912 17.9260014659246671
vn 0.8036927259296044 0.1294494390876750 0.5807932893962603
v 88.9346714730143049 -13.6188637082567325 17.9300814246297193
vn 0.7095784411508675 0.3041619055962369 -0.6355973340393829
v 34.0000025451424790 -14.2196133790709212 45.8465300676024441
vn 0.3174982689041572 0.6056567014632533 -0.7296401916119444
v 33.9999999234067616 -14.5954466026785337 45.5793015433083539
vn 0.7102294136365260 0.5661702416281553 -0.4183604157902998
v 33.9999999852719341 -14.8995440544405024 45.2537609937507597
vn 0.3198181821451051 0.9030899519923847 -0.2866092618527750
v 33.9993458301360789 -15.1860024953931276 44.7036048625790627
vn 0.8585405051234168 0.5117804950968506 -0.0314471922570311
v 34.0000000001066454 -15.2749481850441864 44.1325788718978700
vn -0.7128795335340056 0.3954711226795104 -0.5791419185268378
v 118.9345967440619773 -14.3693632914434879 45.7670818116386258
vn -0.8630040609311403 0.4576062194281300 -0.2140573258663547
v 118.9349082320999287 -15.1391954526261916 44.8994123952581177
vn 0.9435130589274333 0.0391591664949340 -0.3290131719442550
v 95.8110271553465367 -13.3471923209025203 27.0749630765509615
vn 0.8657150723024934 0.1600441799898314 -0.4742607658658588
v 95.8234418083939374 -13.5615247372150112 27.0543324845907023
vn 0.6465196797040846 0.3483857163345034 -0.6787044249225304
v 95.8746809710638672 -13.9311609851828635 26.9709804170783300
vn 0.6188882169829433 0.5641216024254123 -0.5465749651755544
v 95.9941004395542876 -14.3158347776313235 26.7845952338866553
vn 0.5856484375662747 0.7116932509648679 -0.3879544098308960
v 96.1322527255742756 -14.5973300785318401 26.5795955046998067
vn 0.7108086718987398 0.7033532492782499 -0.0067259708055929
v 96.3401221197590729 -14.8662679073914710 26.2913446082296147
vn 0.0373685322875909 0.6800751631107538 -0.7321894326706395
v 81.3152638607862173 -15.0471770401757947 26.0024322179696696
vn 0.3226864559476223 0.9206667676721649 -0.2196500718234600
v 96.5523829596112080 -15.0379132921316270 26.0205442642168414
vn -0.1978617054755514 0.6750956757783922 -0.7107014661949292
v 82.2277385826834006 -15.1223634943780336 25.8482779039904926
vn -0.0866485938090856 0.4303991772882300 -0.8984701271497695
v 81.7164178264740002 -15.0582433652392691 25.9812207789575353
vn 0.2529345029725720 0.5687255275220982 -0.7826719693145585
v 80.5757126895934164 -15.1337409374419387 25.8185547900002881
vn 0.5871143293326465 0.7523926500145098 0.2986671466640082
v 96.8421329553779060 -15.1877612197340408 25.6777183692792903
vn -0.4509162963559125 0.6600369856699546 -0.6008541180922262
v 82.8531347921418586 -15.2492173505051571 25.4249836316535536
vn 0.4197941049123380 0.6423426958675420 -0.6412244307155391
v 80.0925145072042142 -15.2337706649745908 25.4872541588047419
vn 0.3107487761743104 0.9072750863743011 0.2833498116298524
v 97.2956699985946329 -15.2747866531291265 25.2011098701535978
vn -0.8324443135226877 0.0310519993384394 -0.5532379580441195
v 78.9346618664936699 -17.1849044576873418 17.9250346205596500
vn 0.6008070402754121 0.0511510886608905 -0.7977558940454812
v 48.9346618452108828 -17.1590683762018372 17.9250269683690497
vn -0.7075366336449804 0.1143675745819348 -0.6973607172293076
v 78.9346618699843532 -16.9414958597083256 17.9524445209712411
vn 0.8009800115264214 0.1429768219209033 -0.5813679123657689
v 48.9346618700476839 -16.8225939547258108 17.9738175124833290
vn -0.7080787998708219 0.2292059988389102 -0.6678989618720438
v 78.9346618696369404 -16.6599373609115844 18.0188317395411595
vn -0.8341288158582942 0.2840505104309621 -0.4728048498892010
v 78.9346653061521124 -16.2632908962879306 18.1922486170964426
vn 0.4511871476356248 0.4497092690569461 -0.7708383300878960
v 48.9346411524856535 -16.3051093252131345 18.1615104033945158
vn -0.7097268343259537 0.4859478475966936 -0.5100416748205985
v 78.9346601979956546 -15.8274988064044457 18.5375304486780408
vn 0.7098416562043270 0.5329641178204638 -0.4605150076088211
v 48.9346618507023976 -15.7819204365471073 18.5864808991882420
vn -0.5565140689732430 0.7057342267645510 -0.4384418914837925
v 78.9346538292731310 -15.5319296141998500 18.9355262723929449
vn 0.7083409790046946 0.6275139224371271 -0.3232326323412318
v 48.9346508650116618 -15.5110204471209165 18.9731749108549579
vn -0.5560594349020337 0.7807916357593224 -0.2848900250705742
v 78.9346618683005090 -15.3775565834357817 19.2835246837345053
vn 0.5551472225927390 0.7993532839139860 -0.2298823367366327
v 48.9346618716899613 -15.3688232457877891 19.3099606001500632
vn -0.1252705522697456 0.9919176951864790 -0.0201636978249602
v 78.9343160226406440 -15.2758221197992405 19.7150042584212102
vn 0.1651559627998372 0.9862445549801022 -0.0067220327103386
v 48.9352048672726170 -15.2752066180491788 19.7537901902207729
vn -0.7076101388158940 0.0520566691057251 -0.7046829036145040
v 118.9346618699990614 -17.2186636525850290 17.9250116284452261
vn 0.7073977156630916 0.0203496336030878 -0.7065227273675347
v 88.9346618695367397 -17.2257866424074955 17.9250046762722768
vn 0.7081395902524191 0.1146383184575473 -0.6967039375935532
v 88.9346618700458862 -16.9462680516925737 17.9492172609864120
vn -0.7091708187106358 0.1870688382476281 -0.6797661359952917
v 118.9346636288780275 -16.7298943068539216 17.9912881420122908
vn 0.7095057586044496 0.2802227422983619 -0.6465885810976794
v 88.9346541180429142 -16.4939435944601946 18.0735130594165305
vn -0.7083916832598384 0.3518341441242982 -0.6118774044828061
v 118.9346618697211397 -16.3206570247274314 18.1656253027126269
vn 0.7099664811969655 0.4376416458699027 -0.5517403242260633
v 88.9346678896435634 -15.9626485633180746 18.4036653195292779
vn -0.5578417952329072 0.5869751088842194 -0.5867476059104849
v 118.9346490876994977 -15.8986702658523935 18.4585020115848053
vn 0.5567522445256355 0.6734953427093846 -0.4862416699177845
v 88.9346618697316700 -15.6294499041711656 18.7830946358063962
vn -0.5565782812807699 0.7156863220137656 -0.4219167042070660
v 118.9346618677940199 -15.5754009201038013 18.8652145411044003
vn -0.8343098839313510 0.5246961932242140 -0.1691771922880681
v 118.9347145220744011 -15.3653904568147457 19.3073596864462509
vn 0.4507114224100356 0.8435564504514206 -0.2920132336229343
v 88.9346364092425290 -15.3605301630091322 19.2952822970856346
vn 0.0913932992459370 0.9950917007642524 0.0379443266253360
v 88.9349881312772368 -15.2756511799776256 19.6670269477746800
vn -0.0832462716391195 0.9963352267049667 -0.0196513176389955
v 118.9348663403246320 -15.2751773986733443 19.8012122443901326
vn 0.9198700775270411 0.3912583798017114 0.0274940121723851
v 33.9999999644528259 -15.2744854619556172 38.7597820272990035
vn 0.3356411085427917 0.8679864533115965 0.3659843755185757
v 79.8693462857942507 -15.2739271694338168 38.7175682977134699
vn -0.5681314484368137 0.5208191771494979 0.6371609231665168
v 82.8966700629856206 -15.2591038307139648 38.6193639013385805
vn 0.5563306817258822 0.7941211385116024 0.2446789527921265
v 33.9999678043790539 -15.1694106057312403 38.2685257989797023
vn 0.2873859702568291 0.5845045851523547 0.7587909422465549
v 80.6325005992295871 -15.1247173023315433 38.1532917954426765
vn 0.2427241150896699 0.8588914603231035 0.4509883184052371
v 34.0000000000000000 -15.0388421999999995 37.9822082499999993
vn 0.0749394369159876 0.5175465403902275 0.8523670918828469
v 81.2962598393905864 -15.0507492620763035 38.0045685194188607
vn 0.6011070972151319 0.6561690016321965 0.4561934885271871
v 34.0000014607037144 -14.9121737501561640 37.7709388000046005
vn -0.1796139376922817 0.6646662678716235 0.7252293332045251
v 82.1199406477624336 -15.1075841836608191 38.1170382666079277
vn -0.0332969932575424 0.5810149666976155 0.8132114846172402
v 81.4761451683690154 -15.0473105994479592 37.9983432102851211
vn 0.4035659161805652 0.8957909154440171 0.1862610724368106
v 96.4380482929159797 -14.9544548876445162 37.8363752987483863
vn 0.7317185242759648 0.6779452748889607 0.0705563993351111
v 96.2353807553791967 -14.7459722988046735 37.5658076004165267
vn 0.5559874422138701 0.5703116513483023 0.6046673336941982
v 33.9999974209255313 -14.6720752477664096 37.4904823907197340
vn 0.5977393373162529 0.6652903490469414 0.4473214013321133
v 96.0820864605829570 -14.5057527725992337 37.3469522203579842
vn 0.6290091294358090 0.5021139465855815 0.5934889213209099
v 95.9550714072980355 -14.2121046835351326 37.1553023264604292
vn 0.5564186076245425 0.4423208485357266 0.7033851008087960
v 33.9999960800919112 -14.3220543062611636 37.2149130480295938
vn 0.6506654143392524 0.2955349466165981 0.6994952565322038
v 95.8474810143177791 -13.7835506236393464 36.9851951847344225
vn 0.7080992160291406 0.2483066688730680 0.6610138413468186
v 34.0000004934284803 -13.9466317027202589 37.0386970376279052
vn 0.3168332985635449 0.1637194097088482 0.9342444090311326
v 33.9999967488149650 -13.6416155593011421 36.9571487155637470
vn 0.8324857997384802 0.0314792951094432 0.5531513782078062
v 34.0000000348166864 -13.3614489262480500 36.9251587803575276
vn 0.8649710079660984 0.0635769047314376 0.4977781961505359
v 95.8110184528538866 -13.3736006666090610 36.9250843341776545
vn 0.2457991752355430 -0.3846714019759503 0.8897250575067466
v 34.0000877846114946 -7.9742883195444199 36.9707334257725364
vn 0.8586524339083771 -0.0394812761972654 0.5110354455153336
v 34.0000000002039044 -8.1686481186706938 36.9250253235873558
vn -0.9157300452046785 -0.2988585010175978 0.2685555448672620
v 27.9907762781987977 18.0592549040879824 43.6480509704769801
vn -0.9823978321259922 -0.1811358439829295 0.0456541943170921
v 27.9991588296055518 18.7852014558827172 44.7099613353997540
vn -0.8639400266325362 -0.4885729537647935 0.1220823461099811
v 27.8732147395833358 19.1671599020100238 44.7507109908867591
vn -0.8541992536652995 -0.4192497369178375 0.3075277111610750
v 27.8858751316160181 18.9342354090825609 44.1929043045547303
vn -0.9917764389368606 -0.0989920064822980 -0.0811176788519495
v 27.9999891642095022 9.1256832683203832 46.9656044828364045
vn -0.9995475988884732 0.0199504110164234 0.0225073022942265
v 27.9998103886192560 8.9878475784399807 44.8398484547770337
vn -0.8417370260696837 -0.3066494771990772 -0.4443476984039610
v 27.9989463994327643 10.5881201532697471 46.0422878242609883
vn -0.3455290812780376 -0.3567166993465801 0.8679647748603839
v 26.0813798051309327 19.6798866475327863 43.1224906733720630
vn -0.9721889164602204 -0.2265671617437179 0.0592961375748756
v 27.9986838059733962 17.4137203919261552 42.7979711768348281
vn -0.6649966316337875 -0.7312887472526647 0.1516451385879051
v 27.4165199724636999 18.4518870996068465 43.1090941487073493
vn -0.6483774872988979 -0.4441194679311815 0.6183563148933565
v 27.6491595829287640 18.7261588976693147 43.6571453463315251
vn -0.5080285517299056 -0.4299044083200900 0.7463840769564741
v 26.7082355345049649 19.4096691078597026 43.3307554684113043
vn -0.5298540712880430 -0.6373193201066817 0.5595344023009153
v 26.6867748731318244 19.0928277190732700 43.0734476836616125
vn 0.0869071967879770 -0.6484307493041018 -0.7562967026923869
v 22.6249352242168449 11.2823561974914188 46.2604687540978858
vn -0.0663521540028738 -0.2225515689353671 -0.9726603676636494
v 26.5281843866786105 11.7149717550219421 46.0047810019278174
vn -0.2024833324443100 -0.7605202782030450 -0.6169354962426865
v 26.8108574981143413 11.2286311580151121 46.2555304181707569
vn -0.3850677863246389 -0.8809050821010438 -0.2751890918324993
v 26.6838383801835377 10.9494163588744833 46.8238323087641461
vn -0.8220935514551945 -0.5169406292351840 -0.2386096781392520
v 27.7482193343362873 10.0838862703544017 46.7346787127350467
vn 0.0395773898620046 -0.9738039227742847 -0.2239186240604511
v 22.5926811768310749 11.0038546878598389 46.8182973141055498
vn 0.2627633079182484 -0.3028541875765889 -0.9160975849106819
v 22.4763837878241652 11.8662601039697311 45.9805811916104759
vn 0.2368378904892627 -0.8933522049196446 -0.3818764873539678
v 21.7797548349866652 11.0290617396000705 46.2213255139215704
vn 0.7600368121737041 -0.2711265313046833 -0.5906220857397090
v 21.3189371562776735 11.7172484618556147 45.1898848484075586
vn 0.4595467593430431 -0.8876187642524416 -0.0308172893726193
v 20.5499194399593215 11.1002315188315102 44.8384188112090811
vn 0.9367343604198658 -0.3483015340333003 -0.0348536855846639
v 21.0077127837508471 11.7687515400055425 44.2773061333335747
vn 0.4880419771268592 -0.6397405451146869 0.5937567376446936
v 20.5683115602797919 10.6351759568901656 43.5969867230182047
vn 0.9808726955944815 -0.0925939022911378 0.1712166005261021
v 20.9994590213954879 10.8071292443008105 42.5076005783463629
vn 0.1625970765002464 -0.2452316604575859 0.9557319830490075
v 20.1124545606146299 9.5313857477883879 42.9420368878953553
vn 0.8770958267537518 0.3215058986043016 0.3568429176175324
v 21.0528634823846872 8.3133749543384159 42.0695767948367774
vn 0.7664525204073985 -0.0711405750687640 0.6383490836055393
v 20.7269067053589424 9.0986467777430189 42.4976339423584477
vn 0.4775403689762246 0.2960844057985193 0.8272177589008768
v 21.0095492182063026 7.4565873538343714 42.8826964761278617
vn 0.3317525834133065 0.8264344023728589 0.4549136203426017
v 22.2568578826974210 6.9845377283757246 42.4479291367310765
vn 0.0603832174148804 0.1566929647862449 0.9857997676207496
v 22.1961943767337608 6.1827751378025058 42.9248324898923386
vn -0.9838450808651819 0.0858954079976206 0.1570695251864795
v 27.9579999165615867 8.5549116019200220 44.4874544182632121
vn -0.8752545801908119 0.0405030835343956 0.4819636086668903
v 27.7466523043488813 7.5758997608773120 43.9325354942803372
vn -0.6936846982814783 -0.0445063974361363 0.7189024411958768
v 27.4031538388284552 6.8078829023747671 43.4954137027243348
vn -0.3829280640042598 0.8068894107294425 0.4497728055926046
v 26.3686391433875471 6.9584064696468584 42.3292845507528668
vn -0.6423209577361992 0.1660568795024837 0.7482305126247853
v 27.1273395035885621 6.7296935128228510 43.2661674073677389
vn -0.3766884830829412 0.0305943762731565 0.9258346347232476
v 26.7266415919056364 6.1835528355997242 43.0538323291651608
vn -0.8504053183011423 0.4840183585240468 0.2062450562239495
v 27.5831605313308827 7.6499210969261808 43.4122801351387224
vn -0.1996927442600242 0.0927769764187886 0.9754564267749165
v 26.3448820690533445 6.1066571020087776 42.9537841406745926
vn -0.0394908108633829 0.0650766120494768 0.9970985459930801
v 26.0868356612437715 6.0408361492448126 42.9250523046370560
vn -0.2027660372674588 0.3810249799767627 0.9020564831342655
v 26.2238302329791928 6.4374858580004108 42.8438396432332667
vn -0.2086988175917147 0.7510014518358727 0.6264516125577708
v 26.4541134790835635 7.0076432377363913 41.0000007791134138
vn -0.6842011634538182 0.5510436972687424 0.4777233630762017
v 27.6241188437831156 7.7683530614334924 40.9999983080734296
vn -0.8197854501358259 0.1155006076340477 0.5609023314105290
v 27.9994585864837582 8.7598182154719861 40.9999999446190984
vn -0.1279015625840910 -0.0752625611423266 0.9889270636294900
v 26.1082794628333446 -16.9984348024118397 42.9250898987300502
vn -0.3072143968907144 -0.0218668106096165 0.9513890670681674
v 26.6032175557806312 -16.8757024934220503 43.0094880612541814
vn -0.5810827510053105 -0.0824728918616066 0.8096549009251311
v 27.1950436676471234 -16.9132678593772106 43.3084079087477321
vn -0.8301118303028869 -0.1004021932597898 0.5484831344533895
v 27.6852275733544886 -16.8583372897464052 43.8304470479535766
vn -0.9602270545223145 -0.0825098912709667 0.2667510479939173
v 27.9413296870730363 -16.8743228284833862 44.4210542715533521
vn 0.5786100096866380 0.5865628224700346 0.5667049602627592
v 20.7674066160899216 -23.7038510237400004 42.9249968418352239
vn -0.5416197049301529 0.0985799010151868 0.8348233935073993
v 11.8288667768667484 -13.7208409306696364 42.9276303753370314
vn 0.5133621596984792 0.1569631613468404 0.8436953591016836
v 20.0053095430303429 -22.5748554622996487 42.9250036784940647
vn -0.3524777375071025 0.1352214865881471 0.9259992408888712
v 12.1705992941758794 -12.5456528929037674 42.9249999468118304
vn 0.2813363106895705 0.6215059988097333 0.7311498982637535
v 27.7938087706345343 -26.9052583499506710 42.9248185519597740
vn 0.1701250240893019 -0.0522173481847000 0.9840380199601905
v 27.8432090794348142 -20.2763148491587764 42.9220398940380505
vn -0.0055074217032840 -0.0072104898713180 0.9999588377238325
v 17.0000000000000000 9.0000000000000000 42.9249992399999982
vn -0.1684160441198669 0.5229660858445849 0.8355492260420143
v 17.3867072538202585 -5.7554543386281294 42.9249992401050875
vn -0.6805890611127807 0.3764562564862741 0.6285532728782537
v 12.7150355406575208 -11.3908421373002415 42.9249999109220397
vn -0.5817280218114854 0.6740742191663702 0.4552103422534953
v 16.6559799659254999 -6.1351146041056888 42.9249999585860280
vn 0.0091395004769338 0.8281687432347203 0.5604043203438532
v 18.0784178531561146 -5.6551796305566420 42.9249992405347598
vn 0.3532679841402525 0.6026533393904288 0.7155492183651988
v 19.0045188771054185 -5.9000960864606489 42.9249899907423043
vn 0.5895773675306614 0.3802800993663807 0.7125907477097293
v 19.7147611880016029 -6.6163216566539749 42.9249992404757563
vn 0.7825694152503557 0.1376590122786554 0.6071532810198601
v 19.9994139226774408 -7.3623212205098820 42.9249991490939706
vn 0.1449329066481632 -0.1065675029355433 0.9836858339371356
v 20.5480540176150299 18.7244520064971383 42.9244507270191420
vn -0.0086844869983091 0.9864299441416634 0.1639528742848108
v 11.1265654546442700 54.9999999971674001 42.9250244587015004
vn -0.6851201984994958 -0.7152551891824653 0.1379142050536032
v 18.9980400823205535 10.9975898571217634 44.7143425062313895
vn -0.4905940194703652 -0.5610313013352989 0.6667543678011656
v 18.7068816765795312 10.7010631828290652 43.8110501446786600
vn -0.2217375733022495 -0.3564675098086607 0.9076141046925406
v 18.0547633937534862 10.0522551752977503 43.2190392908422396
vn -0.1727681743564548 -0.1088992383152824 0.9789239571202092
v 17.4940602905286298 9.4941161473410158 42.9746087792348206
vn -0.2728884349955275 -0.6285712542456645 0.7283063094479710
v 20.3152002068488216 10.9997858615450443 47.9825875549975507
vn -0.7587830747608612 -0.5795447714209722 0.2972811857065068
v 19.0797845794580283 11.0001172605039308 46.7353470764703758
vn -0.1365278625960364 -0.2555928517140835 0.9570958347457272
v 25.1618519618614194 19.9370728062379285 42.9308390109701676
vn -0.1489028362821384 -0.6430625956875964 0.7511980054384234
v 25.4258201257023480 19.2807707027832080 42.6743017176686479
vn -0.2287348296678210 -0.9537542297097762 0.1950211450267489
v 26.3799433019056231 18.9943678326023502 42.2602971054148000
vn 0.2461883417736866 -0.8830767980226125 0.3994579692143498
v 22.3953826007390653 19.0036258158723541 42.3478491367723819
vn 0.1207510266564293 -0.3535484934432312 0.9275897004308746
v 22.5142472153405748 19.7528561993601741 42.9242715844928497
vn 0.6548656765476368 -0.5157167604208239 0.5524374794498076
v 21.3068132583050094 18.3475514185300170 42.5168509935042067
vn 0.9408083056075751 -0.2133088779714025 0.2633990407696745
v 20.9995882528262925 17.3746083300667031 42.1052869659286202
vn 0.4260206854927059 0.1288436219251906 0.8954918741236703
v 20.3792297085797465 16.7380504270717090 42.9005983197950158
vn 0.3580526886271824 0.6682532663024465 0.6521010997099739
v 20.2294721842689285 15.6201326369022944 43.4074844425204986
vn 0.9084733598136109 0.2131525278239437 0.3595026486567690
v 20.9856435121849181 15.4655647609151679 42.7663263267588221
vn 0.3567998605330637 0.9341780119785529 -0.0023024898230417
v 20.3745588161593645 14.9745402869879811 44.6334034853128969
vn 0.9408392146402563 0.3366947672761596 -0.0381864620508123
v 20.9966657628306805 14.3676852287470194 44.2322677699834159
vn 0.1558248615403992 0.9266857322836877 -0.3420119385456613
v 21.7689932553203604 14.9698130371106473 46.4692229702131243
vn 0.7043181548626444 0.4859733774291771 -0.5174609291153861
v 21.3289076909732849 14.5194988066232842 45.2113182820215940
vn 0.3075587350053785 0.2465137719663466 -0.9190422105392199
v 22.4208072864740977 14.2434486277203600 45.9876576716214913
vn -0.0709971600024162 0.4115120071685417 -0.9086348393208954
v 26.6684930435979055 14.4274622874537251 46.0342517173993571
vn -0.9745107516860303 0.1908725410882181 -0.1178832808622777
v 27.9954270885767720 16.4483178356618929 46.6541159883938263
vn -0.6891533636448867 0.2867389452950123 -0.6654685707289582
v 27.9933427312869014 15.1298017470089512 46.0194771084133620
vn -0.6145616483001144 0.7366933771468562 -0.2821291344519499
v 27.2078709756548527 15.3620853137039450 46.7301017147270841
vn -0.1858226187901788 0.9164934419220008 -0.3542735175820006
v 26.3818939612936418 14.9884979398539784 46.6423586658266487
vn -0.6373523224524001 0.5779143261390013 0.5097029023929877
v 19.2939706442979109 15.0002288629999558 47.1101281053561749
vn -0.1655103069757723 0.8569503177713952 0.4881009026382663
v 20.5112751893504068 15.0178495777946299 47.9844174660915499
vn -0.6881265867915993 0.7186385162017347 0.1002022134581504
v 19.0014091398722478 15.0000000264532307 46.1801077497495100
vn -0.6149700989579239 0.6056220372157981 0.5050086389620158
v 18.9081924332400746 15.0917508120609725 44.1337706603704376
vn -0.3381004008240578 0.2406422648496636 0.9098238397242818
v 18.0516127794666481 15.9478547195934297 43.2143982465411156
vn -0.0781718284131599 0.0606291787996601 0.9950946024979848
v 17.3104852313401700 16.6744947745212535 42.9265008037405167
vn -0.4505114501353474 -0.0704398510391844 0.8899874497331544
v 12.0720410391092656 38.5790024841709709 43.1866558843321116
vn -0.6762003010891086 -0.3362330297804541 0.6555154479428043
v 12.6658287764447319 38.6152779096916632 43.5920778329139154
vn -0.7145945927065691 -0.5879026920661971 0.3791107921648378
v 13.3381145885629699 38.3318762526326822 44.1763696769972967
vn -0.8606333795470934 -0.4622757732337305 0.2135680113933381
v 13.2822426471449493 38.6219086331068766 44.6668707431863510
vn 0.1126114936237894 -0.9739263532096984 0.1969418950540412
v 32.5964622617149473 -18.8767388697688503 41.7623830982435749
vn 0.2724210586922192 -0.8939964585853556 0.3557486455601103
v 31.3825158475620292 -19.1406915425847828 41.8148536592096036
vn -0.0400718419589041 -0.9626293863765675 0.2678412066249211
v 29.6769692402599041 -18.8751833239302798 42.7988127876796796
vn 0.3188342343752855 -0.5535506887265557 0.7693675103620385
v 29.6938616274019616 -19.4383454295011724 42.5038893842854435
vn 0.1325808070653325 0.8765784772075865 0.4626364694815290
v 28.4257484210945464 -27.0035508368285484 42.9771438001484469
vn 0.4546517671320523 0.1391583004379502 0.8797310600762731
v 28.4684008173795462 -25.2692479678216877 42.6763134979259746
vn 0.4984362946189829 0.4327889430413214 0.7511690828220197
v 29.2635253564627860 -25.9170481222673210 42.3853884512009529
vn 0.3029972335937355 0.3676302841226302 0.8792273031648059
v 29.0290290940088553 -26.2066223015098743 42.6607033182188005
vn 0.3666876427990304 0.7025130269249794 0.6099308318319332
v 30.6411365845468318 -26.4497407463417815 41.8986612545079851
vn 0.1428891135506678 0.9470339811144406 0.2875923153410708
v 32.2335460766388380 -26.9906739892368783 41.8848745098438755
vn 0.1635175711727188 0.8913070247438071 0.4228874454983465
v 30.9258018977335389 -26.9995359000229556 42.3880633573609273
vn -0.9806155357893517 -0.1386627564314372 -0.1384406405193174
v 125.8604186843620596 -20.3234116864541043 40.6780366948015555
vn -0.9453466588073900 -0.2687855297524636 -0.1845915319763924
v 125.7214774852993884 -19.9729760296481089 41.0265944458105594
vn -0.8837263965304345 -0.2646308195761899 -0.3860028308261059
v 125.5414526130401214 -19.6791545462517590 41.3212588942123702
vn -0.7535854129138609 -0.5263809889936280 -0.3937411330678264
v 125.2050095376454237 -19.3144834769339298 41.6823994083294522
vn -0.2769460467395189 -0.5339622264310290 -0.7988649622684491
v 124.2975283375411095 -18.9053610540425616 42.0948611445780685
vn -0.5205673679244388 -0.6109551762397049 -0.5964422755624662
v 124.7349005407889564 -19.0384008877153548 41.9616471142555412
vn -0.0241907797211459 -0.8635819287054768 -0.5036278969535065
v 123.9711137594126598 -18.8750034172600891 42.1249991184978470
vn -0.4694602563272617 0.7064918413369526 -0.5296001754658545
v 36.3545313343371035 -26.9999999998734665 44.5071619710464788
vn -0.7220482455627433 0.5577127328617641 -0.4093932567637465
v 35.9152198812761654 -26.9999999984253982 45.0648550946833595
vn -0.8165720764685495 0.5559646691652148 -0.1552846759080069
v 35.7407530494307579 -26.9999999985247747 45.5795611971864432
vn -0.6938204879782354 0.7117444039206793 0.1096951865363304
v 35.6891730063243031 -26.9999999998492299 46.1777966304521925
vn -0.6821780937802140 0.5621098952856174 0.4676168452786808
v 35.9832115331128293 -27.0000327755721976 47.0802756738095098
vn -0.4341962060421525 0.5591191624985906 0.7062998065874543
v 36.5822378683413589 -26.9999999995995204 47.6718433415091667
vn -0.1170642051398115 -0.7092273445213189 -0.6951924522448604
v 40.1268328838044255 -18.8750000393946742 42.1383754636560326
vn -0.3454456349728749 -0.6047814955401907 -0.7175699658781417
v 39.4802526033467274 -18.8749999760736991 42.3267987477155430
vn 0.9916257216055856 0.1128619359822645 -0.0627742913662649
v 37.0003741222268800 -29.4074694995676040 40.2273998880399191
vn 0.6891059911628290 0.3244141419789054 0.6479879608662384
v 36.4323727849784120 -25.7441991441663980 37.2984094402863278
vn 0.9940561943070094 0.0616661727890642 0.0897193718960092
v 36.9999884242709456 -26.5009526682663221 35.9312741181193118
vn 0.9233175506251604 0.1040774375278884 0.3696655078651279
v 36.8828491592266801 -25.7054444409111547 36.4403930966174201
vn 0.5797894189115551 0.6221009522335448 0.5261507720685376
v 36.1495248475032795 -26.3430541794219764 37.9357963476409736
vn 0.9026869648397016 0.3000690386328978 0.3084068993430856
v 36.8896518798035231 -27.1200129920215360 37.3701519889384599
vn 0.8688860499843575 0.4532634325790251 0.1989705828238438
v 36.8058421598954126 -27.7020381475824955 38.7570612618252497
vn 0.7037345757125044 0.0793820927077929 0.7060142564453445
v 36.3388488921711996 -25.2097968075736034 37.2006715275600328
vn 0.5606699218703994 0.8099631938365117 0.1720722619715256
v 36.0753489504524154 -27.2371135525577799 39.5591885651623372
vn 0.0962637096948161 -0.9902463270342262 0.1007249223927052
v 37.9863987429147514 -18.8759012504659189 38.1561235135035020
vn 0.3841341566633431 -0.8834520691869190 0.2682412927457166
v 37.4073350234477928 -19.1035129592682011 37.6953421335807377
vn 0.1481112213786572 -0.9885452795966985 0.0290051079778661
v 38.7332230374850894 -18.8861681663354943 36.3598634659211726
vn 0.5745954634939763 -0.5886273837956089 0.5686456333940141
v 36.6224932747864003 -19.6856146851769900 37.4440519295987926
vn 0.0114069668613334 -0.9999344184366870 -0.0010197709102135
v 39.0000000000000000 -18.8750000000000000 35.6954841599999995
vn 0.8432891849195652 -0.1937871686636289 0.5013081725436257
v 36.7224925224107110 -20.3813997239838436 36.7517881900848948
vn 0.6779474186780755 -0.1992502277035907 0.7075921454254571
v 36.3274277337306657 -20.5596626697904874 37.2140117367933527
vn 0.4746539583263962 -0.8774556024049671 0.0691034416886744
v 38.0806696922230827 -19.0779028208786059 36.0355170837128540
vn 0.7945697696673224 -0.5780832019593843 0.1856843901441471
v 37.3208055763832718 -19.7347527790657864 36.1598960006882351
vn 0.9681373936880991 -0.1536641408153492 0.1977304194358950
v 37.0022343755694365 -20.5883816181005699 35.9621885315346788
vn 0.4943184788701472 -0.1941953805960711 0.8473118644292966
v 28.5551684830837758 -20.4329021981960928 42.6208513185937861
vn -0.1740827234734107 -0.6047837930745764 0.7771304710422877
v 28.5273509826642879 -18.7853420220596163 42.9392507671756505
vn -0.6331053649260288 -0.3892737303738601 0.6690617009982707
v 27.4958591918098207 -17.7372933084052740 43.2695530387159479
vn -0.5586121192129166 -0.8159153050253779 0.1491130956482317
v 28.8911970658084343 -18.5915713939057632 44.3304583606565856
vn -0.9114308380861265 -0.3403919849280976 0.2311430811907008
v 28.0981089473915198 -17.6088568005746637 44.4118436421602709
vn -0.9942484944785781 -0.0964337961177579 0.0465881336114631
v 28.0000612399712132 -17.0901521416812905 44.8319223098111479
vn -0.5403337580518107 -0.5596211808388279 0.6283817023642263
v 36.4340555927105711 -18.8750000004538485 47.5668148986038304
vn -0.7567529766191688 -0.5619134035052007 0.3340333207020361
v 35.8869768679961822 -18.8750121650421718 46.9086969884050191
vn -0.1422863740176425 -0.1679124133883625 0.9754793740510392
v 37.2792414375481158 -18.8749623861342251 47.9992247772062868
vn -0.7023539102710102 -0.7118277144249284 0.0005382412134386
v 35.6870750928820542 -18.8750000001161808 46.0955241811062137
vn -0.6617823285480271 -0.7114019692211132 -0.2365404570255867
v 35.8068406802832229 -18.8750000000993978 45.3097942771311040
vn -0.6302722286786058 -0.4530276274117667 -0.6304941606059242
v 36.2662266626696095 -18.8749532879712163 44.5654149074488828
vn 0.7752600626170066 -0.5714001903675237 -0.2692093195991415
v 80.3049082023218119 -18.8750003506381780 40.5734269070778808
vn 0.4008613850803435 -0.9079999262303892 0.1218453278426227
v 80.1944346824287919 -18.8750028645515400 39.6872289752821104
vn 0.2777465753983137 -0.7400537105844848 0.6125172204147767
v 80.9978032127081207 -18.8750182366378212 38.7613054840577576
vn 0.3746864534335496 -0.8161584885604934 -0.4398811011671669
v 80.4921901039171246 -18.8749976246208391 24.8693596550402383
vn 0.6873183891785197 -0.7220813967527775 -0.0786885529197412
v 80.1558212334566775 -18.8750002645933819 24.0479888832577231
vn 0.0402329976715108 -0.8442665975538998 -0.5344110947137285
v 81.3802106803394452 -18.8750497663261605 25.2754458095903196
vn -0.3308062302406011 -0.8137279508398159 -0.4779268354633758
v 82.1111437529195314 -18.8750000000528608 25.0662625393285765
vn 0.6424288683237821 -0.5739412065003978 0.5078155576831931
v 80.4360410984666174 -18.8750103493634640 23.2212716350130535
vn 0.2449088177121679 -0.7055857145878482 0.6649574951652051
v 81.0243119262421629 -18.8750376126454924 22.8166560394861015
vn 0.6812551263462138 -0.3725640516406412 -0.6301487762839137
v 97.0064105678073361 -18.8749972112459297 38.5361762224369215
vn -0.2939397560533825 -0.9361951914477703 -0.1927121774080469
v 82.5295589603831132 -18.8750208527802990 40.6907446231155987
vn 0.4034187344106164 -0.7067433944247097 -0.5811773388248858
v 98.5580624402451946 -18.8750093354185466 39.8448313159606258
vn -0.5830585831213342 -0.8100669307379607 0.0619213725083870
v 82.6921168120239400 -18.8749999998568683 39.8844537488155879
vn 0.7776325584404803 -0.3939418079413766 -0.4899974040841367
v 95.7981011874221196 -18.8750030126582793 36.9241617927718764
vn 0.6450537397294377 -0.7071707938193074 -0.2895084475970217
v 95.2862587009822875 -18.8750000233687629 35.9380030451848924
vn 0.2920390039739794 -0.7071222515066838 -0.6439653263817890
v 100.0200026742614199 -18.8749982403053735 40.6681596954193978
vn 0.2127316680009874 -0.7070631773298344 -0.6743937282431954
v 101.1170517602800203 -18.8750000482893974 41.0755793701461585
vn 0.6803572813207219 -0.7079778131623017 -0.1894238259137460
v 94.7908543533880419 -18.8749983838401505 34.6414532649779687
vn -0.2934542492628961 -0.8712234741831328 0.3935152622476313
v 82.2889278446672421 -18.8749979657322022 39.0263063235767120
vn 0.1773100401150712 -0.5547484026885690 -0.8129055045876323
v 101.9873973524714756 -18.8750000337408466 41.3029536219625371
vn -0.1747108308138919 -0.8659916793863146 -0.4685451278478842
v 81.7951157470921117 -18.8750143800765819 41.2034057712347987
vn 0.7050352397946453 -0.7080539444141056 -0.0398110844782381
v 94.4460459177887088 -18.8749995671580564 32.6884823441350036
vn 0.0582757760662222 -0.8001058453761131 -0.5970214151258354
v 102.9825619470231004 -18.8750007696194899 41.4539875764309187
vn 0.6977844859699809 -0.7083136556632609 0.1067172729250376
v 94.4992042559101151 -18.8750046770640729 30.7529144840786230
vn 0.7880120216144085 -0.5554525878700544 0.2655362054779581
v 94.8801147397457072 -18.8749983184053463 29.0939531450679318
vn 0.7426056941631527 -0.5549148668376569 0.3749750305807144
v 95.3838405309688397 -18.8750008464238164 27.8476636975228686
vn -0.3368206622783002 -0.9374753187446464 -0.0877032964433550
v 82.6907158831721461 -18.8750151742495689 24.3327860071607383
vn 0.7719899800181192 -0.3937145229388624 0.4990193835700652
v 95.9733722875300117 -18.8750001060197015 26.8099357234547924
vn -0.4114314859182325 -0.5925850731520431 -0.6925078075173614
v 108.8189307313723617 -18.8750000647350937 40.1662033222286752
vn -0.2096784960967069 -0.7080291237956885 -0.6743364799057908
v 106.9875209547127923 -18.8748107298818013 41.0254575299444895
vn 0.5259333044426114 -0.7186017530952074 -0.4549787684349349
v 110.6093079488662028 -18.8749999948096772 40.9674080545075725
vn -0.0808764538783241 -0.7075804208644207 -0.7019892785629966
v 105.1218846899864161 -18.8749948274999824 41.4341166801314245
vn 0.8155330793220220 -0.5781665483014768 0.0250846358693234
v 110.1301628442333822 -18.8741038791620568 39.9594173367530558
vn 0.6950712675243930 -0.4467127647644066 0.5633148665343155
v 96.5053894955195659 -18.8750000042013362 26.0745561821101646
vn -0.3827037496767374 -0.8538373113669467 -0.3528451299097508
v 110.4661243750536244 -18.8724989068402849 38.9872105260528699
vn 0.6161479345683397 -0.4486006464360405 0.6473941479070811
v 97.2879006822638530 -18.8750000137941925 25.2018255572430654
vn -0.4531844791467888 -0.8657018824382631 0.2125654689814443
v 82.5350122059766704 -18.8749999999387832 23.3647552622107533
vn 0.3253000632836957 -0.8320140099728969 0.4493690643963422
v 98.3704690403162942 -18.8750000353709098 24.2903904296615636
vn -0.5622679197597427 -0.7067258454520402 -0.4294104863404605
v 111.3371324289413877 -18.8749991172830960 37.9771433383937520
vn 0.0255565103004419 -0.5879176575460507 0.8085169712051986
v 111.4993510237730447 -18.8749999876294758 38.7037039362091235
vn -0.3150757721588610 -0.8357486374674050 0.4497237738544335
v 82.1407726502624342 -18.8749999997716671 22.9643109957750688
vn -0.8118353268701745 -0.3149053693104477 -0.4916889366510575
v 112.1399214835333566 -18.8750471749763342 36.7956563253665436
vn -0.4893187355001416 -0.8166687836416680 0.3059726669390272
v 112.5546597375699918 -18.8747986247180499 39.2839083874658428
vn 0.3140024017217145 -0.7088727366879443 0.6315868387589622
v 99.5655527721946925 -18.8750031011144088 23.5520899587463290
vn 0.2253648397405254 -0.7064893392219597 0.6708826295071636
v 100.9030364484368079 -18.8749983703180355 22.9892623051827449
vn -0.6636515212990811 -0.7078062057605675 -0.2420269269404635
v 112.7938358489542026 -18.8749990141734258 35.4756738532594866
vn -0.0996191126890884 -0.8644736178434069 0.4927082264786837
v 81.6718937146694799 -18.8749898730210468 22.7498185085885254
vn 0.1244040298152741 -0.7073506745301184 0.6958294766733492
v 102.2642999923289153 -18.8750005761663004 22.6419119851414870
vn -0.6507711100363661 -0.7245351167942986 -0.2270370605736165
v 112.6065314771180397 -18.8750728932086353 40.4920462782515571
vn -0.4473504473470509 -0.5682449003928673 -0.6906339916597600
v 112.0908889457065385 -18.8750085618630621 41.0870253198911186
vn 0.0953476633151191 -0.8091928264345782 -0.5797549419773541
v 111.2659490178989472 -18.8749953239044288 41.2652226601132526
vn -0.7967373920107054 -0.6014957296817670 0.0584158826568445
v 113.4270935914561846 -18.8749994078293106 31.3405166399282962
vn -0.8199945381723138 -0.5556097548924374 -0.1375018459364795
v 113.3562488571417504 -18.8750020010604942 33.3736048543219468
vn -0.3990855751898369 -0.7918937097970493 0.4622067243769434
v 110.5398548415870579 -18.8750001622816725 25.1614521426151718
vn 0.5275995002745881 -0.5245416666121233 -0.6682026693285361
v 110.6045969893885541 -18.8750000360346952 24.9728607068691701
vn -0.3738075931189528 -0.7027881978501878 0.6052740142192631
v 108.8248486724511679 -18.8748334131011291 23.8192598840893162
vn 0.6898384129653247 -0.7118689646497125 -0.1317783789778454
v 110.2187626380117820 -18.8750000235684787 24.3315713399089155
vn 0.6419103709677884 -0.7263443853074989 0.2457130635034854
v 110.2379071057321624 -18.8749999811154296 23.5302962431597997
vn -0.0304192287180908 -0.7231580328354383 -0.6900124129823864
v 111.4242413039376629 -18.8750000046918558 25.2716057502738103
vn -0.5662572608626829 -0.7018416523897898 0.4321701163790259
v 111.4819250595837588 -18.8749996493739793 26.2179472768152735
vn -0.8094479071558432 -0.3693431740558517 0.4564862597925310
v 112.3733078102509495 -18.8750911341501180 27.6113746517304079
vn 0.3460854613607626 -0.8084698312798058 0.4760266645316317
v 110.7596373070756641 -18.8749916373024966 22.9200218240697708
vn -0.2495085709972190 -0.5553071776900479 0.7933343629295527
v 106.9376858395734189 -18.8750006979237455 22.9728977190479320
vn -0.6731908305494804 -0.7083721539205168 0.2121862323858660
v 113.0743096609998446 -18.8749979928499236 29.3409402919000435
vn -0.0679303465870783 -0.8946850237105816 0.4415021816033932
v 105.2987008585747617 -18.8749968101440189 22.5859249159425381
vn -0.6507328487203112 -0.5873450763123268 0.4812198259922545
v 112.5156900208908581 -18.8750457398427010 23.2587403881615593
vn -0.4251788981194387 -0.8822907145999460 -0.2019554394530055
v 112.5251555040300531 -18.8751727007453773 24.7616180813255617
vn 0.0205082129560117 -0.7112055737056705 0.7026848832380976
v 111.4140764879251151 -18.8750176314148064 22.7406258164135302
vn -0.2612735272248664 -0.7127156180869196 0.6509781806684899
v 111.8544158722309732 -18.8749999971448439 22.8193337566945793
vn -0.0012069900009991 -0.8320920984236332 -0.5546361716621918
v 103.9132524574689143 -18.8750000262212261 41.5028526534220532
vn 0.0976408758014366 -0.8359120875999745 -0.5401085457359298
v 81.1970082109657767 -18.8750085395697873 41.2381852430985063
vn 0.4862106354198909 -0.5615908397127686 -0.6694885710415773
v 80.6818220049709112 -18.8749999992818260 41.0107323535161967
vn -0.0257432607978142 -0.5560728035386910 0.8307348082800649
v 104.1715011600000054 -18.8750000000000000 22.5029525799999988
vn 0.0330414241795441 -0.8320854156110384 0.5536624652399628
v 103.4589307973099750 -18.8749996298682952 22.5088716111148948
vn -0.8561302782848305 0.5150448915804490 0.0420678768280750
v 13.3971176819852573 -10.4707771446884692 44.1354216709981984
vn -0.9089677998049863 0.2782734165090031 0.3103891824501773
v 12.7509685458494282 -11.6006664312802688 43.5379339008377997
vn -0.9807545358807567 0.1323248312017620 0.1435641995650267
v 13.0733325402561729 -11.1830406262712803 44.6161025517005640
vn -0.9271837109612726 0.0461229405912675 0.3717566952716491
v 12.8776635273028841 -12.0769640300174288 44.0540630604253423
vn -0.8097547054313862 0.0490082515931013 0.5847183153515174
v 12.6748872876645038 -12.5360901326367369 43.7179405673486343
vn -0.6196376012181455 0.0202664544548019 0.7846263531009229
v 12.2604605804239402 -13.8771940751476599 43.2992747105900619
vn -0.2764613592319518 0.0229005489388419 0.9607521437446400
v 11.4363017450318551 -15.5626024928867288 42.9286576228762229
vn -0.0840014784749827 0.0050639528123028 0.9964527625512068
v 11.2173420322503272 38.5428904433472326 42.9252521977940873
vn -0.3072944257763508 0.1186385368956597 0.9441901468719318
v 11.5846415593938037 38.6559763522909208 42.9839695558563548
vn -0.6904163736918213 -0.0350545709593460 0.7225623903809911
v 12.4767081030061018 39.0959549324519884 43.4832770317661996
vn -0.8692068999571999 -0.0712893667641543 0.4892823226452803
v 12.7993803847184662 39.3891975309436333 43.9055242617045280
vn -0.9750290803690123 -0.1344922346821590 0.1767204890355311
v 13.0687008098711370 39.3271314150570888 44.5754936192472613
vn -0.1287133483746592 0.8020977333208050 0.5831570115773369
v 11.5152516004719825 54.9999999293914072 42.9663148280906668
vn -0.4221051774459228 0.6062611479057608 0.6739989908845081
v 12.2250777411669418 55.0000075842613114 43.2562538689591563
vn -0.6806280378600189 0.5578062036552179 0.4749712762289676
v 12.7473046073605953 54.9999999406575029 43.8192217180767685
vn -0.6853488307048475 0.7143429028622550 0.1414609394208353
v 13.0698197633128999 55.0000000933745810 44.5275348999819585
vn 0.6093888893672916 -0.0715256077624092 0.7896386951954145
v 21.0009933287777493 17.3238672001770020 40.9999999753119937
vn 0.6857245803418951 -0.6525864546523378 0.3223549582668523
v 21.6106290141514670 18.5242182642001332 41.0011296041548263
vn 0.1040221066054433 -0.8059323339349120 0.5827971126005954
v 22.7588001955513022 18.9983970844716232 40.9999999916494815
vn 0.2793101165183389 0.8049552082604561 0.5234815865958207
v 22.5326039448311164 7.0160796597649231 41.0007300937919794
vn 0.7075213150048153 0.3077121992260282 0.6361814137974623
v 21.0195462551029841 8.2124075884661281 41.0000287104924226
vn -0.2256296551162416 -0.6605385241270052 0.7160866685508421
v 26.4228585843303634 18.9905369844037999 41.0000018507349608
vn -0.7288244702003308 -0.6007797698829679 0.3284487170572834
v 27.4359967388270753 18.4263117449290981 41.0000054657158728
vn -0.5248511989715879 -0.1345883738059979 0.8404862810149513
v 27.9952851425197053 17.4063149965095150 41.0000005077957468
vn -0.0156518233422237 0.8002818723823715 0.5994196736529671
v 2.9480297170578700 54.9999999978563494 42.9249777159168033
vn -0.1284243745004522 0.3170132787573792 0.9396859907041627
v 2.7089598532503243 55.0000194212054723 42.9061908827921670
vn -0.1514134754533957 0.8581595410089425 0.4905467986099238
v 2.3605087983877406 54.9999995135746005 42.8230763655420930
vn -0.4099946198670444 0.3165292221956990 0.8554026322009207
v 2.1012470865888133 54.9999965266547690 42.7124714670407926
vn -0.3734552155922884 0.7075221572825614 0.5999529972432405
v 1.9350647492062323 55.0000023405313527 42.6187656564382564
vn -0.5159497032815962 0.5550053008768345 0.6525067200284201
v 1.7637968691871830 55.0000273509195168 42.4983321766870503
vn -0.6622201748856701 0.3163080371582307 0.6792743669560186
v 1.6154682477125988 54.9999977766531529 42.3690357053259703
vn -0.3925784183017018 0.8576517270352981 0.3321380745971541
v 1.4828213788846818 55.0000000170784773 42.2289836021827298
vn -0.6934993529250008 0.5550970883248832 0.4592666654851426
v 1.3593513525403831 55.0000006546350875 42.0708014521636926
vn -0.6311178715983362 0.7081625951002557 0.3165374717945052
v 1.2059348504340650 54.9999585740431485 41.8131837048002382
vn -0.9414884856095869 0.0363647947613509 0.3350776524427308
v 1.1150348200000000 55.0000000000000000 41.5935096700000031
vn -0.0918989436838420 0.9808498160093228 -0.1717213515677987
v 1.0844386800000001 55.0000000000000000 41.5000000000000000
vn -0.8595018664599502 -0.4603945870532066 -0.2220210930609284
v 1.0336293078262793 -26.2814743292419308 41.4846566163498380
vn -0.7873138687005307 0.6097019835561551 -0.0916534963844455
v 1.0180045874863735 54.9105862134943763 41.3223175326404899
vn -0.9168549754041113 0.2959985207658596 -0.2678839856750481
v 1.0285427512565744 -23.5572190948941298 41.4850019462437842
vn -0.8159084260879572 -0.5427524764784182 -0.1992816838427874
v 1.0025392425691160 49.2836472430786472 41.1510249353097066
vn -0.8159082675954117 -0.5427526525776190 -0.1992818531362362
v 1.0025392403084443 46.1420541705841245 41.1510249152049283
vn -0.8159083527985708 -0.5427521208761034 -0.1992829524018916
v 1.0025392396750192 43.0004634856072343 41.1510249163760164
vn -0.8159084236779428 -0.5427524912680423 -0.1992816534297835
v 1.0025392421438439 39.8588691664191757 41.1510249198063889
vn -0.8159082678391354 -0.5427526516499207 -0.1992818546649985
v 1.0025392403103048 36.7172761828880994 41.1510249152958494
vn -0.8137748899630671 -0.5459647171294839 -0.1992309115456745
v 1.0031207608254935 33.5740720504401722 41.1540310879499458
vn -0.8159082968448211 -0.5427524202118790 -0.1992823662392917
v 1.0025392408828659 30.4340917057897542 41.1510249200990401
vn -0.8137748895340563 -0.5459649684605032 -0.1992302245588151
v 1.0031207587891955 27.2908857632133603 41.1540310700504577
vn -0.8159083191640060 -0.5427526483598992 -0.1992816534889304
v 1.0025392401628457 24.1509058341020584 41.1510249179100569
vn -0.8137748234972579 -0.5459650304758811 -0.1992303243471667
v 1.0031207590759794 21.0077002760978182 41.1540310837268564
vn -0.8137748892628626 -0.5459649685116318 -0.1992302255264208
v 1.0031207587885427 17.8661077746527894 41.1540310701527829
vn -0.8159083061518880 -0.5427523924273225 -0.1992824038061932
v 1.0025392414511776 14.7261285042580141 41.1510249218015502
vn -0.8159083158631077 -0.5427523716593936 -0.1992824206083680
v 1.0025392401466133 11.5845355973949591 41.1510249166928830
vn -0.8159083461467822 -0.5427524546156824 -0.1992820706854341
v 1.0025392407707057 8.4429427333562153 41.1510249237423125
vn -0.8159083199299095 -0.5427524326960986 -0.1992822377223307
v 1.0025392403915547 5.3013501726212500 41.1510249180776242
vn -0.8159083288736151 -0.5427524211122954 -0.1992822326536065
v 1.0025392404955198 2.1597576361461033 41.1510249202584149
vn -0.8159083312713959 -0.5427524205840257 -0.1992822242752899
v 1.0025392405239602 -0.9818350018368827 41.1510249190150788
vn -0.8159083179096330 -0.5427524341240461 -0.1992822421047507
v 1.0025392404494213 -4.1234278082070848 41.1510249188056036
vn -0.8159083379205230 -0.5427524048532436 -0.1992822398955570
v 1.0025392407090348 -7.2650203619138072 41.1510249213774415
vn -0.8159083240343032 -0.5427524903290516 -0.1992820639524472
v 1.0025392407618210 -10.4066132156364528 41.1510249236654104
vn -0.8137748262323411 -0.5459650115469611 -0.1992303650477252
v 1.0031207588942115 -13.5498188921575924 41.1540310775424132
vn -0.8137747670785934 -0.5459650495165349 -0.1992305026159117
v 1.0031207587356101 -16.6914116038834166 41.1540310760728616
vn -0.8137749137675427 -0.5459649373865016 -0.1992302107291502
v 1.0031207592794147 -19.8330041640213786 41.1540310675245848
vn -0.8137748594638673 -0.5459651926666146 -0.1992297329744468
v 1.0031207592293272 -22.9745976220405481 41.1540310788013528
vn -0.4530615055670232 -0.2949642610867970 -0.8412677081968984
v 1.0000000000000000 12.4719219199999998 39.2500000000000000
vn 0.0000000254923331 -0.6906074349632744 -0.7232298187806184
v 4.0000000000000000 11.3800115599999998 39.2500000000000000
vn -0.4779015106026338 0.6175500488870476 -0.6246935915177343
v 0.9683868085638613 13.1397062109914415 39.2887695471011682
vn 0.0017251549045916 0.3475924423472836 -0.9376441317811387
v 4.0000000000000000 12.0181922900000000 39.2500000000000000
vn -0.4530614942737451 -0.2949642251349414 -0.8412677268842451
v 1.0000000000000000 15.6135149000000002 39.2500000000000000
vn -0.0000000291428138 -0.6906073915978459 -0.7232298601899804
v 4.0000000000000000 14.5216045400000002 39.2500000000000000
vn -0.4779014921604322 0.6175500522378841 -0.6246936023138216
v 0.9683868052298017 16.2812981411109945 39.2887695967777191
vn 0.0017251555454008 0.3475925755726514 -0.9376440823922022
v 4.0000000000000000 15.1597852700000004 39.2500000000000000
vn -0.4505416277826090 -0.3011415175048185 -0.8404320484547767
v 1.0000000000000000 18.7551078800000006 39.2500000000000000
vn -0.0000000125296434 -0.6906073621357521 -0.7232298883231375
v 4.0000000000000000 17.6631965599999994 39.2500000000000000
vn -0.4796866618076674 0.6123392714223511 -0.6284435719758463
v 0.9543435076608745 19.4274759396842249 39.2876262607920523
vn 0.0016688629961144 0.3472547375998560 -0.9377693544314376
v 4.0000000000000000 18.3013782499999991 39.2500000000000000
vn -0.4505416762994265 -0.3011415912595791 -0.8404319960180903
v 1.0000000000000000 21.8966999099999988 39.2500000000000000
vn -0.0000000578835401 -0.6906075766352870 -0.7232296834989095
v 4.0000000000000000 20.8047885900000011 39.2500000000000000
vn -0.4796865002196143 0.6123392425818782 -0.6284437234162735
v 0.9543435470953887 22.5690691971502915 39.2876261516783813
vn 0.0016688235215002 0.3472546566741406 -0.9377693844683664
v 4.0000000000000000 21.4429702800000008 39.2500000000000000
vn -0.4530614430108524 -0.2949643087985844 -0.8412677251576322
v 1.0000000000000000 25.0382919299999998 39.2500000000000000
vn 0.0000000696144964 -0.6906075028258790 -0.7232297539790510
v 4.0000000000000000 23.9463825200000002 39.2500000000000000
vn -0.4779014500666640 0.6175499747942200 -0.6246937110743458
v 0.9683868082707998 25.7060761144084502 39.2887695513158235
vn 0.0017251499305844 0.3475924462834217 -0.9376441303311314
v 4.0000000000000000 24.5845623000000018 39.2500000000000000
vn -0.4505416275595421 -0.3011415185372415 -0.8404320482044239
v 1.0000000000000000 28.1798858599999988 39.2500000000000000
vn -0.0000000123734974 -0.6906073621515307 -0.7232298883080707
v 4.0000000000000000 27.0879745499999984 39.2500000000000000
vn -0.4796866616751363 0.6123392718526658 -0.6284435716577188
v 0.9543435076529868 28.8522539234559758 39.2876262608097448
vn 0.0016688631747863 0.3472547375077393 -0.9377693544652305
v 4.0000000000000000 27.7261562300000008 39.2500000000000000
vn -0.4530615848489548 -0.2949642460312910 -0.8412676707786562
v 1.0000000000000000 31.3214778900000006 39.2500000000000000
vn -0.0000000578395436 -0.6906075765246809 -0.7232296836045267
v 4.0000000000000000 30.2295665699999994 39.2500000000000000
vn -0.4779014843673255 0.6175498983837810 -0.6246937603703823
v 0.9683868109106709 31.9892613509318267 39.2887695191336448
vn 0.0017251149827451 0.3475924566561229 -0.9376441265501841
v 4.0000000000000000 30.8677482599999990 39.2500000000000000
vn -0.4505418294688894 -0.3011417754605536 -0.8404318479039758
v 1.0000000000000000 34.4630699200000024 39.2500000000000000
vn -0.0000000528870921 -0.6906077436344651 -0.7232295240323851
v 4.0000000000000000 33.3711586000000011 39.2500000000000000
vn -0.4796866871254276 0.6123397186589615 -0.6284431168747862
v 0.9543435934851622 35.1354415991182449 39.2876260256574952
vn 0.0016688346060642 0.3472547447887538 -0.9377693518199210
v 4.0000000000000000 34.0093421899999981 39.2500000000000000
vn -0.4530614802829475 -0.2949640485536992 -0.8412677963316053
v 1.0000000000000000 37.6046638500000014 39.2500000000000000
vn -0.0000000812811009 -0.6906074230251947 -0.7232298301802085
v 4.0000000000000000 36.5127525300000002 39.2500000000000000
vn -0.4779014705309369 0.6175499114844214 -0.6246937580046332
v 0.9683867978112470 38.2724467985531049 39.2887696858023219
vn 0.0017251947998016 0.3475923301040988 -0.9376441733172056
v 4.0000000000000000 37.1509323100000017 39.2500000000000000
vn -0.4530614113937291 -0.2949639806010610 -0.8412678572570683
v 1.0000000000000000 40.7462577800000005 39.2500000000000000
vn 0.0000000097425351 -0.6906069931593123 -0.7232302406560815
v 4.0000000000000000 39.6543464700000001 39.2500000000000000
vn -0.4779015309632570 0.6175497726759746 -0.6246938489939108
v 0.9683868020726463 41.4140394055626757 39.2887696395807495
vn 0.0017251311223465 0.3475923535427455 -0.9376441647454677
v 4.0000000000000000 40.2925262500000017 39.2500000000000000
vn -0.4530617242833607 -0.2949644610716587 -0.8412675202895293
v 1.0000000000000000 43.8878478999999970 39.2500000000000000
vn -0.0000000522855728 -0.6906077441271384 -0.7232295235619343
v 4.0000000000000000 42.7959365800000029 39.2500000000000000
vn -0.4779016498864222 0.6175503865875919 -0.6246931511240951
v 0.9683868192665471 44.5556342472536642 39.2887694093341082
vn 0.0017251493992998 0.3475925361782398 -0.9376440970073503
v 4.0000000000000000 43.4341201800000007 39.2500000000000000
vn -0.4530614800321986 -0.2949640495312611 -0.8412677961238939
v 1.0000000000000000 47.0294418300000032 39.2500000000000000
vn -0.0000000811499927 -0.6906074240023453 -0.7232298292471336
v 4.0000000000000000 45.9375305200000028 39.2500000000000000
vn -0.4779014711112498 0.6175499123924462 -0.6246937566630431
v 0.9683867978097521 47.6972247814679449 39.2887696858090578
vn 0.0017251949151371 0.3475923311065851 -0.9376441729453637
v 4.0000000000000000 46.5757102999999972 39.2500000000000000
vn -0.4530614178538437 -0.2949639874011037 -0.8412678513937796
v 1.0000000000000000 50.1710357700000031 39.2500000000000000
vn 0.0000000031673772 -0.6906069972627767 -0.7232302367377148
v 4.0000000000000000 49.0791244500000019 39.2500000000000000
vn -0.4779013239430877 0.6175501122282477 -0.6246936716986355
v 0.9683868023655992 50.8388173667966541 39.2887696401759996
vn 0.0017251337478389 0.3475926820691186 -0.9376440429531607
v 4.0000000000000000 49.7173042300000034 39.2500000000000000
vn -0.4593915466710847 -0.3010948034244377 -0.8356442581612992
v 1.0000000000000000 53.3126258899999996 39.2500000000000000
vn 0.0000001117511590 -0.6906076264281917 -0.7232296359519614
v 4.0000000000000000 52.2207145699999984 39.2500000000000000
vn -0.4853630442877078 0.6072289888260414 -0.6290434566618367
v 1.0000000000000000 53.9508094799999967 39.2500000000000000
vn -0.6753072302126156 -0.2518248101852843 -0.6932131056159505
v 1.0000000000000000 -25.2271900199999983 39.2500000000000000
vn -0.1486876373702350 0.6854683131660112 -0.7127588499195227
v 1.0000000000000000 -24.5890083299999986 39.2500000000000000
vn -0.4505415332676674 -0.3011413967478442 -0.8404321423919821
v 1.0000000000000000 -22.0855960799999984 39.2500000000000000
vn -0.4796865714640241 0.6123393948219797 -0.6284435206970802
v 0.9543435056120578 -21.4132284293194814 39.2876262667305767
vn -0.4505416515312471 -0.3011415502227349 -0.8404320240001236
v 1.0000000000000000 -18.9440040600000010 39.2500000000000000
vn -0.4796866060254756 0.6123394275049305 -0.6284434624711231
v 0.9543435456051188 -18.2716342342722164 39.2876261554827906
vn -0.4505415315681726 -0.3011416582013788 -0.8404320496196759
v 1.0000000000000000 -15.8024120299999993 39.2500000000000000
vn -0.4796865495639970 0.6123393473750520 -0.6284435836442939
v 0.9543435459125839 -15.1300423650380704 39.2876261546125534
vn -0.4505415783766255 -0.3011415877774045 -0.8404320497605994
v 1.0000000000000000 -12.6608190500000006 39.2500000000000000
vn -0.4796865796073973 0.6123392608627172 -0.6284436450077743
v 0.9543435269306386 -11.9884503381625276 39.2876262076031750
vn -0.4779014938035206 0.6175500418569262 -0.6246936113190786
v 0.9683868043739248 -8.8514429382422684 39.2887696044935879
vn -0.4530615237458908 -0.2949641273013796 -0.8412677453144076
v 1.0000000000000000 -9.5192260700000002 39.2500000000000000
vn -0.4779015154664570 0.6175500115468702 -0.6246936247100047
v 0.9683868043831969 -5.7098503164789314 39.2887696040728756
vn -0.4530615081041783 -0.2949641734927349 -0.8412677375426419
v 1.0000000000000000 -6.3776335700000004 39.2500000000000000
vn -0.4779015115721075 0.6175500037060589 -0.6246936354403986
v 0.9683868051285922 -2.5682575426810743 39.2887695928239182
vn -0.4530615131832951 -0.2949641849300041 -0.8412677307971829
v 1.0000000000000000 -3.2360410700000002 39.2500000000000000
vn -0.4779015138897300 0.6175500115969280 -0.6246936258667430
v 0.9683868055063886 0.5733351843905985 39.2887695885371784
vn -0.4530615071688426 -0.2949641986498637 -0.8412677292258040
v 1.0000000000000000 -0.0944483500000000 39.2500000000000000
vn -0.4779014936805957 0.6175500110324590 -0.6246936418850966
v 0.9683868054386389 3.7149278738970115 39.2887695893123023
vn -0.4530615093122829 -0.2949641832089888 -0.8412677334853217
v 1.0000000000000000 3.0471444100000000 39.2500000000000000
vn -0.4779015276575355 0.6175500033455941 -0.6246936234911082
v 0.9683868064364604 6.8565206332749176 39.2887695756847961
vn -0.4530615137739861 -0.2949641930991783 -0.8412677276148032
v 1.0000000000000000 6.1887369200000002 39.2500000000000000
vn -0.4779014938187772 0.6175500416542644 -0.6246936115077513
v 0.9683868043613972 9.9981130298080672 39.2887696047299855
vn -0.4530615224361617 -0.2949641254569573 -0.8412677466664461
v 1.0000000000000000 9.3303299000000006 39.2500000000000000
vn 0.1515742511707407 -0.6848831714676287 -0.7127133279394122
v 95.8903007891124588 -7.8405572592014794 26.9465154186345472
vn 0.8316415127228887 -0.4097496060936263 -0.3748034880068534
v 95.8461658768599420 -7.9604677462267901 27.0174128539560101
vn 0.6564391560542701 -0.2409369000490835 -0.7148685505696105
v 95.8111896834700900 -8.1279495324276141 27.0746220741979187
vn 0.6565763594448446 -0.1795680264036043 0.7325727323014888
v 95.8110082646304591 -8.1660696384511446 36.9250569231138641
vn 0.8392588272228386 -0.3877057425390347 0.3812202488467803
v 95.8390331465220981 -7.9786711341764436 36.9711004432709345
vn 0.1511249179592648 -0.6946412252842571 0.7033027991607822
v 95.9015795716997417 -7.8224135066328992 37.0715401135882772
vn -0.6202913518897724 0.7824247229543171 -0.0552285404534528
v 24.0752194778687709 54.9999998421851544 32.6596977192183715
vn -0.8918906361000130 0.3170722374275981 -0.3224845569787352
v 24.1095259455324751 55.0000017864986148 32.5230471105371137
vn -0.5097030359267494 0.8014857794072584 -0.3127672626330866
v 24.1568951680149091 55.0000040458613242 32.4202459827374270
vn -0.6874025004975898 0.3180387302152506 -0.6529388703337642
v 24.2426734552189345 55.0000646172993868 32.3076015847325380
vn -0.4351793670362153 0.5589905298206496 -0.7057963630373767
v 24.3746625743465195 55.0000012338620650 32.2020000368950789
vn -0.1792658289586020 0.7093287788201877 -0.6817011413407243
v 24.5550695851225740 54.9999997343172424 32.1353964472022682
vn -0.0325168469590311 0.7074879803172771 -0.7059769205649876
v 24.6585614649224318 55.0000000001007194 32.1250018510899693
vn -0.3146644771787543 0.9489573932060578 0.0215901060994317
v 24.0750519111332295 54.9999999858222566 34.3547921655839730
vn -0.0336369507718709 0.8949371995026967 0.4449224252485384
v 24.6367606447379828 54.9999999990914290 34.9249562795729958
vn -0.1864677916021452 0.5563253934404689 0.8097726960748468
v 24.5362576749039469 55.0000012755914014 34.9096754554044537
vn -0.3741764722252838 0.5577701866878247 0.7408673204260466
v 24.3892691219048281 55.0000006437927453 34.8550891692902240
vn -0.6244945561644577 0.4500332968427946 0.6383389233422652
v 24.2469207551883450 55.0000047624365678 34.7482440179108423
vn -0.7276067907436039 0.5574751555250066 0.3997621906035675
v 24.1385517570382433 55.0000112336055125 34.5980239157499483
vn -0.9182156524940366 0.3173729660858999 0.2369692298860530
v 24.0899889993290159 55.0000149903499533 34.4627951139640203
vn 0.0563920984584435 0.8603103211689959 -0.5066419667985987
v 14.4445304387295739 54.9999999925801930 35.0750705455730767
vn 0.4700333418867002 0.2458528163704292 -0.8477175533145156
v 14.6803189529752380 55.0000102807235152 35.1568776846545106
vn 0.6485780793664571 0.5583076272302191 -0.5173384466109980
v 14.8501720691295791 54.9999964556777314 35.3093944618865407
vn 0.5474849296631926 0.8011910118373670 -0.2415640998631738
v 14.9246264714954560 55.0000000005151009 35.4438723078315121
vn 0.8167998134567089 0.5575230962863019 -0.1483444028078586
v 14.9666951897204683 54.9999886640187512 35.5853042534456847
vn 0.9440727681715613 0.3173044948458154 0.0896909468537797
v 14.9681985984899573 54.9999995974515343 35.7318481674581463
vn 0.6626055762289473 0.7096786904941560 0.2393950847632519
v 14.9401043088619794 55.0000034092384666 35.8707681368624804
vn 0.6333092864442920 0.6034402388375824 0.4845402210911530
v 14.8429684094028680 54.9999999224825231 36.0507831891005495
vn 0.5674967183113943 0.7091341469581179 0.4184211231806784
v 12.8016107302939428 54.9999999933955905 38.0925853801680177
vn 0.7580980257399358 0.5562457309544157 0.3404086810940629
v 12.7170427401143229 55.0000000175839219 38.2334905441468038
vn 0.6834892492045495 0.7080533800937555 0.1774904424458091
v 12.6845889449160119 54.9999999999857394 38.3304616491422863
vn 0.8287354754560571 0.5565212432113750 0.0590052334550813
v 12.6668377917410702 54.9999999984936494 38.4459140594230817
vn 0.8728623183522273 0.4504669998901233 -0.1875922578646744
v 12.6770913569604176 54.9999999409360001 38.6012367012282240
vn 0.7288390104366910 0.5567380084068043 -0.3985429548504028
v 12.7306018863427379 55.0000000016991279 38.7450129551526103
vn 0.4278884176561816 0.8024234821211715 -0.4159664137598407
v 12.8244509832893279 55.0000000264130904 38.8843512919471905
vn 0.4308235294106943 0.5568444828819740 -0.7101516094398574
v 12.9582295395129297 55.0000000023484006 38.9908194873615486
vn 0.2124752336058243 0.6029959797675022 -0.7689279052605519
v 13.1072300079560424 55.0000000824225168 39.0561374947513045
vn 0.0311138774784685 0.8948616741402591 -0.4452578026078237
v 13.2415297930467215 55.0000000000342339 39.0749973470739889
vn -0.0554168946963959 0.7092998804771143 0.7027251577518482
v 27.8427565405712016 55.0000000127773561 34.9250918749237371
vn -0.3815477260963225 0.7110766110221551 0.5905856296659887
v 28.1428998769510947 54.9999999791711005 35.0373694324139535
vn -0.2583932088485411 0.5565667155539910 0.7895989113204228
v 27.9822539231573160 55.0000000009399059 34.9587061015775049
vn -0.6970579546635900 0.4493819025281405 0.5587182774175207
v 31.1938569081503232 54.9999999887856745 38.0878621147118821
vn -0.6432721875444382 0.7105650011729508 0.2851285181104783
v 31.2834448492728683 55.0000001705955128 38.2316581090024883
vn -0.8841919561614360 0.4503736058695249 0.1239685435725329
v 31.3287924750241800 55.0000002816940352 38.3909928282747543
vn -0.6874758349184766 0.7105483099049718 -0.1499935855106196
v 31.3253884408512100 55.0000000137352316 38.5825540748685611
vn -0.1151932942788900 0.7119211508583833 -0.6927472698709481
v 30.8172247952244263 54.9999999966999837 39.0749567275528804
vn -0.3286670668441646 0.7109536054383078 -0.6217096831209278
v 31.0181279275150601 55.0000000810927716 39.0041657309994676
vn -0.6447658163311243 0.4521934390940927 -0.6162776450035455
v 31.1684831737232599 54.9999997465635815 38.8936548004880791
vn -0.6311280571357532 0.7101881885220743 -0.3119456881891209
v 31.2723719968475393 55.0000000803936757 38.7388630420458000
vn 0.6957329682825784 -0.7097709504574425 -0.1103668189785826
v 94.5140330789577092 -7.9999956687828968 33.4028625229557292
vn 0.7819061833054600 -0.5165608216451433 -0.3489808562800870
v 95.1611668742139187 -8.0000005481831113 35.6975579836029056
vn -0.5458944373311196 0.7073553359569295 -0.4490519925177927
v 111.1295444994583477 -16.9999968591997117 38.2252155638619442
vn -0.8066258509854413 -0.4480434518836368 -0.3855020126357425
v 112.6611666813239054 -8.0000029508712700 35.7985507397754574
vn -0.6822818927770952 -0.7074986770822441 -0.1842200877086396
v 113.1015962652254814 -7.9999999884836308 34.5037432202970109
vn -0.9449882927091203 -0.3174365825205592 -0.0789375875003176
v 113.3916829812960572 -8.0000771280658487 33.0867982303249093
vn -0.3142671999999543 -0.9490289732061719 0.0240859921827535
v 113.4160454493785579 -7.9999998893169373 31.2748911111517565
vn -0.9228648497468473 -0.3172935027364814 0.2182780388013034
v 113.1195447997122159 -8.0001001934250642 29.5093857258047336
vn -0.8097636369826797 -0.4481637408764858 0.3787243239932932
v 112.5486387967029600 -8.0000178867763445 27.9738485035264226
vn 0.3660995391480453 0.7197382820852057 0.5898711153604876
v 110.3282073870304032 -16.9990871588103509 24.9026135205806405
vn 0.8099375145952861 -0.4479612156998150 0.3785920914123202
v 95.3209198828796787 -8.0000005024230791 27.9733075367473667
vn 0.6813775255703503 -0.7083359216028768 0.1843499113496662
v 94.8306553936880618 -8.0000007090478995 29.2557654597408856
vn 0.9455506443909156 -0.3188482891585313 0.0653433041145140
v 94.4621671214547973 -7.9998961982842527 31.0561467595190948
vn -0.3333332040855065 0.6666668353835857 -0.6666665625736190
v 118.9346618699999993 -39.0000000000000000 17.9249992399999982
vn 0.5773502211373680 0.5773503652941472 -0.5773502211373500
v 88.9346618699999993 -39.0000000000000000 17.9249992399999982
vn -0.4082480064874590 0.4082492915329919 -0.8164962223806219
v 78.9346618699999993 -39.0000000000000000 17.9249992399999982
vn 0.4082481175443133 0.8164967538473853 -0.4082481175439843
v 48.9346618699999993 -39.0000000000000000 17.9249992399999982
vn 0.2288684368252266 0.7218562244762686 0.6531024650160526
v 110.9842121412005298 -16.9996444271090965 22.7919814740819220
vn 0.7292276416131878 0.6218489785741261 0.2855361527960761
v 110.2487373006468516 -16.9999999746783139 23.4766347340839800
vn -0.2819939777654132 0.6079687448391388 0.7421949890714447
v 111.8174822675938174 -17.0000000266535096 22.7938321720244694
vn -0.4916655137603060 0.8314368481388783 -0.2588006764591280
v 110.6043664821946351 -16.9982429757070008 25.1040435333576504
vn -0.5467332812250071 0.8293535174494722 0.1151323685812339
v 112.6547457025581451 -16.9996301474983014 23.4761088850880668
vn -0.3086954737681721 0.8330928751411791 -0.4589807902996022
v 112.2806076248974847 -17.0003245944173393 25.0243709231272042
vn 0.6645162039383102 0.7397367888287214 0.1058664156226611
v 79.3782996227197941 -17.0019269874939845 23.6643914588806688
vn 0.3952639418459742 0.7360300782944309 0.5495690494580968
v 80.3738286506348203 -17.0000000371220565 22.2431397745208059
vn -0.1806442927167632 0.6446223323830430 0.7428523999435594
v 81.8853343750850371 -17.0012290681092750 21.9755637462223099
vn -0.6380044385329036 0.7504433101892634 0.1725838190691569
v 83.3976321495872952 -16.9998176260888378 23.3325810153804909
vn -0.5807122345227800 0.7341814669537849 -0.3517824245995648
v 83.1588922984669239 -17.0002932956172650 25.1082494432020980
vn -0.3399402431963185 0.4705680446996359 -0.8142520164931674
v 82.1755980714463874 -16.9999972045506524 25.8757792248580785
vn 0.2336278237257655 0.5436117699205008 -0.8061664118437726
v 80.8154121343151388 -16.9999610676594841 25.9682402365005451
vn 0.7366557919311842 0.4770077214657145 -0.4793765512374662
v 79.7460297973202046 -16.9999987529496330 25.0960872615073853
vn 0.2497116197941558 0.6277137480420750 0.7373056065558904
v 81.0941316964481445 -17.0004261652549218 22.7163449808658839
vn 0.6634328965100146 0.7273790167430856 0.1754324879553215
v 80.1553379189922595 -16.9998367137817432 23.8101419968440879
vn 0.4905534495670560 0.8136875784522895 -0.3118811276597404
v 80.4173357663238448 -17.0000000177697856 24.7575959681000377
vn -0.4917094374512289 0.6081785465831353 0.6231698681719304
v 82.2559372787230387 -16.9999999890410365 23.0372438718639216
vn -0.7356199816637329 0.6474150016383975 -0.1992913902570888
v 82.7699031328571380 -16.9980300703127334 24.3201813747382687
vn 0.0091378557008286 0.7409306122074133 -0.6715194170589103
v 81.4073983548875901 -16.9999658963189404 25.3228833233460726
vn 0.3717673731440103 0.7206697668157873 -0.5851701525738312
v 110.6632481643036954 -16.9999999816341685 41.0183985420712673
vn 0.6646545287059031 0.7233311602991482 -0.1871533863199426
v 110.1836334151063852 -17.0000000134820226 40.2528922026585718
vn -0.1362033309773849 0.7256491345400768 -0.6744493948191388
v 111.6234469735992008 -16.9991315893906680 41.2842797914251065
vn 0.2703931368041604 0.9591526684716600 0.0831487229781694
v 110.4163418220242789 -17.0006541627806307 39.0647816572962725
vn -0.7188655141118777 0.6362327273885167 -0.2800719357958510
v 112.6539155208245262 -16.9989639533663279 40.5000343556823239
vn -0.4378473901074320 0.8556237685994280 0.2760391812475590
v 112.5311402457136296 -17.0000000040909462 39.3174801966843859
vn -0.1440638177139002 0.8207955016677914 0.5527570541093209
v 111.5317882264764933 -16.9999999899387504 38.7040659480113050
vn 0.6428203965915170 0.7334862291861776 -0.2208616972681477
v 79.5906657017467296 -16.9999997599289721 40.8472974009279497
vn 0.3992754656449610 0.7239220628474544 -0.5625975021777877
v 80.3055428819484547 -17.0000000128359616 41.6753612734113972
vn -0.0654264249837661 0.7476066257250713 -0.6609112770151654
v 81.7686021798430716 -16.9984743506517049 42.0532377740551837
vn -0.8036744021475508 0.5019449301643750 -0.3196228127262781
v 83.4419491120713133 -17.0005676832884305 40.5863529606040956
vn -0.6034445411552476 0.7283346104007685 0.3246280657033421
v 83.2072926950082632 -16.9999966482945801 39.0388271980982466
vn -0.3039200103524617 0.6204697147941833 0.7229453370280385
v 82.2655751864681832 -17.0007555326426569 38.1153194147515180
vn 0.1818738470140047 0.4741014025029709 0.8614811454216759
v 80.9288965215199028 -17.0000011583637693 38.0440803713907627
vn 0.6443815921675167 0.6465305554273146 0.4083755680430750
v 79.5551027994545734 -17.0000990657757498 39.0608973424777304
vn 0.1121108856395177 0.6195017816403326 -0.7769483199451407
v 81.1886696454072450 -16.9994533028491830 41.2758027252244588
vn 0.5652437202370091 0.7204100305164747 -0.4018817296965336
v 80.3857768589826236 -17.0000000093146895 40.7151126756053330
vn 0.7240066930205534 0.6389469733401321 0.2599251309914582
v 80.1842608900690692 -16.9997087998625673 39.5680874782812211
vn -0.0419977732191456 0.8304467096493727 0.5555127806605027
v 81.5154008062561388 -17.0000540754563261 38.6665654016707947
vn -0.5624266916926945 0.7462506563221837 -0.3560704627041123
v 82.6120350706911779 -16.9995892457208377 40.6713059461710955
vn -0.6109893245277387 0.7191745470765948 0.3308776452864597
v 82.5068014622101060 -17.0000000039867558 39.3328727226507127
vn 0.4826098980707706 0.6048586888520289 -0.6334300693875567
v 7.0000000000000000 50.8092155499999976 39.2500000000000000
vn 0.4577222106971164 -0.2999823962388975 -0.8369593417731315
v 7.0000000000000000 50.1710357700000031 39.2500000000000000
vn 0.4826098985705489 0.6048586879346365 -0.6334300698827886
v 7.0000000000000000 44.5260314900000012 39.2500000000000000
vn 0.4577224008415752 -0.2999826548204696 -0.8369591451048775
v 7.0000000000000000 43.8878478999999970 39.2500000000000000
vn 0.4826098379590595 0.6048580967735483 -0.6334306805583473
v 7.0000000000000000 38.2428436300000030 39.2500000000000000
vn 0.4577222106971164 -0.2999823962388975 -0.8369593417731315
v 7.0000000000000000 37.6046638500000014 39.2500000000000000
vn 0.4826099935285664 0.6048585136299727 -0.6334301639768170
v 7.0000000000000000 31.9596595800000003 39.2500000000000000
vn 0.4577223057693112 -0.2999825255296827 -0.8369592434390449
v 7.0000000000000000 31.3214778900000006 39.2500000000000000
vn 0.4826098676854158 0.6048583924956691 -0.6334303755269562
v 7.0000000000000000 25.6764736199999994 39.2500000000000000
vn 0.4577222484127437 -0.2999827193036829 -0.8369592053542098
v 7.0000000000000000 25.0382919299999998 39.2500000000000000
vn 0.1481799517033366 0.6829833666107394 -0.7152457080236534
v 7.0000000000000000 19.3932876599999986 39.2500000000000000
vn 0.6717560400033784 -0.2499381260112089 -0.6973340346526795
v 7.0000000000000000 18.7551078800000006 39.2500000000000000
vn 0.4826099309363975 0.6048584533799319 -0.6334302691981195
v 7.0000000000000000 13.1101036099999995 39.2500000000000000
vn 0.4577222769408904 -0.2999826229239321 -0.8369592242969335
v 7.0000000000000000 12.4719219199999998 39.2500000000000000
vn 0.0017251523102134 0.3475924713454960 -0.9376441210360342
v 4.0000000000000000 5.7350072900000004 39.2500000000000000
vn 0.4826099544259890 0.6048584102624668 -0.6334302924740070
v 7.0000000000000000 6.8269181300000001 39.2500000000000000
vn 0.4577222674626065 -0.2999825417348745 -0.8369592585802336
v 7.0000000000000000 6.1887369200000002 39.2500000000000000
vn -0.0000000105185559 -0.6906074124620899 -0.7232298402668524
v 4.0000000000000000 5.0968260799999996 39.2500000000000000
vn 0.0017251555589233 0.3475925008384712 -0.9376441100967653
v 4.0000000000000000 -0.5481780200000000 39.2500000000000000
vn 0.4826099479739055 0.6048584110441653 -0.6334302966434050
v 7.0000000000000000 0.5437326400000000 39.2500000000000000
vn 0.4577222632584609 -0.2999825559382016 -0.8369592557886769
v 7.0000000000000000 -0.0944483500000000 39.2500000000000000
vn -0.0000000051742417 -0.6906073904664943 -0.7232298612703012
v 4.0000000000000000 -1.1863590500000001 39.2500000000000000
vn 0.0017251557852134 0.3475925367688021 -0.9376440967766746
v 4.0000000000000000 -6.8313632000000002 39.2500000000000000
vn 0.4826099549257679 0.6048584093450740 -0.6334302929692385
v 7.0000000000000000 -5.7394528400000002 39.2500000000000000
vn 0.4577222674626065 -0.2999825417348747 -0.8369592585802337
v 7.0000000000000000 -6.3776335700000004 39.2500000000000000
vn -0.0000000040352882 -0.6906073631580510 -0.7232298873469510
v 4.0000000000000000 -7.4695444100000001 39.2500000000000000
vn 0.0016688450920132 0.3472546960883388 -0.9377693698349581
v 4.0000000000000000 -13.1145486800000004 39.2500000000000000
vn 0.1481797697161339 0.6829833685220615 -0.7152457439014449
v 7.0000000000000000 -12.0226383200000004 39.2500000000000000
vn 0.6717559925897102 -0.2499381562682364 -0.6973340694825170
v 7.0000000000000000 -12.6608190500000006 39.2500000000000000
vn -0.0000000293628355 -0.6906073924949168 -0.7232298593333735
v 4.0000000000000000 -13.7527294199999996 39.2500000000000000
vn 0.0016688485394652 0.3472546428945652 -0.9377693895264019
v 4.0000000000000000 -19.3977336899999990 39.2500000000000000
vn 0.1481797487521441 0.6829835444477744 -0.7152455802542971
v 7.0000000000000000 -18.3058223700000013 39.2500000000000000
vn 0.6717560395042874 -0.2499381263297042 -0.6973340350193092
v 7.0000000000000000 -18.9440040600000010 39.2500000000000000
vn -0.0000000124673070 -0.6906073613257301 -0.7232298890966221
v 4.0000000000000000 -20.0359153700000014 39.2500000000000000
vn 0.0000000000000000 0.3374020267655806 -0.9413606494508246
v 4.0000000000000000 -25.6809196499999999 39.2500000000000000
vn 0.1481795858132941 0.6829833704534628 -0.7152457801568832
v 7.0000000000000000 -24.5890083299999986 39.2500000000000000
vn 0.6717559446769397 -0.2499381868437514 -0.6973341046789914
v 7.0000000000000000 -25.2271900199999983 39.2500000000000000
vn 0.0000004084007294 -0.6906071124416269 -0.7232301267541829
v 4.0000000000000000 -26.3190994300000014 39.2500000000000000
vn 0.0016688461468356 0.3472549141499673 -0.9377692890851337
v 4.0000000000000000 -22.5393257100000000 39.2500000000000000
vn 0.1481797506677991 0.6829835444276553 -0.7152455798766364
v 7.0000000000000000 -21.4474163100000013 39.2500000000000000
vn 0.6717560400033784 -0.2499381260112089 -0.6973340346526795
v 7.0000000000000000 -22.0855960799999984 39.2500000000000000
vn 0.0000000783094001 -0.6906072896909816 -0.7232299575001512
v 4.0000000000000000 -23.1775073999999996 39.2500000000000000
vn 0.0016688414260723 0.3472546468996799 -0.9377693880559727
v 4.0000000000000000 -16.2561416600000008 39.2500000000000000
vn 0.1481795877289486 0.6829833704333441 -0.7152457797792227
v 7.0000000000000000 -15.1642303500000004 39.2500000000000000
vn 0.6717559446769393 -0.2499381868437515 -0.6973341046789916
v 7.0000000000000000 -15.8024120299999993 39.2500000000000000
vn -0.0000000461703324 -0.6906074220728908 -0.7232298310895602
v 4.0000000000000000 -16.8943214399999988 39.2500000000000000
vn 0.0017251505132550 0.3475925813853722 -0.9376440802466359
v 4.0000000000000000 -9.9729557000000000 39.2500000000000000
vn 0.4826099309363975 0.6048584533799319 -0.6334302691981195
v 7.0000000000000000 -8.8810453400000000 39.2500000000000000
vn 0.4577223057693112 -0.2999825255296828 -0.8369592434390449
v 7.0000000000000000 -9.5192260700000002 39.2500000000000000
vn 0.0000000106716204 -0.6906074322435931 -0.7232298213776245
v 4.0000000000000000 -10.6111373899999997 39.2500000000000000
vn 0.0017251561826713 0.3475925032640597 -0.9376441091964317
v 4.0000000000000000 -3.6897707000000000 39.2500000000000000
vn 0.4826099470193928 0.6048584017345423 -0.6334303062603446
v 7.0000000000000000 -2.5978601000000001 39.2500000000000000
vn 0.4577222913551036 -0.2999825742268043 -0.8369592338679904
v 7.0000000000000000 -3.2360410700000002 39.2500000000000000
vn 0.0000000183415418 -0.6906074338689144 -0.7232298198256157
v 4.0000000000000000 -4.3279519100000003 39.2500000000000000
vn 0.0017251538744166 0.3475924989991764 -0.9376441107817064
v 4.0000000000000000 2.5934145499999999 39.2500000000000000
vn 0.4826099282769728 0.6048584158582569 -0.6334303070535346
v 7.0000000000000000 3.6853253800000001 39.2500000000000000
vn 0.4577222734357303 -0.2999825498578570 -0.8369592524021732
v 7.0000000000000000 3.0471444100000000 39.2500000000000000
vn 0.0000000003212675 -0.6906073930947474 -0.7232298587605995
v 4.0000000000000000 1.9552335700000001 39.2500000000000000
vn 0.0017251504254611 0.3475925815001761 -0.9376440802042388
v 4.0000000000000000 8.8766002700000008 39.2500000000000000
vn 0.4826099309363975 0.6048584533799322 -0.6334302691981194
v 7.0000000000000000 9.9685106300000008 39.2500000000000000
vn 0.4577223057693112 -0.2999825255296827 -0.8369592434390449
v 7.0000000000000000 9.3303299000000006 39.2500000000000000
vn 0.0000000157663870 -0.6906073840342679 -0.7232298674123913
v 4.0000000000000000 8.2384185799999994 39.2500000000000000
vn 0.4826099314361761 0.6048584524625391 -0.6334302696933510
v 7.0000000000000000 16.2516956300000004 39.2500000000000000
vn 0.4577222291558969 -0.2999825579400638 -0.8369592737214238
v 7.0000000000000000 15.6135149000000002 39.2500000000000000
vn 0.4826098683442799 0.6048583931298802 -0.6334303744193643
v 7.0000000000000000 22.5348815900000012 39.2500000000000000
vn 0.4577223057693112 -0.2999825255296831 -0.8369592434390448
v 7.0000000000000000 21.8966999099999988 39.2500000000000000
vn 0.4826100889862467 0.6048583384079151 -0.6334302585660897
v 7.0000000000000000 28.8180656400000004 39.2500000000000000
vn 0.4577223054690154 -0.2999825265442063 -0.8369592432396478
v 7.0000000000000000 28.1798858599999988 39.2500000000000000
vn 0.1481795458007739 0.6829837222847476 -0.7152454524849126
v 7.0000000000000000 35.1012535099999994 39.2500000000000000
vn 0.6717561252665004 -0.2499382207685714 -0.6973339185540731
v 7.0000000000000000 34.4630699200000024 39.2500000000000000
vn 0.4826100896453602 0.6048583390421335 -0.6334302574583005
v 7.0000000000000000 41.3844375600000021 39.2500000000000000
vn 0.4577222103968204 -0.2999823972534205 -0.8369593415737349
v 7.0000000000000000 40.7462577800000005 39.2500000000000000
vn 0.4826098379590599 0.6048580967735477 -0.6334306805583475
v 7.0000000000000000 47.6676216099999976 39.2500000000000000
vn 0.4577222103968202 -0.2999823972534201 -0.8369593415737353
v 7.0000000000000000 47.0294418300000032 39.2500000000000000
vn 0.0569245431420385 0.8043353377778678 -0.5914425253478427
v 4.0000000000000000 53.9080886799999988 41.5000000000000000
vn 0.0000000000000000 0.3374021907580435 -0.9413605906727097
v 4.0000000000000000 52.8588981600000025 39.2500000000000000
vn 0.4826098980707706 0.6048586888520289 -0.6334300693875567
v 7.0000000000000000 53.9508094799999967 39.2500000000000000
vn 0.4577224003438150 -0.2999826541435541 -0.8369591456197160
v 7.0000000000000000 53.3126258899999996 39.2500000000000000
vn -0.3514548566240963 0.8376501462316773 -0.4181168691566816
v 80.3353936344665129 -22.3778394669577487 22.7703273948093816
vn 0.3470214383649224 0.7152208827397063 0.6066590559846410
v 81.4894259499837972 -22.3749925566876939 23.3246591108391179
vn 0.6970929428998567 0.5635200883527787 0.4432905807504753
v 80.8916749788319009 -22.3750148729576672 23.8396749712992175
vn -0.5264177044136541 0.8471399648852697 -0.0723759654446326
v 79.8846664400000037 -22.3750000000000000 23.9500007600000018
vn -0.0390361288953445 0.9645820921651974 -0.2608784546777996
v 81.3846664400000037 -22.3750000000000000 22.4500007600000018
vn 0.6952207602542282 0.7131567347014314 0.0898641544862309
v 80.6365747032391340 -22.3749996527887163 24.4598242427188666
vn 0.0938721262745412 0.4489439580607444 0.8886154097411597
v 82.0302210560096086 -22.3749999800871393 23.2005165221995426
vn 0.2192386983703818 0.5624820800622876 0.7972128340322068
v 83.4706672012047903 -22.3750000489164940 23.1979045586094053
vn 0.4133021299055626 0.5566073298454888 0.7206730394414660
v 83.9488247968546659 -22.3749109089540283 22.9765508527013864
vn 0.2139257954297007 0.5602830590818587 0.8001991300642887
v 84.3417239051773890 -22.3750000197265528 22.7680328096825129
vn -0.0780856944886225 0.9216614469125101 0.3800563137107023
v 84.6511604497636370 -22.3749999242487441 22.7488896433133334
vn -0.3064248908402715 0.3210132501857003 0.8961329585941701
v 85.3616888585420384 -22.3749999251379279 23.1361706649220622
vn -0.0662091611392424 0.7086526111077224 0.7024441783881799
v 85.6971315835672840 -22.3749999828000625 23.1999775523984511
vn 0.7957136929340731 0.6029508873859671 0.0573580532941496
v 80.6344894273662902 -22.3750000307887156 35.7925016209225078
vn 0.8675613549299341 0.3198347531056323 0.3808451471897682
v 80.5227475708759357 -22.3750003296732238 36.1682062281844381
vn 0.5948897977562094 0.7081364917364028 0.3803272769560920
v 80.3162167344321603 -22.3749999999040483 36.4422014004224479
vn 0.6533872383719235 0.7083014744004701 0.2671968152782351
v 80.2504802909017201 -22.3749999996369482 36.5714153071536359
vn -0.3550399339895642 0.7090975585996119 0.6092021812672341
v 84.9814008330043436 -22.3750317424600560 22.8789041779241487
vn 0.0286416038435633 0.6002519763746165 0.7992979565766669
v 93.8125515310372577 -22.3749959962485967 23.1999062534068088
vn -0.3065385513363060 0.9505450220739494 0.0499827725829006
v 79.8846664400000037 -22.3750000000000000 40.0499992399999982
vn 0.7885531821394611 0.6056038537256495 0.1069011285738924
v 80.1927260502443318 -22.3750000019416539 36.7543766634517368
vn 0.6622006720895556 0.7193223764168249 -0.2099180522732444
v 80.2102387280868214 -22.3749685638590101 37.1632448045008772
vn 0.8273397101847672 0.5569376651820441 -0.0730030208481738
v 80.6425012183965606 -22.3750000008519727 39.4734498432709771
vn 0.7361336760894098 0.6047108238927130 -0.3040263646365035
v 80.7415706826509165 -22.3749999984642187 39.8770518932696447
vn -0.4525722363599811 0.8260406324254647 0.3359095778007284
v 80.2312441831318495 -22.3800302864498057 41.1003604298178402
vn 0.5397253490332977 0.7125798927464677 -0.4482481947139525
v 80.9667326213946978 -22.3749989728716514 40.2492970751837831
vn 0.3815809153901237 0.7132720660828255 -0.5879106775318619
v 81.3477662001216686 -22.3749744898138978 40.5894247749428700
vn -0.0942306485072832 0.9020153636824582 0.4212942778660775
v 81.3846664400000037 -22.3750000000000000 41.5499992399999982
vn 0.1265917523739643 0.4509350689031610 -0.8835338657143766
v 81.9576876623429342 -22.3749987626188975 40.7998247613756817
vn 0.1733810704807693 0.3194466467832569 0.9316076664872801
v 107.3267748195827238 -22.3749999781611031 23.1998817490326736
vn 0.4012668040400215 0.5570292698173217 0.7271198969511756
v 107.7703236377627292 -22.3749951275534507 23.0369632165143052
vn -0.0337283232653184 0.6010305200300997 0.7985140663770790
v 95.9972000100000002 -22.3750000000000000 23.2000007600000018
vn 0.2481033998138285 0.7107708513399563 0.6582169094502915
v 108.1816160340475648 -22.3750000797663731 22.7861608647089646
vn -0.0971313126320064 0.7072514695128402 0.7002577146867511
v 95.7304229700000064 -22.3750000000000000 23.1544342000000007
vn -0.3334311386728278 0.4570395335971273 0.8245838589814026
v 109.3360092283184315 -22.3749099350911358 23.1780369664207235
vn 0.0403137620228322 0.9409171937861759 -0.3362285458272609
v 111.4846649200000002 -22.3750000000000000 22.4500007600000018
vn -0.2112008641122807 0.5625015869293261 0.7993660986683234
v 108.6678411521380809 -22.3749975663615110 22.7758221064371185
vn -0.0287540962590911 0.5551351256335093 0.8312630114688074
v 110.7782727584201865 -22.3749999902137162 23.2000886911358570
vn -0.1227183725406801 0.5555502812037948 0.8223770948265469
v 110.9548498824283200 -22.3750000019603306 23.2153372811280185
vn -0.3097213810117623 0.6047470434610115 0.7337258885778342
v 111.2766168622159171 -22.3749999983914094 23.2950865936960838
vn 0.5298870197910179 0.6571818447454468 -0.5360333657469137
v 112.6068984931062715 -22.3800335296756323 22.8704331080811798
vn -0.5374324335058851 0.7168984811947394 0.4440979025807461
v 111.8589700134407678 -22.3749769092212709 23.6741644506769333
vn 0.2979690899388068 0.9532073425488826 -0.0510899554896698
v 112.9846649200000002 -22.3750000000000000 23.9500007600000018
vn -0.8740991116915529 0.4539403114089380 0.1728841711030665
v 112.2335583185536478 -22.3750011740776458 24.4569504945852714
vn -0.8247699833040570 0.5561359484699748 0.1023097329682122
v 112.2346649200000002 -22.3750000000000000 30.1669693000000017
vn -0.6999119397599401 0.7074036412084145 0.0985056596676290
v 112.3470514941798086 -22.3750000042365116 30.7724354239814204
vn 0.0527393818270759 0.6003878452906041 -0.7979680399814290
v 107.2901618637323224 -22.3749999931828292 40.8000072402715617
vn 0.3928611969988274 0.2446674835846281 -0.8864524253275041
v 107.6784644753836773 -22.3765560241659287 40.9021527770100874
vn 0.2418029848512949 0.8318430660502659 -0.4995682435674802
v 108.0857935458501373 -22.3749999999536939 41.1758334154669825
vn -0.3703370089816375 0.3111822831342380 -0.8752234494355698
v 109.2349684181048985 -22.3799731554521273 40.8770397195949116
vn -0.3565280109175898 0.7011466679181962 -0.6174796575583340
v 108.8400190874632614 -22.3750000016453860 41.1529480510261010
vn 0.0423793245628671 0.9020907190507004 0.4294605074418200
v 111.4846649200000002 -22.3750000000000000 41.5499992399999982
vn -0.1114741951410776 0.8373717808148987 -0.5351467130727182
v 111.0022014155778010 -22.3749763295292503 40.7923619228347718
vn -0.1790561943646039 0.5571164557333008 -0.8109008163831322
v 108.6060335809716548 -22.3750000049683102 41.2338206152795053
vn 0.5266070428890524 0.8470169062760252 0.0724388215133209
v 112.9846649200000002 -22.3750000000000000 40.0499992399999982
vn -0.6140646316377679 0.7130579432682257 -0.3383385844293554
v 112.0655437877180134 -22.3749971344362422 40.0223818755938225
vn -0.8260078752371117 0.5578939446023501 -0.0804073169699257
v 112.2343630584182819 -22.3749999787811333 39.4578393565290497
vn -0.7045877250998949 0.7078969161199541 -0.0493770572879115
v 112.2366224860264055 -22.3749963190982655 33.8666804822534857
vn 0.3513780863215316 0.8376127884883087 0.4182562097732181
v 112.5339343981420939 -22.3778374960018311 41.2296698243752076
vn -0.4537362732155681 0.5617381644189524 -0.6917901625519643
v 111.6113262060718370 -22.3750052551665455 40.5290564521711048
vn -0.7057423609947803 0.7076454290617065 0.0341418603123288
v 112.4403088811974811 -22.3749990848250597 31.7397299341644974
vn -0.8280288805355598 0.5552307753133989 -0.0780189665652484
v 112.4123611499999953 -22.3750000000000000 32.6153106699999995
vn 0.0190066570196937 0.9296143281188520 0.3680434049742925
v 108.3686204447459147 -22.3750000200947632 22.7509406997620260
vn 0.0555370769253333 0.7082248536515510 0.7037991117903096
v 94.4916512696140529 -22.3750000017457431 23.1106735608115166
vn -0.0057024309418296 0.7085552497127037 0.7056322982870907
v 95.1511557636444820 -22.3750049490861187 23.0929772245385401
vn 0.1180470335040282 0.7118882561282738 -0.6923005190432434
v 108.3227050931814972 -22.3749996073509045 41.2517657339870070
vn 0.5973062733628068 0.7335859976045513 0.3241555181081622
v 112.8341005289216383 -22.9249992148156458 40.8439692604937292
vn 0.7024559629436231 0.7086601938733968 0.0660026495245982
v 112.9846649200000002 -22.9249992399999982 40.0499992399999982
vn 0.2444796709773424 0.5574799750544903 0.7933761830884862
v 111.8268563213677140 -22.9250393490513744 41.5488523136975232
vn -0.0656323960759548 0.7092993085255710 0.7018453387395802
v 81.3846664400000037 -22.9249992399999982 41.5499992399999982
vn -0.3273227163134632 0.0000016150790960 -0.9449126093891264
v 80.4346618699999993 -22.9249992399999982 22.0000000000000000
vn -0.9238809303318072 0.0000011679547974 -0.3826800577086167
v 79.4346618699999993 -22.9249992399999982 23.0000000000000000
vn -0.1966706584889019 0.4485482545216997 -0.8718515443899141
v 81.0434544030708111 -22.9250399145382993 22.4505824133103289
vn -0.5973021059143778 0.7335853918166640 -0.3241645680567833
v 80.0352162949254620 -22.9249992147773156 23.1560484059129585
vn -0.7024559917306400 0.7086593262112856 -0.0660116584815887
v 79.8846664400000037 -22.9249992399999982 23.9500007600000018
vn -0.9585558457415237 0.0008342070147313 0.2849034831191234
v 79.4346618699999993 -22.9249992399999982 41.0000000000000000
vn -0.7916726340169200 0.5929951033087371 0.1470076460615978
v 79.8846806779195617 -22.9249992403974261 40.1221117180396263
vn -0.2854757283711283 -0.0000106775623680 0.9583859391690612
v 80.4346618699999993 -22.9249992399999982 42.0000000000000000
vn -0.3788440678879684 0.7359456824555395 0.5611248744273830
v 80.3953325321571270 -22.9199407330357801 41.2607710023235157
vn 0.2527234593498748 0.0000000000745632 -0.9675385538024994
v 112.4346618699999993 -22.9249992399999982 22.0000000000000000
vn 0.1864743795042250 0.7336353832978697 -0.6534572902354842
v 111.7661933244094143 -22.9250180140823190 22.4507269528225422
vn 0.3825940628700675 0.8331902376109461 -0.3992690959821334
v 112.5248712267849669 -22.9249992198202648 22.8397259555451093
vn 0.8891311384799727 0.0000004785864044 -0.4576525085532457
v 113.4346618699999993 -22.9249992399999982 23.0000000000000000
vn 0.7666047191440273 0.6206123742448544 -0.1647952836712012
v 112.9840106489058940 -22.9249992424380729 23.6512457994452774
vn 0.2487563026132640 0.1760003418025435 0.9524411696244374
v 112.4346618699999993 -22.9249992399999982 42.0000000000000000
vn 0.9238786840976317 0.0000003244206681 0.3826854806102828
v 113.4346619630250643 -22.9249992467823098 40.9999971742349345
vn -0.6599083498788556 -0.7313065976543551 -0.1723706181092856
v 79.4346618699999993 -25.3750000000000000 23.0000000000000000
vn -0.4945702598279724 -0.8194308366685267 0.2897125506608408
v 79.4346618699999993 -25.3750000000000000 41.0000000000000000
vn 0.5885101021033569 -0.7313065976543549 -0.3447412362185703
v 113.1346664400000037 -25.3750000000000000 23.1242637600000016
vn 0.2006898442958048 -0.8514548989010158 -0.4845081439294767
v 112.4346618699999993 -25.3750000000000000 22.0000000000000000
vn 0.7172835573686925 -0.6302624777359368 -0.2971085786150772
v 113.4346618699999993 -25.3750000000000000 23.0000000000000000
vn 0.1723706181092859 -0.7313065976543551 -0.6599083498788553
v 112.3104019200000039 -25.3750000000000000 22.2999992399999982
vn 0.5545716936646837 -0.8194308366685267 0.1448562753304204
v 113.1346664400000037 -25.3750000000000000 40.8757362400000019
vn 0.6269432482865398 -0.7345094283031588 0.2596883962784803
v 113.4346618699999993 -25.3750000000000000 41.0000000000000000
vn 0.2971088384661612 -0.6302624270066729 0.7172834943095701
v 112.4346618699999993 -25.3750000000000000 42.0000000000000000
vn 0.3447412362185711 -0.7313065976543551 0.5885101021033561
v 112.3104019200000039 -25.3750000000000000 41.7000007600000018
vn -0.2971085791188998 -0.6302624731310217 -0.7172835612062476
v 80.4346618699999993 -25.3750000000000000 22.0000000000000000
vn -0.3447412362185719 -0.7313065976543551 -0.5885101021033554
v 80.5589294400000000 -25.3750000000000000 22.2999992399999982
vn -0.6599083498788559 -0.7313065976543549 -0.1723706181092851
v 79.7346649200000002 -25.3750000000000000 23.1242637600000016
vn -0.6269431213219502 -0.7345095552677554 0.2596883436880725
v 79.7346649200000002 -25.3750000000000000 40.8757362400000019
vn -0.2971085791188998 -0.6302624731310217 0.7172835612062476
v 80.5589294400000000 -25.3750000000000000 41.7000007600000018
vn -0.2006898442958048 -0.8514548989010158 0.4845081439294767
v 80.4346618699999993 -25.3750000000000000 42.0000000000000000
vn -0.8125199200687453 0.4759631494779679 0.3365567705907775
v 79.7346649200000002 -26.3750000000000000 40.8757362400000019
vn -0.5885101021033569 0.7313065976543549 -0.3447412362185703
v 79.7346649200000002 -26.3750000000000000 23.1242637600000016
vn -0.2006898442958048 0.8514548989010158 0.4845081439294767
v 80.5589294400000000 -26.3750000000000000 41.7000007600000018
vn 0.1723706181092856 0.7313065976543551 0.6599083498788556
v 112.3104019200000039 -26.3750000000000000 41.7000007600000018
vn 0.4945702598279724 0.8194308366685267 0.2897125506608408
v 113.1346664400000037 -26.3750000000000000 40.8757362400000019
vn 0.6599083498788559 0.7313065976543549 -0.1723706181092851
v 113.1346664400000037 -26.3750000000000000 23.1242637600000016
vn 0.3447412362185719 0.7313065976543551 -0.5885101021033554
v 112.3104019200000039 -26.3750000000000000 22.2999992399999982
vn -0.1723706181092859 0.7313065976543551 -0.6599083498788553
v 80.5589294400000000 -26.3750000000000000 22.2999992399999982
vn 0.6599083498788556 0.7313065976543551 -0.1723706181092856
v 113.4346618699999993 -26.3750000000000000 23.0000000000000000
vn 0.3447412362185711 0.7313065976543551 -0.5885101021033561
v 112.4346618699999993 -26.3750000000000000 22.0000000000000000
vn 0.7019597103186519 0.5815224645069493 0.4111984780651773
v 113.4346618699999993 -26.3750000000000000 41.0000000000000000
vn 0.1723706181092856 0.7313065976543551 0.6599083498788556
v 112.4346618699999993 -26.3750000000000000 42.0000000000000000
vn -0.1723706181092856 0.7313065976543551 -0.6599083498788556
v 80.4346618699999993 -26.3750000000000000 22.0000000000000000
vn -0.5885101021033561 0.7313065976543551 -0.3447412362185711
v 79.4346618699999993 -26.3750000000000000 23.0000000000000000
vn -0.5545716936646837 0.8194308366685267 0.1448562753304204
v 79.4346618699999993 -26.3750000000000000 41.0000000000000000
vn -0.3447412362185711 0.7313065976543551 0.5885101021033561
v 80.4346618699999993 -26.3750000000000000 42.0000000000000000
vn -0.6599083498788556 -0.7313065976543551 -0.1723706181092856
v 79.4346618699999993 -27.3750000000000000 23.0000000000000000
vn -0.4945702598279724 -0.8194308366685267 0.2897125506608408
v 79.4346618699999993 -27.3750000000000000 41.0000000000000000
vn 0.5885101021033569 -0.7313065976543549 -0.3447412362185703
v 113.1346664400000037 -27.3750000000000000 23.1242637600000016
vn 0.1723706181092856 -0.7313065976543551 -0.6599083498788556
v 112.4346618699999993 -27.3750000000000000 22.0000000000000000
vn 0.5885101021033561 -0.7313065976543551 -0.3447412362185711
v 113.4346618699999993 -27.3750000000000000 23.0000000000000000
vn 0.1723706181092859 -0.7313065976543551 -0.6599083498788553
v 112.3104019200000039 -27.3750000000000000 22.2999992399999982
vn 0.5545716936646837 -0.8194308366685267 0.1448562753304204
v 113.1346664400000037 -27.3750000000000000 40.8757362400000019
vn 0.7871217035395379 -0.5815224645069493 0.2055992390325886
v 113.4346618699999993 -27.3750000000000000 41.0000000000000000
vn 0.3447412362185711 -0.7313065976543551 0.5885101021033561
v 112.4346618699999993 -27.3750000000000000 42.0000000000000000
vn 0.3447412362185711 -0.7313065976543551 0.5885101021033561
v 112.3104019200000039 -27.3750000000000000 41.7000007600000018
vn -0.3447412362185711 -0.7313065976543551 -0.5885101021033561
v 80.4346618699999993 -27.3750000000000000 22.0000000000000000
vn -0.3447412362185719 -0.7313065976543551 -0.5885101021033554
v 80.5589294400000000 -27.3750000000000000 22.2999992399999982
vn -0.6599083498788559 -0.7313065976543549 -0.1723706181092851
v 79.7346649200000002 -27.3750000000000000 23.1242637600000016
vn -0.6269431213219502 -0.7345095552677554 0.2596883436880725
v 79.7346649200000002 -27.3750000000000000 40.8757362400000019
vn -0.2971085791188998 -0.6302624731310217 0.7172835612062476
v 80.5589294400000000 -27.3750000000000000 41.7000007600000018
vn -0.1723706181092856 -0.7313065976543551 0.6599083498788556
v 80.4346618699999993 -27.3750000000000000 42.0000000000000000
vn -0.8125199200687453 0.4759631494779679 0.3365567705907775
v 79.7346649200000002 -28.3750000000000000 40.8757362400000019
vn -0.5885101021033569 0.7313065976543549 -0.3447412362185703
v 79.7346649200000002 -28.3750000000000000 23.1242637600000016
vn -0.2006898442958048 0.8514548989010158 0.4845081439294767
v 80.5589294400000000 -28.3750000000000000 41.7000007600000018
vn 0.1723706181092856 0.7313065976543551 0.6599083498788556
v 112.3104019200000039 -28.3750000000000000 41.7000007600000018
vn 0.4945702598279724 0.8194308366685267 0.2897125506608408
v 113.1346664400000037 -28.3750000000000000 40.8757362400000019
vn 0.6599083498788559 0.7313065976543549 -0.1723706181092851
v 113.1346664400000037 -28.3750000000000000 23.1242637600000016
vn 0.3447412362185719 0.7313065976543551 -0.5885101021033554
v 112.3104019200000039 -28.3750000000000000 22.2999992399999982
vn -0.1723706181092859 0.7313065976543551 -0.6599083498788553
v 80.5589294400000000 -28.3750000000000000 22.2999992399999982
vn 0.6599083498788556 0.7313065976543551 -0.1723706181092856
v 113.4346618699999993 -28.3750000000000000 23.0000000000000000
vn 0.3447412362185711 0.7313065976543551 -0.5885101021033561
v 112.4346618699999993 -28.3750000000000000 22.0000000000000000
vn 0.7019597103186519 0.5815224645069493 0.4111984780651773
v 113.4346618699999993 -28.3750000000000000 41.0000000000000000
vn 0.1723706181092856 0.7313065976543551 0.6599083498788556
v 112.4346618699999993 -28.3750000000000000 42.0000000000000000
vn -0.1723706181092856 0.7313065976543551 -0.6599083498788556
v 80.4346618699999993 -28.3750000000000000 22.0000000000000000
vn -0.5885101021033561 0.7313065976543551 -0.3447412362185711
v 79.4346618699999993 -28.3750000000000000 23.0000000000000000
vn -0.5545716936646837 0.8194308366685267 0.1448562753304204
v 79.4346618699999993 -28.3750000000000000 41.0000000000000000
vn -0.3447412362185711 0.7313065976543551 0.5885101021033561
v 80.4346618699999993 -28.3750000000000000 42.0000000000000000
vn -0.6599083498788556 -0.7313065976543551 -0.1723706181092856
v 79.4346618699999993 -29.3750000000000000 23.0000000000000000
vn -0.4945702598279724 -0.8194308366685267 0.2897125506608408
v 79.4346618699999993 -29.3750000000000000 41.0000000000000000
vn 0.5885101021033569 -0.7313065976543549 -0.3447412362185703
v 113.1346664400000037 -29.3750000000000000 23.1242637600000016
vn 0.1723706181092856 -0.7313065976543551 -0.6599083498788556
v 112.4346618699999993 -29.3750000000000000 22.0000000000000000
vn 0.5885101021033561 -0.7313065976543551 -0.3447412362185711
v 113.4346618699999993 -29.3750000000000000 23.0000000000000000
vn 0.1723706181092859 -0.7313065976543551 -0.6599083498788553
v 112.3104019200000039 -29.3750000000000000 22.2999992399999982
vn 0.5545716936646837 -0.8194308366685267 0.1448562753304204
v 113.1346664400000037 -29.3750000000000000 40.8757362400000019
vn 0.7871217035395379 -0.5815224645069493 0.2055992390325886
v 113.4346618699999993 -29.3750000000000000 41.0000000000000000
vn 0.3447412362185711 -0.7313065976543551 0.5885101021033561
v 112.4346618699999993 -29.3750000000000000 42.0000000000000000
vn 0.3447412362185711 -0.7313065976543551 0.5885101021033561
v 112.3104019200000039 -29.3750000000000000 41.7000007600000018
vn -0.3447412362185711 -0.7313065976543551 -0.5885101021033561
v 80.4346618699999993 -29.3750000000000000 22.0000000000000000
vn -0.3447412362185719 -0.7313065976543551 -0.5885101021033554
v 80.5589294400000000 -29.3750000000000000 22.2999992399999982
vn -0.6599083498788559 -0.7313065976543549 -0.1723706181092851
v 79.7346649200000002 -29.3750000000000000 23.1242637600000016
vn -0.6269431213219502 -0.7345095552677554 0.2596883436880725
v 79.7346649200000002 -29.3750000000000000 40.8757362400000019
vn -0.2971085791188998 -0.6302624731310217 0.7172835612062476
v 80.5589294400000000 -29.3750000000000000 41.7000007600000018
vn -0.1723706181092856 -0.7313065976543551 0.6599083498788556
v 80.4346618699999993 -29.3750000000000000 42.0000000000000000
vn -0.8125199200687453 0.4759631494779679 0.3365567705907775
v 79.7346649200000002 -30.3750000000000000 40.8757362400000019
vn -0.5885101021033569 0.7313065976543549 -0.3447412362185703
v 79.7346649200000002 -30.3750000000000000 23.1242637600000016
vn -0.2006898442958048 0.8514548989010158 0.4845081439294767
v 80.5589294400000000 -30.3750000000000000 41.7000007600000018
vn 0.1723706181092856 0.7313065976543551 0.6599083498788556
v 112.3104019200000039 -30.3750000000000000 41.7000007600000018
vn 0.4945702598279724 0.8194308366685267 0.2897125506608408
v 113.1346664400000037 -30.3750000000000000 40.8757362400000019
vn 0.6599083498788559 0.7313065976543549 -0.1723706181092851
v 113.1346664400000037 -30.3750000000000000 23.1242637600000016
vn 0.3447412362185719 0.7313065976543551 -0.5885101021033554
v 112.3104019200000039 -30.3750000000000000 22.2999992399999982
vn -0.1723706181092859 0.7313065976543551 -0.6599083498788553
v 80.5589294400000000 -30.3750000000000000 22.2999992399999982
vn 0.6599083498788556 0.7313065976543551 -0.1723706181092856
v 113.4346618699999993 -30.3750000000000000 23.0000000000000000
vn 0.3447412362185711 0.7313065976543551 -0.5885101021033561
v 112.4346618699999993 -30.3750000000000000 22.0000000000000000
vn 0.7019597103186519 0.5815224645069493 0.4111984780651773
v 113.4346618699999993 -30.3750000000000000 41.0000000000000000
vn 0.1723706181092856 0.7313065976543551 0.6599083498788556
v 112.4346618699999993 -30.3750000000000000 42.0000000000000000
vn -0.1723706181092856 0.7313065976543551 -0.6599083498788556
v 80.4346618699999993 -30.3750000000000000 22.0000000000000000
vn -0.5885101021033561 0.7313065976543551 -0.3447412362185711
v 79.4346618699999993 -30.3750000000000000 23.0000000000000000
vn -0.5545716936646837 0.8194308366685267 0.1448562753304204
v 79.4346618699999993 -30.3750000000000000 41.0000000000000000
vn -0.3447412362185711 0.7313065976543551 0.5885101021033561
v 80.4346618699999993 -30.3750000000000000 42.0000000000000000
vn -0.6599083498788556 -0.7313065976543551 -0.1723706181092856
v 79.4346618699999993 -31.3750000000000000 23.0000000000000000
vn -0.4945702598279724 -0.8194308366685267 0.2897125506608408
v 79.4346618699999993 -31.3750000000000000 41.0000000000000000
vn 0.5885101021033569 -0.7313065976543549 -0.3447412362185703
v 113.1346664400000037 -31.3750000000000000 23.1242637600000016
vn 0.1723706181092856 -0.7313065976543551 -0.6599083498788556
v 112.4346618699999993 -31.3750000000000000 22.0000000000000000
vn 0.5885101021033561 -0.7313065976543551 -0.3447412362185711
v 113.4346618699999993 -31.3750000000000000 23.0000000000000000
vn 0.1723706181092859 -0.7313065976543551 -0.6599083498788553
v 112.3104019200000039 -31.3750000000000000 22.2999992399999982
vn 0.5545716936646837 -0.8194308366685267 0.1448562753304204
v 113.1346664400000037 -31.3750000000000000 40.8757362400000019
vn 0.7871217035395379 -0.5815224645069493 0.2055992390325886
v 113.4346618699999993 -31.3750000000000000 41.0000000000000000
vn 0.3447412362185711 -0.7313065976543551 0.5885101021033561
v 112.4346618699999993 -31.3750000000000000 42.0000000000000000
vn 0.3447412362185711 -0.7313065976543551 0.5885101021033561
v 112.3104019200000039 -31.3750000000000000 41.7000007600000018
vn -0.3447412362185711 -0.7313065976543551 -0.5885101021033561
v 80.4346618699999993 -31.3750000000000000 22.0000000000000000
vn -0.3447412362185719 -0.7313065976543551 -0.5885101021033554
v 80.5589294400000000 -31.3750000000000000 22.2999992399999982
vn -0.6599083498788559 -0.7313065976543549 -0.1723706181092851
v 79.7346649200000002 -31.3750000000000000 23.1242637600000016
vn -0.6269431213219502 -0.7345095552677554 0.2596883436880725
v 79.7346649200000002 -31.3750000000000000 40.8757362400000019
vn -0.2971085791188998 -0.6302624731310217 0.7172835612062476
v 80.5589294400000000 -31.3750000000000000 41.7000007600000018
vn -0.1723706181092856 -0.7313065976543551 0.6599083498788556
v 80.4346618699999993 -31.3750000000000000 42.0000000000000000
vn -0.8125199200687453 0.4759631494779679 0.3365567705907775
v 79.7346649200000002 -32.3750000000000000 40.8757362400000019
vn -0.5885101021033569 0.7313065976543549 -0.3447412362185703
v 79.7346649200000002 -32.3750000000000000 23.1242637600000016
vn -0.2006898442958048 0.8514548989010158 0.4845081439294767
v 80.5589294400000000 -32.3750000000000000 41.7000007600000018
vn 0.1723706181092856 0.7313065976543551 0.6599083498788556
v 112.3104019200000039 -32.3750000000000000 41.7000007600000018
vn 0.4945702598279724 0.8194308366685267 0.2897125506608408
v 113.1346664400000037 -32.3750000000000000 40.8757362400000019
vn 0.6599083498788559 0.7313065976543549 -0.1723706181092851
v 113.1346664400000037 -32.3750000000000000 23.1242637600000016
vn 0.3447412362185719 0.7313065976543551 -0.5885101021033554
v 112.3104019200000039 -32.3750000000000000 22.2999992399999982
vn -0.1723706181092859 0.7313065976543551 -0.6599083498788553
v 80.5589294400000000 -32.3750000000000000 22.2999992399999982
vn 0.6599083498788556 0.7313065976543551 -0.1723706181092856
v 113.4346618699999993 -32.3750000000000000 23.0000000000000000
vn 0.3447412362185711 0.7313065976543551 -0.5885101021033561
v 112.4346618699999993 -32.3750000000000000 22.0000000000000000
vn 0.7019597103186519 0.5815224645069493 0.4111984780651773
v 113.4346618699999993 -32.3750000000000000 41.0000000000000000
vn 0.1723706181092856 0.7313065976543551 0.6599083498788556
v 112.4346618699999993 -32.3750000000000000 42.0000000000000000
vn -0.1723706181092856 0.7313065976543551 -0.6599083498788556
v 80.4346618699999993 -32.3750000000000000 22.0000000000000000
vn -0.5885101021033561 0.7313065976543551 -0.3447412362185711
v 79.4346618699999993 -32.3750000000000000 23.0000000000000000
vn -0.5545716936646837 0.8194308366685267 0.1448562753304204
v 79.4346618699999993 -32.3750000000000000 41.0000000000000000
vn -0.3447412362185711 0.7313065976543551 0.5885101021033561
v 80.4346618699999993 -32.3750000000000000 42.0000000000000000
vn -0.6599083498788556 -0.7313065976543551 -0.1723706181092856
v 79.4346618699999993 -33.3750000000000000 23.0000000000000000
vn -0.4945702598279724 -0.8194308366685267 0.2897125506608408
v 79.4346618699999993 -33.3750000000000000 41.0000000000000000
vn 0.5885101021033569 -0.7313065976543549 -0.3447412362185703
v 113.1346664400000037 -33.3750000000000000 23.1242637600000016
vn 0.1723706181092856 -0.7313065976543551 -0.6599083498788556
v 112.4346618699999993 -33.3750000000000000 22.0000000000000000
vn 0.5885101021033561 -0.7313065976543551 -0.3447412362185711
v 113.4346618699999993 -33.3750000000000000 23.0000000000000000
vn 0.1723706181092859 -0.7313065976543551 -0.6599083498788553
v 112.3104019200000039 -33.3750000000000000 22.2999992399999982
vn 0.5545716936646837 -0.8194308366685267 0.1448562753304204
v 113.1346664400000037 -33.3750000000000000 40.8757362400000019
vn 0.7871217035395379 -0.5815224645069493 0.2055992390325886
v 113.4346618699999993 -33.3750000000000000 41.0000000000000000
vn 0.3447412362185711 -0.7313065976543551 0.5885101021033561
v 112.4346618699999993 -33.3750000000000000 42.0000000000000000
vn 0.3447412362185711 -0.7313065976543551 0.5885101021033561
v 112.3104019200000039 -33.3750000000000000 41.7000007600000018
vn -0.3447412362185711 -0.7313065976543551 -0.5885101021033561
v 80.4346618699999993 -33.3750000000000000 22.0000000000000000
vn -0.3447412362185719 -0.7313065976543551 -0.5885101021033554
v 80.5589294400000000 -33.3750000000000000 22.2999992399999982
vn -0.6599083498788559 -0.7313065976543549 -0.1723706181092851
v 79.7346649200000002 -33.3750000000000000 23.1242637600000016
vn -0.6269431213219502 -0.7345095552677554 0.2596883436880725
v 79.7346649200000002 -33.3750000000000000 40.8757362400000019
vn -0.2971085791188998 -0.6302624731310217 0.7172835612062476
v 80.5589294400000000 -33.3750000000000000 41.7000007600000018
vn -0.1723706181092856 -0.7313065976543551 0.6599083498788556
v 80.4346618699999993 -33.3750000000000000 42.0000000000000000
vn -0.8125199200687453 0.4759631494779679 0.3365567705907775
v 79.7346649200000002 -34.3750000000000000 40.8757362400000019
vn -0.5885101021033569 0.7313065976543549 -0.3447412362185703
v 79.7346649200000002 -34.3750000000000000 23.1242637600000016
vn -0.2006898442958048 0.8514548989010158 0.4845081439294767
v 80.5589294400000000 -34.3750000000000000 41.7000007600000018
vn 0.1723706181092856 0.7313065976543551 0.6599083498788556
v 112.3104019200000039 -34.3750000000000000 41.7000007600000018
vn 0.4945702598279724 0.8194308366685267 0.2897125506608408
v 113.1346664400000037 -34.3750000000000000 40.8757362400000019
vn 0.6599083498788559 0.7313065976543549 -0.1723706181092851
v 113.1346664400000037 -34.3750000000000000 23.1242637600000016
vn 0.3447412362185719 0.7313065976543551 -0.5885101021033554
v 112.3104019200000039 -34.3750000000000000 22.2999992399999982
vn -0.1723706181092859 0.7313065976543551 -0.6599083498788553
v 80.5589294400000000 -34.3750000000000000 22.2999992399999982
vn 0.6599083498788556 0.7313065976543551 -0.1723706181092856
v 113.4346618699999993 -34.3750000000000000 23.0000000000000000
vn 0.2971085791188998 0.6302624731310217 -0.7172835612062476
v 112.4346618699999993 -34.3750000000000000 22.0000000000000000
vn 0.7019597103186519 0.5815224645069493 0.4111984780651773
v 113.4346618699999993 -34.3750000000000000 41.0000000000000000
vn 0.1466703296078988 0.6222695079876678 0.7689398375955666
v 112.4346618699999993 -34.3750000000000000 42.0000000000000000
vn -0.1466703296078988 0.6222695079876678 -0.7689398375955666
v 80.4346618699999993 -34.3750000000000000 22.0000000000000000
vn -0.5885101021033561 0.7313065976543551 -0.3447412362185711
v 79.4346618699999993 -34.3750000000000000 23.0000000000000000
vn -0.5545716936646837 0.8194308366685267 0.1448562753304204
v 79.4346618699999993 -34.3750000000000000 41.0000000000000000
vn -0.2971085791188998 0.6302624731310217 0.7172835612062476
v 80.4346618699999993 -34.3750000000000000 42.0000000000000000
vn -0.9091990821694486 0.1775009031392015 -0.3766304002161802
v 79.4346618699999993 -36.8250007600000018 23.0000000000000000
vn -0.8690359904608310 -0.3394105003853159 0.3599679978997465
v 79.4346618699999993 -36.8250007600000018 41.0000000000000000
vn -0.3274380207885398 -0.0000000037761593 0.9448726594319913
v 80.4346618699999993 -36.8250007600000018 42.0000000000000000
vn 0.4082482904638631 -0.4082482904638631 0.8164965809277261
v 91.9346618699999993 -34.6749992399999982 42.0000000000000000
vn 0.8320502914563223 -0.0000000000000001 0.5547002005475111
v 91.9346618699999993 -36.8250007600000018 42.0000000000000000
vn 0.3826831181208911 0.0000000030136076 0.9238796626754331
v 112.4346618699999993 -36.8250007600000018 42.0000000000000000
vn -0.5345224838248488 -0.2672612419124244 0.8017837257372732
v 97.9346618699999993 -34.6749992399999982 42.0000000000000000
vn -0.8320524326898504 0.0000000000405099 0.5546969886838237
v 97.9346618699999993 -36.8250007600000018 42.0000000000000000
vn 0.9308994129361396 0.2109057109630550 0.2982365907770518
v 113.4346618699999993 -36.8250007600000018 41.0000000000000000
vn 0.8891248390515567 -0.1525531982809243 -0.4314910685933194
v 113.4346618699999993 -36.8250007600000018 23.0000000000000000
vn 0.2527272152160345 -0.0000000004013063 -0.9675375727531972
v 112.4346618699999993 -36.8250007600000018 22.0000000000000000
vn -0.3713907653407402 -0.5570859372763345 -0.7427813661559955
v 97.9346618699999993 -34.6749992399999982 22.0000000000000000
vn -0.8320502925498573 -0.0000000000000001 -0.5547001989072087
v 97.9346618699999993 -36.8250007600000018 22.0000000000000000
vn -0.3236159847537006 -0.1525028514209568 -0.9338177417035779
v 80.4346618699999993 -36.8250007600000018 22.0000000000000000
vn 0.4263962013198033 -0.6395912626477710 -0.6396165228046192
v 91.9346618699999993 -34.6749992399999982 22.0000000000000000
vn 0.8319016259352385 -0.0000002331520467 -0.5549231341062041
v 91.9346618699999993 -36.8250007600000018 22.0000000000000000
vn -0.2330469513242652 -0.7219542825545153 0.6515144913044226
v 81.0824139473398304 -36.8250007588431600 41.5480750927204241
vn -0.3949149394966825 -0.8365338286646359 0.3798069826398894
v 80.2743815464531991 -36.8250007802020889 41.0901964177358821
vn -0.7923199797059434 -0.5734694683602829 0.2082350081454796
v 79.8859501113855686 -36.8249725292773178 40.3352976401009045
vn 0.8729480840523055 -0.2177822327349921 0.4365003340827711
v 91.9346618699999993 -36.8250007600000018 41.5499992399999982
vn -0.7065896459367905 -0.6974139916345153 -0.1197697646625929
v 79.8853204950162734 -36.8250007575642115 23.6512308164351168
vn -0.4876819276473897 -0.7097460129761012 -0.5083570934989048
v 80.3444738178432374 -36.8250007802175787 22.8397107812762563
vn -0.1418666287471331 -0.7099631819757979 -0.6898015220965545
v 81.0999966670714798 -36.8249528924235179 22.4519850190493138
vn 0.8730081237832774 -0.2174955876106049 -0.4365231782830316
v 91.9346618699999993 -36.8250007600000018 22.4500007600000018
vn -0.4311949483664622 -0.9012653440223510 0.0423284321410230
v 79.8846664400000037 -37.3750000000000000 40.0499992399999982
vn -0.0202502633080840 -0.8968046995081357 -0.4419629597331384
v 81.3846664400000037 -37.3750000000000000 22.4500007600000018
vn -0.2981357258804959 -0.7387685727200830 -0.6044303805359567
v 80.8228141003851022 -37.3749999825158383 22.5277371385153415
vn -0.3823576771603767 -0.9064246277881062 -0.1794352274658305
v 79.8902317809800309 -37.3750131821844036 23.4275893709293825
vn 0.5091421276532840 -0.7151941896926857 0.4788231039522943
v 80.9773944616110413 -37.3749811566522183 23.7234903674220057
vn 0.8706786041970725 -0.4551762017076082 0.1863689716462273
v 80.6365445142861716 -37.3749879857039673 24.4245419630766492
vn 0.2368643707630473 -0.7137829486762666 0.6590972402021116
v 81.5853815136173921 -37.3750071892103009 23.2876295360303267
vn 0.0681829746308091 -0.7086288493246338 0.7022793147141243
v 82.0384011588199940 -37.3750000255285713 23.2004893908465952
vn 0.4036310884971626 -0.4525071601127574 0.7951850190020451
v 84.1517471936519996 -37.3750000747342241 22.8337176299863884
vn 0.0013523974961659 -0.7154522246586668 0.6986603504221325
v 84.5547214966633334 -37.3750097597539934 22.7374586899159397
vn -0.2919891410054082 -0.7084168602773492 0.6425635327418655
v 84.9594427605822062 -37.3749992026973246 22.8593636118112613
vn 0.8292262538692033 -0.5550625120638125 0.0654937218018452
v 80.6335625586371663 -37.3750104090712014 29.8880804724847238
vn 0.7064804105923219 -0.7076237822627777 0.0124101662126427
v 80.5325600410595825 -37.3750014905810559 30.8991815184518721
vn 0.2357037438883942 -0.9428112962227561 -0.2356917580904371
v 91.9346618699999993 -37.3750000000000000 22.4500007600000018
vn 0.8320539493802028 0.0000000000000529 0.5546947136225536
v 91.9346618699999993 -37.3750000000000000 23.2000007600000018
vn 0.8250645567482696 -0.3188370693448863 0.4664883711405309
v 80.5099329189896764 -37.3745582126832758 36.1799724767381221
vn 0.7299035796048563 -0.6021004296860120 0.3235982649087247
v 80.2537380344417102 -37.3750000012732428 36.5626970523920960
vn 0.3095002550925801 -0.9499277069747600 0.0429760819445252
v 80.1934078100930066 -37.3750000010604637 36.7551560822997772
vn 0.7036831280592429 -0.7076878938722772 -0.0633079785760044
v 80.6343635605514635 -37.3750203030603672 32.1103460698035263
vn 0.7047343644460815 -0.7074126838185397 -0.0540071323199855
v 80.5478284664781512 -37.3749999930515528 31.4111618804261781
vn 0.8502616572840338 -0.4598725215796137 -0.2560710410191201
v 80.2050608552668791 -37.3749435418543072 37.1744968354904515
vn 0.8187823095966044 -0.5570195157795839 -0.1390136271461481
v 80.6450627711197967 -37.3749999991553565 39.4942233357594645
vn 0.5085888531458810 -0.8347676540726828 -0.2109510421158128
v 80.7428320665851089 -37.3749999984661585 39.8764936310378317
vn -0.5065102209034412 -0.7367712173009198 0.4479012943464974
v 80.1832237835572670 -37.3742131313044013 41.0289777921124781
vn 0.6786502469229754 -0.4521221888219656 -0.5788085769286937
v 80.9694149116836570 -37.3750020981015467 40.2572176509022270
vn 0.2806304935191292 -0.7131257721658016 -0.6424158771233314
v 81.4894954853512559 -37.3749775547883658 40.6682655544346829
vn -0.1164078563085367 -0.7201232949875167 0.6840114406981606
v 81.1138095208213770 -37.3749999889729523 41.5492605117001759
vn 0.0555970356672226 -0.7091763309816768 -0.7028356146357304
v 82.0337332974752513 -37.3750000033215812 40.7999114929490787
vn 0.4082250632047958 -0.8165058689723653 0.4082529408407526
v 91.9346618699999993 -37.3750000000000000 41.5499992399999982
vn 0.8321155357490873 -0.0000000000036407 -0.5546023216368728
v 91.9346618699999993 -37.3750000000000000 40.7999992399999982
vn 0.8826476210723359 -0.4508432340846280 0.1329419245214219
v 80.6337386947208330 -37.3747245088294520 35.7901570701726115
vn 0.9801418377312058 -0.1964663175934612 0.0268879895150243
v 80.6346664400000037 -24.7749996199999991 29.9091281900000006
vn 0.8934682682506354 -0.4479460055678907 -0.0325396638732136
v 80.6346664400000037 -24.7749996199999991 32.0908699000000013
vn 0.9669726326482773 -0.2431038325154103 -0.0765797252905703
v 80.5547362408951813 -24.7749991232279427 31.5482963801369145
vn 0.8293945920398347 -0.5553576974003331 0.0606831000631645
v 80.5387595050595166 -24.7751585882500507 30.6084229063858402
vn -0.0876485405585839 -0.7073511320439078 0.7014072350169709
v 109.5195281786718056 -37.3749722477157320 23.1972437731934562
vn 0.3591012523253136 -0.3164657200343927 0.8780066848387346
v 107.6435886627959633 -37.3716744051387622 23.1168643951835726
vn -0.4310473443545247 -0.3198774231812650 0.8437278121905344
v 85.3228185579645810 -37.3736183807792628 23.1148283525553175
vn -0.0686579845117767 -0.5152725105879189 0.8542718074449162
v 85.7261134465827297 -37.3749961652218090 23.1999374211119402
vn 0.1953707690650095 -0.4576349182813270 0.8674102513600987
v 83.5118969788587435 -37.3749983178919791 23.1953016913306698
vn 0.4697654092131084 -0.0006128566690286 0.8827910764804683
v 83.8379335148972018 -31.1750482813732575 23.0642341989337716
vn 0.8102475176707968 -0.5666758883755892 -0.1495907672353098
v 80.6246556330956139 -37.3746634385119378 37.8919602935275890
vn 0.7675601199421844 0.5665564695853332 -0.2997752975902833
v 80.6242743007016998 -22.3751499617359499 37.8076537476117451
vn 0.3552500347232161 -0.4522855915053874 -0.8180679412773584
v 107.6622799373217561 -37.3746306602799265 40.8935848545196876
vn -0.6923921062733218 -0.7119525463602518 0.1171184993993118
v 112.2330125623758050 -37.3750012413413870 24.4813894329650843
vn -0.6268805811363266 -0.7102996696704580 0.3201485846606538
v 112.0658681461647035 -37.3749999995914735 24.0010093361554873
vn -0.5189554537324950 -0.5615599858830926 0.6444653747846204
v 111.7451519269722553 -37.3749908660863497 23.5688086060157254
vn -0.2093708430261816 -0.8347244095545323 0.5093122914129831
v 111.2762019963197133 -37.3749999983929229 23.2961861557984236
vn -0.1691900326768921 -0.5554701913647985 0.8141422476127536
v 110.9912228711509101 -37.3750000014548149 23.2215160071281517
vn -0.0565065213884597 -0.5551463855952524 0.8298310090621479
v 110.8082735267245340 -37.3750001218041490 23.2003105122667712
vn -0.8294612698136403 -0.5561719185601866 0.0516410581245636
v 112.2346649200000002 -37.3750000000000000 30.1669693000000017
vn -0.8924863533096437 -0.4475656313669988 -0.0561526025675887
v 112.2365798177932419 -37.3749956602866646 33.9085220776353182
vn -0.7060982481207428 -0.7079654660278870 -0.0144969966798113
v 112.4480992673606607 -37.3749999969171824 32.0000050791285133
vn -0.8859355822527024 -0.4475182895478835 0.1218422119739370
v 112.3487365864091032 -37.3750000042382311 30.7722053889234139
vn -0.8321358540971369 -0.0000000000065341 0.5545718351359259
v 97.9346618699999993 -37.3750000000000000 23.2000007600000018
vn -0.2182648683966835 -0.8728011725955034 -0.4365530441305990
v 97.9346618699999993 -37.3750000000000000 22.4500007600000018
vn 0.3410953369954571 -0.7050003729430656 0.6217945361854622
v 108.0022696386560170 -37.3750000008264536 22.8646474280201168
vn -0.4194750904084439 -0.4441139458334134 0.7917091963865923
v 109.1129463524467980 -37.3726919994882536 23.0520273043429427
vn -0.3022110874353775 -0.7098949592197185 0.6361741943096725
v 108.7923310299243695 -37.3750027571294439 22.8174471393640133
vn 0.0394898611767783 -0.9642895779348443 -0.2618895964914960
v 111.4846649200000002 -37.3750000000000000 22.4500007600000018
vn 0.0589714613544728 -0.6077125456875705 0.7919645374381673
v 108.3290746527918031 -37.3749988121646055 22.7461503671987870
vn 0.4664050515844432 -0.7410964812644986 -0.4829516883849683
v 112.5110313131713156 -37.3723707643614134 22.7656182119561912
vn 0.4297241054174407 -0.9008326984261956 -0.0619487099894669
v 112.9845606930721260 -37.3750000032633309 23.7932411937979182
vn 0.0968270408569175 -0.6024637941176545 -0.7922511602618535
v 107.2592341089882524 -37.3749973464074259 40.8001163402753093
vn -0.2356757065190609 -0.9428214706825924 0.2356790949080021
v 97.9346618699999993 -37.3750000000000000 41.5499992399999982
vn -0.8320597335045472 0.0000000000000112 -0.5546860372141541
v 97.9346618699999993 -37.3750000000000000 40.7999992399999982
vn 0.3379064100761000 -0.6040886228717340 -0.7217313861447446
v 108.0786464694152755 -37.3750000005851106 41.1732181043142944
vn -0.0144560962671426 -0.7149461774975076 -0.6990300312307172
v 108.4236638835150188 -37.3750001637514373 41.2643602610713316
vn -0.4742854566496494 -0.3183234868203746 -0.8208065931442998
v 109.1300671385230032 -37.3744626098183801 40.9395998762644595
vn -0.1401028951309631 -0.7095868413781754 -0.6905488348544703
v 109.5247238165683115 -37.3749924096379331 40.8042451403989190
vn -0.2029196400547671 -0.4560190464863845 -0.8665276965692974
v 111.0549195837152467 -37.3749636495320416 40.7875073211618471
vn -0.2781144819381768 -0.7105343715367078 -0.6463692766532110
v 108.8317001962469135 -37.3750000052894933 41.1577328901547546
vn -0.7988419603735222 -0.5622211142906796 -0.2139133960095408
v 112.2306468880784962 -37.3749961884668949 39.5921318382454785
vn 0.0917140847540591 -0.9043910640528996 0.4167317241571478
v 111.8563439206052124 -37.3750391993541697 41.5482076808018732
vn 0.3995440012840731 -0.8758417832491425 0.2706764891025347
v 112.9728564853892721 -37.3749850175174956 40.6795360535331341
vn -0.5026743547049011 -0.7168455528189155 -0.4831676174225201
v 111.8077696740849092 -37.3750326793546819 40.3804264866336950
vn -0.0712865721018419 0.7008474724014639 -0.7097401250221438
v 109.5252998102002095 -22.3750176365224966 40.8010299473097788
vn -0.4850666043360332 -0.4850737952044974 -0.7276082754915695
v 97.9346618699999993 -34.6749992399999982 40.7999992399999982
vn 0.4364401811969493 -0.2182201289609057 -0.8728688008819309
v 91.9346618699999993 -34.6749992399999982 40.7999992399999982
vn -0.8730337469946586 -0.2173147861496892 0.4365619776494295
v 97.9346618699999993 -36.8250007600000018 41.5499992399999982
vn 0.3098044843685309 -0.7218229550889563 0.6188641231900546
v 111.9083510511388369 -36.8249930003407755 41.5457544214964827
vn 0.5540863304884536 -0.8176397740692221 0.1563762713005774
v 112.9794930798876891 -36.8248839523675997 40.6067655746765297
vn -0.9428075766614148 -0.2357051904007118 -0.2357051900319433
v 97.9346618699999993 -36.8250007600000018 22.4500007600000018
vn 0.1583862191572808 -0.6118371400960994 -0.7749639472776059
v 111.7837577178992063 -36.8250007568359834 22.4507754513500082
vn 0.4014073971583910 -0.8333882388009011 -0.3799159708867977
v 112.5949449286756874 -36.8250007801962056 22.9097971133422611
vn 0.7770694577380600 -0.5819329686630648 -0.2398271832667638
v 112.9837938702799534 -36.8250007919072289 23.6878797653812718
vn -0.5345213923353828 -0.2672613475444536 0.8017844181851917
v 97.9346618699999993 -34.6749992399999982 23.2000007600000018
vn 0.5368791868098929 -0.2672589507368490 0.8002083428841433
v 91.9346618699999993 -34.6749992399999982 23.2000007600000018
vn 0.0425668340609252 -0.5981069261145028 0.8002850551971407
v 107.2330527042726658 -37.3749964007811002 23.1999743747047695
vn -0.0851839222065321 -0.5556123891756615 0.8270662442585992
v 95.9972000100000002 -34.6749992399999982 23.2000007600000018
vn -0.0446697122030550 -0.7082064331327707 0.7045908492742823
v 95.2909165566523910 -34.6749985853040670 23.1014748200469775
vn 0.0502293955650155 -0.4470871729127200 0.8930789817469028
v 93.9594753671950542 -34.6750595253331682 23.1741390550062576
vn 0.5384248485654233 -0.8317627521134441 -0.1351643689881711
v 110.5666190219090765 -22.3351913101506483 40.3380407428628232
vn 0.2199555083762341 -0.7667156704945601 0.6031307113329826
v 111.0562089200543312 -22.3470811991120328 39.0454353349653545
vn -0.4731163406712313 -0.8593380731550351 0.1941623140984226
v 112.3071345852324896 -22.3713487466727408 39.8761129834933925
vn 0.9908790208661157 0.0156249240562584 0.1338455369283710
v 110.5746066945294075 -21.3436808652075563 39.8085225979339512
vn -0.9226385134781598 0.0969634132682401 0.3732777383319076
v 112.2375444065207830 -21.7308425753108914 39.6035096546699776
vn -0.7786850937168506 0.0626103679637626 -0.6242831622321892
v 112.3238473088867124 -21.4525864022499562 40.4308680508018199
vn 0.6555081104270528 -0.0896801166610205 -0.7498443797482386
v 110.9305998050810587 -21.7426770033080885 40.8514878386015923
vn 0.8792532764296489 0.1318422471831082 0.4577458877427905
v 110.5859648433641809 -20.7765223892534969 39.6511487852872619
vn 0.7011425581389393 -0.0230046692290757 -0.7126499129025730
v 110.7028446794231513 -20.5253082572515559 40.6136903173167170
vn -0.8130365723864071 -0.0545176249628666 -0.5796545182525282
v 112.1700020122865595 -20.3589071060750690 40.4425588095281441
vn -0.3556205623570229 0.1286577141543113 -0.9257327952586870
v 111.6063215094571177 -19.8909207832174317 40.9294656325301816
vn 0.0578175345279686 0.8425458157459346 0.5355125405348832
v 111.0123077249681671 -18.8765928938515337 39.2144156044525403
vn -0.6677201205915720 0.6686577029924725 0.3271799455743077
v 112.1923019025730355 -18.8750068330928791 39.6406809226362498
vn -0.6901144022126126 0.6727938918832999 -0.2666280009737371
v 112.1983551927803688 -18.8809209117548349 40.3001378549871845
vn -0.0601129383923568 0.0302037478368798 -0.9977345179227002
v 111.6374914594631491 -19.3437848472297738 40.8866514043458551
vn 0.2059691038980273 0.2917448260681683 -0.9340565746794451
v 110.9961988272055038 -21.9249852371793139 24.8512046102956496
vn 0.9787697123836016 -0.0237657756736043 -0.2035805443237487
v 110.4074154917523032 -21.8943883167238340 24.1077855486262109
vn 0.5188946194995218 -0.8406479468042168 0.1551109389704705
v 110.5933039885169364 -22.3494037550740785 23.5498722876313735
vn -0.5168090835489287 -0.6820310191674395 0.5174379770124533
v 112.0203951251410217 -22.3175542416582502 23.4327980184209252
vn -0.1831086222387465 -0.8531873015251694 -0.4884082933141364
v 111.7940326647616018 -22.3651912677522020 24.7434286813623352
vn 0.2465244763317733 0.0587315383569303 0.9673553064782212
v 111.1394497010148399 -21.3028085678836057 23.1276786194452377
vn -0.5740581433509598 0.7210257072615646 -0.3880453292083405
v 112.2403518002773097 -18.8767887479930820 24.4146154811818654
vn 0.1408823675416111 -0.5273852950736181 -0.8378644932541199
v 81.0430524107253660 -22.3273410393270453 40.8474873484206569
vn 0.5322618052012655 -0.8426612213499550 0.0813599210723088
v 80.6035835799138738 -22.3641290799117627 39.9633883672488395
vn 0.8432726622874869 -0.0795817030513059 -0.5315618210312212
v 80.5387558319327610 -21.9025228840105370 40.3504610528307666
vn 0.8026990254276440 0.1165478091707144 0.5848853586430568
v 80.6731010615021802 -21.9049048839786629 39.4482132862173600
vn 0.1492378696682948 -0.5742547636503891 0.8049593310731326
v 81.4555029362943799 -22.3204846303844882 39.1997185542192881
vn -0.6887327147698804 -0.7056781111309620 0.1663299464208057
v 82.3318819018415269 -22.3379285228937192 39.8945110164445822
vn -0.8071589629093006 0.2173793306112657 -0.5488539288537346
v 82.2083240788294773 -21.8966455996467424 40.4253983644493147
vn 0.3466162657639647 -0.0849025729183430 0.9341566878311637
v 81.1789196944807827 -21.2928562646779191 39.1207408111904513
vn 0.8955782986584532 0.0703752145659929 -0.4393026748687298
v 80.5561941290719119 -20.2890197900461970 40.2672137149416898
vn 0.4931459338371493 0.0401689886152760 0.8690187226369244
v 81.1007753794378914 -20.3892064648809423 39.1347888745555181
vn 0.2250140652225319 -0.1567029275426276 -0.9616719102436132
v 81.2933892526961301 -21.0116967202169178 40.9123826992682922
vn -0.6788521872012223 0.0058746877005167 -0.7342514528256229
v 82.1760627983573357 -20.4220987972288839 40.4811910711598557
vn -0.9001684953019833 -0.1073557572975847 -0.4221035671974656
v 82.3782457104694430 -19.8447282007250010 40.2933561419368331
vn -0.1938459424013449 0.9712573166726625 0.1381411431267082
v 82.0824122406642829 -18.8750498260368289 39.4298191278370425
vn -0.9375963889923693 0.0763979098351615 0.3392290829532283
v 82.3574289065207097 -19.1385254540406784 39.7339453539758409
vn -0.5075816818361971 0.7534735808968146 -0.4178975941003596
v 82.0370975971732577 -18.8782161985720478 40.7855041017669038
vn 0.4372017090015399 -0.8928486743973127 -0.1080551260842994
v 80.5755858198365615 -22.3750018810703182 24.2707495295065776
vn -0.4326038596882630 -0.8716792636873910 0.2302806154243680
v 82.2400629982739275 -22.3749999751269293 23.7255146144079845
vn -0.4555385123476264 -0.5771320601840434 -0.6777929247755785
v 81.8236134660008929 -22.3750016801953109 24.8007810291666075
vn 0.9697208688691672 0.0905738368407939 0.2267990664874191
v 80.5326639253233623 -21.6279693228656065 23.7748381507263140
vn -0.2963148675722136 -0.0328305740644155 0.9545258784665098
v 81.7190444063612347 -21.7941329843281082 23.1668956336858969
vn -0.9685070570124568 0.2383873913685523 0.0718716366417671
v 82.3700120944302654 -21.8422810653453858 23.9046455015956667
vn -0.5699173299156709 -0.0101091797264590 -0.8216398490500875
v 82.0882947989473166 -21.8348581131208270 24.6460346458184461
vn -0.1537457010015353 0.0152614735385312 0.9879925844099131
v 81.6059036761570979 -21.3499938062311969 23.0128011187659673
vn -0.7079148011745705 0.0926506466741801 0.7001946100541080
v 82.0298703504670925 -20.7207326887923742 23.3073581344726648
vn -0.2225532616980075 -0.0181541723463179 0.9747514922963690
v 81.5219837262612543 -20.0201505627077481 23.1081788361417360
vn -0.7084210105792014 0.7050178384032183 -0.0330078672924601
v 82.3098997626107689 -18.8791415336263526 23.9038446125838462
vn -0.7229336050239328 0.1739462922579549 -0.6686626130843645
v 82.0201878577100416 -19.2125528307397637 24.6783856483288808
vn 0.8661087025356524 0.4597367282567201 -0.1962087054231178
v 113.4346621132263238 -19.0750007224672373 23.0000126585305651
vn 0.8430296812060805 0.4091020862358820 0.3491939856913682
v 113.4346618699999993 -19.0750007600000018 41.0000000000000000
vn 0.2441910988727189 -0.7419038572743929 -0.6244592651187997
v 80.8215618573729273 -22.9249431332371607 41.5556013548412366
vn 0.6209536429954745 -0.7426722596738341 -0.2507079734703501
v 79.8693424445048521 -22.9250299884668678 40.5135583356238200
vn 0.8658919938713043 -0.4488674956502777 0.2207918166468699
v 79.8652582294894984 -22.9249992579827619 23.6507080739786559
vn 0.3339100110520050 -0.7321320471658735 0.5937059626043492
v 80.5346327538213274 -22.9266865151744703 22.6298526027062792
vn 0.0625038083633822 -0.5572190530791726 0.8280097830494662
v 81.3646621700000026 -22.9249992399999982 22.4400005299999989
vn -0.0662315791446770 -0.7092064486754274 -0.7018828898621127
v 111.4846649200000002 -22.9249992399999982 41.5600013700000019
vn -0.4949525998396705 -0.6488654456995975 -0.5779234874003769
v 112.4903477882377700 -22.9241033372184972 41.2665418319562463
vn -0.8205130036635965 -0.5594484660645331 -0.1173704589621422
v 112.9846038909008570 -22.9249992428602738 40.1886924511791506
vn -0.1194635701981655 -0.7044711671093967 0.6996061964469960
v 111.4846649200000002 -22.9249992399999982 22.4400005299999989
vn -0.6474454327624324 -0.7174029536183458 0.2571913951413231
v 112.9831264057022793 -22.9249992731409300 23.6200231373090546
vn -0.3175117499474053 -0.8413052434604364 0.4374834579401969
v 112.3651991404756671 -22.9249753411591612 22.6805193681326713
vn 0.3491967326814726 0.4091021157377123 -0.8430285290448430
v 112.4346618699999993 -19.0750007600000018 22.0000000000000000
vn 0.1064155851261075 0.9698409203993974 -0.2192813543398478
v 112.3518219000000045 -18.8750000000000000 22.2000007600000018
vn 0.2895970371524307 0.9398880706090861 -0.1809529518943068
v 113.2346649200000002 -18.8750000000000000 23.0828418699999993
vn -0.1701053622453930 0.9466029442382610 -0.2738741165112529
v 80.5175094599999994 -18.8750000000000000 22.2000007600000018
vn -0.2335817033238045 0.9663512169962374 -0.1077261030681092
v 79.6346664400000037 -18.8750000000000000 23.0828418699999993
vn 0.2675042785027500 0.9315527997956508 -0.2462739169615967
v 82.7346649200000002 -18.8750000000000000 22.2000007600000018
vn 0.3085926610541181 0.9247172507102907 -0.2228644785118066
v 82.9461332306749597 -18.8754670929499824 24.6487907345950106
vn 0.3440481796281507 0.7302231674724555 -0.5902583974676259
v 88.8006017679198436 -18.8916745833671875 22.1138479132137213
vn 0.0909936795261911 0.9516926416413211 -0.2932597247015838
v 89.8429845898310191 -18.8749933685193483 23.1961067787590132
vn -0.4457448080261994 0.8680228909981168 -0.2187414611383902
v 86.1286984386602512 -18.8955885961591648 24.1481993474990055
vn -0.2735347088705075 0.9538102382746796 0.1241965877370461
v 79.6346664400000037 -18.8750000000000000 35.0999984700000027
vn 0.2539760704984589 0.9493084657609829 -0.1852284871413970
v 80.3710913292684950 -18.8779953805772998 24.1746728681504024
vn -0.1219102177117012 0.8917058742115008 -0.4358882112585620
v 81.7759178162459506 -18.8749305989455358 25.0053534079531126
vn -0.1347978295987432 0.9837007062043095 0.1190061584482550
v 82.7571383774271965 -18.8750533883635576 36.0472474194071779
vn 0.0516051618950264 0.8806632934037130 -0.4709236359720264
v 84.4730369338983706 -18.8750036237682401 25.4312848125650071
vn -0.0951201024069541 0.9803410981033031 -0.1728684398254940
v 85.6662497469551596 -18.8750018234124006 25.0572847996375039
vn -0.2924427875248936 0.9082799459371833 -0.2991734544257183
v 79.4724040495179906 -18.9196069900395969 38.5436486812007004
vn -0.2700504775660579 0.5548524979615705 -0.7868998952040529
v 81.4518510013982535 -18.9182528539865551 38.5107284732805510
vn -0.6249710287810810 0.7425293924406821 0.2409591553479321
v 79.4456214569152337 -18.9215506071607322 40.9909595453364872
vn -0.7443623385756691 0.6452739154896379 -0.1718903222954471
v 82.6946754864001150 -18.8796081072862876 37.3868385780172545
vn -0.1095164545605087 0.9659817718321029 0.2342762528909127
v 80.5175018300000005 -18.8750000000000000 41.7999992399999982
vn 0.6233668069463163 0.4583428331743626 -0.6335105928674377
v 106.8125108215316743 -18.9245145343957368 22.0300650030902752
vn -0.2637095908954656 0.8306711786136113 -0.4903495127869714
v 104.1191337248217650 -18.8799608001262840 22.1635857349854497
vn -0.0951983367411212 0.9515701079768439 -0.2923210671276730
v 102.6532598685903679 -18.8749965113148548 23.1999283221095460
vn 0.2002156393039620 0.9500078348738447 0.2395804905588425
v 89.2066174266269627 -18.8750033431550079 41.1966281489625530
vn 0.2253747710966134 0.9098618914718748 0.3483641069346430
v 88.7975392669358712 -18.8749999302343383 41.7999975506547656
vn 0.0609094872275285 0.9637505480123802 0.2597593416443689
v 90.1092121096090182 -18.8749963320923513 40.8004171287130077
vn -0.2643007190978316 0.9262903678329424 -0.2685726798173660
v 110.2346649200000002 -18.8750000000000000 22.2000007600000018
vn 0.3277552466507278 0.7281332728715321 -0.6019953780805226
v 107.5174486102569631 -18.8834038138966847 25.0269229883037312
vn 0.0327334158097975 0.9432873693925073 -0.3303595953411774
v 111.2958748226114096 -18.8750488543685044 25.0502708269153196
vn -0.0535388187916279 0.8840030315297523 0.4644052488168118
v 102.6528465817993379 -18.8750000486942646 40.8000176871023044
vn 0.1483466395275176 0.9889354041137201 -0.0002025619065801
v 113.2346649200000002 -18.8750000000000000 31.7500000000000000
vn -0.5241237697981140 0.8510555076434937 -0.0316037472823837
v 108.1824416793593429 -18.8748162968756219 31.7558133357529968
vn 0.3434098746339269 0.9149918261444575 0.2118008878469154
v 106.9169886002203214 -18.8858500507588047 39.5172377676821043
vn -0.2448011002881590 0.9440126950192618 -0.2211615991535985
v 107.0132493617173992 -18.8750249142407363 34.8205562106638880
vn 0.0649032918678287 0.4193679058110051 0.9054933032775070
v 108.2719692440628023 -18.8848368370504076 38.7478318655752645
vn -0.1748121679853458 0.9571841865643653 0.2307360806535849
v 103.6211898759758583 -18.8750177998629596 41.1266962901745643
vn -0.5140754446187357 0.5295337734734639 0.6747743474606925
v 103.9620654367428045 -19.0193111183142349 41.9684543225112634
vn -0.2834187241801406 0.9254385012532695 0.2514704896845823
v 110.0300416998084359 -18.8747635155105087 39.3436028998171565
vn -0.2643702314847736 0.9323939897100549 0.2464748032908297
v 110.2346649200000002 -18.8750000000000000 41.7999992399999982
vn 0.5666567195398917 0.8232870539650844 -0.0331449690568701
v 110.5090684684621607 -18.9359024113952259 40.3242458209117558
vn 0.3267746457856104 0.9350287067143311 0.1376213954725576
v 113.2346649200000002 -18.8750000000000000 40.9171562200000025
vn 0.1347988934780232 0.9362556824706855 0.3244295845918673
v 112.3518219000000045 -18.8750000000000000 41.7999992399999982
vn -0.1263329215022915 0.7721108293367727 -0.6228040303061446
v 111.6192896308173772 -18.8885281694247738 40.9343929633374515
vn -0.2052205418970781 0.2514535171764467 -0.9458623884493262
v 102.6508100832375021 -19.0749744115542832 22.9999133132403095
vn -0.3669187778136933 0.7437126052301560 -0.5588042334391174
v 110.0346603400000021 -20.3750000000000000 22.0000000000000000
vn -0.6085011303325436 0.5051642141020788 -0.6119930483058167
v 110.0346603400000021 -19.0750007600000018 22.0000000000000000
vn 0.2168711405173927 0.4392565260261731 -0.8717916108532493
v 106.8346633900000029 -20.3750000000000000 22.0000000000000000
vn -0.1730790509335070 0.5899817582020774 -0.7886476825026129
v 103.9346618699999993 -19.3750000000000000 22.0000000000000000
vn -0.1479026736618093 0.4453090289085089 -0.8830768187967846
v 86.1346664400000037 -20.3750000000000000 22.0000000000000000
vn 0.2897116086759684 0.3533836858188678 -0.8894870175530694
v 88.8855562088823916 -19.3750000925637771 22.0001826741039395
vn -0.6393491575784219 0.4142223781544549 -0.6478058938754956
v 86.1549491816330857 -18.9282335123804231 22.0289048770600218
vn 0.4231153096466848 0.6389224732681179 -0.6424573977280839
v 82.9346618699999993 -20.3750000000000000 22.0000000000000000
vn -0.2309692079265421 0.4058983359031573 -0.8842509631890899
v 80.4346618699999993 -19.0750007600000018 22.0000000000000000
vn 0.6066641454228049 0.5046329736694053 -0.6142509068320462
v 82.9346618699999993 -19.0750007600000018 22.0000000000000000
vn 0.4574890443425287 0.3370231002464291 -0.8228725321742397
v 89.7500534476874634 -19.0788060650509301 22.9866113337281206
vn 0.2025206092707495 0.6148350498510046 -0.7622094622184358
v 89.8362694063646217 -19.3750441061720124 22.9951482055218186
vn 0.9129761856803837 0.3525708235420312 -0.2053492117525445
v 82.9594913260740014 -19.0810655493962074 24.1006577500249861
vn 0.4648788644658442 0.2989214657565886 -0.8333868241596335
v 83.7095595927085725 -19.0753171797164285 25.0030261363333040
vn -0.3323973370417015 0.4257919993718184 -0.8415540289241892
v 84.9728091718970120 -19.0827816336892191 25.1948284765626482
vn 0.2704761476165167 0.8452504674967174 -0.4608625616896093
v 83.6993964325474309 -20.3750000060275553 24.9922509294812087
vn 0.4820621214987771 0.6296131052770779 -0.6092646786737709
v 83.9484180199779075 -20.3750000023944580 24.2423031775581101
vn 0.6776377522627541 0.7242857322870206 -0.1273469854913594
v 83.6944243235921732 -20.3750000024861784 23.7769598999625984
vn 0.5135268047137161 0.8143430027430058 -0.2704361194885511
v 82.9859246192286975 -20.3749390558032388 24.1870782942421876
vn 0.6613199748930011 0.6311700639820527 0.4053149900267841
v 83.7758417903623354 -20.3750000018896138 23.1448584641995154
vn -0.0718294632467507 0.5900344155909764 -0.8041765456837811
v 84.7939400344443044 -20.3755009107357488 25.2317304977304460
vn -0.1237085978527019 0.9229786232859375 -0.3644264586641778
v 84.7332219653363978 -20.3745658751116494 24.4590345468109831
vn -0.6889949681619734 0.6459319991351166 -0.3287214418634614
v 86.0939245907075161 -20.3747172642757519 24.2287140568181023
vn -0.0362143391301389 0.7454881505354631 0.6655343259761904
v 84.5472179837921516 -20.3746340162679616 22.6968822645520767
vn -0.7169429551834116 0.6944490595840872 0.0611007582248684
v 85.4753339531505674 -20.3757735641997542 23.4768838492618741
vn -0.2890761341070390 -0.5530017292756495 -0.7814243892456073
v 84.7846794450079244 -22.3751498468823193 24.4860952996977446
vn 0.3239695644563150 -0.8795176522649236 -0.3485576288942512
v 83.9555917727764438 -22.3749999986588648 24.2453758548250029
vn 0.7699721827907903 -0.6223384643252610 -0.1408462763074046
v 83.6941959540050817 -22.3749999991359090 23.7846594690903217
vn 0.4576103363154826 -0.8507130521584235 0.2586118384462132
v 83.7749451913127388 -22.3749999989490860 23.1529914222922919
vn 0.3197839525928514 -0.5698986323109334 0.7569370994701082
v 84.2463850317554801 -22.3748940935760459 22.7803077307245623
vn -0.2120059818690390 -0.9042980648858339 0.3705380864303708
v 84.8324666651942891 -22.3749773305528059 22.7819316808248331
vn -0.4422442719328531 -0.8945804244399495 0.0643884162829052
v 85.4222559573031077 -22.3740557828252022 23.4917850715502361
vn 0.4978552278413336 -0.7383093303621546 0.4550159390738313
v 80.3080372464876433 -22.3759675977465022 22.8111131850811546
vn 0.0740222802122647 -0.8976147295153611 0.4345209999404424
v 81.3646621700000026 -22.3750000000000000 22.4400005299999989
vn 0.2998253683143470 -0.9517543327889800 0.0653332880893774
v 79.8648379669408826 -22.3750000045394408 23.7918163176844821
vn 0.8055694366340528 -0.5837121290605426 0.1016761188711647
v 80.6349089157660472 -22.3750000616184579 26.7582834313464062
vn 0.0230268347578887 -0.9985203424123769 0.0492634821110164
v 82.4864413833789172 -22.3340479103831697 25.2041745771565644
vn 0.0734352031166785 -0.8528340042735285 0.5169926808940252
v 87.2779966403231526 -22.3750000081699767 23.2001785879262599
vn 0.5459783927231000 -0.7330335654137272 0.4056715255675945
v 80.3592454295262826 -22.3749999976122353 36.3522307805224330
vn 0.4075089383051623 -0.9106216280941600 -0.0685909297833236
v 80.6355886461584817 -22.3749999551490788 34.2057559695436382
vn -0.2941764890718749 -0.6820329885915651 0.6695455143231138
v 81.3722162300269503 -22.3740225154416734 36.0169618649432195
vn 0.4306025779725431 -0.9025005800953316 0.0086094582285896
v 80.1774372766606547 -22.3749999997643343 36.8502170531739353
vn 0.3674236294284083 -0.9104553409437833 -0.1899235337829280
v 82.4983113251259965 -22.3713806759641614 36.0091641677460430
vn 0.5570644113391069 -0.8270924982359249 -0.0748147109950367
v 79.8646621700000026 -22.3750000000000000 40.0600013700000019
vn 0.4739406633706216 -0.7363657710213187 -0.4828516323592517
v 80.4031695033285416 -22.3752367551489790 37.5536744910984552
vn -0.1187145711655028 -0.8282443294471420 -0.5476478625281439
v 81.3056720013508567 -22.3749978959103437 37.7291622228291104
vn 0.4505345551685569 -0.7635693319217092 -0.4625802524402714
v 80.3967898712086964 -22.3754359742538114 41.2593372304157455
vn 0.4376368834020553 -0.8980536892672217 -0.0444244243594462
v 82.6350548631251343 -22.3750000180131430 38.8122581847783934
vn -0.6431969891314271 -0.7455841206634353 -0.1743615559313429
v 81.8909589238411257 -22.3772518627064905 37.1302006678113941
vn 0.0319611648072930 -0.9193582296650602 -0.3921210648400409
v 81.3646621700000026 -22.3750000000000000 41.5600013700000019
vn 0.1843352209581972 -0.6436970364926488 -0.7427480404046006
v 84.0806090290832913 -22.3750141598065824 40.7991532941427621
vn -0.1715078327081768 -0.9491367358987781 0.2640540094131444
v 106.4385989225794731 -22.3577217231097194 23.4368977993023861
vn 0.7690673305431535 -0.6181001112936215 0.1627504024881062
v 107.5261936793038160 -22.3743252778813719 23.4093458537730008
vn -0.0767738926399912 -0.5426920718453501 0.8364156171217181
v 105.6354280776442636 -22.3750000046663331 23.2000281852206207
vn -0.1498204194882462 -0.8073753248559604 0.5707003826160436
v 107.7853723101338517 -22.3755443921666597 25.1627017989335648
vn 0.2671296897638981 -0.8747988298336267 -0.4041889857088650
v 107.8985555520645789 -22.3750083618412816 24.3023950974851708
vn -0.2906817441856067 -0.7751231772314043 -0.5609707512124908
v 109.0136214867665956 -22.3760772896977969 24.3220123166532254
vn -0.0255580734672958 -0.9314046868705251 0.3630868961505763
v 111.4846649200000002 -22.3750000000000000 22.4400005299999989
vn -0.1663623223495238 -0.5658359679527706 0.8075600504441910
v 108.6388760798400739 -22.3750649786850566 22.7639252408016439
vn -0.4533187645674185 -0.7173446128454364 0.5290735337480985
v 108.9696787879830140 -22.3749999950602181 22.9291086948835847
vn -0.6534436668738151 -0.7323458147759423 0.1915227970834384
v 109.2640161015777380 -22.3749999882566684 23.3441907386299619
vn -0.5281361438865159 -0.4469551016195117 0.7220134006076158
v 112.3820092900303536 -22.3787692200834840 22.6598456303594737
vn -0.0743049109429098 -0.9069009635209793 0.4147401868332581
v 110.4173027177208724 -22.3750001595077137 25.2069983302253426
vn -0.5104566984681391 -0.8552843048660317 0.0890096446394229
v 112.9840700838154817 -22.3750000299979632 23.6507758772873586
vn -0.5003763454885815 -0.8554447380088541 0.1335582760013576
v 112.2326188108540634 -22.3750000338068169 26.6123042856386327
vn 0.6064970522581918 -0.7692945955787164 0.2008660021394948
v 107.6103856722475314 -22.3749999973958005 40.0686005357572057
vn -0.0425696148965616 -0.9974292913726736 -0.0576423160478893
v 107.3147507666875953 -22.2841213119241601 39.1867275581150878
vn -0.0221654399823236 -0.9560560464581525 -0.2923448807507960
v 108.2287386077183413 -22.2888018642371577 38.8017495925880240
vn -0.1322200383448967 -0.8651791300326572 0.4837178251997838
v 108.4990561043736790 -22.3745763830571924 39.4920404534287499
vn 0.4595695209550845 -0.7400328781370892 -0.4910674034032908
v 107.7243567764723764 -22.3748656045218546 40.9506244278045770
vn -0.0490830080328650 -0.7860627973925838 -0.6161948854687059
v 105.5774642781602353 -22.3749999996953157 40.7999959750770387
vn 0.0569859821595664 -0.9034357262616024 -0.4249193880625839
v 108.3420178661024948 -22.3750000010025687 41.2555132029159779
vn -0.5412181418727573 -0.8392072421376798 0.0530483520146425
v 109.3325916054833868 -22.3761413727394753 40.4270284776265925
vn -0.0595546087162777 -0.9261305580258626 -0.3724720634777263
v 110.3813195975300943 -22.3749995387026210 38.7935145042387148
vn -0.0724731736778396 -0.8831297906168719 -0.4634969385250151
v 111.4846649200000002 -22.3750000000000000 41.5600013700000019
vn -0.4508649840342399 -0.5700438546537501 -0.6868557126087682
v 108.8620285815547817 -22.3750000012311894 41.1544508562827360
vn -0.8434774828886709 -0.5185889737403043 -0.1400400377562421
v 112.2335155593040241 -22.3749784143241897 37.3876052472388665
vn -0.4823275190584874 -0.8630501605917978 -0.1500152814261146
v 112.9844891085342908 -22.3750000040955968 40.2081838422714881
vn -0.3507001463749491 -0.8439970430223277 -0.4058058633166312
v 112.4492235276505028 -22.3756062291889215 41.2463503946454324
vn 0.1146851533842984 -0.9524866446885755 0.2821639723336755
v 108.1884773963905957 -22.3750026195956764 22.7780176724474828
vn 0.2115971521331835 0.7287071596155063 -0.6513159914620763
v 80.6950891725707891 -20.3750000051293334 37.7055834036068873
vn 0.7689944040292475 0.6371324597736079 -0.0520560781708956
v 80.1302505142278818 -20.3749331169065542 37.0665637286965080
vn 0.3447157284159681 0.7415560626923482 0.5755568368691932
v 80.4814293463771975 -20.3750000017172184 36.2179010604574358
vn -0.1966442333518766 0.8681446419575282 0.4556927979789543
v 81.3866215574005309 -20.3726291060771594 36.0783718990855462
vn -0.6520565599602586 0.7440107300655470 0.1458433274446441
v 81.9084129756892310 -20.3749999870273797 36.8345219773620798
vn -0.4247765326198337 0.7393031417931289 -0.5224899634158342
v 81.5539681503391876 -20.3750000260349537 37.6350826752853251
vn -0.6354987122820362 0.6469159107736027 -0.4214750183294780
v 79.4346618699999993 -20.3750000000000000 38.5000000000000000
vn -0.2763122412604133 0.7384118462290467 -0.6151418459820940
v 81.4832364325049809 -20.3749999226648946 38.4792551914038086
vn -0.7406843922585522 0.5621032211016732 0.3680035324445987
v 79.4346618699999993 -20.3750000000000000 35.2999992399999982
vn -0.5791539434700824 0.7557962690114882 -0.3055367563998911
v 82.5525116806683030 -20.3769627681621657 37.5867322184167989
vn -0.3196978343240005 0.7369667212954261 0.5955445797181045
v 81.6846295281359573 -20.3744474596667473 35.3692867187343154
vn -0.6378299281652317 0.7374154115698283 0.2222419706446923
v 82.5290944887605207 -20.3749999895532916 36.2842249453082957
vn -0.6644655178162079 -0.1595297705996005 -0.7300930268984066
v 82.2949328009282937 -19.0702098345158433 37.9850897725168508
vn -0.1625958532543790 0.7608731873887818 0.6281994756582626
v 81.4086519157119000 -18.8784547588207836 35.2823168258038891
vn -0.6242916014953052 0.5111120647981614 0.5907829157314786
v 79.4346618699999993 -19.0750007600000018 35.2999992399999982
vn -0.8430263043932884 0.4091096167296822 -0.3491933155148983
v 79.4346618699999993 -19.0750007600000018 23.0000000000000000
vn -0.7437016850648629 0.3084771057676847 0.5930848833420694
v 82.3427973113902425 -19.0693166797514699 35.9206364443264690
vn -0.3065923697942352 0.3525735331661394 0.8841340523329593
v 80.4346618699999993 -19.0750007600000018 42.0000000000000000
vn 0.2027081978622622 0.4889495139274952 0.8484325308175661
v 88.9346618699999993 -19.3750000000000000 42.0000000000000000
vn 0.1687219006169045 0.5083136756645067 0.8444821652259201
v 106.8346633900000029 -20.3750000000000000 42.0000000000000000
vn -0.2336674722562443 0.4698268714180766 0.8512709458820261
v 103.9346618699999993 -19.3750000000000000 42.0000000000000000
vn 0.5357693986520002 0.5752405516850609 0.6181014958444453
v 106.8116893420960452 -18.9105293840915962 41.9745439773998541
vn -0.4252901288485473 0.6387754344585770 0.6411663205723162
v 110.0346603400000021 -20.3750000000000000 42.0000000000000000
vn 0.3491944290531648 0.4091044635881475 0.8430283438832222
v 112.4346618699999993 -19.0750007600000018 42.0000000000000000
vn -0.6080449992919241 0.5049255454907179 0.6126430219524130
v 110.0346603400000021 -19.0750007600000018 42.0000000000000000
vn -0.1032232090113098 0.3567182746386736 0.9284918102278638
v 102.5204467800000003 -19.0750369999999982 41.0000000000000000
vn -0.1291444260652280 0.6428126909157845 0.7550586477975675
v 102.6689961066667678 -19.3749999940036233 41.0001198175402308
vn -0.4815284773336888 0.4944769470120328 0.7236179063500008
v 103.4510859016115347 -19.2593599777887725 41.2772082905140962
vn -0.9080002165256496 0.3140213501743647 0.2773557254214207
v 110.0194482673571059 -19.0794774486202812 39.9349647994965196
vn -0.5105915176640183 0.1237643172374688 0.8508693765016448
v 109.2207580178052524 -19.0737532179159857 38.9696893547982839
vn 0.6286950519006302 0.7507078495635290 -0.2029291904073086
v 107.6765346750161996 -20.3749248743762053 40.8857854306383146
vn 0.0372535300050988 0.6289019977340949 -0.7765915604410233
v 108.4565263694726980 -20.3750000183406321 41.2769463247451256
vn 0.5994786866578037 0.6906019607145750 0.4045914434342620
v 106.9317320000513121 -20.3715769647782601 39.5013999667539792
vn -0.3096910653033694 0.6685804492183460 0.6760855175155425
v 109.0424546152716090 -20.3730850441843074 38.8193837504624497
vn 0.3363926298289719 0.7669730601516001 0.5464360196751660
v 108.0089034924132818 -20.3727542557810537 39.5695060314257034
vn -0.5923164367929834 0.7435734238048340 -0.3102576382879564
v 109.2674753242703645 -20.3763112294990201 40.7730235181594765
vn -0.4950742507708911 0.8481897123255876 0.1883499353030889
v 110.0125170921370028 -20.3750000297464915 39.9393743111647410
vn -0.4961128853980671 0.7426383348286145 0.4498447605396632
v 109.1197051112074661 -20.3749999912270070 39.8536989281023963
vn 0.2511362427351978 0.5887322530848643 0.7683260517270433
v 90.1427231159359650 -19.3749999643271131 41.0005751840192687
vn 0.5601449823787763 0.5184672996310882 0.6460876549889557
v 89.3236189760837078 -19.2349663240164439 41.3894436223341415
vn 0.1066211606066506 0.3821620974401728 0.9179237764602345
v 90.1963227342255180 -19.0748733725146842 41.0001056599929115
vn 0.4672666114636546 0.4358948630396495 0.7691928121003987
v 88.9326396442733795 -19.0750504222555968 42.0000285457393829
vn 0.4999725041087981 0.6960871791101626 -0.5152573475590952
v 107.7162436568599730 -20.3706724508356452 24.1980754399084965
vn 0.2951714910655128 0.7638833830547296 0.5738954329449079
v 108.0328305319410589 -20.3746867348055325 22.7400487819697439
vn -0.5637718068801912 0.4571444245150408 0.6878810397894801
v 108.9438692775990773 -20.3749999978464977 22.9038178175930653
vn -0.6615932999891649 0.7401569104902623 -0.1202582773157695
v 109.3221765455266876 -20.3746053648487155 23.7431719342878829
vn -0.1644518059849768 0.8675296530270488 -0.4694122970556353
v 108.7658581940240481 -20.3750000056746465 24.4040822973480935
vn 0.6755440955382948 0.6634738311545354 -0.3216250151285969
v 106.9436829350722746 -20.3756478920197992 24.5396348301636280
vn -0.1247639553706051 0.6793114932994834 -0.7231665441041278
v 108.6273781168270745 -20.3749999893056177 25.2480054057166079
vn -0.5828529683702227 0.7392069990651442 -0.3374247024079951
v 109.9462076115013076 -20.3743497749608942 24.3533554079474719
vn -0.2726835432115437 0.7165065927158453 -0.6420763099946361
v 108.9301292997678985 -18.8814203512677672 25.2338419447435456
vn -0.6943609017584508 0.1301960667602818 -0.7077513138874018
v 109.5368738960778785 -19.0788867595872453 24.7740585743739423
vn -0.9058514764266646 0.3855839911035300 -0.1753798405185295
v 110.0248892934785658 -19.0755997541732043 23.9947597298140494
vn 0.5185554218300701 0.8388548053156176 -0.1655985811821327
v 106.8098423948534048 -18.8825901559495968 24.0009924479289047
vn -0.3926989346294670 0.8873533674476509 -0.2416434315684909
v 110.2017988383895215 -18.8751926505771372 24.1277998479864024
vn 0.7773731956188320 -0.6068663683547206 -0.1655419152158074
v 82.6413811175816448 -22.2749999341955380 38.9815442591779160
vn 0.3934371338128326 -0.8564541281207546 -0.3342058469896378
v 83.1060808444051418 -22.3524097381320139 40.2401266860479723
vn 0.1140266777767021 -0.8377367207975346 -0.5340366123990020
v 83.9841498366339891 -22.2749996697908230 40.7990856713847521
vn 0.6691243828643323 -0.7359721076602465 -0.1030418216189964
v 80.6347318640337534 -22.2749996191539061 34.1002362700986978
vn 0.3609424464532416 -0.8958103274614415 -0.2593152667348641
v 80.9472077614779835 -22.3488054512251964 34.9952688023518377
vn 0.3601324690592873 -0.9260703302574347 -0.1126869475411740
v 82.5846830262870668 -22.2749482441874420 36.2104565016318247
vn 0.5308909101877025 -0.8350370227800910 0.1444576480032628
v 80.6348947426086085 -22.2749996324917774 26.7955397899450709
vn 0.1928251889206825 -0.9756833474485155 0.1042134925494887
v 81.0483491581812103 -22.3565915119818293 25.7659949969570157
vn 0.0249686881944991 -0.9979312101296631 0.0592441090657305
v 85.2684527430529471 -22.2768667109302214 25.1439217847190086
vn 0.0689264779867533 -0.8627875113489140 0.5008461349483385
v 87.3722432176192711 -22.2749996205124283 23.2000083880134262
vn 0.1024391422035110 -0.9594990664388210 0.2624266824231859
v 86.5245572048108329 -22.3496586384771909 23.4489003170773138
vn -0.0863057266429945 -0.8766899179575151 -0.4732505777072756
v 105.6236922652437045 -22.2749996212163630 40.7999708625336410
vn 0.4612078734095232 -0.6109468233974140 -0.6434526217878627
v 101.5773503631946681 -22.2736738432819514 35.3280510204165452
vn -0.1089616477788901 -0.9454914503611374 -0.3068766472172524
v 106.4372104851889276 -22.3521134900185103 40.5806724767935023
vn 0.4371705697520594 -0.8771796885238857 -0.1985892418631956
v 99.9740589598257685 -22.2750491971796301 33.5910816961028331
vn -0.0043631536835478 -0.8298045430736466 -0.5580370804742910
v 103.7863485578455425 -22.2751002046156259 36.2891809533947125
vn 0.3709714309869034 -0.9283768562865670 0.0222847504585608
v 99.7441236008320686 -22.2749995700011993 31.5918817309597202
vn -0.2038399783556478 -0.9404970375913375 -0.2718723698831628
v 106.5612058671617604 -22.2752572643947282 35.3866892903560029
vn 0.4277184465863846 -0.8603157340872507 0.2773333159424683
v 100.3501400786487352 -22.2750600540915435 29.6311346932562181
vn -0.2662367234963386 -0.9134719227059447 -0.3077126150970074
v 111.7371552706318880 -22.3493469894063956 38.2577584123629748
vn -0.3783828640571252 -0.9171074006033479 -0.1254608462688557
v 112.2316958087718888 -22.2749957064067559 37.4391752447917483
vn -0.1357543381056416 -0.7995325455458731 -0.5850798819806025
v 110.4169614480937014 -22.2749996833262820 38.7930045708922933
vn 0.1278256151873041 -0.9571971982882773 0.2596808342775024
v 102.2614389157443782 -22.2749927923170858 28.0804154163421487
vn 0.0421749841170687 -0.7549127111049444 0.6544677756214646
v 103.9241686543561656 -22.2638233109578039 27.9520251306097194
vn -0.0797637400712196 -0.9158167295420033 0.3935955584871861
v 105.6526210463458000 -22.2749996221272646 23.2000761979654371
vn -0.1808701552813713 -0.7275306595167438 0.6618044472437643
v 105.2168892058184326 -22.2665508219815003 28.1398846346753331
vn -0.1603876441604180 -0.9320107657026329 0.3250103632425638
v 107.6171954198691054 -22.2754533992740633 25.1122316575197360
vn -0.1254743135230409 -0.6695805076892128 0.7320643007062819
v 110.3657088673324012 -22.2749997289305490 25.2056658089809851
vn -0.2740652724189818 -0.9032757994944332 0.3301227900366796
v 111.6726767151809270 -22.3583675476016595 25.6806451822814736
vn -0.5731937698724816 -0.8095743676438573 0.1266421945222891
v 112.2339606093218265 -22.2749996334840610 26.6539343660956831
vn -0.9864522989475295 0.1630198573669376 -0.0183408834355718
v 107.9805349430271519 -22.0762886800900269 32.2131533223256810
vn -0.8624826756562393 -0.3538209605421861 -0.3618485347128811
v 107.6638212598540321 -22.2653740421443445 33.5923069907044507
vn -0.6954277691818799 -0.3322118956726967 -0.6371934354842863
v 106.8330943881477424 -22.0748479597236269 34.7771453097979730
vn -0.3957580951713704 -0.3112701613972869 -0.8639944541083787
v 105.6396425414633882 -22.0745736346218422 35.6541328724611830
vn -0.0807761468475164 -0.3337305079471090 -0.9392013427193516
v 104.1306095421835920 -22.0729493454156227 36.0127886140829716
vn 0.3043700558754531 -0.1861848180777216 -0.9341809688725945
v 102.7978321726366744 -22.0732821809721464 35.8703740288016206
vn 0.8130150392599039 -0.1908446072490079 -0.5500771598795835
v 100.5459364285353416 -22.0754891709976775 34.2110697063640927
vn 0.9197436216203658 -0.3711573983712074 -0.1277257065863017
v 99.9615788410620780 -22.0746802022367454 32.6494048794164300
vn 0.8774668338758472 -0.4467946348389949 0.1744319630313937
v 99.9768262443528783 -22.0748472353536478 31.3564771081055582
vn 0.8114313641087443 -0.2826838186304093 0.5115359225168378
v 100.4576627029328080 -22.0825492639998870 29.9304194947154123
vn 0.4404781066363928 -0.4136075408395761 0.7968110439336650
v 102.0371389225444005 -22.0678860904446204 28.4319072286330368
vn -0.3856881795007062 -0.8105195143133549 0.4407978506193904
v 106.7729842723561120 -22.2687867877210266 29.0732173737681698
vn -0.7826275689869013 -0.5654850372565448 0.2602321288784635
v 107.8978858567291752 -22.2716253817731591 30.8226015607828323
vn 0.1066571557399135 -0.5492620837182133 -0.8288156698078277
v 103.3472240390313317 -20.5946403707035621 36.0198093418592293
vn 0.8790579344470923 -0.3430615198829827 -0.3310074643587200
v 100.1213749827347215 -20.5916618142719265 33.4275302391829854
vn 0.6988309005168561 -0.7060381472685683 0.1146538576950962
v 99.9669665749102307 -20.5656269855576141 31.2691719417900877
vn 0.6111698812288088 -0.6876987077208299 0.3918441829067575
v 100.5751771043686915 -20.5949991059203406 29.8107414401007524
vn 0.3829175263580850 -0.7858218650062913 0.4856523082266154
v 101.5031259517468385 -20.5615854926758743 28.8081005233964369
vn 0.0883984211682697 -0.4677690637180151 0.8794190253589745
v 103.2800807167352559 -20.5948365883337878 28.0058652523152247
vn -0.2850154576148027 -0.6958249075693679 0.6592373524965839
v 105.4536776585668321 -20.5945575768466895 28.2516003303127832
vn -0.8018835452772518 -0.5569890121737537 0.2162082795160526
v 107.6898013351348453 -20.5949986952417383 30.5289650936304611
vn -0.7182944418144631 -0.6846666393257577 -0.1236312575881272
v 107.9632402548924119 -20.5944359909385817 32.4958241624062580
vn -0.6541844680851284 -0.4592412797822837 -0.6009493561525030
v 106.9667730144502968 -20.5954634079560783 34.7160154607810014
vn -0.2200008996600123 -0.6950618448673556 -0.6844622969589876
v 105.3316994487603182 -20.5949997407078449 35.7689974066802350
vn -0.0031647977343137 -0.9983152110183163 0.0579372376348358
v 104.0038297491929598 -20.5577087755413039 28.4185581978042308
vn -0.0160218807259186 -0.9985838096016116 0.0507313959943609
v 105.4410136540505931 -20.5559193332848089 28.7864205266256654
vn -0.4016276816172477 -0.8479930532409606 0.3458366478755950
v 106.7968705593607268 -20.5620722283769339 29.2091910098930221
vn 0.4197166688983998 -0.7209229729894850 -0.5514598669575451
v 101.4369989353256187 -20.5616611709606190 35.1476343918725931
vn 0.0418261456005409 -0.9989417421941190 0.0191303226941105
v 100.5388794177484328 -20.5506597141484981 30.7882082882100505
vn -0.0727941959084472 -0.9973403809476117 -0.0036289906745171
v 107.6092328278287482 -20.5367796700795964 32.2304219939572150
vn -0.0492513307473577 -0.9978526623289539 -0.0431783591933864
v 106.7400038427430076 -20.5700263104313237 34.4044301735474818
vn -0.0043649897210696 -0.9986375366414595 -0.0520001661094727
v 103.8153866746279448 -20.5545723029418603 35.6386284102300976
vn 0.3859171885560462 -0.8698951414481660 -0.3071650475914735
v 101.8998779418235330 -20.5261403293871716 33.6430169250495368
vn -0.0128168833154053 -0.5906480981137845 -0.8068274609212607
v 103.8077158202701185 -20.5249996899925513 34.5442177493760383
vn 0.9094893606770769 -0.3430641294856558 0.2348107873915743
v 101.4209574391775135 -20.5249995940701488 31.4044921799057022
vn -0.3126188572238268 -0.8922448631788649 -0.3258351642149715
v 105.6400738554806367 -20.5258289965279204 33.9544884845389134
vn -0.7508290184661081 -0.6470056686533956 0.1328135902669343
v 106.5281313440930830 -20.5249699752436499 31.3761296449306180
vn 0.1581449725665531 -0.8243556868454714 0.5435327673815583
v 102.8958219740921720 -20.5239055698823414 29.5516999975456471
vn -0.1966690836329319 -0.8881323398212937 0.4153820151457419
v 105.0074949333668570 -20.5249994534872009 29.6731968614503536
vn 0.2178569049774841 0.8234317307943551 -0.5239260956228885
v 102.8822232425854253 -20.0744851475539825 34.3841010359066459
vn 0.6490615366361038 0.7308648316027579 -0.2110822578661034
v 101.5280098771997501 -20.0750007771439059 32.8301482564420937
vn 0.5174046726718123 0.8438460086387509 0.1421841003833542
v 101.4334349015834817 -20.0750007775236412 31.3849007493712016
vn 0.3367197900937627 0.8320248895163245 0.4408564008660423
v 102.5698013843622078 -20.0761694126264949 29.7301834796098490
vn -0.3516257631136346 0.5950433208341027 0.7226913373256091
v 105.0920057810329240 -20.0758628733354705 29.6461793363501265
vn -0.5314975296733890 0.8435419142676798 0.0771194840795985
v 106.4834519799448032 -20.0730096063530858 31.5620811042785299
vn -0.4588232922927800 0.7474605845843859 -0.4803996887409295
v 105.6877584542484101 -20.0757312066185314 33.9988097627170518
vn 0.5960598396416954 0.6774223662208921 -0.4310587028584434
v 100.9380987717181881 -20.0750008894157617 34.5354609452841714
vn 0.2736196475662965 0.6006699596761814 -0.7512176036331353
v 102.7050102308258062 -20.0734438197449165 35.7813539883088438
vn 0.6575933939510800 0.7508037593957756 -0.0621662537802465
v 99.9484505096260563 -20.0753992670967989 32.3101738122017537
vn -0.1810688175213239 0.6501629891132553 -0.7379039035733219
v 104.8168166234168268 -20.0750009024840175 35.8249151585480448
vn 0.6133478667661567 0.6691877412555801 0.4195141967641376
v 100.6183010877370805 -20.0750007030310620 29.8874242616501249
vn -0.5930582827189435 0.6185225429728540 -0.5154723437128820
v 106.8629495789041357 -20.0755420916886678 34.6882544785332598
vn 0.3362828504936656 0.6029821878452182 0.7234129703048245
v 102.0530886007293248 -20.0751969446145004 28.5144564575037158
vn -0.7591245795252337 0.6494958872486744 0.0434161860104544
v 107.9320110099098855 -20.0747643726212317 31.8094011570426645
vn -0.0992144324606807 0.7587333947463014 0.6438013141398967
v 104.6135324498627739 -20.0749910599283830 28.0716074252975787
vn -0.4722829773201323 0.7538772631112589 0.4567470432279874
v 107.0197756089092138 -20.0747781714104434 29.5348622560190393
vn 0.1800134415905960 0.5444147909516385 0.8192726629393861
v 103.3447773911778285 -18.8860566641916847 28.0728778575089137
vn 0.5380970507578996 -0.1183480055364606 0.8345329912898546
v 101.8314260728043479 -19.0756241645617344 28.6499636005524714
vn 0.5100966502315215 0.6961569177664679 0.5051405282379074
v 100.8935033146037767 -18.8769236799046425 29.3261546955229591
vn 0.7190261859678343 0.6909785809672829 0.0744979498844721
v 99.9567503821213279 -18.8760570163347694 31.4394377250891957
vn 0.9599573499666639 -0.0614050535718100 -0.2733336891801360
v 100.1653165245181185 -19.0657717737030126 33.1867042076194281
vn 0.7649762336677816 0.5285028312040262 -0.3680979751815869
v 100.4306888353468281 -18.8783803139509558 33.9980075076705859
vn 0.3987570913452411 0.7222929190410573 -0.5650537330245965
v 101.5609539301318875 -18.8776010650551527 35.1949110705912034
vn 0.0949280092816350 0.7208952659810348 -0.6865119726122473
v 103.1734309620095473 -18.8852101178183851 35.9004755732074372
vn -0.2095141451861720 0.7329172253463705 -0.6472527819619514
v 104.8845561353120814 -18.8810306423488683 35.8647187459347663
vn -0.5505182466516355 0.2160532774937562 -0.8063812010382032
v 106.2439964607076917 -19.0752773335147161 35.1824101168147081
vn -0.8750582088221678 0.2934040854118697 -0.3849508719779233
v 107.4507173571141863 -19.0777002861332470 33.8055067380883045
vn -0.8945437002193583 0.4309467171726030 0.1186444071838842
v 107.8627403087414223 -19.0803542655839635 31.5564189237488364
vn -0.4588186722831495 0.8473887182376684 0.2672410637754785
v 107.1148666393343518 -18.8787256492052684 29.5950033998792250
vn -0.2427081443608236 0.8200944923247294 0.5182063105748229
v 105.4403024165758467 -18.8831874850300920 28.2652919798071451
vn 0.0668880968805735 -0.7688244550936739 0.6359519948436442
v 81.3369431123178970 -22.3503050387428708 23.0404682270750101
vn 0.6387059854541642 0.0218800940335186 -0.7691397308877689
v 80.8435753381416333 -22.0976086754150067 24.7421374366920190
vn -0.9909867631761360 -0.1336160140644218 0.0095914542808290
v 82.4846141131079378 -21.4505531529485509 24.0037997791570490
vn 0.1499102267818859 -0.0342889149243940 -0.9881048498107432
v 81.1401029228455712 -21.5645831482294241 24.8449246619071644
vn -0.8649427134652297 0.1413482143581958 -0.4815545500991089
v 82.1912728287495469 -21.1099284590879606 24.5637140856278897
vn 0.2750243844628944 -0.0892626440148674 0.9572845806416611
v 81.3248100002538763 -20.7718033461812013 23.0861625596467697
vn 0.8575161637318098 -0.0844931936116517 0.5074711116625101
v 80.6697162453280896 -22.1552977477520017 23.4575035160546257
vn 0.9444606240909854 -0.0288628274807854 0.3273546497783114
v 80.5278955782904262 -20.8935212376108339 23.6831823661483369
vn 0.5921386416663684 0.0839236907392479 -0.8014540805175374
v 80.7949508207686335 -21.1205278189350096 24.6815509518129304
vn -0.2879365151067225 0.7204513243365076 0.6309060568182623
v 81.6756553631206828 -18.9642969805615422 23.0962700701887194
vn -0.9520335906240244 0.0167178425882756 0.3055365052865553
v 82.2977962302963704 -19.3379921100491785 23.6961438110825355
vn -0.5060173126276032 0.0044621744151182 -0.8625117786561687
v 81.8724964641274227 -19.8161057232971203 24.7392885226310604
vn 0.1191376246835081 0.1149966565599032 0.9861957185897813
v 81.2100630303539361 -19.5223036572543833 23.0423558629427809
vn -0.9916159660502569 -0.0864240503196248 -0.0960659117510819
v 82.3246739377816965 -20.5180513197040177 23.8331441796638970
vn -0.3439239009939382 -0.1386683987906488 -0.9287020111434826
v 81.8705359845342429 -20.6274673902853642 24.8898452266856793
vn 0.6740626168896858 -0.0104858894010371 -0.7385997797422483
v 80.7267382897928627 -20.0003858612175840 24.5957784139681657
vn 0.6856171467447145 -0.0870424187292788 -0.7227397494474712
v 80.8298151900062010 -20.5981667494143572 24.6554900381870681
vn 0.5587760797762036 0.1177791027599878 -0.8209125261701090
v 80.9990281050559418 -19.2322620584676685 24.7924065647449865
vn 0.5362136002305904 0.7545802211140152 0.3782640147189162
v 80.8484244517909758 -18.9600135749620193 23.3003568135160393
vn -0.9973123087962278 -0.0516925949593842 -0.0519233507191382
v 82.3292050667147066 -19.8103849720899596 24.2663351511824139
vn 0.9375331220310461 -0.0565817803593864 0.3432639614437873
v 80.5954928193257558 -20.4894050654906366 23.7290020432484106
vn -0.2819273021015379 -0.1989292164280571 -0.9385862577201243
v 81.7740679220021889 -20.3787058089267674 24.8047040412593098
vn 0.9421295280319112 -0.0038074056991583 0.3352274691492487
v 80.5550550948036630 -19.8077448457845016 23.7433597888270356
vn -0.5054900500250630 0.0441779970326711 -0.8617007101678869
v 81.9341611730618808 -21.3999570728218664 40.8183293209196876
vn 0.9924960474452345 -0.0246097092417286 0.1197746134062827
v 80.5640683705933469 -20.8691031137741234 39.8805367997673059
vn -0.1868865319334050 0.1481392484014672 0.9711478709573289
v 81.5906969833935420 -21.8251684966950741 38.9538128762794003
vn 0.9543936469453798 0.0068362284619555 -0.2984728340246627
v 80.5175204758751590 -21.3137567686177363 40.3583633927916736
vn -0.8860588959946394 -0.1945615057401976 0.4207676951868665
v 82.1833951240036384 -21.5877051506463964 39.4650520187226448
vn -0.0084469105052921 -0.0040221384078673 -0.9999562350950882
v 81.4417100331277766 -21.8994320435009975 40.9331720990924381
vn -0.7583644536757781 0.1431652724167808 0.6359143497161135
v 82.1585914779010409 -21.0065692126813204 39.4339927887142068
vn 0.2360951529389032 0.6379624160266388 0.7329822879826018
v 80.9230485017888128 -18.9663358001685260 39.2287816844319082
vn 0.9957843165217688 0.0719979557266928 -0.0568321153965871
v 80.5144789135606942 -19.7497765665428453 40.0156657967278022
vn 0.1598821622936888 0.1073685213483603 -0.9812796211089687
v 81.4281190982317753 -20.0180710382147140 40.9654857304947484
vn 0.2307856629378712 0.0769610111955245 -0.9699561745450614
v 80.9999428303962503 -19.5427638908682404 40.8021544015766437
vn 0.3159069150691268 0.6691509392364441 -0.6726364854291597
v 81.0621265724822422 -18.9421504805291860 40.8198920593799031
vn -0.6862672714598267 -0.1446464323626571 0.7128216058228313
v 81.9834484903474987 -19.4666926261232014 39.2586513788969498
vn 0.3033907030937472 -0.0046217854209234 0.9528550363910582
v 81.1109691202812257 -19.8571279165839840 39.1250481365797995
vn -0.6271368638030044 0.2507261320367377 -0.7374522091452627
v 82.0132612197821516 -19.2421491157005313 40.7143388529186225
vn -0.7505035126917093 0.0055076613351802 0.6608435087855689
v 82.0414907952357026 -20.2977480099187204 39.2565267882616524
vn -0.9107320337115068 -0.0860012477336484 -0.4039442389240849
v 82.3474995286461535 -20.8367491213002332 40.4607773602455012
vn 0.5047943324815163 0.8626222279754301 -0.0326431263399428
v 80.5079829669117686 -18.8916832928024689 40.0174778460353480
vn -0.7875792988031431 0.0127701941700907 -0.6160809770132556
v 112.1773003385052334 -21.3002998922051852 24.5527419524995807
vn 0.9957436053175893 -0.0667644624732261 0.0635387993260036
v 110.5530457137043356 -21.3122615328686287 24.1167324775578109
vn 0.5598048179018804 0.0245074783415524 0.8282620052611257
v 110.8198262786241060 -20.9434611638133816 23.2312057309321034
vn 0.9267094007466802 -0.0134549611530802 -0.3755378151239870
v 110.5631769810333935 -20.6668352327910476 24.2102533034497682
vn 0.4394374916476503 -0.0238268060545639 -0.8979571115858817
v 111.1980519009730983 -21.4110627702196332 24.9021310613384372
vn -0.6971087100469288 -0.0583580691275983 0.7145864413382089
v 112.0897339355965130 -21.0088510938968582 23.3043041327821889
vn 0.4570752706486244 -0.0349940512441484 0.8887393393672910
v 110.9389030482549572 -21.5931343022561357 23.1637439245452050
vn -0.7784820873979809 0.1012085836879675 0.6194533575567720
v 112.2351454483695790 -21.5749031770636925 23.4802462169308015
vn -0.8257173018353348 0.1830574896241565 -0.5335549577525039
v 112.2184481142238184 -21.9477617075108107 24.5875388816308380
vn 0.8215914345885843 -0.0977775131946649 -0.5616289455896473
v 110.5922144529768758 -19.1343441787591466 24.5026349577333100
vn 0.0796776683877147 0.0216719365100915 -0.9965850672813635
v 111.2920680732777186 -19.8558092558282624 24.8955338071193779
vn -0.4632383537115122 -0.0333545226149917 0.8856058397909161
v 111.9263188710930592 -20.4939478488285403 23.2084269107494059
vn 0.7232962357681598 -0.0064554839586098 0.6905076987626355
v 110.8161193664194428 -20.3849952241496375 23.3189318109904207
vn -0.2747906015485557 0.1897393332832301 -0.9425970033401433
v 111.6065627669477607 -19.1881297257245400 24.8653007214112449
vn -0.9348710733938468 -0.0716826265555809 -0.3476746714696514
v 112.2929513884163129 -20.3146760097701424 24.3257013032901206
vn -0.9948127075561772 0.0902192376157051 -0.0469911273411112
v 112.4277946616857662 -19.4659370513183170 24.1581977991783319
vn -0.1803531161628764 0.2441665520109802 0.9528144879090626
v 111.8469765205047821 -19.4330066050769865 23.1463663674668609
vn -0.0856768429947183 -0.0582193411256031 -0.9946205240660173
v 111.5465091117806935 -20.5402048827450585 24.9497744896256712
vn 0.9457914333386315 0.1081376773482643 -0.3062430527554538
v 110.6357881075516900 -19.8155874084849515 24.3848081909754306
vn -0.4336771735403799 0.7678540353962094 0.4715127670337080
v 111.9893073547486324 -18.9562520704915656 23.1118520368255815
vn -0.0941937621967163 -0.0380798290222342 0.9948253423515436
v 111.4369524415501473 -19.9958825870717227 23.1325491497949187
vn 0.8325519569037403 -0.0102550276407607 0.5538520321022935
v 110.5735293653274169 -19.4916468516336607 23.6623572238730482
vn 0.4749056287375676 0.7562895078744482 0.4499898044093896
v 110.7542377900417137 -18.9214277886028341 23.3260386709029746
vn -0.3107903018597158 -0.6637824687133104 -0.6802956875497668
v 111.4625002007974217 -22.3081205218086112 40.9141419448227737
vn -0.2831855908350698 0.0375418723770234 0.9583300730759834
v 111.6465030697202820 -21.8818313879198421 39.0818372541381720
vn 0.8148347450717157 -0.0574418064342599 0.5768403393465829
v 110.7704518292987927 -21.9175585147002785 39.3210038454974082
vn -0.6682031655517916 0.0113518794954510 0.7438922397622425
v 112.2550821672585926 -21.1327616359241581 39.4517685143327697
vn -0.3101193466248418 -0.0098594228611190 -0.9506465077145273
v 111.5441435677162758 -20.8021385461675905 40.9375722531711688
vn 0.1168885543235421 -0.1781954446107116 0.9770278652055647
v 111.3118007615853173 -21.4462606707290568 39.0765053030878065
vn 0.6414891000600763 0.0919575262833468 -0.7616006485448663
v 110.8990811541107888 -21.1763498554402503 40.6675865505014187
vn -0.0958053548228486 0.0415753043836611 0.9945314615700571
v 111.4248890531579832 -20.6061492775290667 39.1065907455904025
vn -0.7741993378679690 -0.1077215878202452 0.6237078200265598
v 112.2379632517713901 -19.4792075140590306 39.4740998312744580
vn 0.8247659591357952 -0.0811519740845865 -0.5596208267684346
v 110.7176243858311437 -19.9182633987466495 40.4676243465360841
vn -0.9921636214926167 -0.0266469937394174 0.1220708233416437
v 112.3213680711457272 -20.7007238840789789 39.7414359906887285
vn 0.0718034241166147 0.0329696414896541 0.9968737487892703
v 111.2180090288711227 -19.9038328192389322 39.0840288899559383
vn 0.6207113766704444 0.0984949594078757 0.7778278278919588
v 111.1039124781828207 -19.2155457776183169 39.1348913343683904
vn 0.7917353942865724 -0.2127763746912617 0.5726091859262561
v 110.6887364402623177 -19.6749768586057350 39.4314053809749581
vn -0.7261896671572735 0.0557238123644876 0.6852323868948224
v 112.2696748778388951 -20.1728815985041585 39.5306621725657834
vn 0.8340945353955059 0.0124327992924293 0.5514813972611492
v 110.5744392004501009 -20.2288626796380022 39.5034786240411151
vn 0.8670793561719605 -0.0052170019799076 -0.4981427235148177
v 110.6682824420516766 -19.3324250311575128 40.4970437118383799
vn -0.9243844753165424 0.0470901148130215 -0.3785444001443649
v 112.3374047035308791 -19.2600594173708153 40.1478850287444544
vn -0.2415705479530883 0.5890513260866710 -0.7711434403515205
v 102.7266112359285160 -19.3749999646108471 22.9994247367604032
vn -0.5522786817361348 0.2402630721271247 -0.7982868618935384
v 103.5384827182399334 -19.2356959706188739 22.6313327577859980
vn 0.9785340780941468 -0.0163959314839298 -0.2054318170080102
v 102.7829231604420670 -44.0107967769453268 32.2437835748240218
vn 0.2994187722615040 -0.9539381328797484 0.0187199747679631
v 102.8243788147415643 -44.3544514264712504 31.5750648190657444
vn 0.3001334135447236 -0.7598200741045722 0.5767091026346942
v 103.4938205337567894 -44.2721410379692699 30.8801656626300414
vn -0.5647164303825828 -0.7346621038855389 -0.3759879604062171
v 104.7935637282584338 -44.3269786527259697 32.8481809988483207
vn 0.2816957293024923 -0.0282912008734564 -0.9590866092516748
v 103.6284061614040013 -43.6627515069338941 33.0891575709779175
vn 0.8463601095066760 0.0457410135318000 0.5306433121381359
v 102.9225644247701155 -43.4738772946341996 31.4278431628286761
vn -0.9562232056917654 -0.0141248091658140 0.2922972299947316
v 105.0522097472003367 -43.3412269255504086 31.4792110407986492
vn -0.6256549467538490 0.0756807014227079 -0.7764201948910174
v 104.6143357018594457 -42.3400353219352681 32.9220840759538476
vn 0.9991475916063789 0.0214545368098549 -0.0352674501126374
v 102.6972315797496407 -42.3144739391855254 31.9011914119968374
vn 0.6524642168746249 0.0008931479788453 0.7578190074053767
v 103.0588098580186198 -42.5877352253680996 31.2799966149665849
vn 0.3989083315191229 -0.0214111257911382 0.9167408067370982
v 103.6539768114248261 -42.0784817118725769 30.8425425885048377
vn -0.8413936138068896 -0.0242064589095641 0.5398803885973653
v 105.0096214187463772 -42.0316788748813224 31.5033641533666682
vn -0.9757769712836560 0.0126992013049711 -0.2183987925761288
v 104.9912983691590966 -42.7167036066285633 32.3519343613471406
vn 0.7770181072482086 0.1069574977441821 -0.6203248783377260
v 103.0411025721078033 -41.3905917217094768 32.7959757245032790
vn 0.8492061823305785 -0.2290042177578202 0.4758213195524693
v 102.9055230759706490 -41.2193104248504056 31.4037964877662219
vn -0.9071594029089530 0.0561537742935414 -0.4170234661820145
v 104.9923571435443534 -41.7639177753809250 32.4995991348259352
vn -0.2284265230707339 -0.1590265220627269 -0.9604852361376766
v 104.1581719881315564 -41.9736446752492967 33.1234376183933534
vn 0.2857350682239221 0.9566371602815712 0.0565757399905821
v 80.4909470610561328 -37.3749998900433624 36.5498844751191498
vn -0.4733160934364886 0.8525999605511739 -0.2214614706041610
v 81.6457539978011226 -37.3798939950813960 37.2428314163549672
vn -0.3966478789704657 0.1718274303667691 0.9017459699282188
v 81.2377655866240360 -38.5386204600322557 36.1529425734294847
vn -0.5509900494688448 -0.0684392265948361 0.8317006899416524
v 81.3380326481432263 -39.5001525814083863 36.3233459394647227
vn 0.3986145984600072 0.7431918851168994 -0.5373753099938222
v 80.7143355098282882 -41.1254756441893008 37.5431486805726493
vn -0.2735936907878629 0.8319858802402113 0.4826447839166978
v 81.3542696428171297 -41.1827762611673620 36.2811856797664944
vn -0.1295296515599063 0.8382919310012383 0.5296118463412468
v 84.6755164576105273 -37.3750001098925182 22.9338894826430426
vn -0.2057673889318738 0.1102639486923848 0.9723690879861010
v 84.7466308132383546 -37.8346795072888682 22.9136355529215514
vn 0.9870099304397113 0.0869315212352975 -0.1351085039111657
v 83.8097370645530049 -37.8434785433668424 23.8315109477050235
vn 0.8842676047445468 0.0733888727314614 0.4611777060510918
v 83.8742637430894291 -38.6837518175385568 23.3767947633033266
vn 0.9543198352469551 0.0155845203685367 -0.2983802519924988
v 83.8003198943732457 -39.2087300032756403 23.6319422076343777
vn -0.0561447172150670 -0.0695514876458222 0.9959971693208236
v 84.8808052494997867 -39.3442631462298209 22.9209013028878310
vn 0.5397973254477763 0.0290952637675614 -0.8412920498053714
v 84.2077691231693422 -40.0886738404297773 24.1558770137824332
vn -0.3535621650770261 -0.1188306970659002 -0.9278324530112525
v 84.5678441761415201 -39.4564763715822124 24.2837006089898750
vn -0.8256030664542031 0.0403922093377461 -0.5628037367379792
v 85.1628877849444166 -40.4116381597162970 23.9783978479067663
vn -0.6235079741512546 0.7728948634497503 0.1177766369989831
v 85.1532570011689387 -41.1749993454816945 23.3898052766927549
vn 0.3646998676128480 0.5446338950211465 0.7552270697990546
v 84.0704491681146351 -41.0927012904968407 23.0577274746947154
vn -0.6057234132772881 0.0812781638765153 0.7915131121368576
v 85.0049285002510260 -40.4177947180417121 23.0738014081165268
vn 0.9988196795373181 0.0395253300991845 -0.0282311184603012
v 80.5358785015334888 -41.4560669245048388 40.0585017511547292
vn 0.5165285176132401 -0.5117798989835269 -0.6864980884814462
v 80.7105998260449411 -41.8886996522550703 40.4021283541510599
vn 0.2757784983127737 -0.8976362175379425 0.3437956381813575
v 81.0159535207350672 -41.8751254243075479 39.2366404429767641
vn -0.2970814485834009 -0.9108521514247310 0.2865152197572185
v 82.3253596097647602 -41.8750884638433050 39.6983442706310754
vn 0.0706383178642540 0.0454372977514797 -0.9964665975447206
v 81.5351726447023566 -41.2823337933045025 40.9246100476596624
vn 0.2174638555422766 0.1804184466133175 0.9592490060741919
v 81.1088794267670465 -41.4993122755389052 39.1583963460337330
vn -0.8408253921713995 0.3347772605417934 -0.4253667190835979
v 82.2994666615961279 -41.5889915388529161 40.3580203986813828
vn -0.4755915636031664 -0.0600717041734171 0.8776127021569349
v 81.9603029481273353 -40.6815901324263152 39.2115486530035895
vn 0.4087234516837439 0.2245821427166535 -0.8845948231911167
v 80.8844003437790491 -40.7489890890014621 40.6889762533803037
vn 0.6509862750111751 -0.0892213801292130 -0.7538278418013713
v 80.8891503501003513 -39.5687277451746766 40.6674593529092121
vn -0.6741950297061247 0.1904358215508848 -0.7135791895716951
v 82.0964468472481741 -40.1178233773970447 40.5279106209077185
vn 0.1519824769383543 -0.0477607195109891 0.9872285654170848
v 81.2903976462331883 -39.6698051331853208 39.1477738568134512
vn -0.4696766360971463 -0.0671015545240237 -0.8802847487517481
v 81.9938354237179823 -39.5495907271771330 40.7126467125978166
vn -0.6627784191833387 0.0310459842788940 -0.7481717141973419
v 81.9030689103061178 -38.9444905314925336 40.7353377614697720
vn 0.5279984465677008 0.0502229147930077 -0.8477589865355537
v 80.9009222983685703 -39.0244221457524176 40.7598702199214813
vn 0.9759701727822524 -0.0159303707116442 0.2173210646218390
v 80.5448630685316687 -38.6492529613135645 39.6982572947694123
vn 0.4057638656248562 0.0016030141116504 0.9139765400156239
v 81.1632836479559927 -38.8907428243747546 39.1428645975475931
vn -0.5880530669286591 -0.0336750121168858 0.8081210206613398
v 81.9753904048166930 -38.6041882989221605 39.2561347711203368
vn -0.5175161140714576 -0.0734005407258230 -0.8525194615359434
v 81.9316387779108055 -38.2308709044565873 40.7981648178219984
vn -0.5234330600401683 0.7101100532702234 0.4709156441461105
v 82.0768728923607966 -37.4623409309084465 39.3391585730046103
vn -0.4633086003938621 0.8364842643951205 -0.2926417882333877
v 82.1378427585653839 -37.3772920994537401 40.4971706112843961
vn 0.0312995146135561 -0.8045129509285974 -0.5931098145985413
v 81.3135237556615209 -41.8744636493098881 24.9311254214196438
vn 0.6477452435760152 -0.5874177567421556 0.4851458321872530
v 80.7426513399791475 -41.8797214469730719 23.4329885945394771
vn -0.2336053020701908 -0.9723029176957246 0.0074564794022226
v 82.3734205809206941 -41.8750144404683127 23.8353153837495206
vn 0.8014400527409807 0.1613740073216376 0.5758925868801318
v 80.6996115058838370 -41.2819318844138508 23.4499362647678034
vn -0.7716994049000201 0.0354311342759880 -0.6349997348037806
v 82.0498834250205533 -41.4142219177928581 24.6313480309850448
vn -0.1097715688278452 -0.0353014462471183 -0.9933297592289961
v 81.5517276271561116 -40.3065016255713502 24.8777641095240867
vn 0.8937114474233399 -0.0342527196352567 -0.4473327619815782
v 80.6914998115223767 -40.5089712239923827 24.5509057539765898
vn -0.2522756767083708 -0.0704257942961271 0.9650892137202101
v 81.6353407390425190 -40.1401573656879336 23.1200416921363043
vn -0.4987271559605539 0.1064862133605998 0.8601929494430992
v 81.7989395402541106 -39.4561049400760737 23.1249014402512323
vn -0.8670447873685432 0.0859875052186666 -0.4907539970731845
v 82.2421131678579655 -39.1143102206954509 24.4172185748835844
vn -0.6045644919940456 0.7497475895038593 0.2690359214921564
v 82.2403662794521892 -37.3846109110717961 23.6399735786233940
vn -0.0892772129578874 0.8347347628429749 -0.5433667775526529
v 108.4359701701935847 -37.3738022312287512 41.1018155487002588
vn -0.4434543066054132 0.8961089666192172 -0.0183575024921946
v 109.1447300280130008 -37.3761876116557872 40.4229689406952630
vn -0.8268463224028806 0.0244529345277802 -0.5618960874768676
v 109.0199269584858826 -37.7261703079652051 40.7655815018893648
vn 0.9240784771863976 0.3459364189376946 0.1625021909188682
v 107.7105507213795335 -37.6544052965713263 40.4330109170754284
vn 0.2532577783682563 0.1682334657014907 -0.9526583851066659
v 108.2651961647463992 -37.6596173480181236 41.0552113290489302
vn -0.7947523433057093 0.0441817746148666 0.6053236189031163
v 108.9988389452661153 -37.9091736438503872 39.9719496098966900
vn 0.5496352255973499 -0.0094376923069987 0.8353514522322139
v 107.9612865733838447 -38.6135379734059399 39.8442343967311743
vn 0.1599993454711587 0.0854008355605895 -0.9834159378077793
v 108.2394394599776035 -39.4191264627087747 41.0835107947976539
vn 0.9904124974581324 -0.0025480948917892 -0.1381180368060848
v 107.6766310458162224 -39.2313493801348230 40.3177531458815537
vn 0.5934731373267319 0.6329557076922563 0.4971485767568495
v 107.7698204361407193 -41.0545804191775403 40.0029854049824607
vn -0.5389561613143936 0.7676525351663913 -0.3467504022115410
v 108.8761444379868948 -41.1758789493110271 40.9256527100959389
vn -0.1829569121784136 0.8031846130711117 0.5669402487140501
v 108.5313364061855879 -37.3749999693673374 22.9502630847763562
vn 0.9509390070313271 0.0489821854146652 0.3054762681752496
v 107.7276624509634786 -38.6711227822812020 23.3543367618907354
vn 0.6037792317761597 0.1055304117252131 -0.7901354133798191
v 107.9380729136145902 -39.1606709626168907 24.0630186805774926
vn -0.0389268470176337 -0.1188667080421300 0.9921468673036733
v 108.4408404227193614 -38.7618999384333520 22.8413101565068359
vn -0.9755889822901888 0.0961710701518427 0.1974266012974014
v 109.1776809377543742 -39.3375798763938178 23.4320504669868299
vn -0.5397181772861528 -0.1663867951782681 -0.8252391916876088
v 108.9081977861014678 -39.8708785367608129 24.2056960890248085
vn -0.9476955798603649 -0.0885237328962564 -0.3066539362656850
v 109.1976780428995397 -40.3706597602843118 23.6424232574642446
vn 0.5517884095724389 0.6507266960344585 -0.5216170224691635
v 107.8664357627488783 -41.0739357597401877 24.1299936639338455
vn -0.7308100286914790 0.6446509616318192 -0.2243698723784684
v 109.1677017276810915 -41.1143613688639036 23.8675460949849487
vn 0.3186128692579099 -0.9133762254059333 -0.2534358112154862
v 110.8105791856011706 -41.8749999811774032 40.5332173518413867
vn 0.5707622750310561 -0.7249043238473279 0.3856736271367556
v 110.7403144777153301 -41.8749382118198596 39.4738241966789261
vn -0.3165763892442339 -0.8320316803598778 0.4555246125629231
v 112.0119067363059315 -41.8750000062184924 39.3823060067158721
vn -0.7894293316092650 -0.4392520483064080 -0.4287877895341402
v 112.2696280722086328 -41.6483410394093099 40.4841716407982588
vn 0.4375192361013696 0.2314165631158467 0.8689207629910356
v 111.1810666651292081 -40.8486637574736378 39.1336353262740388
vn -0.7935973316271682 -0.1721977618683110 0.5835676533545898
v 112.2089758052482011 -40.3457079542092174 39.5641736112876004
vn -0.9240688307118156 -0.0131899540144652 -0.3819984570911170
v 112.2528872729890281 -40.6841069092579062 40.4089448813374830
vn 0.5411978992729908 0.0167403718166241 0.8407286088708668
v 110.8674103526321915 -39.8808551575370416 39.3346193606279328
vn -0.6895662021097247 -0.1189379595548014 -0.7143893998968005
v 112.0550740101117952 -40.2412876297311328 40.7139786683863960
vn 0.5053396863587546 -0.1076069447386584 0.8561848788870584
v 110.8060953296678548 -39.3598146367441259 39.2995775909705927
vn 0.3474550492099237 -0.0546280901295914 -0.9361040329724698
v 111.1275772144684595 -38.5018576179639993 40.8825154125049366
vn 0.9994654126499535 0.0268820438566505 0.0186076498931813
v 110.5291356640930900 -38.9344760550975906 40.2646759626683348
vn -0.9854847446204932 0.0689650748420257 -0.1551245840359132
v 112.3820830355150662 -39.0742451664178105 40.1490157987287049
vn -0.8431625177388489 -0.0399078686867570 0.5361756528388488
v 112.2904866849533079 -38.4619794416560126 39.5738984615536467
vn -0.8409337813843279 -0.0575448786985637 -0.5380696630197832
v 112.1548724724951853 -38.3755235046852050 40.5931218169993357
vn 0.4316656128268398 -0.7892555855676739 -0.4367383877712799
v 110.8199366735527605 -41.8703009196041123 24.5592568922244183
vn 0.2317318721488212 -0.9585435012404709 0.1658152455598147
v 110.7371714263851601 -41.8750000091279304 23.5322666630582447
vn -0.0596977861111338 -0.9949093237278551 -0.0811887424019560
v 111.6690784798985163 -41.8747567193930479 24.8420076183932075
vn -0.0227363790180079 0.1743589449200130 0.9844196337921798
v 111.2563877265259151 -41.2671776164578148 23.0253102525127780
vn -0.8328042510489970 0.2502077691014002 -0.4937946452889295
v 112.2809786928052063 -41.5765231807050810 24.4005327413351161
vn 0.9907452110589707 0.1320228258719825 -0.0315261829673623
v 110.5126552726588898 -40.3492854362164266 24.0028979078586140
vn -0.9015986515655640 0.0054649586081570 0.4325390221963422
v 112.2572949813008307 -40.0176713896482497 23.5629353434439821
vn -0.7324023201312589 0.0045393904809622 -0.6808569860113137
v 112.2721433571097549 -39.9452385828117968 24.5007635688679493
vn -0.9064610151789512 -0.0567304213216945 -0.4184615720199505
v 112.2579864104152279 -39.2174220529278443 24.4282815383215706
vn 0.1749000044375847 -0.0171802550780401 -0.9844362992510923
v 111.3390357932186561 -38.9682009860133007 24.9860040761445497
vn 0.9788062736870246 0.0376757633087999 -0.2012928599081968
v 110.5702014957371944 -39.2016659074721261 24.0735840266063050
vn 0.5184529364462662 0.0955346109057533 0.8497527233315173
v 110.8441119903963852 -39.0271588703884120 23.3032563226458080
vn -0.6599927264958834 0.1470338751612344 0.7367432663605421
v 112.0401406290098549 -39.0110886525936280 23.2987573803904127
vn 0.1883767676466847 -0.1725862699175623 -0.9668134115986027
v 111.2277287337548444 -38.5550699177319913 24.9108187526299396
vn -0.8423645577813655 -0.1343062868130639 -0.5219039884081089
v 112.2757850699659770 -38.7136948830064327 24.3894229403064138
vn -0.9936179449292554 0.0710584896875128 -0.0876017725727784
v 112.3777115312671384 -38.2826754524279167 23.9525828945910995
vn 0.1859353329333313 0.7580372081405972 0.6251460973575539
v 111.1819898627861534 -37.3743942030119030 23.1513994754070076
vn -0.2988497123241335 -0.9511647064082538 -0.0772952180091575
v 79.6346664400000037 -41.8750000000000000 23.0828418699999993
vn -0.1552781280786699 -0.9512454218212679 -0.2664973741042531
v 80.5175094599999994 -41.8750000000000000 22.2000007600000018
vn -0.2682667416608774 -0.9574273220290683 0.1066108735115828
v 79.6346664400000037 -41.8750000000000000 40.9171562200000025
vn -0.1545731391754464 -0.9508437535191628 0.2683343083525432
v 80.5175094599999994 -41.8750000000000000 41.7999992399999982
vn 0.5418398452731267 -0.6132866814300038 0.5747077765742928
v 100.4322139182489195 -41.8749999791723013 28.4093392864492245
vn 0.6735497441095656 -0.7163117817448496 0.1822859663919788
v 99.0131506047519281 -41.8750364452681438 30.6182871017399236
vn 0.8192270413921725 -0.4769070092117744 -0.3184756807301121
v 99.3076986170942178 -41.8748513852046855 34.1541343976488818
vn 0.0017438052126748 -0.5110243459027121 0.8595644693902171
v 103.8095209127366019 -41.8749999664168939 26.9815445888350034
vn 0.1522680109720202 -0.9261937031530111 0.3449343083462949
v 101.9279546850615645 -41.8750644299592949 27.3810498760667436
vn -0.3425630698111242 -0.7076558811817333 0.6179593004644267
v 106.6115480200545562 -41.8753927784511006 27.6361495150205378
vn 0.1401535732199094 -0.9367464462166619 -0.3207227329238541
v 112.3518219000000045 -41.8750000000000000 22.2000007600000018
vn 0.2516376884373477 -0.9616155057736616 -0.1094261980221070
v 113.2346649200000002 -41.8750000000000000 23.0828418699999993
vn -0.6168391369507799 -0.7091957601506376 0.3413954494573359
v 108.4537611258845686 -41.8750000119048451 29.8233534620838512
vn 0.2861045205696258 -0.7810601272544020 -0.5550579077204123
v 101.7399777600098929 -41.8749035398276988 36.6234642457801129
vn -0.7192289239924644 -0.6946702383532017 0.0119588811745689
v 108.9932262950271422 -41.8749826602319999 31.7301203032629466
vn -0.6377098782551193 -0.6852624215145284 -0.3517691357067669
v 108.2709365896234459 -41.8751990140695156 34.6444012843990521
vn -0.2570068189614549 -0.7460556837567716 -0.6142869132103742
v 105.6166630527134629 -41.8758664242378558 36.8470327155923556
vn 0.2202553619382968 -0.9746911732649227 0.0382712986045460
v 113.2346649200000002 -41.8750000000000000 40.9171562200000025
vn 0.1476341477661048 -0.9382645772279391 0.3128318102953287
v 112.3518219000000045 -41.8750000000000000 41.7999992399999982
vn 0.7802609425870042 -0.5354793581106936 -0.3231945521053830
v 113.4346618699999993 -41.6749992399999982 23.0000000000000000
vn 0.8470343678741049 -0.3508499131914083 0.3992957776557331
v 113.4346618699999993 -41.6749992399999982 41.0000000000000000
vn 0.2785606585484963 -0.3263524991806940 0.9032707267411819
v 112.4346618699999993 -41.6749992399999982 42.0000000000000000
vn -0.1969712010609422 -0.3461512616734184 0.9172685811661220
v 80.4346618699999993 -41.6749992399999982 42.0000000000000000
vn 0.5345224838248488 0.2672612419124244 0.8017837257372732
v 91.9346618699999993 -37.9749984700000027 42.0000000000000000
vn -0.4082482904638631 0.4082482904638631 0.8164965809277261
v 97.9346618699999993 -37.9749984700000027 42.0000000000000000
vn -0.4364652295953452 0.2183049281227427 -0.8728350713116464
v 97.9346618699999993 -37.9749984700000027 40.7999992399999982
vn 0.4853886449979580 0.4848042537941186 -0.7275731570159621
v 91.9346618699999993 -37.9749984700000027 40.7999992399999982
vn 0.8164422063483728 0.4084258286183187 -0.4081794534398329
v 91.9346618699999993 -37.3750000000000000 41.5600013700000019
vn 0.5773957622698939 0.5773275233215719 -0.5773275192887899
v 91.9346618699999993 -36.8250007600000018 41.5600013700000019
vn 0.2254926729596107 0.8264379359247727 0.5159005645528327
v 80.7394999080576383 -36.8244022559496713 22.4603889876766303
vn 0.8642980026735954 0.4358979543967033 0.2509620208860364
v 79.8654463742841756 -36.8250007443346092 23.6219699581751321
vn 0.4113489023400289 0.3961254858111763 0.8208999208396313
v 91.9346618699999993 -36.8250007600000018 22.4400005299999989
vn 0.3711556245615949 0.9099929989347985 -0.1848140802156165
v 79.8774973075404375 -36.8251114573951526 40.6842315627978977
vn 0.2437388976554312 0.6152767969989885 -0.7496838085782438
v 81.0360255438882291 -36.8250007486621058 41.5587131845064803
vn 0.7844650769055811 0.5883477592252111 0.1961159282929201
v 91.9346618699999993 -37.3750000000000000 22.4400005299999989
vn 0.4850712500726659 0.4850712500726659 -0.7276068751089989
v 91.9346618699999993 -37.9749984700000027 22.0000000000000000
vn 0.5345043800795405 0.2675907958625757 0.8016858696805248
v 91.9346618699999993 -37.9749984700000027 23.2000007600000018
vn 0.5705989854260192 0.5823709150612671 0.5790171976042680
v 80.3887186693791875 -37.3750001332594763 22.7309119813313210
vn 0.0481534581481807 0.8617818643181929 0.5049883788768126
v 81.2447959266105926 -37.3749999942895812 22.4400770146662865
vn 0.3063560589629447 0.9489199973539302 0.0754771737580976
v 79.8653577902298650 -37.3749999902271739 23.6972873133211941
vn -0.2597447193864733 0.8365107038779647 -0.4824754118589200
v 81.8632196892608022 -37.3794903052022818 24.7863070191199242
vn 0.6405019363004633 0.7268013613293905 0.2480263106307517
v 80.6633890587283560 -37.3748329578781409 26.3982303881219522
vn 0.1286078874494805 0.8422014567689743 0.5235997684319573
v 82.8848587056771606 -37.3740892525092789 24.9030598198492754
vn 0.2722529927206089 0.8097852890324404 0.5197365617515461
v 86.0486617040232886 -37.3754967780815051 23.5483662255961619
vn 0.4021993295443440 0.6556355650251068 0.6390443687165148
v 85.0962462083071358 -37.3750809042060439 24.8073001132247413
vn -0.7992958207445712 0.5141558726882228 0.3110786548776282
v 85.2508466109747900 -37.5222915409793387 23.5031481727756422
vn 0.0871744145131314 0.7091697152126820 0.6996277127726261
v 86.9355200922322808 -37.3749999972169746 23.2002689505831015
vn 0.8909870547534631 0.4482227822077560 0.0723768317328694
v 80.6337540031263700 -37.3750000483817288 29.4094623609283659
vn 0.3685304975797704 0.9296150574368676 -0.0010570431666837
v 80.4033332511056926 -37.3749018005315676 31.0195843483078235
vn 0.9437240123344637 0.3159752625297810 -0.0976965813760996
v 80.6340871346676664 -37.3749998529409453 32.5680680184725801
vn 0.6990888705072889 0.7094535599794750 -0.0891650007867036
v 80.6353675942888941 -37.3749999388887204 34.5286098016714149
vn 0.5479248539581659 0.7133642485775262 -0.4369093764916745
v 80.9387143511868885 -37.3757466082689049 35.3590228544627436
vn 0.6300322911211171 0.7458073144401796 -0.2164041632506248
v 82.2426411874802881 -37.3752668655218798 36.3373241471496868
vn 0.4795291928049611 0.8484445564081294 -0.2240392553755591
v 79.8716896053517189 -37.3756412296789549 40.7231969027538199
vn 0.2329645955941943 0.7685737543027621 -0.5958371265678155
v 80.9163265643407925 -37.3759441788349633 37.6710136655786627
vn 0.5585197271095489 0.8161606524123811 -0.1481131455451246
v 82.3432065448717481 -37.3747012657047932 38.5467599036102087
vn 0.0738266381940398 0.8771016981362234 -0.4745969222609009
v 81.0624916200245877 -37.3749999838241109 41.5580837384432016
vn 0.3806569537678536 0.8540665402450140 -0.3545005336837874
v 83.1191841276013434 -37.3718961418403453 40.1928117146783563
vn 0.2007726452045275 0.7232502667194615 -0.6607566848907431
v 83.9442253810734371 -37.3749590548140986 40.7940040580570411
vn -0.4085743273079616 0.4081959573472262 0.8163596508097568
v 97.9346618699999993 -37.9749984700000027 23.2000007600000018
vn 0.1580795638525937 0.6385270299995072 0.7531892746529136
v 86.6359572001746017 -41.0750009279538872 23.2024255304742830
vn 0.8691930378909428 0.2716804315121089 0.4131503431141120
v 80.6784694854125348 -41.0756819549155665 26.1979337096236087
vn 0.2262086155911920 0.4640769553548028 0.8564241015647169
v 82.9538002048801815 -41.0746930414903417 24.8793432886700501
vn 0.4454469526084213 0.8944878578559672 0.0383208110576177
v 80.6346664400000037 -41.0750007600000018 29.4508075699999985
vn 0.1075295380521776 0.9667677994445736 0.2319427093128430
v 84.9594299286860490 -41.0750016541955318 24.8164796705518569
vn 0.6864511279005258 0.3185147335688102 0.6537072842669613
v 85.8688589998356235 -41.0745863851481943 23.8113184913173441
vn 0.9699525796688711 0.2432866266325794 -0.0019001303750842
v 80.3850402923841472 -41.0734481075615818 31.0101319500556869
vn 0.5969798761408669 0.8013359244674669 -0.0384156692080900
v 80.6346664400000037 -41.0750007600000018 32.5491943399999997
vn 0.8557217580601143 0.3371842931266469 -0.3924882485517123
v 80.7153156352543419 -41.0744622869550255 35.0975196454253506
vn 0.3855796754797432 0.8766628155592862 -0.2877335949669435
v 82.1908255831427681 -41.0749976871247071 36.2288878443509077
vn 0.8171358687711811 0.5561391765062390 -0.1516515358396656
v 82.3179398327309571 -41.0738781910881769 38.5665863016892700
vn 0.0828689913895524 0.7900550248473380 -0.6074090779528656
v 84.0290502709436282 -41.0750020848290802 40.7989935514074276
vn 0.7323034681287697 0.2488204940304220 -0.6338927293454569
v 83.1393468225607677 -41.0747921739654132 40.2521636721405542
vn -0.1558814663806298 0.7270148344598257 0.6686930528384279
v 106.3234990580327803 -41.0749963740328852 23.2027647334139466
vn -0.2543758639687376 0.8373297468023775 -0.4839130241582932
v 102.3691933618594589 -41.0750007518152529 28.9997827286091265
vn -0.6694516229151595 0.6268069702883627 -0.3986822626781666
v 100.9153977340844222 -41.0750045799233732 30.3310933186300709
vn -0.5920198991549028 0.7953952313629598 0.1298416918007550
v 100.6366327417688922 -41.0750208678282647 32.8815573286109171
vn -0.6225954293530516 0.4473240133098707 0.6420873448877809
v 107.1623730488179689 -41.0749717950814670 23.9084248595210980
vn 0.0272784806348277 0.7503823722431322 -0.6604408981286856
v 104.2635856149055797 -41.0750696106581259 28.5635519547684709
vn 0.5499424409027684 0.5687738578697894 -0.6116041287449109
v 106.0483165759526258 -41.0750007663435497 29.3732155095844902
vn -0.1322743419083664 0.8368244678431976 0.5312516432837244
v 110.0055994375885717 -41.0749172427556815 24.8957913866001803
vn -0.1635127313140993 0.8183667219933574 0.5509441850424145
v 108.0424306072832650 -41.0750081489459689 24.8283533466898945
vn -0.6914894149045233 0.2530095782974667 0.6766302848415361
v 111.8493877232959903 -41.0747841286026159 25.7945507639145042
vn -0.5373770210436399 0.8373088023312514 0.1006971041930641
v 112.2344712430159035 -41.0750007600478781 26.7867528401506370
vn 0.4891924859288131 0.8666170756872889 -0.0983135587698867
v 107.2368233159579489 -41.0749662153909725 31.0470389803407798
vn -0.1467359896003151 0.7895226460067235 -0.5959215894717679
v 106.1802460903550269 -41.0750007613130279 40.7994270939868500
vn -0.4682385200253067 0.7147056574730949 0.5195656951151237
v 101.7022165421463598 -41.0750193869666447 34.5510907072851552
vn -0.1470116175749396 0.4685565172385334 0.8711155919000048
v 103.1917356047084837 -41.0750008287608139 35.3016104317655532
vn 0.2126838057840982 0.9042842985145828 0.3701830712190671
v 105.7004286160854605 -41.0751473661126170 35.0039572633418743
vn -0.3674070860587021 0.8418943907090727 -0.3952541815167205
v 107.5549883389253267 -41.0750007598002327 39.4835517177945690
vn -0.2139704063885921 0.7148175053142457 -0.6657721827218520
v 108.2023391580865876 -41.0750007591432720 39.1561125350241994
vn -0.7259043855028785 0.3336535056279046 -0.6014467235673483
v 107.0409366728223688 -41.0750007694508028 40.3386475933999407
vn -0.2694753958755802 0.2495590571595841 -0.9301092882061326
v 109.9786144314909961 -41.0748487689333288 39.1332847539533546
vn -0.6014498190962612 0.7882833884904593 -0.1298746108331963
v 112.2343127340611346 -41.0750007613643575 37.2888455803961065
vn 0.7913734291057040 0.5171895537140391 0.3259494765060261
v 107.1690031479855065 -41.0750008213773299 32.9958606819897611
vn -0.2028957132550366 0.8944273245440426 -0.3985386940457804
v 110.7137021084121642 -41.0750007592624797 38.6752712025236960
vn -0.5610403844397504 0.3307180390383438 -0.7588539159036670
v 111.7379483522074253 -41.0724478367911416 38.2626460568578679
vn -0.1065721349235776 0.7086107574013850 -0.6975049638195174
v 106.1453569950694913 -37.3749999995996234 40.7989856788254954
vn -0.1269455265171281 0.7531915112929656 -0.6454358067333322
v 107.1583064061000954 -37.4104753335962812 40.2793285579292402
vn -0.1290131031022356 0.5676910314277047 -0.8130698076207730
v 108.2275878228984283 -37.3749999188941473 39.1528694236596380
vn -0.6150660425127232 0.4733969980307486 -0.6305466244483530
v 107.5603621920506185 -37.3750000034820218 39.4739318451818662
vn -0.1152042765930150 0.9051197728886395 -0.4092507438975493
v 109.9699390045204694 -37.3743982728970465 39.1247144317622428
vn -0.6892941596161352 0.7125783403396853 -0.1307886478171010
v 112.2343335518473140 -37.3749999992412683 37.2419663710889921
vn -0.4831457049265317 0.8142446966953502 -0.3218319463859080
v 111.8882866484460834 -37.3764405404061861 38.1187535021826633
vn -0.3568934973940380 0.6132156697093550 -0.7046939576445644
v 110.7615871375600420 -37.3750000050278288 38.6481803924030132
vn -0.7759380401887965 0.6084541027086655 0.1664444732785151
v 112.2340850459648323 -37.3750030268135447 26.6729628806355699
vn -0.3235178935311617 0.9030108411268034 0.2826793118935710
v 111.7653332817322394 -37.3755300072307435 25.7622735558530742
vn -0.1473731878174821 0.7997086596355255 0.5820199336933953
v 109.8812857559624376 -37.3745677958632996 24.8832049301883202
vn -0.3396969869867764 0.8580324914747767 0.3852092945473840
v 107.1798753180563040 -37.3741941736762513 23.9200593292963539
vn -0.4307289988802860 0.6174881250078036 0.6581648311767604
v 107.9538378203347264 -37.3751243612050033 24.8034738038861100
vn -0.2346747969803840 0.7276014763418153 0.6446113800480304
v 106.3714508375753525 -37.3750580110973374 23.2085410963889096
vn -0.7426732248749458 0.5572553206192142 0.3713529166378324
v 97.9346618699999993 -37.3750000000000000 22.4400005299999989
vn 0.5433285580023782 0.6410616607447902 -0.5420645950273711
v 108.0068211828344857 -37.4604797473523021 24.1603445677072415
vn -0.2274646772296846 0.8143665130043914 0.5339166630756749
v 111.7761474596286462 -37.3749999781425615 22.4413822945881130
vn -0.4182428895424729 0.8893286819868601 0.1848442066786980
v 112.9764672469106301 -37.3753882589481066 23.2918072868387931
vn -0.7845131400261171 0.5883480864204643 -0.1959225927037002
v 97.9346618699999993 -37.3750000000000000 41.5600013700000019
vn -0.4204552706964957 0.8928430856671340 -0.1613957549625376
v 112.9753815814008817 -37.3764665502226308 40.6327984058978302
vn -0.1578865622634277 0.7845825123472299 -0.5995849520923167
v 111.8526653910256528 -37.3754226317793226 41.5592490080522978
vn -0.7255814325059730 0.6838877573011317 -0.0763486752747475
v 112.9846384857508355 -36.8250007611474999 40.1521599878970221
vn -0.5239059882655867 0.7483879729588547 0.4067406512631797
v 112.9684097800376179 -36.8249694988016785 23.2382118189015223
vn -0.1323422304332571 0.7182750912173608 0.6830566794788285
v 111.7550653331972086 -36.8250007506214061 22.4405795884380019
vn -0.5773663961407832 0.5773422057985013 0.5773422052917363
v 97.9346618699999993 -36.8250007600000018 22.4400005299999989
vn -0.4364357804719848 0.2182178902359924 -0.8728715609439696
v 97.9346618699999993 -37.9749984700000027 22.0000000000000000
vn -0.4082106260584190 0.4085543202942895 -0.8163623289580825
v 97.9346618699999993 -36.8250007600000018 41.5600013700000019
vn -0.1153836588857325 0.8258158071243209 -0.5520098404609717
v 111.6422446928331880 -36.8250007566487554 41.5597558527036668
vn -0.4830746584436238 0.7258281011754090 -0.4897064854723455
v 112.6629748227791481 -36.8250011559565209 41.1106005295265859
vn 0.3682490038820244 -0.2720598178656789 -0.8890310043203163
v 112.4346618699999993 -41.6749992399999982 22.0000000000000000
vn -0.2756808951190600 -0.3055094306198243 -0.9114077198864976
v 80.4346618699999993 -41.6749992399999982 22.0000000000000000
vn -0.8510998898209965 -0.4090138135492891 -0.3291453749827803
v 79.4346618699999993 -41.6749992399999982 23.0000000000000000
vn -0.7922658365251174 -0.4641047339291235 0.3961333616595973
v 79.4346618699999993 -41.6749992399999982 41.0000000000000000
vn -0.5668053154773768 0.5091769901949517 0.6476654437304815
v 112.2043902602629117 -37.4691106880723837 23.3845867695794141
vn 0.4574779684840064 0.8538727544413969 -0.2482241478470787
v 110.4978664778746520 -37.3878421571385999 24.3465101271393820
vn 0.8938015756799543 -0.0088973199508081 0.4483743759513070
v 110.5476772209106855 -37.5481089899729099 23.6975569350672046
vn -0.0615122414525812 0.0926637382421089 0.9937955905348329
v 111.4845957007688781 -37.6926840956893443 23.0746605336019428
vn 0.3132107444057599 0.0731719263984720 -0.9468605487482971
v 111.2689258899512765 -37.7759583581854699 24.8631363715957470
vn -0.5485651270325352 0.8081244933941774 -0.2145019920191480
v 112.2408711019145926 -37.3844031982255132 24.2320526284880273
vn 0.5203729640140892 0.0176144535478996 0.8537574066146661
v 111.1109615610675547 -38.6078404254471153 23.1510395827861544
vn -0.7305421647881426 -0.0102562375347604 0.6827905645644825
v 112.1227135296316959 -39.3477329836481857 23.4350119220330306
vn 0.8249102110933469 -0.0330743371834965 -0.5642953409818320
v 110.6167282021019389 -39.7880572537207300 24.4983494193515199
vn -0.1452702993417571 -0.7957863125125639 0.5878951309092568
v 111.8844730749646459 -41.8399134476274810 23.2340712090418542
vn 0.9525971519113318 0.0780363889472936 0.2940560969789371
v 110.5489726219299058 -41.3660359508227060 23.8124928903792501
vn -0.9178611160079753 0.1327641673841687 0.3740382969421482
v 112.2414704922147592 -41.0449449356682194 23.5390232052721622
vn -0.5723387975778782 -0.0532350151911792 -0.8182874396840657
v 111.8814580526296822 -40.6149584591661252 24.8158523752605760
vn -0.7135876912445134 0.1490190842295334 -0.6845333588947410
v 111.9778322661486669 -41.1955142755558299 24.8002688585656408
vn 0.4926826514293781 0.0275590219031063 -0.8697725595190171
v 111.0229937268363756 -40.3134764424366168 24.7986572302129709
vn -0.3866981716848141 -0.0870635792434782 0.9180873908212315
v 111.8549352043448835 -40.5902769904945799 23.2167513250046404
vn 0.5072720259508688 0.1146195197874592 -0.8541296490412876
v 110.9779316963695237 -41.1827231555106081 24.7579373285707334
vn -0.9987862785264550 -0.0490146660154828 0.0048510146016755
v 112.3169700426516897 -40.6715199813418309 23.9429600330407162
vn 0.9193552832813269 0.0127843559117504 0.3932205784882485
v 110.7037100342047751 -40.7807547097273115 23.5410293531849426
vn 0.4948633740354946 -0.0360187155287658 0.8682239879028130
v 111.0650612703720697 -39.9562566471582272 23.1739704720893869
vn 0.0906374990957583 0.0939185176997921 -0.9914454880580880
v 111.4230863178224240 -39.4327934130991196 24.9388351460762330
vn 0.9968537487732789 -0.0013095088504073 -0.0792520582901891
v 110.5592630072323317 -38.5255686823794150 24.0044456441641607
vn 0.9971309273161382 -0.0756660321000315 0.0021366740264119
v 110.4859399488819491 -37.8916503512227152 24.0261816727028830
vn 0.1363985441780762 0.0101031071886300 0.9906025259261336
v 111.3488393230753246 -38.1684925590927051 23.0734701884806768
vn -0.1906036078925770 0.7880109324962522 -0.5854135588835637
v 111.6099436603382458 -37.4271987512176736 24.8913496532656069
vn 0.4219126922158852 0.8507679538490726 -0.3133425742707270
v 110.6649612142332870 -37.3848271151527243 40.7586829226625653
vn 0.0771481595802669 0.5457268342373974 0.8344042089219144
v 111.3250812784411750 -37.4306910861349849 39.1767133765324971
vn 0.3239494703512061 0.9272355495208927 0.1878589267611761
v 110.5472592154365259 -37.3906294499811480 39.5430050949044514
vn 0.9975454263186592 0.0183661962655175 -0.0675707426735926
v 110.5187407928187611 -38.4382048749369858 40.0555440655021258
vn 0.3202618546681530 0.1533160630587519 0.9348403763491817
v 111.1500926193407537 -38.4414908174507133 39.1197773489660108
vn 0.6738482584263005 0.0267659576353537 -0.7383847967880326
v 110.8841149876000429 -37.8323132017275157 40.6935709928904714
vn -0.7269943955669336 0.6715482026883645 0.1431857544600593
v 112.2650436847829809 -37.4179376157367329 39.8258714844923887
vn -0.2782601020220475 0.5904225377256297 -0.7576097561200668
v 111.9358861774479266 -37.4793656718455139 40.6965617772937875
vn 0.9195952809494747 0.1118180197493925 0.3766181749660801
v 110.6528481960131955 -37.8234214483211701 39.5188960593451810
vn 0.6327441164775679 0.1090151793542241 -0.7666489246932968
v 110.7273684394572797 -40.5623546084132656 40.5886453789787822
vn 0.1203657897456763 0.0744539908125663 -0.9899336745009647
v 111.3504181500537271 -39.1611810952154045 40.9254750475104245
vn -0.8253313340477980 0.0918284066759422 0.5571317014550867
v 112.2123439549886541 -39.6120552925398570 39.6106541620205590
vn 0.7961457182863374 0.0027256204627322 -0.6050988070120655
v 110.8599730130890038 -39.7314685278330302 40.7303765852421762
vn -0.0209002460451961 0.0488773393755864 -0.9985860931391014
v 111.3384120379331250 -41.0082174160553663 40.8672711861106919
vn 0.9784205245616592 0.1409391193662038 0.1510941486251751
v 110.5223210287910689 -40.5128400585843025 39.7594540471506406
vn 0.9788624059876535 -0.0716338752618636 -0.1915645532425823
v 110.4984099527351162 -41.2998473104321562 40.2173787400625855
vn -0.6975368205853238 0.0172729465578104 0.7163407214761204
v 112.1288557661754766 -41.3434326892487150 39.3437371189635243
vn 0.2814432720755327 -0.1714063571775366 0.9441448751767626
v 111.1065409730358198 -41.5682228771000624 39.1335013521613746
vn 0.1220297323053987 -0.6850646099841509 -0.7181888502202857
v 111.5963377759485553 -41.8334320459264077 40.8294948594864806
vn 0.9928632074316200 0.1108431154924900 -0.0440051710201698
v 110.5406949487812085 -39.4091630569259834 39.7988625842511112
vn -0.4696602917829860 0.0961311208965170 -0.8775978679996322
v 111.9038622874315649 -39.7681615483319177 40.7499889592004862
vn -0.2216615233180973 0.0384150304580336 0.9743666940711844
v 111.6282577891355032 -39.0098310005808102 39.1230813552279457
vn -0.7562077937295819 -0.1153007224011388 0.6440927853317514
v 112.1430497031495008 -37.8628128830000747 39.3557274522905658
vn -0.4217064114913810 0.9051877275099989 -0.0529044466216812
v 109.1189721920555371 -37.3884394501097432 23.6920661411459008
vn 0.5764984740380709 0.7438835203272814 0.3380633337368411
v 107.7409038501673280 -37.3865671587321486 23.3064371126523113
vn -0.6660498793184663 -0.0960604199739282 -0.7396958523435758
v 108.9099418137066380 -37.7540236744484616 24.1806948868617617
vn 0.9826025360253459 0.0447296971081565 0.1802540163024713
v 107.7152634691038315 -37.6466890433374175 23.4857414487237648
vn 0.1743355700077472 0.1172969793022048 0.9776750624193358
v 108.3170836915669071 -37.8977261446076525 22.8840240546054368
vn -0.8729899998406500 -0.0177504393983380 0.4874149998506282
v 109.0579049669646139 -37.8023123411507385 23.2686786285330847
vn -0.8836633962666782 -0.0312326414246882 0.4670797835574522
v 109.1016267433600575 -38.5565395398302257 23.3498543831577159
vn 0.6698289210128340 -0.0663995138130411 -0.7395406149361741
v 107.9379810930386867 -38.2888211343750413 24.1640811481821274
vn 0.5477527769765561 0.0088135761384606 0.8365938179248772
v 108.1367505783271525 -39.4137021733838893 22.8930769957020495
vn -0.5534313683834684 0.0439526955677313 0.8317342610723282
v 108.7098708573849706 -40.3517516526906661 22.9320120980032236
vn 0.9067569490381370 -0.1010697967199370 -0.4093613703832351
v 107.7960779389788399 -39.8084450562136496 24.0135671245703080
vn 0.5740125196451045 0.4825546490950640 0.6615516895356085
v 108.0228236149488339 -41.0053256995336355 22.9437756034464790
vn 0.8116464804615433 0.0457237549385009 0.5823567025360947
v 107.9566324495871044 -40.2000235691477101 23.0286098198819857
vn 0.5425910641814656 0.1044410625864342 -0.8334788548705007
v 107.9484724454991351 -40.4661746553176300 24.1961473578389139
vn -0.4702192449202117 0.1909745715409128 -0.8616394691118965
v 108.7327458852243183 -38.7114610347952777 24.2435589542243228
vn 0.8587182980711581 -0.0556003508959339 0.5094226982948667
v 107.8199666600753517 -38.3078490692145763 23.1913264880930790
vn -0.0045888260204509 0.8565380359973096 0.5160634995479003
v 108.4236170059662072 -37.3850695802472472 39.6345494130334899
vn -0.8557271992155518 0.1303581894639058 0.5007371595581857
v 109.1036506703260045 -38.4782798721175183 40.1152528540977684
vn 0.1393297773953091 0.0917583295787961 0.9859856094709915
v 108.2004655617306526 -38.1382881944880481 39.7373166040927828
vn 0.7616089746101340 -0.0401806444586213 -0.6467899857018429
v 107.9928966409276825 -38.6032372886773132 40.8802146828289921
vn -0.9854043123687853 -0.0164160780267793 0.1694368718644799
v 109.1335088885205522 -40.1960031986875919 40.1540928800911843
vn 0.4512543343431845 -0.0114262500344152 0.8923222324623772
v 108.1005996097236732 -39.5252706217750642 39.8378813640614453
vn -0.8241243507571631 -0.1228836621363789 0.5529183122930879
v 109.0834111891467444 -39.1445365465623283 40.0569720716683335
vn -0.7613510492691110 -0.0268331576101832 -0.6477843479349364
v 109.0154788631297436 -39.2656503877705347 40.8966281496386159
vn 0.6075574407403611 0.4163113686503891 -0.6764309281319583
v 107.9193570616731250 -41.0597197027936005 40.9407386112579132
vn -0.0610338249551729 -0.1329201498543030 0.9892457257800263
v 108.4231660720942187 -40.0536301999762188 39.6547570668735645
vn -0.9555609921540318 0.0574336667880897 -0.2891445385838662
v 109.1423241862452187 -39.7892623958985538 40.6127329924187848
vn -0.4528651339772194 0.4821100382817423 0.7499887208590353
v 108.7186140566338111 -40.9026436395758139 39.7344548426469544
vn 0.9968340302862015 -0.0412729773058931 0.0679592334247202
v 107.6610101142887572 -40.2946053856787216 40.4459198663664807
vn -0.0099779974322912 0.0340250619842693 -0.9993711696482983
v 108.5221075952215415 -40.2686194869349379 41.1293519772599936
vn -0.5317863762358156 -0.0393907058178883 -0.8459619508849959
v 108.7105425930628115 -38.5500460100751212 41.0204924153451671
vn -0.4657901038201510 0.2144262624632227 -0.8585225431805888
v 102.4056284146390112 -40.3689493784500328 28.9645773412769287
vn -0.9539716348469668 0.2954197395421681 -0.0516265183432203
v 100.5566546615745409 -40.3741614205363746 31.6248118998073551
vn -0.8557199659973838 0.2980402924347085 0.4229838340632768
v 100.9378194739785073 -40.4214726556508523 33.6886660196710395
vn 0.2529086151842311 0.3128170728225346 0.9155231899391384
v 104.8087097371082450 -40.3783290587922750 35.2691543518354678
vn 0.6814202176946352 0.3500329114174965 0.6427623572064461
v 106.3648318663449430 -40.4125235278901087 34.4048599947571390
vn 0.9206547499561311 0.3453008526191061 0.1821047845712248
v 107.1888031643110537 -40.3744955388363280 32.9281249877228532
vn 0.4262225728511547 0.9036476619946375 -0.0418953620794438
v 107.0183642381153390 -40.0749431636544173 31.5869956554542455
vn 0.4571557010853544 0.8514988998338103 0.2568234579374884
v 106.6292408045316904 -40.0747648405225974 33.5060331029542837
vn 0.1315956965216652 0.9565147874312843 0.2603114175026956
v 105.3917328370963133 -40.0749946293203294 34.7304999432622594
vn -0.0506171448640428 0.5986491161314814 0.7994104955533224
v 103.6107322659416923 -40.1647343715270964 35.2556997099186802
vn -0.3394432587037581 0.7667606602419306 0.5448452661315250
v 102.2392484729095656 -40.0861978661332046 34.7947848693600363
vn -0.4393978235932119 0.8959167144786051 0.0652900707566650
v 100.8331167153379795 -40.0747856122637671 32.4674491072609968
vn -0.5893519646510611 0.7032931950059145 -0.3975461528178925
v 101.2017353756252476 -40.1603171605101963 30.1748951508972247
vn -0.0679460237848107 0.9059900002941370 -0.4178103124850601
v 103.4881568359646309 -40.0836087455030636 28.7729934375420022
vn 0.3708408088179819 0.7119388986538135 -0.5963389129503622
v 105.5528215035968884 -40.0867859520251599 29.1194040514606698
vn 0.8786962393289043 0.3195376854133556 -0.3546668670596625
v 107.1388985351903216 -40.4136606589032255 30.7251935770148847
vn 0.4226418836720731 0.7181105202330064 0.5528934064508301
v 81.3498166780904910 -37.3613990838175098 25.6149177613962884
vn -0.6386782229163034 0.0833436404017356 0.7649470342298601
v 81.8264941960104437 -37.8683903917744615 23.1944343860302986
vn 0.8129531734541658 -0.1335835983250155 -0.5668002823123344
v 80.5340483649835051 -37.4764621854993081 24.2354619625478769
vn 0.4779756486077204 0.7008278602155825 0.5295088192690249
v 80.9020900057977030 -37.4235229071507547 23.1921981237223847
vn 0.5741940505464521 0.2498105935898640 0.7796767661328240
v 80.7091499657726530 -38.0123574705932867 23.4893036425357238
vn 0.9535266999246553 0.0745980199464610 -0.2919280184409568
v 80.6746357665302014 -38.0057123765259561 24.4034118038855432
vn -0.6980123932583090 -0.2855327910937934 0.6566960667371138
v 82.2127818184097521 -38.3448773389263948 23.5157327066243660
vn 0.0046003907793163 -0.0660142054642789 -0.9978080782803863
v 81.4273525863927574 -37.8003043644167604 24.8815664523345532
vn -0.9068232299108513 -0.0640622183885225 -0.4166145243137746
v 82.2373584075952238 -38.6090454977395368 24.3981834309371024
vn 0.9690628326079143 -0.1124617673739444 -0.2197033849012214
v 80.5243236326978007 -38.8134678851309189 24.2282203966139988
vn 0.1673198379082382 0.2061535360288082 -0.9641082882255395
v 81.1704482315831086 -38.5919972245503615 24.8572561073319029
vn 0.9644940799940049 -0.0187132111195559 -0.2634406676770176
v 80.5398931648140461 -39.8840033583208182 24.1255420558884559
vn 0.7073216214952495 -0.0375587470564190 0.7058933802529126
v 80.6325190903724263 -39.4594487226982267 23.6003284812386624
vn -0.0227518806691360 -0.1001511633004220 -0.9947120670905675
v 81.5034866692049320 -39.5405952481314387 24.9771409044102377
vn 0.4145150190794502 -0.0534059753340797 0.9084740506784873
v 81.0614480839456775 -38.8999263815509835 23.1418987282734214
vn 0.6445678793256835 -0.1087103148552018 0.7567789085232715
v 80.8610122008835788 -40.0010545515718121 23.3011532833547790
vn 0.6888154155760097 0.0974232839273621 -0.7183606524675872
v 80.7826322188683292 -41.4061222280996546 24.6633372328831229
vn -0.5358742970631032 0.2179827433741608 0.8156728886865124
v 82.0842170901144641 -41.5637972086327636 23.3223355098912251
vn 0.7766458552297878 0.0192824099651975 0.6296422827449930
v 80.6365038606326721 -40.4888138534967723 23.4403554300492267
vn -0.2040738797086795 -0.0505128060543000 0.9776514246116393
v 81.5202168883998297 -40.9076218652107002 23.0828393711622866
vn -0.9229930626940380 -0.0129411392875521 0.3845989250279043
v 82.2800795307297932 -41.1097660164102123 23.5638875087673334
vn -0.9936259947459434 -0.1064090428029577 0.0372088453851104
v 82.3664651477463963 -40.5602816020362695 24.1336451654001927
vn -0.9801679766070042 0.0222083139770860 -0.1969201067042834
v 82.2986507227533224 -39.9961966610902238 24.2486846948105921
vn -0.9409515075098482 0.0766679929429104 -0.3297457799169686
v 82.2562535959143872 -37.7360658439307102 24.3509540116416616
vn -0.7443092633487506 0.0594991943913094 0.6651793490180113
v 82.0680227949656569 -38.8935770137147045 23.3525979262731269
vn 0.4079617728871086 -0.1431030346770336 0.9017143191327456
v 81.2444649105107146 -38.3403932182834879 23.0816692041143909
vn 0.2419662143514499 0.8651806233058339 0.4392207191931606
v 80.8100354181716938 -37.3817410980662785 39.2945113286789720
vn -0.3077339126156358 0.0222108451722707 0.9512131818803846
v 81.7529187984751360 -37.8670011461388967 39.1396762568671548
vn 0.7050065383936888 0.7018198622218472 -0.1020522504066211
v 80.5587403975304426 -37.4218448823964422 40.1509633513453394
vn 0.8197426353425746 -0.0146904873167471 -0.5725436240008330
v 80.7140416233390710 -38.0978772959977761 40.5428295811275206
vn -0.9940481956308673 0.0682205254258955 -0.0849361211360157
v 82.3722434264612815 -37.8935131398007243 40.0750177985110767
vn -0.9693576792881844 -0.2350575682935187 -0.0713696657758994
v 82.3181588190919769 -38.5934092563372104 39.9448220776470180
vn -0.1491373416312049 0.4132438377319660 -0.8983248765940604
v 81.4182625923272383 -37.5778413378433953 40.9388953206956714
vn -0.5624453784929843 -0.1493266213703445 0.8132384375827310
v 81.8933993749661795 -39.8907088897504352 39.2682536234460997
vn 0.3360677212121411 0.0192665833027312 -0.9416407412209381
v 81.2775658394054261 -40.0221193342202568 40.9669711322096504
vn 0.9984906093237025 -0.0101666625827965 0.0539735311454528
v 80.4599960130346830 -40.0036292894896235 39.9458597066298680
vn 0.9679334535546912 0.0146465839019040 0.2507793992131190
v 80.5783624590716130 -39.3920961483400660 39.7360477526788429
vn -0.7921910802121482 0.0568249345467448 0.6076217731830120
v 82.0766883094196942 -41.5126994901005943 39.3775697153489190
vn 0.9298858527269127 0.2530240162942372 -0.2670040225851960
v 80.4926606242387948 -40.5963600689622410 40.1258990415493031
vn 0.6334620297781322 0.0982673735881434 0.7675085537747818
v 80.8977346541688291 -40.7557445947866839 39.3062583229245277
vn -0.9660657456404472 -0.0734920963171409 -0.2476204492344659
v 82.2848791602893925 -40.6042355755412956 40.2476224052705263
vn -0.9879939656449939 -0.0946326889140288 0.1221170669397979
v 82.2685701179609907 -39.7126845424659507 39.8779212847114479
vn 0.6867018587257264 0.0166968395781581 0.7267473926824463
v 80.8296167099362322 -38.0222501190244557 39.3494841879745394
vn 0.3330869784744562 0.9368867405636238 -0.1062840539630774
v 83.7324454745756270 -37.3827952285007470 23.8765654670336929
vn 0.6086385685772291 -0.0255336698264701 0.7930366476686020
v 84.1862384954450675 -37.5305441962331514 22.9390047933930177
vn -0.1867810411046070 0.6412019572138324 -0.7442935528063035
v 84.6983687944754564 -37.4817228850788453 24.3020978887118275
vn 0.7308511941465760 0.0603375496159458 -0.6798646277906120
v 84.0124271375784701 -38.5765239212692563 24.1169069928019333
vn -0.0797838723358840 0.0583472996332289 -0.9951030732243779
v 84.8151042899890513 -38.7025522833213032 24.2540640078791085
vn 0.1740126501235917 -0.0922554700476098 0.9804124264018990
v 84.5035123013405070 -38.7095675327482738 22.8868068394063897
vn -0.3609991033753069 0.3524334994341008 -0.8634062055827826
v 84.8332229749155573 -40.9885905349585613 24.2048144465514774
vn 0.6497031914718968 0.6078204073173586 -0.4565524235395008
v 83.9999070560987491 -41.0226269200728026 24.1624274528616354
vn -0.9878980608624698 0.1154238268880701 0.1036086942813422
v 85.2623165289307536 -38.7241720184870957 23.4550172287491598
vn -0.9373919005275366 -0.3466188844941342 -0.0339377921706053
v 85.2674569882998554 -39.5277835019441071 23.5441513331817056
vn 0.9477617127546957 0.0165508195195721 0.3185495349384713
v 83.7962558662523236 -39.9550068925672832 23.3408283053646244
vn 0.8256696081263586 0.0434155703131609 0.5624809209838576
v 83.9304557200925672 -40.3910786263433081 23.1773760561058602
vn 0.9615345586587791 -0.0168500907244383 -0.2741666773104366
v 80.3853684434949542 -37.8123463608968606 37.2106121779317931
vn 0.7609792865189190 -0.0785288987994602 0.6440060073807551
v 80.4246508907808959 -38.2676480285367617 36.5206699270421211
vn -0.2736041081978138 0.1640469384112492 -0.9477496473094436
v 81.1775218125997213 -38.0275719653716067 37.6219463783310673
vn -0.3383523064568796 -0.1135333140497675 0.9341455471799813
v 81.3856142882958409 -38.0657660355180525 36.2153478397248705
vn 0.1151197929199963 0.6576421398496497 0.7444825378556781
v 80.8501617361031464 -37.4156069686140853 36.1971100307001308
vn -0.9838508135797720 -0.1078625095763671 0.1428399651578960
v 81.7595623349645990 -37.9383104002815017 36.9396951409621153
vn -0.9752530282284609 0.1709034290118419 -0.1402624286229605
v 81.7139652432542931 -38.7641867807307321 36.9551100228859823
vn -0.2858636191360332 -0.4461757410667130 -0.8480620256431829
v 81.2986347178922131 -38.9800444859768973 37.6154881179636718
vn 0.7871060042357156 -0.0249752374729858 -0.6163119142197833
v 80.4336927010940315 -38.8452355972484469 37.3176613401343786
vn 0.4916498032070803 0.1409721634698760 0.8593063016951881
v 80.5718166066160393 -38.8492074977775204 36.2808445038848646
vn -0.8938257313113089 0.1065108239611567 0.4355812282742674
v 81.7263241307143886 -40.6850274555784353 36.6439860141516291
vn -0.9871308285489977 -0.1596020491981574 0.0099956600541605
v 81.7826661395588843 -40.1158916728244677 36.8609803197054973
vn 0.1342308276401530 -0.0914571888073391 0.9867206633726174
v 80.8955980745842709 -40.5096109937141904 36.1793976623704978
vn -0.3010757983506710 0.0467257432104511 -0.9524547593292486
v 81.2863107234411899 -40.2182235152188952 37.6047186708016454
vn 0.8359930432541431 0.4000679196983448 0.3755812711769784
v 80.3496569458690146 -40.9793044198866525 36.6098557084179319
vn 0.8069688373342393 -0.0793361710237414 -0.5852410337106566
v 80.4132600507083879 -40.3798358346004136 37.2402861312850106
vn -0.5910364654816069 0.3803470511977790 -0.7113452165553399
v 81.4240627202203058 -41.0046825151282093 37.5044024003545715
vn 0.9592628541611714 0.0813918347284019 0.2705367735929954
v 80.3826385942214898 -39.4857945897614968 36.6857682061402386
vn -0.2679934323458939 0.0095987015519019 -0.9633729211203645
v 81.1555815285829993 -39.5570071162050212 37.6631661190906399
vn 0.2264563731815194 -0.8733429308314288 -0.4312651576608556
v 101.5500189570969951 -41.5750007908253636 36.4649469224752210
vn 0.6703630385203901 -0.5731784932672054 -0.4712534471403326
v 99.5207728285144668 -41.5738080266091785 34.5553145543145277
vn 0.5985537379978482 -0.8010168465342549 -0.0102681204278657
v 98.8880664519335824 -41.5750007899427771 31.7889787471193266
vn 0.5706269165227549 -0.7317291476269104 0.3727698709028508
v 99.5973275017246067 -41.5744621820253784 29.3662618012227803
vn 0.2595389032849816 -0.7189229604145813 0.6448172878190870
v 102.2437341183037347 -41.5752714651858923 27.1694382346323096
vn -0.1252701517396593 -0.7992371182495120 0.5878158026927638
v 105.0507728330047144 -41.5750007125212022 27.1097739324135389
vn -0.4108191729898757 -0.8083526073498001 0.4216558659555140
v 107.1688926971086460 -41.5751648205319668 28.0672398296383108
vn -0.5758939193393428 -0.8014164381722606 0.1614864895130789
v 108.8528883731340784 -41.5748147927424512 30.7878342850050899
vn -0.7289784329852003 -0.6647190326672239 -0.1635207994488538
v 108.8551349655102882 -41.5750008075104915 32.9947591618985427
vn -0.4021803025139601 -0.8305632495350795 -0.3852475733752370
v 107.8341391494391956 -41.5750734003619513 35.2777480100263006
vn -0.0339874993612559 -0.8275881428751495 -0.5603059125688663
v 104.6531291805719803 -41.5734104473467951 37.0658516943941478
vn -0.3034292212951563 -0.6906133519548562 0.6564936448785267
v 102.8838797616892435 -41.5750007090869431 34.8870761834368253
vn -0.5297772811075914 -0.8406715808549152 0.1122823475224220
v 100.9158472194877447 -41.5731742263698152 32.9266661187366836
vn -0.4657784206498088 -0.8223232179239111 -0.3268562193384630
v 101.4051905297143890 -41.5750007774900396 30.2447907699767633
vn -0.1417721053823194 -0.7217943533103687 -0.6774316066325301
v 103.3512177283656825 -41.5750007779482260 28.9867215765245270
vn 0.3399600414665923 -0.6247809727006592 0.7029053324290910
v 105.5713240724620192 -41.5740384103089653 34.7193806018058737
vn 0.5810168536741444 -0.8100162304692722 0.0793292009473729
v 106.9611900944860849 -41.5750007784935178 32.3277574261278815
vn 0.6695890265747995 -0.6808488008181564 -0.2968087699430241
v 106.7262185053660772 -41.5750007763845062 30.8492307566176045
vn 0.3604348521738752 -0.7119976299809546 -0.6026160404767703
v 105.4676736988558332 -41.5734667127325253 29.3261574172463888
vn -0.0869765547084805 -0.7498293160003675 0.6558895301782639
v 103.2502860998500012 -41.8749993780287468 34.9984398677242439
vn -0.3818627930630368 -0.8822956545769931 0.2752002637873947
v 101.1815557757347790 -41.8722750634001954 33.5356952674930042
vn -0.5305847343735929 -0.8356933037878268 -0.1417622716165718
v 101.0337872452125225 -41.8749999075287178 31.0516707300767116
vn -0.3017979520595122 -0.8328235752366512 -0.4640289739474532
v 102.2532902104909454 -41.8749999072148569 29.4429742011700490
vn 0.0787265521950644 -0.8905714998050925 -0.4479782737079845
v 104.5231290575660097 -41.8854635125288084 28.9636872507226961
vn 0.5703687497766222 -0.6682097020299381 -0.4776769655230552
v 106.2506282677862401 -41.8749999076897126 30.0242487189435572
vn 0.5203295660595056 -0.8501258525172224 -0.0808899101630854
v 106.9276702663949123 -41.8749999086965943 31.5241361819281778
vn 0.5164525625394389 -0.8136698560490018 0.2668672254205141
v 106.6772902050485357 -41.8750005326884747 33.3777644194993570
vn 0.1733773754728879 -0.9028068277843216 0.3935481131706050
v 105.2533998833081483 -41.8750003703124278 34.7384079527804346
vn -0.5681020134110297 -0.7181003175450701 -0.4019851195007146
v 101.8798293114525677 -41.8733463824182266 30.4979929494282160
vn -0.2266765770610117 -0.7194919096147153 -0.6564671518140671
v 103.0254654409542212 -41.8749999110094819 29.6615191266308855
vn -0.6941956787049379 -0.7185501937549112 0.0421660849756060
v 101.3919430213574628 -41.8749999303178058 32.0495881156944549
vn 0.2452248503552135 -0.5778417544543124 -0.7784366895113726
v 104.4767503099935908 -41.8736863062635578 29.5013003314140292
vn -0.6628365522543854 -0.5634958103148411 0.4930721820921761
v 101.8452564623828351 -41.8726619043042021 33.4553472285575140
vn -0.2490166775897204 -0.7135399054164516 0.6548675420727910
v 103.0469889329080502 -41.8750004017861741 34.3832146833739856
vn 0.4634791979350646 -0.8111035148927365 -0.3567886225906283
v 105.8436252661636985 -41.8749993810636525 30.3195370396125519
vn 0.6905294678945023 -0.7129929705301487 -0.1216966636515976
v 106.4170646760850047 -41.8749997403134984 31.5628161446027597
vn 0.0906629964879904 -0.7107862520678401 0.6975407693742149
v 104.4313218247219766 -41.8750005236264187 34.4725665406567998
vn 0.7432589310752288 -0.6135698196671668 0.2666425280605263
v 106.3035685629205886 -41.8749993133663594 32.9245890128648426
vn 0.4079189066825614 -0.7115340794117183 0.5721201092485934
v 105.4656463179290142 -41.8749999614900617 34.0021856692309115
vn -0.1528248121111833 -0.2530985671415732 0.9552935109766338
v 103.5193028750992283 -44.1746609383876532 34.4742908064393916
vn -0.5287182312760927 -0.2771105686564253 0.8022884547687276
v 102.4750312805146564 -44.1751439772654280 34.0745748790296901
vn -0.5900301763819673 -0.7524596240835386 0.2926925094407514
v 101.7217753653873444 -44.3494304234234349 33.1545925189997988
vn 0.9594683516717342 -0.2051146516100792 -0.1932575013685137
v 106.4369435097310799 -44.1551153978575712 31.4456384909508628
vn 0.4966069870170145 -0.8521261509780138 0.1651136677119069
v 106.3184025590125685 -44.3476565524994299 32.7507686330696259
vn 0.6767214564488612 -0.2267048892125637 0.7004662472873703
v 105.6674593938654283 -44.1753531247226405 33.8366391196051381
vn 0.2789529957139089 -0.3611526067009553 0.8898056084647595
v 104.6184351219687869 -44.1883973190401136 34.4429412906164742
vn 0.5088401914619149 -0.6764193802340843 -0.5324833157919028
v 105.7231776167775195 -44.3528451772239762 30.2218240176690180
vn 0.0118620023709696 -0.7447039814538426 -0.6672894970749548
v 104.2793733558802529 -44.3516616099931866 29.4812893490882253
vn -0.3777132052411740 -0.7399495860333163 -0.5566033998419003
v 102.4881430548272334 -44.3357306892456293 29.9357247934205475
vn -0.7855466591188034 -0.5850758330062228 -0.2015011562730127
v 101.4360943184319410 -44.3332091321107526 31.4625659184332456
vn -0.1131883870405816 -0.8921395468560950 0.4373504521256986
v 103.1792622432452333 -44.3754895489235466 34.2493522902724763
vn 0.1967972707468177 -0.9305772731508262 0.3087017539985424
v 105.2149660499459713 -44.3767176714253466 34.0311172654673726
vn -0.4869165924860291 -0.8130123222392938 0.3192541242472289
v 104.9217229296006479 -44.3244275786017354 31.4678419212202058
vn 0.1938996446315021 -0.7716798383551112 -0.6057335675757179
v 103.4914523837238391 -44.3536782189392369 33.1865314027643805
vn -0.6888258868911449 -0.1020038417740694 -0.7177145071767453
v 104.7702126814414072 -43.6123573108238745 32.7945023426292153
vn -0.1284750264820186 -0.0261666319021365 0.9913674772481408
v 104.1532135586703731 -42.6611817566939067 30.8781109952684218
vn 0.9855399419241543 0.0411184230282235 0.1643785209807127
v 102.7631782661684525 -42.9271061361555937 31.7840638305975851
vn -0.7184472349486181 0.0609293391486939 0.6929077761330065
v 104.7868568331084163 -42.7740618147580065 31.1835314566347890
vn -0.3962891642161333 0.0298419383601956 -0.9176406470071958
v 104.4269472149475320 -42.9786666707676730 33.1148418762182288
vn 0.7776889259861087 -0.0212396848316926 -0.6282903868330496
v 103.0641957574066794 -43.2814802501627369 32.7184797156960983
vn 0.1779470926381712 0.0856323617083016 0.9803070594716131
v 103.6309947327958554 -43.2922720426006151 30.8887857565439852
vn -0.9928599549171330 0.0453139219511262 0.1103438190355756
v 105.0609663397919746 -43.7820316232999645 31.9185663527184218
vn -0.3193201835386771 0.0832692381713023 0.9439813845406044
v 104.2723910483181271 -43.8091941799311400 30.9190391756904468
vn 0.5463594597691650 0.1351878138209293 -0.8265685668564126
v 103.3750633328300097 -42.7436043024840373 32.9583515694613638
vn -0.6876203604442301 0.1243311900236722 0.7153460666627339
v 104.6001054525442555 -41.3897369234771801 31.0532903154129905
vn -0.7303545244712485 -0.1372681664342706 -0.6691335584680760
v 104.8502401282979690 -41.1500981594396578 32.7250333534759932
vn 0.0246372777480616 0.0431069596942598 -0.9987666366930176
v 103.9461092054140181 -41.5610690510706604 33.1724544284385345
vn 0.0224626471632351 0.0820507223821127 0.9963749838484472
v 103.7775699856669434 -41.3885930995910201 30.8289014986588974
vn 0.6393401104607074 -0.1672598499225476 -0.7505120690301906
v 103.2233332173045142 -42.0649958398956656 32.9327336687898864
vn 0.9939854943448907 -0.0157550953920128 -0.1083725703355402
v 102.7045043277621943 -41.8029910903246176 32.0044640798669775
vn 0.3697531575333565 0.1499968035763552 -0.9169425071458892
v 103.5132296322371559 -42.3750254044205548 33.2738130351470005
vn -0.9708074969191053 -0.0867463771193212 0.2236243948730423
v 105.0213493318219093 -41.3389826333825567 31.6665639749635730
vn -0.5365758394237917 -0.7888429358610939 -0.2996884900837925
v 104.9251624599915118 -40.7961888717724506 32.4916748436177656
vn 0.0562175235170201 -0.4020207946107558 -0.9139030970240498
v 103.7373608682849806 -41.1034126258421679 33.1405531739876764
vn -0.1795200641163637 -0.7010113434495489 0.6901852236426937
v 104.1270813294884476 -40.7714457380751938 30.8212212966804167
vn 0.5522602892953599 -0.7778767030463140 -0.2998606471766546
v 102.8930168365662325 -40.8456732806280769 32.5588543388842382
vn -0.4935726729326079 0.7185409607489918 -0.4899845959416245
v 107.9646291615360099 -36.8749327983036537 39.8657812624311418
vn -0.5422434635884950 0.8132529139141711 -0.2111675263994499
v 107.6489973024550721 -36.8749999631394800 40.1957879019759190
vn -0.3399006640570498 0.8454793117814602 -0.4118643853541176
v 107.9139632530418851 -36.8749998157804981 39.7745457824936679
vn -0.1656628881453997 0.6085980253576585 -0.7759924297453448
v 108.3065118702814118 -36.8749999978261584 39.7059649612239554
vn -0.0190882360689314 0.7199798043351582 -0.6937324560616176
v 108.3963575279131817 -36.8749997224196591 39.5870681847292829
vn -0.8004208707012698 0.5656725757235227 -0.1983455742388432
v 107.7476787091790413 -36.8752793938249539 40.2265228297302997
vn 0.1335613842730056 0.8383280514538214 -0.5285522062925453
v 108.6066663033975743 -36.8750801230120402 39.7142866441841917
vn -0.6565706337593105 0.7160534252004213 0.2370284690572887
v 107.7608061385138427 -36.8749474498591994 40.6192430042852024
vn 0.4369743876893942 0.7227003868266503 -0.5354974653386223
v 108.8762508936171969 -36.8749997393305335 39.7188318129439821
vn 0.4086396225511925 0.7153472735193642 -0.5668261965978907
v 108.8847997296524568 -36.8749999978129068 39.8546297571816552
vn -0.6578505018756546 0.7234133150729158 0.2095373302234325
v 107.6866223513358989 -36.8750001157048644 40.7320225986517883
vn -0.3972888020031071 0.8378253610969040 0.3744466211701989
v 107.9175919034664872 -36.8749999925198821 40.8797397470525326
vn -0.3544888800991134 0.7242082401504495 0.5914896945714823
v 107.9931626646690859 -36.8750000865078249 41.0733365506390982
vn 0.7419966512554172 0.5671145905931787 -0.3575220422045021
v 109.0971330288107168 -36.8751085358913357 40.1378609982485486
vn -0.2818939129372787 0.6207990925907181 0.7315355825162920
v 108.1766769543548463 -36.8750000044724828 41.0573972279327606
vn 0.4039888615778649 0.9070155118384616 -0.1188101889798761
v 109.2192307531003905 -36.8749992188939757 40.1582875804907218
vn 0.1410235071594347 0.8432965481763396 0.5186167199988095
v 108.6136209935254584 -36.8678967972668161 41.2056655812061194
vn 0.5263440471061327 0.8251304443898563 0.2052357030755987
v 109.1637373724115321 -36.8749994609711962 40.7715862218649931
vn 0.7002826739409342 0.7128995822615665 0.0371263005081217
v 109.1310677856194502 -36.8749999978634051 40.4993314494452008
vn 0.7557547710796632 0.5592052088196051 0.3407700990687823
v 109.0622671065593181 -36.8749999979146637 40.7156499488402304
vn 0.2366167708813343 0.5865930310138339 0.7745457505555714
v 108.5909643346239903 -36.8751087461432334 41.0994311673335915
vn 0.4887958656836429 0.7304043067651002 0.4770619984337168
v 108.9059047027846248 -36.8749999978279561 40.9253957494713347
vn -0.7053769199761725 -0.5187720128716922 0.4830310543080861
v 107.7294021278355558 -40.0760622322600000 40.8424703978884764
vn -0.9346541327529198 -0.3108766977647546 -0.1725610932822604
v 107.6452084847770436 -40.0750667496815751 40.2111505655015193
vn -0.5186804940974218 -0.2607029891974845 -0.8142508805437981
v 108.0318680562471911 -40.0795295885829717 39.6595326449707457
vn 0.3332977861038946 -0.5091143114475716 -0.7935459682069512
v 108.8106088133568363 -40.0668885649597328 39.6731104013345046
vn 0.9104757176459337 -0.3392126183707573 -0.2365771906063155
v 109.2221567072524522 -40.0867913501392152 40.1590758412947153
vn 0.6734556483070221 -0.3756340447941993 0.6366761768394653
v 109.0669237112615519 -40.0610395066342377 40.9664048593580006
vn -0.1043791872638227 -0.4025009130881996 0.9094492840336449
v 108.3474548541377942 -40.1000214890404649 41.2178140529969070
vn -0.3164643454117246 -0.9093012107987942 -0.2702251396946168
v 108.0596550012888315 -40.4222162107175578 40.0414320339609517
vn 0.1610645661558985 -0.9778546502875309 0.1336356555716418
v 108.6274453019382236 -40.4828308865966235 40.5911152396569221
vn -0.7091825003824425 -0.7023126559553328 0.0617828004890790
v 107.7163555309658989 -20.3748882067204491 40.4757311339017676
vn -0.6386212897060597 -0.7011602084606092 -0.3170760325310700
v 107.8033062662702548 -20.3750000003105534 40.0897827678877263
vn -0.4519174584412847 -0.5638189967500715 -0.6912877473669792
v 108.0105377196737777 -20.3749539300347955 39.8307953977446942
vn -0.1502591037415658 -0.7123388832515805 -0.6855621905784132
v 108.2835228795032094 -20.3750000003085923 39.7129762770965797
vn 0.1904702320789929 -0.6011060515411928 -0.7761395528462208
v 108.5948944338126552 -20.3749849940246754 39.7053604688158828
vn 0.5937800420230878 -0.5513412193564234 -0.5860444706109191
v 108.8935740175650437 -20.3750000003178862 39.8619936498528489
vn 0.6905890345773072 -0.7001475559736401 -0.1813289419417688
v 109.1116981066770393 -20.3749987124788277 40.1777080247402765
vn 0.8202763634721209 -0.5493150394674914 0.1593727547097733
v 109.1294165137470458 -20.3750000003074270 40.5102860708735690
vn 0.6164954460815276 -0.6973287810148578 0.3656035231354735
v 109.0573112718908675 -20.3750000003036540 40.7253174961188193
vn 0.4891329459519643 -0.5547772341709264 0.6730313377770829
v 108.8974019542014418 -20.3750000003150333 40.9328997105203669
vn 0.0543034588711083 -0.7103925224011466 0.7017076303355768
v 108.5485612216701981 -20.3750530865860604 41.1079391344531544
vn -0.2521469081051133 -0.7101366969052986 0.6573642889916242
v 108.1769869357715095 -20.3750000006506724 41.0565950117952951
vn -0.6604784691008592 -0.4535553196241500 0.5983776097873486
v 107.9169660063169118 -20.3749999989092778 40.8803297229688241
vn 0.3171208148223867 -0.8395904705487689 -0.4410467442007504
v 109.1895721095246188 -20.3414584023256495 39.1616018906428565
vn -0.2554097613167601 -0.8978399142099354 -0.3586772118153195
v 107.4460493085495187 -20.3735177345364953 39.4113469213664231
vn 0.4285058822927317 -0.9034959693328682 0.0088171559920487
v 109.8746100772963672 -20.3437573354303680 40.5017463063497800
vn 0.3763450256591535 -0.8298879633354902 0.4118863799307803
v 109.3059169681312994 -20.3546411485609227 41.4948042589684292
vn 0.0126677136020508 -0.1450408153463625 0.9893445764321744
v 108.4708128028762388 -20.2403169315917104 41.8344098368788551
vn -0.1813137475424961 -0.9329542281636500 0.3110011786210208
v 107.7189618333468388 -20.3634472405140805 41.5957963294988460
vn -0.7863251627501555 -0.6117871315071658 0.0860769664206144
v 106.9835349518340735 -20.3267457836222434 40.5906423284982907
vn -0.0233119158055437 0.7389785824985315 0.6733254853263289
v 108.4225906292049757 -19.5215808667612905 41.7229448338815274
vn -0.6960785159677436 0.5960303289142209 -0.4002780866129813
v 107.2363482746406049 -19.5091229293582593 39.6040866939886129
vn -0.5601469719098116 0.8257697607654287 -0.0658761873948043
v 107.0952737131097905 -19.5651373563070941 40.4125530937517183
vn 0.0106832267369516 0.9894064191257937 0.1447784737423398
v 107.9765513094401541 -19.5153664269387299 40.2212225792344285
vn 0.2720235054810504 0.9383705447821654 -0.2132227313187384
v 108.1843974077899020 -19.0693236221555793 40.6650570081085903
vn -0.0249339458097344 0.9888075970586706 0.1470980433092673
v 108.9732537668569137 -19.5382751596037814 40.2459403719877784
vn -0.5808346930959158 0.4213789695388093 0.6964702601881750
v 107.5007314105202454 -19.5284042364411938 41.4913346199529514
vn 0.7091758078031779 0.6931891237669198 -0.1286798831129401
v 109.9156493604028384 -19.4937447695861188 40.4024402498722566
vn 0.4512233597472500 0.4959802316304078 0.7418902138795543
v 109.2177527668534793 -19.4989919162182304 41.5537166883172731
vn -0.3159182429535238 0.9284172620446250 -0.1955429653726265
v 108.6943414643818073 -19.0840852976604012 40.6592187183526335
vn 0.0203091950677083 0.7726509806845768 -0.6345061060721665
v 108.5071013013023276 -19.5755493465221875 38.9189594913693355
vn -0.0084427381755619 0.9529178917682819 -0.3031108901375731
v 108.4380332863226641 -19.7224803476786938 40.7359890869882904
vn -0.4159588329362777 0.8497371949058633 -0.3239212078512380
v 107.8779358274271090 -36.8697160551717289 22.9652340847189329
vn -0.5736710025013169 0.5736659625733772 -0.5846442886695250
v 107.9244525582184195 -36.8749999978106828 23.1103718283299173
vn -0.1005636799140343 0.7426357183724268 -0.6621020586583442
v 108.2941707155852384 -36.8755904024662726 22.8970049981755110
vn -0.6713543289568533 0.7240928190577688 -0.1580283341045733
v 107.7586010836254076 -36.8749999978312957 23.3973993361575978
vn -0.5208581619788598 0.8536411109323238 0.0019049478292520
v 107.6209939445411692 -36.8749998127232175 23.6158601674722242
vn 0.3089287982422315 0.7478118317407395 -0.5876567551940253
v 108.8474974698162470 -36.8750930716569769 23.0044754581580371
vn 0.0986591206495143 0.7626596607919247 -0.6392312724776619
v 108.6397400360029053 -36.8749993870514103 22.8022652109402379
vn -0.6784747133453786 0.7151260544007491 0.1681273019712251
v 107.7392854926221162 -36.8750000063713017 23.7284414831005321
vn -0.6165134064555946 0.5637509516089463 0.5496326811794640
v 107.8755235575211628 -36.8749999907928157 24.0306659770924504
vn 0.5053385128871820 0.8297563896519531 -0.2369331577148451
v 109.1829096645876831 -36.8663840416569428 23.2383837223366605
vn -0.3268850082093798 0.8986244625224982 0.2926094099035517
v 107.8174358560669219 -36.8749999724997792 24.1374284478818595
vn -0.1533624480068765 0.7067062461708964 0.6906853416458023
v 108.1975130573250823 -36.8755033201818136 24.2723760198920147
vn 0.8291877511389086 0.4712572012055662 -0.3006065928636558
v 109.1073758135792673 -36.8749999978290361 23.3865521663605342
vn -0.0374281248808393 0.5793669248603688 0.8142070386859500
v 108.3548012808726213 -36.8843394479526125 24.4406322638218789
vn 0.6849628570958022 0.6975944347952180 0.2102091552285391
v 109.1183853948869285 -36.8752426605994401 23.8299077594872770
vn 0.3681713904944892 0.6600160310832860 0.6548501095169956
v 108.7196859599811631 -36.8750355044148890 24.2551666089005877
vn 0.6409145137047930 0.6605771709666364 0.3909813132622373
v 109.1132734632832353 -36.8859614786364105 24.1080816253876407
vn -0.1141523858532194 -0.5222724391575585 0.8451039770941987
v 108.3725649879588104 -40.0666403905654462 24.4175197639447958
vn -0.9011049062828352 -0.3225669466535631 0.2897594050235469
v 107.6175480767039261 -40.0647807504908613 23.8883546387976118
vn -0.4263929874272063 -0.4235029318819925 -0.7992710972881847
v 108.0421122534286127 -40.0596353568522758 22.8470077675057190
vn 0.4522762142588544 -0.4148212727638693 -0.7895375467184839
v 108.8134923027644447 -40.0761475673012342 22.8687207074901657
vn 0.9026263401697816 -0.4185269277917755 -0.1005032374845884
v 109.2474929543532198 -40.0768971969344747 23.4354639339238844
vn 0.5919600897710744 -0.4186388236059327 0.6887124127588106
v 109.0349907316788318 -40.0614460981861171 24.1762324316401731
vn 0.0458931329241376 -0.9989306496593172 0.0056015642120573
v 108.4200114833798239 -40.5463406617156821 23.5941451081728708
vn -0.6798749560333830 -0.6022081374312788 -0.4184679239441840
v 107.7948727515980778 -20.3764587969000139 23.2851798762477209
vn -0.4311749723646418 -0.6127717220761846 -0.6622680422835889
v 108.1459974841246208 -20.3754705188097063 22.9494047031819299
vn 0.1126352026188091 -0.5565285764963818 -0.8231580982253232
v 108.4930680923562960 -20.3750000003161880 22.8966522631683098
vn 0.4968747354382125 -0.7107332992052208 -0.4979695519648449
v 108.9054311850060799 -20.3760228161451131 23.0551720145181420
vn 0.5234986630218961 -0.8264718208664809 -0.2071074096403387
v 109.0975568395039801 -20.3750000003083791 23.3646024057020156
vn 0.8291848196407565 -0.5586544186831433 -0.0189149507830517
v 109.1341205551169509 -20.3750000002758433 23.5525193962484884
vn 0.6815982480847234 -0.5734487699442321 0.4545110960771838
v 109.0808271837579895 -20.3750243129950128 23.9087978220300599
vn 0.1501072618727038 -0.7205918769367030 0.6769159156246211
v 108.6576929764032116 -20.3750219044736767 24.2787267512554656
vn -0.3841591445696717 -0.5622968964758445 0.7322867961783357
v 108.1325857525935987 -20.3749683638548511 24.2479906854782286
vn -0.6163109080086251 -0.6957917958184100 0.3688287428351755
v 107.8425142524281739 -20.3749999991409680 23.9824724098498656
vn -0.8345931342144324 -0.5489328044801077 0.0461202394587680
v 107.7359552191353060 -20.3750000013407409 23.6995606611360188
vn 0.4734414302540705 -0.7648402464662603 -0.4368896994716289
v 109.4520035005003251 -20.3496726076824537 22.5868325713832867
vn 0.9512767714968502 -0.3050089522853495 -0.0451889702950037
v 109.8342178012052415 -20.2594664613991249 23.4421475899178233
vn 0.2899900841098746 -0.9160597699469636 0.2770203043147994
v 109.5472306888314620 -20.3754413630915643 24.4290066970905499
vn 0.1617754969733955 0.5263274880598983 0.8347503003243356
v 108.5026485482702725 -19.7210955777620782 25.0610280919412460
vn -0.1632134616580604 -0.8444209002792180 0.5102104556996337
v 108.0504029002391491 -20.3494441488167652 24.9839136021483128
vn -0.6130304467309977 -0.7837982556799595 0.0992671434758060
v 106.9788741789887325 -20.3315243280378937 23.9655060807770788
vn -0.0591427037143837 -0.8826407470630561 -0.4663126121190834
v 108.4174096353128078 -20.3572720377109952 22.2054626624399276
vn -0.6145348180806399 0.4869098836977288 0.6206977706775327
v 107.3241205133035692 -19.5370389764258796 24.5063491782297831
vn -0.6872155647704279 -0.2793881976118622 -0.6705796019656854
v 107.3491267896456804 -19.9878703078122406 22.5199343556147262
vn 0.7915305467244927 0.3745601406767382 0.4828913900850250
v 109.7254020574838620 -19.7014835775912012 24.3614351451052684
vn 0.1453654919905876 0.5915944241050491 -0.7930226422405289
v 108.6189595899924853 -19.5855775205002303 22.1657415437241418
vn -0.5725354514267881 0.8161529202873482 -0.0780869231431057
v 107.0664913520223678 -19.5039287895019946 23.5957929540876457
vn 0.1581954778394731 0.9854333426309666 0.0624124829044710
v 108.2113497610853301 -19.0236930910950299 23.2089289846626805
vn 0.3131154712034334 0.9325540705138951 -0.1797264790202518
v 108.1845132994832284 -19.0690739530576359 23.8652931198925664
vn -0.4676295289464503 0.8099867224899500 0.3538984784472942
v 108.7126899102120348 -19.0743952515849777 23.3483633401278361
vn 0.6858030408160167 0.7237946365991595 -0.0761282683225848
v 109.7355401010038776 -19.4120794412078475 23.3393297700592974
vn -0.3937965635339244 0.8548782332826016 -0.3377979763238519
v 108.8200757576844921 -19.1104040889318689 23.9752119790870744
vn -0.4947578917537975 0.7504171829031625 -0.4382792262371318
v 109.5390055608774560 -19.7250003119491382 23.5999994960279125
vn 0.0579342474592857 0.8506800951026307 -0.5224815774431721
v 108.4248545957896681 -19.7375906492330877 23.9434050268150251
vn 0.0412895286677282 0.7800990609507623 0.6242921030464311
v 108.4485620227595177 -19.7242863290761363 23.2689491784313738
vn -0.3790694063148723 0.7161669125164117 -0.5860130874074404
v 80.6344630497352171 -36.8749999979204190 36.3226247273172902
vn -0.1524883501763126 0.7213187765025908 -0.6756082635117128
v 80.8555288487819865 -36.8749996146038654 36.1038521879959546
vn 0.0292543333088137 0.7222492588679693 -0.6910138870148168
v 81.0136116009653620 -36.8752736590739616 36.1796890910804905
vn -0.7414437723872880 0.5684243789381981 -0.3565877981883724
v 80.4109081317934198 -36.8749500440660469 36.5543889476968502
vn -0.3369116131243203 0.9120634891734183 -0.2337322328194766
v 80.3496950575539302 -36.8733159436018596 36.4350755725506303
vn -0.5423325769270965 0.8389653293360029 -0.0448614776366906
v 80.3366587195916537 -36.8749999946146403 36.8301702854525885
vn -0.6963841758124980 0.7174611110425332 0.0172810248411791
v 80.2326526570020491 -36.8749999440562135 36.9557780124627939
vn -0.7274884502164268 0.6178087844287529 0.2984507676055939
v 80.3653885053864059 -36.8749243605571095 37.1462677792895377
vn 0.2466542093936346 0.8460161686231545 -0.4726714963022408
v 81.3699920068485767 -36.8749997804215823 36.1607137141838137
vn 0.4317441399542199 0.6759080135989406 -0.5972816377287395
v 81.3972361818452868 -36.8749999978522780 36.2959183491749826
vn -0.4059222314733008 0.7378060497608691 0.5393230710177324
v 80.4524294723039759 -36.8738491679683378 37.5022367305073843
vn -0.2796012114256306 0.8526285166604186 0.4414156489599955
v 80.6674023747698357 -36.8750574429728033 37.5072116927631498
vn 0.5937951949932371 0.7651495435753961 -0.2489044844298842
v 81.8485238767395771 -36.8919853691198156 36.6657794336801857
vn 0.6612959983101059 0.6518283815918574 -0.3712241419552078
v 81.6622083283530031 -36.8750114383949921 36.5634487131265118
vn 0.7366823168123197 0.6758220893961360 -0.0237416844447516
v 81.7402326812849651 -36.8749999978177101 36.9471391221728425
vn -0.0175007781976570 0.5754691442551849 0.8176362190929909
v 81.0919001331594984 -36.8751031614415723 37.6100874112622705
vn 0.7442547133693110 0.5635736070145195 0.3584267165045160
v 81.6512389395305576 -36.8749987660924532 37.2495376185715372
vn 0.0522947121330963 0.9179103052807627 0.3933267528941983
v 81.1586430868558324 -36.8724768247011454 37.7146724032278158
vn 0.4522546138650890 0.6120908079116909 0.6486991653360999
v 81.4361734378918243 -36.8749999978477874 37.4789324856598540
vn 0.5819449124208776 0.7142934365606757 0.3887479972858987
v 81.6905858521132302 -36.8749999179191192 37.3934785171617534
vn -0.6492852350504379 -0.6632846884941868 0.3721318389424199
v 80.3187325870477622 -40.2931102540789041 37.3158132699434901
vn -0.6817466371421708 -0.3033482493810379 -0.6657337022735148
v 80.3909585293986595 -40.0650169108737089 36.3428786549911607
vn 0.3579005478302827 -0.2443274015709683 -0.9012276730684440
v 81.3888546419999699 -40.0589845278118588 36.1355233035439056
vn 0.9086090773392816 -0.3813692207708729 -0.1702558722196584
v 81.8474920664777699 -40.0768966139000327 36.7354634844277896
vn 0.5374095155456976 -0.7301413118287854 0.4220008025607048
v 81.6729846477775112 -40.2649016392222734 37.3736259451790858
vn 0.0829801280830851 -0.2168538919963445 0.9726709041959426
v 81.1440782289951414 -40.0569242648173116 37.7386108331052270
vn 0.1159453896594027 -0.9265744056271270 -0.3577939874473376
v 81.1569946528120738 -40.4059560661848849 36.3873180852943037
vn -0.8898612381350280 -0.4480564848996199 -0.0859788532384083
v 80.3361947911761263 -20.3749999992152340 36.8301221937960293
vn -0.5396107332852272 -0.7153031248249366 -0.4440289361506304
v 80.4496465924435142 -20.3749922836538140 36.4868793461616576
vn -0.2023485809591183 -0.5743611402647638 -0.7931987974887453
v 80.9208218038449161 -20.3749309344278693 36.1880354844704399
vn 0.2727651317303216 -0.7127580222953316 -0.6462005761106900
v 81.3454045676986510 -20.3750000003133707 36.2676912135541727
vn 0.7746862392660655 -0.4626056540557881 -0.4311116323267291
v 81.6576933504608178 -20.3750426260185229 36.5378301328798969
vn 0.6963765216696590 -0.7113753020278173 0.0948942555273968
v 81.7393776863291777 -20.3750000003181846 36.9585534598554801
vn 0.6800136655732889 -0.5593216059834072 0.4740683027937235
v 81.6398446597207084 -20.3750117776189867 37.2686579466896717
vn 0.4121298147306202 -0.7051656288300999 0.5769665949834136
v 81.4544979578130892 -20.3750000003038529 37.4632578510147809
vn 0.1450352976560302 -0.7046466027607046 0.6945775173813391
v 81.1504524630716446 -20.3749990516144699 37.6039033044067139
vn -0.4124753733393983 -0.6108809563981789 0.6757873360004391
v 80.6625942428646567 -20.3749931492361327 37.5142965887074737
vn -0.6505051537245077 -0.7116516648692813 0.2653204720081638
v 80.3704963843459268 -20.3749747294169801 37.1413650394002772
vn 0.4718349051517742 -0.8539870630607109 -0.2192667745130520
v 82.3154632418805221 -20.3660470122553612 36.3092723324248041
vn 0.4123812318806809 -0.8898717121933558 0.1951154925438716
v 82.3447688378680454 -20.3646583737273694 37.4347986224959755
vn -0.0999624400359033 -0.6947101574827439 0.7123098396571323
v 80.6821143108476946 -20.3398671815435677 38.3415639456833119
vn -0.4014709497306643 -0.9098307062842159 0.1050198191996314
v 79.6887385483272226 -20.3573159708519711 37.3635675867360888
vn -0.9036409837461933 0.2801468773528386 -0.3239609538257129
v 79.5795848243092792 -19.9011278678715584 36.5106147410476112
vn -0.2230416014861181 -0.9041962609098797 -0.3642548088400486
v 80.3651510985717579 -20.3761697050406667 35.6501838166828264
vn 0.3381543224233475 -0.2813409414237278 -0.8980528541824347
v 81.5217137498442952 -20.2135735603362399 35.5110360456422640
vn -0.0972488358407592 0.8308923380444748 0.5478691326462947
v 80.9721548410671232 -19.5114047740647294 38.3285890592924332
vn 0.6308598279489409 0.3850179665822435 0.6736297520812953
v 82.1098400792342034 -19.5820972518033685 37.9026368588897000
vn -0.7658138665120076 0.4436515370173900 0.4655130884948740
v 79.7632238426602242 -19.5867464573393484 37.5235993274999942
vn -0.2001744533914628 0.6906249515354843 -0.6949585343932682
v 80.7906953061638688 -19.4590399124692688 35.4696475510406088
vn -0.3344776793335994 0.8379757465599788 0.4311859578011048
v 81.4496315301994827 -19.1002384902715541 36.7147081313195258
vn 0.3346482907116052 0.9414438372223166 0.0411585092043048
v 80.5769958630854717 -19.0266771432050348 36.8517282835883293
vn 0.6555747273077999 0.5137275912445166 -0.5534489487833638
v 82.1791249054557085 -19.5087178827224683 36.0490221083557287
vn -0.1950732087445829 0.9261340961553832 -0.3228344454492795
v 81.3126843138870612 -19.0805903869703606 37.1508578605825832
vn -0.0292551842804125 0.8606106418653545 0.5084225184832214
v 81.0616135400891835 -19.7312822170563393 36.3343430791850608
vn 0.8266903049770719 0.5624937060691202 0.0135635647800371
v 82.4011355709938584 -19.5737575558798866 36.8622013798191617
vn -0.5470180038161603 0.8371137391024277 0.0034483774352360
v 81.3984259165128492 -19.7300820898764329 36.9344602661495145
vn 0.6803836524578786 0.7319109799514192 0.0372075650188240
v 80.5221991925897385 -19.6914657285051220 37.0727006708371007
vn -0.5524094838724816 0.6272853118643995 -0.5489598342747142
v 84.0261532377142686 -36.8749736628618123 23.0837730428434327
vn -0.4449600334744859 0.7391221094120047 -0.5056768493699636
v 83.8969652410740281 -36.8746244374060055 23.0656535511020415
vn -0.5300620240575008 0.8394253829032254 -0.1199969882532006
v 83.8433053168067914 -36.8749999940279167 23.4602187635742858
vn -0.5826515821587319 0.8124811916752822 0.0197850191265974
v 83.7266007853772294 -36.8749999094831722 23.6966681044342344
vn 0.0250577218286994 0.9185060034253575 -0.3946122555729015
v 84.6290226723250640 -36.8726666459552561 22.7792294304758656
vn -0.0151135957597513 0.5748392430711925 -0.8181267773692223
v 84.5156553761467393 -36.8752651337052484 22.8905805729414915
vn -0.8762536557266082 0.4531211960456048 0.1638923809088012
v 83.8448308235671789 -36.8750000057589347 23.7394897468551704
vn 0.3495776412617888 0.7188498766516909 -0.6008746354837194
v 84.8515764942344504 -36.8749999978279206 22.9693854641542110
vn -0.4558128785837910 0.8371355242333758 0.3023883823556539
v 83.9431545636806788 -36.8749999941096931 23.9820564209124178
vn 0.5154667124049810 0.7166291926397504 -0.4698262111237517
v 85.1151724192060755 -36.8749997998661740 23.0352594466780012
vn -0.4855330494029488 0.7166414508995101 0.5006822233614039
v 83.9008358588918810 -36.8749999623319979 24.0988348160692958
vn 0.5808603007219761 0.7141199794707693 -0.3906839719848301
v 85.1054689015162182 -36.8749999978228828 23.1825912623546628
vn -0.3837236290967782 0.6160926526559840 0.6878851792385932
v 84.1844950273229529 -36.8748307123058296 24.2227099444424177
vn 0.4109524468831807 0.9109547889485297 -0.0357695246329374
v 85.3466817046791704 -36.8749993986542748 23.4980596514140849
vn 0.8135249139398842 0.5596610209239217 -0.1579770744680937
v 85.2183246236419478 -36.8749999978963032 23.4383394977437902
vn -0.0728058498991512 0.8635880044510011 0.4989138871476720
v 84.3903590817284766 -36.8738729131987526 24.4130772758016512
vn 0.0659049960922553 0.7269173076605209 0.6835552350129868
v 84.5704647996746672 -36.8751815549639446 24.3065038770121156
vn 0.6588717995716968 0.7249838107372341 0.2007147874424599
v 85.2286181810044496 -36.8750835136298889 23.7503472559539794
vn 0.4017036542087203 0.8355291997123088 0.3748668171810755
v 85.1247704284306224 -36.8714940097929400 24.1862078821432753
vn 0.5006449557221040 0.5777049652091987 0.6446794563832876
v 85.0003346559053199 -36.8749352210057282 24.1401793616550613
vn -0.0228725233214478 -0.4095802843620718 0.9119873016324263
v 84.6526213230746549 -40.0981741636289328 24.4796323787039434
vn -0.8283634844303074 -0.3993591408205455 0.3928437530438221
v 83.7698103334013240 -40.0955707971050899 23.9003242993896023
vn -0.8206782227265841 -0.3817020523881046 -0.4251950116652875
v 83.7973151277409727 -40.0762008239602494 23.2133356550694749
vn 0.0759474408963282 -0.3805299013232868 -0.9216447148550184
v 84.6708341657207910 -40.1054031108326328 22.7308272346627191
vn 0.8966695338078695 -0.4413718129550367 -0.0342734572163675
v 85.3725045761258770 -40.2091650476292202 23.6049106250122129
vn -0.1753733113721543 -0.9839884991319866 -0.0317936351231814
v 84.3059725972084379 -40.5046803084459270 23.5285792191518972
vn -0.7762986631119922 -0.6039691219201992 -0.1805039761819033
v 83.8424603145370924 -20.3749999991285620 23.4600643035474441
vn -0.5121269031819038 -0.7119035583303319 -0.4805406940873215
v 84.0097340723521597 -20.3750667271494308 23.1184161220403332
vn -0.1851828883406607 -0.6963437668142278 -0.6934065591590425
v 84.3796018871577047 -20.3750607005509821 22.9072640191926453
vn 0.2198418258971485 -0.6946016853415773 -0.6849803430076286
v 84.7929520729730655 -20.3746896314387662 22.9383049146639557
vn 0.5995329982148742 -0.5550859051918409 -0.5765759463495147
v 85.0789478979256160 -20.3750000003163763 23.1507115256196379
vn 0.7840600223063378 -0.5533277528584590 -0.2812086046649235
v 85.2023202156719464 -20.3750000003063967 23.3814603653203967
vn 0.7051976060623885 -0.7067982465159114 0.0559694124134726
v 85.2402296113007480 -20.3747368025173685 23.6754407147328543
vn 0.6639772532033515 -0.5593412436202589 0.4962575746664978
v 85.0757457043389564 -20.3750387308337331 24.0662251039301260
vn 0.2555556746307108 -0.6946549369521997 0.6724178877245738
v 84.7703351485211698 -20.3750000007277272 24.2639524806580624
vn -0.0890141637612272 -0.5473337166257271 0.8321672195505887
v 84.5115829937427634 -20.3749999988188435 24.3030728510438436
vn -0.2678250729504153 -0.8283954279159450 0.4919662034195674
v 84.1857053808668496 -20.3745684877839892 24.2170749909695360
vn -0.7455357148270815 -0.4548732151311524 0.4871004578867906
v 83.9320744887108816 -20.3749999991274393 23.9682561424295102
vn -0.6922436114746936 -0.7112726664258824 0.1220244908528157
v 83.8430984055346613 -20.3750000008154046 23.7219586387975845
vn 0.4655475983520075 -0.8672634530101114 -0.1764073035383063
v 85.8182261727658897 -20.3593552412854315 23.0506701033451371
vn 0.4451320348931846 -0.8340518259837243 0.3259064637055665
v 85.8368201250928990 -20.3551140521645593 24.2234441686598032
vn -0.0718967972970266 -0.8333138057780191 0.5481048728465970
v 84.4745407356993638 -20.3346636515974701 25.0838099000957229
vn -0.3932906368101768 -0.9028792475346277 0.1735843868807044
v 83.3212034299755260 -20.3732265875528213 24.2959633153808277
vn -0.8849607713959508 0.4263620949986949 -0.1872426154447955
v 83.0631344993616807 -19.6551087521192898 23.2987907870809181
vn -0.3732182933359834 -0.8482317423803531 -0.3757805433198562
v 83.5079303640812753 -20.3547091761522161 22.6459308448488876
vn 0.2009785254775963 -0.7181161522967175 -0.6662708339012063
v 84.8637680527823051 -20.3147401125314069 22.1652869783407134
vn -0.2441285608360542 0.8303653065219954 -0.5008939044435956
v 84.4598076330194090 -19.4902234041211031 22.1866841862121689
vn 0.7441392836943027 0.6284935858894446 0.2263902360057901
v 85.9422483839429248 -19.5616337185221383 24.0307435626136012
vn -0.5822189360293422 0.5760019897356021 0.5737968441438904
v 83.5095551436293420 -19.5296995684703276 24.5941899510182935
vn -0.1545442055192681 0.9705230320694808 -0.1849354827043201
v 83.5763608944547798 -19.3390024867118129 23.6171812010963400
vn 0.1946135540082493 0.9242161854927252 -0.3285574638774090
v 84.2855797207300554 -19.0735796804573852 23.8649534982503084
vn 0.2141640974878375 0.9767610867162464 0.0084568802827936
v 84.4819488412718584 -19.2163857914414606 24.6566526060758910
vn -0.5751714661844436 0.8066986106988295 0.1357023801700461
v 84.9603361823398160 -19.6250549604259277 23.7324945928305873
vn -0.0949748247042369 0.9410280201731956 0.3247245724014664
v 84.9497253678705988 -19.0992189983851084 23.4144591352296239
vn 0.2375653187010300 0.3481709973627931 0.9068294635408998
v 84.7647757273131361 -19.6179824964716332 25.0802572508907922
vn 0.6194381913007129 0.6477847778493053 -0.4434762775446143
v 85.7094007844274728 -19.4966022323545864 22.8455712661054697
vn -0.1150647829609704 0.8109191117308554 -0.5737336402476196
v 84.6041631881710856 -19.7268983153631901 24.7371809955848221
vn 0.1437159035951954 0.9847602153143902 0.0979441544339035
v 85.6826470513710774 -19.5271123941455791 23.6786283973311455
vn 0.5526791919200608 0.7928604114967364 -0.2567451629531010
v 84.2042855059185769 -19.7389840309984770 23.5930610609698270
vn 0.9488486966306898 -0.3024702034757087 0.0905424039420455
v 102.9888534228573604 -17.2436063279178384 31.9265438150311702
vn 0.2215908708199230 0.2222144687955264 0.9494831308807915
v 103.6390508862684641 -16.9996083428529090 30.7990561993866692
vn -0.8818487344923198 0.1837616262957995 -0.4342516254148242
v 104.8674639624288005 -17.5098683944615487 32.4914651185676533
vn -0.8223862628177538 0.0196184581476811 -0.5685911983389789
v 104.9949936944437496 -17.9405405364944848 32.7234609823793789
vn 0.9496064574328473 -0.0639217825990148 0.3068575919073897
v 102.7182359056073153 -18.1703384316789851 31.7675965761465804
vn 0.1813692227146984 0.1121837501219679 -0.9769953998153922
v 103.7645831536461998 -19.4414133894295524 33.1449883440808719
vn -0.2721747336841540 -0.1929093226063573 0.9427125264870073
v 104.2228670344498482 -19.5286417899706173 30.8555053293625257
vn -0.9130363073017105 0.2761925824670045 0.3001372335100455
v 105.0840987444504862 -20.2353646635253241 31.7029600620148102
vn 0.6666741053339781 -0.1447406419998490 0.7311605732194615
v 103.1799304519086604 -20.9058198018989074 31.2548916473061063
vn 0.4412735750081109 -0.1553581211868359 -0.8838220896655942
v 103.4299290482262279 -21.8936297934714794 32.9853306980331382
vn -0.9750390648842318 0.0117266862290218 0.2217234917183309
v 105.2628633340593183 -21.7121699331042066 31.8003062481467822
vn -0.2506572034028473 0.0852443332208720 0.9643154929980087
v 104.2528173854438620 -21.4232984706843261 31.0633172626205152
vn 0.6296280904302757 0.0178179198080238 0.7766923390087219
v 103.0645730215347271 -21.2547099612262542 31.1939326746368657
vn 0.7790106837043305 0.3547802986362357 0.5169848105835364
v 103.0676948078431110 -21.8983499638258472 31.2003049288746332
vn 0.1764117912118120 0.6500816305880581 0.7391026677623423
v 103.6211047564679149 -23.4959035148683171 30.7062366368472830
vn 0.4701586857923217 -0.3696432890917793 -0.8014453499793036
v 110.2034972933338253 -28.3749999728781965 26.8044421376740161
vn 0.7602237477929601 -0.6267350625636393 0.1710643581959052
v 110.4304876271362588 -28.3750010119107046 27.1023029788429746
vn 0.4707676583437179 -0.4873819478701760 -0.7354159698754478
v 108.4310874744133315 -28.3741135258300758 25.0946782690782868
vn 0.3411707829197657 -0.5319157208434863 -0.7750278464684145
v 110.9458076065674987 -28.3749990037684015 27.8714238145804494
vn 0.1066707930424187 -0.3020153083228286 -0.9473162594669048
v 109.2701052963466282 -28.3749988735122578 25.8565248187599650
vn 0.7815945798629034 -0.6179548854135510 -0.0850980159725037
v 111.1398715031837554 -28.3751625509580343 28.2199934449331806
vn -0.3052823391887851 -0.6001462045148727 -0.7393424285037455
v 109.7124448816507822 -28.3750000182607209 26.9650741218059693
vn 0.6137290558914971 -0.7836686254335316 -0.0959173157758852
v 109.5670441552117467 -28.3750937818032014 26.1407435282548128
vn 0.2588401716271866 -0.7550022311911194 -0.6024727350249472
v 107.2483815737145392 -28.3764448845180510 24.5089032901618467
vn 0.5864831262374803 -0.6147896948773340 -0.5273245430580169
v 111.5118318652346403 -28.3752003333315983 29.0365463989959167
vn 0.6542386547428065 -0.7462175601274011 0.1230086809856571
v 109.1603234121496513 -28.3749999392360834 26.8898420875899689
vn 0.5498439099308974 -0.8348134376603865 -0.0275354138075189
v 109.8966170479304765 -28.3751008923817132 27.8474967884768034
vn 0.0745295914251492 -0.8926912709840688 -0.4444633108714917
v 110.0475574684380575 -28.3750006639359889 28.0846935903682109
vn 0.5287758985337486 -0.8424626953999800 -0.1032117047104031
v 108.3167888051909387 -28.3748179925623027 26.0711671780159939
vn 0.2544840224340977 -0.5039554144645967 -0.8253888917095857
v 106.0782455891171594 -28.3747994480593029 24.0226461457252611
vn 0.3680205947835860 -0.9160019448679876 -0.1596911982959600
v 110.4771259777361934 -28.3743624526422629 28.9910156982986500
vn 0.7888656902617638 -0.3763094938452547 0.4858827920082776
v 111.6469591488693993 -28.3753129096049648 29.4283201237559631
vn 0.6489147236901659 -0.7502980683042326 -0.1263427484149863
v 111.9799157488804013 -28.3752096509965952 30.4705793347483258
vn 0.6413957417462035 -0.7392592082409206 -0.2052006956636469
v 107.3012328770941792 -28.3750085670500525 25.5458841819582254
vn 0.3307753862326656 -0.7880416901295757 -0.5192089545456170
v 109.3035445967627624 -28.3749080276457271 27.1561259852454384
vn -0.3465441046553592 -0.8957243030844528 0.2785411215466880
v 108.9334860885843170 -28.3741712505303560 27.7828579462686314
vn 0.1818671580521967 -0.9081789027755868 -0.3770085110118185
v 108.4769216976503543 -28.3748202884829119 26.3624971314069505
vn 0.6909164326146229 -0.6517055602098170 0.3129126810065264
v 111.1441841679532274 -28.3749390130352239 31.1113418180062631
vn 0.1478443189822692 -0.7583944945579600 -0.6348069375556992
v 107.4824779086082458 -28.3750022631581693 25.6831122469440771
vn 0.3759417418679487 -0.6243795548756816 -0.6847028393212184
v 104.8925858147919001 -28.3750004863044119 23.9150468265805394
vn -0.4051997574493452 -0.8957880834690279 0.1826933662667531
v 109.8783708081168271 -28.3749999185765169 29.3180711079607548
vn -0.2296365517702124 -0.8955065087693656 0.3812284706613459
v 107.3812723616087936 -28.3743026363920237 26.4519658580493342
vn 0.4041329730117749 -0.7582249402496563 -0.5116360817104958
v 106.2126713561599161 -28.3750000022807392 25.1159250941041989
vn -0.6243360961715987 -0.3656862867289762 -0.6902738432793041
v 104.5290656214101404 -28.3749997725365297 23.8818286160956994
vn -0.2163184030509335 -0.8306424978699568 -0.5130686009042579
v 106.4579139367433811 -28.3748689083481871 25.1853743071751595
vn 0.2909325309638543 -0.9499422693446703 0.1138768955463042
v 110.9037707469826159 -28.3749999967107129 29.9306484686844172
vn 0.8649420663223578 -0.3788176202765221 0.3291996848024653
v 112.0722430618088481 -28.3749997495388442 31.9862252460888854
vn -0.4376977770341638 -0.8958013343355797 0.0772050865030701
v 110.3839625628838377 -28.3746602691771166 30.9779983009041793
vn 0.5006299333644451 -0.6456026036172343 -0.5766861781091684
v 110.9645313247154519 -28.3751457153372044 30.1906126725028763
vn -0.1315504021389891 -0.8954231417438917 0.4253373824701618
v 105.8973064596353311 -28.3749999835513833 25.7930302201653525
vn -0.1305059039388560 -0.9168787579741534 -0.3772287796720658
v 105.3206157007126080 -28.3750120380814792 24.8754448837244944
vn -0.0704456473965799 -0.4882360910386300 -0.8698637423011695
v 103.3488737953832270 -28.3753170974386180 23.8137764161737699
vn 0.5302541528059523 -0.6710817902892562 -0.5181503297057802
v 105.0882560924107025 -28.3751123367795586 24.8333604945949986
vn 0.4504712792031179 -0.6278203748185489 -0.6347575943427562
v 112.0442025795722145 -28.3745174549421932 31.5714034055322053
vn 0.3552117068442098 -0.8791711968423828 -0.3176202921155313
v 111.1726424674727127 -28.3750000040364760 31.3780775274934847
vn 0.2664349675720780 -0.8771773028106264 0.3994651267491825
v 111.2623409991475540 -28.3749996729984524 32.2357883250957045
vn 0.7489292711880442 -0.5282137942877849 -0.4001189001807419
v 112.0238351239267445 -28.3749997892228762 32.9217245495468660
vn 0.6315737281282223 -0.5197944647887095 0.5752637137115787
v 111.9732553745438537 -28.3750037063887142 33.2806765376971754
vn 0.6112684167421112 -0.7769293178368584 -0.1507705467893072
v 111.1557813662181076 -28.3749789015053402 32.5158518174568982
vn -0.5131879699708054 -0.7667803567205768 -0.3855982261690385
v 102.9996184125795935 -28.3750674154749127 24.7937173783142626
vn 0.1556399572532294 -0.9497151011198459 -0.2716936333651078
v 104.0445120690964558 -28.3754144062895257 24.8507665582943638
vn -0.0215442164137438 -0.8964093536393584 0.4427031934004830
v 104.0053997854918322 -28.3742688183426601 25.4435806902490249
vn 0.3162696830931768 -0.9456378521838275 0.0757795491758779
v 110.9241924071280749 -28.3740427342036945 33.5306007389578511
vn -0.4859228474850439 -0.7825094611665163 -0.3893044174895981
v 101.9059986642046169 -28.3752397227990265 24.1293714848941327
vn 0.1696980674357867 -0.3783611663652750 -0.9099699960412254
v 102.3071324407068232 -28.3753160031482352 24.0280816580643979
vn 0.5306150687059729 -0.5197819140488553 0.6695329795386212
v 111.6622778776145708 -28.3750012441297450 34.5562293649105428
vn 0.7819054638452209 -0.6191223557758848 -0.0728790380528501
v 111.7759823162476778 -28.3749990794506495 34.1820945348906875
vn 0.2736183259879210 -0.8329624210997447 -0.4809434652006608
v 102.7131385794756682 -28.3749997949061914 24.8224039183505276
vn -0.5025578229606243 -0.8587432425176886 -0.0999783877209672
v 110.3071425467613693 -28.3747371390849601 33.4686336282043442
vn 0.2014300695234711 -0.5296419770310453 -0.8239571003750228
v 101.0243258947816116 -28.3750023893076104 24.3980838099987771
vn -0.5417738474690208 -0.7920763080427560 -0.2812405028369334
v 101.8798062969177778 -28.3749996479035786 25.0602563952254478
vn 0.7764334054782855 -0.4844061591239739 0.4031151694741233
v 111.3214743910016580 -28.3763681158564367 35.6441839987281455
vn -0.7301203881132096 -0.5267871571101441 -0.4352235172474352
v 100.6718619088996860 -28.3749082771104781 24.5450654954795837
vn 0.1469706324152861 -0.8963828110536297 0.4182074715437826
v 101.7508964629022472 -28.3749999833583146 25.8530630517067159
vn 0.2738408754001811 -0.7471612438206363 -0.6056081659724069
v 101.5914242776256344 -28.3751032646583319 25.0770071138344051
vn -0.4853493533947363 -0.7625866177245061 -0.4276653547188611
v 100.7627012514217739 -28.3749999999264233 25.4756790931495090
vn 0.1548930941073812 -0.9623424397229753 0.2233946241651164
v 110.5665363125728646 -28.3748040752076029 34.6272184745090144
vn 0.4573840050620348 -0.7722392150818485 0.4409608447506231
v 110.2016995933968815 -28.3750798023299531 35.6172915495883728
vn -0.4198446427563532 -0.8585420313441388 -0.2943400352725905
v 109.3268004332260261 -28.3756114494308385 35.7053476900848423
vn 0.0573059803443598 -0.9254603421797282 -0.3744852195606021
v 100.5256170567127469 -28.3749997715606668 25.5924004868638733
vn -0.9142129136539099 -0.3694046659161386 -0.1665981431703691
v 99.5203173557540737 -28.3749980246992486 25.1605295766469510
vn 0.0960796899248845 -0.5304841247415945 -0.8422323234007838
v 99.8602657750710989 -28.3750005872205371 24.9587362842691753
vn -0.0887597983047642 -0.9894932533091467 -0.1141262452750393
v 99.7234804968001924 -28.3745033911983846 26.1485192039018166
vn 0.8478769119337213 -0.5301753893448335 -0.0043357516984588
v 110.6678154488481738 -28.3749991779323203 36.5740358292469026
vn 0.5285701591077402 -0.8173288078325105 -0.2293190065997698
v 110.1692877580840104 -28.3749509537908828 35.9113922911346179
vn 0.2901078332822116 -0.5135499998028132 0.8075294686702343
v 110.4283314179612461 -28.3740273458824142 36.9004719658569016
vn 0.3447421473101678 -0.8589774026343273 0.3785639624047161
v 99.7859455072257333 -28.3734611551884335 26.9196526522830126
vn -0.7879930378494180 -0.6155295405898852 -0.0137969910506091
v 98.4786723340702252 -28.3751870018872161 25.9750014699130460
vn -0.1189655760371819 -0.2842235773778780 -0.9513485953007251
v 98.7955356822934050 -28.3753961597362974 25.6923458979076287
vn 0.8537464450451518 -0.3699047452297267 0.3664525713230795
v 109.8475148273942636 -28.3749992001207154 37.5954477344342592
vn -0.0695781426567576 -0.9514266734086680 -0.2999102652310380
v 98.8219244150365910 -28.3739945602206305 26.9452062578300513
vn 0.2582895609449476 -0.9657175767641696 0.0260012429627239
v 109.4103203199766199 -28.3748778023885393 36.6664332895112253
vn 0.0835947748832710 -0.7792641511302726 0.6210952393759197
v 109.5723928904585733 -28.3749958010336520 37.8612678350239591
vn -0.0781982323271814 -0.7654585078414532 0.6387161413601822
v 108.7632468997263402 -28.3750000000881677 37.4185756195939305
vn -0.2618697849132294 -0.8954208507334954 -0.3600634885977778
v 107.8719374492877989 -28.3749999551720933 37.1979111288794968
vn -0.4516828900816839 -0.3677399318621557 -0.8128652467177290
v 97.8251606314961037 -28.3750007413309575 26.6187422318821234
vn -0.6230705646787623 -0.7820722168454678 -0.0120879720922856
v 97.5835374879002444 -28.3750575373241674 26.9277499540900216
vn -0.6341162556353140 -0.7730723199742769 0.0159925741717327
v 98.1069098408816700 -28.3750000353693466 27.6532294958163085
vn 0.8131293120131501 -0.5351764967943378 0.2289254010020765
v 108.8864168126864200 -28.3753450487022825 38.4465741854022127
vn 0.1624135718126018 -0.6316552953555017 0.7580457898705242
v 108.5538072902414797 -28.3752154492576665 38.6945104431418798
vn -0.0701206751252499 -0.6759200163774640 0.7336315303885651
v 107.8532647096785126 -28.3749998098305838 38.1106613128420904
vn 0.6127063506264308 -0.7757551420393219 0.1509797585823764
v 108.5492144320423193 -28.3749999514548286 37.6055298277508356
vn 0.4543610212070267 -0.8871023137475680 0.0812745184631642
v 107.6256463434159230 -28.3750257689133853 38.2753906090207110
vn -0.1231349330379834 -0.3751747349184962 -0.9187391939743114
v 97.0520736048062957 -28.3749995766767320 27.6628701527445813
vn -0.2297646812870560 -0.8328118452303145 -0.5036195207467006
v 106.6106769185618646 -28.3750000358970631 37.9306823375546571
vn -0.1318227972143252 -0.9267544012354318 -0.3517798031799826
v 97.9386785222960867 -28.3749994826701446 27.9060405829004061
vn -0.8600999317106318 -0.5092058409941534 0.0306189315424857
v 96.8457583131156241 -28.3752212991881514 27.9997665796684068
vn 0.5579839334334464 -0.7790157941293625 0.2859865775296770
v 107.7712525870908564 -28.3749998996190236 39.1808675330621270
vn 0.0953271323512888 -0.9357789837405120 0.3394560817355528
v 106.6509926774159709 -28.3748555878834310 38.6403458290954802
vn 0.0807356705410248 -0.3670909821190627 0.9266746798899563
v 107.4471263567197781 -28.3750014411008209 39.3431294434505787
vn -0.4847798718934058 -0.7041173688985307 0.5188518156684269
v 107.0717193489271466 -28.3750000675878979 38.9983190852287649
vn -0.1149914249971993 -0.8589382317090458 -0.4990010884613889
v 105.2330748553433182 -28.3750163440687295 38.4018257191396231
vn 0.4617797644328383 -0.8588683689363488 0.2215955189099460
v 98.0461335777902008 -28.3752058105039637 29.1372737038904930
vn -0.1836652532626650 -0.9811188969112544 -0.0606035054069022
v 97.0661806897827262 -28.3750823713593867 29.8393815289790716
vn -0.2203703955433591 -0.9695045619429851 -0.1072277629152257
v 97.4367361056274603 -28.3744633970890234 28.8831039892078110
vn -0.8122623059429139 -0.4832112540389870 -0.3267060304224114
v 96.2763085353854962 -28.3762131306284004 28.9716004937325735
vn -0.1178905127609384 -0.9527471014469044 0.2799549743896063
v 105.5998589524792095 -28.3750498568391656 38.9854758388971874
vn 0.6946149218007657 -0.5165981114367453 0.5006360970522443
v 106.5881118846139231 -28.3749973830744366 39.6870861918644522
vn -0.2485640433160575 -0.5280087186004180 0.8120484649651878
v 106.2217105214449049 -28.3750004507710862 39.8136564913585289
vn -0.4965587281542556 -0.8286537820990920 0.2583840918220362
v 96.7056983144031648 -28.3750000250231658 30.8318789080016735
vn -0.4085510956423170 -0.6100980586263777 -0.6788713877530761
v 96.0585159330535987 -28.3748652415331435 30.0401205079021452
vn 0.3915266074853659 -0.9200001898854376 0.0175090331474625
v 97.4079835308596813 -28.3748366709434983 31.6458424461551537
vn -0.8589775049333833 -0.3071037308681542 0.4096888386388868
v 95.9449917461066946 -28.3734496663798517 30.4785484941834603
vn -0.3752636709757862 -0.8390063647510200 0.3940120520403600
v 104.5293859526133247 -28.3750120547406226 39.2456985066164776
vn -0.1966760927998160 -0.3775446876647053 0.9048638148015193
v 104.9419332740695125 -28.3750004823561426 40.0789682562906648
vn 0.6588719789702666 -0.6081107787122316 0.4428193719134335
v 105.3356626457836995 -28.3748891388707918 39.9942847152981926
vn 0.0290042695069655 -0.7999685779227386 -0.5993404931144222
v 103.6100352643569096 -28.3749999853859727 38.5035477933220633
vn -0.4005353315376610 -0.7616271728240078 0.5094070060434238
v 96.6559186511458392 -28.3750000027945752 32.0218917561504668
vn -0.5276040557807856 -0.7783890200508248 -0.3402124245056056
v 96.6841899382408627 -28.3749997662491396 32.3283705046145755
vn -0.8415545347083924 -0.3736652434114162 -0.3900772371954407
v 95.8169831599400510 -28.3750006369274281 31.3712406494343270
vn -0.3168732665962581 -0.8617311622283299 -0.3962458037143469
v 96.7374822451527052 -28.3750742523185053 31.1255155572415738
vn -0.5049141868060374 -0.7812043831140286 0.3671258309700203
v 95.8117737019950795 -28.3750120865277644 31.7607457186002229
vn 0.1381444271899742 -0.9300716318963885 0.3404157410842553
v 103.1095389330372285 -28.3750004278583425 39.1974730126595290
vn 0.2362887201482489 -0.8508567324487472 0.4692658751468549
v 104.2695932283230889 -28.3749999969619111 39.2489653408344878
vn -0.4761316284778631 -0.7581371866992439 0.4455633271565042
v 103.4080885255612259 -28.3749999383187870 39.2809607360349844
vn 0.6824079819561709 -0.7067500766401713 0.1866110268221528
v 104.2046210781641946 -28.3749997907533391 39.5503682167759649
vn 0.3214035162011148 -0.3764575563940771 0.8688955564435579
v 104.0023359314614737 -28.3749994986998928 40.1414464123180323
vn -0.4090460090007849 -0.7797356390694057 0.4740186659674441
v 103.5990800958463183 -28.3749992615613493 40.1092205161281683
vn -0.4614752049804431 -0.8585643759428986 0.2234006435757051
v 96.7918712070927825 -28.3749999543360367 33.2040069064727348
vn -0.4192390598371021 -0.8266044459774915 -0.3754513291988016
v 96.7635700572872111 -28.3750179694749640 33.5007194247809394
vn -0.4159183268519204 -0.6314967754734500 0.6543880866544978
v 95.8627931765460488 -28.3749990756392911 33.0548239718448968
vn 0.1882550306336474 -0.8005802968424680 -0.5688859567160627
v 102.0406433976400677 -28.3757916485196624 38.2397172449586193
vn -0.8824982867789520 -0.3754610706448642 -0.2832415193124531
v 95.8246066680848969 -28.3750000642726263 32.6684805389128741
vn -0.0676592060516737 -0.9313416156888688 0.3578058505984842
v 102.1226229053377637 -28.3749092292097878 38.9073530369666756
vn 0.4882925337975882 -0.8581100796216966 -0.1588001658978244
v 97.7388592419577549 -28.3756485059649037 34.0642593663467110
vn 0.3719935329527567 -0.5216605236696892 0.7677832438168939
v 102.5862854622469627 -28.3770560787494546 40.0951246775153436
vn -0.1479452754336584 -0.9355975455009414 0.3205767120822609
v 100.9683384930602159 -28.3751573100266974 38.5673832895852726
vn -0.2359146756207845 -0.8432425008919525 0.4829972572553859
v 97.5450475713498548 -28.3749996452493782 35.4016177432378498
vn 0.4985552517875524 -0.8001383075320002 -0.3334986502744447
v 98.5372085670575615 -28.3749999594569893 35.6310773233071458
vn -0.2310489854988095 -0.9276564319939168 0.2933767381376490
v 97.1806165974238496 -28.3749762386894275 34.4698807983867397
vn -0.9198918118043051 -0.3718968120198673 -0.1244661230409802
v 96.0354688609556177 -28.3750004384576719 33.9735384394812669
vn -0.4172954536609183 -0.7671902208563064 0.4871177161389020
v 96.1405836781946874 -28.3749729984629191 34.3348402808212967
vn -0.1971779583771045 -0.9394305205571835 0.2803411310812174
v 100.0290289461561457 -28.3740456962243996 37.9654432687437051
vn 0.3429527186850468 -0.8017661422445621 -0.4894430364167085
v 100.2790717874949848 -28.3751853748789351 37.4030665305058037
vn -0.1721605836290263 -0.8502395025890284 0.4974470038925502
v 98.1708492472994436 -28.3750306684496962 36.3935933997141348
vn 0.3207841994192337 -0.8951521086776076 -0.3095160734646811
v 99.2425726621160322 -28.3749999338529122 36.5125076067372873
vn -0.3887911682679366 -0.9213053821995397 -0.0061498135754518
v 98.3275037726306209 -28.3749998853668792 36.6523997532574484
vn 0.0064531596495060 -0.3724020540335625 0.9280490649109677
v 101.4111961606589745 -28.3750001249535373 39.7410564804839694
vn 0.1413487083552118 -0.5187333063949634 0.8431703857956956
v 100.2403491499871961 -28.3750027946617358 39.2373494041550117
vn -0.2309025625828559 -0.9421976567904526 0.2427912315781826
v 99.1453485552753193 -28.3742733983593105 37.3134663555533521
vn -0.4910678445279987 -0.8654011212442388 -0.0996657986464736
v 97.6407917935948007 -28.3750349629319842 35.6872513082546803
vn -0.7409763635097781 -0.6093290667309789 0.2822624969006322
v 101.0406249295152747 -28.3746828837710190 39.5851347074734150
vn -0.7175037083261436 -0.6171081651209869 -0.3230571792720924
v 96.4577090950155736 -28.3749703086611049 35.1827479909943293
vn -0.8464414495597877 -0.5280473914951689 -0.0685771448973582
v 97.0626990797466362 -28.3749992514613112 36.3414464754151183
vn -0.6163361737124406 -0.3783515096005897 0.6906372826284888
v 96.6211543709241170 -28.3749967362008064 35.5631498836496931
vn -0.7522260836978425 -0.5267549927571032 0.3958346834349797
v 99.8745138417157108 -28.3749998618613262 39.0558391837432666
vn -0.5399970598479746 -0.4902756948363500 0.6841293140980566
v 98.8699924546029649 -28.3754976982082994 38.4396324289792517
vn -0.1167404850819376 -0.3747279636064726 0.9197557352004824
v 97.2832184353722766 -28.3749984700278119 36.6908737576479922
vn -0.9472486253848333 -0.3030708549477800 0.1042501730826632
v 97.8453526913682339 -28.3753098718669712 37.3927284637815376
vn -0.1400290781533115 -0.7677997980733122 0.6252002298065115
v 98.1361941452463498 -28.3750927017264232 37.6941134850558512
vn 0.5237137937082673 0.7480706868869373 -0.4075709873141125
v 107.2729221672281454 -24.8750000134713609 25.5536110456935681
vn 0.1069572108302649 0.5305264018654507 -0.8408935081061741
v 109.2870526219951444 -24.8749982489976738 25.8672420459222430
vn 0.7528913154196953 0.6259197880606296 -0.2034184998463448
v 110.4307328437127893 -24.8750003569488207 27.0972271245248884
vn 0.0585950247046192 0.3693438903159172 -0.9274436445230345
v 110.2018327174585153 -24.8749992685621599 26.8032141604701550
vn 0.3605355868712204 0.7463942502557810 -0.5593833334883470
v 108.4119036018336004 -24.8748049288294339 25.1346223257180590
vn 0.4041601760727868 0.2978716993633446 -0.8648277301261839
v 110.9503241030616323 -24.8750003218255920 27.8688807137720644
vn 0.8370018942545610 0.5322434499473515 -0.1270619494672494
v 109.5778958139159442 -24.8752018650611504 26.1470878978062515
vn 0.7437711560747252 0.6141454431284165 0.2638746711525528
v 111.1332417996584070 -24.8754580472313478 28.2409450151173793
vn -0.2187696621839850 0.8329580603185582 -0.5082525992636440
v 109.6992265016618404 -24.8749996929748605 26.9726362237427217
vn -0.5461882443196805 0.8347833574592075 -0.0693912665694894
v 97.6670438894569202 -24.8749780168691359 35.6462134263572992
vn -0.1316397442072372 0.7528672855898655 -0.6448734976982703
v 107.4846746752160556 -24.8750027882178060 25.6784118401166594
vn 0.3490326061400587 0.5085695931339711 -0.7871043188743317
v 107.2872046871432730 -24.8706755502195769 24.4646540994413826
vn 0.3087366913981058 0.6102947311701949 -0.7295354662320745
v 111.4889869795093631 -24.8752872358137651 29.0261209415657575
vn 0.4327434115147754 0.3689576335976344 0.8225590583055952
v 101.4184002503621826 -24.8749991175526688 39.7427639243854784
vn -0.1219888002342335 0.9854559342436245 0.1183018777595573
v 99.1367999893318341 -24.8748753635588216 37.3573254202797784
vn 0.1607110806448955 0.5294391210598656 0.8329862937943858
v 100.2450249061289327 -24.8750003969360627 39.2298858304205638
vn -0.9269154120438663 0.3723600363477966 0.0466457098414993
v 96.4543184649899388 -24.8750000778073748 35.2150494181974594
vn -0.6264534405578996 0.7777849319555513 -0.0510557189359694
v 97.0671799256985679 -24.8749992497272387 36.3445170665112371
vn -0.1654249775206151 0.6284302332578425 0.7600723773035022
v 96.6365958855972451 -24.8748569810007325 35.5720087885343474
vn -0.6486919772520087 0.7610492916022883 0.0016414629251065
v 98.3096405642609881 -24.8749495711678748 36.6308588447752754
vn -0.7508956791836012 0.5206923535675464 0.4062451869495655
v 99.8586969660645281 -24.8757669157146069 39.0456391551849649
vn 0.2129487838663552 0.7080908627066400 0.6732459770404919
v 97.6698749094520196 -24.8749999625981353 36.5844132652432066
vn -0.9267927985531054 0.3663790156278354 0.0825925266454637
v 98.7848102709863980 -24.8750016287468299 38.3021289246520737
vn 0.1025712052344191 0.6034232128721631 0.7907967969230748
v 99.1218469015515922 -24.8750756943302598 38.5471137636451076
vn -0.5478559875461930 0.3712338812169348 0.7496927519633604
v 97.2675285281762001 -24.8749995544836970 36.6734730260602646
vn -0.8399737961956931 0.5324201609671776 0.1047511045301243
v 97.8578038786034057 -24.8750008797045652 37.4164580192269156
vn -0.1960155859865513 0.5083302119548618 0.8385572643918089
v 98.1292776635932853 -24.8753610463333814 37.6968160011052476
vn 0.7757450037586188 0.6059079866181385 -0.1763383137491519
v 109.1518052141235984 -24.8749998901547151 26.9061115150728298
vn -0.0654364695499424 0.8949383662288627 -0.4413653691721333
v 108.4571497635612616 -24.8749184340171503 26.3353481154068589
vn 0.6403833986592337 0.7301452704842305 0.2383211839328572
v 109.9382416225970331 -24.8749177648479609 27.8061142216595165
vn 0.9254880289564751 0.3776017936298777 0.0298126433876266
v 111.6485004734160640 -24.8750011219203095 29.4021268863259628
vn 0.1914739957900665 0.7550236852552084 -0.6271179662869097
v 106.0629322803114007 -24.8744895949377423 24.0719361880731313
vn 0.6476856341853868 0.7390178911512462 -0.1853533809463374
v 108.3003398668744524 -24.8749691823980825 26.1964074813281194
vn 0.1597851206931571 0.9846986745284515 -0.0695502378643234
v 110.5063365382491156 -24.8749700788590182 28.9802409578513753
vn -0.0141348298166628 0.7500046358250320 -0.6612815231253745
v 106.4579334432928874 -24.8750201319807047 25.1981553175234048
vn 0.5081950966966803 0.8483543383675806 0.1484340266460373
v 110.8864502411798725 -24.8749624427521283 29.9800871850443151
vn 0.8511648035261143 0.4981768105018050 -0.1653431060449748
v 112.0215492470817935 -24.8747524342289736 30.4648222233572668
vn 0.3627499100716123 0.9157150506435379 0.1728538364281799
v 111.1539751646076013 -24.8749773942041621 31.0916803878551526
vn -0.2480223820589064 0.3706094312057925 -0.8950606390067350
v 104.5308575309050099 -24.8749995077199237 23.8803385081158766
vn 0.6557755938514941 0.6262611632757579 -0.4216103958410121
v 104.9175044953908866 -24.8748981170365582 23.9334642632561447
vn -0.2340838012759562 0.6536373460110906 -0.7196964595437277
v 105.3119061475953657 -24.8749979479121599 24.8747687921427136
vn 0.5813850823643935 0.7534764843993372 -0.3070253628959060
v 106.2310348359485630 -24.8749861631517462 25.1174671144190036
vn -0.1449391368382174 0.9658355957533599 -0.2148353988251125
v 104.0748842844415947 -24.8751550589519503 24.8151980268132206
vn 0.4022565301198610 0.7322669235968130 -0.5495223713207575
v 111.0333462080692897 -24.8750226606087779 30.2192757629634343
vn 0.2797460902536821 0.9242091450033889 -0.2599607302649450
v 105.0535670698632629 -24.8750000066501080 24.8151823784729828
vn 0.5924314303077927 0.3758136041343441 0.7125932467621467
v 112.0664975760971060 -24.8750014767650427 31.9917570728232299
vn 0.6998239442015588 0.6315409760755856 -0.3337700445811010
v 112.0604923593066218 -24.8747766380056774 31.5869913482508586
vn 0.5515681273123638 0.6821937728706794 -0.4799836009590326
v 111.1703697604067713 -24.8750000716659230 31.3867798692120878
vn 0.7516132224230254 0.5275140514392741 -0.3959879915010032
v 112.0222766808889645 -24.8749966510025224 32.9217025704778337
vn 0.3944015121951804 0.8902646283093888 0.2277637784181251
v 111.1869469218202511 -24.8749999570677716 32.2532747252851593
vn -0.7327806705057894 0.3715426242994128 -0.5700776852866555
v 103.1974961578466576 -24.8749586856342617 23.8974999503505607
vn 0.5150124743440100 0.5994786953472341 -0.6126887016216626
v 103.6076111477624551 -24.8749445465562609 23.8807897174410151
vn -0.2394533027427205 0.8523376806466220 -0.4649543998668472
v 103.0189780002598070 -24.8750000475693227 24.8049777801022735
vn 0.6238210754155586 0.5204980665354169 0.5830343288351625
v 111.9642562642329437 -24.8746928491231500 33.3060013642907080
vn 0.3900677037056078 0.8360458060358013 -0.3858427098388427
v 111.1958135001753618 -24.8749501489573568 32.5207198339298102
vn 0.2060809191341388 0.9769908559404291 0.0549501790499006
v 110.9908349517324240 -24.8751919309745837 33.4935126807182257
vn 0.5988273370969222 0.3768666088835426 -0.7066663848337688
v 102.3297672679708512 -24.8753941458020194 24.0415673295928549
vn -0.6519887345442880 0.5326914906528062 -0.5395836040998924
v 101.8951671245564654 -24.8755102817781051 24.1289337018848649
vn 0.6058281996491548 0.2881954569133796 0.7415629245885693
v 111.6617725802609584 -24.8750009414707591 34.5577334073701579
vn 0.1963773310800336 0.9224689303481060 -0.3323958729892775
v 102.7118408176829831 -24.8749999778962056 24.8190202193102465
vn 0.6855332515254190 0.6103969292087172 -0.3968119830165854
v 111.7716816026768356 -24.8760583954192711 34.1640828335485836
vn -0.0138709926466539 0.9291237992013962 -0.3695085402538892
v 109.3420556607171505 -24.8749884574289553 27.1621765125174086
vn 0.3908066806956056 0.8019019688415081 -0.4519107994856904
v 105.9076817303625120 -24.8750000042238462 29.7303416929877287
vn 0.5239545152443139 0.8031755898353754 -0.2835147929962263
v 106.4947399182317582 -24.8749999988614654 30.4078316572576597
vn 0.2961289388424575 0.9043107564816359 -0.3074568380954495
v 109.9845022580305738 -24.8750008708038699 28.0601581384121026
vn 0.5909910803884623 0.7457970189444644 0.3074351141864383
v 111.2740268975556148 -24.8739377802704631 35.6345560905577585
vn 0.2384108712836849 0.3007705061985247 -0.9234161353663025
v 101.0443115899507376 -24.8749994213385932 24.3910585465405916
vn 0.0910690514734796 0.9393635160187280 -0.3306094563630227
v 104.9159311723680617 -24.8749272856351347 29.1269862775005137
vn -0.5386608744973027 0.7793960372929456 -0.3199785607472077
v 100.6781823366616635 -24.8749884252546707 24.5456713982707413
vn 0.2158740833600785 0.8627520163259097 -0.4572278846035344
v 101.5629255448006063 -24.8749993692151570 25.0879521316499989
vn -0.5184436638279386 0.8428315262509309 -0.1443993967930262
v 100.7696556806028951 -24.8750000000195577 25.4646030987926402
vn -0.0016388972869354 0.8355685324388974 -0.5493837835371463
v 103.9909403244318042 -24.8749999991733972 28.9981403650112384
vn 0.3060568056428630 0.9502588024336774 -0.0577705817609621
v 106.9039578657592386 -24.8749999989863184 31.4519485316656215
vn 0.1900089975517121 0.7410532084166015 0.6440005614476236
v 110.2510590707230733 -24.8750224796509372 35.6243309312346028
vn 0.5044795648757503 0.8601429625153794 0.0751960946993959
v 106.9036283810869605 -24.8749999989683133 32.4999347673388357
vn 0.2745433581023861 0.9611114595701004 -0.0298447115063340
v 110.5800229297751258 -24.8752445556430644 34.6653496794199043
vn -0.6215964531753154 0.6244218357193848 -0.4729854336834291
v 99.5216552530669816 -24.8750001196203243 25.1585418165462507
vn 0.0968958856557618 0.5300201572490395 -0.8424308993933503
v 99.8599757164637793 -24.8749991174017921 24.9615176251003632
vn -0.2392297433943909 0.8650341071336957 -0.4410046749988757
v 101.8560985862224868 -24.8750000011974102 25.0736260688119721
vn -0.1992371457542295 0.9451067085323869 -0.2589939559889111
v 99.7456754150388036 -24.8751065968699479 26.2101683647522457
vn 0.9544235495639244 0.2978380510452851 -0.0191881053610147
v 110.6733118953273163 -24.8750002274931816 36.5578179854268441
vn 0.0896274169520418 0.7747602349513784 -0.6258701977795315
v 100.5293168169508391 -24.8749999498125476 25.5930994002036343
vn 0.2064755820689662 0.7775682141328482 0.5939322405624525
v 110.4434518747575567 -24.8750013619149257 36.8869312890298033
vn 0.5394972496359227 0.8418178161592549 0.0168962135443947
v 110.0923999681022281 -24.8749692071135620 35.8367499996276067
vn -0.8276578068268746 0.3695729489286248 -0.4223723360007470
v 98.4895499571758677 -24.8749991540861615 25.9466832622386399
vn -0.0720512988896222 0.7698134792685880 -0.6341891022910355
v 98.7711425106825942 -24.8750020736644899 25.7087322826155109
vn -0.1446295320990393 0.9386436035881639 -0.3130982016681645
v 102.8030914941936800 -24.8749131799419452 29.1705533026060415
vn 0.3141473116155800 0.9302120480700015 0.1897814854776855
v 106.5208137026603197 -24.8750578659597998 33.5705930582552696
vn -0.3063696575023070 0.9505752731843583 -0.0504408859200699
v 98.8543811523321807 -24.8750338204121100 26.8741486304452941
vn -0.2665854256664645 0.9303235912941550 -0.2518535810818975
v 101.7085613762396292 -24.8749999988565307 29.9669061353014889
vn 0.9318410883374048 0.3604096303274966 -0.0421554795175920
v 109.8546360050620336 -24.8750068450336741 37.5764724381732975
vn 0.1177221360291077 0.5295765215087020 0.8400536926622534
v 109.5692455196889767 -24.8750584992378769 37.8677230529113231
vn 0.0657725350226406 0.9665242843358408 0.2480015754502101
v 109.4356902678950547 -24.8751578123094319 36.5842647277313731
vn 0.2090382538740434 0.7650276828022516 0.6091269596426581
v 108.7590115903378774 -24.8749999999332623 37.4187856570138067
vn 0.3239155415139784 0.8611944914557274 0.3916921876320966
v 105.7710464133384107 -24.8749999989672084 34.3858723131696209
vn -0.9530591706851870 0.3016371380584333 -0.0263297192689420
v 97.5733996298054365 -24.8750854096203788 26.9337448380998197
vn -0.0570030067649248 0.6087547966647857 -0.7913079392735632
v 97.8577299545564330 -24.8747722216461362 26.6040377848931335
vn -0.3799644500227245 0.9249169208822200 0.0124782284272065
v 98.1054985815925278 -24.8750000375601878 27.6500338865478277
vn -0.2749641688857354 0.3755898201632067 0.8850576211856190
v 108.5282039130485430 -24.8754170118190245 38.6903889443560018
vn 0.8093700032878096 0.5356885335212590 0.2407446631427872
v 108.8962909640353729 -24.8754804912406655 38.4432578414512705
vn 0.3657760475951191 0.9260950711617477 0.0924975792959502
v 108.5617082134760665 -24.8749999993159321 37.5861408353701520
vn -0.0746355464475936 0.8695479865779546 0.4881760279291623
v 107.8741916592379226 -24.8750000015724559 38.1305980505121909
vn -0.5475811141075116 0.3755328289717304 -0.7477499701352489
v 97.0445950379276212 -24.8750007031555924 27.6634702054347592
vn -0.1928622959366203 0.8393775848680212 -0.5081824523015167
v 97.9411626206900792 -24.8749997704086532 27.9042534605993104
vn -0.4041391487654677 0.8949476534972461 -0.1890509083154482
v 97.4783128367995459 -24.8748911384549025 28.8623443021974779
vn -0.6409104659884998 0.7669094047559242 0.0329201987132224
v 96.8493386079724843 -24.8752122938652285 27.9988268263267273
vn -0.4620109779575184 0.8609847071923150 -0.2127232714765853
v 101.1157516592961798 -24.8749380075891473 30.8875076686860588
vn 0.7582162204225039 0.5300232931196925 0.3797149876404268
v 107.7828058410940599 -24.8750000832369871 39.1744101997010290
vn 0.3012802863662197 0.9239072845399907 0.2358506277732352
v 107.5991499037636032 -24.8750246141929345 38.2481271324621446
vn -0.2992677154375467 0.7399028833152270 0.6024803380680609
v 106.8498020601921183 -24.8749141366664475 38.7214636223479403
vn -0.3510556321625785 0.3730625377231841 0.8588272737136788
v 107.4463254884773846 -24.8749996489625786 39.3433664580186502
vn -0.3453538838911860 0.9307814279542890 -0.1199025781901626
v 97.0873350550581620 -24.8750593996876006 29.8762337960047297
vn -0.6258731526647149 0.7373706122984349 -0.2541011154878341
v 96.3237458688714980 -24.8740208447640860 28.9743437811938378
vn 0.7004426907150676 0.5298518021846709 0.4781601245874571
v 106.5848948809822900 -24.8749989200108708 39.6853634266913673
vn 0.2684512176802460 0.9296770697637724 0.2522587752317828
v 105.5487213450498274 -24.8751937937372674 38.9883020425215747
vn 0.3893050454645554 0.9030504213492191 0.1814979836715511
v 106.5466278065503758 -24.8749939393784452 38.7699572756898689
vn -0.2459058843913600 0.5214981719027665 0.8170495411685731
v 106.1988740966677511 -24.8750008007253314 39.8180366520086011
vn -0.3965770057583415 0.9105945769497031 -0.1163795297014872
v 96.7734718518710366 -24.8750363714412295 31.1368535508231048
vn -0.4506196042179678 0.7389918113978103 0.5008323821214290
v 96.7019710219072977 -24.8750001033962818 30.8312212360383811
vn -0.6490539514394821 0.6144160414641143 -0.4485776366609935
v 96.0378202747179870 -24.8749313949646123 30.0531281636983501
vn -0.5960220207443271 0.8023720050706659 -0.0309340632107722
v 100.9370045718569457 -24.8749999956505761 31.7965054511170244
vn -0.7590011159064801 0.5391646259014106 0.3649915235033682
v 95.9445654692690653 -24.8749993820932644 30.4641172087592302
vn -0.1622570028735064 0.8441561726420226 0.5109530518637487
v 104.5347161152311770 -24.8749884527950265 39.2294995885259397
vn 0.0909776365571324 0.9214761955292674 0.3776303625496572
v 104.6091077327395311 -24.8750930669193799 34.9525211648835210
vn 0.4149561506476985 0.6146787559778789 0.6708065443845430
v 105.3208157551467394 -24.8750651904171924 40.0149603198215544
vn -0.6118476753224197 0.3753295872453446 0.6962543523316677
v 104.9401069128935262 -24.8750003153448098 40.0775675989136104
vn -0.4818959446414330 0.8461857308898216 0.2274774876259168
v 96.6790069786109001 -24.8750313958889251 32.0330433595239086
vn -0.3122961917909122 0.9263019663049231 -0.2107979027707027
v 96.6869159872631059 -24.8750000007918715 32.3244138396106209
vn -0.4603813832652706 0.6270795423020730 -0.6283472205468715
v 95.8371191324034157 -24.8750249000606694 31.3441754520254214
vn -0.4809281356502551 0.7573895024189581 0.4416664691433266
v 103.4058152335986733 -24.8750000014103350 39.2787052826904954
vn -0.7771329595937150 0.3011832428450215 0.5525875653165481
v 95.8087349549664680 -24.8749469685362392 31.7732035616510800
vn 0.3673645389503573 0.8929059519176524 0.2603118448166015
v 104.2532146350488489 -24.8750000494529431 39.2633650130827121
vn 0.7125500359812341 0.3772946871623484 0.5915413470436428
v 104.0243736909994254 -24.8747623308778429 40.1279089523332289
vn -0.5450704040209159 0.5318658034176825 0.6480872023233745
v 103.5857156754580046 -24.8762381106115065 40.1243685643799779
vn -0.2785203021864662 0.8485510321486006 0.4498750794492891
v 96.7757094291429496 -24.8749999828787622 33.2027518760165989
vn -0.4407422491775215 0.8953410945703482 0.0641139155215969
v 100.9561230230953726 -24.8749999989344417 32.3945273057762932
vn -0.4360852575260700 0.8879257393762827 -0.1463472907897611
v 96.8198507027456259 -24.8749999803825936 33.5020290161647551
vn -0.1045531069956475 0.8973546087750173 0.4287462582085030
v 103.0388968036608333 -24.8749735401721779 34.8937787219138045
vn -0.5382464727953687 0.6266364683618861 -0.5635756125333026
v 95.8309744531501480 -24.8755300079216575 32.6424921382218898
vn -0.8151832625902714 0.3792873109634539 0.4377412296491992
v 95.8612778238034338 -24.8749999673420419 33.0512860285610941
vn 0.1821179912130549 0.8413646817337647 0.5088600098333163
v 103.1434035710819472 -24.8749797575993767 39.1986396020940333
vn -0.4635308144961716 0.8589894123643788 0.2174313074476978
v 101.1659095303927103 -24.8749999988598169 33.1928929768589427
vn -0.7433320649593543 0.3735040895545349 -0.5549343531349453
v 96.0488078171938611 -24.8752927899859095 33.9239956428176654
vn -0.5668764826198539 0.5121565256950835 0.6452493677954932
v 102.4550867249883055 -24.8740803976431906 40.0728669022534660
vn -0.6140910389868344 0.7583522273421986 0.2186186065301780
v 101.1267030578244288 -24.8750000037125893 38.7132488718670942
vn -0.5455109746203134 0.6273872407269435 0.5557004829418705
v 101.0505927105729995 -24.8749852957433184 39.6031664729903596
vn -0.0382269916700180 0.9827483591025096 0.1809540267282971
v 102.1180604153159095 -24.8750623571615250 38.9096429329951050
vn -0.2960428517392054 0.9513386178556986 -0.0855187939024382
v 97.1845337734096262 -24.8751914215171936 34.5180918232578122
vn -0.0891121120715216 0.9854992701935946 0.1443960523353904
v 99.9746743682862302 -24.8750635051518962 37.9952873682771752
vn -0.2854384877676432 0.8974179020504259 0.3364015142360886
v 101.8447508644007939 -24.8750200005641524 34.2024394772663101
vn -0.1815468825628107 0.8716543941632628 0.4552574508644535
v 97.4947541870000691 -24.8750000065171726 35.4045813247348704
vn 0.2016980073558882 0.8494847761311265 0.4875382333213612
v 100.8511029894630440 -24.8750000634021475 38.5703870712285593
vn -0.5739296321612474 0.5127765849683267 0.6384864534471156
v 96.1453213334521024 -24.8746481378169619 34.3443886414917685
vn -0.1412529071150157 0.8896860776510307 0.4341731215373437
v 98.1577684258589329 -24.8749980362139240 36.3906821496107113
vn -0.7757423324259849 0.6131979976979177 0.1490370735808951
v 100.9975661797734290 -22.5750007747605146 32.7227594733268035
vn -0.5436959442726390 0.7191178907184882 0.4327403140800218
v 101.6349493335657996 -22.5740566810854446 33.9881272474530078
vn -0.2911486006683363 0.7174344183141480 0.6328667693496871
v 102.8069908622577486 -22.5750007747579460 34.8066503221345016
vn 0.0259364709505466 0.5652820108505161 0.8244898711830415
v 104.1364116823812225 -22.5750007747659716 35.0179840245476584
vn 0.3398989764684838 0.7190262954515998 0.6061929331861481
v 105.4258957486987782 -22.5750007747589692 34.6315652445681437
vn 0.6900067542600523 0.6215557989832334 0.3708895628429331
v 106.7108730269881534 -22.5748974674445613 33.3343657469963688
vn 0.6838441887948518 0.7202730125827586 -0.1164642125138394
v 106.9041363963595046 -22.5750007747624295 31.4245433116379935
vn 0.5547956243832275 0.7166266119877330 -0.4226678532325450
v 106.4268252169081421 -22.5750007207793892 30.3009064921230049
vn 0.3705443202087211 0.5747393635970779 -0.7296379723486728
v 105.2769160885826238 -22.5754956727707068 29.2603853637563844
vn -0.0769470194543297 0.6257817106723421 -0.7761935369384957
v 103.2693592254575350 -22.5747337361574836 29.0103558298732622
vn -0.5636123301629850 0.6173922115704862 -0.5487877534897756
v 101.7823609250097547 -22.5750007748549173 29.8664186280317736
vn -0.6754791225419655 0.7190152273167445 -0.1635391631890864
v 100.9881539889636031 -22.5746941299637243 31.2325363493321646
vn -0.7742862590590672 0.5212819787748008 0.3588117718762071
v 101.6299518874995016 -22.5763512192053639 33.1083382413717260
vn -0.3977977341836105 0.7102652036273488 0.5807583862455941
v 102.5725920541312917 -22.5750001369248388 34.1212666679271166
vn -0.0638596340840451 0.6321559440075920 0.7722051602977812
v 103.7466912607644929 -22.5753115977620524 34.5455137679134907
vn -0.7832806131917222 0.6047605937651351 -0.1440003653705116
v 101.4428533224539422 -22.5752858097072959 31.4999449353968402
vn -0.6041727096334799 0.6021412125667491 -0.5219207766153631
v 102.0484748046506667 -22.5750002533805905 30.3202298934174195
vn 0.5943512968295290 0.4536988404609220 0.6640059473539917
v 105.6447026001637539 -22.5754767570284720 33.9266919067718291
vn -0.2110162668115566 0.5174072443455604 -0.8293141013148442
v 103.2637570278525487 -22.5764794812559266 29.5398816484681035
vn 0.6794609565709746 0.7116675953300721 0.1784994180740345
v 106.3672256494657233 -22.5750009697299561 32.6795415658005410
vn 0.8860040538123383 0.4443034653140286 -0.1326319996759798
v 106.4277632333436259 -22.5750010537832537 31.7439713731882698
vn 0.2693847089035061 0.7116390015630701 -0.6488465227334506
v 104.9747331930173431 -22.5750787102979764 29.6883182409112081
vn 0.6476205952504869 0.6011237395848099 -0.4682283783742489
v 106.1327898631524675 -22.5744899315030665 30.7422836977933152
vn -0.9053022987820384 0.4191915903284673 0.0686014461789814
v 101.4311023826711988 -20.1749885328876353 32.1574718398470480
vn -0.9766144170418877 0.2058906723947947 0.0619137419863571
v 101.4254656469384059 -17.0889781122456270 32.1579281347860615
vn -0.8039423067156330 0.5331045651813507 0.2635835542205731
v 101.5382144444998715 -20.1749982066057072 32.7793272414595052
vn -0.9238951344360419 0.2152160217210398 0.3163855947415702
v 101.5432950020197609 -17.0891402092107150 32.7768852585463790
vn -0.7158400924987297 0.5294432608165219 0.4552612387930454
v 101.8202688202037507 -20.1750728507967381 33.3417647091112244
vn -0.6351603233283032 0.4260953354232369 0.6442159023185043
v 102.2085287892996917 -20.1749991559175790 33.8324476076629921
vn -0.8241283465699107 0.2181921890544529 0.5226898095578015
v 101.8109046812571847 -17.0898049673838663 33.3475319068448428
vn -0.4032584985979243 0.4267509690475979 0.8094851411394061
v 102.7206424156411657 -20.1749979353428870 34.2084426810652289
vn -0.6701813095931974 0.2226815875951109 0.7080041827687658
v 102.2124369616742570 -17.0889110732909906 33.8328815152407003
vn -0.4776363964924822 0.2185285333170803 0.8509457990212784
v 102.7236826009146000 -17.0884210124259930 34.2043281235594634
vn -0.2048469353032983 0.5270010738359956 0.8248076147033040
v 103.3133848516715858 -20.1749919156929600 34.4299538137622676
vn -0.0045900731929926 0.5317832784383623 0.8468680393080319
v 103.9346618648863227 -20.1749944890572479 34.5080151801904194
vn 0.0038499637724134 0.2247808676614629 0.9744017340462358
v 103.9355225786034254 -17.0880780281886224 34.5149590450175694
vn 0.2405979698737545 0.4164893373046794 0.8767264389786228
v 104.5635023491428512 -20.1749290979980600 34.4401993087360339
vn 0.2540148539874828 0.2209095365799601 0.9416344463759517
v 104.5608403295672417 -17.0863430724040164 34.4356874126041888
vn 0.4096669117639727 0.5261563757945689 0.7452063402954204
v 105.1429804274084034 -20.1749926509324489 34.1978960645099335
vn 0.4537071624217515 0.2117192079680241 0.8656354820272764
v 105.1459260888315157 -17.0890856046860691 34.2032807250987005
vn 0.5773220632579010 0.5391879285376036 0.6131685029377880
v 105.6596586875593857 -20.1749987476312569 33.8374923256763154
vn 0.7214007678477182 0.5196567336921611 0.4577530024774462
v 106.0495585305560837 -20.1749943738326252 33.3421545571366877
vn 0.8446531223675804 0.4242176788542261 0.3264972646473934
v 106.3311114174142347 -20.1749982341686369 32.7793307921102937
vn 0.9022462322074820 0.4281838061799152 0.0510917272430970
v 106.4466159244907715 -20.1750002723245601 32.1542965589858198
vn 0.8370186559477278 0.5237338982388907 -0.1584379166454629
v 106.3982719016753578 -20.1749941183073958 31.5300205387447221
vn 0.9587752675060940 0.2067042726549239 -0.1949957181191851
v 106.4051605180417681 -17.0870603567905874 31.5281647620784327
vn 0.8309795320034570 0.4291890393128180 -0.3539347198637847
v 106.2152886696573688 -20.1749987380441382 30.9279496559601910
vn 0.8843887529044638 0.2104759600752168 -0.4166010129206396
v 106.2096496160662440 -17.0890821511657407 30.9294698092625602
vn 0.6566581505728073 0.5234650987742523 -0.5429404789215506
v 105.8672216372743833 -20.1749917988717122 30.4012084462774830
vn 0.7576820495208694 0.2086634575281748 -0.6183667789639435
v 105.8728113310194914 -17.0883809798053683 30.3973963511535459
vn 0.5519549487946834 0.4224287199667566 -0.7189573777688815
v 105.4172087276203769 -20.1749999266958611 29.9619234662908980
vn 0.5858120694606893 0.2034238249334112 -0.7845017314981818
v 105.4129391584818194 -17.0890857240228051 29.9658238905679966
vn 0.3116101229133332 0.5287942942135049 -0.7894781350393301
v 104.8573685578959811 -20.1749934049112944 29.6696278573970673
vn 0.1073983492147873 0.4190318190538994 -0.9015974318986932
v 104.2465756382273696 -20.1749992610199946 29.5010657117569117
vn 0.1176831369535147 0.2217752360595724 -0.9679702598466036
v 104.2498232515387571 -17.0890588502632923 29.5055795725487506
vn -0.1114639811565887 0.5310012808207113 -0.8400079884569479
v 103.6145534167902866 -20.1749995972251632 29.5013867844660815
vn -0.1099255878044634 0.2153142874096143 -0.9703381486796927
v 103.6191812323260137 -17.0895515888104406 29.5054125446089763
vn -0.3750160396062353 0.2135392469273325 -0.9020886652983521
v 103.0091008796262315 -17.0890888376882373 29.6622745702274031
vn -0.3144183475006002 0.5307169942103107 -0.7870708829650381
v 103.0077586070340203 -20.1749956719145267 29.6637380720564323
vn -0.5732912224503000 0.2211214605971642 -0.7889502353918260
v 102.4557415392413873 -17.0877135446632948 29.9657151909529667
vn -0.5262764099325846 0.4247112032657899 -0.7366502115447976
v 102.4509762997509057 -20.1750002273829985 29.9668557776552511
vn -0.6554778419588155 0.5278071570825804 -0.5401559067837900
v 102.0029322064011552 -20.1749964277895444 30.4018333346051293
vn -0.7440334997823544 0.2129538095013980 -0.6332967915760060
v 101.9972591410834752 -17.0880308556455454 30.3962593806822348
vn -0.8131197996678893 0.4257060172741766 -0.3970019877086387
v 101.6614473694398981 -20.1750013785744038 30.9279371552273012
vn -0.8898795108023414 0.2139532794362134 -0.4029124600613329
v 101.6596745818353185 -17.0890870045218328 30.9294700589170652
vn -0.8311702965651477 0.5338094028456435 -0.1555746108508130
v 101.4584563535613455 -20.1750050488389157 31.5291917057699749
vn -0.9563784124119428 0.2165035281692373 -0.1961289233200554
v 101.4641712104069171 -17.0892935164002076 31.5293519765098615
vn -0.2391815758214037 0.3375665470226424 -0.9104070518832772
v 103.3920364399999983 -20.1749992399999982 29.8866138499999998
vn 0.8296582124927032 0.5317846812077780 0.1699185195208404
v 106.0779624160718555 -16.7508752572008461 32.4088276055164357
vn 0.9739925995335589 0.2118165573490617 0.0804497488290171
v 106.4439291510237666 -17.0889969554001873 32.1577324530042574
vn 0.9320207593227544 0.2172958014476997 0.2900342029220660
v 106.3262166199249066 -17.0895857859781657 32.7767999627294557
vn 0.6581839397787491 0.5312358079676563 0.5334626676256506
v 105.6159007428808820 -16.7537472938080576 33.3908082329430016
vn 0.2980498231045550 0.5395289372541648 0.7874483023111644
v 104.7379119429693901 -16.7536276733368652 34.0287180216180900
vn -0.2229961982500350 0.7910688973510116 0.5696338255492610
v 103.1432302161317267 -16.6782232801159296 34.0028496564541385
vn -0.4966735798316592 0.5482039374259129 0.6728950869845389
v 102.6521989914223809 -16.7475976600270151 33.7652606127260952
vn -0.4576738075210639 0.8004369799085035 0.3870856844474181
v 102.2877282612890610 -16.6781564827232138 33.3627612498062760
vn -0.6103195349489711 0.7774554434002187 0.1518983172620455
v 101.8037472551977771 -16.6885058225322140 32.4072145029265926
vn -0.7286335146075430 0.5755006206608951 0.3713384399837754
v 101.9603644392030333 -16.7484184692681382 32.9289835193254135
vn -0.8054894742800207 0.5316235146503032 -0.2618456520451592
v 101.8595134487455596 -16.7508130730325426 31.3257499719617165
vn -0.1308009267911192 0.8517948932058959 -0.5072835276834254
v 103.3961959598570104 -16.6879828815729034 29.8989774601870373
vn 0.0287821943957265 0.6583263910994687 -0.7521821242675979
v 103.9346772949061659 -16.7506482651283370 29.8180597355841854
vn 0.2279353443962291 0.8164249704865761 -0.5305617271731591
v 104.9813126667417151 -16.6760027409651386 30.0878737379214840
vn 0.1666796391748956 0.5751079608393246 -0.8009174309900868
v 104.4774225772726624 -16.7454301151137095 29.8867445917617900
vn 0.6114006138080245 0.7625004065379354 -0.2116185706989214
v 105.9968874702189652 -16.6890208724997144 31.3398918865262992
vn 0.6352436009615928 0.7723103919859959 0.0014919342431794
v 106.1049252993122280 -16.6810562725059235 31.8649693959339082
vn 0.5664074260651053 0.7794738538068330 0.2675876285066749
v 105.8950124434012565 -16.7001452317896018 32.9281481547877561
vn 0.8184947439948511 0.2143681940937833 0.5330221678446152
v 106.0588164015106685 -17.0919724204106238 33.3477621765585326
vn 0.6823278726326014 0.2157876889521173 0.6984728681383212
v 105.6568436355157701 -17.0885019613081681 33.8338043906531212
vn 0.3283553526962267 0.8329645436019950 0.4453681976271508
v 105.2100045673355311 -16.6809051948776847 33.7536943766506994
vn 0.0826596099237307 0.7906321631111536 0.6066862216512214
v 104.1660446740444286 -16.6786697839791742 34.1277877893446586
vn -0.1030287063627973 0.5354543937319070 0.8382563318570306
v 103.6612153265016900 -16.7536852851595484 34.1647493008293921
vn -0.2305380281985539 0.2164222742553543 0.9486904746862715
v 103.3086573838864126 -17.0897132023701239 34.4366275117348621
vn -0.3850590830023092 0.4189286968400864 0.8223309854075107
v 102.0715331280237308 -16.8894767272380086 33.3736194331595541
vn -0.5525642884667761 0.8307414726450205 -0.0673892627856123
v 101.7696112545060885 -16.6899626717112781 31.8587680873187082
vn -0.5566539133362162 0.7713789083832213 -0.3084007141188009
v 102.1031786312802296 -16.6887374326919513 30.8377515829773401
vn -0.3987474850473334 0.7833846123141247 -0.4767693282478176
v 102.4638994845913089 -16.6817267764254176 30.4376130280281139
vn -0.4100350931185491 0.5438077979418960 -0.7322187523608289
v 102.8835371639499670 -16.7491163723881797 30.0879326388687076
vn 0.3371521068985680 0.2067976039660529 -0.9184569711248078
v 104.8602653870230910 -17.0876479332424651 29.6611498057642748
vn 0.3869371522246455 0.8334981619675341 -0.3944115290214317
v 105.4211624087741370 -16.6909011207831490 30.4161732955123298
vn 0.5473235032075202 0.7636311368419005 -0.3424974009860429
v 105.7577028035201039 -16.6881025648420191 30.8344260399073313
vn -0.0032331463441543 0.3333739584050737 -0.9427891336996038
v 103.9346618699999993 -20.1749992399999982 29.8180656400000004
vn 0.2364255060295231 0.3308040875114737 -0.9136036535524502
v 104.4772872900000067 -20.1749992399999982 29.8866138499999998
vn 0.4534171345656899 0.3322097298223847 -0.8270729094182551
v 104.9858169599999940 -20.1749992399999982 30.0879554700000007
vn 0.6486479628791635 0.3356015510381235 -0.6831013242510346
v 105.4282989499999985 -20.1749992399999982 30.4094371800000012
vn 0.7955889466980581 0.3378131788514775 -0.5029120043169919
v 105.7769317599999965 -20.1749992399999982 30.8308601399999986
vn 0.8944483465232431 0.3377828218120578 -0.2930271671543784
v 106.0098037700000049 -20.1749992399999982 31.3257446299999991
vn 0.9401091403383643 0.3347006596788405 -0.0645776483220830
v 106.1122894300000041 -20.1749992399999982 31.8629951499999997
vn -0.9402880111874722 0.3365746511509541 -0.0507539182696438
v 101.7570343000000008 -20.1749992399999982 31.8629951499999997
vn -0.1333051868132347 0.9455373039338282 0.2969662169982236
v 104.5684738541983165 -16.6846249390276853 30.7239994802603711
vn -0.2261221348156481 0.9701329581297536 -0.0878112959523303
v 105.2649457669093636 -16.6915521412374979 31.9912402164081193
vn 0.1213442018210561 0.9781901776413664 0.1685810222129493
v 103.1022590796188894 -16.6754771818262419 31.0229725328833510
vn -0.3463014143497780 0.1286928291347067 0.9292542634546523
v 104.4140996086500763 -18.3778635881090935 30.9208175439911379
vn -0.7534857910916877 0.0886985235796695 0.6514535551654627
v 104.9521756946348034 -17.5660951551550433 31.4445748127440829
vn -0.7410351322049054 -0.1041778333766149 0.6633354444555279
v 104.5101763291329746 -17.9411882759328165 30.9166829907260734
vn 0.8882448777667068 -0.2923539514246163 0.3543306424903452
v 102.6824010850139643 -17.4908187401832897 31.5272906354191846
vn -0.2615245490261221 0.1129079530091037 -0.9585701353599420
v 104.1235813163257262 -17.3476256701084566 33.3264594941836236
vn -0.9048138118314735 0.3104674483930305 -0.2914136740225484
v 105.0808064150800050 -17.1621856483138515 32.4940222387426019
vn 0.9134788102405365 0.3957397243431224 0.0945861185289025
v 102.5544812499213521 -17.0173692563908787 32.0291397685795616
vn -0.3463037461504052 -0.6101179090945908 -0.7126218158351879
v 104.6337809056056187 -16.9984232809672555 32.9581525805944651
vn -0.9342817794233275 0.1361013144101272 0.3295360205704632
v 105.1164133814632606 -17.1928588143065788 31.3179847904842497
vn -0.6756510003144989 0.3071275341657469 0.6702002712109904
v 104.9430011615731217 -19.3095094234436431 31.4020177934899252
vn 0.6641402441165213 0.1632706541851636 0.7295618065844705
v 103.1428005313035499 -18.8962368011738313 30.8833837177122383
vn -0.2376005487235381 -0.3667914160504391 0.8994498520529018
v 104.1848137891781079 -19.8222342434402279 30.5815635132426493
vn 0.6614788079251526 -0.0114341607564170 0.7498766876185147
v 103.1204073486980803 -19.2345789227572155 31.0373510247775641
vn 0.3425457969910902 0.0080613278818811 -0.9394665464807778
v 103.7289737232966758 -18.9985469761146710 33.1744706026566902
vn -0.6471588382764835 -0.1974359659695664 -0.7363453519798280
v 104.8464336501163956 -19.1002972401469222 32.9761292069124394
vn -0.9841484625438905 0.0057817645541704 0.1772522915821867
v 105.2962548040731861 -19.0356080509387482 31.7821389078831693
vn 0.9837975802482447 0.1357921013629992 -0.1170590718616868
v 102.7985034412171217 -18.6489501946976191 32.2126346797855660
vn 0.3650169961626110 -0.3730831134521524 0.8529780671091566
v 103.4043918351309372 -18.6123096278049864 30.9588927640384419
vn -0.0187268173668903 -0.0092783958491537 -0.9997815849883281
v 103.9530366278746527 -19.9999392910333711 33.0923674673836601
vn 0.9513108308043362 -0.3082312375445791 -0.0010988157720024
v 102.7134242899857384 -19.4003488826400563 32.1206037793498211
vn 0.5948827929326822 -0.0078669643721744 -0.8037739567466581
v 103.2525344287717104 -18.1660091691459940 33.0147272676829786
vn 0.5340770596568875 -0.2489279958690891 0.8079582583406473
v 103.1441668037423227 -19.9248453913648440 31.0830912871781386
vn 0.8972803592238588 -0.0311057742370694 -0.4403639264974090
v 102.8463755464236158 -19.7997259688795637 32.5343104824897367
vn 0.3346040047968474 0.1322821283541435 -0.9330281874048656
v 103.4451878512574012 -18.5884708331332931 33.1741299935556313
vn -0.9335082924982524 -0.2516691947963760 0.2553916291258211
v 105.0856263506421726 -18.7179459007775826 31.6863096347419173
vn -0.4419589181081778 -0.1684418824727093 0.8810786837358505
v 104.3730622265770194 -18.9524040021421918 30.7347112615509026
vn -0.6172415822031533 0.1306415257074009 -0.7758515456968496
v 104.7769316260337860 -18.6752206413373933 33.1375710169669873
vn -0.9829092648455300 -0.1128460991975391 0.1454480490646717
v 105.0556027278363018 -19.7513530103586739 31.8097707809351249
vn -0.7929000247896295 0.3931955854402755 -0.4655177572111337
v 104.9416595423301857 -19.4124093829422470 32.6217742582296211
vn 0.9834305567138086 0.0526728018308049 -0.1734644518881640
v 102.9780440550435401 -19.0358329697378501 32.0196508718546866
vn -0.2524500836165065 -0.0983830973405118 0.9625953051203326
v 104.1993424082844228 -21.7654225749172134 30.8803961479244897
vn 0.4968741269121646 0.2016579236943416 -0.8440676417305435
v 103.1701969362263895 -21.4541031751720439 33.1693388951582193
vn -0.5134610396555456 0.0109654205891833 -0.8580428429321864
v 104.7735756921590706 -21.3514649988738867 33.0447137646185070
vn 0.9467481072817600 -0.1123970807200530 -0.3017199323942906
v 102.6713588954074794 -21.0380851875427624 32.6375456026637423
vn -0.7110182130887739 -0.0202662026321171 -0.7028814848087271
v 104.8613826544630143 -20.1899323459456355 32.8194679265769764
vn 0.7516422675540785 0.0816715965087404 0.6544949594533762
v 102.8873417874532805 -20.2370816838437726 31.0892348568503181
vn 0.5102695670064507 0.0757657781112848 0.8566705993870928
v 103.2540686993878296 -20.5650827707669599 31.0698437251447253
vn -0.8223439021115444 -0.3327419986441869 -0.4615552718778441
v 104.9515076534352858 -21.0123159776638353 32.6375809394040459
vn 0.9963161613542044 0.0842865388349226 -0.0158077827557181
v 102.5498154635206447 -20.5999929165875528 32.1498192075254394
vn 0.6713450796075295 -0.3353654150634343 0.6609280009699168
v 102.7293630062190317 -21.5375419775964758 31.1973238833199744
vn 0.2117887248328735 -0.2862884745243338 -0.9344433880060340
v 103.5532796784161036 -21.1378822394011578 33.1181620768638538
vn -0.1798659605723408 0.0375329980090017 0.9829748268841098
v 104.3035777013772076 -21.0844155028911437 30.8242898535800194
vn 0.2920777973661492 0.0017749211181161 -0.9563929160866694
v 103.4340611905056733 -20.6682331283339202 33.0771264693587597
vn -0.7992471995542360 -0.0087749806909652 -0.6009383609976855
v 104.7330934144701189 -20.6682707604634643 32.7095418898411197
vn -0.3409825823490613 -0.2240108680773147 0.9129895998957566
v 104.5376777088709304 -20.4804030667563346 31.0035619207994912
vn 0.8756375742332169 -0.0620854296820514 -0.4789616247802767
v 102.9278270118402645 -20.2781473500447973 32.5292044801169737
vn -0.4979494838301884 -0.2275132945972584 0.8368297391553134
v 104.8880732142865924 -20.7944674709862305 30.9397555442924990
vn -0.9817379996393525 0.1308136102547231 0.1381242174140655
v 105.2768804630288884 -21.2805398200525282 31.6992015218843584
vn -0.1781742306873886 0.5122585727595774 0.8401458790908148
v 104.4647009114998752 -23.3000519789940945 31.0608715497899048
vn 0.9052665607377351 0.3323753878087988 0.2646111403343085
v 102.7771556138072100 -23.2065599126315014 31.6627359454689277
vn 0.4818715728705055 0.0237685009516461 0.8759194287272183
v 103.1567703446526565 -22.9242189565634362 30.8142709093622074
vn -0.9987330493249466 0.0145537889773245 -0.0481713962066453
v 105.1474133852698003 -22.5355835749093742 31.9783091342091375
vn 0.8190566854808625 -0.1909688201856105 0.5409963545958689
v 103.0760485925371341 -22.6400656020515960 31.1640264168642034
vn -0.1671747221303521 0.0549144439151891 0.9843967777934490
v 104.1611103724713416 -22.2419683319747037 30.8561193951730139
vn -0.4933291101532133 0.2346160164386844 -0.8376047480201396
v 104.4262097903681195 -21.6793124943347131 33.0556313873263150
vn -0.3488050190039429 0.1167264740883230 -0.9298978379179977
v 104.3120203002878412 -23.0287021158735143 33.0948108062273576
vn 0.3485435112751415 0.0601041490231034 -0.9353635186483402
v 103.5013731989428578 -22.6357730445914243 33.0985112029671029
vn 0.6021761642681809 0.4061374833520339 -0.6873399535919160
v 103.0857736954758082 -23.1705938904382407 32.8138320761428872
vn -0.9856348719434610 0.0743182446500563 -0.1516598091820357
v 105.1437637438137642 -22.9998601911332834 32.2753817170719159
vn -0.5809676136898799 0.1965479322497282 0.7898389343225887
v 104.8631788422834177 -23.0217096271209343 30.9826337452582408
vn -0.4566796325378911 -0.2878175218919863 0.8417866637794951
v 104.4576902238662655 -22.6821977660788718 30.9372768726831460
vn -0.4949554073313242 0.1175945296408637 -0.8609243122087022
v 104.5571792147988788 -22.5663614972964126 32.9439733016907539
vn -0.9093894114260911 0.1538110683782701 0.3864622279478848
v 105.1089545524871625 -22.0513839207156650 31.7064262410078506
vn 0.9674057929726856 -0.2227327779474601 0.1204829504564730
v 102.6558611731004049 -22.1508419244290771 32.0875586788703657
vn 0.1484356105358824 0.8048693122895078 -0.5745887743938743
v 103.6667866424448619 -23.6284634099499939 32.9100453623400568
vn 0.9708610523477664 -0.1952192982190970 -0.1389900810742652
v 102.6360708145801652 -22.8462499817501836 32.4905149245276448
vn 0.3601975240120248 0.1972241114805022 -0.9117896651894741
v 103.2385799092206042 -22.3487858135934339 33.2692068847218181
vn -0.6658962643250798 -0.0071798166951791 -0.7460097957735723
v 104.7374366423188548 -22.1190889153672892 32.8402796692792478
vn -0.5015974041451750 0.6875608632254863 -0.5250334308550707
v 104.5378041631255996 -23.6199291411050503 32.7153233362961302
vn 0.5262453450465759 0.8497732757511818 -0.0308418001406535
v 103.0009048842808994 -23.6583022488471286 31.9141647661338475
vn -0.4083595875686565 0.8872133613914578 0.2146972254343945
v 104.7532518283095868 -23.6402520530651508 31.6565075798082702
vn 0.3829080504681820 -0.0197259137437973 0.9235758297041063
v 103.6376212683590410 -17.3295158759005155 31.0235128087889649
vn 0.2800191817984199 0.9306569934327091 -0.2355139452341070
v 102.9908008878461487 -16.6807503064488145 32.5358720667256520
vn -0.9800956437735253 -0.1974338983621675 0.0207938652894664
v 105.1182781285814229 -18.2816450504048049 32.1165755987645838
vn 0.2226341574403543 -0.1535575519354232 0.9627326265295174
v 103.7357132805211251 -17.7576485069365333 30.7434184892128535
vn -0.0366982655343413 0.2429847616095283 -0.9693356709274304
v 104.0164624166097980 -17.6818335815152423 33.1850342923827526
vn 0.7698131607866622 -0.0988940113757056 -0.6305613943096029
v 102.8334647423597943 -17.4160097427707754 32.8476086663066837
vn 0.5099661748137020 -0.3811022783684898 -0.7711650627253721
v 103.3455078362961217 -17.0746525993508236 33.0066571383571414
vn 0.9134025322427058 0.2515274316907420 -0.3200465047452821
v 102.8529042625845449 -17.7244919512882326 32.4418430247544975
vn 0.9268737864803349 0.3325234766026546 0.1741640647311899
v 106.0779495200000042 -20.1749992399999982 32.4088554400000035
vn 0.8516420087573408 0.3359321638908094 0.4023126522785480
v 105.9089355499999954 -20.1749992399999982 32.9290237399999981
vn 0.7301575338512514 0.3315580178464139 0.5974439359153425
v 105.6158752399999941 -20.1749992399999982 33.3908157299999999
vn 0.5492589582340792 0.3366149087629966 0.7648561956329395
v 105.2171707199999986 -20.1749992399999982 33.7652206400000026
vn 0.3521331905975799 0.3325462737079860 0.8748801014553377
v 104.7378845199999944 -20.1749992399999982 34.0287132300000010
vn 0.1384552101812655 0.3457808911760183 0.9280440345539539
v 104.2081298800000013 -20.1749992399999982 34.1647300699999974
vn -0.1167365090183241 0.3306448228035628 0.9365076553960545
v 103.6611938500000036 -20.1749992399999982 34.1647300699999974
vn -0.3422180018430968 0.3408374278607320 0.8756235989189639
v 103.1314392099999964 -20.1749992399999982 34.0287132300000010
vn -0.5563190330756020 0.3327191622556746 0.7614506500789854
v 102.6521530200000001 -20.1749992399999982 33.7652206400000026
vn -0.5936850545075625 0.2798857401816726 0.7544547889020985
v 102.2534561199999956 -20.1749992399999982 33.3908157299999999
vn -0.8514456650130993 0.3315525334419891 0.4063412323387816
v 101.9603881799999954 -20.1749992399999982 32.9290237399999981
vn -0.9259304797888434 0.3360158851697484 0.1724704946116655
v 101.7913742100000007 -20.1749992399999982 32.4088554400000035
vn -0.8962495757138073 0.3321995071695226 -0.2939050619998693
v 101.8595199600000001 -20.1749992399999982 31.3257446299999991
vn -0.7937571855089186 0.3353733518594728 -0.5074192007753573
v 102.0923919699999942 -20.1749992399999982 30.8308601399999986
vn -0.6455032829493275 0.3443067563247606 -0.6817465579309971
v 102.4410247800000064 -20.1749992399999982 30.4094371800000012
vn -0.4561206479996033 0.3316808108981108 -0.8257976714367712
v 102.8835067699999968 -20.1749992399999982 30.0879554700000007
vn 0.6773975966037031 -0.7178605658785201 0.1606508763502321
v 97.5589806029721842 -25.9749694926940080 30.4812762024218742
vn 0.6715136272668326 -0.5669091330346065 0.4771619046790012
v 98.5236085664413253 -25.9750003849065045 28.3698848359043545
vn 0.3033312056495250 -0.8124691788887674 0.4978795165851047
v 100.2021379524631186 -25.9747814574387306 26.5996856907686627
vn 0.0862515302369986 -0.7241814086019730 0.6841943882896427
v 103.4748211762757535 -25.9751307773463651 25.4532238270954210
vn -0.2704355394128005 -0.4658182066732072 0.8425425908250959
v 105.9636295425127201 -25.9750003849000670 25.8080248046419740
vn -0.5415470267449817 -0.5712235296960786 0.6167904805890111
v 108.2951263213132336 -25.9749236782276682 27.0837356119012220
vn -0.7172384119893178 -0.6141216248313844 0.3292775277505314
v 109.8831666152048712 -25.9750003554536306 29.3159209270272783
vn -0.6950856270839155 -0.7186712196563658 0.0191741768791038
v 110.4561180028678820 -25.9749794343490663 31.4853643404925165
vn -0.7547608151308222 -0.5718770869796478 -0.3213918314623591
v 109.9953984166522218 -25.9749350117493201 34.6041215112042835
vn -0.4802025947563169 -0.7171630181310937 -0.5050570991624618
v 108.2589296283439495 -25.9750003706803660 36.8999798746577881
vn -0.3282847426560614 -0.6080633685138285 -0.7228333608867674
v 106.6137323188911239 -25.9750004126856560 37.9373949806207804
vn -0.0846782479325283 -0.5640003008322582 -0.8214214843721825
v 104.7490915559340436 -25.9748370327883933 38.4875717253877241
vn 0.1287553522295165 -0.7146485778208769 -0.6875314316384752
v 102.6915475186304576 -25.9750003799983737 38.4037761729047489
vn 0.5749759771520548 -0.6074607041711629 -0.5480822188193251
v 99.1914521530121363 -25.9750003763882731 36.4675717986989767
vn 0.3896297359651003 -0.5622644674397793 -0.7294157507940362
v 100.6801290453794451 -25.9749423424001584 37.6737513818970342
vn 0.6224812862658404 -0.7132765493038465 -0.3221080757479109
v 98.1529217522337945 -25.9750003925801067 35.0207854723351133
vn 0.8146281750339324 -0.5667871306001105 -0.1230174175756343
v 97.5007796929914292 -25.9748932728893855 33.1506654399695577
vn 0.2171141832248001 -0.9730058005717953 -0.0782377370344232
v 107.0779795378562511 -25.9835834090087516 30.9566676868949138
vn 0.1666444451826546 -0.9853503968770394 0.0362522311592841
v 107.1319145136416751 -25.9770113674337999 32.9076139991609793
vn -0.0146711461886462 -0.9651668944608623 -0.2612233207550318
v 103.5290552650848639 -25.9791684342164757 28.7399433077113322
vn 0.1179623336451792 -0.9843904305100307 0.1306153442795288
v 106.2106107339375711 -25.9829200491206009 34.4459492176635322
vn -0.1879581407177996 -0.8057899020762197 0.5615820252197394
v 102.8114266857589740 -25.9840229606759721 34.8417315872905959
vn 0.0796702637672632 -0.9841731085238932 -0.1582906868064948
v 105.7475132287005266 -25.9796841464751829 29.1373341454401249
vn -0.5352575190309239 -0.7143134879987640 0.4508388062089375
v 101.5509969830999069 -25.9871649108624823 33.9261530814788657
vn -0.0811899819193340 -0.9958560762506237 -0.0409739213482217
v 100.9551109935966338 -25.9787270657062805 30.5535651659482035
vn -0.1295082029869966 -0.9749796085990627 -0.1806720459149599
v 101.7608389811308598 -25.9871462491116532 29.4761590665687301
vn -0.6346143036348545 -0.6124805549387859 -0.4713090869524215
v 101.6129575734131834 -26.0740408982651672 30.0266000106689539
vn -0.2831524707458525 -0.5760400993368483 -0.7668131990690515
v 103.0250733046961500 -26.0750010633290508 29.1257318115570456
vn -0.5219882187987279 -0.8528055415709335 0.0158432225648106
v 100.8639015575046756 -25.9814408552477936 32.1709220894238754
vn 0.1723001284740662 -0.5303373676094598 -0.8300933334540694
v 104.4070010473802057 -26.0762163996078584 28.9836838986643706
vn 0.5832741810919996 -0.5790451648432464 -0.5696471949752011
v 105.9963740534345504 -26.0732606926430570 29.7685237918144168
vn 0.7478660524175834 -0.5895289834386152 -0.3052080361444852
v 106.7429981146528348 -26.0749999783539899 30.9036754472172781
vn 0.8221722953817636 -0.5690955566755789 -0.0127657384743277
v 106.9583691691303784 -26.0749996900141952 32.0762434335204176
vn 0.1175367742174053 -0.8238735021268265 0.5544524859713812
v 104.3851825530677928 -25.9840034186498912 35.0091423651564213
vn 0.7386915892151943 -0.5893422737800746 0.3271244722708201
v 106.7098376582489436 -26.0750005042268640 33.1676928702244567
vn 0.5727349807218604 -0.4584088582941500 0.6795851385183347
v 105.8837870365812250 -26.0753138886666775 34.3440062730213143
vn 0.4262761151392032 -0.5770578022240215 -0.6966297198327178
v 105.6830585731028265 -28.5623766483615924 29.5332374776048781
vn 0.8123570040692994 -0.5676899174957722 0.1334325878981419
v 106.9119731388137922 -28.5628526202058204 32.4948006437162533
vn -0.3622563077725837 -0.7255224031591347 0.5851389663944532
v 102.4762055033894939 -28.5752238794360167 34.6598090904233516
vn -0.7441884427099323 -0.5862328820955717 0.3201789650912212
v 101.1783344351569411 -28.5556986404589175 33.3542704184503478
vn -0.6623041917955609 -0.7237620679193378 -0.1937049988285092
v 101.0141842526436449 -28.5622200737550216 31.0965630989554604
vn -0.4967255989305687 -0.5730640921852803 -0.6518137967356387
v 101.9344611141730041 -28.5567608522483241 29.7067581331935209
vn 0.7275857531912575 -0.6168832933782501 -0.3001232648494856
v 106.7386094413464690 -28.5666196582585528 30.7965031954492261
vn -0.0440389425427299 -0.7296776553361263 -0.6823716662075672
v 103.7984898037487085 -28.5800966061743047 28.9327590719191186
vn -0.0134307409445015 -0.7208399802981746 0.6929713832485500
v 103.9616420763412776 -28.5648785338023359 35.0204594217058585
vn 0.3937027181910487 -0.5713001967396143 0.7201487727506434
v 105.5469355653364687 -28.5534851542961192 34.5807961649144175
vn 0.5844218546007486 -0.7151505135307190 0.3834199249670922
v 106.5015822961302234 -28.5699078216634490 33.5574295243253076
vn 0.1041202283545403 -0.6486042448168421 -0.7539704978664433
v 103.7003275562508833 -28.5680167777549414 33.5927792001859089
vn 0.5449917049994139 -0.8244333401414903 -0.1526227674528865
v 102.4287294553150787 -28.5674583910144761 32.4465009706313694
vn -0.4891027717663317 -0.8243840783732856 -0.2849023867487253
v 105.2027540710259359 -28.5673490452636756 32.9014132805099493
vn 0.4697199433840437 -0.8226629502843305 0.3202949344225916
v 102.7265642762439199 -28.5704587057244410 31.0302500018372491
vn -0.0133284614353562 -0.8356242940911847 0.5491396828133761
v 104.2269292260232021 -28.5694921660135392 30.4133668095715812
vn -0.5129325555957485 -0.8239469284695016 0.2408560824967648
v 105.4125275748293831 -28.5730331332973613 31.5695366571622102
vn -0.3781434918670668 -0.6180343273336275 0.6892322321219838
v 104.4492812501237893 -25.9752101726131883 30.4853167051696019
vn -0.7999991015296213 -0.5989608732267031 0.0353172747434450
v 105.4707966178408185 -25.9749124463270000 31.8365243943900360
vn -0.4958823722001547 -0.5887653321189317 -0.6383228467131907
v 105.0381340719546159 -25.9745612123819853 33.0863577667117355
vn 0.1023609359747048 -0.5018170255615724 -0.8588957513242912
v 103.7574780927711657 -25.9766011079877970 33.5378022841680306
vn 0.3810693333945757 -0.8717314065888000 -0.3080105808457336
v 102.6081987792528309 -25.9750015133194090 32.7911685622684175
vn 0.9335472525618628 -0.3312548603613535 0.1369662174449523
v 102.4261038377432271 -25.9750003242118979 31.8574505451487475
vn 0.4462250117253858 -0.5931373780768910 0.6701278158969008
v 102.8632952211114144 -25.9750085872182801 30.8766821252861980
vn -0.4592192693064797 0.8190186213302243 -0.3439856982666016
v 96.0418180278386302 -36.6722184750729809 23.8822088518882225
vn -0.1715525432334757 0.2697693289860829 -0.9475200441407691
v 96.0411952220679979 -36.6743196601532375 26.2754135097700399
vn 0.4049554908377920 0.3425560172638318 -0.8477419568929359
v 96.4982888528839027 -36.7966024335879496 26.2744633095518303
vn 0.8140296254298107 -0.1999613395609860 -0.5453175511604026
v 96.4837310537037069 -36.8832031100189326 23.7922510513205445
vn 0.1612478365470626 -0.6162265445488131 -0.7708851931398873
v 96.1914375416050831 -37.1533212128789074 26.2754135112680238
vn -0.6343301942024041 -0.1448170370235085 -0.7593768698813995
v 95.9694619106738713 -37.0144832145600375 26.2754135134150424
vn -0.5594164773206882 -0.6743393728942544 -0.4819954512925363
v 96.0238881359337029 -37.0852375776850209 23.7603524577879739
vn 0.2182205713761819 0.4368438231729693 -0.8726667499016313
v 92.3809509299999974 -37.5000000000000000 26.2754135099999999
vn 0.4364380674209051 -0.2181420739686838 -0.8728893680590611
v 92.3809509299999974 -35.3499984700000027 26.2754135099999999
vn -0.5116564428047718 0.1729277246593579 -0.8416077985501944
v 93.4402514967184459 -36.8370692866212366 26.2753443848751402
vn 0.0097781251902690 -0.2878188220947219 -0.9576349585910960
v 93.7048406580443327 -37.1634236529632602 26.2760118550224995
vn -0.0315181225497592 -0.3431288766160319 -0.9387593844980503
v 94.9542661640214050 -37.1577962633117451 26.2754135113884999
vn 0.4806188837892191 0.0458777622113959 -0.8757286791465034
v 93.9767492696432356 -36.7770460021640488 26.2751796774888113
vn 0.5235474239586021 0.1857664643919426 -0.8314979949306126
v 95.2144031844673293 -36.8573832154705059 26.2796376694636429
vn -0.2247675660813697 0.1791609647635607 -0.9578000260716467
v 94.7060909170742633 -36.7851078440462302 26.2754117217961323
vn -0.4364183180336614 0.2177725462452708 -0.8729915061365267
v 97.5309524500000009 -37.5000000000000000 26.2754135099999999
vn -0.2183959339399897 -0.4361044581573646 -0.8729926217407288
v 97.5309524500000009 -35.3499984700000027 26.2754135099999999
vn 0.6666666666666666 0.3333333333333333 -0.6666666666666666
v 92.3809509299999974 -37.5000000000000000 23.5754146599999999
vn 0.2182178902359924 -0.4364357804719848 -0.8728715609439696
v 92.3809509299999974 -35.3499984700000027 23.5754146599999999
vn -0.5345224838248488 -0.2672612419124244 -0.8017837257372732
v 97.5309524500000009 -35.3499984700000027 23.5754146599999999
vn -0.2672612419124244 0.5345224838248488 -0.8017837257372732
v 97.5309524500000009 -37.5000000000000000 23.5754146599999999
vn 0.4850712500726659 -0.4850712500726659 -0.7276068751089989
v 97.8309478799999965 -38.0750007600000018 23.5754146599999999
vn 0.2294157338705617 0.6882472016116852 -0.6882472016116852
v 97.8309478799999965 -34.7750015299999973 23.5754146599999999
vn -0.5773502691896258 0.5773502691896258 -0.5773502691896258
v 92.0809478799999965 -34.7750015299999973 23.5754146599999999
vn -0.1961161351381840 -0.5883484054145521 -0.7844645405527362
v 92.0809478799999965 -38.0750007600000018 23.5754146599999999
vn 0.4364357804719848 0.8728715609439696 0.2182178902359924
v 92.9559478799999965 -34.7750015299999973 27.4754142799999990
vn -0.4082482904638631 0.8164965809277261 0.4082482904638631
v 92.0809478799999965 -34.7750015299999973 28.2754135099999999
vn 0.4082482904638631 0.4082482904638631 0.8164965809277261
v 92.9559478799999965 -34.7750015299999973 28.2754135099999999
vn 0.5773502691896258 0.5773502691896258 0.5773502691896258
v 97.8309478799999965 -34.7750015299999973 28.2754135099999999
vn -0.2672612419124244 0.8017837257372732 0.5345224838248488
v 96.9559478799999965 -34.7750015299999973 27.4754142799999990
vn -0.8164965809277261 0.4082482904638631 0.4082482904638631
v 96.9559478799999965 -34.7750015299999973 28.2754135099999999
vn 0.2672612419124244 -0.8017837257372732 0.5345224838248488
v 92.9559478799999965 -38.0750007600000018 27.4754142799999990
vn -0.4364357804719848 -0.8728715609439696 0.2182178902359924
v 96.9559478799999965 -38.0750007600000018 27.4754142799999990
vn -0.4082482904638631 -0.4082482904638631 0.8164965809277261
v 96.9559478799999965 -38.0750007600000018 28.2754135099999999
vn 0.4082482904638631 -0.8164965809277261 0.4082482904638631
v 97.8309478799999965 -38.0750007600000018 28.2754135099999999
vn -0.5773502691896258 -0.5773502691896258 0.5773502691896258
v 92.0809478799999965 -38.0750007600000018 28.2754135099999999
vn 0.8164965809277261 -0.4082482904638631 0.4082482904638631
v 92.9559478799999965 -38.0750007600000018 28.2754135099999999
vn 0.1684681419766541 0.8863818855064906 -0.4312141442310219
v 95.0439409718139814 -36.6274064734678291 23.8028082845667512
vn 0.6910081938412715 -0.5605061775882314 -0.4564433162284815
v 95.1929310405498228 -37.0441891648811321 23.7951656177058837
vn -0.7767965774173905 -0.3833754436829943 -0.4996101945452029
v 94.6838947384103591 -36.9819638011303979 23.7911419445889862
vn -0.1044566234328543 0.9857620270916886 -0.1317650931206421
v 93.7895624650195856 -36.6314976571388300 23.7858675423755415
vn 0.0376429592766641 -0.9841265715029509 -0.1734298096601124
v 93.6520696166683280 -37.1425315743437636 23.7606878472013285
vn -0.7709792484217237 0.5328075994799109 0.3488653901428584
v 94.7176437080878202 -37.0750007604263416 27.8880423153618615
vn -0.4170031009255107 0.6400550645156977 -0.6453200199949747
v 94.7912001139489604 -37.0750007307156721 27.5543032545231874
vn 0.8799303408378065 0.4241220381684511 -0.2141099997966018
v 95.2223053824431247 -37.0679625418271428 27.6618564896182839
vn -0.8827888058472357 -0.3886236742405016 0.2639234057271612
v 94.6737812333734041 -40.3362699624680019 27.8272255184405175
vn 0.2723794367135893 -0.4706637540840291 -0.8392169403956981
v 95.0992376597222915 -40.3592884984781719 27.5492195412441561
vn 0.6484720666804032 -0.4646681450839681 0.6029655824999227
v 95.1168438068319233 -40.3779145488341271 27.9841299101843752
vn 0.0111591690512176 0.6493464039707896 0.7604108893199061
v 95.0046650076346992 -37.0766588887478505 28.0478243007275907
vn -0.8991849404181663 0.4193893798372325 0.1248158283428850
v 93.4184317710107592 -37.0713171230336869 27.7873364738828847
vn 0.3299703147362166 0.6523450016350065 0.6823236697013416
v 93.7939803665021827 -37.0760697079494150 28.0420926217519728
vn 0.0948283576559477 0.6326193442206367 -0.7686353803346078
v 93.7477750517540613 -37.0750007619772717 27.5115018753395617
vn 0.8389642015944703 0.5338577394100178 -0.1055224265972811
v 93.9691827162366593 -37.0750008210563848 27.7376377256364925
vn -0.5863291920112139 -0.4488331802868124 -0.6743640373485990
v 93.5132943941123216 -40.3619368375356018 27.5794128444618920
vn 0.9036909110142586 -0.3862032026142107 -0.1849049043177234
v 93.9719134176618098 -40.3564170600975132 27.6818051947854435
vn -0.3759572410446052 -0.4853012764452893 0.7893914263448151
v 93.6196026267702024 -40.3882689000766320 28.0081477200405118
vn -0.8844958817781821 0.4334905981749759 -0.1724903951277797
v 95.9196721101976379 -37.0755188661426160 27.7473956833048980
vn -0.0633869402301035 0.7729743552561404 -0.6312628152557533
v 96.1947796467105576 -37.0750007596868016 27.5109502112489679
vn 0.8174969770299259 0.3626842709211208 -0.4473911176737284
v 96.4281386544320895 -37.0750006983565967 27.6418361104992236
vn 0.2205073120747069 0.6820672209405796 0.6972523441624147
v 96.3457528292611869 -37.0740024866285509 27.9944310516656891
vn -0.6180854920774838 -0.4836511400095850 0.6197192100062443
v 95.9790938987701736 -40.3158557072328492 27.9310336109028476
vn -0.1224932540158522 -0.3569186275132395 -0.9260693797198314
v 96.2256263286992635 -40.3410436573728433 27.5057041105475406
vn 0.8375992537098238 -0.4733133824708478 0.2727671757355552
v 96.4687572675894671 -40.3825849522739873 27.8365773763914461
vn 0.2142289790698151 0.3504661285245473 0.9117452699541250
v 93.9020137199523077 -36.7279521903399555 37.7239722490989351
vn -0.4905291394453417 0.7181741438551806 0.4935656617440997
v 93.5286463579146954 -36.6961098219654076 40.2247051231657977
vn -0.3784384450856296 -0.8215398634235309 0.4264464750554484
v 93.6329805905494936 -37.1648325638533805 40.1805318582125182
vn -0.5458585421003483 -0.0527491475527567 0.8362152709969722
v 93.4453902208585134 -36.9525217498217984 37.7230390687896602
vn 0.2757173497668193 -0.5387581796115002 0.7960650519519519
v 93.7708150112110559 -37.1436527977062951 37.7244148280576397
vn 0.8761706555555828 -0.1405934013217759 0.4610406466333247
v 94.0034688669851732 -36.9079239088967341 40.2095680041678420
vn -0.2183413222294309 0.4363332427446363 0.8728919568211486
v 97.5309524500000009 -37.5000000000000000 37.7244148300000006
vn -0.1559706912570050 -0.4625082425073622 0.8727882154804584
v 96.1882444854579006 -37.1540687822541429 37.7244148311036014
vn -0.4365228087510618 -0.2182734980117804 0.8728141368617865
v 97.5309524500000009 -35.3499984700000027 37.7244148300000006
vn 0.5599101010787340 0.0870682167640064 0.8239658999858781
v 96.4789887042495309 -36.9539888371833953 37.7243686693276530
vn 0.4835331947356926 -0.3165572486452627 0.8160803624146560
v 95.1927731303535012 -37.0221506709658854 37.7244148164154538
vn -0.2292988814924064 0.3264709489836739 0.9169725963277369
v 96.0225081712125359 -36.7181956332773254 37.7239041809447428
vn -0.1280353652228635 -0.0981008055570399 0.9869058603541210
v 94.7883358657531971 -37.0776726121077971 37.7238181367905412
vn -0.1482344020509460 0.2717705404200443 0.9508771400177816
v 94.9985774728922792 -36.5998830914592759 37.7242772930738539
vn 0.4365075003005174 0.2189007502655159 0.8726646914563393
v 92.3809509299999974 -37.5000000000000000 37.7244148300000006
vn 0.2181397509463675 -0.4368516884829608 0.8726830188141871
v 92.3809509299999974 -35.3499984700000027 37.7244148300000006
vn -0.6666666666666666 0.3333333333333333 0.6666666666666666
v 97.5309524500000009 -37.5000000000000000 40.4244155900000024
vn -0.2182178902359924 -0.4364357804719848 0.8728715609439696
v 97.5309524500000009 -35.3499984700000027 40.4244155900000024
vn 0.5345224838248488 -0.2672612419124244 0.8017837257372732
v 92.3809509299999974 -35.3499984700000027 40.4244155900000024
vn 0.2672612419124244 0.5345224838248488 0.8017837257372732
v 92.3809509299999974 -37.5000000000000000 40.4244155900000024
vn -0.4850712500726659 -0.4850712500726659 0.7276068751089989
v 92.0809478799999965 -38.0750007600000018 40.4244155900000024
vn -0.2294157338705617 0.6882472016116852 0.6882472016116852
v 92.0809478799999965 -34.7750015299999973 40.4244155900000024
vn 0.5773502691896258 0.5773502691896258 0.5773502691896258
v 97.8309478799999965 -34.7750015299999973 40.4244155900000024
vn 0.1961161351381840 -0.5883484054145521 0.7844645405527362
v 97.8309478799999965 -38.0750007600000018 40.4244155900000024
vn -0.4364357804719848 0.8728715609439696 -0.2182178902359924
v 96.9559478799999965 -34.7750015299999973 36.5244140599999980
vn 0.4082482904638631 0.8164965809277261 -0.4082482904638631
v 97.8309478799999965 -34.7750015299999973 35.7244148300000006
vn -0.4082482904638631 0.4082482904638631 -0.8164965809277261
v 96.9559478799999965 -34.7750015299999973 35.7244148300000006
vn -0.5773502691896258 0.5773502691896258 -0.5773502691896258
v 92.0809478799999965 -34.7750015299999973 35.7244148300000006
vn 0.2672612419124244 0.8017837257372732 -0.5345224838248488
v 92.9559478799999965 -34.7750015299999973 36.5244140599999980
vn 0.8164965809277261 0.4082482904638631 -0.4082482904638631
v 92.9559478799999965 -34.7750015299999973 35.7244148300000006
vn -0.2672612419124244 -0.8017837257372732 -0.5345224838248488
v 96.9559478799999965 -38.0750007600000018 36.5244140599999980
vn 0.4364357804719848 -0.8728715609439696 -0.2182178902359924
v 92.9559478799999965 -38.0750007600000018 36.5244140599999980
vn 0.4082482904638631 -0.4082482904638631 -0.8164965809277261
v 92.9559478799999965 -38.0750007600000018 35.7244148300000006
vn -0.4082482904638631 -0.8164965809277261 -0.4082482904638631
v 92.0809478799999965 -38.0750007600000018 35.7244148300000006
vn 0.5773502691896258 -0.5773502691896258 -0.5773502691896258
v 97.8309478799999965 -38.0750007600000018 35.7244148300000006
vn -0.8164965809277261 -0.4082482904638631 -0.4082482904638631
v 96.9559478799999965 -38.0750007600000018 35.7244148300000006
vn -0.7887727336715296 -0.5892565269968915 0.1749694830760611
v 94.8127662734196122 -37.0774621159106417 40.2353563567483050
vn 0.8975599037831892 0.4185204913858886 0.1386607998348002
v 95.1132206914264202 -36.7002000931063819 40.2220173939459187
vn -0.8362711112323885 -0.2181949248591452 0.5030324077868724
v 95.9558176873011632 -36.8794558732991291 40.2059016348608580
vn 0.5379847509470521 -0.6914464352024976 0.4821558202429961
v 96.4281633485481962 -37.0557094842954697 40.1929361659553024
vn 0.3918945248299220 0.8203099651559863 0.4165456067156565
v 96.3274607547880350 -36.6624412559850370 40.2078919521243563
vn 0.7813981093627840 0.5145651451451569 -0.3530434903606213
v 95.2045634579480975 -37.0676657035358801 36.1918450260271740
vn -0.2498377229576416 0.4518837282177867 0.8563773749693147
v 94.7924107347268574 -37.0750007700728261 36.4483528195160602
vn -0.7125248864447349 0.4502907675430636 -0.5380952618843586
v 94.7415368696613598 -37.0750007018788708 36.0510296465222169
vn -0.8520351941796258 -0.4407644757817440 0.2824229182770618
v 94.7071896700192610 -40.3735257619966958 36.3414908140438868
vn 0.6190618009349383 -0.5137724328996487 0.5939700108722382
v 95.1979432443902027 -40.3744978649082498 36.3880288816242654
vn 0.0741159117832821 -0.4501711765541936 -0.8898610809673305
v 94.8724594405283455 -40.3523491918968631 35.9673122114218344
vn 0.6130444062311144 0.0430554567063511 -0.7888743776017497
v 96.4737424028499788 -37.0741087157639271 36.2500619450557195
vn -0.6165185553657546 0.0486168084442076 0.7858379456519150
v 95.9591757478830232 -37.0712555550614411 36.1862316333626310
vn -0.1276018449445621 -0.0390713429589575 0.9910555985040029
v 96.4110950996966238 -40.3702256252449700 36.3825064687887618
vn 0.1184591947924979 -0.0368115208246330 -0.9922763380750801
v 95.9762077944657932 -40.3327123784617498 36.0428060824218335
vn 0.4559530149202527 0.4579037537280869 -0.7631716717140771
v 93.7643023830454894 -37.0750000281103738 35.9449256817779244
vn -0.8946982718208045 0.4421213157345351 -0.0635904440464862
v 93.4286608433951642 -37.0750007559847674 36.2224383935606511
vn 0.8727628536813276 -0.4875564119525943 0.0239530039439274
v 93.9631582286684619 -40.3718297509974349 36.2841620113558392
vn 0.3733150851279836 0.4897714245118538 0.7878831124903717
v 93.8593036615621088 -37.0786108945284738 36.4435817266268600
vn -0.5366943358575106 -0.4589198458097437 0.7080619782055995
v 93.5142299436839863 -40.3430434720929583 36.4073237010901849
vn -0.4340610129941000 -0.4633016156104771 -0.7726206378108583
v 93.6324493313132820 -40.3581947451553162 35.9890633553659427
vn 0.1448672454100366 -0.8194972354082126 -0.5544707046955725
v 107.0746612500000055 -34.1749992399999982 23.8999996199999991
vn -0.9658993961995449 -0.0614672169999273 0.2515156807350957
v 104.9463037767496871 -34.1745174947565147 25.2262618638042788
vn 0.3565526071572921 0.7251352674057916 -0.5891087185687112
v 104.4246000428323669 -34.1749992396846167 24.6044171071922690
vn 0.4213249555772742 -0.8726425538037065 -0.2469418050852325
v 109.0746612500000055 -34.1749992399999982 25.8999996199999991
vn 0.6421213386448769 0.7247235652830263 0.2499118652252643
v 104.8155448341923091 -34.1749992473327282 26.0037878721322819
vn -0.2897073063074923 -0.8194175109702577 -0.4945954097920484
v 99.1346664400000037 -34.1749992399999982 23.8999996199999991
vn -0.9640991040318171 0.0898243855036685 0.2498889700925911
v 102.8753058441541697 -34.1751786095468333 25.3283741681625045
vn -0.0416698297260245 0.0103443785821439 0.9990778844125984
v 103.6355989702495748 -34.1749612961694567 24.5058654741447377
vn -0.2242702759134394 -0.9050780313000589 0.3612984923850627
v 98.1351825176820114 -34.1749747803764805 27.5533437906885119
vn -0.0969519673557042 -0.8888897945452371 -0.4477446249584519
v 98.0182527482278090 -34.1753563539290113 28.4125635487737291
vn -0.4088315068874099 -0.9063292071270175 -0.1068838962832162
v 96.1346664400000037 -34.1749992399999982 26.8999996199999991
vn 0.6164948052789654 -0.7871916789295831 0.0162300858923990
v 97.5043173770741731 -34.1749992537241951 27.9641418934606740
vn 0.3901294099912052 -0.8887045319299458 0.2408387393819566
v 97.6025526998837307 -34.1749992498256105 29.7019592898437388
vn 0.3218565144612340 -0.8922870453833409 -0.3165947136954961
v 103.3730199682366049 -34.1750474139997351 26.3712711015799357
vn 0.6599306453425203 -0.7313054302673716 0.1722901941471404
v 109.0746612500000055 -34.1749992399999982 38.0999984700000027
vn -0.5031217517641233 -0.2424776892591381 0.8295017016940645
v 104.5251387554133657 -34.1749992400066347 37.6715521597764393
vn -0.3139017614757376 -0.9469611763989799 0.0687765551295586
v 104.2975574912745458 -34.1750974028892855 26.4623591483083977
vn 0.2897176379597160 -0.8193975164146329 0.4946224826557870
v 107.0746612500000055 -34.1749992399999982 40.0999984700000027
vn 0.0273708529248788 -0.8854617230463907 -0.4639055652068442
v 104.0059760263579136 -34.1749992400577085 37.4942587709518520
vn -0.3277595940959618 -0.9447604352376583 -0.0011698237476820
v 98.3438788960707342 -34.1749992398763069 32.0033581470000641
vn -0.2390138026607345 -0.9561293630739636 0.1693784024172875
v 98.3730439883766792 -34.1751615195079168 29.9078477511153089
vn 0.8528809908823960 0.0758081417046540 -0.5165724935018796
v 104.9591401695922599 -34.1752304418554900 38.3083310943659754
vn 0.1909009985122541 -0.8094915017899431 0.5552299679384092
v 97.8674932008785277 -34.1754526416946973 31.5463884818080480
vn 0.2818642974419743 -0.9580051480827384 -0.0527129402946997
v 97.5221607849325238 -34.1749992407852119 32.1123975792177134
vn 0.1113765198419090 -0.8950752977053236 -0.4317817530484946
v 97.6147624759390595 -34.1753591409750399 30.3010205921663243
vn 0.0632135686381818 0.9961928773896730 -0.0600316231507176
v 104.7374011676287751 -34.1749992336270978 39.1294558220246742
vn -0.3649747607660357 -0.7388059042945904 0.5665326643568114
v 98.1814260593906454 -34.1719349790791540 33.5904219961294359
vn -0.2662737769367365 -0.9559944342842345 -0.1231783963745731
v 98.3331317176849637 -34.1749992386410213 34.1264972685275296
vn 0.1077676332442962 -0.7940279677847788 -0.5982522240664861
v 97.9587239617684133 -34.1744469990273387 32.4474976772612180
vn 0.2913483572919996 -0.9354954531891223 0.1999109595938451
v 97.6026210244819339 -34.1749992391327240 33.7306621236872388
vn 0.5495296695220007 -0.7300789547315989 0.4062042124019107
v 103.2794874556318376 -34.1748244599522977 37.6832546447737684
vn -0.6233879758434701 0.7213349347525352 -0.3017670351104262
v 102.9109329995581703 -34.1749992428705767 38.4275089266012202
vn 0.1391176500658394 -0.9076452572523601 0.3960130887072494
v 97.6979750677565875 -34.1743990928761932 35.6454655003373730
vn 0.3828398533571664 -0.7388000219383303 -0.5546243541942474
v 97.6885258623857311 -34.1740078681296993 34.4089355451759289
vn -0.3643544624107889 -0.9064194946473321 0.2136574956434248
v 96.1346664400000037 -34.1749992399999982 37.0999984700000027
vn 0.3024548104301173 -0.8132456731812762 -0.4971444082956328
v 97.8011241104059792 -34.1749992415887149 36.4205088824960157
vn -0.0938436085984451 -0.9285762012036460 0.3590816281619368
v 99.1346664400000037 -34.1749992399999982 40.0999984700000027
vn 0.2600106711017925 -0.6887126929827274 0.6768081540862781
v 104.1004335252602573 -34.1752017386514879 39.5206202160503111
vn -0.0359654482996311 0.9993113534149203 -0.0091271827332824
v 103.3654718247863116 -34.1749992360913524 39.3462609959663538
vn -0.4426885851781149 -0.4815725166577580 -0.7563826596061761
v 103.0439952888244903 -34.1749992442723851 38.9627403091090798
vn -0.3879554786776829 -0.9207862341041588 -0.0405371144539308
v 98.3710713985249754 -34.1751504286639687 36.1253264744051563
vn -0.3202626818785272 0.9285701020174431 -0.1875883264899195
v 96.1346664400000037 -33.1749992399999982 26.8999996199999991
vn -0.1448587632036137 0.8194222765615976 -0.5545836919687847
v 99.1346664400000037 -33.1749992399999982 23.8999996199999991
vn 0.2468254678438620 0.8726597927796643 -0.4213574189324448
v 107.0746612500000055 -33.1749992399999982 23.8999996199999991
vn 0.6599083498770357 0.7313065976559164 -0.1723706181096285
v 109.0746612500000055 -33.1749992399999982 25.8999996199999991
vn 0.4945802097802188 0.8194250996540698 0.2897117915285334
v 109.0746612500000055 -33.1749992399999982 38.0999984700000027
vn 0.1723887582391108 0.7312537687116377 0.6599621517767547
v 107.0746612500000055 -33.1749992399999982 40.0999984700000027
vn -0.2468484108193319 0.8726567032176594 0.4213503772458928
v 99.1346664400000037 -33.1749992399999982 40.0999984700000027
vn -0.4090173053949648 0.9062486042530963 0.1068564980558371
v 96.1346664400000037 -33.1749992399999982 37.0999984700000027
vn -0.6571342345133641 0.7341416194972696 0.1709113230668506
v 104.9202476544353146 -33.1749992081777521 25.2139098991958086
vn -0.4077825809315477 0.4696168816309095 0.7830538622445241
v 104.3968476135905519 -33.1749992446397002 24.5799073323479043
vn -0.5579816854122646 0.7355897122622969 -0.3841408777497649
v 104.7433383557543038 -33.1749992400286970 26.1785670181152170
vn 0.1825741857749094 0.9128709291838187 -0.3651483716788290
v 105.9346618699999993 -33.1749992399999982 29.5000000000000000
vn 0.1234322194899692 0.7278234737119625 -0.6745646583579904
v 103.7461546422955081 -33.1749992403971845 26.5197428975498717
vn 0.3855415022156259 0.7287646426224121 0.5659150516930490
v 103.5505939286597652 -33.1749992416624977 24.5446595064387800
vn -0.2721232236474532 0.9525930807438463 -0.1360712080885084
v 101.9346618699999993 -33.1749992399999982 29.5000000000000000
vn 0.5272833815562208 0.8406348301182659 -0.1237146633454212
v 102.8437457471291765 -33.1749371453026072 25.6035822856202131
vn 0.4364423814621898 0.8728734494412209 0.2181971331713526
v 105.9346618699999993 -33.1749992399999982 34.5000000000000000
vn -0.1443136341373961 0.9631083342566449 0.2271473343172851
v 98.1695493926537779 -33.1749503027865202 27.6182708831449659
vn 0.5588916419126814 0.6151413259518278 0.5560946697338273
v 97.5945782674966722 -33.1749992420452386 27.7597238491496583
vn -0.2108206985751947 0.9544581966712358 -0.2111023066178095
v 98.2889447525503783 -33.1744905015298102 30.1369519241066079
vn -0.5264028793315562 0.8159490320839466 -0.2390129403875818
v 98.2991189381261705 -33.1749992314127766 28.2574769057394271
vn 0.0546207740964684 0.8246658818567876 0.5629766907594572
v 97.6254547787869171 -33.1749992427434250 29.6829624477243215
vn 0.3368085389861581 0.8604020514683609 -0.3824504123347833
v 97.6141205601892779 -33.1749992364837283 28.3179059078457342
vn -0.6490409392259815 0.7486913122905179 0.1349339768529701
v 104.9907761608307339 -33.1748659930816103 38.2428932128256207
vn -0.2209585720176686 0.9316578870786275 0.2884283115370269
v 98.1418808954776409 -33.1748240748530563 31.6113143398433003
vn -0.1078278879995236 0.9704983471616675 0.2156527410584755
v 101.9346618699999993 -33.1749992399999982 34.5000000000000000
vn -0.2767460842057022 0.8884824299431664 -0.3660745505482415
v 98.0804012127670859 -33.1746385924290053 32.4360755763349076
vn 0.4346393061144691 0.8782665390483975 -0.1993403119498970
v 97.5631820707574207 -33.1749992340956936 30.1789287757907161
vn -0.2049828226778275 0.6361276991197844 -0.7438572395423729
v 104.2726715922631371 -33.1747603496761698 39.5223027230249002
vn 0.0506408420576918 0.6249723411264185 0.7790026174170736
v 103.6651354168279795 -33.1749032238543080 37.4433314032672797
vn -0.2506415184508401 0.8994187692915271 0.3580847758209948
v 98.1749455931314827 -33.1749992404667466 33.6411848295230271
vn -0.4977780134313400 0.8142313466714968 -0.2987379511241742
v 98.2941736771192041 -33.1749992301910837 34.2818676957370769
vn 0.4814412517455284 0.8081837431332176 0.3391951627793063
v 97.5702095721685225 -33.1749992561060836 33.7425186458271824
vn 0.4707690964016986 0.8806311380933552 -0.0535280906957271
v 97.4836869243961388 -33.1749992450759521 32.0451329635789577
vn -0.3800114389119024 0.8070273914607553 0.4519934686786459
v 98.2749908363390716 -33.1749992404223661 35.7377416945138364
vn -0.1689285748978387 0.9230329721824925 -0.3456490544568859
v 98.1989911419789507 -33.1748751002639892 36.3722161156653669
vn 0.2778718622982901 0.8942823494338880 -0.3507795712892720
v 97.6625658058198951 -33.1749992380417069 34.3297866170621546
vn 0.6833687292063333 0.7264431117772683 0.0727157843544325
v 102.8953323897000018 -33.1749992426974032 38.4740443252185429
vn 0.5665139686570816 0.5663365346582120 -0.5986024163229974
v 103.2570149645951574 -33.1749992461830558 39.2678611678700733
vn 0.4139570402268378 0.9101674344416856 0.0153235155390713
v 97.5151727021263071 -33.1742339591333959 35.8680747023984097
vn -0.8164965809277261 0.4082482904638631 0.4082482904638631
v 101.9346618699999993 -31.4750003800000009 34.5000000000000000
vn -0.3333333333333333 0.6666666666666666 -0.6666666666666666
v 101.9346618699999993 -31.4750003800000009 29.5000000000000000
vn 0.3333333333333333 0.6666666666666666 0.6666666666666666
v 105.9346618699999993 -31.4750003800000009 34.5000000000000000
vn 0.8164965809277261 0.4082482904638631 -0.4082482904638631
v 105.9346618699999993 -31.4750003800000009 29.5000000000000000
vn -0.2798179775186334 -0.9306121543693434 -0.2359298997529375
v 104.5561764548795907 -18.3700051097362547 38.6393487650442609
vn -0.0631858477190295 -0.1314848879080550 0.9893024173122362
v 103.8089440098692933 -18.0280130551480795 37.0800802762232706
vn 0.5806874856851635 -0.1930659514770746 -0.7909030170310991
v 103.4791188322526523 -17.4618020761013817 38.8095020820851744
vn -0.9523832204547287 -0.0095813176390655 0.3047530143387902
v 104.7370145435566826 -17.4490585529538649 37.6409515519506073
vn 0.6726652723468293 0.0077105774767970 -0.7399067362671733
v 103.2150237112978459 -16.7071447853585795 38.5482191257097710
vn -0.4075781794884689 0.1219179785078841 0.9049950464623641
v 108.6515868342351467 -17.8435791084210429 35.4632405090907952
vn -0.2473785976576659 -0.9314866736191945 0.2667140909115507
v 108.6521824143990784 -18.3746565653188689 35.4727794362493967
vn -0.6202570024379984 -0.6853459833750575 -0.3815522690252334
v 108.8851707726815619 -18.3729991541231357 36.7280207413174722
vn 0.4495349758726008 -0.1577706621195455 -0.8792193831129864
v 107.7940918270949879 -17.9043023657455933 37.0461445210642140
vn 0.4163764836873190 0.0666693802649707 -0.9067446264341843
v 107.6111606217824317 -16.9104199604878502 37.0405894671820661
vn 0.9742502739814503 0.0428796369765255 0.2213543321912414
v 107.3422569997503757 -17.3133038620470359 35.9719769792228163
vn 0.3061124283970998 -0.0668005690354854 0.9496488114863125
v 107.9372424389569858 -16.9653645179235575 35.3403161958283647
vn -0.5275110014097211 0.7393809740107509 -0.4183872831033786
v 109.0185246237131764 -15.8934566118360578 36.5306436410185995
vn -0.2122838442484215 -0.8086951749421581 0.5485869880851932
v 110.3980233951681100 -18.3753558864068616 31.2702604943553162
vn -0.9963889201020428 -0.0095646534427166 0.0843660909513162
v 110.8113914737405281 -18.0393282451948842 31.8270695164314326
vn -0.4989019629687390 -0.0156203084218753 0.8665176497398911
v 110.2897395887138003 -17.7232481316916193 31.1381126381971569
vn -0.7595465253277152 -0.0039414958717717 0.6504410353543876
v 110.6373503241920702 -17.0927727581294633 31.4921472751354692
vn 0.6782513488613233 0.1618627169026655 0.7167813952975363
v 109.3557607756931276 -17.7164009377790030 31.3357737513945622
vn 0.1935892414273114 -0.0384650522391985 -0.9803283354875721
v 109.6314297924816685 -16.7059413976607054 32.8566778793624508
vn 0.9969390180055996 -0.0707625415256530 -0.0332454071243091
v 109.0534413732237766 -16.5733507529147452 32.1166815842573499
vn 0.3338472303623417 0.0085424596797475 0.9425884855874346
v 109.5651360333669118 -16.9507525380529351 31.1663792475219630
vn -0.2773011619782803 -0.1159011374632229 0.9537667387261031
v 110.1710470457456239 -16.3685577666186539 31.1089634438224891
vn 0.6450884071487194 -0.2600971789384063 0.7184778385382605
v 109.3461145759628437 -16.1924727666135908 31.3474613386235461
vn 0.7188561825770143 0.6899647614173279 0.0848199078821243
v 109.1092078915459638 -15.8817356315389535 31.8770850693270020
vn 0.0763891693345334 -0.7247469428005114 0.6847675253030712
v 108.0297874926293247 -18.3750000872668373 26.9386115271612319
vn -0.7332949547620764 -0.6797433408309150 -0.0150831003613573
v 109.0295082658449672 -18.3724842475231718 27.9096485824690284
vn -0.4939662985960583 0.2847343366954853 0.8215373718571126
v 108.7861781625513942 -18.0952545180426334 27.1389734971110066
vn 0.5361532647226677 0.1236645717978147 0.8350130240956055
v 107.5242116309501625 -16.9236228938626638 27.1049721488812061
vn -0.3888299333470570 0.0748423872446172 0.9182646132814060
v 108.2083952478488555 -16.7870514664133346 26.8689682801872216
vn -0.8351724893660391 -0.0643908706067243 0.5462057568248814
v 109.0198772678381829 -17.6064139324371460 27.2925929471403172
vn 0.9966543278150414 0.0712928726617772 0.0399684519987902
v 107.2981699532929554 -16.8958389044443180 27.8647048041110423
vn -0.9948695968293476 0.0779893534590527 -0.0644371480719803
v 109.0835187412769329 -16.8920699179921847 27.6682005864853942
vn -0.5096380497735225 0.8532807717420934 -0.1103674897705758
v 108.9600373429020266 -15.8790794758695384 27.9101066813715057
vn 0.4530757349843682 -0.8326165163662188 0.3185468804470648
v 103.2154179393903917 -18.3721362999490907 25.4224289393983938
vn -0.9629368803644335 0.2674988799503737 0.0345964399802680
v 104.8001412894849551 -18.0140675070236860 25.9819679173108611
vn -0.0305130417368050 -0.9003874452840943 -0.4340177446358043
v 103.8573513392213954 -18.3704794139370726 26.8664796949823241
vn 0.8968565113447798 0.2236178464225417 -0.3816326202250210
v 103.1525633058025875 -17.7369402253356903 26.4864858079795162
vn -0.8906618190412496 -0.1232222711547429 -0.4376503124568738
v 104.7394404026206161 -16.6623785306488905 26.4608398436002119
vn -0.0718987854747525 0.8499778816480212 -0.5218890354820630
v 103.8708470528302854 -15.8852908598715423 26.9402711821341789
vn -0.6164282186216821 -0.1696073195449062 0.7689275703495694
v 100.1907000157424221 -17.8218786240744507 27.0082442549812036
vn 0.9981266473067847 -0.0235556352388894 0.0564652812320079
v 98.7998199693037407 -17.0947176948107966 27.7263100979387715
vn -0.9003031721819929 -0.1657897576791957 -0.4024524250240201
v 100.5570600114485273 -17.9588664666547260 28.0896080677250879
vn 0.2218101084417506 0.0099579696888771 0.9750390323636968
v 99.6302599741843409 -17.4780959782288541 26.8521184259157444
vn 0.8401945971283998 -0.0375338818628670 0.5409845161079475
v 98.8706434401231746 -16.3937971307305830 27.3455334292802341
vn 0.4490595776963818 0.0736593218331941 -0.8904604426846940
v 97.6829603951639172 -17.3016716750175306 32.9016007389840084
vn -0.4478673720629637 0.0958019078439360 -0.8889526486235795
v 98.3334251405868116 -17.8841006222070966 32.8224472145521773
vn 0.9965398911100088 -0.0445662611609182 -0.0701576353121187
v 97.0635997660519649 -17.7909836697095791 32.0756804032276790
vn 0.1524221086437621 0.0285821073502990 0.9879021024048917
v 97.7225904049350760 -17.5110334219077295 31.0750772121318839
vn -0.5700281031045912 -0.0525112866189301 0.8199454411414251
v 98.5543768433134204 -17.2239694744151493 31.3845261467202832
vn 0.1843397658513056 -0.1645626026706831 -0.9689881322947854
v 97.8094801044602633 -16.3704018444285531 32.9032540646192118
vn 0.5294221919771013 -0.8070654659391387 0.2614526273163117
v 98.8461294176160692 -18.3585073129880314 35.8699827611049926
vn -0.1250775067981487 0.0421074846702283 0.9912530338051458
v 99.7717331598845902 -17.8683772892121340 35.3073111485284485
vn -0.3419697160750508 -0.8824419254338142 -0.3230370900132246
v 100.2214552404959846 -18.3748463303864860 36.9453882384517769
vn -0.3579423739773722 -0.0213838137768855 0.9334987891903227
v 100.1443505793957627 -17.2547267932495814 35.4393406794647561
vn 0.9150088853646865 -0.0291850533551887 0.4023766548450952
v 98.8495032540723031 -16.8105018270096451 35.8631303627570972
vn -0.3185789545241622 -0.0248888014094899 -0.9475695210899783
v 99.7300376057484499 -16.9758465956587692 37.1512535500653556
vn 0.8422248923062838 -0.1030211251936609 -0.5291917219151301
v 99.0025069834940865 -16.5395847941840692 36.8387485370563326
vn -0.8886476457007314 -0.1077031767631155 0.4457638248060069
v 100.4744406468495441 -16.4691797183737769 35.7587388318038961
vn 0.0585935402070809 0.2430337001429116 0.9682465686181626
v 104.3315037614474079 -16.0762674608418692 39.9980428066712292
vn 0.2541406654640644 0.2505036032006118 0.9341629766486107
v 106.2225778573736505 -16.0592283006127516 39.6983240434717715
vn 0.0998348428990745 -0.6430183995876594 0.7593157063666222
v 105.2745874454097930 -18.3491710545002533 39.8769852258085393
vn 0.6624861879224089 -0.2004995841237041 0.7217423138338617
v 109.4085090527576085 -18.1514247208361788 37.9075214763612394
vn 0.6479157147342628 0.4125583238964199 0.6403130921542727
v 109.4192311890140559 -16.0742486415709678 37.8509654885222915
vn 0.7988297021088555 0.2601777863260242 0.5423823619285262
v 110.6914920360501071 -16.0743243811555914 36.3197170548031352
vn 0.8620166530855387 0.3745183924336784 0.3415600438167486
v 111.3982666162928012 -16.0745754344288017 34.8980091504980336
vn 0.9528866116757641 0.2591019011593937 0.1577127455365279
v 111.8776808476012263 -16.0791962289235428 33.1839496327916592
vn 0.9497513576321677 -0.3065242163544547 0.0633661065881589
v 111.9247905421040485 -18.1734576176413434 32.8036740577864592
vn 0.9099125919359745 0.4083154515812025 -0.0730586547672167
v 111.9045063921330865 -16.0746006591803692 31.1763592229572843
vn 0.9272262387497766 -0.3427374120614614 -0.1509389563610219
v 111.8744971997171973 -18.1752381274267023 30.9253101900968979
vn 0.9275639209760286 0.2277080940348251 -0.2962671031596367
v 111.5841353496670507 -16.0746470331898870 29.6161766610624859
vn 0.8827028013153349 -0.2607626478267797 -0.3909457840269251
v 111.2249903374174949 -18.1804685363128122 28.6005991711236902
vn 0.8145505731869247 0.2744177515229008 -0.5110795059185683
v 110.6814953347747803 -16.0696732792127008 27.6086955560842320
vn 0.4754500178375122 -0.7553812489434306 -0.4509395184312107
v 109.6299128052128680 -18.3513120187392609 26.3755311552502043
vn 0.4963689353789443 -0.3895671851145380 -0.7757933283244375
v 108.2391617475205265 -18.1750977259405637 25.2489956123475778
vn 0.4215092896310393 0.3368565967796417 -0.8419367862023696
v 107.7588528421462684 -16.0747160339080857 24.9507312189521961
vn 0.3485372900258458 -0.2638886812782839 -0.8993800761383630
v 107.0111166612906715 -18.1750926654449216 24.6018706749000735
vn 0.2345417920416350 0.3180878240983688 -0.9185914673815906
v 105.6853659676979333 -16.0644589407633518 24.1554454485354704
vn 0.1090111331368428 -0.3328027988877393 -0.9366743670586426
v 105.0699591848765806 -18.1814900752298740 24.0486809959394563
vn -0.0023241293678339 0.7231415531551481 -0.6906959479561479
v 103.5459572049865500 -15.9028207306843328 24.0108421564086605
vn -0.1464600023248417 -0.2955783792340081 -0.9440248351862383
v 102.5933108270088923 -18.1865919818438542 24.0822062371558978
vn -0.3654237246459777 -0.3839253649896759 -0.8479780749426277
v 100.8147649817840517 -18.1749983372635562 24.6200688462123658
vn -0.5226588083618369 -0.3722408299611303 -0.7669840510412415
v 99.2532842033441653 -18.1749917021022682 25.4884550818813906
vn -0.5701757986201845 0.7119675286966979 -0.4098802224423023
v 97.2774195687335208 -15.9133818726014731 27.5357951799463336
vn -0.5273206762091277 -0.8108354965708583 -0.2539265680133491
v 96.9112838372714123 -18.3623984440183854 28.1580976145248165
vn -0.6577829291306579 0.7228141026609819 -0.2118050781702164
v 96.3408986839103676 -15.8898479157238750 29.5220368284416175
vn -0.9179057634229971 -0.3352942041524606 -0.2121952076193348
v 96.2289302199856991 -18.1749130243912589 29.8048626374636285
vn -0.9568805008604166 0.2841494665158301 -0.0603223652709938
v 95.9058668885063383 -16.0725575643493883 31.5455643105563261
vn -0.9186278706798484 0.3574597801924123 0.1683607458851378
v 96.0508315902756777 -16.0748507314577189 33.3963198672854560
vn -0.9617104599596709 -0.2726582966239848 0.0277568817820974
v 95.8907011322731080 -18.1758851120136242 32.0981625329834941
vn -0.8964992024072742 -0.3609814411274243 0.2568687977250044
v 96.2867996128484123 -18.1749491037331836 34.3692453523747403
vn -0.8409200988137446 -0.2803245448417872 0.4628947363821789
v 96.8851558975002831 -18.1750274750576644 35.8228285949587217
vn -0.8806451611228928 0.3032577489742024 0.3640038981631019
v 96.6078204164601146 -16.0600737111015306 35.2677525464777446
vn -0.4279752804207510 0.7437620779186892 0.5134735930881482
v 98.5830210345073112 -15.9014640115272439 37.9461370620608704
vn -0.7161461751384296 -0.3669583454984979 0.5936970848030185
v 97.8438701103541462 -18.1848293973256929 37.2161266922018044
vn -0.3417322769130052 -0.1472862794617099 0.9281841427207105
v 100.9172224380932192 -18.1753018638144610 39.4298491007104985
vn -0.4065415790507045 0.2811438663638953 0.8692997589490752
v 100.4222085694387943 -16.0903142735143163 39.2338594167531483
vn -0.1681289229944266 0.3744652053012131 0.9118708654581824
v 102.6897866765933571 -16.0747511103040814 39.9221910413847709
vn -0.1169235862390011 -0.2205973236690489 0.9683313976997047
v 103.0864030568763496 -18.1957866749626973 39.9925323844890528
vn -0.0713851726538171 0.9658368435478758 0.2491251668753295
v 101.8731469399816802 -15.8749769364110112 39.5749058926461217
vn -0.5697078557217267 0.7226720632815523 0.3913796725448784
v 97.5309156716387236 -15.8996060205656793 36.7668468810386244
vn -0.3447467808103744 0.9319228672255624 0.1125585477117151
v 96.6043246847085442 -15.8749938701070619 34.7464594047651048
vn -0.3741060030019308 0.9272174833391733 0.0176758905882971
v 96.0778192153708943 -15.8746732034152220 32.0959881404687053
vn -0.4762155040967876 0.6059383989271978 -0.6372263729346005
v 99.2356857521818654 -15.9194468165899750 25.4916371509101829
vn -0.1578090151289062 0.8569978906028748 -0.4905618516010674
v 101.5510362712009282 -15.8952205941213602 24.3506137983023372
vn 0.2954066874382882 0.9357490541943700 0.1926359171885643
v 110.5804557569478277 -15.8749599639433328 36.2050566726117324
vn 0.3044337649644632 0.8106141793001603 0.5002246845839273
v 108.0451874186635450 -15.8864850709145902 38.8512412120076505
vn 0.2287075579301984 0.9239239539402306 -0.3066877569794001
v 107.7904716773726506 -15.8741660886140767 37.0744837211054445
vn -0.0466603183883316 0.9752769314045177 -0.2160039855143586
v 110.0746362622072638 -15.8746063357284442 32.8493227221703208
vn 0.0383408370631793 0.9093210993673914 0.4143248948091020
v 105.1608267188765069 -15.8740634698468615 39.7897606046771344
vn 0.0604812421496410 0.7400692570005138 -0.6698055793965471
v 103.9433342186780180 -15.9105525916221353 38.9145084809589150
vn 0.3859187801826890 0.9209575230531075 0.0538881789838029
v 111.7287370398371564 -15.8741809395080828 33.0941977100720663
vn -0.2589608001463728 0.9152899275352683 -0.3085184800624329
v 105.8229752571838418 -15.8750001204174680 34.1395033062630588
vn -0.4993390581957851 0.8528010933803613 -0.1529405116030636
v 106.6701608853528143 -15.8749825633189658 32.7195273393625357
vn -0.5653830458981776 0.8088482012523257 0.1615753655164565
v 106.6695772625554213 -15.8749825874811687 31.2548341016601867
vn 0.3259231717931376 0.9382285545678126 -0.1161949460256089
v 111.2719469332250526 -15.8735160591786642 29.1047899257415281
vn 0.0691045770606775 0.8721827915540248 -0.4842744423839579
v 107.7536474030459459 -15.8748948697420946 28.4824069357542129
vn -0.2136867400898327 0.9219195410792376 0.3231135046481784
v 105.7339066301211972 -15.8750031275627457 29.7816682699396580
vn 0.7162730762428909 0.6896603328346349 -0.1064025637095572
v 98.9265055897626269 -15.8939382964692300 36.4625939827344823
vn 0.1316734547852584 0.9781545920443370 -0.1608592408520299
v 102.5542281475905781 -15.8744062223465576 34.5130303042324371
vn 0.1161080525880069 0.9721181943453784 0.2037280941522347
v 99.2609877045368449 -15.8749999781071924 35.4729328274506415
vn 0.4129012151021602 0.7685433175007528 -0.4887266676702804
v 109.1011680385903588 -15.8956859955974306 25.9141065303718960
vn -0.3294764737247032 0.9412825192532456 0.0737053065267244
v 104.8336983255454840 -15.8732803787097936 25.9011488295056758
vn 0.6615076431650485 0.7347284564222164 -0.1502721975538059
v 97.0234933981877816 -15.8716284885371621 32.1364323188133412
vn 0.1079384220650219 0.9406655720361635 -0.3217103955858290
v 105.9664386985949278 -15.8749929586305072 24.4401213677623055
vn 0.0000929536419149 0.9610381416137493 0.2764157769072014
v 103.4414401855446357 -15.8735667101184230 29.1552379897936582
vn -0.6080226037554120 0.7891586196818663 0.0868169701400649
v 98.8286937852491576 -15.8989671539271580 32.1092840108773458
vn 0.4044009543172899 0.9059565912959341 -0.1253097076635207
v 101.0288965979155904 -15.8753709561599479 32.4861426674957698
vn -0.3613001306760354 0.9313341926533613 0.0455942668346737
v 100.5324357888563469 -15.8758404776761921 27.7625159516036177
vn 0.2423415270119091 0.7976383934629407 0.5523075027187255
v 103.5772119297508880 -15.8778338874682081 25.2021756331936508
vn -0.0521683862306791 0.9316359501135767 0.3596288585946072
v 97.9891974928284810 -15.8749998753562718 31.1051825500522696
vn 0.2602320521745928 0.8216654363505996 -0.5070948527916438
v 99.2757570310656803 -15.8890866497454226 28.6018927874472269
vn 0.0722099898150048 0.9924363418486949 0.0992765065304836
v 102.1230919016203416 -15.8995807258198099 29.7414066420916363
vn 0.3065119092389238 0.9472714012431422 0.0934202434248788
v 101.3961272726691618 -15.9750003380742527 30.7523748281042941
vn 0.4848907233944346 0.8618718701318033 -0.1485189073536761
v 101.1177605638771837 -15.9725933826267052 32.6387759356600711
vn 0.4044872611432182 0.8245119096457896 -0.3956894823281397
v 102.1533997705791137 -15.9750003991955829 34.1972325635100205
vn 0.0101708197870204 0.9680302025907203 -0.2506273753942871
v 103.9193761279627779 -15.9229355264818278 34.8731642458851852
vn -0.1665685993838341 0.9232004501381109 -0.3463464025568871
v 104.9434693718860672 -15.9750002851314594 34.6313958401840409
vn -0.4833069673794011 0.8045993391509377 -0.3450134471588041
v 106.1636287627223680 -15.9750005196450431 33.7776217622397610
vn -0.4175719329249308 0.9084129077794940 -0.0204858442086642
v 106.7701360851859960 -15.9750006447151769 32.1414835562245997
vn -0.3797079856555421 0.8608381262192606 0.3387913311711548
v 106.0641065510936727 -15.9781597054530380 30.0459809825685653
vn -0.0552370842726372 0.9259082793315991 0.3736880019297585
v 104.0765243582286104 -15.9749998645655857 29.1575169740080007
vn 0.3078317611711578 0.8411931161293625 0.4445601738694503
v 103.1111407286035302 -15.9731760810896866 30.8486676781020570
vn 0.5038428289890956 0.8321713636766104 -0.2315884823407144
v 102.6213214510257217 -15.9750003941287719 32.4051191539629784
vn -0.3898802475097337 0.8357163259749679 0.3867448966704666
v 105.0017454878918954 -15.9740153338554318 31.1024261060883802
vn -0.0287529465301573 0.8308318795388957 -0.5557802227568914
v 103.8171425639174572 -15.9735065090561399 33.3901780412918825
vn -0.5354568453595161 0.8209104538720248 -0.1984741632587520
v 105.1047356081199098 -15.9750004206665022 32.7017911593507691
vn -0.0209713905785503 -0.9659233419380949 0.2579773212442212
v 104.0636689490499265 -16.6739572698416545 30.6147639191186123
vn 0.2820599622303673 -0.9580943048513988 0.0499748008292044
v 102.4917119390081268 -16.6689346099271383 31.8534692162483744
vn 0.1748841933852865 -0.9140257179180290 -0.3660225483333087
v 103.5680769377124335 -16.6739396661141122 33.3253577920727508
vn -0.2191137879693339 -0.9478657163023523 -0.2313865419171096
v 105.0601543558482973 -16.6684400281999920 32.8088316482007158
vn -0.5483700099314420 -0.8221933049041256 0.1526057062452828
v 105.1766764780329595 -16.6749991896172247 31.5242739780191421
vn 0.6450059282816312 -0.3928144068910236 -0.6554877529141216
v 102.3107672804736694 -16.6761226449938995 33.9574874295227787
vn 0.7168004121795428 -0.4352354359341926 -0.5447635123669817
v 101.8633588479521279 -16.6749989989332406 33.5048934027844965
vn 0.8395663311663205 -0.4305538446871078 -0.3312880353968039
v 101.5718102596406140 -16.6762360103172895 32.9360620064831195
vn 0.0617264574145608 -0.3652406852552291 -0.9288644068373698
v 103.4584900904465172 -16.6758673582866628 34.4955366846117428
vn 0.2597041099974127 -0.9555268072325698 -0.1397222097963781
v 102.0821913902970550 -16.6749912201479944 33.0185829163623765
vn 0.8962583888677867 -0.4303455018344738 -0.1073482623751034
v 101.4089668012545644 -16.6752813042267398 32.3174161091917256
vn 0.2912865946644949 -0.9536797435860720 -0.0751469656231466
v 101.8824343165479007 -16.6749992408475620 32.5269211108814744
vn 0.7754654131595961 -0.3562647883830601 -0.5212761202583431
v 101.4605004409781657 -16.6749988220150058 31.7589228821438212
vn -0.0603331863077658 -0.4378184254045740 -0.8970367512015390
v 104.0954248703880296 -16.6749989074722649 34.5552237162686993
vn 0.5169669737942635 -0.5998550886267380 0.6106709594000764
v 101.4845283260341375 -16.6749991492423177 31.6158224995351169
vn 0.2315022042133664 -0.9728056694811793 -0.0074738791552525
v 101.8193713435234145 -16.6749994410290192 32.0003639504604251
vn 0.1723486014993571 -0.9713150540942518 -0.1638384120134730
v 102.3942430188812409 -16.6749983466128988 33.4465162565394323
vn 0.1074283980000037 -0.8541560400099809 -0.5087991731691598
v 102.7947024356445240 -16.6748258473678703 33.8559948422557468
vn 0.4202940331876249 -0.7096830480183207 -0.5654227595545706
v 103.1626326522552546 -16.6752086030701925 34.1188424962278845
vn 0.8360154791442391 -0.4316187846449201 0.3387969057899886
v 101.5702746987918630 -16.6758034320674930 31.0590090678762643
vn -0.2745444931094094 -0.4325350909337507 -0.8588007431379117
v 104.7168560865699334 -16.6758972232408382 34.4215938980498350
vn -0.0447501116028471 -0.9714136982442189 -0.2331369862870808
v 104.3310804924720401 -16.6749993238338234 34.0754281562526771
vn 0.0212530268371505 -0.9562316662221509 -0.2918378134585518
v 103.8020649748742557 -16.6749983348824067 34.1092622322616066
vn 0.4565346828376028 -0.8858146977771126 0.0831168127902655
v 102.0739495335273261 -16.6751178387385295 30.9826761341017729
vn 0.2769586597422320 -0.9573226493563551 0.0826271494311369
v 101.8824341178637241 -16.6749992408790959 31.4730786258788804
vn 0.0606743238356029 -0.4901766735547197 -0.8695087435615135
v 105.1930531933783897 -16.6749991353347724 34.1283142251421054
vn -0.8907902454169900 -0.3693081716321185 -0.2647720019860113
v 105.3264186364762480 -16.6749989383692210 34.0692762513983212
vn 0.3247072171225326 -0.4793909102848322 0.8153217636521305
v 101.9296265344576682 -16.6749990661739389 30.4805706437060628
vn -0.1121237577688549 -0.9578515098473070 -0.2644782562461898
v 104.8360520646258607 -16.6749982639608731 33.9150147813064322
vn -0.1551268138258821 -0.9722496696450749 -0.1751178217865704
v 105.2852307498004762 -16.6749992408475585 33.6325606218141431
vn 0.1642872821095895 -0.9725865766385874 0.1645753319288079
v 102.3923102609615796 -16.6749985109992025 30.5530749250891560
vn -0.6548546623513810 -0.4319754835870862 -0.6201310770928690
v 105.7897691031108565 -16.6767261603761483 33.7426499726835658
vn 0.5718223118015315 -0.4334025042807992 0.6965497204141882
v 102.3105601168361289 -16.6773975108814483 30.0367788913439533
vn -0.1837579909717588 -0.9724022465452332 -0.1437597706864002
v 105.6464030363154052 -16.6749981674858745 33.2444564326213126
vn 0.1589848235673127 -0.9545831872270049 0.2519816750059480
v 102.7993533221042810 -16.6749992409127508 30.2110438259880141
vn -0.2248919907640756 -0.3415547196634481 -0.9125590205382851
v 106.0564965608874672 -16.6749990333721314 33.2584426483596616
vn 0.3827780028792570 -0.4322146466612982 0.8164995405529735
v 102.8523845430645736 -16.6760940454003261 29.6989407674460217
vn -0.8578923458728809 -0.5109970004855480 -0.0538775313790288
v 106.1546664687854502 -16.6749990417545746 33.1490988286735160
vn 0.0926848320375028 -0.9563942771406310 0.2769828669120709
v 103.2815745773089446 -16.6749995024699231 29.9900093306744715
vn -0.5437842401943029 -0.8054326889344939 -0.2357474999062670
v 105.9787208588673764 -16.6746495411002904 32.7701795105476776
vn -0.6205830355254568 -0.7727979471945771 -0.1328910411948729
v 106.1344407376841019 -16.6748653040142116 32.3261501786902201
vn 0.2136918623834016 -0.4073262367670313 0.8879308108137265
v 103.4549144134934267 -16.6749990245531059 29.4850730666154242
vn 0.1652328763536881 -0.8711366300331401 0.4624057400015605
v 103.8127447991676036 -16.6748242697242937 29.8199285888120649
vn -0.2335134346424599 -0.9719147845024877 0.0292083465291126
v 106.0300325329978079 -16.6750111290107306 31.7343803565378373
vn -0.9207837502125485 -0.3864061171596581 0.0533628894093194
v 106.4949375024471152 -16.6749992165122656 31.9999999370654926
vn -0.0511530931545844 -0.9625200878610899 0.2663427144199706
v 104.3308856377910416 -16.6749982821553360 29.9235589121127852
vn -0.5275637819472205 -0.4626005538048708 0.7125146900920518
v 104.1475640822060740 -16.6749990804741905 29.4992497431928768
vn -0.3879244210526318 -0.8422479221805880 0.3743435335804037
v 105.9925105961020648 -16.6740801384498596 31.1318947790671672
vn -0.3184937983571942 -0.8921667904612552 0.3203125323899604
v 104.8600182019371232 -16.6752368034325826 30.0797837832404902
vn -0.9189287135346315 -0.3785775027193462 0.1106756245808932
v 106.4104714365381312 -16.6767711443908944 31.3696437362583644
vn -0.5484375679596271 -0.8080424945245419 0.2151361454825411
v 105.7824662462809613 -16.6749810982253237 30.7335436521302583
vn -0.1848767739242303 -0.9569711219056088 0.2236668287924913
v 105.2816392601188653 -16.6749995310680568 30.3722002316457065
vn 0.1966007150044188 -0.4655598608638928 0.8629033403644606
v 104.6573027461417951 -16.6749989940270744 29.5964879187479184
vn -0.4779848084434037 -0.4414439631876979 0.7593798458363649
v 105.3065277061644025 -16.6749990041655671 29.8382883189280008
vn -0.6000250965940936 -0.3777432809624416 0.7051807549451263
v 105.7927141050429185 -16.6772256097335578 30.2507339144810103
vn -0.9604561412317567 -0.2634276775734094 -0.0901657332831255
v 105.8855905908658315 -19.5275145638223542 32.7729011330955089
vn -0.6376554134534977 -0.7683358240865367 -0.0552777995103964
v 106.1454994314613884 -19.8789536559042013 33.1347990105975398
vn -0.4887639154151425 -0.6363587469822624 -0.5967892258806490
v 106.0666842553973481 -19.8754698985803735 33.2568190328975248
vn -0.4747435836328473 -0.8126316019562598 0.3380065225723380
v 101.1071202838744227 -19.8342314437144829 34.0654031247217475
vn 0.4342314723514522 -0.8388061445410573 -0.3284010966785237
v 101.9136879866560719 -19.8769351987149143 33.4982841925624655
vn -0.0411714616626360 -0.9783555670705797 0.2027937255601531
v 102.9432652238788393 -19.8758283060804040 35.2376504493128166
vn 0.4088374729334333 -0.8981947336214657 -0.1615491913321405
v 101.5968113066793137 -19.8797398870723114 32.9235035815379717
vn 0.5430026587796227 -0.8371602176814140 -0.0656573110161250
v 101.4357557843643747 -19.8798734850567946 32.3196527251902239
vn -0.0274338824852407 -0.8936306286988372 -0.4479639288414937
v 104.0982946614296054 -19.8788776538191669 34.5165033658576945
vn 0.1530461237991679 -0.9133319425598407 0.3773614271357332
v 105.3868169148588265 -19.8434455993360999 35.1635793430090331
vn -0.0448683400447936 -0.7621178216735487 -0.6458817677788945
v 105.1909162880562008 -19.8763992173101265 34.1266517268162133
vn -0.4451260937264781 -0.7754506573744321 -0.4478158535172327
v 105.3190757660146346 -19.8777314039709410 34.0720381230882268
vn 0.5983111319779193 -0.7659447748561559 0.2352708890233841
v 101.8965819810951672 -19.8782998340085975 30.5001074640673089
vn 0.3378910699079396 -0.8412219422720326 0.4221081244379654
v 102.3307855100190409 -19.8790882905715982 30.0545156893923320
vn -0.3341942412701361 -0.8910979611369577 -0.3070156881324393
v 105.7676308356689105 -19.8805860211162617 33.7268069301816240
vn 0.2289081017226927 -0.8406219524089975 0.4908725028903112
v 102.8622911520052554 -19.8817187087466465 29.7222682222540193
vn -0.6283573042949735 -0.6974502345481867 -0.3445725880969545
v 106.3358191449615902 -19.8755096160290847 32.6762983739787032
vn 0.2436613178062077 -0.9683674249368678 0.0537930527678256
v 107.1466675935693189 -19.8751860924048955 32.9842593191420548
vn -0.2878825160450063 -0.8467863179062105 0.4472992161433320
v 105.2880136407781038 -19.8788921043424374 29.8705689235789720
vn -0.3026341040244623 -0.8408191762526107 0.4488158998154947
v 104.7439760654705765 -19.8790619419752730 29.5986664790809435
vn -0.4457840989805729 -0.8936535888773149 0.0515732506516101
v 106.4505986284033838 -19.8752752539260946 32.0247205356730973
vn 0.2780223975274365 -0.9493572388121777 -0.1463706923807283
v 106.9430289785205446 -19.8550894992175095 30.2345524335197879
vn -0.0152217410806735 -0.8495031365418289 -0.5273639346827463
v 103.1898016121296564 -19.8453123974285575 28.5721770314923909
vn -0.2635788851572505 -0.8959184043413820 0.3575701106939074
v 105.7663015452937145 -19.8796357195127378 30.2657505375593061
vn 0.9206349599962469 -0.3656163493522868 -0.1369523841304533
v 107.4291108509926573 -19.6847290700105155 31.4279063142253854
vn 0.3141451315417880 -0.8072959146984053 -0.4995859710198611
v 105.8509191592071801 -19.8286287956288874 29.0596773528942443
vn 0.1628911436358665 -0.3435706712584974 -0.9248922473326203
v 104.5652678084795184 -19.6751288447323027 28.5397457776748062
vn -0.3787265121584402 -0.8316252920644468 -0.4061595777364192
v 101.4946068011046378 -19.8399827051275466 29.4211450575600537
vn -0.5194986173233326 -0.8532870890144613 -0.0449703271099139
v 100.4516956824089959 -19.8408843380925823 31.4443922895726153
vn -0.9064394414083977 -0.3497037968534141 0.2368011687588091
v 100.5412915581896556 -19.6751900864093052 32.9071012538679497
vn -0.3516005317045309 -0.3220773417855969 0.8790012810078349
v 102.6125017797001675 -19.7024868183997128 35.3217684116781001
vn 0.0821838554569601 -0.3011312984763081 0.9500346072539684
v 104.5385029013642253 -19.6770758968893738 35.4682334901934766
vn 0.5108691243240698 -0.7055299964901626 0.4911620525498171
v 106.3483439666279935 -19.8296136209499920 34.5136135186205522
vn 0.8053986898232279 -0.3602555956230420 0.4706897664633417
v 106.8924111923428057 -19.6750623932227136 33.8811954838895062
vn 0.9292152315695008 -0.2743269347944325 0.2475960142359528
v 107.3287858341447389 -19.6751452232844883 32.9416653181590036
vn -0.5653726425604292 -0.5535109762213215 0.6115385304678330
v 101.4490531272227969 -18.3750002416841305 34.5144323095610801
vn -0.6788671497510105 -0.7126166381242971 0.1769658725782000
v 100.5017191190653989 -18.3758645253325277 32.9390101109535536
vn -0.6453444447683638 -0.7173414094560293 -0.2625868425611796
v 100.6068320213345118 -18.3748073522053090 30.7550874536210728
vn -0.3691998081103669 -0.8337091860378996 -0.4106342591738922
v 101.6139669580653475 -18.3750001018772906 29.3497492759255607
vn -0.2183508133596832 -0.7202314076155591 -0.6584752400730608
v 102.9877829680612820 -18.3749995561710477 28.5934578567955704
vn 0.2035418027713752 -0.6085536339547288 -0.7669636295973054
v 105.1309793955320799 -18.3746915645366364 28.6154484292414288
vn 0.5896287678928532 -0.7086548832653700 -0.3874869965525305
v 106.9008281453229898 -18.3749995599961764 30.0882614480101296
vn 0.8336555120659904 -0.5521949738472774 0.0099598222773215
v 107.5005903087287891 -18.3749019334093155 31.9507909021391043
vn 0.6054046701833972 -0.7027719672715518 0.3736264810441107
v 106.9851064149121100 -18.3749999324484463 33.7508425031112225
vn 0.3249804135030190 -0.7137966383496374 0.6203886603736112
v 105.6836593870403220 -18.3744002748498545 35.1169150053946453
vn -0.0897699091916525 -0.8033273116929048 0.5887330411077445
v 103.1556660637732676 -18.3758127355183944 35.4921796884530139
vn -0.3788110340368301 -0.7341749435757722 0.5634619354645524
v 99.1437388492016254 -18.3478984521023278 38.4120569955295608
vn -0.3016018058996677 -0.9421883221503037 0.1460051926530520
v 96.8168113978886140 -18.3750195379131149 35.3100170418692230
vn -0.0998863511687164 -0.9464248012282696 0.3070876299531298
v 101.4782790484309203 -18.3754197075784091 39.5531236782658127
vn -0.3962594930884040 -0.9180874252297055 0.0096898798966256
v 96.0524200457494999 -18.3751061072746964 32.1587051845843988
vn -0.3286923860894524 -0.8707391497683236 0.3657521679875038
v 100.2409645993161291 -18.3628661626726100 35.4732161137320006
vn 0.2570315692061800 -0.8183254549793189 0.5140799764280842
v 107.1637241396614257 -18.3525432708825456 39.3351854521747129
vn -0.2672603641294791 -0.9628082276294934 0.0396511610716761
v 98.9188365420188376 -18.3776529369603807 31.7285473290121800
vn 0.0891401918263284 -0.8926706396025011 0.4418066945993766
v 103.8886396295781367 -18.3756108813184547 36.9475793786504454
vn 0.0517495126327974 -0.8078538552076457 -0.5871065802462209
v 99.5004933224317938 -18.3557415182549057 28.6578883859824884
vn 0.5580588492457523 -0.7516166137274859 0.3516287626849290
v 110.7626923411396831 -18.3566221375542824 36.1820861095526851
vn -0.4945141604528902 -0.7225622214136473 -0.4830730599995704
v 97.9750581121799939 -18.3561173374260527 26.6834478260823431
vn -0.1281529613305659 -0.9626118460190026 -0.2386529958037282
v 100.2637828252350971 -18.3750063159635850 25.0862367685765797
vn 0.6647764262837276 -0.7215079902056429 0.1936453540027476
v 111.4698810438888330 -18.3622275367508436 34.6216925387279488
vn 0.4373384936603341 -0.8989841669811437 -0.0237172823090899
v 109.0276175356947874 -18.3683155900291091 32.1521596216541354
vn -0.0560880830243575 -0.9194612780792609 -0.3891594596762423
v 102.8399900439931969 -18.3750423484335279 24.2264386063880082
vn -0.0325122096794504 -0.9832667814766858 -0.1792467368356783
v 107.9205169599592296 -18.3739011760145026 28.7553367696212980
vn 0.4385448639886143 -0.8952342622801471 -0.0789557971837956
v 107.3831332217585839 -18.3690673943206058 28.0921100431232880
vn 0.3440296031072492 -0.9389568289121778 0.0019250000145339
v 111.7429165704522660 -18.3750094724960427 32.4130686541183195
vn 0.3596460139507075 -0.9255500479550546 -0.1183716747358236
v 111.3385571822369542 -18.3759108583033814 29.2908482881983154
vn 0.1076673909883467 -0.9401565622115025 -0.3232852787375444
v 105.9623532425935082 -18.3757814118540530 24.3850337594756503
vn 0.7391922965427687 -0.1055614660649900 0.6651702982049315
v 98.9226674013014673 -17.4210314675658857 35.6918473904241367
vn -0.2415731260370454 -0.0627804397379904 -0.9683496481968661
v 99.9639238448992131 -17.8327214156768932 37.1115810628137481
vn -0.9937426757211003 0.0445277187420423 -0.1024342555705739
v 100.6199062645880105 -17.8333693749770532 36.3318701307869603
vn 0.8355813373521506 -0.0069920761052394 -0.5493222547289798
v 98.9892099822860132 -17.6485181380746639 36.7918824083248737
vn 0.3312174117580683 -0.7690476081902290 -0.5466816280845500
v 99.1012690195825314 -18.3314826472432841 37.0546665596185321
vn 0.5571809875190716 -0.0367283032641400 0.8295784344392093
v 99.0400428393057410 -16.2110843984376984 35.5437470959684489
vn -0.4863074781528259 0.8576354735757197 -0.1672316691215811
v 100.5434352618694049 -15.8952278294554503 36.4768282373104782
vn -0.2966564290443825 0.7962384811937083 0.5272563363042421
v 100.3428806592802260 -15.8782180421288235 35.6506292847021768
vn 0.0961177142955788 0.7250957835435100 -0.6819072441952914
v 99.7263181464122823 -15.8972165404300405 37.1174394945178747
vn -0.9638637662054395 -0.1560881956783655 -0.2158775471561095
v 100.6046138231166793 -17.0237009314646244 36.5985376813764063
vn -0.9298867157262237 -0.0371979277363704 0.3659603941521775
v 98.8402753260665321 -17.8579854491764749 31.8087014502613741
vn 0.5597828383194354 -0.7933781718595719 0.2391531942914423
v 97.0159442283088964 -18.3737099577418839 31.8027093005397141
vn 0.1364772244013733 0.1196491743672574 0.9833910932548305
v 97.7908824958869758 -17.9977073534340555 31.0890730196267491
vn -0.8423397617037440 -0.0130826155994904 -0.5387880576088854
v 98.6422599464987684 -17.2277156766943378 32.4497414721346047
vn 0.2357592963306878 -0.8501253565173571 -0.4708550014599988
v 97.4821269728377189 -18.3437554155400520 32.8933606156982918
vn 0.9588691436171460 0.0337871647535058 -0.2818304329146176
v 97.0423598862664960 -16.5608567414438177 32.2615614934014729
vn -0.8909200360174717 0.0942317584149273 0.4442767888700215
v 98.7600889286601671 -16.5922213039387465 31.5506249156572451
vn -0.4688900978215498 0.6944036071470685 -0.5458440313368256
v 98.5225435784105628 -15.9106383081445149 32.7005664970036491
vn 0.8863097474068029 -0.0167696643178766 0.4627891636699751
v 97.1371866769224539 -17.1361399376389727 31.5142331446647539
vn 0.4808675665518106 -0.0108196516054290 0.8767264787707038
v 97.3729101973402607 -16.5385608098826893 31.2084964483528182
vn 0.7944386972766799 -0.0642618997465868 0.6039350664684834
v 98.9297776611614381 -17.7073891389377280 27.2505279091680421
vn 0.4787080637440788 0.1862168042532167 0.8579987712812380
v 99.2988465282475943 -17.9869425425729013 26.9264946922366306
vn 0.5372004398635393 -0.8356200616760079 0.1146943762135035
v 98.8081200008187466 -18.3773676931527916 27.8404096619686570
vn -0.1777768375975477 -0.7002148026713738 0.6914438705590672
v 100.0749730918119269 -18.3699550721539140 26.9762054633923789
vn -0.5564140869909000 0.1185630571155454 -0.8224026783063750
v 100.1550097309487342 -17.5535352847197892 28.5598246524313630
vn -0.7597105184801961 0.0786551670822435 0.6454868649336064
v 100.4423372483355763 -17.2260485354392401 27.2117280686885827
vn 0.7828090907999701 0.0874378932012938 -0.6160880961302883
v 99.0042785785572903 -17.4580557894328550 28.3955679769834468
vn -0.4101777067366807 -0.9118462878903201 0.0170468811481957
v 100.6852351347739756 -18.3718419632813408 27.7834124202091850
vn 0.9733886549548713 0.0942032692701966 -0.2089025381941383
v 98.7407772055768049 -18.0567579202453423 27.7359844556840436
vn -0.4435528361430486 -0.0927061614958124 0.8914406593655969
v 100.1397791089277405 -16.6157166590748346 26.9538130584641671
vn 0.4438936623524301 0.8899486021157095 0.1046417799716807
v 98.8377579001169266 -15.9228441876650191 27.4955290677293043
vn 0.3445339017625848 0.0148959154888987 0.9386556888646642
v 99.2452834199970653 -16.8753232418469068 26.9853601403691350
vn 0.1260945604756326 -0.1570816516566166 -0.9795026883736903
v 99.6265752041518340 -16.9412074900369127 28.6658649204512237
vn 0.0616868065697837 0.7736991264183154 0.6305429403892789
v 99.6226456015533302 -15.8821609300787188 26.8606658433264656
vn -0.9191483456971831 -0.1270771058308306 -0.3728508116871835
v 100.5773509775558097 -16.7616069296835200 27.9641384834936311
vn -0.0697361109397170 0.0544482828740456 0.9960784403464776
v 104.0876398830393725 -17.8046002877440053 25.0447667689160980
vn -0.3942276200112456 0.0975502856424819 -0.9138208387815082
v 104.2607979377419696 -17.6467209604900717 26.9138282969770835
vn -0.3674701932018923 -0.8722064134640546 0.3228337488868453
v 104.5595171751381969 -18.3689182620921976 25.3636233839417464
vn 0.5323429286609309 -0.0171438289249566 -0.8463551827894095
v 103.5865950581805635 -16.7461045933066188 26.8282335079115306
vn 0.6379871323814134 0.2341860279368094 0.7335729842591813
v 103.3145617121575413 -17.4941683450647005 25.3463501659934707
vn -0.7428792896387133 -0.1296069422623463 0.6567590132942870
v 104.5665499270558598 -16.7003573436158987 25.3503377228854738
vn 0.3693056646381112 -0.0889386383579017 0.9250422934510861
v 103.4678284852048193 -16.7007695537926324 25.2111456430133032
vn 0.9262762265619912 -0.0581031712836166 0.3723390573024347
v 103.0860583871622964 -16.2843823176232689 25.7757920450122064
vn -0.9988482509074825 0.0332732472696050 -0.0345696785521401
v 104.8332614995920551 -17.2351446624063698 26.1665370372036890
vn -0.3869868712997566 -0.1375324375398499 0.9117707990860274
v 104.3075590044600887 -16.3097317258191232 25.2062190066256449
vn -0.4982161793047417 -0.0216215220956741 0.8667832188392042
v 104.4310849636344329 -17.2925296398285013 25.2278126495198052
vn 0.6334680122328847 0.7596936988394174 -0.1469141294137582
v 103.0477836753570386 -15.8809974245848586 26.1681140156336056
vn 0.9985338880286092 -0.0141932471234070 0.0522362536421094
v 102.9876934788763947 -17.1089061803610285 25.9929994216381139
vn 0.4266535595517797 0.2957603098098908 0.8546885861312021
v 107.9258067308592786 -18.0574306461900242 26.9285318321185763
vn 0.3424878635277638 0.6459865805554001 0.6822048087477319
v 107.6058866159297054 -15.8910582589742226 27.0449115563621518
vn 0.3144183595175515 0.0021815555132800 0.9492820107922799
v 107.9858422083198377 -17.5700474633069668 26.8021450218149475
vn 0.6213818726408057 0.7429276349134262 -0.2488837030328591
v 107.3257568693311015 -15.8971896923710450 27.9944509620849225
vn -0.5937661779933796 -0.1190174647410530 -0.7957867609842140
v 108.7010845281534728 -17.1793776737889168 28.5140230212670751
vn -0.8637191038268595 -0.2220533828044439 0.4524175116743711
v 109.0318372655623875 -16.4341882180940502 27.3648547740420263
vn -0.6882513201814298 -0.0022519497967585 -0.7254688477051457
v 108.7443283377318295 -16.4925464353965481 28.4886343857474564
vn -0.9786616814708464 0.0032828678092379 -0.2054520284631003
v 109.0507481458300418 -17.3883597727081742 27.8847250096881503
vn 0.4282728543587142 -0.0168179885892154 -0.9034929537518557
v 107.8061293045695379 -16.8485687275297238 28.5428299981592879
vn 0.9953470712401153 0.0792505238675906 0.0548047647603478
v 107.2611653706356947 -17.9077079705910833 27.6407610335930194
vn -0.6190414954777030 -0.0224902784181710 -0.7850361865884922
v 108.7433519545970029 -18.0784573134275419 28.5359704130904639
vn 0.2695983221905946 0.0932108255146898 -0.9584510872647005
v 107.7518572930308665 -17.8309925769154454 28.6073603312468734
vn 0.0060335044088565 0.2136543943281150 -0.9768906779209404
v 109.8472553637690510 -18.1202719806864891 32.9425113257936104
vn -0.2977700288245523 -0.9383382980871634 -0.1756537738755169
v 110.7093062940841151 -18.3666956495477471 32.6100239276857522
vn 0.9189621783088396 0.0208336016025884 -0.3937949668065055
v 109.0362785359143061 -17.6417092133574407 32.2155977421207922
vn -0.9062263832226721 0.0126724714903272 -0.4226028286908189
v 110.8374913312317744 -17.5285274575386474 32.3900450955698176
vn -0.9658984378511374 -0.0428321244652408 -0.2553539051405452
v 110.7983015843024361 -16.5356319092248896 32.2251810988261553
vn 0.0493843784006050 -0.2182744383412735 -0.9746370877084390
v 109.8495786038841402 -16.2232899383489162 32.9721039739542761
vn 0.1663231852148851 -0.0274672881257211 -0.9856886659300662
v 109.7276656492505253 -17.4823737588062826 32.9495111385799930
vn -0.6704647612972667 0.7385815964676422 0.0705282157572976
v 110.7849071795766207 -15.8829481669896921 31.6348238947954670
vn -0.3850430946228023 0.0692474151899742 -0.9202970231250359
v 108.4247232612028853 -18.1958954948858924 37.1708461921854507
vn 0.1907460215081996 -0.9223876236320031 -0.3358824601691784
v 107.6524548688214935 -18.3709573306702332 37.0939914299583293
vn -0.9892863034898158 0.1200064852144525 -0.0831327446553365
v 109.0631964244709877 -18.1067920679533820 36.4195428743077088
vn 0.3615090345383675 0.1259396512477785 0.9238238047326586
v 107.8872170353856887 -16.4674384898077264 35.4520123996877032
vn 0.5532339087882632 0.5871655389174832 0.5909051295043910
v 107.5728945112806514 -15.8875743547345927 35.5104369256445054
vn -0.7766226270672297 -0.0725368413506130 -0.6257760795796452
v 108.9919791263989879 -17.0758389061287517 36.8059203036166451
vn 0.9993674796899656 -0.0203968314822078 0.0291309080464796
v 107.2562967722132896 -16.2995312263908261 36.0534096124047352
vn 0.2461003498107958 0.0544556708011606 0.9677133861534620
v 107.8692890965178464 -17.6627095792622804 35.3987721462139575
vn -0.6412296145614670 -0.0739447760826609 -0.7637779464605126
v 108.8528790061346854 -17.6425129011883968 36.8817384286926284
vn -0.7486760340228181 -0.0774927469551323 0.6583912744327736
v 108.7795396991841983 -16.5372210282472594 35.5947677958760522
vn 0.1692448183155822 -0.2343373216083958 -0.9573098825222316
v 108.1618474904665703 -16.2873329071717734 37.1639328985759718
vn -0.8037117170435529 -0.0178452205899341 0.5947512286569910
v 108.9060803355468607 -17.2311711999307811 35.6472842044829861
vn -0.3332285519040241 0.8708066472161223 0.3614616374667758
v 108.8289665341744410 -15.8815491728529388 35.4895087022990694
vn 0.9892121743823378 -0.1197626304883067 0.0843574916192307
v 107.1972475494840182 -16.5177794899118844 36.3478792870268421
vn 0.5120801507174136 0.0661997021302606 -0.8563828108264993
v 107.6604288150082169 -17.4911814844662636 37.0566398171987998
vn -0.8491458227016604 0.0599966096984582 -0.5247397246378541
v 108.8719532376499757 -16.5821973690907143 36.8173142282179597
vn 0.7769479187711996 -0.5206636749023222 0.3539226881033626
v 107.3884523095629504 -18.3489322172338802 35.7862709839015807
vn 0.9147289595750993 -0.1414115849988135 0.3785151174560666
v 103.0027431340999584 -17.8619137201797749 37.8338597866839947
vn -0.9577013913985524 0.1281655855647827 0.2576463226791969
v 104.7427558396683196 -18.0942252220561421 37.6666494567907151
vn 0.5465517168507773 -0.5670642515127701 -0.6162137254749601
v 103.2003892861940244 -18.3409261773086989 38.5806442358039803
vn -0.4656495547625884 0.0307198316240471 -0.8844358564047441
v 104.2559532615635050 -17.9303617452718171 38.8413869797320856
vn 0.0153047506056871 0.9186296469041780 0.3948231711001812
v 104.2525595048310407 -15.8818793923370833 37.0941032800248536
vn -0.3921469546947017 0.1861552798024905 -0.9008701225622525
v 104.1569548202127180 -16.8915104674922176 38.9029213759294450
vn -0.4147451455926463 0.0180974495262258 -0.9097576306511423
v 104.2666716021613098 -16.4928736702915657 38.8429697060977261
vn -0.9917380331746040 0.0819023476006998 0.0987303348138868
v 104.8798766352817324 -16.7168435677374490 37.8861098297889995
vn 0.8317261574639792 0.1257313275240451 0.5407617148700945
v 103.1528977846338933 -16.8114855578402000 37.5067711086765527
vn 0.1046631141814495 -0.0494957168861740 0.9932752924238901
v 103.9000441826321719 -17.3059537032172983 37.0794613768691264
vn -0.6384051348825101 0.7669735645706899 -0.0647335693853964
v 104.8049992891029945 -15.8919493525129312 38.2302945923796145
vn 0.5366898910388248 0.8428117077773265 -0.0404027980491561
v 103.0635484376846307 -15.8936954176962892 38.1942241520476742
vn -0.7986624681565923 -0.3858005587937659 -0.4618400056214687
v 104.7415603209878157 -17.5568862154859282 38.3481121683820305
vn -0.4106241909722479 -0.0427469646431272 0.9108021029851578
v 104.1917285723971247 -16.4499778984614338 37.1147413214761173
vn -0.6897021266864356 -0.6080640435357141 -0.3931527634434295
v 106.0793441064550109 -19.7715591639413972 32.2795129706322754
vn -0.9670980010922584 -0.2320072219165226 0.1043748305959619
v 106.0197171340122537 -19.5409836708641507 31.7297992677994571
vn -0.5562046190766127 -0.8295860942028772 0.0492273706697309
v 106.3893793513272215 -19.8875181983594480 31.3692592088457261
vn -0.6570332268151925 -0.4500224958448449 0.6048033499364833
v 106.0081744893731468 -19.8441740497355887 31.1435365677519265
vn -0.8208334403021117 -0.5469052635116638 0.1647030540853362
v 105.7033030591425984 -19.7728673918551117 30.7365760984954690
vn -0.6170231975273865 -0.2353135300291393 0.7509393559391497
v 105.2741668088815032 -19.5295868640093566 30.3845040801836532
vn -0.1283985446908549 -0.2818016561068590 0.9508425949318332
v 104.8350715109033899 -19.5345248977364747 30.1010712977752455
vn 0.0668912529427094 -0.7284692080812142 0.6818050844319682
v 104.1218132516141424 -19.8764302068393661 29.4952873123501007
vn -0.1920974242857756 -0.2358361867216201 0.9526173799670967
v 104.3263608971390255 -19.5293985940148325 29.9372785522717599
vn -0.1264508035775431 -0.6526612549400890 0.7470230790106969
v 103.8008354518253071 -19.7679628720661853 29.8566350940562195
vn 0.3033854888350501 -0.2292949627656148 0.9248681339599895
v 103.2835093742390882 -19.5287330648901865 30.0048677706452658
vn 0.2153206272890054 -0.9065982022777516 0.3629279916052472
v 103.4587592384159933 -19.8816439094147839 29.5291976722990412
vn 0.5170539954461443 -0.2272969008646991 0.8252219608387078
v 102.8123354713407167 -19.5176620223715886 30.2323526692146487
vn 0.6916358920773058 -0.2372900263113639 0.6821533817284654
v 102.4052535373514985 -19.5296147099499287 30.5631325604491018
vn 0.6603948272431864 -0.2704161214245239 0.7005382169619009
v 102.0785670709453967 -19.5411656534787284 30.9958080200399380
vn 0.4129831460464421 -0.8968347727803669 0.1585317362977217
v 101.5936247511991297 -19.8795023860606328 31.0750613856119742
vn 0.9392122563739477 -0.2264488457114982 0.2580721948464961
v 101.9004875159120758 -19.5222688588499373 31.4823527154109755
vn 0.9735113946664956 -0.2283486897968173 -0.0115082719194259
v 101.8359594142387721 -19.5266250968347244 31.9999880638485550
vn 0.6781207420851698 -0.7287140680204383 0.0955409138692060
v 101.4400036882492486 -19.8813015361031482 31.6840658894178198
vn 0.9442372620380896 -0.2263163659688032 -0.2391587244352314
v 101.8979457054260536 -19.5292553396021447 32.5351681806178306
vn 0.8517731944282296 -0.2236565285678738 -0.4737722896946350
v 102.0897215954512944 -19.5318589060855388 33.0081066151511351
vn 0.7023209558236387 -0.2349077840794872 -0.6719848272020996
v 102.4060670251573555 -19.5289345579175269 33.4373782820422676
vn 0.1686542308608120 -0.4462922814557938 -0.8788509258831844
v 102.7654467441364403 -19.7826032637101150 33.8764425661055384
vn 0.3454920584821403 -0.8831803766068365 -0.3172186310770220
v 102.3292370771998065 -19.8792437970172493 33.9394969315397645
vn 0.0215514473193825 -0.8247473615413558 -0.5650905456199139
v 103.4633430248224073 -19.8800707048382179 34.4716856497362159
vn 0.5410157683742929 -0.5617954669079008 -0.6258496558536302
v 103.2371114963906109 -19.8317237873616854 34.0721282522964870
vn 0.0650136189658844 -0.2285369351094216 -0.9713619812612345
v 103.8001033214600142 -19.5265765826261273 34.0947186709357837
vn -0.1883568690232159 -0.2313123545709843 -0.9544717306000207
v 104.3298479200334867 -19.5293155793665321 34.0610475244669360
vn -0.1803222984095797 -0.8358760131380224 -0.5184545875549479
v 104.7146450512507556 -19.8815596962557031 34.3928402915543145
vn -0.3966672688189901 -0.2313322457734257 -0.8883357866894175
v 104.8288090742302643 -19.5259936709112303 33.8998060637980885
vn -0.6348811411426393 -0.2326705107700403 -0.7367430827903499
v 105.2696824902599815 -19.5174026305014188 33.6129582361642960
vn -0.7752646612001585 -0.2316800673397070 -0.5876130116766242
v 105.6329224551215731 -19.5261444513475624 33.2340377672489851
vn 0.4889954679076330 0.5717292034343546 -0.6587937084597222
v 104.8225499957816567 -34.1749992441102677 37.1493872592877565
vn -0.0094446717907341 0.8125058758889775 -0.5828764876203628
v 104.0165270850102672 -34.1745431555699497 36.8706247465583843
vn 0.6579457324414287 0.7361878730007579 -0.1585396758188048
v 105.5878943128212484 -34.1727813915558158 38.1988934760101913
vn 0.5733270137354244 0.7282456159528675 0.3754390205701175
v 105.2275870194740719 -34.1749992441675303 39.4961400727226177
vn -0.4420917002308313 0.7282457546122806 -0.5236535586398731
v 102.8441442263607399 -34.1738202053539197 37.2643227785014517
vn -0.8130274176478910 0.5687676621075793 -0.1244578832114720
v 102.3278898603867759 -34.1749992113395535 38.2578170441088403
vn 0.0720174433188691 0.7355937919493891 0.6735838931442261
v 104.1252714729540543 -34.1757293399774866 40.1807743116043596
vn -0.3992074235563777 0.9016264589698368 0.1664426671950191
v 102.4341490122119893 -34.1747666524465785 39.1233635781590650
vn -0.5337613741475163 0.5695605735869771 0.6250596359415866
v 102.9761950075748871 -34.1749992441393644 39.8104865940327883
vn 0.2083236705521570 -0.7238545442480695 -0.6577505963958497
v 104.4076867548532448 -38.1756670272408130 36.9264134360881400
vn 0.5599769997186389 -0.7198341643768497 -0.4102006040731702
v 105.2368350279547258 -38.1749992367755411 37.5477866329533541
vn 0.8068782783894847 -0.5806158463972572 0.1087781355586585
v 105.6037829959282988 -38.1757990792845234 38.5877880525681505
vn 0.4486172462122604 -0.7234419977786003 0.5247611287538702
v 105.0777542632441168 -38.1749992367359567 39.6529864079687897
vn 0.0479584792599613 -0.8511195156492465 0.5227767729615234
v 104.0972426916516724 -38.1753842026838939 40.1420795041978593
vn -0.3889291334633312 -0.5717923481577377 0.7223486967744337
v 102.9977288892366261 -38.1749992367243607 39.8259686260339123
vn -0.7354555849704973 -0.6251687030173473 0.2612837065400586
v 102.3695130795296961 -38.1758187914319294 39.0361572503340568
vn -0.6049021298014398 -0.7286861239523694 -0.3211073747532968
v 102.5089710142645743 -38.1756091350524187 37.6718931979737377
vn -0.2859383295168287 -0.5714461837869129 -0.7692129293950404
v 103.3409975012370694 -38.1749992491503889 36.9874089404315143
vn -0.2928168433757461 -0.7442044354287271 0.6003482776886041
v 104.3322541094098739 -38.1755297685344033 37.7677885622428207
vn -0.6482048368681125 -0.7563683179033587 -0.0879628167626956
v 104.7728471402775341 -38.1749604367175905 38.5853853787652810
vn -0.1759396311870736 -0.8652303210747768 -0.4694909345989495
v 104.1894142370634597 -38.1748588594066547 39.2933722426989078
vn 0.3868941410082752 -0.8333484831935759 0.3947698433422127
v 103.3839129507788357 -38.1748645837269649 37.8559737661061604
vn 0.2383077182415364 -0.8191520566113764 -0.5217272655093509
v 103.4593601127923108 -38.1749992357915318 39.1727612426963958
vn 0.6538171259479764 -0.7333059714192035 -0.1865087614512147
v 103.1361364358424169 -38.1750094135773494 38.7138222786747832
vn 0.7871240030720908 -0.6036348999428316 0.1267308619033840
v 103.0935263132506776 -33.1744190820520615 38.4838668792568939
vn 0.1535922526580503 -0.6163398309815687 0.7723565450418848
v 103.7375276471021408 -33.1753195210606506 37.6476303401879164
vn -0.6442043454964145 -0.5846516642183708 0.4931360793637246
v 104.5651878880229617 -33.1749992473878521 37.9886769537952631
vn -0.8577118306447103 -0.4927048526640723 -0.1468752659006089
v 104.7491956442252103 -33.1735317523108080 38.5877090968307570
vn -0.2330382617284263 -0.7590968115304644 -0.6078364905917347
v 104.2167550903001967 -33.1750595191156563 39.3063977634516561
vn 0.6402771085737434 -0.3443016045254461 -0.6866597624425435
v 103.4483320158166606 -33.1749992276179313 39.1648334679670711
vn -0.5761891523552140 0.5814919480181601 0.5743458671377599
v 103.2420785737363360 -31.1749992414435475 39.2718440578891901
vn -0.0528744885464869 0.5766621466600450 0.8152699289624119
v 103.9769652106590314 -31.1749992415570816 39.5138617636490324
vn 0.5127990415392463 0.5794846506821787 0.6334308822753939
v 104.6052990496104798 -31.1749992423297577 39.2726255534023139
vn 0.9355055941848337 0.3487299776428220 0.0567158350209009
v 104.9856108714408549 -31.1743301642727744 38.4544738627356182
vn 0.3306191508221483 0.8098379320012058 -0.4846168600055635
v 104.4968150812731125 -31.1749992410000587 37.6452000053292437
vn -0.5484220321836523 0.2867430843069447 -0.7855009091132189
v 103.3709779803148052 -31.1760661881618013 37.5763538742239049
vn -0.8073670139996105 0.5871669079974499 0.0582539857697905
v 102.9147033563106959 -31.1749992417212418 38.5170641942022129
vn 0.5625007136835732 0.6731284922543574 0.4800947615011500
v 104.5999641859086324 -35.1278136668358343 39.3171790587149914
vn -0.5980335360076849 0.3945128410868401 0.6976499896278467
v 103.3425352814442135 -35.1874590791943334 39.3360159474344968
vn -0.9541796786867063 -0.1876213405287778 -0.2331080722744673
v 102.9207709230087460 -35.3043105835969655 38.3348126454634794
vn -0.8397611208199657 0.0297158978520034 0.5421422556617814
v 103.1028235976690581 -35.6633662507612001 38.9692799260450968
vn 0.9718180435707716 -0.0685661233820341 0.2255401891340822
v 104.9716083789387966 -35.9200639920492222 38.8602672635952828
vn 0.0379141869630853 -0.1420345375314312 0.9891353317798129
v 103.9464173933347695 -36.2323344135984229 39.5495797762997938
vn -0.8074242507195483 0.0734922733702236 -0.5853759177698145
v 103.0857257549652246 -36.5373964186088998 37.8624871452503200
vn 0.9724217843090347 0.1292487396109340 0.1941407651942741
v 104.9620892654816657 -36.8127095652667791 38.5134954611796019
vn 0.0188805623322694 0.1523948502740586 0.9881393292324543
v 103.9859804854041982 -37.1788493827609301 39.5191681911936072
vn 0.9747965857803031 0.0002354178834549 0.2230954076835381
v 104.8908966453112157 -37.1548024760987943 38.9057698938977268
vn -0.3180209944576098 0.1017779355567282 0.9426048477055502
v 103.6805336469210488 -37.5405677355736529 39.4714284695574023
vn -0.2534469320378061 -0.0854070140829026 -0.9635716343822428
v 103.8547955247436221 -37.3604109996541567 37.4724889346273073
vn 0.8005715521201515 0.0202685496539615 -0.5988942943715997
v 104.5851784439024357 -37.7483460583421433 37.7451861356049321
vn -0.9826182955860415 0.0382171760358930 0.1816610377472957
v 103.0184447603974291 -37.7616070171172566 38.7293393262133705
vn 0.6674852130262506 0.0336794177979715 0.7438609999241059
v 104.7334349920493821 -38.0156141119464337 39.2370368316869644
vn -0.3860775979768640 -0.0982017542690394 -0.9172243475829118
v 103.4891629805496081 -38.4867403488745126 37.6500529677429654
vn 0.9532140917347305 -0.1888762301914743 0.2360268310743297
v 104.9643624195309428 -38.3921978231200214 38.7160390642042742
vn -0.4529588546885756 0.6110005820110351 0.6492353692932866
v 103.4558038832967668 -38.9061360833347223 39.3816691378533505
vn -0.9629878002034878 -0.1152261212929506 -0.2436748604822206
v 103.0041866810171598 -38.6149746882934934 38.2259377661908744
vn -0.4012376658903397 0.9159043889745110 -0.0112909578025968
v 102.8500705780697615 -39.0655673379038291 38.6598312832262323
vn 0.5572957090847727 0.6884611562987057 -0.4641580861124253
v 104.7213876063503903 -35.1229910047882754 37.7449371785480565
vn -0.4761290098776416 0.8625969182943789 -0.1709611724982520
v 102.9637493932887082 -35.0818538512655920 38.2345551044654997
vn -0.1666697355036313 0.0006091370169190 -0.9860125902944871
v 103.7699644685832681 -35.3178502020911367 37.4683553556645634
vn 0.1287089540397930 -0.0957269522638943 -0.9870513440344675
v 103.9285200175489194 -35.7838736880066293 37.5167960304029506
vn -0.8738516975059486 0.0877490301695774 -0.4782084466739071
v 102.9826981273407540 -35.8643445016466984 38.0536108923447358
vn -0.8921519302764298 0.0878583534422003 0.4431092901694406
v 103.1440075016693214 -36.3494368217979797 39.0272400335870415
vn 0.2798962140406082 0.0660970433923186 0.9577522071081477
v 104.2290741486883832 -35.5317648706023022 39.4963174783838085
vn 0.9180847466845389 -0.1934597242592633 -0.3459678207503064
v 104.7883592958332741 -35.6352554431298856 38.1536846894060346
vn -0.5616936825206039 0.0958636443087781 -0.8217726989358328
v 103.1834973978680949 -36.8917613039006156 37.7533290805832706
vn -0.8778484800089312 -0.0625958479994949 0.4748302917456229
v 103.1247035486371715 -36.8959130053348048 39.1267233655498927
vn 0.0118280070454554 -0.0229366816924437 0.9996669479793119
v 103.6446561363101466 -36.7102362623304757 39.4119301605261967
vn 0.9989423522392780 -0.0140393200746715 0.0437844081209193
v 104.9771019715296774 -36.2535933277405391 38.6888496504112709
vn 0.5077371666704095 -0.1640883581531977 -0.8457410834883763
v 104.7391140697288137 -36.5650134538727585 37.8781588636839217
vn 0.5237053695983581 0.2410841197593207 -0.8170747414121432
v 104.2819858027637991 -37.1050848268112716 37.5364736935341696
vn -0.0758205388795445 0.0492080198805104 -0.9959065300837499
v 103.8738503946125462 -36.2622991039980320 37.4975414845937394
vn -0.5287758398031703 -0.0280335363127419 -0.8482984333842978
v 103.4394773028271004 -37.8288946877276260 37.6305526758999989
vn -0.4199142694345657 -0.0602387807784365 0.9055624195026880
v 103.2428586393994294 -38.3002851817780936 39.3382319721812266
vn 0.6140051268964546 -0.0818226310014930 0.7850495278648745
v 104.5040959617876979 -38.7747601250563179 39.3242983657049692
vn 0.5660048450751154 0.0059127139400738 -0.8243807100880983
v 104.4304176733826495 -38.4484755709792481 37.6461359817543411
vn -0.9968583457190699 -0.0201905257425152 0.0765883884180886
v 102.9133377705527579 -37.3730648203316775 38.5288382597532504
vn 0.7018089057033162 -0.0210640707462775 0.7120537653851073
v 104.5373338955385094 -37.6545885026018823 39.2491770558983575
vn 0.4636474179657187 0.6981787412093597 -0.5455066609465331
v 105.0912746238926587 -39.0750008483671891 37.1338217748704622
vn -0.1173909374918249 0.5612222585470179 -0.8192978361415185
v 103.6632446505981591 -39.0749990045707847 36.7037378254595623
vn -0.0923914281763450 0.7125828033442975 -0.6954779452847644
v 104.1675712117572914 -39.0075071308452834 37.4707918009397218
vn 0.8791141735583109 0.4689180500892037 0.0852885229642718
v 105.7739560102529168 -39.0717318295077121 38.7013199385294726
vn 0.4391432408112869 0.8978856949872323 -0.0308948666780628
v 105.0012797029327061 -39.0109493950734105 38.4978195874704454
vn 0.3694468144992136 0.6772106021743963 0.6363134852876965
v 104.7889443425943625 -39.0750005580169244 40.0619048450427826
vn -0.5774256513146079 0.7234572231678105 -0.3784035721953766
v 102.4246017728297033 -39.0750008455466613 37.5383250731148408
vn -0.7703544164176186 0.5985472793246741 0.2197617517196763
v 102.2039252024673033 -39.0750003320746018 39.0909150452200791
vn -0.3160683032128420 0.6531188572787973 0.6881399465014316
v 103.5143961773494965 -39.0751030324659538 40.2706797944796620
vn 0.7946030834968690 -0.6053235294058352 0.0467906448441439
v 105.7033153423930258 -39.9507594685890481 38.6812679423881676
vn 0.6479539595904908 -0.5331800293446813 0.5439436759068069
v 105.1915736031316584 -40.0955402355657142 39.6487401722244854
vn -0.4709403838804840 -0.4055014440483118 -0.7834435102196177
v 103.0089670075063850 -39.9797677798373314 37.0109042098164593
vn 0.7690647072572887 -0.4417295608764809 -0.4619680412097057
v 105.3507014399487076 -40.1358880338047825 37.5678445441778379
vn 0.2028932900523581 -0.5103036555364493 -0.8357179500273203
v 104.3996951704567238 -40.0297011899314086 36.8194524506309193
vn -0.2763312811683497 -0.9570720624192256 0.0874876584694566
v 102.7956208634538910 -40.3705449506172016 38.6562716868471270
vn -0.6650365817311953 -0.5485545195751266 0.5067684718024489
v 102.4773594800983290 -40.0451146136268576 39.5272066508778721
vn -0.7924435382339292 -0.5757914106214104 -0.2012398821454077
v 102.2435064108462086 -39.9985573922398459 38.0811884380437604
vn 0.0759182489224985 -0.9943301300333948 -0.0744581223797248
v 103.6729495595075150 -40.6365157908358867 39.2529931439064725
vn 0.0318000896239646 -0.5592853793058968 0.8283650275057287
v 103.9602890174262058 -40.0814256174323944 40.2504571589094695
vn -0.1354330614179831 -0.9852017220596524 -0.1050497630918236
v 104.2195443170565170 -40.6679779238348260 39.1386499360852937
vn 0.0120104119937917 -0.9942289887473834 0.1066042585363959
v 103.9336297261503574 -40.0740557733495706 38.5025688805483810
vn -0.0614660031559412 -0.9904564779743429 0.1233608353355878
v 103.1844979921588390 -40.6344628333700726 38.2243553859327463
vn -0.1665626933459266 -0.9424911492706257 -0.2897711212869324
v 103.6535348800494631 -40.4480082640084859 37.3197916761550559
vn 0.2748284229198832 -0.9596300818590279 0.0598284543223793
v 105.0795899947272147 -40.3686223597705478 38.6722180754509850
vn -0.1594259896324422 -0.4064346359402489 -0.8996634040227677
v 103.9393078716655197 -40.0736075692831761 39.5019678564934580
vn 0.1456217244282400 -0.9892882779791675 -0.0101497008605594
v 104.5042271282530209 -40.6815591825787664 38.0709941813231083
vn 0.6107267234342677 0.7422167638331951 -0.2759114799500419
v 105.4091015275676710 -34.1750276029836897 24.6706236352695321
vn 0.0017561972990438 0.6484695623298906 -0.7612385582080868
v 103.9557552860135416 -34.1749529045787241 23.8414728989686502
vn 0.6556943968304648 0.7223345309006378 0.2197673393243145
v 105.4920159087792086 -34.1749992440553498 25.9098169945167704
vn 0.3761339369498730 0.7262840929706752 0.5753561312546799
v 104.9385476134969224 -34.1745349177588622 26.8015489259601658
vn -0.6133248876203586 0.7487651239722438 -0.2513630270113422
v 102.4725925748506228 -34.1748422066085524 24.6613863834268443
vn -0.0567730346914071 0.7195022041104282 0.6921657321856983
v 103.8812866402518864 -34.1749992441128612 27.1154411702063456
vn -0.6013489976712739 0.7313391709355624 0.3217489705578531
v 102.4600659934024947 -34.1746926622009966 26.2290246369430307
vn -0.3418972965452802 0.7193264704057896 0.6047112266103363
v 103.1885797494218622 -34.1749992440550088 26.9271163962423792
vn -0.0013841344574151 -0.7414068767835016 -0.6710543399978405
v 103.9308977510086578 -38.1751210991507008 23.8713910094440358
vn 0.4651219150589997 -0.7414988967692333 -0.4835710808369940
v 105.2731897196051989 -38.1753894034734529 24.4748061171751559
vn 0.8161064110347502 -0.5748797798141151 0.0590217301411414
v 105.5214773257353471 -38.1749992367628792 25.8074375531281603
vn 0.5209490095727696 -0.7231327626268331 0.4535318478793243
v 105.0838412153491674 -38.1749992367172055 26.6590220028935256
vn 0.1092711179852995 -0.7238992931541611 0.6811972079692845
v 104.0811373001707523 -38.1749454821562537 27.1341247960924399
vn -0.4622514426683826 -0.4661319803716414 0.7543504362203357
v 103.0287965387013145 -38.1749992367192306 26.8523480376411392
vn -0.5653115024369113 -0.8192460366291111 0.0962228490537213
v 102.3887481341763248 -38.1760844967621864 26.0278256193913684
vn -0.4680363816805085 -0.7450966923467071 -0.4751556213257022
v 102.5936749576085703 -38.1753109972948579 24.4790005820332475
vn -0.5437846706410925 -0.8336296038944688 0.0967466562032490
v 104.7510768654143192 -38.1744527533733091 25.2533347779395356
vn -0.1022412950112442 -0.8314540002025341 0.5461052674545708
v 104.0631609362611556 -38.1751590790486546 24.6699603298655106
vn 0.6772739907937777 -0.6516337225151679 0.3415749303963842
v 103.1682222401488502 -38.1742784884969595 25.1259966230196454
vn -0.3837420091305443 -0.7425583508236467 -0.5489527903659104
v 104.4479873169648982 -38.1754957912524731 26.1473504244700941
vn 0.6384392501814596 -0.7269321968146643 -0.2529128408403611
v 103.1941765916782572 -38.1749992392931858 25.8121134426957184
vn 0.2627943358820473 -0.8267786072489733 -0.4973693513112382
v 103.5900034463349044 -38.1749905452566836 26.2676414865279320
vn 0.6115520764792050 -0.7457711271916345 0.2642526889196994
v 103.1623484018307266 -33.1753915796778003 25.1979787307876109
vn 0.2376505068778668 -0.5933413920792014 0.7690697166227574
v 103.7472070302126497 -33.1748760542234322 24.7009539690382738
vn -0.6939473188374078 -0.3652941663234348 0.6204814991024631
v 104.6244345550997679 -33.1750894198712061 24.9728393373546780
vn -0.4965642581334986 -0.8323904523909328 -0.2460692429230976
v 104.6426968954619383 -33.1748499650293027 25.9239642724659589
vn 0.0209952718068309 -0.3600212860764957 -0.9327078171290211
v 103.8138804802780299 -33.1737972764020057 26.3467036894232542
vn 0.8048022333958044 -0.4762303695190422 -0.3542569692594372
v 103.1934780338385735 -33.1749992389470094 25.8124127356746946
vn -0.4870153107295161 0.5131238767472701 0.7067672702006548
v 103.3272289287525467 -31.1755129968360905 26.3827017599528766
vn 0.5628884166607045 0.3687831795291447 0.7396996666793757
v 104.5216273758321961 -31.1750151611479680 26.3677462504336333
vn 0.7020482741748642 0.6793829498182732 -0.2134643488367938
v 104.9781223349284005 -31.1747396781303650 25.1938620548610679
vn -0.2307796278723596 0.3067549366719124 -0.9233862529767844
v 103.7561046076010882 -31.1791418776497977 24.4540519528992277
vn -0.6263720939734811 0.7684036044271494 -0.1312017553032028
v 102.9130758380475612 -31.1742643793324099 25.3122272154896315
vn 0.1205701711032173 0.8883570385427501 0.4430401854365989
v 104.5663686772272172 -35.1116570187140269 26.3339916209015996
vn -0.6172384250646442 0.7867757132776784 -0.0008388206709833
v 102.8852881824982148 -35.1117561770952875 25.2901626862137583
vn 0.0023525444117819 -0.1309638045738448 0.9913843590789267
v 103.8389568860170158 -36.1910802009600729 26.4959846325228909
vn 0.8901742559887853 -0.0124589038873476 0.4554498541977355
v 104.7823524928708565 -35.8132051753233611 26.0428605242729283
vn 0.4161819047769894 -0.1038072090277902 0.9033364187776654
v 104.3968369467699517 -36.6257470755908088 26.4038847959244016
vn 0.9946064935143827 -0.0868993928572524 -0.0566252468433059
v 104.9726938460003538 -36.9060461744677824 25.4724055328877022
vn 0.6218563944814122 -0.0155359234347755 -0.7829771770145073
v 104.4994378970038724 -37.1326775805757023 24.6101713647832945
vn -0.1480738353796801 0.1073347352632764 0.9831344739565966
v 103.6642056256445130 -37.0831815051966203 26.5008222844566994
vn -0.0979895154401498 0.0167218453527483 0.9950469510288462
v 103.7564834500125954 -37.6173190528475914 26.4429066506837991
vn -0.7004168935135903 0.0048153001059830 -0.7137177230289725
v 103.2559519548281770 -37.7019569718903753 24.7185560751520228
vn 0.9191589211286356 0.3403991623007488 0.1981799384766054
v 104.9440329432186871 -37.6683692319687822 25.5035365671908707
vn -0.5058563388700086 -0.1245308440268230 0.8535815329018066
v 103.2457172122709181 -38.0049521928652894 26.2546309176688624
vn -0.4459287903307979 0.1844225560220946 -0.8758629086702946
v 103.4081211332353831 -38.4786494150259131 24.6305353692542539
vn 0.6491502062605754 -0.3626629222362529 0.6686401233450726
v 104.5424593599319536 -38.4398917574458991 26.3310230618276790
vn 0.7277589494907969 0.1135983766077277 -0.6763596086906287
v 104.7671138376102249 -38.6757175124977195 24.8478381367615029
vn -0.5194778344590201 0.8541935272534178 0.0222754911086501
v 102.8521984262846019 -39.0187207873138533 25.7499777135101979
vn -0.1216289596828913 0.8394844456774982 -0.5295963195038283
v 103.4751551591362357 -39.0067724818877011 24.5174947860975898
vn 0.1279028053272768 0.6598849890429571 -0.7404003468564754
v 104.5267203243674317 -35.2128046576673768 24.5708702231335359
vn 0.9767096627216766 0.0568022092650062 -0.2069099895334283
v 104.9056370359963921 -35.4476142994664301 25.1205720786604729
vn 0.6322861044776986 0.1717546971009491 -0.7554565547456571
v 104.4833188387242728 -35.6716316762686247 24.6468976835311047
vn 0.9937785551943475 -0.0817023692007544 -0.0756895376047378
v 104.9452852161257681 -36.1071764642767263 25.3696220128523713
vn 0.0394962276987269 -0.1703597450496079 -0.9845900696554902
v 103.9137379025787169 -36.0262636992138638 24.5069114376458650
vn -0.8621107507622814 0.3961358703798685 0.3159769384282333
v 102.9944666853597823 -35.5761444823945610 25.7809610323666440
vn 0.1140351884382090 0.2809917679022393 0.9529111197635570
v 103.7930372966391559 -35.5210703973066089 26.5317917079612045
vn -0.9224388905639941 -0.0208779419625772 -0.3855782731359159
v 103.0146160719023811 -35.9698198793256481 25.1393788905490680
vn -0.4576541292938170 -0.1558008410429170 -0.8753735179171449
v 103.2586092673928988 -36.9549132151396478 24.7811270954989915
vn 0.2089317032836792 -0.0672456170339417 -0.9756154828377341
v 104.0576960176576904 -36.6133094299039072 24.4385211147416754
vn 0.8434321174987781 0.0669192446311196 -0.5330516652910182
v 104.7770885825819818 -36.4314479354835754 25.0837698643796294
vn -0.7762260928396582 0.1200676171302346 -0.6189158425113593
v 103.0964705172651890 -36.4397643347177436 24.8819065523445353
vn -0.8194246674146516 -0.1838719077726258 0.5428944059063812
v 103.1903798967088193 -36.4144889144246093 26.1276529646802480
vn -0.9681982709194816 -0.1220435966936472 0.2183975015759211
v 102.9624417338666831 -37.7653555317737073 25.6272105032497990
vn 0.9019213036745661 -0.2113536300413112 0.3766531627987896
v 104.7993954351320127 -37.4118537145204115 26.0623355882048315
vn -0.2636953448515755 -0.0816877551317323 -0.9611409239883331
v 103.7884487245228513 -38.0546688008300009 24.5117560903652212
vn -0.9972326702310926 0.0346897798559849 0.0657542439490260
v 102.9136259588017595 -36.9708231159862493 25.6189939773798621
vn 0.7240843585724361 -0.0777806410156331 -0.6853116178454448
v 104.6937467855740351 -38.2818058580689140 24.8947847494933576
vn -0.9181015229205710 0.0274329178430782 0.3953947756730518
v 103.0241505825531050 -38.3993047750813545 25.8568379127595662
vn 0.4717100901660353 0.0768276080319050 0.8784003127729674
v 104.3471911169203423 -37.9473830248642869 26.4694088330829835
vn 0.4670898013324137 0.8732721965416976 0.1386462701931973
v 105.0160387196476677 -38.9618377549045221 25.5694836573296413
vn -0.0289306286904430 0.9405944947752501 0.3382972289600783
v 103.9689901852530483 -39.0543675437876061 26.5761891835993644
vn 0.2381097115781563 0.1253636618532606 -0.9631135538133125
v 104.0857041815195174 -37.4747316133867940 24.5349962988070516
vn 0.9673957066223325 0.0187561324365842 -0.2525742550314642
v 104.9903629549873756 -38.0123410287012362 25.3330309957987758
vn 0.4493719050547593 0.7373435537193184 -0.5043702754287007
v 105.1695410162314488 -39.0688527131377299 24.0985396444012032
vn -0.2368231787695862 0.5982607879805663 -0.7655055921169619
v 103.2351256765132206 -39.0750008844012413 23.8374430141718641
vn 0.7257200714210856 0.6629528200430838 0.1839128498324592
v 105.5831136420952419 -39.0715229950547425 26.3345171973105323
vn -0.6491523502081054 0.6879432094289719 -0.3245541046110170
v 102.3075191041451149 -39.0750008113635161 24.7777653920371819
vn 0.4128986322971739 0.2034874796776555 0.8877542255948766
v 104.8789318682585758 -39.2196777601803674 27.1543592105315952
vn -0.8113173984920770 0.5393859414819971 0.2254481870311402
v 102.1959140297432356 -39.0750007302500535 25.8606107118395663
vn -0.2986070259245145 0.7177720060665893 0.6289969724693913
v 103.0222039634964659 -39.0749991884818400 27.0937435637092214
vn 0.7955245666926997 -0.4637269405877654 -0.3899974209677592
v 105.5035878093253530 -40.0611669898125200 24.7208538978330346
vn -0.7416807161864616 -0.4853806150527233 0.4629420846803384
v 104.1854397721614873 -40.5903728658286695 25.2411632855111847
vn 0.1526850103675381 -0.9395506879137354 -0.3064829399002350
v 104.5134494863806367 -40.4872583012958813 24.3504319501265698
vn 0.1389546658338576 -0.3984577740533394 -0.9065996928851560
v 104.1875584880392154 -39.8751373416850043 23.7454759441832657
vn 0.1468039367124469 -0.9891282708688699 0.0085946456406064
v 103.6433534762635560 -40.7451869005829437 24.7336746109057053
vn -0.5659307051621097 -0.5005627674504690 -0.6551025513589801
v 102.9066215877988100 -39.9960160930322317 24.0576343286958476
vn -0.8448137057687879 -0.5231738416835471 -0.1121558465853961
v 102.2028755351626188 -40.0069252077322162 25.3044680974206102
vn 0.0921369097768014 -0.9777048645836474 -0.1886901895336725
v 103.1811387228670185 -40.7244009111281926 25.8250000374285911
vn -0.6577162371963455 -0.4677151842483548 0.5904674908509424
v 102.6889893638543185 -40.0027392811973641 26.7407948242848192
vn 0.0353453291073674 -0.8927268202683422 0.4492098975800369
v 103.8120467625089987 -40.5478966853179017 26.6876744873876319
vn -0.0963489209391430 -0.3409702989155831 0.9351235964787119
v 103.7101765358225265 -39.8761243231218501 27.2569654357199980
vn 0.0831272357104647 -0.9747574559841773 -0.2072142965299244
v 104.9317689661932747 -40.5978474047585181 25.5044125800197463
vn 0.6106203367152188 -0.7043039011858113 0.3620757091607220
v 105.4059073746430641 -40.2815428327171077 26.0943676405193514
vn -0.8045812547372487 -0.4795674189805241 0.3502343432300620
v 104.6765733237393619 -40.0753309411981675 25.3774303866772541
vn -0.0473933394952483 -0.7621838107019191 0.6456235048969247
v 104.0181355192391806 -40.0684459564488193 24.5085034231347940
vn 0.1175147568413835 -0.9422228690759981 -0.3136978592765741
v 103.8158836410209460 -40.0735672155490903 25.6502914409405065
vn -0.1694600371871992 -0.8854664970685963 -0.4327035686998462
v 103.9788947842467479 -40.0594468709760392 26.4391913349507526
vn -0.2609191531442038 -0.9433116892660656 -0.2051444671847453
v 102.8540359030339602 -40.3580374123231920 25.2347505792727418
vn -0.5202021881798147 -0.8368967455483943 -0.1702748387268034
v 104.1877613242654377 -40.6248564917365087 25.7673208705108685
vn -0.3830914340332599 0.3628702964383558 -0.8494504700882096
v 103.3655975511675535 -35.5797197938493071 24.6439007484723831
vn -0.5000700940193906 -0.7392966087726702 -0.4509661021902503
v 105.7996746627783722 -44.3254196060607484 33.7075155680224015
vn -0.8048258481921124 -0.5890073653685245 -0.0729772404484859
v 106.5177515901952177 -44.3384809527249928 32.0120915038130818
vn -0.5585263037488308 0.8158930532612527 0.1495556540579432
v 106.5120659831002001 -41.8784685218118469 31.5671596931220648
vn -0.3533658724320933 0.7134637405635083 0.6050636752453684
v 105.2343218150846695 -41.8822273464724191 29.7970376946503208
vn 0.6274648274947076 -0.3395376400336221 0.7007154067504403
v 102.1226030005680627 -44.2746894756786773 30.2482157964229401
vn 0.7553824154914746 -0.5884674856763821 0.2882766460675968
v 101.5438522072806364 -44.2746733826343544 31.2022911602230408
vn 0.7301451733268273 -0.6631838439378444 -0.1645454800575283
v 101.4258655936247777 -44.2867362456226346 32.3984185303613330
vn 0.6155363543735834 -0.6172405292596053 -0.4900297189801864
v 101.9481799526954262 -44.2746531313198659 33.5441224156963500
vn 0.2320194589460480 0.6074873499443180 0.7596881533418913
v 103.1730864483917429 -41.8801614178445902 29.5242159445863983
vn 0.4866112486361116 0.8036056495203572 0.3426768926551212
v 101.9105047503316541 -41.8807179624017962 30.4972404231194147
vn 0.6992846351689688 0.7134873929799969 0.0440083977805363
v 101.3988832684005956 -41.8780039760094738 31.7586504397230307
vn 0.6134871870705706 0.6114761286041190 -0.4997303427325159
v 101.9944932847069481 -41.8795854355634987 33.7063716093127326
vn 0.0740920056268156 0.6050360379944202 -0.7927431913490084
v 103.9545141574694895 -41.8819635995553909 34.5633498717505105
vn -0.4448165905505095 0.5596614348038144 -0.6992262002845404
v 105.3857959533765580 -41.8780082345009461 34.0858870998928509
vn -0.5305538206395756 0.8042379283840161 -0.2677946936616467
v 106.0499523354941971 -41.8771391675415501 33.3753723009190821
vn -0.6622369248299795 0.5810739575334055 -0.4730700912847885
v 100.1464972028270353 -41.8750000183070625 29.3781411147465263
vn -0.3478693168384085 0.7412773004238129 -0.5740164651634684
v 101.1641031740189050 -41.8750000209816591 28.2805752291389858
vn 0.0155304844910167 0.7650682571264802 -0.6437618860952582
v 103.6809450533421852 -41.8752343986419930 27.3016085697622835
vn -0.6316583243104867 0.7693893255919187 -0.0951200662030912
v 99.3403507236098875 -41.8743241688850532 31.1896492916770747
vn -0.5955801738636599 0.7030105843740294 0.3886648617493204
v 99.8813594520167101 -41.8753609746419500 34.3481236162254717
vn 0.3995108550718519 0.7754704082647610 -0.4889138191802750
v 106.7120262397997976 -41.8742237415981791 28.2332861928716881
vn 0.7509126067502188 0.6411175601346158 -0.1584251593359735
v 108.5001370984506934 -41.8748674784701080 30.8305890207668831
vn -0.1982737795107964 0.7859451917412020 0.5856429491912195
v 102.3949856276349522 -41.8729844351341640 36.4051113813372851
vn 0.1370438501826413 0.8396649877250066 0.5255299149581135
v 105.4372840009939409 -41.8743793840695986 36.4284147213191645
vn 0.6267589638921910 0.7475430848171895 0.2198921042756824
v 108.2883426678480703 -41.8750000211123137 33.6246260779496566
vn 0.5557893288523081 0.5990497749784695 0.5764005456556628
v 107.2944885114266071 -41.8750000201141575 35.1660213434206810
vn -0.4492507301199043 -0.7269982038698670 -0.5192758352327982
v 101.1046336654358413 -42.4749984074834188 28.3256221064336593
vn -0.5987960465072999 -0.7520890448737551 -0.2753277379199387
v 99.7627657078779606 -42.4755036855485102 29.9522833930835866
vn -0.6496534674046169 -0.7546292034109542 0.0921148068906778
v 99.2971137922309879 -42.4758633374944736 32.6519291183300240
vn -0.4236121334206475 -0.8546983826253313 0.3000723831952055
v 100.2107541869097531 -42.4749984121057906 34.7196153804835248
vn -0.3905996441116162 -0.7008824703391932 0.5968213139551140
v 101.5884712518887341 -42.4758102183960915 36.0289399877311709
vn -0.0286186038131179 -0.7290556621570673 0.6838558451841354
v 103.6249143169985132 -42.4749984070889042 36.6365924133459160
vn 0.3178849632036117 -0.7402112291380976 0.5924833216445042
v 105.8757392288332255 -42.4752369749109917 36.2499174328557885
vn 0.4667174509776047 -0.8251680822044082 0.3182333374492152
v 107.7784232630163359 -42.4787545536397175 34.6198260236335500
vn 0.6547594371007173 -0.7524784666332071 0.0711775019292573
v 108.5181285532867008 -42.4749984080090641 32.6535022539141764
vn 0.5608456838705186 -0.7692173770180537 -0.3061972334579061
v 108.2229406220684211 -42.4743641049993030 30.0463513356938030
vn 0.2144801483859059 -0.8394092992706941 -0.4993899220511386
v 105.9864230705238981 -42.4760096950509549 27.7989102199090361
vn -0.1528130915692635 -0.7288684642525071 -0.6673821400541341
v 103.1297649033446078 -42.4697178276786147 27.3742347333624032
vn -0.5672799320374087 -0.7147479993723928 -0.4090584018215430
v 100.4793187718314300 -42.4740093647403398 29.8710260184989629
vn -0.2123748268858236 -0.7141581082832159 -0.6669896020767900
v 102.5265147269077772 -42.4776602753654302 28.1707558602565982
vn -0.7010732506641739 -0.7120844676824374 -0.0378418827304916
v 99.8889497659421011 -42.4732042225911783 31.9905245618956116
vn 0.1155431776091593 -0.7103870969668620 -0.6942621598293922
v 104.5413240453003283 -42.4749983430118760 28.0362648638801062
vn -0.6431509601197455 -0.7095505396046042 0.2879146995967111
v 100.2970017968732606 -42.4749984775677163 33.7249088171955478
vn 0.4494590141344600 -0.5635566981913612 -0.6931020433795663
v 105.8698851942375967 -42.4749980921728323 28.4616576173047982
vn -0.4652231397924431 -0.7108959229392988 0.5274413872175215
v 101.2507034310556406 -42.4749985965388035 35.0006812217732417
vn 0.4368944674919793 -0.8357114200023896 -0.3327305918494560
v 107.1465673882892560 -42.4749981483143912 29.5726110538865470
vn 0.6736838191584003 -0.7164474063053878 -0.1812545883624320
v 107.8365684337431958 -42.4749981538986319 31.0081830009346184
vn -0.1944758050658543 -0.7158796437208408 0.6705933916689827
v 102.7169712545031786 -42.4741080367312307 35.8602869880326693
vn 0.1198494301520189 -0.7134421266755158 0.6903886195303003
v 104.5319240938891312 -42.4749994278228797 35.9906914875018629
vn 0.5431678917100410 -0.8355143884739363 0.0829719715825365
v 107.9160133926345679 -42.4749979963756203 32.5967843713230891
vn 0.2894030180463443 -0.8352495200929959 0.4675512082436398
v 106.0475795112649280 -42.4749985456390462 35.4194780722259495
vn 0.7383812443064965 -0.4720736424606025 0.4816010944239738
v 107.3014989784127096 -42.4742803921422052 34.2495454299407882
vn 0.4463474218110715 -0.4749803527705043 0.7583980772157963
v 105.9168541661057219 -44.3199154723496065 35.5400963932140002
vn 0.7710084010427656 -0.6324759039908711 0.0742985625191246
v 108.0013691318828819 -44.3138377294100607 32.2644880521048307
vn 0.7113810750219977 -0.4880651396718484 -0.5056969305202932
v 107.2138485685415930 -44.3345326718339976 29.6287991902917582
vn 0.2725140643923651 -0.7342047800858623 -0.6218355293865289
v 105.7639441456889244 -44.3201405597947513 28.4135425173062686
vn 0.0055336970065451 -0.7364061155873401 -0.6765171181300625
v 104.2065953651546124 -44.3195971022687161 28.0101773918378925
vn -0.7474436859539475 -0.6018873666889105 -0.2811752730022068
v 100.1970147094879025 -44.3366085369783818 30.4623668835493362
vn -0.6769171664579958 -0.7268548937628586 0.1160392742456683
v 99.9416652013612179 -44.3043631811888190 32.5806152237679498
vn -0.5646794650886353 -0.7188229318336395 0.4055005479371187
v 100.6723988551818394 -44.3075069857376036 34.3561996871954278
vn 0.4466456254111494 -0.8483973959609652 0.2841294490680900
v 107.3052428605130757 -44.3270957289939389 34.1368197252857328
vn -0.0206766922133638 -0.7356863180583550 0.6770067324782337
v 103.8911870231628711 -44.3226734070461603 36.0063130380196483
vn -0.3240199342770086 -0.7313522230727587 0.6001124961185669
v 102.0592512597204404 -44.3288561833009567 35.5450199758767056
vn -0.4317153315856687 -0.6020391234653113 -0.6716924640719112
v 102.0106387511535786 -44.3313916974338440 28.3995539414462250
vn -0.1612235592108734 -0.9756159608115601 -0.1489310611159215
v 101.8778970328488782 -44.2801994683976403 29.7394150244382764
vn -0.0092756876119277 -0.9822325425301777 -0.1874385072871328
v 104.3963273078314700 -44.2750479114912991 29.0937495113329554
vn 0.0555826429088840 -0.9958146770125045 -0.0725513532178738
v 106.1256077898230075 -44.2751114075076302 29.9995797539069997
vn -0.0077414759419960 -0.9992732604500243 0.0373231898397963
v 103.0805690338233376 -44.2944712278623669 34.8558190357777420
vn 0.0143324362496660 -0.9991456860246419 0.0387618287687391
v 105.4583120235365499 -44.3021358450225051 34.5991902497348107
vn 0.0688553414746127 -0.9976136002178624 -0.0051035880289613
v 106.8504854467449832 -44.3083151628501284 32.2746111736028993
vn -0.4745675299581140 -0.7797864674238580 0.4083120433345985
v 105.7719757543883929 -44.3791374803982919 30.2441032572423438
vn 0.2087249940758194 -0.8937631725263854 0.3970154509381466
v 103.2241724631930424 -44.3875230025035350 29.5270325004279535
vn 0.0248838317269332 -0.9851116260628696 0.1701054940745731
v 101.6413909362105557 -44.3944898353051869 30.4344639257272753
vn -0.2524347970687053 -0.5771973440948421 -0.7766079443314639
v 104.6264666865310033 -44.3324646067455461 34.4349956414378440
vn 0.0782460805876414 -0.8755101335456456 -0.4768223536408062
v 103.5452325643758655 -44.3340250781266221 34.4822892802111767
vn 0.3350235504886916 -0.6979375240252351 -0.6329632162894424
v 102.7130648189704090 -44.3326499453078426 34.2037117808918367
vn 0.0610467951344912 -0.9971450527326916 -0.0444413390271407
v 101.6380076090234326 -44.3256840408914741 33.5446115051083993
vn -0.0814620794247840 -0.8129005612278486 0.5766772122871155
v 104.3369446374754403 -44.3826842196898923 29.4440621060744334
vn -0.0523181989955921 -0.9979242685304338 -0.0375494385025412
v 101.1234866138145634 -44.3114484112788389 31.9503885050742547
vn 0.4502044187309848 -0.8122614872639939 -0.3708736411000123
v 102.6600567420303918 -15.8691535795600522 32.8701924598909585
vn 0.5337432244892543 -0.8415464803094099 0.0831726625199501
v 102.3780685035601294 -15.8698286835485440 31.7725880958687910
vn 0.2632933677916492 -0.5421768373594980 0.7979479177914959
v 103.6426870722276590 -15.8695994195787460 30.4893627239728957
vn 0.7352283204718266 0.2215171344870267 0.6406008709835115
v 102.7265749080264072 -15.6696144012394250 31.0390816842098367
vn -0.4102521668992880 -0.6852908145206920 0.6017222441359513
v 104.6522556450295696 -15.8688425341112058 30.6208200868628531
vn -0.8316929814655053 0.2471217807196507 0.4972098249984283
v 105.3607888774677548 -15.6771056878560362 31.3626744823567059
vn -0.6912562254204214 -0.7031227859582793 -0.1666828685971635
v 105.4243218577226600 -15.8671759010584683 32.4317728321280043
vn -0.2547718064523487 -0.9031922888921420 -0.3454490062553087
v 104.8986144692694324 -15.8700115365623233 33.1955760829179525
vn 0.0261889495671262 -0.8211217967544395 -0.5701518515407379
v 103.6890398491252228 -15.8663960842872118 33.5704098501475841
vn 0.6509936403226314 -0.7118049273126112 0.2637063247496667
v 108.9005350257808402 -15.9062335550256257 28.1743000564788524
vn 0.2829881936059160 -0.9445450487254430 -0.1665903154685507
v 109.6492099601388475 -15.8750126055170977 28.7454135664554435
vn 0.2170496963325449 -0.6041564266602533 -0.7667362267736305
v 105.6547705564446886 -15.8521954282394848 25.4861886516435057
vn 0.6113486339220134 -0.3320762357308022 -0.7183162405685595
v 104.6782302094759416 -15.8811182902622434 25.4889808278816119
vn -0.0517721290745081 0.6390553292935910 -0.7674164011490454
v 109.7968447902859310 -15.8743437681630777 31.1721230617916412
vn 0.1120733771827052 -0.8204892377681721 0.5605684336755568
v 108.2091904604928629 -15.8749999944603832 28.5831650987051376
vn 0.4690817015712831 -0.8194258444799786 0.3293989111233729
v 104.5649979934453881 -15.8749999941381361 26.5146788861723266
vn -0.6991856649018268 -0.6553710587334023 -0.2857064601482607
v 107.3646516297355191 -15.8749676671108055 27.4421794130086738
vn -0.6587611176851290 -0.7515988528073703 0.0336593862820532
v 103.0735491057019431 -15.8758938414796749 26.0702647505736742
vn -0.3195345171166817 -0.8792620005496096 0.3532648110985688
v 107.5222977678136829 -15.8749999944475348 28.2713511501652413
vn -0.5129730155319866 -0.8189917285097683 -0.2571210492522969
v 109.2672867258850147 -15.8749999992368860 31.5306433686568859
vn -0.2931641195376374 -0.9452735155250197 0.1432228328957787
v 109.1466545236222458 -15.8749334094927175 32.3039091605375219
vn -0.1741042377108655 -0.8995958303815305 -0.4005184844314721
v 100.9607129854781107 -15.8750399594822031 26.1121644157772117
vn 0.9065286404298001 -0.4120502275237138 0.0917629232214948
v 109.0693443737889368 -15.8533522290180198 36.1461300979894915
vn 0.3545142280442223 -0.9330466330476211 0.0611853141914554
v 100.5977618590143692 -15.8746187777835086 27.7650993837934976
vn -0.0984705543487977 -0.8807709209074285 0.4631912507918527
v 103.8756098012707270 -15.8748377333673556 26.8311874707113667
vn 0.0404367224562308 -0.8947093338470212 -0.4448146573619369
v 108.0436972341549335 -15.8750603111494026 35.4001247057951787
vn 0.0758942483967976 -0.7438024865375297 0.6640767456257395
v 99.8630227247110867 -15.8749999977040606 28.5602350658980555
vn -0.5919809486552360 -0.7721034798275769 0.2311163621801658
v 98.9348307840135277 -15.9004480152961367 28.2045622410838988
vn 0.4079380594753383 -0.2245826872072876 0.8849571493797025
v 108.3872970579571273 -15.7297854470527518 37.0417866723802689
vn -0.5503591085428405 -0.5887317764497475 0.5920301909888165
v 107.6443434218786308 -15.8749999483132740 36.8821689023853168
vn -0.4404098243839175 -0.8835988519036100 -0.1590353907177558
v 107.3504170088612710 -15.8749999952118976 36.1463104390397874
vn 0.4186495481382541 -0.8236187014225405 -0.3826026535593865
v 104.5662734082199137 -15.8749999878253192 37.4575450667049736
vn 0.2179945911758789 -0.8222487899650521 0.5257235829017650
v 106.4599593106295572 -15.8609221014304449 38.2200152296066591
vn 0.3554572113026651 -0.8735959779963399 -0.3323856768297193
v 98.4867694728907281 -15.8749999952068723 31.3890736018947401
vn -0.2772371878671972 -0.5388989550456251 -0.7954416747406574
v 97.6833003505431634 -15.9000340659028030 31.1866949493750845
vn 0.4608373076608613 -0.8787853475461949 0.1239568021772182
v 98.7757169726191080 -15.8750445214208113 32.1373049514729630
vn 0.6434770436990994 -0.6480753040450667 0.4073520523075359
v 104.7264943057802071 -15.8906801309949071 38.2636004226233126
vn 0.0259464917143240 -0.8666307380475777 0.4982749677024014
v 97.8300356951885419 -15.8855478655237654 32.8844036854428410
vn 0.6347701873687680 -0.7550194829099478 -0.1643544634447576
v 100.4519396799263120 -15.8749286003724190 35.8660196637878812
vn -0.2227907821240596 -0.9277586909317613 -0.2993794896133242
v 103.6224279924142166 -15.8748475874377935 37.1936476426173712
vn 0.0758099599520785 -0.9058843129793069 -0.4166850866902647
v 99.7654317841962239 -15.8749999951901959 35.4321998475170048
vn -0.4820482320576085 -0.3376802505139382 0.8084562761108220
v 103.1930584434174705 -15.8695233712279986 38.4907736737921056
vn -0.5941307329393205 -0.5811590261527144 -0.5561140696819443
v 99.1648277403860021 -15.8745365047056719 35.5949291381997028
vn 0.3546105369953856 -0.8662153562532725 0.3520260269395725
v 100.3109653042917699 -15.8766167277679298 36.8040318803220146
vn -0.1792483750669818 -0.6834897890628513 0.7076098701139391
v 102.3306556498219066 -15.8688060310487575 38.5538176242325221
vn -0.2363996063955327 0.7347370612210300 0.6358275528508665
v 104.2816540964134902 -11.8746418329477379 30.4788825271048367
vn -0.6550773831882267 0.7324357913251220 0.1855031903262249
v 105.4128221088502215 -11.8755405629955710 31.4975745140203216
vn -0.5060243660352657 0.8426377604360743 -0.1841220944533395
v 105.3606778190176811 -11.8750000018305837 32.5322754514850701
vn -0.4308762512289430 0.6236552701655080 -0.6522267704730311
v 104.7884568839384656 -11.8750423139788559 33.2892649634573701
vn 0.2690747257417337 0.7299427442293572 -0.6283171031524815
v 103.4361726730957116 -11.8747859277901657 33.4804672534290475
vn 0.6406079199683720 0.7217104032697538 -0.2622128652183279
v 102.5633367052377309 -11.8750000068464487 32.6888644428239203
vn 0.6560741992071522 0.7193331321123410 0.2283122646292651
v 102.4597020420862776 -11.8744950860236216 31.5388177033549404
vn 0.3801101545623018 0.7152975743411280 0.5864005887960221
v 103.0028020383358864 -11.8750000012149641 30.8121865682734573
vn 0.2809919426370811 -0.3556208039793836 -0.8913906954585605
v 108.2223143013352740 -15.8391563309574384 26.9138991453049350
vn 0.5460909053002815 -0.2996905676136651 -0.7822852975939902
v 107.8156399561085692 -15.6759749523820862 26.4666974798779009
vn 0.4144113666009818 -0.2776828628013493 -0.8666922446510951
v 106.8164846367817375 -15.6732083366654003 25.8894240738697903
vn 0.3405915297140032 -0.4228960592496491 -0.8397358709488314
v 108.0633013785067789 -14.8755463308799438 26.6533937343716332
vn 0.3572705344326116 0.8978890140528947 -0.2572024176973393
v 107.3020810001863765 -8.8749663826270453 26.1405948099231793
vn 0.7033380642144510 -0.2409329060668482 -0.6687801598442138
v 107.3039154174787768 -14.8751847602718748 26.1244244159822330
vn -0.4156757656175660 -0.5183495537097886 -0.7473469060932234
v 105.7036038675187228 -14.8682913355913140 25.4672213438322004
vn -0.2033812282177725 0.9152761674285093 -0.3477148448743738
v 105.7016691411900240 -8.8750092727528251 25.4717764503519284
vn -0.3542779394327441 0.0479176098515550 -0.9339116897744685
v 104.7917553946954996 -11.8540051202190551 25.3021777989773540
vn 0.3267505889039136 -0.2579232888106210 -0.9092357393657921
v 104.7935822630039695 -14.8742018375941374 25.3028874993525790
vn 0.8915572085839362 -0.0010558072714200 -0.4529068658046878
v 103.8725318849106998 -11.8656194591874513 25.2316363345842198
vn -0.3638272088307185 -0.3346774630797006 -0.8692644924423086
v 103.4795932211325180 -15.8510045498600380 25.3228301964476827
vn -0.2031649333131672 -0.2973658533142121 -0.9328974001220964
v 102.6077054165539124 -15.6767744161480689 25.3779739708973970
vn -0.3394582268280100 -0.2961895093915802 -0.8927709038522471
v 101.6515616419237631 -15.6732085905193390 25.6414229962705136
vn -0.5269499928209354 -0.2494482031675968 -0.8124649524763966
v 100.4135607494257698 -15.6775129291265980 26.2239323197587062
vn -0.1884360856474668 -0.3721558729192745 -0.9088409365106489
v 99.6616329163094292 -15.8305480012294364 26.9019459704672954
vn -0.5725395705158500 -0.4477687125198173 -0.6868053729273462
v 103.0762313425197618 -14.8731839855307886 25.2888500816445081
vn 0.3338402914140388 0.6305424153194840 -0.7006903184086827
v 102.1745493037852412 -8.8749680869342704 25.4751638415537620
vn 0.1230180536259394 -0.0823823718468580 -0.9889791217669722
v 102.1688500556255832 -14.8730059965993888 25.4804811866719270
vn 0.3828510426949820 -0.0020569982752331 -0.9238077981189922
v 101.2905893567366462 -11.8614729896241542 25.7691596239379450
vn -0.5740484999651094 -0.5942720069236783 -0.5633019629601085
v 100.5640148264942866 -14.8740672274296433 26.1095771822773131
vn -0.4245743478994216 0.9052428839618132 0.0164907289796462
v 100.5663089799379861 -8.8750365982390189 26.1257426999519247
vn -0.4171788476216074 -0.2128995108986122 -0.8835358551616564
v 99.8064371091435305 -14.8742002147719727 26.6570778714875587
vn -0.9072801506284298 -0.0599298012766385 -0.4162344858305189
v 99.8103332499999993 -11.8750000000000000 26.6565551800000016
vn -0.0140788463899833 0.8093515843152360 -0.5871556855304603
v 99.8705509822521691 -8.8751135878467178 26.5452586080218751
vn 0.1812130226870936 0.0755250281005947 -0.9805395507265432
v 99.1010299730355655 -11.8943702947001277 27.2559435431198871
vn -0.4026844745838491 0.9022597902899896 -0.1541832829946013
v 103.0720138500000047 -8.8750000000000000 25.3053493500000002
vn -0.8672585153912052 -0.2092006921081472 -0.4517717763461044
v 98.8763077606940328 -15.7907018981523954 27.6011442216413769
vn -0.7731930355492219 -0.3719661065402383 -0.5136280223697649
v 98.4012796472956097 -15.6759819021857432 28.1191418921689937
vn -0.6322904020232724 -0.7303332013609455 -0.2585000241762487
v 97.7153585571476526 -15.8317457588285802 29.4263305372329711
vn -0.9366137148240126 -0.1918248774381066 -0.2931858891546771
v 97.1937982128249160 -15.6834932626594092 31.6661386712462836
vn -0.8927970663413036 -0.4422966061800152 -0.0853645739988348
v 98.5843328014793059 -14.8721370706463389 27.8567169418922909
vn -0.9835391784610393 0.0014449936980955 -0.1806892260910877
v 98.0794296300000070 -11.8750000000000000 28.6416130100000004
vn -0.2971505603125772 0.8540467781985672 -0.4269726515300115
v 98.0752555379936126 -8.8749663908537979 28.6325851823949904
vn -0.0812445770415600 -0.0027170407259913 -0.9966904917731640
v 97.6540373205054806 -11.8525890578072666 29.4657597693649222
vn -0.6974114232132308 -0.3457474355374584 -0.6277547431847624
v 98.0680618555689136 -14.8744753344012928 28.6416906470556292
vn -0.9455444389119402 -0.3184984787123297 -0.0671150735724532
v 97.4011461987236800 -15.1741599984717208 30.1393422154248753
vn -0.9189355978284989 -0.1844278764610876 -0.3486312169436828
v 97.2375516579847528 -14.8742014772248492 31.1410815628904629
vn -0.8960987094606376 -0.0620811433755739 0.4394917912090749
v 97.2392516362504438 -11.8911405144380993 31.1425676264654641
vn -0.5459237305864457 0.7651440771249336 -0.3413529282476003
v 97.2366114223546560 -8.8750204442980927 31.1357176414628931
vn -0.4535238316016979 0.0007644898370578 -0.8912438217034684
v 97.1667447493988874 -11.8831685185545890 32.0567633905628000
vn -0.2953331488911801 0.9003446244802542 0.3196214766493800
v 97.3962098189639960 -8.8750598336800763 30.2264621827019937
vn -0.4746999425150605 0.8527263171694762 0.2179857623396080
v 98.5804311641062014 -8.8750774303493554 27.8524568962329155
vn -0.9258028775162301 -0.2077142396270229 0.3158224606307091
v 97.1938814075376598 -15.6774145502311057 32.3102097690289440
vn -0.8888594277506023 -0.4346171999747657 0.1450407087164375
v 97.2988199487645602 -15.8123920100966995 33.1748435917544597
vn -0.5447606876624309 -0.8072575263190812 0.2270926669418309
v 97.7248896776046507 -15.8527262941138165 34.5712337057417756
vn -0.8738365584609253 -0.2581226737309076 0.4120465439767374
v 98.8583639009739983 -15.8539369366184566 36.3374481254561772
vn -0.6678489476598541 -0.4384802562274429 0.6014256795384958
v 97.2242920776133417 -14.8734873940463803 32.8624883979723634
vn -0.8169900393948267 0.0000662417701149 0.5766517763275054
v 97.4196472200000017 -11.8750000000000000 33.7655372600000021
vn -0.1189904895835572 0.9306211066298726 0.3461005912789755
v 97.2153143309667911 -8.8750554409463973 32.8639569722575899
vn -0.5322552614028236 0.8431122229261351 -0.0765905755400942
v 97.4157225014544110 -8.8750197136053703 33.7647430779992348
vn -0.9299219246710354 -0.3654078844022680 0.0415005064158984
v 97.4121879659772816 -14.8743842467816325 33.7731414844878373
vn -0.7769642052234276 0.0049507912235914 -0.6295253080439162
v 97.7055844946663825 -11.8716015040319753 34.6487371175841190
vn -0.5570034691507788 -0.3918410869624225 0.7322620418416514
v 98.0053186762184509 -15.0996512255705824 35.3189478743363878
vn -0.5512460682048712 0.8337978424927758 -0.0301484683369247
v 98.5815108664890545 -8.8749723197209711 36.1232026156666706
vn -0.4683431569388533 0.0051097305731256 0.8835318771849824
v 98.5912170400000036 -11.8750000000000000 36.1243286099999992
vn -0.9998991685061770 0.0142003071864833 -0.0000640036375390
v 99.1886346023051146 -11.8802468132076733 36.8251800640962301
vn 0.0299024194764609 0.8526438311897273 0.5216362165758410
v 98.0598679511666091 -8.8750420445076283 35.3674709711139670
vn -0.2209300994740119 -0.4144945023309757 0.8828273889519966
v 99.5486252051478004 -15.7850425556809117 37.0514053992518839
vn -0.5434764972183945 -0.2777875893473419 0.7921283684957994
v 100.0537711066823050 -15.6759820755946908 37.5333614976670518
vn -0.4157232606893653 -0.2193993473539696 0.8826313482436788
v 101.0528631752753341 -15.6732091151225941 38.1105870388492178
vn -0.6529618850766624 -0.1608241378208241 0.7401191615755668
v 100.5732903018720350 -14.8730053837831804 37.8586176700511956
vn -0.0392949204653143 -0.0508376134940827 0.9979335881108777
v 100.5762786899999952 -11.8750000000000000 37.8552322399999994
vn -0.4267690927902875 0.8534339468958499 0.2991966572753224
v 100.5672501657729043 -8.8749663832023167 37.8594073027310856
vn -0.3474430423730409 0.7579742356124981 0.5520492645174111
v 103.0658710132302076 -8.8749646420351258 38.7020385278422978
vn -0.3023279716755001 -0.2644892208244565 0.9157746718545179
v 103.0723497422560797 -14.8748627298725502 38.6978129242714104
vn -0.8843552203506784 0.0005537528300872 0.4668142431377886
v 103.9939764264947826 -11.8837154540908774 38.7720932954205324
vn 0.1969803189975410 0.9157639051654738 0.3501074462557289
v 102.1697158799999983 -8.8750000000000000 38.5151710499999993
vn 0.2242652416444088 0.8531422837317119 0.4710131050185484
v 99.7868867263622974 -8.8750851668473203 37.3540920419953935
vn 0.3418402763331651 -0.2200028826450121 0.9136432329439924
v 104.3042187854306775 -15.6932226110916950 38.7225124515432810
vn 0.1563502421350687 -0.3126087803824207 0.9369260121333598
v 105.1031506876820885 -15.6759789796997957 38.6568788627630795
vn 0.6834863311904905 -0.5116268597046216 0.5206576528819592
v 104.8013998444565118 -14.8625855084175953 38.7118897371435011
vn 0.6885346505915209 -0.0499457433315827 0.7234814839772112
v 105.7001953099999980 -11.8750000000000000 38.5150108300000014
vn -0.0894864817879912 0.8539505483406680 0.5126018245830578
v 105.7001185072700054 -8.8749765595378332 38.5188506010402349
vn -0.1195802361802985 -0.2806831927356864 0.9523221684024611
v 105.7018106813361982 -14.8743647854640066 38.5282556358943395
vn -0.5547643805976366 -0.0876286129214771 0.8273800264797178
v 106.5815210887316482 -11.8882789249226413 38.2296068836354266
vn 0.7438017432023826 -0.3790804998858183 0.5505060775463019
v 107.2544093283670321 -15.0968654195254484 37.9289770870605807
vn 0.2369407232757017 -0.1043634153813526 0.9659023611025737
v 108.0581158799091952 -14.8736185135700545 37.3502716173512042
vn 0.8856882861844178 -0.0005258167414753 0.4642800698204298
v 108.0589904800000056 -11.8750000000000000 37.3434448200000020
vn 0.0921818270769637 0.9022846197954975 0.4211709577324241
v 108.0593939470620768 -8.8749663856553571 37.3533832968331296
vn -0.1929430300818024 -0.0918511487983987 0.9769014042406056
v 108.7665371775489263 -11.8547260571304047 36.7407488077799158
vn 0.5243101822938863 0.8513178794106551 -0.0188865279682989
v 107.3018278792460194 -8.8750445789861576 37.8750092969090204
vn 0.3457149576965783 0.9304893705216558 0.1211226624999048
v 104.7933514411213736 -8.8750536822814006 38.7172938998671796
vn 0.7069715432063683 -0.4551659267614060 0.5413087993112953
v 109.3885188601892793 -15.8297346618195292 35.9654724330922946
vn 0.5946997966982212 -0.7690968133870647 0.2341415030381345
v 110.1608601007329611 -15.8549721834119115 34.5336662540681871
vn 0.9165545560136609 -0.3709086067791992 0.1495143848187006
v 110.5920103313296465 -15.6788772148275211 33.1496655342348774
vn 0.1414245440885114 -0.7240247754097320 0.6751201544334487
v 110.0724053982629869 -15.9152252354618149 32.8287947639414384
vn 0.9207026599571371 -0.1829846319778476 0.3447074649725240
v 110.6780705203014037 -15.6751691809309648 32.2963741763549379
vn 0.8489328403569499 -0.5080829840888199 0.1454809741611632
v 109.2939563676854959 -14.8625957942452533 36.1326182177037651
vn 0.3846944147948229 0.9217552283034781 -0.0487596792531668
v 109.2937879272367638 -8.8750445578405319 36.1392405024671390
vn 0.9988080717196326 -0.0086088260072560 -0.0480450203713763
v 109.7898940999999979 -11.8750000000000000 35.3583869899999996
vn 0.1863526908129959 0.0107784344843454 0.9824237883809730
v 110.2591187115865949 -11.9556390757710798 34.6249203776048162
vn 0.6758510992919990 -0.3901687155635071 0.6252948624299736
v 109.7976571243684702 -14.8741272053227718 35.3662933841557319
vn 0.8706101259210349 -0.4290683633951169 -0.2407038599133707
v 110.4648248644966202 -14.8716939053582617 33.7755232512078720
vn 0.9799803614602635 0.0009586792154795 -0.1990918684586921
v 110.6293945299999990 -11.8750000000000000 32.8620452899999975
vn 0.9217580014246782 -0.1811246589419218 0.3428644699188811
v 110.6324754538546102 -14.8748626995586530 32.8623121298148675
vn 0.4433701617513852 0.8488289893104520 0.2879448672484842
v 110.6314055133932897 -8.8750811542904025 32.8779817874854672
vn 0.8359772466972357 -0.3222107244052809 -0.4442097388427374
v 110.5528156906925403 -15.8077580972484011 31.4439471324206110
vn 0.8671837658009088 -0.4757376419255848 -0.1471937919425905
v 110.5777319254456614 -15.8263850263962134 30.8579138307040495
vn 0.8746362377182779 -0.3116968206514912 -0.3712903764787988
v 110.1864527847952786 -15.6726050197249389 29.4104318649062293
vn 0.7966838184012943 -0.2609327689849678 -0.5451687661333607
v 109.5381049772387172 -15.6770669155490445 28.2301219113533257
vn 0.8682702683055822 -0.2971218726565343 -0.3972723674830993
v 108.9463919384447763 -15.6861352922864281 27.4849743015865933
vn 0.7103672534396039 -0.5091935971721322 -0.4859014775029787
v 110.6474325773044427 -14.8710176828560634 31.1433577707514040
vn 0.1496881663787078 0.8562269512647408 -0.4944379240855897
v 110.6481082240949689 -8.8750379477025128 31.1377266687415606
vn 0.9869192190409839 -0.0818806781734050 0.1388740783206059
v 110.4498367300000012 -14.8750000000000000 30.2350501999999999
vn 0.7283551946524838 -0.0554196865358359 -0.6829548804767502
v 110.4496765100000033 -11.8750000000000000 30.2344646499999996
vn 0.5920492546705587 0.7565997736925841 0.2775508286645286
v 110.4509316211951955 -8.8749979550940985 30.2349653059310128
vn 0.9229832538339986 0.0007065114784212 0.3848394652105410
v 110.1678240490639098 -11.8849604558589590 29.3513353331342977
vn 0.5521170163767646 -0.5970262561217248 -0.5820021045739406
v 109.8415833643344826 -14.8758917417609879 28.6364302970784195
vn 0.4134743940985389 -0.0530973070940862 -0.9089662267676409
v 109.2781066900000013 -11.8750000000000000 27.8756713900000008
vn 0.6343517884486457 0.7585278334785015 -0.1491084649857788
v 109.2880503556567788 -8.8749646356833090 27.8752703345372410
vn 0.8941107140510088 -0.1809470389861411 -0.4096635205889622
v 109.2775859034787800 -14.8742006566630351 27.8717781743976083
vn 0.9502635872657218 0.0018726255122881 0.3114411790219349
v 108.6753475432969793 -11.8752957959839485 27.1621699308580666
vn 0.1873111740766013 -0.6451487379872837 -0.7407412705793165
v 104.0116025758672151 -18.3546479279741135 37.1174903617763334
vn -0.7591609346110345 -0.6470843253533886 0.0704027786557497
v 103.0894427567471752 -18.3405455141718150 38.1945097122113992
vn -0.1124429758135707 -0.2461863932553144 0.9626779508050074
v 103.9166568627676668 -18.1702226124734736 38.8239967126467960
vn 0.5316914920030853 -0.6691831530293031 0.5191320304443691
v 104.5043316270421769 -18.3222839023508257 38.5652639926780978
vn 0.9322330543197364 -0.3150693034017588 -0.1779687233410018
v 104.7686410275539970 -18.1688205090158625 37.9418455248769178
vn -0.0183031572929820 -0.5635314799209100 0.8258918001598378
v 103.9171533844810824 -14.8758316859507129 38.8055635982568319
vn 0.6057179782097802 -0.6073507637800111 -0.5140338321640836
v 108.8305639861891052 -18.3315045927974296 35.7521427526875328
vn -0.4595364735330090 -0.5784946449851225 -0.6739214903951226
v 107.8672088164551894 -18.3231210376645848 35.4612430887168486
vn -0.2381559242267345 -0.7492005654596717 0.6180455229759522
v 107.8386215708829354 -18.3625632599928359 36.9967349955018179
vn -0.9431366281590809 -0.3226916144787541 0.0797710634867971
v 107.3484632870185465 -18.1763423389271530 36.1632909215675653
vn 0.7492637963320310 -0.2907239125524360 0.5950490485466859
v 108.8861743393947137 -18.2146723723049746 36.7192651696937631
vn 0.5614690988812606 -0.5850678507053751 0.5851906194330680
v 108.7316468678541526 -14.8755111204338011 36.8279385392373442
vn 0.3024069833636367 -0.6029302800070495 -0.7382581485249763
v 110.2161424479116931 -18.3148064005749163 31.1930573230616410
vn -0.5662943911841940 -0.5863397466474173 -0.5792377439486877
v 109.3880435834176978 -18.3180361094376138 31.4102484175216929
vn -0.8571849076671205 -0.2978897723690864 0.4201139340531375
v 109.1154211784914594 -18.1801535169716253 32.3374493694409963
vn 0.2634636913349155 -0.7721146763231977 0.5782956077599967
v 110.2617839371811215 -18.3757642954530489 32.7482056406640964
vn 0.9600941523270217 -0.2789018481249136 -0.0208081181264764
v 110.7522843480271888 -18.2919441015577391 32.0493500067977095
vn 0.8300791597622497 -0.5576382367649921 -0.0028610183551095
v 110.7355471067284753 -14.8750642581977655 32.0220255927709587
vn 0.3762957394774355 -0.2771829208444068 -0.8840651247749191
v 108.5458773097280414 -18.1975491823622697 27.0142012761568218
vn -0.8729540205908046 -0.4535849740141415 -0.1794768767360850
v 107.4056770128506884 -18.1769031322263679 27.4528972302516543
vn -0.3521272257510075 -0.6228640675504160 -0.6986034427623801
v 107.8075258937705598 -18.3288539732780293 27.0515272436022975
vn -0.2841725363882513 -0.9505269224571443 0.1254772459325517
v 107.6376999455780492 -18.3750919393268539 28.0705297315577482
vn -0.8387336367914859 -0.3173384505031190 0.4425180158443351
v 107.4968641216203480 -18.1645985728709789 28.2430638112560963
vn -0.1884942555175339 -0.4408511213857126 0.8775649288855214
v 108.2136156632372490 -18.2831681054247639 28.5735744192106971
vn 0.7304035495782242 -0.4834852145685776 0.4824445067125410
v 108.8820820181222615 -18.3247863156696411 28.2284655865858198
vn 0.6374226356348833 -0.6722665563131216 -0.3764970927419962
v 108.8894052890957767 -18.3382827040076286 27.4162214520335077
vn 0.5875621007548754 -0.5417076398539926 -0.6011019969026345
v 108.7531383995515881 -14.8750001377933074 27.1789881651278549
vn 0.4723857058563639 -0.5268745731274737 -0.7065797400819863
v 104.5621379501832848 -18.3317247814056046 25.4293685632209119
vn -0.1410282359417886 -0.2668995898842791 -0.9533496974283628
v 103.9008962668064129 -18.1709142268039834 25.1828964304428240
vn -0.5067310432187517 -0.7923183762769337 -0.3397870516254540
v 103.2408684155099792 -18.3712685010435059 25.5749121908974217
vn -0.7152315888930431 -0.3448994795123746 0.6078553473332502
v 103.1596634986821357 -18.2057513336296957 26.4511929690407932
vn 0.2390987885291572 -0.5862743669310023 0.7740246352691509
v 104.2679072035871997 -18.2832785841158305 26.7733821918338002
vn 0.8006692683142953 -0.5782947768986125 0.1565371323004064
v 104.7123439144859987 -18.3297719296998096 26.1421819218450864
vn 0.0771212830956206 -0.5644286006987231 -0.8218714390991858
v 103.9346614275611103 -14.8749998143861948 25.1833525965476781
vn -0.4450339938880897 -0.5215618069682227 -0.7279546866365092
v 99.3832647167401717 -18.3223516004927909 26.9550562013348625
vn -0.9341322434677438 -0.3563925785520186 0.0195264350807572
v 98.8683546710229990 -18.2801078625878333 27.7909064770452936
vn -0.2978788097006227 -0.7170983788900011 0.6301096172291553
v 99.2728161146515475 -18.3600770469479997 28.4448468303163331
vn 0.5581667337277543 -0.3208000487018322 0.7652040421433962
v 100.0440310773459629 -18.1776458775711340 28.5276199379602460
vn 0.7034474299208840 -0.6422714677029057 -0.3043831058262896
v 100.5376182503098903 -18.3239037935416071 27.5300543798404576
vn -0.5242214548341130 -0.6362664016423830 -0.5660008237031636
v 99.1168236958703801 -14.8750001168728918 27.1797607570007678
vn 0.3458862399632319 -0.3230394367199566 -0.8809132938761627
v 98.2576626619401452 -18.1936296344140800 31.2279991442164651
vn -0.4584975645888998 -0.5697605780985973 -0.6820211630959848
v 97.4412735786789455 -18.3145727073756497 31.3274965904509628
vn -0.8746722066054563 -0.4825862895018018 0.0453762512425260
v 97.1336692203193905 -18.3408447981803668 32.0283479857530153
vn -0.3870909899022286 -0.3952570074711605 0.8330260881757880
v 97.6006993847333462 -18.2640155318424817 32.8223807473040026
vn 0.6928422720939140 -0.7093781308605033 0.1294304966250278
v 98.8112252043676875 -18.3603202853372309 32.1055108163285965
vn -0.6930945298949257 -0.7208452967532616 0.0014250538355281
v 97.1185110948965757 -14.8750001900573547 31.9999997633038511
vn 0.6151600295384099 -0.6253648819267991 -0.4801009295043941
v 100.3803422002976475 -18.3360477103402459 35.7714006204464638
vn -0.3466656813487304 -0.5947586794183379 -0.7253171848450685
v 99.3314327078401789 -18.3713031164176037 35.5107681261821568
vn -0.9409268555063094 -0.3082318013685864 -0.1401777771691547
v 98.8637508296745153 -18.1779698175806779 36.1801372973299564
vn -0.4482622848539485 -0.6194863872044845 0.6444358308209227
v 99.3203958683045585 -18.3463794540934977 36.9806535669927641
vn 0.7264560191779140 -0.2750482107535496 0.6297699055698432
v 100.3356506442378020 -18.1529394206780239 36.8274079124905143
vn -0.6245407410351462 -0.4182007997567393 0.6595884731179693
v 99.1271140114398577 -14.8749870661889183 36.8165028110629109
vn -0.9871587329087780 -0.1588729816569586 0.0166436697084371
v 97.3799258201006666 -14.8762513699215173 38.1639216672246704
vn -0.2837039637448303 -0.6700559766969918 0.6859570314882066
v 97.7696325990678048 -14.8743633241795123 38.5547795223176806
vn 0.6400037175473485 -0.5988663189104114 0.4814087385998173
v 109.9598453718069635 -14.8747584328324862 27.2926131376321059
vn -0.6628791406339457 -0.7415672288806436 0.1032922550953584
v 103.0152109393900304 -14.8747670755782195 39.6341434205553185
vn 0.2941502778050074 -0.6760630559942957 0.6755844568866950
v 104.2445911448522651 -14.8745950804632514 40.9843469979009072
vn -0.6630926957514788 -0.4616563847058379 -0.5892210614882774
v 94.9681460907080321 -14.8739373078858694 31.7292074547704352
vn -0.8419817690123639 -0.4479627763318235 0.3006593615237937
v 94.9364247898789841 -14.8750243864867553 32.2404614267373901
vn -0.5711198816931053 0.7239698111756924 0.3868976521524599
v 105.9119693562664253 -11.8749999886361177 30.4231479442694059
vn -0.1948252867938833 0.4745138030494379 0.8584170072530254
v 104.4398214000303966 -11.8745520637987383 29.4474140167267038
vn 0.3431145006515517 0.7188568154503358 0.6045802827774308
v 102.6896842436097330 -11.8750000074599544 29.8026827144445008
vn -0.6666521270473411 0.7382043010654366 -0.1030987458301306
v 106.5380682945778545 -11.8758977983260756 32.0925457265783933
vn 0.4412752885257314 0.8408342629739822 0.3134866216372441
v 101.9338248971825323 -11.8750000025325289 30.4844823336272057
vn -0.4186014647803051 0.7384136604118334 -0.5286946943189237
v 105.4614300716761903 -11.8758113526429607 34.0472873271980205
vn 0.0843103971675496 0.7370198792224683 -0.6705918688444921
v 103.3171956064304453 -11.8757524535917582 34.5266103649273006
vn 0.7831353607625250 0.6191872020977908 0.0574996998397325
v 101.3699683981733557 -11.8748558739580279 31.8216243001282031
vn 0.5414562243152171 0.7251448696776620 -0.4254292833485675
v 101.8198656058993521 -11.8749999948972160 33.3903992045413460
vn -0.0891156070930980 0.9344682988645746 0.3447135143703779
v 104.5826489716695704 -8.8752422797270931 29.5232015189047310
vn -0.3456491337938678 0.8649128176426556 0.3639402343585981
v 105.8257514541768671 -8.8750000014574226 30.3311402303781321
vn -0.4215669587074753 0.9038146734697506 0.0734869739947024
v 106.5245977820279393 -8.8748714544125935 31.7867760023686614
vn -0.4294883505376804 0.8633774875946916 -0.2648000579061506
v 106.0097439778394488 -8.8750000010638903 33.4395133602100856
vn -0.1592045913824105 0.8656613450657347 -0.4746412684773028
v 105.0113790454688711 -8.8750245548075402 34.3109830285495434
vn 0.1690109154227228 0.9273458209088501 -0.3338638029359637
v 102.9560667292353031 -8.8751861519750506 34.3910057017711424
vn 0.4600604965437403 0.8649823568702564 -0.2003743042984892
v 101.6439993892488616 -8.8748816272651343 33.0937563373858623
vn 0.4367561326254434 0.8987893146965210 0.0377074051271669
v 101.4227090904888229 -8.8750000007005383 31.7914115371708981
vn 0.4926130001775507 0.7913895479090943 0.3619875902794346
v 101.8966839971286049 -8.8749101176865164 30.4539517148987642
vn 0.1461501971473871 0.8625201359797684 0.4844575677014671
v 103.0720450434934179 -8.8749999981368362 29.6299384948955264
vn -0.4750031361255586 -0.8722741183985917 -0.1162320224501135
v 103.0345666239877289 -14.8761643968757049 24.3371236664546977
vn -0.4218422607466389 -0.4704595166721411 -0.7750593204528154
v 100.3962916984985583 -14.8723326062225620 23.6148114355975984
vn 0.3751346036841379 -0.6782085376842418 -0.6319075949305778
v 99.0994613637430035 -14.8852401483058792 25.8937149595796825
vn 0.9908189629641402 -0.1168751422806009 0.0679557484511435
v 112.3530264993208760 -14.8731924866332879 28.7657439917571587
vn 0.2750967813184382 -0.8784491020776735 0.3907031302244258
v 111.4157898475917108 -14.8745701910867041 29.8822715581974876
vn -0.4072605650712237 -0.4697741221077669 -0.7832311959669025
v 95.7236382096665750 -14.8750847803444124 28.3250855174809537
vn -0.8900293627054805 -0.4555406965909096 -0.0181771084484080
v 95.5300776105145104 -14.8750657036823508 28.7793504862599576
vn 0.8307112013107389 -0.4543723120486874 -0.3216592950007808
v 112.9464953201076440 -14.8741783979398434 31.7429739832820559
vn 0.4093564744933023 -0.4688914704344243 0.7826672765257645
v 112.1497152138552735 -14.8750381252452151 35.6729245508507304
vn -0.6452866555941189 -0.3799681126440576 0.6627438158790089
v 106.1410085751562917 -14.8725113154755562 39.6062656569445295
vn -0.7631683535080300 -0.1127475932909615 0.6362877056889742
v 100.2649101558585869 -14.8749515629049416 40.2272307489324348
vn 0.0901688175903956 -0.8115890442922351 0.5772285574355848
v 100.7272404531560426 -14.8746139874413732 40.4121878841158235
vn 0.5425213502614002 -0.7290769942290304 0.4172736763761995
v 101.8185252111616990 -14.8746593545267114 39.4480213819903156
vn 0.3406000986359242 0.0484040548130064 0.9389614583607030
v 103.0776477457142306 -11.8467109665595753 38.6994167978578147
vn 0.2078880683443738 -0.0551303763641759 0.9765977639960012
v 101.8669655114119337 -11.8741304738259856 40.7826027767845360
vn 0.4390131975317231 0.8712034508207195 0.2197088065395707
v 101.9197193881445855 -8.8759202708176872 39.3322661333948318
vn 0.8593843750457570 0.0036810092649643 0.5113168744506725
v 102.7899505627222396 -11.8756574853728054 39.8169558022118792
vn -0.7824592333296639 0.4739529491824118 0.4038887843682327
v 100.2657059318472790 -8.8751812110364749 40.2230569156827258
vn 0.1750596940790216 0.4430392191086031 0.8792441946584570
v 100.7191912280590032 -8.8753001486127268 40.4075777785437111
vn -0.9053274840365908 0.3617195486665520 -0.2225783339870307
v 100.1716522958523399 -8.8752243134989595 38.6339270692962486
vn -0.8089224283791167 0.4539003295178578 -0.3736562534319650
v 97.4017711531631960 -8.8749662333585952 25.8053935497608968
vn -0.0054608820517535 0.4804197289593810 -0.8770217002981237
v 97.8152099513360724 -8.8747433688848609 25.4366183841733573
vn 0.2629416791897128 0.4718005753203685 -0.8415853435464898
v 100.7046312679221813 -8.8753992877468875 23.5798739598167302
vn -0.8891757901819711 0.4546107611333615 -0.0519179161370439
v 95.5298669629731876 -8.8749766702420061 28.7798924826804097
vn -0.6699539463115940 0.4702274918687156 -0.5744978813819760
v 94.9341079337338840 -8.8848045348758991 31.7454478788401282
vn -0.7546346504235331 0.4422471857876811 0.4847101928400394
v 94.9351347388791567 -8.8754058813808516 32.2453288232422395
vn -0.1250669460222929 0.5988441225543655 -0.7910398067700191
v 96.2772477091359207 -8.8759620879755623 31.0823641382435767
vn -0.1065645117748928 0.8185641334946170 0.5644437653003046
v 96.2109532506191982 -8.8751413458342299 32.9014748212685504
vn -0.7255914588382744 0.4831471435963219 0.4899855839671814
v 95.7190541845336895 -8.8764344836506517 35.6992220641855766
vn 0.7764388288099259 0.4699439333194023 -0.4198755108988376
v 107.6041817328243866 -8.8755711356412874 23.7625227263703707
vn -0.6592652101858910 0.6015444384858331 -0.4511248953065180
v 97.9170421619605236 -8.8751156979930581 36.6978753424200406
vn 0.9482889789873056 0.1063071282859501 -0.2990765902019212
v 110.4746454760492611 -8.8774333306073121 25.7924373952443524
vn -0.8799031166223310 0.4668570343426003 0.0884025726047648
v 97.3901234411241887 -8.8748428305187019 38.1663820250316732
vn 0.2509052780266742 0.8658675472600635 0.4328047274004743
v 99.1457431615260703 -8.8735291212233633 38.0739193197364898
vn 0.6415481641247713 0.4545581661532926 -0.6178938636137205
v 112.1549418264108766 -8.8749343896063291 28.3343855425372446
vn 0.8377535422602954 0.4724014800947812 0.2738719482433118
v 112.3396095483994515 -8.8750528704424489 28.7893538350586020
vn 0.3914055994381226 0.8114406374796759 -0.4340112309319442
v 109.6743004261776946 -8.8754539803247940 36.4167433297998713
vn -0.5083097243594523 0.5968050635214877 0.6208421218608887
v 108.4908606750581725 -8.8750671354033592 37.8777875209490631
vn 0.6743572607429764 0.0678558152645807 0.7352808124913967
v 100.0264917076977156 -11.8562124117062080 38.6554721766634515
vn -0.3425279166570998 0.4414087737215741 0.8293569320818167
v 97.7600854996297812 -8.9125177050313091 38.5524691019568593
vn -0.8668107315063109 -0.0503870364719978 -0.4960849748793685
v 98.6545277577068305 -11.8947007857409019 37.3968754939555694
vn -0.6940439014444133 0.2501313806104703 -0.6750832210192440
v 96.0898480113749258 -8.8723658645895043 34.3968977447455373
vn -0.3082806049399900 0.0002372072585904 0.9512954390464354
v 96.3213976499082492 -11.8944775245611627 36.7687981908939534
vn 0.0981019651661634 0.8168667631246878 0.5684229901514645
v 97.2935945588026385 -8.8757810205587120 35.7515537097676557
vn 0.3659989844319906 -0.0015957695243089 0.9306138817546066
v 97.8193314645116061 -11.8975091108762996 36.6427293831905416
vn -0.9989189802675218 -0.0275688223609566 0.0374276755212558
v 96.0135065323746204 -11.8888292935252924 36.3027846744726972
vn 0.0674070165832752 0.0010407741380218 0.9977250176799897
v 96.7811008548369074 -11.8828258329071339 33.9215689837258125
vn -0.3606989890620847 0.0011180286522623 -0.9326816119670863
v 96.2895033754054310 -11.8960643915362745 32.1168741763756742
vn -0.2958357303657111 0.8717807092465713 0.3904863834047627
v 96.4737929665129599 -8.8753676606098519 29.8704741000944054
vn -0.4279197294575951 0.0664808759225966 0.9013684031945555
v 96.3072052261488238 -11.8872197298584243 30.9492589218535841
vn -0.7783977086114345 -0.0065770595221455 -0.6277370066488914
v 95.2864961259015359 -11.8660690445589392 29.4666034733822926
vn -0.3623738288429982 0.4582483981737668 -0.8115994170407235
v 95.8090786957291414 -8.8745673094391595 28.2822756948197949
vn 0.2441764819863959 0.3606364805937190 -0.9001773017076823
v 97.4001629244859117 -8.8750759404394142 28.2790117770386082
vn -0.9993143332705752 0.0003817122802661 0.0370232037473927
v 96.6075557088466184 -11.8752460710765479 26.7261218277457466
vn -0.7299932158041553 0.0027533749653017 0.6834488450544111
v 97.2604262246816376 -11.8555176804199469 28.0795546191032450
vn -0.4973363099519249 0.8187799822151141 0.2868029559248307
v 97.8441814695268448 -8.8749637670168671 27.1527879003668069
vn -0.4954360696936491 -0.0053773930507737 -0.8686277594519343
v 96.9046718161662142 -11.8920905514719077 26.3593401424402174
vn -0.5678043908853038 0.8183799312292328 0.0886141176822599
v 100.1660140366340244 -8.8743073237508963 25.2817560513647095
vn -0.6360387250677169 0.4573066482588410 -0.6215507780322521
v 100.2523232695185698 -8.8764624684322921 23.7738973689067059
vn 0.0193587746986915 0.0490147940716100 -0.9986104284475918
v 99.6074925306944721 -11.8621126441333011 24.0944823131120600
vn 0.5008704741989477 0.7914786497526517 -0.3502717731439981
v 101.8256874314785989 -8.8760449164097146 24.5407003528011707
vn -0.5709883796583533 0.0002823345452219 -0.8209580930731681
v 102.1666103139792483 -11.8632123363504807 25.4817665464543452
vn -0.4766175807155111 0.8696407357070568 -0.1286882766680107
v 103.0584108146109941 -8.8742301686732592 24.2185732184452220
vn -0.9996308372780267 -0.0006129785497602 -0.0271627211473560
v 101.9865485248927541 -11.8909018126077495 24.5816072134162091
vn 0.2435689176113836 -0.0003677002037522 -0.9698835224758585
v 102.9562490815749385 -11.8873330152335885 23.0435518359479197
vn -0.3394609231291076 0.4504008439638806 -0.8257756120308702
v 103.6845604759857196 -8.8876526971607070 23.0001674030793595
vn 0.5639132866934655 0.4708593147296862 -0.6784491954618737
v 104.2034219536955391 -8.8749112646632557 23.0047164377213171
vn 0.9207489484186885 0.3611927169754532 -0.1475167624026827
v 104.8444370021251189 -8.8763193801845226 24.3609140419089734
vn 0.2794980315884287 0.8506371641906714 -0.4453058109163257
v 104.8028569645926780 -8.8750250393826686 25.3027775668882065
vn -0.4999740812953866 0.8183721703576696 -0.2833600339090034
v 105.9374220718643329 -8.8744479461504699 24.6710178958469726
vn -0.9023417290038529 -0.0674467369465591 -0.4257115711060705
v 104.9993450088906997 -11.8809551155210009 24.3432372842534477
vn -0.0102142562911739 0.4548788556832232 -0.8904947476660037
v 107.1483751622107548 -8.8773109826116379 23.5803009574907598
vn 0.5793097739070687 -0.0027959670114239 -0.8151026735474567
v 106.4475300034212211 -11.8743004109444499 23.3555779738486891
vn 0.9118539466438794 0.3612361737541266 0.1950148885635643
v 107.7233868691345577 -8.8770768790960606 25.1848091755963566
vn -0.1854476083168493 0.9018061349325436 -0.3903266318963998
v 108.0736631971223574 -8.8750389898171118 26.6407248910027228
vn 0.0798271165257863 -0.0034782680171900 -0.9968026550520315
v 109.1692890935586604 -11.8879839026401868 24.6648686881776626
vn -0.6834109066299114 0.0650485534960975 -0.7271301247970323
v 107.7889318762623247 -11.8649392055171692 25.3959677896664218
vn -0.3548055275343451 0.7276493822603972 -0.5870599748979124
v 108.7290528480370568 -8.8764129677857113 25.9219065295506255
vn 0.1386862479028302 0.8100808682752331 -0.5696798324472082
v 110.1228257747288382 -8.8753279283601696 25.4591398413565919
vn 0.9129271033270135 0.0020702444580074 0.4081174072480029
v 109.2621009564103645 -11.8806458051364192 26.5074873506964579
vn 0.5495605072523372 0.7412656278919870 0.3853680289988420
v 110.0532350261054688 -8.8761166468661798 27.1283411370983885
vn 0.9009215028201755 0.0084315394083197 -0.4339001669732824
v 109.5838276108605669 -11.8883275720123311 25.0153054881174910
vn -0.0140609616496087 0.8999081673377517 -0.4358527041516406
v 109.8096721548935335 -8.8750445991107512 28.6328353679103209
vn 0.4564945161147410 -0.0002056139289724 -0.8897262019745629
v 111.5990492282323174 -11.8639773722341637 27.2471148260931990
vn -0.0644099427932552 0.8720839137243188 -0.4850989658746392
v 110.7238410110343523 -8.8746608492027708 28.2183468527014369
vn -0.3224376416014636 0.0658788615593932 -0.9442954743501233
v 110.1663263269562094 -11.8678357765617797 27.3247119033283816
vn 0.9973753404317159 -0.0069056349879903 -0.0720745621154334
v 111.8347202808469234 -11.8908573216885571 27.6668017258691457
vn 0.4439165587470209 0.6015328896409875 0.6641507897686837
v 111.3190240965952427 -8.8752586425893885 29.9354579208805482
vn 0.7152110591933545 -0.0672259231129263 -0.6956678920786376
v 112.8441863568010604 -11.8847082427598618 30.5277880036044174
vn 0.5973765555901785 0.6371232765250460 -0.4870474118001286
v 112.8210859800127110 -8.8872052904975796 31.5299301840257726
vn 0.0464031392719305 0.1111182106900529 -0.9927232705637311
v 111.2440574865588303 -11.8575556912401971 30.0554862058723380
vn 0.0353051714222661 0.8899241934498292 -0.4547400078984863
v 111.1967693285427004 -8.8752058591732954 31.0616915093637225
vn 0.1671662818474856 0.5991928812480399 0.7829580609936647
v 111.5591456097592982 -8.8757765740078778 32.9137576364794811
vn 0.7780710237599617 0.1749817920759931 0.6033132307740310
v 112.9282225442116641 -8.8816735791122827 32.2465277187889399
vn 0.9699439650905856 0.0223101166630344 0.2423034528826096
v 112.8885379085045599 -11.9208839944252034 31.0428500729988492
vn 0.2917344471640915 0.9001510245128637 -0.3234488296567233
v 110.4668269496673219 -8.8750925267891905 33.7818832563286762
vn 0.3429488035394003 0.8160027457903275 0.4653231533177130
v 109.7784960410717048 -8.8760088452620050 35.4922371274004647
vn 0.9288214372441741 0.0669003743792835 -0.3644380298810465
v 112.7037846746170828 -11.8637607728699077 34.0483164577845372
vn 0.3420276509890789 0.8170263183966598 -0.4642037063683277
v 111.3359928363659748 -8.8746507351424064 34.0467979843152975
vn 0.8908958982570970 0.4538898158069598 0.0169862760899549
v 112.3555389566685960 -8.8789261239220103 35.2149564757981253
vn 0.2488489620975232 0.3026250003448059 0.9200501634309358
v 112.0957967957077841 -8.8740524660990996 35.7295991344356239
vn 0.0396843144423451 0.0748795178138332 0.9964026359856787
v 111.3785592531016420 -11.8674653334146374 34.7929408198176162
vn 0.7978007717428321 -0.0058291560349919 0.6028929834941366
v 112.5935721397514300 -11.8584525273766435 34.5260954214101972
vn 0.9966185471772691 -0.0013920183892181 0.0821555458083848
v 111.2553273761415937 -11.8757530316680739 37.2618637814135809
vn 0.5239278468233394 0.8124226453010097 -0.2558692180102349
v 110.1375224927727743 -8.8753460995541023 37.0719753889291539
vn 0.7936295397043183 0.4478368248297740 0.4118183240642631
v 110.4746294398960771 -8.8753829652462901 38.1865682053265800
vn 0.4035586672558567 -0.0195187206919625 0.9147455502079394
v 110.9401502596906681 -11.8953439709442037 37.6568796629936955
vn -0.0145378941021081 0.4507996076013092 0.8925067862047781
v 109.9348983042114298 -8.8720779049334837 38.5569502033632645
vn -0.8092091252347143 0.3633294910312149 0.4617058290555433
v 105.9461160420701162 -8.8758022092207831 39.2789867610333516
vn 0.4874275633332192 0.8708159687478128 -0.0639837407225406
v 107.7245894855328743 -8.8746036876043206 38.8087789028773074
vn 0.9381917529423723 0.0015369172318403 -0.3461125143596241
v 108.6134438807833362 -11.8793653370346117 38.2089889853731393
vn 0.6159660564210354 0.4481209966195848 0.6478992126293934
v 107.6209948577302100 -8.8785485667757271 40.2126640266294757
vn 0.9303164454488216 0.0012303864426523 0.3667557736105475
v 108.6847766757638851 -11.8748790762471597 39.6532634431869440
vn -0.2973920161316020 0.4706219815111712 0.8307062894065987
v 107.1024593284669919 -8.8733971823357649 40.4118732104413425
vn 0.0785879304460255 0.4612933240949159 0.8837603783456653
v 103.9816959136808094 -8.9089924876159827 41.1138912762755950
vn 0.6571483117174542 0.7318692352040121 0.1803427818594185
v 104.8321117935532527 -8.8737033803813592 39.6675059911069638
vn 0.9993254024886006 0.0006464517548366 0.0367195049139438
v 105.8831565945361319 -11.9035210898864730 39.3177916634799587
vn -0.8474340370266443 0.4422042170997357 0.2937873095760504
v 103.0581049531888027 -8.8727688950228600 39.8829459380153963
vn 0.2143939807058223 -0.5965488208081499 0.7734110973017632
v 102.1520298348215618 -14.8751336164570063 38.5385213066761736
vn -0.9965798596448898 -0.0026884769091561 0.0825914973958021
v 101.3988469023105523 -11.8735234433154737 38.2756692849341817
vn -0.6609035505523658 -0.0065743110460347 0.7504420532603078
v 101.4042038632122882 -11.8663876308364600 40.6399279632928483
vn -0.6534095371383267 -0.7414867806013857 -0.1524904291097312
v 100.1723381919967153 -14.8732949863485242 38.7258855445812884
vn -0.9998462122989148 -0.0018466351466277 -0.0174396585444942
v 101.1130604191666436 -11.8681941082742792 39.1637617961334925
vn -0.1680795792937421 -0.5024125077935654 0.8481337907647705
v 99.7995984689985818 -14.8719146916968405 37.3562021157090598
vn 0.0532559510953283 -0.0003328459043278 0.9985808394349133
v 98.6950082146760934 -11.8864246292296407 39.3237453770581311
vn 0.4053059349153446 -0.7548957076070483 0.5156157190765738
v 99.2577414107478688 -14.8756584111953369 38.0146334596602813
vn -0.8484497572231824 -0.4742040694597300 0.2350819218395030
v 98.4922169792493918 -14.8692463692587005 36.0625626349833297
vn -0.8670816424576470 -0.0006063188176503 0.4981656930083007
v 98.2875906462603268 -11.8789650604936448 39.0144724245677423
vn -0.5904351293550874 -0.4043796927614073 0.6984722056786735
v 95.7405363190389807 -14.7276937720035779 35.7512363415933621
vn 0.0063280836777670 -0.8482846535169839 0.5295026930663694
v 97.2060820474324174 -14.8817706749544438 35.7698298375727433
vn -0.8757576126768235 -0.4610825292781853 -0.1430087585884932
v 95.5056068648484171 -14.8701787019553677 35.2512327055715105
vn -0.4914151556636920 -0.3632232444820218 -0.7915680763219186
v 96.5104969150139311 -14.8749518811063108 34.0855807674889775
vn -0.6823088349820463 0.0664438441202507 -0.7280383707497611
v 96.8286645334572285 -11.8584682929967382 35.1018255104932564
vn -0.0485582713729587 -0.7234477065474666 0.6886693765316421
v 96.7468383232249920 -14.8745402987275064 32.9347844410225861
vn -0.1834373793766827 -0.8691440992943760 0.4592812455448003
v 95.7653404483915551 -14.8748082929870709 32.7135787254537433
vn -0.7530110198751964 -0.0694688342908564 0.6543305624902341
v 95.0328975449946256 -11.8894373134905305 33.4552170034379870
vn -0.2938123376912065 0.0000119960304269 0.9558631230864196
v 95.7964348758912507 -11.8500148632330937 33.7905605978678807
vn -0.9630484074139467 0.0026478298690767 -0.2693153429985853
v 94.9748795544550433 -11.8699606592361455 32.9733875536568917
vn -0.1252516410712727 -0.5977307370201835 -0.7918522541675697
v 96.2769279223060863 -14.8730063470211800 31.0830906407454179
vn -0.9085480066280771 0.0006302358310683 0.4177799928849450
v 95.1499341554517031 -11.8749730570828138 29.9371098096269677
vn -0.3345430404795929 -0.8232071043759682 0.4587058069957296
v 96.5517505405575065 -14.8758399566707880 29.9590012185268968
vn 0.2016078493602346 -0.3621983734319962 -0.9100366000109870
v 97.1323885675976015 -14.8735198189055602 28.2087817026399676
vn 0.0219650349294069 -0.0006842145409598 -0.9997585053856816
v 96.7439316929454236 -11.8709829109247931 29.1767822514928881
vn -0.4895151921061474 -0.8169831756306647 0.3048169408574863
v 97.9203388568937640 -14.8756249021274911 27.2865712458082648
vn -0.6704575706188154 -0.6164232500831353 -0.4129273819412569
v 97.3847401703149416 -14.8740996719043288 25.8107736624409014
vn 0.4279990318620941 0.0059426598527438 -0.9037596547307171
v 98.4502788092616044 -11.8882521347348060 26.6782246956942686
vn -0.0826216077047970 -0.0768372796684040 -0.9936144636595394
v 97.6592252082799916 -14.6957091107866233 25.5093223464937502
vn -0.7176791983623906 -0.6684265819334162 0.1953009800352424
v 100.1778567437287109 -14.8759107365808259 25.4032041339269767
vn 0.8070376161841311 -0.0517939961731511 -0.5882241647741538
v 100.9499725653712545 -11.8845899712579577 25.0217481411708853
vn -0.9427234185088664 -0.0000589035195646 -0.3335754078545539
v 99.1608414436558832 -11.8673551882562656 24.3720028795710064
vn -0.9339571227916398 0.0662761190590938 0.3511859462296671
v 99.2860525778073537 -11.8733266531237476 25.8817958808446775
vn 0.5428599328141741 -0.6114553221430575 -0.5756956508155330
v 101.6604334740599000 -14.8725691114029370 24.3201720977410538
vn -0.3416025036477204 -0.4577322555326269 -0.8208464605190322
v 103.6823485919886423 -14.8747386586294059 23.0007177110298500
vn -0.7462192647706267 -0.0016011674963304 -0.6656983139139183
v 102.4518303685126455 -11.8709960844987013 23.1214431635609046
vn 0.9332751577650437 -0.0029476172470571 -0.3591500959921881
v 103.7918440584029298 -11.8756442654227925 24.2647817540835540
vn 0.5790984803904493 -0.4786613492951369 -0.6599456513232217
v 104.1961288491668967 -14.8752941424809784 23.0027713303182324
vn 0.7937838394164910 -0.6004411965231620 -0.0968379357434274
v 104.8693752381476401 -14.8748458296740225 24.6350238905637902
vn -0.4389494892267797 0.0007711833440107 -0.8985114084883947
v 105.9595195913030494 -11.8728825637640583 23.2391745179693885
vn -0.0312596314698400 -0.4542390355398125 -0.8903312496100712
v 107.1199402487742276 -14.8692223682616795 23.5731180949201260
vn -0.3964329902214173 -0.8707924348812269 -0.2907944628388404
v 106.0290600051106509 -14.8750277798623713 24.5714448597558892
vn 0.9970615632104045 0.0467827973309981 0.0606597810934998
v 106.7549180456358613 -11.8908149411039883 24.7875612309327877
vn 0.7644005163847938 -0.4788974142048584 -0.4316817313931190
v 107.5940071223048307 -14.8720411174738754 23.7311703789122994
vn 0.7894706101512114 -0.5978761162282260 0.1388535392106618
v 107.7250264907690394 -14.8746212360185286 25.2321981014777244
vn 0.9693264541001819 -0.0883155499832411 -0.2293612631041382
v 106.4726608601745710 -11.8682185498026698 25.7278080577102628
vn 0.0457671468470851 -0.0503993622340216 -0.9976799449502236
v 107.2930683632973086 -11.8828082496738343 26.1424225637692018
vn -0.3584036929398542 -0.8165999710524906 -0.4524503068450128
v 108.6157097358549635 -14.8731472512632550 25.9920560408217334
vn 0.3477140301940485 -0.4494800932411660 -0.8228381365652209
v 110.1059713702644416 -14.8634169401445337 25.4381809179238552
vn 0.8774675120465010 -0.4728256794277471 -0.0805396931743169
v 110.4832597528151581 -14.8748634141969642 25.8038482357061909
vn 0.3339678055474989 -0.8124100917226769 -0.4779700280613209
v 112.1458080723137414 -14.8743738650527604 28.3136169796411359
vn -0.1976948853327213 -0.6613655113625082 -0.7235415625197285
v 110.5482005718436511 -14.8755776425736581 28.2512971526545194
vn 0.6073468063799616 -0.0004082912762898 0.7944367124436629
v 110.9505658608620280 -11.8527295062788802 28.9904483932149972
vn 0.0579533188373014 -0.8182673232092342 -0.5719090842115874
v 111.4928196124152890 -14.8716419516545280 31.0581845776198726
vn 0.1311407015178417 -0.6008052177670743 0.7885652837332282
v 111.3544071800877902 -14.8748580908249011 32.9316847775764643
vn 0.6626723849238175 -0.4730591208312049 0.5805862368828487
v 112.9391434492900004 -14.8756645802802705 32.2800128075969326
vn 0.4871673563475051 -0.0020500037876195 0.8733062260134492
v 110.7359735276413915 -11.8823511420155246 31.9961295509347465
vn 0.3960485403731313 -0.0000763533663285 0.9182295725135822
v 111.8100658531542990 -11.8683832842211157 31.7757709620192585
vn 0.4775520789480330 -0.0545044668625105 -0.8769112127145171
v 111.7281534165809234 -11.8930047601396289 33.1323623202908024
vn 0.2115695803172829 -0.9285264919213232 -0.3050850151755242
v 111.4062856340600263 -14.8756071825828649 34.1372724352436734
vn 0.8779355813561517 -0.4407787080443326 -0.1869311250798133
v 112.3552844028906748 -14.8726245427159274 35.2026512478410609
vn -0.1624237755760617 -0.3599793404825436 0.9187128994160091
v 110.7190297096335314 -14.8733530919759520 35.7760092568698553
vn 0.5142461075070344 -0.7536045519492829 -0.4094277960705454
v 109.9094633757032682 -14.8755249039318063 36.6304254873631336
vn 0.7727017960785526 0.0665923631418216 -0.6312664980086991
v 110.6189371833443573 -11.8882359379683873 35.9433897246219018
vn 0.3029286015966201 -0.1186619717690271 0.9455969536703273
v 110.1480560503036656 -14.8717094633703812 38.5405323886841487
vn 0.5705382464624398 -0.8123305214345214 0.1208521132189367
v 110.4938368917851790 -14.8740248413045979 38.1613762736991688
vn -0.2644532598923155 -0.8771961006028468 0.4007386609992695
v 108.6636646925709044 -14.8752395032810849 38.0147557062405710
vn -0.4780036427818233 0.0433680516247622 0.8772865720992081
v 109.4279219649625787 -11.8799491744907719 37.3266578378575034
vn 0.5685948654792377 -0.8225821185732587 -0.0076509577294191
v 107.7218993248651486 -14.8755459660112148 38.7151555925714916
vn 0.3961915373887866 -0.4585257955468708 0.7954786989729008
v 107.4762350685750789 -14.8756765018298669 40.3784597624231765
vn -0.7907411997511424 -0.0069276604397430 0.6121113971630945
v 106.9293265450465356 -11.8643543952614969 38.9714156115317607
vn -0.0537132831591860 0.0449952029165463 0.9975421369179149
v 108.2267791304743128 -11.8813982662769426 39.9030687853648587
vn 0.9478592534668359 -0.3132939446108674 -0.0583929780663325
v 105.2953033875026421 -13.5779391280994304 39.1740264146985879
vn -0.9340812181269279 0.0694795599051918 0.3502354475176599
v 104.0707971686908593 -11.8597299722351082 39.6996923911581590
vn 0.6416500708432612 -0.7560330678573814 0.1292253337894468
v 104.8764485398462227 -14.8749946707682366 39.4393090710145628
vn 0.7783627919329310 -0.0542334798589411 0.6254678998931622
v 105.4158075700046027 -11.8586388490234480 40.8867828571869367
vn 0.9230329519359248 -0.3114364974103313 0.2258704888232134
v 105.3064798636525410 -13.2976418174078486 39.8757234577730628
vn -0.4079100739841270 -0.0528430997463679 0.9114916227544054
v 104.9092798751661064 -11.8761223393735609 40.9642682079191687
vn -0.6410091070439260 -0.1443446918154480 0.7538381355645600
v 103.6680033895366506 -14.8749090681148939 40.9810832010131421
# 4919 vertices, 0 vertices normals

f 887//887 560//560 559//559
f 2//2 887//887 559//559
f 3//3 887//887 2//2
f 886//886 887//887 3//3
f 886//886 5//5 4//4
f 886//886 3//3 5//5
f 6//6 886//886 4//4
f 900//900 8//8 7//7
f 900//900 6//6 8//8
f 900//900 886//886 6//6
f 872//872 900//900 7//7
f 9//9 900//900 872//872
f 10//10 900//900 9//9
f 11//11 900//900 10//10
f 12//12 13//13 1//1
f 14//14 13//13 12//12
f 14//14 15//15 13//13
f 901//901 15//15 14//14
f 901//901 11//11 15//15
f 901//901 16//16 19//19
f 901//901 17//17 16//16
f 901//901 900//900 11//11
f 901//901 18//18 17//17
f 901//901 14//14 18//18
f 37//37 901//901 19//19
f 772//772 901//901 37//37
f 20//20 12//12 1//1
f 21//21 12//12 20//20
f 21//21 14//14 12//12
f 22//22 14//14 21//21
f 22//22 18//18 14//14
f 23//23 18//18 22//22
f 23//23 17//17 18//18
f 24//24 17//17 23//23
f 25//25 16//16 17//17
f 25//25 17//17 24//24
f 25//25 19//19 16//16
f 26//26 19//19 25//25
f 26//26 27//27 19//19
f 26//26 28//28 27//27
f 29//29 28//28 26//26
f 31//31 28//28 29//29
f 31//31 29//29 30//30
f 32//32 34//34 33//33
f 35//35 34//34 32//32
f 35//35 31//31 34//34
f 781//781 31//31 35//35
f 36//36 31//31 781//781
f 36//36 28//28 31//31
f 36//36 27//27 28//28
f 37//37 27//27 36//36
f 37//37 19//19 27//27
f 39//39 46//46 38//38
f 39//39 38//38 41//41
f 40//40 39//39 41//41
f 42//42 43//43 59//59
f 42//42 40//40 43//43
f 44//44 40//40 42//42
f 44//44 39//39 40//40
f 45//45 39//39 44//44
f 45//45 46//46 39//39
f 47//47 46//46 45//45
f 47//47 48//48 46//46
f 750//750 48//48 47//47
f 750//750 49//49 48//48
f 61//61 50//50 62//62
f 51//51 50//50 61//61
f 51//51 52//52 50//50
f 53//53 52//52 51//51
f 53//53 55//55 52//52
f 54//54 55//55 53//53
f 56//56 55//55 54//54
f 56//56 57//57 55//55
f 58//58 57//57 56//56
f 59//59 57//57 58//58
f 59//59 60//60 57//57
f 43//43 60//60 59//59
f 40//40 60//60 43//43
f 40//40 41//41 60//60
f 63//63 902//902 855//855
f 182//182 63//63 855//855
f 903//903 902//902 63//63
f 64//64 903//903 63//63
f 67//67 64//64 63//63
f 67//67 65//65 64//64
f 67//67 66//66 65//65
f 68//68 66//66 67//67
f 177//177 69//69 68//68
f 177//177 71//71 69//69
f 177//177 68//68 67//67
f 70//70 904//904 71//71
f 70//70 71//71 177//177
f 77//77 70//70 177//177
f 51//51 61//61 72//72
f 51//51 72//72 73//73
f 53//53 51//51 73//73
f 53//53 73//73 74//74
f 78//78 58//58 56//56
f 78//78 59//59 58//58
f 42//42 59//59 78//78
f 757//757 42//42 78//78
f 757//757 78//78 857//857
f 177//177 78//78 53//53
f 53//53 78//78 54//54
f 54//54 78//78 56//56
f 177//177 53//53 74//74
f 177//177 74//74 75//75
f 177//177 75//75 76//76
f 177//177 76//76 77//77
f 78//78 177//177 80//80
f 79//79 78//78 80//80
f 81//81 79//79 80//80
f 81//81 80//80 82//82
f 83//83 81//81 82//82
f 83//83 82//82 84//84
f 85//85 83//83 84//84
f 85//85 84//84 86//86
f 87//87 85//85 86//86
f 87//87 86//86 88//88
f 89//89 87//87 88//88
f 89//89 88//88 90//90
f 94//94 92//92 91//91
f 93//93 91//91 92//92
f 95//95 94//94 91//91
f 96//96 95//95 91//91
f 97//97 96//96 91//91
f 89//89 97//97 91//91
f 89//89 98//98 97//97
f 90//90 99//99 98//98
f 90//90 98//98 89//89
f 90//90 100//100 99//99
f 127//127 101//101 102//102
f 127//127 110//110 101//101
f 103//103 105//105 104//104
f 103//103 106//106 105//105
f 103//103 107//107 106//106
f 103//103 108//108 107//107
f 103//103 112//112 108//108
f 103//103 104//104 109//109
f 126//126 103//103 109//109
f 126//126 111//111 110//110
f 126//126 109//109 111//111
f 126//126 110//110 127//127
f 99//99 102//102 101//101
f 99//99 100//100 102//102
f 113//113 63//63 114//114
f 113//113 67//67 63//63
f 115//115 114//114 116//116
f 115//115 113//113 114//114
f 117//117 115//115 116//116
f 117//117 116//116 118//118
f 119//119 118//118 120//120
f 119//119 117//117 118//118
f 121//121 120//120 122//122
f 121//121 119//119 120//120
f 123//123 122//122 124//124
f 123//123 121//121 122//122
f 125//125 124//124 126//126
f 125//125 123//123 124//124
f 127//127 125//125 126//126
f 130//130 128//128 129//129
f 117//117 119//119 131//131
f 119//119 132//132 131//131
f 121//121 132//132 119//119
f 123//123 132//132 121//121
f 115//115 131//131 133//133
f 115//115 117//117 131//131
f 125//125 132//132 123//123
f 125//125 130//130 132//132
f 113//113 115//115 133//133
f 113//113 133//133 67//67
f 127//127 130//130 125//125
f 127//127 128//128 130//130
f 134//134 128//128 127//127
f 136//136 135//135 134//134
f 102//102 134//134 127//127
f 102//102 136//136 134//134
f 138//138 475//475 137//137
f 139//139 475//475 464//464
f 139//139 137//137 475//475
f 140//140 139//139 464//464
f 141//141 475//475 138//138
f 143//143 140//140 464//464
f 143//143 464//464 144//144
f 145//145 147//147 142//142
f 148//148 147//147 145//145
f 150//150 149//149 146//146
f 151//151 141//141 138//138
f 151//151 146//146 141//141
f 152//152 146//146 151//151
f 150//150 146//146 152//152
f 1080//1080 148//148 145//145
f 153//153 148//148 1080//1080
f 154//154 143//143 144//144
f 154//154 1080//1080 143//143
f 154//154 153//153 1080//1080
f 156//156 1018//1018 995//995
f 156//156 995//995 155//155
f 156//156 155//155 157//157
f 158//158 156//156 157//157
f 158//158 157//157 168//168
f 159//159 158//158 168//168
f 128//128 134//134 172//172
f 161//161 128//128 172//172
f 162//162 163//163 144//144
f 162//162 144//144 464//464
f 456//456 162//162 462//462
f 641//641 165//165 160//160
f 641//641 160//160 164//164
f 456//456 163//163 162//162
f 166//166 163//163 456//456
f 450//450 166//166 456//456
f 446//446 161//161 166//166
f 446//446 166//166 450//450
f 445//445 446//446 450//450
f 449//449 445//445 450//450
f 446//446 153//153 154//154
f 446//446 154//154 128//128
f 446//446 128//128 161//161
f 153//153 641//641 167//167
f 167//167 641//641 164//164
f 153//153 167//167 159//159
f 153//153 159//159 168//168
f 168//168 148//148 153//153
f 100//100 171//171 169//169
f 100//100 169//169 170//170
f 100//100 172//172 171//171
f 90//90 172//172 100//100
f 173//173 86//86 84//84
f 175//175 86//86 173//173
f 175//175 88//88 86//86
f 173//173 84//84 82//82
f 174//174 173//173 82//82
f 174//174 82//82 80//80
f 177//177 174//174 80//80
f 176//176 88//88 175//175
f 176//176 90//90 88//88
f 161//161 172//172 90//90
f 161//161 90//90 176//176
f 178//178 161//161 176//176
f 171//171 134//134 135//135
f 171//171 172//172 134//134
f 169//169 171//171 135//135
f 169//169 135//135 136//136
f 170//170 169//169 136//136
f 100//100 136//136 102//102
f 100//100 170//170 136//136
f 101//101 833//833 99//99
f 101//101 827//827 833//833
f 126//126 144//144 103//103
f 180//180 179//179 120//120
f 180//180 120//120 118//118
f 179//179 122//122 120//120
f 181//181 122//122 179//179
f 181//181 124//124 122//122
f 180//180 118//118 116//116
f 181//181 126//126 124//124
f 183//183 126//126 181//181
f 182//182 180//180 116//116
f 182//182 116//116 114//114
f 63//63 182//182 114//114
f 154//154 126//126 183//183
f 154//154 144//144 126//126
f 184//184 154//154 183//183
f 188//188 187//187 185//185
f 188//188 185//185 186//186
f 188//188 189//189 187//187
f 190//190 189//189 188//188
f 190//190 191//191 189//189
f 192//192 191//191 190//190
f 192//192 193//193 191//191
f 195//195 193//193 192//192
f 195//195 194//194 193//193
f 197//197 196//196 194//194
f 197//197 194//194 195//195
f 199//199 196//196 197//197
f 199//199 198//198 196//196
f 200//200 198//198 199//199
f 201//201 202//202 203//203
f 204//204 201//201 203//203
f 205//205 204//204 203//203
f 206//206 205//205 203//203
f 207//207 206//206 203//203
f 208//208 207//207 203//203
f 209//209 208//208 203//203
f 210//210 209//209 203//203
f 211//211 210//210 203//203
f 212//212 211//211 203//203
f 213//213 212//212 203//203
f 214//214 213//213 203//203
f 200//200 203//203 198//198
f 215//215 214//214 203//203
f 216//216 215//215 203//203
f 217//217 216//216 203//203
f 218//218 217//217 203//203
f 219//219 218//218 203//203
f 220//220 219//219 203//203
f 221//221 220//220 203//203
f 222//222 221//221 203//203
f 223//223 222//222 203//203
f 224//224 223//223 203//203
f 225//225 224//224 203//203
f 226//226 225//225 203//203
f 227//227 226//226 203//203
f 228//228 227//227 203//203
f 229//229 228//228 203//203
f 230//230 229//229 203//203
f 230//230 231//231 229//229
f 230//230 232//232 231//231
f 230//230 233//233 232//232
f 230//230 234//234 233//233
f 230//230 235//235 234//234
f 230//230 203//203 200//200
f 236//236 235//235 230//230
f 237//237 236//236 230//230
f 238//238 237//237 230//230
f 239//239 238//238 230//230
f 240//240 239//239 230//230
f 241//241 240//240 230//230
f 242//242 241//241 230//230
f 243//243 242//242 230//230
f 244//244 243//243 230//230
f 245//245 244//244 230//230
f 246//246 245//245 230//230
f 247//247 246//246 230//230
f 248//248 247//247 230//230
f 249//249 248//248 230//230
f 250//250 249//249 230//230
f 251//251 250//250 230//230
f 252//252 251//251 230//230
f 253//253 252//252 230//230
f 254//254 253//253 230//230
f 255//255 254//254 230//230
f 256//256 232//232 233//233
f 257//257 256//256 233//233
f 258//258 259//259 256//256
f 258//258 256//256 257//257
f 260//260 234//234 235//235
f 261//261 260//260 235//235
f 262//262 263//263 260//260
f 262//262 260//260 261//261
f 264//264 236//236 237//237
f 265//265 264//264 237//237
f 266//266 267//267 264//264
f 266//266 264//264 265//265
f 268//268 238//238 239//239
f 269//269 268//268 239//239
f 270//270 271//271 268//268
f 270//270 268//268 269//269
f 272//272 240//240 241//241
f 273//273 272//272 241//241
f 274//274 275//275 272//272
f 274//274 272//272 273//273
f 276//276 242//242 243//243
f 277//277 276//276 243//243
f 278//278 279//279 276//276
f 278//278 276//276 277//277
f 280//280 244//244 245//245
f 281//281 280//280 245//245
f 282//282 283//283 280//280
f 282//282 280//280 281//281
f 284//284 246//246 247//247
f 285//285 284//284 247//247
f 286//286 287//287 284//284
f 286//286 284//284 285//285
f 288//288 248//248 249//249
f 289//289 288//288 249//249
f 290//290 291//291 288//288
f 290//290 288//288 289//289
f 292//292 250//250 251//251
f 293//293 292//292 251//251
f 294//294 295//295 292//292
f 294//294 292//292 293//293
f 296//296 252//252 253//253
f 297//297 296//296 253//253
f 1196//1196 298//298 296//296
f 1196//1196 296//296 297//297
f 299//299 254//254 255//255
f 300//300 1194//1194 299//299
f 300//300 299//299 255//255
f 301//301 201//201 204//204
f 302//302 301//301 204//204
f 303//303 304//304 301//301
f 303//303 301//301 302//302
f 305//305 205//205 206//206
f 306//306 305//305 206//206
f 307//307 308//308 305//305
f 307//307 305//305 306//306
f 309//309 207//207 208//208
f 310//310 309//309 208//208
f 311//311 312//312 309//309
f 311//311 309//309 310//310
f 313//313 209//209 210//210
f 314//314 313//313 210//210
f 315//315 316//316 313//313
f 315//315 313//313 314//314
f 317//317 211//211 212//212
f 318//318 317//317 212//212
f 319//319 320//320 317//317
f 319//319 317//317 318//318
f 321//321 213//213 214//214
f 322//322 321//321 214//214
f 323//323 324//324 321//321
f 323//323 321//321 322//322
f 325//325 215//215 216//216
f 326//326 325//325 216//216
f 327//327 328//328 325//325
f 327//327 325//325 326//326
f 329//329 217//217 218//218
f 330//330 329//329 218//218
f 331//331 332//332 329//329
f 331//331 329//329 330//330
f 333//333 219//219 220//220
f 334//334 333//333 220//220
f 335//335 336//336 333//333
f 335//335 333//333 334//334
f 337//337 221//221 222//222
f 338//338 337//337 222//222
f 339//339 340//340 337//337
f 339//339 337//337 338//338
f 341//341 223//223 224//224
f 342//342 341//341 224//224
f 343//343 344//344 341//341
f 343//343 341//341 342//342
f 345//345 225//225 226//226
f 346//346 345//345 226//226
f 347//347 348//348 345//345
f 347//347 345//345 346//346
f 349//349 227//227 228//228
f 350//350 349//349 228//228
f 351//351 352//352 349//349
f 351//351 349//349 350//350
f 353//353 229//229 231//231
f 354//354 353//353 231//231
f 355//355 356//356 353//353
f 355//355 353//353 354//354
f 357//357 358//358 186//186
f 185//185 357//357 186//186
f 359//359 360//360 362//362
f 361//361 359//359 362//362
f 361//361 362//362 363//363
f 377//377 361//361 363//363
f 377//377 363//363 364//364
f 365//365 377//377 364//364
f 373//373 367//367 366//366
f 373//373 368//368 367//367
f 373//373 369//369 368//368
f 373//373 370//370 369//369
f 373//373 371//371 370//370
f 373//373 372//372 371//371
f 373//373 374//374 372//372
f 375//375 373//373 359//359
f 373//373 375//375 374//374
f 377//377 375//375 359//359
f 377//377 376//376 375//375
f 361//361 377//377 359//359
f 371//371 378//378 379//379
f 370//370 371//371 379//379
f 370//370 379//379 380//380
f 369//369 370//370 380//380
f 369//369 380//380 381//381
f 368//368 369//369 381//381
f 368//368 381//381 382//382
f 367//367 368//368 382//382
f 367//367 382//382 383//383
f 366//366 367//367 383//383
f 388//388 385//385 384//384
f 388//388 387//387 385//385
f 388//388 389//389 387//387
f 388//388 390//390 389//389
f 388//388 391//391 390//390
f 388//388 383//383 382//382
f 388//388 382//382 381//381
f 391//391 388//388 381//381
f 391//391 381//381 380//380
f 391//391 380//380 379//379
f 391//391 379//379 378//378
f 386//386 392//392 393//393
f 387//387 386//386 393//393
f 385//385 393//393 394//394
f 385//385 387//387 393//393
f 385//385 394//394 395//395
f 384//384 385//385 395//395
f 402//402 397//397 396//396
f 402//402 398//398 397//397
f 402//402 399//399 398//398
f 402//402 400//400 399//399
f 402//402 401//401 400//400
f 403//403 547//547 402//402
f 403//403 402//402 395//395
f 403//403 395//395 394//394
f 403//403 394//394 393//393
f 403//403 393//393 392//392
f 405//405 396//396 397//397
f 405//405 404//404 396//396
f 406//406 405//405 397//397
f 406//406 397//397 398//398
f 407//407 406//406 398//398
f 407//407 398//398 399//399
f 408//408 407//407 399//399
f 408//408 399//399 400//400
f 409//409 400//400 401//401
f 409//409 408//408 400//400
f 410//410 362//362 360//360
f 410//410 363//363 362//362
f 410//410 364//364 363//363
f 404//404 411//411 410//410
f 411//411 404//404 405//405
f 411//411 405//405 406//406
f 411//411 406//406 407//407
f 411//411 407//407 408//408
f 411//411 408//408 409//409
f 391//391 378//378 609//609
f 391//391 609//609 412//412
f 390//390 391//391 412//412
f 390//390 412//412 413//413
f 390//390 413//413 610//610
f 389//389 390//390 610//610
f 389//389 610//610 414//414
f 387//387 389//389 414//414
f 387//387 414//414 415//415
f 386//386 387//387 415//415
f 501//501 416//416 468//468
f 417//417 468//468 416//416
f 614//614 501//501 468//468
f 611//611 501//501 614//614
f 609//609 501//501 611//611
f 378//378 510//510 504//504
f 378//378 418//418 510//510
f 463//463 468//468 417//417
f 419//419 463//463 417//417
f 420//420 463//463 419//419
f 479//479 463//463 420//420
f 371//371 521//521 520//520
f 371//371 523//523 521//521
f 371//371 478//478 523//523
f 371//371 520//520 418//418
f 371//371 418//418 378//378
f 371//371 463//463 479//479
f 371//371 479//479 478//478
f 609//609 378//378 504//504
f 504//504 501//501 609//609
f 365//365 421//421 454//454
f 377//377 365//365 454//454
f 376//376 377//377 454//454
f 376//376 454//454 422//422
f 375//375 376//376 422//422
f 375//375 422//422 423//423
f 374//374 375//375 423//423
f 374//374 423//423 457//457
f 372//372 457//457 424//424
f 372//372 374//374 457//457
f 372//372 424//424 463//463
f 371//371 372//372 463//463
f 753//753 425//425 421//421
f 725//725 421//421 425//425
f 426//426 753//753 421//421
f 597//597 453//453 725//725
f 427//427 777//777 426//426
f 777//777 749//749 426//426
f 427//427 426//426 421//421
f 427//427 421//421 365//365
f 777//777 743//743 749//749
f 785//785 743//743 777//777
f 428//428 427//427 365//365
f 785//785 731//731 743//743
f 588//588 428//428 365//365
f 758//758 731//731 785//785
f 364//364 580//580 588//588
f 365//365 364//364 588//588
f 453//453 421//421 725//725
f 384//384 383//383 388//388
f 429//429 383//383 384//384
f 396//396 395//395 402//402
f 430//430 429//429 384//384
f 430//430 384//384 395//395
f 430//430 395//395 396//396
f 431//431 383//383 429//429
f 432//432 431//431 433//433
f 432//432 434//434 431//431
f 366//366 383//383 431//431
f 366//366 434//434 435//435
f 366//366 431//431 434//434
f 359//359 373//373 366//366
f 359//359 366//366 435//435
f 436//436 359//359 435//435
f 404//404 436//436 432//432
f 360//360 436//436 404//404
f 360//360 359//359 436//436
f 410//410 360//360 404//404
f 404//404 430//430 396//396
f 404//404 433//433 430//430
f 404//404 432//432 433//433
f 448//448 437//437 438//438
f 448//448 438//438 439//439
f 440//440 448//448 439//439
f 440//440 439//439 441//441
f 442//442 440//440 441//441
f 442//442 441//441 443//443
f 442//442 443//443 444//444
f 445//445 442//442 444//444
f 446//446 444//444 447//447
f 446//446 445//445 444//444
f 446//446 447//447 153//153
f 448//448 442//442 445//445
f 448//448 440//440 442//442
f 449//449 448//448 445//445
f 449//449 450//450 451//451
f 449//449 451//451 452//452
f 454//454 421//421 453//453
f 454//454 453//453 452//452
f 455//455 454//454 452//452
f 455//455 452//452 451//451
f 456//456 451//451 450//450
f 456//456 455//455 451//451
f 454//454 455//455 456//456
f 423//423 454//454 456//456
f 423//423 456//456 462//462
f 423//423 422//422 454//454
f 457//457 423//423 462//462
f 462//462 162//162 458//458
f 462//462 458//458 459//459
f 462//462 459//459 460//460
f 462//462 424//424 457//457
f 462//462 460//460 461//461
f 462//462 461//461 463//463
f 462//462 463//463 424//424
f 458//458 464//464 465//465
f 458//458 162//162 464//464
f 459//459 465//465 466//466
f 459//459 458//458 465//465
f 460//460 459//459 466//466
f 460//460 466//466 472//472
f 461//461 472//472 467//467
f 461//461 460//460 472//472
f 463//463 467//467 468//468
f 463//463 461//461 467//467
f 470//470 465//465 464//464
f 470//470 466//466 465//465
f 472//472 466//466 470//470
f 472//472 468//468 467//467
f 472//472 471//471 468//468
f 472//472 469//469 471//471
f 474//474 473//473 469//469
f 474//474 469//469 472//472
f 474//474 472//472 470//470
f 475//475 474//474 470//470
f 475//475 470//470 464//464
f 475//475 473//473 474//474
f 475//475 703//703 473//473
f 1160//1160 703//703 475//475
f 141//141 1160//1160 475//475
f 477//477 482//482 476//476
f 477//477 476//476 478//478
f 479//479 477//477 478//478
f 485//485 477//477 479//479
f 481//481 477//477 485//485
f 481//481 482//482 477//477
f 420//420 485//485 479//479
f 481//481 483//483 482//482
f 484//484 481//481 485//485
f 485//485 486//486 484//484
f 480//480 486//486 485//485
f 480//480 488//488 486//486
f 420//420 419//419 487//487
f 420//420 487//487 489//489
f 420//420 489//489 490//490
f 480//480 420//420 490//490
f 480//480 485//485 420//420
f 480//480 490//490 491//491
f 480//480 491//491 492//492
f 487//487 417//417 493//493
f 487//487 419//419 417//417
f 487//487 493//493 494//494
f 489//489 487//487 494//494
f 490//490 494//494 495//495
f 490//490 489//489 494//494
f 490//490 495//495 496//496
f 491//491 490//490 496//496
f 492//492 491//491 496//496
f 492//492 496//496 497//497
f 416//416 493//493 417//417
f 416//416 494//494 493//493
f 416//416 495//495 494//494
f 498//498 495//495 416//416
f 498//498 496//496 495//495
f 498//498 497//497 496//496
f 416//416 499//499 498//498
f 416//416 500//500 499//499
f 416//416 501//501 502//502
f 500//500 416//416 502//502
f 500//500 502//502 503//503
f 506//506 503//503 502//502
f 505//505 506//506 502//502
f 504//504 505//505 502//502
f 504//504 502//502 501//501
f 505//505 504//504 510//510
f 505//505 507//507 506//506
f 508//508 505//505 510//510
f 508//508 507//507 505//505
f 510//510 509//509 508//508
f 510//510 513//513 509//509
f 510//510 418//418 511//511
f 510//510 511//511 512//512
f 513//513 510//510 512//512
f 513//513 512//512 514//514
f 513//513 514//514 515//515
f 516//516 515//515 514//514
f 517//517 516//516 514//514
f 517//517 514//514 512//512
f 518//518 517//517 512//512
f 518//518 512//512 511//511
f 519//519 518//518 511//511
f 519//519 511//511 418//418
f 520//520 519//519 418//418
f 521//521 519//519 520//520
f 521//521 518//518 519//519
f 521//521 517//517 518//518
f 522//522 517//517 521//521
f 522//522 516//516 517//517
f 523//523 522//522 521//521
f 523//523 524//524 522//522
f 523//523 525//525 524//524
f 523//523 526//526 525//525
f 527//527 523//523 478//478
f 527//527 526//526 523//523
f 527//527 478//478 476//476
f 528//528 513//513 515//515
f 529//529 513//513 528//528
f 529//529 509//509 513//513
f 530//530 509//509 529//529
f 530//530 508//508 509//509
f 531//531 508//508 530//530
f 531//531 507//507 508//508
f 532//532 507//507 531//531
f 532//532 506//506 507//507
f 533//533 528//528 515//515
f 533//533 515//515 516//516
f 522//522 534//534 533//533
f 522//522 533//533 516//516
f 522//522 535//535 534//534
f 524//524 535//535 522//522
f 525//525 536//536 535//535
f 525//525 535//535 524//524
f 525//525 537//537 536//536
f 526//526 537//537 525//525
f 526//526 538//538 537//537
f 527//527 538//538 526//526
f 527//527 539//539 538//538
f 476//476 539//539 527//527
f 476//476 540//540 539//539
f 482//482 541//541 540//540
f 476//476 482//482 540//540
f 542//542 401//401 402//402
f 543//543 542//542 402//402
f 544//544 543//543 402//402
f 545//545 544//544 402//402
f 546//546 545//545 402//402
f 546//546 402//402 547//547
f 548//548 547//547 403//403
f 548//548 403//403 392//392
f 546//546 547//547 548//548
f 549//549 578//578 843//843
f 549//549 548//548 578//578
f 549//549 546//546 548//548
f 550//550 849//849 850//850
f 550//550 551//551 849//849
f 775//775 552//552 809//809
f 586//586 550//550 552//552
f 586//586 552//552 775//775
f 579//579 586//586 775//775
f 546//546 549//549 586//586
f 549//549 551//551 586//586
f 551//551 550//550 586//586
f 554//554 553//553 415//415
f 555//555 415//415 553//553
f 557//557 554//554 415//415
f 556//556 415//415 555//555
f 558//558 415//415 556//556
f 559//559 415//415 558//558
f 559//559 386//386 415//415
f 560//560 386//386 559//559
f 561//561 386//386 560//560
f 628//628 563//563 562//562
f 628//628 564//564 563//563
f 628//628 565//565 564//564
f 628//628 566//566 565//565
f 567//567 386//386 561//561
f 568//568 386//386 567//567
f 571//571 570//570 569//569
f 572//572 566//566 628//628
f 572//572 569//569 566//566
f 575//575 569//569 572//572
f 576//576 569//569 575//575
f 576//576 575//575 577//577
f 576//576 571//571 569//569
f 576//576 573//573 571//571
f 576//576 574//574 573//573
f 392//392 578//578 548//548
f 628//628 562//562 415//415
f 562//562 557//557 415//415
f 386//386 578//578 392//392
f 386//386 568//568 578//578
f 584//584 582//582 586//586
f 584//584 583//583 582//582
f 581//581 586//586 579//579
f 581//581 584//584 586//586
f 411//411 584//584 581//581
f 409//409 585//585 584//584
f 411//411 409//409 584//584
f 410//410 411//411 581//581
f 410//410 581//581 580//580
f 364//364 410//410 580//580
f 581//581 579//579 775//775
f 581//581 775//775 587//587
f 580//580 581//581 587//587
f 580//580 587//587 588//588
f 584//584 585//585 542//542
f 584//584 542//542 543//543
f 583//583 543//543 544//544
f 583//583 584//584 543//543
f 582//582 583//583 544//544
f 582//582 544//544 545//545
f 586//586 545//545 546//546
f 586//586 582//582 545//545
f 592//592 593//593 599//599
f 592//592 589//589 590//590
f 592//592 590//590 591//591
f 592//592 591//591 594//594
f 592//592 594//594 595//595
f 592//592 595//595 596//596
f 599//599 593//593 598//598
f 452//452 453//453 597//597
f 452//452 597//597 598//598
f 449//449 452//452 598//598
f 449//449 598//598 593//593
f 448//448 449//449 593//593
f 448//448 593//593 592//592
f 437//437 448//448 592//592
f 437//437 592//592 596//596
f 437//437 596//596 608//608
f 437//437 608//608 600//600
f 437//437 600//600 601//601
f 437//437 601//601 602//602
f 438//438 437//437 602//602
f 590//590 603//603 604//604
f 590//590 589//589 603//603
f 591//591 590//590 604//604
f 591//591 604//604 605//605
f 594//594 591//591 605//605
f 594//594 605//605 606//606
f 595//595 594//594 606//606
f 595//595 606//606 607//607
f 596//596 607//607 608//608
f 596//596 595//595 607//607
f 611//611 412//412 609//609
f 610//610 412//412 611//611
f 610//610 413//413 412//412
f 612//612 610//610 611//611
f 612//612 414//414 610//610
f 613//613 611//611 614//614
f 613//613 612//612 611//611
f 415//415 414//414 612//612
f 615//615 613//613 614//614
f 617//617 415//415 612//612
f 617//617 616//616 415//415
f 617//617 612//612 613//613
f 613//613 618//618 617//617
f 622//622 613//613 615//615
f 613//613 619//619 618//618
f 613//613 620//620 619//619
f 622//622 620//620 613//613
f 623//623 622//622 621//621
f 623//623 621//621 721//721
f 623//623 620//620 622//622
f 624//624 620//620 623//623
f 624//624 619//619 620//620
f 625//625 619//619 624//624
f 625//625 618//618 619//619
f 626//626 618//618 625//625
f 626//626 617//617 618//618
f 627//627 616//616 617//617
f 627//627 617//617 626//626
f 628//628 415//415 616//616
f 628//628 616//616 627//627
f 721//721 621//621 629//629
f 1312//1312 722//722 721//721
f 629//629 1312//1312 721//721
f 603//603 632//632 630//630
f 603//603 630//630 631//631
f 604//604 603//603 631//631
f 605//605 604//604 631//631
f 605//605 631//631 633//633
f 606//606 605//605 633//633
f 607//607 606//606 633//633
f 607//607 633//633 634//634
f 608//608 607//607 634//634
f 600//600 634//634 635//635
f 600//600 608//608 634//634
f 601//601 635//635 636//636
f 601//601 600//600 635//635
f 602//602 601//601 636//636
f 602//602 636//636 637//637
f 438//438 602//602 637//637
f 439//439 637//637 638//638
f 439//439 438//438 637//637
f 441//441 439//439 638//638
f 441//441 638//638 639//639
f 443//443 441//441 639//639
f 444//444 443//443 639//639
f 444//444 639//639 640//640
f 447//447 444//444 640//640
f 447//447 640//640 641//641
f 153//153 447//447 641//641
f 471//471 615//615 614//614
f 471//471 469//469 615//615
f 468//468 471//471 614//614
f 300//300 643//643 642//642
f 300//300 644//644 643//643
f 300//300 645//645 644//644
f 300//300 646//646 645//645
f 300//300 647//647 646//646
f 300//300 648//648 647//647
f 300//300 649//649 648//648
f 650//650 649//649 300//300
f 651//651 650//650 300//300
f 255//255 651//651 300//300
f 653//653 200//200 199//199
f 653//653 188//188 186//186
f 653//653 190//190 188//188
f 653//653 192//192 190//190
f 653//653 195//195 192//192
f 653//653 197//197 195//195
f 653//653 199//199 197//197
f 655//655 657//657 653//653
f 655//655 653//653 652//652
f 654//654 652//652 653//653
f 654//654 653//653 186//186
f 656//656 657//657 655//655
f 659//659 654//654 186//186
f 658//658 657//657 656//656
f 658//658 661//661 657//657
f 664//664 659//659 186//186
f 660//660 661//661 658//658
f 660//660 662//662 661//661
f 660//660 663//663 662//662
f 660//660 703//703 663//663
f 665//665 186//186 358//358
f 665//665 664//664 186//186
f 666//666 665//665 358//358
f 667//667 666//666 358//358
f 668//668 667//667 358//358
f 669//669 676//676 668//668
f 669//669 668//668 358//358
f 672//672 670//670 671//671
f 673//673 676//676 669//669
f 672//672 671//671 674//674
f 675//675 672//672 674//674
f 677//677 676//676 673//673
f 675//675 674//674 676//676
f 677//677 675//675 676//676
f 678//678 680//680 679//679
f 678//678 681//681 680//680
f 678//678 682//682 681//681
f 678//678 683//683 682//682
f 678//678 684//684 683//683
f 687//687 685//685 686//686
f 688//688 685//685 687//687
f 689//689 685//685 688//688
f 690//690 685//685 689//689
f 692//692 469//469 473//473
f 692//692 473//473 703//703
f 691//691 685//685 690//690
f 629//629 685//685 691//691
f 693//693 469//469 692//692
f 629//629 684//684 678//678
f 629//629 678//678 685//685
f 694//694 469//469 693//693
f 695//695 469//469 694//694
f 697//697 684//684 629//629
f 702//702 469//469 695//695
f 621//621 697//697 629//629
f 621//621 699//699 696//696
f 621//621 698//698 697//697
f 621//621 696//696 698//698
f 622//622 699//699 621//621
f 615//615 699//699 622//622
f 615//615 700//700 699//699
f 615//615 701//701 700//700
f 615//615 702//702 701//701
f 615//615 469//469 702//702
f 653//653 651//651 255//255
f 653//653 255//255 230//230
f 653//653 230//230 200//200
f 660//660 692//692 703//703
f 706//706 705//705 707//707
f 706//706 704//704 705//705
f 708//708 706//706 707//707
f 708//708 707//707 709//709
f 711//711 708//708 709//709
f 711//711 709//709 710//710
f 712//712 711//711 710//710
f 712//712 710//710 713//713
f 712//712 713//713 715//715
f 714//714 712//712 715//715
f 716//716 715//715 717//717
f 716//716 714//714 715//715
f 718//718 716//716 717//717
f 718//718 717//717 719//719
f 720//720 718//718 719//719
f 720//720 719//719 721//721
f 722//722 720//720 721//721
f 409//409 542//542 585//585
f 409//409 401//401 542//542
f 184//184 183//183 632//632
f 184//184 632//632 603//603
f 176//176 130//130 129//129
f 178//178 176//176 129//129
f 727//727 723//723 724//724
f 589//589 724//724 178//178
f 589//589 727//727 724//724
f 599//599 589//589 592//592
f 599//599 727//727 589//589
f 603//603 589//589 178//178
f 603//603 178//178 129//129
f 603//603 129//129 184//184
f 597//597 725//725 726//726
f 598//598 597//597 726//726
f 598//598 726//726 752//752
f 599//599 598//598 752//752
f 599//599 752//752 727//727
f 732//732 731//731 730//730
f 733//733 740//740 741//741
f 732//732 730//730 733//733
f 733//733 730//730 740//740
f 733//733 741//741 734//734
f 733//733 734//734 735//735
f 733//733 735//735 736//736
f 733//733 736//736 737//737
f 733//733 737//737 738//738
f 733//733 738//738 739//739
f 733//733 739//739 729//729
f 743//743 731//731 732//732
f 742//742 743//743 732//732
f 742//742 732//732 733//733
f 745//745 742//742 733//733
f 745//745 733//733 729//729
f 742//742 744//744 743//743
f 745//745 744//744 742//742
f 746//746 743//743 744//744
f 750//750 746//746 744//744
f 748//748 747//747 426//426
f 44//44 42//42 747//747
f 44//44 747//747 748//748
f 45//45 44//44 748//748
f 746//746 45//45 748//748
f 746//746 748//748 749//749
f 749//749 748//748 426//426
f 47//47 45//45 746//746
f 750//750 47//47 746//746
f 749//749 743//743 746//746
f 751//751 426//426 747//747
f 751//751 753//753 426//426
f 757//757 751//751 747//747
f 757//757 747//747 42//42
f 752//752 726//726 725//725
f 425//425 752//752 725//725
f 754//754 752//752 425//425
f 727//727 752//752 755//755
f 754//754 755//755 752//752
f 753//753 754//754 425//425
f 751//751 754//754 753//753
f 756//756 755//755 754//754
f 757//757 756//756 754//754
f 757//757 754//754 751//751
f 759//759 760//760 758//758
f 759//759 761//761 760//760
f 761//761 769//769 763//763
f 759//759 762//762 764//764
f 759//759 764//764 765//765
f 759//759 765//765 766//766
f 759//759 766//766 767//767
f 759//759 767//767 768//768
f 761//761 759//759 768//768
f 761//761 768//768 769//769
f 763//763 728//728 741//741
f 761//761 763//763 741//741
f 761//761 741//741 740//740
f 760//760 761//761 740//740
f 760//760 740//740 730//730
f 758//758 730//730 731//731
f 758//758 760//760 730//730
f 776//776 770//770 771//771
f 770//770 773//773 772//772
f 776//776 771//771 428//428
f 770//770 774//774 773//773
f 776//776 428//428 588//588
f 774//774 770//770 776//776
f 587//587 776//776 588//588
f 776//776 775//775 774//774
f 775//775 776//776 587//587
f 772//772 37//37 780//780
f 770//770 772//772 780//780
f 771//771 770//770 780//780
f 771//771 780//780 427//427
f 428//428 771//771 427//427
f 35//35 783//783 778//778
f 35//35 32//32 783//783
f 779//779 778//778 777//777
f 35//35 778//778 779//779
f 427//427 779//779 777//777
f 781//781 35//35 779//779
f 780//780 781//781 779//779
f 780//780 779//779 427//427
f 37//37 781//781 780//780
f 37//37 36//36 781//781
f 32//32 788//788 782//782
f 32//32 782//782 783//783
f 778//778 783//783 784//784
f 777//777 778//778 784//784
f 777//777 784//784 785//785
f 786//786 759//759 785//785
f 786//786 782//782 759//759
f 786//786 785//785 784//784
f 786//786 784//784 783//783
f 782//782 786//786 783//783
f 782//782 788//788 787//787
f 782//782 787//787 762//762
f 782//782 762//762 759//759
f 785//785 759//759 758//758
f 750//750 744//744 789//789
f 750//750 789//789 49//49
f 745//745 789//789 744//744
f 745//745 790//790 789//789
f 790//790 1305//1305 791//791
f 789//789 790//790 791//791
f 729//729 1305//1305 790//790
f 729//729 792//792 1305//1305
f 793//793 1305//1305 792//792
f 790//790 745//745 729//729
f 728//728 794//794 795//795
f 741//741 728//728 795//795
f 741//741 795//795 796//796
f 734//734 741//741 796//796
f 734//734 796//796 797//797
f 735//735 734//734 797//797
f 735//735 797//797 798//798
f 736//736 735//735 798//798
f 736//736 798//798 799//799
f 737//737 736//736 799//799
f 737//737 799//799 800//800
f 738//738 737//737 800//800
f 738//738 800//800 801//801
f 739//739 738//738 801//801
f 739//739 801//801 792//792
f 729//729 739//739 792//792
f 719//719 623//623 721//721
f 719//719 624//624 623//623
f 717//717 624//624 719//719
f 715//715 625//625 624//624
f 715//715 624//624 717//717
f 713//713 625//625 715//715
f 713//713 626//626 625//625
f 710//710 626//626 713//713
f 709//709 627//627 626//626
f 709//709 626//626 710//710
f 707//707 627//627 709//709
f 707//707 628//628 627//627
f 705//705 628//628 707//707
f 763//763 572//572 628//628
f 728//728 763//763 628//628
f 728//728 705//705 794//794
f 728//728 628//628 705//705
f 762//762 569//569 570//570
f 764//764 762//762 570//570
f 764//764 570//570 571//571
f 765//765 764//764 571//571
f 765//765 571//571 573//573
f 766//766 573//573 574//574
f 766//766 765//765 573//573
f 767//767 766//766 574//574
f 767//767 574//574 576//576
f 768//768 767//767 576//576
f 768//768 576//576 577//577
f 769//769 768//768 577//577
f 769//769 577//577 575//575
f 763//763 769//769 575//575
f 763//763 575//575 572//572
f 804//804 802//802 1300//1300
f 803//803 802//802 804//804
f 762//762 804//804 1300//1300
f 762//762 1300//1300 569//569
f 566//566 569//569 1300//1300
f 804//804 762//762 787//787
f 787//787 805//805 804//804
f 788//788 806//806 805//805
f 788//788 805//805 787//787
f 32//32 806//806 788//788
f 32//32 33//33 806//806
f 772//772 807//807 901//901
f 773//773 807//807 772//772
f 773//773 808//808 807//807
f 774//774 808//808 773//773
f 774//774 809//809 808//808
f 775//775 809//809 774//774
f 1053//1053 500//500 503//503
f 813//813 500//500 1053//1053
f 810//810 500//500 813//813
f 810//810 499//499 500//500
f 812//812 499//499 810//810
f 812//812 498//498 499//499
f 811//811 498//498 812//812
f 811//811 497//497 498//498
f 815//815 817//817 818//818
f 816//816 1061//1061 815//815
f 815//815 818//818 816//816
f 811//811 818//818 817//817
f 818//818 810//810 813//813
f 816//816 818//818 813//813
f 818//818 811//811 812//812
f 810//810 818//818 812//812
f 813//813 1053//1053 816//816
f 836//836 497//497 811//811
f 820//820 497//497 819//819
f 822//822 819//819 497//497
f 821//821 497//497 820//820
f 822//822 497//497 836//836
f 823//823 822//822 836//836
f 824//824 823//823 836//836
f 824//824 836//836 825//825
f 826//826 824//824 825//825
f 827//827 826//826 825//825
f 492//492 829//829 828//828
f 492//492 830//830 829//829
f 492//492 831//831 830//830
f 492//492 832//832 831//831
f 492//492 828//828 835//835
f 1044//1044 827//827 825//825
f 1044//1044 834//834 833//833
f 1044//1044 835//835 834//834
f 1044//1044 833//833 827//827
f 1044//1044 492//492 835//835
f 492//492 497//497 821//821
f 492//492 821//821 832//832
f 817//817 836//836 811//811
f 837//837 836//836 817//817
f 838//838 837//837 817//817
f 838//838 817//817 815//815
f 838//838 815//815 814//814
f 814//814 815//815 1061//1061
f 814//814 1061//1061 839//839
f 840//840 560//560 887//887
f 840//840 561//561 560//560
f 841//841 561//561 840//840
f 841//841 567//567 561//561
f 842//842 568//568 567//567
f 842//842 567//567 841//841
f 842//842 578//578 568//568
f 843//843 578//578 842//842
f 900//900 844//844 886//886
f 845//845 844//844 900//900
f 845//845 846//846 844//844
f 847//847 846//846 845//845
f 847//847 848//848 846//846
f 850//850 848//848 847//847
f 850//850 849//849 848//848
f 183//183 630//630 632//632
f 183//183 851//851 630//630
f 181//181 851//851 183//183
f 181//181 852//852 851//851
f 179//179 852//852 181//181
f 179//179 853//853 852//852
f 180//180 853//853 179//179
f 180//180 854//854 853//853
f 182//182 854//854 180//180
f 182//182 855//855 854//854
f 175//175 130//130 176//176
f 175//175 132//132 130//130
f 173//173 132//132 175//175
f 173//173 131//131 132//132
f 174//174 131//131 173//173
f 174//174 133//133 131//131
f 177//177 133//133 174//174
f 177//177 67//67 133//133
f 755//755 723//723 727//727
f 755//755 856//856 723//723
f 756//756 856//856 755//755
f 756//756 857//857 856//856
f 757//757 857//857 756//756
f 858//858 562//562 563//563
f 859//859 562//562 858//858
f 860//860 562//562 859//859
f 860//860 557//557 562//562
f 861//861 557//557 860//860
f 861//861 554//554 557//557
f 862//862 554//554 861//861
f 862//862 553//553 554//554
f 863//863 553//553 862//862
f 863//863 555//555 553//553
f 865//865 555//555 863//863
f 864//864 555//555 865//865
f 864//864 556//556 555//555
f 865//865 867//867 864//864
f 868//868 556//556 864//864
f 865//865 866//866 867//867
f 869//869 866//866 865//865
f 869//869 870//870 866//866
f 871//871 556//556 868//868
f 871//871 558//558 556//556
f 872//872 870//870 869//869
f 2//2 559//559 558//558
f 2//2 558//558 871//871
f 872//872 7//7 870//870
f 875//875 874//874 876//876
f 875//875 873//873 874//874
f 877//877 875//875 876//876
f 877//877 876//876 879//879
f 878//878 877//877 879//879
f 880//880 878//878 879//879
f 880//880 879//879 881//881
f 882//882 881//881 883//883
f 882//882 880//880 881//881
f 884//884 883//883 885//885
f 884//884 882//882 883//883
f 886//886 885//885 887//887
f 886//886 884//884 885//885
f 888//888 889//889 890//890
f 891//891 888//888 890//890
f 891//891 890//890 892//892
f 893//893 891//891 892//892
f 893//893 892//892 894//894
f 895//895 893//893 894//894
f 895//895 894//894 896//896
f 897//897 895//895 896//896
f 897//897 896//896 899//899
f 898//898 897//897 899//899
f 901//901 898//898 899//899
f 901//901 899//899 900//900
f 903//903 905//905 902//902
f 906//906 905//905 903//903
f 70//70 910//910 904//904
f 906//906 907//907 905//905
f 908//908 907//907 906//906
f 911//911 909//909 907//907
f 911//911 907//907 908//908
f 912//912 911//911 910//910
f 912//912 910//910 70//70
f 912//912 909//909 911//911
f 913//913 909//909 912//912
f 913//913 914//914 909//909
f 915//915 914//914 913//913
f 915//915 917//917 914//914
f 916//916 917//917 915//915
f 916//916 919//919 917//917
f 918//918 919//919 916//916
f 918//918 920//920 919//919
f 922//922 921//921 920//920
f 922//922 920//920 918//918
f 851//851 852//852 853//853
f 855//855 853//853 854//854
f 855//855 851//851 853//853
f 855//855 630//630 851//851
f 909//909 905//905 907//907
f 909//909 902//902 905//905
f 914//914 902//902 909//909
f 917//917 902//902 914//914
f 919//919 902//902 917//917
f 921//921 902//902 919//919
f 921//921 919//919 920//920
f 924//924 855//855 902//902
f 924//924 902//902 921//921
f 924//924 630//630 855//855
f 793//793 924//924 923//923
f 793//793 630//630 924//924
f 793//793 792//792 630//630
f 801//801 630//630 792//792
f 800//800 630//630 801//801
f 799//799 630//630 800//800
f 798//798 630//630 799//799
f 631//631 798//798 797//797
f 631//631 797//797 796//796
f 631//631 630//630 798//798
f 631//631 796//796 795//795
f 631//631 795//795 794//794
f 704//704 794//794 705//705
f 704//704 631//631 794//794
f 922//922 1303//1303 924//924
f 922//922 924//924 921//921
f 928//928 926//926 927//927
f 928//928 925//925 926//926
f 925//925 928//928 935//935
f 164//164 926//926 167//167
f 164//164 927//927 926//926
f 929//929 1077//1077 148//148
f 929//929 930//930 1077//1077
f 931//931 930//930 929//929
f 168//168 929//929 148//148
f 931//931 969//969 930//930
f 933//933 969//969 931//931
f 933//933 1181//1181 969//969
f 1014//1014 933//933 931//931
f 1014//1014 925//925 933//933
f 1013//1013 925//925 1014//1014
f 926//926 925//925 1013//1013
f 167//167 1013//1013 159//159
f 167//167 926//926 1013//1013
f 998//998 932//932 997//997
f 934//934 933//933 925//925
f 999//999 934//934 937//937
f 934//934 925//925 937//937
f 937//937 925//925 935//935
f 937//937 935//935 936//936
f 937//937 936//936 932//932
f 998//998 937//937 932//932
f 999//999 937//937 998//998
f 939//939 938//938 944//944
f 940//940 938//938 939//939
f 940//940 943//943 938//938
f 941//941 943//943 940//940
f 940//940 939//939 931//931
f 931//931 941//941 940//940
f 942//942 941//941 931//931
f 929//929 942//942 931//931
f 945//945 938//938 943//943
f 945//945 944//944 938//938
f 946//946 945//945 947//947
f 946//946 944//944 945//945
f 948//948 946//946 947//947
f 947//947 949//949 948//948
f 950//950 948//948 949//949
f 951//951 949//949 993//993
f 953//953 949//949 951//951
f 953//953 950//950 949//949
f 952//952 950//950 953//953
f 953//953 951//951 954//954
f 952//952 953//953 954//954
f 955//955 954//954 956//956
f 955//955 952//952 954//954
f 955//955 956//956 966//966
f 955//955 966//966 960//960
f 956//956 965//965 966//966
f 963//963 958//958 957//957
f 961//961 959//959 958//958
f 960//960 961//961 963//963
f 966//966 961//961 960//960
f 966//966 964//964 962//962
f 961//961 958//958 963//963
f 966//966 962//962 961//961
f 966//966 965//965 964//964
f 967//967 1177//1177 955//955
f 967//967 955//955 960//960
f 963//963 967//967 960//960
f 968//968 967//967 963//963
f 963//963 969//969 968//968
f 957//957 969//969 963//963
f 930//930 969//969 957//957
f 970//970 964//964 965//965
f 971//971 964//964 970//970
f 971//971 962//962 964//964
f 972//972 962//962 971//971
f 972//972 961//961 962//962
f 972//972 959//959 961//961
f 973//973 959//959 972//972
f 973//973 958//958 959//959
f 974//974 958//958 973//973
f 974//974 957//957 958//958
f 1077//1077 957//957 974//974
f 1077//1077 930//930 957//957
f 1164//1164 651//651 653//653
f 976//976 651//651 1164//1164
f 978//978 651//651 976//976
f 980//980 975//975 979//979
f 980//980 977//977 975//975
f 970//970 977//977 980//980
f 1073//1073 970//970 980//980
f 981//981 984//984 982//982
f 981//981 978//978 983//983
f 981//981 983//983 984//984
f 956//956 981//981 982//982
f 954//954 981//981 956//956
f 956//956 982//982 985//985
f 956//956 985//985 986//986
f 951//951 981//981 954//954
f 965//965 988//988 970//970
f 965//965 986//986 987//987
f 965//965 987//987 988//988
f 965//965 956//956 986//986
f 989//989 1022//1022 1004//1004
f 1165//1165 981//981 1022//1022
f 1165//1165 989//989 1001//1001
f 1165//1165 1001//1001 997//997
f 1165//1165 978//978 981//981
f 1165//1165 1022//1022 989//989
f 1165//1165 651//651 978//978
f 1182//1182 651//651 1165//1165
f 990//990 1182//1182 1165//1165
f 988//988 977//977 970//970
f 992//992 947//947 991//991
f 992//992 949//949 947//947
f 993//993 949//949 992//992
f 994//994 951//951 993//993
f 981//981 951//951 994//994
f 945//945 995//995 996//996
f 945//945 996//996 991//991
f 943//943 995//995 945//945
f 947//947 945//945 991//991
f 155//155 995//995 943//943
f 998//998 997//997 1001//1001
f 998//998 1001//1001 1000//1000
f 999//999 998//998 1000//1000
f 1002//1002 1001//1001 989//989
f 1002//1002 1000//1000 1001//1001
f 1004//1004 1002//1002 989//989
f 1004//1004 1003//1003 1002//1002
f 1006//1006 1004//1004 1005//1005
f 1006//1006 1003//1003 1004//1004
f 1008//1008 1006//1006 1005//1005
f 1007//1007 1008//1008 1005//1005
f 1008//1008 1010//1010 946//946
f 1010//1010 1008//1008 1007//1007
f 1009//1009 1010//1010 1007//1007
f 1009//1009 1011//1011 1010//1010
f 1009//1009 1018//1018 1016//1016
f 1011//1011 1009//1009 1012//1012
f 1015//1015 1013//1013 1014//1014
f 1016//1016 1014//1014 1012//1012
f 1016//1016 1015//1015 1014//1014
f 1016//1016 1012//1012 1009//1009
f 156//156 1015//1015 1016//1016
f 158//158 1015//1015 156//156
f 158//158 1013//1013 1015//1015
f 159//159 1013//1013 158//158
f 1009//1009 1017//1017 1018//1018
f 1009//1009 1019//1019 1017//1017
f 1007//1007 1019//1019 1009//1009
f 1007//1007 1020//1020 1019//1019
f 1016//1016 1018//1018 156//156
f 1005//1005 1020//1020 1007//1007
f 1005//1005 1021//1021 1020//1020
f 1004//1004 1021//1021 1005//1005
f 1004//1004 1022//1022 1021//1021
f 932//932 1023//1023 1165//1165
f 932//932 1165//1165 997//997
f 936//936 1023//1023 932//932
f 936//936 1024//1024 1023//1023
f 935//935 1024//1024 936//936
f 935//935 1025//1025 1024//1024
f 928//928 1025//1025 935//935
f 927//927 1025//1025 928//928
f 927//927 1026//1026 1025//1025
f 1030//1030 1028//1028 1027//1027
f 1030//1030 1027//1027 1029//1029
f 1072//1072 1030//1030 980//980
f 1073//1073 1030//1030 1029//1029
f 1073//1073 980//980 1030//1030
f 1032//1032 1072//1072 980//980
f 979//979 1032//1032 980//980
f 1034//1034 1032//1032 979//979
f 1031//1031 1034//1034 979//979
f 1034//1034 1033//1033 1032//1032
f 1034//1034 1035//1035 1033//1033
f 1037//1037 1035//1035 1034//1034
f 1037//1037 1034//1034 1031//1031
f 1037//1037 1036//1036 1035//1035
f 483//483 1038//1038 541//541
f 483//483 541//541 482//482
f 483//483 1039//1039 1038//1038
f 481//481 1039//1039 483//483
f 481//481 1040//1040 1039//1039
f 484//484 1040//1040 481//481
f 484//484 1041//1041 1040//1040
f 486//486 1041//1041 484//484
f 486//486 1043//1043 1041//1041
f 488//488 1043//1043 486//486
f 488//488 1042//1042 1043//1043
f 480//480 1042//1042 488//488
f 480//480 1044//1044 1042//1042
f 492//492 1044//1044 480//480
f 541//541 539//539 540//540
f 1038//1038 539//539 541//541
f 1039//1039 539//539 1038//1038
f 1039//1039 538//538 539//539
f 1039//1039 537//537 538//538
f 1040//1040 537//537 1039//1039
f 1041//1041 537//537 1040//1040
f 1041//1041 536//536 537//537
f 1041//1041 535//535 536//536
f 1043//1043 535//535 1041//1041
f 1043//1043 534//534 535//535
f 1042//1042 534//534 1043//1043
f 1044//1044 533//533 534//534
f 1044//1044 534//534 1042//1042
f 93//93 831//831 832//832
f 92//92 831//831 93//93
f 92//92 830//830 831//831
f 94//94 830//830 92//92
f 94//94 829//829 830//830
f 95//95 828//828 829//829
f 95//95 829//829 94//94
f 96//96 835//835 828//828
f 96//96 828//828 95//95
f 97//97 835//835 96//96
f 97//97 834//834 835//835
f 98//98 833//833 834//834
f 98//98 834//834 97//97
f 99//99 833//833 98//98
f 106//106 822//822 105//105
f 106//106 819//819 822//822
f 107//107 820//820 819//819
f 107//107 819//819 106//106
f 108//108 820//820 107//107
f 108//108 821//821 820//820
f 112//112 821//821 108//108
f 93//93 163//163 91//91
f 112//112 93//93 832//832
f 112//112 163//163 93//93
f 821//821 112//112 832//832
f 144//144 163//163 112//112
f 103//103 144//144 112//112
f 110//110 827//827 101//101
f 111//111 827//827 110//110
f 111//111 826//826 827//827
f 111//111 824//824 826//826
f 109//109 824//824 111//111
f 109//109 823//823 824//824
f 104//104 823//823 109//109
f 139//139 1031//1031 979//979
f 140//140 1031//1031 139//139
f 140//140 1037//1037 1031//1031
f 814//814 1036//1036 1037//1037
f 814//814 839//839 1036//1036
f 814//814 1037//1037 140//140
f 1046//1046 1045//1045 814//814
f 838//838 814//814 1045//1045
f 1047//1047 1046//1046 814//814
f 1048//1048 1047//1047 814//814
f 1048//1048 814//814 140//140
f 1049//1049 1048//1048 140//140
f 1050//1050 1049//1049 140//140
f 143//143 1050//1050 140//140
f 1051//1051 825//825 836//836
f 1052//1052 836//836 837//837
f 1052//1052 1051//1051 836//836
f 816//816 1053//1053 1059//1059
f 1058//1058 1056//1056 1054//1054
f 1061//1061 1057//1057 839//839
f 1059//1059 1058//1058 1057//1057
f 1059//1059 1053//1053 1058//1058
f 1061//1061 1059//1059 1057//1057
f 1061//1061 816//816 1059//1059
f 1054//1054 1056//1056 1060//1060
f 1058//1058 1054//1054 1057//1057
f 1058//1058 1055//1055 1056//1056
f 1058//1058 1053//1053 1055//1055
f 1063//1063 1064//1064 1062//1062
f 1070//1070 1063//1063 1065//1065
f 1067//1067 1065//1065 1068//1068
f 1069//1069 1064//1064 1063//1063
f 1067//1067 1070//1070 1065//1065
f 1069//1069 1063//1063 1070//1070
f 1071//1071 1070//1070 1067//1067
f 1064//1064 528//528 1066//1066
f 1064//1064 529//529 528//528
f 1069//1069 529//529 1064//1064
f 1069//1069 530//530 529//529
f 1070//1070 530//530 1069//1069
f 1070//1070 531//531 530//530
f 1070//1070 532//532 531//531
f 1071//1071 532//532 1070//1070
f 1028//1028 1063//1063 1062//1062
f 1028//1028 1062//1062 1027//1027
f 1028//1028 1065//1065 1063//1063
f 1030//1030 1065//1065 1028//1028
f 1072//1072 1065//1065 1030//1030
f 1072//1072 1068//1068 1065//1065
f 1056//1056 1055//1055 1071//1071
f 1056//1056 1071//1071 1067//1067
f 1060//1060 1056//1056 1067//1067
f 1060//1060 1067//1067 1068//1068
f 1035//1035 1036//1036 839//839
f 1057//1057 1035//1035 839//839
f 1057//1057 1033//1033 1035//1035
f 1054//1054 1033//1033 1057//1057
f 1054//1054 1032//1032 1033//1033
f 1060//1060 1032//1032 1054//1054
f 1072//1072 1060//1060 1068//1068
f 1072//1072 1032//1032 1060//1060
f 1075//1075 1073//1073 1029//1029
f 1074//1074 970//970 1073//1073
f 1074//1074 971//971 970//970
f 1074//1074 1073//1073 1075//1075
f 1074//1074 972//972 971//971
f 1075//1075 1076//1076 1074//1074
f 1074//1074 973//973 972//972
f 1076//1076 973//973 1074//1074
f 1076//1076 974//974 973//973
f 1077//1077 974//974 1076//1076
f 1079//1079 1078//1078 145//145
f 1080//1080 145//145 1078//1078
f 1081//1081 1079//1079 145//145
f 1081//1081 145//145 1029//1029
f 1082//1082 1081//1081 1029//1029
f 1082//1082 1029//1029 1027//1027
f 1027//1027 1083//1083 1082//1082
f 1052//1052 1083//1083 1027//1027
f 1062//1062 1052//1052 1027//1027
f 1062//1062 1051//1051 1052//1052
f 1062//1062 825//825 1051//1051
f 1064//1064 825//825 1062//1062
f 1066//1066 825//825 1064//1064
f 1085//1085 1084//1084 825//825
f 1085//1085 825//825 1066//1066
f 1087//1087 1086//1086 1085//1085
f 1089//1089 1086//1086 1087//1087
f 1087//1087 1085//1085 1066//1066
f 1088//1088 1087//1087 1066//1066
f 1088//1088 1066//1066 528//528
f 1089//1089 1102//1102 1086//1086
f 1091//1091 1088//1088 528//528
f 1090//1090 1102//1102 1089//1089
f 1092//1092 1091//1091 528//528
f 1095//1095 1094//1094 1093//1093
f 1097//1097 1094//1094 1096//1096
f 1097//1097 1093//1093 1094//1094
f 1099//1099 1094//1094 1095//1095
f 1098//1098 1097//1097 1096//1096
f 1099//1099 1104//1104 1094//1094
f 1101//1101 1096//1096 1102//1102
f 1101//1101 1098//1098 1096//1096
f 1100//1100 1104//1104 1099//1099
f 1103//1103 1104//1104 1100//1100
f 1105//1105 1101//1101 1102//1102
f 1106//1106 1104//1104 1103//1103
f 1106//1106 1154//1154 1104//1104
f 1105//1105 1102//1102 1090//1090
f 1107//1107 1105//1105 1090//1090
f 1107//1107 1090//1090 1110//1110
f 1108//1108 1107//1107 1110//1110
f 1109//1109 1108//1108 1110//1110
f 1111//1111 1109//1109 1110//1110
f 1111//1111 1110//1110 1120//1120
f 1114//1114 1113//1113 1112//1112
f 1116//1116 1114//1114 1112//1112
f 1134//1134 1113//1113 1114//1114
f 1134//1134 1115//1115 1113//1113
f 1117//1117 1111//1111 1120//1120
f 1118//1118 1116//1116 1112//1112
f 1119//1119 1117//1117 1120//1120
f 1122//1122 1123//1123 1118//1118
f 1121//1121 1119//1119 1120//1120
f 1122//1122 1126//1126 1123//1123
f 1121//1121 1120//1120 1124//1124
f 1125//1125 1126//1126 1122//1122
f 1127//1127 1121//1121 1124//1124
f 1129//1129 1126//1126 1125//1125
f 1127//1127 1124//1124 1130//1130
f 1128//1128 1127//1127 1130//1130
f 1131//1131 1128//1128 1130//1130
f 1044//1044 1132//1132 1126//1126
f 1044//1044 1133//1133 1132//1132
f 1044//1044 1115//1115 1134//1134
f 1044//1044 1134//1134 1133//1133
f 1044//1044 1126//1126 1129//1129
f 1044//1044 1136//1136 1135//1135
f 1044//1044 1129//1129 1136//1136
f 1140//1140 1137//1137 1139//1139
f 1140//1140 1138//1138 1137//1137
f 1142//1142 1137//1137 1138//1138
f 1142//1142 1143//1143 1137//1137
f 1141//1141 1140//1140 1139//1139
f 1150//1150 1143//1143 1142//1142
f 1150//1150 1144//1144 1143//1143
f 1145//1145 1141//1141 1139//1139
f 1145//1145 1139//1139 1146//1146
f 1150//1150 1147//1147 1144//1144
f 1145//1145 1146//1146 1148//1148
f 1151//1151 1145//1145 1148//1148
f 533//533 1150//1150 1149//1149
f 533//533 1151//1151 1148//1148
f 533//533 1044//1044 1135//1135
f 533//533 1135//1135 1147//1147
f 533//533 1152//1152 1151//1151
f 533//533 1147//1147 1150//1150
f 533//533 1149//1149 1152//1152
f 1044//1044 825//825 1153//1153
f 1153//1153 825//825 1106//1106
f 1106//1106 825//825 1154//1154
f 1154//1154 825//825 1155//1155
f 1155//1155 825//825 1084//1084
f 1044//1044 1153//1153 1115//1115
f 528//528 533//533 1157//1157
f 1157//1157 533//533 1156//1156
f 1156//1156 533//533 1148//1148
f 528//528 1157//1157 1131//1131
f 528//528 1131//1131 1130//1130
f 528//528 1130//1130 1092//1092
f 1050//1050 143//143 1080//1080
f 1050//1050 1080//1080 1078//1078
f 1049//1049 1050//1050 1078//1078
f 1049//1049 1078//1078 1079//1079
f 1048//1048 1049//1049 1079//1079
f 1048//1048 1079//1079 1081//1081
f 1047//1047 1081//1081 1082//1082
f 1047//1047 1048//1048 1081//1081
f 1046//1046 1047//1047 1082//1082
f 1046//1046 1082//1082 1083//1083
f 1045//1045 1046//1046 1083//1083
f 1083//1083 838//838 1045//1045
f 1052//1052 837//837 838//838
f 1052//1052 838//838 1083//1083
f 147//147 148//148 1077//1077
f 147//147 1077//1077 1076//1076
f 147//147 1076//1076 1075//1075
f 142//142 147//147 1075//1075
f 142//142 1075//1075 1029//1029
f 145//145 142//142 1029//1029
f 138//138 975//975 977//977
f 137//137 975//975 138//138
f 979//979 975//975 137//137
f 139//139 979//979 137//137
f 1158//1158 1160//1160 141//141
f 1160//1160 1158//1158 1159//1159
f 1159//1159 1158//1158 983//983
f 1159//1159 1161//1161 1160//1160
f 1159//1159 1162//1162 1161//1161
f 1159//1159 983//983 978//978
f 976//976 1159//1159 978//978
f 976//976 1162//1162 1159//1159
f 976//976 1163//1163 1162//1162
f 1164//1164 1163//1163 976//976
f 984//984 983//983 1158//1158
f 146//146 1158//1158 141//141
f 146//146 984//984 1158//1158
f 152//152 151//151 988//988
f 152//152 988//988 987//987
f 152//152 987//987 986//986
f 150//150 152//152 986//986
f 150//150 986//986 985//985
f 149//149 150//150 985//985
f 149//149 985//985 982//982
f 149//149 982//982 984//984
f 146//146 149//149 984//984
f 138//138 988//988 151//151
f 138//138 977//977 988//988
f 1023//1023 1166//1166 1165//1165
f 1023//1023 1024//1024 1167//1167
f 1026//1026 1024//1024 1025//1025
f 1024//1024 1168//1168 1167//1167
f 1026//1026 1168//1168 1024//1024
f 1026//1026 1169//1169 1168//1168
f 160//160 1169//1169 1026//1026
f 1165//1165 1170//1170 990//990
f 1166//1166 1170//1170 1165//1165
f 1166//1166 1171//1171 1170//1170
f 1023//1023 1171//1171 1166//1166
f 1167//1167 1171//1171 1023//1023
f 1167//1167 1172//1172 1171//1171
f 1168//1168 1172//1172 1167//1167
f 1168//1168 1173//1173 1172//1172
f 1169//1169 1173//1173 1168//1168
f 1173//1173 1169//1169 160//160
f 165//165 1173//1173 160//160
f 941//941 155//155 943//943
f 941//941 157//157 155//155
f 942//942 157//157 941//941
f 942//942 168//168 157//157
f 929//929 168//168 942//942
f 1020//1020 992//992 991//991
f 1021//1021 993//993 992//992
f 1021//1021 992//992 1020//1020
f 1021//1021 994//994 993//993
f 1022//1022 994//994 1021//1021
f 1022//1022 981//981 994//994
f 1175//1175 1003//1003 1174//1174
f 1175//1175 1002//1002 1003//1003
f 1175//1175 1000//1000 1002//1002
f 1176//1176 1000//1000 1175//1175
f 1176//1176 1179//1179 999//999
f 1000//1000 1176//1176 999//999
f 1178//1178 955//955 1177//1177
f 1178//1178 952//952 955//955
f 1176//1176 1175//1175 1174//1174
f 1179//1179 1176//1176 1174//1174
f 1181//1181 1180//1180 1179//1179
f 1181//1181 1179//1179 1174//1174
f 969//969 1181//1181 1174//1174
f 969//969 1174//1174 1178//1178
f 967//967 1178//1178 1177//1177
f 967//967 969//969 1178//1178
f 968//968 969//969 967//967
f 946//946 1011//1011 944//944
f 946//946 1010//1010 1011//1011
f 948//948 1008//1008 946//946
f 939//939 944//944 1011//1011
f 939//939 1011//1011 1012//1012
f 939//939 1012//1012 1014//1014
f 931//931 939//939 1014//1014
f 995//995 1018//1018 1017//1017
f 996//996 995//995 1017//1017
f 996//996 1017//1017 1019//1019
f 1179//1179 934//934 999//999
f 1180//1180 934//934 1179//1179
f 1180//1180 933//933 934//934
f 1181//1181 933//933 1180//1180
f 1026//1026 927//927 164//164
f 160//160 1026//1026 164//164
f 657//657 1164//1164 653//653
f 661//661 1164//1164 657//657
f 661//661 1163//1163 1164//1164
f 662//662 1163//1163 661//661
f 662//662 1162//1162 1163//1163
f 663//663 1162//1162 662//662
f 663//663 1161//1161 1162//1162
f 663//663 1160//1160 1161//1161
f 703//703 1160//1160 663//663
f 651//651 1182//1182 1183//1183
f 650//650 651//651 1183//1183
f 650//650 1183//1183 1184//1184
f 649//649 650//650 1184//1184
f 649//649 1184//1184 1185//1185
f 648//648 649//649 1185//1185
f 648//648 1185//1185 1186//1186
f 647//647 648//648 1186//1186
f 647//647 1186//1186 1187//1187
f 646//646 647//647 1187//1187
f 646//646 1187//1187 1188//1188
f 645//645 646//646 1188//1188
f 645//645 1188//1188 1189//1189
f 644//644 1189//1189 1190//1190
f 644//644 645//645 1189//1189
f 643//643 1190//1190 1191//1191
f 643//643 644//644 1190//1190
f 1195//1195 1192//1192 1193//1193
f 304//304 1192//1192 1195//1195
f 303//303 1192//1192 304//304
f 308//308 1192//1192 303//303
f 307//307 1192//1192 308//308
f 312//312 1192//1192 307//307
f 311//311 1192//1192 312//312
f 316//316 1192//1192 311//311
f 643//643 1191//1191 1192//1192
f 315//315 1192//1192 316//316
f 320//320 1192//1192 315//315
f 319//319 1192//1192 320//320
f 324//324 1192//1192 319//319
f 323//323 1192//1192 324//324
f 328//328 1192//1192 323//323
f 327//327 1192//1192 328//328
f 332//332 1192//1192 327//327
f 331//331 1192//1192 332//332
f 336//336 1192//1192 331//331
f 335//335 1192//1192 336//336
f 1197//1197 308//308 303//303
f 340//340 1192//1192 335//335
f 339//339 1192//1192 340//340
f 1198//1198 312//312 307//307
f 344//344 1192//1192 339//339
f 343//343 1192//1192 344//344
f 1199//1199 316//316 311//311
f 348//348 1192//1192 343//343
f 347//347 1192//1192 348//348
f 1200//1200 320//320 315//315
f 352//352 1192//1192 347//347
f 351//351 1192//1192 352//352
f 1201//1201 324//324 319//319
f 1202//1202 328//328 323//323
f 1203//1203 332//332 327//327
f 642//642 643//643 1192//1192
f 642//642 1192//1192 351//351
f 642//642 351//351 356//356
f 642//642 356//356 355//355
f 642//642 355//355 259//259
f 642//642 259//259 258//258
f 263//263 642//642 258//258
f 262//262 642//642 263//263
f 1204//1204 336//336 331//331
f 267//267 642//642 262//262
f 266//266 642//642 267//267
f 1205//1205 340//340 335//335
f 271//271 642//642 266//266
f 270//270 642//642 271//271
f 1206//1206 344//344 339//339
f 275//275 642//642 270//270
f 274//274 642//642 275//275
f 1207//1207 348//348 343//343
f 279//279 642//642 274//274
f 278//278 642//642 279//279
f 1208//1208 352//352 347//347
f 283//283 642//642 278//278
f 282//282 642//642 283//283
f 1209//1209 356//356 351//351
f 287//287 642//642 282//282
f 286//286 642//642 287//287
f 1210//1210 259//259 355//355
f 291//291 642//642 286//286
f 290//290 642//642 291//291
f 1211//1211 263//263 258//258
f 295//295 642//642 290//290
f 294//294 642//642 295//295
f 1212//1212 267//267 262//262
f 298//298 642//642 294//294
f 1196//1196 642//642 298//298
f 1213//1213 271//271 266//266
f 1194//1194 642//642 1196//1196
f 1214//1214 275//275 270//270
f 300//300 642//642 1194//1194
f 1215//1215 279//279 274//274
f 1216//1216 283//283 278//278
f 1217//1217 287//287 282//282
f 1218//1218 291//291 286//286
f 1219//1219 295//295 290//290
f 1220//1220 298//298 294//294
f 303//303 1271//1271 1197//1197
f 307//307 1267//1267 1198//1198
f 311//311 1263//1263 1199//1199
f 315//315 1259//1259 1200//1200
f 319//319 1255//1255 1201//1201
f 323//323 1251//1251 1202//1202
f 327//327 1247//1247 1203//1203
f 331//331 1243//1243 1204//1204
f 335//335 1239//1239 1205//1205
f 339//339 1235//1235 1206//1206
f 343//343 1231//1231 1207//1207
f 347//347 1227//1227 1208//1208
f 351//351 1223//1223 1209//1209
f 355//355 1298//1298 1210//1210
f 258//258 1296//1296 1211//1211
f 262//262 1294//1294 1212//1212
f 266//266 1292//1292 1213//1213
f 270//270 1290//1290 1214//1214
f 274//274 1288//1288 1215//1215
f 278//278 1286//1286 1216//1216
f 282//282 1285//1285 1217//1217
f 286//286 1283//1283 1218//1218
f 290//290 1281//1281 1219//1219
f 294//294 1279//1279 1220//1220
f 1209//1209 1221//1221 1222//1222
f 1209//1209 1222//1222 353//353
f 356//356 1209//1209 353//353
f 1223//1223 351//351 350//350
f 1223//1223 350//350 1224//1224
f 1208//1208 1225//1225 1226//1226
f 1208//1208 1226//1226 349//349
f 352//352 1208//1208 349//349
f 1227//1227 347//347 346//346
f 1227//1227 346//346 1228//1228
f 1207//1207 1229//1229 1230//1230
f 1207//1207 1230//1230 345//345
f 348//348 1207//1207 345//345
f 1231//1231 343//343 342//342
f 1231//1231 342//342 1232//1232
f 1206//1206 1233//1233 1234//1234
f 1206//1206 1234//1234 341//341
f 344//344 1206//1206 341//341
f 1235//1235 339//339 338//338
f 1235//1235 338//338 1236//1236
f 1205//1205 1237//1237 1238//1238
f 1205//1205 1238//1238 337//337
f 340//340 1205//1205 337//337
f 1239//1239 335//335 334//334
f 1239//1239 334//334 1240//1240
f 1204//1204 1241//1241 1242//1242
f 1204//1204 1242//1242 333//333
f 336//336 1204//1204 333//333
f 1243//1243 331//331 330//330
f 1243//1243 330//330 1244//1244
f 1203//1203 1245//1245 1246//1246
f 1203//1203 1246//1246 329//329
f 332//332 1203//1203 329//329
f 1247//1247 327//327 326//326
f 1247//1247 326//326 1248//1248
f 1202//1202 1249//1249 1250//1250
f 1202//1202 1250//1250 325//325
f 328//328 1202//1202 325//325
f 1251//1251 323//323 322//322
f 1251//1251 322//322 1252//1252
f 1201//1201 1253//1253 1254//1254
f 1201//1201 1254//1254 321//321
f 324//324 1201//1201 321//321
f 1255//1255 319//319 318//318
f 1255//1255 318//318 1256//1256
f 1200//1200 1257//1257 1258//1258
f 1200//1200 1258//1258 317//317
f 320//320 1200//1200 317//317
f 1259//1259 315//315 314//314
f 1259//1259 314//314 1260//1260
f 1199//1199 1261//1261 1262//1262
f 1199//1199 1262//1262 313//313
f 316//316 1199//1199 313//313
f 1263//1263 311//311 310//310
f 1263//1263 310//310 1264//1264
f 1198//1198 1265//1265 1266//1266
f 1198//1198 1266//1266 309//309
f 312//312 1198//1198 309//309
f 1267//1267 307//307 306//306
f 1267//1267 306//306 1268//1268
f 1197//1197 1269//1269 1270//1270
f 1197//1197 1270//1270 305//305
f 308//308 1197//1197 305//305
f 1271//1271 303//303 302//302
f 1271//1271 302//302 1272//1272
f 304//304 1273//1273 1274//1274
f 304//304 1274//1274 301//301
f 1227//1227 1225//1225 1208//1208
f 1229//1229 1207//1207 1231//1231
f 1233//1233 1206//1206 1235//1235
f 1239//1239 1237//1237 1205//1205
f 1241//1241 1204//1204 1243//1243
f 1247//1247 1245//1245 1203//1203
f 1249//1249 1202//1202 1251//1251
f 1255//1255 1253//1253 1201//1201
f 1259//1259 1257//1257 1200//1200
f 1263//1263 1261//1261 1199//1199
f 1267//1267 1265//1265 1198//1198
f 1271//1271 1269//1269 1197//1197
f 1275//1275 304//304 1195//1195
f 1275//1275 1273//1273 304//304
f 1276//1276 1194//1194 1196//1196
f 1277//1277 1276//1276 1196//1196
f 1278//1278 1220//1220 1279//1279
f 1280//1280 1219//1219 1281//1281
f 1282//1282 1218//1218 1283//1283
f 1284//1284 1217//1217 1285//1285
f 1286//1286 1287//1287 1216//1216
f 1288//1288 1289//1289 1215//1215
f 1290//1290 1291//1291 1214//1214
f 1292//1292 1293//1293 1213//1213
f 1294//1294 1295//1295 1212//1212
f 1296//1296 1297//1297 1211//1211
f 1298//1298 1299//1299 1210//1210
f 1223//1223 1221//1221 1209//1209
f 1300//1300 565//565 566//566
f 1301//1301 565//565 1300//1300
f 1302//1302 564//564 565//565
f 1302//1302 565//565 1301//1301
f 858//858 564//564 1302//1302
f 858//858 563//563 564//564
f 1303//1303 923//923 924//924
f 1304//1304 923//923 1303//1303
f 1305//1305 923//923 1304//1304
f 1305//1305 793//793 923//923
f 686//686 685//685 1306//1306
f 686//686 1306//1306 1307//1307
f 687//687 686//686 1307//1307
f 687//687 1307//1307 1308//1308
f 688//688 687//687 1308//1308
f 688//688 1308//1308 1309//1309
f 689//689 688//688 1309//1309
f 689//689 1309//1309 1310//1310
f 690//690 689//689 1310//1310
f 690//690 1310//1310 1311//1311
f 691//691 690//690 1311//1311
f 691//691 1311//1311 1312//1312
f 629//629 691//691 1312//1312
f 1306//1306 685//685 678//678
f 1313//1313 1306//1306 678//678
f 684//684 1314//1314 1315//1315
f 683//683 684//684 1315//1315
f 683//683 1315//1315 1316//1316
f 682//682 683//683 1316//1316
f 682//682 1316//1316 1317//1317
f 681//681 682//682 1317//1317
f 680//680 681//681 1317//1317
f 680//680 1317//1317 1318//1318
f 679//679 680//680 1318//1318
f 679//679 1318//1318 1319//1319
f 678//678 679//679 1319//1319
f 678//678 1319//1319 1313//1313
f 1191//1191 1193//1193 1192//1192
f 1190//1190 1193//1193 1191//1191
f 1189//1189 1193//1193 1190//1190
f 1187//1187 1189//1189 1188//1188
f 1186//1186 1189//1189 1187//1187
f 1184//1184 1186//1186 1185//1185
f 1184//1184 1193//1193 1189//1189
f 1184//1184 1189//1189 1186//1186
f 1182//1182 1193//1193 1184//1184
f 1182//1182 1184//1184 1183//1183
f 202//202 1193//1193 1182//1182
f 1322//1322 1321//1321 1320//1320
f 1323//1323 1322//1322 1320//1320
f 1326//1326 1325//1325 1324//1324
f 1326//1326 1324//1324 1323//1323
f 1328//1328 1320//1320 357//357
f 1327//1327 1320//1320 1328//1328
f 1327//1327 1323//1323 1320//1320
f 1327//1327 1326//1326 1323//1323
f 1329//1329 1328//1328 357//357
f 1330//1330 1329//1329 357//357
f 1330//1330 357//357 185//185
f 1331//1331 1330//1330 185//185
f 1332//1332 1331//1331 185//185
f 1333//1333 1332//1332 185//185
f 1334//1334 1333//1333 185//185
f 990//990 196//196 198//198
f 990//990 194//194 196//196
f 990//990 193//193 194//194
f 990//990 1334//1334 185//185
f 990//990 191//191 193//193
f 990//990 189//189 191//191
f 990//990 187//187 189//189
f 990//990 185//185 187//187
f 990//990 198//198 203//203
f 1170//1170 1335//1335 1334//1334
f 1170//1170 1334//1334 990//990
f 1170//1170 1336//1336 1335//1335
f 1171//1171 1336//1336 1170//1170
f 1171//1171 1337//1337 1336//1336
f 1172//1172 1337//1337 1171//1171
f 1308//1308 1310//1310 1309//1309
f 1311//1311 1310//1310 1308//1308
f 1306//1306 1308//1308 1307//1307
f 1306//1306 1311//1311 1308//1308
f 1306//1306 1312//1312 1311//1311
f 1173//1173 1337//1337 1172//1172
f 1318//1318 1313//1313 1319//1319
f 1317//1317 1313//1313 1318//1318
f 1316//1316 1313//1313 1317//1317
f 1315//1315 1313//1313 1316//1316
f 1314//1314 1313//1313 1315//1315
f 1314//1314 1312//1312 1306//1306
f 1314//1314 1306//1306 1313//1313
f 1338//1338 1312//1312 1314//1314
f 722//722 1312//1312 1338//1338
f 722//722 1340//1340 1339//1339
f 722//722 1338//1338 1340//1340
f 718//718 720//720 722//722
f 716//716 718//718 722//722
f 714//714 716//716 722//722
f 712//712 714//714 722//722
f 711//711 712//712 722//722
f 708//708 711//711 722//722
f 704//704 722//722 1339//1339
f 704//704 708//708 722//722
f 704//704 706//706 708//708
f 1341//1341 704//704 1339//1339
f 1342//1342 704//704 1341//1341
f 1343//1343 704//704 1342//1342
f 1344//1344 704//704 1343//1343
f 631//631 704//704 1344//1344
f 631//631 1346//1346 1345//1345
f 631//631 1347//1347 1346//1346
f 631//631 1348//1348 1347//1347
f 631//631 1344//1344 1348//1348
f 641//641 631//631 1345//1345
f 641//641 1345//1345 1173//1173
f 641//641 1173//1173 165//165
f 634//634 633//633 631//631
f 634//634 631//631 641//641
f 639//639 641//641 640//640
f 638//638 641//641 639//639
f 636//636 635//635 634//634
f 637//637 641//641 638//638
f 636//636 634//634 641//641
f 636//636 641//641 637//637
f 1345//1345 1337//1337 1173//1173
f 1182//1182 990//990 202//202
f 202//202 990//990 203//203
f 1338//1338 1314//1314 684//684
f 1338//1338 684//684 697//697
f 697//697 1340//1340 1338//1338
f 698//698 1340//1340 697//697
f 698//698 1339//1339 1340//1340
f 696//696 1339//1339 698//698
f 700//700 1342//1342 1341//1341
f 700//700 1341//1341 699//699
f 700//700 1343//1343 1342//1342
f 701//701 1343//1343 700//700
f 702//702 1343//1343 701//701
f 702//702 1344//1344 1343//1343
f 695//695 1344//1344 702//702
f 695//695 1348//1348 1344//1344
f 695//695 1347//1347 1348//1348
f 694//694 1347//1347 695//695
f 693//693 1347//1347 694//694
f 693//693 1346//1346 1347//1347
f 693//693 1345//1345 1346//1346
f 692//692 1345//1345 693//693
f 1341//1341 1339//1339 696//696
f 1341//1341 696//696 699//699
f 660//660 1336//1336 1337//1337
f 658//658 1336//1336 660//660
f 656//656 1336//1336 658//658
f 656//656 1335//1335 1336//1336
f 655//655 1335//1335 656//656
f 655//655 1334//1334 1335//1335
f 652//652 1334//1334 655//655
f 652//652 1333//1333 1334//1334
f 654//654 1333//1333 652//652
f 654//654 1332//1332 1333//1333
f 659//659 1332//1332 654//654
f 664//664 1332//1332 659//659
f 664//664 1331//1331 1332//1332
f 665//665 1331//1331 664//664
f 665//665 1330//1330 1331//1331
f 666//666 1329//1329 1330//1330
f 666//666 1330//1330 665//665
f 667//667 1329//1329 666//666
f 667//667 1328//1328 1329//1329
f 668//668 1328//1328 667//667
f 1345//1345 692//692 660//660
f 1337//1337 1345//1345 660//660
f 669//669 1320//1320 1321//1321
f 673//673 669//669 1321//1321
f 677//677 673//673 1321//1321
f 677//677 1321//1321 1322//1322
f 675//675 677//677 1322//1322
f 675//675 1322//1322 1323//1323
f 672//672 675//675 1323//1323
f 672//672 1323//1323 1324//1324
f 670//670 672//672 1324//1324
f 670//670 1324//1324 1325//1325
f 671//671 670//670 1325//1325
f 671//671 1325//1325 1326//1326
f 674//674 671//671 1326//1326
f 674//674 1326//1326 1327//1327
f 676//676 674//674 1327//1327
f 1320//1320 669//669 358//358
f 357//357 1320//1320 358//358
f 1349//1349 1105//1105 1361//1361
f 1349//1349 1101//1101 1105//1105
f 1350//1350 1101//1101 1349//1349
f 1350//1350 1098//1098 1101//1101
f 1350//1350 1097//1097 1098//1098
f 922//922 1097//1097 1350//1350
f 918//918 1097//1097 922//922
f 916//916 1097//1097 918//918
f 791//791 922//922 1350//1350
f 915//915 1097//1097 916//916
f 1303//1303 922//922 791//791
f 1304//1304 1303//1303 791//791
f 791//791 1305//1305 1304//1304
f 913//913 1097//1097 915//915
f 913//913 1093//1093 1097//1097
f 912//912 1093//1093 913//913
f 70//70 1093//1093 912//912
f 77//77 1093//1093 70//70
f 1095//1095 1093//1093 77//77
f 1099//1099 1095//1095 77//77
f 76//76 1099//1099 77//77
f 1100//1100 1099//1099 76//76
f 1103//1103 1100//1100 76//76
f 75//75 1103//1103 76//76
f 1106//1106 1103//1103 75//75
f 74//74 1106//1106 75//75
f 1153//1153 1106//1106 74//74
f 1115//1115 1153//1153 74//74
f 73//73 1115//1115 74//74
f 1113//1113 1115//1115 73//73
f 72//72 1113//1113 73//73
f 1112//1112 1113//1113 72//72
f 62//62 1112//1112 72//72
f 61//61 62//62 72//72
f 1389//1389 1112//1112 62//62
f 1118//1118 1112//1112 1389//1389
f 1351//1351 1118//1118 1389//1389
f 1122//1122 1118//1118 1351//1351
f 38//38 1122//1122 1351//1351
f 1125//1125 1122//1122 38//38
f 46//46 1125//1125 38//38
f 48//48 1125//1125 46//46
f 49//49 1125//1125 48//48
f 1352//1352 1129//1129 1125//1125
f 1352//1352 1125//1125 49//49
f 1352//1352 49//49 789//789
f 1353//1353 1136//1136 1129//1129
f 1353//1353 1129//1129 1352//1352
f 1354//1354 1136//1136 1353//1353
f 1354//1354 1135//1135 1136//1136
f 1355//1355 1135//1135 1354//1354
f 1356//1356 1135//1135 1355//1355
f 1356//1356 1147//1147 1135//1135
f 1357//1357 1147//1147 1356//1356
f 1357//1357 1144//1144 1147//1147
f 33//33 1144//1144 1357//1357
f 34//34 1144//1144 33//33
f 30//30 1144//1144 34//34
f 30//30 1143//1143 1144//1144
f 803//803 33//33 1357//1357
f 806//806 33//33 803//803
f 31//31 30//30 34//34
f 803//803 805//805 806//806
f 804//804 805//805 803//803
f 1369//1369 1143//1143 30//30
f 1369//1369 1137//1137 1143//1143
f 1358//1358 1137//1137 1369//1369
f 1358//1358 1139//1139 1137//1137
f 20//20 1139//1139 1358//1358
f 13//13 20//20 1//1
f 13//13 1139//1139 20//20
f 13//13 1146//1146 1139//1139
f 15//15 1146//1146 13//13
f 15//15 1148//1148 1146//1146
f 15//15 1156//1156 1148//1148
f 11//11 1156//1156 15//15
f 11//11 1157//1157 1156//1156
f 11//11 1131//1131 1157//1157
f 10//10 1131//1131 11//11
f 10//10 1128//1128 1131//1131
f 10//10 1127//1127 1128//1128
f 9//9 1127//1127 10//10
f 9//9 1121//1121 1127//1127
f 9//9 1119//1119 1121//1121
f 872//872 1119//1119 9//9
f 869//869 1119//1119 872//872
f 869//869 1117//1117 1119//1119
f 865//865 1117//1117 869//869
f 863//863 1117//1117 865//865
f 863//863 1111//1111 1117//1117
f 862//862 1111//1111 863//863
f 861//861 1111//1111 862//862
f 860//860 1111//1111 861//861
f 859//859 1111//1111 860//860
f 858//858 1111//1111 859//859
f 1109//1109 1111//1111 858//858
f 802//802 1301//1301 1300//1300
f 1302//1302 1301//1301 802//802
f 802//802 858//858 1302//1302
f 1359//1359 858//858 802//802
f 1359//1359 1109//1109 858//858
f 1359//1359 1108//1108 1109//1109
f 1360//1360 1108//1108 1359//1359
f 1360//1360 1107//1107 1108//1108
f 1361//1361 1107//1107 1360//1360
f 1361//1361 1105//1105 1107//1107
f 991//991 996//996 1019//1019
f 991//991 1019//1019 1020//1020
f 1174//1174 1003//1003 1006//1006
f 950//950 1008//1008 948//948
f 950//950 1006//1006 1008//1008
f 950//950 1174//1174 1006//1006
f 1178//1178 950//950 952//952
f 1178//1178 1174//1174 950//950
f 105//105 823//823 104//104
f 105//105 822//822 823//823
f 1327//1327 1328//1328 668//668
f 1327//1327 668//668 676//676
f 889//889 888//888 1362//1362
f 889//889 1362//1362 1363//1363
f 809//809 552//552 436//436
f 897//897 808//808 895//895
f 893//893 808//808 809//809
f 893//893 895//895 808//808
f 898//898 808//808 897//897
f 898//898 807//807 808//808
f 891//891 893//893 809//809
f 901//901 807//807 898//898
f 891//891 809//809 436//436
f 888//888 891//891 436//436
f 435//435 888//888 436//436
f 1362//1362 888//888 435//435
f 436//436 550//550 432//432
f 552//552 550//550 436//436
f 889//889 1363//1363 434//434
f 847//847 845//845 894//894
f 845//845 896//896 894//894
f 847//847 894//894 892//892
f 845//845 899//899 896//896
f 850//850 847//847 892//892
f 900//900 899//899 845//845
f 850//850 892//892 890//890
f 432//432 890//890 889//889
f 432//432 850//850 890//890
f 432//432 889//889 434//434
f 550//550 850//850 432//432
f 434//434 1362//1362 435//435
f 1363//1363 1362//1362 434//434
f 874//874 873//873 1364//1364
f 874//874 1364//1364 1365//1365
f 849//849 551//551 433//433
f 880//880 844//844 846//846
f 878//878 880//880 846//846
f 882//882 844//844 880//880
f 878//878 846//846 848//848
f 884//884 844//844 882//882
f 877//877 878//878 848//848
f 884//884 886//886 844//844
f 877//877 848//848 849//849
f 875//875 877//877 849//849
f 875//875 849//849 433//433
f 873//873 875//875 433//433
f 431//431 873//873 433//433
f 1364//1364 873//873 431//431
f 551//551 430//430 433//433
f 551//551 549//549 430//430
f 874//874 1365//1365 429//429
f 842//842 841//841 881//881
f 842//842 881//881 879//879
f 841//841 883//883 881//881
f 840//840 883//883 841//841
f 840//840 885//885 883//883
f 842//842 879//879 876//876
f 843//843 842//842 876//876
f 840//840 887//887 885//885
f 430//430 876//876 874//874
f 430//430 874//874 429//429
f 430//430 843//843 876//876
f 549//549 843//843 430//430
f 1365//1365 431//431 429//429
f 1365//1365 1364//1364 431//431
f 1366//1366 21//21 1367//1367
f 1367//1367 21//21 20//20
f 1366//1366 22//22 21//21
f 1367//1367 20//20 1358//1358
f 1368//1368 22//22 1366//1366
f 1368//1368 23//23 22//22
f 1370//1370 23//23 1368//1368
f 1370//1370 24//24 23//23
f 25//25 24//24 1370//1370
f 25//25 1370//1370 1371//1371
f 29//29 1371//1371 1369//1369
f 29//29 1369//1369 30//30
f 26//26 1371//1371 29//29
f 26//26 25//25 1371//1371
f 1372//1372 5//5 3//3
f 1373//1373 5//5 1372//1372
f 1373//1373 4//4 5//5
f 1374//1374 6//6 4//4
f 1374//1374 4//4 1373//1373
f 1374//1374 8//8 6//6
f 1375//1375 8//8 1374//1374
f 1375//1375 7//7 8//8
f 1376//1376 7//7 1375//1375
f 1376//1376 870//870 7//7
f 1377//1377 870//870 1376//1376
f 1377//1377 866//866 870//870
f 1377//1377 867//867 866//866
f 1378//1378 867//867 1377//1377
f 1378//1378 864//864 867//867
f 1378//1378 868//868 864//864
f 1378//1378 871//871 868//868
f 1379//1379 2//2 871//871
f 1379//1379 871//871 1378//1378
f 1379//1379 3//3 2//2
f 1372//1372 3//3 1379//1379
f 1381//1381 1373//1373 1372//1372
f 1381//1381 1380//1380 1373//1373
f 1380//1380 1374//1374 1373//1373
f 1382//1382 1372//1372 1379//1379
f 1382//1382 1381//1381 1372//1372
f 1383//1383 1374//1374 1380//1380
f 1383//1383 1375//1375 1374//1374
f 1378//1378 1382//1382 1379//1379
f 1378//1378 1385//1385 1382//1382
f 1375//1375 1383//1383 1384//1384
f 1377//1377 1385//1385 1378//1378
f 1376//1376 1375//1375 1384//1384
f 1376//1376 1385//1385 1377//1377
f 1376//1376 1384//1384 1385//1385
f 1130//1130 1383//1383 1380//1380
f 1124//1124 1383//1383 1130//1130
f 1120//1120 1383//1383 1124//1124
f 1120//1120 1384//1384 1383//1383
f 1110//1110 1384//1384 1120//1120
f 1090//1090 1384//1384 1110//1110
f 1090//1090 1385//1385 1384//1384
f 1089//1089 1385//1385 1090//1090
f 1087//1087 1385//1385 1089//1089
f 1087//1087 1382//1382 1385//1385
f 1088//1088 1382//1382 1087//1087
f 1088//1088 1381//1381 1382//1382
f 1091//1091 1381//1381 1088//1088
f 1091//1091 1380//1380 1381//1381
f 1092//1092 1380//1380 1091//1091
f 1130//1130 1380//1380 1092//1092
f 1151//1151 1368//1368 1366//1366
f 1152//1152 1368//1368 1151//1151
f 1149//1149 1368//1368 1152//1152
f 1149//1149 1370//1370 1368//1368
f 1150//1150 1370//1370 1149//1149
f 1150//1150 1371//1371 1370//1370
f 1142//1142 1371//1371 1150//1150
f 1142//1142 1369//1369 1371//1371
f 1138//1138 1369//1369 1142//1142
f 1138//1138 1358//1358 1369//1369
f 1140//1140 1358//1358 1138//1138
f 1140//1140 1367//1367 1358//1358
f 1141//1141 1367//1367 1140//1140
f 1145//1145 1367//1367 1141//1141
f 1145//1145 1366//1366 1367//1367
f 1151//1151 1366//1366 1145//1145
f 723//723 166//166 724//724
f 85//85 857//857 83//83
f 85//85 856//856 857//857
f 81//81 83//83 857//857
f 87//87 856//856 85//85
f 79//79 81//81 857//857
f 87//87 723//723 856//856
f 89//89 723//723 87//87
f 89//89 166//166 723//723
f 78//78 79//79 857//857
f 163//163 166//166 89//89
f 91//91 163//163 89//89
f 166//166 161//161 178//178
f 724//724 166//166 178//178
f 129//129 154//154 184//184
f 129//129 128//128 154//154
f 1387//1387 50//50 1386//1386
f 1386//1386 50//50 52//52
f 1387//1387 62//62 50//50
f 1388//1388 1386//1386 52//52
f 1388//1388 52//52 55//55
f 1387//1387 1389//1389 62//62
f 1390//1390 1388//1388 55//55
f 57//57 1390//1390 55//55
f 1351//1351 1389//1389 1392//1392
f 57//57 1391//1391 1390//1390
f 41//41 1351//1351 1392//1392
f 60//60 41//41 1392//1392
f 60//60 1391//1391 57//57
f 38//38 1351//1351 41//41
f 60//60 1392//1392 1391//1391
f 64//64 1393//1393 1400//1400
f 65//65 1393//1393 64//64
f 65//65 1394//1394 1393//1393
f 66//66 1394//1394 65//65
f 66//66 1395//1395 1394//1394
f 68//68 1395//1395 66//66
f 68//68 1396//1396 1395//1395
f 69//69 1396//1396 68//68
f 71//71 1396//1396 69//69
f 71//71 1397//1397 1396//1396
f 904//904 1397//1397 71//71
f 904//904 1398//1398 1397//1397
f 910//910 1398//1398 904//904
f 911//911 1398//1398 910//910
f 911//911 1399//1399 1398//1398
f 908//908 1399//1399 911//911
f 906//906 1399//1399 908//908
f 906//906 1400//1400 1399//1399
f 903//903 1400//1400 906//906
f 64//64 1400//1400 903//903
f 1402//1402 1393//1393 1394//1394
f 1401//1401 1402//1402 1394//1394
f 1401//1401 1394//1394 1395//1395
f 1403//1403 1393//1393 1402//1402
f 1403//1403 1400//1400 1393//1393
f 1405//1405 1401//1401 1395//1395
f 1396//1396 1405//1405 1395//1395
f 1400//1400 1403//1403 1404//1404
f 1399//1399 1400//1400 1404//1404
f 1398//1398 1399//1399 1404//1404
f 1397//1397 1405//1405 1396//1396
f 1397//1397 1406//1406 1405//1405
f 1398//1398 1406//1406 1397//1397
f 1398//1398 1404//1404 1406//1406
f 1401//1401 1104//1104 1154//1154
f 1405//1405 1104//1104 1401//1401
f 1405//1405 1094//1094 1104//1104
f 1405//1405 1096//1096 1094//1094
f 1406//1406 1096//1096 1405//1405
f 1406//1406 1102//1102 1096//1096
f 1404//1404 1102//1102 1406//1406
f 1404//1404 1086//1086 1102//1102
f 1403//1403 1086//1086 1404//1404
f 1403//1403 1085//1085 1086//1086
f 1403//1403 1084//1084 1085//1085
f 1402//1402 1084//1084 1403//1403
f 1402//1402 1155//1155 1084//1084
f 1401//1401 1155//1155 1402//1402
f 1401//1401 1154//1154 1155//1155
f 1388//1388 1133//1133 1134//1134
f 1390//1390 1133//1133 1388//1388
f 1390//1390 1132//1132 1133//1133
f 1390//1390 1126//1126 1132//1132
f 1391//1391 1126//1126 1390//1390
f 1392//1392 1123//1123 1126//1126
f 1392//1392 1126//1126 1391//1391
f 1389//1389 1123//1123 1392//1392
f 1389//1389 1118//1118 1123//1123
f 1389//1389 1116//1116 1118//1118
f 1387//1387 1116//1116 1389//1389
f 1387//1387 1114//1114 1116//1116
f 1386//1386 1114//1114 1387//1387
f 1386//1386 1134//1134 1114//1114
f 1388//1388 1134//1134 1386//1386
f 1360//1360 1349//1349 1361//1361
f 1352//1352 789//789 791//791
f 1353//1353 1352//1352 791//791
f 1355//1355 1354//1354 1353//1353
f 1355//1355 791//791 1350//1350
f 1355//1355 1353//1353 791//791
f 1357//1357 1356//1356 1355//1355
f 803//803 1359//1359 802//802
f 803//803 1357//1357 1355//1355
f 803//803 1350//1350 1349//1349
f 803//803 1349//1349 1360//1360
f 803//803 1360//1360 1359//1359
f 803//803 1355//1355 1350//1350
f 1055//1055 532//532 1071//1071
f 506//506 1055//1055 1053//1053
f 506//506 532//532 1055//1055
f 503//503 506//506 1053//1053
f 1272//1272 1407//1407 1408//1408
f 1270//1270 1272//1272 1408//1408
f 1269//1269 1271//1271 1272//1272
f 1269//1269 1272//1272 1270//1270
f 1264//1264 1409//1409 1410//1410
f 1262//1262 1264//1264 1410//1410
f 1261//1261 1263//1263 1264//1264
f 1261//1261 1264//1264 1262//1262
f 1256//1256 1411//1411 1412//1412
f 1254//1254 1256//1256 1412//1412
f 1253//1253 1255//1255 1256//1256
f 1253//1253 1256//1256 1254//1254
f 1248//1248 1413//1413 1414//1414
f 1246//1246 1248//1248 1414//1414
f 1245//1245 1247//1247 1248//1248
f 1245//1245 1248//1248 1246//1246
f 1240//1240 1415//1415 1416//1416
f 1238//1238 1240//1240 1416//1416
f 1237//1237 1239//1239 1240//1240
f 1237//1237 1240//1240 1238//1238
f 1232//1232 1417//1417 1418//1418
f 1230//1230 1232//1232 1418//1418
f 1229//1229 1231//1231 1232//1232
f 1229//1229 1232//1232 1230//1230
f 1224//1224 1419//1419 1420//1420
f 1222//1222 1224//1224 1420//1420
f 1221//1221 1223//1223 1224//1224
f 1221//1221 1224//1224 1222//1222
f 1296//1296 258//258 257//257
f 1296//1296 257//257 1421//1421
f 1421//1421 1422//1422 1423//1423
f 1424//1424 1421//1421 1423//1423
f 1297//1297 1296//1296 1421//1421
f 1297//1297 1421//1421 1424//1424
f 1211//1211 1297//1297 1424//1424
f 1211//1211 1424//1424 260//260
f 263//263 1211//1211 260//260
f 1292//1292 266//266 265//265
f 1292//1292 265//265 1425//1425
f 1425//1425 1426//1426 1427//1427
f 1428//1428 1425//1425 1427//1427
f 1293//1293 1292//1292 1425//1425
f 1293//1293 1425//1425 1428//1428
f 1213//1213 1293//1293 1428//1428
f 1213//1213 1428//1428 268//268
f 271//271 1213//1213 268//268
f 1288//1288 274//274 273//273
f 1288//1288 273//273 1429//1429
f 1429//1429 1430//1430 1431//1431
f 1432//1432 1429//1429 1431//1431
f 1289//1289 1288//1288 1429//1429
f 1289//1289 1429//1429 1432//1432
f 1215//1215 1289//1289 1432//1432
f 1215//1215 1432//1432 276//276
f 279//279 1215//1215 276//276
f 1285//1285 282//282 281//281
f 1285//1285 281//281 1433//1433
f 1433//1433 1434//1434 1435//1435
f 1436//1436 1433//1433 1435//1435
f 1284//1284 1285//1285 1433//1433
f 1284//1284 1433//1433 1436//1436
f 1217//1217 1284//1284 1436//1436
f 1217//1217 1436//1436 284//284
f 287//287 1217//1217 284//284
f 1281//1281 290//290 289//289
f 1281//1281 289//289 1437//1437
f 1437//1437 1438//1438 1439//1439
f 1440//1440 1437//1437 1439//1439
f 1280//1280 1281//1281 1437//1437
f 1280//1280 1437//1437 1440//1440
f 1219//1219 1280//1280 1440//1440
f 1219//1219 1440//1440 292//292
f 295//295 1219//1219 292//292
f 1277//1277 297//297 1441//1441
f 1277//1277 1196//1196 297//297
f 1441//1441 1442//1442 1443//1443
f 1444//1444 1441//1441 1443//1443
f 1276//1276 1277//1277 1441//1441
f 1276//1276 1441//1441 1444//1444
f 1194//1194 1276//1276 1444//1444
f 1194//1194 1444//1444 299//299
f 1279//1279 294//294 293//293
f 1279//1279 293//293 1445//1445
f 1445//1445 1446//1446 1447//1447
f 1448//1448 1445//1445 1447//1447
f 1278//1278 1279//1279 1445//1445
f 1278//1278 1445//1445 1448//1448
f 1220//1220 1278//1278 1448//1448
f 1220//1220 1448//1448 296//296
f 298//298 1220//1220 296//296
f 1283//1283 286//286 285//285
f 1283//1283 285//285 1449//1449
f 1449//1449 1450//1450 1451//1451
f 1452//1452 1449//1449 1451//1451
f 1282//1282 1283//1283 1449//1449
f 1282//1282 1449//1449 1452//1452
f 1218//1218 1282//1282 1452//1452
f 1218//1218 1452//1452 288//288
f 291//291 1218//1218 288//288
f 1286//1286 278//278 277//277
f 1286//1286 277//277 1453//1453
f 1453//1453 1454//1454 1455//1455
f 1456//1456 1453//1453 1455//1455
f 1287//1287 1286//1286 1453//1453
f 1287//1287 1453//1453 1456//1456
f 1216//1216 1287//1287 1456//1456
f 1216//1216 1456//1456 280//280
f 283//283 1216//1216 280//280
f 1290//1290 270//270 269//269
f 1290//1290 269//269 1457//1457
f 1457//1457 1458//1458 1459//1459
f 1460//1460 1457//1457 1459//1459
f 1291//1291 1290//1290 1457//1457
f 1291//1291 1457//1457 1460//1460
f 1214//1214 1291//1291 1460//1460
f 1214//1214 1460//1460 272//272
f 275//275 1214//1214 272//272
f 1294//1294 262//262 261//261
f 1294//1294 261//261 1461//1461
f 1461//1461 1462//1462 1463//1463
f 1464//1464 1461//1461 1463//1463
f 1295//1295 1294//1294 1461//1461
f 1295//1295 1461//1461 1464//1464
f 1212//1212 1295//1295 1464//1464
f 1212//1212 1464//1464 264//264
f 267//267 1212//1212 264//264
f 1298//1298 355//355 354//354
f 1298//1298 354//354 1465//1465
f 1465//1465 1466//1466 1467//1467
f 1468//1468 1465//1465 1467//1467
f 1299//1299 1298//1298 1465//1465
f 1299//1299 1465//1465 1468//1468
f 1210//1210 1299//1299 1468//1468
f 1210//1210 1468//1468 256//256
f 259//259 1210//1210 256//256
f 1228//1228 1469//1469 1470//1470
f 1226//1226 1228//1228 1470//1470
f 1225//1225 1227//1227 1228//1228
f 1225//1225 1228//1228 1226//1226
f 1236//1236 1471//1471 1472//1472
f 1234//1234 1236//1236 1472//1472
f 1233//1233 1235//1235 1236//1236
f 1233//1233 1236//1236 1234//1234
f 1244//1244 1473//1473 1474//1474
f 1242//1242 1244//1244 1474//1474
f 1241//1241 1243//1243 1244//1244
f 1241//1241 1244//1244 1242//1242
f 1252//1252 1475//1475 1476//1476
f 1250//1250 1252//1252 1476//1476
f 1249//1249 1251//1251 1252//1252
f 1249//1249 1252//1252 1250//1250
f 1260//1260 1477//1477 1478//1478
f 1258//1258 1260//1260 1478//1478
f 1257//1257 1259//1259 1260//1260
f 1257//1257 1260//1260 1258//1258
f 1268//1268 1479//1479 1480//1480
f 1266//1266 1268//1268 1480//1480
f 1265//1265 1267//1267 1268//1268
f 1265//1265 1268//1268 1266//1266
f 1275//1275 1481//1481 1482//1482
f 1275//1275 1195//1195 1481//1481
f 1482//1482 1483//1483 1484//1484
f 1274//1274 1482//1482 1484//1484
f 1273//1273 1275//1275 1482//1482
f 1273//1273 1482//1482 1274//1274
f 1193//1193 202//202 1481//1481
f 1195//1195 1193//1193 1481//1481
f 1407//1407 302//302 204//204
f 1407//1407 1272//1272 302//302
f 205//205 1270//1270 1408//1408
f 205//205 305//305 1270//1270
f 1409//1409 310//310 208//208
f 1409//1409 1264//1264 310//310
f 209//209 1262//1262 1410//1410
f 209//209 313//313 1262//1262
f 1411//1411 318//318 212//212
f 1411//1411 1256//1256 318//318
f 213//213 1254//1254 1412//1412
f 213//213 321//321 1254//1254
f 1413//1413 326//326 216//216
f 1413//1413 1248//1248 326//326
f 217//217 1246//1246 1414//1414
f 217//217 329//329 1246//1246
f 1415//1415 334//334 220//220
f 1415//1415 1240//1240 334//334
f 221//221 1238//1238 1416//1416
f 221//221 337//337 1238//1238
f 1417//1417 342//342 224//224
f 1417//1417 1232//1232 342//342
f 225//225 1230//1230 1418//1418
f 225//225 345//345 1230//1230
f 1419//1419 350//350 228//228
f 1419//1419 1224//1224 350//350
f 229//229 1222//1222 1420//1420
f 229//229 353//353 1222//1222
f 1422//1422 257//257 233//233
f 1422//1422 1421//1421 257//257
f 234//234 1424//1424 1423//1423
f 234//234 260//260 1424//1424
f 1426//1426 265//265 237//237
f 1426//1426 1425//1425 265//265
f 238//238 1428//1428 1427//1427
f 238//238 268//268 1428//1428
f 1430//1430 273//273 241//241
f 1430//1430 1429//1429 273//273
f 242//242 1432//1432 1431//1431
f 242//242 276//276 1432//1432
f 1434//1434 281//281 245//245
f 1434//1434 1433//1433 281//281
f 246//246 1436//1436 1435//1435
f 246//246 284//284 1436//1436
f 1438//1438 289//289 249//249
f 1438//1438 1437//1437 289//289
f 250//250 1440//1440 1439//1439
f 250//250 292//292 1440//1440
f 1442//1442 297//297 253//253
f 1442//1442 1441//1441 297//297
f 254//254 1444//1444 1443//1443
f 254//254 299//299 1444//1444
f 1446//1446 293//293 251//251
f 1446//1446 1445//1445 293//293
f 252//252 1448//1448 1447//1447
f 252//252 296//296 1448//1448
f 1450//1450 285//285 247//247
f 1450//1450 1449//1449 285//285
f 248//248 1452//1452 1451//1451
f 248//248 288//288 1452//1452
f 1454//1454 277//277 243//243
f 1454//1454 1453//1453 277//277
f 244//244 1456//1456 1455//1455
f 244//244 280//280 1456//1456
f 1458//1458 269//269 239//239
f 1458//1458 1457//1457 269//269
f 240//240 1460//1460 1459//1459
f 240//240 272//272 1460//1460
f 1462//1462 261//261 235//235
f 1462//1462 1461//1461 261//261
f 236//236 1464//1464 1463//1463
f 236//236 264//264 1464//1464
f 1466//1466 354//354 231//231
f 1466//1466 1465//1465 354//354
f 232//232 1468//1468 1467//1467
f 232//232 256//256 1468//1468
f 1469//1469 346//346 226//226
f 1469//1469 1228//1228 346//346
f 227//227 1226//1226 1470//1470
f 227//227 349//349 1226//1226
f 1471//1471 338//338 222//222
f 1471//1471 1236//1236 338//338
f 223//223 1234//1234 1472//1472
f 223//223 341//341 1234//1234
f 1473//1473 330//330 218//218
f 1473//1473 1244//1244 330//330
f 219//219 1242//1242 1474//1474
f 219//219 333//333 1242//1242
f 1475//1475 322//322 214//214
f 1475//1475 1252//1252 322//322
f 215//215 1250//1250 1476//1476
f 215//215 325//325 1250//1250
f 1477//1477 314//314 210//210
f 1477//1477 1260//1260 314//314
f 211//211 1258//1258 1478//1478
f 211//211 317//317 1258//1258
f 1479//1479 306//306 206//206
f 1479//1479 1268//1268 306//306
f 207//207 1266//1266 1480//1480
f 207//207 309//309 1266//1266
f 1483//1483 1481//1481 202//202
f 1483//1483 1482//1482 1481//1481
f 201//201 1274//1274 1484//1484
f 201//201 301//301 1274//1274
f 1418//1418 224//224 225//225
f 1417//1417 224//224 1418//1418
f 1469//1469 227//227 1470//1470
f 1469//1469 226//226 227//227
f 1471//1471 223//223 1472//1472
f 1471//1471 222//222 223//223
f 1419//1419 229//229 1420//1420
f 1419//1419 228//228 229//229
f 1415//1415 221//221 1416//1416
f 1415//1415 220//220 221//221
f 1466//1466 232//232 1467//1467
f 1466//1466 231//231 232//232
f 1473//1473 219//219 1474//1474
f 1473//1473 218//218 219//219
f 1422//1422 234//234 1423//1423
f 1422//1422 233//233 234//234
f 1413//1413 217//217 1414//1414
f 1413//1413 216//216 217//217
f 1462//1462 236//236 1463//1463
f 1462//1462 235//235 236//236
f 1476//1476 214//214 215//215
f 1475//1475 214//214 1476//1476
f 1426//1426 238//238 1427//1427
f 1426//1426 237//237 238//238
f 1411//1411 213//213 1412//1412
f 1411//1411 212//212 213//213
f 1458//1458 240//240 1459//1459
f 1458//1458 239//239 240//240
f 1477//1477 211//211 1478//1478
f 1477//1477 210//210 211//211
f 1430//1430 242//242 1431//1431
f 1430//1430 241//241 242//242
f 1409//1409 209//209 1410//1410
f 1409//1409 208//208 209//209
f 1454//1454 244//244 1455//1455
f 1454//1454 243//243 244//244
f 1479//1479 207//207 1480//1480
f 1479//1479 206//206 207//207
f 1435//1435 245//245 246//246
f 1434//1434 245//245 1435//1435
f 1407//1407 205//205 1408//1408
f 1407//1407 204//204 205//205
f 1451//1451 247//247 248//248
f 1450//1450 247//247 1451//1451
f 1483//1483 201//201 1484//1484
f 1483//1483 202//202 201//201
f 1439//1439 249//249 250//250
f 1438//1438 249//249 1439//1439
f 1447//1447 251//251 252//252
f 1446//1446 251//251 1447//1447
f 1443//1443 253//253 254//254
f 1442//1442 253//253 1443//1443
f 1486//1486 1485//1485 1487//1487
f 1490//1490 1487//1487 1485//1485
f 1490//1490 1485//1485 1488//1488
f 1486//1486 1489//1489 1485//1485
f 1491//1491 1489//1489 1486//1486
f 1492//1492 1489//1489 1491//1491
f 1493//1493 1489//1489 1492//1492
f 1494//1494 1489//1489 1493//1493
f 1495//1495 1489//1489 1494//1494
f 1497//1497 1502//1502 1496//1496
f 1498//1498 1490//1490 1488//1488
f 1500//1500 1499//1499 1498//1498
f 1500//1500 1498//1498 1488//1488
f 1501//1501 1500//1500 1488//1488
f 1505//1505 1501//1501 1488//1488
f 1503//1503 1502//1502 1497//1497
f 1503//1503 1495//1495 1502//1502
f 1548//1548 1495//1495 1503//1503
f 1504//1504 1505//1505 1488//1488
f 1504//1504 1506//1506 1505//1505
f 1504//1504 1797//1797 1506//1506
f 1507//1507 1797//1797 1504//1504
f 1508//1508 1507//1507 1504//1504
f 1508//1508 1504//1504 1509//1509
f 1510//1510 1508//1508 1509//1509
f 1511//1511 1510//1510 1509//1509
f 1512//1512 1511//1511 1509//1509
f 1512//1512 1513//1513 1511//1511
f 1515//1515 1516//1516 1514//1514
f 1517//1517 1516//1516 1515//1515
f 1517//1517 1518//1518 1516//1516
f 1547//1547 1518//1518 1517//1517
f 1520//1520 1547//1547 1521//1521
f 1520//1520 1521//1521 1519//1519
f 1520//1520 1519//1519 1522//1522
f 1523//1523 1520//1520 1522//1522
f 1524//1524 1520//1520 1523//1523
f 1524//1524 1525//1525 1520//1520
f 1526//1526 1525//1525 1524//1524
f 1527//1527 1526//1526 1528//1528
f 1527//1527 1525//1525 1526//1526
f 1529//1529 1527//1527 1528//1528
f 1530//1530 1527//1527 1529//1529
f 1531//1531 1513//1513 1512//1512
f 1533//1533 1532//1532 1531//1531
f 1533//1533 1531//1531 1512//1512
f 1831//1831 1534//1534 1535//1535
f 1536//1536 1831//1831 1535//1535
f 1536//1536 1537//1537 1831//1831
f 1536//1536 1535//1535 1538//1538
f 1536//1536 1538//1538 1550//1550
f 1539//1539 1542//1542 1541//1541
f 1539//1539 1541//1541 1540//1540
f 1543//1543 1537//1537 1536//1536
f 1543//1543 1539//1539 1540//1540
f 1543//1543 1544//1544 1537//1537
f 1543//1543 1540//1540 1544//1544
f 1539//1539 1527//1527 1545//1545
f 1545//1545 1527//1527 1530//1530
f 1539//1539 1545//1545 1546//1546
f 1539//1539 1546//1546 1542//1542
f 1520//1520 1489//1489 1495//1495
f 1520//1520 1495//1495 1547//1547
f 1547//1547 1495//1495 1549//1549
f 1549//1549 1495//1495 1548//1548
f 1547//1547 1549//1549 1518//1518
f 1512//1512 1536//1536 1550//1550
f 1512//1512 1550//1550 1533//1533
f 1551//1551 1552//1552 1539//1539
f 1551//1551 1539//1539 1543//1543
f 1553//1553 1551//1551 1543//1543
f 1553//1553 1543//1543 1536//1536
f 1554//1554 1553//1553 1536//1536
f 1512//1512 1554//1554 1536//1536
f 1558//1558 1555//1555 1556//1556
f 1557//1557 1555//1555 1558//1558
f 1559//1559 1558//1558 1556//1556
f 1561//1561 1559//1559 1556//1556
f 1560//1560 1561//1561 1556//1556
f 1560//1560 1563//1563 1561//1561
f 1562//1562 1563//1563 1560//1560
f 1554//1554 1563//1563 1562//1562
f 1565//1565 1555//1555 1557//1557
f 1564//1564 1555//1555 1565//1565
f 1566//1566 1564//1564 1565//1565
f 1567//1567 1564//1564 1566//1566
f 1567//1567 1566//1566 1568//1568
f 1569//1569 1551//1551 1553//1553
f 1569//1569 1553//1553 1554//1554
f 1569//1569 1554//1554 1562//1562
f 1570//1570 1552//1552 1551//1551
f 1570//1570 1551//1551 1569//1569
f 1570//1570 1567//1567 1568//1568
f 1570//1570 1568//1568 1552//1552
f 1560//1560 1571//1571 1572//1572
f 1560//1560 1556//1556 1571//1571
f 1573//1573 1574//1574 1575//1575
f 1573//1573 1576//1576 1574//1574
f 1577//1577 1575//1575 1578//1578
f 1577//1577 1573//1573 1575//1575
f 1579//1579 1580//1580 1577//1577
f 1579//1579 1577//1577 1578//1578
f 1581//1581 1574//1574 1576//1576
f 1582//1582 1581//1581 1576//1576
f 1571//1571 1582//1582 1583//1583
f 1571//1571 1581//1581 1582//1582
f 1572//1572 1584//1584 1585//1585
f 1572//1572 1583//1583 1584//1584
f 1572//1572 1571//1571 1583//1583
f 1586//1586 1585//1585 1580//1580
f 1586//1586 1580//1580 1579//1579
f 1586//1586 1572//1572 1585//1585
f 1572//1572 1586//1586 1562//1562
f 1572//1572 1562//1562 1560//1560
f 1579//1579 1562//1562 1586//1586
f 1569//1569 1562//1562 1579//1579
f 1579//1579 1578//1578 1570//1570
f 1579//1579 1570//1570 1569//1569
f 1575//1575 1570//1570 1578//1578
f 1567//1567 1570//1570 1575//1575
f 1575//1575 1574//1574 1564//1564
f 1575//1575 1564//1564 1567//1567
f 1581//1581 1564//1564 1574//1574
f 1555//1555 1564//1564 1581//1581
f 1581//1581 1571//1571 1556//1556
f 1581//1581 1556//1556 1555//1555
f 1583//1583 1587//1587 1584//1584
f 1583//1583 1588//1588 1587//1587
f 1587//1587 1589//1589 1585//1585
f 1584//1584 1587//1587 1585//1585
f 1585//1585 1590//1590 1580//1580
f 1585//1585 1589//1589 1590//1590
f 1580//1580 1591//1591 1577//1577
f 1580//1580 1590//1590 1591//1591
f 1577//1577 1592//1592 1573//1573
f 1577//1577 1591//1591 1592//1592
f 1573//1573 1593//1593 1576//1576
f 1573//1573 1592//1592 1593//1593
f 1576//1576 1594//1594 1582//1582
f 1576//1576 1593//1593 1594//1594
f 1582//1582 1588//1588 1583//1583
f 1582//1582 1594//1594 1588//1588
f 1592//1592 1595//1595 1596//1596
f 1592//1592 1596//1596 1593//1593
f 1591//1591 1597//1597 1595//1595
f 1591//1591 1595//1595 1592//1592
f 1598//1598 1591//1591 1590//1590
f 1598//1598 1597//1597 1591//1591
f 1599//1599 1593//1593 1596//1596
f 1594//1594 1593//1593 1599//1599
f 1600//1600 1588//1588 1594//1594
f 1600//1600 1594//1594 1599//1599
f 1601//1601 1587//1587 1588//1588
f 1601//1601 1589//1589 1587//1587
f 1601//1601 1588//1588 1600//1600
f 1602//1602 1590//1590 1589//1589
f 1602//1602 1598//1598 1590//1590
f 1602//1602 1589//1589 1601//1601
f 1601//1601 1603//1603 1604//1604
f 1601//1601 1600//1600 1603//1603
f 1605//1605 1606//1606 1607//1607
f 1605//1605 1608//1608 1606//1606
f 1609//1609 1607//1607 1610//1610
f 1609//1609 1605//1605 1607//1607
f 1611//1611 1612//1612 1609//1609
f 1611//1611 1609//1609 1610//1610
f 1613//1613 1606//1606 1608//1608
f 1614//1614 1613//1613 1608//1608
f 1603//1603 1614//1614 1615//1615
f 1603//1603 1613//1613 1614//1614
f 1604//1604 1616//1616 1617//1617
f 1604//1604 1615//1615 1616//1616
f 1604//1604 1603//1603 1615//1615
f 1618//1618 1617//1617 1612//1612
f 1618//1618 1612//1612 1611//1611
f 1618//1618 1604//1604 1617//1617
f 1604//1604 1618//1618 1602//1602
f 1604//1604 1602//1602 1601//1601
f 1598//1598 1618//1618 1611//1611
f 1598//1598 1602//1602 1618//1618
f 1611//1611 1610//1610 1597//1597
f 1611//1611 1597//1597 1598//1598
f 1595//1595 1610//1610 1607//1607
f 1595//1595 1597//1597 1610//1610
f 1607//1607 1606//1606 1596//1596
f 1607//1607 1596//1596 1595//1595
f 1599//1599 1606//1606 1613//1613
f 1599//1599 1596//1596 1606//1606
f 1613//1613 1603//1603 1600//1600
f 1613//1613 1600//1600 1599//1599
f 1615//1615 1619//1619 1616//1616
f 1615//1615 1620//1620 1619//1619
f 1619//1619 1621//1621 1617//1617
f 1616//1616 1619//1619 1617//1617
f 1617//1617 1622//1622 1612//1612
f 1617//1617 1621//1621 1622//1622
f 1612//1612 1623//1623 1609//1609
f 1612//1612 1622//1622 1623//1623
f 1609//1609 1624//1624 1605//1605
f 1609//1609 1623//1623 1624//1624
f 1605//1605 1625//1625 1608//1608
f 1605//1605 1624//1624 1625//1625
f 1608//1608 1626//1626 1614//1614
f 1608//1608 1625//1625 1626//1626
f 1614//1614 1620//1620 1615//1615
f 1614//1614 1626//1626 1620//1620
f 1624//1624 1627//1627 1628//1628
f 1624//1624 1628//1628 1625//1625
f 1623//1623 1629//1629 1627//1627
f 1623//1623 1627//1627 1624//1624
f 1630//1630 1623//1623 1622//1622
f 1630//1630 1629//1629 1623//1623
f 1631//1631 1625//1625 1628//1628
f 1626//1626 1625//1625 1631//1631
f 1632//1632 1620//1620 1626//1626
f 1632//1632 1626//1626 1631//1631
f 1633//1633 1619//1619 1620//1620
f 1633//1633 1621//1621 1619//1619
f 1633//1633 1620//1620 1632//1632
f 1634//1634 1622//1622 1621//1621
f 1634//1634 1630//1630 1622//1622
f 1634//1634 1621//1621 1633//1633
f 1633//1633 1635//1635 1636//1636
f 1633//1633 1632//1632 1635//1635
f 1637//1637 1638//1638 1639//1639
f 1637//1637 1640//1640 1638//1638
f 1641//1641 1639//1639 1642//1642
f 1641//1641 1637//1637 1639//1639
f 1643//1643 1644//1644 1641//1641
f 1643//1643 1641//1641 1642//1642
f 1645//1645 1638//1638 1640//1640
f 1646//1646 1645//1645 1640//1640
f 1635//1635 1646//1646 1647//1647
f 1635//1635 1645//1645 1646//1646
f 1636//1636 1648//1648 1649//1649
f 1636//1636 1647//1647 1648//1648
f 1636//1636 1635//1635 1647//1647
f 1650//1650 1649//1649 1644//1644
f 1650//1650 1644//1644 1643//1643
f 1650//1650 1636//1636 1649//1649
f 1636//1636 1650//1650 1634//1634
f 1636//1636 1634//1634 1633//1633
f 1630//1630 1650//1650 1643//1643
f 1630//1630 1634//1634 1650//1650
f 1643//1643 1642//1642 1629//1629
f 1643//1643 1629//1629 1630//1630
f 1627//1627 1642//1642 1639//1639
f 1627//1627 1629//1629 1642//1642
f 1639//1639 1638//1638 1628//1628
f 1639//1639 1628//1628 1627//1627
f 1631//1631 1638//1638 1645//1645
f 1631//1631 1628//1628 1638//1638
f 1645//1645 1635//1635 1632//1632
f 1645//1645 1632//1632 1631//1631
f 1647//1647 1651//1651 1648//1648
f 1647//1647 1652//1652 1651//1651
f 1651//1651 1653//1653 1649//1649
f 1648//1648 1651//1651 1649//1649
f 1649//1649 1654//1654 1644//1644
f 1649//1649 1653//1653 1654//1654
f 1644//1644 1655//1655 1641//1641
f 1644//1644 1654//1654 1655//1655
f 1641//1641 1656//1656 1637//1637
f 1641//1641 1655//1655 1656//1656
f 1637//1637 1657//1657 1640//1640
f 1637//1637 1656//1656 1657//1657
f 1640//1640 1658//1658 1646//1646
f 1640//1640 1657//1657 1658//1658
f 1646//1646 1652//1652 1647//1647
f 1646//1646 1658//1658 1652//1652
f 1656//1656 1659//1659 1660//1660
f 1656//1656 1660//1660 1657//1657
f 1655//1655 1661//1661 1659//1659
f 1655//1655 1659//1659 1656//1656
f 1662//1662 1655//1655 1654//1654
f 1662//1662 1661//1661 1655//1655
f 1663//1663 1657//1657 1660//1660
f 1658//1658 1657//1657 1663//1663
f 1664//1664 1652//1652 1658//1658
f 1664//1664 1658//1658 1663//1663
f 1665//1665 1651//1651 1652//1652
f 1665//1665 1653//1653 1651//1651
f 1665//1665 1652//1652 1664//1664
f 1666//1666 1654//1654 1653//1653
f 1666//1666 1662//1662 1654//1654
f 1666//1666 1653//1653 1665//1665
f 1665//1665 1667//1667 1668//1668
f 1665//1665 1664//1664 1667//1667
f 1669//1669 1670//1670 1671//1671
f 1669//1669 1672//1672 1670//1670
f 1673//1673 1671//1671 1674//1674
f 1673//1673 1669//1669 1671//1671
f 1675//1675 1676//1676 1673//1673
f 1675//1675 1673//1673 1674//1674
f 1677//1677 1670//1670 1672//1672
f 1678//1678 1677//1677 1672//1672
f 1667//1667 1678//1678 1679//1679
f 1667//1667 1677//1677 1678//1678
f 1668//1668 1680//1680 1681//1681
f 1668//1668 1679//1679 1680//1680
f 1668//1668 1667//1667 1679//1679
f 1682//1682 1681//1681 1676//1676
f 1682//1682 1676//1676 1675//1675
f 1682//1682 1668//1668 1681//1681
f 1668//1668 1682//1682 1666//1666
f 1668//1668 1666//1666 1665//1665
f 1662//1662 1682//1682 1675//1675
f 1662//1662 1666//1666 1682//1682
f 1675//1675 1674//1674 1661//1661
f 1675//1675 1661//1661 1662//1662
f 1659//1659 1674//1674 1671//1671
f 1659//1659 1661//1661 1674//1674
f 1671//1671 1670//1670 1660//1660
f 1671//1671 1660//1660 1659//1659
f 1663//1663 1670//1670 1677//1677
f 1663//1663 1660//1660 1670//1670
f 1677//1677 1667//1667 1664//1664
f 1677//1677 1664//1664 1663//1663
f 1679//1679 1683//1683 1680//1680
f 1679//1679 1684//1684 1683//1683
f 1683//1683 1685//1685 1681//1681
f 1680//1680 1683//1683 1681//1681
f 1681//1681 1686//1686 1676//1676
f 1681//1681 1685//1685 1686//1686
f 1676//1676 1687//1687 1673//1673
f 1676//1676 1686//1686 1687//1687
f 1673//1673 1688//1688 1669//1669
f 1673//1673 1687//1687 1688//1688
f 1669//1669 1689//1689 1672//1672
f 1669//1669 1688//1688 1689//1689
f 1672//1672 1690//1690 1678//1678
f 1672//1672 1689//1689 1690//1690
f 1678//1678 1684//1684 1679//1679
f 1678//1678 1690//1690 1684//1684
f 1688//1688 1691//1691 1692//1692
f 1688//1688 1692//1692 1689//1689
f 1687//1687 1693//1693 1691//1691
f 1687//1687 1691//1691 1688//1688
f 1694//1694 1687//1687 1686//1686
f 1694//1694 1693//1693 1687//1687
f 1695//1695 1689//1689 1692//1692
f 1690//1690 1689//1689 1695//1695
f 1696//1696 1684//1684 1690//1690
f 1696//1696 1690//1690 1695//1695
f 1697//1697 1683//1683 1684//1684
f 1697//1697 1685//1685 1683//1683
f 1697//1697 1684//1684 1696//1696
f 1698//1698 1686//1686 1685//1685
f 1698//1698 1694//1694 1686//1686
f 1698//1698 1685//1685 1697//1697
f 1697//1697 1699//1699 1700//1700
f 1697//1697 1696//1696 1699//1699
f 1701//1701 1702//1702 1703//1703
f 1701//1701 1704//1704 1702//1702
f 1705//1705 1703//1703 1706//1706
f 1705//1705 1701//1701 1703//1703
f 1707//1707 1708//1708 1705//1705
f 1707//1707 1705//1705 1706//1706
f 1709//1709 1702//1702 1704//1704
f 1710//1710 1709//1709 1704//1704
f 1699//1699 1710//1710 1711//1711
f 1699//1699 1709//1709 1710//1710
f 1700//1700 1712//1712 1713//1713
f 1700//1700 1711//1711 1712//1712
f 1700//1700 1699//1699 1711//1711
f 1714//1714 1713//1713 1708//1708
f 1714//1714 1708//1708 1707//1707
f 1714//1714 1700//1700 1713//1713
f 1700//1700 1714//1714 1698//1698
f 1700//1700 1698//1698 1697//1697
f 1694//1694 1714//1714 1707//1707
f 1694//1694 1698//1698 1714//1714
f 1707//1707 1706//1706 1693//1693
f 1707//1707 1693//1693 1694//1694
f 1691//1691 1706//1706 1703//1703
f 1691//1691 1693//1693 1706//1706
f 1703//1703 1702//1702 1692//1692
f 1703//1703 1692//1692 1691//1691
f 1695//1695 1702//1702 1709//1709
f 1695//1695 1692//1692 1702//1702
f 1709//1709 1699//1699 1696//1696
f 1709//1709 1696//1696 1695//1695
f 1711//1711 1715//1715 1712//1712
f 1711//1711 1716//1716 1715//1715
f 1715//1715 1717//1717 1713//1713
f 1712//1712 1715//1715 1713//1713
f 1713//1713 1718//1718 1708//1708
f 1713//1713 1717//1717 1718//1718
f 1708//1708 1719//1719 1705//1705
f 1708//1708 1718//1718 1719//1719
f 1705//1705 1720//1720 1701//1701
f 1705//1705 1719//1719 1720//1720
f 1701//1701 1721//1721 1704//1704
f 1701//1701 1720//1720 1721//1721
f 1704//1704 1722//1722 1710//1710
f 1704//1704 1721//1721 1722//1722
f 1710//1710 1716//1716 1711//1711
f 1710//1710 1722//1722 1716//1716
f 1720//1720 1723//1723 1724//1724
f 1720//1720 1724//1724 1721//1721
f 1719//1719 1725//1725 1723//1723
f 1719//1719 1723//1723 1720//1720
f 1726//1726 1719//1719 1718//1718
f 1726//1726 1725//1725 1719//1719
f 1727//1727 1721//1721 1724//1724
f 1722//1722 1721//1721 1727//1727
f 1728//1728 1716//1716 1722//1722
f 1728//1728 1722//1722 1727//1727
f 1729//1729 1715//1715 1716//1716
f 1729//1729 1717//1717 1715//1715
f 1729//1729 1716//1716 1728//1728
f 1730//1730 1718//1718 1717//1717
f 1730//1730 1726//1726 1718//1718
f 1730//1730 1717//1717 1729//1729
f 1729//1729 1728//1728 1731//1731
f 1729//1729 1731//1731 1732//1732
f 1732//1732 1730//1730 1729//1729
f 1732//1732 1733//1733 1730//1730
f 1734//1734 1730//1730 1733//1733
f 1734//1734 1733//1733 1735//1735
f 1736//1736 1737//1737 1738//1738
f 1726//1726 1737//1737 1736//1736
f 1726//1726 1730//1730 1734//1734
f 1726//1726 1734//1734 1737//1737
f 1736//1736 1725//1725 1726//1726
f 1736//1736 1739//1739 1725//1725
f 1723//1723 1725//1725 1739//1739
f 1723//1723 1739//1739 1740//1740
f 1740//1740 1724//1724 1723//1723
f 1740//1740 1741//1741 1724//1724
f 1742//1742 1724//1724 1741//1741
f 1742//1742 1741//1741 1743//1743
f 1744//1744 1745//1745 1746//1746
f 1727//1727 1745//1745 1744//1744
f 1727//1727 1724//1724 1742//1742
f 1727//1727 1742//1742 1745//1745
f 1744//1744 1728//1728 1727//1727
f 1744//1744 1731//1731 1728//1728
f 1748//1748 1733//1733 1732//1732
f 1747//1747 1733//1733 1748//1748
f 1749//1749 1748//1748 1732//1732
f 1735//1735 1733//1733 1747//1747
f 1750//1750 1735//1735 1747//1747
f 1751//1751 1749//1749 1732//1732
f 1731//1731 1751//1751 1732//1732
f 1752//1752 1751//1751 1731//1731
f 1744//1744 1753//1753 1752//1752
f 1744//1744 1752//1752 1731//1731
f 1746//1746 1753//1753 1744//1744
f 1746//1746 1754//1754 1753//1753
f 1755//1755 1749//1749 1751//1751
f 1755//1755 1751//1751 1758//1758
f 1753//1753 1756//1756 1757//1757
f 1752//1752 1753//1753 1757//1757
f 1752//1752 1757//1757 1758//1758
f 1751//1751 1752//1752 1758//1758
f 1759//1759 1758//1758 1757//1757
f 1761//1761 1759//1759 1757//1757
f 1761//1761 1757//1757 1756//1756
f 1760//1760 1758//1758 1759//1759
f 1762//1762 1761//1761 1756//1756
f 1794//1794 1762//1762 1756//1756
f 1763//1763 1794//1794 1756//1756
f 1764//1764 1763//1763 1756//1756
f 1793//1793 1792//1792 1765//1765
f 1766//1766 1758//1758 1760//1760
f 1767//1767 1758//1758 1766//1766
f 1768//1768 1765//1765 1764//1764
f 1768//1768 1793//1793 1765//1765
f 1769//1769 1793//1793 1768//1768
f 1771//1771 1773//1773 1785//1785
f 1771//1771 1785//1785 1770//1770
f 1772//1772 1773//1773 1771//1771
f 1772//1772 1774//1774 1773//1773
f 1772//1772 1758//1758 1767//1767
f 1772//1772 1767//1767 1774//1774
f 1755//1755 1772//1772 1775//1775
f 1755//1755 1775//1775 1796//1796
f 1755//1755 1758//1758 1772//1772
f 1776//1776 1755//1755 1796//1796
f 1777//1777 1755//1755 1776//1776
f 1777//1777 1778//1778 1755//1755
f 1779//1779 1778//1778 1777//1777
f 1778//1778 1779//1779 1780//1780
f 1781//1781 1778//1778 1780//1780
f 1781//1781 1780//1780 1782//1782
f 1783//1783 1781//1781 1782//1782
f 1783//1783 1782//1782 1784//1784
f 1768//1768 1764//1764 1756//1756
f 1500//1500 1770//1770 1499//1499
f 1500//1500 1771//1771 1770//1770
f 1501//1501 1771//1771 1500//1500
f 1505//1505 1771//1771 1501//1501
f 1505//1505 1772//1772 1771//1771
f 1505//1505 1775//1775 1772//1772
f 1506//1506 1775//1775 1505//1505
f 1797//1797 1775//1775 1506//1506
f 1797//1797 1796//1796 1775//1775
f 1785//1785 1498//1498 1499//1499
f 1770//1770 1785//1785 1499//1499
f 1786//1786 1498//1498 1787//1787
f 1785//1785 1787//1787 1498//1498
f 1490//1490 1498//1498 1786//1786
f 1760//1760 1786//1786 1766//1766
f 1760//1760 1490//1490 1786//1786
f 1787//1787 1785//1785 1773//1773
f 1773//1773 1788//1788 1787//1787
f 1774//1774 1788//1788 1773//1773
f 1767//1767 1789//1789 1788//1788
f 1767//1767 1788//1788 1774//1774
f 1766//1766 1789//1789 1767//1767
f 1766//1766 1786//1786 1789//1789
f 1786//1786 1787//1787 1789//1789
f 1789//1789 1787//1787 1788//1788
f 1812//1812 1790//1790 1519//1519
f 1519//1519 1790//1790 1522//1522
f 1522//1522 1790//1790 1804//1804
f 1528//1528 1800//1800 1799//1799
f 1526//1526 1800//1800 1528//1528
f 1526//1526 1801//1801 1800//1800
f 1524//1524 1802//1802 1801//1801
f 1524//1524 1801//1801 1526//1526
f 1524//1524 1803//1803 1802//1802
f 1523//1523 1803//1803 1524//1524
f 1523//1523 1804//1804 1803//1803
f 1522//1522 1804//1804 1523//1523
f 1528//1528 1805//1805 1529//1529
f 1528//1528 1799//1799 1805//1805
f 1541//1541 1806//1806 1827//1827
f 1542//1542 1806//1806 1541//1541
f 1546//1546 1807//1807 1806//1806
f 1546//1546 1806//1806 1542//1542
f 1545//1545 1807//1807 1546//1546
f 1545//1545 1808//1808 1807//1807
f 1530//1530 1808//1808 1545//1545
f 1529//1529 1805//1805 1808//1808
f 1529//1529 1808//1808 1530//1530
f 1843//1843 1809//1809 1810//1810
f 1811//1811 1791//1791 1843//1843
f 1811//1811 1843//1843 1810//1810
f 1815//1815 1811//1811 1810//1810
f 1790//1790 1812//1812 1813//1813
f 1814//1814 1813//1813 1815//1815
f 1814//1814 1790//1790 1813//1813
f 1804//1804 1790//1790 1814//1814
f 1803//1803 1804//1804 1814//1814
f 1802//1802 1803//1803 1814//1814
f 1802//1802 1814//1814 1816//1816
f 1801//1801 1802//1802 1816//1816
f 1816//1816 1800//1800 1801//1801
f 1817//1817 1800//1800 1816//1816
f 1817//1817 1799//1799 1800//1800
f 1805//1805 1799//1799 1817//1817
f 1818//1818 1819//1819 1820//1820
f 1821//1821 1818//1818 1798//1798
f 1821//1821 1819//1819 1818//1818
f 1822//1822 1819//1819 1821//1821
f 1824//1824 1826//1826 1823//1823
f 1829//1829 1827//1827 1806//1806
f 1828//1828 1824//1824 1825//1825
f 1828//1828 1822//1822 1826//1826
f 1828//1828 1826//1826 1824//1824
f 1828//1828 1825//1825 1830//1830
f 1829//1829 1830//1830 1827//1827
f 1829//1829 1828//1828 1830//1830
f 1819//1819 1822//1822 1828//1828
f 1829//1829 1807//1807 1817//1817
f 1807//1807 1808//1808 1817//1817
f 1808//1808 1805//1805 1817//1817
f 1829//1829 1806//1806 1807//1807
f 1814//1814 1815//1815 1810//1810
f 1544//1544 1825//1825 1537//1537
f 1544//1544 1830//1830 1825//1825
f 1540//1540 1830//1830 1544//1544
f 1540//1540 1827//1827 1830//1830
f 1541//1541 1827//1827 1540//1540
f 1824//1824 1831//1831 1825//1825
f 1825//1825 1831//1831 1537//1537
f 1532//1532 1821//1821 1798//1798
f 1533//1533 1821//1821 1532//1532
f 1550//1550 1821//1821 1533//1533
f 1550//1550 1822//1822 1821//1821
f 1538//1538 1822//1822 1550//1550
f 1538//1538 1826//1826 1822//1822
f 1535//1535 1826//1826 1538//1538
f 1535//1535 1823//1823 1826//1826
f 1534//1534 1823//1823 1535//1535
f 1818//1818 1531//1531 1532//1532
f 1798//1798 1818//1818 1532//1532
f 1832//1832 1531//1531 1818//1818
f 1820//1820 1832//1832 1818//1818
f 1833//1833 1513//1513 1531//1531
f 1833//1833 1531//1531 1832//1832
f 1782//1782 1833//1833 1784//1784
f 1782//1782 1513//1513 1833//1833
f 1780//1780 1513//1513 1782//1782
f 1780//1780 1511//1511 1513//1513
f 1779//1779 1510//1510 1511//1511
f 1779//1779 1511//1511 1780//1780
f 1779//1779 1508//1508 1510//1510
f 1777//1777 1508//1508 1779//1779
f 1776//1776 1507//1507 1508//1508
f 1776//1776 1508//1508 1777//1777
f 1796//1796 1797//1797 1507//1507
f 1796//1796 1507//1507 1776//1776
f 1750//1750 1734//1734 1735//1735
f 1750//1750 1833//1833 1734//1734
f 1784//1784 1750//1750 1783//1783
f 1784//1784 1833//1833 1750//1750
f 1750//1750 1747//1747 1781//1781
f 1783//1783 1750//1750 1781//1781
f 1749//1749 1755//1755 1778//1778
f 1748//1748 1749//1749 1778//1778
f 1747//1747 1748//1748 1778//1778
f 1747//1747 1778//1778 1781//1781
f 1832//1832 1737//1737 1734//1734
f 1832//1832 1734//1734 1833//1833
f 1834//1834 1737//1737 1832//1832
f 1834//1834 1832//1832 1820//1820
f 1738//1738 1737//1737 1834//1834
f 1819//1819 1834//1834 1820//1820
f 1835//1835 1738//1738 1834//1834
f 1736//1736 1738//1738 1835//1835
f 1836//1836 1736//1736 1835//1835
f 1739//1739 1736//1736 1836//1836
f 1838//1838 1837//1837 1743//1743
f 1741//1741 1838//1838 1743//1743
f 1741//1741 1839//1839 1838//1838
f 1740//1740 1840//1840 1839//1839
f 1740//1740 1839//1839 1741//1741
f 1740//1740 1739//1739 1836//1836
f 1740//1740 1836//1836 1840//1840
f 1810//1810 1837//1837 1838//1838
f 1810//1810 1838//1838 1814//1814
f 1840//1840 1817//1817 1816//1816
f 1839//1839 1840//1840 1816//1816
f 1838//1838 1839//1839 1816//1816
f 1838//1838 1816//1816 1814//1814
f 1817//1817 1840//1840 1836//1836
f 1817//1817 1836//1836 1829//1829
f 1835//1835 1828//1828 1829//1829
f 1836//1836 1835//1835 1829//1829
f 1828//1828 1834//1834 1819//1819
f 1828//1828 1835//1835 1834//1834
f 1837//1837 1742//1742 1743//1743
f 1837//1837 1841//1841 1742//1742
f 1809//1809 1837//1837 1810//1810
f 1809//1809 1841//1841 1837//1837
f 1793//1793 1769//1769 1842//1842
f 1503//1503 1842//1842 1846//1846
f 1503//1503 1793//1793 1842//1842
f 1497//1497 1793//1793 1503//1503
f 1841//1841 1809//1809 1843//1843
f 1516//1516 1844//1844 1841//1841
f 1516//1516 1843//1843 1514//1514
f 1516//1516 1841//1841 1843//1843
f 1518//1518 1844//1844 1516//1516
f 1518//1518 1845//1845 1844//1844
f 1549//1549 1845//1845 1518//1518
f 1549//1549 1846//1846 1845//1845
f 1548//1548 1846//1846 1549//1549
f 1503//1503 1846//1846 1548//1548
f 1846//1846 1842//1842 1745//1745
f 1845//1845 1846//1846 1745//1745
f 1742//1742 1844//1844 1845//1845
f 1742//1742 1841//1841 1844//1844
f 1742//1742 1845//1845 1745//1745
f 1754//1754 1745//1745 1842//1842
f 1754//1754 1842//1842 1769//1769
f 1746//1746 1745//1745 1754//1754
f 1768//1768 1754//1754 1769//1769
f 1756//1756 1754//1754 1768//1768
f 1756//1756 1753//1753 1754//1754
f 1765//1765 1792//1792 1502//1502
f 1495//1495 1765//1765 1502//1502
f 1495//1495 1764//1764 1765//1765
f 1494//1494 1764//1764 1495//1495
f 1494//1494 1763//1763 1764//1764
f 1493//1493 1763//1763 1494//1494
f 1493//1493 1795//1795 1763//1763
f 1793//1793 1497//1497 1496//1496
f 1792//1792 1793//1793 1496//1496
f 1502//1502 1792//1792 1496//1496
f 1795//1795 1794//1794 1763//1763
f 1491//1491 1794//1794 1492//1492
f 1762//1762 1794//1794 1491//1491
f 1491//1491 1761//1761 1762//1762
f 1486//1486 1761//1761 1491//1491
f 1486//1486 1759//1759 1761//1761
f 1487//1487 1759//1759 1486//1486
f 1487//1487 1760//1760 1759//1759
f 1490//1490 1760//1760 1487//1487
f 1492//1492 1794//1794 1795//1795
f 1493//1493 1492//1492 1795//1795
f 1519//1519 1813//1813 1812//1812
f 1521//1521 1813//1813 1519//1519
f 1521//1521 1815//1815 1813//1813
f 1547//1547 1815//1815 1521//1521
f 1517//1517 1815//1815 1547//1547
f 1517//1517 1811//1811 1815//1815
f 1515//1515 1811//1811 1517//1517
f 1515//1515 1791//1791 1811//1811
f 1514//1514 1843//1843 1791//1791
f 1515//1515 1514//1514 1791//1791
f 1534//1534 1824//1824 1823//1823
f 1824//1824 1534//1534 1831//1831
f 1539//1539 1568//1568 1527//1527
f 1539//1539 1552//1552 1568//1568
f 1565//1565 1520//1520 1525//1525
f 1566//1566 1565//1565 1525//1525
f 1568//1568 1566//1566 1525//1525
f 1568//1568 1525//1525 1527//1527
f 1520//1520 1557//1557 1489//1489
f 1520//1520 1565//1565 1557//1557
f 1558//1558 1559//1559 1488//1488
f 1558//1558 1488//1488 1485//1485
f 1557//1557 1558//1558 1485//1485
f 1557//1557 1485//1485 1489//1489
f 1488//1488 1561//1561 1504//1504
f 1488//1488 1559//1559 1561//1561
f 1563//1563 1554//1554 1512//1512
f 1563//1563 1512//1512 1509//1509
f 1561//1561 1563//1563 1509//1509
f 1561//1561 1509//1509 1504//1504
f 1848//1848 2255//2255 2256//2256
f 1849//1849 2255//2255 1848//1848
f 1849//1849 1851//1851 2255//2255
f 1849//1849 2254//2254 1851//1851
f 2254//2254 1853//1853 1852//1852
f 2259//2259 1854//1854 1850//1850
f 2257//2257 1854//1854 2259//2259
f 1851//1851 2257//2257 2259//2259
f 2264//2264 2261//2261 2257//2257
f 2258//2258 1856//1856 2264//2264
f 2268//2268 2269//2269 2261//2261
f 2258//2258 1855//1855 1856//1856
f 2263//2263 1861//1861 1857//1857
f 2263//2263 2270//2270 1861//1861
f 2263//2263 2267//2267 2270//2270
f 2268//2268 2262//2262 2265//2265
f 1856//1856 2262//2262 2268//2268
f 2262//2262 1859//1859 1858//1858
f 2271//2271 1859//1859 2262//2262
f 2271//2271 1860//1860 1859//1859
f 2271//2271 1953//1953 1860//1860
f 1861//1861 1953//1953 2271//2271
f 1866//1866 2239//2239 1865//1865
f 2238//2238 1867//1867 2237//2237
f 2239//2239 1862//1862 2231//2231
f 2234//2234 2248//2248 2235//2235
f 2232//2232 2234//2234 2235//2235
f 2233//2233 2234//2234 2232//2232
f 1867//1867 2233//2233 2232//2232
f 1867//1867 2236//2236 2233//2233
f 2238//2238 2236//2236 1867//1867
f 2231//2231 2236//2236 2238//2238
f 2234//2234 2241//2241 2248//2248
f 2236//2236 2245//2245 2242//2242
f 2231//2231 2245//2245 2236//2236
f 2248//2248 2245//2245 2231//2231
f 2235//2235 2248//2248 2231//2231
f 2234//2234 2249//2249 2241//2241
f 2243//2243 2249//2249 2234//2234
f 2243//2243 2252//2252 2249//2249
f 2251//2251 2252//2252 2243//2243
f 2242//2242 2246//2246 2251//2251
f 2245//2245 2246//2246 2242//2242
f 2246//2246 1868//1868 2250//2250
f 2244//2244 1868//1868 2246//2246
f 1869//1869 1875//1875 1874//1874
f 1872//1872 1876//1876 2216//2216
f 2218//2218 2213//2213 1875//1875
f 1876//1876 1878//1878 2214//2214
f 1876//1876 2219//2219 1878//1878
f 2226//2226 2220//2220 2221//2221
f 1882//1882 2220//2220 1883//1883
f 1883//1883 1884//1884 1882//1882
f 2227//2227 1884//1884 1883//1883
f 2223//2223 2224//2224 2227//2227
f 1887//1887 2191//2191 1891//1891
f 1885//1885 2191//2191 1887//1887
f 1885//1885 2196//2196 2191//2191
f 2190//2190 2196//2196 1885//1885
f 2191//2191 2193//2193 1891//1891
f 2191//2191 1888//1888 2193//2193
f 2196//2196 1888//1888 2191//2191
f 1886//1886 1889//1889 2190//2190
f 1886//1886 1890//1890 1889//1889
f 1887//1887 1890//1890 1886//1886
f 1887//1887 1891//1891 1890//1890
f 1888//1888 2198//2198 2193//2193
f 1888//1888 2197//2197 2198//2198
f 1892//1892 1893//1893 2195//2195
f 1892//1892 2194//2194 1893//1893
f 2192//2192 2194//2194 1892//1892
f 2194//2194 2203//2203 1893//1893
f 2194//2194 2204//2204 2203//2203
f 2198//2198 2204//2204 2194//2194
f 2201//2201 2207//2207 1896//1896
f 2205//2205 2207//2207 2201//2201
f 2205//2205 2212//2212 2207//2207
f 1894//1894 2202//2202 2212//2212
f 2200//2200 1895//1895 2199//2199
f 1896//1896 1895//1895 2200//2200
f 1897//1897 1570//1570 1567//1567
f 1897//1897 1898//1898 1570//1570
f 1899//1899 1562//1562 1560//1560
f 1900//1900 1899//1899 1560//1560
f 1556//1556 1900//1900 1560//1560
f 1556//1556 1901//1901 1900//1900
f 1902//1902 1901//1901 1556//1556
f 1555//1555 1902//1902 1556//1556
f 1903//1903 1902//1902 1555//1555
f 1904//1904 1562//1562 1899//1899
f 1569//1569 1562//1562 1904//1904
f 1569//1569 1904//1904 1905//1905
f 1570//1570 1569//1569 1905//1905
f 1906//1906 1570//1570 1905//1905
f 1907//1907 1903//1903 1555//1555
f 1567//1567 1908//1908 1909//1909
f 1567//1567 1570//1570 1908//1908
f 1564//1564 1909//1909 1907//1907
f 1564//1564 1907//1907 1555//1555
f 1564//1564 1567//1567 1909//1909
f 1906//1906 1908//1908 1570//1570
f 1567//1567 1910//1910 1897//1897
f 1567//1567 1564//1564 1910//1910
f 1910//1910 1911//1911 1912//1912
f 1910//1910 1912//1912 1897//1897
f 2208//2208 1913//1913 1914//1914
f 1921//1921 2208//2208 1914//1914
f 2199//2199 1913//1913 2208//2208
f 1915//1915 1913//1913 2199//2199
f 1895//1895 1915//1915 2199//2199
f 1916//1916 1915//1915 1895//1895
f 1916//1916 1895//1895 1922//1922
f 1917//1917 1961//1961 1919//1919
f 1918//1918 1917//1917 1919//1919
f 1918//1918 1919//1919 1925//1925
f 1920//1920 1921//1921 1914//1914
f 1920//1920 1922//1922 1921//1921
f 2048//2048 1922//1922 1920//1920
f 2048//2048 1924//1924 1916//1916
f 2048//2048 1916//1916 1922//1922
f 1923//1923 1924//1924 2048//2048
f 1923//1923 1925//1925 1924//1924
f 2230//2230 2220//2220 1926//1926
f 2220//2220 1927//1927 1926//1926
f 1928//1928 2230//2230 1926//1926
f 1882//1882 1927//1927 2220//2220
f 2224//2224 2230//2230 1928//1928
f 1882//1882 1929//1929 1927//1927
f 1930//1930 2224//2224 1928//1928
f 1930//1930 1884//1884 2224//2224
f 2178//2178 1933//1933 1918//1918
f 2088//2088 1931//1931 1932//1932
f 2179//2179 2178//2178 1918//1918
f 2176//2176 1933//1933 2178//2178
f 1934//1934 1923//1923 1929//1929
f 1934//1934 1929//1929 1882//1882
f 1935//1935 1882//1882 1884//1884
f 1935//1935 1934//1934 1882//1882
f 1935//1935 1884//1884 1930//1930
f 1936//1936 1923//1923 1934//1934
f 1936//1936 1925//1925 1923//1923
f 2176//2176 1932//1932 1933//1933
f 2179//2179 1918//1918 1925//1925
f 2179//2179 1925//1925 1936//1936
f 2189//2189 1932//1932 2176//2176
f 2189//2189 2088//2088 1932//1932
f 2189//2189 1938//1938 2088//2088
f 2181//2181 2179//2179 1936//1936
f 2253//2253 1937//1937 2089//2089
f 2253//2253 1911//1911 1937//1937
f 2188//2188 1938//1938 2189//2189
f 2182//2182 2181//2181 1936//1936
f 2250//2250 1911//1911 2253//2253
f 1939//1939 2253//2253 2089//2089
f 1939//1939 2089//2089 2085//2085
f 2188//2188 2085//2085 1938//1938
f 1912//1912 1911//1911 2250//2250
f 1912//1912 2250//2250 1868//1868
f 2188//2188 1939//1939 2085//2085
f 1940//1940 2182//2182 1936//1936
f 1940//1940 2183//2183 2182//2182
f 1946//1946 2183//2183 1940//1940
f 1946//1946 2184//2184 2183//2183
f 1941//1941 1912//1912 1868//1868
f 1941//1941 1939//1939 2188//2188
f 1941//1941 2188//2188 1942//1942
f 1941//1941 1868//1868 1939//1939
f 1941//1941 1942//1942 1944//1944
f 1943//1943 1944//1944 2184//2184
f 1945//1945 1944//1944 1943//1943
f 1943//1943 2184//2184 1946//1946
f 1948//1948 1944//1944 1945//1945
f 2056//2056 1946//1946 1947//1947
f 2056//2056 1943//1943 1946//1946
f 1858//1858 1944//1944 1948//1948
f 1858//1858 1941//1941 1944//1944
f 1950//1950 1858//1858 1948//1948
f 1859//1859 1941//1941 1858//1858
f 1949//1949 1953//1953 1950//1950
f 1949//1949 1950//1950 1948//1948
f 1951//1951 1859//1859 1860//1860
f 1951//1951 1860//1860 1953//1953
f 1951//1951 1941//1941 1859//1859
f 1952//1952 1951//1951 1953//1953
f 1952//1952 1953//1953 1949//1949
f 1954//1954 1933//1933 1932//1932
f 1932//1932 2273//2273 1954//1954
f 1955//1955 1910//1910 1564//1564
f 1956//1956 1910//1910 1955//1955
f 1957//1957 1955//1955 1564//1564
f 1958//1958 1931//1931 1957//1957
f 1932//1932 1931//1931 1958//1958
f 1959//1959 1960//1960 1958//1958
f 1959//1959 1958//1958 1957//1957
f 1959//1959 1957//1957 1564//1564
f 1961//1961 1917//1917 1960//1960
f 1961//1961 1960//1960 1959//1959
f 1555//1555 1959//1959 1564//1564
f 1962//1962 1959//1959 1555//1555
f 1963//1963 1964//1964 1962//1962
f 1963//1963 1962//1962 1555//1555
f 1960//1960 1965//1965 1966//1966
f 1960//1960 1917//1917 1965//1965
f 1965//1965 1917//1917 1918//1918
f 1916//1916 1968//1968 1967//1967
f 1968//1968 1916//1916 1924//1924
f 1969//1969 1968//1968 1924//1924
f 1969//1969 1924//1924 1925//1925
f 1919//1919 1969//1969 1925//1925
f 1915//1915 1916//1916 1967//1967
f 1964//1964 1915//1915 1967//1967
f 1967//1967 1962//1962 1964//1964
f 1967//1967 1973//1973 1962//1962
f 1971//1971 1973//1973 1970//1970
f 1972//1972 1973//1973 1971//1971
f 1976//1976 1971//1971 1970//1970
f 1976//1976 1970//1970 1975//1975
f 1974//1974 1973//1973 1972//1972
f 1976//1976 1975//1975 1977//1977
f 1962//1962 1973//1973 1974//1974
f 1977//1977 1979//1979 1976//1976
f 1978//1978 1962//1962 1974//1974
f 1959//1959 1979//1979 1977//1977
f 1959//1959 1978//1978 1979//1979
f 1959//1959 1962//1962 1978//1978
f 1961//1961 1977//1977 1919//1919
f 1961//1961 1959//1959 1977//1977
f 1968//1968 1970//1970 1973//1973
f 1968//1968 1973//1973 1967//1967
f 1968//1968 1975//1975 1970//1970
f 1969//1969 1975//1975 1968//1968
f 1969//1969 1977//1977 1975//1975
f 1919//1919 1977//1977 1969//1969
f 1980//1980 1971//1971 1976//1976
f 1981//1981 1971//1971 1980//1980
f 1982//1982 1972//1972 1971//1971
f 1982//1982 1971//1971 1981//1981
f 1982//1982 1974//1974 1972//1972
f 1983//1983 1974//1974 1982//1982
f 1984//1984 1978//1978 1974//1974
f 1984//1984 1974//1974 1983//1983
f 1985//1985 1978//1978 1984//1984
f 1985//1985 1979//1979 1978//1978
f 1986//1986 1979//1979 1985//1985
f 1980//1980 1979//1979 1986//1986
f 1980//1980 1976//1976 1979//1979
f 1885//1885 1987//1987 2190//2190
f 1885//1885 1989//1989 1987//1987
f 2190//2190 1987//1987 1988//1988
f 1886//1886 2190//2190 1988//1988
f 1983//1983 1886//1886 1988//1988
f 2097//2097 1885//1885 1887//1887
f 1984//1984 1983//1983 1988//1988
f 2097//2097 1989//1989 1885//1885
f 1990//1990 1989//1989 2097//2097
f 1985//1985 1984//1984 1988//1988
f 1982//1982 1886//1886 1983//1983
f 1991//1991 2097//2097 1887//1887
f 1991//1991 1887//1887 1886//1886
f 1991//1991 1982//1982 1981//1981
f 1991//1991 1886//1886 1982//1982
f 2098//2098 1991//1991 1981//1981
f 2098//2098 1981//1981 1980//1980
f 2098//2098 1986//1986 2100//2100
f 2100//2100 1986//1986 1985//1985
f 1992//1992 2100//2100 1985//1985
f 2098//2098 1980//1980 1986//1986
f 1994//1994 1989//1989 1990//1990
f 1993//1993 1994//1994 2094//2094
f 1995//1995 1993//1993 2094//2094
f 1996//1996 1994//1994 1993//1993
f 1996//1996 1989//1989 1994//1994
f 1995//1995 2094//2094 1997//1997
f 1997//1997 2003//2003 1995//1995
f 1998//1998 1996//1996 1999//1999
f 1998//1998 1989//1989 1996//1996
f 1870//1870 1998//1998 1999//1999
f 1870//1870 1999//1999 2000//2000
f 1873//1873 1870//1870 2000//2000
f 1870//1870 2001//2001 1998//1998
f 1869//1869 2001//2001 1870//1870
f 2002//2002 2003//2003 1997//1997
f 2002//2002 1873//1873 2000//2000
f 2002//2002 2000//2000 2003//2003
f 2002//2002 1874//1874 1873//1873
f 2091//2091 1874//1874 2002//2002
f 2004//2004 1869//1869 1874//1874
f 2004//2004 2001//2001 1869//1869
f 2091//2091 2004//2004 1874//1874
f 2005//2005 2004//2004 2091//2091
f 2034//2034 2007//2007 2006//2006
f 2034//2034 2006//2006 2008//2008
f 2010//2010 2006//2006 2007//2007
f 2010//2010 2009//2009 2006//2006
f 2009//2009 2010//2010 2011//2011
f 2012//2012 2013//2013 2034//2034
f 2012//2012 2014//2014 2013//2013
f 2012//2012 2015//2015 2014//2014
f 1864//1864 2015//2015 2012//2012
f 1864//1864 2011//2011 2015//2015
f 1865//1865 1864//1864 2012//2012
f 1865//1865 2012//2012 2016//2016
f 2017//2017 2009//2009 2011//2011
f 2017//2017 2011//2011 1864//1864
f 2017//2017 1864//1864 1866//1866
f 2018//2018 1865//1865 2016//2016
f 2118//2118 2017//2017 1866//1866
f 2018//2018 1866//1866 1865//1865
f 2118//2118 1866//1866 2018//2018
f 2019//2019 2118//2118 2018//2018
f 2023//2023 2020//2020 2021//2021
f 2020//2020 2103//2103 2021//2021
f 2023//2023 2021//2021 2022//2022
f 2024//2024 2103//2103 2020//2020
f 2028//2028 2023//2023 2022//2022
f 2027//2027 2023//2023 2028//2028
f 2024//2024 2025//2025 2103//2103
f 2026//2026 2025//2025 2024//2024
f 1848//1848 1847//1847 2028//2028
f 1847//1847 2027//2027 2028//2028
f 1848//1848 2028//2028 2109//2109
f 1849//1849 1848//1848 2109//2109
f 2029//2029 2030//2030 2027//2027
f 2029//2029 2026//2026 2030//2030
f 2029//2029 2027//2027 1847//1847
f 2029//2029 1847//1847 2254//2254
f 2032//2032 1849//1849 2109//2109
f 2032//2032 2109//2109 2031//2031
f 2033//2033 2029//2029 2254//2254
f 2033//2033 1849//1849 2032//2032
f 2033//2033 2254//2254 1849//1849
f 2012//2012 1985//1985 1988//1988
f 2012//2012 2034//2034 1985//1985
f 2034//2034 1992//1992 1985//1985
f 2034//2034 2008//2008 1992//1992
f 2004//2004 2026//2026 2029//2029
f 2004//2004 2025//2025 2026//2026
f 2004//2004 2005//2005 2025//2025
f 2032//2032 2019//2019 2018//2018
f 2032//2032 2031//2031 2019//2019
f 2018//2018 1906//1906 2032//2032
f 1908//1908 1906//1906 2018//2018
f 1905//1905 2033//2033 2032//2032
f 1905//1905 2032//2032 1906//1906
f 1905//1905 2029//2029 2033//2033
f 1904//1904 2029//2029 1905//1905
f 1904//1904 2004//2004 2029//2029
f 1904//1904 1899//1899 2004//2004
f 1899//1899 2001//2001 2004//2004
f 1900//1900 2001//2001 1899//1899
f 1900//1900 1998//1998 2001//2001
f 1998//1998 1901//1901 1989//1989
f 1900//1900 1901//1901 1998//1998
f 1901//1901 1987//1987 1989//1989
f 1902//1902 1987//1987 1901//1901
f 1902//1902 1988//1988 1987//1987
f 1903//1903 1988//1988 1902//1902
f 1903//1903 2012//2012 1988//1988
f 1903//1903 1907//1907 2012//2012
f 1907//1907 2016//2016 2012//2012
f 1909//1909 2016//2016 1907//1907
f 1908//1908 2016//2016 1909//1909
f 1908//1908 2018//2018 2016//2016
f 1999//1999 2035//2035 2000//2000
f 1999//1999 2036//2036 2035//2035
f 1996//1996 2036//2036 1999//1999
f 1993//1993 2036//2036 1996//1996
f 1993//1993 2037//2037 2036//2036
f 1995//1995 2037//2037 1993//1993
f 1995//1995 2038//2038 2037//2037
f 1995//1995 2039//2039 2038//2038
f 2003//2003 2039//2039 1995//1995
f 2003//2003 2040//2040 2039//2039
f 2000//2000 2040//2040 2003//2003
f 2000//2000 2035//2035 2040//2040
f 2036//2036 2041//2041 2035//2035
f 2035//2035 2041//2041 2042//2042
f 2040//2040 2035//2035 2042//2042
f 2040//2040 2042//2042 2044//2044
f 2043//2043 2036//2036 2037//2037
f 2043//2043 2041//2041 2036//2036
f 2044//2044 2039//2039 2040//2040
f 2045//2045 2037//2037 2038//2038
f 2045//2045 2043//2043 2037//2037
f 2046//2046 2039//2039 2044//2044
f 2046//2046 2038//2038 2039//2039
f 2045//2045 2038//2038 2046//2046
f 1927//1927 2041//2041 1926//1926
f 1927//1927 2042//2042 2041//2041
f 2047//2047 2042//2042 1927//1927
f 2047//2047 2044//2044 2042//2042
f 1929//1929 2044//2044 2047//2047
f 1929//1929 2046//2046 2044//2044
f 2051//2051 2046//2046 1929//1929
f 2051//2051 2045//2045 2046//2046
f 2048//2048 2045//2045 2051//2051
f 2043//2043 2045//2045 2048//2048
f 2049//2049 2043//2043 2048//2048
f 2043//2043 2050//2050 1556//1556
f 2049//2049 2050//2050 2043//2043
f 1560//1560 2043//2043 1556//1556
f 2041//2041 2043//2043 1560//1560
f 1928//1928 1926//1926 2041//2041
f 1928//1928 2041//2041 1560//1560
f 1920//1920 1914//1914 2050//2050
f 2049//2049 1920//1920 2050//2050
f 2050//2050 1914//1914 1913//1913
f 2050//2050 1913//1913 1963//1963
f 1555//1555 2050//2050 1963//1963
f 1555//1555 1556//1556 2050//2050
f 1963//1963 1913//1913 1915//1915
f 1963//1963 1915//1915 1964//1964
f 2048//2048 1920//1920 2049//2049
f 1929//1929 2047//2047 1927//1927
f 2051//2051 1929//1929 1923//1923
f 2048//2048 2051//2051 1923//1923
f 2052//2052 1930//1930 1928//1928
f 1560//1560 2052//2052 1928//1928
f 1560//1560 1562//1562 2052//2052
f 2053//2053 2052//2052 1562//1562
f 2076//2076 2052//2052 2053//2053
f 2054//2054 2055//2055 2053//2053
f 2054//2054 2053//2053 1562//1562
f 2056//2056 1947//1947 2055//2055
f 2056//2056 2055//2055 2054//2054
f 1569//1569 2054//2054 1562//1562
f 2057//2057 2054//2054 1569//1569
f 2058//2058 2059//2059 2057//2057
f 2058//2058 2057//2057 1569//1569
f 2061//2061 2062//2062 2060//2060
f 2055//2055 1947//1947 2062//2062
f 2062//2062 1947//1947 1946//1946
f 2062//2062 1946//1946 1940//1940
f 2062//2062 1940//1940 2060//2060
f 1948//1948 2064//2064 2063//2063
f 2064//2064 1948//1948 1945//1945
f 1949//1949 1948//1948 2063//2063
f 2059//2059 1949//1949 2063//2063
f 2063//2063 2057//2057 2059//2059
f 2063//2063 2071//2071 2057//2057
f 2065//2065 2067//2067 2054//2054
f 2066//2066 2065//2065 2054//2054
f 2069//2069 2067//2067 2065//2065
f 2057//2057 2070//2070 2066//2066
f 2057//2057 2066//2066 2054//2054
f 2068//2068 2067//2067 2069//2069
f 2071//2071 2070//2070 2057//2057
f 2071//2071 2072//2072 2070//2070
f 2068//2068 2069//2069 2072//2072
f 2068//2068 2072//2072 2071//2071
f 2056//2056 2067//2067 1943//1943
f 2056//2056 2054//2054 2067//2067
f 2063//2063 2068//2068 2071//2071
f 2064//2064 2068//2068 2063//2063
f 1945//1945 2068//2068 2064//2064
f 1945//1945 2067//2067 2068//2068
f 1943//1943 2067//2067 1945//1945
f 2024//2024 2065//2065 2066//2066
f 2024//2024 2066//2066 2026//2026
f 2020//2020 2069//2069 2065//2065
f 2020//2020 2065//2065 2024//2024
f 2023//2023 2069//2069 2020//2020
f 2023//2023 2072//2072 2069//2069
f 2027//2027 2072//2072 2023//2023
f 2027//2027 2070//2070 2072//2072
f 2030//2030 2070//2070 2027//2027
f 2030//2030 2066//2066 2070//2070
f 2026//2026 2066//2066 2030//2030
f 2058//2058 1952//1952 1949//1949
f 2058//2058 1949//1949 2059//2059
f 1951//1951 1952//1952 2058//2058
f 1898//1898 1951//1951 2058//2058
f 1570//1570 1898//1898 2058//2058
f 1569//1569 1570//1570 2058//2058
f 1897//1897 1941//1941 1951//1951
f 1897//1897 1951//1951 1898//1898
f 1912//1912 1941//1941 1897//1897
f 2075//2075 2060//2060 1940//1940
f 1936//1936 2075//2075 1940//1940
f 2075//2075 2061//2061 2060//2060
f 2075//2075 2073//2073 2061//2061
f 2073//2073 2074//2074 2053//2053
f 2055//2055 2062//2062 2061//2061
f 2053//2053 2055//2055 2061//2061
f 2053//2053 2061//2061 2073//2073
f 2053//2053 2074//2074 2076//2076
f 2073//2073 2075//2075 2074//2074
f 2074//2074 2075//2075 1936//1936
f 2074//2074 1936//1936 1934//1934
f 2074//2074 1934//1934 1935//1935
f 2074//2074 1935//1935 2076//2076
f 1935//1935 1930//1930 2052//2052
f 2076//2076 1935//1935 2052//2052
f 2010//2010 2077//2077 2011//2011
f 2007//2007 2077//2077 2010//2010
f 2007//2007 2078//2078 2077//2077
f 2034//2034 2078//2078 2007//2007
f 2013//2013 2078//2078 2034//2034
f 2013//2013 2079//2079 2078//2078
f 2014//2014 2079//2079 2013//2013
f 2015//2015 2080//2080 2079//2079
f 2015//2015 2079//2079 2014//2014
f 2011//2011 2080//2080 2015//2015
f 2011//2011 2081//2081 2080//2080
f 2011//2011 2077//2077 2081//2081
f 2077//2077 2082//2082 2083//2083
f 2081//2081 2077//2077 2083//2083
f 2078//2078 2082//2082 2077//2077
f 2081//2081 2083//2083 2084//2084
f 1957//1957 2082//2082 2078//2078
f 2080//2080 2081//2081 2084//2084
f 1955//1955 2079//2079 2080//2080
f 1955//1955 2080//2080 2084//2084
f 1955//1955 2078//2078 2079//2079
f 1955//1955 1957//1957 2078//2078
f 2082//2082 1957//1957 1931//1931
f 2088//2088 2082//2082 1931//1931
f 1938//1938 2082//2082 2088//2088
f 1938//1938 2083//2083 2082//2082
f 2085//2085 2083//2083 1938//1938
f 2086//2086 2084//2084 2083//2083
f 2086//2086 2083//2083 2085//2085
f 2087//2087 2084//2084 2086//2086
f 1955//1955 2084//2084 2087//2087
f 1956//1956 1955//1955 2087//2087
f 2087//2087 2089//2089 1937//1937
f 2087//2087 1937//1937 1956//1956
f 2086//2086 2085//2085 2089//2089
f 2089//2089 2087//2087 2086//2086
f 1937//1937 1911//1911 1910//1910
f 1956//1956 1937//1937 1910//1910
f 2092//2092 2091//2091 2090//2090
f 2095//2095 2092//2092 2090//2090
f 2093//2093 2095//2095 2094//2094
f 1991//1991 2096//2096 2097//2097
f 2098//2098 2096//2096 1991//1991
f 2098//2098 2093//2093 2096//2096
f 2098//2098 2095//2095 2093//2093
f 2099//2099 2098//2098 2100//2100
f 2102//2102 2101//2101 2092//2092
f 2104//2104 2102//2102 2092//2092
f 2105//2105 2101//2101 2102//2102
f 2104//2104 2092//2092 2095//2095
f 2021//2021 2103//2103 2101//2101
f 2106//2106 2104//2104 2095//2095
f 2106//2106 2095//2095 2098//2098
f 2106//2106 2098//2098 2099//2099
f 2105//2105 2021//2021 2101//2101
f 2108//2108 2106//2106 2099//2099
f 2107//2107 2021//2021 2105//2105
f 2107//2107 2022//2022 2021//2021
f 2107//2107 2111//2111 2022//2022
f 2112//2112 2108//2108 2099//2099
f 2110//2110 2109//2109 2111//2111
f 2110//2110 2111//2111 2107//2107
f 2110//2110 2107//2107 2121//2121
f 2132//2132 2110//2110 2121//2121
f 2114//2114 2113//2113 2112//2112
f 2114//2114 2112//2112 2099//2099
f 2114//2114 2115//2115 2113//2113
f 2116//2116 2115//2115 2114//2114
f 2116//2116 2131//2131 2115//2115
f 2006//2006 2116//2116 2114//2114
f 2117//2117 2131//2131 2116//2116
f 2119//2119 2131//2131 2117//2117
f 2119//2119 2110//2110 2132//2132
f 2119//2119 2132//2132 2131//2131
f 2118//2118 2119//2119 2117//2117
f 2121//2121 2120//2120 2132//2132
f 2107//2107 2122//2122 2121//2121
f 2107//2107 2123//2123 2122//2122
f 2105//2105 2123//2123 2107//2107
f 2105//2105 2124//2124 2123//2123
f 2105//2105 2125//2125 2124//2124
f 2102//2102 2125//2125 2105//2105
f 2104//2104 2126//2126 2102//2102
f 2104//2104 2127//2127 2126//2126
f 2106//2106 2127//2127 2104//2104
f 2106//2106 2128//2128 2127//2127
f 2108//2108 2128//2128 2106//2106
f 2108//2108 2129//2129 2128//2128
f 2108//2108 2130//2130 2129//2129
f 2112//2112 2130//2130 2108//2108
f 2112//2112 2113//2113 2130//2130
f 2125//2125 2133//2133 2124//2124
f 2125//2125 2147//2147 2133//2133
f 2102//2102 2147//2147 2125//2125
f 2126//2126 2147//2147 2102//2102
f 2126//2126 2134//2134 2147//2147
f 2127//2127 2134//2134 2126//2126
f 2127//2127 2135//2135 2134//2134
f 2128//2128 2135//2135 2127//2127
f 2129//2129 2135//2135 2128//2128
f 2129//2129 2136//2136 2135//2135
f 2129//2129 2137//2137 2136//2136
f 2130//2130 2137//2137 2129//2129
f 2130//2130 2138//2138 2137//2137
f 2113//2113 2138//2138 2130//2130
f 2115//2115 2138//2138 2113//2113
f 2115//2115 2139//2139 2138//2138
f 2131//2131 2139//2139 2115//2115
f 2131//2131 2146//2146 2139//2139
f 2132//2132 2140//2140 2146//2146
f 2132//2132 2146//2146 2131//2131
f 2120//2120 2140//2140 2132//2132
f 2120//2120 2141//2141 2140//2140
f 2121//2121 2142//2142 2141//2141
f 2121//2121 2141//2141 2120//2120
f 2122//2122 2142//2142 2121//2121
f 2123//2123 2142//2142 2122//2122
f 2123//2123 2143//2143 2142//2142
f 2124//2124 2133//2133 2143//2143
f 2124//2124 2143//2143 2123//2123
f 2151//2151 2133//2133 2147//2147
f 2135//2135 2147//2147 2134//2134
f 2151//2151 2143//2143 2133//2133
f 2150//2150 2143//2143 2151//2151
f 2136//2136 2148//2148 2135//2135
f 2150//2150 2142//2142 2143//2143
f 2137//2137 2148//2148 2136//2136
f 2141//2141 2142//2142 2150//2150
f 2138//2138 2144//2144 2137//2137
f 2141//2141 2150//2150 2149//2149
f 2139//2139 2144//2144 2138//2138
f 2140//2140 2141//2141 2149//2149
f 2140//2140 2149//2149 2146//2146
f 2139//2139 2145//2145 2144//2144
f 2146//2146 2145//2145 2139//2139
f 2152//2152 2147//2147 2135//2135
f 2152//2152 2151//2151 2147//2147
f 2153//2153 2151//2151 2152//2152
f 2152//2152 2135//2135 2148//2148
f 2154//2154 2152//2152 2148//2148
f 2155//2155 2151//2151 2153//2153
f 2155//2155 2150//2150 2151//2151
f 2157//2157 2154//2154 2148//2148
f 2157//2157 2148//2148 2137//2137
f 2149//2149 2150//2150 2155//2155
f 2149//2149 2155//2155 2156//2156
f 2144//2144 2157//2157 2137//2137
f 2144//2144 2158//2158 2157//2157
f 2145//2145 2158//2158 2144//2144
f 2146//2146 2158//2158 2145//2145
f 2146//2146 2149//2149 2156//2156
f 2146//2146 2156//2156 2158//2158
f 2152//2152 2159//2159 2153//2153
f 2152//2152 2160//2160 2159//2159
f 2154//2154 2161//2161 2160//2160
f 2154//2154 2160//2160 2152//2152
f 2154//2154 2162//2162 2161//2161
f 2157//2157 2162//2162 2154//2154
f 2157//2157 2163//2163 2162//2162
f 2158//2158 2163//2163 2157//2157
f 2156//2156 2163//2163 2158//2158
f 2156//2156 2164//2164 2163//2163
f 2156//2156 2165//2165 2164//2164
f 2155//2155 2165//2165 2156//2156
f 2153//2153 2159//2159 2165//2165
f 2153//2153 2165//2165 2155//2155
f 2159//2159 2166//2166 2167//2167
f 2160//2160 2166//2166 2159//2159
f 2160//2160 2168//2168 2166//2166
f 2161//2161 2168//2168 2160//2160
f 2159//2159 2167//2167 2169//2169
f 2165//2165 2159//2159 2169//2169
f 2161//2161 2170//2170 2168//2168
f 2165//2165 2169//2169 2171//2171
f 2162//2162 2170//2170 2161//2161
f 2172//2172 2170//2170 2162//2162
f 2173//2173 2164//2164 2165//2165
f 2173//2173 2165//2165 2171//2171
f 2174//2174 2172//2172 2162//2162
f 2174//2174 2162//2162 2163//2163
f 2175//2175 2164//2164 2173//2173
f 2175//2175 2174//2174 2163//2163
f 2175//2175 2163//2163 2164//2164
f 2176//2176 2172//2172 2174//2174
f 2177//2177 2172//2172 2176//2176
f 2177//2177 2170//2170 2172//2172
f 2178//2178 2170//2170 2177//2177
f 2179//2179 2170//2170 2178//2178
f 2179//2179 2168//2168 2170//2170
f 2180//2180 2168//2168 2179//2179
f 2180//2180 2166//2166 2168//2168
f 2181//2181 2166//2166 2180//2180
f 2182//2182 2166//2166 2181//2181
f 2182//2182 2167//2167 2166//2166
f 2183//2183 2167//2167 2182//2182
f 2183//2183 2169//2169 2167//2167
f 2184//2184 2169//2169 2183//2183
f 2185//2185 2169//2169 2184//2184
f 2185//2185 2171//2171 2169//2169
f 2186//2186 2171//2171 2185//2185
f 2186//2186 2173//2173 2171//2171
f 2187//2187 2173//2173 2186//2186
f 2188//2188 2175//2175 2173//2173
f 2188//2188 2173//2173 2187//2187
f 2189//2189 2175//2175 2188//2188
f 2189//2189 2174//2174 2175//2175
f 2176//2176 2174//2174 2189//2189
f 1942//1942 2188//2188 2187//2187
f 2178//2178 2177//2177 2176//2176
f 2181//2181 2180//2180 2179//2179
f 1944//1944 2185//2185 2184//2184
f 1944//1944 2186//2186 2185//2185
f 1942//1942 2186//2186 1944//1944
f 1942//1942 2187//2187 2186//2186
f 2008//2008 2099//2099 1992//1992
f 2008//2008 2114//2114 2099//2099
f 2006//2006 2114//2114 2008//2008
f 2006//2006 2009//2009 2116//2116
f 2009//2009 2117//2117 2116//2116
f 2009//2009 2017//2017 2117//2117
f 2017//2017 2118//2118 2117//2117
f 2118//2118 2019//2019 2119//2119
f 2031//2031 2110//2110 2119//2119
f 2031//2031 2119//2119 2019//2019
f 2109//2109 2110//2110 2031//2031
f 2028//2028 2111//2111 2109//2109
f 2028//2028 2022//2022 2111//2111
f 2101//2101 2103//2103 2025//2025
f 2092//2092 2101//2101 2025//2025
f 2005//2005 2092//2092 2025//2025
f 2091//2091 2092//2092 2005//2005
f 2100//2100 1992//1992 2099//2099
f 1990//1990 2097//2097 2096//2096
f 1990//1990 2093//2093 1994//1994
f 1990//1990 2096//2096 2093//2093
f 2094//2094 1994//1994 2093//2093
f 1997//1997 2094//2094 2095//2095
f 2002//2002 2095//2095 2090//2090
f 2002//2002 1997//1997 2095//2095
f 2002//2002 2090//2090 2091//2091
f 1889//1889 1890//1890 2192//2192
f 1889//1889 2192//2192 1892//1892
f 2193//2193 2198//2198 2194//2194
f 2192//2192 1890//1890 1891//1891
f 2198//2198 2197//2197 2206//2206
f 2204//2204 2198//2198 2206//2206
f 2192//2192 1891//1891 2193//2193
f 1892//1892 1888//1888 1889//1889
f 1888//1888 2196//2196 1889//1889
f 1888//1888 1892//1892 2197//2197
f 2190//2190 1889//1889 2196//2196
f 2193//2193 2194//2194 2192//2192
f 2195//2195 2197//2197 1892//1892
f 2210//2210 2197//2197 2195//2195
f 2206//2206 2197//2197 2210//2210
f 2206//2206 2211//2211 2204//2204
f 2202//2202 2199//2199 2208//2208
f 2200//2200 2199//2199 2202//2202
f 2201//2201 1896//1896 2200//2200
f 2210//2210 2212//2212 2205//2205
f 2208//2208 2207//2207 2212//2212
f 1894//1894 2212//2212 2210//2210
f 2205//2205 2201//2201 2211//2211
f 2200//2200 2209//2209 2201//2201
f 2212//2212 2202//2202 2208//2208
f 2211//2211 2203//2203 2204//2204
f 2203//2203 1894//1894 1893//1893
f 1894//1894 2195//2195 1893//1893
f 2209//2209 1894//1894 2203//2203
f 2203//2203 2201//2201 2209//2209
f 2195//2195 1894//1894 2210//2210
f 2206//2206 2210//2210 2205//2205
f 2211//2211 2206//2206 2205//2205
f 2202//2202 1894//1894 2200//2200
f 2200//2200 1894//1894 2209//2209
f 2203//2203 2211//2211 2201//2201
f 2207//2207 1921//1921 1922//1922
f 1895//1895 1896//1896 1922//1922
f 2207//2207 2208//2208 1921//1921
f 1922//1922 1896//1896 2207//2207
f 2213//2213 1879//1879 2229//2229
f 2218//2218 1875//1875 1869//1869
f 2215//2215 1872//1872 1873//1873
f 2213//2213 2217//2217 1875//1875
f 2213//2213 2229//2229 2219//2219
f 1872//1872 1871//1871 1870//1870
f 1871//1871 1869//1869 1870//1870
f 1874//1874 2215//2215 1873//1873
f 2213//2213 2216//2216 1879//1879
f 1872//1872 1870//1870 1873//1873
f 2215//2215 2217//2217 1876//1876
f 2217//2217 2215//2215 1874//1874
f 2219//2219 2217//2217 2213//2213
f 2214//2214 1879//1879 2216//2216
f 1877//1877 1879//1879 2214//2214
f 1871//1871 2216//2216 2213//2213
f 1880//1880 2229//2229 1879//1879
f 1871//1871 2218//2218 1869//1869
f 2219//2219 1876//1876 2217//2217
f 1874//1874 1875//1875 2217//2217
f 2215//2215 1876//1876 1872//1872
f 2218//2218 1871//1871 2213//2213
f 1876//1876 2214//2214 2216//2216
f 1879//1879 1877//1877 1880//1880
f 2216//2216 1871//1871 1872//1872
f 2221//2221 2230//2230 2224//2224
f 2220//2220 2230//2230 2221//2221
f 1881//1881 2227//2227 2225//2225
f 2223//2223 2227//2227 1881//1881
f 2228//2228 2225//2225 2226//2226
f 2225//2225 1883//1883 2220//2220
f 2226//2226 2225//2225 2220//2220
f 2225//2225 2228//2228 1881//1881
f 2222//2222 2221//2221 2223//2223
f 2229//2229 1880//1880 2228//2228
f 2223//2223 1881//1881 2222//2222
f 2223//2223 2221//2221 2224//2224
f 2228//2228 1878//1878 2219//2219
f 2214//2214 1878//1878 1877//1877
f 2222//2222 1881//1881 1880//1880
f 2228//2228 1880//1880 1881//1881
f 1878//1878 2226//2226 2221//2221
f 2222//2222 1877//1877 2221//2221
f 2225//2225 2227//2227 1883//1883
f 2229//2229 2228//2228 2219//2219
f 2226//2226 1878//1878 2228//2228
f 1878//1878 2221//2221 1877//1877
f 2222//2222 1880//1880 1877//1877
f 2227//2227 2224//2224 1884//1884
f 2239//2239 1866//1866 1862//1862
f 1862//1862 1866//1866 1864//1864
f 1865//1865 2238//2238 2237//2237
f 1862//1862 2235//2235 2231//2231
f 2238//2238 1865//1865 2239//2239
f 2237//2237 1863//1863 1864//1864
f 1863//1863 1862//1862 1864//1864
f 1864//1864 1865//1865 2237//2237
f 2235//2235 1862//1862 1863//1863
f 2231//2231 2238//2238 2239//2239
f 2233//2233 2242//2242 2243//2243
f 2237//2237 2232//2232 1863//1863
f 1863//1863 2232//2232 2235//2235
f 2234//2234 2233//2233 2243//2243
f 2237//2237 1867//1867 2232//2232
f 2242//2242 2233//2233 2236//2236
f 2252//2252 2253//2253 2240//2240
f 2245//2245 2248//2248 2241//2241
f 2251//2251 2243//2243 2242//2242
f 2252//2252 2247//2247 2253//2253
f 2245//2245 2241//2241 2246//2246
f 2247//2247 2251//2251 2246//2246
f 2249//2249 2240//2240 2241//2241
f 2249//2249 2252//2252 2240//2240
f 2241//2241 2240//2240 2244//2244
f 2241//2241 2244//2244 2246//2246
f 2251//2251 2247//2247 2252//2252
f 2246//2246 2250//2250 2247//2247
f 2250//2250 2253//2253 2247//2247
f 2240//2240 2253//2253 1939//1939
f 1939//1939 2244//2244 2240//2240
f 2244//2244 1939//1939 1868//1868
f 2261//2261 1854//1854 2257//2257
f 1854//1854 1855//1855 2260//2260
f 1854//1854 2260//2260 1850//1850
f 2258//2258 1852//1852 2260//2260
f 2258//2258 2260//2260 1855//1855
f 2254//2254 1852//1852 1851//1851
f 1853//1853 2260//2260 1852//1852
f 1847//1847 1848//1848 2256//2256
f 2259//2259 2256//2256 2255//2255
f 1850//1850 2256//2256 2259//2259
f 1853//1853 2256//2256 1850//1850
f 2260//2260 1853//1853 1850//1850
f 1852//1852 2257//2257 1851//1851
f 2257//2257 1852//1852 2264//2264
f 2256//2256 1853//1853 1847//1847
f 1853//1853 2254//2254 1847//1847
f 1852//1852 2258//2258 2264//2264
f 2259//2259 2255//2255 1851//1851
f 2270//2270 1953//1953 1861//1861
f 2266//2266 1950//1950 2270//2270
f 1857//1857 2271//2271 2262//2262
f 1857//1857 1861//1861 2271//2271
f 2263//2263 1855//1855 2269//2269
f 1856//1856 2268//2268 2264//2264
f 1858//1858 2266//2266 2262//2262
f 2268//2268 2261//2261 2264//2264
f 1855//1855 2263//2263 1857//1857
f 2262//2262 2266//2266 2267//2267
f 2270//2270 2267//2267 2266//2266
f 1855//1855 1854//1854 2269//2269
f 2267//2267 2269//2269 2265//2265
f 1856//1856 1855//1855 1857//1857
f 2269//2269 2268//2268 2265//2265
f 2267//2267 2263//2263 2269//2269
f 1856//1856 1857//1857 2262//2262
f 2265//2265 2262//2262 2267//2267
f 2269//2269 1854//1854 2261//2261
f 1858//1858 1950//1950 2266//2266
f 2270//2270 1950//1950 1953//1953
f 1954//1954 1965//1965 1918//1918
f 1933//1933 1954//1954 1918//1918
f 1954//1954 1966//1966 1965//1965
f 1954//1954 2272//2272 1966//1966
f 2273//2273 1958//1958 2272//2272
f 1958//1958 1960//1960 1966//1966
f 1958//1958 1966//1966 2272//2272
f 1958//1958 2273//2273 1932//1932
f 2272//2272 1954//1954 2273//2273
f 2275//2275 2276//2276 2274//2274
f 2748//2748 2751//2751 2279//2279
f 2279//2279 2752//2752 2748//2748
f 2752//2752 2283//2283 2748//2748
f 2752//2752 2747//2747 2283//2283
f 2283//2283 2284//2284 2282//2282
f 2747//2747 2284//2284 2283//2283
f 2747//2747 2285//2285 2284//2284
f 2749//2749 2285//2285 2747//2747
f 2286//2286 2285//2285 2749//2749
f 2281//2281 2289//2289 2285//2285
f 2290//2290 2289//2289 2281//2281
f 2761//2761 2288//2288 2287//2287
f 2289//2289 2763//2763 2756//2756
f 2290//2290 2758//2758 2289//2289
f 2765//2765 2764//2764 2757//2757
f 2291//2291 2673//2673 2677//2677
f 2447//2447 2673//2673 2291//2291
f 2292//2292 2678//2678 2675//2675
f 2677//2677 2678//2678 2292//2292
f 2673//2673 2681//2681 2674//2674
f 2673//2673 2675//2675 2681//2681
f 2681//2681 2691//2691 2690//2690
f 2680//2680 2679//2679 2691//2691
f 2294//2294 2690//2690 2685//2685
f 2690//2690 2688//2688 2685//2685
f 2294//2294 2685//2685 2684//2684
f 2683//2683 2296//2296 2689//2689
f 2685//2685 2296//2296 2683//2683
f 2661//2661 2662//2662 2297//2297
f 2297//2297 2298//2298 2438//2438
f 2297//2297 2662//2662 2298//2298
f 2665//2665 2664//2664 2299//2299
f 2663//2663 2665//2665 2299//2299
f 2669//2669 2665//2665 2663//2663
f 2301//2301 2671//2671 2302//2302
f 2301//2301 2303//2303 2671//2671
f 2304//2304 2303//2303 2301//2301
f 2671//2671 2303//2303 2672//2672
f 2670//2670 2308//2308 2305//2305
f 2302//2302 2308//2308 2670//2670
f 2305//2305 2306//2306 2667//2667
f 2308//2308 2306//2306 2305//2305
f 2308//2308 2307//2307 2306//2306
f 2310//2310 2309//2309 2313//2313
f 2311//2311 2309//2309 2310//2310
f 2311//2311 2314//2314 2309//2309
f 2312//2312 2314//2314 2311//2311
f 2312//2312 2655//2655 2314//2314
f 2312//2312 2315//2315 2655//2655
f 2310//2310 2315//2315 2312//2312
f 2317//2317 2313//2313 2309//2309
f 2657//2657 2317//2317 2309//2309
f 2314//2314 2657//2657 2309//2309
f 2316//2316 2657//2657 2314//2314
f 2655//2655 2316//2316 2314//2314
f 2658//2658 2316//2316 2655//2655
f 2656//2656 2652//2652 2317//2317
f 2653//2653 2652//2652 2656//2656
f 2313//2313 2317//2317 2658//2658
f 2320//2320 2653//2653 2657//2657
f 2651//2651 2320//2320 2657//2657
f 2658//2658 2659//2659 2651//2651
f 2658//2658 2319//2319 2659//2659
f 2317//2317 2652//2652 2319//2319
f 2653//2653 2654//2654 2318//2318
f 2320//2320 2654//2654 2653//2653
f 2318//2318 2654//2654 2323//2323
f 2320//2320 2326//2326 2325//2325
f 2320//2320 2659//2659 2326//2326
f 2651//2651 2659//2659 2320//2320
f 2649//2649 2326//2326 2659//2659
f 2322//2322 2649//2649 2659//2659
f 2660//2660 2647//2647 2324//2324
f 2326//2326 2645//2645 2660//2660
f 2645//2645 2328//2328 2644//2644
f 2648//2648 2329//2329 2328//2328
f 2650//2650 2329//2329 2648//2648
f 2331//2331 2634//2634 2330//2330
f 2331//2331 2333//2333 2634//2634
f 2331//2331 2635//2635 2333//2333
f 2332//2332 2635//2635 2331//2331
f 2334//2334 2635//2635 2332//2332
f 2334//2334 2639//2639 2638//2638
f 2335//2335 2639//2639 2334//2334
f 2634//2634 2335//2335 2334//2334
f 2637//2637 2337//2337 2636//2636
f 2639//2639 2640//2640 2337//2337
f 2337//2337 2338//2338 2630//2630
f 2640//2640 2338//2338 2337//2337
f 2631//2631 2627//2627 2339//2339
f 2629//2629 2627//2627 2631//2631
f 2629//2629 2630//2630 2627//2627
f 2631//2631 2339//2339 2640//2640
f 2632//2632 2627//2627 2630//2630
f 2623//2623 2628//2628 2627//2627
f 2627//2627 2643//2643 2623//2623
f 2632//2632 2643//2643 2627//2627
f 2642//2642 2643//2643 2632//2632
f 2642//2642 2624//2624 2643//2643
f 2626//2626 2624//2624 2642//2642
f 2623//2623 2625//2625 2628//2628
f 2643//2643 2624//2624 2622//2622
f 2628//2628 2625//2625 2626//2626
f 2619//2619 2340//2340 2621//2621
f 2641//2641 2433//2433 2340//2340
f 2625//2625 2433//2433 2641//2641
f 2341//2341 2345//2345 2491//2491
f 2341//2341 2343//2343 2345//2345
f 2342//2342 2343//2343 2341//2341
f 2342//2342 2346//2346 2343//2343
f 2587//2587 2346//2346 2342//2342
f 2587//2587 2589//2589 2346//2346
f 2344//2344 2589//2589 2587//2587
f 2344//2344 2347//2347 2589//2589
f 2344//2344 2590//2590 2347//2347
f 2345//2345 2590//2590 2344//2344
f 2345//2345 2601//2601 2590//2590
f 2343//2343 2601//2601 2345//2345
f 2590//2590 2349//2349 2347//2347
f 2590//2590 2348//2348 2349//2349
f 2601//2601 2348//2348 2590//2590
f 2601//2601 2594//2594 2348//2348
f 2601//2601 2593//2593 2594//2594
f 2347//2347 2592//2592 2593//2593
f 2349//2349 2592//2592 2347//2347
f 2596//2596 2591//2591 2597//2597
f 2349//2349 2599//2599 2592//2592
f 2600//2600 2599//2599 2349//2349
f 2597//2597 2591//2591 2600//2600
f 2596//2596 2598//2598 2591//2591
f 2600//2600 2595//2595 2599//2599
f 2600//2600 2351//2351 2595//2595
f 2591//2591 2351//2351 2600//2600
f 2598//2598 2351//2351 2591//2591
f 2572//2572 2575//2575 2352//2352
f 2352//2352 2576//2576 2571//2571
f 2352//2352 2575//2575 2576//2576
f 2573//2573 2585//2585 2578//2578
f 2577//2577 2585//2585 2573//2573
f 2576//2576 2577//2577 2573//2573
f 2575//2575 2577//2577 2576//2576
f 2578//2578 2354//2354 2353//2353
f 2578//2578 2585//2585 2354//2354
f 2353//2353 2579//2579 2355//2355
f 2353//2353 2354//2354 2579//2579
f 2579//2579 2356//2356 2355//2355
f 2580//2580 2582//2582 2360//2360
f 2580//2580 2360//2360 2358//2358
f 2361//2361 2563//2563 2566//2566
f 2362//2362 2563//2563 2361//2361
f 2362//2362 2565//2565 2563//2563
f 2363//2363 2565//2565 2362//2362
f 2363//2363 2564//2564 2565//2565
f 2364//2364 2564//2564 2363//2363
f 2557//2557 2561//2561 2563//2563
f 2365//2365 2557//2557 2563//2563
f 2366//2366 2365//2365 2564//2564
f 2367//2367 2366//2366 2564//2564
f 2364//2364 2367//2367 2564//2564
f 2561//2561 2367//2367 2364//2364
f 2557//2557 2560//2560 2568//2568
f 2562//2562 2560//2560 2557//2557
f 2562//2562 2368//2368 2560//2560
f 2365//2365 2368//2368 2562//2562
f 2365//2365 2366//2366 2368//2368
f 2368//2368 2567//2567 2560//2560
f 2369//2369 2568//2568 2559//2559
f 2568//2568 2373//2373 2559//2559
f 2551//2551 2556//2556 2553//2553
f 2552//2552 2556//2556 2551//2551
f 2378//2378 2376//2376 2380//2380
f 2377//2377 2533//2533 2376//2376
f 2377//2377 2532//2532 2533//2533
f 2380//2380 2532//2532 2378//2378
f 2536//2536 2539//2539 2535//2535
f 2536//2536 2540//2540 2534//2534
f 2535//2535 2537//2537 2383//2383
f 2542//2542 2381//2381 2541//2541
f 2538//2538 2542//2542 2541//2541
f 2381//2381 2531//2531 2537//2537
f 2381//2381 2542//2542 2531//2531
f 2535//2535 2383//2383 2382//2382
f 2537//2537 2531//2531 2383//2383
f 2530//2530 2387//2387 2542//2542
f 2385//2385 2544//2544 2389//2389
f 2386//2386 2544//2544 2385//2385
f 2386//2386 2387//2387 2544//2544
f 2388//2388 2529//2529 2387//2387
f 2388//2388 2546//2546 2529//2529
f 2388//2388 2391//2391 2546//2546
f 2390//2390 2391//2391 2388//2388
f 2385//2385 2389//2389 2390//2390
f 2389//2389 2545//2545 2527//2527
f 2544//2544 2545//2545 2389//2389
f 2389//2389 2527//2527 2391//2391
f 2331//2331 2393//2393 2394//2394
f 2332//2332 2331//2331 2394//2394
f 2330//2330 2393//2393 2331//2331
f 2311//2311 2393//2393 2330//2330
f 2395//2395 2393//2393 2311//2311
f 2395//2395 2311//2311 2310//2310
f 2311//2311 2330//2330 2332//2332
f 2312//2312 2311//2311 2332//2332
f 2396//2396 2395//2395 2310//2310
f 2312//2312 2396//2396 2310//2310
f 2398//2398 2332//2332 2397//2397
f 2401//2401 2397//2397 2332//2332
f 2401//2401 2332//2332 2394//2394
f 2398//2398 2312//2312 2332//2332
f 2399//2399 2312//2312 2398//2398
f 2377//2377 2400//2400 2401//2401
f 2377//2377 2402//2402 2400//2400
f 2403//2403 2532//2532 2377//2377
f 2403//2403 2377//2377 2401//2401
f 2403//2403 2401//2401 2394//2394
f 2376//2376 2402//2402 2377//2377
f 2406//2406 2312//2312 2399//2399
f 2404//2404 2532//2532 2403//2403
f 2378//2378 2532//2532 2404//2404
f 2405//2405 2402//2402 2376//2376
f 2405//2405 2376//2376 2378//2378
f 2406//2406 2396//2396 2312//2312
f 2407//2407 2405//2405 2378//2378
f 2362//2362 2409//2409 2408//2408
f 2363//2363 2362//2362 2408//2408
f 2361//2361 2409//2409 2362//2362
f 2363//2363 2408//2408 2407//2407
f 2361//2361 2406//2406 2409//2409
f 2363//2363 2407//2407 2378//2378
f 2410//2410 2566//2566 2364//2364
f 2410//2410 2378//2378 2404//2404
f 2410//2410 2363//2363 2378//2378
f 2410//2410 2364//2364 2363//2363
f 2411//2411 2361//2361 2566//2566
f 2411//2411 2406//2406 2361//2361
f 2411//2411 2566//2566 2410//2410
f 2411//2411 2396//2396 2406//2406
f 2410//2410 2404//2404 2412//2412
f 2413//2413 2410//2410 2412//2412
f 1740//1740 2413//2413 2412//2412
f 1740//1740 1739//1739 2413//2413
f 2413//2413 1739//1739 1736//1736
f 2414//2414 2413//2413 1736//1736
f 2411//2411 2410//2410 2413//2413
f 2414//2414 2411//2411 2413//2413
f 2415//2415 2396//2396 2411//2411
f 2415//2415 2411//2411 2414//2414
f 2416//2416 1733//1733 2415//2415
f 1735//1735 1733//1733 2416//2416
f 2417//2417 2416//2416 2415//2415
f 2414//2414 2417//2417 2415//2415
f 1736//1736 1738//1738 2417//2417
f 1736//1736 2417//2417 2414//2414
f 2417//2417 2418//2418 2419//2419
f 2417//2417 2419//2419 2416//2416
f 2420//2420 2419//2419 1784//1784
f 2420//2420 2416//2416 2419//2419
f 1735//1735 2420//2420 2421//2421
f 1735//1735 2416//2416 2420//2420
f 2422//2422 1744//1744 1731//1731
f 2423//2423 2422//2422 1731//1731
f 1746//1746 1744//1744 2422//2422
f 2424//2424 1746//1746 2422//2422
f 2425//2425 2423//2423 1731//1731
f 1732//1732 2425//2425 1731//1731
f 1733//1733 2426//2426 2425//2425
f 1733//1733 2425//2425 1732//1732
f 1735//1735 2421//2421 2426//2426
f 1735//1735 2426//2426 1733//1733
f 1746//1746 2427//2427 2428//2428
f 2429//2429 2428//2428 2427//2427
f 2424//2424 2427//2427 1746//1746
f 1769//1769 2429//2429 2427//2427
f 2621//2621 2430//2430 2432//2432
f 2621//2621 2431//2431 2430//2430
f 2618//2618 2621//2621 2432//2432
f 2340//2340 2431//2431 2621//2621
f 2434//2434 2618//2618 2432//2432
f 2435//2435 2433//2433 2618//2618
f 2661//2661 2431//2431 2340//2340
f 2297//2297 2431//2431 2661//2661
f 2661//2661 2340//2340 2433//2433
f 2435//2435 2661//2661 2433//2433
f 2437//2437 2661//2661 2435//2435
f 2437//2437 2663//2663 2661//2661
f 2436//2436 2297//2297 2438//2438
f 2436//2436 2438//2438 2663//2663
f 2437//2437 2436//2436 2663//2663
f 2439//2439 2297//2297 2436//2436
f 2440//2440 2434//2434 2432//2432
f 2441//2441 2440//2440 2432//2432
f 2427//2427 2297//2297 2439//2439
f 2443//2443 2442//2442 2441//2441
f 1769//1769 2427//2427 2439//2439
f 2677//2677 2444//2444 2291//2291
f 2291//2291 2444//2444 2443//2443
f 2291//2291 2443//2443 2441//2441
f 2677//2677 2445//2445 2444//2444
f 2445//2445 2677//2677 2292//2292
f 2446//2446 2447//2447 2291//2291
f 2446//2446 2441//2441 2432//2432
f 2446//2446 2291//2291 2441//2441
f 2644//2644 2447//2447 2446//2446
f 2448//2448 2445//2445 2292//2292
f 2644//2644 2292//2292 2447//2447
f 2644//2644 2448//2448 2292//2292
f 2646//2646 2644//2644 2446//2446
f 2448//2448 2644//2644 2328//2328
f 2449//2449 2646//2646 2446//2446
f 2449//2449 2650//2650 2646//2646
f 2450//2450 2448//2448 2328//2328
f 2450//2450 2328//2328 2329//2329
f 2449//2449 2329//2329 2650//2650
f 2451//2451 2450//2450 2329//2329
f 2451//2451 2329//2329 2449//2449
f 2420//2420 1784//1784 2451//2451
f 2420//2420 2451//2451 2449//2449
f 2427//2427 2431//2431 2297//2297
f 2426//2426 2420//2420 2449//2449
f 2426//2426 2421//2421 2420//2420
f 2426//2426 2449//2449 2446//2446
f 2426//2426 2446//2446 2425//2425
f 2423//2423 2446//2446 2432//2432
f 2423//2423 2425//2425 2446//2446
f 2422//2422 2430//2430 2431//2431
f 2423//2423 2430//2430 2422//2422
f 2423//2423 2432//2432 2430//2430
f 2424//2424 2431//2431 2427//2427
f 2424//2424 2422//2422 2431//2431
f 2452//2452 2466//2466 2503//2503
f 1809//1809 2452//2452 2503//2503
f 2453//2453 2452//2452 2429//2429
f 2453//2453 2466//2466 2452//2452
f 2439//2439 2429//2429 1769//1769
f 2439//2439 2453//2453 2429//2429
f 2436//2436 2453//2453 2439//2439
f 2436//2436 2458//2458 2453//2453
f 2456//2456 2457//2457 2455//2455
f 2456//2456 2455//2455 2454//2454
f 2453//2453 2458//2458 2457//2457
f 2460//2460 2456//2456 2459//2459
f 2460//2460 2457//2457 2456//2456
f 2462//2462 2460//2460 2461//2461
f 2462//2462 2457//2457 2460//2460
f 2464//2464 2462//2462 2463//2463
f 2464//2464 2463//2463 2465//2465
f 2467//2467 2453//2453 2468//2468
f 2467//2467 2466//2466 2453//2453
f 2471//2471 2466//2466 2467//2467
f 2468//2468 2453//2453 2457//2457
f 2469//2469 2468//2468 2457//2457
f 2469//2469 2457//2457 2462//2462
f 2471//2471 2470//2470 2466//2466
f 2469//2469 2462//2462 2464//2464
f 2471//2471 2474//2474 2470//2470
f 2472//2472 2474//2474 2471//2471
f 2479//2479 2469//2469 2464//2464
f 2477//2477 2473//2473 2474//2474
f 2477//2477 2474//2474 2472//2472
f 2476//2476 2475//2475 2473//2473
f 2476//2476 2473//2473 2477//2477
f 2478//2478 2479//2479 2464//2464
f 2478//2478 2480//2480 2479//2479
f 2478//2478 2481//2481 2480//2480
f 2482//2482 2481//2481 2478//2478
f 2484//2484 2482//2482 2478//2478
f 2483//2483 2481//2481 2482//2482
f 2486//2486 2477//2477 2487//2487
f 2486//2486 2476//2476 2477//2477
f 2486//2486 2487//2487 2481//2481
f 2488//2488 2483//2483 2485//2485
f 2488//2488 2481//2481 2483//2483
f 2488//2488 2486//2486 2481//2481
f 2489//2489 2486//2486 2488//2488
f 2443//2443 2461//2461 2460//2460
f 2443//2443 2460//2460 2442//2442
f 2440//2440 2459//2459 2456//2456
f 2441//2441 2459//2459 2440//2440
f 2442//2442 2459//2459 2441//2441
f 2442//2442 2460//2460 2459//2459
f 2440//2440 2454//2454 2434//2434
f 2440//2440 2456//2456 2454//2454
f 2454//2454 2618//2618 2434//2434
f 2455//2455 2618//2618 2454//2454
f 2455//2455 2435//2435 2618//2618
f 2437//2437 2435//2435 2455//2455
f 2437//2437 2455//2455 2457//2457
f 2437//2437 2457//2457 2458//2458
f 2436//2436 2437//2437 2458//2458
f 2444//2444 2461//2461 2443//2443
f 2445//2445 2463//2463 2462//2462
f 2444//2444 2462//2462 2461//2461
f 2444//2444 2445//2445 2462//2462
f 2445//2445 2448//2448 2463//2463
f 2448//2448 2465//2465 2463//2463
f 2448//2448 2450//2450 2465//2465
f 2465//2465 2451//2451 2464//2464
f 2465//2465 2450//2450 2451//2451
f 2419//2419 2464//2464 2451//2451
f 1784//1784 2419//2419 2451//2451
f 2418//2418 2464//2464 2419//2419
f 2478//2478 2464//2464 2418//2418
f 2490//2490 2418//2418 1820//1820
f 2490//2490 2478//2478 2418//2418
f 2491//2491 2478//2478 2490//2490
f 2491//2491 2484//2484 2478//2478
f 2493//2493 2483//2483 2482//2482
f 2493//2493 2492//2492 2483//2483
f 2493//2493 2482//2482 2484//2484
f 2491//2491 2493//2493 2484//2484
f 2492//2492 2494//2494 2485//2485
f 2492//2492 2485//2485 2483//2483
f 2485//2485 2494//2494 2497//2497
f 2485//2485 2497//2497 2488//2488
f 2497//2497 2489//2489 2488//2488
f 2486//2486 2496//2496 2495//2495
f 2489//2489 2496//2496 2486//2486
f 2489//2489 2497//2497 2496//2496
f 2498//2498 2486//2486 2495//2495
f 2498//2498 2476//2476 2486//2486
f 2498//2498 2475//2475 2476//2476
f 2499//2499 2475//2475 2498//2498
f 2500//2500 2473//2473 2475//2475
f 2499//2499 2500//2500 2475//2475
f 2500//2500 2502//2502 2474//2474
f 2500//2500 2474//2474 2473//2473
f 2502//2502 2470//2470 2474//2474
f 2502//2502 2501//2501 2470//2470
f 2470//2470 2501//2501 2503//2503
f 2470//2470 2503//2503 2466//2466
f 2503//2503 2504//2504 1809//1809
f 2572//2572 2503//2503 2501//2501
f 2352//2352 2503//2503 2572//2572
f 2505//2505 2572//2572 2501//2501
f 2505//2505 2501//2501 2502//2502
f 2506//2506 2352//2352 2571//2571
f 2392//2392 2506//2506 2571//2571
f 2500//2500 2505//2505 2502//2502
f 2500//2500 2571//2571 2505//2505
f 2524//2524 2392//2392 2571//2571
f 2524//2524 2571//2571 2500//2500
f 2392//2392 2507//2507 2506//2506
f 2523//2523 2507//2507 2392//2392
f 2500//2500 2547//2547 2524//2524
f 2499//2499 2547//2547 2500//2500
f 2507//2507 2523//2523 2528//2528
f 2499//2499 2528//2528 2547//2547
f 2499//2499 2507//2507 2528//2528
f 2498//2498 2507//2507 2499//2499
f 2490//2490 1820//1820 2508//2508
f 2587//2587 2493//2493 2491//2491
f 2587//2587 2492//2492 2493//2493
f 2494//2494 2492//2492 2587//2587
f 2341//2341 2491//2491 2490//2490
f 2342//2342 2494//2494 2587//2587
f 2550//2550 2497//2497 2494//2494
f 2549//2549 2497//2497 2550//2550
f 2550//2550 2494//2494 2342//2342
f 2549//2549 2496//2496 2497//2497
f 2554//2554 2496//2496 2549//2549
f 2548//2548 2550//2550 2342//2342
f 2510//2510 2342//2342 2341//2341
f 2510//2510 2555//2555 2548//2548
f 2510//2510 2548//2548 2342//2342
f 2509//2509 2495//2495 2496//2496
f 2509//2509 2496//2496 2554//2554
f 2509//2509 2554//2554 2555//2555
f 2509//2509 2555//2555 2510//2510
f 2509//2509 2507//2507 2498//2498
f 2509//2509 2498//2498 2495//2495
f 2506//2506 2504//2504 2352//2352
f 2352//2352 2504//2504 2503//2503
f 2508//2508 2510//2510 2341//2341
f 2508//2508 2341//2341 2490//2490
f 2511//2511 2507//2507 2509//2509
f 2511//2511 2512//2512 2507//2507
f 2512//2512 2506//2506 2507//2507
f 2513//2513 2506//2506 2512//2512
f 2513//2513 2504//2504 2506//2506
f 2513//2513 2514//2514 2504//2504
f 2504//2504 2452//2452 1809//1809
f 2504//2504 2515//2515 2452//2452
f 1743//1743 2504//2504 2514//2514
f 1743//1743 2515//2515 2504//2504
f 2513//2513 1743//1743 2514//2514
f 1741//1741 1743//1743 2513//2513
f 2512//2512 1741//1741 2513//2513
f 1740//1740 1741//1741 2512//2512
f 2517//2517 2516//2516 1738//1738
f 1736//1736 2518//2518 2517//2517
f 1736//1736 2517//2517 1738//1738
f 1739//1739 2511//2511 2518//2518
f 1739//1739 2518//2518 1736//1736
f 1739//1739 1740//1740 2511//2511
f 2511//2511 1740//1740 2512//2512
f 1738//1738 2508//2508 2417//2417
f 2418//2418 2417//2417 2508//2508
f 2516//2516 2508//2508 1738//1738
f 1820//1820 2418//2418 2508//2508
f 2516//2516 2510//2510 2508//2508
f 2516//2516 2517//2517 2510//2510
f 2518//2518 2510//2510 2517//2517
f 2518//2518 2509//2509 2510//2510
f 2511//2511 2509//2509 2518//2518
f 2515//2515 1741//1741 2519//2519
f 1743//1743 1741//1741 2515//2515
f 2520//2520 2428//2428 2515//2515
f 2520//2520 2515//2515 2519//2519
f 1744//1744 1746//1746 2428//2428
f 1744//1744 2428//2428 2520//2520
f 2452//2452 2515//2515 2428//2428
f 2452//2452 2428//2428 2429//2429
f 2520//2520 2521//2521 1731//1731
f 2520//2520 1731//1731 1744//1744
f 2394//2394 2393//2393 2521//2521
f 2520//2520 2394//2394 2521//2521
f 2403//2403 2394//2394 2520//2520
f 2519//2519 2403//2403 2520//2520
f 2412//2412 2404//2404 2403//2403
f 2412//2412 2403//2403 2519//2519
f 2519//2519 1741//1741 1740//1740
f 2412//2412 2519//2519 1740//1740
f 2393//2393 2395//2395 2522//2522
f 2521//2521 2393//2393 2522//2522
f 1732//1732 2521//2521 2522//2522
f 1732//1732 1731//1731 2521//2521
f 2522//2522 2415//2415 1733//1733
f 2522//2522 1733//1733 1732//1732
f 2522//2522 2395//2395 2396//2396
f 2522//2522 2396//2396 2415//2415
f 2392//2392 2526//2526 2523//2523
f 2392//2392 2525//2525 2526//2526
f 2525//2525 2392//2392 2524//2524
f 2391//2391 2523//2523 2526//2526
f 2524//2524 2527//2527 2525//2525
f 2524//2524 2547//2547 2527//2527
f 2543//2543 2385//2385 2384//2384
f 2388//2388 2384//2384 2390//2390
f 2546//2546 2391//2391 2526//2526
f 2523//2523 2391//2391 2528//2528
f 2390//2390 2384//2384 2385//2385
f 2542//2542 2538//2538 2382//2382
f 2388//2388 2387//2387 2530//2530
f 2543//2543 2383//2383 2531//2531
f 2531//2531 2386//2386 2543//2543
f 2386//2386 2385//2385 2543//2543
f 2387//2387 2386//2386 2542//2542
f 2536//2536 2535//2535 2540//2540
f 2534//2534 2540//2540 2538//2538
f 2538//2538 2540//2540 2382//2382
f 2380//2380 2379//2379 2532//2532
f 2539//2539 2533//2533 2541//2541
f 2541//2541 2533//2533 2379//2379
f 2382//2382 2540//2540 2535//2535
f 2376//2376 2533//2533 2539//2539
f 2535//2535 2539//2539 2537//2537
f 2532//2532 2379//2379 2533//2533
f 2538//2538 2541//2541 2379//2379
f 2541//2541 2537//2537 2539//2539
f 2536//2536 2380//2380 2539//2539
f 2534//2534 2538//2538 2379//2379
f 2381//2381 2537//2537 2541//2541
f 2539//2539 2380//2380 2376//2376
f 2536//2536 2534//2534 2380//2380
f 2380//2380 2534//2534 2379//2379
f 2383//2383 2543//2543 2384//2384
f 2530//2530 2382//2382 2383//2383
f 2530//2530 2383//2383 2384//2384
f 2386//2386 2531//2531 2542//2542
f 2382//2382 2530//2530 2542//2542
f 2388//2388 2530//2530 2384//2384
f 2529//2529 2546//2546 2545//2545
f 2391//2391 2390//2390 2389//2389
f 2544//2544 2387//2387 2529//2529
f 2529//2529 2545//2545 2544//2544
f 2525//2525 2527//2527 2545//2545
f 2546//2546 2525//2525 2545//2545
f 2526//2526 2525//2525 2546//2546
f 2547//2547 2528//2528 2391//2391
f 2527//2527 2547//2547 2391//2391
f 2549//2549 2570//2570 2554//2554
f 2548//2548 2553//2553 2556//2556
f 2556//2556 2550//2550 2548//2548
f 2548//2548 2555//2555 2553//2553
f 2556//2556 2549//2549 2550//2550
f 2374//2374 2570//2570 2552//2552
f 2551//2551 2371//2371 2372//2372
f 2552//2552 2551//2551 2372//2372
f 2570//2570 2374//2374 2375//2375
f 2552//2552 2372//2372 2569//2569
f 2552//2552 2569//2569 2374//2374
f 2567//2567 2370//2370 2372//2372
f 2368//2368 2370//2370 2567//2567
f 2558//2558 2567//2567 2372//2372
f 2558//2558 2568//2568 2560//2560
f 2373//2373 2568//2568 2558//2558
f 2370//2370 2368//2368 2559//2559
f 2559//2559 2373//2373 2569//2569
f 2565//2565 2564//2564 2563//2563
f 2369//2369 2366//2366 2367//2367
f 2563//2563 2564//2564 2365//2365
f 2566//2566 2561//2561 2364//2364
f 2561//2561 2557//2557 2369//2369
f 2365//2365 2562//2562 2557//2557
f 2369//2369 2367//2367 2561//2561
f 2561//2561 2566//2566 2563//2563
f 2558//2558 2560//2560 2567//2567
f 2559//2559 2569//2569 2370//2370
f 2368//2368 2366//2366 2559//2559
f 2369//2369 2557//2557 2568//2568
f 2369//2369 2559//2559 2366//2366
f 2370//2370 2569//2569 2372//2372
f 2371//2371 2553//2553 2555//2555
f 2555//2555 2375//2375 2371//2371
f 2371//2371 2558//2558 2372//2372
f 2374//2374 2373//2373 2375//2375
f 2553//2553 2371//2371 2551//2551
f 2552//2552 2549//2549 2556//2556
f 2558//2558 2371//2371 2375//2375
f 2375//2375 2373//2373 2558//2558
f 2373//2373 2374//2374 2569//2569
f 2570//2570 2549//2549 2552//2552
f 2375//2375 2554//2554 2570//2570
f 2555//2555 2554//2554 2375//2375
f 2573//2573 2571//2571 2576//2576
f 2574//2574 2572//2572 2505//2505
f 2571//2571 2573//2573 2505//2505
f 2572//2572 2574//2574 2575//2575
f 2586//2586 2577//2577 2575//2575
f 2586//2586 2575//2575 2574//2574
f 2505//2505 2586//2586 2574//2574
f 2581//2581 2579//2579 2354//2354
f 2354//2354 2356//2356 2357//2357
f 2355//2355 2356//2356 2577//2577
f 2585//2585 2356//2356 2354//2354
f 2581//2581 2354//2354 2357//2357
f 2356//2356 2585//2585 2577//2577
f 2582//2582 2580//2580 2583//2583
f 2357//2357 2584//2584 2581//2581
f 2580//2580 2358//2358 2357//2357
f 2582//2582 2583//2583 2584//2584
f 2584//2584 2583//2583 2581//2581
f 2356//2356 2580//2580 2357//2357
f 2580//2580 2356//2356 2579//2579
f 2583//2583 2579//2579 2581//2581
f 2580//2580 2579//2579 2583//2583
f 2357//2357 2358//2358 2584//2584
f 2360//2360 2582//2582 2359//2359
f 2578//2578 2505//2505 2573//2573
f 2577//2577 2586//2586 2355//2355
f 2353//2353 2586//2586 2578//2578
f 2578//2578 2586//2586 2505//2505
f 2586//2586 2353//2353 2355//2355
f 2584//2584 2359//2359 2582//2582
f 2360//2360 2359//2359 2584//2584
f 2358//2358 2360//2360 2584//2584
f 2491//2491 2344//2344 2587//2587
f 2343//2343 2588//2588 2601//2601
f 2601//2601 2588//2588 2593//2593
f 2588//2588 2589//2589 2347//2347
f 2596//2596 2592//2592 2599//2599
f 2593//2593 2592//2592 2596//2596
f 2599//2599 2595//2595 2350//2350
f 2596//2596 2599//2599 2350//2350
f 2596//2596 2350//2350 2598//2598
f 2593//2593 2596//2596 2597//2597
f 2594//2594 2593//2593 2597//2597
f 2597//2597 2348//2348 2594//2594
f 2348//2348 2600//2600 2349//2349
f 2348//2348 2597//2597 2600//2600
f 2346//2346 2589//2589 2588//2588
f 2588//2588 2343//2343 2346//2346
f 2347//2347 2593//2593 2588//2588
f 2344//2344 2491//2491 2345//2345
f 2351//2351 2598//2598 2350//2350
f 2351//2351 2350//2350 2595//2595
f 2602//2602 2615//2615 2471//2471
f 2602//2602 2471//2471 2467//2467
f 2602//2602 2467//2467 2468//2468
f 2614//2614 2602//2602 2468//2468
f 2603//2603 2614//2614 2468//2468
f 2603//2603 2468//2468 2469//2469
f 2604//2604 2603//2603 2469//2469
f 2604//2604 2469//2469 2479//2479
f 2612//2612 2604//2604 2479//2479
f 2612//2612 2479//2479 2480//2480
f 2611//2611 2612//2612 2480//2480
f 2605//2605 2611//2611 2480//2480
f 2605//2605 2480//2480 2481//2481
f 2606//2606 2605//2605 2481//2481
f 2606//2606 2481//2481 2487//2487
f 2607//2607 2606//2606 2487//2487
f 2607//2607 2487//2487 2477//2477
f 2617//2617 2607//2607 2477//2477
f 2617//2617 2477//2477 2472//2472
f 2616//2616 2617//2617 2472//2472
f 2616//2616 2472//2472 2471//2471
f 2615//2615 2616//2616 2471//2471
f 2607//2607 2617//2617 2608//2608
f 2607//2607 2608//2608 2609//2609
f 2609//2609 2606//2606 2607//2607
f 2606//2606 2609//2609 2610//2610
f 2605//2605 2606//2606 2610//2610
f 2605//2605 2610//2610 2611//2611
f 2604//2604 2612//2612 2613//2613
f 2603//2603 2604//2604 2613//2613
f 2603//2603 2613//2613 2614//2614
f 2602//2602 2614//2614 2615//2615
f 2617//2617 2616//2616 2608//2608
f 2613//2613 2615//2615 2614//2614
f 2612//2612 2615//2615 2613//2613
f 2610//2610 2612//2612 2611//2611
f 2610//2610 2616//2616 2615//2615
f 2610//2610 2615//2615 2612//2612
f 2610//2610 2608//2608 2616//2616
f 2610//2610 2609//2609 2608//2608
f 2620//2620 2621//2621 2618//2618
f 2620//2620 2618//2618 2433//2433
f 2340//2340 2619//2619 2641//2641
f 2642//2642 2339//2339 2626//2626
f 2619//2619 2622//2622 2624//2624
f 2622//2622 2623//2623 2643//2643
f 2629//2629 2631//2631 2335//2335
f 2640//2640 2335//2335 2631//2631
f 2630//2630 2338//2338 2632//2632
f 2637//2637 2639//2639 2337//2337
f 2334//2334 2330//2330 2634//2634
f 2336//2336 2335//2335 2634//2634
f 2335//2335 2640//2640 2639//2639
f 2336//2336 2634//2634 2333//2333
f 2638//2638 2639//2639 2637//2637
f 2333//2333 2636//2636 2336//2336
f 2636//2636 2333//2333 2637//2637
f 2334//2334 2332//2332 2330//2330
f 2637//2637 2333//2333 2635//2635
f 2638//2638 2637//2637 2635//2635
f 2638//2638 2635//2635 2334//2334
f 2338//2338 2339//2339 2642//2642
f 2633//2633 2636//2636 2337//2337
f 2629//2629 2335//2335 2336//2336
f 2337//2337 2630//2630 2633//2633
f 2338//2338 2640//2640 2339//2339
f 2629//2629 2336//2336 2636//2636
f 2630//2630 2629//2629 2633//2633
f 2642//2642 2632//2632 2338//2338
f 2636//2636 2633//2633 2629//2629
f 2624//2624 2626//2626 2619//2619
f 2627//2627 2628//2628 2339//2339
f 2628//2628 2626//2626 2339//2339
f 2621//2621 2623//2623 2622//2622
f 2620//2620 2433//2433 2625//2625
f 2623//2623 2620//2620 2625//2625
f 2621//2621 2620//2620 2623//2623
f 2619//2619 2621//2621 2622//2622
f 2626//2626 2641//2641 2619//2619
f 2625//2625 2641//2641 2626//2626
f 2324//2324 2325//2325 2660//2660
f 2323//2323 2327//2327 2322//2322
f 2649//2649 2322//2322 2327//2327
f 2660//2660 2325//2325 2326//2326
f 2648//2648 2645//2645 2326//2326
f 2647//2647 2650//2650 2327//2327
f 2327//2327 2650//2650 2648//2648
f 2648//2648 2326//2326 2327//2327
f 2319//2319 2321//2321 2659//2659
f 2324//2324 2654//2654 2325//2325
f 2653//2653 2656//2656 2657//2657
f 2652//2652 2321//2321 2319//2319
f 2323//2323 2321//2321 2318//2318
f 2323//2323 2654//2654 2324//2324
f 2655//2655 2315//2315 2658//2658
f 2658//2658 2317//2317 2319//2319
f 2315//2315 2313//2313 2658//2658
f 2658//2658 2651//2651 2316//2316
f 2315//2315 2310//2310 2313//2313
f 2657//2657 2656//2656 2317//2317
f 2321//2321 2323//2323 2322//2322
f 2652//2652 2653//2653 2318//2318
f 2657//2657 2316//2316 2651//2651
f 2652//2652 2318//2318 2321//2321
f 2654//2654 2320//2320 2325//2325
f 2659//2659 2321//2321 2322//2322
f 2327//2327 2326//2326 2649//2649
f 2647//2647 2323//2323 2324//2324
f 2647//2647 2327//2327 2323//2323
f 2647//2647 2646//2646 2650//2650
f 2660//2660 2646//2646 2647//2647
f 2644//2644 2646//2646 2660//2660
f 2645//2645 2644//2644 2660//2660
f 2648//2648 2328//2328 2645//2645
f 2298//2298 2662//2662 2299//2299
f 2663//2663 2299//2299 2661//2661
f 2299//2299 2662//2662 2661//2661
f 2665//2665 2301//2301 2664//2664
f 2298//2298 2669//2669 2438//2438
f 2300//2300 2299//2299 2664//2664
f 2438//2438 2669//2669 2663//2663
f 2670//2670 2305//2305 2304//2304
f 2304//2304 2305//2305 2303//2303
f 2670//2670 2304//2304 2302//2302
f 2302//2302 2300//2300 2301//2301
f 2672//2672 2303//2303 2668//2668
f 2667//2667 2668//2668 2303//2303
f 2672//2672 2307//2307 2308//2308
f 2301//2301 2300//2300 2664//2664
f 2304//2304 2301//2301 2665//2665
f 2666//2666 2300//2300 2302//2302
f 2669//2669 2302//2302 2304//2304
f 2302//2302 2669//2669 2666//2666
f 2304//2304 2665//2665 2669//2669
f 2672//2672 2308//2308 2302//2302
f 2668//2668 2307//2307 2672//2672
f 2671//2671 2672//2672 2302//2302
f 2303//2303 2305//2305 2667//2667
f 2306//2306 2307//2307 2668//2668
f 2667//2667 2306//2306 2668//2668
f 2666//2666 2299//2299 2300//2300
f 2298//2298 2666//2666 2669//2669
f 2666//2666 2298//2298 2299//2299
f 2676//2676 2678//2678 2677//2677
f 2673//2673 2674//2674 2677//2677
f 2675//2675 2673//2673 2447//2447
f 2677//2677 2674//2674 2676//2676
f 2292//2292 2675//2675 2447//2447
f 2682//2682 2690//2690 2294//2294
f 2691//2691 2681//2681 2680//2680
f 2679//2679 2293//2293 2682//2682
f 2690//2690 2682//2682 2681//2681
f 2682//2682 2674//2674 2681//2681
f 2678//2678 2679//2679 2675//2675
f 2676//2676 2293//2293 2678//2678
f 2679//2679 2681//2681 2675//2675
f 2678//2678 2293//2293 2679//2679
f 2682//2682 2293//2293 2674//2674
f 2294//2294 2684//2684 2691//2691
f 2688//2688 2687//2687 2685//2685
f 2683//2683 2684//2684 2685//2685
f 2688//2688 2690//2690 2691//2691
f 2686//2686 2684//2684 2689//2689
f 2689//2689 2688//2688 2686//2686
f 2686//2686 2691//2691 2684//2684
f 2686//2686 2688//2688 2691//2691
f 2295//2295 2296//2296 2687//2687
f 2689//2689 2296//2296 2295//2295
f 2293//2293 2676//2676 2674//2674
f 2679//2679 2294//2294 2691//2691
f 2294//2294 2679//2679 2682//2682
f 2680//2680 2681//2681 2679//2679
f 2685//2685 2687//2687 2296//2296
f 2688//2688 2295//2295 2687//2687
f 2689//2689 2295//2295 2688//2688
f 2684//2684 2683//2683 2689//2689
f 2406//2406 2702//2702 2409//2409
f 2406//2406 2692//2692 2702//2702
f 2406//2406 2693//2693 2692//2692
f 2399//2399 2693//2693 2406//2406
f 2399//2399 2694//2694 2693//2693
f 2398//2398 2694//2694 2399//2399
f 2398//2398 2695//2695 2694//2694
f 2397//2397 2695//2695 2398//2398
f 2397//2397 2696//2696 2695//2695
f 2401//2401 2696//2696 2397//2397
f 2400//2400 2696//2696 2401//2401
f 2400//2400 2697//2697 2696//2696
f 2402//2402 2697//2697 2400//2400
f 2402//2402 2698//2698 2697//2697
f 2405//2405 2699//2699 2698//2698
f 2405//2405 2698//2698 2402//2402
f 2407//2407 2699//2699 2405//2405
f 2407//2407 2700//2700 2699//2699
f 2408//2408 2700//2700 2407//2407
f 2408//2408 2701//2701 2700//2700
f 2409//2409 2701//2701 2408//2408
f 2409//2409 2702//2702 2701//2701
f 2704//2704 2692//2692 2693//2693
f 2703//2703 2692//2692 2704//2704
f 2704//2704 2693//2693 2694//2694
f 2703//2703 2702//2702 2692//2692
f 2707//2707 2702//2702 2703//2703
f 2705//2705 2704//2704 2694//2694
f 2705//2705 2694//2694 2695//2695
f 2707//2707 2701//2701 2702//2702
f 2696//2696 2705//2705 2695//2695
f 2696//2696 2706//2706 2705//2705
f 2701//2701 2707//2707 2708//2708
f 2700//2700 2701//2701 2708//2708
f 2699//2699 2700//2700 2708//2708
f 2697//2697 2706//2706 2696//2696
f 2699//2699 2708//2708 2709//2709
f 2697//2697 2710//2710 2706//2706
f 2698//2698 2710//2710 2697//2697
f 2698//2698 2699//2699 2709//2709
f 2698//2698 2709//2709 2710//2710
f 2712//2712 2711//2711 2703//2703
f 2712//2712 2703//2703 2704//2704
f 2713//2713 2712//2712 2704//2704
f 2713//2713 2704//2704 2705//2705
f 2714//2714 2713//2713 2705//2705
f 2714//2714 2705//2705 2706//2706
f 2715//2715 2714//2714 2706//2706
f 2715//2715 2706//2706 2710//2710
f 2716//2716 2715//2715 2710//2710
f 2716//2716 2710//2710 2709//2709
f 2717//2717 2716//2716 2709//2709
f 2717//2717 2709//2709 2708//2708
f 2718//2718 2717//2717 2708//2708
f 2718//2718 2708//2708 2707//2707
f 2719//2719 2718//2718 2707//2707
f 2711//2711 2719//2719 2707//2707
f 2711//2711 2707//2707 2703//2703
f 2720//2720 2713//2713 2714//2714
f 2721//2721 2720//2720 2714//2714
f 2722//2722 2713//2713 2720//2720
f 2721//2721 2714//2714 2715//2715
f 2723//2723 2721//2721 2715//2715
f 2722//2722 2712//2712 2713//2713
f 2724//2724 2712//2712 2722//2722
f 2726//2726 2723//2723 2715//2715
f 2716//2716 2726//2726 2715//2715
f 2725//2725 2712//2712 2724//2724
f 2711//2711 2712//2712 2725//2725
f 2717//2717 2727//2727 2726//2726
f 2717//2717 2726//2726 2716//2716
f 2711//2711 2725//2725 2728//2728
f 2717//2717 2729//2729 2727//2727
f 2718//2718 2729//2729 2717//2717
f 2719//2719 2711//2711 2728//2728
f 2719//2719 2728//2728 2730//2730
f 2718//2718 2730//2730 2729//2729
f 2718//2718 2719//2719 2730//2730
f 2731//2731 2737//2737 2728//2728
f 2731//2731 2728//2728 2725//2725
f 2732//2732 2731//2731 2725//2725
f 2732//2732 2725//2725 2724//2724
f 2733//2733 2732//2732 2724//2724
f 2733//2733 2724//2724 2722//2722
f 2741//2741 2733//2733 2722//2722
f 2741//2741 2722//2722 2720//2720
f 2740//2740 2741//2741 2720//2720
f 2740//2740 2720//2720 2721//2721
f 2739//2739 2740//2740 2721//2721
f 2739//2739 2721//2721 2723//2723
f 2738//2738 2739//2739 2723//2723
f 2738//2738 2723//2723 2726//2726
f 2734//2734 2738//2738 2726//2726
f 2734//2734 2726//2726 2727//2727
f 2734//2734 2727//2727 2729//2729
f 2735//2735 2734//2734 2729//2729
f 2736//2736 2735//2735 2729//2729
f 2736//2736 2729//2729 2730//2730
f 2737//2737 2736//2736 2730//2730
f 2737//2737 2730//2730 2728//2728
f 2738//2738 2734//2734 2735//2735
f 2742//2742 2732//2732 2733//2733
f 2742//2742 2731//2731 2732//2732
f 2742//2742 2737//2737 2731//2731
f 2743//2743 2737//2737 2742//2742
f 2743//2743 2736//2736 2737//2737
f 2743//2743 2735//2735 2736//2736
f 2745//2745 2742//2742 2733//2733
f 2275//2275 2745//2745 2733//2733
f 2275//2275 2733//2733 2741//2741
f 2745//2745 2743//2743 2742//2742
f 2277//2277 2743//2743 2745//2745
f 2275//2275 2741//2741 2740//2740
f 2740//2740 2276//2276 2275//2275
f 2735//2735 2743//2743 2277//2277
f 2739//2739 2276//2276 2740//2740
f 2735//2735 2277//2277 2744//2744
f 2738//2738 2735//2735 2744//2744
f 2739//2739 2744//2744 2276//2276
f 2739//2739 2738//2738 2744//2744
f 2753//2753 2744//2744 2277//2277
f 2745//2745 2275//2275 2274//2274
f 2746//2746 2753//2753 2277//2277
f 2746//2746 2277//2277 2745//2745
f 2745//2745 2274//2274 2278//2278
f 2278//2278 2746//2746 2745//2745
f 2281//2281 2286//2286 2750//2750
f 2755//2755 2281//2281 2750//2750
f 2746//2746 2280//2280 2753//2753
f 2751//2751 2278//2278 2274//2274
f 2279//2279 2751//2751 2274//2274
f 2754//2754 2279//2279 2276//2276
f 2274//2274 2276//2276 2279//2279
f 2749//2749 2280//2280 2286//2286
f 2280//2280 2750//2750 2286//2286
f 2747//2747 2752//2752 2749//2749
f 2288//2288 2767//2767 2287//2287
f 2757//2757 2763//2763 2289//2289
f 2758//2758 2757//2757 2289//2289
f 2287//2287 2758//2758 2761//2761
f 2759//2759 2288//2288 2284//2284
f 2759//2759 2284//2284 2285//2285
f 2761//2761 2760//2760 2282//2282
f 2284//2284 2761//2761 2282//2282
f 2281//2281 2285//2285 2286//2286
f 2762//2762 2281//2281 2755//2755
f 2282//2282 2762//2762 2755//2755
f 2282//2282 2755//2755 2748//2748
f 2767//2767 2765//2765 2287//2287
f 2288//2288 2761//2761 2284//2284
f 2764//2764 2763//2763 2757//2757
f 2765//2765 2757//2757 2758//2758
f 2756//2756 2285//2285 2289//2289
f 2758//2758 2290//2290 2760//2760
f 2761//2761 2758//2758 2760//2760
f 2290//2290 2281//2281 2762//2762
f 2760//2760 2290//2290 2762//2762
f 2760//2760 2762//2762 2282//2282
f 2285//2285 2756//2756 2759//2759
f 2758//2758 2287//2287 2765//2765
f 2764//2764 2767//2767 2766//2766
f 2282//2282 2748//2748 2283//2283
f 2755//2755 2750//2750 2751//2751
f 2750//2750 2746//2746 2278//2278
f 2751//2751 2750//2750 2278//2278
f 2280//2280 2752//2752 2754//2754
f 2753//2753 2280//2280 2754//2754
f 2754//2754 2276//2276 2744//2744
f 2748//2748 2755//2755 2751//2751
f 2752//2752 2280//2280 2749//2749
f 2750//2750 2280//2280 2746//2746
f 2752//2752 2279//2279 2754//2754
f 2753//2753 2754//2754 2744//2744
f 2767//2767 2764//2764 2765//2765
f 2288//2288 2766//2766 2767//2767
f 2759//2759 2766//2766 2288//2288
f 2756//2756 2766//2766 2759//2759
f 2763//2763 2766//2766 2756//2756
f 2763//2763 2764//2764 2766//2766
f 2768//2768 2770//2770 2769//2769
f 2773//2773 2768//2768 2769//2769
f 2771//2771 2770//2770 2768//2768
f 2771//2771 2772//2772 2770//2770
f 2775//2775 2769//2769 2778//2778
f 2775//2775 2773//2773 2769//2769
f 2774//2774 2772//2772 2771//2771
f 2774//2774 2776//2776 2772//2772
f 2777//2777 2776//2776 2774//2774
f 2779//2779 2775//2775 2778//2778
f 2780//2780 2779//2779 2778//2778
f 2783//2783 2776//2776 2777//2777
f 2781//2781 2783//2783 2777//2777
f 2780//2780 2782//2782 2779//2779
f 2784//2784 2782//2782 2780//2780
f 2784//2784 2788//2788 2782//2782
f 2783//2783 2781//2781 2786//2786
f 2785//2785 2783//2783 2786//2786
f 2785//2785 2786//2786 2787//2787
f 2784//2784 2789//2789 2788//2788
f 2785//2785 2787//2787 2789//2789
f 2785//2785 2789//2789 2784//2784
f 2796//2796 2784//2784 2780//2780
f 2790//2790 2796//2796 2780//2780
f 2790//2790 2780//2780 2778//2778
f 2791//2791 2778//2778 2769//2769
f 2791//2791 2790//2790 2778//2778
f 2792//2792 2791//2791 2769//2769
f 2792//2792 2769//2769 2770//2770
f 2792//2792 2770//2770 2772//2772
f 2793//2793 2792//2792 2772//2772
f 2793//2793 2772//2772 2776//2776
f 2794//2794 2776//2776 2783//2783
f 2794//2794 2793//2793 2776//2776
f 2794//2794 2783//2783 2785//2785
f 2795//2795 2794//2794 2785//2785
f 2795//2795 2785//2785 2784//2784
f 2796//2796 2795//2795 2784//2784
f 2797//2797 2791//2791 2792//2792
f 2797//2797 2790//2790 2791//2791
f 2798//2798 2790//2790 2797//2797
f 2796//2796 2790//2790 2798//2798
f 2798//2798 2795//2795 2796//2796
f 2794//2794 2795//2795 2798//2798
f 2798//2798 2793//2793 2794//2794
f 2797//2797 2793//2793 2798//2798
f 2797//2797 2792//2792 2793//2793
f 2773//2773 2799//2799 2800//2800
f 2768//2768 2773//2773 2800//2800
f 2768//2768 2800//2800 2801//2801
f 2771//2771 2801//2801 2802//2802
f 2771//2771 2768//2768 2801//2801
f 2771//2771 2802//2802 2803//2803
f 2774//2774 2771//2771 2803//2803
f 2777//2777 2774//2774 2803//2803
f 2777//2777 2803//2803 2804//2804
f 2781//2781 2777//2777 2804//2804
f 2781//2781 2804//2804 2805//2805
f 2786//2786 2781//2781 2805//2805
f 2786//2786 2805//2805 2806//2806
f 2787//2787 2786//2786 2806//2806
f 2787//2787 2806//2806 2807//2807
f 2789//2789 2807//2807 2808//2808
f 2789//2789 2787//2787 2807//2807
f 2788//2788 2808//2808 2809//2809
f 2788//2788 2789//2789 2808//2808
f 2782//2782 2809//2809 2810//2810
f 2782//2782 2788//2788 2809//2809
f 2782//2782 2810//2810 2811//2811
f 2779//2779 2782//2782 2811//2811
f 2775//2775 2779//2779 2811//2811
f 2775//2775 2811//2811 2799//2799
f 2773//2773 2775//2775 2799//2799
f 2805//2805 2804//2804 2812//2812
f 2805//2805 2812//2812 2814//2814
f 2803//2803 2812//2812 2804//2804
f 2803//2803 2813//2813 2812//2812
f 2806//2806 2805//2805 2814//2814
f 2802//2802 2813//2813 2803//2803
f 2807//2807 2806//2806 2814//2814
f 2807//2807 2814//2814 2815//2815
f 2801//2801 2813//2813 2802//2802
f 2808//2808 2807//2807 2815//2815
f 2813//2813 2801//2801 2800//2800
f 2815//2815 2809//2809 2808//2808
f 2818//2818 2813//2813 2800//2800
f 2818//2818 2800//2800 2799//2799
f 2817//2817 2809//2809 2815//2815
f 2817//2817 2810//2810 2809//2809
f 2817//2817 2818//2818 2799//2799
f 2817//2817 2799//2799 2811//2811
f 2817//2817 2811//2811 2810//2810
f 2812//2812 2813//2813 2829//2829
f 2816//2816 2817//2817 2815//2815
f 2816//2816 2819//2819 2825//2825
f 2817//2817 2816//2816 2825//2825
f 2818//2818 2817//2817 2825//2825
f 2818//2818 2825//2825 2821//2821
f 2818//2818 2821//2821 2820//2820
f 2813//2813 2818//2818 2820//2820
f 2829//2829 2813//2813 2820//2820
f 2812//2812 2829//2829 2826//2826
f 2814//2814 2812//2812 2826//2826
f 2815//2815 2814//2814 2826//2826
f 2815//2815 2826//2826 2827//2827
f 2816//2816 2815//2815 2827//2827
f 2816//2816 2827//2827 2819//2819
f 2829//2829 2820//2820 2822//2822
f 2823//2823 2821//2821 2825//2825
f 2826//2826 2829//2829 2824//2824
f 2825//2825 2819//2819 2823//2823
f 2819//2819 2827//2827 2828//2828
f 2827//2827 2826//2826 2828//2828
f 2830//2830 2819//2819 2828//2828
f 2830//2830 2828//2828 2826//2826
f 2830//2830 2826//2826 2824//2824
f 2822//2822 2821//2821 2830//2830
f 2824//2824 2822//2822 2830//2830
f 2829//2829 2822//2822 2824//2824
f 2830//2830 2823//2823 2819//2819
f 2830//2830 2821//2821 2823//2823
f 2821//2821 2822//2822 2820//2820
f 2833//2833 2831//2831 2832//2832
f 2834//2834 2832//2832 2831//2831
f 2834//2834 2831//2831 2835//2835
f 2833//2833 2837//2837 2831//2831
f 2838//2838 2834//2834 2835//2835
f 2836//2836 2837//2837 2833//2833
f 2838//2838 2835//2835 2841//2841
f 2839//2839 2838//2838 2841//2841
f 2840//2840 2837//2837 2836//2836
f 2842//2842 2839//2839 2841//2841
f 2840//2840 2836//2836 2843//2843
f 2844//2844 2842//2842 2841//2841
f 2840//2840 2843//2843 2845//2845
f 2844//2844 2846//2846 2842//2842
f 2847//2847 2840//2840 2845//2845
f 2847//2847 2846//2846 2844//2844
f 2847//2847 2845//2845 2846//2846
f 2849//2849 2844//2844 2841//2841
f 2849//2849 2848//2848 2844//2844
f 2849//2849 2841//2841 2835//2835
f 2849//2849 2835//2835 2831//2831
f 2850//2850 2849//2849 2831//2831
f 2850//2850 2831//2831 2837//2837
f 2851//2851 2850//2850 2837//2837
f 2851//2851 2837//2837 2840//2840
f 2852//2852 2851//2851 2840//2840
f 2852//2852 2840//2840 2847//2847
f 2853//2853 2852//2852 2847//2847
f 2853//2853 2847//2847 2844//2844
f 2848//2848 2853//2853 2844//2844
f 2854//2854 2849//2849 2850//2850
f 2854//2854 2848//2848 2849//2849
f 2854//2854 2853//2853 2848//2848
f 2854//2854 2852//2852 2853//2853
f 2854//2854 2851//2851 2852//2852
f 2854//2854 2850//2850 2851//2851
f 2834//2834 2865//2865 2855//2855
f 2834//2834 2838//2838 2865//2865
f 2832//2832 2834//2834 2855//2855
f 2832//2832 2855//2855 2856//2856
f 2833//2833 2832//2832 2856//2856
f 2833//2833 2856//2856 2857//2857
f 2836//2836 2833//2833 2857//2857
f 2836//2836 2857//2857 2858//2858
f 2843//2843 2836//2836 2858//2858
f 2843//2843 2858//2858 2859//2859
f 2843//2843 2859//2859 2860//2860
f 2845//2845 2843//2843 2860//2860
f 2845//2845 2860//2860 2861//2861
f 2846//2846 2861//2861 2862//2862
f 2846//2846 2845//2845 2861//2861
f 2842//2842 2862//2862 2863//2863
f 2842//2842 2846//2846 2862//2862
f 2839//2839 2842//2842 2863//2863
f 2839//2839 2863//2863 2864//2864
f 2838//2838 2839//2839 2864//2864
f 2838//2838 2864//2864 2865//2865
f 2859//2859 2858//2858 2866//2866
f 2858//2858 2872//2872 2866//2866
f 2857//2857 2872//2872 2858//2858
f 2859//2859 2866//2866 2868//2868
f 2860//2860 2859//2859 2868//2868
f 2861//2861 2860//2860 2868//2868
f 2856//2856 2872//2872 2857//2857
f 2856//2856 2874//2874 2872//2872
f 2855//2855 2874//2874 2856//2856
f 2862//2862 2861//2861 2868//2868
f 2871//2871 2874//2874 2855//2855
f 2870//2870 2862//2862 2868//2868
f 2871//2871 2855//2855 2865//2865
f 2870//2870 2863//2863 2862//2862
f 2871//2871 2865//2865 2864//2864
f 2870//2870 2871//2871 2864//2864
f 2870//2870 2864//2864 2863//2863
f 2867//2867 2868//2868 2866//2866
f 2875//2875 2868//2868 2867//2867
f 2868//2868 2875//2875 2869//2869
f 2869//2869 2870//2870 2868//2868
f 2871//2871 2870//2870 2873//2873
f 2871//2871 2873//2873 2877//2877
f 2871//2871 2877//2877 2874//2874
f 2872//2872 2874//2874 2876//2876
f 2866//2866 2872//2872 2876//2876
f 2866//2866 2876//2876 2881//2881
f 2867//2867 2866//2866 2881//2881
f 2867//2867 2881//2881 2875//2875
f 2870//2870 2869//2869 2873//2873
f 2878//2878 2876//2876 2874//2874
f 2877//2877 2878//2878 2874//2874
f 2879//2879 2877//2877 2873//2873
f 2880//2880 2881//2881 2876//2876
f 2869//2869 2879//2879 2873//2873
f 2875//2875 2881//2881 2882//2882
f 2875//2875 2882//2882 2869//2869
f 2869//2869 2882//2882 2884//2884
f 2885//2885 2880//2880 2876//2876
f 2885//2885 2881//2881 2880//2880
f 2883//2883 2881//2881 2885//2885
f 2883//2883 2882//2882 2881//2881
f 2884//2884 2882//2882 2883//2883
f 2885//2885 2877//2877 2884//2884
f 2883//2883 2885//2885 2884//2884
f 2884//2884 2879//2879 2869//2869
f 2884//2884 2877//2877 2879//2879
f 2885//2885 2878//2878 2877//2877
f 2876//2876 2878//2878 2885//2885
f 2886//2886 2890//2890 2889//2889
f 2886//2886 2887//2887 2890//2890
f 2888//2888 2887//2887 2886//2886
f 2891//2891 2889//2889 2890//2890
f 2891//2891 2890//2890 2892//2892
f 2893//2893 2891//2891 2892//2892
f 2888//2888 2894//2894 2887//2887
f 2893//2893 2892//2892 2896//2896
f 2895//2895 2894//2894 2888//2888
f 2897//2897 2893//2893 2896//2896
f 2898//2898 2894//2894 2895//2895
f 2899//2899 2898//2898 2895//2895
f 2903//2903 2897//2897 2896//2896
f 2903//2903 2901//2901 2897//2897
f 2898//2898 2899//2899 2900//2900
f 2905//2905 2898//2898 2900//2900
f 2905//2905 2900//2900 2902//2902
f 2903//2903 2904//2904 2901//2901
f 2905//2905 2904//2904 2903//2903
f 2905//2905 2902//2902 2904//2904
f 2911//2911 2903//2903 2896//2896
f 2906//2906 2911//2911 2896//2896
f 2906//2906 2896//2896 2892//2892
f 2907//2907 2892//2892 2890//2890
f 2907//2907 2906//2906 2892//2892
f 2907//2907 2890//2890 2887//2887
f 2908//2908 2907//2907 2887//2887
f 2908//2908 2887//2887 2894//2894
f 2908//2908 2894//2894 2898//2898
f 2909//2909 2908//2908 2898//2898
f 2909//2909 2898//2898 2905//2905
f 2910//2910 2909//2909 2905//2905
f 2911//2911 2910//2910 2905//2905
f 2911//2911 2905//2905 2903//2903
f 2906//2906 2907//2907 2912//2912
f 2911//2911 2906//2906 2910//2910
f 2912//2912 2909//2909 2910//2910
f 2912//2912 2908//2908 2909//2909
f 2912//2912 2907//2907 2908//2908
f 2912//2912 2910//2910 2906//2906
f 2889//2889 2913//2913 2914//2914
f 2889//2889 2891//2891 2913//2913
f 2886//2886 2889//2889 2914//2914
f 2886//2886 2914//2914 2915//2915
f 2888//2888 2886//2886 2915//2915
f 2888//2888 2915//2915 2916//2916
f 2895//2895 2888//2888 2916//2916
f 2895//2895 2916//2916 2917//2917
f 2899//2899 2895//2895 2917//2917
f 2900//2900 2917//2917 2918//2918
f 2900//2900 2899//2899 2917//2917
f 2902//2902 2900//2900 2918//2918
f 2902//2902 2918//2918 2919//2919
f 2904//2904 2919//2919 2920//2920
f 2904//2904 2902//2902 2919//2919
f 2904//2904 2920//2920 2921//2921
f 2901//2901 2904//2904 2921//2921
f 2901//2901 2921//2921 2922//2922
f 2897//2897 2901//2901 2922//2922
f 2893//2893 2897//2897 2922//2922
f 2893//2893 2922//2922 2923//2923
f 2893//2893 2923//2923 2913//2913
f 2891//2891 2893//2893 2913//2913
f 2916//2916 2924//2924 2917//2917
f 2916//2916 2929//2929 2924//2924
f 2915//2915 2929//2929 2916//2916
f 2918//2918 2917//2917 2924//2924
f 2918//2918 2924//2924 2925//2925
f 2919//2919 2918//2918 2925//2925
f 2914//2914 2929//2929 2915//2915
f 2920//2920 2919//2919 2925//2925
f 2925//2925 2921//2921 2920//2920
f 2927//2927 2929//2929 2914//2914
f 2927//2927 2914//2914 2913//2913
f 2926//2926 2921//2921 2925//2925
f 2927//2927 2913//2913 2923//2923
f 2926//2926 2922//2922 2921//2921
f 2927//2927 2923//2923 2922//2922
f 2926//2926 2927//2927 2922//2922
f 2930//2930 2924//2924 2929//2929
f 2926//2926 2925//2925 2932//2932
f 2929//2929 2927//2927 2928//2928
f 2926//2926 2931//2931 2933//2933
f 2927//2927 2926//2926 2933//2933
f 2928//2928 2927//2927 2933//2933
f 2929//2929 2928//2928 2934//2934
f 2930//2930 2929//2929 2934//2934
f 2930//2930 2934//2934 2937//2937
f 2924//2924 2930//2930 2937//2937
f 2924//2924 2937//2937 2940//2940
f 2925//2925 2924//2924 2940//2940
f 2925//2925 2940//2940 2932//2932
f 2926//2926 2932//2932 2931//2931
f 2936//2936 2934//2934 2928//2928
f 2936//2936 2928//2928 2933//2933
f 2936//2936 2933//2933 2931//2931
f 2937//2937 2934//2934 2935//2935
f 2940//2940 2937//2937 2935//2935
f 2932//2932 2940//2940 2938//2938
f 2932//2932 2938//2938 2931//2931
f 2941//2941 2931//2931 2938//2938
f 2939//2939 2941//2941 2935//2935
f 2939//2939 2935//2935 2934//2934
f 2940//2940 2935//2935 2941//2941
f 2941//2941 2938//2938 2940//2940
f 2941//2941 2942//2942 2931//2931
f 2941//2941 2939//2939 2942//2942
f 2942//2942 2936//2936 2931//2931
f 2939//2939 2936//2936 2942//2942
f 2939//2939 2934//2934 2936//2936
f 2945//2945 2943//2943 2944//2944
f 2943//2943 2947//2947 2944//2944
f 2948//2948 2947//2947 2943//2943
f 2945//2945 2944//2944 2946//2946
f 2949//2949 2945//2945 2946//2946
f 2950//2950 2947//2947 2948//2948
f 2951//2951 2949//2949 2946//2946
f 2951//2951 2946//2946 2953//2953
f 2950//2950 2952//2952 2947//2947
f 2954//2954 2952//2952 2950//2950
f 2955//2955 2951//2951 2953//2953
f 2958//2958 2955//2955 2953//2953
f 2956//2956 2952//2952 2954//2954
f 2956//2956 2954//2954 2957//2957
f 2958//2958 2959//2959 2955//2955
f 2956//2956 2957//2957 2960//2960
f 2961//2961 2959//2959 2958//2958
f 2961//2961 2956//2956 2960//2960
f 2961//2961 2962//2962 2959//2959
f 2961//2961 2960//2960 2962//2962
f 2963//2963 2958//2958 2953//2953
f 2964//2964 2963//2963 2953//2953
f 2964//2964 2953//2953 2946//2946
f 2965//2965 2964//2964 2946//2946
f 2965//2965 2946//2946 2944//2944
f 2966//2966 2965//2965 2944//2944
f 2966//2966 2944//2944 2947//2947
f 2966//2966 2947//2947 2952//2952
f 2967//2967 2952//2952 2956//2956
f 2967//2967 2966//2966 2952//2952
f 2967//2967 2956//2956 2961//2961
f 2963//2963 2967//2967 2961//2961
f 2963//2963 2961//2961 2958//2958
f 2968//2968 2965//2965 2966//2966
f 2968//2968 2964//2964 2965//2965
f 2968//2968 2963//2963 2964//2964
f 2963//2963 2968//2968 2967//2967
f 2966//2966 2967//2967 2968//2968
f 2943//2943 2969//2969 2970//2970
f 2943//2943 2945//2945 2969//2969
f 2943//2943 2970//2970 2971//2971
f 2948//2948 2943//2943 2971//2971
f 2948//2948 2971//2971 2972//2972
f 2950//2950 2948//2948 2972//2972
f 2950//2950 2972//2972 2973//2973
f 2954//2954 2950//2950 2973//2973
f 2954//2954 2973//2973 2974//2974
f 2957//2957 2954//2954 2974//2974
f 2957//2957 2974//2974 2975//2975
f 2960//2960 2957//2957 2975//2975
f 2960//2960 2975//2975 2976//2976
f 2962//2962 2960//2960 2976//2976
f 2962//2962 2976//2976 2977//2977
f 2959//2959 2962//2962 2977//2977
f 2959//2959 2977//2977 2978//2978
f 2955//2955 2978//2978 2979//2979
f 2955//2955 2959//2959 2978//2978
f 2955//2955 2979//2979 2980//2980
f 2951//2951 2955//2955 2980//2980
f 2949//2949 2951//2951 2980//2980
f 2949//2949 2980//2980 2981//2981
f 2949//2949 2981//2981 2969//2969
f 2945//2945 2949//2949 2969//2969
f 2972//2972 2982//2982 2973//2973
f 2974//2974 2973//2973 2982//2982
f 2972//2972 2988//2988 2982//2982
f 2975//2975 2974//2974 2982//2982
f 2975//2975 2982//2982 2983//2983
f 2971//2971 2988//2988 2972//2972
f 2971//2971 2987//2987 2988//2988
f 2976//2976 2975//2975 2983//2983
f 2970//2970 2987//2987 2971//2971
f 2983//2983 2977//2977 2976//2976
f 2984//2984 2977//2977 2983//2983
f 2987//2987 2970//2970 2969//2969
f 2985//2985 2987//2987 2969//2969
f 2984//2984 2978//2978 2977//2977
f 2985//2985 2969//2969 2981//2981
f 2984//2984 2979//2979 2978//2978
f 2985//2985 2981//2981 2980//2980
f 2985//2985 2979//2979 2984//2984
f 2985//2985 2980//2980 2979//2979
f 2986//2986 2987//2987 2985//2985
f 2984//2984 2997//2997 2991//2991
f 2985//2985 2984//2984 2991//2991
f 2985//2985 2991//2991 2986//2986
f 2987//2987 2986//2986 2989//2989
f 2988//2988 2987//2987 2989//2989
f 2988//2988 2989//2989 2998//2998
f 2982//2982 2988//2988 2998//2998
f 2982//2982 2998//2998 2990//2990
f 2983//2983 2982//2982 2990//2990
f 2983//2983 2990//2990 2997//2997
f 2984//2984 2983//2983 2997//2997
f 2994//2994 2997//2997 2990//2990
f 2989//2989 2986//2986 2992//2992
f 2991//2991 2992//2992 2986//2986
f 2993//2993 2992//2992 2991//2991
f 2994//2994 2993//2993 2991//2991
f 2996//2996 2998//2998 2989//2989
f 2997//2997 2994//2994 2991//2991
f 2990//2990 2998//2998 3000//3000
f 2994//2994 3000//3000 2995//2995
f 3000//3000 2994//2994 2990//2990
f 2999//2999 2994//2994 2995//2995
f 2989//2989 2995//2995 2996//2996
f 3000//3000 2998//2998 2996//2996
f 3000//3000 2996//2996 2995//2995
f 2995//2995 3001//3001 2999//2999
f 2989//2989 3001//3001 2995//2995
f 3001//3001 2993//2993 2994//2994
f 3001//3001 2994//2994 2999//2999
f 3001//3001 2992//2992 2993//2993
f 3001//3001 2989//2989 2992//2992
f 3018//3018 3023//3023 3017//3017
f 3040//3040 3019//3019 3030//3030
f 3028//3028 3023//3023 3018//3018
f 3038//3038 3021//3021 3024//3024
f 3038//3038 3024//3024 3027//3027
f 3022//3022 3029//3029 3020//3020
f 3028//3028 3036//3036 3023//3023
f 3046//3046 3025//3025 3035//3035
f 3032//3032 3029//3029 3022//3022
f 3047//3047 3026//3026 3033//3033
f 3047//3047 3032//3032 3026//3026
f 3037//3037 3027//3027 3036//3036
f 3037//3037 3038//3038 3027//3027
f 3043//3043 3038//3038 3037//3037
f 3037//3037 3036//3036 3028//3028
f 3043//3043 3030//3030 3038//3038
f 3039//3039 3050//3050 3034//3034
f 3037//3037 3028//3028 3029//3029
f 3043//3043 3040//3040 3030//3030
f 3042//3042 3037//3037 3029//3029
f 3042//3042 3029//3029 3032//3032
f 3043//3043 3035//3035 3040//3040
f 3052//3052 3031//3031 3044//3044
f 3043//3043 3046//3046 3035//3035
f 3051//3051 3046//3046 3043//3043
f 3062//3062 3045//3045 3041//3041
f 3062//3062 3041//3041 3054//3054
f 3042//3042 3032//3032 3047//3047
f 3051//3051 3044//3044 3046//3046
f 3051//3051 3052//3052 3044//3044
f 3049//3049 3047//3047 3050//3050
f 3049//3049 3042//3042 3047//3047
f 3049//3049 3050//3050 3039//3039
f 3057//3057 3055//3055 3048//3048
f 3063//3063 3052//3052 3051//3051
f 3063//3063 3054//3054 3052//3052
f 3057//3057 3056//3056 3055//3055
f 3049//3049 3039//3039 3056//3056
f 3061//3061 3053//3053 3062//3062
f 3063//3063 3062//3062 3054//3054
f 3049//3049 3056//3056 3057//3057
f 3070//3070 3057//3057 3060//3060
f 3070//3070 3049//3049 3057//3057
f 3064//3064 3060//3060 3058//3058
f 3064//3064 3058//3058 3059//3059
f 3063//3063 3061//3061 3062//3062
f 3070//3070 3060//3060 3064//3064
f 3063//3063 3069//3069 3061//3061
f 3065//3065 3066//3066 3069//3069
f 3072//3072 3065//3065 3069//3069
f 3075//3075 3069//3069 3063//3063
f 3075//3075 3072//3072 3069//3069
f 3078//3078 3068//3068 3067//3067
f 3078//3078 3064//3064 3068//3068
f 3074//3074 3071//3071 3076//3076
f 3070//3070 3064//3064 3078//3078
f 3075//3075 3076//3076 3072//3072
f 3077//3077 3074//3074 3076//3076
f 3077//3077 3076//3076 3075//3075
f 3079//3079 3078//3078 3073//3073
f 3080//3080 3070//3070 3078//3078
f 3075//3075 3081//3081 3077//3077
f 3079//3079 3080//3080 3078//3078
f 3088//3088 3081//3081 3075//3075
f 3084//3084 3083//3083 3081//3081
f 3084//3084 3082//3082 3083//3083
f 3087//3087 3086//3086 3085//3085
f 3084//3084 3081//3081 3088//3088
f 3080//3080 3079//3079 3086//3086
f 3093//3093 3086//3086 3087//3087
f 3093//3093 3080//3080 3086//3086
f 3089//3089 3090//3090 3084//3084
f 3092//3092 3089//3089 3084//3084
f 3092//3092 3084//3084 3088//3088
f 3096//3096 3080//3080 3093//3093
f 3094//3094 3093//3093 3091//3091
f 3095//3095 3093//3093 3094//3094
f 3095//3095 3096//3096 3093//3093
f 3103//3103 3096//3096 3095//3095
f 3098//3098 3097//3097 3092//3092
f 3099//3099 3098//3098 3092//3092
f 3099//3099 3092//3092 3088//3088
f 3099//3099 3088//3088 3114//3114
f 3114//3114 3107//3107 3099//3099
f 3101//3101 3102//3102 3103//3103
f 3101//3101 3103//3103 3100//3100
f 3102//3102 3096//3096 3103//3103
f 3104//3104 3096//3096 3102//3102
f 3106//3106 3096//3096 3104//3104
f 3108//3108 3107//3107 3116//3116
f 3116//3116 3107//3107 3114//3114
f 3108//3108 3105//3105 3107//3107
f 3110//3110 3106//3106 3104//3104
f 3112//3112 3110//3110 3104//3104
f 3112//3112 3109//3109 3111//3111
f 3112//3112 3104//3104 3109//3109
f 3110//3110 3113//3113 3106//3106
f 3115//3115 3116//3116 3114//3114
f 3117//3117 3116//3116 3115//3115
f 3123//3123 3115//3115 3114//3114
f 3118//3118 3113//3113 3110//3110
f 3118//3118 3110//3110 3119//3119
f 3120//3120 3118//3118 3119//3119
f 3121//3121 3115//3115 3123//3123
f 3132//3132 3121//3121 3123//3123
f 3121//3121 3122//3122 3115//3115
f 3124//3124 3122//3122 3121//3121
f 3125//3125 3113//3113 3118//3118
f 3125//3125 3118//3118 3127//3127
f 3135//3135 3113//3113 3125//3125
f 3135//3135 3128//3128 3113//3113
f 3125//3125 3127//3127 3126//3126
f 3129//3129 3132//3132 3123//3123
f 3130//3130 3129//3129 3123//3123
f 3133//3133 3132//3132 3129//3129
f 3133//3133 3131//3131 3132//3132
f 3136//3136 3128//3128 3135//3135
f 3134//3134 3128//3128 3136//3136
f 3136//3136 3135//3135 3137//3137
f 3134//3134 3143//3143 3128//3128
f 3139//3139 3136//3136 3137//3137
f 3139//3139 3137//3137 3138//3138
f 3140//3140 3130//3130 3123//3123
f 3140//3140 3123//3123 3146//3146
f 3141//3141 3140//3140 3146//3146
f 3142//3142 3144//3144 3130//3130
f 3142//3142 3130//3130 3140//3140
f 3145//3145 3143//3143 3134//3134
f 3151//3151 3141//3141 3146//3146
f 3145//3145 3134//3134 3147//3147
f 3153//3153 3141//3141 3151//3151
f 3148//3148 3143//3143 3145//3145
f 3148//3148 3155//3155 3143//3143
f 3163//3163 3148//3148 3145//3145
f 3149//3149 3151//3151 3146//3146
f 3149//3149 3146//3146 3150//3150
f 3162//3162 3149//3149 3150//3150
f 3153//3153 3152//3152 3141//3141
f 3149//3149 3164//3164 3151//3151
f 3154//3154 3155//3155 3148//3148
f 3156//3156 3150//3150 3157//3157
f 3158//3158 3156//3156 3157//3157
f 3156//3156 3162//3162 3150//3150
f 3161//3161 3157//3157 3155//3155
f 3166//3166 3164//3164 3149//3149
f 3161//3161 3155//3155 3154//3154
f 3161//3161 3158//3158 3157//3157
f 3159//3159 3163//3163 3145//3145
f 3154//3154 3148//3148 3160//3160
f 3171//3171 3158//3158 3161//3161
f 3156//3156 3165//3165 3162//3162
f 3167//3167 3154//3154 3160//3160
f 3170//3170 3158//3158 3171//3171
f 3169//3169 3165//3165 3156//3156
f 3168//3168 3161//3161 3154//3154
f 3172//3172 3182//3182 3040//3040
f 3172//3172 3040//3040 3035//3035
f 3186//3186 3321//3321 3191//3191
f 3200//3200 3178//3178 3173//3173
f 3180//3180 3174//3174 3175//3175
f 3182//3182 3204//3204 3176//3176
f 3201//3201 3174//3174 3180//3180
f 3190//3190 3322//3322 3319//3319
f 3200//3200 3199//3199 3178//3178
f 3179//3179 3177//3177 3236//3236
f 3201//3201 3180//3180 3233//3233
f 3198//3198 3186//3186 3191//3191
f 3192//3192 3187//3187 3323//3323
f 3186//3186 3195//3195 3320//3320
f 3193//3193 3325//3325 3181//3181
f 3194//3194 3195//3195 3186//3186
f 3193//3193 3181//3181 3189//3189
f 3188//3188 3190//3190 3319//3319
f 3196//3196 3193//3193 3189//3189
f 3197//3197 3198//3198 3191//3191
f 3200//3200 3233//3233 3199//3199
f 3236//3236 3201//3201 3233//3233
f 3206//3206 3172//3172 3183//3183
f 3205//3205 3179//3179 3236//3236
f 3207//3207 3202//3202 3184//3184
f 3212//3212 3213//3213 3203//3203
f 3207//3207 3184//3184 3205//3205
f 3209//3209 3208//3208 3215//3215
f 3214//3214 3211//3211 3210//3210
f 3209//3209 3215//3215 3207//3207
f 3214//3214 3216//3216 3211//3211
f 3221//3221 3217//3217 3218//3218
f 3221//3221 3218//3218 3219//3219
f 3225//3225 3220//3220 3226//3226
f 3224//3224 3223//3223 3222//3222
f 3224//3224 3214//3214 3223//3223
f 3227//3227 3225//3225 3226//3226
f 3229//3229 3231//3231 3228//3228
f 3250//3250 3231//3231 3229//3229
f 3247//3247 3230//3230 3232//3232
f 3247//3247 3232//3232 3227//3227
f 3234//3234 3233//3233 3200//3200
f 3235//3235 3233//3233 3234//3234
f 3234//3234 3200//3200 3204//3204
f 3235//3235 3236//3236 3233//3233
f 3239//3239 3234//3234 3204//3204
f 3239//3239 3204//3204 3182//3182
f 3239//3239 3182//3182 3172//3172
f 3235//3235 3205//3205 3236//3236
f 3239//3239 3172//3172 3206//3206
f 3244//3244 3205//3205 3235//3235
f 3244//3244 3207//3207 3205//3205
f 3239//3239 3206//3206 3213//3213
f 3239//3239 3213//3213 3212//3212
f 3240//3240 3241//3241 3238//3238
f 3244//3244 3209//3209 3207//3207
f 3239//3239 3212//3212 3216//3216
f 3242//3242 3241//3241 3240//3240
f 3242//3242 3250//3250 3241//3241
f 3244//3244 3219//3219 3209//3209
f 3243//3243 3239//3239 3216//3216
f 3243//3243 3216//3216 3214//3214
f 3244//3244 3221//3221 3219//3219
f 3245//3245 3237//3237 3247//3247
f 3246//3246 3221//3221 3244//3244
f 3258//3258 3243//3243 3214//3214
f 3258//3258 3214//3214 3224//3224
f 3246//3246 3226//3226 3221//3221
f 3246//3246 3227//3227 3226//3226
f 3258//3258 3224//3224 3231//3231
f 3258//3258 3231//3231 3250//3250
f 3248//3248 3253//3253 3249//3249
f 3251//3251 3253//3253 3248//3248
f 3246//3246 3247//3247 3227//3227
f 3259//3259 3247//3247 3246//3246
f 3258//3258 3250//3250 3242//3242
f 3258//3258 3242//3242 3253//3253
f 3259//3259 3245//3245 3247//3247
f 3254//3254 3252//3252 3255//3255
f 3264//3264 3254//3254 3255//3255
f 3259//3259 3255//3255 3245//3245
f 3258//3258 3253//3253 3251//3251
f 3259//3259 3264//3264 3255//3255
f 3261//3261 3258//3258 3251//3251
f 3260//3260 3251//3251 3257//3257
f 3260//3260 3257//3257 3256//3256
f 3260//3260 3261//3261 3251//3251
f 3266//3266 3264//3264 3259//3259
f 3263//3263 3262//3262 3264//3264
f 3265//3265 3263//3263 3264//3264
f 3265//3265 3264//3264 3266//3266
f 3272//3272 3265//3265 3266//3266
f 3269//3269 3268//3268 3267//3267
f 3269//3269 3260//3260 3268//3268
f 3269//3269 3261//3261 3260//3260
f 3275//3275 3261//3261 3269//3269
f 3275//3275 3278//3278 3261//3261
f 3273//3273 3271//3271 3272//3272
f 3270//3270 3271//3271 3273//3273
f 3280//3280 3273//3273 3272//3272
f 3280//3280 3272//3272 3266//3266
f 3280//3280 3266//3266 3295//3295
f 3277//3277 3276//3276 3275//3275
f 3277//3277 3275//3275 3274//3274
f 3276//3276 3278//3278 3275//3275
f 3287//3287 3281//3281 3280//3280
f 3281//3281 3279//3279 3280//3280
f 3281//3281 3282//3282 3279//3279
f 3287//3287 3280//3280 3295//3295
f 3283//3283 3278//3278 3276//3276
f 3283//3283 3276//3276 3284//3284
f 3286//3286 3287//3287 3295//3295
f 3288//3288 3287//3287 3286//3286
f 3288//3288 3285//3285 3287//3287
f 3289//3289 3283//3283 3290//3290
f 3290//3290 3283//3283 3291//3291
f 3289//3289 3278//3278 3283//3283
f 3289//3289 3292//3292 3278//3278
f 3293//3293 3290//3290 3291//3291
f 3294//3294 3296//3296 3286//3286
f 3294//3294 3286//3286 3295//3295
f 3303//3303 3294//3294 3295//3295
f 3297//3297 3296//3296 3294//3294
f 3298//3298 3292//3292 3289//3289
f 3298//3298 3289//3289 3300//3300
f 3299//3299 3292//3292 3298//3298
f 3299//3299 3307//3307 3292//3292
f 3302//3302 3298//3298 3300//3300
f 3312//3312 3301//3301 3303//3303
f 3312//3312 3303//3303 3295//3295
f 3305//3305 3303//3303 3301//3301
f 3312//3312 3295//3295 3309//3309
f 3305//3305 3304//3304 3303//3303
f 3306//3306 3307//3307 3299//3299
f 3306//3306 3299//3299 3310//3310
f 3308//3308 3307//3307 3306//3306
f 3308//3308 3313//3313 3307//3307
f 3318//3318 3312//3312 3309//3309
f 3311//3311 3306//3306 3310//3310
f 3319//3319 3313//3313 3308//3308
f 3324//3324 3319//3319 3308//3308
f 3318//3318 3315//3315 3312//3312
f 3324//3324 3308//3308 3314//3314
f 3316//3316 3318//3318 3309//3309
f 3323//3323 3316//3316 3309//3309
f 3317//3317 3318//3318 3316//3316
f 3322//3322 3313//3313 3319//3319
f 3181//3181 3313//3313 3322//3322
f 3181//3181 3321//3321 3313//3313
f 3320//3320 3323//3323 3309//3309
f 3320//3320 3309//3309 3321//3321
f 3317//3317 3185//3185 3318//3318
f 3325//3325 3321//3321 3181//3181
f 3192//3192 3323//3323 3320//3320
f 3191//3191 3321//3321 3325//3325
f 3186//3186 3320//3320 3321//3321
f 3206//3206 3046//3046 3044//3044
f 3213//3213 3206//3206 3044//3044
f 3183//3183 3025//3025 3046//3046
f 3206//3206 3183//3183 3046//3046
f 3183//3183 3172//3172 3035//3035
f 3183//3183 3035//3035 3025//3025
f 3213//3213 3044//3044 3031//3031
f 3203//3203 3213//3213 3031//3031
f 3212//3212 3031//3031 3052//3052
f 3212//3212 3203//3203 3031//3031
f 3212//3212 3052//3052 3054//3054
f 3216//3216 3212//3212 3054//3054
f 3211//3211 3216//3216 3054//3054
f 3211//3211 3054//3054 3041//3041
f 3210//3210 3211//3211 3041//3041
f 3210//3210 3041//3041 3045//3045
f 3214//3214 3045//3045 3062//3062
f 3214//3214 3210//3210 3045//3045
f 3223//3223 3214//3214 3062//3062
f 3223//3223 3062//3062 3053//3053
f 3222//3222 3223//3223 3053//3053
f 3222//3222 3053//3053 3061//3061
f 3224//3224 3222//3222 3061//3061
f 3224//3224 3069//3069 3231//3231
f 3224//3224 3061//3061 3069//3069
f 3228//3228 3231//3231 3069//3069
f 3228//3228 3069//3069 3066//3066
f 3229//3229 3066//3066 3065//3065
f 3229//3229 3228//3228 3066//3066
f 3229//3229 3065//3065 3072//3072
f 3250//3250 3229//3229 3072//3072
f 3250//3250 3072//3072 3076//3076
f 3250//3250 3076//3076 3241//3241
f 3238//3238 3241//3241 3076//3076
f 3238//3238 3076//3076 3071//3071
f 3238//3238 3071//3071 3074//3074
f 3240//3240 3238//3238 3074//3074
f 3253//3253 3077//3077 3081//3081
f 3242//3242 3077//3077 3253//3253
f 3242//3242 3074//3074 3077//3077
f 3240//3240 3074//3074 3242//3242
f 3253//3253 3081//3081 3083//3083
f 3249//3249 3253//3253 3083//3083
f 3248//3248 3083//3083 3082//3082
f 3248//3248 3249//3249 3083//3083
f 3251//3251 3082//3082 3084//3084
f 3251//3251 3248//3248 3082//3082
f 3251//3251 3084//3084 3090//3090
f 3257//3257 3251//3251 3090//3090
f 3256//3256 3257//3257 3090//3090
f 3256//3256 3090//3090 3089//3089
f 3260//3260 3256//3256 3089//3089
f 3260//3260 3089//3089 3092//3092
f 3268//3268 3260//3260 3092//3092
f 3268//3268 3092//3092 3097//3097
f 3267//3267 3268//3268 3097//3097
f 3267//3267 3097//3097 3098//3098
f 3267//3267 3098//3098 3099//3099
f 3269//3269 3267//3267 3099//3099
f 3275//3275 3269//3269 3099//3099
f 3275//3275 3099//3099 3107//3107
f 3275//3275 3107//3107 3105//3105
f 3274//3274 3275//3275 3105//3105
f 3274//3274 3105//3105 3108//3108
f 3277//3277 3274//3274 3108//3108
f 3276//3276 3108//3108 3116//3116
f 3277//3277 3108//3108 3276//3276
f 3276//3276 3116//3116 3117//3117
f 3284//3284 3276//3276 3117//3117
f 3283//3283 3284//3284 3117//3117
f 3283//3283 3117//3117 3115//3115
f 3283//3283 3115//3115 3122//3122
f 3291//3291 3283//3283 3122//3122
f 3291//3291 3122//3122 3124//3124
f 3293//3293 3291//3291 3124//3124
f 3290//3290 3293//3293 3124//3124
f 3290//3290 3124//3124 3121//3121
f 3289//3289 3121//3121 3132//3132
f 3290//3290 3121//3121 3289//3289
f 3300//3300 3289//3289 3132//3132
f 3300//3300 3132//3132 3131//3131
f 3302//3302 3131//3131 3133//3133
f 3302//3302 3300//3300 3131//3131
f 3302//3302 3133//3133 3129//3129
f 3298//3298 3302//3302 3129//3129
f 3298//3298 3129//3129 3130//3130
f 3298//3298 3130//3130 3299//3299
f 3310//3310 3299//3299 3130//3130
f 3310//3310 3130//3130 3144//3144
f 3311//3311 3144//3144 3142//3142
f 3311//3311 3310//3310 3144//3144
f 3306//3306 3142//3142 3140//3140
f 3306//3306 3311//3311 3142//3142
f 3308//3308 3306//3306 3140//3140
f 3308//3308 3140//3140 3141//3141
f 3314//3314 3308//3308 3141//3141
f 3314//3314 3141//3141 3152//3152
f 3324//3324 3152//3152 3153//3153
f 3324//3324 3314//3314 3152//3152
f 3324//3324 3153//3153 3151//3151
f 3324//3324 3151//3151 3319//3319
f 3319//3319 3151//3151 3164//3164
f 3188//3188 3319//3319 3164//3164
f 3188//3188 3164//3164 3166//3166
f 3190//3190 3188//3188 3166//3166
f 3190//3190 3166//3166 3149//3149
f 3322//3322 3190//3190 3149//3149
f 3322//3322 3149//3149 3181//3181
f 3181//3181 3149//3149 3162//3162
f 3181//3181 3162//3162 3165//3165
f 3189//3189 3181//3181 3165//3165
f 3196//3196 3165//3165 3169//3169
f 3196//3196 3189//3189 3165//3165
f 3193//3193 3196//3196 3169//3169
f 3193//3193 3169//3169 3156//3156
f 3325//3325 3193//3193 3156//3156
f 3191//3191 3156//3156 3158//3158
f 3325//3325 3156//3156 3191//3191
f 3191//3191 3158//3158 3170//3170
f 3197//3197 3191//3191 3170//3170
f 3198//3198 3170//3170 3171//3171
f 3198//3198 3197//3197 3170//3170
f 3198//3198 3171//3171 3161//3161
f 3198//3198 3161//3161 3186//3186
f 3194//3194 3161//3161 3168//3168
f 3194//3194 3186//3186 3161//3161
f 3195//3195 3194//3194 3168//3168
f 3195//3195 3168//3168 3154//3154
f 3195//3195 3154//3154 3320//3320
f 3192//3192 3320//3320 3154//3154
f 3192//3192 3154//3154 3167//3167
f 3192//3192 3167//3167 3160//3160
f 3187//3187 3192//3192 3160//3160
f 3323//3323 3160//3160 3148//3148
f 3323//3323 3187//3187 3160//3160
f 3316//3316 3148//3148 3163//3163
f 3323//3323 3148//3148 3316//3316
f 3317//3317 3316//3316 3163//3163
f 3317//3317 3163//3163 3159//3159
f 3185//3185 3317//3317 3159//3159
f 3185//3185 3159//3159 3145//3145
f 3318//3318 3185//3185 3145//3145
f 3315//3315 3145//3145 3147//3147
f 3315//3315 3318//3318 3145//3145
f 3312//3312 3315//3315 3147//3147
f 3312//3312 3147//3147 3134//3134
f 3312//3312 3134//3134 3136//3136
f 3312//3312 3136//3136 3301//3301
f 3305//3305 3301//3301 3136//3136
f 3305//3305 3136//3136 3139//3139
f 3305//3305 3139//3139 3138//3138
f 3304//3304 3305//3305 3138//3138
f 3304//3304 3138//3138 3137//3137
f 3303//3303 3304//3304 3137//3137
f 3303//3303 3137//3137 3135//3135
f 3294//3294 3303//3303 3135//3135
f 3294//3294 3135//3135 3125//3125
f 3297//3297 3125//3125 3126//3126
f 3297//3297 3294//3294 3125//3125
f 3296//3296 3297//3297 3126//3126
f 3296//3296 3126//3126 3127//3127
f 3286//3286 3127//3127 3118//3118
f 3296//3296 3127//3127 3286//3286
f 3288//3288 3286//3286 3118//3118
f 3288//3288 3118//3118 3120//3120
f 3288//3288 3120//3120 3119//3119
f 3285//3285 3288//3288 3119//3119
f 3287//3287 3119//3119 3110//3110
f 3287//3287 3285//3285 3119//3119
f 3287//3287 3110//3110 3281//3281
f 3281//3281 3110//3110 3112//3112
f 3282//3282 3112//3112 3111//3111
f 3282//3282 3281//3281 3112//3112
f 3279//3279 3111//3111 3109//3109
f 3279//3279 3282//3282 3111//3111
f 3279//3279 3109//3109 3104//3104
f 3280//3280 3279//3279 3104//3104
f 3280//3280 3104//3104 3102//3102
f 3280//3280 3102//3102 3273//3273
f 3270//3270 3273//3273 3102//3102
f 3270//3270 3102//3102 3101//3101
f 3271//3271 3101//3101 3100//3100
f 3271//3271 3270//3270 3101//3101
f 3271//3271 3100//3100 3103//3103
f 3271//3271 3103//3103 3272//3272
f 3265//3265 3103//3103 3095//3095
f 3265//3265 3272//3272 3103//3103
f 3263//3263 3095//3095 3094//3094
f 3265//3265 3095//3095 3263//3263
f 3263//3263 3094//3094 3091//3091
f 3262//3262 3263//3263 3091//3091
f 3262//3262 3091//3091 3093//3093
f 3262//3262 3093//3093 3264//3264
f 3264//3264 3093//3093 3087//3087
f 3254//3254 3264//3264 3087//3087
f 3252//3252 3087//3087 3085//3085
f 3252//3252 3254//3254 3087//3087
f 3252//3252 3085//3085 3086//3086
f 3255//3255 3252//3252 3086//3086
f 3255//3255 3086//3086 3079//3079
f 3245//3245 3255//3255 3079//3079
f 3245//3245 3079//3079 3073//3073
f 3237//3237 3245//3245 3073//3073
f 3247//3247 3237//3237 3073//3073
f 3247//3247 3073//3073 3078//3078
f 3230//3230 3078//3078 3067//3067
f 3230//3230 3247//3247 3078//3078
f 3230//3230 3067//3067 3068//3068
f 3232//3232 3230//3230 3068//3068
f 3232//3232 3068//3068 3064//3064
f 3227//3227 3232//3232 3064//3064
f 3225//3225 3227//3227 3064//3064
f 3225//3225 3064//3064 3059//3059
f 3225//3225 3059//3059 3058//3058
f 3220//3220 3225//3225 3058//3058
f 3226//3226 3058//3058 3060//3060
f 3226//3226 3220//3220 3058//3058
f 3226//3226 3060//3060 3221//3221
f 3221//3221 3060//3060 3057//3057
f 3217//3217 3057//3057 3048//3048
f 3217//3217 3221//3221 3057//3057
f 3218//3218 3048//3048 3055//3055
f 3218//3218 3217//3217 3048//3048
f 3219//3219 3218//3218 3055//3055
f 3219//3219 3055//3055 3056//3056
f 3219//3219 3056//3056 3039//3039
f 3209//3209 3219//3219 3039//3039
f 3208//3208 3039//3039 3034//3034
f 3208//3208 3209//3209 3039//3039
f 3208//3208 3034//3034 3050//3050
f 3215//3215 3208//3208 3050//3050
f 3215//3215 3050//3050 3207//3207
f 3207//3207 3050//3050 3047//3047
f 3207//3207 3047//3047 3033//3033
f 3202//3202 3207//3207 3033//3033
f 3202//3202 3033//3033 3026//3026
f 3184//3184 3202//3202 3026//3026
f 3184//3184 3026//3026 3032//3032
f 3205//3205 3184//3184 3032//3032
f 3179//3179 3205//3205 3032//3032
f 3179//3179 3032//3032 3022//3022
f 3177//3177 3179//3179 3022//3022
f 3177//3177 3022//3022 3020//3020
f 3177//3177 3020//3020 3029//3029
f 3236//3236 3177//3177 3029//3029
f 3236//3236 3029//3029 3028//3028
f 3236//3236 3028//3028 3201//3201
f 3201//3201 3028//3028 3018//3018
f 3174//3174 3201//3201 3018//3018
f 3174//3174 3018//3018 3017//3017
f 3175//3175 3174//3174 3017//3017
f 3175//3175 3017//3017 3023//3023
f 3180//3180 3175//3175 3023//3023
f 3233//3233 3023//3023 3036//3036
f 3233//3233 3180//3180 3023//3023
f 3199//3199 3036//3036 3027//3027
f 3233//3233 3036//3036 3199//3199
f 3178//3178 3027//3027 3024//3024
f 3178//3178 3199//3199 3027//3027
f 3178//3178 3024//3024 3021//3021
f 3173//3173 3178//3178 3021//3021
f 3200//3200 3173//3173 3021//3021
f 3200//3200 3021//3021 3038//3038
f 3204//3204 3200//3200 3038//3038
f 3204//3204 3038//3038 3030//3030
f 3204//3204 3030//3030 3019//3019
f 3176//3176 3204//3204 3019//3019
f 3182//3182 3019//3019 3040//3040
f 3182//3182 3176//3176 3019//3019
f 3326//3326 3337//3337 3292//3292
f 3326//3326 3292//3292 3307//3307
f 3326//3326 3307//3307 3313//3313
f 3327//3327 3326//3326 3313//3313
f 3327//3327 3313//3313 3321//3321
f 3328//3328 3327//3327 3321//3321
f 3328//3328 3321//3321 3309//3309
f 3329//3329 3328//3328 3309//3309
f 3329//3329 3309//3309 3295//3295
f 3330//3330 3329//3329 3295//3295
f 3330//3330 3295//3295 3266//3266
f 3331//3331 3330//3330 3266//3266
f 3331//3331 3266//3266 3259//3259
f 3331//3331 3259//3259 3246//3246
f 3332//3332 3331//3331 3246//3246
f 3332//3332 3246//3246 3244//3244
f 3332//3332 3244//3244 3235//3235
f 3333//3333 3332//3332 3235//3235
f 3333//3333 3235//3235 3234//3234
f 3334//3334 3333//3333 3234//3234
f 3334//3334 3234//3234 3239//3239
f 3335//3335 3239//3239 3243//3243
f 3335//3335 3334//3334 3239//3239
f 3335//3335 3243//3243 3258//3258
f 3336//3336 3335//3335 3258//3258
f 3336//3336 3258//3258 3261//3261
f 3336//3336 3261//3261 3278//3278
f 3337//3337 3336//3336 3278//3278
f 3337//3337 3278//3278 3292//3292
f 3338//3338 3327//3327 3339//3339
f 3339//3339 3327//3327 3328//3328
f 3338//3338 3326//3326 3327//3327
f 3340//3340 3339//3339 3328//3328
f 3340//3340 3328//3328 3329//3329
f 3341//3341 3326//3326 3338//3338
f 3341//3341 3337//3337 3326//3326
f 3340//3340 3329//3329 3330//3330
f 3343//3343 3340//3340 3330//3330
f 3342//3342 3337//3337 3341//3341
f 3342//3342 3336//3336 3337//3337
f 3331//3331 3343//3343 3330//3330
f 3344//3344 3336//3336 3342//3342
f 3335//3335 3336//3336 3344//3344
f 3331//3331 3345//3345 3343//3343
f 3332//3332 3345//3345 3331//3331
f 3332//3332 3346//3346 3345//3345
f 3335//3335 3344//3344 3347//3347
f 3334//3334 3335//3335 3347//3347
f 3332//3332 3348//3348 3346//3346
f 3333//3333 3348//3348 3332//3332
f 3333//3333 3347//3347 3348//3348
f 3334//3334 3347//3347 3333//3333
f 3349//3349 3391//3391 3341//3341
f 3349//3349 3341//3341 3338//3338
f 3351//3351 3349//3349 3338//3338
f 3353//3353 3351//3351 3338//3338
f 3354//3354 3353//3353 3338//3338
f 3354//3354 3338//3338 3339//3339
f 3356//3356 3354//3354 3339//3339
f 3356//3356 3339//3339 3340//3340
f 3359//3359 3356//3356 3340//3340
f 3360//3360 3359//3359 3340//3340
f 3362//3362 3360//3360 3340//3340
f 3362//3362 3340//3340 3343//3343
f 3364//3364 3362//3362 3343//3343
f 3366//3366 3364//3364 3343//3343
f 3367//3367 3366//3366 3343//3343
f 3368//3368 3367//3367 3343//3343
f 3368//3368 3343//3343 3345//3345
f 3369//3369 3368//3368 3345//3345
f 3369//3369 3345//3345 3346//3346
f 3370//3370 3369//3369 3346//3346
f 3372//3372 3370//3370 3346//3346
f 3372//3372 3346//3346 3348//3348
f 3374//3374 3372//3372 3348//3348
f 3376//3376 3374//3374 3348//3348
f 3376//3376 3348//3348 3347//3347
f 3378//3378 3376//3376 3347//3347
f 3379//3379 3378//3378 3347//3347
f 3379//3379 3347//3347 3344//3344
f 3381//3381 3379//3379 3344//3344
f 3384//3384 3381//3381 3344//3344
f 3386//3386 3344//3344 3342//3342
f 3386//3386 3384//3384 3344//3344
f 3387//3387 3386//3386 3342//3342
f 3389//3389 3387//3387 3342//3342
f 3389//3389 3342//3342 3341//3341
f 3391//3391 3389//3389 3341//3341
f 3381//3381 3384//3384 3393//3393
f 3382//3382 3393//3393 3405//3405
f 3382//3382 3381//3381 3393//3393
f 3394//3394 3395//3395 3410//3410
f 3365//3365 3414//3414 3398//3398
f 3416//3416 3415//3415 3399//3399
f 3400//3400 3399//3399 3401//3401
f 3403//3403 3401//3401 3402//3402
f 3355//3355 3418//3418 3403//3403
f 3352//3352 3403//3403 3402//3402
f 3419//3419 3350//3350 3402//3402
f 3404//3404 3419//3419 3420//3420
f 3390//3390 3404//3404 3420//3420
f 3388//3388 3420//3420 3421//3421
f 3422//3422 3421//3421 3405//3405
f 3383//3383 3422//3422 3405//3405
f 3406//3406 3405//3405 3407//3407
f 3380//3380 3406//3406 3408//3408
f 3377//3377 3407//3407 3424//3424
f 3373//3373 3425//3425 3409//3409
f 3411//3411 3394//3394 3410//3410
f 3411//3411 3396//3396 3394//3394
f 3411//3411 3414//3414 3397//3397
f 3411//3411 3397//3397 3412//3412
f 3414//3414 3413//3413 3397//3397
f 3414//3414 3415//3415 3398//3398
f 3415//3415 3363//3363 3398//3398
f 3415//3415 3416//3416 3361//3361
f 3399//3399 3417//3417 3416//3416
f 3400//3400 3358//3358 3399//3399
f 3401//3401 3357//3357 3400//3400
f 3401//3401 3403//3403 3418//3418
f 3392//3392 3419//3419 3404//3404
f 3421//3421 3422//3422 3385//3385
f 3405//3405 3406//3406 3382//3382
f 3407//3407 3408//3408 3406//3406
f 3408//3408 3407//3407 3423//3423
f 3425//3425 3375//3375 3424//3424
f 3409//3409 3410//3410 3371//3371
f 3383//3383 3393//3393 3384//3384
f 3405//3405 3393//3393 3383//3383
f 3382//3382 3426//3426 3381//3381
f 3406//3406 3426//3426 3382//3382
f 3379//3379 3381//3381 3426//3426
f 3380//3380 3379//3379 3426//3426
f 3380//3380 3426//3426 3406//3406
f 3380//3380 3427//3427 3379//3379
f 3408//3408 3427//3427 3380//3380
f 3378//3378 3379//3379 3427//3427
f 3423//3423 3427//3427 3408//3408
f 3423//3423 3378//3378 3427//3427
f 3423//3423 3428//3428 3378//3378
f 3407//3407 3428//3428 3423//3423
f 3376//3376 3378//3378 3428//3428
f 3377//3377 3376//3376 3428//3428
f 3377//3377 3428//3428 3407//3407
f 3377//3377 3429//3429 3376//3376
f 3424//3424 3429//3429 3377//3377
f 3374//3374 3376//3376 3429//3429
f 3375//3375 3374//3374 3429//3429
f 3375//3375 3429//3429 3424//3424
f 3375//3375 3430//3430 3374//3374
f 3425//3425 3430//3430 3375//3375
f 3372//3372 3374//3374 3430//3430
f 3373//3373 3372//3372 3430//3430
f 3373//3373 3430//3430 3425//3425
f 3373//3373 3431//3431 3372//3372
f 3409//3409 3431//3431 3373//3373
f 3370//3370 3372//3372 3431//3431
f 3371//3371 3431//3431 3409//3409
f 3371//3371 3370//3370 3431//3431
f 3371//3371 3432//3432 3370//3370
f 3410//3410 3432//3432 3371//3371
f 3369//3369 3370//3370 3432//3432
f 3391//3391 3349//3349 3433//3433
f 3392//3392 3433//3433 3419//3419
f 3392//3392 3391//3391 3433//3433
f 3350//3350 3433//3433 3349//3349
f 3419//3419 3433//3433 3350//3350
f 3509//3509 3401//3401 3399//3399
f 3509//3509 3402//3402 3401//3401
f 3509//3509 3399//3399 3415//3415
f 3509//3509 3419//3419 3402//3402
f 3436//3436 3419//3419 3509//3509
f 3436//3436 3420//3420 3419//3419
f 3509//3509 3415//3415 3414//3414
f 3435//3435 3509//3509 3414//3414
f 3421//3421 3420//3420 3436//3436
f 3411//3411 3435//3435 3414//3414
f 3405//3405 3421//3421 3436//3436
f 3410//3410 3435//3435 3411//3411
f 3405//3405 3436//3436 3434//3434
f 3407//3407 3405//3405 3434//3434
f 3409//3409 3435//3435 3410//3410
f 3425//3425 3435//3435 3409//3409
f 3424//3424 3407//3407 3434//3434
f 3424//3424 3435//3435 3425//3425
f 3424//3424 3434//3434 3435//3435
f 3003//3003 3436//3436 3509//3509
f 3460//3460 3005//3005 3510//3510
f 3437//3437 3439//3439 3511//3511
f 3511//3511 3006//3006 3437//3437
f 3005//3005 3457//3457 3512//3512
f 3438//3438 3439//3439 3005//3005
f 3512//3512 3515//3515 3513//3513
f 3441//3441 3442//3442 3004//3004
f 3445//3445 3004//3004 3442//3442
f 3434//3434 3442//3442 3435//3435
f 3003//3003 3434//3434 3436//3436
f 3457//3457 3460//3460 3453//3453
f 3005//3005 3460//3460 3457//3457
f 3510//3510 3439//3439 3437//3437
f 3441//3441 3004//3004 3512//3512
f 3438//3438 3004//3004 3445//3445
f 3438//3438 3445//3445 3003//3003
f 3508//3508 3003//3003 3443//3443
f 3002//3002 3508//3508 3443//3443
f 3443//3443 3514//3514 3002//3002
f 3003//3003 3442//3442 3434//3434
f 3457//3457 3006//3006 3515//3515
f 3515//3515 3512//3512 3457//3457
f 3439//3439 3438//3438 3511//3511
f 3511//3511 3440//3440 3515//3515
f 3515//3515 3440//3440 3513//3513
f 3441//3441 3512//3512 3513//3513
f 3003//3003 3508//3508 3438//3438
f 3442//3442 3444//3444 3435//3435
f 3449//3449 3008//3008 3446//3446
f 3461//3461 3451//3451 3450//3450
f 3462//3462 3461//3461 3454//3454
f 3471//3471 3455//3455 3464//3464
f 3008//3008 3448//3448 3464//3464
f 3456//3456 3448//3448 3008//3008
f 3456//3456 3458//3458 3448//3448
f 3456//3456 3459//3459 3458//3458
f 3007//3007 3459//3459 3456//3456
f 3449//3449 3466//3466 3456//3456
f 3466//3466 3450//3450 3456//3456
f 3452//3452 3451//3451 3461//3461
f 3461//3461 3462//3462 3452//3452
f 3462//3462 3454//3454 3447//3447
f 3453//3453 3447//3447 3454//3454
f 3463//3463 3460//3460 3510//3510
f 3461//3461 3510//3510 3437//3437
f 3461//3461 3463//3463 3510//3510
f 3437//3437 3006//3006 3454//3454
f 3009//3009 3471//3471 3464//3464
f 3007//3007 3456//3456 3450//3450
f 3447//3447 3449//3449 3446//3446
f 3466//3466 3449//3449 3447//3447
f 3466//3466 3447//3447 3453//3453
f 3463//3463 3450//3450 3460//3460
f 3006//3006 3453//3453 3454//3454
f 3448//3448 3009//3009 3464//3464
f 3458//3458 3009//3009 3448//3448
f 3455//3455 3459//3459 3007//3007
f 3464//3464 3465//3465 3446//3446
f 3008//3008 3464//3464 3446//3446
f 3007//3007 3451//3451 3465//3465
f 3452//3452 3446//3446 3465//3465
f 3462//3462 3447//3447 3446//3446
f 3466//3466 3460//3460 3450//3450
f 3466//3466 3453//3453 3460//3460
f 3463//3463 3461//3461 3450//3450
f 3437//3437 3454//3454 3461//3461
f 3006//3006 3457//3457 3453//3453
f 3455//3455 3007//3007 3465//3465
f 3465//3465 3464//3464 3455//3455
f 3449//3449 3456//3456 3008//3008
f 3465//3465 3451//3451 3452//3452
f 3462//3462 3446//3446 3452//3452
f 3451//3451 3007//3007 3450//3450
f 3013//3013 3467//3467 3012//3012
f 3013//3013 3476//3476 3467//3467
f 3477//3477 3476//3476 3014//3014
f 3474//3474 3469//3469 3477//3477
f 3484//3484 3469//3469 3474//3474
f 3484//3484 3474//3474 3478//3478
f 3479//3479 3480//3480 3477//3477
f 3480//3480 3481//3481 3483//3483
f 3473//3473 3483//3483 3481//3481
f 3479//3479 3482//3482 3455//3455
f 3471//3471 3479//3479 3455//3455
f 3459//3459 3455//3455 3482//3482
f 3013//3013 3014//3014 3476//3476
f 3468//3468 3476//3476 3477//3477
f 3468//3468 3477//3477 3469//3469
f 3478//3478 3010//3010 3014//3014
f 3010//3010 3470//3470 3014//3014
f 3010//3010 3479//3479 3470//3470
f 3470//3470 3479//3479 3477//3477
f 3474//3474 3477//3477 3480//3480
f 3480//3480 3483//3483 3474//3474
f 3482//3482 3475//3475 3473//3473
f 3482//3482 3479//3479 3475//3475
f 3458//3458 3481//3481 3009//3009
f 3481//3481 3458//3458 3472//3472
f 3472//3472 3459//3459 3482//3482
f 3459//3459 3472//3472 3458//3458
f 3476//3476 3015//3015 3467//3467
f 3468//3468 3491//3491 3011//3011
f 3469//3469 3484//3484 3491//3491
f 3012//3012 3491//3491 3484//3484
f 3483//3483 3010//3010 3478//3478
f 3010//3010 3483//3483 3473//3473
f 3010//3010 3473//3473 3475//3475
f 3481//3481 3480//3480 3009//3009
f 3467//3467 3499//3499 3012//3012
f 3015//3015 3476//3476 3468//3468
f 3015//3015 3468//3468 3011//3011
f 3491//3491 3468//3468 3469//3469
f 3012//3012 3484//3484 3013//3013
f 3478//3478 3013//3013 3484//3484
f 3478//3478 3014//3014 3013//3013
f 3470//3470 3477//3477 3014//3014
f 3474//3474 3483//3483 3478//3478
f 3480//3480 3471//3471 3009//3009
f 3482//3482 3473//3473 3472//3472
f 3479//3479 3010//3010 3475//3475
f 3471//3471 3480//3480 3479//3479
f 3473//3473 3481//3481 3472//3472
f 3016//3016 3485//3485 3486//3486
f 3499//3499 3467//3467 3490//3490
f 3490//3490 3467//3467 3015//3015
f 3497//3497 3487//3487 3496//3496
f 3487//3487 3497//3497 3489//3489
f 3502//3502 3487//3487 3489//3489
f 3488//3488 3490//3490 3497//3497
f 3504//3504 3503//3503 3011//3011
f 3495//3495 3497//3497 3496//3496
f 3502//3502 3489//3489 3493//3493
f 3489//3489 3497//3497 3490//3490
f 3500//3500 3489//3489 3490//3490
f 3011//3011 3503//3503 3500//3500
f 3011//3011 3500//3500 3015//3015
f 3016//3016 3486//3486 3506//3506
f 3495//3495 3505//3505 3492//3492
f 3507//3507 3496//3496 3485//3485
f 3485//3485 3496//3496 3487//3487
f 3485//3485 3487//3487 3486//3486
f 3494//3494 3502//3502 3493//3493
f 3492//3492 3494//3494 3493//3493
f 3488//3488 3504//3504 3499//3499
f 3488//3488 3498//3498 3504//3504
f 3012//3012 3504//3504 3491//3491
f 3494//3494 3506//3506 3486//3486
f 3501//3501 3492//3492 3505//3505
f 3507//3507 3505//3505 3495//3495
f 3507//3507 3495//3495 3496//3496
f 3494//3494 3486//3486 3502//3502
f 3492//3492 3493//3493 3498//3498
f 3492//3492 3498//3498 3488//3488
f 3492//3492 3488//3488 3495//3495
f 3495//3495 3488//3488 3497//3497
f 3503//3503 3493//3493 3489//3489
f 3498//3498 3493//3493 3503//3503
f 3504//3504 3498//3498 3503//3503
f 3488//3488 3499//3499 3490//3490
f 3015//3015 3500//3500 3490//3490
f 3011//3011 3491//3491 3504//3504
f 3504//3504 3012//3012 3499//3499
f 3492//3492 3501//3501 3494//3494
f 3502//3502 3486//3486 3487//3487
f 3489//3489 3500//3500 3503//3503
f 3485//3485 3016//3016 3507//3507
f 3507//3507 3501//3501 3505//3505
f 3507//3507 3506//3506 3501//3501
f 3507//3507 3016//3016 3506//3506
f 3439//3439 3510//3510 3005//3005
f 3006//3006 3511//3511 3515//3515
f 3512//3512 3004//3004 3005//3005
f 3002//3002 3440//3440 3508//3508
f 3513//3513 3514//3514 3441//3441
f 3441//3441 3514//3514 3444//3444
f 3445//3445 3442//3442 3003//3003
f 3443//3443 3509//3509 3514//3514
f 3514//3514 3509//3509 3444//3444
f 3444//3444 3509//3509 3435//3435
f 3438//3438 3005//3005 3004//3004
f 3511//3511 3438//3438 3508//3508
f 3440//3440 3511//3511 3508//3508
f 3002//3002 3513//3513 3440//3440
f 3513//3513 3002//3002 3514//3514
f 3442//3442 3441//3441 3444//3444
f 3509//3509 3443//3443 3003//3003
f 3494//3494 3501//3501 3506//3506
f 3395//3395 3432//3432 3410//3410
f 3395//3395 3369//3369 3432//3432
f 3395//3395 3516//3516 3369//3369
f 3394//3394 3516//3516 3395//3395
f 3368//3368 3369//3369 3516//3516
f 3396//3396 3516//3516 3394//3394
f 3396//3396 3368//3368 3516//3516
f 3396//3396 3517//3517 3368//3368
f 3411//3411 3517//3517 3396//3396
f 3367//3367 3368//3368 3517//3517
f 3412//3412 3517//3517 3411//3411
f 3412//3412 3367//3367 3517//3517
f 3412//3412 3518//3518 3367//3367
f 3397//3397 3518//3518 3412//3412
f 3366//3366 3367//3367 3518//3518
f 3413//3413 3518//3518 3397//3397
f 3413//3413 3366//3366 3518//3518
f 3413//3413 3519//3519 3366//3366
f 3414//3414 3519//3519 3413//3413
f 3364//3364 3366//3366 3519//3519
f 3365//3365 3364//3364 3519//3519
f 3365//3365 3519//3519 3414//3414
f 3365//3365 3520//3520 3364//3364
f 3398//3398 3520//3520 3365//3365
f 3362//3362 3364//3364 3520//3520
f 3363//3363 3520//3520 3398//3398
f 3363//3363 3362//3362 3520//3520
f 3363//3363 3521//3521 3362//3362
f 3415//3415 3521//3521 3363//3363
f 3360//3360 3362//3362 3521//3521
f 3361//3361 3521//3521 3415//3415
f 3361//3361 3360//3360 3521//3521
f 3361//3361 3522//3522 3360//3360
f 3416//3416 3522//3522 3361//3361
f 3359//3359 3360//3360 3522//3522
f 3417//3417 3522//3522 3416//3416
f 3417//3417 3359//3359 3522//3522
f 3417//3417 3523//3523 3359//3359
f 3399//3399 3523//3523 3417//3417
f 3356//3356 3359//3359 3523//3523
f 3358//3358 3523//3523 3399//3399
f 3358//3358 3356//3356 3523//3523
f 3358//3358 3524//3524 3356//3356
f 3400//3400 3524//3524 3358//3358
f 3354//3354 3356//3356 3524//3524
f 3357//3357 3354//3354 3524//3524
f 3357//3357 3524//3524 3400//3400
f 3357//3357 3525//3525 3354//3354
f 3401//3401 3525//3525 3357//3357
f 3353//3353 3354//3354 3525//3525
f 3418//3418 3525//3525 3401//3401
f 3355//3355 3353//3353 3525//3525
f 3355//3355 3525//3525 3418//3418
f 3355//3355 3526//3526 3353//3353
f 3403//3403 3526//3526 3355//3355
f 3351//3351 3353//3353 3526//3526
f 3352//3352 3351//3351 3526//3526
f 3352//3352 3526//3526 3403//3403
f 3352//3352 3527//3527 3351//3351
f 3402//3402 3527//3527 3352//3352
f 3349//3349 3351//3351 3527//3527
f 3350//3350 3349//3349 3527//3527
f 3350//3350 3527//3527 3402//3402
f 3392//3392 3528//3528 3391//3391
f 3404//3404 3528//3528 3392//3392
f 3389//3389 3391//3391 3528//3528
f 3390//3390 3389//3389 3528//3528
f 3390//3390 3528//3528 3404//3404
f 3390//3390 3529//3529 3389//3389
f 3420//3420 3529//3529 3390//3390
f 3387//3387 3389//3389 3529//3529
f 3388//3388 3387//3387 3529//3529
f 3388//3388 3529//3529 3420//3420
f 3388//3388 3530//3530 3387//3387
f 3421//3421 3530//3530 3388//3388
f 3386//3386 3387//3387 3530//3530
f 3385//3385 3530//3530 3421//3421
f 3385//3385 3386//3386 3530//3530
f 3385//3385 3531//3531 3386//3386
f 3422//3422 3531//3531 3385//3385
f 3384//3384 3386//3386 3531//3531
f 3383//3383 3384//3384 3531//3531
f 3383//3383 3531//3531 3422//3422
f 3123//3123 3532//3532 3548//3548
f 3114//3114 3532//3532 3123//3123
f 3114//3114 3533//3533 3532//3532
f 3088//3088 3533//3533 3114//3114
f 3088//3088 3534//3534 3533//3533
f 3075//3075 3534//3534 3088//3088
f 3075//3075 3535//3535 3534//3534
f 3063//3063 3535//3535 3075//3075
f 3063//3063 3536//3536 3535//3535
f 3051//3051 3536//3536 3063//3063
f 3043//3043 3537//3537 3536//3536
f 3043//3043 3536//3536 3051//3051
f 3037//3037 3537//3537 3043//3043
f 3037//3037 3538//3538 3537//3537
f 3042//3042 3538//3538 3037//3037
f 3049//3049 3538//3538 3042//3042
f 3049//3049 3539//3539 3538//3538
f 3070//3070 3539//3539 3049//3049
f 3070//3070 3540//3540 3539//3539
f 3080//3080 3540//3540 3070//3070
f 3080//3080 3541//3541 3540//3540
f 3096//3096 3541//3541 3080//3080
f 3096//3096 3542//3542 3541//3541
f 3106//3106 3542//3542 3096//3096
f 3113//3113 3542//3542 3106//3106
f 3113//3113 3543//3543 3542//3542
f 3128//3128 3543//3543 3113//3113
f 3128//3128 3544//3544 3543//3543
f 3143//3143 3544//3544 3128//3128
f 3143//3143 3546//3546 3544//3544
f 3155//3155 3546//3546 3143//3143
f 3155//3155 3545//3545 3546//3546
f 3157//3157 3545//3545 3155//3155
f 3150//3150 3545//3545 3157//3157
f 3150//3150 3547//3547 3545//3545
f 3146//3146 3547//3547 3150//3150
f 3146//3146 3548//3548 3547//3547
f 3123//3123 3548//3548 3146//3146
f 3554//3554 3537//3537 3538//3538
f 3549//3549 3554//3554 3538//3538
f 3554//3554 3536//3536 3537//3537
f 3549//3549 3538//3538 3539//3539
f 3554//3554 3535//3535 3536//3536
f 3551//3551 3535//3535 3554//3554
f 3550//3550 3549//3549 3539//3539
f 3550//3550 3539//3539 3540//3540
f 3551//3551 3534//3534 3535//3535
f 3557//3557 3534//3534 3551//3551
f 3550//3550 3540//3540 3541//3541
f 3556//3556 3534//3534 3557//3557
f 3552//3552 3550//3550 3541//3541
f 3533//3533 3534//3534 3556//3556
f 3542//3542 3552//3552 3541//3541
f 3532//3532 3533//3533 3556//3556
f 3542//3542 3565//3565 3552//3552
f 3532//3532 3556//3556 3560//3560
f 3543//3543 3565//3565 3542//3542
f 3548//3548 3532//3532 3560//3560
f 3544//3544 3565//3565 3543//3543
f 3544//3544 3553//3553 3565//3565
f 3547//3547 3560//3560 3555//3555
f 3547//3547 3548//3548 3560//3560
f 3546//3546 3553//3553 3544//3544
f 3545//3545 3547//3547 3555//3555
f 3545//3545 3555//3555 3553//3553
f 3545//3545 3553//3553 3546//3546
f 3558//3558 3556//3556 3557//3557
f 3559//3559 3558//3558 3557//3557
f 3559//3559 3557//3557 3551//3551
f 3560//3560 3556//3556 3558//3558
f 3561//3561 3559//3559 3551//3551
f 3561//3561 3551//3551 3554//3554
f 3562//3562 3561//3561 3554//3554
f 3549//3549 3562//3562 3554//3554
f 3549//3549 3563//3563 3562//3562
f 3549//3549 3564//3564 3563//3563
f 3550//3550 3564//3564 3549//3549
f 3550//3550 3566//3566 3564//3564
f 3552//3552 3566//3566 3550//3550
f 3552//3552 3565//3565 3567//3567
f 3552//3552 3567//3567 3566//3566
f 3568//3568 3561//3561 3562//3562
f 3568//3568 3575//3575 3561//3561
f 3574//3574 3568//3568 3562//3562
f 3574//3574 3562//3562 3563//3563
f 3574//3574 3563//3563 3564//3564
f 3569//3569 3574//3574 3564//3564
f 3569//3569 3564//3564 3566//3566
f 3578//3578 3569//3569 3566//3566
f 3578//3578 3566//3566 3567//3567
f 3577//3577 3578//3578 3567//3567
f 3577//3577 3567//3567 3565//3565
f 3576//3576 3577//3577 3565//3565
f 3576//3576 3565//3565 3553//3553
f 3570//3570 3576//3576 3553//3553
f 3570//3570 3553//3553 3555//3555
f 3571//3571 3570//3570 3555//3555
f 3571//3571 3555//3555 3560//3560
f 3572//3572 3571//3571 3560//3560
f 3572//3572 3560//3560 3558//3558
f 3573//3573 3572//3572 3558//3558
f 3573//3573 3558//3558 3559//3559
f 3575//3575 3573//3573 3559//3559
f 3575//3575 3559//3559 3561//3561
f 3583//3583 3568//3568 3574//3574
f 3584//3584 3583//3583 3574//3574
f 3583//3583 3575//3575 3568//3568
f 3584//3584 3574//3574 3569//3569
f 3584//3584 3569//3569 3578//3578
f 3582//3582 3575//3575 3583//3583
f 3581//3581 3584//3584 3578//3578
f 3577//3577 3581//3581 3578//3578
f 3573//3573 3575//3575 3582//3582
f 3576//3576 3581//3581 3577//3577
f 3572//3572 3573//3573 3582//3582
f 3572//3572 3582//3582 3580//3580
f 3576//3576 3579//3579 3581//3581
f 3570//3570 3579//3579 3576//3576
f 3571//3571 3572//3572 3580//3580
f 3570//3570 3580//3580 3579//3579
f 3570//3570 3571//3571 3580//3580
f 3584//3584 3585//3585 3583//3583
f 3584//3584 3586//3586 3585//3585
f 3581//3581 3586//3586 3584//3584
f 3581//3581 3587//3587 3586//3586
f 3579//3579 3587//3587 3581//3581
f 3579//3579 3588//3588 3587//3587
f 3579//3579 3589//3589 3588//3588
f 3580//3580 3589//3589 3579//3579
f 3580//3580 3590//3590 3589//3589
f 3582//3582 3590//3590 3580//3580
f 3582//3582 3591//3591 3590//3590
f 3583//3583 3591//3591 3582//3582
f 3583//3583 3585//3585 3591//3591
f 3589//3589 3586//3586 3587//3587
f 3589//3589 3585//3585 3586//3586
f 3589//3589 3590//3590 3591//3591
f 3589//3589 3587//3587 3588//3588
f 3589//3589 3591//3591 3585//3585
f 3592//3592 3597//3597 3593//3593
f 3592//3592 3598//3598 3597//3597
f 3592//3592 3593//3593 3594//3594
f 3595//3595 3592//3592 3594//3594
f 3595//3595 3594//3594 3596//3596
f 3598//3598 3595//3595 3596//3596
f 3598//3598 3596//3596 3597//3597
f 3595//3595 3598//3598 3592//3592
f 3601//3601 3602//3602 3599//3599
f 3600//3600 3601//3601 3599//3599
f 3604//3604 3601//3601 3600//3600
f 3606//3606 3602//3602 3604//3604
f 3603//3603 3602//3602 3606//3606
f 3603//3603 3599//3599 3602//3602
f 3606//3606 3604//3604 3600//3600
f 3597//3597 3603//3603 3605//3605
f 3596//3596 3603//3603 3597//3597
f 3593//3593 3597//3597 3605//3605
f 3593//3593 3605//3605 3606//3606
f 3607//3607 3599//3599 3603//3603
f 3607//3607 3596//3596 3594//3594
f 3607//3607 3603//3603 3596//3596
f 3608//3608 3606//3606 3600//3600
f 3608//3608 3607//3607 3594//3594
f 3608//3608 3593//3593 3606//3606
f 3608//3608 3594//3594 3593//3593
f 3609//3609 3600//3600 3599//3599
f 3609//3609 3610//3610 3600//3600
f 3610//3610 3608//3608 3600//3600
f 3610//3610 3611//3611 3608//3608
f 3611//3611 3607//3607 3608//3608
f 3611//3611 3612//3612 3607//3607
f 3612//3612 3599//3599 3607//3607
f 3612//3612 3609//3609 3599//3599
f 3613//3613 3612//3612 3611//3611
f 3613//3613 3611//3611 3614//3614
f 3610//3610 3615//3615 3614//3614
f 3610//3610 3614//3614 3611//3611
f 3616//3616 3610//3610 3609//3609
f 3616//3616 3609//3609 3612//3612
f 3616//3616 3612//3612 3613//3613
f 3616//3616 3615//3615 3610//3610
f 3617//3617 3618//3618 3619//3619
f 3615//3615 3618//3618 3617//3617
f 3620//3620 3621//3621 3622//3622
f 3614//3614 3617//3617 3621//3621
f 3614//3614 3615//3615 3617//3617
f 3614//3614 3621//3621 3620//3620
f 3621//3621 3617//3617 3623//3623
f 3621//3621 3623//3623 3624//3624
f 3622//3622 3624//3624 3625//3625
f 3622//3622 3621//3621 3624//3624
f 3625//3625 3620//3620 3622//3622
f 3625//3625 3626//3626 3620//3620
f 3613//3613 3620//3620 3626//3626
f 3613//3613 3614//3614 3620//3620
f 3624//3624 3626//3626 3625//3625
f 3613//3613 3626//3626 3624//3624
f 3627//3627 3623//3623 3628//3628
f 3616//3616 3624//3624 3623//3623
f 3616//3616 3613//3613 3624//3624
f 3616//3616 3623//3623 3627//3627
f 3615//3615 3627//3627 3618//3618
f 3615//3615 3616//3616 3627//3627
f 3627//3627 3619//3619 3618//3618
f 3627//3627 3628//3628 3619//3619
f 3628//3628 3617//3617 3619//3619
f 3628//3628 3623//3623 3617//3617
f 3629//3629 3631//3631 3606//3606
f 3629//3629 3606//3606 3605//3605
f 3630//3630 3629//3629 3605//3605
f 3630//3630 3605//3605 3603//3603
f 3631//3631 3630//3630 3603//3603
f 3631//3631 3603//3603 3606//3606
f 3630//3630 3631//3631 3629//3629
f 3632//3632 3633//3633 3601//3601
f 3632//3632 3601//3601 3604//3604
f 3633//3633 3632//3632 3604//3604
f 3633//3633 3604//3604 3602//3602
f 3633//3633 3602//3602 3601//3601
f 3640//3640 3635//3635 3634//3634
f 3640//3640 3636//3636 3635//3635
f 3637//3637 3634//3634 3635//3635
f 3638//3638 3637//3637 3635//3635
f 3638//3638 3635//3635 3636//3636
f 3639//3639 3638//3638 3636//3636
f 3639//3639 3636//3636 3640//3640
f 3637//3637 3640//3640 3634//3634
f 3639//3639 3640//3640 3637//3637
f 3639//3639 3637//3637 3638//3638
f 3642//3642 3643//3643 3641//3641
f 3642//3642 3644//3644 3643//3643
f 3645//3645 3647//3647 3641//3641
f 3645//3645 3641//3641 3643//3643
f 3646//3646 3645//3645 3643//3643
f 3646//3646 3643//3643 3644//3644
f 3642//3642 3646//3646 3644//3644
f 3647//3647 3642//3642 3641//3641
f 3647//3647 3646//3646 3642//3642
f 3647//3647 3645//3645 3646//3646
f 3651//3651 3649//3649 3648//3648
f 3651//3651 3650//3650 3649//3649
f 3653//3653 3652//3652 3648//3648
f 3653//3653 3648//3648 3649//3649
f 3653//3653 3649//3649 3650//3650
f 3654//3654 3653//3653 3650//3650
f 3654//3654 3650//3650 3651//3651
f 3652//3652 3654//3654 3651//3651
f 3652//3652 3651//3651 3648//3648
f 3653//3653 3654//3654 3652//3652
f 3656//3656 3655//3655 3658//3658
f 3657//3657 3658//3658 3659//3659
f 3660//3660 3657//3657 3659//3659
f 3660//3660 3659//3659 3655//3655
f 3656//3656 3660//3660 3655//3655
f 3657//3657 3656//3656 3658//3658
f 3656//3656 3657//3657 3660//3660
f 3662//3662 3661//3661 3664//3664
f 3663//3663 3666//3666 3664//3664
f 3663//3663 3664//3664 3661//3661
f 3665//3665 3662//3662 3666//3666
f 3667//3667 3662//3662 3665//3665
f 3667//3667 3661//3661 3662//3662
f 3668//3668 3665//3665 3666//3666
f 3668//3668 3666//3666 3663//3663
f 3659//3659 3667//3667 3655//3655
f 3655//3655 3667//3667 3668//3668
f 3669//3669 3661//3661 3667//3667
f 3669//3669 3659//3659 3658//3658
f 3669//3669 3667//3667 3659//3659
f 3670//3670 3668//3668 3663//3663
f 3670//3670 3669//3669 3658//3658
f 3670//3670 3655//3655 3668//3668
f 3670//3670 3658//3658 3655//3655
f 3671//3671 3663//3663 3661//3661
f 3671//3671 3672//3672 3663//3663
f 3672//3672 3670//3670 3663//3663
f 3672//3672 3673//3673 3670//3670
f 3673//3673 3669//3669 3670//3670
f 3673//3673 3674//3674 3669//3669
f 3674//3674 3661//3661 3669//3669
f 3674//3674 3671//3671 3661//3661
f 3675//3675 3674//3674 3673//3673
f 3675//3675 3673//3673 3676//3676
f 3672//3672 3677//3677 3676//3676
f 3672//3672 3676//3676 3673//3673
f 3678//3678 3672//3672 3671//3671
f 3678//3678 3671//3671 3674//3674
f 3678//3678 3674//3674 3675//3675
f 3678//3678 3677//3677 3672//3672
f 3679//3679 3680//3680 3681//3681
f 3677//3677 3680//3680 3679//3679
f 3682//3682 3683//3683 3684//3684
f 3676//3676 3679//3679 3683//3683
f 3676//3676 3677//3677 3679//3679
f 3676//3676 3683//3683 3682//3682
f 3683//3683 3679//3679 3685//3685
f 3683//3683 3685//3685 3686//3686
f 3684//3684 3686//3686 3687//3687
f 3684//3684 3683//3683 3686//3686
f 3687//3687 3682//3682 3684//3684
f 3687//3687 3688//3688 3682//3682
f 3675//3675 3682//3682 3688//3688
f 3675//3675 3676//3676 3682//3682
f 3686//3686 3688//3688 3687//3687
f 3675//3675 3688//3688 3686//3686
f 3689//3689 3685//3685 3690//3690
f 3678//3678 3686//3686 3685//3685
f 3678//3678 3675//3675 3686//3686
f 3678//3678 3685//3685 3689//3689
f 3677//3677 3689//3689 3680//3680
f 3677//3677 3678//3678 3689//3689
f 3689//3689 3681//3681 3680//3680
f 3689//3689 3690//3690 3681//3681
f 3690//3690 3679//3679 3681//3681
f 3690//3690 3685//3685 3679//3679
f 3692//3692 3665//3665 3668//3668
f 3691//3691 3692//3692 3668//3668
f 3691//3691 3668//3668 3667//3667
f 3691//3691 3667//3667 3665//3665
f 3692//3692 3691//3691 3665//3665
f 3695//3695 3694//3694 3664//3664
f 3695//3695 3664//3664 3666//3666
f 3693//3693 3695//3695 3666//3666
f 3693//3693 3666//3666 3662//3662
f 3694//3694 3693//3693 3662//3662
f 3694//3694 3662//3662 3664//3664
f 3693//3693 3694//3694 3695//3695
f 3698//3698 3697//3697 3696//3696
f 3700//3700 3696//3696 3697//3697
f 3699//3699 3700//3700 3697//3697
f 3699//3699 3697//3697 3698//3698
f 3701//3701 3699//3699 3698//3698
f 3701//3701 3698//3698 3696//3696
f 3700//3700 3701//3701 3696//3696
f 3701//3701 3700//3700 3699//3699
f 3704//3704 3702//3702 3703//3703
f 3705//3705 3704//3704 3703//3703
f 3705//3705 3703//3703 3702//3702
f 3704//3704 3705//3705 3702//3702
f 3707//3707 3709//3709 3706//3706
f 3710//3710 3709//3709 3707//3707
f 3711//3711 3710//3710 3707//3707
f 3711//3711 3707//3707 3706//3706
f 3708//3708 3711//3711 3706//3706
f 3708//3708 3706//3706 3709//3709
f 3710//3710 3708//3708 3709//3709
f 3711//3711 3708//3708 3710//3710
f 3713//3713 3714//3714 3712//3712
f 3719//3719 3712//3712 3714//3714
f 3713//3713 3712//3712 3715//3715
f 3716//3716 3713//3713 3715//3715
f 3728//3728 3716//3716 3715//3715
f 3717//3717 3719//3719 3718//3718
f 3717//3717 3712//3712 3719//3719
f 3720//3720 3717//3717 3718//3718
f 3720//3720 3718//3718 3725//3725
f 3721//3721 3720//3720 3725//3725
f 3722//3722 3717//3717 3720//3720
f 3722//3722 3720//3720 3723//3723
f 3732//3732 3721//3721 3725//3725
f 3724//3724 3721//3721 3732//3732
f 3724//3724 3723//3723 3721//3721
f 3724//3724 3722//3722 3723//3723
f 3736//3736 3722//3722 3724//3724
f 3733//3733 3727//3727 3726//3726
f 3727//3727 3715//3715 3726//3726
f 3727//3727 3728//3728 3715//3715
f 3730//3730 3728//3728 3727//3727
f 3733//3733 3726//3726 3729//3729
f 3731//3731 3734//3734 3732//3732
f 3730//3730 3725//3725 3728//3728
f 3731//3731 3732//3732 3725//3725
f 3734//3734 3736//3736 3732//3732
f 3731//3731 3725//3725 3730//3730
f 3742//3742 3731//3731 3730//3730
f 3737//3737 3733//3733 3729//3729
f 3735//3735 3736//3736 3734//3734
f 3735//3735 3722//3722 3736//3736
f 3749//3749 3737//3737 3729//3729
f 3738//3738 3740//3740 3731//3731
f 3739//3739 3731//3731 3742//3742
f 3739//3739 3738//3738 3731//3731
f 3741//3741 3740//3740 3738//3738
f 3741//3741 3735//3735 3740//3740
f 3744//3744 3745//3745 3739//3739
f 3752//3752 3744//3744 3739//3739
f 3752//3752 3739//3739 3742//3742
f 3752//3752 3742//3742 3743//3743
f 3746//3746 3735//3735 3741//3741
f 3746//3746 3744//3744 3747//3747
f 3746//3746 3745//3745 3744//3744
f 3746//3746 3722//3722 3735//3735
f 3746//3746 3741//3741 3745//3745
f 3748//3748 3746//3746 3747//3747
f 3748//3748 3750//3750 3749//3749
f 3748//3748 3751//3751 3750//3750
f 3748//3748 3743//3743 3751//3751
f 3748//3748 3752//3752 3743//3743
f 3748//3748 3747//3747 3752//3752
f 3748//3748 3749//3749 3729//3729
f 3717//3717 3722//3722 3753//3753
f 3717//3717 3753//3753 3754//3754
f 3754//3754 3755//3755 3712//3712
f 3754//3754 3712//3712 3717//3717
f 3715//3715 3712//3712 3755//3755
f 3715//3715 3755//3755 3756//3756
f 3756//3756 3757//3757 3726//3726
f 3756//3756 3726//3726 3715//3715
f 3729//3729 3726//3726 3757//3757
f 3729//3729 3757//3757 3758//3758
f 3758//3758 3759//3759 3748//3748
f 3758//3758 3748//3748 3729//3729
f 3746//3746 3748//3748 3759//3759
f 3746//3746 3759//3759 3760//3760
f 3760//3760 3753//3753 3722//3722
f 3760//3760 3722//3722 3746//3746
f 3761//3761 3755//3755 3762//3762
f 3766//3766 3762//3762 3755//3755
f 3763//3763 3756//3756 3755//3755
f 3763//3763 3755//3755 3761//3761
f 3764//3764 3763//3763 3765//3765
f 3764//3764 3756//3756 3763//3763
f 3754//3754 3766//3766 3755//3755
f 3754//3754 3768//3768 3766//3766
f 3767//3767 3764//3764 3765//3765
f 3767//3767 3765//3765 3768//3768
f 3757//3757 3764//3764 3769//3769
f 3757//3757 3756//3756 3764//3764
f 3770//3770 3768//3768 3754//3754
f 3770//3770 3767//3767 3768//3768
f 3773//3773 3767//3767 3770//3770
f 3753//3753 3770//3770 3754//3754
f 3753//3753 3771//3771 3770//3770
f 3753//3753 3775//3775 3771//3771
f 3772//3772 3767//3767 3773//3773
f 3772//3772 3773//3773 3775//3775
f 3774//3774 3772//3772 3775//3775
f 3774//3774 3775//3775 3753//3753
f 3780//3780 3774//3774 3753//3753
f 3782//3782 3776//3776 3769//3769
f 3776//3776 3757//3757 3769//3769
f 3776//3776 3758//3758 3757//3757
f 3777//3777 3767//3767 3772//3772
f 3782//3782 3769//3769 3778//3778
f 3777//3777 3778//3778 3767//3767
f 3779//3779 3778//3778 3777//3777
f 3777//3777 3772//3772 3780//3780
f 3786//3786 3777//3777 3780//3780
f 3781//3781 3758//3758 3776//3776
f 3786//3786 3780//3780 3753//3753
f 3790//3790 3782//3782 3778//3778
f 3783//3783 3778//3778 3779//3779
f 3784//3784 3778//3778 3783//3783
f 3785//3785 3783//3783 3779//3779
f 3785//3785 3779//3779 3786//3786
f 3787//3787 3778//3778 3784//3784
f 3792//3792 3787//3787 3784//3784
f 3788//3788 3778//3778 3787//3787
f 3792//3792 3784//3784 3789//3789
f 3788//3788 3790//3790 3778//3778
f 3759//3759 3790//3790 3788//3788
f 3759//3759 3791//3791 3790//3790
f 3759//3759 3781//3781 3791//3791
f 3760//3760 3788//3788 3792//3792
f 3760//3760 3785//3785 3786//3786
f 3760//3760 3786//3786 3753//3753
f 3760//3760 3792//3792 3789//3789
f 3760//3760 3759//3759 3788//3788
f 3760//3760 3789//3789 3785//3785
f 3759//3759 3758//3758 3781//3781
f 3767//3767 3778//3778 3793//3793
f 3767//3767 3793//3793 3794//3794
f 3778//3778 3769//3769 3795//3795
f 3778//3778 3795//3795 3793//3793
f 3795//3795 3796//3796 3794//3794
f 3795//3795 3794//3794 3793//3793
f 3764//3764 3767//3767 3794//3794
f 3764//3764 3794//3794 3796//3796
f 3769//3769 3764//3764 3796//3796
f 3769//3769 3796//3796 3795//3795
f 3776//3776 3727//3727 3733//3733
f 3782//3782 3727//3727 3776//3776
f 3782//3782 3730//3730 3727//3727
f 3782//3782 3742//3742 3730//3730
f 3790//3790 3742//3742 3782//3782
f 3790//3790 3743//3743 3742//3742
f 3790//3790 3751//3751 3743//3743
f 3791//3791 3751//3751 3790//3790
f 3791//3791 3750//3750 3751//3751
f 3781//3781 3750//3750 3791//3791
f 3781//3781 3749//3749 3750//3750
f 3781//3781 3737//3737 3749//3749
f 3776//3776 3737//3737 3781//3781
f 3776//3776 3733//3733 3737//3737
f 3762//3762 3713//3713 3761//3761
f 3762//3762 3714//3714 3713//3713
f 3762//3762 3719//3719 3714//3714
f 3766//3766 3719//3719 3762//3762
f 3766//3766 3718//3718 3719//3719
f 3768//3768 3718//3718 3766//3766
f 3768//3768 3725//3725 3718//3718
f 3765//3765 3725//3725 3768//3768
f 3765//3765 3728//3728 3725//3725
f 3763//3763 3728//3728 3765//3765
f 3763//3763 3716//3716 3728//3728
f 3763//3763 3713//3713 3716//3716
f 3761//3761 3713//3713 3763//3763
f 3734//3734 3786//3786 3735//3735
f 3734//3734 3777//3777 3786//3786
f 3731//3731 3777//3777 3734//3734
f 3731//3731 3779//3779 3777//3777
f 3740//3740 3779//3779 3731//3731
f 3740//3740 3786//3786 3779//3779
f 3735//3735 3786//3786 3740//3740
f 3741//3741 3785//3785 3745//3745
f 3738//3738 3785//3785 3741//3741
f 3738//3738 3783//3783 3785//3785
f 3738//3738 3784//3784 3783//3783
f 3739//3739 3784//3784 3738//3738
f 3745//3745 3784//3784 3739//3739
f 3745//3745 3789//3789 3784//3784
f 3745//3745 3785//3785 3789//3789
f 3744//3744 3787//3787 3792//3792
f 3752//3752 3787//3787 3744//3744
f 3752//3752 3788//3788 3787//3787
f 3747//3747 3788//3788 3752//3752
f 3747//3747 3792//3792 3788//3788
f 3744//3744 3792//3792 3747//3747
f 3732//3732 3772//3772 3774//3774
f 3732//3732 3774//3774 3724//3724
f 3736//3736 3772//3772 3732//3732
f 3736//3736 3780//3780 3772//3772
f 3724//3724 3780//3780 3736//3736
f 3724//3724 3774//3774 3780//3780
f 3723//3723 3771//3771 3775//3775
f 3720//3720 3771//3771 3723//3723
f 3720//3720 3770//3770 3771//3771
f 3720//3720 3773//3773 3770//3770
f 3721//3721 3773//3773 3720//3720
f 3721//3721 3775//3775 3773//3773
f 3723//3723 3775//3775 3721//3721
f 4152//4152 4161//4161 4150//4150
f 4158//4158 4149//4149 3798//3798
f 3800//3800 4158//4158 3798//3798
f 4150//4150 3800//3800 3798//3798
f 4161//4161 3800//3800 4150//4150
f 3800//3800 4154//4154 4156//4156
f 3799//3799 4154//4154 3800//3800
f 3799//3799 3801//3801 4154//4154
f 4158//4158 4162//4162 4157//4157
f 4158//4158 4156//4156 4162//4162
f 3800//3800 4156//4156 4158//4158
f 4155//4155 3906//3906 4159//4159
f 3801//3801 3906//3906 4155//4155
f 4148//4148 4146//4146 3805//3805
f 3803//3803 3802//3802 4148//4148
f 4134//4134 3802//3802 3803//3803
f 3804//3804 4134//4134 3803//3803
f 4148//4148 3807//3807 4146//4146
f 4148//4148 4139//4139 3807//3807
f 4134//4134 4143//4143 3802//3802
f 4134//4134 4140//4140 4143//4143
f 4132//4132 4140//4140 4134//4134
f 4132//4132 3805//3805 4140//4140
f 3805//3805 4146//4146 4140//4140
f 3806//3806 4137//4137 4146//4146
f 4135//4135 4138//4138 4145//4145
f 4141//4141 4135//4135 3808//3808
f 4142//4142 3903//3903 3809//3809
f 4127//4127 3812//3812 3811//3811
f 4124//4124 4127//4127 3811//3811
f 3810//3810 3814//3814 4057//4057
f 3813//3813 3818//3818 3817//3817
f 4128//4128 3818//3818 3813//3813
f 3815//3815 4128//4128 4127//4127
f 4126//4126 3816//3816 3815//3815
f 3814//3814 3816//3816 4126//4126
f 3814//3814 3817//3817 3816//3816
f 3817//3817 3819//3819 3816//3816
f 3817//3817 3818//3818 3819//3819
f 3818//3818 4492//4492 3820//3820
f 4060//4060 4112//4112 4121//4121
f 3821//3821 4112//4112 4060//4060
f 3821//3821 3823//3823 4112//4112
f 3822//3822 3823//3823 3821//3821
f 3822//3822 3826//3826 3823//3823
f 3822//3822 4122//4122 3826//3826
f 4123//4123 4120//4120 4116//4116
f 4121//4121 4120//4120 4123//4123
f 4121//4121 3827//3827 4120//4120
f 4114//4114 3827//3827 4121//4121
f 3826//3826 3825//3825 3824//3824
f 3826//3826 4119//4119 3825//3825
f 3824//3824 4113//4113 3827//3827
f 3824//3824 3825//3825 4113//4113
f 3828//3828 4117//4117 3825//3825
f 4120//4120 3828//3828 4116//4116
f 4118//4118 3912//3912 3829//3829
f 4120//4120 3912//3912 4118//4118
f 4101//4101 4099//4099 3830//3830
f 3830//3830 4099//4099 3833//3833
f 3831//3831 4099//4099 4101//4101
f 3830//3830 3833//3833 3832//3832
f 4103//4103 4111//4111 3833//3833
f 4103//4103 4105//4105 4111//4111
f 4109//4109 4105//4105 4103//4103
f 4109//4109 4104//4104 4105//4105
f 4107//4107 4104//4104 4109//4109
f 3834//3834 4104//4104 4107//4107
f 4100//4100 4102//4102 3834//3834
f 3833//3833 4102//4102 4100//4100
f 3833//3833 4111//4111 4102//4102
f 4102//4102 3835//3835 3834//3834
f 4086//4086 4092//4092 4052//4052
f 4052//4052 4092//4092 4088//4088
f 4092//4092 4085//4085 4084//4084
f 4087//4087 3836//3836 4085//4085
f 4091//4091 3836//3836 4087//4087
f 4091//4091 3838//3838 3836//3836
f 4052//4052 3838//3838 4091//4091
f 4084//4084 3839//3839 3837//3837
f 3838//3838 4088//4088 3836//3836
f 3839//3839 4095//4095 3837//3837
f 3839//3839 4089//4089 4095//4095
f 4089//4089 4093//4093 4095//4095
f 4089//4089 4098//4098 4093//4093
f 3837//3837 3927//3927 4096//4096
f 3837//3837 3840//3840 3927//3927
f 3843//3843 3841//3841 3842//3842
f 4075//4075 4076//4076 3843//3843
f 3842//3842 4074//4074 4050//4050
f 4078//4078 3842//3842 4050//4050
f 4082//4082 4079//4079 3841//3841
f 4082//4082 4083//4083 4079//4079
f 3845//3845 4083//4083 4082//4082
f 3845//3845 4080//4080 4083//4083
f 3845//3845 4077//4077 4080//4080
f 3848//3848 3847//3847 4048//4048
f 4066//4066 3848//3848 4048//4048
f 3849//3849 4066//4066 4048//4048
f 4065//4065 4066//4066 3849//3849
f 3849//3849 4068//4068 4065//4065
f 4067//4067 3852//3852 4065//4065
f 4067//4067 3853//3853 3852//3852
f 4067//4067 3851//3851 3853//3853
f 4064//4064 3851//3851 4067//4067
f 4073//4073 3850//3850 4066//4066
f 4066//4066 3852//3852 4073//4073
f 4065//4065 3852//3852 4066//4066
f 4073//4073 3854//3854 3850//3850
f 3853//3853 4072//4072 3852//3852
f 3851//3851 4069//4069 3853//3853
f 3850//3850 4069//4069 3851//3851
f 3850//3850 3854//3854 4069//4069
f 3852//3852 4070//4070 3854//3854
f 3855//3855 3894//3894 3857//3857
f 3856//3856 3855//3855 3857//3857
f 3856//3856 3857//3857 4049//4049
f 3902//3902 3856//3856 4049//4049
f 3902//3902 4049//4049 3858//3858
f 3859//3859 3902//3902 3858//3858
f 3860//3860 3859//3859 3858//3858
f 3860//3860 3858//3858 4053//4053
f 3861//3861 3860//3860 4053//4053
f 3861//3861 4053//4053 4056//4056
f 3862//3862 3861//3861 4056//4056
f 3862//3862 4056//4056 3863//3863
f 3864//3864 3862//3862 3863//3863
f 3864//3864 3863//3863 3865//3865
f 3866//3866 3865//3865 3867//3867
f 3866//3866 3864//3864 3865//3865
f 3868//3868 3866//3866 3867//3867
f 3868//3868 3867//3867 3869//3869
f 3917//3917 3868//3868 3869//3869
f 3917//3917 3869//3869 3870//3870
f 3871//3871 3917//3917 3870//3870
f 3871//3871 3870//3870 3872//3872
f 3873//3873 3871//3871 3872//3872
f 3873//3873 3872//3872 3874//3874
f 3875//3875 3873//3873 3874//3874
f 3875//3875 3874//3874 3876//3876
f 3900//3900 3875//3875 3876//3876
f 3900//3900 3876//3876 3877//3877
f 3899//3899 3877//3877 3878//3878
f 3899//3899 3900//3900 3877//3877
f 3899//3899 3878//3878 4054//4054
f 3879//3879 3899//3899 4054//4054
f 3879//3879 4054//4054 3880//3880
f 3881//3881 3879//3879 3880//3880
f 3881//3881 3880//3880 3882//3882
f 3883//3883 3881//3881 3882//3882
f 3883//3883 3882//3882 3885//3885
f 3884//3884 3883//3883 3885//3885
f 3884//3884 3885//3885 3886//3886
f 3888//3888 3884//3884 3886//3886
f 3888//3888 3886//3886 3887//3887
f 3896//3896 3887//3887 3890//3890
f 3896//3896 3888//3888 3887//3887
f 3889//3889 3896//3896 3890//3890
f 3889//3889 3890//3890 4044//4044
f 3892//3892 3889//3889 4044//4044
f 3892//3892 4044//4044 3891//3891
f 3893//3893 3892//3892 3891//3891
f 3893//3893 3891//3891 3894//3894
f 3855//3855 3893//3893 3894//3894
f 3893//3893 3855//3855 3905//3905
f 3895//3895 3893//3893 3905//3905
f 3892//3892 3893//3893 3895//3895
f 3889//3889 3892//3892 3895//3895
f 3897//3897 3888//3888 3896//3896
f 3884//3884 3888//3888 3897//3897
f 3898//3898 3884//3884 3897//3897
f 3883//3883 3884//3884 3898//3898
f 3881//3881 3883//3883 3898//3898
f 3809//3809 3902//3902 3901//3901
f 3903//3903 3902//3902 3809//3809
f 4144//4144 3809//3809 3901//3901
f 3906//3906 3905//3905 4159//4159
f 4131//4131 3904//3904 3907//3907
f 3904//3904 3901//3901 3907//3907
f 4159//4159 3905//3905 3902//3902
f 4159//4159 3902//3902 3903//3903
f 3904//3904 4144//4144 3901//3901
f 4131//4131 3907//3907 3911//3911
f 3906//3906 3895//3895 3905//3905
f 4153//4153 4159//4159 3903//3903
f 4160//4160 3895//3895 3906//3906
f 3911//3911 4492//4492 4131//4131
f 3908//3908 4136//4136 4144//4144
f 3909//3909 3908//3908 4144//4144
f 3908//3908 4153//4153 3903//3903
f 3908//3908 3903//3903 4136//4136
f 3909//3909 4144//4144 3904//3904
f 3932//3932 4153//4153 3908//3908
f 3909//3909 3904//3904 3820//3820
f 3915//3915 4153//4153 3932//3932
f 3910//3910 3909//3909 3820//3820
f 3915//3915 4160//4160 4153//4153
f 4070//4070 4072//4072 3895//3895
f 3829//3829 4492//4492 3911//3911
f 4070//4070 3895//3895 4160//4160
f 4072//4072 3889//3889 3895//3895
f 3912//3912 4492//4492 3829//3829
f 3912//3912 3820//3820 4492//4492
f 3912//3912 3910//3910 3820//3820
f 4070//4070 4160//4160 3915//3915
f 3829//3829 3911//3911 3917//3917
f 4071//4071 4070//4070 3915//3915
f 3912//3912 3913//3913 3910//3910
f 4113//4113 3829//3829 3917//3917
f 3889//3889 4072//4072 3914//3914
f 3923//3923 4071//4071 3915//3915
f 3896//3896 3889//3889 3914//3914
f 3913//3913 3912//3912 4115//4115
f 3923//3923 3916//3916 4071//4071
f 3896//3896 3914//3914 3916//3916
f 3897//3897 3896//3896 3916//3916
f 3920//3920 4113//4113 3917//3917
f 3918//3918 3913//3913 4115//4115
f 4081//4081 3916//3916 3923//3923
f 3835//3835 3913//3913 3918//3918
f 3835//3835 3921//3921 3913//3913
f 3918//3918 4115//4115 4113//4113
f 3919//3919 3916//3916 4081//4081
f 3918//3918 4113//4113 3920//3920
f 3919//3919 3897//3897 3916//3916
f 3922//3922 4081//4081 3923//3923
f 3926//3926 3923//3923 3928//3928
f 3926//3926 3922//3922 3923//3923
f 3898//3898 3897//3897 3919//3919
f 3875//3875 3925//3925 3918//3918
f 3875//3875 3918//3918 3920//3920
f 3924//3924 3928//3928 3921//3921
f 3927//3927 3928//3928 3924//3924
f 3927//3927 3926//3926 3928//3928
f 3924//3924 3921//3921 3835//3835
f 3924//3924 3835//3835 4110//4110
f 3898//3898 3919//3919 3926//3926
f 3881//3881 3898//3898 3926//3926
f 3900//3900 3925//3925 3875//3875
f 3900//3900 4110//4110 3925//3925
f 3881//3881 3926//3926 3927//3927
f 3900//3900 3924//3924 4110//4110
f 3900//3900 4097//4097 3924//3924
f 3899//3899 4097//4097 3900//3900
f 3879//3879 3881//3881 3927//3927
f 3879//3879 3927//3927 4094//4094
f 3899//3899 3879//3879 4094//4094
f 3899//3899 4094//4094 4097//4097
f 3920//3920 3873//3873 3875//3875
f 3871//3871 3873//3873 3920//3920
f 3917//3917 3871//3871 3920//3920
f 3911//3911 3868//3868 3917//3917
f 3866//3866 3868//3868 3911//3911
f 3864//3864 3866//3866 3911//3911
f 3907//3907 3864//3864 3911//3911
f 3862//3862 3864//3864 3907//3907
f 3861//3861 3862//3862 3907//3907
f 3901//3901 3861//3861 3907//3907
f 3860//3860 3861//3861 3901//3901
f 3859//3859 3860//3860 3901//3901
f 3902//3902 3859//3859 3901//3901
f 3905//3905 3856//3856 3902//3902
f 3855//3855 3856//3856 3905//3905
f 3921//3921 3928//3928 3937//3937
f 3923//3923 3929//3929 3928//3928
f 3923//3923 3930//3930 3929//3929
f 3923//3923 3931//3931 3930//3930
f 3915//3915 3931//3931 3923//3923
f 3915//3915 3932//3932 3931//3931
f 3908//3908 3933//3933 3932//3932
f 3908//3908 3934//3934 3933//3933
f 3909//3909 3934//3934 3908//3908
f 3909//3909 3935//3935 3934//3934
f 3910//3910 3935//3935 3909//3909
f 3910//3910 3936//3936 3935//3935
f 3913//3913 3936//3936 3910//3910
f 3913//3913 3937//3937 3936//3936
f 3921//3921 3937//3937 3913//3913
f 3938//3938 3928//3928 3929//3929
f 3939//3939 3938//3938 3929//3929
f 3938//3938 3937//3937 3928//3928
f 3939//3939 3929//3929 3930//3930
f 3940//3940 3937//3937 3938//3938
f 3940//3940 3936//3936 3937//3937
f 3939//3939 3930//3930 3931//3931
f 3931//3931 3941//3941 3939//3939
f 3932//3932 3941//3941 3931//3931
f 3935//3935 3936//3936 3940//3940
f 3935//3935 3940//3940 3942//3942
f 3933//3933 3941//3941 3932//3932
f 3934//3934 3935//3935 3942//3942
f 3933//3933 3942//3942 3941//3941
f 3934//3934 3942//3942 3933//3933
f 3938//3938 3944//3944 3943//3943
f 3939//3939 3944//3944 3938//3938
f 3939//3939 3945//3945 3944//3944
f 3941//3941 3945//3945 3939//3939
f 3941//3941 3946//3946 3945//3945
f 3942//3942 3946//3946 3941//3941
f 3942//3942 3947//3947 3946//3946
f 3940//3940 3947//3947 3942//3942
f 3940//3940 3943//3943 3947//3947
f 3938//3938 3943//3943 3940//3940
f 3960//3960 3948//3948 3959//3959
f 3952//3952 3959//3959 3949//3949
f 3954//3954 3952//3952 3950//3950
f 3965//3965 3951//3951 3961//3961
f 3958//3958 3954//3954 3953//3953
f 3957//3957 3958//3958 3955//3955
f 3945//3945 3959//3959 3944//3944
f 3945//3945 3960//3960 3959//3959
f 3944//3944 3959//3959 3952//3952
f 3964//3964 3956//3956 3965//3965
f 3945//3945 3961//3961 3960//3960
f 3944//3944 3952//3952 3954//3954
f 3967//3967 3958//3958 3957//3957
f 3945//3945 3965//3965 3961//3961
f 3944//3944 3954//3954 3958//3958
f 3945//3945 3964//3964 3965//3965
f 3944//3944 3958//3958 3967//3967
f 3971//3971 3963//3963 3964//3964
f 3966//3966 3967//3967 3962//3962
f 3946//3946 3971//3971 3964//3964
f 3946//3946 3964//3964 3945//3945
f 3944//3944 3967//3967 3966//3966
f 3972//3972 3969//3969 3968//3968
f 3972//3972 3968//3968 3971//3971
f 3972//3972 3971//3971 3946//3946
f 3973//3973 3944//3944 3966//3966
f 3973//3973 3966//3966 3970//3970
f 3943//3943 3944//3944 3973//3973
f 3976//3976 3972//3972 3946//3946
f 3976//3976 3974//3974 3972//3972
f 3977//3977 3943//3943 3973//3973
f 3977//3977 3973//3973 3975//3975
f 3980//3980 3978//3978 3976//3976
f 3982//3982 3976//3976 3946//3946
f 3982//3982 3980//3980 3976//3976
f 3981//3981 3943//3943 3977//3977
f 3981//3981 3977//3977 3979//3979
f 3983//3983 3982//3982 3946//3946
f 3985//3985 3943//3943 3981//3981
f 3984//3984 3985//3985 3981//3981
f 3986//3986 3983//3983 3946//3946
f 3986//3986 3946//3946 3947//3947
f 3986//3986 3987//3987 3983//3983
f 3988//3988 3943//3943 3985//3985
f 3989//3989 3988//3988 3985//3985
f 3990//3990 3986//3986 3947//3947
f 3991//3991 3943//3943 3988//3988
f 3993//3993 3990//3990 3947//3947
f 3995//3995 3991//3991 3988//3988
f 3993//3993 3947//3947 3943//3943
f 3994//3994 3943//3943 3991//3991
f 3994//3994 3993//3993 3943//3943
f 3992//3992 3986//3986 3990//3990
f 3996//3996 3994//3994 3991//3991
f 3997//3997 3993//3993 3994//3994
f 3998//3998 3982//3982 4014//4014
f 3998//3998 4014//4014 3999//3999
f 3998//3998 3980//3980 3982//3982
f 3999//3999 3980//3980 3998//3998
f 4000//4000 3980//3980 3999//3999
f 4000//4000 3978//3978 3980//3980
f 4186//4186 4003//4003 4001//4001
f 4002//4002 4186//4186 4001//4001
f 4188//4188 4003//4003 4185//4185
f 4185//4185 4003//4003 4186//4186
f 4004//4004 4002//4002 4001//4001
f 4004//4004 4001//4001 4026//4026
f 4187//4187 4003//4003 4188//4188
f 4005//4005 4004//4004 4026//4026
f 4006//4006 4003//4003 4187//4187
f 4006//4006 4007//4007 4003//4003
f 4181//4181 4005//4005 4026//4026
f 4191//4191 4007//4007 4006//4006
f 4178//4178 4181//4181 4026//4026
f 4178//4178 4026//4026 4025//4025
f 4008//4008 4007//4007 4191//4191
f 4009//4009 4007//4007 4008//4008
f 4009//4009 4030//4030 4007//4007
f 4010//4010 4178//4178 4025//4025
f 4011//4011 4010//4010 4025//4025
f 4012//4012 4030//4030 4009//4009
f 4015//4015 4030//4030 4012//4012
f 4000//4000 4015//4015 4012//4012
f 4015//4015 4000//4000 3999//3999
f 4025//4025 4013//4013 4011//4011
f 4025//4025 4174//4174 4013//4013
f 4015//4015 3999//3999 4014//4014
f 4015//4015 4014//4014 4163//4163
f 4165//4165 4018//4018 4164//4164
f 4020//4020 4174//4174 4025//4025
f 4015//4015 4163//4163 4018//4018
f 4020//4020 4172//4172 4174//4174
f 4020//4020 4170//4170 4172//4172
f 4019//4019 4015//4015 4018//4018
f 4019//4019 4018//4018 4165//4165
f 4020//4020 4017//4017 4170//4170
f 4023//4023 4017//4017 4020//4020
f 4019//4019 4165//4165 4166//4166
f 4023//4023 4016//4016 4017//4017
f 4019//4019 4166//4166 4167//4167
f 4019//4019 4167//4167 4021//4021
f 4023//4023 4021//4021 4016//4016
f 4019//4019 4021//4021 4023//4023
f 4022//4022 4015//4015 4019//4019
f 4024//4024 4023//4023 4020//4020
f 4027//4027 4026//4026 4001//4001
f 4028//4028 4001//4001 4003//4003
f 4029//4029 4028//4028 4003//4003
f 4029//4029 4003//4003 4007//4007
f 4031//4031 4030//4030 4015//4015
f 4032//4032 4031//4031 4015//4015
f 4022//4022 4032//4032 4015//4015
f 4028//4028 4029//4029 4043//4043
f 4028//4028 4043//4043 4033//4033
f 4001//4001 4028//4028 4033//4033
f 4001//4001 4033//4033 4034//4034
f 4027//4027 4001//4001 4034//4034
f 4026//4026 4027//4027 4034//4034
f 4026//4026 4034//4034 4035//4035
f 4025//4025 4026//4026 4035//4035
f 4025//4025 4035//4035 4036//4036
f 4025//4025 4036//4036 4037//4037
f 4020//4020 4025//4025 4037//4037
f 4020//4020 4037//4037 4038//4038
f 4024//4024 4020//4020 4038//4038
f 4023//4023 4024//4024 4038//4038
f 4023//4023 4038//4038 4039//4039
f 4019//4019 4023//4023 4039//4039
f 4022//4022 4019//4019 4039//4039
f 4022//4022 4039//4039 4040//4040
f 4032//4032 4022//4022 4040//4040
f 4032//4032 4040//4040 4041//4041
f 4031//4031 4032//4032 4041//4041
f 4030//4030 4041//4041 4042//4042
f 4030//4030 4031//4031 4041//4041
f 4007//4007 4030//4030 4042//4042
f 4029//4029 4007//4007 4042//4042
f 4029//4029 4042//4042 4043//4043
f 3847//3847 4068//4068 4044//4044
f 4068//4068 4046//4046 4044//4044
f 3849//3849 4046//4046 4068//4068
f 3847//3847 4044//4044 4045//4045
f 4075//4075 4078//4078 4047//4047
f 4078//4078 4045//4045 4047//4047
f 4151//4151 3797//3797 4046//4046
f 4050//4050 4045//4045 4078//4078
f 4151//4151 4046//4046 3849//3849
f 4050//4050 3847//3847 4045//4045
f 3797//3797 3857//3857 4046//4046
f 4051//4051 4151//4151 3849//3849
f 4075//4075 4047//4047 3880//3880
f 4034//4034 4048//4048 3847//3847
f 4034//4034 4033//4033 4048//4048
f 4043//4043 4048//4048 4033//4033
f 4043//4043 3849//3849 4048//4048
f 4043//4043 4051//4051 3849//3849
f 4034//4034 3847//3847 4050//4050
f 4049//4049 3857//3857 3797//3797
f 3880//3880 4050//4050 4075//4075
f 4035//4035 4034//4034 4050//4050
f 4042//4042 4051//4051 4043//4043
f 4133//4133 4049//4049 3797//3797
f 4086//4086 4050//4050 3880//3880
f 4086//4086 3880//3880 4054//4054
f 4133//4133 3797//3797 4051//4051
f 4052//4052 4050//4050 4086//4086
f 4052//4052 4035//4035 4050//4050
f 4133//4133 4051//4051 4042//4042
f 4148//4148 4133//4133 4042//4042
f 3804//3804 4049//4049 4133//4133
f 3804//3804 4053//4053 4049//4049
f 4052//4052 4036//4036 4035//4035
f 4036//4036 4052//4052 4091//4091
f 4041//4041 4148//4148 4042//4042
f 4041//4041 3803//3803 4148//4148
f 4054//4054 4087//4087 4086//4086
f 4037//4037 4036//4036 4091//4091
f 4055//4055 4087//4087 4054//4054
f 4053//4053 3804//3804 3803//3803
f 4056//4056 4053//4053 3803//3803
f 4055//4055 4091//4091 4087//4087
f 4057//4057 4041//4041 4040//4040
f 3832//3832 4037//4037 4091//4091
f 4057//4057 3803//3803 4041//4041
f 4125//4125 3803//3803 4057//4057
f 3832//3832 4038//4038 4037//4037
f 3832//3832 4091//4091 4055//4055
f 4125//4125 4056//4056 3803//3803
f 3830//3830 3832//3832 4055//4055
f 3830//3830 4055//4055 4058//4058
f 4057//4057 4040//4040 4039//4039
f 4061//4061 4056//4056 4125//4125
f 4060//4060 4039//4039 4038//4038
f 4059//4059 4039//4039 4060//4060
f 4061//4061 4125//4125 3810//3810
f 4058//4058 4101//4101 3830//3830
f 4059//4059 4057//4057 4039//4039
f 4060//4060 4038//4038 3832//3832
f 4060//4060 3832//3832 4101//4101
f 4059//4059 3810//3810 4057//4057
f 3822//3822 3810//3810 4059//4059
f 4063//4063 4101//4101 4058//4058
f 4062//4062 4061//4061 3810//3810
f 4063//4063 4060//4060 4101//4101
f 4062//4062 3810//3810 3822//3822
f 4063//4063 3821//3821 4060//4060
f 3869//3869 3821//3821 4063//4063
f 3869//3869 4062//4062 3822//3822
f 3869//3869 3822//3822 3821//3821
f 3886//3886 4047//4047 4045//4045
f 3886//3886 3885//3885 4047//4047
f 3887//3887 3886//3886 4045//4045
f 3890//3890 4045//4045 4044//4044
f 3890//3890 3887//3887 4045//4045
f 3891//3891 4044//4044 4046//4046
f 3894//3894 3891//3891 4046//4046
f 3894//3894 4046//4046 3857//3857
f 3858//3858 4049//4049 4053//4053
f 3863//3863 4056//4056 4061//4061
f 3865//3865 4061//4061 4062//4062
f 3865//3865 3863//3863 4061//4061
f 3867//3867 3865//3865 4062//4062
f 3869//3869 3867//3867 4062//4062
f 4063//4063 3870//3870 3869//3869
f 3872//3872 3870//3870 4063//4063
f 3874//3874 3872//3872 4063//4063
f 4058//4058 3874//3874 4063//4063
f 3876//3876 3874//3874 4058//4058
f 3877//3877 3876//3876 4058//4058
f 4055//4055 3877//3877 4058//4058
f 3878//3878 3877//3877 4055//4055
f 4054//4054 3878//3878 4055//4055
f 4047//4047 3882//3882 3880//3880
f 3885//3885 3882//3882 4047//4047
f 4064//4064 4067//4067 3847//3847
f 4064//4064 3847//3847 3848//3848
f 4064//4064 3848//3848 3850//3850
f 4066//4066 3850//3850 3848//3848
f 4068//4068 4067//4067 4065//4065
f 4067//4067 4068//4068 3847//3847
f 3853//3853 3914//3914 4072//4072
f 4069//4069 3914//3914 3853//3853
f 4073//4073 3852//3852 3854//3854
f 3850//3850 3851//3851 4064//4064
f 4069//4069 3916//3916 3914//3914
f 4069//4069 4071//4071 3916//3916
f 3854//3854 4071//4071 4069//4069
f 4070//4070 4071//4071 3854//3854
f 3852//3852 4072//4072 4070//4070
f 4075//4075 4050//4050 4076//4076
f 4077//4077 4074//4074 3842//3842
f 4076//4076 4050//4050 4074//4074
f 4074//4074 3845//3845 3844//3844
f 4074//4074 4077//4077 3845//3845
f 3843//3843 4076//4076 3844//3844
f 3844//3844 4076//4076 4074//4074
f 4078//4078 4075//4075 3843//3843
f 3842//3842 3841//3841 4077//4077
f 4078//4078 3843//3843 3842//3842
f 3844//3844 4082//4082 3843//3843
f 4081//4081 4077//4077 3846//3846
f 4079//4079 3846//3846 3841//3841
f 3841//3841 3843//3843 4082//4082
f 4077//4077 4081//4081 4080//4080
f 3846//3846 4077//4077 3841//3841
f 3844//3844 3845//3845 4082//4082
f 3846//3846 3919//3919 4081//4081
f 4079//4079 3919//3919 3846//3846
f 4083//4083 3919//3919 4079//4079
f 4083//4083 3926//3926 3919//3919
f 4080//4080 3926//3926 4083//4083
f 4080//4080 3922//3922 3926//3926
f 4081//4081 3922//3922 4080//4080
f 4089//4089 3839//3839 3836//3836
f 4088//4088 4092//4092 4090//4090
f 4090//4090 4092//4092 4084//4084
f 4086//4086 4087//4087 4085//4085
f 4088//4088 4089//4089 3836//3836
f 4086//4086 4085//4085 4092//4092
f 4084//4084 4085//4085 3836//3836
f 4084//4084 3836//3836 3839//3839
f 4084//4084 3837//3837 4090//4090
f 4052//4052 4088//4088 3838//3838
f 4090//4090 3837//3837 4096//4096
f 3840//3840 4095//4095 4093//4093
f 3927//3927 3924//3924 4098//4098
f 4097//4097 4094//4094 3840//3840
f 4097//4097 3840//3840 4093//4093
f 3924//3924 4093//4093 4098//4098
f 4095//4095 3840//3840 3837//3837
f 4088//4088 4090//4090 4096//4096
f 4098//4098 4089//4089 4088//4088
f 4088//4088 4096//4096 4098//4098
f 3927//3927 3840//3840 4094//4094
f 4093//4093 3924//3924 4097//4097
f 4096//4096 3927//3927 4098//4098
f 3832//3832 3833//3833 4100//4100
f 3831//3831 4101//4101 3832//3832
f 3831//3831 4100//4100 4107//4107
f 3833//3833 4099//4099 4103//4103
f 4100//4100 3831//3831 3832//3832
f 4109//4109 4103//4103 4099//4099
f 4109//4109 4099//4099 3831//3831
f 4109//4109 3831//3831 4107//4107
f 4100//4100 3834//3834 4107//4107
f 4106//4106 3925//3925 4110//4110
f 4108//4108 3918//3918 3925//3925
f 3834//3834 3918//3918 4108//4108
f 3835//3835 3918//3918 3834//3834
f 4102//4102 4110//4110 3835//3835
f 4102//4102 4106//4106 4110//4110
f 4106//4106 4108//4108 3925//3925
f 4108//4108 4105//4105 4104//4104
f 4104//4104 3834//3834 4108//4108
f 4111//4111 4106//4106 4102//4102
f 4105//4105 4108//4108 4106//4106
f 4111//4111 4105//4105 4106//4106
f 4122//4122 3822//3822 4059//4059
f 4121//4121 4112//4112 4114//4114
f 4114//4114 3823//3823 3826//3826
f 4123//4123 4122//4122 4060//4060
f 4123//4123 4060//4060 4121//4121
f 4119//4119 4123//4123 4116//4116
f 3823//3823 4114//4114 4112//4112
f 3828//3828 3825//3825 4119//4119
f 4113//4113 3825//3825 4117//4117
f 4115//4115 4120//4120 3827//3827
f 4119//4119 4116//4116 3828//3828
f 4115//4115 3827//3827 4113//4113
f 4118//4118 4117//4117 3828//3828
f 4118//4118 3828//3828 4120//4120
f 4115//4115 3912//3912 4120//4120
f 4117//4117 4118//4118 3829//3829
f 4117//4117 3829//3829 4113//4113
f 3824//3824 3827//3827 4114//4114
f 3824//3824 4114//4114 3826//3826
f 4059//4059 4060//4060 4122//4122
f 3826//3826 4122//4122 4119//4119
f 4122//4122 4123//4123 4119//4119
f 4124//4124 4125//4125 4057//4057
f 4126//4126 4124//4124 4057//4057
f 4057//4057 3814//3814 4126//4126
f 3810//3810 4125//4125 3811//3811
f 3812//3812 3814//3814 3810//3810
f 3812//3812 3810//3810 3811//3811
f 4131//4131 3818//3818 4128//4128
f 3815//3815 4129//4129 4128//4128
f 4129//4129 3815//3815 3816//3816
f 3813//3813 4127//4127 4128//4128
f 3818//3818 4131//4131 4492//4492
f 4129//4129 3904//3904 4131//4131
f 4129//4129 4131//4131 4128//4128
f 4129//4129 3820//3820 3904//3904
f 3819//3819 3818//3818 3820//3820
f 3816//3816 3820//3820 4129//4129
f 3816//3816 3819//3819 3820//3820
f 3817//3817 3814//3814 3812//3812
f 3813//3813 3812//3812 4127//4127
f 4127//4127 4130//4130 3815//3815
f 3815//3815 4130//4130 4126//4126
f 3812//3812 3813//3813 3817//3817
f 4124//4124 4130//4130 4127//4127
f 4126//4126 4130//4130 4124//4124
f 3811//3811 4125//4125 4124//4124
f 4132//4132 4134//4134 3804//3804
f 3802//3802 4139//4139 4148//4148
f 4133//4133 4132//4132 3804//3804
f 4142//4142 3809//3809 4147//4147
f 3807//3807 4145//4145 3806//3806
f 3807//3807 3808//3808 4145//4145
f 3806//3806 4146//4146 3807//3807
f 3809//3809 4144//4144 4147//4147
f 4144//4144 4136//4136 4135//4135
f 4139//4139 3808//3808 3807//3807
f 4139//4139 4143//4143 3808//3808
f 4138//4138 3903//3903 4142//4142
f 4138//4138 4136//4136 3903//3903
f 4135//4135 4136//4136 4138//4138
f 4141//4141 4144//4144 4135//4135
f 4147//4147 4144//4144 4141//4141
f 4142//4142 4145//4145 4138//4138
f 4137//4137 4140//4140 4146//4146
f 4142//4142 4147//4147 3806//3806
f 4141//4141 4143//4143 4137//4137
f 3806//3806 4147//4147 4137//4137
f 4147//4147 4141//4141 4137//4137
f 4143//4143 4140//4140 4137//4137
f 3806//3806 4145//4145 4142//4142
f 3808//3808 4135//4135 4145//4145
f 4143//4143 4141//4141 3808//3808
f 3802//3802 4143//4143 4139//4139
f 3805//3805 4132//4132 4133//4133
f 4133//4133 4148//4148 3805//3805
f 3797//3797 4151//4151 4152//4152
f 4150//4150 3798//3798 4051//4051
f 3797//3797 4150//4150 4051//4051
f 4149//4149 4158//4158 3799//3799
f 4151//4151 4149//4149 3799//3799
f 4152//4152 3799//3799 4161//4161
f 4152//4152 4151//4151 3799//3799
f 4051//4051 4149//4149 4151//4151
f 3797//3797 4152//4152 4150//4150
f 3798//3798 4149//4149 4051//4051
f 4162//4162 4159//4159 4153//4153
f 3801//3801 4160//4160 3906//3906
f 4160//4160 3801//3801 4157//4157
f 4154//4154 4155//4155 4156//4156
f 4157//4157 3801//3801 3799//3799
f 4158//4158 4157//4157 3799//3799
f 4154//4154 3801//3801 4155//4155
f 4157//4157 4153//4153 4160//4160
f 4162//4162 4153//4153 4157//4157
f 3800//3800 4161//4161 3799//3799
f 4155//4155 4159//4159 4156//4156
f 4156//4156 4159//4159 4162//4162
f 4014//4014 3983//3983 4163//4163
f 4014//4014 3982//3982 3983//3983
f 4163//4163 3987//3987 4018//4018
f 4163//4163 3983//3983 3987//3987
f 4018//4018 3987//3987 4164//4164
f 4164//4164 3992//3992 4165//4165
f 4164//4164 3986//3986 3992//3992
f 4164//4164 3987//3987 3986//3986
f 4166//4166 3992//3992 3990//3990
f 4165//4165 3992//3992 4166//4166
f 4166//4166 3993//3993 4167//4167
f 4166//4166 3990//3990 3993//3993
f 4167//4167 3993//3993 3997//3997
f 4167//4167 3997//3997 4021//4021
f 4021//4021 4168//4168 4016//4016
f 4168//4168 3996//3996 4016//4016
f 4168//4168 3994//3994 3996//3996
f 4168//4168 3997//3997 3994//3994
f 4021//4021 3997//3997 4168//4168
f 4169//4169 4017//4017 4016//4016
f 4169//4169 3991//3991 4017//4017
f 4169//4169 3996//3996 3991//3991
f 4016//4016 3996//3996 4169//4169
f 4017//4017 3991//3991 3995//3995
f 4171//4171 4170//4170 4017//4017
f 4171//4171 3989//3989 4170//4170
f 4171//4171 3988//3988 3989//3989
f 4171//4171 3995//3995 3988//3988
f 4017//4017 3995//3995 4171//4171
f 4170//4170 3985//3985 4172//4172
f 4170//4170 3989//3989 3985//3985
f 4172//4172 3984//3984 4174//4174
f 4172//4172 3985//3985 3984//3984
f 4174//4174 4173//4173 4013//4013
f 4173//4173 3981//3981 3979//3979
f 4173//4173 3979//3979 4013//4013
f 4173//4173 3984//3984 3981//3981
f 4174//4174 3984//3984 4173//4173
f 4175//4175 4011//4011 4013//4013
f 4175//4175 3975//3975 4011//4011
f 4175//4175 3977//3977 3975//3975
f 4175//4175 3979//3979 3977//3977
f 4013//4013 3979//3979 4175//4175
f 4011//4011 4176//4176 4010//4010
f 4176//4176 3970//3970 4010//4010
f 4176//4176 3973//3973 3970//3970
f 4176//4176 3975//3975 3973//3973
f 4011//4011 3975//3975 4176//4176
f 4010//4010 3970//3970 3966//3966
f 4177//4177 4178//4178 4010//4010
f 4177//4177 3962//3962 4178//4178
f 4177//4177 3966//3966 3962//3962
f 4010//4010 3966//3966 4177//4177
f 4181//4181 4178//4178 4179//4179
f 4179//4179 3957//3957 4181//4181
f 4179//4179 3967//3967 3957//3957
f 4179//4179 3962//3962 3967//3967
f 4178//4178 3962//3962 4179//4179
f 4181//4181 3957//3957 3955//3955
f 4005//4005 4181//4181 4180//4180
f 4180//4180 3953//3953 4005//4005
f 4180//4180 3958//3958 3953//3953
f 4180//4180 3955//3955 3958//3958
f 4181//4181 3955//3955 4180//4180
f 4004//4004 4005//4005 4182//4182
f 4182//4182 3950//3950 4004//4004
f 4182//4182 3954//3954 3950//3950
f 4182//4182 3953//3953 3954//3954
f 4005//4005 3953//3953 4182//4182
f 4183//4183 4002//4002 4004//4004
f 4183//4183 3952//3952 3949//3949
f 4183//4183 3950//3950 3952//3952
f 4004//4004 3950//3950 4183//4183
f 4183//4183 3949//3949 4002//4002
f 4184//4184 4186//4186 4002//4002
f 4184//4184 3948//3948 4186//4186
f 4184//4184 3959//3959 3948//3948
f 4184//4184 3949//3949 3959//3959
f 4002//4002 3949//3949 4184//4184
f 4185//4185 3948//3948 3960//3960
f 4186//4186 3948//3948 4185//4185
f 4185//4185 3961//3961 4188//4188
f 4185//4185 3960//3960 3961//3961
f 4188//4188 3951//3951 4187//4187
f 4188//4188 3961//3961 3951//3951
f 4189//4189 4006//4006 4187//4187
f 4189//4189 3956//3956 4006//4006
f 4189//4189 3965//3965 3956//3956
f 4189//4189 3951//3951 3965//3965
f 4187//4187 3951//3951 4189//4189
f 4190//4190 4191//4191 4006//4006
f 4190//4190 3963//3963 4191//4191
f 4190//4190 3964//3964 3963//3963
f 4190//4190 3956//3956 3964//3964
f 4006//4006 3956//3956 4190//4190
f 4191//4191 4192//4192 4008//4008
f 4192//4192 3968//3968 4008//4008
f 4192//4192 3971//3971 3968//3968
f 4192//4192 3963//3963 3971//3971
f 4191//4191 3963//3963 4192//4192
f 4009//4009 3968//3968 3969//3969
f 4008//4008 3968//3968 4009//4009
f 4009//4009 4193//4193 4012//4012
f 4193//4193 3974//3974 4012//4012
f 4193//4193 3972//3972 3974//3974
f 4193//4193 3969//3969 3972//3972
f 4009//4009 3969//3969 4193//4193
f 4012//4012 4194//4194 4000//4000
f 4194//4194 3978//3978 4000//4000
f 4194//4194 3976//3976 3978//3978
f 4194//4194 3974//3974 3976//3976
f 4012//4012 3974//3974 4194//4194
f 3727//3727 4197//4197 4195//4195
f 3733//3733 4197//4197 3727//3727
f 3727//3727 4195//4195 4196//4196
f 3730//3730 3727//3727 4196//4196
f 3742//3742 3730//3730 4196//4196
f 3742//3742 4196//4196 4199//4199
f 3733//3733 4198//4198 4197//4197
f 3737//3737 4198//4198 3733//3733
f 4201//4201 4198//4198 3737//3737
f 4201//4201 3737//3737 3749//3749
f 4199//4199 3743//3743 3742//3742
f 4200//4200 3743//3743 4199//4199
f 4202//4202 3743//3743 4200//4200
f 4201//4201 3749//3749 3750//3750
f 4202//4202 3751//3751 3743//3743
f 4203//4203 4201//4201 3750//3750
f 4202//4202 3750//3750 3751//3751
f 4203//4203 3750//3750 4202//4202
f 4204//4204 4196//4196 4195//4195
f 4205//4205 4204//4204 4195//4195
f 4205//4205 4195//4195 4197//4197
f 4206//4206 4205//4205 4197//4197
f 4206//4206 4197//4197 4198//4198
f 4207//4207 4206//4206 4198//4198
f 4207//4207 4198//4198 4201//4201
f 4208//4208 4207//4207 4201//4201
f 4209//4209 4208//4208 4201//4201
f 4209//4209 4201//4201 4203//4203
f 4210//4210 4203//4203 4202//4202
f 4210//4210 4209//4209 4203//4203
f 4210//4210 4202//4202 4200//4200
f 4211//4211 4210//4210 4200//4200
f 4211//4211 4200//4200 4199//4199
f 4212//4212 4211//4211 4199//4199
f 4212//4212 4199//4199 4196//4196
f 4204//4204 4212//4212 4196//4196
f 4213//4213 4204//4204 4205//4205
f 4214//4214 4213//4213 4205//4205
f 4214//4214 4205//4205 4206//4206
f 4216//4216 4204//4204 4213//4213
f 4216//4216 4212//4212 4204//4204
f 4214//4214 4206//4206 4207//4207
f 4216//4216 4211//4211 4212//4212
f 4215//4215 4214//4214 4207//4207
f 4208//4208 4215//4215 4207//4207
f 4211//4211 4216//4216 4218//4218
f 4210//4210 4211//4211 4218//4218
f 4208//4208 4217//4217 4215//4215
f 4209//4209 4217//4217 4208//4208
f 4210//4210 4218//4218 4217//4217
f 4209//4209 4210//4210 4217//4217
f 4216//4216 4219//4219 4218//4218
f 4216//4216 4220//4220 4219//4219
f 4213//4213 4220//4220 4216//4216
f 4213//4213 4221//4221 4220//4220
f 4214//4214 4221//4221 4213//4213
f 4214//4214 4222//4222 4221//4221
f 4214//4214 4223//4223 4222//4222
f 4215//4215 4223//4223 4214//4214
f 4217//4217 4223//4223 4215//4215
f 4217//4217 4224//4224 4223//4223
f 4218//4218 4224//4224 4217//4217
f 4218//4218 4219//4219 4224//4224
f 4223//4223 4219//4219 4220//4220
f 4223//4223 4224//4224 4219//4219
f 4223//4223 4220//4220 4221//4221
f 4223//4223 4221//4221 4222//4222
f 4231//4231 3743//3743 3751//3751
f 4225//4225 4231//4231 3751//3751
f 4225//4225 3751//3751 3750//3750
f 4226//4226 3750//3750 3749//3749
f 4226//4226 4225//4225 3750//3750
f 4227//4227 4226//4226 3749//3749
f 4227//4227 3749//3749 3737//3737
f 4228//4228 4227//4227 3737//3737
f 4228//4228 3737//3737 3733//3733
f 4229//4229 3733//3733 3727//3727
f 4229//4229 4228//4228 3733//3733
f 4229//4229 3727//3727 3730//3730
f 4230//4230 4229//4229 3730//3730
f 4230//4230 3730//3730 3742//3742
f 4230//4230 3742//3742 3743//3743
f 4231//4231 4230//4230 3743//3743
f 4229//4229 4231//4231 4225//4225
f 4229//4229 4225//4225 4226//4226
f 4229//4229 4226//4226 4227//4227
f 4229//4229 4227//4227 4228//4228
f 4229//4229 4230//4230 4231//4231
f 4275//4275 4251//4251 4250//4250
f 4232//4232 4252//4252 4253//4253
f 4233//4233 4232//4232 4253//4253
f 4254//4254 4253//4253 4252//4252
f 4232//4232 4233//4233 4258//4258
f 4233//4233 4253//4253 4234//4234
f 4234//4234 4253//4253 4254//4254
f 4258//4258 4237//4237 4236//4236
f 4254//4254 4259//4259 4255//4255
f 4252//4252 4259//4259 4254//4254
f 4234//4234 4255//4255 4235//4235
f 4256//4256 4255//4255 4266//4266
f 4255//4255 4259//4259 4236//4236
f 4255//4255 4234//4234 4254//4254
f 4233//4233 4235//4235 4258//4258
f 4258//4258 4259//4259 4232//4232
f 4252//4252 4232//4232 4259//4259
f 4237//4237 4263//4263 4236//4236
f 4266//4266 4255//4255 4263//4263
f 4233//4233 4234//4234 4235//4235
f 4263//4263 4237//4237 4262//4262
f 4264//4264 4263//4263 4239//4239
f 4238//4238 4266//4266 4264//4264
f 4256//4256 4266//4266 4257//4257
f 4239//4239 4241//4241 4265//4265
f 4264//4264 4239//4239 4260//4260
f 4239//4239 4263//4263 4262//4262
f 4238//4238 4260//4260 4261//4261
f 4260//4260 4271//4271 4261//4261
f 4261//4261 4257//4257 4238//4238
f 4261//4261 4262//4262 4257//4257
f 4260//4260 4243//4243 4271//4271
f 4241//4241 4239//4239 4240//4240
f 4260//4260 4239//4239 4265//4265
f 4262//4262 4261//4261 4240//4240
f 4262//4262 4240//4240 4239//4239
f 4262//4262 4237//4237 4257//4257
f 4260//4260 4265//4265 4243//4243
f 4264//4264 4260//4260 4238//4238
f 4238//4238 4257//4257 4266//4266
f 4242//4242 4268//4268 4246//4246
f 4243//4243 4244//4244 4267//4267
f 4240//4240 4242//4242 4272//4272
f 4246//4246 4272//4272 4242//4242
f 4241//4241 4244//4244 4265//4265
f 4265//4265 4244//4244 4243//4243
f 4261//4261 4271//4271 4240//4240
f 4244//4244 4241//4241 4272//4272
f 4272//4272 4241//4241 4240//4240
f 4250//4250 4247//4247 4275//4275
f 4248//4248 4269//4269 4270//4270
f 4270//4270 4277//4277 4275//4275
f 4247//4247 4270//4270 4275//4275
f 4268//4268 4250//4250 4249//4249
f 4248//4248 4268//4268 4269//4269
f 4248//4248 4246//4246 4268//4268
f 4244//4244 4270//4270 4267//4267
f 4269//4269 4249//4249 4277//4277
f 4249//4249 4269//4269 4268//4268
f 4270//4270 4269//4269 4277//4277
f 4244//4244 4248//4248 4270//4270
f 4267//4267 4270//4270 4247//4247
f 4249//4249 4250//4250 4251//4251
f 4246//4246 4244//4244 4272//4272
f 4245//4245 4242//4242 4271//4271
f 4250//4250 4245//4245 4267//4267
f 4268//4268 4245//4245 4250//4250
f 4246//4246 4248//4248 4244//4244
f 4268//4268 4242//4242 4245//4245
f 4240//4240 4271//4271 4242//4242
f 4245//4245 4271//4271 4267//4267
f 4243//4243 4267//4267 4271//4271
f 4247//4247 4250//4250 4267//4267
f 4277//4277 4273//4273 4275//4275
f 4277//4277 4276//4276 4273//4273
f 4275//4275 4273//4273 4274//4274
f 4275//4275 4274//4274 4279//4279
f 4251//4251 4275//4275 4279//4279
f 4277//4277 4278//4278 4276//4276
f 4278//4278 4277//4277 4249//4249
f 4280//4280 4251//4251 4279//4279
f 4281//4281 4278//4278 4249//4249
f 4281//4281 4249//4249 4251//4251
f 4280//4280 4281//4281 4251//4251
f 4286//4286 4284//4284 4274//4274
f 4286//4286 4274//4274 4273//4273
f 4285//4285 4286//4286 4273//4273
f 4285//4285 4273//4273 4276//4276
f 4282//4282 4285//4285 4276//4276
f 4283//4283 4282//4282 4276//4276
f 4283//4283 4276//4276 4278//4278
f 4291//4291 4283//4283 4278//4278
f 4281//4281 4291//4291 4278//4278
f 4288//4288 4291//4291 4281//4281
f 4288//4288 4281//4281 4280//4280
f 4289//4289 4288//4288 4280//4280
f 4289//4289 4280//4280 4279//4279
f 4284//4284 4289//4289 4279//4279
f 4284//4284 4279//4279 4274//4274
f 4282//4282 4298//4298 4285//4285
f 4286//4286 4285//4285 4298//4298
f 4286//4286 4298//4298 4295//4295
f 4284//4284 4286//4286 4295//4295
f 4289//4289 4295//4295 4294//4294
f 4289//4289 4294//4294 4287//4287
f 4287//4287 4288//4288 4289//4289
f 4288//4288 4287//4287 4290//4290
f 4291//4291 4290//4290 4292//4292
f 4283//4283 4291//4291 4292//4292
f 4296//4296 4283//4283 4292//4292
f 4283//4283 4296//4296 4282//4282
f 4296//4296 4298//4298 4282//4282
f 4289//4289 4284//4284 4295//4295
f 4290//4290 4291//4291 4288//4288
f 4294//4294 4293//4293 4287//4287
f 4295//4295 4293//4293 4294//4294
f 4287//4287 4293//4293 4290//4290
f 4290//4290 4293//4293 4297//4297
f 4290//4290 4297//4297 4292//4292
f 4298//4298 4293//4293 4295//4295
f 4298//4298 4296//4296 4293//4293
f 4292//4292 4293//4293 4296//4296
f 4292//4292 4297//4297 4293//4293
f 4263//4263 4264//4264 4266//4266
f 4259//4259 4258//4258 4236//4236
f 4257//4257 4237//4237 4235//4235
f 4236//4236 4263//4263 4255//4255
f 4237//4237 4258//4258 4235//4235
f 4256//4256 4235//4235 4255//4255
f 4257//4257 4235//4235 4256//4256
f 3713//3713 4299//4299 3714//3714
f 3714//3714 4299//4299 4300//4300
f 3719//3719 3714//3714 4300//4300
f 3713//3713 4301//4301 4299//4299
f 3716//3716 4301//4301 3713//3713
f 3719//3719 4300//4300 4303//4303
f 3716//3716 4302//4302 4301//4301
f 3718//3718 3719//3719 4303//4303
f 3728//3728 4302//4302 3716//3716
f 4304//4304 4302//4302 3728//3728
f 4304//4304 3728//3728 3725//3725
f 4305//4305 3718//3718 4303//4303
f 4306//4306 4304//4304 3725//3725
f 4305//4305 3725//3725 3718//3718
f 4305//4305 4306//4306 3725//3725
f 4308//4308 4307//4307 4300//4300
f 4308//4308 4300//4300 4299//4299
f 4309//4309 4308//4308 4299//4299
f 4309//4309 4299//4299 4301//4301
f 4310//4310 4309//4309 4301//4301
f 4310//4310 4301//4301 4302//4302
f 4311//4311 4310//4310 4302//4302
f 4311//4311 4302//4302 4304//4304
f 4312//4312 4311//4311 4304//4304
f 4312//4312 4304//4304 4306//4306
f 4312//4312 4306//4306 4305//4305
f 4313//4313 4312//4312 4305//4305
f 4313//4313 4305//4305 4303//4303
f 4314//4314 4313//4313 4303//4303
f 4314//4314 4303//4303 4300//4300
f 4307//4307 4314//4314 4300//4300
f 4316//4316 4308//4308 4315//4315
f 4316//4316 4307//4307 4308//4308
f 4315//4315 4308//4308 4309//4309
f 4316//4316 4314//4314 4307//4307
f 4317//4317 4314//4314 4316//4316
f 4315//4315 4309//4309 4310//4310
f 4318//4318 4315//4315 4310//4310
f 4311//4311 4318//4318 4310//4310
f 4311//4311 4320//4320 4318//4318
f 4313//4313 4314//4314 4317//4317
f 4313//4313 4317//4317 4319//4319
f 4312//4312 4320//4320 4311//4311
f 4313//4313 4319//4319 4320//4320
f 4312//4312 4313//4313 4320//4320
f 4317//4317 4322//4322 4321//4321
f 4316//4316 4322//4322 4317//4317
f 4316//4316 4323//4323 4322//4322
f 4315//4315 4323//4323 4316//4316
f 4315//4315 4324//4324 4323//4323
f 4318//4318 4324//4324 4315//4315
f 4318//4318 4325//4325 4324//4324
f 4320//4320 4325//4325 4318//4318
f 4320//4320 4326//4326 4325//4325
f 4319//4319 4326//4326 4320//4320
f 4317//4317 4321//4321 4326//4326
f 4317//4317 4326//4326 4319//4319
f 4324//4324 4326//4326 4321//4321
f 4324//4324 4321//4321 4322//4322
f 4324//4324 4325//4325 4326//4326
f 4324//4324 4322//4322 4323//4323
f 4327//4327 4331//4331 3718//3718
f 4327//4327 3718//3718 3725//3725
f 4327//4327 3725//3725 3728//3728
f 4328//4328 4327//4327 3728//3728
f 4328//4328 3728//3728 3716//3716
f 4329//4329 4328//4328 3716//3716
f 4329//4329 3716//3716 3713//3713
f 4329//4329 3713//3713 3714//3714
f 4330//4330 4329//4329 3714//3714
f 4330//4330 3714//3714 3719//3719
f 4330//4330 3719//3719 3718//3718
f 4331//4331 4330//4330 3718//3718
f 4329//4329 4331//4331 4327//4327
f 4329//4329 4330//4330 4331//4331
f 4329//4329 4327//4327 4328//4328
f 4332//4332 4349//4349 4333//4333
f 4355//4355 4332//4332 4354//4354
f 4354//4354 4349//4349 4399//4399
f 4350//4350 4399//4399 4349//4349
f 4354//4354 4333//4333 4349//4349
f 4354//4354 4332//4332 4333//4333
f 4350//4350 4351//4351 4399//4399
f 4351//4351 4352//4352 4353//4353
f 4399//4399 4356//4356 4354//4354
f 4335//4335 4334//4334 4352//4352
f 4352//4352 4351//4351 4335//4335
f 4399//4399 4351//4351 4353//4353
f 4399//4399 4353//4353 4356//4356
f 4350//4350 4332//4332 4355//4355
f 4350//4350 4335//4335 4351//4351
f 4332//4332 4350//4350 4349//4349
f 4337//4337 4336//4336 4339//4339
f 4360//4360 4358//4358 4357//4357
f 4361//4361 4365//4365 4336//4336
f 4356//4356 4360//4360 4361//4361
f 4358//4358 4337//4337 4357//4357
f 4365//4365 4360//4360 4357//4357
f 4365//4365 4361//4361 4360//4360
f 4359//4359 4337//4337 4358//4358
f 4361//4361 4336//4336 4334//4334
f 4336//4336 4352//4352 4334//4334
f 4352//4352 4336//4336 4359//4359
f 4359//4359 4360//4360 4353//4353
f 4359//4359 4353//4353 4352//4352
f 4356//4356 4353//4353 4360//4360
f 4338//4338 4371//4371 4357//4357
f 4337//4337 4359//4359 4336//4336
f 4338//4338 4337//4337 4363//4363
f 4357//4357 4337//4337 4338//4338
f 4360//4360 4359//4359 4358//4358
f 4336//4336 4365//4365 4339//4339
f 4342//4342 4368//4368 4372//4372
f 4363//4363 4340//4340 4342//4342
f 4338//4338 4363//4363 4371//4371
f 4364//4364 4362//4362 4341//4341
f 4362//4362 4339//4339 4365//4365
f 4362//4362 4340//4340 4339//4339
f 4363//4363 4339//4339 4340//4340
f 4357//4357 4371//4371 4365//4365
f 4362//4362 4365//4365 4341//4341
f 4369//4369 4346//4346 4345//4345
f 4366//4366 4364//4364 4372//4372
f 4346//4346 4344//4344 4366//4366
f 4343//4343 4367//4367 4345//4345
f 4368//4368 4343//4343 4345//4345
f 4372//4372 4368//4368 4345//4345
f 4346//4346 4369//4369 4348//4348
f 4369//4369 4345//4345 4367//4367
f 4346//4346 4366//4366 4345//4345
f 4344//4344 4346//4346 4348//4348
f 4345//4345 4366//4366 4372//4372
f 4370//4370 4369//4369 4367//4367
f 4344//4344 4347//4347 4367//4367
f 4364//4364 4366//4366 4344//4344
f 4367//4367 4347//4347 4370//4370
f 4344//4344 4348//4348 4347//4347
f 4367//4367 4362//4362 4364//4364
f 4367//4367 4343//4343 4362//4362
f 4343//4343 4340//4340 4362//4362
f 4364//4364 4371//4371 4372//4372
f 4337//4337 4339//4339 4363//4363
f 4340//4340 4343//4343 4368//4368
f 4368//4368 4342//4342 4340//4340
f 4342//4342 4372//4372 4371//4371
f 4371//4371 4364//4364 4341//4341
f 4363//4363 4342//4342 4371//4371
f 4371//4371 4341//4341 4365//4365
f 4344//4344 4367//4367 4364//4364
f 4369//4369 4373//4373 4348//4348
f 4348//4348 4373//4373 4374//4374
f 4369//4369 4375//4375 4373//4373
f 4370//4370 4375//4375 4369//4369
f 4376//4376 4348//4348 4374//4374
f 4377//4377 4375//4375 4370//4370
f 4376//4376 4347//4347 4348//4348
f 4378//4378 4347//4347 4376//4376
f 4379//4379 4377//4377 4370//4370
f 4379//4379 4347//4347 4378//4378
f 4379//4379 4370//4370 4347//4347
f 4383//4383 4374//4374 4373//4373
f 4380//4380 4383//4383 4373//4373
f 4380//4380 4373//4373 4375//4375
f 4392//4392 4380//4380 4375//4375
f 4390//4390 4377//4377 4379//4379
f 4388//4388 4390//4390 4379//4379
f 4388//4388 4379//4379 4378//4378
f 4386//4386 4388//4388 4378//4378
f 4386//4386 4378//4378 4376//4376
f 4385//4385 4386//4386 4376//4376
f 4385//4385 4376//4376 4374//4374
f 4383//4383 4385//4385 4374//4374
f 4382//4382 4391//4391 4381//4381
f 4382//4382 4380//4380 4391//4391
f 4384//4384 4383//4383 4382//4382
f 4382//4382 4383//4383 4380//4380
f 4385//4385 4383//4383 4384//4384
f 4386//4386 4397//4397 4387//4387
f 4386//4386 4387//4387 4388//4388
f 4390//4390 4388//4388 4389//4389
f 4392//4392 4389//4389 4398//4398
f 4392//4392 4398//4398 4391//4391
f 4390//4390 4389//4389 4377//4377
f 4392//4392 4391//4391 4380//4380
f 4392//4392 4375//4375 4377//4377
f 4397//4397 4385//4385 4384//4384
f 4386//4386 4385//4385 4397//4397
f 4388//4388 4387//4387 4389//4389
f 4392//4392 4377//4377 4389//4389
f 4384//4384 4395//4395 4397//4397
f 4384//4384 4394//4394 4395//4395
f 4395//4395 4394//4394 4393//4393
f 4387//4387 4397//4397 4395//4395
f 4387//4387 4396//4396 4389//4389
f 4387//4387 4395//4395 4396//4396
f 4382//4382 4394//4394 4384//4384
f 4381//4381 4394//4394 4382//4382
f 4381//4381 4393//4393 4394//4394
f 4391//4391 4393//4393 4381//4381
f 4391//4391 4395//4395 4393//4393
f 4398//4398 4395//4395 4391//4391
f 4398//4398 4396//4396 4395//4395
f 4389//4389 4396//4396 4398//4398
f 4361//4361 4334//4334 4354//4354
f 4334//4334 4355//4355 4354//4354
f 4335//4335 4350//4350 4355//4355
f 4361//4361 4354//4354 4356//4356
f 4355//4355 4334//4334 4335//4335
f 4413//4413 4473//4473 4412//4412
f 4413//4413 4400//4400 4473//4473
f 4414//4414 4400//4400 4413//4413
f 4414//4414 4401//4401 4400//4400
f 4402//4402 4401//4401 4414//4414
f 4402//4402 4470//4470 4401//4401
f 4403//4403 4470//4470 4402//4402
f 4403//4403 4477//4477 4470//4470
f 4408//4408 4477//4477 4403//4403
f 4408//4408 4471//4471 4477//4477
f 4408//4408 4404//4404 4471//4471
f 4409//4409 4404//4404 4408//4408
f 4409//4409 4405//4405 4404//4404
f 4410//4410 4405//4405 4409//4409
f 4410//4410 4406//4406 4405//4405
f 4411//4411 4406//4406 4410//4410
f 4411//4411 4407//4407 4406//4406
f 4411//4411 4475//4475 4407//4407
f 4412//4412 4475//4475 4411//4411
f 4412//4412 4474//4474 4475//4475
f 4412//4412 4473//4473 4474//4474
f 4409//4409 4408//4408 4416//4416
f 4409//4409 4416//4416 4415//4415
f 4409//4409 4415//4415 4418//4418
f 4408//4408 4417//4417 4416//4416
f 4410//4410 4409//4409 4418//4418
f 4410//4410 4418//4418 4419//4419
f 4411//4411 4410//4410 4419//4419
f 4403//4403 4417//4417 4408//4408
f 4403//4403 4420//4420 4417//4417
f 4402//4402 4420//4420 4403//4403
f 4421//4421 4420//4420 4402//4402
f 4422//4422 4411//4411 4419//4419
f 4422//4422 4412//4412 4411//4411
f 4423//4423 4413//4413 4412//4412
f 4423//4423 4412//4412 4422//4422
f 4424//4424 4421//4421 4402//4402
f 4424//4424 4402//4402 4414//4414
f 4425//4425 4424//4424 4414//4414
f 4423//4423 4414//4414 4413//4413
f 4425//4425 4414//4414 4423//4423
f 4416//4416 4437//4437 4426//4426
f 4416//4416 4417//4417 4437//4437
f 4415//4415 4416//4416 4426//4426
f 4415//4415 4426//4426 4427//4427
f 4418//4418 4415//4415 4427//4427
f 4418//4418 4427//4427 4428//4428
f 4419//4419 4418//4418 4428//4428
f 4419//4419 4428//4428 4429//4429
f 4419//4419 4429//4429 4430//4430
f 4422//4422 4419//4419 4430//4430
f 4422//4422 4430//4430 4431//4431
f 4423//4423 4422//4422 4431//4431
f 4423//4423 4431//4431 4432//4432
f 4425//4425 4432//4432 4433//4433
f 4425//4425 4423//4423 4432//4432
f 4424//4424 4425//4425 4433//4433
f 4424//4424 4433//4433 4434//4434
f 4421//4421 4424//4424 4434//4434
f 4421//4421 4434//4434 4435//4435
f 4420//4420 4421//4421 4435//4435
f 4420//4420 4435//4435 4436//4436
f 4417//4417 4420//4420 4436//4436
f 4417//4417 4436//4436 4437//4437
f 4439//4439 4438//4438 4426//4426
f 4438//4438 4427//4427 4426//4426
f 4439//4439 4426//4426 4437//4437
f 4440//4440 4427//4427 4438//4438
f 4440//4440 4428//4428 4427//4427
f 4441//4441 4439//4439 4437//4437
f 4441//4441 4437//4437 4436//4436
f 4442//4442 4428//4428 4440//4440
f 4443//4443 4441//4441 4436//4436
f 4442//4442 4429//4429 4428//4428
f 4444//4444 4429//4429 4442//4442
f 4445//4445 4443//4443 4436//4436
f 4444//4444 4430//4430 4429//4429
f 4435//4435 4445//4445 4436//4436
f 4430//4430 4444//4444 4447//4447
f 4435//4435 4446//4446 4445//4445
f 4431//4431 4430//4430 4447//4447
f 4431//4431 4447//4447 4448//4448
f 4434//4434 4449//4449 4446//4446
f 4434//4434 4446//4446 4435//4435
f 4432//4432 4431//4431 4448//4448
f 4432//4432 4448//4448 4450//4450
f 4433//4433 4451//4451 4449//4449
f 4433//4433 4449//4449 4434//4434
f 4433//4433 4450//4450 4451//4451
f 4433//4433 4432//4432 4450//4450
f 4448//4448 4461//4461 4452//4452
f 4450//4450 4448//4448 4452//4452
f 4451//4451 4450//4450 4452//4452
f 4451//4451 4452//4452 4460//4460
f 4451//4451 4460//4460 4453//4453
f 4449//4449 4451//4451 4453//4453
f 4446//4446 4449//4449 4453//4453
f 4446//4446 4453//4453 4454//4454
f 4445//4445 4446//4446 4454//4454
f 4443//4443 4445//4445 4454//4454
f 4443//4443 4454//4454 4455//4455
f 4441//4441 4455//4455 4456//4456
f 4441//4441 4443//4443 4455//4455
f 4439//4439 4441//4441 4456//4456
f 4439//4439 4456//4456 4463//4463
f 4438//4438 4439//4439 4463//4463
f 4438//4438 4463//4463 4457//4457
f 4440//4440 4438//4438 4457//4457
f 4440//4440 4457//4457 4458//4458
f 4442//4442 4440//4440 4458//4458
f 4442//4442 4458//4458 4459//4459
f 4444//4444 4442//4442 4459//4459
f 4444//4444 4459//4459 4462//4462
f 4447//4447 4444//4444 4462//4462
f 4447//4447 4462//4462 4461//4461
f 4448//4448 4447//4447 4461//4461
f 4476//4476 4462//4462 4459//4459
f 4467//4467 4462//4462 4476//4476
f 4478//4478 4476//4476 4459//4459
f 4467//4467 4461//4461 4462//4462
f 4478//4478 4459//4459 4458//4458
f 4468//4468 4461//4461 4467//4467
f 4464//4464 4478//4478 4458//4458
f 4464//4464 4458//4458 4457//4457
f 4468//4468 4452//4452 4461//4461
f 4463//4463 4464//4464 4457//4457
f 4468//4468 4460//4460 4452//4452
f 4460//4460 4468//4468 4469//4469
f 4453//4453 4460//4460 4469//4469
f 4456//4456 4464//4464 4463//4463
f 4456//4456 4465//4465 4464//4464
f 4455//4455 4465//4465 4456//4456
f 4453//4453 4469//4469 4466//4466
f 4455//4455 4466//4466 4465//4465
f 4454//4454 4466//4466 4455//4455
f 4454//4454 4453//4453 4466//4466
f 4466//4466 4469//4469 4470//4470
f 4466//4466 4470//4470 4477//4477
f 4465//4465 4466//4466 4477//4477
f 4465//4465 4477//4477 4471//4471
f 4464//4464 4465//4465 4471//4471
f 4464//4464 4471//4471 4472//4472
f 4464//4464 4472//4472 4478//4478
f 4469//4469 4468//4468 4400//4400
f 4473//4473 4400//4400 4468//4468
f 4474//4474 4473//4473 4468//4468
f 4474//4474 4468//4468 4467//4467
f 4475//4475 4474//4474 4467//4467
f 4401//4401 4470//4470 4469//4469
f 4476//4476 4475//4475 4467//4467
f 4469//4469 4400//4400 4401//4401
f 4476//4476 4407//4407 4475//4475
f 4476//4476 4406//4406 4407//4407
f 4478//4478 4406//4406 4476//4476
f 4478//4478 4405//4405 4406//4406
f 4472//4472 4404//4404 4405//4405
f 4472//4472 4405//4405 4478//4478
f 4471//4471 4404//4404 4472//4472
f 4482//4482 4480//4480 4481//4481
f 4485//4485 4484//4484 4483//4483
f 4495//4495 4490//4490 4532//4532
f 4493//4493 4488//4488 4489//4489
f 4492//4492 4630//4630 4629//4629
f 4494//4494 4491//4491 4490//4490
f 4492//4492 4489//4489 4630//4630
f 4494//4494 4490//4490 4495//4495
f 4498//4498 4489//4489 4492//4492
f 4498//4498 4493//4493 4489//4489
f 4494//4494 4495//4495 4497//4497
f 4503//4503 4494//4494 4497//4497
f 4500//4500 4543//4543 4496//4496
f 4616//4616 4499//4499 4618//4618
f 4485//4485 4497//4497 4493//4493
f 4485//4485 4483//4483 4497//4497
f 4483//4483 4503//4503 4497//4497
f 4485//4485 4493//4493 4498//4498
f 4485//4485 4498//4498 4499//4499
f 4481//4481 4503//4503 4483//4483
f 4504//4504 4615//4615 4501//4501
f 4547//4547 4500//4500 4502//4502
f 4504//4504 4616//4616 4615//4615
f 4486//4486 4485//4485 4499//4499
f 4502//4502 4500//4500 4496//4496
f 4504//4504 4499//4499 4616//4616
f 4502//4502 4496//4496 4503//4503
f 4502//4502 4503//4503 4481//4481
f 4504//4504 4486//4486 4499//4499
f 4480//4480 4502//4502 4481//4481
f 4480//4480 4505//4505 4502//4502
f 4486//4486 4504//4504 4509//4509
f 4487//4487 4486//4486 4509//4509
f 4511//4511 4508//4508 4507//4507
f 4511//4511 4509//4509 4508//4508
f 4512//4512 4506//4506 4505//4505
f 4510//4510 4509//4509 4511//4511
f 4512//4512 4561//4561 4506//4506
f 4510//4510 4487//4487 4509//4509
f 4512//4512 4505//4505 4480//4480
f 4514//4514 4512//4512 4480//4480
f 4518//4518 4487//4487 4510//4510
f 4513//4513 4561//4561 4512//4512
f 4515//4515 4510//4510 4511//4511
f 4518//4518 4479//4479 4487//4487
f 4519//4519 4479//4479 4517//4517
f 4519//4519 4480//4480 4479//4479
f 4519//4519 4514//4514 4480//4480
f 4517//4517 4479//4479 4518//4518
f 4519//4519 4516//4516 4514//4514
f 4522//4522 4517//4517 4518//4518
f 4577//4577 4576//4576 4516//4516
f 4523//4523 4518//4518 4520//4520
f 4577//4577 4516//4516 4519//4519
f 4523//4523 4522//4522 4518//4518
f 4577//4577 4519//4519 4521//4521
f 4578//4578 4577//4577 4521//4521
f 4523//4523 4590//4590 4522//4522
f 4483//4483 4524//4524 4481//4481
f 4484//4484 4524//4524 4483//4483
f 4484//4484 4525//4525 4524//4524
f 4485//4485 4526//4526 4525//4525
f 4485//4485 4525//4525 4484//4484
f 4485//4485 4527//4527 4526//4526
f 4486//4486 4527//4527 4485//4485
f 4487//4487 4527//4527 4486//4486
f 4487//4487 4528//4528 4527//4527
f 4479//4479 4528//4528 4487//4487
f 4479//4479 4529//4529 4528//4528
f 4480//4480 4529//4529 4479//4479
f 4480//4480 4530//4530 4529//4529
f 4482//4482 4530//4530 4480//4480
f 4482//4482 4531//4531 4530//4530
f 4481//4481 4531//4531 4482//4482
f 4481//4481 4524//4524 4531//4531
f 4490//4490 4533//4533 4532//4532
f 4534//4534 4533//4533 4490//4490
f 4533//4533 4535//4535 4532//4532
f 4887//4887 4535//4535 4533//4533
f 4534//4534 4537//4537 4533//4533
f 4887//4887 4533//4533 4537//4537
f 4536//4536 4797//4797 4887//4887
f 4886//4886 4887//4887 4537//4537
f 4886//4886 4536//4536 4887//4887
f 4537//4537 4534//4534 4490//4490
f 4538//4538 4537//4537 4490//4490
f 4491//4491 4541//4541 4490//4490
f 4540//4540 4538//4538 4490//4490
f 4540//4540 4490//4490 4541//4541
f 4791//4791 4539//4539 4540//4540
f 4791//4791 4540//4540 4542//4542
f 4541//4541 4542//4542 4540//4540
f 4500//4500 4544//4544 4543//4543
f 4545//4545 4544//4544 4500//4500
f 4546//4546 4545//4545 4500//4500
f 4547//4547 4546//4546 4500//4500
f 4544//4544 4548//4548 4543//4543
f 4545//4545 4550//4550 4544//4544
f 4784//4784 4544//4544 4550//4550
f 4784//4784 4548//4548 4544//4544
f 4551//4551 4784//4784 4550//4550
f 4551//4551 4549//4549 4784//4784
f 4552//4552 4545//4545 4546//4546
f 4547//4547 4554//4554 4546//4546
f 4555//4555 4552//4552 4546//4546
f 4555//4555 4546//4546 4554//4554
f 4556//4556 4553//4553 4555//4555
f 4557//4557 4556//4556 4555//4555
f 4554//4554 4557//4557 4555//4555
f 4552//4552 4550//4550 4545//4545
f 4558//4558 4784//4784 4549//4549
f 4506//4506 4560//4560 4559//4559
f 4561//4561 4560//4560 4506//4506
f 4562//4562 4568//4568 4561//4561
f 4562//4562 4561//4561 4513//4513
f 4563//4563 4684//4684 4559//4559
f 4560//4560 4563//4563 4559//4559
f 4561//4561 4567//4567 4560//4560
f 4564//4564 4560//4560 4567//4567
f 4564//4564 4563//4563 4560//4560
f 4565//4565 4574//4574 4564//4564
f 4566//4566 4565//4565 4564//4564
f 4568//4568 4567//4567 4561//4561
f 4562//4562 4569//4569 4568//4568
f 4570//4570 4568//4568 4569//4569
f 4571//4571 4573//4573 4570//4570
f 4571//4571 4570//4570 4572//4572
f 4569//4569 4572//4572 4570//4570
f 4567//4567 4566//4566 4564//4564
f 4576//4576 4575//4575 4516//4516
f 4585//4585 4577//4577 4578//4578
f 4576//4576 4579//4579 4575//4575
f 4577//4577 4583//4583 4576//4576
f 4580//4580 4576//4576 4583//4583
f 4580//4580 4579//4579 4576//4576
f 4582//4582 4581//4581 4580//4580
f 4582//4582 4580//4580 4584//4584
f 4585//4585 4583//4583 4577//4577
f 4578//4578 4696//4696 4849//4849
f 4578//4578 4849//4849 4585//4585
f 4587//4587 4585//4585 4849//4849
f 4586//4586 4589//4589 4587//4587
f 4586//4586 4587//4587 4588//4588
f 4849//4849 4588//4588 4587//4587
f 4583//4583 4584//4584 4580//4580
f 4523//4523 4591//4591 4590//4590
f 4592//4592 4591//4591 4523//4523
f 4591//4591 4696//4696 4590//4590
f 4846//4846 4696//4696 4591//4591
f 4592//4592 4593//4593 4591//4591
f 4594//4594 4591//4591 4593//4593
f 4594//4594 4846//4846 4591//4591
f 4595//4595 4600//4600 4594//4594
f 4842//4842 4594//4594 4593//4593
f 4842//4842 4595//4595 4594//4594
f 4841//4841 4592//4592 4523//4523
f 4736//4736 4841//4841 4523//4523
f 4736//4736 4523//4523 4597//4597
f 4520//4520 4597//4597 4523//4523
f 4650//4650 4597//4597 4520//4520
f 4598//4598 4596//4596 4736//4736
f 4597//4597 4598//4598 4736//4736
f 4599//4599 4736//4736 4596//4596
f 4841//4841 4593//4593 4592//4592
f 4602//4602 4601//4601 4515//4515
f 4511//4511 4602//4602 4515//4515
f 4507//4507 4608//4608 4511//4511
f 4602//4602 4650//4650 4601//4601
f 4603//4603 4650//4650 4602//4602
f 4511//4511 4606//4606 4602//4602
f 4604//4604 4602//4602 4606//4606
f 4604//4604 4603//4603 4602//4602
f 4605//4605 4614//4614 4604//4604
f 4607//4607 4604//4604 4606//4606
f 4607//4607 4605//4605 4604//4604
f 4608//4608 4606//4606 4511//4511
f 4507//4507 4609//4609 4608//4608
f 4610//4610 4608//4608 4609//4609
f 4611//4611 4613//4613 4610//4610
f 4612//4612 4610//4610 4609//4609
f 4612//4612 4611//4611 4610//4610
f 4617//4617 4616//4616 4618//4618
f 4619//4619 4617//4617 4618//4618
f 4615//4615 4656//4656 4501//4501
f 4620//4620 4656//4656 4615//4615
f 4616//4616 4624//4624 4615//4615
f 4622//4622 4615//4615 4624//4624
f 4622//4622 4620//4620 4615//4615
f 4819//4819 4621//4621 4622//4622
f 4623//4623 4622//4622 4624//4624
f 4623//4623 4819//4819 4622//4622
f 4625//4625 4624//4624 4616//4616
f 4617//4617 4625//4625 4616//4616
f 4626//4626 4625//4625 4617//4617
f 4626//4626 4617//4617 4627//4627
f 4628//4628 4818//4818 4626//4626
f 4619//4619 4627//4627 4617//4617
f 4662//4662 4627//4627 4619//4619
f 4628//4628 4626//4626 4897//4897
f 4627//4627 4897//4897 4626//4626
f 4489//4489 4631//4631 4630//4630
f 4632//4632 4631//4631 4489//4489
f 4633//4633 4632//4632 4489//4489
f 4633//4633 4489//4489 4488//4488
f 4630//4630 4662//4662 4629//4629
f 4634//4634 4662//4662 4630//4630
f 4631//4631 4636//4636 4630//4630
f 4637//4637 4630//4630 4636//4636
f 4637//4637 4634//4634 4630//4630
f 4638//4638 4635//4635 4637//4637
f 4639//4639 4638//4638 4637//4637
f 4632//4632 4640//4640 4631//4631
f 4633//4633 4643//4643 4632//4632
f 4641//4641 4640//4640 4632//4632
f 4641//4641 4632//4632 4643//4643
f 4642//4642 4805//4805 4641//4641
f 4644//4644 4642//4642 4641//4641
f 4643//4643 4644//4644 4641//4641
f 4640//4640 4636//4636 4631//4631
f 4636//4636 4639//4639 4637//4637
f 4647//4647 4646//4646 4648//4648
f 4645//4645 4649//4649 4648//4648
f 4645//4645 4518//4518 4510//4510
f 4649//4649 4645//4645 4510//4510
f 4649//4649 4510//4510 4515//4515
f 4648//4648 4649//4649 4515//4515
f 4648//4648 4515//4515 4601//4601
f 4647//4647 4648//4648 4601//4601
f 4647//4647 4601//4601 4650//4650
f 4647//4647 4650//4650 4520//4520
f 4646//4646 4647//4647 4520//4520
f 4646//4646 4520//4520 4518//4518
f 4645//4645 4646//4646 4518//4518
f 4646//4646 4645//4645 4648//4648
f 4653//4653 4654//4654 4652//4652
f 4651//4651 4655//4655 4653//4653
f 4651//4651 4652//4652 4504//4504
f 4651//4651 4504//4504 4501//4501
f 4655//4655 4651//4651 4501//4501
f 4655//4655 4501//4501 4656//4656
f 4507//4507 4656//4656 4609//4609
f 4655//4655 4656//4656 4507//4507
f 4653//4653 4655//4655 4507//4507
f 4653//4653 4507//4507 4508//4508
f 4654//4654 4653//4653 4508//4508
f 4654//4654 4508//4508 4509//4509
f 4652//4652 4654//4654 4509//4509
f 4652//4652 4509//4509 4504//4504
f 4653//4653 4652//4652 4651//4651
f 4657//4657 4492//4492 4629//4629
f 4661//4661 4629//4629 4662//4662
f 4661//4661 4657//4657 4629//4629
f 4661//4661 4662//4662 4619//4619
f 4660//4660 4661//4661 4619//4619
f 4660//4660 4619//4619 4618//4618
f 4659//4659 4660//4660 4618//4618
f 4659//4659 4618//4618 4499//4499
f 4659//4659 4499//4499 4498//4498
f 4658//4658 4659//4659 4498//4498
f 4658//4658 4498//4498 4492//4492
f 4657//4657 4658//4658 4492//4492
f 4660//4660 4658//4658 4657//4657
f 4660//4660 4659//4659 4658//4658
f 4660//4660 4657//4657 4661//4661
f 4670//4670 4665//4665 4663//4663
f 4666//4666 4667//4667 4664//4664
f 4666//4666 4664//4664 4665//4665
f 4668//4668 4667//4667 4666//4666
f 4671//4671 4532//4532 4535//4535
f 4663//4663 4532//4532 4671//4671
f 4670//4670 4663//4663 4671//4671
f 4633//4633 4671//4671 4643//4643
f 4670//4670 4671//4671 4633//4633
f 4669//4669 4670//4670 4633//4633
f 4669//4669 4633//4633 4488//4488
f 4669//4669 4488//4488 4493//4493
f 4668//4668 4669//4669 4493//4493
f 4668//4668 4493//4493 4497//4497
f 4667//4667 4668//4668 4497//4497
f 4667//4667 4497//4497 4495//4495
f 4664//4664 4667//4667 4495//4495
f 4665//4665 4664//4664 4495//4495
f 4665//4665 4495//4495 4532//4532
f 4663//4663 4665//4665 4532//4532
f 4666//4666 4665//4665 4670//4670
f 4666//4666 4669//4669 4668//4668
f 4666//4666 4670//4670 4669//4669
f 4674//4674 4673//4673 4672//4672
f 4676//4676 4675//4675 4674//4674
f 4491//4491 4678//4678 4541//4541
f 4672//4672 4678//4678 4491//4491
f 4672//4672 4673//4673 4678//4678
f 4677//4677 4672//4672 4491//4491
f 4677//4677 4491//4491 4494//4494
f 4676//4676 4677//4677 4494//4494
f 4676//4676 4494//4494 4503//4503
f 4675//4675 4676//4676 4503//4503
f 4675//4675 4503//4503 4496//4496
f 4674//4674 4675//4675 4496//4496
f 4674//4674 4496//4496 4543//4543
f 4678//4678 4543//4543 4548//4548
f 4673//4673 4674//4674 4543//4543
f 4673//4673 4543//4543 4678//4678
f 4674//4674 4677//4677 4676//4676
f 4674//4674 4672//4672 4677//4677
f 4683//4683 4682//4682 4681//4681
f 4683//4683 4679//4679 4547//4547
f 4683//4683 4547//4547 4502//4502
f 4682//4682 4683//4683 4502//4502
f 4682//4682 4502//4502 4505//4505
f 4681//4681 4682//4682 4505//4505
f 4681//4681 4505//4505 4506//4506
f 4680//4680 4681//4681 4506//4506
f 4680//4680 4506//4506 4559//4559
f 4679//4679 4680//4680 4559//4559
f 4679//4679 4559//4559 4684//4684
f 4547//4547 4684//4684 4554//4554
f 4679//4679 4684//4684 4547//4547
f 4681//4681 4680//4680 4679//4679
f 4681//4681 4679//4679 4683//4683
f 4686//4686 4685//4685 4689//4689
f 4685//4685 4513//4513 4512//4512
f 4689//4689 4685//4685 4512//4512
f 4689//4689 4512//4512 4514//4514
f 4689//4689 4514//4514 4516//4516
f 4688//4688 4689//4689 4516//4516
f 4688//4688 4516//4516 4575//4575
f 4690//4690 4575//4575 4579//4579
f 4687//4687 4575//4575 4690//4690
f 4687//4687 4688//4688 4575//4575
f 4562//4562 4690//4690 4569//4569
f 4687//4687 4690//4690 4562//4562
f 4686//4686 4687//4687 4562//4562
f 4686//4686 4562//4562 4513//4513
f 4685//4685 4686//4686 4513//4513
f 4687//4687 4686//4686 4689//4689
f 4687//4687 4689//4689 4688//4688
f 4692//4692 4694//4694 4693//4693
f 4695//4695 4694//4694 4691//4691
f 4691//4691 4692//4692 4519//4519
f 4691//4691 4519//4519 4517//4517
f 4695//4695 4691//4691 4517//4517
f 4695//4695 4517//4517 4522//4522
f 4695//4695 4522//4522 4590//4590
f 4694//4694 4695//4695 4590//4590
f 4694//4694 4590//4590 4696//4696
f 4694//4694 4696//4696 4578//4578
f 4693//4693 4694//4694 4578//4578
f 4693//4693 4578//4578 4521//4521
f 4692//4692 4693//4693 4521//4521
f 4692//4692 4521//4521 4519//4519
f 4694//4694 4692//4692 4691//4691
f 4698//4698 4697//4697 4849//4849
f 4848//4848 4698//4698 4849//4849
f 4848//4848 4849//4849 4696//4696
f 4848//4848 4696//4696 4846//4846
f 4671//4671 4535//4535 4888//4888
f 4890//4890 4888//4888 4889//4889
f 4699//4699 4888//4888 4890//4890
f 4699//4699 4671//4671 4888//4888
f 4699//4699 4643//4643 4671//4671
f 4650//4650 4700//4700 4597//4597
f 4915//4915 4650//4650 4603//4603
f 4915//4915 4700//4700 4650//4650
f 4701//4701 4700//4700 4915//4915
f 4701//4701 4919//4919 4700//4700
f 4857//4857 4703//4703 4702//4702
f 4857//4857 4702//4702 4861//4861
f 4690//4690 4861//4861 4569//4569
f 4690//4690 4857//4857 4861//4861
f 4856//4856 4857//4857 4690//4690
f 4579//4579 4856//4856 4690//4690
f 4524//4524 4525//4525 4704//4704
f 4524//4524 4704//4704 4705//4705
f 4525//4525 4707//4707 4704//4704
f 4526//4526 4707//4707 4525//4525
f 4524//4524 4705//4705 4706//4706
f 4531//4531 4524//4524 4706//4706
f 4526//4526 4709//4709 4707//4707
f 4527//4527 4709//4709 4526//4526
f 4708//4708 4531//4531 4706//4706
f 4708//4708 4530//4530 4531//4531
f 4711//4711 4530//4530 4708//4708
f 4710//4710 4709//4709 4527//4527
f 4710//4710 4527//4527 4528//4528
f 4711//4711 4529//4529 4530//4530
f 4712//4712 4529//4529 4711//4711
f 4712//4712 4528//4528 4529//4529
f 4712//4712 4710//4710 4528//4528
f 4705//4705 4714//4714 4713//4713
f 4704//4704 4714//4714 4705//4705
f 4704//4704 4715//4715 4714//4714
f 4707//4707 4715//4715 4704//4704
f 4707//4707 4716//4716 4715//4715
f 4709//4709 4716//4716 4707//4707
f 4709//4709 4717//4717 4716//4716
f 4710//4710 4717//4717 4709//4709
f 4710//4710 4718//4718 4717//4717
f 4712//4712 4718//4718 4710//4710
f 4712//4712 4719//4719 4718//4718
f 4711//4711 4719//4719 4712//4712
f 4711//4711 4720//4720 4719//4719
f 4711//4711 4721//4721 4720//4720
f 4708//4708 4721//4721 4711//4711
f 4706//4706 4721//4721 4708//4708
f 4706//4706 4722//4722 4721//4721
f 4705//4705 4722//4722 4706//4706
f 4705//4705 4713//4713 4722//4722
f 4878//4878 4723//4723 4875//4875
f 4879//4879 4723//4723 4878//4878
f 4678//4678 4548//4548 4723//4723
f 4678//4678 4723//4723 4879//4879
f 4541//4541 4678//4678 4879//4879
f 4537//4537 4538//4538 4882//4882
f 4884//4884 4882//4882 4881//4881
f 4885//4885 4882//4882 4884//4884
f 4885//4885 4537//4537 4882//4882
f 4874//4874 4870//4870 4724//4724
f 4552//4552 4870//4870 4874//4874
f 4550//4550 4552//4552 4874//4874
f 4725//4725 4867//4867 4869//4869
f 4866//4866 4867//4867 4725//4725
f 4684//4684 4866//4866 4725//4725
f 4554//4554 4684//4684 4725//4725
f 4563//4563 4866//4866 4684//4684
f 4727//4727 4636//4636 4640//4640
f 4727//4727 4891//4891 4726//4726
f 4727//4727 4640//4640 4892//4892
f 4727//4727 4892//4892 4891//4891
f 4863//4863 4729//4729 4728//4728
f 4863//4863 4728//4728 4864//4864
f 4567//4567 4863//4863 4864//4864
f 4568//4568 4863//4863 4567//4567
f 4662//4662 4634//4634 4894//4894
f 4895//4895 4627//4627 4662//4662
f 4895//4895 4662//4662 4894//4894
f 4896//4896 4895//4895 4894//4894
f 4896//4896 4894//4894 4730//4730
f 4900//4900 4624//4624 4625//4625
f 4902//4902 4624//4624 4900//4900
f 4731//4731 4902//4902 4900//4900
f 4731//4731 4900//4900 4901//4901
f 4852//4852 4851//4851 4853//4853
f 4852//4852 4853//4853 4854//4854
f 4852//4852 4854//4854 4583//4583
f 4852//4852 4583//4583 4585//4585
f 4903//4903 4656//4656 4620//4620
f 4907//4907 4609//4609 4656//4656
f 4907//4907 4656//4656 4903//4903
f 4906//4906 4907//4907 4903//4903
f 4905//4905 4907//4907 4906//4906
f 4909//4909 4606//4606 4608//4608
f 4909//4909 4732//4732 4606//4606
f 4910//4910 4732//4732 4909//4909
f 4841//4841 4844//4844 4593//4593
f 4734//4734 4733//4733 4844//4844
f 4735//4735 4844//4844 4841//4841
f 4735//4735 4734//4734 4844//4844
f 4736//4736 4738//4738 4739//4739
f 4736//4736 4599//4599 4738//4738
f 4742//4742 4595//4595 4842//4842
f 4742//4742 4842//4842 4845//4845
f 4739//4739 4738//4738 4741//4741
f 4737//4737 4739//4739 4741//4741
f 4843//4843 4741//4741 4740//4740
f 4843//4843 4737//4737 4741//4741
f 4845//4845 4740//4740 4742//4742
f 4845//4845 4843//4843 4740//4740
f 4778//4778 4744//4744 4743//4743
f 4771//4771 4774//4774 4746//4746
f 4778//4778 4556//4556 4744//4744
f 4745//4745 4781//4781 4780//4780
f 4783//4783 4745//4745 4780//4780
f 4771//4771 4775//4775 4774//4774
f 4574//4574 4556//4556 4778//4778
f 4789//4789 4788//4788 4785//4785
f 4771//4771 4565//4565 4775//4775
f 4783//4783 4780//4780 4553//4553
f 4750//4750 4747//4747 4748//4748
f 4573//4573 4565//4565 4771//4771
f 4549//4549 4783//4783 4553//4553
f 4750//4750 4749//4749 4747//4747
f 4790//4790 4789//4789 4785//4785
f 4581//4581 4749//4749 4750//4750
f 4581//4581 4571//4571 4749//4749
f 4791//4791 4785//4785 4558//4558
f 4791//4791 4790//4790 4785//4785
f 4752//4752 4794//4794 4792//4792
f 4796//4796 4752//4752 4792//4792
f 4721//4721 4556//4556 4574//4574
f 4721//4721 4574//4574 4565//4565
f 4766//4766 4764//4764 4751//4751
f 4722//4722 4556//4556 4721//4721
f 4722//4722 4553//4553 4556//4556
f 4722//4722 4549//4549 4553//4553
f 4721//4721 4565//4565 4573//4573
f 4720//4720 4721//4721 4573//4573
f 4722//4722 4558//4558 4549//4549
f 4720//4720 4573//4573 4571//4571
f 4713//4713 4558//4558 4722//4722
f 4766//4766 4582//4582 4764//4764
f 4713//4713 4791//4791 4558//4558
f 4536//4536 4792//4792 4539//4539
f 4536//4536 4796//4796 4792//4792
f 4589//4589 4582//4582 4766//4766
f 4720//4720 4571//4571 4581//4581
f 4713//4713 4539//4539 4791//4791
f 4719//4719 4720//4720 4581//4581
f 4719//4719 4581//4581 4582//4582
f 4719//4719 4582//4582 4589//4589
f 4713//4713 4536//4536 4539//4539
f 4719//4719 4589//4589 4586//4586
f 4714//4714 4797//4797 4536//4536
f 4714//4714 4536//4536 4713//4713
f 4718//4718 4719//4719 4586//4586
f 4756//4756 4755//4755 4762//4762
f 4803//4803 4801//4801 4800//4800
f 4803//4803 4754//4754 4801//4801
f 4756//4756 4753//4753 4755//4755
f 4642//4642 4797//4797 4714//4714
f 4600//4600 4718//4718 4586//4586
f 4803//4803 4800//4800 4797//4797
f 4803//4803 4797//4797 4642//4642
f 4756//4756 4586//4586 4753//4753
f 4756//4756 4600//4600 4586//4586
f 4595//4595 4718//4718 4600//4600
f 4805//4805 4642//4642 4714//4714
f 4805//4805 4714//4714 4715//4715
f 4638//4638 4807//4807 4805//4805
f 4638//4638 4805//4805 4715//4715
f 4599//4599 4718//4718 4595//4595
f 4596//4596 4718//4718 4599//4599
f 4810//4810 4807//4807 4638//4638
f 4738//4738 4595//4595 4742//4742
f 4738//4738 4599//4599 4595//4595
f 4635//4635 4638//4638 4715//4715
f 4758//4758 4757//4757 4807//4807
f 4810//4810 4758//4758 4807//4807
f 4738//4738 4740//4740 4741//4741
f 4738//4738 4742//4742 4740//4740
f 4628//4628 4814//4814 4635//4635
f 4628//4628 4635//4635 4715//4715
f 4614//4614 4596//4596 4840//4840
f 4614//4614 4717//4717 4718//4718
f 4614//4614 4718//4718 4596//4596
f 4605//4605 4717//4717 4614//4614
f 4818//4818 4628//4628 4715//4715
f 4815//4815 4814//4814 4628//4628
f 4838//4838 4614//4614 4840//4840
f 4818//4818 4715//4715 4716//4716
f 4815//4815 4812//4812 4814//4814
f 4837//4837 4838//4838 4840//4840
f 4819//4819 4818//4818 4716//4716
f 4613//4613 4717//4717 4605//4605
f 4816//4816 4812//4812 4815//4815
f 4611//4611 4717//4717 4613//4613
f 4611//4611 4716//4716 4717//4717
f 4621//4621 4819//4819 4716//4716
f 4621//4621 4716//4716 4611//4611
f 4819//4819 4821//4821 4818//4818
f 4832//4832 4605//4605 4831//4831
f 4832//4832 4613//4613 4605//4605
f 4759//4759 4611//4611 4760//4760
f 4759//4759 4621//4621 4611//4611
f 4760//4760 4827//4827 4759//4759
f 4832//4832 4831//4831 4836//4836
f 4823//4823 4821//4821 4819//4819
f 4830//4830 4827//4827 4760//4760
f 4823//4823 4822//4822 4821//4821
f 4834//4834 4832//4832 4836//4836
f 4830//4830 4828//4828 4827//4827
f 4600//4600 4761//4761 4594//4594
f 4600//4600 4756//4756 4761//4761
f 4847//4847 4756//4756 4762//4762
f 4847//4847 4761//4761 4756//4756
f 4762//4762 4850//4850 4847//4847
f 4762//4762 4755//4755 4850//4850
f 4763//4763 4755//4755 4753//4753
f 4763//4763 4850//4850 4755//4755
f 4763//4763 4586//4586 4588//4588
f 4586//4586 4763//4763 4753//4753
f 4764//4764 4582//4582 4584//4584
f 4767//4767 4589//4589 4766//4766
f 4767//4767 4587//4587 4589//4589
f 4765//4765 4766//4766 4751//4751
f 4766//4766 4765//4765 4767//4767
f 4768//4768 4751//4751 4764//4764
f 4751//4751 4768//4768 4765//4765
f 4768//4768 4764//4764 4855//4855
f 4764//4764 4584//4584 4855//4855
f 4769//4769 4581//4581 4750//4750
f 4769//4769 4580//4580 4581//4581
f 4749//4749 4571//4571 4572//4572
f 4749//4749 4572//4572 4770//4770
f 4859//4859 4750//4750 4748//4748
f 4859//4859 4748//4748 4858//4858
f 4769//4769 4750//4750 4859//4859
f 4860//4860 4858//4858 4748//4748
f 4860//4860 4748//4748 4747//4747
f 4860//4860 4747//4747 4770//4770
f 4747//4747 4749//4749 4770//4770
f 4772//4772 4570//4570 4573//4573
f 4772//4772 4573//4573 4771//4771
f 4771//4771 4746//4746 4862//4862
f 4771//4771 4862//4862 4772//4772
f 4773//4773 4746//4746 4774//4774
f 4862//4862 4746//4746 4773//4773
f 4865//4865 4773//4773 4774//4774
f 4775//4775 4865//4865 4774//4774
f 4566//4566 4775//4775 4565//4565
f 4566//4566 4865//4865 4775//4775
f 4868//4868 4556//4556 4557//4557
f 4574//4574 4777//4777 4564//4564
f 4574//4574 4778//4778 4777//4777
f 4778//4778 4743//4743 4776//4776
f 4778//4778 4776//4776 4777//4777
f 4779//4779 4776//4776 4743//4743
f 4779//4779 4743//4743 4744//4744
f 4868//4868 4779//4779 4744//4744
f 4868//4868 4744//4744 4556//4556
f 4780//4780 4873//4873 4553//4553
f 4873//4873 4555//4555 4553//4553
f 4871//4871 4783//4783 4549//4549
f 4871//4871 4549//4549 4551//4551
f 4780//4780 4781//4781 4872//4872
f 4873//4873 4780//4780 4872//4872
f 4781//4781 4782//4782 4872//4872
f 4781//4781 4745//4745 4782//4782
f 4871//4871 4745//4745 4783//4783
f 4782//4782 4745//4745 4871//4871
f 4786//4786 4558//4558 4785//4785
f 4786//4786 4784//4784 4558//4558
f 4876//4876 4785//4785 4788//4788
f 4786//4786 4785//4785 4876//4876
f 4788//4788 4789//4789 4787//4787
f 4788//4788 4787//4787 4876//4876
f 4877//4877 4787//4787 4789//4789
f 4877//4877 4789//4789 4790//4790
f 4542//4542 4790//4790 4791//4791
f 4542//4542 4877//4877 4790//4790
f 4796//4796 4536//4536 4886//4886
f 4540//4540 4792//4792 4793//4793
f 4792//4792 4540//4540 4539//4539
f 4880//4880 4792//4792 4794//4794
f 4793//4793 4792//4792 4880//4880
f 4795//4795 4794//4794 4752//4752
f 4794//4794 4795//4795 4880//4880
f 4883//4883 4795//4795 4752//4752
f 4883//4883 4752//4752 4796//4796
f 4883//4883 4796//4796 4886//4886
f 4799//4799 4797//4797 4800//4800
f 4799//4799 4887//4887 4797//4797
f 4644//4644 4803//4803 4642//4642
f 4644//4644 4802//4802 4803//4803
f 4800//4800 4801//4801 4798//4798
f 4799//4799 4800//4800 4798//4798
f 4801//4801 4754//4754 4798//4798
f 4798//4798 4754//4754 4804//4804
f 4754//4754 4802//4802 4804//4804
f 4754//4754 4803//4803 4802//4802
f 4808//4808 4805//4805 4807//4807
f 4808//4808 4641//4641 4805//4805
f 4808//4808 4807//4807 4806//4806
f 4807//4807 4757//4757 4806//4806
f 4809//4809 4757//4757 4758//4758
f 4809//4809 4806//4806 4757//4757
f 4893//4893 4758//4758 4810//4810
f 4893//4893 4809//4809 4758//4758
f 4893//4893 4810//4810 4638//4638
f 4893//4893 4638//4638 4639//4639
f 4628//4628 4897//4897 4815//4815
f 4813//4813 4635//4635 4814//4814
f 4813//4813 4637//4637 4635//4635
f 4812//4812 4813//4813 4814//4814
f 4813//4813 4812//4812 4811//4811
f 4817//4817 4812//4812 4816//4816
f 4817//4817 4811//4811 4812//4812
f 4816//4816 4815//4815 4898//4898
f 4817//4817 4816//4816 4898//4898
f 4897//4897 4898//4898 4815//4815
f 4818//4818 4821//4821 4899//4899
f 4899//4899 4626//4626 4818//4818
f 4899//4899 4821//4821 4820//4820
f 4821//4821 4822//4822 4820//4820
f 4822//4822 4825//4825 4820//4820
f 4825//4825 4822//4822 4823//4823
f 4824//4824 4823//4823 4623//4623
f 4825//4825 4823//4823 4824//4824
f 4623//4623 4823//4823 4819//4819
f 4759//4759 4904//4904 4622//4622
f 4759//4759 4622//4622 4621//4621
f 4904//4904 4827//4827 4826//4826
f 4827//4827 4828//4828 4826//4826
f 4904//4904 4759//4759 4827//4827
f 4829//4829 4826//4826 4828//4828
f 4830//4830 4829//4829 4828//4828
f 4829//4829 4830//4830 4908//4908
f 4908//4908 4830//4830 4760//4760
f 4612//4612 4760//4760 4611//4611
f 4612//4612 4908//4908 4760//4760
f 4831//4831 4605//4605 4607//4607
f 4831//4831 4607//4607 4911//4911
f 4833//4833 4613//4613 4832//4832
f 4833//4833 4610//4610 4613//4613
f 4832//4832 4834//4834 4835//4835
f 4832//4832 4835//4835 4833//4833
f 4834//4834 4912//4912 4835//4835
f 4834//4834 4836//4836 4912//4912
f 4836//4836 4911//4911 4912//4912
f 4911//4911 4836//4836 4831//4831
f 4614//4614 4838//4838 4839//4839
f 4839//4839 4604//4604 4614//4614
f 4840//4840 4596//4596 4598//4598
f 4840//4840 4598//4598 4914//4914
f 4838//4838 4837//4837 4916//4916
f 4838//4838 4916//4916 4839//4839
f 4837//4837 4918//4918 4916//4916
f 4918//4918 4837//4837 4840//4840
f 4914//4914 4918//4918 4840//4840
f 4841//4841 4739//4739 4735//4735
f 4739//4739 4841//4841 4736//4736
f 4844//4844 4842//4842 4593//4593
f 4842//4842 4844//4844 4845//4845
f 4735//4735 4737//4737 4734//4734
f 4739//4739 4737//4737 4735//4735
f 4737//4737 4733//4733 4734//4734
f 4737//4737 4843//4843 4733//4733
f 4845//4845 4844//4844 4733//4733
f 4843//4843 4845//4845 4733//4733
f 4848//4848 4846//4846 4594//4594
f 4848//4848 4594//4594 4761//4761
f 4848//4848 4847//4847 4698//4698
f 4761//4761 4847//4847 4848//4848
f 4850//4850 4698//4698 4847//4847
f 4697//4697 4698//4698 4850//4850
f 4763//4763 4697//4697 4850//4850
f 4697//4697 4763//4763 4849//4849
f 4763//4763 4588//4588 4849//4849
f 4855//4855 4584//4584 4854//4854
f 4854//4854 4584//4584 4583//4583
f 4585//4585 4767//4767 4852//4852
f 4767//4767 4585//4585 4587//4587
f 4852//4852 4765//4765 4851//4851
f 4765//4765 4852//4852 4767//4767
f 4851//4851 4765//4765 4768//4768
f 4853//4853 4851//4851 4768//4768
f 4855//4855 4853//4853 4768//4768
f 4855//4855 4854//4854 4853//4853
f 4769//4769 4579//4579 4580//4580
f 4769//4769 4856//4856 4579//4579
f 4861//4861 4572//4572 4569//4569
f 4861//4861 4770//4770 4572//4572
f 4857//4857 4858//4858 4703//4703
f 4859//4859 4857//4857 4856//4856
f 4857//4857 4859//4859 4858//4858
f 4769//4769 4859//4859 4856//4856
f 4860//4860 4702//4702 4703//4703
f 4860//4860 4703//4703 4858//4858
f 4702//4702 4770//4770 4861//4861
f 4860//4860 4770//4770 4702//4702
f 4570//4570 4863//4863 4568//4568
f 4570//4570 4772//4772 4863//4863
f 4863//4863 4862//4862 4729//4729
f 4772//4772 4862//4862 4863//4863
f 4773//4773 4728//4728 4729//4729
f 4773//4773 4729//4729 4862//4862
f 4865//4865 4864//4864 4728//4728
f 4865//4865 4728//4728 4773//4773
f 4864//4864 4566//4566 4567//4567
f 4864//4864 4865//4865 4566//4566
f 4557//4557 4554//4554 4725//4725
f 4725//4725 4868//4868 4557//4557
f 4563//4563 4777//4777 4866//4866
f 4563//4563 4564//4564 4777//4777
f 4776//4776 4867//4867 4866//4866
f 4777//4777 4776//4776 4866//4866
f 4867//4867 4776//4776 4779//4779
f 4867//4867 4779//4779 4869//4869
f 4868//4868 4869//4869 4779//4779
f 4869//4869 4868//4868 4725//4725
f 4870//4870 4552//4552 4555//4555
f 4870//4870 4555//4555 4873//4873
f 4871//4871 4551//4551 4550//4550
f 4871//4871 4550//4550 4874//4874
f 4870//4870 4872//4872 4724//4724
f 4873//4873 4872//4872 4870//4870
f 4724//4724 4872//4872 4782//4782
f 4874//4874 4724//4724 4782//4782
f 4871//4871 4874//4874 4782//4782
f 4548//4548 4786//4786 4723//4723
f 4786//4786 4548//4548 4784//4784
f 4723//4723 4876//4876 4875//4875
f 4786//4786 4876//4876 4723//4723
f 4878//4878 4875//4875 4787//4787
f 4787//4787 4875//4875 4876//4876
f 4877//4877 4879//4879 4878//4878
f 4877//4877 4878//4878 4787//4787
f 4879//4879 4542//4542 4541//4541
f 4879//4879 4877//4877 4542//4542
f 4886//4886 4537//4537 4883//4883
f 4537//4537 4885//4885 4883//4883
f 4793//4793 4538//4538 4540//4540
f 4793//4793 4882//4882 4538//4538
f 4880//4880 4881//4881 4882//4882
f 4793//4793 4880//4880 4882//4882
f 4881//4881 4880//4880 4795//4795
f 4884//4884 4881//4881 4795//4795
f 4885//4885 4884//4884 4883//4883
f 4883//4883 4884//4884 4795//4795
f 4888//4888 4535//4535 4887//4887
f 4887//4887 4799//4799 4888//4888
f 4644//4644 4699//4699 4802//4802
f 4644//4644 4643//4643 4699//4699
f 4888//4888 4798//4798 4889//4889
f 4888//4888 4799//4799 4798//4798
f 4889//4889 4798//4798 4804//4804
f 4889//4889 4804//4804 4890//4890
f 4802//4802 4699//4699 4890//4890
f 4802//4802 4890//4890 4804//4804
f 4892//4892 4640//4640 4641//4641
f 4892//4892 4641//4641 4808//4808
f 4892//4892 4806//4806 4891//4891
f 4808//4808 4806//4806 4892//4892
f 4806//4806 4726//4726 4891//4891
f 4806//4806 4809//4809 4726//4726
f 4893//4893 4727//4727 4726//4726
f 4893//4893 4726//4726 4809//4809
f 4893//4893 4639//4639 4636//4636
f 4893//4893 4636//4636 4727//4727
f 4895//4895 4897//4897 4627//4627
f 4894//4894 4634//4634 4637//4637
f 4894//4894 4637//4637 4813//4813
f 4894//4894 4811//4811 4730//4730
f 4894//4894 4813//4813 4811//4811
f 4817//4817 4896//4896 4730//4730
f 4730//4730 4811//4811 4817//4817
f 4898//4898 4895//4895 4896//4896
f 4898//4898 4896//4896 4817//4817
f 4897//4897 4895//4895 4898//4898
f 4625//4625 4899//4899 4900//4900
f 4899//4899 4625//4625 4626//4626
f 4624//4624 4902//4902 4623//4623
f 4901//4901 4900//4900 4899//4899
f 4899//4899 4820//4820 4901//4901
f 4825//4825 4901//4901 4820//4820
f 4825//4825 4731//4731 4901//4901
f 4824//4824 4902//4902 4731//4731
f 4824//4824 4731//4731 4825//4825
f 4902//4902 4824//4824 4623//4623
f 4903//4903 4620//4620 4622//4622
f 4903//4903 4622//4622 4904//4904
f 4903//4903 4904//4904 4826//4826
f 4903//4903 4826//4826 4906//4906
f 4826//4826 4905//4905 4906//4906
f 4826//4826 4829//4829 4905//4905
f 4905//4905 4908//4908 4907//4907
f 4829//4829 4908//4908 4905//4905
f 4908//4908 4612//4612 4609//4609
f 4908//4908 4609//4609 4907//4907
f 4607//4607 4606//4606 4911//4911
f 4606//4606 4732//4732 4911//4911
f 4909//4909 4608//4608 4833//4833
f 4833//4833 4608//4608 4610//4610
f 4909//4909 4833//4833 4835//4835
f 4909//4909 4835//4835 4910//4910
f 4910//4910 4835//4835 4912//4912
f 4732//4732 4912//4912 4911//4911
f 4912//4912 4732//4732 4910//4910
f 4913//4913 4915//4915 4603//4603
f 4913//4913 4603//4603 4604//4604
f 4913//4913 4604//4604 4839//4839
f 4914//4914 4598//4598 4700//4700
f 4700//4700 4598//4598 4597//4597
f 4915//4915 4916//4916 4701//4701
f 4917//4917 4916//4916 4915//4915
f 4913//4913 4917//4917 4915//4915
f 4913//4913 4839//4839 4917//4917
f 4839//4839 4916//4916 4917//4917
f 4918//4918 4919//4919 4701//4701
f 4918//4918 4701//4701 4916//4916
f 4918//4918 4914//4914 4919//4919
f 4700//4700 4919//4919 4914//4914
# 10000 faces, 0 coords texture

# End of File
