ISO-10303-21;
HEADER;
/* Generated by software containing ST-Developer
 * from STEP Tools, Inc. (www.steptools.com) 
 */

FILE_DESCRIPTION(
/* description */ (''),
/* implementation_level */ '2;1');

FILE_NAME(
/* name */ 'auxiliary gripper rail.step',
/* time_stamp */ '2026-09-25T11:11:54-04:00',
/* author */ (''),
/* organization */ (''),
/* preprocessor_version */ 'ST-DEVELOPER v20.2',
/* originating_system */ 'Autodesk Translation Framework v15.15.0.0',
/* authorisation */ '');

FILE_SCHEMA (('AUTOMOTIVE_DESIGN { 1 0 10303 214 3 1 1 }'));
ENDSEC;

DATA;
#10=MECHANICAL_DESIGN_GEOMETRIC_PRESENTATION_REPRESENTATION('',(#13),#10537);
#11=SHAPE_REPRESENTATION_RELATIONSHIP('SRR','None',#10544,#12);
#12=ADVANCED_BREP_SHAPE_REPRESENTATION('',(#14),#10536);
#13=STYLED_ITEM('',(#10554),#14);
#14=MANIFOLD_SOLID_BREP('Body1',#5190);
#15=(
BOUNDED_SURFACE()
B_SPLINE_SURFACE(2,2,((#8783,#8784,#8785),(#8786,#8787,#8788),(#8789,#8790,
#8791)),.UNSPECIFIED.,.F.,.F.,.F.)
B_SPLINE_SURFACE_WITH_KNOTS((3,3),(3,3),(-1.5707963267949,0.),(1.5707963267949,
3.14159265358979),.UNSPECIFIED.)
GEOMETRIC_REPRESENTATION_ITEM()
RATIONAL_B_SPLINE_SURFACE(((1.,0.707106781186548,1.),(0.707106781186549,
0.500000000000001,0.707106781186549),(1.,0.707106781186548,1.)))
REPRESENTATION_ITEM('')
SURFACE()
);
#16=(
BOUNDED_SURFACE()
B_SPLINE_SURFACE(2,2,((#8887,#8888,#8889),(#8890,#8891,#8892),(#8893,#8894,
#8895)),.UNSPECIFIED.,.F.,.F.,.F.)
B_SPLINE_SURFACE_WITH_KNOTS((3,3),(3,3),(-1.5707963267949,0.),(0.,1.5707963267949),
 .UNSPECIFIED.)
GEOMETRIC_REPRESENTATION_ITEM()
RATIONAL_B_SPLINE_SURFACE(((1.,0.707106781186548,1.),(0.707106781186554,
0.500000000000005,0.707106781186554),(1.,0.707106781186548,1.)))
REPRESENTATION_ITEM('')
SURFACE()
);
#17=(
BOUNDED_SURFACE()
B_SPLINE_SURFACE(2,2,((#9318,#9319,#9320),(#9321,#9322,#9323),(#9324,#9325,
#9326)),.UNSPECIFIED.,.F.,.F.,.F.)
B_SPLINE_SURFACE_WITH_KNOTS((3,3),(3,3),(-1.5707963267949,0.),(0.,1.5707963267949),
 .UNSPECIFIED.)
GEOMETRIC_REPRESENTATION_ITEM()
RATIONAL_B_SPLINE_SURFACE(((1.,0.707106781186548,1.),(0.707106781186558,
0.500000000000007,0.707106781186558),(1.,0.707106781186548,1.)))
REPRESENTATION_ITEM('')
SURFACE()
);
#18=(
BOUNDED_SURFACE()
B_SPLINE_SURFACE(2,2,((#9558,#9559,#9560),(#9561,#9562,#9563),(#9564,#9565,
#9566)),.UNSPECIFIED.,.F.,.F.,.F.)
B_SPLINE_SURFACE_WITH_KNOTS((3,3),(3,3),(-1.5707963267949,0.),(1.5707963267949,
3.14159265358979),.UNSPECIFIED.)
GEOMETRIC_REPRESENTATION_ITEM()
RATIONAL_B_SPLINE_SURFACE(((1.,0.707106781186548,1.),(0.707106781186554,
0.500000000000005,0.707106781186554),(1.,0.707106781186548,1.)))
REPRESENTATION_ITEM('')
SURFACE()
);
#19=FACE_BOUND('',#1455,.T.);
#20=FACE_BOUND('',#1456,.T.);
#21=FACE_BOUND('',#1457,.T.);
#22=FACE_BOUND('',#1458,.T.);
#23=FACE_BOUND('',#1459,.T.);
#24=FACE_BOUND('',#1460,.T.);
#25=FACE_BOUND('',#1461,.T.);
#26=FACE_BOUND('',#1462,.T.);
#27=FACE_BOUND('',#1463,.T.);
#28=FACE_BOUND('',#1701,.T.);
#29=FACE_BOUND('',#1705,.T.);
#30=FACE_BOUND('',#1710,.T.);
#31=FACE_BOUND('',#1715,.T.);
#32=FACE_BOUND('',#1719,.T.);
#33=FACE_BOUND('',#1720,.T.);
#34=FACE_BOUND('',#1726,.T.);
#35=FACE_BOUND('',#1731,.T.);
#36=FACE_BOUND('',#1735,.T.);
#37=FACE_BOUND('',#1740,.T.);
#38=ELLIPSE('',#5288,4.0975753143524,4.);
#39=ELLIPSE('',#5290,2.1886350670658,2.);
#40=ELLIPSE('',#5323,1.39016126401204,1.);
#41=ELLIPSE('',#5326,1.39016126401198,1.);
#42=ELLIPSE('',#5327,1.39016126401198,1.);
#43=ELLIPSE('',#5329,1.39016126401205,1.);
#44=ELLIPSE('',#5330,1.39016126401205,1.);
#45=ELLIPSE('',#5357,1.39016126401205,0.999999999999996);
#46=ELLIPSE('',#5358,1.39016126401205,0.999999999999979);
#47=ELLIPSE('',#5359,1.39016126401197,0.999999999999996);
#48=ELLIPSE('',#5360,1.39016126401198,1.00000000000002);
#49=ELLIPSE('',#5376,1.39016126401199,0.999999999999997);
#50=ELLIPSE('',#5377,1.39016126401198,0.999999999999979);
#51=ELLIPSE('',#5379,1.39016126401204,0.999999999999996);
#52=ELLIPSE('',#5380,1.39016126401205,0.999999999999996);
#53=ELLIPSE('',#5407,1.39016126401204,1.);
#54=ELLIPSE('',#5408,1.39016126401198,1.);
#55=ELLIPSE('',#5409,1.39016126401198,1.);
#56=ELLIPSE('',#5421,1.39016126401198,0.999999999999996);
#57=ELLIPSE('',#5422,1.39016126401198,0.999999999999996);
#58=ELLIPSE('',#5424,1.39016126401198,0.999999999999996);
#59=ELLIPSE('',#5425,1.39016126401198,0.999999999999996);
#60=ELLIPSE('',#5427,1.01363290201168,0.999999999999996);
#61=ELLIPSE('',#5428,1.01363290201168,0.999999999999996);
#62=ELLIPSE('',#5430,1.01363290201168,0.999999999999996);
#63=ELLIPSE('',#5431,1.01363290201168,0.999999999999996);
#64=ELLIPSE('',#5433,1.39016126401198,0.999999999999996);
#65=ELLIPSE('',#5434,1.39016126401199,0.999999999999997);
#66=ELLIPSE('',#5436,1.39016126401198,0.999999999999996);
#67=ELLIPSE('',#5437,1.39016126401198,0.999999999999996);
#68=ELLIPSE('',#5523,23.66,9.1);
#69=ELLIPSE('',#5524,1.3,0.499999999999999);
#70=ELLIPSE('',#5559,1.3,0.5);
#71=ELLIPSE('',#5560,23.66,9.1);
#72=ELLIPSE('',#5572,1.39016126401198,0.999999999999997);
#73=ELLIPSE('',#5573,1.39016126401198,0.999999999999996);
#74=ELLIPSE('',#5603,1.39016126401198,0.999999999999996);
#75=ELLIPSE('',#5604,1.39016126401198,0.999999999999996);
#76=ELLIPSE('',#5606,1.01363290201168,0.999999999999996);
#77=ELLIPSE('',#5607,1.01363290201168,0.999999999999996);
#78=ELLIPSE('',#5609,1.01363290201168,0.999999999999996);
#79=ELLIPSE('',#5610,1.01363290201168,0.999999999999996);
#80=ELLIPSE('',#5622,1.39016126401198,0.999999999999996);
#81=ELLIPSE('',#5623,1.39016126401199,0.999999999999996);
#82=ELLIPSE('',#5625,1.39016126401198,0.999999999999996);
#83=ELLIPSE('',#5626,1.39016126401198,0.999999999999996);
#84=ELLIPSE('',#5683,23.66,9.1);
#85=ELLIPSE('',#5685,23.66,9.1);
#86=B_SPLINE_SURFACE_WITH_KNOTS('',3,3,((#7790,#7791,#7792,#7793,#7794),
(#7795,#7796,#7797,#7798,#7799),(#7800,#7801,#7802,#7803,#7804),(#7805,
#7806,#7807,#7808,#7809),(#7810,#7811,#7812,#7813,#7814)),.UNSPECIFIED.,
 .F.,.F.,.F.,(4,1,4),(4,1,4),(0.,0.571428571428571,1.),(-1.5707963267949,
-0.897597901025655,2.08166817117217E-16),.UNSPECIFIED.);
#87=B_SPLINE_SURFACE_WITH_KNOTS('',3,3,((#7903,#7904,#7905,#7906,#7907,
#7908),(#7909,#7910,#7911,#7912,#7913,#7914),(#7915,#7916,#7917,#7918,#7919,
#7920),(#7921,#7922,#7923,#7924,#7925,#7926),(#7927,#7928,#7929,#7930,#7931,
#7932),(#7933,#7934,#7935,#7936,#7937,#7938),(#7939,#7940,#7941,#7942,#7943,
#7944)),.UNSPECIFIED.,.F.,.F.,.F.,(4,1,1,1,4),(4,1,1,4),(0.,0.285714285714286,
0.571428571428571,0.857142857142857,1.),(-1.5707963267949,-0.673198425769243,
-0.224399475256415,-2.60208521396521E-16),.UNSPECIFIED.);
#88=B_SPLINE_SURFACE_WITH_KNOTS('',3,3,((#7950,#7951,#7952,#7953,#7954,
#7955,#7956),(#7957,#7958,#7959,#7960,#7961,#7962,#7963),(#7964,#7965,#7966,
#7967,#7968,#7969,#7970),(#7971,#7972,#7973,#7974,#7975,#7976,#7977),(#7978,
#7979,#7980,#7981,#7982,#7983,#7984),(#7985,#7986,#7987,#7988,#7989,#7990,
#7991),(#7992,#7993,#7994,#7995,#7996,#7997,#7998)),.UNSPECIFIED.,.F.,.F.,
 .F.,(4,1,1,1,4),(4,1,1,1,4),(0.,0.285714285714286,0.571428571428571,0.857142857142857,
1.),(-1.57079632679489,-0.897597901025654,-0.448798950512827,-0.224399475256414,
3.34317260310158E-17),.UNSPECIFIED.);
#89=B_SPLINE_SURFACE_WITH_KNOTS('',3,3,((#8060,#8061,#8062,#8063,#8064,
#8065,#8066),(#8067,#8068,#8069,#8070,#8071,#8072,#8073),(#8074,#8075,#8076,
#8077,#8078,#8079,#8080),(#8081,#8082,#8083,#8084,#8085,#8086,#8087),(#8088,
#8089,#8090,#8091,#8092,#8093,#8094),(#8095,#8096,#8097,#8098,#8099,#8100,
#8101),(#8102,#8103,#8104,#8105,#8106,#8107,#8108)),.UNSPECIFIED.,.F.,.F.,
 .F.,(4,1,1,1,4),(4,1,1,1,4),(0.,0.285714285714286,0.571428571428571,0.857142857142857,
1.),(-1.57079632679489,-0.897597901025653,-0.448798950512826,-0.224399475256412,
1.12757025938492E-15),.UNSPECIFIED.);
#90=B_SPLINE_SURFACE_WITH_KNOTS('',3,3,((#8112,#8113,#8114,#8115,#8116,
#8117,#8118),(#8119,#8120,#8121,#8122,#8123,#8124,#8125),(#8126,#8127,#8128,
#8129,#8130,#8131,#8132),(#8133,#8134,#8135,#8136,#8137,#8138,#8139),(#8140,
#8141,#8142,#8143,#8144,#8145,#8146),(#8147,#8148,#8149,#8150,#8151,#8152,
#8153),(#8154,#8155,#8156,#8157,#8158,#8159,#8160)),.UNSPECIFIED.,.F.,.F.,
 .F.,(4,1,1,1,4),(4,1,1,1,4),(0.,0.285714285714286,0.571428571428571,0.857142857142857,
1.),(-1.57079632679489,-0.897597901025653,-0.448798950512829,-0.224399475256417,
-5.10952661912095E-15),.UNSPECIFIED.);
#91=B_SPLINE_SURFACE_WITH_KNOTS('',3,3,((#8188,#8189,#8190,#8191,#8192,
#8193,#8194),(#8195,#8196,#8197,#8198,#8199,#8200,#8201),(#8202,#8203,#8204,
#8205,#8206,#8207,#8208),(#8209,#8210,#8211,#8212,#8213,#8214,#8215),(#8216,
#8217,#8218,#8219,#8220,#8221,#8222),(#8223,#8224,#8225,#8226,#8227,#8228,
#8229),(#8230,#8231,#8232,#8233,#8234,#8235,#8236)),.UNSPECIFIED.,.F.,.F.,
 .F.,(4,1,1,1,4),(4,1,1,1,4),(0.,0.285714285714286,0.571428571428571,0.857142857142857,
1.),(-1.5707963267949,-0.897597901025658,-0.44879895051283,-0.224399475256415,
-1.21430643318376E-15),.UNSPECIFIED.);
#92=B_SPLINE_SURFACE_WITH_KNOTS('',3,3,((#8242,#8243,#8244,#8245,#8246,
#8247,#8248),(#8249,#8250,#8251,#8252,#8253,#8254,#8255),(#8256,#8257,#8258,
#8259,#8260,#8261,#8262),(#8263,#8264,#8265,#8266,#8267,#8268,#8269),(#8270,
#8271,#8272,#8273,#8274,#8275,#8276),(#8277,#8278,#8279,#8280,#8281,#8282,
#8283),(#8284,#8285,#8286,#8287,#8288,#8289,#8290)),.UNSPECIFIED.,.F.,.F.,
 .F.,(4,1,1,1,4),(4,1,1,1,4),(0.,0.285714285714286,0.571428571428571,0.857142857142857,
1.),(-1.57079632679489,-0.89759790102565,-0.448798950512824,-0.224399475256412,
5.68339342527261E-16),.UNSPECIFIED.);
#93=B_SPLINE_SURFACE_WITH_KNOTS('',3,3,((#8347,#8348,#8349,#8350,#8351,
#8352),(#8353,#8354,#8355,#8356,#8357,#8358),(#8359,#8360,#8361,#8362,#8363,
#8364),(#8365,#8366,#8367,#8368,#8369,#8370),(#8371,#8372,#8373,#8374,#8375,
#8376),(#8377,#8378,#8379,#8380,#8381,#8382),(#8383,#8384,#8385,#8386,#8387,
#8388)),.UNSPECIFIED.,.F.,.F.,.F.,(4,1,1,1,4),(4,1,1,4),(0.,0.285714285714286,
0.571428571428571,0.857142857142857,1.),(-1.57079632679488,-0.673198425769234,
-0.224399475256411,0.),.UNSPECIFIED.);
#94=B_SPLINE_SURFACE_WITH_KNOTS('',3,3,((#8390,#8391,#8392,#8393,#8394,
#8395,#8396),(#8397,#8398,#8399,#8400,#8401,#8402,#8403),(#8404,#8405,#8406,
#8407,#8408,#8409,#8410),(#8411,#8412,#8413,#8414,#8415,#8416,#8417),(#8418,
#8419,#8420,#8421,#8422,#8423,#8424),(#8425,#8426,#8427,#8428,#8429,#8430,
#8431),(#8432,#8433,#8434,#8435,#8436,#8437,#8438)),.UNSPECIFIED.,.F.,.F.,
 .F.,(4,1,1,1,4),(4,1,1,1,4),(0.,0.285714285714286,0.571428571428571,0.857142857142857,
1.),(-1.5707963267949,-0.897597901025655,-0.448798950512828,-0.224399475256414,
3.34317260310179E-17),.UNSPECIFIED.);
#95=B_SPLINE_SURFACE_WITH_KNOTS('',3,3,((#8451,#8452,#8453,#8454,#8455,
#8456,#8457),(#8458,#8459,#8460,#8461,#8462,#8463,#8464),(#8465,#8466,#8467,
#8468,#8469,#8470,#8471),(#8472,#8473,#8474,#8475,#8476,#8477,#8478),(#8479,
#8480,#8481,#8482,#8483,#8484,#8485),(#8486,#8487,#8488,#8489,#8490,#8491,
#8492),(#8493,#8494,#8495,#8496,#8497,#8498,#8499)),.UNSPECIFIED.,.F.,.F.,
 .F.,(4,1,1,1,4),(4,1,1,1,4),(0.,0.285714285714286,0.571428571428571,0.857142857142857,
1.),(-1.57079632679489,-0.897597901025654,-0.448798950512827,-0.224399475256413,
0.),.UNSPECIFIED.);
#96=B_SPLINE_SURFACE_WITH_KNOTS('',3,3,((#8506,#8507,#8508,#8509,#8510,
#8511,#8512),(#8513,#8514,#8515,#8516,#8517,#8518,#8519),(#8520,#8521,#8522,
#8523,#8524,#8525,#8526),(#8527,#8528,#8529,#8530,#8531,#8532,#8533),(#8534,
#8535,#8536,#8537,#8538,#8539,#8540),(#8541,#8542,#8543,#8544,#8545,#8546,
#8547),(#8548,#8549,#8550,#8551,#8552,#8553,#8554)),.UNSPECIFIED.,.F.,.F.,
 .F.,(4,1,1,1,4),(4,1,1,1,4),(0.,0.285714285714286,0.571428571428571,0.857142857142857,
1.),(-1.5707963267949,-0.897597901025655,-0.448798950512828,-0.224399475256414,
-8.67361737988403E-17),.UNSPECIFIED.);
#97=B_SPLINE_SURFACE_WITH_KNOTS('',3,3,((#8561,#8562,#8563,#8564,#8565),
(#8566,#8567,#8568,#8569,#8570),(#8571,#8572,#8573,#8574,#8575),(#8576,
#8577,#8578,#8579,#8580)),.UNSPECIFIED.,.F.,.F.,.F.,(4,4),(4,1,4),(0.,1.),
(-1.5707963267949,-0.897597901025656,-4.33680868994202E-16),
 .UNSPECIFIED.);
#98=B_SPLINE_SURFACE_WITH_KNOTS('',3,3,((#8587,#8588,#8589,#8590,#8591),
(#8592,#8593,#8594,#8595,#8596),(#8597,#8598,#8599,#8600,#8601),(#8602,
#8603,#8604,#8605,#8606)),.UNSPECIFIED.,.F.,.F.,.F.,(4,4),(4,1,4),(0.,1.),
(-1.57079632679489,-0.67319842576924,7.75905764314985E-17),
 .UNSPECIFIED.);
#99=B_SPLINE_SURFACE_WITH_KNOTS('',3,3,((#8613,#8614,#8615,#8616,#8617,
#8618,#8619),(#8620,#8621,#8622,#8623,#8624,#8625,#8626),(#8627,#8628,#8629,
#8630,#8631,#8632,#8633),(#8634,#8635,#8636,#8637,#8638,#8639,#8640),(#8641,
#8642,#8643,#8644,#8645,#8646,#8647),(#8648,#8649,#8650,#8651,#8652,#8653,
#8654),(#8655,#8656,#8657,#8658,#8659,#8660,#8661)),.UNSPECIFIED.,.F.,.F.,
 .F.,(4,1,1,1,4),(4,1,1,1,4),(0.,0.285714285714286,0.571428571428571,0.857142857142857,
1.),(-1.5707963267949,-0.897597901025655,-0.448798950512828,-0.224399475256414,
0.),.UNSPECIFIED.);
#100=B_SPLINE_SURFACE_WITH_KNOTS('',3,3,((#8668,#8669,#8670,#8671,#8672,
#8673,#8674),(#8675,#8676,#8677,#8678,#8679,#8680,#8681),(#8682,#8683,#8684,
#8685,#8686,#8687,#8688),(#8689,#8690,#8691,#8692,#8693,#8694,#8695),(#8696,
#8697,#8698,#8699,#8700,#8701,#8702),(#8703,#8704,#8705,#8706,#8707,#8708,
#8709),(#8710,#8711,#8712,#8713,#8714,#8715,#8716)),.UNSPECIFIED.,.F.,.F.,
 .F.,(4,1,1,1,4),(4,1,1,1,4),(0.,0.285714285714286,0.571428571428571,0.857142857142857,
1.),(-1.57079632679489,-0.897597901025651,-0.448798950512826,-0.224399475256413,
0.),.UNSPECIFIED.);
#101=B_SPLINE_SURFACE_WITH_KNOTS('',3,3,((#9218,#9219,#9220,#9221,#9222,
#9223,#9224),(#9225,#9226,#9227,#9228,#9229,#9230,#9231),(#9232,#9233,#9234,
#9235,#9236,#9237,#9238),(#9239,#9240,#9241,#9242,#9243,#9244,#9245),(#9246,
#9247,#9248,#9249,#9250,#9251,#9252),(#9253,#9254,#9255,#9256,#9257,#9258,
#9259),(#9260,#9261,#9262,#9263,#9264,#9265,#9266)),.UNSPECIFIED.,.F.,.F.,
 .F.,(4,1,1,1,4),(4,1,1,1,4),(0.,0.285714285714286,0.571428571428571,0.857142857142857,
1.),(8.67361737988403E-17,0.224399475256413,0.448798950512826,0.673198425769239,
1.57079632679489),.UNSPECIFIED.);
#102=B_SPLINE_SURFACE_WITH_KNOTS('',3,3,((#9335,#9336,#9337,#9338,#9339,
#9340),(#9341,#9342,#9343,#9344,#9345,#9346),(#9347,#9348,#9349,#9350,#9351,
#9352),(#9353,#9354,#9355,#9356,#9357,#9358),(#9359,#9360,#9361,#9362,#9363,
#9364),(#9365,#9366,#9367,#9368,#9369,#9370),(#9371,#9372,#9373,#9374,#9375,
#9376)),.UNSPECIFIED.,.F.,.F.,.F.,(4,1,1,1,4),(4,1,1,4),(0.,0.285714285714286,
0.571428571428571,0.857142857142857,1.),(0.,0.224399475256414,0.673198425769241,
1.5707963267949),.UNSPECIFIED.);
#103=B_SPLINE_SURFACE_WITH_KNOTS('',3,3,((#9382,#9383,#9384,#9385,#9386),
(#9387,#9388,#9389,#9390,#9391),(#9392,#9393,#9394,#9395,#9396),(#9397,
#9398,#9399,#9400,#9401)),.UNSPECIFIED.,.F.,.F.,.F.,(4,4),(4,1,4),(0.,1.),
(-7.75905764314985E-17,0.897597901025655,1.5707963267949),.UNSPECIFIED.);
#104=B_SPLINE_SURFACE_WITH_KNOTS('',3,3,((#9407,#9408,#9409,#9410,#9411),
(#9412,#9413,#9414,#9415,#9416),(#9417,#9418,#9419,#9420,#9421),(#9422,
#9423,#9424,#9425,#9426)),.UNSPECIFIED.,.F.,.F.,.F.,(4,4),(4,1,4),(0.,1.),
(4.33680868994202E-16,0.673198425769242,1.5707963267949),.UNSPECIFIED.);
#105=B_SPLINE_SURFACE_WITH_KNOTS('',3,3,((#9448,#9449,#9450,#9451,#9452,
#9453),(#9454,#9455,#9456,#9457,#9458,#9459),(#9460,#9461,#9462,#9463,#9464,
#9465),(#9466,#9467,#9468,#9469,#9470,#9471),(#9472,#9473,#9474,#9475,#9476,
#9477),(#9478,#9479,#9480,#9481,#9482,#9483),(#9484,#9485,#9486,#9487,#9488,
#9489)),.UNSPECIFIED.,.F.,.F.,.F.,(4,1,1,1,4),(4,1,1,4),(0.,0.285714285714286,
0.571428571428571,0.857142857142857,1.),(0.,0.224399475256414,0.673198425769241,
1.5707963267949),.UNSPECIFIED.);
#106=B_SPLINE_SURFACE_WITH_KNOTS('',3,3,((#9495,#9496,#9497,#9498,#9499,
#9500,#9501),(#9502,#9503,#9504,#9505,#9506,#9507,#9508),(#9509,#9510,#9511,
#9512,#9513,#9514,#9515),(#9516,#9517,#9518,#9519,#9520,#9521,#9522),(#9523,
#9524,#9525,#9526,#9527,#9528,#9529),(#9530,#9531,#9532,#9533,#9534,#9535,
#9536),(#9537,#9538,#9539,#9540,#9541,#9542,#9543)),.UNSPECIFIED.,.F.,.F.,
 .F.,(4,1,1,1,4),(4,1,1,1,4),(0.,0.285714285714286,0.571428571428571,0.857142857142857,
1.),(0.,0.224399475256413,0.448798950512827,0.67319842576924,1.57079632679489),
 .UNSPECIFIED.);
#107=B_SPLINE_SURFACE_WITH_KNOTS('',3,3,((#10013,#10014,#10015,#10016,#10017,
#10018,#10019,#10020,#10021,#10022,#10023,#10024,#10025),(#10026,#10027,
#10028,#10029,#10030,#10031,#10032,#10033,#10034,#10035,#10036,#10037,#10038),
(#10039,#10040,#10041,#10042,#10043,#10044,#10045,#10046,#10047,#10048,
#10049,#10050,#10051),(#10052,#10053,#10054,#10055,#10056,#10057,#10058,
#10059,#10060,#10061,#10062,#10063,#10064)),.UNSPECIFIED.,.F.,.F.,.F.,(4,
4),(4,2,1,1,1,1,1,1,1,4),(0.,1.),(-2.20736426604339,-2.20672362342913,-2.18220447388948,
-2.15768532434982,-2.13316617481016,-2.1086470252705,-2.08412787573084,
-2.05960872619119,-2.01057042711187,-1.96153212803256),.UNSPECIFIED.);
#108=B_SPLINE_SURFACE_WITH_KNOTS('',3,3,((#10084,#10085,#10086,#10087,#10088,
#10089,#10090,#10091,#10092,#10093,#10094,#10095),(#10096,#10097,#10098,
#10099,#10100,#10101,#10102,#10103,#10104,#10105,#10106,#10107),(#10108,
#10109,#10110,#10111,#10112,#10113,#10114,#10115,#10116,#10117,#10118,#10119),
(#10120,#10121,#10122,#10123,#10124,#10125,#10126,#10127,#10128,#10129,
#10130,#10131),(#10132,#10133,#10134,#10135,#10136,#10137,#10138,#10139,
#10140,#10141,#10142,#10143)),.UNSPECIFIED.,.F.,.F.,.F.,(4,1,4),(4,1,1,
1,1,1,1,2,4),(0.,0.571428571428571,1.),(-0.24519149539657,-0.196153196317256,
-0.147114897237942,-0.122595747698285,-0.098076598158628,-0.049038299079314,
-0.024519149539657,0.,0.000640642614264564),.UNSPECIFIED.);
#109=B_SPLINE_SURFACE_WITH_KNOTS('',3,3,((#10168,#10169,#10170,#10171,#10172,
#10173,#10174,#10175,#10176,#10177,#10178,#10179),(#10180,#10181,#10182,
#10183,#10184,#10185,#10186,#10187,#10188,#10189,#10190,#10191),(#10192,
#10193,#10194,#10195,#10196,#10197,#10198,#10199,#10200,#10201,#10202,#10203),
(#10204,#10205,#10206,#10207,#10208,#10209,#10210,#10211,#10212,#10213,
#10214,#10215),(#10216,#10217,#10218,#10219,#10220,#10221,#10222,#10223,
#10224,#10225,#10226,#10227)),.UNSPECIFIED.,.F.,.F.,.F.,(4,1,4),(4,1,1,
1,1,1,1,2,4),(0.,0.571428571428571,1.),(-0.245191495396586,-0.196153196317269,
-0.147114897237952,-0.122595747698293,-0.0980765981586345,-0.0490382990793173,
-0.0245191495396586,0.,0.000640642614246913),.UNSPECIFIED.);
#110=B_SPLINE_SURFACE_WITH_KNOTS('',3,3,((#10229,#10230,#10231,#10232,#10233,
#10234,#10235,#10236,#10237,#10238,#10239),(#10240,#10241,#10242,#10243,
#10244,#10245,#10246,#10247,#10248,#10249,#10250),(#10251,#10252,#10253,
#10254,#10255,#10256,#10257,#10258,#10259,#10260,#10261),(#10262,#10263,
#10264,#10265,#10266,#10267,#10268,#10269,#10270,#10271,#10272)),
 .UNSPECIFIED.,.F.,.F.,.F.,(4,4),(4,2,1,1,1,1,1,4),(0.,1.),(-2.20736426604336,
-2.20672362342911,-2.18220238392434,-2.15768114441957,-2.10863866541002,
-2.05959618640047,-2.01055370739093,-1.96151122838138),.UNSPECIFIED.);
#111=B_SPLINE_SURFACE_WITH_KNOTS('',3,3,((#10316,#10317,#10318,#10319,#10320,
#10321,#10322,#10323,#10324,#10325,#10326,#10327),(#10328,#10329,#10330,
#10331,#10332,#10333,#10334,#10335,#10336,#10337,#10338,#10339),(#10340,
#10341,#10342,#10343,#10344,#10345,#10346,#10347,#10348,#10349,#10350,#10351),
(#10352,#10353,#10354,#10355,#10356,#10357,#10358,#10359,#10360,#10361,
#10362,#10363),(#10364,#10365,#10366,#10367,#10368,#10369,#10370,#10371,
#10372,#10373,#10374,#10375)),.UNSPECIFIED.,.F.,.F.,.F.,(4,1,4),(4,1,1,
1,1,1,1,2,4),(0.,0.571428571428571,1.),(-0.245191495396603,-0.196153196317283,
-0.147114897237962,-0.122595747698302,-0.0980765981586413,-0.0490382990793207,
-0.0245191495396603,0.,0.000640642614230837),.UNSPECIFIED.);
#112=B_SPLINE_SURFACE_WITH_KNOTS('',3,3,((#10379,#10380,#10381,#10382,#10383,
#10384,#10385,#10386,#10387,#10388,#10389,#10390,#10391),(#10392,#10393,
#10394,#10395,#10396,#10397,#10398,#10399,#10400,#10401,#10402,#10403,#10404),
(#10405,#10406,#10407,#10408,#10409,#10410,#10411,#10412,#10413,#10414,
#10415,#10416,#10417),(#10418,#10419,#10420,#10421,#10422,#10423,#10424,
#10425,#10426,#10427,#10428,#10429,#10430)),.UNSPECIFIED.,.F.,.F.,.F.,(4,
4),(4,2,1,1,1,1,1,1,1,4),(0.,1.),(-2.20736426604342,-2.20672362342919,-2.18220447388953,
-2.15768532434987,-2.13316617481021,-2.10864702527055,-2.08412787573089,
-2.05960872619123,-2.0105704271119,-1.96153212803258),.UNSPECIFIED.);
#113=SPHERICAL_SURFACE('',#5257,2.);
#114=SPHERICAL_SURFACE('',#5260,2.);
#115=SPHERICAL_SURFACE('',#5273,2.);
#116=SPHERICAL_SURFACE('',#5280,2.);
#117=PLANE('',#5213);
#118=PLANE('',#5221);
#119=PLANE('',#5229);
#120=PLANE('',#5237);
#121=PLANE('',#5242);
#122=PLANE('',#5245);
#123=PLANE('',#5262);
#124=PLANE('',#5267);
#125=PLANE('',#5282);
#126=PLANE('',#5283);
#127=PLANE('',#5287);
#128=PLANE('',#5296);
#129=PLANE('',#5314);
#130=PLANE('',#5315);
#131=PLANE('',#5324);
#132=PLANE('',#5344);
#133=PLANE('',#5347);
#134=PLANE('',#5350);
#135=PLANE('',#5353);
#136=PLANE('',#5356);
#137=PLANE('',#5374);
#138=PLANE('',#5397);
#139=PLANE('',#5400);
#140=PLANE('',#5403);
#141=PLANE('',#5406);
#142=PLANE('',#5517);
#143=PLANE('',#5522);
#144=PLANE('',#5526);
#145=PLANE('',#5529);
#146=PLANE('',#5532);
#147=PLANE('',#5535);
#148=PLANE('',#5538);
#149=PLANE('',#5541);
#150=PLANE('',#5544);
#151=PLANE('',#5547);
#152=PLANE('',#5550);
#153=PLANE('',#5553);
#154=PLANE('',#5556);
#155=PLANE('',#5558);
#156=PLANE('',#5562);
#157=PLANE('',#5566);
#158=PLANE('',#5569);
#159=PLANE('',#5657);
#160=PLANE('',#5660);
#161=PLANE('',#5663);
#162=PLANE('',#5667);
#163=PLANE('',#5674);
#164=PLANE('',#5694);
#165=PLANE('',#5702);
#166=PLANE('',#5703);
#167=PLANE('',#5709);
#168=PLANE('',#5712);
#169=PLANE('',#5720);
#170=PLANE('',#5723);
#171=PLANE('',#5726);
#172=PLANE('',#5730);
#173=PLANE('',#5734);
#174=PLANE('',#5739);
#175=PLANE('',#5741);
#176=PLANE('',#5744);
#177=PLANE('',#5752);
#178=PLANE('',#5754);
#179=PLANE('',#5756);
#180=PLANE('',#5763);
#181=PLANE('',#5772);
#182=PLANE('',#5774);
#183=PLANE('',#5777);
#184=PLANE('',#5778);
#185=PLANE('',#5782);
#186=PLANE('',#5783);
#187=PLANE('',#5791);
#188=PLANE('',#5795);
#189=PLANE('',#5796);
#190=PLANE('',#5797);
#191=PLANE('',#5801);
#192=PLANE('',#5802);
#193=PLANE('',#5803);
#194=PLANE('',#5804);
#195=PLANE('',#5807);
#196=PLANE('',#5809);
#197=PLANE('',#5812);
#198=PLANE('',#5813);
#199=PLANE('',#5817);
#200=PLANE('',#5821);
#201=PLANE('',#5822);
#202=PLANE('',#5823);
#203=LINE('',#7486,#583);
#204=LINE('',#7489,#584);
#205=LINE('',#7491,#585);
#206=LINE('',#7501,#586);
#207=LINE('',#7519,#587);
#208=LINE('',#7521,#588);
#209=LINE('',#7523,#589);
#210=LINE('',#7527,#590);
#211=LINE('',#7531,#591);
#212=LINE('',#7533,#592);
#213=LINE('',#7534,#593);
#214=LINE('',#7537,#594);
#215=LINE('',#7540,#595);
#216=LINE('',#7545,#596);
#217=LINE('',#7549,#597);
#218=LINE('',#7553,#598);
#219=LINE('',#7554,#599);
#220=LINE('',#7560,#600);
#221=LINE('',#7566,#601);
#222=LINE('',#7569,#602);
#223=LINE('',#7572,#603);
#224=LINE('',#7574,#604);
#225=LINE('',#7576,#605);
#226=LINE('',#7580,#606);
#227=LINE('',#7584,#607);
#228=LINE('',#7586,#608);
#229=LINE('',#7599,#609);
#230=LINE('',#7612,#610);
#231=LINE('',#7614,#611);
#232=LINE('',#7618,#612);
#233=LINE('',#7622,#613);
#234=LINE('',#7624,#614);
#235=LINE('',#7626,#615);
#236=LINE('',#7630,#616);
#237=LINE('',#7634,#617);
#238=LINE('',#7637,#618);
#239=LINE('',#7640,#619);
#240=LINE('',#7644,#620);
#241=LINE('',#7650,#621);
#242=LINE('',#7651,#622);
#243=LINE('',#7654,#623);
#244=LINE('',#7656,#624);
#245=LINE('',#7658,#625);
#246=LINE('',#7662,#626);
#247=LINE('',#7666,#627);
#248=LINE('',#7668,#628);
#249=LINE('',#7670,#629);
#250=LINE('',#7671,#630);
#251=LINE('',#7676,#631);
#252=LINE('',#7700,#632);
#253=LINE('',#7701,#633);
#254=LINE('',#7706,#634);
#255=LINE('',#7709,#635);
#256=LINE('',#7718,#636);
#257=LINE('',#7720,#637);
#258=LINE('',#7722,#638);
#259=LINE('',#7724,#639);
#260=LINE('',#7725,#640);
#261=LINE('',#7728,#641);
#262=LINE('',#7732,#642);
#263=LINE('',#7736,#643);
#264=LINE('',#7740,#644);
#265=LINE('',#7744,#645);
#266=LINE('',#7745,#646);
#267=LINE('',#7752,#647);
#268=LINE('',#7755,#648);
#269=LINE('',#7763,#649);
#270=LINE('',#7766,#650);
#271=LINE('',#7770,#651);
#272=LINE('',#7772,#652);
#273=LINE('',#7774,#653);
#274=LINE('',#7776,#654);
#275=LINE('',#7778,#655);
#276=LINE('',#7779,#656);
#277=LINE('',#7784,#657);
#278=LINE('',#7788,#658);
#279=LINE('',#7789,#659);
#280=LINE('',#7825,#660);
#281=LINE('',#7827,#661);
#282=LINE('',#7829,#662);
#283=LINE('',#7830,#663);
#284=LINE('',#7833,#664);
#285=LINE('',#7839,#665);
#286=LINE('',#7843,#666);
#287=LINE('',#7847,#667);
#288=LINE('',#7849,#668);
#289=LINE('',#7858,#669);
#290=LINE('',#7862,#670);
#291=LINE('',#7866,#671);
#292=LINE('',#7870,#672);
#293=LINE('',#7883,#673);
#294=LINE('',#7884,#674);
#295=LINE('',#7889,#675);
#296=LINE('',#7895,#676);
#297=LINE('',#7899,#677);
#298=LINE('',#7901,#678);
#299=LINE('',#7902,#679);
#300=LINE('',#8005,#680);
#301=LINE('',#8009,#681);
#302=LINE('',#8017,#682);
#303=LINE('',#8023,#683);
#304=LINE('',#8025,#684);
#305=LINE('',#8028,#685);
#306=LINE('',#8029,#686);
#307=LINE('',#8032,#687);
#308=LINE('',#8036,#688);
#309=LINE('',#8037,#689);
#310=LINE('',#8040,#690);
#311=LINE('',#8044,#691);
#312=LINE('',#8045,#692);
#313=LINE('',#8048,#693);
#314=LINE('',#8052,#694);
#315=LINE('',#8053,#695);
#316=LINE('',#8056,#696);
#317=LINE('',#8059,#697);
#318=LINE('',#8165,#698);
#319=LINE('',#8168,#699);
#320=LINE('',#8177,#700);
#321=LINE('',#8183,#701);
#322=LINE('',#8185,#702);
#323=LINE('',#8187,#703);
#324=LINE('',#8300,#704);
#325=LINE('',#8308,#705);
#326=LINE('',#8314,#706);
#327=LINE('',#8316,#707);
#328=LINE('',#8319,#708);
#329=LINE('',#8323,#709);
#330=LINE('',#8324,#710);
#331=LINE('',#8327,#711);
#332=LINE('',#8331,#712);
#333=LINE('',#8332,#713);
#334=LINE('',#8335,#714);
#335=LINE('',#8339,#715);
#336=LINE('',#8340,#716);
#337=LINE('',#8343,#717);
#338=LINE('',#8346,#718);
#339=LINE('',#8725,#719);
#340=LINE('',#8728,#720);
#341=LINE('',#8734,#721);
#342=LINE('',#8737,#722);
#343=LINE('',#8748,#723);
#344=LINE('',#8749,#724);
#345=LINE('',#8760,#725);
#346=LINE('',#8761,#726);
#347=LINE('',#8772,#727);
#348=LINE('',#8773,#728);
#349=LINE('',#8781,#729);
#350=LINE('',#8782,#730);
#351=LINE('',#8795,#731);
#352=LINE('',#8796,#732);
#353=LINE('',#8798,#733);
#354=LINE('',#8799,#734);
#355=LINE('',#8802,#735);
#356=LINE('',#8805,#736);
#357=LINE('',#8816,#737);
#358=LINE('',#8817,#738);
#359=LINE('',#8825,#739);
#360=LINE('',#8826,#740);
#361=LINE('',#8828,#741);
#362=LINE('',#8829,#742);
#363=LINE('',#8831,#743);
#364=LINE('',#8832,#744);
#365=LINE('',#8835,#745);
#366=LINE('',#8838,#746);
#367=LINE('',#8849,#747);
#368=LINE('',#8850,#748);
#369=LINE('',#8861,#749);
#370=LINE('',#8862,#750);
#371=LINE('',#8873,#751);
#372=LINE('',#8874,#752);
#373=LINE('',#8885,#753);
#374=LINE('',#8886,#754);
#375=LINE('',#8902,#755);
#376=LINE('',#8903,#756);
#377=LINE('',#8906,#757);
#378=LINE('',#8923,#758);
#379=LINE('',#8938,#759);
#380=LINE('',#8952,#760);
#381=LINE('',#8955,#761);
#382=LINE('',#8961,#762);
#383=LINE('',#8965,#763);
#384=LINE('',#8971,#764);
#385=LINE('',#8998,#765);
#386=LINE('',#9007,#766);
#387=LINE('',#9009,#767);
#388=LINE('',#9011,#768);
#389=LINE('',#9013,#769);
#390=LINE('',#9015,#770);
#391=LINE('',#9016,#771);
#392=LINE('',#9019,#772);
#393=LINE('',#9023,#773);
#394=LINE('',#9024,#774);
#395=LINE('',#9027,#775);
#396=LINE('',#9031,#776);
#397=LINE('',#9032,#777);
#398=LINE('',#9035,#778);
#399=LINE('',#9039,#779);
#400=LINE('',#9040,#780);
#401=LINE('',#9043,#781);
#402=LINE('',#9047,#782);
#403=LINE('',#9048,#783);
#404=LINE('',#9051,#784);
#405=LINE('',#9055,#785);
#406=LINE('',#9056,#786);
#407=LINE('',#9059,#787);
#408=LINE('',#9063,#788);
#409=LINE('',#9064,#789);
#410=LINE('',#9067,#790);
#411=LINE('',#9071,#791);
#412=LINE('',#9072,#792);
#413=LINE('',#9075,#793);
#414=LINE('',#9079,#794);
#415=LINE('',#9080,#795);
#416=LINE('',#9083,#796);
#417=LINE('',#9087,#797);
#418=LINE('',#9088,#798);
#419=LINE('',#9091,#799);
#420=LINE('',#9095,#800);
#421=LINE('',#9097,#801);
#422=LINE('',#9099,#802);
#423=LINE('',#9101,#803);
#424=LINE('',#9103,#804);
#425=LINE('',#9104,#805);
#426=LINE('',#9107,#806);
#427=LINE('',#9116,#807);
#428=LINE('',#9122,#808);
#429=LINE('',#9150,#809);
#430=LINE('',#9152,#810);
#431=LINE('',#9156,#811);
#432=LINE('',#9171,#812);
#433=LINE('',#9186,#813);
#434=LINE('',#9187,#814);
#435=LINE('',#9190,#815);
#436=LINE('',#9210,#816);
#437=LINE('',#9212,#817);
#438=LINE('',#9216,#818);
#439=LINE('',#9272,#819);
#440=LINE('',#9281,#820);
#441=LINE('',#9292,#821);
#442=LINE('',#9293,#822);
#443=LINE('',#9304,#823);
#444=LINE('',#9305,#824);
#445=LINE('',#9316,#825);
#446=LINE('',#9317,#826);
#447=LINE('',#9333,#827);
#448=LINE('',#9334,#828);
#449=LINE('',#9381,#829);
#450=LINE('',#9406,#830);
#451=LINE('',#9432,#831);
#452=LINE('',#9441,#832);
#453=LINE('',#9447,#833);
#454=LINE('',#9494,#834);
#455=LINE('',#9548,#835);
#456=LINE('',#9554,#836);
#457=LINE('',#9557,#837);
#458=LINE('',#9572,#838);
#459=LINE('',#9583,#839);
#460=LINE('',#9584,#840);
#461=LINE('',#9595,#841);
#462=LINE('',#9596,#842);
#463=LINE('',#9605,#843);
#464=LINE('',#9611,#844);
#465=LINE('',#9613,#845);
#466=LINE('',#9616,#846);
#467=LINE('',#9627,#847);
#468=LINE('',#9628,#848);
#469=LINE('',#9631,#849);
#470=LINE('',#9634,#850);
#471=LINE('',#9637,#851);
#472=LINE('',#9639,#852);
#473=LINE('',#9641,#853);
#474=LINE('',#9643,#854);
#475=LINE('',#9645,#855);
#476=LINE('',#9647,#856);
#477=LINE('',#9649,#857);
#478=LINE('',#9651,#858);
#479=LINE('',#9653,#859);
#480=LINE('',#9654,#860);
#481=LINE('',#9655,#861);
#482=LINE('',#9661,#862);
#483=LINE('',#9664,#863);
#484=LINE('',#9668,#864);
#485=LINE('',#9672,#865);
#486=LINE('',#9679,#866);
#487=LINE('',#9682,#867);
#488=LINE('',#9684,#868);
#489=LINE('',#9685,#869);
#490=LINE('',#9688,#870);
#491=LINE('',#9695,#871);
#492=LINE('',#9710,#872);
#493=LINE('',#9713,#873);
#494=LINE('',#9727,#874);
#495=LINE('',#9731,#875);
#496=LINE('',#9799,#876);
#497=LINE('',#9847,#877);
#498=LINE('',#9854,#878);
#499=LINE('',#9858,#879);
#500=LINE('',#9862,#880);
#501=LINE('',#9869,#881);
#502=LINE('',#9872,#882);
#503=LINE('',#9875,#883);
#504=LINE('',#9877,#884);
#505=LINE('',#9879,#885);
#506=LINE('',#9881,#886);
#507=LINE('',#9882,#887);
#508=LINE('',#9883,#888);
#509=LINE('',#9884,#889);
#510=LINE('',#9887,#890);
#511=LINE('',#9890,#891);
#512=LINE('',#9894,#892);
#513=LINE('',#9899,#893);
#514=LINE('',#9902,#894);
#515=LINE('',#9903,#895);
#516=LINE('',#9906,#896);
#517=LINE('',#9910,#897);
#518=LINE('',#9911,#898);
#519=LINE('',#9914,#899);
#520=LINE('',#9921,#900);
#521=LINE('',#9922,#901);
#522=LINE('',#9924,#902);
#523=LINE('',#9927,#903);
#524=LINE('',#9928,#904);
#525=LINE('',#9932,#905);
#526=LINE('',#9942,#906);
#527=LINE('',#9945,#907);
#528=LINE('',#9947,#908);
#529=LINE('',#9949,#909);
#530=LINE('',#9951,#910);
#531=LINE('',#9955,#911);
#532=LINE('',#9968,#912);
#533=LINE('',#9969,#913);
#534=LINE('',#9972,#914);
#535=LINE('',#9976,#915);
#536=LINE('',#9986,#916);
#537=LINE('',#9992,#917);
#538=LINE('',#9995,#918);
#539=LINE('',#9996,#919);
#540=LINE('',#9998,#920);
#541=LINE('',#10000,#921);
#542=LINE('',#10002,#922);
#543=LINE('',#10004,#923);
#544=LINE('',#10006,#924);
#545=LINE('',#10009,#925);
#546=LINE('',#10012,#926);
#547=LINE('',#10083,#927);
#548=LINE('',#10159,#928);
#549=LINE('',#10160,#929);
#550=LINE('',#10167,#930);
#551=LINE('',#10276,#931);
#552=LINE('',#10279,#932);
#553=LINE('',#10307,#933);
#554=LINE('',#10310,#934);
#555=LINE('',#10315,#935);
#556=LINE('',#10435,#936);
#557=LINE('',#10440,#937);
#558=LINE('',#10442,#938);
#559=LINE('',#10449,#939);
#560=LINE('',#10451,#940);
#561=LINE('',#10458,#941);
#562=LINE('',#10462,#942);
#563=LINE('',#10466,#943);
#564=LINE('',#10472,#944);
#565=LINE('',#10475,#945);
#566=LINE('',#10477,#946);
#567=LINE('',#10479,#947);
#568=LINE('',#10484,#948);
#569=LINE('',#10486,#949);
#570=LINE('',#10488,#950);
#571=LINE('',#10495,#951);
#572=LINE('',#10497,#952);
#573=LINE('',#10504,#953);
#574=LINE('',#10506,#954);
#575=LINE('',#10511,#955);
#576=LINE('',#10513,#956);
#577=LINE('',#10519,#957);
#578=LINE('',#10522,#958);
#579=LINE('',#10524,#959);
#580=LINE('',#10526,#960);
#581=LINE('',#10531,#961);
#582=LINE('',#10533,#962);
#583=VECTOR('',#5839,10.);
#584=VECTOR('',#5842,10.);
#585=VECTOR('',#5843,10.);
#586=VECTOR('',#5844,10.);
#587=VECTOR('',#5853,10.);
#588=VECTOR('',#5854,10.);
#589=VECTOR('',#5855,10.);
#590=VECTOR('',#5858,10.);
#591=VECTOR('',#5861,10.);
#592=VECTOR('',#5862,10.);
#593=VECTOR('',#5863,10.);
#594=VECTOR('',#5866,10.);
#595=VECTOR('',#5869,10.);
#596=VECTOR('',#5874,10.);
#597=VECTOR('',#5879,10.);
#598=VECTOR('',#5882,10.);
#599=VECTOR('',#5883,10.);
#600=VECTOR('',#5890,10.);
#601=VECTOR('',#5895,10.);
#602=VECTOR('',#5898,10.);
#603=VECTOR('',#5901,10.);
#604=VECTOR('',#5902,10.);
#605=VECTOR('',#5903,10.);
#606=VECTOR('',#5906,10.);
#607=VECTOR('',#5909,10.);
#608=VECTOR('',#5910,10.);
#609=VECTOR('',#5911,10.);
#610=VECTOR('',#5912,10.);
#611=VECTOR('',#5913,10.);
#612=VECTOR('',#5916,10.);
#613=VECTOR('',#5919,10.);
#614=VECTOR('',#5920,10.);
#615=VECTOR('',#5921,10.);
#616=VECTOR('',#5924,10.);
#617=VECTOR('',#5927,10.);
#618=VECTOR('',#5930,10.);
#619=VECTOR('',#5933,10.);
#620=VECTOR('',#5936,10.);
#621=VECTOR('',#5943,10.);
#622=VECTOR('',#5944,10.);
#623=VECTOR('',#5947,10.);
#624=VECTOR('',#5948,10.);
#625=VECTOR('',#5949,10.);
#626=VECTOR('',#5952,10.);
#627=VECTOR('',#5955,10.);
#628=VECTOR('',#5956,10.);
#629=VECTOR('',#5957,10.);
#630=VECTOR('',#5958,10.);
#631=VECTOR('',#5963,10.);
#632=VECTOR('',#5978,10.);
#633=VECTOR('',#5979,10.);
#634=VECTOR('',#5984,10.);
#635=VECTOR('',#5987,10.);
#636=VECTOR('',#6000,10.);
#637=VECTOR('',#6001,10.);
#638=VECTOR('',#6002,10.);
#639=VECTOR('',#6003,10.);
#640=VECTOR('',#6004,10.);
#641=VECTOR('',#6007,10.);
#642=VECTOR('',#6010,10.);
#643=VECTOR('',#6013,10.);
#644=VECTOR('',#6018,10.);
#645=VECTOR('',#6021,10.);
#646=VECTOR('',#6022,10.);
#647=VECTOR('',#6029,10.);
#648=VECTOR('',#6032,10.);
#649=VECTOR('',#6043,10.);
#650=VECTOR('',#6048,10.);
#651=VECTOR('',#6055,10.);
#652=VECTOR('',#6058,10.);
#653=VECTOR('',#6059,10.);
#654=VECTOR('',#6060,10.);
#655=VECTOR('',#6061,10.);
#656=VECTOR('',#6062,10.);
#657=VECTOR('',#6067,10.);
#658=VECTOR('',#6072,10.);
#659=VECTOR('',#6073,10.);
#660=VECTOR('',#6086,10.);
#661=VECTOR('',#6089,10.);
#662=VECTOR('',#6092,10.);
#663=VECTOR('',#6093,10.);
#664=VECTOR('',#6096,10.);
#665=VECTOR('',#6103,10.);
#666=VECTOR('',#6106,10.);
#667=VECTOR('',#6109,10.);
#668=VECTOR('',#6112,10.);
#669=VECTOR('',#6119,10.);
#670=VECTOR('',#6122,10.);
#671=VECTOR('',#6125,10.);
#672=VECTOR('',#6128,10.);
#673=VECTOR('',#6143,10.);
#674=VECTOR('',#6144,10.);
#675=VECTOR('',#6151,10.);
#676=VECTOR('',#6160,10.);
#677=VECTOR('',#6165,10.);
#678=VECTOR('',#6166,10.);
#679=VECTOR('',#6167,10.);
#680=VECTOR('',#6182,10.);
#681=VECTOR('',#6187,10.);
#682=VECTOR('',#6198,10.);
#683=VECTOR('',#6207,10.);
#684=VECTOR('',#6210,10.);
#685=VECTOR('',#6213,10.);
#686=VECTOR('',#6214,10.);
#687=VECTOR('',#6217,10.);
#688=VECTOR('',#6222,10.);
#689=VECTOR('',#6223,10.);
#690=VECTOR('',#6226,10.);
#691=VECTOR('',#6231,10.);
#692=VECTOR('',#6232,10.);
#693=VECTOR('',#6235,10.);
#694=VECTOR('',#6240,10.);
#695=VECTOR('',#6241,10.);
#696=VECTOR('',#6244,10.);
#697=VECTOR('',#6249,10.);
#698=VECTOR('',#6260,10.);
#699=VECTOR('',#6263,10.);
#700=VECTOR('',#6276,10.);
#701=VECTOR('',#6285,10.);
#702=VECTOR('',#6288,10.);
#703=VECTOR('',#6291,10.);
#704=VECTOR('',#6312,10.);
#705=VECTOR('',#6323,10.);
#706=VECTOR('',#6332,10.);
#707=VECTOR('',#6335,10.);
#708=VECTOR('',#6338,10.);
#709=VECTOR('',#6343,10.);
#710=VECTOR('',#6344,10.);
#711=VECTOR('',#6347,10.);
#712=VECTOR('',#6352,10.);
#713=VECTOR('',#6353,10.);
#714=VECTOR('',#6356,10.);
#715=VECTOR('',#6361,10.);
#716=VECTOR('',#6362,10.);
#717=VECTOR('',#6365,10.);
#718=VECTOR('',#6370,10.);
#719=VECTOR('',#6435,10.);
#720=VECTOR('',#6438,10.);
#721=VECTOR('',#6443,10.);
#722=VECTOR('',#6446,10.);
#723=VECTOR('',#6459,10.);
#724=VECTOR('',#6460,10.);
#725=VECTOR('',#6473,10.);
#726=VECTOR('',#6474,10.);
#727=VECTOR('',#6487,10.);
#728=VECTOR('',#6488,10.);
#729=VECTOR('',#6499,10.);
#730=VECTOR('',#6500,10.);
#731=VECTOR('',#6507,10.);
#732=VECTOR('',#6508,10.);
#733=VECTOR('',#6511,10.);
#734=VECTOR('',#6512,10.);
#735=VECTOR('',#6515,10.);
#736=VECTOR('',#6518,10.);
#737=VECTOR('',#6531,10.);
#738=VECTOR('',#6532,10.);
#739=VECTOR('',#6543,10.);
#740=VECTOR('',#6544,10.);
#741=VECTOR('',#6547,10.);
#742=VECTOR('',#6548,10.);
#743=VECTOR('',#6551,10.);
#744=VECTOR('',#6552,10.);
#745=VECTOR('',#6555,10.);
#746=VECTOR('',#6558,10.);
#747=VECTOR('',#6571,10.);
#748=VECTOR('',#6572,10.);
#749=VECTOR('',#6585,10.);
#750=VECTOR('',#6586,10.);
#751=VECTOR('',#6599,10.);
#752=VECTOR('',#6600,10.);
#753=VECTOR('',#6613,10.);
#754=VECTOR('',#6614,10.);
#755=VECTOR('',#6623,10.);
#756=VECTOR('',#6624,10.);
#757=VECTOR('',#6627,10.);
#758=VECTOR('',#6628,10.);
#759=VECTOR('',#6631,10.);
#760=VECTOR('',#6632,10.);
#761=VECTOR('',#6635,10.);
#762=VECTOR('',#6642,10.);
#763=VECTOR('',#6647,10.);
#764=VECTOR('',#6652,10.);
#765=VECTOR('',#6655,10.);
#766=VECTOR('',#6658,10.);
#767=VECTOR('',#6659,10.);
#768=VECTOR('',#6660,10.);
#769=VECTOR('',#6661,10.);
#770=VECTOR('',#6662,10.);
#771=VECTOR('',#6663,10.);
#772=VECTOR('',#6666,10.);
#773=VECTOR('',#6671,10.);
#774=VECTOR('',#6672,10.);
#775=VECTOR('',#6675,10.);
#776=VECTOR('',#6680,10.);
#777=VECTOR('',#6681,10.);
#778=VECTOR('',#6684,10.);
#779=VECTOR('',#6689,10.);
#780=VECTOR('',#6690,10.);
#781=VECTOR('',#6693,10.);
#782=VECTOR('',#6698,10.);
#783=VECTOR('',#6699,10.);
#784=VECTOR('',#6702,10.);
#785=VECTOR('',#6707,10.);
#786=VECTOR('',#6708,10.);
#787=VECTOR('',#6711,10.);
#788=VECTOR('',#6716,10.);
#789=VECTOR('',#6717,10.);
#790=VECTOR('',#6720,10.);
#791=VECTOR('',#6725,10.);
#792=VECTOR('',#6726,10.);
#793=VECTOR('',#6729,10.);
#794=VECTOR('',#6734,10.);
#795=VECTOR('',#6735,10.);
#796=VECTOR('',#6738,10.);
#797=VECTOR('',#6743,10.);
#798=VECTOR('',#6744,10.);
#799=VECTOR('',#6747,10.);
#800=VECTOR('',#6752,10.);
#801=VECTOR('',#6753,10.);
#802=VECTOR('',#6754,10.);
#803=VECTOR('',#6755,10.);
#804=VECTOR('',#6756,10.);
#805=VECTOR('',#6757,10.);
#806=VECTOR('',#6760,10.);
#807=VECTOR('',#6763,10.);
#808=VECTOR('',#6770,10.);
#809=VECTOR('',#6773,10.);
#810=VECTOR('',#6774,10.);
#811=VECTOR('',#6779,10.);
#812=VECTOR('',#6780,10.);
#813=VECTOR('',#6785,10.);
#814=VECTOR('',#6786,10.);
#815=VECTOR('',#6789,10.);
#816=VECTOR('',#6794,10.);
#817=VECTOR('',#6795,10.);
#818=VECTOR('',#6798,10.);
#819=VECTOR('',#6807,10.);
#820=VECTOR('',#6820,10.);
#821=VECTOR('',#6833,10.);
#822=VECTOR('',#6834,10.);
#823=VECTOR('',#6847,10.);
#824=VECTOR('',#6848,10.);
#825=VECTOR('',#6861,10.);
#826=VECTOR('',#6862,10.);
#827=VECTOR('',#6871,10.);
#828=VECTOR('',#6872,10.);
#829=VECTOR('',#6879,10.);
#830=VECTOR('',#6886,10.);
#831=VECTOR('',#6893,10.);
#832=VECTOR('',#6906,10.);
#833=VECTOR('',#6915,10.);
#834=VECTOR('',#6922,10.);
#835=VECTOR('',#6929,10.);
#836=VECTOR('',#6934,10.);
#837=VECTOR('',#6937,10.);
#838=VECTOR('',#6946,10.);
#839=VECTOR('',#6959,10.);
#840=VECTOR('',#6960,10.);
#841=VECTOR('',#6973,10.);
#842=VECTOR('',#6974,10.);
#843=VECTOR('',#6987,10.);
#844=VECTOR('',#6996,10.);
#845=VECTOR('',#6999,10.);
#846=VECTOR('',#7002,10.);
#847=VECTOR('',#7007,10.);
#848=VECTOR('',#7008,10.);
#849=VECTOR('',#7011,10.);
#850=VECTOR('',#7014,10.);
#851=VECTOR('',#7017,10.);
#852=VECTOR('',#7018,10.);
#853=VECTOR('',#7019,10.);
#854=VECTOR('',#7020,10.);
#855=VECTOR('',#7021,10.);
#856=VECTOR('',#7022,10.);
#857=VECTOR('',#7023,10.);
#858=VECTOR('',#7024,10.);
#859=VECTOR('',#7025,10.);
#860=VECTOR('',#7026,10.);
#861=VECTOR('',#7027,10.);
#862=VECTOR('',#7034,10.);
#863=VECTOR('',#7037,10.);
#864=VECTOR('',#7040,2.);
#865=VECTOR('',#7043,10.);
#866=VECTOR('',#7052,10.);
#867=VECTOR('',#7055,10.);
#868=VECTOR('',#7056,0.5);
#869=VECTOR('',#7057,10.);
#870=VECTOR('',#7060,10.);
#871=VECTOR('',#7067,0.499999999999999);
#872=VECTOR('',#7068,0.499999999999999);
#873=VECTOR('',#7071,9.1);
#874=VECTOR('',#7074,0.5);
#875=VECTOR('',#7077,0.5);
#876=VECTOR('',#7088,0.5);
#877=VECTOR('',#7095,10.);
#878=VECTOR('',#7106,10.);
#879=VECTOR('',#7109,10.);
#880=VECTOR('',#7114,10.);
#881=VECTOR('',#7121,10.);
#882=VECTOR('',#7124,10.);
#883=VECTOR('',#7127,10.);
#884=VECTOR('',#7128,10.);
#885=VECTOR('',#7129,10.);
#886=VECTOR('',#7130,10.);
#887=VECTOR('',#7131,10.);
#888=VECTOR('',#7132,10.);
#889=VECTOR('',#7133,10.);
#890=VECTOR('',#7136,10.);
#891=VECTOR('',#7139,10.);
#892=VECTOR('',#7142,10.);
#893=VECTOR('',#7149,10.);
#894=VECTOR('',#7152,10.);
#895=VECTOR('',#7153,10.);
#896=VECTOR('',#7156,10.);
#897=VECTOR('',#7161,0.5);
#898=VECTOR('',#7162,10.);
#899=VECTOR('',#7165,0.5);
#900=VECTOR('',#7178,10.);
#901=VECTOR('',#7179,10.);
#902=VECTOR('',#7182,10.);
#903=VECTOR('',#7187,10.);
#904=VECTOR('',#7188,10.);
#905=VECTOR('',#7193,10.);
#906=VECTOR('',#7196,10.);
#907=VECTOR('',#7199,10.);
#908=VECTOR('',#7200,10.);
#909=VECTOR('',#7201,10.);
#910=VECTOR('',#7202,10.);
#911=VECTOR('',#7205,10.);
#912=VECTOR('',#7210,10.);
#913=VECTOR('',#7211,10.);
#914=VECTOR('',#7214,10.);
#915=VECTOR('',#7219,10.);
#916=VECTOR('',#7224,10.);
#917=VECTOR('',#7233,10.);
#918=VECTOR('',#7238,10.);
#919=VECTOR('',#7239,10.);
#920=VECTOR('',#7242,10.);
#921=VECTOR('',#7245,10.);
#922=VECTOR('',#7248,10.);
#923=VECTOR('',#7251,10.);
#924=VECTOR('',#7254,10.);
#925=VECTOR('',#7257,10.);
#926=VECTOR('',#7260,10.);
#927=VECTOR('',#7267,10.);
#928=VECTOR('',#7274,10.);
#929=VECTOR('',#7275,10.);
#930=VECTOR('',#7286,10.);
#931=VECTOR('',#7295,10.);
#932=VECTOR('',#7298,10.);
#933=VECTOR('',#7299,10.);
#934=VECTOR('',#7302,10.);
#935=VECTOR('',#7309,10.);
#936=VECTOR('',#7322,10.);
#937=VECTOR('',#7329,10.);
#938=VECTOR('',#7332,10.);
#939=VECTOR('',#7341,10.);
#940=VECTOR('',#7344,10.);
#941=VECTOR('',#7353,1.25);
#942=VECTOR('',#7358,1.25);
#943=VECTOR('',#7363,2.);
#944=VECTOR('',#7370,10.);
#945=VECTOR('',#7373,10.);
#946=VECTOR('',#7376,10.);
#947=VECTOR('',#7379,10.);
#948=VECTOR('',#7386,1.25);
#949=VECTOR('',#7389,1.25);
#950=VECTOR('',#7392,10.);
#951=VECTOR('',#7403,10.);
#952=VECTOR('',#7406,10.);
#953=VECTOR('',#7415,10.);
#954=VECTOR('',#7418,10.);
#955=VECTOR('',#7425,1.15);
#956=VECTOR('',#7428,1.15);
#957=VECTOR('',#7435,10.);
#958=VECTOR('',#7438,10.);
#959=VECTOR('',#7441,10.);
#960=VECTOR('',#7444,10.);
#961=VECTOR('',#7451,1.15);
#962=VECTOR('',#7454,1.15);
#963=CYLINDRICAL_SURFACE('',#5208,2.);
#964=CYLINDRICAL_SURFACE('',#5216,2.);
#965=CYLINDRICAL_SURFACE('',#5218,2.);
#966=CYLINDRICAL_SURFACE('',#5223,2.);
#967=CYLINDRICAL_SURFACE('',#5226,2.);
#968=CYLINDRICAL_SURFACE('',#5240,2.);
#969=CYLINDRICAL_SURFACE('',#5252,2.);
#970=CYLINDRICAL_SURFACE('',#5254,2.);
#971=CYLINDRICAL_SURFACE('',#5263,2.);
#972=CYLINDRICAL_SURFACE('',#5270,2.);
#973=CYLINDRICAL_SURFACE('',#5276,2.);
#974=CYLINDRICAL_SURFACE('',#5278,2.);
#975=CYLINDRICAL_SURFACE('',#5284,2.);
#976=CYLINDRICAL_SURFACE('',#5292,2.);
#977=CYLINDRICAL_SURFACE('',#5294,2.);
#978=CYLINDRICAL_SURFACE('',#5295,2.);
#979=CYLINDRICAL_SURFACE('',#5318,2.);
#980=CYLINDRICAL_SURFACE('',#5322,1.);
#981=CYLINDRICAL_SURFACE('',#5331,1.);
#982=CYLINDRICAL_SURFACE('',#5332,1.);
#983=CYLINDRICAL_SURFACE('',#5337,1.);
#984=CYLINDRICAL_SURFACE('',#5342,1.);
#985=CYLINDRICAL_SURFACE('',#5343,1.);
#986=CYLINDRICAL_SURFACE('',#5345,0.6);
#987=CYLINDRICAL_SURFACE('',#5348,0.6);
#988=CYLINDRICAL_SURFACE('',#5351,0.6);
#989=CYLINDRICAL_SURFACE('',#5354,0.6);
#990=CYLINDRICAL_SURFACE('',#5361,1.);
#991=CYLINDRICAL_SURFACE('',#5362,1.);
#992=CYLINDRICAL_SURFACE('',#5367,1.);
#993=CYLINDRICAL_SURFACE('',#5372,1.);
#994=CYLINDRICAL_SURFACE('',#5373,1.);
#995=CYLINDRICAL_SURFACE('',#5381,1.);
#996=CYLINDRICAL_SURFACE('',#5383,1.);
#997=CYLINDRICAL_SURFACE('',#5388,1.);
#998=CYLINDRICAL_SURFACE('',#5393,1.);
#999=CYLINDRICAL_SURFACE('',#5394,1.);
#1000=CYLINDRICAL_SURFACE('',#5395,0.6);
#1001=CYLINDRICAL_SURFACE('',#5398,0.6);
#1002=CYLINDRICAL_SURFACE('',#5401,0.6);
#1003=CYLINDRICAL_SURFACE('',#5404,0.6);
#1004=CYLINDRICAL_SURFACE('',#5410,1.);
#1005=CYLINDRICAL_SURFACE('',#5411,1.);
#1006=CYLINDRICAL_SURFACE('',#5415,1.);
#1007=CYLINDRICAL_SURFACE('',#5419,1.);
#1008=CYLINDRICAL_SURFACE('',#5438,1.);
#1009=CYLINDRICAL_SURFACE('',#5440,1.);
#1010=CYLINDRICAL_SURFACE('',#5447,1.);
#1011=CYLINDRICAL_SURFACE('',#5453,1.);
#1012=CYLINDRICAL_SURFACE('',#5459,1.);
#1013=CYLINDRICAL_SURFACE('',#5465,1.);
#1014=CYLINDRICAL_SURFACE('',#5468,1.);
#1015=CYLINDRICAL_SURFACE('',#5469,1.);
#1016=CYLINDRICAL_SURFACE('',#5470,1.);
#1017=CYLINDRICAL_SURFACE('',#5476,1.);
#1018=CYLINDRICAL_SURFACE('',#5482,1.);
#1019=CYLINDRICAL_SURFACE('',#5483,1.);
#1020=CYLINDRICAL_SURFACE('',#5484,1.);
#1021=CYLINDRICAL_SURFACE('',#5485,1.);
#1022=CYLINDRICAL_SURFACE('',#5491,1.);
#1023=CYLINDRICAL_SURFACE('',#5497,1.);
#1024=CYLINDRICAL_SURFACE('',#5503,1.);
#1025=CYLINDRICAL_SURFACE('',#5509,1.);
#1026=CYLINDRICAL_SURFACE('',#5514,1.);
#1027=CYLINDRICAL_SURFACE('',#5515,2.);
#1028=CYLINDRICAL_SURFACE('',#5520,2.);
#1029=CYLINDRICAL_SURFACE('',#5525,2.);
#1030=CYLINDRICAL_SURFACE('',#5527,0.6);
#1031=CYLINDRICAL_SURFACE('',#5530,0.6);
#1032=CYLINDRICAL_SURFACE('',#5533,0.6);
#1033=CYLINDRICAL_SURFACE('',#5536,0.6);
#1034=CYLINDRICAL_SURFACE('',#5539,0.6);
#1035=CYLINDRICAL_SURFACE('',#5542,0.6);
#1036=CYLINDRICAL_SURFACE('',#5545,0.6);
#1037=CYLINDRICAL_SURFACE('',#5548,0.6);
#1038=CYLINDRICAL_SURFACE('',#5551,0.6);
#1039=CYLINDRICAL_SURFACE('',#5554,0.6);
#1040=CYLINDRICAL_SURFACE('',#5557,2.);
#1041=CYLINDRICAL_SURFACE('',#5561,2.);
#1042=CYLINDRICAL_SURFACE('',#5564,2.);
#1043=CYLINDRICAL_SURFACE('',#5567,2.);
#1044=CYLINDRICAL_SURFACE('',#5574,1.);
#1045=CYLINDRICAL_SURFACE('',#5579,1.);
#1046=CYLINDRICAL_SURFACE('',#5585,1.);
#1047=CYLINDRICAL_SURFACE('',#5591,1.);
#1048=CYLINDRICAL_SURFACE('',#5597,1.);
#1049=CYLINDRICAL_SURFACE('',#5602,1.);
#1050=CYLINDRICAL_SURFACE('',#5605,1.);
#1051=CYLINDRICAL_SURFACE('',#5608,1.);
#1052=CYLINDRICAL_SURFACE('',#5611,1.);
#1053=CYLINDRICAL_SURFACE('',#5616,1.);
#1054=CYLINDRICAL_SURFACE('',#5621,1.);
#1055=CYLINDRICAL_SURFACE('',#5624,1.);
#1056=CYLINDRICAL_SURFACE('',#5627,1.);
#1057=CYLINDRICAL_SURFACE('',#5628,1.);
#1058=CYLINDRICAL_SURFACE('',#5634,1.);
#1059=CYLINDRICAL_SURFACE('',#5639,1.);
#1060=CYLINDRICAL_SURFACE('',#5645,1.);
#1061=CYLINDRICAL_SURFACE('',#5651,1.);
#1062=CYLINDRICAL_SURFACE('',#5656,1.);
#1063=CYLINDRICAL_SURFACE('',#5658,2.);
#1064=CYLINDRICAL_SURFACE('',#5661,0.5);
#1065=CYLINDRICAL_SURFACE('',#5664,0.5);
#1066=CYLINDRICAL_SURFACE('',#5671,0.5);
#1067=CYLINDRICAL_SURFACE('',#5675,0.5);
#1068=CYLINDRICAL_SURFACE('',#5677,0.5);
#1069=CYLINDRICAL_SURFACE('',#5679,9.1);
#1070=CYLINDRICAL_SURFACE('',#5689,2.);
#1071=CYLINDRICAL_SURFACE('',#5691,0.5);
#1072=CYLINDRICAL_SURFACE('',#5697,0.5);
#1073=CYLINDRICAL_SURFACE('',#5699,0.5);
#1074=CYLINDRICAL_SURFACE('',#5707,0.5);
#1075=CYLINDRICAL_SURFACE('',#5710,0.5);
#1076=CYLINDRICAL_SURFACE('',#5713,0.5);
#1077=CYLINDRICAL_SURFACE('',#5715,2.);
#1078=CYLINDRICAL_SURFACE('',#5717,0.5);
#1079=CYLINDRICAL_SURFACE('',#5719,1.75);
#1080=CYLINDRICAL_SURFACE('',#5721,1.75);
#1081=CYLINDRICAL_SURFACE('',#5722,1.75);
#1082=CYLINDRICAL_SURFACE('',#5724,1.75);
#1083=CYLINDRICAL_SURFACE('',#5729,1.75);
#1084=CYLINDRICAL_SURFACE('',#5732,1.75);
#1085=CYLINDRICAL_SURFACE('',#5735,1.75);
#1086=CYLINDRICAL_SURFACE('',#5737,1.75);
#1087=CYLINDRICAL_SURFACE('',#5740,2.);
#1088=CYLINDRICAL_SURFACE('',#5742,2.);
#1089=CYLINDRICAL_SURFACE('',#5743,2.);
#1090=CYLINDRICAL_SURFACE('',#5745,2.);
#1091=CYLINDRICAL_SURFACE('',#5746,2.);
#1092=CYLINDRICAL_SURFACE('',#5749,2.);
#1093=CYLINDRICAL_SURFACE('',#5753,2.);
#1094=CYLINDRICAL_SURFACE('',#5761,2.);
#1095=CYLINDRICAL_SURFACE('',#5762,2.);
#1096=CYLINDRICAL_SURFACE('',#5764,2.);
#1097=CYLINDRICAL_SURFACE('',#5766,2.);
#1098=CYLINDRICAL_SURFACE('',#5769,2.);
#1099=CYLINDRICAL_SURFACE('',#5775,2.);
#1100=CYLINDRICAL_SURFACE('',#5780,2.);
#1101=CYLINDRICAL_SURFACE('',#5785,1.25);
#1102=CYLINDRICAL_SURFACE('',#5787,1.25);
#1103=CYLINDRICAL_SURFACE('',#5789,2.);
#1104=CYLINDRICAL_SURFACE('',#5793,2.);
#1105=CYLINDRICAL_SURFACE('',#5799,1.25);
#1106=CYLINDRICAL_SURFACE('',#5800,1.25);
#1107=CYLINDRICAL_SURFACE('',#5805,2.);
#1108=CYLINDRICAL_SURFACE('',#5810,2.);
#1109=CYLINDRICAL_SURFACE('',#5815,1.15);
#1110=CYLINDRICAL_SURFACE('',#5816,1.15);
#1111=CYLINDRICAL_SURFACE('',#5819,2.);
#1112=CYLINDRICAL_SURFACE('',#5825,1.15);
#1113=CYLINDRICAL_SURFACE('',#5826,1.15);
#1114=FACE_OUTER_BOUND('',#1419,.T.);
#1115=FACE_OUTER_BOUND('',#1420,.T.);
#1116=FACE_OUTER_BOUND('',#1421,.T.);
#1117=FACE_OUTER_BOUND('',#1422,.T.);
#1118=FACE_OUTER_BOUND('',#1423,.T.);
#1119=FACE_OUTER_BOUND('',#1424,.T.);
#1120=FACE_OUTER_BOUND('',#1425,.T.);
#1121=FACE_OUTER_BOUND('',#1426,.T.);
#1122=FACE_OUTER_BOUND('',#1427,.T.);
#1123=FACE_OUTER_BOUND('',#1428,.T.);
#1124=FACE_OUTER_BOUND('',#1429,.T.);
#1125=FACE_OUTER_BOUND('',#1430,.T.);
#1126=FACE_OUTER_BOUND('',#1431,.T.);
#1127=FACE_OUTER_BOUND('',#1432,.T.);
#1128=FACE_OUTER_BOUND('',#1433,.T.);
#1129=FACE_OUTER_BOUND('',#1434,.T.);
#1130=FACE_OUTER_BOUND('',#1435,.T.);
#1131=FACE_OUTER_BOUND('',#1436,.T.);
#1132=FACE_OUTER_BOUND('',#1437,.T.);
#1133=FACE_OUTER_BOUND('',#1438,.T.);
#1134=FACE_OUTER_BOUND('',#1439,.T.);
#1135=FACE_OUTER_BOUND('',#1440,.T.);
#1136=FACE_OUTER_BOUND('',#1441,.T.);
#1137=FACE_OUTER_BOUND('',#1442,.T.);
#1138=FACE_OUTER_BOUND('',#1443,.T.);
#1139=FACE_OUTER_BOUND('',#1444,.T.);
#1140=FACE_OUTER_BOUND('',#1445,.T.);
#1141=FACE_OUTER_BOUND('',#1446,.T.);
#1142=FACE_OUTER_BOUND('',#1447,.T.);
#1143=FACE_OUTER_BOUND('',#1448,.T.);
#1144=FACE_OUTER_BOUND('',#1449,.T.);
#1145=FACE_OUTER_BOUND('',#1450,.T.);
#1146=FACE_OUTER_BOUND('',#1451,.T.);
#1147=FACE_OUTER_BOUND('',#1452,.T.);
#1148=FACE_OUTER_BOUND('',#1453,.T.);
#1149=FACE_OUTER_BOUND('',#1454,.T.);
#1150=FACE_OUTER_BOUND('',#1464,.T.);
#1151=FACE_OUTER_BOUND('',#1465,.T.);
#1152=FACE_OUTER_BOUND('',#1466,.T.);
#1153=FACE_OUTER_BOUND('',#1467,.T.);
#1154=FACE_OUTER_BOUND('',#1468,.T.);
#1155=FACE_OUTER_BOUND('',#1469,.T.);
#1156=FACE_OUTER_BOUND('',#1470,.T.);
#1157=FACE_OUTER_BOUND('',#1471,.T.);
#1158=FACE_OUTER_BOUND('',#1472,.T.);
#1159=FACE_OUTER_BOUND('',#1473,.T.);
#1160=FACE_OUTER_BOUND('',#1474,.T.);
#1161=FACE_OUTER_BOUND('',#1475,.T.);
#1162=FACE_OUTER_BOUND('',#1476,.T.);
#1163=FACE_OUTER_BOUND('',#1477,.T.);
#1164=FACE_OUTER_BOUND('',#1478,.T.);
#1165=FACE_OUTER_BOUND('',#1479,.T.);
#1166=FACE_OUTER_BOUND('',#1480,.T.);
#1167=FACE_OUTER_BOUND('',#1481,.T.);
#1168=FACE_OUTER_BOUND('',#1482,.T.);
#1169=FACE_OUTER_BOUND('',#1483,.T.);
#1170=FACE_OUTER_BOUND('',#1484,.T.);
#1171=FACE_OUTER_BOUND('',#1485,.T.);
#1172=FACE_OUTER_BOUND('',#1486,.T.);
#1173=FACE_OUTER_BOUND('',#1487,.T.);
#1174=FACE_OUTER_BOUND('',#1488,.T.);
#1175=FACE_OUTER_BOUND('',#1489,.T.);
#1176=FACE_OUTER_BOUND('',#1490,.T.);
#1177=FACE_OUTER_BOUND('',#1491,.T.);
#1178=FACE_OUTER_BOUND('',#1492,.T.);
#1179=FACE_OUTER_BOUND('',#1493,.T.);
#1180=FACE_OUTER_BOUND('',#1494,.T.);
#1181=FACE_OUTER_BOUND('',#1495,.T.);
#1182=FACE_OUTER_BOUND('',#1496,.T.);
#1183=FACE_OUTER_BOUND('',#1497,.T.);
#1184=FACE_OUTER_BOUND('',#1498,.T.);
#1185=FACE_OUTER_BOUND('',#1499,.T.);
#1186=FACE_OUTER_BOUND('',#1500,.T.);
#1187=FACE_OUTER_BOUND('',#1501,.T.);
#1188=FACE_OUTER_BOUND('',#1502,.T.);
#1189=FACE_OUTER_BOUND('',#1503,.T.);
#1190=FACE_OUTER_BOUND('',#1504,.T.);
#1191=FACE_OUTER_BOUND('',#1505,.T.);
#1192=FACE_OUTER_BOUND('',#1506,.T.);
#1193=FACE_OUTER_BOUND('',#1507,.T.);
#1194=FACE_OUTER_BOUND('',#1508,.T.);
#1195=FACE_OUTER_BOUND('',#1509,.T.);
#1196=FACE_OUTER_BOUND('',#1510,.T.);
#1197=FACE_OUTER_BOUND('',#1511,.T.);
#1198=FACE_OUTER_BOUND('',#1512,.T.);
#1199=FACE_OUTER_BOUND('',#1513,.T.);
#1200=FACE_OUTER_BOUND('',#1514,.T.);
#1201=FACE_OUTER_BOUND('',#1515,.T.);
#1202=FACE_OUTER_BOUND('',#1516,.T.);
#1203=FACE_OUTER_BOUND('',#1517,.T.);
#1204=FACE_OUTER_BOUND('',#1518,.T.);
#1205=FACE_OUTER_BOUND('',#1519,.T.);
#1206=FACE_OUTER_BOUND('',#1520,.T.);
#1207=FACE_OUTER_BOUND('',#1521,.T.);
#1208=FACE_OUTER_BOUND('',#1522,.T.);
#1209=FACE_OUTER_BOUND('',#1523,.T.);
#1210=FACE_OUTER_BOUND('',#1524,.T.);
#1211=FACE_OUTER_BOUND('',#1525,.T.);
#1212=FACE_OUTER_BOUND('',#1526,.T.);
#1213=FACE_OUTER_BOUND('',#1527,.T.);
#1214=FACE_OUTER_BOUND('',#1528,.T.);
#1215=FACE_OUTER_BOUND('',#1529,.T.);
#1216=FACE_OUTER_BOUND('',#1530,.T.);
#1217=FACE_OUTER_BOUND('',#1531,.T.);
#1218=FACE_OUTER_BOUND('',#1532,.T.);
#1219=FACE_OUTER_BOUND('',#1533,.T.);
#1220=FACE_OUTER_BOUND('',#1534,.T.);
#1221=FACE_OUTER_BOUND('',#1535,.T.);
#1222=FACE_OUTER_BOUND('',#1536,.T.);
#1223=FACE_OUTER_BOUND('',#1537,.T.);
#1224=FACE_OUTER_BOUND('',#1538,.T.);
#1225=FACE_OUTER_BOUND('',#1539,.T.);
#1226=FACE_OUTER_BOUND('',#1540,.T.);
#1227=FACE_OUTER_BOUND('',#1541,.T.);
#1228=FACE_OUTER_BOUND('',#1542,.T.);
#1229=FACE_OUTER_BOUND('',#1543,.T.);
#1230=FACE_OUTER_BOUND('',#1544,.T.);
#1231=FACE_OUTER_BOUND('',#1545,.T.);
#1232=FACE_OUTER_BOUND('',#1546,.T.);
#1233=FACE_OUTER_BOUND('',#1547,.T.);
#1234=FACE_OUTER_BOUND('',#1548,.T.);
#1235=FACE_OUTER_BOUND('',#1549,.T.);
#1236=FACE_OUTER_BOUND('',#1550,.T.);
#1237=FACE_OUTER_BOUND('',#1551,.T.);
#1238=FACE_OUTER_BOUND('',#1552,.T.);
#1239=FACE_OUTER_BOUND('',#1553,.T.);
#1240=FACE_OUTER_BOUND('',#1554,.T.);
#1241=FACE_OUTER_BOUND('',#1555,.T.);
#1242=FACE_OUTER_BOUND('',#1556,.T.);
#1243=FACE_OUTER_BOUND('',#1557,.T.);
#1244=FACE_OUTER_BOUND('',#1558,.T.);
#1245=FACE_OUTER_BOUND('',#1559,.T.);
#1246=FACE_OUTER_BOUND('',#1560,.T.);
#1247=FACE_OUTER_BOUND('',#1561,.T.);
#1248=FACE_OUTER_BOUND('',#1562,.T.);
#1249=FACE_OUTER_BOUND('',#1563,.T.);
#1250=FACE_OUTER_BOUND('',#1564,.T.);
#1251=FACE_OUTER_BOUND('',#1565,.T.);
#1252=FACE_OUTER_BOUND('',#1566,.T.);
#1253=FACE_OUTER_BOUND('',#1567,.T.);
#1254=FACE_OUTER_BOUND('',#1568,.T.);
#1255=FACE_OUTER_BOUND('',#1569,.T.);
#1256=FACE_OUTER_BOUND('',#1570,.T.);
#1257=FACE_OUTER_BOUND('',#1571,.T.);
#1258=FACE_OUTER_BOUND('',#1572,.T.);
#1259=FACE_OUTER_BOUND('',#1573,.T.);
#1260=FACE_OUTER_BOUND('',#1574,.T.);
#1261=FACE_OUTER_BOUND('',#1575,.T.);
#1262=FACE_OUTER_BOUND('',#1576,.T.);
#1263=FACE_OUTER_BOUND('',#1577,.T.);
#1264=FACE_OUTER_BOUND('',#1578,.T.);
#1265=FACE_OUTER_BOUND('',#1579,.T.);
#1266=FACE_OUTER_BOUND('',#1580,.T.);
#1267=FACE_OUTER_BOUND('',#1581,.T.);
#1268=FACE_OUTER_BOUND('',#1582,.T.);
#1269=FACE_OUTER_BOUND('',#1583,.T.);
#1270=FACE_OUTER_BOUND('',#1584,.T.);
#1271=FACE_OUTER_BOUND('',#1585,.T.);
#1272=FACE_OUTER_BOUND('',#1586,.T.);
#1273=FACE_OUTER_BOUND('',#1587,.T.);
#1274=FACE_OUTER_BOUND('',#1588,.T.);
#1275=FACE_OUTER_BOUND('',#1589,.T.);
#1276=FACE_OUTER_BOUND('',#1590,.T.);
#1277=FACE_OUTER_BOUND('',#1591,.T.);
#1278=FACE_OUTER_BOUND('',#1592,.T.);
#1279=FACE_OUTER_BOUND('',#1593,.T.);
#1280=FACE_OUTER_BOUND('',#1594,.T.);
#1281=FACE_OUTER_BOUND('',#1595,.T.);
#1282=FACE_OUTER_BOUND('',#1596,.T.);
#1283=FACE_OUTER_BOUND('',#1597,.T.);
#1284=FACE_OUTER_BOUND('',#1598,.T.);
#1285=FACE_OUTER_BOUND('',#1599,.T.);
#1286=FACE_OUTER_BOUND('',#1600,.T.);
#1287=FACE_OUTER_BOUND('',#1601,.T.);
#1288=FACE_OUTER_BOUND('',#1602,.T.);
#1289=FACE_OUTER_BOUND('',#1603,.T.);
#1290=FACE_OUTER_BOUND('',#1604,.T.);
#1291=FACE_OUTER_BOUND('',#1605,.T.);
#1292=FACE_OUTER_BOUND('',#1606,.T.);
#1293=FACE_OUTER_BOUND('',#1607,.T.);
#1294=FACE_OUTER_BOUND('',#1608,.T.);
#1295=FACE_OUTER_BOUND('',#1609,.T.);
#1296=FACE_OUTER_BOUND('',#1610,.T.);
#1297=FACE_OUTER_BOUND('',#1611,.T.);
#1298=FACE_OUTER_BOUND('',#1612,.T.);
#1299=FACE_OUTER_BOUND('',#1613,.T.);
#1300=FACE_OUTER_BOUND('',#1614,.T.);
#1301=FACE_OUTER_BOUND('',#1615,.T.);
#1302=FACE_OUTER_BOUND('',#1616,.T.);
#1303=FACE_OUTER_BOUND('',#1617,.T.);
#1304=FACE_OUTER_BOUND('',#1618,.T.);
#1305=FACE_OUTER_BOUND('',#1619,.T.);
#1306=FACE_OUTER_BOUND('',#1620,.T.);
#1307=FACE_OUTER_BOUND('',#1621,.T.);
#1308=FACE_OUTER_BOUND('',#1622,.T.);
#1309=FACE_OUTER_BOUND('',#1623,.T.);
#1310=FACE_OUTER_BOUND('',#1624,.T.);
#1311=FACE_OUTER_BOUND('',#1625,.T.);
#1312=FACE_OUTER_BOUND('',#1626,.T.);
#1313=FACE_OUTER_BOUND('',#1627,.T.);
#1314=FACE_OUTER_BOUND('',#1628,.T.);
#1315=FACE_OUTER_BOUND('',#1629,.T.);
#1316=FACE_OUTER_BOUND('',#1630,.T.);
#1317=FACE_OUTER_BOUND('',#1631,.T.);
#1318=FACE_OUTER_BOUND('',#1632,.T.);
#1319=FACE_OUTER_BOUND('',#1633,.T.);
#1320=FACE_OUTER_BOUND('',#1634,.T.);
#1321=FACE_OUTER_BOUND('',#1635,.T.);
#1322=FACE_OUTER_BOUND('',#1636,.T.);
#1323=FACE_OUTER_BOUND('',#1637,.T.);
#1324=FACE_OUTER_BOUND('',#1638,.T.);
#1325=FACE_OUTER_BOUND('',#1639,.T.);
#1326=FACE_OUTER_BOUND('',#1640,.T.);
#1327=FACE_OUTER_BOUND('',#1641,.T.);
#1328=FACE_OUTER_BOUND('',#1642,.T.);
#1329=FACE_OUTER_BOUND('',#1643,.T.);
#1330=FACE_OUTER_BOUND('',#1644,.T.);
#1331=FACE_OUTER_BOUND('',#1645,.T.);
#1332=FACE_OUTER_BOUND('',#1646,.T.);
#1333=FACE_OUTER_BOUND('',#1647,.T.);
#1334=FACE_OUTER_BOUND('',#1648,.T.);
#1335=FACE_OUTER_BOUND('',#1649,.T.);
#1336=FACE_OUTER_BOUND('',#1650,.T.);
#1337=FACE_OUTER_BOUND('',#1651,.T.);
#1338=FACE_OUTER_BOUND('',#1652,.T.);
#1339=FACE_OUTER_BOUND('',#1653,.T.);
#1340=FACE_OUTER_BOUND('',#1654,.T.);
#1341=FACE_OUTER_BOUND('',#1655,.T.);
#1342=FACE_OUTER_BOUND('',#1656,.T.);
#1343=FACE_OUTER_BOUND('',#1657,.T.);
#1344=FACE_OUTER_BOUND('',#1658,.T.);
#1345=FACE_OUTER_BOUND('',#1659,.T.);
#1346=FACE_OUTER_BOUND('',#1660,.T.);
#1347=FACE_OUTER_BOUND('',#1661,.T.);
#1348=FACE_OUTER_BOUND('',#1662,.T.);
#1349=FACE_OUTER_BOUND('',#1663,.T.);
#1350=FACE_OUTER_BOUND('',#1664,.T.);
#1351=FACE_OUTER_BOUND('',#1665,.T.);
#1352=FACE_OUTER_BOUND('',#1666,.T.);
#1353=FACE_OUTER_BOUND('',#1667,.T.);
#1354=FACE_OUTER_BOUND('',#1668,.T.);
#1355=FACE_OUTER_BOUND('',#1669,.T.);
#1356=FACE_OUTER_BOUND('',#1670,.T.);
#1357=FACE_OUTER_BOUND('',#1671,.T.);
#1358=FACE_OUTER_BOUND('',#1672,.T.);
#1359=FACE_OUTER_BOUND('',#1673,.T.);
#1360=FACE_OUTER_BOUND('',#1674,.T.);
#1361=FACE_OUTER_BOUND('',#1675,.T.);
#1362=FACE_OUTER_BOUND('',#1676,.T.);
#1363=FACE_OUTER_BOUND('',#1677,.T.);
#1364=FACE_OUTER_BOUND('',#1678,.T.);
#1365=FACE_OUTER_BOUND('',#1679,.T.);
#1366=FACE_OUTER_BOUND('',#1680,.T.);
#1367=FACE_OUTER_BOUND('',#1681,.T.);
#1368=FACE_OUTER_BOUND('',#1682,.T.);
#1369=FACE_OUTER_BOUND('',#1683,.T.);
#1370=FACE_OUTER_BOUND('',#1684,.T.);
#1371=FACE_OUTER_BOUND('',#1685,.T.);
#1372=FACE_OUTER_BOUND('',#1686,.T.);
#1373=FACE_OUTER_BOUND('',#1687,.T.);
#1374=FACE_OUTER_BOUND('',#1688,.T.);
#1375=FACE_OUTER_BOUND('',#1689,.T.);
#1376=FACE_OUTER_BOUND('',#1690,.T.);
#1377=FACE_OUTER_BOUND('',#1691,.T.);
#1378=FACE_OUTER_BOUND('',#1692,.T.);
#1379=FACE_OUTER_BOUND('',#1693,.T.);
#1380=FACE_OUTER_BOUND('',#1694,.T.);
#1381=FACE_OUTER_BOUND('',#1695,.T.);
#1382=FACE_OUTER_BOUND('',#1696,.T.);
#1383=FACE_OUTER_BOUND('',#1697,.T.);
#1384=FACE_OUTER_BOUND('',#1698,.T.);
#1385=FACE_OUTER_BOUND('',#1699,.T.);
#1386=FACE_OUTER_BOUND('',#1700,.T.);
#1387=FACE_OUTER_BOUND('',#1702,.T.);
#1388=FACE_OUTER_BOUND('',#1703,.T.);
#1389=FACE_OUTER_BOUND('',#1704,.T.);
#1390=FACE_OUTER_BOUND('',#1706,.T.);
#1391=FACE_OUTER_BOUND('',#1707,.T.);
#1392=FACE_OUTER_BOUND('',#1708,.T.);
#1393=FACE_OUTER_BOUND('',#1709,.T.);
#1394=FACE_OUTER_BOUND('',#1711,.T.);
#1395=FACE_OUTER_BOUND('',#1712,.T.);
#1396=FACE_OUTER_BOUND('',#1713,.T.);
#1397=FACE_OUTER_BOUND('',#1714,.T.);
#1398=FACE_OUTER_BOUND('',#1716,.T.);
#1399=FACE_OUTER_BOUND('',#1717,.T.);
#1400=FACE_OUTER_BOUND('',#1718,.T.);
#1401=FACE_OUTER_BOUND('',#1721,.T.);
#1402=FACE_OUTER_BOUND('',#1722,.T.);
#1403=FACE_OUTER_BOUND('',#1723,.T.);
#1404=FACE_OUTER_BOUND('',#1724,.T.);
#1405=FACE_OUTER_BOUND('',#1725,.T.);
#1406=FACE_OUTER_BOUND('',#1727,.T.);
#1407=FACE_OUTER_BOUND('',#1728,.T.);
#1408=FACE_OUTER_BOUND('',#1729,.T.);
#1409=FACE_OUTER_BOUND('',#1730,.T.);
#1410=FACE_OUTER_BOUND('',#1732,.T.);
#1411=FACE_OUTER_BOUND('',#1733,.T.);
#1412=FACE_OUTER_BOUND('',#1734,.T.);
#1413=FACE_OUTER_BOUND('',#1736,.T.);
#1414=FACE_OUTER_BOUND('',#1737,.T.);
#1415=FACE_OUTER_BOUND('',#1738,.T.);
#1416=FACE_OUTER_BOUND('',#1739,.T.);
#1417=FACE_OUTER_BOUND('',#1741,.T.);
#1418=FACE_OUTER_BOUND('',#1742,.T.);
#1419=EDGE_LOOP('',(#3314,#3315,#3316,#3317));
#1420=EDGE_LOOP('',(#3318,#3319,#3320,#3321,#3322,#3323,#3324,#3325));
#1421=EDGE_LOOP('',(#3326,#3327,#3328,#3329));
#1422=EDGE_LOOP('',(#3330,#3331,#3332,#3333,#3334,#3335,#3336,#3337,#3338,
#3339,#3340,#3341));
#1423=EDGE_LOOP('',(#3342,#3343,#3344,#3345));
#1424=EDGE_LOOP('',(#3346,#3347,#3348,#3349));
#1425=EDGE_LOOP('',(#3350,#3351,#3352,#3353,#3354));
#1426=EDGE_LOOP('',(#3355,#3356,#3357,#3358));
#1427=EDGE_LOOP('',(#3359,#3360,#3361,#3362));
#1428=EDGE_LOOP('',(#3363,#3364,#3365,#3366,#3367,#3368,#3369,#3370,#3371,
#3372,#3373,#3374,#3375,#3376,#3377,#3378,#3379,#3380,#3381,#3382,#3383,
#3384,#3385,#3386,#3387,#3388));
#1429=EDGE_LOOP('',(#3389,#3390,#3391,#3392,#3393,#3394));
#1430=EDGE_LOOP('',(#3395,#3396,#3397,#3398));
#1431=EDGE_LOOP('',(#3399,#3400,#3401,#3402,#3403,#3404,#3405,#3406,#3407,
#3408,#3409));
#1432=EDGE_LOOP('',(#3410,#3411,#3412,#3413,#3414,#3415));
#1433=EDGE_LOOP('',(#3416,#3417,#3418,#3419));
#1434=EDGE_LOOP('',(#3420,#3421,#3422,#3423));
#1435=EDGE_LOOP('',(#3424,#3425,#3426,#3427));
#1436=EDGE_LOOP('',(#3428,#3429,#3430));
#1437=EDGE_LOOP('',(#3431,#3432,#3433));
#1438=EDGE_LOOP('',(#3434,#3435,#3436,#3437,#3438,#3439,#3440));
#1439=EDGE_LOOP('',(#3441,#3442,#3443,#3444,#3445,#3446,#3447,#3448));
#1440=EDGE_LOOP('',(#3449,#3450,#3451,#3452,#3453,#3454,#3455,#3456));
#1441=EDGE_LOOP('',(#3457,#3458,#3459,#3460));
#1442=EDGE_LOOP('',(#3461,#3462,#3463));
#1443=EDGE_LOOP('',(#3464,#3465,#3466,#3467));
#1444=EDGE_LOOP('',(#3468,#3469,#3470,#3471));
#1445=EDGE_LOOP('',(#3472,#3473,#3474));
#1446=EDGE_LOOP('',(#3475,#3476,#3477,#3478));
#1447=EDGE_LOOP('',(#3479,#3480,#3481,#3482,#3483,#3484));
#1448=EDGE_LOOP('',(#3485,#3486,#3487,#3488,#3489,#3490,#3491,#3492));
#1449=EDGE_LOOP('',(#3493,#3494,#3495));
#1450=EDGE_LOOP('',(#3496,#3497,#3498,#3499));
#1451=EDGE_LOOP('',(#3500,#3501,#3502,#3503));
#1452=EDGE_LOOP('',(#3504,#3505,#3506,#3507));
#1453=EDGE_LOOP('',(#3508,#3509,#3510,#3511));
#1454=EDGE_LOOP('',(#3512,#3513,#3514,#3515,#3516,#3517,#3518,#3519,#3520,
#3521,#3522,#3523,#3524,#3525));
#1455=EDGE_LOOP('',(#3526,#3527,#3528,#3529,#3530,#3531));
#1456=EDGE_LOOP('',(#3532));
#1457=EDGE_LOOP('',(#3533));
#1458=EDGE_LOOP('',(#3534));
#1459=EDGE_LOOP('',(#3535,#3536,#3537,#3538,#3539,#3540,#3541,#3542));
#1460=EDGE_LOOP('',(#3543));
#1461=EDGE_LOOP('',(#3544));
#1462=EDGE_LOOP('',(#3545));
#1463=EDGE_LOOP('',(#3546));
#1464=EDGE_LOOP('',(#3547,#3548,#3549,#3550));
#1465=EDGE_LOOP('',(#3551,#3552,#3553));
#1466=EDGE_LOOP('',(#3554,#3555,#3556,#3557));
#1467=EDGE_LOOP('',(#3558,#3559,#3560,#3561));
#1468=EDGE_LOOP('',(#3562,#3563,#3564,#3565));
#1469=EDGE_LOOP('',(#3566,#3567,#3568,#3569));
#1470=EDGE_LOOP('',(#3570,#3571,#3572,#3573,#3574,#3575,#3576,#3577));
#1471=EDGE_LOOP('',(#3578,#3579,#3580));
#1472=EDGE_LOOP('',(#3581,#3582,#3583));
#1473=EDGE_LOOP('',(#3584,#3585,#3586,#3587));
#1474=EDGE_LOOP('',(#3588,#3589,#3590,#3591));
#1475=EDGE_LOOP('',(#3592,#3593,#3594,#3595));
#1476=EDGE_LOOP('',(#3596,#3597,#3598,#3599));
#1477=EDGE_LOOP('',(#3600,#3601,#3602,#3603));
#1478=EDGE_LOOP('',(#3604,#3605,#3606,#3607));
#1479=EDGE_LOOP('',(#3608,#3609,#3610,#3611));
#1480=EDGE_LOOP('',(#3612,#3613,#3614,#3615,#3616,#3617,#3618,#3619));
#1481=EDGE_LOOP('',(#3620,#3621,#3622,#3623));
#1482=EDGE_LOOP('',(#3624,#3625,#3626,#3627));
#1483=EDGE_LOOP('',(#3628,#3629,#3630,#3631));
#1484=EDGE_LOOP('',(#3632,#3633,#3634,#3635));
#1485=EDGE_LOOP('',(#3636,#3637,#3638,#3639));
#1486=EDGE_LOOP('',(#3640,#3641,#3642,#3643));
#1487=EDGE_LOOP('',(#3644,#3645,#3646,#3647));
#1488=EDGE_LOOP('',(#3648,#3649,#3650,#3651));
#1489=EDGE_LOOP('',(#3652,#3653,#3654));
#1490=EDGE_LOOP('',(#3655,#3656,#3657));
#1491=EDGE_LOOP('',(#3658,#3659,#3660,#3661));
#1492=EDGE_LOOP('',(#3662,#3663,#3664,#3665));
#1493=EDGE_LOOP('',(#3666,#3667,#3668,#3669));
#1494=EDGE_LOOP('',(#3670,#3671,#3672,#3673));
#1495=EDGE_LOOP('',(#3674,#3675,#3676,#3677));
#1496=EDGE_LOOP('',(#3678,#3679,#3680,#3681));
#1497=EDGE_LOOP('',(#3682,#3683,#3684,#3685));
#1498=EDGE_LOOP('',(#3686,#3687,#3688,#3689,#3690,#3691,#3692,#3693,#3694,
#3695,#3696));
#1499=EDGE_LOOP('',(#3697,#3698,#3699));
#1500=EDGE_LOOP('',(#3700,#3701,#3702));
#1501=EDGE_LOOP('',(#3703,#3704,#3705,#3706));
#1502=EDGE_LOOP('',(#3707,#3708,#3709,#3710));
#1503=EDGE_LOOP('',(#3711,#3712,#3713,#3714));
#1504=EDGE_LOOP('',(#3715,#3716,#3717,#3718));
#1505=EDGE_LOOP('',(#3719,#3720,#3721,#3722));
#1506=EDGE_LOOP('',(#3723,#3724,#3725,#3726));
#1507=EDGE_LOOP('',(#3727,#3728,#3729,#3730));
#1508=EDGE_LOOP('',(#3731,#3732,#3733,#3734));
#1509=EDGE_LOOP('',(#3735,#3736,#3737,#3738));
#1510=EDGE_LOOP('',(#3739,#3740,#3741,#3742));
#1511=EDGE_LOOP('',(#3743,#3744,#3745,#3746));
#1512=EDGE_LOOP('',(#3747,#3748,#3749,#3750));
#1513=EDGE_LOOP('',(#3751,#3752,#3753,#3754));
#1514=EDGE_LOOP('',(#3755,#3756,#3757,#3758));
#1515=EDGE_LOOP('',(#3759,#3760,#3761,#3762));
#1516=EDGE_LOOP('',(#3763,#3764,#3765));
#1517=EDGE_LOOP('',(#3766,#3767,#3768));
#1518=EDGE_LOOP('',(#3769,#3770,#3771,#3772));
#1519=EDGE_LOOP('',(#3773,#3774,#3775,#3776));
#1520=EDGE_LOOP('',(#3777,#3778,#3779,#3780));
#1521=EDGE_LOOP('',(#3781,#3782,#3783,#3784));
#1522=EDGE_LOOP('',(#3785,#3786,#3787,#3788));
#1523=EDGE_LOOP('',(#3789,#3790,#3791,#3792));
#1524=EDGE_LOOP('',(#3793,#3794,#3795));
#1525=EDGE_LOOP('',(#3796,#3797,#3798));
#1526=EDGE_LOOP('',(#3799,#3800,#3801));
#1527=EDGE_LOOP('',(#3802,#3803,#3804));
#1528=EDGE_LOOP('',(#3805,#3806,#3807));
#1529=EDGE_LOOP('',(#3808,#3809,#3810));
#1530=EDGE_LOOP('',(#3811,#3812,#3813,#3814));
#1531=EDGE_LOOP('',(#3815,#3816,#3817,#3818));
#1532=EDGE_LOOP('',(#3819,#3820,#3821,#3822));
#1533=EDGE_LOOP('',(#3823,#3824,#3825,#3826));
#1534=EDGE_LOOP('',(#3827,#3828,#3829,#3830));
#1535=EDGE_LOOP('',(#3831,#3832,#3833,#3834));
#1536=EDGE_LOOP('',(#3835,#3836,#3837,#3838));
#1537=EDGE_LOOP('',(#3839,#3840,#3841,#3842));
#1538=EDGE_LOOP('',(#3843,#3844,#3845,#3846));
#1539=EDGE_LOOP('',(#3847,#3848,#3849,#3850));
#1540=EDGE_LOOP('',(#3851,#3852,#3853,#3854));
#1541=EDGE_LOOP('',(#3855,#3856,#3857,#3858));
#1542=EDGE_LOOP('',(#3859,#3860,#3861,#3862));
#1543=EDGE_LOOP('',(#3863,#3864,#3865,#3866));
#1544=EDGE_LOOP('',(#3867,#3868,#3869,#3870));
#1545=EDGE_LOOP('',(#3871,#3872,#3873,#3874));
#1546=EDGE_LOOP('',(#3875,#3876,#3877,#3878));
#1547=EDGE_LOOP('',(#3879,#3880,#3881,#3882));
#1548=EDGE_LOOP('',(#3883,#3884,#3885,#3886));
#1549=EDGE_LOOP('',(#3887,#3888,#3889,#3890));
#1550=EDGE_LOOP('',(#3891,#3892,#3893,#3894));
#1551=EDGE_LOOP('',(#3895,#3896,#3897,#3898));
#1552=EDGE_LOOP('',(#3899,#3900,#3901,#3902));
#1553=EDGE_LOOP('',(#3903,#3904,#3905,#3906));
#1554=EDGE_LOOP('',(#3907,#3908,#3909,#3910));
#1555=EDGE_LOOP('',(#3911,#3912,#3913,#3914));
#1556=EDGE_LOOP('',(#3915,#3916,#3917,#3918));
#1557=EDGE_LOOP('',(#3919,#3920,#3921,#3922));
#1558=EDGE_LOOP('',(#3923,#3924,#3925,#3926));
#1559=EDGE_LOOP('',(#3927,#3928,#3929,#3930));
#1560=EDGE_LOOP('',(#3931,#3932,#3933,#3934));
#1561=EDGE_LOOP('',(#3935,#3936,#3937,#3938,#3939,#3940,#3941,#3942,#3943));
#1562=EDGE_LOOP('',(#3944,#3945,#3946,#3947,#3948));
#1563=EDGE_LOOP('',(#3949,#3950,#3951,#3952));
#1564=EDGE_LOOP('',(#3953,#3954,#3955,#3956,#3957,#3958,#3959,#3960));
#1565=EDGE_LOOP('',(#3961,#3962,#3963,#3964));
#1566=EDGE_LOOP('',(#3965,#3966,#3967,#3968,#3969,#3970,#3971,#3972));
#1567=EDGE_LOOP('',(#3973,#3974,#3975,#3976));
#1568=EDGE_LOOP('',(#3977,#3978,#3979,#3980));
#1569=EDGE_LOOP('',(#3981,#3982,#3983,#3984));
#1570=EDGE_LOOP('',(#3985,#3986,#3987,#3988));
#1571=EDGE_LOOP('',(#3989,#3990,#3991,#3992));
#1572=EDGE_LOOP('',(#3993,#3994,#3995,#3996));
#1573=EDGE_LOOP('',(#3997,#3998,#3999,#4000));
#1574=EDGE_LOOP('',(#4001,#4002,#4003,#4004));
#1575=EDGE_LOOP('',(#4005,#4006,#4007,#4008));
#1576=EDGE_LOOP('',(#4009,#4010,#4011,#4012));
#1577=EDGE_LOOP('',(#4013,#4014,#4015,#4016));
#1578=EDGE_LOOP('',(#4017,#4018,#4019,#4020));
#1579=EDGE_LOOP('',(#4021,#4022,#4023,#4024));
#1580=EDGE_LOOP('',(#4025,#4026,#4027,#4028));
#1581=EDGE_LOOP('',(#4029,#4030,#4031,#4032));
#1582=EDGE_LOOP('',(#4033,#4034,#4035,#4036));
#1583=EDGE_LOOP('',(#4037,#4038,#4039,#4040));
#1584=EDGE_LOOP('',(#4041,#4042,#4043,#4044));
#1585=EDGE_LOOP('',(#4045,#4046,#4047,#4048));
#1586=EDGE_LOOP('',(#4049,#4050,#4051,#4052,#4053,#4054,#4055,#4056));
#1587=EDGE_LOOP('',(#4057,#4058,#4059,#4060));
#1588=EDGE_LOOP('',(#4061,#4062,#4063,#4064,#4065));
#1589=EDGE_LOOP('',(#4066,#4067,#4068,#4069,#4070));
#1590=EDGE_LOOP('',(#4071,#4072,#4073,#4074,#4075));
#1591=EDGE_LOOP('',(#4076,#4077,#4078,#4079,#4080,#4081,#4082));
#1592=EDGE_LOOP('',(#4083,#4084,#4085,#4086));
#1593=EDGE_LOOP('',(#4087,#4088,#4089,#4090,#4091,#4092));
#1594=EDGE_LOOP('',(#4093,#4094,#4095,#4096,#4097,#4098,#4099,#4100));
#1595=EDGE_LOOP('',(#4101,#4102,#4103));
#1596=EDGE_LOOP('',(#4104,#4105,#4106,#4107));
#1597=EDGE_LOOP('',(#4108,#4109,#4110,#4111));
#1598=EDGE_LOOP('',(#4112,#4113,#4114,#4115));
#1599=EDGE_LOOP('',(#4116,#4117,#4118,#4119));
#1600=EDGE_LOOP('',(#4120,#4121,#4122,#4123));
#1601=EDGE_LOOP('',(#4124,#4125,#4126,#4127));
#1602=EDGE_LOOP('',(#4128,#4129,#4130,#4131));
#1603=EDGE_LOOP('',(#4132,#4133,#4134,#4135));
#1604=EDGE_LOOP('',(#4136,#4137,#4138,#4139));
#1605=EDGE_LOOP('',(#4140,#4141,#4142,#4143));
#1606=EDGE_LOOP('',(#4144,#4145,#4146,#4147));
#1607=EDGE_LOOP('',(#4148,#4149,#4150));
#1608=EDGE_LOOP('',(#4151,#4152,#4153,#4154));
#1609=EDGE_LOOP('',(#4155,#4156,#4157));
#1610=EDGE_LOOP('',(#4158,#4159,#4160,#4161));
#1611=EDGE_LOOP('',(#4162,#4163,#4164));
#1612=EDGE_LOOP('',(#4165,#4166,#4167,#4168));
#1613=EDGE_LOOP('',(#4169,#4170,#4171,#4172));
#1614=EDGE_LOOP('',(#4173,#4174,#4175,#4176));
#1615=EDGE_LOOP('',(#4177,#4178,#4179,#4180));
#1616=EDGE_LOOP('',(#4181,#4182,#4183,#4184));
#1617=EDGE_LOOP('',(#4185,#4186,#4187));
#1618=EDGE_LOOP('',(#4188,#4189,#4190,#4191));
#1619=EDGE_LOOP('',(#4192,#4193,#4194));
#1620=EDGE_LOOP('',(#4195,#4196,#4197,#4198));
#1621=EDGE_LOOP('',(#4199,#4200,#4201,#4202));
#1622=EDGE_LOOP('',(#4203,#4204,#4205,#4206));
#1623=EDGE_LOOP('',(#4207,#4208,#4209,#4210));
#1624=EDGE_LOOP('',(#4211,#4212,#4213,#4214));
#1625=EDGE_LOOP('',(#4215,#4216,#4217,#4218));
#1626=EDGE_LOOP('',(#4219,#4220,#4221,#4222));
#1627=EDGE_LOOP('',(#4223,#4224,#4225,#4226));
#1628=EDGE_LOOP('',(#4227,#4228,#4229,#4230));
#1629=EDGE_LOOP('',(#4231,#4232,#4233,#4234));
#1630=EDGE_LOOP('',(#4235,#4236,#4237,#4238));
#1631=EDGE_LOOP('',(#4239,#4240,#4241,#4242));
#1632=EDGE_LOOP('',(#4243,#4244,#4245,#4246,#4247,#4248,#4249,#4250,#4251,
#4252,#4253,#4254,#4255,#4256,#4257,#4258,#4259,#4260,#4261,#4262,#4263,
#4264,#4265,#4266,#4267,#4268,#4269,#4270,#4271,#4272,#4273,#4274,#4275,
#4276,#4277,#4278,#4279));
#1633=EDGE_LOOP('',(#4280,#4281,#4282,#4283,#4284));
#1634=EDGE_LOOP('',(#4285,#4286,#4287,#4288));
#1635=EDGE_LOOP('',(#4289,#4290,#4291,#4292));
#1636=EDGE_LOOP('',(#4293,#4294,#4295,#4296,#4297,#4298,#4299,#4300,#4301,
#4302,#4303,#4304,#4305,#4306));
#1637=EDGE_LOOP('',(#4307,#4308,#4309,#4310));
#1638=EDGE_LOOP('',(#4311,#4312,#4313,#4314,#4315,#4316,#4317,#4318));
#1639=EDGE_LOOP('',(#4319,#4320,#4321,#4322));
#1640=EDGE_LOOP('',(#4323,#4324,#4325,#4326));
#1641=EDGE_LOOP('',(#4327,#4328,#4329,#4330));
#1642=EDGE_LOOP('',(#4331,#4332,#4333,#4334,#4335));
#1643=EDGE_LOOP('',(#4336,#4337,#4338,#4339,#4340,#4341,#4342,#4343,#4344,
#4345,#4346,#4347,#4348,#4349,#4350,#4351,#4352,#4353,#4354,#4355,#4356,
#4357,#4358,#4359,#4360,#4361,#4362,#4363,#4364,#4365,#4366,#4367));
#1644=EDGE_LOOP('',(#4368,#4369,#4370,#4371,#4372,#4373,#4374,#4375));
#1645=EDGE_LOOP('',(#4376,#4377,#4378,#4379));
#1646=EDGE_LOOP('',(#4380,#4381,#4382,#4383,#4384,#4385,#4386,#4387,#4388));
#1647=EDGE_LOOP('',(#4389,#4390,#4391,#4392));
#1648=EDGE_LOOP('',(#4393,#4394,#4395,#4396));
#1649=EDGE_LOOP('',(#4397,#4398,#4399,#4400,#4401,#4402,#4403,#4404,#4405,
#4406));
#1650=EDGE_LOOP('',(#4407,#4408,#4409,#4410,#4411,#4412,#4413,#4414,#4415));
#1651=EDGE_LOOP('',(#4416,#4417,#4418,#4419));
#1652=EDGE_LOOP('',(#4420,#4421,#4422,#4423,#4424));
#1653=EDGE_LOOP('',(#4425,#4426,#4427,#4428));
#1654=EDGE_LOOP('',(#4429,#4430,#4431,#4432));
#1655=EDGE_LOOP('',(#4433,#4434,#4435,#4436,#4437));
#1656=EDGE_LOOP('',(#4438,#4439,#4440,#4441,#4442));
#1657=EDGE_LOOP('',(#4443,#4444,#4445,#4446));
#1658=EDGE_LOOP('',(#4447,#4448,#4449,#4450,#4451));
#1659=EDGE_LOOP('',(#4452,#4453,#4454,#4455));
#1660=EDGE_LOOP('',(#4456,#4457,#4458,#4459,#4460,#4461));
#1661=EDGE_LOOP('',(#4462,#4463,#4464,#4465,#4466));
#1662=EDGE_LOOP('',(#4467,#4468,#4469,#4470));
#1663=EDGE_LOOP('',(#4471,#4472,#4473,#4474,#4475,#4476));
#1664=EDGE_LOOP('',(#4477,#4478,#4479,#4480,#4481,#4482,#4483,#4484,#4485));
#1665=EDGE_LOOP('',(#4486,#4487,#4488,#4489,#4490,#4491));
#1666=EDGE_LOOP('',(#4492,#4493,#4494,#4495));
#1667=EDGE_LOOP('',(#4496,#4497,#4498,#4499,#4500,#4501));
#1668=EDGE_LOOP('',(#4502,#4503,#4504,#4505));
#1669=EDGE_LOOP('',(#4506,#4507,#4508,#4509));
#1670=EDGE_LOOP('',(#4510,#4511,#4512,#4513));
#1671=EDGE_LOOP('',(#4514,#4515,#4516,#4517,#4518,#4519,#4520,#4521,#4522,
#4523,#4524,#4525,#4526,#4527,#4528,#4529,#4530,#4531,#4532,#4533,#4534,
#4535,#4536,#4537,#4538,#4539,#4540,#4541,#4542,#4543,#4544,#4545,#4546,
#4547,#4548,#4549,#4550));
#1672=EDGE_LOOP('',(#4551,#4552,#4553,#4554,#4555,#4556));
#1673=EDGE_LOOP('',(#4557,#4558,#4559,#4560,#4561,#4562,#4563,#4564));
#1674=EDGE_LOOP('',(#4565,#4566,#4567,#4568,#4569));
#1675=EDGE_LOOP('',(#4570,#4571,#4572,#4573));
#1676=EDGE_LOOP('',(#4574,#4575,#4576,#4577,#4578));
#1677=EDGE_LOOP('',(#4579,#4580,#4581,#4582));
#1678=EDGE_LOOP('',(#4583,#4584,#4585,#4586));
#1679=EDGE_LOOP('',(#4587,#4588,#4589));
#1680=EDGE_LOOP('',(#4590,#4591,#4592,#4593));
#1681=EDGE_LOOP('',(#4594,#4595,#4596));
#1682=EDGE_LOOP('',(#4597,#4598,#4599,#4600,#4601,#4602,#4603));
#1683=EDGE_LOOP('',(#4604,#4605,#4606,#4607));
#1684=EDGE_LOOP('',(#4608,#4609,#4610,#4611,#4612));
#1685=EDGE_LOOP('',(#4613,#4614,#4615,#4616,#4617));
#1686=EDGE_LOOP('',(#4618,#4619,#4620));
#1687=EDGE_LOOP('',(#4621,#4622,#4623));
#1688=EDGE_LOOP('',(#4624,#4625,#4626,#4627));
#1689=EDGE_LOOP('',(#4628,#4629,#4630,#4631));
#1690=EDGE_LOOP('',(#4632,#4633,#4634,#4635,#4636,#4637,#4638));
#1691=EDGE_LOOP('',(#4639,#4640,#4641,#4642));
#1692=EDGE_LOOP('',(#4643,#4644,#4645,#4646));
#1693=EDGE_LOOP('',(#4647,#4648,#4649));
#1694=EDGE_LOOP('',(#4650,#4651,#4652,#4653));
#1695=EDGE_LOOP('',(#4654,#4655,#4656));
#1696=EDGE_LOOP('',(#4657,#4658,#4659,#4660,#4661));
#1697=EDGE_LOOP('',(#4662,#4663,#4664,#4665,#4666));
#1698=EDGE_LOOP('',(#4667,#4668,#4669,#4670));
#1699=EDGE_LOOP('',(#4671,#4672,#4673));
#1700=EDGE_LOOP('',(#4674,#4675,#4676,#4677));
#1701=EDGE_LOOP('',(#4678));
#1702=EDGE_LOOP('',(#4679,#4680,#4681,#4682));
#1703=EDGE_LOOP('',(#4683,#4684,#4685));
#1704=EDGE_LOOP('',(#4686,#4687,#4688,#4689));
#1705=EDGE_LOOP('',(#4690));
#1706=EDGE_LOOP('',(#4691,#4692,#4693,#4694));
#1707=EDGE_LOOP('',(#4695,#4696,#4697,#4698));
#1708=EDGE_LOOP('',(#4699,#4700,#4701,#4702,#4703,#4704,#4705,#4706,#4707));
#1709=EDGE_LOOP('',(#4708));
#1710=EDGE_LOOP('',(#4709));
#1711=EDGE_LOOP('',(#4710,#4711,#4712,#4713,#4714,#4715,#4716));
#1712=EDGE_LOOP('',(#4717,#4718,#4719,#4720,#4721));
#1713=EDGE_LOOP('',(#4722,#4723,#4724,#4725));
#1714=EDGE_LOOP('',(#4726,#4727,#4728,#4729,#4730,#4731));
#1715=EDGE_LOOP('',(#4732));
#1716=EDGE_LOOP('',(#4733,#4734,#4735,#4736));
#1717=EDGE_LOOP('',(#4737,#4738,#4739,#4740));
#1718=EDGE_LOOP('',(#4741,#4742,#4743,#4744,#4745,#4746));
#1719=EDGE_LOOP('',(#4747));
#1720=EDGE_LOOP('',(#4748));
#1721=EDGE_LOOP('',(#4749,#4750,#4751,#4752,#4753));
#1722=EDGE_LOOP('',(#4754,#4755,#4756,#4757));
#1723=EDGE_LOOP('',(#4758,#4759,#4760,#4761));
#1724=EDGE_LOOP('',(#4762,#4763,#4764,#4765,#4766));
#1725=EDGE_LOOP('',(#4767,#4768,#4769,#4770,#4771,#4772,#4773,#4774,#4775));
#1726=EDGE_LOOP('',(#4776));
#1727=EDGE_LOOP('',(#4777,#4778,#4779,#4780));
#1728=EDGE_LOOP('',(#4781,#4782,#4783,#4784,#4785,#4786,#4787));
#1729=EDGE_LOOP('',(#4788,#4789,#4790,#4791));
#1730=EDGE_LOOP('',(#4792,#4793,#4794,#4795,#4796,#4797));
#1731=EDGE_LOOP('',(#4798));
#1732=EDGE_LOOP('',(#4799,#4800,#4801,#4802));
#1733=EDGE_LOOP('',(#4803,#4804,#4805,#4806));
#1734=EDGE_LOOP('',(#4807,#4808,#4809,#4810,#4811,#4812,#4813,#4814,#4815));
#1735=EDGE_LOOP('',(#4816));
#1736=EDGE_LOOP('',(#4817,#4818,#4819,#4820,#4821,#4822,#4823));
#1737=EDGE_LOOP('',(#4824,#4825,#4826,#4827,#4828,#4829,#4830,#4831,#4832));
#1738=EDGE_LOOP('',(#4833,#4834,#4835,#4836));
#1739=EDGE_LOOP('',(#4837,#4838,#4839,#4840,#4841,#4842));
#1740=EDGE_LOOP('',(#4843));
#1741=EDGE_LOOP('',(#4844,#4845,#4846,#4847));
#1742=EDGE_LOOP('',(#4848,#4849,#4850,#4851));
#1743=B_SPLINE_CURVE_WITH_KNOTS('',3,(#7463,#7464,#7465,#7466,#7467,#7468,
#7469,#7470,#7471,#7472),.UNSPECIFIED.,.F.,.F.,(4,2,2,2,4),(0.,0.117562819132908,
0.235125638265817,0.311588864828487,0.388052091391157),.UNSPECIFIED.);
#1744=B_SPLINE_CURVE_WITH_KNOTS('',3,(#7477,#7478,#7479,#7480,#7481,#7482,
#7483,#7484),.UNSPECIFIED.,.F.,.F.,(4,2,2,4),(0.893884599284914,0.956661984087772,
1.01943936889063,1.0242011990921),.UNSPECIFIED.);
#1745=B_SPLINE_CURVE_WITH_KNOTS('',3,(#7493,#7494,#7495,#7496,#7497,#7498,
#7499,#7500),.UNSPECIFIED.,.F.,.F.,(4,2,2,4),(0.763567999477722,0.768329829679196,
0.831107214482055,0.893884599284914),.UNSPECIFIED.);
#1746=B_SPLINE_CURVE_WITH_KNOTS('',3,(#7505,#7506,#7507,#7508,#7509,#7510,
#7511,#7512,#7513,#7514),.UNSPECIFIED.,.F.,.F.,(4,2,2,2,4),(1.01106448007702,
1.08752770663969,1.16399093320236,1.28155375233527,1.39911657146818),
 .UNSPECIFIED.);
#1747=B_SPLINE_CURVE_WITH_KNOTS('',3,(#7588,#7589,#7590,#7591,#7592,#7593,
#7594,#7595,#7596,#7597),.UNSPECIFIED.,.F.,.F.,(4,2,2,2,4),(0.944492481482098,
1.01168329132425,1.08482559203545,1.18508680239539,1.28534801275533),
 .UNSPECIFIED.);
#1748=B_SPLINE_CURVE_WITH_KNOTS('',3,(#7601,#7602,#7603,#7604,#7605,#7606,
#7607,#7608,#7609,#7610),.UNSPECIFIED.,.F.,.F.,(4,2,2,2,4),(0.,0.10026121035994,
0.200522420719881,0.27366472143108,0.340855531273235),.UNSPECIFIED.);
#1749=B_SPLINE_CURVE_WITH_KNOTS('',3,(#7685,#7686,#7687,#7688,#7689,#7690,
#7691,#7692,#7693,#7694),.UNSPECIFIED.,.F.,.F.,(4,2,2,2,4),(0.,0.117562819132908,
0.235125638265816,0.311588864828486,0.388052091391156),.UNSPECIFIED.);
#1750=B_SPLINE_CURVE_WITH_KNOTS('',3,(#8908,#8909,#8910,#8911,#8912,#8913,
#8914,#8915,#8916,#8917,#8918,#8919,#8920,#8921),.UNSPECIFIED.,.F.,.F.,
(4,2,2,2,2,2,4),(0.819597409051803,0.872508858438443,0.942313256893204,
1.01211765534796,1.08192205380272,1.15172645225748,1.20463790164412),
 .UNSPECIFIED.);
#1751=B_SPLINE_CURVE_WITH_KNOTS('',3,(#8927,#8928,#8929,#8930,#8931,#8932,
#8933,#8934,#8935,#8936),.UNSPECIFIED.,.F.,.F.,(4,2,2,2,4),(0.,0.0189770066664084,
0.0379540133328168,0.0577968454213733,0.0776396775099298),.UNSPECIFIED.);
#1752=B_SPLINE_CURVE_WITH_KNOTS('',3,(#8940,#8941,#8942,#8943,#8944,#8945,
#8946,#8947,#8948,#8949,#8950,#8951),.UNSPECIFIED.,.F.,.F.,(4,2,2,2,2,4),
(0.,0.0685425094022232,0.137085018804446,0.19442656635039,0.2434786402015,
0.29253071405261),.UNSPECIFIED.);
#1753=B_SPLINE_CURVE_WITH_KNOTS('',3,(#8973,#8974,#8975,#8976,#8977,#8978,
#8979,#8980,#8981,#8982,#8983),.UNSPECIFIED.,.F.,.F.,(4,2,1,1,1,1,1,4),
(-2.20736426604336,-2.20672362342911,-2.18220238392434,-2.15768114441957,
-2.10863866541002,-2.05959618640047,-2.01055370739093,-1.96151122838138),
 .UNSPECIFIED.);
#1754=B_SPLINE_CURVE_WITH_KNOTS('',3,(#8984,#8985,#8986,#8987,#8988,#8989,
#8990,#8991,#8992,#8993,#8994,#8995),.UNSPECIFIED.,.F.,.F.,(4,1,1,1,1,1,
1,2,4),(-0.245191495396586,-0.196153196317269,-0.147114897237952,-0.122595747698293,
-0.0980765981586345,-0.0490382990793173,-0.0245191495396586,0.,0.000640642614246913),
 .UNSPECIFIED.);
#1755=B_SPLINE_CURVE_WITH_KNOTS('',3,(#8999,#9000,#9001,#9002,#9003,#9004),
 .UNSPECIFIED.,.F.,.F.,(4,2,4),(0.,0.0745394164689693,0.0760735507841112),
 .UNSPECIFIED.);
#1756=B_SPLINE_CURVE_WITH_KNOTS('',3,(#9108,#9109,#9110,#9111,#9112,#9113),
 .UNSPECIFIED.,.F.,.F.,(4,2,4),(0.594860455804775,0.596394590119917,0.670934006588886),
 .UNSPECIFIED.);
#1757=B_SPLINE_CURVE_WITH_KNOTS('',3,(#9124,#9125,#9126,#9127,#9128,#9129,
#9130,#9131,#9132,#9133),.UNSPECIFIED.,.F.,.F.,(4,2,2,2,4),(1.95085034252877,
1.97953771836385,2.05156416979195,2.12200890604303,2.16467104032911),
 .UNSPECIFIED.);
#1758=B_SPLINE_CURVE_WITH_KNOTS('',3,(#9134,#9135,#9136,#9137,#9138,#9139,
#9140,#9141,#9142,#9143,#9144,#9145,#9146,#9147),.UNSPECIFIED.,.F.,.F.,
(4,2,2,2,2,2,4),(0.459231571291047,0.486427517928975,0.52107407114763,0.536029703446348,
0.550985335745065,0.562358561577292,0.566927225865202),.UNSPECIFIED.);
#1759=B_SPLINE_CURVE_WITH_KNOTS('',3,(#9158,#9159,#9160,#9161,#9162,#9163,
#9164,#9165,#9166,#9167,#9168,#9169),.UNSPECIFIED.,.F.,.F.,(4,2,2,2,2,4),
(0.29253071405261,0.34158278790372,0.390634861754829,0.447976409300773,
0.516518918702996,0.58506142810522),.UNSPECIFIED.);
#1760=B_SPLINE_CURVE_WITH_KNOTS('',3,(#9173,#9174,#9175,#9176,#9177,#9178,
#9179,#9180,#9181,#9182),.UNSPECIFIED.,.F.,.F.,(4,2,2,2,4),(-0.0776396775099299,
-0.0577968454213733,-0.0379540133328167,-0.0189770066664084,0.),
 .UNSPECIFIED.);
#1761=B_SPLINE_CURVE_WITH_KNOTS('',3,(#9192,#9193,#9194,#9195,#9196,#9197),
 .UNSPECIFIED.,.F.,.F.,(4,2,4),(1.49175419585522,1.51719062602201,1.52413565528415),
 .UNSPECIFIED.);
#1762=B_SPLINE_CURVE_WITH_KNOTS('',3,(#9200,#9201,#9202,#9203,#9204,#9205,
#9206,#9207),.UNSPECIFIED.,.F.,.F.,(4,2,2,4),(0.890327401039649,0.98627832089311,
1.03425378081984,1.05671552566612),.UNSPECIFIED.);
#1763=B_SPLINE_CURVE_WITH_KNOTS('',3,(#9619,#9620,#9621,#9622,#9623,#9624),
 .UNSPECIFIED.,.F.,.F.,(4,2,4),(2.00653599353899,2.01348102280113,2.03891745296792),
 .UNSPECIFIED.);
#1764=B_SPLINE_CURVE_WITH_KNOTS('',3,(#9696,#9697,#9698,#9699,#9700,#9701,
#9702,#9703,#9704,#9705,#9706,#9707,#9708,#9709),.UNSPECIFIED.,.F.,.F.,
(4,2,2,2,2,2,4),(0.198048490680821,0.202617154968732,0.213990380800958,
0.228946013099676,0.243901645398394,0.278548198617048,0.305744145254975),
 .UNSPECIFIED.);
#1765=B_SPLINE_CURVE_WITH_KNOTS('',3,(#9716,#9717,#9718,#9719,#9720,#9721,
#9722,#9723,#9724,#9725),.UNSPECIFIED.,.F.,.F.,(4,2,2,2,4),(0.908248325594374,
0.984957897061339,1.0616674685283,1.13734856248038,1.21302965643246),
 .UNSPECIFIED.);
#1766=B_SPLINE_CURVE_WITH_KNOTS('',3,(#9735,#9736,#9737,#9738,#9739,#9740,
#9741,#9742,#9743,#9744),.UNSPECIFIED.,.F.,.F.,(4,2,2,2,4),(1.51106896464833,
1.5578189742,1.6436768002082,1.72953462621639,1.80789116234993),
 .UNSPECIFIED.);
#1767=B_SPLINE_CURVE_WITH_KNOTS('',3,(#9747,#9748,#9749,#9750,#9751,#9752),
 .UNSPECIFIED.,.F.,.F.,(4,2,4),(0.671359848290188,0.745899264759158,0.7474333990743),
 .UNSPECIFIED.);
#1768=B_SPLINE_CURVE_WITH_KNOTS('',3,(#9754,#9755,#9756,#9757,#9758,#9759,
#9760,#9761,#9762,#9763),.UNSPECIFIED.,.F.,.F.,(4,2,2,2,4),(0.,0.0756810939520781,
0.151362187904156,0.228071759371121,0.304781330838086),.UNSPECIFIED.);
#1769=B_SPLINE_CURVE_WITH_KNOTS('',3,(#9766,#9767,#9768,#9769,#9770,#9771,
#9772,#9773,#9774,#9775),.UNSPECIFIED.,.F.,.F.,(4,2,2,2,4),(0.301733497378144,
0.378443068845109,0.455152640312074,0.530833734264152,0.60651482821623),
 .UNSPECIFIED.);
#1770=B_SPLINE_CURVE_WITH_KNOTS('',3,(#9777,#9778,#9779,#9780,#9781,#9782),
 .UNSPECIFIED.,.F.,.F.,(4,2,4),(-0.0760735507841112,-0.0745394164689692,
0.),.UNSPECIFIED.);
#1771=B_SPLINE_CURVE_WITH_KNOTS('',3,(#9786,#9787,#9788,#9789,#9790,#9791,
#9792,#9793,#9794,#9795),.UNSPECIFIED.,.F.,.F.,(4,2,2,2,4),(1.06146807258131,
1.13982460871484,1.22568243472304,1.31154026073123,1.3582902702829),
 .UNSPECIFIED.);
#1772=B_SPLINE_CURVE_WITH_KNOTS('',3,(#9802,#9803,#9804,#9805,#9806,#9807,
#9808,#9809,#9810,#9811),.UNSPECIFIED.,.F.,.F.,(4,2,2,2,4),(0.60651482821623,
0.682195922168308,0.757877016120386,0.834586587587351,0.911296159054316),
 .UNSPECIFIED.);
#1773=B_SPLINE_CURVE_WITH_KNOTS('',3,(#9814,#9815,#9816,#9817,#9818,#9819,
#9820,#9821,#9822,#9823),.UNSPECIFIED.,.F.,.F.,(4,2,2,2,4),(0.0277826019649971,
0.0704447362510795,0.140889472502159,0.212915923930257,0.241603299765337),
 .UNSPECIFIED.);
#1774=B_SPLINE_CURVE_WITH_KNOTS('',3,(#9825,#9826,#9827,#9828,#9829,#9830,
#9831,#9832,#9833,#9834),.UNSPECIFIED.,.F.,.F.,(4,2,2,2,4),(-0.241603299765337,
-0.212915923930257,-0.140889472502159,-0.0704447362510798,0.),
 .UNSPECIFIED.);
#1775=B_SPLINE_CURVE_WITH_KNOTS('',3,(#9836,#9837,#9838,#9839,#9840,#9841,
#9842,#9843,#9844,#9845),.UNSPECIFIED.,.F.,.F.,(4,2,2,2,4),(1.09622682114706,
1.16667155739813,1.23711629364921,1.30914274507731,1.33783012091239),
 .UNSPECIFIED.);
#1776=B_SPLINE_CURVE_WITH_KNOTS('',3,(#9934,#9935,#9936,#9937,#9938,#9939),
 .UNSPECIFIED.,.F.,.F.,(4,2,4),(1.49175419585522,1.51719062602201,1.52413565528415),
 .UNSPECIFIED.);
#1777=B_SPLINE_CURVE_WITH_KNOTS('',3,(#9960,#9961,#9962,#9963,#9964,#9965,
#9966,#9967),.UNSPECIFIED.,.F.,.F.,(4,2,2,4),(1.61426667745283,1.63672842229911,
1.68470388222584,1.7806548020793),.UNSPECIFIED.);
#1778=B_SPLINE_CURVE_WITH_KNOTS('',3,(#9979,#9980,#9981,#9982,#9983,#9984),
 .UNSPECIFIED.,.F.,.F.,(4,2,4),(2.00653599353899,2.01348102280113,2.03891745296792),
 .UNSPECIFIED.);
#1779=B_SPLINE_CURVE_WITH_KNOTS('',3,(#10067,#10068,#10069,#10070,#10071,
#10072,#10073,#10074,#10075,#10076,#10077,#10078,#10079),.UNSPECIFIED.,
 .F.,.F.,(4,2,1,1,1,1,1,1,1,4),(-2.20736426604339,-2.20672362342913,-2.18220447388948,
-2.15768532434982,-2.13316617481016,-2.1086470252705,-2.08412787573084,
-2.05960872619119,-2.01057042711187,-1.96153212803256),.UNSPECIFIED.);
#1780=B_SPLINE_CURVE_WITH_KNOTS('',3,(#10144,#10145,#10146,#10147,#10148,
#10149,#10150,#10151,#10152,#10153,#10154,#10155),.UNSPECIFIED.,.F.,.F.,
(4,1,1,1,1,1,1,2,4),(-0.24519149539657,-0.196153196317256,-0.147114897237942,
-0.122595747698285,-0.098076598158628,-0.049038299079314,-0.024519149539657,
0.,0.000640642614264564),.UNSPECIFIED.);
#1781=B_SPLINE_CURVE_WITH_KNOTS('',3,(#10281,#10282,#10283,#10284,#10285,
#10286,#10287,#10288,#10289,#10290,#10291,#10292,#10293),.UNSPECIFIED.,
 .F.,.F.,(4,2,1,1,1,1,1,1,1,4),(-2.20736426604342,-2.20672362342919,-2.18220447388953,
-2.15768532434987,-2.13316617481021,-2.10864702527055,-2.08412787573089,
-2.05960872619123,-2.0105704271119,-1.96153212803258),.UNSPECIFIED.);
#1782=B_SPLINE_CURVE_WITH_KNOTS('',3,(#10295,#10296,#10297,#10298,#10299,
#10300,#10301,#10302,#10303,#10304,#10305,#10306),.UNSPECIFIED.,.F.,.F.,
(4,1,1,1,1,1,1,2,4),(-0.245191495396603,-0.196153196317283,-0.147114897237962,
-0.122595747698302,-0.0980765981586413,-0.0490382990793207,-0.0245191495396603,
0.,0.000640642614230837),.UNSPECIFIED.);
#1783=CIRCLE('',#5205,2.);
#1784=CIRCLE('',#5206,4.);
#1785=CIRCLE('',#5207,2.);
#1786=CIRCLE('',#5209,2.);
#1787=CIRCLE('',#5211,4.);
#1788=CIRCLE('',#5212,2.);
#1789=CIRCLE('',#5214,1.);
#1790=CIRCLE('',#5215,1.);
#1791=CIRCLE('',#5217,2.);
#1792=CIRCLE('',#5219,2.);
#1793=CIRCLE('',#5220,2.);
#1794=CIRCLE('',#5222,1.);
#1795=CIRCLE('',#5224,2.);
#1796=CIRCLE('',#5225,2.);
#1797=CIRCLE('',#5227,2.);
#1798=CIRCLE('',#5228,2.);
#1799=CIRCLE('',#5230,1.6);
#1800=CIRCLE('',#5231,1.6);
#1801=CIRCLE('',#5232,1.6);
#1802=CIRCLE('',#5233,1.6);
#1803=CIRCLE('',#5234,2.);
#1804=CIRCLE('',#5235,1.);
#1805=CIRCLE('',#5236,1.);
#1806=CIRCLE('',#5238,1.);
#1807=CIRCLE('',#5239,1.);
#1808=CIRCLE('',#5241,2.);
#1809=CIRCLE('',#5243,1.6);
#1810=CIRCLE('',#5244,1.6);
#1811=CIRCLE('',#5246,1.);
#1812=CIRCLE('',#5247,1.);
#1813=CIRCLE('',#5249,2.);
#1814=CIRCLE('',#5250,4.);
#1815=CIRCLE('',#5251,2.);
#1816=CIRCLE('',#5253,2.);
#1817=CIRCLE('',#5255,2.);
#1818=CIRCLE('',#5256,2.);
#1819=CIRCLE('',#5258,2.);
#1820=CIRCLE('',#5259,2.);
#1821=CIRCLE('',#5261,2.);
#1822=CIRCLE('',#5264,2.);
#1823=CIRCLE('',#5265,2.);
#1824=CIRCLE('',#5266,2.);
#1825=CIRCLE('',#5268,2.);
#1826=CIRCLE('',#5269,2.);
#1827=CIRCLE('',#5271,2.);
#1828=CIRCLE('',#5272,2.);
#1829=CIRCLE('',#5274,2.);
#1830=CIRCLE('',#5275,2.);
#1831=CIRCLE('',#5277,2.);
#1832=CIRCLE('',#5279,2.);
#1833=CIRCLE('',#5281,2.);
#1834=CIRCLE('',#5285,2.);
#1835=CIRCLE('',#5286,2.);
#1836=CIRCLE('',#5289,2.);
#1837=CIRCLE('',#5291,2.);
#1838=CIRCLE('',#5293,2.);
#1839=CIRCLE('',#5297,3.);
#1840=CIRCLE('',#5298,3.);
#1841=CIRCLE('',#5299,1.75);
#1842=CIRCLE('',#5300,1.75);
#1843=CIRCLE('',#5301,1.75);
#1844=CIRCLE('',#5302,1.75);
#1845=CIRCLE('',#5303,9.1);
#1846=CIRCLE('',#5304,1.15);
#1847=CIRCLE('',#5305,1.15);
#1848=CIRCLE('',#5306,1.75);
#1849=CIRCLE('',#5307,1.75);
#1850=CIRCLE('',#5308,1.75);
#1851=CIRCLE('',#5309,1.75);
#1852=CIRCLE('',#5310,1.15);
#1853=CIRCLE('',#5311,1.15);
#1854=CIRCLE('',#5312,1.25);
#1855=CIRCLE('',#5313,1.25);
#1856=CIRCLE('',#5317,1.);
#1857=CIRCLE('',#5319,1.99999999999999);
#1858=CIRCLE('',#5321,1.);
#1859=CIRCLE('',#5325,0.599999999999996);
#1860=CIRCLE('',#5328,0.600000000000002);
#1861=CIRCLE('',#5333,1.);
#1862=CIRCLE('',#5335,1.);
#1863=CIRCLE('',#5336,0.6);
#1864=CIRCLE('',#5338,1.);
#1865=CIRCLE('',#5340,1.);
#1866=CIRCLE('',#5341,0.6);
#1867=CIRCLE('',#5346,0.599999999999996);
#1868=CIRCLE('',#5349,0.6);
#1869=CIRCLE('',#5352,0.6);
#1870=CIRCLE('',#5355,0.600000000000009);
#1871=CIRCLE('',#5363,1.00000000000001);
#1872=CIRCLE('',#5365,1.00000000000001);
#1873=CIRCLE('',#5366,1.6);
#1874=CIRCLE('',#5368,1.00000000000001);
#1875=CIRCLE('',#5370,0.999999999999988);
#1876=CIRCLE('',#5371,1.6);
#1877=CIRCLE('',#5375,0.599999999999987);
#1878=CIRCLE('',#5378,0.600000000000014);
#1879=CIRCLE('',#5382,1.);
#1880=CIRCLE('',#5384,0.999999999999996);
#1881=CIRCLE('',#5386,0.999999999999988);
#1882=CIRCLE('',#5387,0.6);
#1883=CIRCLE('',#5389,0.999999999999988);
#1884=CIRCLE('',#5391,1.00000000000001);
#1885=CIRCLE('',#5392,0.6);
#1886=CIRCLE('',#5396,0.600000000000005);
#1887=CIRCLE('',#5399,0.6);
#1888=CIRCLE('',#5402,0.6);
#1889=CIRCLE('',#5405,0.599999999999996);
#1890=CIRCLE('',#5412,1.);
#1891=CIRCLE('',#5414,1.);
#1892=CIRCLE('',#5416,1.);
#1893=CIRCLE('',#5418,1.);
#1894=CIRCLE('',#5420,0.600000000000001);
#1895=CIRCLE('',#5423,0.599999999999999);
#1896=CIRCLE('',#5426,0.6);
#1897=CIRCLE('',#5429,0.600000000000002);
#1898=CIRCLE('',#5432,0.599999999999994);
#1899=CIRCLE('',#5435,0.600000000000001);
#1900=CIRCLE('',#5439,0.999999999999996);
#1901=CIRCLE('',#5441,1.);
#1902=CIRCLE('',#5442,0.999999999999996);
#1903=CIRCLE('',#5444,0.999999999999996);
#1904=CIRCLE('',#5445,2.);
#1905=CIRCLE('',#5446,3.);
#1906=CIRCLE('',#5448,0.999999999999996);
#1907=CIRCLE('',#5450,0.999999999999996);
#1908=CIRCLE('',#5451,2.);
#1909=CIRCLE('',#5452,3.);
#1910=CIRCLE('',#5454,0.999999999999996);
#1911=CIRCLE('',#5456,0.999999999999996);
#1912=CIRCLE('',#5457,2.);
#1913=CIRCLE('',#5458,3.);
#1914=CIRCLE('',#5460,0.999999999999996);
#1915=CIRCLE('',#5462,0.999999999999996);
#1916=CIRCLE('',#5463,0.6);
#1917=CIRCLE('',#5464,1.6);
#1918=CIRCLE('',#5466,2.);
#1919=CIRCLE('',#5467,1.);
#1920=CIRCLE('',#5471,0.999999999999996);
#1921=CIRCLE('',#5473,0.999999999999996);
#1922=CIRCLE('',#5474,0.6);
#1923=CIRCLE('',#5475,1.6);
#1924=CIRCLE('',#5477,0.999999999999996);
#1925=CIRCLE('',#5479,0.999999999999996);
#1926=CIRCLE('',#5480,0.6);
#1927=CIRCLE('',#5481,1.6);
#1928=CIRCLE('',#5486,0.999999999999996);
#1929=CIRCLE('',#5488,0.999999999999996);
#1930=CIRCLE('',#5489,0.6);
#1931=CIRCLE('',#5490,1.6);
#1932=CIRCLE('',#5492,0.999999999999996);
#1933=CIRCLE('',#5494,0.999999999999996);
#1934=CIRCLE('',#5495,2.);
#1935=CIRCLE('',#5496,3.);
#1936=CIRCLE('',#5498,0.999999999999996);
#1937=CIRCLE('',#5500,0.999999999999996);
#1938=CIRCLE('',#5501,2.);
#1939=CIRCLE('',#5502,3.);
#1940=CIRCLE('',#5504,0.999999999999996);
#1941=CIRCLE('',#5506,0.999999999999996);
#1942=CIRCLE('',#5507,2.);
#1943=CIRCLE('',#5508,3.);
#1944=CIRCLE('',#5510,0.999999999999996);
#1945=CIRCLE('',#5511,0.999999999999996);
#1946=CIRCLE('',#5512,2.);
#1947=CIRCLE('',#5513,1.);
#1948=CIRCLE('',#5516,2.);
#1949=CIRCLE('',#5518,2.);
#1950=CIRCLE('',#5519,2.);
#1951=CIRCLE('',#5521,2.);
#1952=CIRCLE('',#5528,0.6);
#1953=CIRCLE('',#5531,0.599999999999999);
#1954=CIRCLE('',#5534,0.600000000000001);
#1955=CIRCLE('',#5537,0.6);
#1956=CIRCLE('',#5540,0.6);
#1957=CIRCLE('',#5543,0.6);
#1958=CIRCLE('',#5546,0.6);
#1959=CIRCLE('',#5549,0.6);
#1960=CIRCLE('',#5552,0.599999999999999);
#1961=CIRCLE('',#5555,0.6);
#1962=CIRCLE('',#5563,2.);
#1963=CIRCLE('',#5565,2.);
#1964=CIRCLE('',#5568,2.);
#1965=CIRCLE('',#5570,1.75);
#1966=CIRCLE('',#5571,1.75);
#1967=CIRCLE('',#5575,0.999999999999996);
#1968=CIRCLE('',#5577,0.999999999999996);
#1969=CIRCLE('',#5578,1.6);
#1970=CIRCLE('',#5580,0.999999999999996);
#1971=CIRCLE('',#5582,0.999999999999996);
#1972=CIRCLE('',#5583,2.);
#1973=CIRCLE('',#5584,3.);
#1974=CIRCLE('',#5586,0.999999999999996);
#1975=CIRCLE('',#5588,0.999999999999996);
#1976=CIRCLE('',#5589,2.);
#1977=CIRCLE('',#5590,3.);
#1978=CIRCLE('',#5592,0.999999999999996);
#1979=CIRCLE('',#5594,0.999999999999996);
#1980=CIRCLE('',#5595,2.);
#1981=CIRCLE('',#5596,3.);
#1982=CIRCLE('',#5598,0.999999999999996);
#1983=CIRCLE('',#5599,0.999999999999996);
#1984=CIRCLE('',#5600,2.);
#1985=CIRCLE('',#5601,1.);
#1986=CIRCLE('',#5612,0.999999999999996);
#1987=CIRCLE('',#5614,0.999999999999996);
#1988=CIRCLE('',#5615,1.6);
#1989=CIRCLE('',#5617,0.999999999999996);
#1990=CIRCLE('',#5619,0.999999999999996);
#1991=CIRCLE('',#5620,1.6);
#1992=CIRCLE('',#5629,0.999999999999996);
#1993=CIRCLE('',#5630,1.);
#1994=CIRCLE('',#5631,1.);
#1995=CIRCLE('',#5632,1.);
#1996=CIRCLE('',#5633,2.);
#1997=CIRCLE('',#5636,0.999999999999996);
#1998=CIRCLE('',#5637,2.);
#1999=CIRCLE('',#5638,3.);
#2000=CIRCLE('',#5640,0.999999999999996);
#2001=CIRCLE('',#5642,0.999999999999996);
#2002=CIRCLE('',#5643,2.);
#2003=CIRCLE('',#5644,3.);
#2004=CIRCLE('',#5646,0.999999999999996);
#2005=CIRCLE('',#5648,0.999999999999996);
#2006=CIRCLE('',#5649,2.);
#2007=CIRCLE('',#5650,3.);
#2008=CIRCLE('',#5652,0.999999999999996);
#2009=CIRCLE('',#5654,0.999999999999996);
#2010=CIRCLE('',#5655,1.6);
#2011=CIRCLE('',#5659,2.);
#2012=CIRCLE('',#5662,0.5);
#2013=CIRCLE('',#5665,0.5);
#2014=CIRCLE('',#5666,0.5);
#2015=CIRCLE('',#5668,2.);
#2016=CIRCLE('',#5669,2.);
#2017=CIRCLE('',#5670,0.5);
#2018=CIRCLE('',#5672,0.5);
#2019=CIRCLE('',#5673,0.5);
#2020=CIRCLE('',#5676,0.5);
#2021=CIRCLE('',#5678,0.5);
#2022=CIRCLE('',#5680,9.1);
#2023=CIRCLE('',#5681,9.1);
#2024=CIRCLE('',#5682,9.1);
#2025=CIRCLE('',#5684,9.1);
#2026=CIRCLE('',#5686,9.1);
#2027=CIRCLE('',#5687,9.1);
#2028=CIRCLE('',#5688,9.1);
#2029=CIRCLE('',#5690,2.);
#2030=CIRCLE('',#5692,0.5);
#2031=CIRCLE('',#5693,0.5);
#2032=CIRCLE('',#5695,2.);
#2033=CIRCLE('',#5696,0.5);
#2034=CIRCLE('',#5698,0.5);
#2035=CIRCLE('',#5700,0.5);
#2036=CIRCLE('',#5701,0.5);
#2037=CIRCLE('',#5704,2.);
#2038=CIRCLE('',#5705,0.5);
#2039=CIRCLE('',#5706,0.5);
#2040=CIRCLE('',#5708,0.5);
#2041=CIRCLE('',#5711,0.5);
#2042=CIRCLE('',#5714,0.5);
#2043=CIRCLE('',#5716,2.);
#2044=CIRCLE('',#5718,0.5);
#2045=CIRCLE('',#5725,1.75);
#2046=CIRCLE('',#5727,2.);
#2047=CIRCLE('',#5728,2.);
#2048=CIRCLE('',#5731,2.);
#2049=CIRCLE('',#5733,1.75);
#2050=CIRCLE('',#5736,1.75);
#2051=CIRCLE('',#5738,1.75);
#2052=CIRCLE('',#5747,2.);
#2053=CIRCLE('',#5748,2.);
#2054=CIRCLE('',#5750,2.);
#2055=CIRCLE('',#5751,2.);
#2056=CIRCLE('',#5755,2.);
#2057=CIRCLE('',#5757,2.);
#2058=CIRCLE('',#5758,2.);
#2059=CIRCLE('',#5759,2.);
#2060=CIRCLE('',#5760,2.);
#2061=CIRCLE('',#5765,2.);
#2062=CIRCLE('',#5767,2.);
#2063=CIRCLE('',#5768,2.);
#2064=CIRCLE('',#5770,2.);
#2065=CIRCLE('',#5771,2.);
#2066=CIRCLE('',#5773,2.);
#2067=CIRCLE('',#5776,2.);
#2068=CIRCLE('',#5779,1.25);
#2069=CIRCLE('',#5781,2.);
#2070=CIRCLE('',#5784,1.25);
#2071=CIRCLE('',#5786,1.25);
#2072=CIRCLE('',#5788,1.25);
#2073=CIRCLE('',#5790,2.);
#2074=CIRCLE('',#5792,1.25);
#2075=CIRCLE('',#5794,2.);
#2076=CIRCLE('',#5798,1.25);
#2077=CIRCLE('',#5806,2.);
#2078=CIRCLE('',#5808,1.15);
#2079=CIRCLE('',#5811,2.);
#2080=CIRCLE('',#5814,1.15);
#2081=CIRCLE('',#5818,1.15);
#2082=CIRCLE('',#5820,2.);
#2083=CIRCLE('',#5824,1.15);
#2084=VERTEX_POINT('',#7457);
#2085=VERTEX_POINT('',#7458);
#2086=VERTEX_POINT('',#7460);
#2087=VERTEX_POINT('',#7462);
#2088=VERTEX_POINT('',#7475);
#2089=VERTEX_POINT('',#7476);
#2090=VERTEX_POINT('',#7485);
#2091=VERTEX_POINT('',#7487);
#2092=VERTEX_POINT('',#7490);
#2093=VERTEX_POINT('',#7492);
#2094=VERTEX_POINT('',#7503);
#2095=VERTEX_POINT('',#7504);
#2096=VERTEX_POINT('',#7518);
#2097=VERTEX_POINT('',#7520);
#2098=VERTEX_POINT('',#7522);
#2099=VERTEX_POINT('',#7524);
#2100=VERTEX_POINT('',#7526);
#2101=VERTEX_POINT('',#7528);
#2102=VERTEX_POINT('',#7530);
#2103=VERTEX_POINT('',#7532);
#2104=VERTEX_POINT('',#7536);
#2105=VERTEX_POINT('',#7538);
#2106=VERTEX_POINT('',#7542);
#2107=VERTEX_POINT('',#7544);
#2108=VERTEX_POINT('',#7548);
#2109=VERTEX_POINT('',#7550);
#2110=VERTEX_POINT('',#7552);
#2111=VERTEX_POINT('',#7556);
#2112=VERTEX_POINT('',#7558);
#2113=VERTEX_POINT('',#7562);
#2114=VERTEX_POINT('',#7563);
#2115=VERTEX_POINT('',#7565);
#2116=VERTEX_POINT('',#7567);
#2117=VERTEX_POINT('',#7571);
#2118=VERTEX_POINT('',#7573);
#2119=VERTEX_POINT('',#7575);
#2120=VERTEX_POINT('',#7577);
#2121=VERTEX_POINT('',#7579);
#2122=VERTEX_POINT('',#7581);
#2123=VERTEX_POINT('',#7583);
#2124=VERTEX_POINT('',#7585);
#2125=VERTEX_POINT('',#7587);
#2126=VERTEX_POINT('',#7598);
#2127=VERTEX_POINT('',#7600);
#2128=VERTEX_POINT('',#7611);
#2129=VERTEX_POINT('',#7613);
#2130=VERTEX_POINT('',#7615);
#2131=VERTEX_POINT('',#7617);
#2132=VERTEX_POINT('',#7619);
#2133=VERTEX_POINT('',#7621);
#2134=VERTEX_POINT('',#7623);
#2135=VERTEX_POINT('',#7625);
#2136=VERTEX_POINT('',#7627);
#2137=VERTEX_POINT('',#7629);
#2138=VERTEX_POINT('',#7631);
#2139=VERTEX_POINT('',#7633);
#2140=VERTEX_POINT('',#7635);
#2141=VERTEX_POINT('',#7639);
#2142=VERTEX_POINT('',#7641);
#2143=VERTEX_POINT('',#7643);
#2144=VERTEX_POINT('',#7647);
#2145=VERTEX_POINT('',#7648);
#2146=VERTEX_POINT('',#7653);
#2147=VERTEX_POINT('',#7655);
#2148=VERTEX_POINT('',#7657);
#2149=VERTEX_POINT('',#7659);
#2150=VERTEX_POINT('',#7661);
#2151=VERTEX_POINT('',#7663);
#2152=VERTEX_POINT('',#7665);
#2153=VERTEX_POINT('',#7667);
#2154=VERTEX_POINT('',#7669);
#2155=VERTEX_POINT('',#7673);
#2156=VERTEX_POINT('',#7675);
#2157=VERTEX_POINT('',#7679);
#2158=VERTEX_POINT('',#7680);
#2159=VERTEX_POINT('',#7682);
#2160=VERTEX_POINT('',#7684);
#2161=VERTEX_POINT('',#7697);
#2162=VERTEX_POINT('',#7698);
#2163=VERTEX_POINT('',#7703);
#2164=VERTEX_POINT('',#7705);
#2165=VERTEX_POINT('',#7707);
#2166=VERTEX_POINT('',#7711);
#2167=VERTEX_POINT('',#7717);
#2168=VERTEX_POINT('',#7719);
#2169=VERTEX_POINT('',#7721);
#2170=VERTEX_POINT('',#7723);
#2171=VERTEX_POINT('',#7727);
#2172=VERTEX_POINT('',#7729);
#2173=VERTEX_POINT('',#7731);
#2174=VERTEX_POINT('',#7733);
#2175=VERTEX_POINT('',#7735);
#2176=VERTEX_POINT('',#7739);
#2177=VERTEX_POINT('',#7741);
#2178=VERTEX_POINT('',#7743);
#2179=VERTEX_POINT('',#7748);
#2180=VERTEX_POINT('',#7749);
#2181=VERTEX_POINT('',#7751);
#2182=VERTEX_POINT('',#7753);
#2183=VERTEX_POINT('',#7757);
#2184=VERTEX_POINT('',#7761);
#2185=VERTEX_POINT('',#7773);
#2186=VERTEX_POINT('',#7775);
#2187=VERTEX_POINT('',#7777);
#2188=VERTEX_POINT('',#7781);
#2189=VERTEX_POINT('',#7783);
#2190=VERTEX_POINT('',#7787);
#2191=VERTEX_POINT('',#7815);
#2192=VERTEX_POINT('',#7816);
#2193=VERTEX_POINT('',#7819);
#2194=VERTEX_POINT('',#7823);
#2195=VERTEX_POINT('',#7832);
#2196=VERTEX_POINT('',#7836);
#2197=VERTEX_POINT('',#7838);
#2198=VERTEX_POINT('',#7840);
#2199=VERTEX_POINT('',#7842);
#2200=VERTEX_POINT('',#7844);
#2201=VERTEX_POINT('',#7846);
#2202=VERTEX_POINT('',#7850);
#2203=VERTEX_POINT('',#7852);
#2204=VERTEX_POINT('',#7854);
#2205=VERTEX_POINT('',#7856);
#2206=VERTEX_POINT('',#7857);
#2207=VERTEX_POINT('',#7859);
#2208=VERTEX_POINT('',#7861);
#2209=VERTEX_POINT('',#7863);
#2210=VERTEX_POINT('',#7865);
#2211=VERTEX_POINT('',#7867);
#2212=VERTEX_POINT('',#7869);
#2213=VERTEX_POINT('',#7872);
#2214=VERTEX_POINT('',#7874);
#2215=VERTEX_POINT('',#7876);
#2216=VERTEX_POINT('',#7878);
#2217=VERTEX_POINT('',#7882);
#2218=VERTEX_POINT('',#7888);
#2219=VERTEX_POINT('',#7894);
#2220=VERTEX_POINT('',#7898);
#2221=VERTEX_POINT('',#7900);
#2222=VERTEX_POINT('',#7945);
#2223=VERTEX_POINT('',#7946);
#2224=VERTEX_POINT('',#7999);
#2225=VERTEX_POINT('',#8000);
#2226=VERTEX_POINT('',#8007);
#2227=VERTEX_POINT('',#8011);
#2228=VERTEX_POINT('',#8015);
#2229=VERTEX_POINT('',#8019);
#2230=VERTEX_POINT('',#8027);
#2231=VERTEX_POINT('',#8031);
#2232=VERTEX_POINT('',#8035);
#2233=VERTEX_POINT('',#8039);
#2234=VERTEX_POINT('',#8043);
#2235=VERTEX_POINT('',#8047);
#2236=VERTEX_POINT('',#8051);
#2237=VERTEX_POINT('',#8055);
#2238=VERTEX_POINT('',#8109);
#2239=VERTEX_POINT('',#8161);
#2240=VERTEX_POINT('',#8167);
#2241=VERTEX_POINT('',#8171);
#2242=VERTEX_POINT('',#8175);
#2243=VERTEX_POINT('',#8179);
#2244=VERTEX_POINT('',#8237);
#2245=VERTEX_POINT('',#8238);
#2246=VERTEX_POINT('',#8291);
#2247=VERTEX_POINT('',#8298);
#2248=VERTEX_POINT('',#8302);
#2249=VERTEX_POINT('',#8306);
#2250=VERTEX_POINT('',#8310);
#2251=VERTEX_POINT('',#8318);
#2252=VERTEX_POINT('',#8322);
#2253=VERTEX_POINT('',#8326);
#2254=VERTEX_POINT('',#8330);
#2255=VERTEX_POINT('',#8334);
#2256=VERTEX_POINT('',#8338);
#2257=VERTEX_POINT('',#8342);
#2258=VERTEX_POINT('',#8500);
#2259=VERTEX_POINT('',#8501);
#2260=VERTEX_POINT('',#8503);
#2261=VERTEX_POINT('',#8555);
#2262=VERTEX_POINT('',#8556);
#2263=VERTEX_POINT('',#8558);
#2264=VERTEX_POINT('',#8581);
#2265=VERTEX_POINT('',#8582);
#2266=VERTEX_POINT('',#8584);
#2267=VERTEX_POINT('',#8607);
#2268=VERTEX_POINT('',#8608);
#2269=VERTEX_POINT('',#8610);
#2270=VERTEX_POINT('',#8662);
#2271=VERTEX_POINT('',#8663);
#2272=VERTEX_POINT('',#8665);
#2273=VERTEX_POINT('',#8717);
#2274=VERTEX_POINT('',#8718);
#2275=VERTEX_POINT('',#8720);
#2276=VERTEX_POINT('',#8724);
#2277=VERTEX_POINT('',#8726);
#2278=VERTEX_POINT('',#8730);
#2279=VERTEX_POINT('',#8731);
#2280=VERTEX_POINT('',#8733);
#2281=VERTEX_POINT('',#8735);
#2282=VERTEX_POINT('',#8739);
#2283=VERTEX_POINT('',#8740);
#2284=VERTEX_POINT('',#8745);
#2285=VERTEX_POINT('',#8746);
#2286=VERTEX_POINT('',#8751);
#2287=VERTEX_POINT('',#8752);
#2288=VERTEX_POINT('',#8757);
#2289=VERTEX_POINT('',#8758);
#2290=VERTEX_POINT('',#8763);
#2291=VERTEX_POINT('',#8764);
#2292=VERTEX_POINT('',#8769);
#2293=VERTEX_POINT('',#8770);
#2294=VERTEX_POINT('',#8775);
#2295=VERTEX_POINT('',#8776);
#2296=VERTEX_POINT('',#8801);
#2297=VERTEX_POINT('',#8803);
#2298=VERTEX_POINT('',#8807);
#2299=VERTEX_POINT('',#8808);
#2300=VERTEX_POINT('',#8813);
#2301=VERTEX_POINT('',#8814);
#2302=VERTEX_POINT('',#8819);
#2303=VERTEX_POINT('',#8820);
#2304=VERTEX_POINT('',#8834);
#2305=VERTEX_POINT('',#8836);
#2306=VERTEX_POINT('',#8840);
#2307=VERTEX_POINT('',#8841);
#2308=VERTEX_POINT('',#8846);
#2309=VERTEX_POINT('',#8847);
#2310=VERTEX_POINT('',#8852);
#2311=VERTEX_POINT('',#8853);
#2312=VERTEX_POINT('',#8858);
#2313=VERTEX_POINT('',#8859);
#2314=VERTEX_POINT('',#8864);
#2315=VERTEX_POINT('',#8865);
#2316=VERTEX_POINT('',#8870);
#2317=VERTEX_POINT('',#8871);
#2318=VERTEX_POINT('',#8876);
#2319=VERTEX_POINT('',#8877);
#2320=VERTEX_POINT('',#8882);
#2321=VERTEX_POINT('',#8883);
#2322=VERTEX_POINT('',#8896);
#2323=VERTEX_POINT('',#8897);
#2324=VERTEX_POINT('',#8905);
#2325=VERTEX_POINT('',#8907);
#2326=VERTEX_POINT('',#8922);
#2327=VERTEX_POINT('',#8924);
#2328=VERTEX_POINT('',#8926);
#2329=VERTEX_POINT('',#8937);
#2330=VERTEX_POINT('',#8939);
#2331=VERTEX_POINT('',#8954);
#2332=VERTEX_POINT('',#8956);
#2333=VERTEX_POINT('',#8960);
#2334=VERTEX_POINT('',#8964);
#2335=VERTEX_POINT('',#8966);
#2336=VERTEX_POINT('',#8968);
#2337=VERTEX_POINT('',#8970);
#2338=VERTEX_POINT('',#8972);
#2339=VERTEX_POINT('',#8997);
#2340=VERTEX_POINT('',#9006);
#2341=VERTEX_POINT('',#9008);
#2342=VERTEX_POINT('',#9010);
#2343=VERTEX_POINT('',#9012);
#2344=VERTEX_POINT('',#9014);
#2345=VERTEX_POINT('',#9018);
#2346=VERTEX_POINT('',#9022);
#2347=VERTEX_POINT('',#9026);
#2348=VERTEX_POINT('',#9030);
#2349=VERTEX_POINT('',#9034);
#2350=VERTEX_POINT('',#9038);
#2351=VERTEX_POINT('',#9042);
#2352=VERTEX_POINT('',#9046);
#2353=VERTEX_POINT('',#9050);
#2354=VERTEX_POINT('',#9054);
#2355=VERTEX_POINT('',#9058);
#2356=VERTEX_POINT('',#9062);
#2357=VERTEX_POINT('',#9066);
#2358=VERTEX_POINT('',#9070);
#2359=VERTEX_POINT('',#9074);
#2360=VERTEX_POINT('',#9078);
#2361=VERTEX_POINT('',#9082);
#2362=VERTEX_POINT('',#9086);
#2363=VERTEX_POINT('',#9090);
#2364=VERTEX_POINT('',#9094);
#2365=VERTEX_POINT('',#9096);
#2366=VERTEX_POINT('',#9098);
#2367=VERTEX_POINT('',#9100);
#2368=VERTEX_POINT('',#9102);
#2369=VERTEX_POINT('',#9106);
#2370=VERTEX_POINT('',#9115);
#2371=VERTEX_POINT('',#9117);
#2372=VERTEX_POINT('',#9121);
#2373=VERTEX_POINT('',#9123);
#2374=VERTEX_POINT('',#9149);
#2375=VERTEX_POINT('',#9151);
#2376=VERTEX_POINT('',#9155);
#2377=VERTEX_POINT('',#9157);
#2378=VERTEX_POINT('',#9170);
#2379=VERTEX_POINT('',#9172);
#2380=VERTEX_POINT('',#9185);
#2381=VERTEX_POINT('',#9189);
#2382=VERTEX_POINT('',#9191);
#2383=VERTEX_POINT('',#9198);
#2384=VERTEX_POINT('',#9209);
#2385=VERTEX_POINT('',#9211);
#2386=VERTEX_POINT('',#9213);
#2387=VERTEX_POINT('',#9215);
#2388=VERTEX_POINT('',#9267);
#2389=VERTEX_POINT('',#9271);
#2390=VERTEX_POINT('',#9275);
#2391=VERTEX_POINT('',#9279);
#2392=VERTEX_POINT('',#9283);
#2393=VERTEX_POINT('',#9284);
#2394=VERTEX_POINT('',#9289);
#2395=VERTEX_POINT('',#9290);
#2396=VERTEX_POINT('',#9295);
#2397=VERTEX_POINT('',#9296);
#2398=VERTEX_POINT('',#9301);
#2399=VERTEX_POINT('',#9302);
#2400=VERTEX_POINT('',#9307);
#2401=VERTEX_POINT('',#9308);
#2402=VERTEX_POINT('',#9313);
#2403=VERTEX_POINT('',#9314);
#2404=VERTEX_POINT('',#9327);
#2405=VERTEX_POINT('',#9328);
#2406=VERTEX_POINT('',#9377);
#2407=VERTEX_POINT('',#9402);
#2408=VERTEX_POINT('',#9427);
#2409=VERTEX_POINT('',#9431);
#2410=VERTEX_POINT('',#9435);
#2411=VERTEX_POINT('',#9439);
#2412=VERTEX_POINT('',#9443);
#2413=VERTEX_POINT('',#9490);
#2414=VERTEX_POINT('',#9544);
#2415=VERTEX_POINT('',#9550);
#2416=VERTEX_POINT('',#9551);
#2417=VERTEX_POINT('',#9553);
#2418=VERTEX_POINT('',#9555);
#2419=VERTEX_POINT('',#9567);
#2420=VERTEX_POINT('',#9574);
#2421=VERTEX_POINT('',#9575);
#2422=VERTEX_POINT('',#9580);
#2423=VERTEX_POINT('',#9581);
#2424=VERTEX_POINT('',#9586);
#2425=VERTEX_POINT('',#9587);
#2426=VERTEX_POINT('',#9592);
#2427=VERTEX_POINT('',#9593);
#2428=VERTEX_POINT('',#9598);
#2429=VERTEX_POINT('',#9603);
#2430=VERTEX_POINT('',#9607);
#2431=VERTEX_POINT('',#9615);
#2432=VERTEX_POINT('',#9617);
#2433=VERTEX_POINT('',#9626);
#2434=VERTEX_POINT('',#9630);
#2435=VERTEX_POINT('',#9632);
#2436=VERTEX_POINT('',#9636);
#2437=VERTEX_POINT('',#9638);
#2438=VERTEX_POINT('',#9640);
#2439=VERTEX_POINT('',#9642);
#2440=VERTEX_POINT('',#9644);
#2441=VERTEX_POINT('',#9646);
#2442=VERTEX_POINT('',#9648);
#2443=VERTEX_POINT('',#9650);
#2444=VERTEX_POINT('',#9652);
#2445=VERTEX_POINT('',#9657);
#2446=VERTEX_POINT('',#9659);
#2447=VERTEX_POINT('',#9663);
#2448=VERTEX_POINT('',#9665);
#2449=VERTEX_POINT('',#9667);
#2450=VERTEX_POINT('',#9669);
#2451=VERTEX_POINT('',#9671);
#2452=VERTEX_POINT('',#9675);
#2453=VERTEX_POINT('',#9677);
#2454=VERTEX_POINT('',#9681);
#2455=VERTEX_POINT('',#9683);
#2456=VERTEX_POINT('',#9687);
#2457=VERTEX_POINT('',#9691);
#2458=VERTEX_POINT('',#9692);
#2459=VERTEX_POINT('',#9694);
#2460=VERTEX_POINT('',#9712);
#2461=VERTEX_POINT('',#9714);
#2462=VERTEX_POINT('',#9726);
#2463=VERTEX_POINT('',#9728);
#2464=VERTEX_POINT('',#9730);
#2465=VERTEX_POINT('',#9732);
#2466=VERTEX_POINT('',#9734);
#2467=VERTEX_POINT('',#9745);
#2468=VERTEX_POINT('',#9753);
#2469=VERTEX_POINT('',#9764);
#2470=VERTEX_POINT('',#9776);
#2471=VERTEX_POINT('',#9783);
#2472=VERTEX_POINT('',#9785);
#2473=VERTEX_POINT('',#9796);
#2474=VERTEX_POINT('',#9798);
#2475=VERTEX_POINT('',#9801);
#2476=VERTEX_POINT('',#9824);
#2477=VERTEX_POINT('',#9835);
#2478=VERTEX_POINT('',#9846);
#2479=VERTEX_POINT('',#9853);
#2480=VERTEX_POINT('',#9855);
#2481=VERTEX_POINT('',#9857);
#2482=VERTEX_POINT('',#9861);
#2483=VERTEX_POINT('',#9865);
#2484=VERTEX_POINT('',#9866);
#2485=VERTEX_POINT('',#9868);
#2486=VERTEX_POINT('',#9870);
#2487=VERTEX_POINT('',#9874);
#2488=VERTEX_POINT('',#9876);
#2489=VERTEX_POINT('',#9878);
#2490=VERTEX_POINT('',#9880);
#2491=VERTEX_POINT('',#9886);
#2492=VERTEX_POINT('',#9888);
#2493=VERTEX_POINT('',#9891);
#2494=VERTEX_POINT('',#9893);
#2495=VERTEX_POINT('',#9897);
#2496=VERTEX_POINT('',#9901);
#2497=VERTEX_POINT('',#9905);
#2498=VERTEX_POINT('',#9909);
#2499=VERTEX_POINT('',#9913);
#2500=VERTEX_POINT('',#9931);
#2501=VERTEX_POINT('',#9933);
#2502=VERTEX_POINT('',#9940);
#2503=VERTEX_POINT('',#9944);
#2504=VERTEX_POINT('',#9946);
#2505=VERTEX_POINT('',#9948);
#2506=VERTEX_POINT('',#9950);
#2507=VERTEX_POINT('',#9952);
#2508=VERTEX_POINT('',#9954);
#2509=VERTEX_POINT('',#9958);
#2510=VERTEX_POINT('',#9959);
#2511=VERTEX_POINT('',#9971);
#2512=VERTEX_POINT('',#9975);
#2513=VERTEX_POINT('',#9977);
#2514=VERTEX_POINT('',#9990);
#2515=VERTEX_POINT('',#10008);
#2516=VERTEX_POINT('',#10010);
#2517=VERTEX_POINT('',#10065);
#2518=VERTEX_POINT('',#10081);
#2519=VERTEX_POINT('',#10165);
#2520=VERTEX_POINT('',#10278);
#2521=VERTEX_POINT('',#10280);
#2522=VERTEX_POINT('',#10294);
#2523=VERTEX_POINT('',#10309);
#2524=VERTEX_POINT('',#10313);
#2525=VERTEX_POINT('',#10433);
#2526=VERTEX_POINT('',#10438);
#2527=VERTEX_POINT('',#10444);
#2528=VERTEX_POINT('',#10447);
#2529=VERTEX_POINT('',#10453);
#2530=VERTEX_POINT('',#10456);
#2531=VERTEX_POINT('',#10460);
#2532=VERTEX_POINT('',#10464);
#2533=VERTEX_POINT('',#10468);
#2534=VERTEX_POINT('',#10471);
#2535=VERTEX_POINT('',#10473);
#2536=VERTEX_POINT('',#10481);
#2537=VERTEX_POINT('',#10493);
#2538=VERTEX_POINT('',#10498);
#2539=VERTEX_POINT('',#10502);
#2540=VERTEX_POINT('',#10508);
#2541=VERTEX_POINT('',#10515);
#2542=VERTEX_POINT('',#10518);
#2543=VERTEX_POINT('',#10520);
#2544=VERTEX_POINT('',#10528);
#2545=EDGE_CURVE('',#2084,#2085,#1783,.T.);
#2546=EDGE_CURVE('',#2085,#2086,#1784,.T.);
#2547=EDGE_CURVE('',#2086,#2087,#1743,.F.);
#2548=EDGE_CURVE('',#2087,#2084,#1785,.T.);
#2549=EDGE_CURVE('',#2088,#2089,#1744,.T.);
#2550=EDGE_CURVE('',#2089,#2090,#203,.T.);
#2551=EDGE_CURVE('',#2090,#2091,#1786,.T.);
#2552=EDGE_CURVE('',#2091,#2085,#204,.T.);
#2553=EDGE_CURVE('',#2084,#2092,#205,.T.);
#2554=EDGE_CURVE('',#2092,#2093,#1745,.T.);
#2555=EDGE_CURVE('',#2093,#2088,#206,.T.);
#2556=EDGE_CURVE('',#2094,#2095,#1746,.F.);
#2557=EDGE_CURVE('',#2095,#2091,#1787,.T.);
#2558=EDGE_CURVE('',#2090,#2094,#1788,.T.);
#2559=EDGE_CURVE('',#2096,#2095,#207,.T.);
#2560=EDGE_CURVE('',#2097,#2096,#208,.T.);
#2561=EDGE_CURVE('',#2097,#2098,#209,.T.);
#2562=EDGE_CURVE('',#2099,#2098,#1789,.T.);
#2563=EDGE_CURVE('',#2100,#2099,#210,.T.);
#2564=EDGE_CURVE('',#2101,#2100,#1790,.T.);
#2565=EDGE_CURVE('',#2101,#2102,#211,.T.);
#2566=EDGE_CURVE('',#2103,#2102,#212,.T.);
#2567=EDGE_CURVE('',#2086,#2103,#213,.T.);
#2568=EDGE_CURVE('',#2090,#2104,#214,.T.);
#2569=EDGE_CURVE('',#2104,#2105,#1791,.T.);
#2570=EDGE_CURVE('',#2105,#2094,#215,.T.);
#2571=EDGE_CURVE('',#2096,#2106,#1792,.T.);
#2572=EDGE_CURVE('',#2106,#2107,#216,.T.);
#2573=EDGE_CURVE('',#2107,#2097,#1793,.T.);
#2574=EDGE_CURVE('',#2106,#2108,#217,.T.);
#2575=EDGE_CURVE('',#2109,#2108,#1794,.T.);
#2576=EDGE_CURVE('',#2109,#2110,#218,.T.);
#2577=EDGE_CURVE('',#2107,#2110,#219,.F.);
#2578=EDGE_CURVE('',#2111,#2103,#1795,.T.);
#2579=EDGE_CURVE('',#2102,#2112,#1796,.T.);
#2580=EDGE_CURVE('',#2112,#2111,#220,.T.);
#2581=EDGE_CURVE('',#2113,#2114,#1797,.T.);
#2582=EDGE_CURVE('',#2114,#2115,#221,.T.);
#2583=EDGE_CURVE('',#2115,#2116,#1798,.T.);
#2584=EDGE_CURVE('',#2116,#2113,#222,.T.);
#2585=EDGE_CURVE('',#2117,#2115,#223,.T.);
#2586=EDGE_CURVE('',#2118,#2117,#224,.T.);
#2587=EDGE_CURVE('',#2119,#2118,#225,.T.);
#2588=EDGE_CURVE('',#2120,#2119,#1799,.T.);
#2589=EDGE_CURVE('',#2121,#2120,#226,.T.);
#2590=EDGE_CURVE('',#2122,#2121,#1800,.T.);
#2591=EDGE_CURVE('',#2123,#2122,#227,.T.);
#2592=EDGE_CURVE('',#2124,#2123,#228,.T.);
#2593=EDGE_CURVE('',#2125,#2124,#1747,.T.);
#2594=EDGE_CURVE('',#2126,#2125,#229,.T.);
#2595=EDGE_CURVE('',#2127,#2126,#1748,.T.);
#2596=EDGE_CURVE('',#2128,#2127,#230,.T.);
#2597=EDGE_CURVE('',#2129,#2128,#231,.T.);
#2598=EDGE_CURVE('',#2130,#2129,#1801,.T.);
#2599=EDGE_CURVE('',#2131,#2130,#232,.T.);
#2600=EDGE_CURVE('',#2132,#2131,#1802,.T.);
#2601=EDGE_CURVE('',#2133,#2132,#233,.T.);
#2602=EDGE_CURVE('',#2134,#2133,#234,.T.);
#2603=EDGE_CURVE('',#2134,#2135,#235,.T.);
#2604=EDGE_CURVE('',#2136,#2135,#1803,.T.);
#2605=EDGE_CURVE('',#2137,#2136,#236,.T.);
#2606=EDGE_CURVE('',#2138,#2137,#1804,.T.);
#2607=EDGE_CURVE('',#2138,#2139,#237,.F.);
#2608=EDGE_CURVE('',#2140,#2139,#1805,.T.);
#2609=EDGE_CURVE('',#2116,#2140,#238,.T.);
#2610=EDGE_CURVE('',#2114,#2141,#239,.T.);
#2611=EDGE_CURVE('',#2142,#2141,#1806,.T.);
#2612=EDGE_CURVE('',#2143,#2142,#240,.T.);
#2613=EDGE_CURVE('',#2117,#2143,#1807,.T.);
#2614=EDGE_CURVE('',#2144,#2145,#1808,.T.);
#2615=EDGE_CURVE('',#2145,#2136,#241,.T.);
#2616=EDGE_CURVE('',#2135,#2144,#242,.T.);
#2617=EDGE_CURVE('',#2146,#2144,#243,.T.);
#2618=EDGE_CURVE('',#2147,#2146,#244,.T.);
#2619=EDGE_CURVE('',#2148,#2147,#245,.T.);
#2620=EDGE_CURVE('',#2149,#2148,#1809,.T.);
#2621=EDGE_CURVE('',#2150,#2149,#246,.T.);
#2622=EDGE_CURVE('',#2151,#2150,#1810,.T.);
#2623=EDGE_CURVE('',#2152,#2151,#247,.T.);
#2624=EDGE_CURVE('',#2153,#2152,#248,.T.);
#2625=EDGE_CURVE('',#2154,#2153,#249,.T.);
#2626=EDGE_CURVE('',#2145,#2154,#250,.T.);
#2627=EDGE_CURVE('',#2155,#2134,#1811,.T.);
#2628=EDGE_CURVE('',#2155,#2156,#251,.F.);
#2629=EDGE_CURVE('',#2146,#2156,#1812,.T.);
#2630=EDGE_CURVE('',#2157,#2158,#1813,.T.);
#2631=EDGE_CURVE('',#2158,#2159,#1814,.T.);
#2632=EDGE_CURVE('',#2159,#2160,#1749,.F.);
#2633=EDGE_CURVE('',#2160,#2157,#1815,.T.);
#2634=EDGE_CURVE('',#2161,#2162,#1816,.T.);
#2635=EDGE_CURVE('',#2162,#2158,#252,.T.);
#2636=EDGE_CURVE('',#2157,#2161,#253,.T.);
#2637=EDGE_CURVE('',#2163,#2161,#1817,.T.);
#2638=EDGE_CURVE('',#2161,#2164,#254,.T.);
#2639=EDGE_CURVE('',#2164,#2165,#1818,.T.);
#2640=EDGE_CURVE('',#2165,#2163,#255,.T.);
#2641=EDGE_CURVE('',#2164,#2166,#1819,.T.);
#2642=EDGE_CURVE('',#2166,#2165,#1820,.T.);
#2643=EDGE_CURVE('',#2163,#2162,#1821,.T.);
#2644=EDGE_CURVE('',#2167,#2162,#256,.T.);
#2645=EDGE_CURVE('',#2168,#2167,#257,.T.);
#2646=EDGE_CURVE('',#2169,#2168,#258,.F.);
#2647=EDGE_CURVE('',#2170,#2169,#259,.T.);
#2648=EDGE_CURVE('',#2159,#2170,#260,.F.);
#2649=EDGE_CURVE('',#2171,#2163,#261,.T.);
#2650=EDGE_CURVE('',#2171,#2172,#1822,.T.);
#2651=EDGE_CURVE('',#2172,#2173,#262,.T.);
#2652=EDGE_CURVE('',#2173,#2174,#1823,.T.);
#2653=EDGE_CURVE('',#2174,#2175,#263,.T.);
#2654=EDGE_CURVE('',#2175,#2167,#1824,.F.);
#2655=EDGE_CURVE('',#2176,#2165,#264,.T.);
#2656=EDGE_CURVE('',#2176,#2177,#1825,.F.);
#2657=EDGE_CURVE('',#2177,#2178,#265,.T.);
#2658=EDGE_CURVE('',#2175,#2178,#266,.T.);
#2659=EDGE_CURVE('',#2174,#2171,#1826,.F.);
#2660=EDGE_CURVE('',#2179,#2180,#1827,.T.);
#2661=EDGE_CURVE('',#2180,#2181,#267,.T.);
#2662=EDGE_CURVE('',#2181,#2182,#1828,.T.);
#2663=EDGE_CURVE('',#2182,#2179,#268,.T.);
#2664=EDGE_CURVE('',#2183,#2175,#1829,.F.);
#2665=EDGE_CURVE('',#2167,#2183,#1830,.F.);
#2666=EDGE_CURVE('',#2184,#2168,#1831,.T.);
#2667=EDGE_CURVE('',#2183,#2184,#269,.T.);
#2668=EDGE_CURVE('',#2178,#2181,#1832,.T.);
#2669=EDGE_CURVE('',#2181,#2183,#270,.T.);
#2670=EDGE_CURVE('',#2178,#2182,#1833,.T.);
#2671=EDGE_CURVE('',#2184,#2180,#271,.F.);
#2672=EDGE_CURVE('',#2166,#2182,#272,.T.);
#2673=EDGE_CURVE('',#2185,#2166,#273,.T.);
#2674=EDGE_CURVE('',#2186,#2185,#274,.T.);
#2675=EDGE_CURVE('',#2186,#2187,#275,.F.);
#2676=EDGE_CURVE('',#2179,#2187,#276,.F.);
#2677=EDGE_CURVE('',#2177,#2188,#1834,.T.);
#2678=EDGE_CURVE('',#2188,#2189,#277,.T.);
#2679=EDGE_CURVE('',#2189,#2176,#1835,.T.);
#2680=EDGE_CURVE('',#2190,#2173,#278,.T.);
#2681=EDGE_CURVE('',#2190,#2174,#279,.T.);
#2682=EDGE_CURVE('',#2191,#2192,#38,.T.);
#2683=EDGE_CURVE('',#2185,#2192,#1836,.T.);
#2684=EDGE_CURVE('',#2193,#2185,#39,.F.);
#2685=EDGE_CURVE('',#2191,#2193,#1837,.T.);
#2686=EDGE_CURVE('',#2194,#2186,#1838,.T.);
#2687=EDGE_CURVE('',#2192,#2194,#280,.T.);
#2688=EDGE_CURVE('',#2164,#2193,#281,.T.);
#2689=EDGE_CURVE('',#2160,#2191,#282,.T.);
#2690=EDGE_CURVE('',#2193,#2157,#283,.T.);
#2691=EDGE_CURVE('',#2195,#2084,#284,.T.);
#2692=EDGE_CURVE('',#2126,#2195,#1839,.T.);
#2693=EDGE_CURVE('',#2104,#2125,#1840,.T.);
#2694=EDGE_CURVE('',#2196,#2089,#1841,.T.);
#2695=EDGE_CURVE('',#2197,#2196,#285,.T.);
#2696=EDGE_CURVE('',#2198,#2197,#1842,.T.);
#2697=EDGE_CURVE('',#2199,#2198,#286,.T.);
#2698=EDGE_CURVE('',#2200,#2199,#1843,.T.);
#2699=EDGE_CURVE('',#2201,#2200,#287,.T.);
#2700=EDGE_CURVE('',#2092,#2201,#1844,.T.);
#2701=EDGE_CURVE('',#2170,#2194,#288,.T.);
#2702=EDGE_CURVE('',#2202,#2202,#1845,.F.);
#2703=EDGE_CURVE('',#2203,#2203,#1846,.T.);
#2704=EDGE_CURVE('',#2204,#2204,#1847,.T.);
#2705=EDGE_CURVE('',#2205,#2206,#289,.F.);
#2706=EDGE_CURVE('',#2207,#2206,#1848,.T.);
#2707=EDGE_CURVE('',#2207,#2208,#290,.F.);
#2708=EDGE_CURVE('',#2209,#2208,#1849,.T.);
#2709=EDGE_CURVE('',#2209,#2210,#291,.F.);
#2710=EDGE_CURVE('',#2211,#2210,#1850,.T.);
#2711=EDGE_CURVE('',#2211,#2212,#292,.F.);
#2712=EDGE_CURVE('',#2205,#2212,#1851,.T.);
#2713=EDGE_CURVE('',#2213,#2213,#1852,.F.);
#2714=EDGE_CURVE('',#2214,#2214,#1853,.F.);
#2715=EDGE_CURVE('',#2215,#2215,#1854,.F.);
#2716=EDGE_CURVE('',#2216,#2216,#1855,.F.);
#2717=EDGE_CURVE('',#2217,#2189,#293,.T.);
#2718=EDGE_CURVE('',#2217,#2176,#294,.T.);
#2719=EDGE_CURVE('',#2124,#2105,#1856,.T.);
#2720=EDGE_CURVE('',#2087,#2218,#295,.T.);
#2721=EDGE_CURVE('',#2218,#2195,#1857,.T.);
#2722=EDGE_CURVE('',#2218,#2127,#1858,.T.);
#2723=EDGE_CURVE('',#2218,#2219,#296,.T.);
#2724=EDGE_CURVE('',#2128,#2219,#40,.T.);
#2725=EDGE_CURVE('',#2111,#2220,#297,.F.);
#2726=EDGE_CURVE('',#2221,#2220,#298,.T.);
#2727=EDGE_CURVE('',#2219,#2221,#299,.T.);
#2728=EDGE_CURVE('',#2222,#2223,#1859,.T.);
#2729=EDGE_CURVE('',#2223,#2118,#41,.T.);
#2730=EDGE_CURVE('',#2118,#2222,#42,.T.);
#2731=EDGE_CURVE('',#2224,#2225,#1860,.T.);
#2732=EDGE_CURVE('',#2225,#2123,#43,.T.);
#2733=EDGE_CURVE('',#2123,#2224,#44,.T.);
#2734=EDGE_CURVE('',#2225,#2105,#300,.T.);
#2735=EDGE_CURVE('',#2122,#2226,#1861,.T.);
#2736=EDGE_CURVE('',#2226,#2224,#301,.T.);
#2737=EDGE_CURVE('',#2121,#2227,#1862,.T.);
#2738=EDGE_CURVE('',#2227,#2226,#1863,.T.);
#2739=EDGE_CURVE('',#2120,#2228,#1864,.T.);
#2740=EDGE_CURVE('',#2228,#2227,#302,.T.);
#2741=EDGE_CURVE('',#2119,#2229,#1865,.T.);
#2742=EDGE_CURVE('',#2229,#2228,#1866,.T.);
#2743=EDGE_CURVE('',#2223,#2229,#303,.T.);
#2744=EDGE_CURVE('',#2143,#2222,#304,.T.);
#2745=EDGE_CURVE('',#2230,#2225,#305,.T.);
#2746=EDGE_CURVE('',#2108,#2230,#306,.T.);
#2747=EDGE_CURVE('',#2224,#2231,#307,.T.);
#2748=EDGE_CURVE('',#2230,#2231,#1867,.T.);
#2749=EDGE_CURVE('',#2232,#2226,#308,.T.);
#2750=EDGE_CURVE('',#2231,#2232,#309,.T.);
#2751=EDGE_CURVE('',#2227,#2233,#310,.T.);
#2752=EDGE_CURVE('',#2232,#2233,#1868,.T.);
#2753=EDGE_CURVE('',#2234,#2228,#311,.T.);
#2754=EDGE_CURVE('',#2233,#2234,#312,.T.);
#2755=EDGE_CURVE('',#2229,#2235,#313,.T.);
#2756=EDGE_CURVE('',#2234,#2235,#1869,.T.);
#2757=EDGE_CURVE('',#2236,#2223,#314,.T.);
#2758=EDGE_CURVE('',#2235,#2236,#315,.T.);
#2759=EDGE_CURVE('',#2222,#2237,#316,.T.);
#2760=EDGE_CURVE('',#2236,#2237,#1870,.T.);
#2761=EDGE_CURVE('',#2237,#2142,#317,.T.);
#2762=EDGE_CURVE('',#2231,#2238,#45,.T.);
#2763=EDGE_CURVE('',#2238,#2230,#46,.T.);
#2764=EDGE_CURVE('',#2237,#2239,#47,.T.);
#2765=EDGE_CURVE('',#2239,#2236,#48,.T.);
#2766=EDGE_CURVE('',#2141,#2239,#318,.T.);
#2767=EDGE_CURVE('',#2239,#2240,#319,.T.);
#2768=EDGE_CURVE('',#2240,#2235,#1871,.T.);
#2769=EDGE_CURVE('',#2241,#2234,#1872,.T.);
#2770=EDGE_CURVE('',#2240,#2241,#1873,.T.);
#2771=EDGE_CURVE('',#2242,#2233,#1874,.T.);
#2772=EDGE_CURVE('',#2241,#2242,#320,.T.);
#2773=EDGE_CURVE('',#2243,#2232,#1875,.T.);
#2774=EDGE_CURVE('',#2242,#2243,#1876,.T.);
#2775=EDGE_CURVE('',#2243,#2238,#321,.T.);
#2776=EDGE_CURVE('',#2238,#2109,#322,.T.);
#2777=EDGE_CURVE('',#2110,#2113,#323,.T.);
#2778=EDGE_CURVE('',#2244,#2245,#1877,.T.);
#2779=EDGE_CURVE('',#2245,#2147,#49,.T.);
#2780=EDGE_CURVE('',#2147,#2244,#50,.T.);
#2781=EDGE_CURVE('',#2246,#2221,#1878,.T.);
#2782=EDGE_CURVE('',#2221,#2152,#51,.T.);
#2783=EDGE_CURVE('',#2152,#2246,#52,.T.);
#2784=EDGE_CURVE('',#2220,#2153,#1879,.T.);
#2785=EDGE_CURVE('',#2151,#2247,#1880,.T.);
#2786=EDGE_CURVE('',#2247,#2246,#324,.T.);
#2787=EDGE_CURVE('',#2150,#2248,#1881,.T.);
#2788=EDGE_CURVE('',#2248,#2247,#1882,.T.);
#2789=EDGE_CURVE('',#2149,#2249,#1883,.T.);
#2790=EDGE_CURVE('',#2249,#2248,#325,.T.);
#2791=EDGE_CURVE('',#2148,#2250,#1884,.T.);
#2792=EDGE_CURVE('',#2250,#2249,#1885,.T.);
#2793=EDGE_CURVE('',#2245,#2250,#326,.T.);
#2794=EDGE_CURVE('',#2156,#2244,#327,.T.);
#2795=EDGE_CURVE('',#2246,#2251,#328,.T.);
#2796=EDGE_CURVE('',#2219,#2251,#1886,.T.);
#2797=EDGE_CURVE('',#2252,#2247,#329,.T.);
#2798=EDGE_CURVE('',#2251,#2252,#330,.T.);
#2799=EDGE_CURVE('',#2248,#2253,#331,.T.);
#2800=EDGE_CURVE('',#2252,#2253,#1887,.T.);
#2801=EDGE_CURVE('',#2254,#2249,#332,.T.);
#2802=EDGE_CURVE('',#2253,#2254,#333,.T.);
#2803=EDGE_CURVE('',#2250,#2255,#334,.T.);
#2804=EDGE_CURVE('',#2254,#2255,#1888,.T.);
#2805=EDGE_CURVE('',#2256,#2245,#335,.T.);
#2806=EDGE_CURVE('',#2255,#2256,#336,.T.);
#2807=EDGE_CURVE('',#2244,#2257,#337,.T.);
#2808=EDGE_CURVE('',#2256,#2257,#1889,.T.);
#2809=EDGE_CURVE('',#2257,#2155,#338,.T.);
#2810=EDGE_CURVE('',#2251,#2128,#53,.T.);
#2811=EDGE_CURVE('',#2257,#2133,#54,.T.);
#2812=EDGE_CURVE('',#2133,#2256,#55,.T.);
#2813=EDGE_CURVE('',#2132,#2255,#1890,.T.);
#2814=EDGE_CURVE('',#2131,#2254,#1891,.T.);
#2815=EDGE_CURVE('',#2130,#2253,#1892,.T.);
#2816=EDGE_CURVE('',#2129,#2252,#1893,.T.);
#2817=EDGE_CURVE('',#2258,#2259,#1894,.T.);
#2818=EDGE_CURVE('',#2259,#2260,#56,.T.);
#2819=EDGE_CURVE('',#2260,#2258,#57,.T.);
#2820=EDGE_CURVE('',#2261,#2262,#1895,.T.);
#2821=EDGE_CURVE('',#2262,#2263,#58,.T.);
#2822=EDGE_CURVE('',#2263,#2261,#59,.T.);
#2823=EDGE_CURVE('',#2264,#2265,#1896,.T.);
#2824=EDGE_CURVE('',#2265,#2266,#60,.T.);
#2825=EDGE_CURVE('',#2266,#2264,#61,.T.);
#2826=EDGE_CURVE('',#2267,#2268,#1897,.T.);
#2827=EDGE_CURVE('',#2268,#2269,#62,.T.);
#2828=EDGE_CURVE('',#2269,#2267,#63,.T.);
#2829=EDGE_CURVE('',#2270,#2271,#1898,.T.);
#2830=EDGE_CURVE('',#2271,#2272,#64,.T.);
#2831=EDGE_CURVE('',#2272,#2270,#65,.T.);
#2832=EDGE_CURVE('',#2273,#2274,#1899,.T.);
#2833=EDGE_CURVE('',#2274,#2275,#66,.T.);
#2834=EDGE_CURVE('',#2275,#2273,#67,.T.);
#2835=EDGE_CURVE('',#2098,#2276,#339,.T.);
#2836=EDGE_CURVE('',#2276,#2277,#1900,.T.);
#2837=EDGE_CURVE('',#2277,#2099,#340,.T.);
#2838=EDGE_CURVE('',#2278,#2279,#1901,.T.);
#2839=EDGE_CURVE('',#2279,#2280,#341,.T.);
#2840=EDGE_CURVE('',#2280,#2281,#1902,.T.);
#2841=EDGE_CURVE('',#2281,#2278,#342,.T.);
#2842=EDGE_CURVE('',#2282,#2283,#1903,.T.);
#2843=EDGE_CURVE('',#2283,#2281,#1904,.T.);
#2844=EDGE_CURVE('',#2280,#2282,#1905,.T.);
#2845=EDGE_CURVE('',#2284,#2285,#1906,.T.);
#2846=EDGE_CURVE('',#2285,#2283,#343,.T.);
#2847=EDGE_CURVE('',#2282,#2284,#344,.T.);
#2848=EDGE_CURVE('',#2286,#2287,#1907,.T.);
#2849=EDGE_CURVE('',#2287,#2285,#1908,.T.);
#2850=EDGE_CURVE('',#2284,#2286,#1909,.T.);
#2851=EDGE_CURVE('',#2288,#2289,#1910,.T.);
#2852=EDGE_CURVE('',#2289,#2287,#345,.T.);
#2853=EDGE_CURVE('',#2286,#2288,#346,.T.);
#2854=EDGE_CURVE('',#2290,#2291,#1911,.T.);
#2855=EDGE_CURVE('',#2291,#2289,#1912,.T.);
#2856=EDGE_CURVE('',#2288,#2290,#1913,.T.);
#2857=EDGE_CURVE('',#2292,#2293,#1914,.T.);
#2858=EDGE_CURVE('',#2293,#2291,#347,.T.);
#2859=EDGE_CURVE('',#2290,#2292,#348,.T.);
#2860=EDGE_CURVE('',#2294,#2295,#1915,.T.);
#2861=EDGE_CURVE('',#2295,#2293,#1916,.T.);
#2862=EDGE_CURVE('',#2292,#2294,#1917,.T.);
#2863=EDGE_CURVE('',#2274,#2295,#349,.T.);
#2864=EDGE_CURVE('',#2294,#2275,#350,.T.);
#2865=EDGE_CURVE('',#2278,#2277,#1918,.T.);
#2866=EDGE_CURVE('',#2276,#2279,#1919,.T.);
#2867=EDGE_CURVE('',#2271,#2273,#351,.T.);
#2868=EDGE_CURVE('',#2275,#2272,#352,.T.);
#2869=EDGE_CURVE('',#2268,#2270,#353,.T.);
#2870=EDGE_CURVE('',#2272,#2269,#354,.T.);
#2871=EDGE_CURVE('',#2269,#2296,#355,.T.);
#2872=EDGE_CURVE('',#2296,#2297,#1920,.T.);
#2873=EDGE_CURVE('',#2297,#2267,#356,.T.);
#2874=EDGE_CURVE('',#2298,#2299,#1921,.T.);
#2875=EDGE_CURVE('',#2299,#2297,#1922,.T.);
#2876=EDGE_CURVE('',#2296,#2298,#1923,.T.);
#2877=EDGE_CURVE('',#2300,#2301,#1924,.T.);
#2878=EDGE_CURVE('',#2301,#2299,#357,.T.);
#2879=EDGE_CURVE('',#2298,#2300,#358,.T.);
#2880=EDGE_CURVE('',#2302,#2303,#1925,.T.);
#2881=EDGE_CURVE('',#2303,#2301,#1926,.T.);
#2882=EDGE_CURVE('',#2300,#2302,#1927,.T.);
#2883=EDGE_CURVE('',#2265,#2303,#359,.T.);
#2884=EDGE_CURVE('',#2302,#2266,#360,.T.);
#2885=EDGE_CURVE('',#2262,#2264,#361,.T.);
#2886=EDGE_CURVE('',#2266,#2263,#362,.T.);
#2887=EDGE_CURVE('',#2259,#2261,#363,.T.);
#2888=EDGE_CURVE('',#2263,#2260,#364,.T.);
#2889=EDGE_CURVE('',#2260,#2304,#365,.T.);
#2890=EDGE_CURVE('',#2304,#2305,#1928,.T.);
#2891=EDGE_CURVE('',#2305,#2258,#366,.T.);
#2892=EDGE_CURVE('',#2306,#2307,#1929,.T.);
#2893=EDGE_CURVE('',#2307,#2305,#1930,.T.);
#2894=EDGE_CURVE('',#2304,#2306,#1931,.T.);
#2895=EDGE_CURVE('',#2308,#2309,#1932,.T.);
#2896=EDGE_CURVE('',#2309,#2307,#367,.T.);
#2897=EDGE_CURVE('',#2306,#2308,#368,.T.);
#2898=EDGE_CURVE('',#2310,#2311,#1933,.T.);
#2899=EDGE_CURVE('',#2311,#2309,#1934,.T.);
#2900=EDGE_CURVE('',#2308,#2310,#1935,.T.);
#2901=EDGE_CURVE('',#2312,#2313,#1936,.T.);
#2902=EDGE_CURVE('',#2313,#2311,#369,.T.);
#2903=EDGE_CURVE('',#2310,#2312,#370,.T.);
#2904=EDGE_CURVE('',#2314,#2315,#1937,.T.);
#2905=EDGE_CURVE('',#2315,#2313,#1938,.T.);
#2906=EDGE_CURVE('',#2312,#2314,#1939,.T.);
#2907=EDGE_CURVE('',#2316,#2317,#1940,.T.);
#2908=EDGE_CURVE('',#2317,#2315,#371,.T.);
#2909=EDGE_CURVE('',#2314,#2316,#372,.T.);
#2910=EDGE_CURVE('',#2318,#2319,#1941,.T.);
#2911=EDGE_CURVE('',#2319,#2317,#1942,.T.);
#2912=EDGE_CURVE('',#2316,#2318,#1943,.T.);
#2913=EDGE_CURVE('',#2320,#2321,#1944,.T.);
#2914=EDGE_CURVE('',#2321,#2319,#373,.T.);
#2915=EDGE_CURVE('',#2318,#2320,#374,.T.);
#2916=EDGE_CURVE('',#2322,#2323,#1945,.T.);
#2917=EDGE_CURVE('',#2323,#2321,#1946,.T.);
#2918=EDGE_CURVE('',#2320,#2322,#1947,.T.);
#2919=EDGE_CURVE('',#2139,#2323,#375,.T.);
#2920=EDGE_CURVE('',#2322,#2140,#376,.T.);
#2921=EDGE_CURVE('',#2283,#2324,#377,.T.);
#2922=EDGE_CURVE('',#2325,#2324,#1750,.F.);
#2923=EDGE_CURVE('',#2325,#2326,#378,.T.);
#2924=EDGE_CURVE('',#2326,#2327,#1948,.T.);
#2925=EDGE_CURVE('',#2328,#2327,#1751,.T.);
#2926=EDGE_CURVE('',#2329,#2328,#379,.F.);
#2927=EDGE_CURVE('',#2329,#2330,#1752,.F.);
#2928=EDGE_CURVE('',#2330,#2281,#380,.T.);
#2929=EDGE_CURVE('',#2331,#2285,#381,.T.);
#2930=EDGE_CURVE('',#2331,#2332,#1949,.T.);
#2931=EDGE_CURVE('',#2332,#2324,#1950,.T.);
#2932=EDGE_CURVE('',#2287,#2333,#382,.T.);
#2933=EDGE_CURVE('',#2333,#2331,#1951,.T.);
#2934=EDGE_CURVE('',#2334,#2289,#383,.T.);
#2935=EDGE_CURVE('',#2335,#2334,#68,.T.);
#2936=EDGE_CURVE('',#2336,#2335,#69,.T.);
#2937=EDGE_CURVE('',#2337,#2336,#384,.T.);
#2938=EDGE_CURVE('',#2338,#2337,#1753,.T.);
#2939=EDGE_CURVE('',#2333,#2338,#1754,.T.);
#2940=EDGE_CURVE('',#2291,#2339,#385,.T.);
#2941=EDGE_CURVE('',#2339,#2334,#1755,.T.);
#2942=EDGE_CURVE('',#2340,#2293,#386,.T.);
#2943=EDGE_CURVE('',#2341,#2340,#387,.T.);
#2944=EDGE_CURVE('',#2342,#2341,#388,.T.);
#2945=EDGE_CURVE('',#2343,#2342,#389,.T.);
#2946=EDGE_CURVE('',#2344,#2343,#390,.T.);
#2947=EDGE_CURVE('',#2339,#2344,#391,.T.);
#2948=EDGE_CURVE('',#2295,#2345,#392,.T.);
#2949=EDGE_CURVE('',#2340,#2345,#1952,.T.);
#2950=EDGE_CURVE('',#2346,#2274,#393,.T.);
#2951=EDGE_CURVE('',#2345,#2346,#394,.T.);
#2952=EDGE_CURVE('',#2273,#2347,#395,.T.);
#2953=EDGE_CURVE('',#2346,#2347,#1953,.T.);
#2954=EDGE_CURVE('',#2348,#2271,#396,.T.);
#2955=EDGE_CURVE('',#2347,#2348,#397,.T.);
#2956=EDGE_CURVE('',#2270,#2349,#398,.T.);
#2957=EDGE_CURVE('',#2348,#2349,#1954,.T.);
#2958=EDGE_CURVE('',#2350,#2268,#399,.T.);
#2959=EDGE_CURVE('',#2349,#2350,#400,.T.);
#2960=EDGE_CURVE('',#2267,#2351,#401,.T.);
#2961=EDGE_CURVE('',#2350,#2351,#1955,.T.);
#2962=EDGE_CURVE('',#2352,#2297,#402,.T.);
#2963=EDGE_CURVE('',#2351,#2352,#403,.T.);
#2964=EDGE_CURVE('',#2299,#2353,#404,.T.);
#2965=EDGE_CURVE('',#2352,#2353,#1956,.T.);
#2966=EDGE_CURVE('',#2354,#2301,#405,.T.);
#2967=EDGE_CURVE('',#2353,#2354,#406,.T.);
#2968=EDGE_CURVE('',#2303,#2355,#407,.T.);
#2969=EDGE_CURVE('',#2354,#2355,#1957,.T.);
#2970=EDGE_CURVE('',#2356,#2265,#408,.T.);
#2971=EDGE_CURVE('',#2355,#2356,#409,.T.);
#2972=EDGE_CURVE('',#2264,#2357,#410,.T.);
#2973=EDGE_CURVE('',#2356,#2357,#1958,.T.);
#2974=EDGE_CURVE('',#2358,#2262,#411,.T.);
#2975=EDGE_CURVE('',#2357,#2358,#412,.T.);
#2976=EDGE_CURVE('',#2261,#2359,#413,.T.);
#2977=EDGE_CURVE('',#2358,#2359,#1959,.T.);
#2978=EDGE_CURVE('',#2360,#2259,#414,.T.);
#2979=EDGE_CURVE('',#2359,#2360,#415,.T.);
#2980=EDGE_CURVE('',#2258,#2361,#416,.T.);
#2981=EDGE_CURVE('',#2360,#2361,#1960,.T.);
#2982=EDGE_CURVE('',#2362,#2305,#417,.T.);
#2983=EDGE_CURVE('',#2361,#2362,#418,.T.);
#2984=EDGE_CURVE('',#2307,#2363,#419,.T.);
#2985=EDGE_CURVE('',#2362,#2363,#1961,.T.);
#2986=EDGE_CURVE('',#2364,#2309,#420,.T.);
#2987=EDGE_CURVE('',#2365,#2364,#421,.T.);
#2988=EDGE_CURVE('',#2366,#2365,#422,.T.);
#2989=EDGE_CURVE('',#2367,#2366,#423,.T.);
#2990=EDGE_CURVE('',#2368,#2367,#424,.T.);
#2991=EDGE_CURVE('',#2363,#2368,#425,.T.);
#2992=EDGE_CURVE('',#2311,#2369,#426,.T.);
#2993=EDGE_CURVE('',#2369,#2364,#1756,.T.);
#2994=EDGE_CURVE('',#2370,#2313,#427,.T.);
#2995=EDGE_CURVE('',#2371,#2370,#70,.T.);
#2996=EDGE_CURVE('',#2371,#2369,#71,.T.);
#2997=EDGE_CURVE('',#2315,#2372,#428,.T.);
#2998=EDGE_CURVE('',#2372,#2373,#1757,.T.);
#2999=EDGE_CURVE('',#2370,#2373,#1758,.T.);
#3000=EDGE_CURVE('',#2374,#2317,#429,.T.);
#3001=EDGE_CURVE('',#2374,#2375,#430,.T.);
#3002=EDGE_CURVE('',#2375,#2372,#1962,.T.);
#3003=EDGE_CURVE('',#2319,#2376,#431,.T.);
#3004=EDGE_CURVE('',#2377,#2376,#1759,.T.);
#3005=EDGE_CURVE('',#2377,#2378,#432,.T.);
#3006=EDGE_CURVE('',#2379,#2378,#1760,.T.);
#3007=EDGE_CURVE('',#2374,#2379,#1963,.F.);
#3008=EDGE_CURVE('',#2380,#2321,#433,.T.);
#3009=EDGE_CURVE('',#2376,#2380,#434,.T.);
#3010=EDGE_CURVE('',#2323,#2381,#435,.T.);
#3011=EDGE_CURVE('',#2381,#2382,#1761,.F.);
#3012=EDGE_CURVE('',#2382,#2383,#1964,.T.);
#3013=EDGE_CURVE('',#2383,#2380,#1762,.F.);
#3014=EDGE_CURVE('',#2384,#2138,#436,.T.);
#3015=EDGE_CURVE('',#2385,#2384,#437,.F.);
#3016=EDGE_CURVE('',#2386,#2385,#1965,.T.);
#3017=EDGE_CURVE('',#2386,#2387,#438,.F.);
#3018=EDGE_CURVE('',#2387,#2381,#1966,.F.);
#3019=EDGE_CURVE('',#2347,#2388,#72,.T.);
#3020=EDGE_CURVE('',#2388,#2346,#73,.T.);
#3021=EDGE_CURVE('',#2388,#2389,#439,.T.);
#3022=EDGE_CURVE('',#2389,#2345,#1967,.T.);
#3023=EDGE_CURVE('',#2390,#2340,#1968,.T.);
#3024=EDGE_CURVE('',#2389,#2390,#1969,.T.);
#3025=EDGE_CURVE('',#2391,#2341,#1970,.T.);
#3026=EDGE_CURVE('',#2390,#2391,#440,.T.);
#3027=EDGE_CURVE('',#2392,#2393,#1971,.T.);
#3028=EDGE_CURVE('',#2393,#2341,#1972,.T.);
#3029=EDGE_CURVE('',#2391,#2392,#1973,.T.);
#3030=EDGE_CURVE('',#2394,#2395,#1974,.T.);
#3031=EDGE_CURVE('',#2395,#2393,#441,.T.);
#3032=EDGE_CURVE('',#2392,#2394,#442,.T.);
#3033=EDGE_CURVE('',#2396,#2397,#1975,.T.);
#3034=EDGE_CURVE('',#2397,#2395,#1976,.T.);
#3035=EDGE_CURVE('',#2394,#2396,#1977,.T.);
#3036=EDGE_CURVE('',#2398,#2399,#1978,.T.);
#3037=EDGE_CURVE('',#2399,#2397,#443,.T.);
#3038=EDGE_CURVE('',#2396,#2398,#444,.T.);
#3039=EDGE_CURVE('',#2400,#2401,#1979,.T.);
#3040=EDGE_CURVE('',#2401,#2399,#1980,.T.);
#3041=EDGE_CURVE('',#2398,#2400,#1981,.T.);
#3042=EDGE_CURVE('',#2402,#2403,#1982,.T.);
#3043=EDGE_CURVE('',#2403,#2401,#445,.T.);
#3044=EDGE_CURVE('',#2400,#2402,#446,.T.);
#3045=EDGE_CURVE('',#2404,#2405,#1983,.T.);
#3046=EDGE_CURVE('',#2405,#2403,#1984,.T.);
#3047=EDGE_CURVE('',#2402,#2404,#1985,.T.);
#3048=EDGE_CURVE('',#2100,#2405,#447,.T.);
#3049=EDGE_CURVE('',#2404,#2101,#448,.T.);
#3050=EDGE_CURVE('',#2349,#2406,#74,.T.);
#3051=EDGE_CURVE('',#2406,#2348,#75,.T.);
#3052=EDGE_CURVE('',#2406,#2388,#449,.T.);
#3053=EDGE_CURVE('',#2351,#2407,#76,.T.);
#3054=EDGE_CURVE('',#2407,#2350,#77,.T.);
#3055=EDGE_CURVE('',#2407,#2406,#450,.T.);
#3056=EDGE_CURVE('',#2357,#2408,#78,.T.);
#3057=EDGE_CURVE('',#2408,#2356,#79,.T.);
#3058=EDGE_CURVE('',#2408,#2409,#451,.T.);
#3059=EDGE_CURVE('',#2409,#2355,#1986,.T.);
#3060=EDGE_CURVE('',#2410,#2354,#1987,.T.);
#3061=EDGE_CURVE('',#2409,#2410,#1988,.T.);
#3062=EDGE_CURVE('',#2411,#2353,#1989,.T.);
#3063=EDGE_CURVE('',#2410,#2411,#452,.T.);
#3064=EDGE_CURVE('',#2412,#2352,#1990,.T.);
#3065=EDGE_CURVE('',#2411,#2412,#1991,.T.);
#3066=EDGE_CURVE('',#2412,#2407,#453,.T.);
#3067=EDGE_CURVE('',#2359,#2413,#80,.T.);
#3068=EDGE_CURVE('',#2413,#2358,#81,.T.);
#3069=EDGE_CURVE('',#2413,#2408,#454,.T.);
#3070=EDGE_CURVE('',#2361,#2414,#82,.T.);
#3071=EDGE_CURVE('',#2414,#2360,#83,.T.);
#3072=EDGE_CURVE('',#2414,#2413,#455,.T.);
#3073=EDGE_CURVE('',#2415,#2416,#1992,.T.);
#3074=EDGE_CURVE('',#2416,#2417,#456,.T.);
#3075=EDGE_CURVE('',#2417,#2418,#1993,.T.);
#3076=EDGE_CURVE('',#2418,#2415,#457,.T.);
#3077=EDGE_CURVE('',#2384,#2419,#1994,.T.);
#3078=EDGE_CURVE('',#2419,#2418,#1995,.T.);
#3079=EDGE_CURVE('',#2417,#2384,#1996,.T.);
#3080=EDGE_CURVE('',#2137,#2419,#458,.T.);
#3081=EDGE_CURVE('',#2420,#2421,#1997,.T.);
#3082=EDGE_CURVE('',#2421,#2416,#1998,.T.);
#3083=EDGE_CURVE('',#2415,#2420,#1999,.T.);
#3084=EDGE_CURVE('',#2422,#2423,#2000,.T.);
#3085=EDGE_CURVE('',#2423,#2421,#459,.T.);
#3086=EDGE_CURVE('',#2420,#2422,#460,.T.);
#3087=EDGE_CURVE('',#2424,#2425,#2001,.T.);
#3088=EDGE_CURVE('',#2425,#2423,#2002,.T.);
#3089=EDGE_CURVE('',#2422,#2424,#2003,.T.);
#3090=EDGE_CURVE('',#2426,#2427,#2004,.T.);
#3091=EDGE_CURVE('',#2427,#2425,#461,.T.);
#3092=EDGE_CURVE('',#2424,#2426,#462,.T.);
#3093=EDGE_CURVE('',#2428,#2368,#2005,.T.);
#3094=EDGE_CURVE('',#2368,#2427,#2006,.T.);
#3095=EDGE_CURVE('',#2426,#2428,#2007,.T.);
#3096=EDGE_CURVE('',#2429,#2363,#2008,.T.);
#3097=EDGE_CURVE('',#2428,#2429,#463,.T.);
#3098=EDGE_CURVE('',#2430,#2362,#2009,.T.);
#3099=EDGE_CURVE('',#2429,#2430,#2010,.T.);
#3100=EDGE_CURVE('',#2430,#2414,#464,.T.);
#3101=EDGE_CURVE('',#2112,#2154,#465,.T.);
#3102=EDGE_CURVE('',#2417,#2431,#466,.T.);
#3103=EDGE_CURVE('',#2431,#2432,#2011,.T.);
#3104=EDGE_CURVE('',#2385,#2432,#1763,.T.);
#3105=EDGE_CURVE('',#2433,#2416,#467,.T.);
#3106=EDGE_CURVE('',#2433,#2431,#468,.F.);
#3107=EDGE_CURVE('',#2327,#2434,#469,.T.);
#3108=EDGE_CURVE('',#2434,#2435,#2012,.F.);
#3109=EDGE_CURVE('',#2435,#2328,#470,.T.);
#3110=EDGE_CURVE('',#2435,#2436,#471,.T.);
#3111=EDGE_CURVE('',#2437,#2436,#472,.T.);
#3112=EDGE_CURVE('',#2437,#2438,#473,.T.);
#3113=EDGE_CURVE('',#2439,#2438,#474,.T.);
#3114=EDGE_CURVE('',#2439,#2440,#475,.T.);
#3115=EDGE_CURVE('',#2441,#2440,#476,.T.);
#3116=EDGE_CURVE('',#2441,#2442,#477,.T.);
#3117=EDGE_CURVE('',#2443,#2442,#478,.T.);
#3118=EDGE_CURVE('',#2443,#2444,#479,.T.);
#3119=EDGE_CURVE('',#2199,#2444,#480,.T.);
#3120=EDGE_CURVE('',#2329,#2198,#481,.T.);
#3121=EDGE_CURVE('',#2445,#2437,#2013,.T.);
#3122=EDGE_CURVE('',#2436,#2446,#2014,.F.);
#3123=EDGE_CURVE('',#2446,#2445,#482,.T.);
#3124=EDGE_CURVE('',#2445,#2447,#483,.T.);
#3125=EDGE_CURVE('',#2447,#2448,#2015,.T.);
#3126=EDGE_CURVE('',#2449,#2448,#484,.T.);
#3127=EDGE_CURVE('',#2450,#2449,#2016,.T.);
#3128=EDGE_CURVE('',#2451,#2450,#485,.T.);
#3129=EDGE_CURVE('',#2438,#2451,#2017,.T.);
#3130=EDGE_CURVE('',#2452,#2441,#2018,.T.);
#3131=EDGE_CURVE('',#2440,#2453,#2019,.F.);
#3132=EDGE_CURVE('',#2453,#2452,#486,.T.);
#3133=EDGE_CURVE('',#2454,#2453,#487,.T.);
#3134=EDGE_CURVE('',#2455,#2454,#488,.T.);
#3135=EDGE_CURVE('',#2455,#2452,#489,.T.);
#3136=EDGE_CURVE('',#2451,#2456,#490,.T.);
#3137=EDGE_CURVE('',#2456,#2439,#2020,.F.);
#3138=EDGE_CURVE('',#2457,#2458,#2021,.F.);
#3139=EDGE_CURVE('',#2458,#2459,#491,.T.);
#3140=EDGE_CURVE('',#2459,#2336,#1764,.T.);
#3141=EDGE_CURVE('',#2335,#2457,#492,.T.);
#3142=EDGE_CURVE('',#2202,#2460,#493,.T.);
#3143=EDGE_CURVE('',#2460,#2461,#2022,.T.);
#3144=EDGE_CURVE('',#2365,#2461,#1765,.F.);
#3145=EDGE_CURVE('',#2462,#2371,#494,.T.);
#3146=EDGE_CURVE('',#2463,#2462,#2023,.T.);
#3147=EDGE_CURVE('',#2464,#2463,#495,.T.);
#3148=EDGE_CURVE('',#2465,#2464,#2024,.T.);
#3149=EDGE_CURVE('',#2466,#2465,#1766,.T.);
#3150=EDGE_CURVE('',#2467,#2466,#84,.T.);
#3151=EDGE_CURVE('',#2367,#2467,#1767,.T.);
#3152=EDGE_CURVE('',#2366,#2468,#1768,.T.);
#3153=EDGE_CURVE('',#2469,#2468,#2025,.T.);
#3154=EDGE_CURVE('',#2343,#2469,#1769,.F.);
#3155=EDGE_CURVE('',#2470,#2342,#1770,.T.);
#3156=EDGE_CURVE('',#2470,#2471,#85,.T.);
#3157=EDGE_CURVE('',#2472,#2471,#1771,.T.);
#3158=EDGE_CURVE('',#2472,#2473,#2026,.T.);
#3159=EDGE_CURVE('',#2474,#2473,#496,.T.);
#3160=EDGE_CURVE('',#2457,#2474,#2027,.T.);
#3161=EDGE_CURVE('',#2344,#2475,#1772,.T.);
#3162=EDGE_CURVE('',#2475,#2460,#2028,.T.);
#3163=EDGE_CURVE('',#2459,#2449,#1773,.T.);
#3164=EDGE_CURVE('',#2476,#2448,#1774,.F.);
#3165=EDGE_CURVE('',#2477,#2476,#1775,.F.);
#3166=EDGE_CURVE('',#2477,#2478,#497,.T.);
#3167=EDGE_CURVE('',#2478,#2337,#2029,.T.);
#3168=EDGE_CURVE('',#2474,#2454,#2030,.T.);
#3169=EDGE_CURVE('',#2473,#2455,#2031,.T.);
#3170=EDGE_CURVE('',#2479,#2472,#498,.T.);
#3171=EDGE_CURVE('',#2480,#2479,#2032,.T.);
#3172=EDGE_CURVE('',#2481,#2480,#499,.T.);
#3173=EDGE_CURVE('',#2442,#2481,#2033,.T.);
#3174=EDGE_CURVE('',#2481,#2482,#500,.T.);
#3175=EDGE_CURVE('',#2482,#2443,#2034,.F.);
#3176=EDGE_CURVE('',#2483,#2484,#2035,.T.);
#3177=EDGE_CURVE('',#2484,#2485,#501,.T.);
#3178=EDGE_CURVE('',#2485,#2486,#2036,.F.);
#3179=EDGE_CURVE('',#2486,#2483,#502,.T.);
#3180=EDGE_CURVE('',#2485,#2487,#503,.T.);
#3181=EDGE_CURVE('',#2488,#2484,#504,.T.);
#3182=EDGE_CURVE('',#2489,#2488,#505,.T.);
#3183=EDGE_CURVE('',#2490,#2489,#506,.T.);
#3184=EDGE_CURVE('',#2378,#2490,#507,.T.);
#3185=EDGE_CURVE('',#2208,#2377,#508,.T.);
#3186=EDGE_CURVE('',#2487,#2207,#509,.T.);
#3187=EDGE_CURVE('',#2483,#2491,#510,.T.);
#3188=EDGE_CURVE('',#2491,#2492,#2037,.T.);
#3189=EDGE_CURVE('',#2465,#2492,#511,.T.);
#3190=EDGE_CURVE('',#2493,#2464,#2038,.T.);
#3191=EDGE_CURVE('',#2493,#2494,#512,.T.);
#3192=EDGE_CURVE('',#2488,#2494,#2039,.T.);
#3193=EDGE_CURVE('',#2490,#2495,#2040,.F.);
#3194=EDGE_CURVE('',#2495,#2379,#513,.T.);
#3195=EDGE_CURVE('',#2495,#2496,#514,.T.);
#3196=EDGE_CURVE('',#2496,#2375,#515,.T.);
#3197=EDGE_CURVE('',#2494,#2497,#516,.T.);
#3198=EDGE_CURVE('',#2497,#2489,#2041,.F.);
#3199=EDGE_CURVE('',#2498,#2493,#517,.T.);
#3200=EDGE_CURVE('',#2498,#2497,#518,.T.);
#3201=EDGE_CURVE('',#2373,#2499,#519,.T.);
#3202=EDGE_CURVE('',#2462,#2499,#2042,.T.);
#3203=EDGE_CURVE('',#2496,#2499,#2043,.T.);
#3204=EDGE_CURVE('',#2463,#2498,#2044,.F.);
#3205=EDGE_CURVE('',#2387,#2211,#520,.T.);
#3206=EDGE_CURVE('',#2210,#2382,#521,.T.);
#3207=EDGE_CURVE('',#2383,#2209,#522,.T.);
#3208=EDGE_CURVE('',#2432,#2205,#523,.T.);
#3209=EDGE_CURVE('',#2212,#2386,#524,.T.);
#3210=EDGE_CURVE('',#2201,#2500,#525,.T.);
#3211=EDGE_CURVE('',#2501,#2500,#1776,.F.);
#3212=EDGE_CURVE('',#2502,#2501,#2045,.F.);
#3213=EDGE_CURVE('',#2502,#2093,#526,.T.);
#3214=EDGE_CURVE('',#2503,#2200,#527,.T.);
#3215=EDGE_CURVE('',#2504,#2503,#528,.T.);
#3216=EDGE_CURVE('',#2504,#2505,#529,.T.);
#3217=EDGE_CURVE('',#2505,#2506,#530,.T.);
#3218=EDGE_CURVE('',#2507,#2506,#2046,.T.);
#3219=EDGE_CURVE('',#2507,#2508,#531,.T.);
#3220=EDGE_CURVE('',#2500,#2508,#2047,.T.);
#3221=EDGE_CURVE('',#2509,#2510,#1777,.F.);
#3222=EDGE_CURVE('',#2330,#2509,#532,.F.);
#3223=EDGE_CURVE('',#2197,#2510,#533,.T.);
#3224=EDGE_CURVE('',#2511,#2196,#534,.T.);
#3225=EDGE_CURVE('',#2510,#2511,#2048,.T.);
#3226=EDGE_CURVE('',#2088,#2512,#535,.T.);
#3227=EDGE_CURVE('',#2512,#2513,#2049,.T.);
#3228=EDGE_CURVE('',#2513,#2511,#1778,.T.);
#3229=EDGE_CURVE('',#2502,#2512,#536,.T.);
#3230=EDGE_CURVE('',#2444,#2503,#2050,.T.);
#3231=EDGE_CURVE('',#2514,#2487,#2051,.T.);
#3232=EDGE_CURVE('',#2206,#2514,#537,.T.);
#3233=EDGE_CURVE('',#2278,#2509,#538,.T.);
#3234=EDGE_CURVE('',#2513,#2277,#539,.T.);
#3235=EDGE_CURVE('',#2405,#2501,#540,.T.);
#3236=EDGE_CURVE('',#2508,#2403,#541,.T.);
#3237=EDGE_CURVE('',#2469,#2475,#542,.T.);
#3238=EDGE_CURVE('',#2461,#2468,#543,.T.);
#3239=EDGE_CURVE('',#2393,#2470,#544,.T.);
#3240=EDGE_CURVE('',#2397,#2515,#545,.T.);
#3241=EDGE_CURVE('',#2515,#2516,#2052,.T.);
#3242=EDGE_CURVE('',#2516,#2395,#546,.T.);
#3243=EDGE_CURVE('',#2517,#2515,#2053,.T.);
#3244=EDGE_CURVE('',#2517,#2516,#1779,.T.);
#3245=EDGE_CURVE('',#2518,#2479,#2054,.T.);
#3246=EDGE_CURVE('',#2471,#2518,#547,.T.);
#3247=EDGE_CURVE('',#2518,#2517,#1780,.T.);
#3248=EDGE_CURVE('',#2479,#2517,#2055,.T.);
#3249=EDGE_CURVE('',#2401,#2507,#548,.T.);
#3250=EDGE_CURVE('',#2506,#2399,#549,.T.);
#3251=EDGE_CURVE('',#2515,#2505,#2056,.T.);
#3252=EDGE_CURVE('',#2325,#2478,#2057,.T.);
#3253=EDGE_CURVE('',#2477,#2519,#2058,.T.);
#3254=EDGE_CURVE('',#2519,#2326,#550,.T.);
#3255=EDGE_CURVE('',#2338,#2331,#2059,.T.);
#3256=EDGE_CURVE('',#2478,#2338,#2060,.T.);
#3257=EDGE_CURVE('',#2467,#2427,#551,.T.);
#3258=EDGE_CURVE('',#2520,#2466,#552,.T.);
#3259=EDGE_CURVE('',#2521,#2520,#1781,.T.);
#3260=EDGE_CURVE('',#2522,#2521,#1782,.T.);
#3261=EDGE_CURVE('',#2425,#2522,#553,.T.);
#3262=EDGE_CURVE('',#2421,#2523,#554,.T.);
#3263=EDGE_CURVE('',#2523,#2433,#2061,.T.);
#3264=EDGE_CURVE('',#2522,#2524,#2062,.T.);
#3265=EDGE_CURVE('',#2524,#2423,#555,.T.);
#3266=EDGE_CURVE('',#2521,#2524,#2063,.T.);
#3267=EDGE_CURVE('',#2492,#2520,#2064,.T.);
#3268=EDGE_CURVE('',#2492,#2521,#2065,.T.);
#3269=EDGE_CURVE('',#2524,#2525,#2066,.T.);
#3270=EDGE_CURVE('',#2525,#2523,#556,.T.);
#3271=EDGE_CURVE('',#2526,#2217,#2067,.T.);
#3272=EDGE_CURVE('',#2526,#2177,#557,.T.);
#3273=EDGE_CURVE('',#2188,#2526,#558,.T.);
#3274=EDGE_CURVE('',#2527,#2527,#2068,.T.);
#3275=EDGE_CURVE('',#2528,#2190,#2069,.T.);
#3276=EDGE_CURVE('',#2528,#2171,#559,.T.);
#3277=EDGE_CURVE('',#2172,#2528,#560,.T.);
#3278=EDGE_CURVE('',#2529,#2529,#2070,.T.);
#3279=EDGE_CURVE('',#2530,#2530,#2071,.T.);
#3280=EDGE_CURVE('',#2530,#2529,#561,.T.);
#3281=EDGE_CURVE('',#2531,#2531,#2072,.T.);
#3282=EDGE_CURVE('',#2531,#2527,#562,.T.);
#3283=EDGE_CURVE('',#2532,#2532,#2073,.T.);
#3284=EDGE_CURVE('',#2532,#2332,#563,.T.);
#3285=EDGE_CURVE('',#2533,#2533,#2074,.T.);
#3286=EDGE_CURVE('',#2534,#2447,#564,.T.);
#3287=EDGE_CURVE('',#2534,#2535,#2075,.T.);
#3288=EDGE_CURVE('',#2535,#2519,#565,.T.);
#3289=EDGE_CURVE('',#2535,#2434,#566,.T.);
#3290=EDGE_CURVE('',#2534,#2446,#567,.T.);
#3291=EDGE_CURVE('',#2536,#2536,#2076,.T.);
#3292=EDGE_CURVE('',#2216,#2536,#568,.T.);
#3293=EDGE_CURVE('',#2215,#2533,#569,.T.);
#3294=EDGE_CURVE('',#2169,#2187,#570,.T.);
#3295=EDGE_CURVE('',#2537,#2458,#2077,.T.);
#3296=EDGE_CURVE('',#2537,#2450,#571,.T.);
#3297=EDGE_CURVE('',#2456,#2537,#572,.T.);
#3298=EDGE_CURVE('',#2538,#2538,#2078,.T.);
#3299=EDGE_CURVE('',#2539,#2504,#2079,.T.);
#3300=EDGE_CURVE('',#2539,#2480,#573,.T.);
#3301=EDGE_CURVE('',#2539,#2482,#574,.T.);
#3302=EDGE_CURVE('',#2540,#2540,#2080,.T.);
#3303=EDGE_CURVE('',#2204,#2538,#575,.T.);
#3304=EDGE_CURVE('',#2203,#2540,#576,.T.);
#3305=EDGE_CURVE('',#2541,#2541,#2081,.T.);
#3306=EDGE_CURVE('',#2542,#2491,#577,.T.);
#3307=EDGE_CURVE('',#2542,#2543,#2082,.T.);
#3308=EDGE_CURVE('',#2543,#2525,#578,.T.);
#3309=EDGE_CURVE('',#2543,#2514,#579,.T.);
#3310=EDGE_CURVE('',#2542,#2486,#580,.T.);
#3311=EDGE_CURVE('',#2544,#2544,#2083,.T.);
#3312=EDGE_CURVE('',#2213,#2541,#581,.T.);
#3313=EDGE_CURVE('',#2214,#2544,#582,.T.);
#3314=ORIENTED_EDGE('',*,*,#2545,.T.);
#3315=ORIENTED_EDGE('',*,*,#2546,.T.);
#3316=ORIENTED_EDGE('',*,*,#2547,.T.);
#3317=ORIENTED_EDGE('',*,*,#2548,.T.);
#3318=ORIENTED_EDGE('',*,*,#2549,.T.);
#3319=ORIENTED_EDGE('',*,*,#2550,.T.);
#3320=ORIENTED_EDGE('',*,*,#2551,.T.);
#3321=ORIENTED_EDGE('',*,*,#2552,.T.);
#3322=ORIENTED_EDGE('',*,*,#2545,.F.);
#3323=ORIENTED_EDGE('',*,*,#2553,.T.);
#3324=ORIENTED_EDGE('',*,*,#2554,.T.);
#3325=ORIENTED_EDGE('',*,*,#2555,.T.);
#3326=ORIENTED_EDGE('',*,*,#2556,.T.);
#3327=ORIENTED_EDGE('',*,*,#2557,.T.);
#3328=ORIENTED_EDGE('',*,*,#2551,.F.);
#3329=ORIENTED_EDGE('',*,*,#2558,.T.);
#3330=ORIENTED_EDGE('',*,*,#2546,.F.);
#3331=ORIENTED_EDGE('',*,*,#2552,.F.);
#3332=ORIENTED_EDGE('',*,*,#2557,.F.);
#3333=ORIENTED_EDGE('',*,*,#2559,.F.);
#3334=ORIENTED_EDGE('',*,*,#2560,.F.);
#3335=ORIENTED_EDGE('',*,*,#2561,.T.);
#3336=ORIENTED_EDGE('',*,*,#2562,.F.);
#3337=ORIENTED_EDGE('',*,*,#2563,.F.);
#3338=ORIENTED_EDGE('',*,*,#2564,.F.);
#3339=ORIENTED_EDGE('',*,*,#2565,.T.);
#3340=ORIENTED_EDGE('',*,*,#2566,.F.);
#3341=ORIENTED_EDGE('',*,*,#2567,.F.);
#3342=ORIENTED_EDGE('',*,*,#2558,.F.);
#3343=ORIENTED_EDGE('',*,*,#2568,.T.);
#3344=ORIENTED_EDGE('',*,*,#2569,.T.);
#3345=ORIENTED_EDGE('',*,*,#2570,.T.);
#3346=ORIENTED_EDGE('',*,*,#2571,.T.);
#3347=ORIENTED_EDGE('',*,*,#2572,.T.);
#3348=ORIENTED_EDGE('',*,*,#2573,.T.);
#3349=ORIENTED_EDGE('',*,*,#2560,.T.);
#3350=ORIENTED_EDGE('',*,*,#2572,.F.);
#3351=ORIENTED_EDGE('',*,*,#2574,.T.);
#3352=ORIENTED_EDGE('',*,*,#2575,.F.);
#3353=ORIENTED_EDGE('',*,*,#2576,.T.);
#3354=ORIENTED_EDGE('',*,*,#2577,.F.);
#3355=ORIENTED_EDGE('',*,*,#2578,.T.);
#3356=ORIENTED_EDGE('',*,*,#2566,.T.);
#3357=ORIENTED_EDGE('',*,*,#2579,.T.);
#3358=ORIENTED_EDGE('',*,*,#2580,.T.);
#3359=ORIENTED_EDGE('',*,*,#2581,.T.);
#3360=ORIENTED_EDGE('',*,*,#2582,.T.);
#3361=ORIENTED_EDGE('',*,*,#2583,.T.);
#3362=ORIENTED_EDGE('',*,*,#2584,.T.);
#3363=ORIENTED_EDGE('',*,*,#2583,.F.);
#3364=ORIENTED_EDGE('',*,*,#2585,.F.);
#3365=ORIENTED_EDGE('',*,*,#2586,.F.);
#3366=ORIENTED_EDGE('',*,*,#2587,.F.);
#3367=ORIENTED_EDGE('',*,*,#2588,.F.);
#3368=ORIENTED_EDGE('',*,*,#2589,.F.);
#3369=ORIENTED_EDGE('',*,*,#2590,.F.);
#3370=ORIENTED_EDGE('',*,*,#2591,.F.);
#3371=ORIENTED_EDGE('',*,*,#2592,.F.);
#3372=ORIENTED_EDGE('',*,*,#2593,.F.);
#3373=ORIENTED_EDGE('',*,*,#2594,.F.);
#3374=ORIENTED_EDGE('',*,*,#2595,.F.);
#3375=ORIENTED_EDGE('',*,*,#2596,.F.);
#3376=ORIENTED_EDGE('',*,*,#2597,.F.);
#3377=ORIENTED_EDGE('',*,*,#2598,.F.);
#3378=ORIENTED_EDGE('',*,*,#2599,.F.);
#3379=ORIENTED_EDGE('',*,*,#2600,.F.);
#3380=ORIENTED_EDGE('',*,*,#2601,.F.);
#3381=ORIENTED_EDGE('',*,*,#2602,.F.);
#3382=ORIENTED_EDGE('',*,*,#2603,.T.);
#3383=ORIENTED_EDGE('',*,*,#2604,.F.);
#3384=ORIENTED_EDGE('',*,*,#2605,.F.);
#3385=ORIENTED_EDGE('',*,*,#2606,.F.);
#3386=ORIENTED_EDGE('',*,*,#2607,.T.);
#3387=ORIENTED_EDGE('',*,*,#2608,.F.);
#3388=ORIENTED_EDGE('',*,*,#2609,.F.);
#3389=ORIENTED_EDGE('',*,*,#2582,.F.);
#3390=ORIENTED_EDGE('',*,*,#2610,.T.);
#3391=ORIENTED_EDGE('',*,*,#2611,.F.);
#3392=ORIENTED_EDGE('',*,*,#2612,.F.);
#3393=ORIENTED_EDGE('',*,*,#2613,.F.);
#3394=ORIENTED_EDGE('',*,*,#2585,.T.);
#3395=ORIENTED_EDGE('',*,*,#2614,.T.);
#3396=ORIENTED_EDGE('',*,*,#2615,.T.);
#3397=ORIENTED_EDGE('',*,*,#2604,.T.);
#3398=ORIENTED_EDGE('',*,*,#2616,.T.);
#3399=ORIENTED_EDGE('',*,*,#2614,.F.);
#3400=ORIENTED_EDGE('',*,*,#2617,.F.);
#3401=ORIENTED_EDGE('',*,*,#2618,.F.);
#3402=ORIENTED_EDGE('',*,*,#2619,.F.);
#3403=ORIENTED_EDGE('',*,*,#2620,.F.);
#3404=ORIENTED_EDGE('',*,*,#2621,.F.);
#3405=ORIENTED_EDGE('',*,*,#2622,.F.);
#3406=ORIENTED_EDGE('',*,*,#2623,.F.);
#3407=ORIENTED_EDGE('',*,*,#2624,.F.);
#3408=ORIENTED_EDGE('',*,*,#2625,.F.);
#3409=ORIENTED_EDGE('',*,*,#2626,.F.);
#3410=ORIENTED_EDGE('',*,*,#2616,.F.);
#3411=ORIENTED_EDGE('',*,*,#2603,.F.);
#3412=ORIENTED_EDGE('',*,*,#2627,.F.);
#3413=ORIENTED_EDGE('',*,*,#2628,.T.);
#3414=ORIENTED_EDGE('',*,*,#2629,.F.);
#3415=ORIENTED_EDGE('',*,*,#2617,.T.);
#3416=ORIENTED_EDGE('',*,*,#2630,.T.);
#3417=ORIENTED_EDGE('',*,*,#2631,.T.);
#3418=ORIENTED_EDGE('',*,*,#2632,.T.);
#3419=ORIENTED_EDGE('',*,*,#2633,.T.);
#3420=ORIENTED_EDGE('',*,*,#2634,.T.);
#3421=ORIENTED_EDGE('',*,*,#2635,.T.);
#3422=ORIENTED_EDGE('',*,*,#2630,.F.);
#3423=ORIENTED_EDGE('',*,*,#2636,.T.);
#3424=ORIENTED_EDGE('',*,*,#2637,.T.);
#3425=ORIENTED_EDGE('',*,*,#2638,.T.);
#3426=ORIENTED_EDGE('',*,*,#2639,.T.);
#3427=ORIENTED_EDGE('',*,*,#2640,.T.);
#3428=ORIENTED_EDGE('',*,*,#2639,.F.);
#3429=ORIENTED_EDGE('',*,*,#2641,.T.);
#3430=ORIENTED_EDGE('',*,*,#2642,.T.);
#3431=ORIENTED_EDGE('',*,*,#2637,.F.);
#3432=ORIENTED_EDGE('',*,*,#2643,.T.);
#3433=ORIENTED_EDGE('',*,*,#2634,.F.);
#3434=ORIENTED_EDGE('',*,*,#2631,.F.);
#3435=ORIENTED_EDGE('',*,*,#2635,.F.);
#3436=ORIENTED_EDGE('',*,*,#2644,.F.);
#3437=ORIENTED_EDGE('',*,*,#2645,.F.);
#3438=ORIENTED_EDGE('',*,*,#2646,.F.);
#3439=ORIENTED_EDGE('',*,*,#2647,.F.);
#3440=ORIENTED_EDGE('',*,*,#2648,.F.);
#3441=ORIENTED_EDGE('',*,*,#2643,.F.);
#3442=ORIENTED_EDGE('',*,*,#2649,.F.);
#3443=ORIENTED_EDGE('',*,*,#2650,.T.);
#3444=ORIENTED_EDGE('',*,*,#2651,.T.);
#3445=ORIENTED_EDGE('',*,*,#2652,.T.);
#3446=ORIENTED_EDGE('',*,*,#2653,.T.);
#3447=ORIENTED_EDGE('',*,*,#2654,.T.);
#3448=ORIENTED_EDGE('',*,*,#2644,.T.);
#3449=ORIENTED_EDGE('',*,*,#2640,.F.);
#3450=ORIENTED_EDGE('',*,*,#2655,.F.);
#3451=ORIENTED_EDGE('',*,*,#2656,.T.);
#3452=ORIENTED_EDGE('',*,*,#2657,.T.);
#3453=ORIENTED_EDGE('',*,*,#2658,.F.);
#3454=ORIENTED_EDGE('',*,*,#2653,.F.);
#3455=ORIENTED_EDGE('',*,*,#2659,.T.);
#3456=ORIENTED_EDGE('',*,*,#2649,.T.);
#3457=ORIENTED_EDGE('',*,*,#2660,.T.);
#3458=ORIENTED_EDGE('',*,*,#2661,.T.);
#3459=ORIENTED_EDGE('',*,*,#2662,.T.);
#3460=ORIENTED_EDGE('',*,*,#2663,.T.);
#3461=ORIENTED_EDGE('',*,*,#2664,.F.);
#3462=ORIENTED_EDGE('',*,*,#2665,.F.);
#3463=ORIENTED_EDGE('',*,*,#2654,.F.);
#3464=ORIENTED_EDGE('',*,*,#2666,.T.);
#3465=ORIENTED_EDGE('',*,*,#2645,.T.);
#3466=ORIENTED_EDGE('',*,*,#2665,.T.);
#3467=ORIENTED_EDGE('',*,*,#2667,.T.);
#3468=ORIENTED_EDGE('',*,*,#2668,.T.);
#3469=ORIENTED_EDGE('',*,*,#2669,.T.);
#3470=ORIENTED_EDGE('',*,*,#2664,.T.);
#3471=ORIENTED_EDGE('',*,*,#2658,.T.);
#3472=ORIENTED_EDGE('',*,*,#2668,.F.);
#3473=ORIENTED_EDGE('',*,*,#2670,.T.);
#3474=ORIENTED_EDGE('',*,*,#2662,.F.);
#3475=ORIENTED_EDGE('',*,*,#2667,.F.);
#3476=ORIENTED_EDGE('',*,*,#2669,.F.);
#3477=ORIENTED_EDGE('',*,*,#2661,.F.);
#3478=ORIENTED_EDGE('',*,*,#2671,.F.);
#3479=ORIENTED_EDGE('',*,*,#2663,.F.);
#3480=ORIENTED_EDGE('',*,*,#2672,.F.);
#3481=ORIENTED_EDGE('',*,*,#2673,.F.);
#3482=ORIENTED_EDGE('',*,*,#2674,.F.);
#3483=ORIENTED_EDGE('',*,*,#2675,.T.);
#3484=ORIENTED_EDGE('',*,*,#2676,.F.);
#3485=ORIENTED_EDGE('',*,*,#2642,.F.);
#3486=ORIENTED_EDGE('',*,*,#2672,.T.);
#3487=ORIENTED_EDGE('',*,*,#2670,.F.);
#3488=ORIENTED_EDGE('',*,*,#2657,.F.);
#3489=ORIENTED_EDGE('',*,*,#2677,.T.);
#3490=ORIENTED_EDGE('',*,*,#2678,.T.);
#3491=ORIENTED_EDGE('',*,*,#2679,.T.);
#3492=ORIENTED_EDGE('',*,*,#2655,.T.);
#3493=ORIENTED_EDGE('',*,*,#2652,.F.);
#3494=ORIENTED_EDGE('',*,*,#2680,.F.);
#3495=ORIENTED_EDGE('',*,*,#2681,.T.);
#3496=ORIENTED_EDGE('',*,*,#2682,.T.);
#3497=ORIENTED_EDGE('',*,*,#2683,.F.);
#3498=ORIENTED_EDGE('',*,*,#2684,.F.);
#3499=ORIENTED_EDGE('',*,*,#2685,.F.);
#3500=ORIENTED_EDGE('',*,*,#2686,.T.);
#3501=ORIENTED_EDGE('',*,*,#2674,.T.);
#3502=ORIENTED_EDGE('',*,*,#2683,.T.);
#3503=ORIENTED_EDGE('',*,*,#2687,.T.);
#3504=ORIENTED_EDGE('',*,*,#2641,.F.);
#3505=ORIENTED_EDGE('',*,*,#2688,.T.);
#3506=ORIENTED_EDGE('',*,*,#2684,.T.);
#3507=ORIENTED_EDGE('',*,*,#2673,.T.);
#3508=ORIENTED_EDGE('',*,*,#2633,.F.);
#3509=ORIENTED_EDGE('',*,*,#2689,.T.);
#3510=ORIENTED_EDGE('',*,*,#2685,.T.);
#3511=ORIENTED_EDGE('',*,*,#2690,.T.);
#3512=ORIENTED_EDGE('',*,*,#2553,.F.);
#3513=ORIENTED_EDGE('',*,*,#2691,.F.);
#3514=ORIENTED_EDGE('',*,*,#2692,.F.);
#3515=ORIENTED_EDGE('',*,*,#2594,.T.);
#3516=ORIENTED_EDGE('',*,*,#2693,.F.);
#3517=ORIENTED_EDGE('',*,*,#2568,.F.);
#3518=ORIENTED_EDGE('',*,*,#2550,.F.);
#3519=ORIENTED_EDGE('',*,*,#2694,.F.);
#3520=ORIENTED_EDGE('',*,*,#2695,.F.);
#3521=ORIENTED_EDGE('',*,*,#2696,.F.);
#3522=ORIENTED_EDGE('',*,*,#2697,.F.);
#3523=ORIENTED_EDGE('',*,*,#2698,.F.);
#3524=ORIENTED_EDGE('',*,*,#2699,.F.);
#3525=ORIENTED_EDGE('',*,*,#2700,.F.);
#3526=ORIENTED_EDGE('',*,*,#2701,.T.);
#3527=ORIENTED_EDGE('',*,*,#2687,.F.);
#3528=ORIENTED_EDGE('',*,*,#2682,.F.);
#3529=ORIENTED_EDGE('',*,*,#2689,.F.);
#3530=ORIENTED_EDGE('',*,*,#2632,.F.);
#3531=ORIENTED_EDGE('',*,*,#2648,.T.);
#3532=ORIENTED_EDGE('',*,*,#2702,.T.);
#3533=ORIENTED_EDGE('',*,*,#2703,.F.);
#3534=ORIENTED_EDGE('',*,*,#2704,.F.);
#3535=ORIENTED_EDGE('',*,*,#2705,.T.);
#3536=ORIENTED_EDGE('',*,*,#2706,.F.);
#3537=ORIENTED_EDGE('',*,*,#2707,.T.);
#3538=ORIENTED_EDGE('',*,*,#2708,.F.);
#3539=ORIENTED_EDGE('',*,*,#2709,.T.);
#3540=ORIENTED_EDGE('',*,*,#2710,.F.);
#3541=ORIENTED_EDGE('',*,*,#2711,.T.);
#3542=ORIENTED_EDGE('',*,*,#2712,.F.);
#3543=ORIENTED_EDGE('',*,*,#2713,.T.);
#3544=ORIENTED_EDGE('',*,*,#2714,.T.);
#3545=ORIENTED_EDGE('',*,*,#2715,.T.);
#3546=ORIENTED_EDGE('',*,*,#2716,.T.);
#3547=ORIENTED_EDGE('',*,*,#2636,.F.);
#3548=ORIENTED_EDGE('',*,*,#2690,.F.);
#3549=ORIENTED_EDGE('',*,*,#2688,.F.);
#3550=ORIENTED_EDGE('',*,*,#2638,.F.);
#3551=ORIENTED_EDGE('',*,*,#2679,.F.);
#3552=ORIENTED_EDGE('',*,*,#2717,.F.);
#3553=ORIENTED_EDGE('',*,*,#2718,.T.);
#3554=ORIENTED_EDGE('',*,*,#2593,.T.);
#3555=ORIENTED_EDGE('',*,*,#2719,.T.);
#3556=ORIENTED_EDGE('',*,*,#2569,.F.);
#3557=ORIENTED_EDGE('',*,*,#2693,.T.);
#3558=ORIENTED_EDGE('',*,*,#2548,.F.);
#3559=ORIENTED_EDGE('',*,*,#2720,.T.);
#3560=ORIENTED_EDGE('',*,*,#2721,.T.);
#3561=ORIENTED_EDGE('',*,*,#2691,.T.);
#3562=ORIENTED_EDGE('',*,*,#2595,.T.);
#3563=ORIENTED_EDGE('',*,*,#2692,.T.);
#3564=ORIENTED_EDGE('',*,*,#2721,.F.);
#3565=ORIENTED_EDGE('',*,*,#2722,.T.);
#3566=ORIENTED_EDGE('',*,*,#2722,.F.);
#3567=ORIENTED_EDGE('',*,*,#2723,.T.);
#3568=ORIENTED_EDGE('',*,*,#2724,.F.);
#3569=ORIENTED_EDGE('',*,*,#2596,.T.);
#3570=ORIENTED_EDGE('',*,*,#2567,.T.);
#3571=ORIENTED_EDGE('',*,*,#2578,.F.);
#3572=ORIENTED_EDGE('',*,*,#2725,.T.);
#3573=ORIENTED_EDGE('',*,*,#2726,.F.);
#3574=ORIENTED_EDGE('',*,*,#2727,.F.);
#3575=ORIENTED_EDGE('',*,*,#2723,.F.);
#3576=ORIENTED_EDGE('',*,*,#2720,.F.);
#3577=ORIENTED_EDGE('',*,*,#2547,.F.);
#3578=ORIENTED_EDGE('',*,*,#2728,.T.);
#3579=ORIENTED_EDGE('',*,*,#2729,.T.);
#3580=ORIENTED_EDGE('',*,*,#2730,.T.);
#3581=ORIENTED_EDGE('',*,*,#2731,.T.);
#3582=ORIENTED_EDGE('',*,*,#2732,.T.);
#3583=ORIENTED_EDGE('',*,*,#2733,.T.);
#3584=ORIENTED_EDGE('',*,*,#2719,.F.);
#3585=ORIENTED_EDGE('',*,*,#2592,.T.);
#3586=ORIENTED_EDGE('',*,*,#2732,.F.);
#3587=ORIENTED_EDGE('',*,*,#2734,.T.);
#3588=ORIENTED_EDGE('',*,*,#2733,.F.);
#3589=ORIENTED_EDGE('',*,*,#2591,.T.);
#3590=ORIENTED_EDGE('',*,*,#2735,.T.);
#3591=ORIENTED_EDGE('',*,*,#2736,.T.);
#3592=ORIENTED_EDGE('',*,*,#2737,.T.);
#3593=ORIENTED_EDGE('',*,*,#2738,.T.);
#3594=ORIENTED_EDGE('',*,*,#2735,.F.);
#3595=ORIENTED_EDGE('',*,*,#2590,.T.);
#3596=ORIENTED_EDGE('',*,*,#2739,.T.);
#3597=ORIENTED_EDGE('',*,*,#2740,.T.);
#3598=ORIENTED_EDGE('',*,*,#2737,.F.);
#3599=ORIENTED_EDGE('',*,*,#2589,.T.);
#3600=ORIENTED_EDGE('',*,*,#2741,.T.);
#3601=ORIENTED_EDGE('',*,*,#2742,.T.);
#3602=ORIENTED_EDGE('',*,*,#2739,.F.);
#3603=ORIENTED_EDGE('',*,*,#2588,.T.);
#3604=ORIENTED_EDGE('',*,*,#2729,.F.);
#3605=ORIENTED_EDGE('',*,*,#2743,.T.);
#3606=ORIENTED_EDGE('',*,*,#2741,.F.);
#3607=ORIENTED_EDGE('',*,*,#2587,.T.);
#3608=ORIENTED_EDGE('',*,*,#2730,.F.);
#3609=ORIENTED_EDGE('',*,*,#2586,.T.);
#3610=ORIENTED_EDGE('',*,*,#2613,.T.);
#3611=ORIENTED_EDGE('',*,*,#2744,.T.);
#3612=ORIENTED_EDGE('',*,*,#2570,.F.);
#3613=ORIENTED_EDGE('',*,*,#2734,.F.);
#3614=ORIENTED_EDGE('',*,*,#2745,.F.);
#3615=ORIENTED_EDGE('',*,*,#2746,.F.);
#3616=ORIENTED_EDGE('',*,*,#2574,.F.);
#3617=ORIENTED_EDGE('',*,*,#2571,.F.);
#3618=ORIENTED_EDGE('',*,*,#2559,.T.);
#3619=ORIENTED_EDGE('',*,*,#2556,.F.);
#3620=ORIENTED_EDGE('',*,*,#2731,.F.);
#3621=ORIENTED_EDGE('',*,*,#2747,.T.);
#3622=ORIENTED_EDGE('',*,*,#2748,.F.);
#3623=ORIENTED_EDGE('',*,*,#2745,.T.);
#3624=ORIENTED_EDGE('',*,*,#2736,.F.);
#3625=ORIENTED_EDGE('',*,*,#2749,.F.);
#3626=ORIENTED_EDGE('',*,*,#2750,.F.);
#3627=ORIENTED_EDGE('',*,*,#2747,.F.);
#3628=ORIENTED_EDGE('',*,*,#2738,.F.);
#3629=ORIENTED_EDGE('',*,*,#2751,.T.);
#3630=ORIENTED_EDGE('',*,*,#2752,.F.);
#3631=ORIENTED_EDGE('',*,*,#2749,.T.);
#3632=ORIENTED_EDGE('',*,*,#2740,.F.);
#3633=ORIENTED_EDGE('',*,*,#2753,.F.);
#3634=ORIENTED_EDGE('',*,*,#2754,.F.);
#3635=ORIENTED_EDGE('',*,*,#2751,.F.);
#3636=ORIENTED_EDGE('',*,*,#2742,.F.);
#3637=ORIENTED_EDGE('',*,*,#2755,.T.);
#3638=ORIENTED_EDGE('',*,*,#2756,.F.);
#3639=ORIENTED_EDGE('',*,*,#2753,.T.);
#3640=ORIENTED_EDGE('',*,*,#2743,.F.);
#3641=ORIENTED_EDGE('',*,*,#2757,.F.);
#3642=ORIENTED_EDGE('',*,*,#2758,.F.);
#3643=ORIENTED_EDGE('',*,*,#2755,.F.);
#3644=ORIENTED_EDGE('',*,*,#2728,.F.);
#3645=ORIENTED_EDGE('',*,*,#2759,.T.);
#3646=ORIENTED_EDGE('',*,*,#2760,.F.);
#3647=ORIENTED_EDGE('',*,*,#2757,.T.);
#3648=ORIENTED_EDGE('',*,*,#2744,.F.);
#3649=ORIENTED_EDGE('',*,*,#2612,.T.);
#3650=ORIENTED_EDGE('',*,*,#2761,.F.);
#3651=ORIENTED_EDGE('',*,*,#2759,.F.);
#3652=ORIENTED_EDGE('',*,*,#2748,.T.);
#3653=ORIENTED_EDGE('',*,*,#2762,.T.);
#3654=ORIENTED_EDGE('',*,*,#2763,.T.);
#3655=ORIENTED_EDGE('',*,*,#2760,.T.);
#3656=ORIENTED_EDGE('',*,*,#2764,.T.);
#3657=ORIENTED_EDGE('',*,*,#2765,.T.);
#3658=ORIENTED_EDGE('',*,*,#2764,.F.);
#3659=ORIENTED_EDGE('',*,*,#2761,.T.);
#3660=ORIENTED_EDGE('',*,*,#2611,.T.);
#3661=ORIENTED_EDGE('',*,*,#2766,.T.);
#3662=ORIENTED_EDGE('',*,*,#2765,.F.);
#3663=ORIENTED_EDGE('',*,*,#2767,.T.);
#3664=ORIENTED_EDGE('',*,*,#2768,.T.);
#3665=ORIENTED_EDGE('',*,*,#2758,.T.);
#3666=ORIENTED_EDGE('',*,*,#2769,.T.);
#3667=ORIENTED_EDGE('',*,*,#2756,.T.);
#3668=ORIENTED_EDGE('',*,*,#2768,.F.);
#3669=ORIENTED_EDGE('',*,*,#2770,.T.);
#3670=ORIENTED_EDGE('',*,*,#2771,.T.);
#3671=ORIENTED_EDGE('',*,*,#2754,.T.);
#3672=ORIENTED_EDGE('',*,*,#2769,.F.);
#3673=ORIENTED_EDGE('',*,*,#2772,.T.);
#3674=ORIENTED_EDGE('',*,*,#2773,.T.);
#3675=ORIENTED_EDGE('',*,*,#2752,.T.);
#3676=ORIENTED_EDGE('',*,*,#2771,.F.);
#3677=ORIENTED_EDGE('',*,*,#2774,.T.);
#3678=ORIENTED_EDGE('',*,*,#2762,.F.);
#3679=ORIENTED_EDGE('',*,*,#2750,.T.);
#3680=ORIENTED_EDGE('',*,*,#2773,.F.);
#3681=ORIENTED_EDGE('',*,*,#2775,.T.);
#3682=ORIENTED_EDGE('',*,*,#2763,.F.);
#3683=ORIENTED_EDGE('',*,*,#2776,.T.);
#3684=ORIENTED_EDGE('',*,*,#2575,.T.);
#3685=ORIENTED_EDGE('',*,*,#2746,.T.);
#3686=ORIENTED_EDGE('',*,*,#2581,.F.);
#3687=ORIENTED_EDGE('',*,*,#2777,.F.);
#3688=ORIENTED_EDGE('',*,*,#2576,.F.);
#3689=ORIENTED_EDGE('',*,*,#2776,.F.);
#3690=ORIENTED_EDGE('',*,*,#2775,.F.);
#3691=ORIENTED_EDGE('',*,*,#2774,.F.);
#3692=ORIENTED_EDGE('',*,*,#2772,.F.);
#3693=ORIENTED_EDGE('',*,*,#2770,.F.);
#3694=ORIENTED_EDGE('',*,*,#2767,.F.);
#3695=ORIENTED_EDGE('',*,*,#2766,.F.);
#3696=ORIENTED_EDGE('',*,*,#2610,.F.);
#3697=ORIENTED_EDGE('',*,*,#2778,.T.);
#3698=ORIENTED_EDGE('',*,*,#2779,.T.);
#3699=ORIENTED_EDGE('',*,*,#2780,.T.);
#3700=ORIENTED_EDGE('',*,*,#2781,.T.);
#3701=ORIENTED_EDGE('',*,*,#2782,.T.);
#3702=ORIENTED_EDGE('',*,*,#2783,.T.);
#3703=ORIENTED_EDGE('',*,*,#2782,.F.);
#3704=ORIENTED_EDGE('',*,*,#2726,.T.);
#3705=ORIENTED_EDGE('',*,*,#2784,.T.);
#3706=ORIENTED_EDGE('',*,*,#2624,.T.);
#3707=ORIENTED_EDGE('',*,*,#2783,.F.);
#3708=ORIENTED_EDGE('',*,*,#2623,.T.);
#3709=ORIENTED_EDGE('',*,*,#2785,.T.);
#3710=ORIENTED_EDGE('',*,*,#2786,.T.);
#3711=ORIENTED_EDGE('',*,*,#2787,.T.);
#3712=ORIENTED_EDGE('',*,*,#2788,.T.);
#3713=ORIENTED_EDGE('',*,*,#2785,.F.);
#3714=ORIENTED_EDGE('',*,*,#2622,.T.);
#3715=ORIENTED_EDGE('',*,*,#2789,.T.);
#3716=ORIENTED_EDGE('',*,*,#2790,.T.);
#3717=ORIENTED_EDGE('',*,*,#2787,.F.);
#3718=ORIENTED_EDGE('',*,*,#2621,.T.);
#3719=ORIENTED_EDGE('',*,*,#2791,.T.);
#3720=ORIENTED_EDGE('',*,*,#2792,.T.);
#3721=ORIENTED_EDGE('',*,*,#2789,.F.);
#3722=ORIENTED_EDGE('',*,*,#2620,.T.);
#3723=ORIENTED_EDGE('',*,*,#2779,.F.);
#3724=ORIENTED_EDGE('',*,*,#2793,.T.);
#3725=ORIENTED_EDGE('',*,*,#2791,.F.);
#3726=ORIENTED_EDGE('',*,*,#2619,.T.);
#3727=ORIENTED_EDGE('',*,*,#2780,.F.);
#3728=ORIENTED_EDGE('',*,*,#2618,.T.);
#3729=ORIENTED_EDGE('',*,*,#2629,.T.);
#3730=ORIENTED_EDGE('',*,*,#2794,.T.);
#3731=ORIENTED_EDGE('',*,*,#2781,.F.);
#3732=ORIENTED_EDGE('',*,*,#2795,.T.);
#3733=ORIENTED_EDGE('',*,*,#2796,.F.);
#3734=ORIENTED_EDGE('',*,*,#2727,.T.);
#3735=ORIENTED_EDGE('',*,*,#2786,.F.);
#3736=ORIENTED_EDGE('',*,*,#2797,.F.);
#3737=ORIENTED_EDGE('',*,*,#2798,.F.);
#3738=ORIENTED_EDGE('',*,*,#2795,.F.);
#3739=ORIENTED_EDGE('',*,*,#2788,.F.);
#3740=ORIENTED_EDGE('',*,*,#2799,.T.);
#3741=ORIENTED_EDGE('',*,*,#2800,.F.);
#3742=ORIENTED_EDGE('',*,*,#2797,.T.);
#3743=ORIENTED_EDGE('',*,*,#2790,.F.);
#3744=ORIENTED_EDGE('',*,*,#2801,.F.);
#3745=ORIENTED_EDGE('',*,*,#2802,.F.);
#3746=ORIENTED_EDGE('',*,*,#2799,.F.);
#3747=ORIENTED_EDGE('',*,*,#2792,.F.);
#3748=ORIENTED_EDGE('',*,*,#2803,.T.);
#3749=ORIENTED_EDGE('',*,*,#2804,.F.);
#3750=ORIENTED_EDGE('',*,*,#2801,.T.);
#3751=ORIENTED_EDGE('',*,*,#2793,.F.);
#3752=ORIENTED_EDGE('',*,*,#2805,.F.);
#3753=ORIENTED_EDGE('',*,*,#2806,.F.);
#3754=ORIENTED_EDGE('',*,*,#2803,.F.);
#3755=ORIENTED_EDGE('',*,*,#2778,.F.);
#3756=ORIENTED_EDGE('',*,*,#2807,.T.);
#3757=ORIENTED_EDGE('',*,*,#2808,.F.);
#3758=ORIENTED_EDGE('',*,*,#2805,.T.);
#3759=ORIENTED_EDGE('',*,*,#2794,.F.);
#3760=ORIENTED_EDGE('',*,*,#2628,.F.);
#3761=ORIENTED_EDGE('',*,*,#2809,.F.);
#3762=ORIENTED_EDGE('',*,*,#2807,.F.);
#3763=ORIENTED_EDGE('',*,*,#2796,.T.);
#3764=ORIENTED_EDGE('',*,*,#2810,.T.);
#3765=ORIENTED_EDGE('',*,*,#2724,.T.);
#3766=ORIENTED_EDGE('',*,*,#2808,.T.);
#3767=ORIENTED_EDGE('',*,*,#2811,.T.);
#3768=ORIENTED_EDGE('',*,*,#2812,.T.);
#3769=ORIENTED_EDGE('',*,*,#2811,.F.);
#3770=ORIENTED_EDGE('',*,*,#2809,.T.);
#3771=ORIENTED_EDGE('',*,*,#2627,.T.);
#3772=ORIENTED_EDGE('',*,*,#2602,.T.);
#3773=ORIENTED_EDGE('',*,*,#2812,.F.);
#3774=ORIENTED_EDGE('',*,*,#2601,.T.);
#3775=ORIENTED_EDGE('',*,*,#2813,.T.);
#3776=ORIENTED_EDGE('',*,*,#2806,.T.);
#3777=ORIENTED_EDGE('',*,*,#2814,.T.);
#3778=ORIENTED_EDGE('',*,*,#2804,.T.);
#3779=ORIENTED_EDGE('',*,*,#2813,.F.);
#3780=ORIENTED_EDGE('',*,*,#2600,.T.);
#3781=ORIENTED_EDGE('',*,*,#2815,.T.);
#3782=ORIENTED_EDGE('',*,*,#2802,.T.);
#3783=ORIENTED_EDGE('',*,*,#2814,.F.);
#3784=ORIENTED_EDGE('',*,*,#2599,.T.);
#3785=ORIENTED_EDGE('',*,*,#2816,.T.);
#3786=ORIENTED_EDGE('',*,*,#2800,.T.);
#3787=ORIENTED_EDGE('',*,*,#2815,.F.);
#3788=ORIENTED_EDGE('',*,*,#2598,.T.);
#3789=ORIENTED_EDGE('',*,*,#2810,.F.);
#3790=ORIENTED_EDGE('',*,*,#2798,.T.);
#3791=ORIENTED_EDGE('',*,*,#2816,.F.);
#3792=ORIENTED_EDGE('',*,*,#2597,.T.);
#3793=ORIENTED_EDGE('',*,*,#2817,.T.);
#3794=ORIENTED_EDGE('',*,*,#2818,.T.);
#3795=ORIENTED_EDGE('',*,*,#2819,.T.);
#3796=ORIENTED_EDGE('',*,*,#2820,.T.);
#3797=ORIENTED_EDGE('',*,*,#2821,.T.);
#3798=ORIENTED_EDGE('',*,*,#2822,.T.);
#3799=ORIENTED_EDGE('',*,*,#2823,.T.);
#3800=ORIENTED_EDGE('',*,*,#2824,.T.);
#3801=ORIENTED_EDGE('',*,*,#2825,.T.);
#3802=ORIENTED_EDGE('',*,*,#2826,.T.);
#3803=ORIENTED_EDGE('',*,*,#2827,.T.);
#3804=ORIENTED_EDGE('',*,*,#2828,.T.);
#3805=ORIENTED_EDGE('',*,*,#2829,.T.);
#3806=ORIENTED_EDGE('',*,*,#2830,.T.);
#3807=ORIENTED_EDGE('',*,*,#2831,.T.);
#3808=ORIENTED_EDGE('',*,*,#2832,.T.);
#3809=ORIENTED_EDGE('',*,*,#2833,.T.);
#3810=ORIENTED_EDGE('',*,*,#2834,.T.);
#3811=ORIENTED_EDGE('',*,*,#2562,.T.);
#3812=ORIENTED_EDGE('',*,*,#2835,.T.);
#3813=ORIENTED_EDGE('',*,*,#2836,.T.);
#3814=ORIENTED_EDGE('',*,*,#2837,.T.);
#3815=ORIENTED_EDGE('',*,*,#2838,.T.);
#3816=ORIENTED_EDGE('',*,*,#2839,.T.);
#3817=ORIENTED_EDGE('',*,*,#2840,.T.);
#3818=ORIENTED_EDGE('',*,*,#2841,.T.);
#3819=ORIENTED_EDGE('',*,*,#2842,.T.);
#3820=ORIENTED_EDGE('',*,*,#2843,.T.);
#3821=ORIENTED_EDGE('',*,*,#2840,.F.);
#3822=ORIENTED_EDGE('',*,*,#2844,.T.);
#3823=ORIENTED_EDGE('',*,*,#2845,.T.);
#3824=ORIENTED_EDGE('',*,*,#2846,.T.);
#3825=ORIENTED_EDGE('',*,*,#2842,.F.);
#3826=ORIENTED_EDGE('',*,*,#2847,.T.);
#3827=ORIENTED_EDGE('',*,*,#2848,.T.);
#3828=ORIENTED_EDGE('',*,*,#2849,.T.);
#3829=ORIENTED_EDGE('',*,*,#2845,.F.);
#3830=ORIENTED_EDGE('',*,*,#2850,.T.);
#3831=ORIENTED_EDGE('',*,*,#2851,.T.);
#3832=ORIENTED_EDGE('',*,*,#2852,.T.);
#3833=ORIENTED_EDGE('',*,*,#2848,.F.);
#3834=ORIENTED_EDGE('',*,*,#2853,.T.);
#3835=ORIENTED_EDGE('',*,*,#2854,.T.);
#3836=ORIENTED_EDGE('',*,*,#2855,.T.);
#3837=ORIENTED_EDGE('',*,*,#2851,.F.);
#3838=ORIENTED_EDGE('',*,*,#2856,.T.);
#3839=ORIENTED_EDGE('',*,*,#2857,.T.);
#3840=ORIENTED_EDGE('',*,*,#2858,.T.);
#3841=ORIENTED_EDGE('',*,*,#2854,.F.);
#3842=ORIENTED_EDGE('',*,*,#2859,.T.);
#3843=ORIENTED_EDGE('',*,*,#2860,.T.);
#3844=ORIENTED_EDGE('',*,*,#2861,.T.);
#3845=ORIENTED_EDGE('',*,*,#2857,.F.);
#3846=ORIENTED_EDGE('',*,*,#2862,.T.);
#3847=ORIENTED_EDGE('',*,*,#2833,.F.);
#3848=ORIENTED_EDGE('',*,*,#2863,.T.);
#3849=ORIENTED_EDGE('',*,*,#2860,.F.);
#3850=ORIENTED_EDGE('',*,*,#2864,.T.);
#3851=ORIENTED_EDGE('',*,*,#2838,.F.);
#3852=ORIENTED_EDGE('',*,*,#2865,.T.);
#3853=ORIENTED_EDGE('',*,*,#2836,.F.);
#3854=ORIENTED_EDGE('',*,*,#2866,.T.);
#3855=ORIENTED_EDGE('',*,*,#2830,.F.);
#3856=ORIENTED_EDGE('',*,*,#2867,.T.);
#3857=ORIENTED_EDGE('',*,*,#2834,.F.);
#3858=ORIENTED_EDGE('',*,*,#2868,.T.);
#3859=ORIENTED_EDGE('',*,*,#2827,.F.);
#3860=ORIENTED_EDGE('',*,*,#2869,.T.);
#3861=ORIENTED_EDGE('',*,*,#2831,.F.);
#3862=ORIENTED_EDGE('',*,*,#2870,.T.);
#3863=ORIENTED_EDGE('',*,*,#2828,.F.);
#3864=ORIENTED_EDGE('',*,*,#2871,.T.);
#3865=ORIENTED_EDGE('',*,*,#2872,.T.);
#3866=ORIENTED_EDGE('',*,*,#2873,.T.);
#3867=ORIENTED_EDGE('',*,*,#2874,.T.);
#3868=ORIENTED_EDGE('',*,*,#2875,.T.);
#3869=ORIENTED_EDGE('',*,*,#2872,.F.);
#3870=ORIENTED_EDGE('',*,*,#2876,.T.);
#3871=ORIENTED_EDGE('',*,*,#2877,.T.);
#3872=ORIENTED_EDGE('',*,*,#2878,.T.);
#3873=ORIENTED_EDGE('',*,*,#2874,.F.);
#3874=ORIENTED_EDGE('',*,*,#2879,.T.);
#3875=ORIENTED_EDGE('',*,*,#2880,.T.);
#3876=ORIENTED_EDGE('',*,*,#2881,.T.);
#3877=ORIENTED_EDGE('',*,*,#2877,.F.);
#3878=ORIENTED_EDGE('',*,*,#2882,.T.);
#3879=ORIENTED_EDGE('',*,*,#2824,.F.);
#3880=ORIENTED_EDGE('',*,*,#2883,.T.);
#3881=ORIENTED_EDGE('',*,*,#2880,.F.);
#3882=ORIENTED_EDGE('',*,*,#2884,.T.);
#3883=ORIENTED_EDGE('',*,*,#2821,.F.);
#3884=ORIENTED_EDGE('',*,*,#2885,.T.);
#3885=ORIENTED_EDGE('',*,*,#2825,.F.);
#3886=ORIENTED_EDGE('',*,*,#2886,.T.);
#3887=ORIENTED_EDGE('',*,*,#2818,.F.);
#3888=ORIENTED_EDGE('',*,*,#2887,.T.);
#3889=ORIENTED_EDGE('',*,*,#2822,.F.);
#3890=ORIENTED_EDGE('',*,*,#2888,.T.);
#3891=ORIENTED_EDGE('',*,*,#2819,.F.);
#3892=ORIENTED_EDGE('',*,*,#2889,.T.);
#3893=ORIENTED_EDGE('',*,*,#2890,.T.);
#3894=ORIENTED_EDGE('',*,*,#2891,.T.);
#3895=ORIENTED_EDGE('',*,*,#2892,.T.);
#3896=ORIENTED_EDGE('',*,*,#2893,.T.);
#3897=ORIENTED_EDGE('',*,*,#2890,.F.);
#3898=ORIENTED_EDGE('',*,*,#2894,.T.);
#3899=ORIENTED_EDGE('',*,*,#2895,.T.);
#3900=ORIENTED_EDGE('',*,*,#2896,.T.);
#3901=ORIENTED_EDGE('',*,*,#2892,.F.);
#3902=ORIENTED_EDGE('',*,*,#2897,.T.);
#3903=ORIENTED_EDGE('',*,*,#2898,.T.);
#3904=ORIENTED_EDGE('',*,*,#2899,.T.);
#3905=ORIENTED_EDGE('',*,*,#2895,.F.);
#3906=ORIENTED_EDGE('',*,*,#2900,.T.);
#3907=ORIENTED_EDGE('',*,*,#2901,.T.);
#3908=ORIENTED_EDGE('',*,*,#2902,.T.);
#3909=ORIENTED_EDGE('',*,*,#2898,.F.);
#3910=ORIENTED_EDGE('',*,*,#2903,.T.);
#3911=ORIENTED_EDGE('',*,*,#2904,.T.);
#3912=ORIENTED_EDGE('',*,*,#2905,.T.);
#3913=ORIENTED_EDGE('',*,*,#2901,.F.);
#3914=ORIENTED_EDGE('',*,*,#2906,.T.);
#3915=ORIENTED_EDGE('',*,*,#2907,.T.);
#3916=ORIENTED_EDGE('',*,*,#2908,.T.);
#3917=ORIENTED_EDGE('',*,*,#2904,.F.);
#3918=ORIENTED_EDGE('',*,*,#2909,.T.);
#3919=ORIENTED_EDGE('',*,*,#2910,.T.);
#3920=ORIENTED_EDGE('',*,*,#2911,.T.);
#3921=ORIENTED_EDGE('',*,*,#2907,.F.);
#3922=ORIENTED_EDGE('',*,*,#2912,.T.);
#3923=ORIENTED_EDGE('',*,*,#2913,.T.);
#3924=ORIENTED_EDGE('',*,*,#2914,.T.);
#3925=ORIENTED_EDGE('',*,*,#2910,.F.);
#3926=ORIENTED_EDGE('',*,*,#2915,.T.);
#3927=ORIENTED_EDGE('',*,*,#2916,.T.);
#3928=ORIENTED_EDGE('',*,*,#2917,.T.);
#3929=ORIENTED_EDGE('',*,*,#2913,.F.);
#3930=ORIENTED_EDGE('',*,*,#2918,.T.);
#3931=ORIENTED_EDGE('',*,*,#2608,.T.);
#3932=ORIENTED_EDGE('',*,*,#2919,.T.);
#3933=ORIENTED_EDGE('',*,*,#2916,.F.);
#3934=ORIENTED_EDGE('',*,*,#2920,.T.);
#3935=ORIENTED_EDGE('',*,*,#2843,.F.);
#3936=ORIENTED_EDGE('',*,*,#2921,.T.);
#3937=ORIENTED_EDGE('',*,*,#2922,.F.);
#3938=ORIENTED_EDGE('',*,*,#2923,.T.);
#3939=ORIENTED_EDGE('',*,*,#2924,.T.);
#3940=ORIENTED_EDGE('',*,*,#2925,.F.);
#3941=ORIENTED_EDGE('',*,*,#2926,.F.);
#3942=ORIENTED_EDGE('',*,*,#2927,.T.);
#3943=ORIENTED_EDGE('',*,*,#2928,.T.);
#3944=ORIENTED_EDGE('',*,*,#2846,.F.);
#3945=ORIENTED_EDGE('',*,*,#2929,.F.);
#3946=ORIENTED_EDGE('',*,*,#2930,.T.);
#3947=ORIENTED_EDGE('',*,*,#2931,.T.);
#3948=ORIENTED_EDGE('',*,*,#2921,.F.);
#3949=ORIENTED_EDGE('',*,*,#2849,.F.);
#3950=ORIENTED_EDGE('',*,*,#2932,.T.);
#3951=ORIENTED_EDGE('',*,*,#2933,.T.);
#3952=ORIENTED_EDGE('',*,*,#2929,.T.);
#3953=ORIENTED_EDGE('',*,*,#2852,.F.);
#3954=ORIENTED_EDGE('',*,*,#2934,.F.);
#3955=ORIENTED_EDGE('',*,*,#2935,.F.);
#3956=ORIENTED_EDGE('',*,*,#2936,.F.);
#3957=ORIENTED_EDGE('',*,*,#2937,.F.);
#3958=ORIENTED_EDGE('',*,*,#2938,.F.);
#3959=ORIENTED_EDGE('',*,*,#2939,.F.);
#3960=ORIENTED_EDGE('',*,*,#2932,.F.);
#3961=ORIENTED_EDGE('',*,*,#2855,.F.);
#3962=ORIENTED_EDGE('',*,*,#2940,.T.);
#3963=ORIENTED_EDGE('',*,*,#2941,.T.);
#3964=ORIENTED_EDGE('',*,*,#2934,.T.);
#3965=ORIENTED_EDGE('',*,*,#2858,.F.);
#3966=ORIENTED_EDGE('',*,*,#2942,.F.);
#3967=ORIENTED_EDGE('',*,*,#2943,.F.);
#3968=ORIENTED_EDGE('',*,*,#2944,.F.);
#3969=ORIENTED_EDGE('',*,*,#2945,.F.);
#3970=ORIENTED_EDGE('',*,*,#2946,.F.);
#3971=ORIENTED_EDGE('',*,*,#2947,.F.);
#3972=ORIENTED_EDGE('',*,*,#2940,.F.);
#3973=ORIENTED_EDGE('',*,*,#2861,.F.);
#3974=ORIENTED_EDGE('',*,*,#2948,.T.);
#3975=ORIENTED_EDGE('',*,*,#2949,.F.);
#3976=ORIENTED_EDGE('',*,*,#2942,.T.);
#3977=ORIENTED_EDGE('',*,*,#2863,.F.);
#3978=ORIENTED_EDGE('',*,*,#2950,.F.);
#3979=ORIENTED_EDGE('',*,*,#2951,.F.);
#3980=ORIENTED_EDGE('',*,*,#2948,.F.);
#3981=ORIENTED_EDGE('',*,*,#2832,.F.);
#3982=ORIENTED_EDGE('',*,*,#2952,.T.);
#3983=ORIENTED_EDGE('',*,*,#2953,.F.);
#3984=ORIENTED_EDGE('',*,*,#2950,.T.);
#3985=ORIENTED_EDGE('',*,*,#2867,.F.);
#3986=ORIENTED_EDGE('',*,*,#2954,.F.);
#3987=ORIENTED_EDGE('',*,*,#2955,.F.);
#3988=ORIENTED_EDGE('',*,*,#2952,.F.);
#3989=ORIENTED_EDGE('',*,*,#2829,.F.);
#3990=ORIENTED_EDGE('',*,*,#2956,.T.);
#3991=ORIENTED_EDGE('',*,*,#2957,.F.);
#3992=ORIENTED_EDGE('',*,*,#2954,.T.);
#3993=ORIENTED_EDGE('',*,*,#2869,.F.);
#3994=ORIENTED_EDGE('',*,*,#2958,.F.);
#3995=ORIENTED_EDGE('',*,*,#2959,.F.);
#3996=ORIENTED_EDGE('',*,*,#2956,.F.);
#3997=ORIENTED_EDGE('',*,*,#2826,.F.);
#3998=ORIENTED_EDGE('',*,*,#2960,.T.);
#3999=ORIENTED_EDGE('',*,*,#2961,.F.);
#4000=ORIENTED_EDGE('',*,*,#2958,.T.);
#4001=ORIENTED_EDGE('',*,*,#2873,.F.);
#4002=ORIENTED_EDGE('',*,*,#2962,.F.);
#4003=ORIENTED_EDGE('',*,*,#2963,.F.);
#4004=ORIENTED_EDGE('',*,*,#2960,.F.);
#4005=ORIENTED_EDGE('',*,*,#2875,.F.);
#4006=ORIENTED_EDGE('',*,*,#2964,.T.);
#4007=ORIENTED_EDGE('',*,*,#2965,.F.);
#4008=ORIENTED_EDGE('',*,*,#2962,.T.);
#4009=ORIENTED_EDGE('',*,*,#2878,.F.);
#4010=ORIENTED_EDGE('',*,*,#2966,.F.);
#4011=ORIENTED_EDGE('',*,*,#2967,.F.);
#4012=ORIENTED_EDGE('',*,*,#2964,.F.);
#4013=ORIENTED_EDGE('',*,*,#2881,.F.);
#4014=ORIENTED_EDGE('',*,*,#2968,.T.);
#4015=ORIENTED_EDGE('',*,*,#2969,.F.);
#4016=ORIENTED_EDGE('',*,*,#2966,.T.);
#4017=ORIENTED_EDGE('',*,*,#2883,.F.);
#4018=ORIENTED_EDGE('',*,*,#2970,.F.);
#4019=ORIENTED_EDGE('',*,*,#2971,.F.);
#4020=ORIENTED_EDGE('',*,*,#2968,.F.);
#4021=ORIENTED_EDGE('',*,*,#2823,.F.);
#4022=ORIENTED_EDGE('',*,*,#2972,.T.);
#4023=ORIENTED_EDGE('',*,*,#2973,.F.);
#4024=ORIENTED_EDGE('',*,*,#2970,.T.);
#4025=ORIENTED_EDGE('',*,*,#2885,.F.);
#4026=ORIENTED_EDGE('',*,*,#2974,.F.);
#4027=ORIENTED_EDGE('',*,*,#2975,.F.);
#4028=ORIENTED_EDGE('',*,*,#2972,.F.);
#4029=ORIENTED_EDGE('',*,*,#2820,.F.);
#4030=ORIENTED_EDGE('',*,*,#2976,.T.);
#4031=ORIENTED_EDGE('',*,*,#2977,.F.);
#4032=ORIENTED_EDGE('',*,*,#2974,.T.);
#4033=ORIENTED_EDGE('',*,*,#2887,.F.);
#4034=ORIENTED_EDGE('',*,*,#2978,.F.);
#4035=ORIENTED_EDGE('',*,*,#2979,.F.);
#4036=ORIENTED_EDGE('',*,*,#2976,.F.);
#4037=ORIENTED_EDGE('',*,*,#2817,.F.);
#4038=ORIENTED_EDGE('',*,*,#2980,.T.);
#4039=ORIENTED_EDGE('',*,*,#2981,.F.);
#4040=ORIENTED_EDGE('',*,*,#2978,.T.);
#4041=ORIENTED_EDGE('',*,*,#2891,.F.);
#4042=ORIENTED_EDGE('',*,*,#2982,.F.);
#4043=ORIENTED_EDGE('',*,*,#2983,.F.);
#4044=ORIENTED_EDGE('',*,*,#2980,.F.);
#4045=ORIENTED_EDGE('',*,*,#2893,.F.);
#4046=ORIENTED_EDGE('',*,*,#2984,.T.);
#4047=ORIENTED_EDGE('',*,*,#2985,.F.);
#4048=ORIENTED_EDGE('',*,*,#2982,.T.);
#4049=ORIENTED_EDGE('',*,*,#2896,.F.);
#4050=ORIENTED_EDGE('',*,*,#2986,.F.);
#4051=ORIENTED_EDGE('',*,*,#2987,.F.);
#4052=ORIENTED_EDGE('',*,*,#2988,.F.);
#4053=ORIENTED_EDGE('',*,*,#2989,.F.);
#4054=ORIENTED_EDGE('',*,*,#2990,.F.);
#4055=ORIENTED_EDGE('',*,*,#2991,.F.);
#4056=ORIENTED_EDGE('',*,*,#2984,.F.);
#4057=ORIENTED_EDGE('',*,*,#2899,.F.);
#4058=ORIENTED_EDGE('',*,*,#2992,.T.);
#4059=ORIENTED_EDGE('',*,*,#2993,.T.);
#4060=ORIENTED_EDGE('',*,*,#2986,.T.);
#4061=ORIENTED_EDGE('',*,*,#2902,.F.);
#4062=ORIENTED_EDGE('',*,*,#2994,.F.);
#4063=ORIENTED_EDGE('',*,*,#2995,.F.);
#4064=ORIENTED_EDGE('',*,*,#2996,.T.);
#4065=ORIENTED_EDGE('',*,*,#2992,.F.);
#4066=ORIENTED_EDGE('',*,*,#2905,.F.);
#4067=ORIENTED_EDGE('',*,*,#2997,.T.);
#4068=ORIENTED_EDGE('',*,*,#2998,.T.);
#4069=ORIENTED_EDGE('',*,*,#2999,.F.);
#4070=ORIENTED_EDGE('',*,*,#2994,.T.);
#4071=ORIENTED_EDGE('',*,*,#2908,.F.);
#4072=ORIENTED_EDGE('',*,*,#3000,.F.);
#4073=ORIENTED_EDGE('',*,*,#3001,.T.);
#4074=ORIENTED_EDGE('',*,*,#3002,.T.);
#4075=ORIENTED_EDGE('',*,*,#2997,.F.);
#4076=ORIENTED_EDGE('',*,*,#2911,.F.);
#4077=ORIENTED_EDGE('',*,*,#3003,.T.);
#4078=ORIENTED_EDGE('',*,*,#3004,.F.);
#4079=ORIENTED_EDGE('',*,*,#3005,.T.);
#4080=ORIENTED_EDGE('',*,*,#3006,.F.);
#4081=ORIENTED_EDGE('',*,*,#3007,.F.);
#4082=ORIENTED_EDGE('',*,*,#3000,.T.);
#4083=ORIENTED_EDGE('',*,*,#2914,.F.);
#4084=ORIENTED_EDGE('',*,*,#3008,.F.);
#4085=ORIENTED_EDGE('',*,*,#3009,.F.);
#4086=ORIENTED_EDGE('',*,*,#3003,.F.);
#4087=ORIENTED_EDGE('',*,*,#2917,.F.);
#4088=ORIENTED_EDGE('',*,*,#3010,.T.);
#4089=ORIENTED_EDGE('',*,*,#3011,.T.);
#4090=ORIENTED_EDGE('',*,*,#3012,.T.);
#4091=ORIENTED_EDGE('',*,*,#3013,.T.);
#4092=ORIENTED_EDGE('',*,*,#3008,.T.);
#4093=ORIENTED_EDGE('',*,*,#2919,.F.);
#4094=ORIENTED_EDGE('',*,*,#2607,.F.);
#4095=ORIENTED_EDGE('',*,*,#3014,.F.);
#4096=ORIENTED_EDGE('',*,*,#3015,.F.);
#4097=ORIENTED_EDGE('',*,*,#3016,.F.);
#4098=ORIENTED_EDGE('',*,*,#3017,.T.);
#4099=ORIENTED_EDGE('',*,*,#3018,.T.);
#4100=ORIENTED_EDGE('',*,*,#3010,.F.);
#4101=ORIENTED_EDGE('',*,*,#3019,.T.);
#4102=ORIENTED_EDGE('',*,*,#3020,.T.);
#4103=ORIENTED_EDGE('',*,*,#2953,.T.);
#4104=ORIENTED_EDGE('',*,*,#3020,.F.);
#4105=ORIENTED_EDGE('',*,*,#3021,.T.);
#4106=ORIENTED_EDGE('',*,*,#3022,.T.);
#4107=ORIENTED_EDGE('',*,*,#2951,.T.);
#4108=ORIENTED_EDGE('',*,*,#3023,.T.);
#4109=ORIENTED_EDGE('',*,*,#2949,.T.);
#4110=ORIENTED_EDGE('',*,*,#3022,.F.);
#4111=ORIENTED_EDGE('',*,*,#3024,.T.);
#4112=ORIENTED_EDGE('',*,*,#3025,.T.);
#4113=ORIENTED_EDGE('',*,*,#2943,.T.);
#4114=ORIENTED_EDGE('',*,*,#3023,.F.);
#4115=ORIENTED_EDGE('',*,*,#3026,.T.);
#4116=ORIENTED_EDGE('',*,*,#3027,.T.);
#4117=ORIENTED_EDGE('',*,*,#3028,.T.);
#4118=ORIENTED_EDGE('',*,*,#3025,.F.);
#4119=ORIENTED_EDGE('',*,*,#3029,.T.);
#4120=ORIENTED_EDGE('',*,*,#3030,.T.);
#4121=ORIENTED_EDGE('',*,*,#3031,.T.);
#4122=ORIENTED_EDGE('',*,*,#3027,.F.);
#4123=ORIENTED_EDGE('',*,*,#3032,.T.);
#4124=ORIENTED_EDGE('',*,*,#3033,.T.);
#4125=ORIENTED_EDGE('',*,*,#3034,.T.);
#4126=ORIENTED_EDGE('',*,*,#3030,.F.);
#4127=ORIENTED_EDGE('',*,*,#3035,.T.);
#4128=ORIENTED_EDGE('',*,*,#3036,.T.);
#4129=ORIENTED_EDGE('',*,*,#3037,.T.);
#4130=ORIENTED_EDGE('',*,*,#3033,.F.);
#4131=ORIENTED_EDGE('',*,*,#3038,.T.);
#4132=ORIENTED_EDGE('',*,*,#3039,.T.);
#4133=ORIENTED_EDGE('',*,*,#3040,.T.);
#4134=ORIENTED_EDGE('',*,*,#3036,.F.);
#4135=ORIENTED_EDGE('',*,*,#3041,.T.);
#4136=ORIENTED_EDGE('',*,*,#3042,.T.);
#4137=ORIENTED_EDGE('',*,*,#3043,.T.);
#4138=ORIENTED_EDGE('',*,*,#3039,.F.);
#4139=ORIENTED_EDGE('',*,*,#3044,.T.);
#4140=ORIENTED_EDGE('',*,*,#3045,.T.);
#4141=ORIENTED_EDGE('',*,*,#3046,.T.);
#4142=ORIENTED_EDGE('',*,*,#3042,.F.);
#4143=ORIENTED_EDGE('',*,*,#3047,.T.);
#4144=ORIENTED_EDGE('',*,*,#2564,.T.);
#4145=ORIENTED_EDGE('',*,*,#3048,.T.);
#4146=ORIENTED_EDGE('',*,*,#3045,.F.);
#4147=ORIENTED_EDGE('',*,*,#3049,.T.);
#4148=ORIENTED_EDGE('',*,*,#3050,.T.);
#4149=ORIENTED_EDGE('',*,*,#3051,.T.);
#4150=ORIENTED_EDGE('',*,*,#2957,.T.);
#4151=ORIENTED_EDGE('',*,*,#3019,.F.);
#4152=ORIENTED_EDGE('',*,*,#2955,.T.);
#4153=ORIENTED_EDGE('',*,*,#3051,.F.);
#4154=ORIENTED_EDGE('',*,*,#3052,.T.);
#4155=ORIENTED_EDGE('',*,*,#3053,.T.);
#4156=ORIENTED_EDGE('',*,*,#3054,.T.);
#4157=ORIENTED_EDGE('',*,*,#2961,.T.);
#4158=ORIENTED_EDGE('',*,*,#3050,.F.);
#4159=ORIENTED_EDGE('',*,*,#2959,.T.);
#4160=ORIENTED_EDGE('',*,*,#3054,.F.);
#4161=ORIENTED_EDGE('',*,*,#3055,.T.);
#4162=ORIENTED_EDGE('',*,*,#3056,.T.);
#4163=ORIENTED_EDGE('',*,*,#3057,.T.);
#4164=ORIENTED_EDGE('',*,*,#2973,.T.);
#4165=ORIENTED_EDGE('',*,*,#3057,.F.);
#4166=ORIENTED_EDGE('',*,*,#3058,.T.);
#4167=ORIENTED_EDGE('',*,*,#3059,.T.);
#4168=ORIENTED_EDGE('',*,*,#2971,.T.);
#4169=ORIENTED_EDGE('',*,*,#3060,.T.);
#4170=ORIENTED_EDGE('',*,*,#2969,.T.);
#4171=ORIENTED_EDGE('',*,*,#3059,.F.);
#4172=ORIENTED_EDGE('',*,*,#3061,.T.);
#4173=ORIENTED_EDGE('',*,*,#3062,.T.);
#4174=ORIENTED_EDGE('',*,*,#2967,.T.);
#4175=ORIENTED_EDGE('',*,*,#3060,.F.);
#4176=ORIENTED_EDGE('',*,*,#3063,.T.);
#4177=ORIENTED_EDGE('',*,*,#3064,.T.);
#4178=ORIENTED_EDGE('',*,*,#2965,.T.);
#4179=ORIENTED_EDGE('',*,*,#3062,.F.);
#4180=ORIENTED_EDGE('',*,*,#3065,.T.);
#4181=ORIENTED_EDGE('',*,*,#3053,.F.);
#4182=ORIENTED_EDGE('',*,*,#2963,.T.);
#4183=ORIENTED_EDGE('',*,*,#3064,.F.);
#4184=ORIENTED_EDGE('',*,*,#3066,.T.);
#4185=ORIENTED_EDGE('',*,*,#3067,.T.);
#4186=ORIENTED_EDGE('',*,*,#3068,.T.);
#4187=ORIENTED_EDGE('',*,*,#2977,.T.);
#4188=ORIENTED_EDGE('',*,*,#3056,.F.);
#4189=ORIENTED_EDGE('',*,*,#2975,.T.);
#4190=ORIENTED_EDGE('',*,*,#3068,.F.);
#4191=ORIENTED_EDGE('',*,*,#3069,.T.);
#4192=ORIENTED_EDGE('',*,*,#3070,.T.);
#4193=ORIENTED_EDGE('',*,*,#3071,.T.);
#4194=ORIENTED_EDGE('',*,*,#2981,.T.);
#4195=ORIENTED_EDGE('',*,*,#3067,.F.);
#4196=ORIENTED_EDGE('',*,*,#2979,.T.);
#4197=ORIENTED_EDGE('',*,*,#3071,.F.);
#4198=ORIENTED_EDGE('',*,*,#3072,.T.);
#4199=ORIENTED_EDGE('',*,*,#3073,.T.);
#4200=ORIENTED_EDGE('',*,*,#3074,.T.);
#4201=ORIENTED_EDGE('',*,*,#3075,.T.);
#4202=ORIENTED_EDGE('',*,*,#3076,.T.);
#4203=ORIENTED_EDGE('',*,*,#3077,.T.);
#4204=ORIENTED_EDGE('',*,*,#3078,.T.);
#4205=ORIENTED_EDGE('',*,*,#3075,.F.);
#4206=ORIENTED_EDGE('',*,*,#3079,.T.);
#4207=ORIENTED_EDGE('',*,*,#2606,.T.);
#4208=ORIENTED_EDGE('',*,*,#3080,.T.);
#4209=ORIENTED_EDGE('',*,*,#3077,.F.);
#4210=ORIENTED_EDGE('',*,*,#3014,.T.);
#4211=ORIENTED_EDGE('',*,*,#3081,.T.);
#4212=ORIENTED_EDGE('',*,*,#3082,.T.);
#4213=ORIENTED_EDGE('',*,*,#3073,.F.);
#4214=ORIENTED_EDGE('',*,*,#3083,.T.);
#4215=ORIENTED_EDGE('',*,*,#3084,.T.);
#4216=ORIENTED_EDGE('',*,*,#3085,.T.);
#4217=ORIENTED_EDGE('',*,*,#3081,.F.);
#4218=ORIENTED_EDGE('',*,*,#3086,.T.);
#4219=ORIENTED_EDGE('',*,*,#3087,.T.);
#4220=ORIENTED_EDGE('',*,*,#3088,.T.);
#4221=ORIENTED_EDGE('',*,*,#3084,.F.);
#4222=ORIENTED_EDGE('',*,*,#3089,.T.);
#4223=ORIENTED_EDGE('',*,*,#3090,.T.);
#4224=ORIENTED_EDGE('',*,*,#3091,.T.);
#4225=ORIENTED_EDGE('',*,*,#3087,.F.);
#4226=ORIENTED_EDGE('',*,*,#3092,.T.);
#4227=ORIENTED_EDGE('',*,*,#3093,.T.);
#4228=ORIENTED_EDGE('',*,*,#3094,.T.);
#4229=ORIENTED_EDGE('',*,*,#3090,.F.);
#4230=ORIENTED_EDGE('',*,*,#3095,.T.);
#4231=ORIENTED_EDGE('',*,*,#3096,.T.);
#4232=ORIENTED_EDGE('',*,*,#2991,.T.);
#4233=ORIENTED_EDGE('',*,*,#3093,.F.);
#4234=ORIENTED_EDGE('',*,*,#3097,.T.);
#4235=ORIENTED_EDGE('',*,*,#3098,.T.);
#4236=ORIENTED_EDGE('',*,*,#2985,.T.);
#4237=ORIENTED_EDGE('',*,*,#3096,.F.);
#4238=ORIENTED_EDGE('',*,*,#3099,.T.);
#4239=ORIENTED_EDGE('',*,*,#3070,.F.);
#4240=ORIENTED_EDGE('',*,*,#2983,.T.);
#4241=ORIENTED_EDGE('',*,*,#3098,.F.);
#4242=ORIENTED_EDGE('',*,*,#3100,.T.);
#4243=ORIENTED_EDGE('',*,*,#2615,.F.);
#4244=ORIENTED_EDGE('',*,*,#2626,.T.);
#4245=ORIENTED_EDGE('',*,*,#3101,.F.);
#4246=ORIENTED_EDGE('',*,*,#2579,.F.);
#4247=ORIENTED_EDGE('',*,*,#2565,.F.);
#4248=ORIENTED_EDGE('',*,*,#3049,.F.);
#4249=ORIENTED_EDGE('',*,*,#3047,.F.);
#4250=ORIENTED_EDGE('',*,*,#3044,.F.);
#4251=ORIENTED_EDGE('',*,*,#3041,.F.);
#4252=ORIENTED_EDGE('',*,*,#3038,.F.);
#4253=ORIENTED_EDGE('',*,*,#3035,.F.);
#4254=ORIENTED_EDGE('',*,*,#3032,.F.);
#4255=ORIENTED_EDGE('',*,*,#3029,.F.);
#4256=ORIENTED_EDGE('',*,*,#3026,.F.);
#4257=ORIENTED_EDGE('',*,*,#3024,.F.);
#4258=ORIENTED_EDGE('',*,*,#3021,.F.);
#4259=ORIENTED_EDGE('',*,*,#3052,.F.);
#4260=ORIENTED_EDGE('',*,*,#3055,.F.);
#4261=ORIENTED_EDGE('',*,*,#3066,.F.);
#4262=ORIENTED_EDGE('',*,*,#3065,.F.);
#4263=ORIENTED_EDGE('',*,*,#3063,.F.);
#4264=ORIENTED_EDGE('',*,*,#3061,.F.);
#4265=ORIENTED_EDGE('',*,*,#3058,.F.);
#4266=ORIENTED_EDGE('',*,*,#3069,.F.);
#4267=ORIENTED_EDGE('',*,*,#3072,.F.);
#4268=ORIENTED_EDGE('',*,*,#3100,.F.);
#4269=ORIENTED_EDGE('',*,*,#3099,.F.);
#4270=ORIENTED_EDGE('',*,*,#3097,.F.);
#4271=ORIENTED_EDGE('',*,*,#3095,.F.);
#4272=ORIENTED_EDGE('',*,*,#3092,.F.);
#4273=ORIENTED_EDGE('',*,*,#3089,.F.);
#4274=ORIENTED_EDGE('',*,*,#3086,.F.);
#4275=ORIENTED_EDGE('',*,*,#3083,.F.);
#4276=ORIENTED_EDGE('',*,*,#3076,.F.);
#4277=ORIENTED_EDGE('',*,*,#3078,.F.);
#4278=ORIENTED_EDGE('',*,*,#3080,.F.);
#4279=ORIENTED_EDGE('',*,*,#2605,.T.);
#4280=ORIENTED_EDGE('',*,*,#3079,.F.);
#4281=ORIENTED_EDGE('',*,*,#3102,.T.);
#4282=ORIENTED_EDGE('',*,*,#3103,.T.);
#4283=ORIENTED_EDGE('',*,*,#3104,.F.);
#4284=ORIENTED_EDGE('',*,*,#3015,.T.);
#4285=ORIENTED_EDGE('',*,*,#3074,.F.);
#4286=ORIENTED_EDGE('',*,*,#3105,.F.);
#4287=ORIENTED_EDGE('',*,*,#3106,.T.);
#4288=ORIENTED_EDGE('',*,*,#3102,.F.);
#4289=ORIENTED_EDGE('',*,*,#2925,.T.);
#4290=ORIENTED_EDGE('',*,*,#3107,.T.);
#4291=ORIENTED_EDGE('',*,*,#3108,.T.);
#4292=ORIENTED_EDGE('',*,*,#3109,.T.);
#4293=ORIENTED_EDGE('',*,*,#3109,.F.);
#4294=ORIENTED_EDGE('',*,*,#3110,.T.);
#4295=ORIENTED_EDGE('',*,*,#3111,.F.);
#4296=ORIENTED_EDGE('',*,*,#3112,.T.);
#4297=ORIENTED_EDGE('',*,*,#3113,.F.);
#4298=ORIENTED_EDGE('',*,*,#3114,.T.);
#4299=ORIENTED_EDGE('',*,*,#3115,.F.);
#4300=ORIENTED_EDGE('',*,*,#3116,.T.);
#4301=ORIENTED_EDGE('',*,*,#3117,.F.);
#4302=ORIENTED_EDGE('',*,*,#3118,.T.);
#4303=ORIENTED_EDGE('',*,*,#3119,.F.);
#4304=ORIENTED_EDGE('',*,*,#2697,.T.);
#4305=ORIENTED_EDGE('',*,*,#3120,.F.);
#4306=ORIENTED_EDGE('',*,*,#2926,.T.);
#4307=ORIENTED_EDGE('',*,*,#3121,.T.);
#4308=ORIENTED_EDGE('',*,*,#3111,.T.);
#4309=ORIENTED_EDGE('',*,*,#3122,.T.);
#4310=ORIENTED_EDGE('',*,*,#3123,.T.);
#4311=ORIENTED_EDGE('',*,*,#3121,.F.);
#4312=ORIENTED_EDGE('',*,*,#3124,.T.);
#4313=ORIENTED_EDGE('',*,*,#3125,.T.);
#4314=ORIENTED_EDGE('',*,*,#3126,.F.);
#4315=ORIENTED_EDGE('',*,*,#3127,.F.);
#4316=ORIENTED_EDGE('',*,*,#3128,.F.);
#4317=ORIENTED_EDGE('',*,*,#3129,.F.);
#4318=ORIENTED_EDGE('',*,*,#3112,.F.);
#4319=ORIENTED_EDGE('',*,*,#3130,.T.);
#4320=ORIENTED_EDGE('',*,*,#3115,.T.);
#4321=ORIENTED_EDGE('',*,*,#3131,.T.);
#4322=ORIENTED_EDGE('',*,*,#3132,.T.);
#4323=ORIENTED_EDGE('',*,*,#3132,.F.);
#4324=ORIENTED_EDGE('',*,*,#3133,.F.);
#4325=ORIENTED_EDGE('',*,*,#3134,.F.);
#4326=ORIENTED_EDGE('',*,*,#3135,.T.);
#4327=ORIENTED_EDGE('',*,*,#3129,.T.);
#4328=ORIENTED_EDGE('',*,*,#3136,.T.);
#4329=ORIENTED_EDGE('',*,*,#3137,.T.);
#4330=ORIENTED_EDGE('',*,*,#3113,.T.);
#4331=ORIENTED_EDGE('',*,*,#3138,.T.);
#4332=ORIENTED_EDGE('',*,*,#3139,.T.);
#4333=ORIENTED_EDGE('',*,*,#3140,.T.);
#4334=ORIENTED_EDGE('',*,*,#2936,.T.);
#4335=ORIENTED_EDGE('',*,*,#3141,.T.);
#4336=ORIENTED_EDGE('',*,*,#2702,.F.);
#4337=ORIENTED_EDGE('',*,*,#3142,.T.);
#4338=ORIENTED_EDGE('',*,*,#3143,.T.);
#4339=ORIENTED_EDGE('',*,*,#3144,.F.);
#4340=ORIENTED_EDGE('',*,*,#2987,.T.);
#4341=ORIENTED_EDGE('',*,*,#2993,.F.);
#4342=ORIENTED_EDGE('',*,*,#2996,.F.);
#4343=ORIENTED_EDGE('',*,*,#3145,.F.);
#4344=ORIENTED_EDGE('',*,*,#3146,.F.);
#4345=ORIENTED_EDGE('',*,*,#3147,.F.);
#4346=ORIENTED_EDGE('',*,*,#3148,.F.);
#4347=ORIENTED_EDGE('',*,*,#3149,.F.);
#4348=ORIENTED_EDGE('',*,*,#3150,.F.);
#4349=ORIENTED_EDGE('',*,*,#3151,.F.);
#4350=ORIENTED_EDGE('',*,*,#2989,.T.);
#4351=ORIENTED_EDGE('',*,*,#3152,.T.);
#4352=ORIENTED_EDGE('',*,*,#3153,.F.);
#4353=ORIENTED_EDGE('',*,*,#3154,.F.);
#4354=ORIENTED_EDGE('',*,*,#2945,.T.);
#4355=ORIENTED_EDGE('',*,*,#3155,.F.);
#4356=ORIENTED_EDGE('',*,*,#3156,.T.);
#4357=ORIENTED_EDGE('',*,*,#3157,.F.);
#4358=ORIENTED_EDGE('',*,*,#3158,.T.);
#4359=ORIENTED_EDGE('',*,*,#3159,.F.);
#4360=ORIENTED_EDGE('',*,*,#3160,.F.);
#4361=ORIENTED_EDGE('',*,*,#3141,.F.);
#4362=ORIENTED_EDGE('',*,*,#2935,.T.);
#4363=ORIENTED_EDGE('',*,*,#2941,.F.);
#4364=ORIENTED_EDGE('',*,*,#2947,.T.);
#4365=ORIENTED_EDGE('',*,*,#3161,.T.);
#4366=ORIENTED_EDGE('',*,*,#3162,.T.);
#4367=ORIENTED_EDGE('',*,*,#3142,.F.);
#4368=ORIENTED_EDGE('',*,*,#3140,.F.);
#4369=ORIENTED_EDGE('',*,*,#3163,.T.);
#4370=ORIENTED_EDGE('',*,*,#3126,.T.);
#4371=ORIENTED_EDGE('',*,*,#3164,.F.);
#4372=ORIENTED_EDGE('',*,*,#3165,.F.);
#4373=ORIENTED_EDGE('',*,*,#3166,.T.);
#4374=ORIENTED_EDGE('',*,*,#3167,.T.);
#4375=ORIENTED_EDGE('',*,*,#2937,.T.);
#4376=ORIENTED_EDGE('',*,*,#3168,.F.);
#4377=ORIENTED_EDGE('',*,*,#3159,.T.);
#4378=ORIENTED_EDGE('',*,*,#3169,.T.);
#4379=ORIENTED_EDGE('',*,*,#3134,.T.);
#4380=ORIENTED_EDGE('',*,*,#3130,.F.);
#4381=ORIENTED_EDGE('',*,*,#3135,.F.);
#4382=ORIENTED_EDGE('',*,*,#3169,.F.);
#4383=ORIENTED_EDGE('',*,*,#3158,.F.);
#4384=ORIENTED_EDGE('',*,*,#3170,.F.);
#4385=ORIENTED_EDGE('',*,*,#3171,.F.);
#4386=ORIENTED_EDGE('',*,*,#3172,.F.);
#4387=ORIENTED_EDGE('',*,*,#3173,.F.);
#4388=ORIENTED_EDGE('',*,*,#3116,.F.);
#4389=ORIENTED_EDGE('',*,*,#3173,.T.);
#4390=ORIENTED_EDGE('',*,*,#3174,.T.);
#4391=ORIENTED_EDGE('',*,*,#3175,.T.);
#4392=ORIENTED_EDGE('',*,*,#3117,.T.);
#4393=ORIENTED_EDGE('',*,*,#3176,.T.);
#4394=ORIENTED_EDGE('',*,*,#3177,.T.);
#4395=ORIENTED_EDGE('',*,*,#3178,.T.);
#4396=ORIENTED_EDGE('',*,*,#3179,.T.);
#4397=ORIENTED_EDGE('',*,*,#3180,.F.);
#4398=ORIENTED_EDGE('',*,*,#3177,.F.);
#4399=ORIENTED_EDGE('',*,*,#3181,.F.);
#4400=ORIENTED_EDGE('',*,*,#3182,.F.);
#4401=ORIENTED_EDGE('',*,*,#3183,.F.);
#4402=ORIENTED_EDGE('',*,*,#3184,.F.);
#4403=ORIENTED_EDGE('',*,*,#3005,.F.);
#4404=ORIENTED_EDGE('',*,*,#3185,.F.);
#4405=ORIENTED_EDGE('',*,*,#2707,.F.);
#4406=ORIENTED_EDGE('',*,*,#3186,.F.);
#4407=ORIENTED_EDGE('',*,*,#3176,.F.);
#4408=ORIENTED_EDGE('',*,*,#3187,.T.);
#4409=ORIENTED_EDGE('',*,*,#3188,.T.);
#4410=ORIENTED_EDGE('',*,*,#3189,.F.);
#4411=ORIENTED_EDGE('',*,*,#3148,.T.);
#4412=ORIENTED_EDGE('',*,*,#3190,.F.);
#4413=ORIENTED_EDGE('',*,*,#3191,.T.);
#4414=ORIENTED_EDGE('',*,*,#3192,.F.);
#4415=ORIENTED_EDGE('',*,*,#3181,.T.);
#4416=ORIENTED_EDGE('',*,*,#3006,.T.);
#4417=ORIENTED_EDGE('',*,*,#3184,.T.);
#4418=ORIENTED_EDGE('',*,*,#3193,.T.);
#4419=ORIENTED_EDGE('',*,*,#3194,.T.);
#4420=ORIENTED_EDGE('',*,*,#3194,.F.);
#4421=ORIENTED_EDGE('',*,*,#3195,.T.);
#4422=ORIENTED_EDGE('',*,*,#3196,.T.);
#4423=ORIENTED_EDGE('',*,*,#3001,.F.);
#4424=ORIENTED_EDGE('',*,*,#3007,.T.);
#4425=ORIENTED_EDGE('',*,*,#3192,.T.);
#4426=ORIENTED_EDGE('',*,*,#3197,.T.);
#4427=ORIENTED_EDGE('',*,*,#3198,.T.);
#4428=ORIENTED_EDGE('',*,*,#3182,.T.);
#4429=ORIENTED_EDGE('',*,*,#3197,.F.);
#4430=ORIENTED_EDGE('',*,*,#3191,.F.);
#4431=ORIENTED_EDGE('',*,*,#3199,.F.);
#4432=ORIENTED_EDGE('',*,*,#3200,.T.);
#4433=ORIENTED_EDGE('',*,*,#2999,.T.);
#4434=ORIENTED_EDGE('',*,*,#3201,.T.);
#4435=ORIENTED_EDGE('',*,*,#3202,.F.);
#4436=ORIENTED_EDGE('',*,*,#3145,.T.);
#4437=ORIENTED_EDGE('',*,*,#2995,.T.);
#4438=ORIENTED_EDGE('',*,*,#3201,.F.);
#4439=ORIENTED_EDGE('',*,*,#2998,.F.);
#4440=ORIENTED_EDGE('',*,*,#3002,.F.);
#4441=ORIENTED_EDGE('',*,*,#3196,.F.);
#4442=ORIENTED_EDGE('',*,*,#3203,.T.);
#4443=ORIENTED_EDGE('',*,*,#3190,.T.);
#4444=ORIENTED_EDGE('',*,*,#3147,.T.);
#4445=ORIENTED_EDGE('',*,*,#3204,.T.);
#4446=ORIENTED_EDGE('',*,*,#3199,.T.);
#4447=ORIENTED_EDGE('',*,*,#3018,.F.);
#4448=ORIENTED_EDGE('',*,*,#3205,.T.);
#4449=ORIENTED_EDGE('',*,*,#2710,.T.);
#4450=ORIENTED_EDGE('',*,*,#3206,.T.);
#4451=ORIENTED_EDGE('',*,*,#3011,.F.);
#4452=ORIENTED_EDGE('',*,*,#3206,.F.);
#4453=ORIENTED_EDGE('',*,*,#2709,.F.);
#4454=ORIENTED_EDGE('',*,*,#3207,.F.);
#4455=ORIENTED_EDGE('',*,*,#3012,.F.);
#4456=ORIENTED_EDGE('',*,*,#3004,.T.);
#4457=ORIENTED_EDGE('',*,*,#3009,.T.);
#4458=ORIENTED_EDGE('',*,*,#3013,.F.);
#4459=ORIENTED_EDGE('',*,*,#3207,.T.);
#4460=ORIENTED_EDGE('',*,*,#2708,.T.);
#4461=ORIENTED_EDGE('',*,*,#3185,.T.);
#4462=ORIENTED_EDGE('',*,*,#3104,.T.);
#4463=ORIENTED_EDGE('',*,*,#3208,.T.);
#4464=ORIENTED_EDGE('',*,*,#2712,.T.);
#4465=ORIENTED_EDGE('',*,*,#3209,.T.);
#4466=ORIENTED_EDGE('',*,*,#3016,.T.);
#4467=ORIENTED_EDGE('',*,*,#3205,.F.);
#4468=ORIENTED_EDGE('',*,*,#3017,.F.);
#4469=ORIENTED_EDGE('',*,*,#3209,.F.);
#4470=ORIENTED_EDGE('',*,*,#2711,.F.);
#4471=ORIENTED_EDGE('',*,*,#2554,.F.);
#4472=ORIENTED_EDGE('',*,*,#2700,.T.);
#4473=ORIENTED_EDGE('',*,*,#3210,.T.);
#4474=ORIENTED_EDGE('',*,*,#3211,.F.);
#4475=ORIENTED_EDGE('',*,*,#3212,.F.);
#4476=ORIENTED_EDGE('',*,*,#3213,.T.);
#4477=ORIENTED_EDGE('',*,*,#3210,.F.);
#4478=ORIENTED_EDGE('',*,*,#2699,.T.);
#4479=ORIENTED_EDGE('',*,*,#3214,.F.);
#4480=ORIENTED_EDGE('',*,*,#3215,.F.);
#4481=ORIENTED_EDGE('',*,*,#3216,.T.);
#4482=ORIENTED_EDGE('',*,*,#3217,.T.);
#4483=ORIENTED_EDGE('',*,*,#3218,.F.);
#4484=ORIENTED_EDGE('',*,*,#3219,.T.);
#4485=ORIENTED_EDGE('',*,*,#3220,.F.);
#4486=ORIENTED_EDGE('',*,*,#3221,.F.);
#4487=ORIENTED_EDGE('',*,*,#3222,.F.);
#4488=ORIENTED_EDGE('',*,*,#2927,.F.);
#4489=ORIENTED_EDGE('',*,*,#3120,.T.);
#4490=ORIENTED_EDGE('',*,*,#2696,.T.);
#4491=ORIENTED_EDGE('',*,*,#3223,.T.);
#4492=ORIENTED_EDGE('',*,*,#3223,.F.);
#4493=ORIENTED_EDGE('',*,*,#2695,.T.);
#4494=ORIENTED_EDGE('',*,*,#3224,.F.);
#4495=ORIENTED_EDGE('',*,*,#3225,.F.);
#4496=ORIENTED_EDGE('',*,*,#2549,.F.);
#4497=ORIENTED_EDGE('',*,*,#3226,.T.);
#4498=ORIENTED_EDGE('',*,*,#3227,.T.);
#4499=ORIENTED_EDGE('',*,*,#3228,.T.);
#4500=ORIENTED_EDGE('',*,*,#3224,.T.);
#4501=ORIENTED_EDGE('',*,*,#2694,.T.);
#4502=ORIENTED_EDGE('',*,*,#2555,.F.);
#4503=ORIENTED_EDGE('',*,*,#3213,.F.);
#4504=ORIENTED_EDGE('',*,*,#3229,.T.);
#4505=ORIENTED_EDGE('',*,*,#3226,.F.);
#4506=ORIENTED_EDGE('',*,*,#3230,.T.);
#4507=ORIENTED_EDGE('',*,*,#3214,.T.);
#4508=ORIENTED_EDGE('',*,*,#2698,.T.);
#4509=ORIENTED_EDGE('',*,*,#3119,.T.);
#4510=ORIENTED_EDGE('',*,*,#3231,.T.);
#4511=ORIENTED_EDGE('',*,*,#3186,.T.);
#4512=ORIENTED_EDGE('',*,*,#2706,.T.);
#4513=ORIENTED_EDGE('',*,*,#3232,.T.);
#4514=ORIENTED_EDGE('',*,*,#2584,.F.);
#4515=ORIENTED_EDGE('',*,*,#2609,.T.);
#4516=ORIENTED_EDGE('',*,*,#2920,.F.);
#4517=ORIENTED_EDGE('',*,*,#2918,.F.);
#4518=ORIENTED_EDGE('',*,*,#2915,.F.);
#4519=ORIENTED_EDGE('',*,*,#2912,.F.);
#4520=ORIENTED_EDGE('',*,*,#2909,.F.);
#4521=ORIENTED_EDGE('',*,*,#2906,.F.);
#4522=ORIENTED_EDGE('',*,*,#2903,.F.);
#4523=ORIENTED_EDGE('',*,*,#2900,.F.);
#4524=ORIENTED_EDGE('',*,*,#2897,.F.);
#4525=ORIENTED_EDGE('',*,*,#2894,.F.);
#4526=ORIENTED_EDGE('',*,*,#2889,.F.);
#4527=ORIENTED_EDGE('',*,*,#2888,.F.);
#4528=ORIENTED_EDGE('',*,*,#2886,.F.);
#4529=ORIENTED_EDGE('',*,*,#2884,.F.);
#4530=ORIENTED_EDGE('',*,*,#2882,.F.);
#4531=ORIENTED_EDGE('',*,*,#2879,.F.);
#4532=ORIENTED_EDGE('',*,*,#2876,.F.);
#4533=ORIENTED_EDGE('',*,*,#2871,.F.);
#4534=ORIENTED_EDGE('',*,*,#2870,.F.);
#4535=ORIENTED_EDGE('',*,*,#2868,.F.);
#4536=ORIENTED_EDGE('',*,*,#2864,.F.);
#4537=ORIENTED_EDGE('',*,*,#2862,.F.);
#4538=ORIENTED_EDGE('',*,*,#2859,.F.);
#4539=ORIENTED_EDGE('',*,*,#2856,.F.);
#4540=ORIENTED_EDGE('',*,*,#2853,.F.);
#4541=ORIENTED_EDGE('',*,*,#2850,.F.);
#4542=ORIENTED_EDGE('',*,*,#2847,.F.);
#4543=ORIENTED_EDGE('',*,*,#2844,.F.);
#4544=ORIENTED_EDGE('',*,*,#2839,.F.);
#4545=ORIENTED_EDGE('',*,*,#2866,.F.);
#4546=ORIENTED_EDGE('',*,*,#2835,.F.);
#4547=ORIENTED_EDGE('',*,*,#2561,.F.);
#4548=ORIENTED_EDGE('',*,*,#2573,.F.);
#4549=ORIENTED_EDGE('',*,*,#2577,.T.);
#4550=ORIENTED_EDGE('',*,*,#2777,.T.);
#4551=ORIENTED_EDGE('',*,*,#2865,.F.);
#4552=ORIENTED_EDGE('',*,*,#3233,.T.);
#4553=ORIENTED_EDGE('',*,*,#3221,.T.);
#4554=ORIENTED_EDGE('',*,*,#3225,.T.);
#4555=ORIENTED_EDGE('',*,*,#3228,.F.);
#4556=ORIENTED_EDGE('',*,*,#3234,.T.);
#4557=ORIENTED_EDGE('',*,*,#2837,.F.);
#4558=ORIENTED_EDGE('',*,*,#3234,.F.);
#4559=ORIENTED_EDGE('',*,*,#3227,.F.);
#4560=ORIENTED_EDGE('',*,*,#3229,.F.);
#4561=ORIENTED_EDGE('',*,*,#3212,.T.);
#4562=ORIENTED_EDGE('',*,*,#3235,.F.);
#4563=ORIENTED_EDGE('',*,*,#3048,.F.);
#4564=ORIENTED_EDGE('',*,*,#2563,.T.);
#4565=ORIENTED_EDGE('',*,*,#3046,.F.);
#4566=ORIENTED_EDGE('',*,*,#3235,.T.);
#4567=ORIENTED_EDGE('',*,*,#3211,.T.);
#4568=ORIENTED_EDGE('',*,*,#3220,.T.);
#4569=ORIENTED_EDGE('',*,*,#3236,.T.);
#4570=ORIENTED_EDGE('',*,*,#3161,.F.);
#4571=ORIENTED_EDGE('',*,*,#2946,.T.);
#4572=ORIENTED_EDGE('',*,*,#3154,.T.);
#4573=ORIENTED_EDGE('',*,*,#3237,.T.);
#4574=ORIENTED_EDGE('',*,*,#3237,.F.);
#4575=ORIENTED_EDGE('',*,*,#3153,.T.);
#4576=ORIENTED_EDGE('',*,*,#3238,.F.);
#4577=ORIENTED_EDGE('',*,*,#3143,.F.);
#4578=ORIENTED_EDGE('',*,*,#3162,.F.);
#4579=ORIENTED_EDGE('',*,*,#3028,.F.);
#4580=ORIENTED_EDGE('',*,*,#3239,.T.);
#4581=ORIENTED_EDGE('',*,*,#3155,.T.);
#4582=ORIENTED_EDGE('',*,*,#2944,.T.);
#4583=ORIENTED_EDGE('',*,*,#3034,.F.);
#4584=ORIENTED_EDGE('',*,*,#3240,.T.);
#4585=ORIENTED_EDGE('',*,*,#3241,.T.);
#4586=ORIENTED_EDGE('',*,*,#3242,.T.);
#4587=ORIENTED_EDGE('',*,*,#3241,.F.);
#4588=ORIENTED_EDGE('',*,*,#3243,.F.);
#4589=ORIENTED_EDGE('',*,*,#3244,.T.);
#4590=ORIENTED_EDGE('',*,*,#3245,.T.);
#4591=ORIENTED_EDGE('',*,*,#3170,.T.);
#4592=ORIENTED_EDGE('',*,*,#3157,.T.);
#4593=ORIENTED_EDGE('',*,*,#3246,.T.);
#4594=ORIENTED_EDGE('',*,*,#3245,.F.);
#4595=ORIENTED_EDGE('',*,*,#3247,.T.);
#4596=ORIENTED_EDGE('',*,*,#3248,.F.);
#4597=ORIENTED_EDGE('',*,*,#3031,.F.);
#4598=ORIENTED_EDGE('',*,*,#3242,.F.);
#4599=ORIENTED_EDGE('',*,*,#3244,.F.);
#4600=ORIENTED_EDGE('',*,*,#3247,.F.);
#4601=ORIENTED_EDGE('',*,*,#3246,.F.);
#4602=ORIENTED_EDGE('',*,*,#3156,.F.);
#4603=ORIENTED_EDGE('',*,*,#3239,.F.);
#4604=ORIENTED_EDGE('',*,*,#3040,.F.);
#4605=ORIENTED_EDGE('',*,*,#3249,.T.);
#4606=ORIENTED_EDGE('',*,*,#3218,.T.);
#4607=ORIENTED_EDGE('',*,*,#3250,.T.);
#4608=ORIENTED_EDGE('',*,*,#3037,.F.);
#4609=ORIENTED_EDGE('',*,*,#3250,.F.);
#4610=ORIENTED_EDGE('',*,*,#3217,.F.);
#4611=ORIENTED_EDGE('',*,*,#3251,.F.);
#4612=ORIENTED_EDGE('',*,*,#3240,.F.);
#4613=ORIENTED_EDGE('',*,*,#2923,.F.);
#4614=ORIENTED_EDGE('',*,*,#3252,.T.);
#4615=ORIENTED_EDGE('',*,*,#3166,.F.);
#4616=ORIENTED_EDGE('',*,*,#3253,.T.);
#4617=ORIENTED_EDGE('',*,*,#3254,.T.);
#4618=ORIENTED_EDGE('',*,*,#2933,.F.);
#4619=ORIENTED_EDGE('',*,*,#2939,.T.);
#4620=ORIENTED_EDGE('',*,*,#3255,.T.);
#4621=ORIENTED_EDGE('',*,*,#3167,.F.);
#4622=ORIENTED_EDGE('',*,*,#3256,.T.);
#4623=ORIENTED_EDGE('',*,*,#2938,.T.);
#4624=ORIENTED_EDGE('',*,*,#3144,.T.);
#4625=ORIENTED_EDGE('',*,*,#3238,.T.);
#4626=ORIENTED_EDGE('',*,*,#3152,.F.);
#4627=ORIENTED_EDGE('',*,*,#2988,.T.);
#4628=ORIENTED_EDGE('',*,*,#3094,.F.);
#4629=ORIENTED_EDGE('',*,*,#2990,.T.);
#4630=ORIENTED_EDGE('',*,*,#3151,.T.);
#4631=ORIENTED_EDGE('',*,*,#3257,.T.);
#4632=ORIENTED_EDGE('',*,*,#3091,.F.);
#4633=ORIENTED_EDGE('',*,*,#3257,.F.);
#4634=ORIENTED_EDGE('',*,*,#3150,.T.);
#4635=ORIENTED_EDGE('',*,*,#3258,.F.);
#4636=ORIENTED_EDGE('',*,*,#3259,.F.);
#4637=ORIENTED_EDGE('',*,*,#3260,.F.);
#4638=ORIENTED_EDGE('',*,*,#3261,.F.);
#4639=ORIENTED_EDGE('',*,*,#3082,.F.);
#4640=ORIENTED_EDGE('',*,*,#3262,.T.);
#4641=ORIENTED_EDGE('',*,*,#3263,.T.);
#4642=ORIENTED_EDGE('',*,*,#3105,.T.);
#4643=ORIENTED_EDGE('',*,*,#3088,.F.);
#4644=ORIENTED_EDGE('',*,*,#3261,.T.);
#4645=ORIENTED_EDGE('',*,*,#3264,.T.);
#4646=ORIENTED_EDGE('',*,*,#3265,.T.);
#4647=ORIENTED_EDGE('',*,*,#3264,.F.);
#4648=ORIENTED_EDGE('',*,*,#3260,.T.);
#4649=ORIENTED_EDGE('',*,*,#3266,.T.);
#4650=ORIENTED_EDGE('',*,*,#3267,.T.);
#4651=ORIENTED_EDGE('',*,*,#3258,.T.);
#4652=ORIENTED_EDGE('',*,*,#3149,.T.);
#4653=ORIENTED_EDGE('',*,*,#3189,.T.);
#4654=ORIENTED_EDGE('',*,*,#3267,.F.);
#4655=ORIENTED_EDGE('',*,*,#3268,.T.);
#4656=ORIENTED_EDGE('',*,*,#3259,.T.);
#4657=ORIENTED_EDGE('',*,*,#3085,.F.);
#4658=ORIENTED_EDGE('',*,*,#3265,.F.);
#4659=ORIENTED_EDGE('',*,*,#3269,.T.);
#4660=ORIENTED_EDGE('',*,*,#3270,.T.);
#4661=ORIENTED_EDGE('',*,*,#3262,.F.);
#4662=ORIENTED_EDGE('',*,*,#2580,.F.);
#4663=ORIENTED_EDGE('',*,*,#3101,.T.);
#4664=ORIENTED_EDGE('',*,*,#2625,.T.);
#4665=ORIENTED_EDGE('',*,*,#2784,.F.);
#4666=ORIENTED_EDGE('',*,*,#2725,.F.);
#4667=ORIENTED_EDGE('',*,*,#2656,.F.);
#4668=ORIENTED_EDGE('',*,*,#2718,.F.);
#4669=ORIENTED_EDGE('',*,*,#3271,.F.);
#4670=ORIENTED_EDGE('',*,*,#3272,.T.);
#4671=ORIENTED_EDGE('',*,*,#2677,.F.);
#4672=ORIENTED_EDGE('',*,*,#3272,.F.);
#4673=ORIENTED_EDGE('',*,*,#3273,.F.);
#4674=ORIENTED_EDGE('',*,*,#2678,.F.);
#4675=ORIENTED_EDGE('',*,*,#3273,.T.);
#4676=ORIENTED_EDGE('',*,*,#3271,.T.);
#4677=ORIENTED_EDGE('',*,*,#2717,.T.);
#4678=ORIENTED_EDGE('',*,*,#3274,.F.);
#4679=ORIENTED_EDGE('',*,*,#2659,.F.);
#4680=ORIENTED_EDGE('',*,*,#2681,.F.);
#4681=ORIENTED_EDGE('',*,*,#3275,.F.);
#4682=ORIENTED_EDGE('',*,*,#3276,.T.);
#4683=ORIENTED_EDGE('',*,*,#2650,.F.);
#4684=ORIENTED_EDGE('',*,*,#3276,.F.);
#4685=ORIENTED_EDGE('',*,*,#3277,.F.);
#4686=ORIENTED_EDGE('',*,*,#2651,.F.);
#4687=ORIENTED_EDGE('',*,*,#3277,.T.);
#4688=ORIENTED_EDGE('',*,*,#3275,.T.);
#4689=ORIENTED_EDGE('',*,*,#2680,.T.);
#4690=ORIENTED_EDGE('',*,*,#3278,.F.);
#4691=ORIENTED_EDGE('',*,*,#3279,.F.);
#4692=ORIENTED_EDGE('',*,*,#3280,.T.);
#4693=ORIENTED_EDGE('',*,*,#3278,.T.);
#4694=ORIENTED_EDGE('',*,*,#3280,.F.);
#4695=ORIENTED_EDGE('',*,*,#3281,.F.);
#4696=ORIENTED_EDGE('',*,*,#3282,.T.);
#4697=ORIENTED_EDGE('',*,*,#3274,.T.);
#4698=ORIENTED_EDGE('',*,*,#3282,.F.);
#4699=ORIENTED_EDGE('',*,*,#3283,.T.);
#4700=ORIENTED_EDGE('',*,*,#3284,.T.);
#4701=ORIENTED_EDGE('',*,*,#2930,.F.);
#4702=ORIENTED_EDGE('',*,*,#3255,.F.);
#4703=ORIENTED_EDGE('',*,*,#3256,.F.);
#4704=ORIENTED_EDGE('',*,*,#3252,.F.);
#4705=ORIENTED_EDGE('',*,*,#2922,.T.);
#4706=ORIENTED_EDGE('',*,*,#2931,.F.);
#4707=ORIENTED_EDGE('',*,*,#3284,.F.);
#4708=ORIENTED_EDGE('',*,*,#3283,.F.);
#4709=ORIENTED_EDGE('',*,*,#3285,.F.);
#4710=ORIENTED_EDGE('',*,*,#3125,.F.);
#4711=ORIENTED_EDGE('',*,*,#3286,.F.);
#4712=ORIENTED_EDGE('',*,*,#3287,.T.);
#4713=ORIENTED_EDGE('',*,*,#3288,.T.);
#4714=ORIENTED_EDGE('',*,*,#3253,.F.);
#4715=ORIENTED_EDGE('',*,*,#3165,.T.);
#4716=ORIENTED_EDGE('',*,*,#3164,.T.);
#4717=ORIENTED_EDGE('',*,*,#3107,.F.);
#4718=ORIENTED_EDGE('',*,*,#2924,.F.);
#4719=ORIENTED_EDGE('',*,*,#3254,.F.);
#4720=ORIENTED_EDGE('',*,*,#3288,.F.);
#4721=ORIENTED_EDGE('',*,*,#3289,.T.);
#4722=ORIENTED_EDGE('',*,*,#3123,.F.);
#4723=ORIENTED_EDGE('',*,*,#3290,.F.);
#4724=ORIENTED_EDGE('',*,*,#3286,.T.);
#4725=ORIENTED_EDGE('',*,*,#3124,.F.);
#4726=ORIENTED_EDGE('',*,*,#3287,.F.);
#4727=ORIENTED_EDGE('',*,*,#3290,.T.);
#4728=ORIENTED_EDGE('',*,*,#3122,.F.);
#4729=ORIENTED_EDGE('',*,*,#3110,.F.);
#4730=ORIENTED_EDGE('',*,*,#3108,.F.);
#4731=ORIENTED_EDGE('',*,*,#3289,.F.);
#4732=ORIENTED_EDGE('',*,*,#3291,.F.);
#4733=ORIENTED_EDGE('',*,*,#2716,.F.);
#4734=ORIENTED_EDGE('',*,*,#3292,.T.);
#4735=ORIENTED_EDGE('',*,*,#3291,.T.);
#4736=ORIENTED_EDGE('',*,*,#3292,.F.);
#4737=ORIENTED_EDGE('',*,*,#2715,.F.);
#4738=ORIENTED_EDGE('',*,*,#3293,.T.);
#4739=ORIENTED_EDGE('',*,*,#3285,.T.);
#4740=ORIENTED_EDGE('',*,*,#3293,.F.);
#4741=ORIENTED_EDGE('',*,*,#2666,.F.);
#4742=ORIENTED_EDGE('',*,*,#2671,.T.);
#4743=ORIENTED_EDGE('',*,*,#2660,.F.);
#4744=ORIENTED_EDGE('',*,*,#2676,.T.);
#4745=ORIENTED_EDGE('',*,*,#3294,.F.);
#4746=ORIENTED_EDGE('',*,*,#2646,.T.);
#4747=ORIENTED_EDGE('',*,*,#3279,.T.);
#4748=ORIENTED_EDGE('',*,*,#3281,.T.);
#4749=ORIENTED_EDGE('',*,*,#3294,.T.);
#4750=ORIENTED_EDGE('',*,*,#2675,.F.);
#4751=ORIENTED_EDGE('',*,*,#2686,.F.);
#4752=ORIENTED_EDGE('',*,*,#2701,.F.);
#4753=ORIENTED_EDGE('',*,*,#2647,.T.);
#4754=ORIENTED_EDGE('',*,*,#3043,.F.);
#4755=ORIENTED_EDGE('',*,*,#3236,.F.);
#4756=ORIENTED_EDGE('',*,*,#3219,.F.);
#4757=ORIENTED_EDGE('',*,*,#3249,.F.);
#4758=ORIENTED_EDGE('',*,*,#2841,.F.);
#4759=ORIENTED_EDGE('',*,*,#2928,.F.);
#4760=ORIENTED_EDGE('',*,*,#3222,.T.);
#4761=ORIENTED_EDGE('',*,*,#3233,.F.);
#4762=ORIENTED_EDGE('',*,*,#3139,.F.);
#4763=ORIENTED_EDGE('',*,*,#3295,.F.);
#4764=ORIENTED_EDGE('',*,*,#3296,.T.);
#4765=ORIENTED_EDGE('',*,*,#3127,.T.);
#4766=ORIENTED_EDGE('',*,*,#3163,.F.);
#4767=ORIENTED_EDGE('',*,*,#3160,.T.);
#4768=ORIENTED_EDGE('',*,*,#3168,.T.);
#4769=ORIENTED_EDGE('',*,*,#3133,.T.);
#4770=ORIENTED_EDGE('',*,*,#3131,.F.);
#4771=ORIENTED_EDGE('',*,*,#3114,.F.);
#4772=ORIENTED_EDGE('',*,*,#3137,.F.);
#4773=ORIENTED_EDGE('',*,*,#3297,.T.);
#4774=ORIENTED_EDGE('',*,*,#3295,.T.);
#4775=ORIENTED_EDGE('',*,*,#3138,.F.);
#4776=ORIENTED_EDGE('',*,*,#3298,.T.);
#4777=ORIENTED_EDGE('',*,*,#3136,.F.);
#4778=ORIENTED_EDGE('',*,*,#3128,.T.);
#4779=ORIENTED_EDGE('',*,*,#3296,.F.);
#4780=ORIENTED_EDGE('',*,*,#3297,.F.);
#4781=ORIENTED_EDGE('',*,*,#3171,.T.);
#4782=ORIENTED_EDGE('',*,*,#3248,.T.);
#4783=ORIENTED_EDGE('',*,*,#3243,.T.);
#4784=ORIENTED_EDGE('',*,*,#3251,.T.);
#4785=ORIENTED_EDGE('',*,*,#3216,.F.);
#4786=ORIENTED_EDGE('',*,*,#3299,.F.);
#4787=ORIENTED_EDGE('',*,*,#3300,.T.);
#4788=ORIENTED_EDGE('',*,*,#3174,.F.);
#4789=ORIENTED_EDGE('',*,*,#3172,.T.);
#4790=ORIENTED_EDGE('',*,*,#3300,.F.);
#4791=ORIENTED_EDGE('',*,*,#3301,.T.);
#4792=ORIENTED_EDGE('',*,*,#3215,.T.);
#4793=ORIENTED_EDGE('',*,*,#3230,.F.);
#4794=ORIENTED_EDGE('',*,*,#3118,.F.);
#4795=ORIENTED_EDGE('',*,*,#3175,.F.);
#4796=ORIENTED_EDGE('',*,*,#3301,.F.);
#4797=ORIENTED_EDGE('',*,*,#3299,.T.);
#4798=ORIENTED_EDGE('',*,*,#3302,.T.);
#4799=ORIENTED_EDGE('',*,*,#2704,.T.);
#4800=ORIENTED_EDGE('',*,*,#3303,.T.);
#4801=ORIENTED_EDGE('',*,*,#3298,.F.);
#4802=ORIENTED_EDGE('',*,*,#3303,.F.);
#4803=ORIENTED_EDGE('',*,*,#2703,.T.);
#4804=ORIENTED_EDGE('',*,*,#3304,.T.);
#4805=ORIENTED_EDGE('',*,*,#3302,.F.);
#4806=ORIENTED_EDGE('',*,*,#3304,.F.);
#4807=ORIENTED_EDGE('',*,*,#3146,.T.);
#4808=ORIENTED_EDGE('',*,*,#3202,.T.);
#4809=ORIENTED_EDGE('',*,*,#3203,.F.);
#4810=ORIENTED_EDGE('',*,*,#3195,.F.);
#4811=ORIENTED_EDGE('',*,*,#3193,.F.);
#4812=ORIENTED_EDGE('',*,*,#3183,.T.);
#4813=ORIENTED_EDGE('',*,*,#3198,.F.);
#4814=ORIENTED_EDGE('',*,*,#3200,.F.);
#4815=ORIENTED_EDGE('',*,*,#3204,.F.);
#4816=ORIENTED_EDGE('',*,*,#3305,.F.);
#4817=ORIENTED_EDGE('',*,*,#3188,.F.);
#4818=ORIENTED_EDGE('',*,*,#3306,.F.);
#4819=ORIENTED_EDGE('',*,*,#3307,.T.);
#4820=ORIENTED_EDGE('',*,*,#3308,.T.);
#4821=ORIENTED_EDGE('',*,*,#3269,.F.);
#4822=ORIENTED_EDGE('',*,*,#3266,.F.);
#4823=ORIENTED_EDGE('',*,*,#3268,.F.);
#4824=ORIENTED_EDGE('',*,*,#3208,.F.);
#4825=ORIENTED_EDGE('',*,*,#3103,.F.);
#4826=ORIENTED_EDGE('',*,*,#3106,.F.);
#4827=ORIENTED_EDGE('',*,*,#3263,.F.);
#4828=ORIENTED_EDGE('',*,*,#3270,.F.);
#4829=ORIENTED_EDGE('',*,*,#3308,.F.);
#4830=ORIENTED_EDGE('',*,*,#3309,.T.);
#4831=ORIENTED_EDGE('',*,*,#3232,.F.);
#4832=ORIENTED_EDGE('',*,*,#2705,.F.);
#4833=ORIENTED_EDGE('',*,*,#3179,.F.);
#4834=ORIENTED_EDGE('',*,*,#3310,.F.);
#4835=ORIENTED_EDGE('',*,*,#3306,.T.);
#4836=ORIENTED_EDGE('',*,*,#3187,.F.);
#4837=ORIENTED_EDGE('',*,*,#3309,.F.);
#4838=ORIENTED_EDGE('',*,*,#3307,.F.);
#4839=ORIENTED_EDGE('',*,*,#3310,.T.);
#4840=ORIENTED_EDGE('',*,*,#3178,.F.);
#4841=ORIENTED_EDGE('',*,*,#3180,.T.);
#4842=ORIENTED_EDGE('',*,*,#3231,.F.);
#4843=ORIENTED_EDGE('',*,*,#3311,.F.);
#4844=ORIENTED_EDGE('',*,*,#2713,.F.);
#4845=ORIENTED_EDGE('',*,*,#3312,.T.);
#4846=ORIENTED_EDGE('',*,*,#3305,.T.);
#4847=ORIENTED_EDGE('',*,*,#3312,.F.);
#4848=ORIENTED_EDGE('',*,*,#2714,.F.);
#4849=ORIENTED_EDGE('',*,*,#3313,.T.);
#4850=ORIENTED_EDGE('',*,*,#3311,.T.);
#4851=ORIENTED_EDGE('',*,*,#3313,.F.);
#4852=TOROIDAL_SURFACE('',#5204,4.,2.);
#4853=TOROIDAL_SURFACE('',#5210,4.,2.);
#4854=TOROIDAL_SURFACE('',#5248,4.,2.);
#4855=TOROIDAL_SURFACE('',#5316,3.,2.);
#4856=TOROIDAL_SURFACE('',#5320,3.,2.);
#4857=TOROIDAL_SURFACE('',#5334,1.6,1.);
#4858=TOROIDAL_SURFACE('',#5339,1.6,1.);
#4859=TOROIDAL_SURFACE('',#5364,1.6,1.);
#4860=TOROIDAL_SURFACE('',#5369,1.6,1.);
#4861=TOROIDAL_SURFACE('',#5385,1.6,1.);
#4862=TOROIDAL_SURFACE('',#5390,1.6,1.);
#4863=TOROIDAL_SURFACE('',#5413,1.6,1.);
#4864=TOROIDAL_SURFACE('',#5417,1.6,1.);
#4865=TOROIDAL_SURFACE('',#5443,3.,1.);
#4866=TOROIDAL_SURFACE('',#5449,3.,1.);
#4867=TOROIDAL_SURFACE('',#5455,3.,1.);
#4868=TOROIDAL_SURFACE('',#5461,1.6,1.);
#4869=TOROIDAL_SURFACE('',#5472,1.6,1.);
#4870=TOROIDAL_SURFACE('',#5478,1.6,1.);
#4871=TOROIDAL_SURFACE('',#5487,1.6,1.);
#4872=TOROIDAL_SURFACE('',#5493,3.,1.);
#4873=TOROIDAL_SURFACE('',#5499,3.,1.);
#4874=TOROIDAL_SURFACE('',#5505,3.,1.);
#4875=TOROIDAL_SURFACE('',#5576,1.6,1.);
#4876=TOROIDAL_SURFACE('',#5581,3.,1.);
#4877=TOROIDAL_SURFACE('',#5587,3.,1.);
#4878=TOROIDAL_SURFACE('',#5593,3.,1.);
#4879=TOROIDAL_SURFACE('',#5613,1.6,1.);
#4880=TOROIDAL_SURFACE('',#5618,1.6,1.);
#4881=TOROIDAL_SURFACE('',#5635,3.,1.);
#4882=TOROIDAL_SURFACE('',#5641,3.,1.);
#4883=TOROIDAL_SURFACE('',#5647,3.,1.);
#4884=TOROIDAL_SURFACE('',#5653,1.6,1.);
#4885=ADVANCED_FACE('',(#1114),#4852,.T.);
#4886=ADVANCED_FACE('',(#1115),#963,.T.);
#4887=ADVANCED_FACE('',(#1116),#4853,.T.);
#4888=ADVANCED_FACE('',(#1117),#117,.F.);
#4889=ADVANCED_FACE('',(#1118),#964,.F.);
#4890=ADVANCED_FACE('',(#1119),#965,.F.);
#4891=ADVANCED_FACE('',(#1120),#118,.T.);
#4892=ADVANCED_FACE('',(#1121),#966,.F.);
#4893=ADVANCED_FACE('',(#1122),#967,.T.);
#4894=ADVANCED_FACE('',(#1123),#119,.T.);
#4895=ADVANCED_FACE('',(#1124),#120,.T.);
#4896=ADVANCED_FACE('',(#1125),#968,.T.);
#4897=ADVANCED_FACE('',(#1126),#121,.T.);
#4898=ADVANCED_FACE('',(#1127),#122,.T.);
#4899=ADVANCED_FACE('',(#1128),#4854,.T.);
#4900=ADVANCED_FACE('',(#1129),#969,.T.);
#4901=ADVANCED_FACE('',(#1130),#970,.T.);
#4902=ADVANCED_FACE('',(#1131),#113,.T.);
#4903=ADVANCED_FACE('',(#1132),#114,.T.);
#4904=ADVANCED_FACE('',(#1133),#123,.T.);
#4905=ADVANCED_FACE('',(#1134),#971,.T.);
#4906=ADVANCED_FACE('',(#1135),#124,.T.);
#4907=ADVANCED_FACE('',(#1136),#972,.T.);
#4908=ADVANCED_FACE('',(#1137),#115,.T.);
#4909=ADVANCED_FACE('',(#1138),#973,.T.);
#4910=ADVANCED_FACE('',(#1139),#974,.T.);
#4911=ADVANCED_FACE('',(#1140),#116,.T.);
#4912=ADVANCED_FACE('',(#1141),#125,.T.);
#4913=ADVANCED_FACE('',(#1142),#126,.T.);
#4914=ADVANCED_FACE('',(#1143),#975,.T.);
#4915=ADVANCED_FACE('',(#1144),#127,.F.);
#4916=ADVANCED_FACE('',(#1145),#86,.T.);
#4917=ADVANCED_FACE('',(#1146),#976,.F.);
#4918=ADVANCED_FACE('',(#1147),#977,.T.);
#4919=ADVANCED_FACE('',(#1148),#978,.F.);
#4920=ADVANCED_FACE('',(#1149,#19,#20,#21,#22,#23,#24,#25,#26,#27),#128,
 .T.);
#4921=ADVANCED_FACE('',(#1150),#129,.T.);
#4922=ADVANCED_FACE('',(#1151),#130,.F.);
#4923=ADVANCED_FACE('',(#1152),#4855,.F.);
#4924=ADVANCED_FACE('',(#1153),#979,.F.);
#4925=ADVANCED_FACE('',(#1154),#4856,.F.);
#4926=ADVANCED_FACE('',(#1155),#980,.T.);
#4927=ADVANCED_FACE('',(#1156),#131,.T.);
#4928=ADVANCED_FACE('',(#1157),#87,.F.);
#4929=ADVANCED_FACE('',(#1158),#88,.F.);
#4930=ADVANCED_FACE('',(#1159),#981,.T.);
#4931=ADVANCED_FACE('',(#1160),#982,.T.);
#4932=ADVANCED_FACE('',(#1161),#4857,.T.);
#4933=ADVANCED_FACE('',(#1162),#983,.T.);
#4934=ADVANCED_FACE('',(#1163),#4858,.T.);
#4935=ADVANCED_FACE('',(#1164),#984,.T.);
#4936=ADVANCED_FACE('',(#1165),#985,.T.);
#4937=ADVANCED_FACE('',(#1166),#132,.T.);
#4938=ADVANCED_FACE('',(#1167),#986,.T.);
#4939=ADVANCED_FACE('',(#1168),#133,.T.);
#4940=ADVANCED_FACE('',(#1169),#987,.F.);
#4941=ADVANCED_FACE('',(#1170),#134,.T.);
#4942=ADVANCED_FACE('',(#1171),#988,.F.);
#4943=ADVANCED_FACE('',(#1172),#135,.T.);
#4944=ADVANCED_FACE('',(#1173),#989,.T.);
#4945=ADVANCED_FACE('',(#1174),#136,.T.);
#4946=ADVANCED_FACE('',(#1175),#89,.F.);
#4947=ADVANCED_FACE('',(#1176),#90,.F.);
#4948=ADVANCED_FACE('',(#1177),#990,.T.);
#4949=ADVANCED_FACE('',(#1178),#991,.T.);
#4950=ADVANCED_FACE('',(#1179),#4859,.T.);
#4951=ADVANCED_FACE('',(#1180),#992,.T.);
#4952=ADVANCED_FACE('',(#1181),#4860,.T.);
#4953=ADVANCED_FACE('',(#1182),#993,.T.);
#4954=ADVANCED_FACE('',(#1183),#994,.T.);
#4955=ADVANCED_FACE('',(#1184),#137,.T.);
#4956=ADVANCED_FACE('',(#1185),#91,.F.);
#4957=ADVANCED_FACE('',(#1186),#92,.F.);
#4958=ADVANCED_FACE('',(#1187),#995,.T.);
#4959=ADVANCED_FACE('',(#1188),#996,.T.);
#4960=ADVANCED_FACE('',(#1189),#4861,.T.);
#4961=ADVANCED_FACE('',(#1190),#997,.T.);
#4962=ADVANCED_FACE('',(#1191),#4862,.T.);
#4963=ADVANCED_FACE('',(#1192),#998,.T.);
#4964=ADVANCED_FACE('',(#1193),#999,.T.);
#4965=ADVANCED_FACE('',(#1194),#1000,.T.);
#4966=ADVANCED_FACE('',(#1195),#138,.T.);
#4967=ADVANCED_FACE('',(#1196),#1001,.F.);
#4968=ADVANCED_FACE('',(#1197),#139,.T.);
#4969=ADVANCED_FACE('',(#1198),#1002,.F.);
#4970=ADVANCED_FACE('',(#1199),#140,.T.);
#4971=ADVANCED_FACE('',(#1200),#1003,.T.);
#4972=ADVANCED_FACE('',(#1201),#141,.T.);
#4973=ADVANCED_FACE('',(#1202),#93,.F.);
#4974=ADVANCED_FACE('',(#1203),#94,.F.);
#4975=ADVANCED_FACE('',(#1204),#1004,.T.);
#4976=ADVANCED_FACE('',(#1205),#1005,.T.);
#4977=ADVANCED_FACE('',(#1206),#4863,.T.);
#4978=ADVANCED_FACE('',(#1207),#1006,.T.);
#4979=ADVANCED_FACE('',(#1208),#4864,.T.);
#4980=ADVANCED_FACE('',(#1209),#1007,.T.);
#4981=ADVANCED_FACE('',(#1210),#95,.F.);
#4982=ADVANCED_FACE('',(#1211),#96,.F.);
#4983=ADVANCED_FACE('',(#1212),#97,.F.);
#4984=ADVANCED_FACE('',(#1213),#98,.F.);
#4985=ADVANCED_FACE('',(#1214),#99,.F.);
#4986=ADVANCED_FACE('',(#1215),#100,.F.);
#4987=ADVANCED_FACE('',(#1216),#1008,.T.);
#4988=ADVANCED_FACE('',(#1217),#1009,.T.);
#4989=ADVANCED_FACE('',(#1218),#4865,.T.);
#4990=ADVANCED_FACE('',(#1219),#1010,.T.);
#4991=ADVANCED_FACE('',(#1220),#4866,.T.);
#4992=ADVANCED_FACE('',(#1221),#1011,.T.);
#4993=ADVANCED_FACE('',(#1222),#4867,.T.);
#4994=ADVANCED_FACE('',(#1223),#1012,.T.);
#4995=ADVANCED_FACE('',(#1224),#4868,.T.);
#4996=ADVANCED_FACE('',(#1225),#1013,.T.);
#4997=ADVANCED_FACE('',(#1226),#15,.F.);
#4998=ADVANCED_FACE('',(#1227),#1014,.T.);
#4999=ADVANCED_FACE('',(#1228),#1015,.T.);
#5000=ADVANCED_FACE('',(#1229),#1016,.T.);
#5001=ADVANCED_FACE('',(#1230),#4869,.T.);
#5002=ADVANCED_FACE('',(#1231),#1017,.T.);
#5003=ADVANCED_FACE('',(#1232),#4870,.T.);
#5004=ADVANCED_FACE('',(#1233),#1018,.T.);
#5005=ADVANCED_FACE('',(#1234),#1019,.T.);
#5006=ADVANCED_FACE('',(#1235),#1020,.T.);
#5007=ADVANCED_FACE('',(#1236),#1021,.T.);
#5008=ADVANCED_FACE('',(#1237),#4871,.T.);
#5009=ADVANCED_FACE('',(#1238),#1022,.T.);
#5010=ADVANCED_FACE('',(#1239),#4872,.T.);
#5011=ADVANCED_FACE('',(#1240),#1023,.T.);
#5012=ADVANCED_FACE('',(#1241),#4873,.T.);
#5013=ADVANCED_FACE('',(#1242),#1024,.T.);
#5014=ADVANCED_FACE('',(#1243),#4874,.T.);
#5015=ADVANCED_FACE('',(#1244),#1025,.T.);
#5016=ADVANCED_FACE('',(#1245),#16,.F.);
#5017=ADVANCED_FACE('',(#1246),#1026,.T.);
#5018=ADVANCED_FACE('',(#1247),#1027,.F.);
#5019=ADVANCED_FACE('',(#1248),#142,.F.);
#5020=ADVANCED_FACE('',(#1249),#1028,.F.);
#5021=ADVANCED_FACE('',(#1250),#143,.F.);
#5022=ADVANCED_FACE('',(#1251),#1029,.F.);
#5023=ADVANCED_FACE('',(#1252),#144,.F.);
#5024=ADVANCED_FACE('',(#1253),#1030,.F.);
#5025=ADVANCED_FACE('',(#1254),#145,.F.);
#5026=ADVANCED_FACE('',(#1255),#1031,.T.);
#5027=ADVANCED_FACE('',(#1256),#146,.F.);
#5028=ADVANCED_FACE('',(#1257),#1032,.T.);
#5029=ADVANCED_FACE('',(#1258),#147,.F.);
#5030=ADVANCED_FACE('',(#1259),#1033,.T.);
#5031=ADVANCED_FACE('',(#1260),#148,.F.);
#5032=ADVANCED_FACE('',(#1261),#1034,.F.);
#5033=ADVANCED_FACE('',(#1262),#149,.T.);
#5034=ADVANCED_FACE('',(#1263),#1035,.F.);
#5035=ADVANCED_FACE('',(#1264),#150,.T.);
#5036=ADVANCED_FACE('',(#1265),#1036,.T.);
#5037=ADVANCED_FACE('',(#1266),#151,.T.);
#5038=ADVANCED_FACE('',(#1267),#1037,.T.);
#5039=ADVANCED_FACE('',(#1268),#152,.T.);
#5040=ADVANCED_FACE('',(#1269),#1038,.T.);
#5041=ADVANCED_FACE('',(#1270),#153,.T.);
#5042=ADVANCED_FACE('',(#1271),#1039,.F.);
#5043=ADVANCED_FACE('',(#1272),#154,.T.);
#5044=ADVANCED_FACE('',(#1273),#1040,.F.);
#5045=ADVANCED_FACE('',(#1274),#155,.T.);
#5046=ADVANCED_FACE('',(#1275),#1041,.F.);
#5047=ADVANCED_FACE('',(#1276),#156,.T.);
#5048=ADVANCED_FACE('',(#1277),#1042,.F.);
#5049=ADVANCED_FACE('',(#1278),#157,.T.);
#5050=ADVANCED_FACE('',(#1279),#1043,.T.);
#5051=ADVANCED_FACE('',(#1280),#158,.T.);
#5052=ADVANCED_FACE('',(#1281),#101,.F.);
#5053=ADVANCED_FACE('',(#1282),#1044,.T.);
#5054=ADVANCED_FACE('',(#1283),#4875,.T.);
#5055=ADVANCED_FACE('',(#1284),#1045,.T.);
#5056=ADVANCED_FACE('',(#1285),#4876,.T.);
#5057=ADVANCED_FACE('',(#1286),#1046,.T.);
#5058=ADVANCED_FACE('',(#1287),#4877,.T.);
#5059=ADVANCED_FACE('',(#1288),#1047,.T.);
#5060=ADVANCED_FACE('',(#1289),#4878,.T.);
#5061=ADVANCED_FACE('',(#1290),#1048,.T.);
#5062=ADVANCED_FACE('',(#1291),#17,.F.);
#5063=ADVANCED_FACE('',(#1292),#1049,.T.);
#5064=ADVANCED_FACE('',(#1293),#102,.F.);
#5065=ADVANCED_FACE('',(#1294),#1050,.T.);
#5066=ADVANCED_FACE('',(#1295),#103,.F.);
#5067=ADVANCED_FACE('',(#1296),#1051,.T.);
#5068=ADVANCED_FACE('',(#1297),#104,.F.);
#5069=ADVANCED_FACE('',(#1298),#1052,.T.);
#5070=ADVANCED_FACE('',(#1299),#4879,.T.);
#5071=ADVANCED_FACE('',(#1300),#1053,.T.);
#5072=ADVANCED_FACE('',(#1301),#4880,.T.);
#5073=ADVANCED_FACE('',(#1302),#1054,.T.);
#5074=ADVANCED_FACE('',(#1303),#105,.F.);
#5075=ADVANCED_FACE('',(#1304),#1055,.T.);
#5076=ADVANCED_FACE('',(#1305),#106,.F.);
#5077=ADVANCED_FACE('',(#1306),#1056,.T.);
#5078=ADVANCED_FACE('',(#1307),#1057,.T.);
#5079=ADVANCED_FACE('',(#1308),#18,.F.);
#5080=ADVANCED_FACE('',(#1309),#1058,.T.);
#5081=ADVANCED_FACE('',(#1310),#4881,.T.);
#5082=ADVANCED_FACE('',(#1311),#1059,.T.);
#5083=ADVANCED_FACE('',(#1312),#4882,.T.);
#5084=ADVANCED_FACE('',(#1313),#1060,.T.);
#5085=ADVANCED_FACE('',(#1314),#4883,.T.);
#5086=ADVANCED_FACE('',(#1315),#1061,.T.);
#5087=ADVANCED_FACE('',(#1316),#4884,.T.);
#5088=ADVANCED_FACE('',(#1317),#1062,.T.);
#5089=ADVANCED_FACE('',(#1318),#159,.T.);
#5090=ADVANCED_FACE('',(#1319),#1063,.T.);
#5091=ADVANCED_FACE('',(#1320),#160,.T.);
#5092=ADVANCED_FACE('',(#1321),#1064,.T.);
#5093=ADVANCED_FACE('',(#1322),#161,.T.);
#5094=ADVANCED_FACE('',(#1323),#1065,.T.);
#5095=ADVANCED_FACE('',(#1324),#162,.F.);
#5096=ADVANCED_FACE('',(#1325),#1066,.T.);
#5097=ADVANCED_FACE('',(#1326),#163,.T.);
#5098=ADVANCED_FACE('',(#1327),#1067,.T.);
#5099=ADVANCED_FACE('',(#1328),#1068,.T.);
#5100=ADVANCED_FACE('',(#1329),#1069,.F.);
#5101=ADVANCED_FACE('',(#1330),#1070,.F.);
#5102=ADVANCED_FACE('',(#1331),#1071,.T.);
#5103=ADVANCED_FACE('',(#1332),#164,.F.);
#5104=ADVANCED_FACE('',(#1333),#1072,.T.);
#5105=ADVANCED_FACE('',(#1334),#1073,.T.);
#5106=ADVANCED_FACE('',(#1335),#165,.F.);
#5107=ADVANCED_FACE('',(#1336),#166,.T.);
#5108=ADVANCED_FACE('',(#1337),#1074,.T.);
#5109=ADVANCED_FACE('',(#1338),#167,.F.);
#5110=ADVANCED_FACE('',(#1339),#1075,.T.);
#5111=ADVANCED_FACE('',(#1340),#168,.F.);
#5112=ADVANCED_FACE('',(#1341),#1076,.T.);
#5113=ADVANCED_FACE('',(#1342),#1077,.F.);
#5114=ADVANCED_FACE('',(#1343),#1078,.T.);
#5115=ADVANCED_FACE('',(#1344),#1079,.F.);
#5116=ADVANCED_FACE('',(#1345),#169,.F.);
#5117=ADVANCED_FACE('',(#1346),#1080,.F.);
#5118=ADVANCED_FACE('',(#1347),#1081,.F.);
#5119=ADVANCED_FACE('',(#1348),#170,.F.);
#5120=ADVANCED_FACE('',(#1349),#1082,.F.);
#5121=ADVANCED_FACE('',(#1350),#171,.T.);
#5122=ADVANCED_FACE('',(#1351),#1083,.F.);
#5123=ADVANCED_FACE('',(#1352),#172,.T.);
#5124=ADVANCED_FACE('',(#1353),#1084,.F.);
#5125=ADVANCED_FACE('',(#1354),#173,.T.);
#5126=ADVANCED_FACE('',(#1355),#1085,.F.);
#5127=ADVANCED_FACE('',(#1356),#1086,.F.);
#5128=ADVANCED_FACE('',(#1357),#174,.T.);
#5129=ADVANCED_FACE('',(#1358),#1087,.T.);
#5130=ADVANCED_FACE('',(#1359),#175,.F.);
#5131=ADVANCED_FACE('',(#1360),#1088,.T.);
#5132=ADVANCED_FACE('',(#1361),#1089,.T.);
#5133=ADVANCED_FACE('',(#1362),#176,.T.);
#5134=ADVANCED_FACE('',(#1363),#1090,.F.);
#5135=ADVANCED_FACE('',(#1364),#1091,.F.);
#5136=ADVANCED_FACE('',(#1365),#107,.T.);
#5137=ADVANCED_FACE('',(#1366),#1092,.F.);
#5138=ADVANCED_FACE('',(#1367),#108,.T.);
#5139=ADVANCED_FACE('',(#1368),#177,.F.);
#5140=ADVANCED_FACE('',(#1369),#1093,.F.);
#5141=ADVANCED_FACE('',(#1370),#178,.F.);
#5142=ADVANCED_FACE('',(#1371),#179,.F.);
#5143=ADVANCED_FACE('',(#1372),#109,.T.);
#5144=ADVANCED_FACE('',(#1373),#110,.T.);
#5145=ADVANCED_FACE('',(#1374),#1094,.T.);
#5146=ADVANCED_FACE('',(#1375),#1095,.F.);
#5147=ADVANCED_FACE('',(#1376),#180,.T.);
#5148=ADVANCED_FACE('',(#1377),#1096,.F.);
#5149=ADVANCED_FACE('',(#1378),#1097,.F.);
#5150=ADVANCED_FACE('',(#1379),#111,.T.);
#5151=ADVANCED_FACE('',(#1380),#1098,.F.);
#5152=ADVANCED_FACE('',(#1381),#112,.T.);
#5153=ADVANCED_FACE('',(#1382),#181,.T.);
#5154=ADVANCED_FACE('',(#1383),#182,.T.);
#5155=ADVANCED_FACE('',(#1384),#1099,.F.);
#5156=ADVANCED_FACE('',(#1385),#183,.F.);
#5157=ADVANCED_FACE('',(#1386,#28),#184,.F.);
#5158=ADVANCED_FACE('',(#1387),#1100,.F.);
#5159=ADVANCED_FACE('',(#1388),#185,.F.);
#5160=ADVANCED_FACE('',(#1389,#29),#186,.F.);
#5161=ADVANCED_FACE('',(#1390),#1101,.F.);
#5162=ADVANCED_FACE('',(#1391),#1102,.F.);
#5163=ADVANCED_FACE('',(#1392),#1103,.F.);
#5164=ADVANCED_FACE('',(#1393,#30),#187,.F.);
#5165=ADVANCED_FACE('',(#1394),#1104,.F.);
#5166=ADVANCED_FACE('',(#1395),#188,.F.);
#5167=ADVANCED_FACE('',(#1396),#189,.F.);
#5168=ADVANCED_FACE('',(#1397,#31),#190,.F.);
#5169=ADVANCED_FACE('',(#1398),#1105,.F.);
#5170=ADVANCED_FACE('',(#1399),#1106,.F.);
#5171=ADVANCED_FACE('',(#1400,#32,#33),#191,.F.);
#5172=ADVANCED_FACE('',(#1401),#192,.T.);
#5173=ADVANCED_FACE('',(#1402),#193,.F.);
#5174=ADVANCED_FACE('',(#1403),#194,.F.);
#5175=ADVANCED_FACE('',(#1404),#1107,.F.);
#5176=ADVANCED_FACE('',(#1405,#34),#195,.T.);
#5177=ADVANCED_FACE('',(#1406),#196,.T.);
#5178=ADVANCED_FACE('',(#1407),#1108,.F.);
#5179=ADVANCED_FACE('',(#1408),#197,.T.);
#5180=ADVANCED_FACE('',(#1409,#35),#198,.T.);
#5181=ADVANCED_FACE('',(#1410),#1109,.F.);
#5182=ADVANCED_FACE('',(#1411),#1110,.F.);
#5183=ADVANCED_FACE('',(#1412,#36),#199,.F.);
#5184=ADVANCED_FACE('',(#1413),#1111,.F.);
#5185=ADVANCED_FACE('',(#1414),#200,.F.);
#5186=ADVANCED_FACE('',(#1415),#201,.F.);
#5187=ADVANCED_FACE('',(#1416,#37),#202,.F.);
#5188=ADVANCED_FACE('',(#1417),#1112,.F.);
#5189=ADVANCED_FACE('',(#1418),#1113,.F.);
#5190=CLOSED_SHELL('',(#4885,#4886,#4887,#4888,#4889,#4890,#4891,#4892,
#4893,#4894,#4895,#4896,#4897,#4898,#4899,#4900,#4901,#4902,#4903,#4904,
#4905,#4906,#4907,#4908,#4909,#4910,#4911,#4912,#4913,#4914,#4915,#4916,
#4917,#4918,#4919,#4920,#4921,#4922,#4923,#4924,#4925,#4926,#4927,#4928,
#4929,#4930,#4931,#4932,#4933,#4934,#4935,#4936,#4937,#4938,#4939,#4940,
#4941,#4942,#4943,#4944,#4945,#4946,#4947,#4948,#4949,#4950,#4951,#4952,
#4953,#4954,#4955,#4956,#4957,#4958,#4959,#4960,#4961,#4962,#4963,#4964,
#4965,#4966,#4967,#4968,#4969,#4970,#4971,#4972,#4973,#4974,#4975,#4976,
#4977,#4978,#4979,#4980,#4981,#4982,#4983,#4984,#4985,#4986,#4987,#4988,
#4989,#4990,#4991,#4992,#4993,#4994,#4995,#4996,#4997,#4998,#4999,#5000,
#5001,#5002,#5003,#5004,#5005,#5006,#5007,#5008,#5009,#5010,#5011,#5012,
#5013,#5014,#5015,#5016,#5017,#5018,#5019,#5020,#5021,#5022,#5023,#5024,
#5025,#5026,#5027,#5028,#5029,#5030,#5031,#5032,#5033,#5034,#5035,#5036,
#5037,#5038,#5039,#5040,#5041,#5042,#5043,#5044,#5045,#5046,#5047,#5048,
#5049,#5050,#5051,#5052,#5053,#5054,#5055,#5056,#5057,#5058,#5059,#5060,
#5061,#5062,#5063,#5064,#5065,#5066,#5067,#5068,#5069,#5070,#5071,#5072,
#5073,#5074,#5075,#5076,#5077,#5078,#5079,#5080,#5081,#5082,#5083,#5084,
#5085,#5086,#5087,#5088,#5089,#5090,#5091,#5092,#5093,#5094,#5095,#5096,
#5097,#5098,#5099,#5100,#5101,#5102,#5103,#5104,#5105,#5106,#5107,#5108,
#5109,#5110,#5111,#5112,#5113,#5114,#5115,#5116,#5117,#5118,#5119,#5120,
#5121,#5122,#5123,#5124,#5125,#5126,#5127,#5128,#5129,#5130,#5131,#5132,
#5133,#5134,#5135,#5136,#5137,#5138,#5139,#5140,#5141,#5142,#5143,#5144,
#5145,#5146,#5147,#5148,#5149,#5150,#5151,#5152,#5153,#5154,#5155,#5156,
#5157,#5158,#5159,#5160,#5161,#5162,#5163,#5164,#5165,#5166,#5167,#5168,
#5169,#5170,#5171,#5172,#5173,#5174,#5175,#5176,#5177,#5178,#5179,#5180,
#5181,#5182,#5183,#5184,#5185,#5186,#5187,#5188,#5189));
#5191=DERIVED_UNIT_ELEMENT(#5193,1.);
#5192=DERIVED_UNIT_ELEMENT(#10539,-3.);
#5193=(
MASS_UNIT()
NAMED_UNIT(*)
SI_UNIT(.KILO.,.GRAM.)
);
#5194=DERIVED_UNIT((#5191,#5192));
#5195=MEASURE_REPRESENTATION_ITEM('density measure',
POSITIVE_RATIO_MEASURE(7850.),#5194);
#5196=PROPERTY_DEFINITION_REPRESENTATION(#5201,#5198);
#5197=PROPERTY_DEFINITION_REPRESENTATION(#5202,#5199);
#5198=REPRESENTATION('material name',(#5200),#10536);
#5199=REPRESENTATION('density',(#5195),#10536);
#5200=DESCRIPTIVE_REPRESENTATION_ITEM('Steel','Steel');
#5201=PROPERTY_DEFINITION('material property','material name',#10546);
#5202=PROPERTY_DEFINITION('material property','density of part',#10546);
#5203=AXIS2_PLACEMENT_3D('',#7455,#5827,#5828);
#5204=AXIS2_PLACEMENT_3D('',#7456,#5829,#5830);
#5205=AXIS2_PLACEMENT_3D('',#7459,#5831,#5832);
#5206=AXIS2_PLACEMENT_3D('',#7461,#5833,#5834);
#5207=AXIS2_PLACEMENT_3D('',#7473,#5835,#5836);
#5208=AXIS2_PLACEMENT_3D('',#7474,#5837,#5838);
#5209=AXIS2_PLACEMENT_3D('',#7488,#5840,#5841);
#5210=AXIS2_PLACEMENT_3D('',#7502,#5845,#5846);
#5211=AXIS2_PLACEMENT_3D('',#7515,#5847,#5848);
#5212=AXIS2_PLACEMENT_3D('',#7516,#5849,#5850);
#5213=AXIS2_PLACEMENT_3D('',#7517,#5851,#5852);
#5214=AXIS2_PLACEMENT_3D('',#7525,#5856,#5857);
#5215=AXIS2_PLACEMENT_3D('',#7529,#5859,#5860);
#5216=AXIS2_PLACEMENT_3D('',#7535,#5864,#5865);
#5217=AXIS2_PLACEMENT_3D('',#7539,#5867,#5868);
#5218=AXIS2_PLACEMENT_3D('',#7541,#5870,#5871);
#5219=AXIS2_PLACEMENT_3D('',#7543,#5872,#5873);
#5220=AXIS2_PLACEMENT_3D('',#7546,#5875,#5876);
#5221=AXIS2_PLACEMENT_3D('',#7547,#5877,#5878);
#5222=AXIS2_PLACEMENT_3D('',#7551,#5880,#5881);
#5223=AXIS2_PLACEMENT_3D('',#7555,#5884,#5885);
#5224=AXIS2_PLACEMENT_3D('',#7557,#5886,#5887);
#5225=AXIS2_PLACEMENT_3D('',#7559,#5888,#5889);
#5226=AXIS2_PLACEMENT_3D('',#7561,#5891,#5892);
#5227=AXIS2_PLACEMENT_3D('',#7564,#5893,#5894);
#5228=AXIS2_PLACEMENT_3D('',#7568,#5896,#5897);
#5229=AXIS2_PLACEMENT_3D('',#7570,#5899,#5900);
#5230=AXIS2_PLACEMENT_3D('',#7578,#5904,#5905);
#5231=AXIS2_PLACEMENT_3D('',#7582,#5907,#5908);
#5232=AXIS2_PLACEMENT_3D('',#7616,#5914,#5915);
#5233=AXIS2_PLACEMENT_3D('',#7620,#5917,#5918);
#5234=AXIS2_PLACEMENT_3D('',#7628,#5922,#5923);
#5235=AXIS2_PLACEMENT_3D('',#7632,#5925,#5926);
#5236=AXIS2_PLACEMENT_3D('',#7636,#5928,#5929);
#5237=AXIS2_PLACEMENT_3D('',#7638,#5931,#5932);
#5238=AXIS2_PLACEMENT_3D('',#7642,#5934,#5935);
#5239=AXIS2_PLACEMENT_3D('',#7645,#5937,#5938);
#5240=AXIS2_PLACEMENT_3D('',#7646,#5939,#5940);
#5241=AXIS2_PLACEMENT_3D('',#7649,#5941,#5942);
#5242=AXIS2_PLACEMENT_3D('',#7652,#5945,#5946);
#5243=AXIS2_PLACEMENT_3D('',#7660,#5950,#5951);
#5244=AXIS2_PLACEMENT_3D('',#7664,#5953,#5954);
#5245=AXIS2_PLACEMENT_3D('',#7672,#5959,#5960);
#5246=AXIS2_PLACEMENT_3D('',#7674,#5961,#5962);
#5247=AXIS2_PLACEMENT_3D('',#7677,#5964,#5965);
#5248=AXIS2_PLACEMENT_3D('',#7678,#5966,#5967);
#5249=AXIS2_PLACEMENT_3D('',#7681,#5968,#5969);
#5250=AXIS2_PLACEMENT_3D('',#7683,#5970,#5971);
#5251=AXIS2_PLACEMENT_3D('',#7695,#5972,#5973);
#5252=AXIS2_PLACEMENT_3D('',#7696,#5974,#5975);
#5253=AXIS2_PLACEMENT_3D('',#7699,#5976,#5977);
#5254=AXIS2_PLACEMENT_3D('',#7702,#5980,#5981);
#5255=AXIS2_PLACEMENT_3D('',#7704,#5982,#5983);
#5256=AXIS2_PLACEMENT_3D('',#7708,#5985,#5986);
#5257=AXIS2_PLACEMENT_3D('',#7710,#5988,#5989);
#5258=AXIS2_PLACEMENT_3D('',#7712,#5990,#5991);
#5259=AXIS2_PLACEMENT_3D('',#7713,#5992,#5993);
#5260=AXIS2_PLACEMENT_3D('',#7714,#5994,#5995);
#5261=AXIS2_PLACEMENT_3D('',#7715,#5996,#5997);
#5262=AXIS2_PLACEMENT_3D('',#7716,#5998,#5999);
#5263=AXIS2_PLACEMENT_3D('',#7726,#6005,#6006);
#5264=AXIS2_PLACEMENT_3D('',#7730,#6008,#6009);
#5265=AXIS2_PLACEMENT_3D('',#7734,#6011,#6012);
#5266=AXIS2_PLACEMENT_3D('',#7737,#6014,#6015);
#5267=AXIS2_PLACEMENT_3D('',#7738,#6016,#6017);
#5268=AXIS2_PLACEMENT_3D('',#7742,#6019,#6020);
#5269=AXIS2_PLACEMENT_3D('',#7746,#6023,#6024);
#5270=AXIS2_PLACEMENT_3D('',#7747,#6025,#6026);
#5271=AXIS2_PLACEMENT_3D('',#7750,#6027,#6028);
#5272=AXIS2_PLACEMENT_3D('',#7754,#6030,#6031);
#5273=AXIS2_PLACEMENT_3D('',#7756,#6033,#6034);
#5274=AXIS2_PLACEMENT_3D('',#7758,#6035,#6036);
#5275=AXIS2_PLACEMENT_3D('',#7759,#6037,#6038);
#5276=AXIS2_PLACEMENT_3D('',#7760,#6039,#6040);
#5277=AXIS2_PLACEMENT_3D('',#7762,#6041,#6042);
#5278=AXIS2_PLACEMENT_3D('',#7764,#6044,#6045);
#5279=AXIS2_PLACEMENT_3D('',#7765,#6046,#6047);
#5280=AXIS2_PLACEMENT_3D('',#7767,#6049,#6050);
#5281=AXIS2_PLACEMENT_3D('',#7768,#6051,#6052);
#5282=AXIS2_PLACEMENT_3D('',#7769,#6053,#6054);
#5283=AXIS2_PLACEMENT_3D('',#7771,#6056,#6057);
#5284=AXIS2_PLACEMENT_3D('',#7780,#6063,#6064);
#5285=AXIS2_PLACEMENT_3D('',#7782,#6065,#6066);
#5286=AXIS2_PLACEMENT_3D('',#7785,#6068,#6069);
#5287=AXIS2_PLACEMENT_3D('',#7786,#6070,#6071);
#5288=AXIS2_PLACEMENT_3D('',#7817,#6074,#6075);
#5289=AXIS2_PLACEMENT_3D('',#7818,#6076,#6077);
#5290=AXIS2_PLACEMENT_3D('',#7820,#6078,#6079);
#5291=AXIS2_PLACEMENT_3D('',#7821,#6080,#6081);
#5292=AXIS2_PLACEMENT_3D('',#7822,#6082,#6083);
#5293=AXIS2_PLACEMENT_3D('',#7824,#6084,#6085);
#5294=AXIS2_PLACEMENT_3D('',#7826,#6087,#6088);
#5295=AXIS2_PLACEMENT_3D('',#7828,#6090,#6091);
#5296=AXIS2_PLACEMENT_3D('',#7831,#6094,#6095);
#5297=AXIS2_PLACEMENT_3D('',#7834,#6097,#6098);
#5298=AXIS2_PLACEMENT_3D('',#7835,#6099,#6100);
#5299=AXIS2_PLACEMENT_3D('',#7837,#6101,#6102);
#5300=AXIS2_PLACEMENT_3D('',#7841,#6104,#6105);
#5301=AXIS2_PLACEMENT_3D('',#7845,#6107,#6108);
#5302=AXIS2_PLACEMENT_3D('',#7848,#6110,#6111);
#5303=AXIS2_PLACEMENT_3D('',#7851,#6113,#6114);
#5304=AXIS2_PLACEMENT_3D('',#7853,#6115,#6116);
#5305=AXIS2_PLACEMENT_3D('',#7855,#6117,#6118);
#5306=AXIS2_PLACEMENT_3D('',#7860,#6120,#6121);
#5307=AXIS2_PLACEMENT_3D('',#7864,#6123,#6124);
#5308=AXIS2_PLACEMENT_3D('',#7868,#6126,#6127);
#5309=AXIS2_PLACEMENT_3D('',#7871,#6129,#6130);
#5310=AXIS2_PLACEMENT_3D('',#7873,#6131,#6132);
#5311=AXIS2_PLACEMENT_3D('',#7875,#6133,#6134);
#5312=AXIS2_PLACEMENT_3D('',#7877,#6135,#6136);
#5313=AXIS2_PLACEMENT_3D('',#7879,#6137,#6138);
#5314=AXIS2_PLACEMENT_3D('',#7880,#6139,#6140);
#5315=AXIS2_PLACEMENT_3D('',#7881,#6141,#6142);
#5316=AXIS2_PLACEMENT_3D('',#7885,#6145,#6146);
#5317=AXIS2_PLACEMENT_3D('',#7886,#6147,#6148);
#5318=AXIS2_PLACEMENT_3D('',#7887,#6149,#6150);
#5319=AXIS2_PLACEMENT_3D('',#7890,#6152,#6153);
#5320=AXIS2_PLACEMENT_3D('',#7891,#6154,#6155);
#5321=AXIS2_PLACEMENT_3D('',#7892,#6156,#6157);
#5322=AXIS2_PLACEMENT_3D('',#7893,#6158,#6159);
#5323=AXIS2_PLACEMENT_3D('',#7896,#6161,#6162);
#5324=AXIS2_PLACEMENT_3D('',#7897,#6163,#6164);
#5325=AXIS2_PLACEMENT_3D('',#7947,#6168,#6169);
#5326=AXIS2_PLACEMENT_3D('',#7948,#6170,#6171);
#5327=AXIS2_PLACEMENT_3D('',#7949,#6172,#6173);
#5328=AXIS2_PLACEMENT_3D('',#8001,#6174,#6175);
#5329=AXIS2_PLACEMENT_3D('',#8002,#6176,#6177);
#5330=AXIS2_PLACEMENT_3D('',#8003,#6178,#6179);
#5331=AXIS2_PLACEMENT_3D('',#8004,#6180,#6181);
#5332=AXIS2_PLACEMENT_3D('',#8006,#6183,#6184);
#5333=AXIS2_PLACEMENT_3D('',#8008,#6185,#6186);
#5334=AXIS2_PLACEMENT_3D('',#8010,#6188,#6189);
#5335=AXIS2_PLACEMENT_3D('',#8012,#6190,#6191);
#5336=AXIS2_PLACEMENT_3D('',#8013,#6192,#6193);
#5337=AXIS2_PLACEMENT_3D('',#8014,#6194,#6195);
#5338=AXIS2_PLACEMENT_3D('',#8016,#6196,#6197);
#5339=AXIS2_PLACEMENT_3D('',#8018,#6199,#6200);
#5340=AXIS2_PLACEMENT_3D('',#8020,#6201,#6202);
#5341=AXIS2_PLACEMENT_3D('',#8021,#6203,#6204);
#5342=AXIS2_PLACEMENT_3D('',#8022,#6205,#6206);
#5343=AXIS2_PLACEMENT_3D('',#8024,#6208,#6209);
#5344=AXIS2_PLACEMENT_3D('',#8026,#6211,#6212);
#5345=AXIS2_PLACEMENT_3D('',#8030,#6215,#6216);
#5346=AXIS2_PLACEMENT_3D('',#8033,#6218,#6219);
#5347=AXIS2_PLACEMENT_3D('',#8034,#6220,#6221);
#5348=AXIS2_PLACEMENT_3D('',#8038,#6224,#6225);
#5349=AXIS2_PLACEMENT_3D('',#8041,#6227,#6228);
#5350=AXIS2_PLACEMENT_3D('',#8042,#6229,#6230);
#5351=AXIS2_PLACEMENT_3D('',#8046,#6233,#6234);
#5352=AXIS2_PLACEMENT_3D('',#8049,#6236,#6237);
#5353=AXIS2_PLACEMENT_3D('',#8050,#6238,#6239);
#5354=AXIS2_PLACEMENT_3D('',#8054,#6242,#6243);
#5355=AXIS2_PLACEMENT_3D('',#8057,#6245,#6246);
#5356=AXIS2_PLACEMENT_3D('',#8058,#6247,#6248);
#5357=AXIS2_PLACEMENT_3D('',#8110,#6250,#6251);
#5358=AXIS2_PLACEMENT_3D('',#8111,#6252,#6253);
#5359=AXIS2_PLACEMENT_3D('',#8162,#6254,#6255);
#5360=AXIS2_PLACEMENT_3D('',#8163,#6256,#6257);
#5361=AXIS2_PLACEMENT_3D('',#8164,#6258,#6259);
#5362=AXIS2_PLACEMENT_3D('',#8166,#6261,#6262);
#5363=AXIS2_PLACEMENT_3D('',#8169,#6264,#6265);
#5364=AXIS2_PLACEMENT_3D('',#8170,#6266,#6267);
#5365=AXIS2_PLACEMENT_3D('',#8172,#6268,#6269);
#5366=AXIS2_PLACEMENT_3D('',#8173,#6270,#6271);
#5367=AXIS2_PLACEMENT_3D('',#8174,#6272,#6273);
#5368=AXIS2_PLACEMENT_3D('',#8176,#6274,#6275);
#5369=AXIS2_PLACEMENT_3D('',#8178,#6277,#6278);
#5370=AXIS2_PLACEMENT_3D('',#8180,#6279,#6280);
#5371=AXIS2_PLACEMENT_3D('',#8181,#6281,#6282);
#5372=AXIS2_PLACEMENT_3D('',#8182,#6283,#6284);
#5373=AXIS2_PLACEMENT_3D('',#8184,#6286,#6287);
#5374=AXIS2_PLACEMENT_3D('',#8186,#6289,#6290);
#5375=AXIS2_PLACEMENT_3D('',#8239,#6292,#6293);
#5376=AXIS2_PLACEMENT_3D('',#8240,#6294,#6295);
#5377=AXIS2_PLACEMENT_3D('',#8241,#6296,#6297);
#5378=AXIS2_PLACEMENT_3D('',#8292,#6298,#6299);
#5379=AXIS2_PLACEMENT_3D('',#8293,#6300,#6301);
#5380=AXIS2_PLACEMENT_3D('',#8294,#6302,#6303);
#5381=AXIS2_PLACEMENT_3D('',#8295,#6304,#6305);
#5382=AXIS2_PLACEMENT_3D('',#8296,#6306,#6307);
#5383=AXIS2_PLACEMENT_3D('',#8297,#6308,#6309);
#5384=AXIS2_PLACEMENT_3D('',#8299,#6310,#6311);
#5385=AXIS2_PLACEMENT_3D('',#8301,#6313,#6314);
#5386=AXIS2_PLACEMENT_3D('',#8303,#6315,#6316);
#5387=AXIS2_PLACEMENT_3D('',#8304,#6317,#6318);
#5388=AXIS2_PLACEMENT_3D('',#8305,#6319,#6320);
#5389=AXIS2_PLACEMENT_3D('',#8307,#6321,#6322);
#5390=AXIS2_PLACEMENT_3D('',#8309,#6324,#6325);
#5391=AXIS2_PLACEMENT_3D('',#8311,#6326,#6327);
#5392=AXIS2_PLACEMENT_3D('',#8312,#6328,#6329);
#5393=AXIS2_PLACEMENT_3D('',#8313,#6330,#6331);
#5394=AXIS2_PLACEMENT_3D('',#8315,#6333,#6334);
#5395=AXIS2_PLACEMENT_3D('',#8317,#6336,#6337);
#5396=AXIS2_PLACEMENT_3D('',#8320,#6339,#6340);
#5397=AXIS2_PLACEMENT_3D('',#8321,#6341,#6342);
#5398=AXIS2_PLACEMENT_3D('',#8325,#6345,#6346);
#5399=AXIS2_PLACEMENT_3D('',#8328,#6348,#6349);
#5400=AXIS2_PLACEMENT_3D('',#8329,#6350,#6351);
#5401=AXIS2_PLACEMENT_3D('',#8333,#6354,#6355);
#5402=AXIS2_PLACEMENT_3D('',#8336,#6357,#6358);
#5403=AXIS2_PLACEMENT_3D('',#8337,#6359,#6360);
#5404=AXIS2_PLACEMENT_3D('',#8341,#6363,#6364);
#5405=AXIS2_PLACEMENT_3D('',#8344,#6366,#6367);
#5406=AXIS2_PLACEMENT_3D('',#8345,#6368,#6369);
#5407=AXIS2_PLACEMENT_3D('',#8389,#6371,#6372);
#5408=AXIS2_PLACEMENT_3D('',#8439,#6373,#6374);
#5409=AXIS2_PLACEMENT_3D('',#8440,#6375,#6376);
#5410=AXIS2_PLACEMENT_3D('',#8441,#6377,#6378);
#5411=AXIS2_PLACEMENT_3D('',#8442,#6379,#6380);
#5412=AXIS2_PLACEMENT_3D('',#8443,#6381,#6382);
#5413=AXIS2_PLACEMENT_3D('',#8444,#6383,#6384);
#5414=AXIS2_PLACEMENT_3D('',#8445,#6385,#6386);
#5415=AXIS2_PLACEMENT_3D('',#8446,#6387,#6388);
#5416=AXIS2_PLACEMENT_3D('',#8447,#6389,#6390);
#5417=AXIS2_PLACEMENT_3D('',#8448,#6391,#6392);
#5418=AXIS2_PLACEMENT_3D('',#8449,#6393,#6394);
#5419=AXIS2_PLACEMENT_3D('',#8450,#6395,#6396);
#5420=AXIS2_PLACEMENT_3D('',#8502,#6397,#6398);
#5421=AXIS2_PLACEMENT_3D('',#8504,#6399,#6400);
#5422=AXIS2_PLACEMENT_3D('',#8505,#6401,#6402);
#5423=AXIS2_PLACEMENT_3D('',#8557,#6403,#6404);
#5424=AXIS2_PLACEMENT_3D('',#8559,#6405,#6406);
#5425=AXIS2_PLACEMENT_3D('',#8560,#6407,#6408);
#5426=AXIS2_PLACEMENT_3D('',#8583,#6409,#6410);
#5427=AXIS2_PLACEMENT_3D('',#8585,#6411,#6412);
#5428=AXIS2_PLACEMENT_3D('',#8586,#6413,#6414);
#5429=AXIS2_PLACEMENT_3D('',#8609,#6415,#6416);
#5430=AXIS2_PLACEMENT_3D('',#8611,#6417,#6418);
#5431=AXIS2_PLACEMENT_3D('',#8612,#6419,#6420);
#5432=AXIS2_PLACEMENT_3D('',#8664,#6421,#6422);
#5433=AXIS2_PLACEMENT_3D('',#8666,#6423,#6424);
#5434=AXIS2_PLACEMENT_3D('',#8667,#6425,#6426);
#5435=AXIS2_PLACEMENT_3D('',#8719,#6427,#6428);
#5436=AXIS2_PLACEMENT_3D('',#8721,#6429,#6430);
#5437=AXIS2_PLACEMENT_3D('',#8722,#6431,#6432);
#5438=AXIS2_PLACEMENT_3D('',#8723,#6433,#6434);
#5439=AXIS2_PLACEMENT_3D('',#8727,#6436,#6437);
#5440=AXIS2_PLACEMENT_3D('',#8729,#6439,#6440);
#5441=AXIS2_PLACEMENT_3D('',#8732,#6441,#6442);
#5442=AXIS2_PLACEMENT_3D('',#8736,#6444,#6445);
#5443=AXIS2_PLACEMENT_3D('',#8738,#6447,#6448);
#5444=AXIS2_PLACEMENT_3D('',#8741,#6449,#6450);
#5445=AXIS2_PLACEMENT_3D('',#8742,#6451,#6452);
#5446=AXIS2_PLACEMENT_3D('',#8743,#6453,#6454);
#5447=AXIS2_PLACEMENT_3D('',#8744,#6455,#6456);
#5448=AXIS2_PLACEMENT_3D('',#8747,#6457,#6458);
#5449=AXIS2_PLACEMENT_3D('',#8750,#6461,#6462);
#5450=AXIS2_PLACEMENT_3D('',#8753,#6463,#6464);
#5451=AXIS2_PLACEMENT_3D('',#8754,#6465,#6466);
#5452=AXIS2_PLACEMENT_3D('',#8755,#6467,#6468);
#5453=AXIS2_PLACEMENT_3D('',#8756,#6469,#6470);
#5454=AXIS2_PLACEMENT_3D('',#8759,#6471,#6472);
#5455=AXIS2_PLACEMENT_3D('',#8762,#6475,#6476);
#5456=AXIS2_PLACEMENT_3D('',#8765,#6477,#6478);
#5457=AXIS2_PLACEMENT_3D('',#8766,#6479,#6480);
#5458=AXIS2_PLACEMENT_3D('',#8767,#6481,#6482);
#5459=AXIS2_PLACEMENT_3D('',#8768,#6483,#6484);
#5460=AXIS2_PLACEMENT_3D('',#8771,#6485,#6486);
#5461=AXIS2_PLACEMENT_3D('',#8774,#6489,#6490);
#5462=AXIS2_PLACEMENT_3D('',#8777,#6491,#6492);
#5463=AXIS2_PLACEMENT_3D('',#8778,#6493,#6494);
#5464=AXIS2_PLACEMENT_3D('',#8779,#6495,#6496);
#5465=AXIS2_PLACEMENT_3D('',#8780,#6497,#6498);
#5466=AXIS2_PLACEMENT_3D('',#8792,#6501,#6502);
#5467=AXIS2_PLACEMENT_3D('',#8793,#6503,#6504);
#5468=AXIS2_PLACEMENT_3D('',#8794,#6505,#6506);
#5469=AXIS2_PLACEMENT_3D('',#8797,#6509,#6510);
#5470=AXIS2_PLACEMENT_3D('',#8800,#6513,#6514);
#5471=AXIS2_PLACEMENT_3D('',#8804,#6516,#6517);
#5472=AXIS2_PLACEMENT_3D('',#8806,#6519,#6520);
#5473=AXIS2_PLACEMENT_3D('',#8809,#6521,#6522);
#5474=AXIS2_PLACEMENT_3D('',#8810,#6523,#6524);
#5475=AXIS2_PLACEMENT_3D('',#8811,#6525,#6526);
#5476=AXIS2_PLACEMENT_3D('',#8812,#6527,#6528);
#5477=AXIS2_PLACEMENT_3D('',#8815,#6529,#6530);
#5478=AXIS2_PLACEMENT_3D('',#8818,#6533,#6534);
#5479=AXIS2_PLACEMENT_3D('',#8821,#6535,#6536);
#5480=AXIS2_PLACEMENT_3D('',#8822,#6537,#6538);
#5481=AXIS2_PLACEMENT_3D('',#8823,#6539,#6540);
#5482=AXIS2_PLACEMENT_3D('',#8824,#6541,#6542);
#5483=AXIS2_PLACEMENT_3D('',#8827,#6545,#6546);
#5484=AXIS2_PLACEMENT_3D('',#8830,#6549,#6550);
#5485=AXIS2_PLACEMENT_3D('',#8833,#6553,#6554);
#5486=AXIS2_PLACEMENT_3D('',#8837,#6556,#6557);
#5487=AXIS2_PLACEMENT_3D('',#8839,#6559,#6560);
#5488=AXIS2_PLACEMENT_3D('',#8842,#6561,#6562);
#5489=AXIS2_PLACEMENT_3D('',#8843,#6563,#6564);
#5490=AXIS2_PLACEMENT_3D('',#8844,#6565,#6566);
#5491=AXIS2_PLACEMENT_3D('',#8845,#6567,#6568);
#5492=AXIS2_PLACEMENT_3D('',#8848,#6569,#6570);
#5493=AXIS2_PLACEMENT_3D('',#8851,#6573,#6574);
#5494=AXIS2_PLACEMENT_3D('',#8854,#6575,#6576);
#5495=AXIS2_PLACEMENT_3D('',#8855,#6577,#6578);
#5496=AXIS2_PLACEMENT_3D('',#8856,#6579,#6580);
#5497=AXIS2_PLACEMENT_3D('',#8857,#6581,#6582);
#5498=AXIS2_PLACEMENT_3D('',#8860,#6583,#6584);
#5499=AXIS2_PLACEMENT_3D('',#8863,#6587,#6588);
#5500=AXIS2_PLACEMENT_3D('',#8866,#6589,#6590);
#5501=AXIS2_PLACEMENT_3D('',#8867,#6591,#6592);
#5502=AXIS2_PLACEMENT_3D('',#8868,#6593,#6594);
#5503=AXIS2_PLACEMENT_3D('',#8869,#6595,#6596);
#5504=AXIS2_PLACEMENT_3D('',#8872,#6597,#6598);
#5505=AXIS2_PLACEMENT_3D('',#8875,#6601,#6602);
#5506=AXIS2_PLACEMENT_3D('',#8878,#6603,#6604);
#5507=AXIS2_PLACEMENT_3D('',#8879,#6605,#6606);
#5508=AXIS2_PLACEMENT_3D('',#8880,#6607,#6608);
#5509=AXIS2_PLACEMENT_3D('',#8881,#6609,#6610);
#5510=AXIS2_PLACEMENT_3D('',#8884,#6611,#6612);
#5511=AXIS2_PLACEMENT_3D('',#8898,#6615,#6616);
#5512=AXIS2_PLACEMENT_3D('',#8899,#6617,#6618);
#5513=AXIS2_PLACEMENT_3D('',#8900,#6619,#6620);
#5514=AXIS2_PLACEMENT_3D('',#8901,#6621,#6622);
#5515=AXIS2_PLACEMENT_3D('',#8904,#6625,#6626);
#5516=AXIS2_PLACEMENT_3D('',#8925,#6629,#6630);
#5517=AXIS2_PLACEMENT_3D('',#8953,#6633,#6634);
#5518=AXIS2_PLACEMENT_3D('',#8957,#6636,#6637);
#5519=AXIS2_PLACEMENT_3D('',#8958,#6638,#6639);
#5520=AXIS2_PLACEMENT_3D('',#8959,#6640,#6641);
#5521=AXIS2_PLACEMENT_3D('',#8962,#6643,#6644);
#5522=AXIS2_PLACEMENT_3D('',#8963,#6645,#6646);
#5523=AXIS2_PLACEMENT_3D('',#8967,#6648,#6649);
#5524=AXIS2_PLACEMENT_3D('',#8969,#6650,#6651);
#5525=AXIS2_PLACEMENT_3D('',#8996,#6653,#6654);
#5526=AXIS2_PLACEMENT_3D('',#9005,#6656,#6657);
#5527=AXIS2_PLACEMENT_3D('',#9017,#6664,#6665);
#5528=AXIS2_PLACEMENT_3D('',#9020,#6667,#6668);
#5529=AXIS2_PLACEMENT_3D('',#9021,#6669,#6670);
#5530=AXIS2_PLACEMENT_3D('',#9025,#6673,#6674);
#5531=AXIS2_PLACEMENT_3D('',#9028,#6676,#6677);
#5532=AXIS2_PLACEMENT_3D('',#9029,#6678,#6679);
#5533=AXIS2_PLACEMENT_3D('',#9033,#6682,#6683);
#5534=AXIS2_PLACEMENT_3D('',#9036,#6685,#6686);
#5535=AXIS2_PLACEMENT_3D('',#9037,#6687,#6688);
#5536=AXIS2_PLACEMENT_3D('',#9041,#6691,#6692);
#5537=AXIS2_PLACEMENT_3D('',#9044,#6694,#6695);
#5538=AXIS2_PLACEMENT_3D('',#9045,#6696,#6697);
#5539=AXIS2_PLACEMENT_3D('',#9049,#6700,#6701);
#5540=AXIS2_PLACEMENT_3D('',#9052,#6703,#6704);
#5541=AXIS2_PLACEMENT_3D('',#9053,#6705,#6706);
#5542=AXIS2_PLACEMENT_3D('',#9057,#6709,#6710);
#5543=AXIS2_PLACEMENT_3D('',#9060,#6712,#6713);
#5544=AXIS2_PLACEMENT_3D('',#9061,#6714,#6715);
#5545=AXIS2_PLACEMENT_3D('',#9065,#6718,#6719);
#5546=AXIS2_PLACEMENT_3D('',#9068,#6721,#6722);
#5547=AXIS2_PLACEMENT_3D('',#9069,#6723,#6724);
#5548=AXIS2_PLACEMENT_3D('',#9073,#6727,#6728);
#5549=AXIS2_PLACEMENT_3D('',#9076,#6730,#6731);
#5550=AXIS2_PLACEMENT_3D('',#9077,#6732,#6733);
#5551=AXIS2_PLACEMENT_3D('',#9081,#6736,#6737);
#5552=AXIS2_PLACEMENT_3D('',#9084,#6739,#6740);
#5553=AXIS2_PLACEMENT_3D('',#9085,#6741,#6742);
#5554=AXIS2_PLACEMENT_3D('',#9089,#6745,#6746);
#5555=AXIS2_PLACEMENT_3D('',#9092,#6748,#6749);
#5556=AXIS2_PLACEMENT_3D('',#9093,#6750,#6751);
#5557=AXIS2_PLACEMENT_3D('',#9105,#6758,#6759);
#5558=AXIS2_PLACEMENT_3D('',#9114,#6761,#6762);
#5559=AXIS2_PLACEMENT_3D('',#9118,#6764,#6765);
#5560=AXIS2_PLACEMENT_3D('',#9119,#6766,#6767);
#5561=AXIS2_PLACEMENT_3D('',#9120,#6768,#6769);
#5562=AXIS2_PLACEMENT_3D('',#9148,#6771,#6772);
#5563=AXIS2_PLACEMENT_3D('',#9153,#6775,#6776);
#5564=AXIS2_PLACEMENT_3D('',#9154,#6777,#6778);
#5565=AXIS2_PLACEMENT_3D('',#9183,#6781,#6782);
#5566=AXIS2_PLACEMENT_3D('',#9184,#6783,#6784);
#5567=AXIS2_PLACEMENT_3D('',#9188,#6787,#6788);
#5568=AXIS2_PLACEMENT_3D('',#9199,#6790,#6791);
#5569=AXIS2_PLACEMENT_3D('',#9208,#6792,#6793);
#5570=AXIS2_PLACEMENT_3D('',#9214,#6796,#6797);
#5571=AXIS2_PLACEMENT_3D('',#9217,#6799,#6800);
#5572=AXIS2_PLACEMENT_3D('',#9268,#6801,#6802);
#5573=AXIS2_PLACEMENT_3D('',#9269,#6803,#6804);
#5574=AXIS2_PLACEMENT_3D('',#9270,#6805,#6806);
#5575=AXIS2_PLACEMENT_3D('',#9273,#6808,#6809);
#5576=AXIS2_PLACEMENT_3D('',#9274,#6810,#6811);
#5577=AXIS2_PLACEMENT_3D('',#9276,#6812,#6813);
#5578=AXIS2_PLACEMENT_3D('',#9277,#6814,#6815);
#5579=AXIS2_PLACEMENT_3D('',#9278,#6816,#6817);
#5580=AXIS2_PLACEMENT_3D('',#9280,#6818,#6819);
#5581=AXIS2_PLACEMENT_3D('',#9282,#6821,#6822);
#5582=AXIS2_PLACEMENT_3D('',#9285,#6823,#6824);
#5583=AXIS2_PLACEMENT_3D('',#9286,#6825,#6826);
#5584=AXIS2_PLACEMENT_3D('',#9287,#6827,#6828);
#5585=AXIS2_PLACEMENT_3D('',#9288,#6829,#6830);
#5586=AXIS2_PLACEMENT_3D('',#9291,#6831,#6832);
#5587=AXIS2_PLACEMENT_3D('',#9294,#6835,#6836);
#5588=AXIS2_PLACEMENT_3D('',#9297,#6837,#6838);
#5589=AXIS2_PLACEMENT_3D('',#9298,#6839,#6840);
#5590=AXIS2_PLACEMENT_3D('',#9299,#6841,#6842);
#5591=AXIS2_PLACEMENT_3D('',#9300,#6843,#6844);
#5592=AXIS2_PLACEMENT_3D('',#9303,#6845,#6846);
#5593=AXIS2_PLACEMENT_3D('',#9306,#6849,#6850);
#5594=AXIS2_PLACEMENT_3D('',#9309,#6851,#6852);
#5595=AXIS2_PLACEMENT_3D('',#9310,#6853,#6854);
#5596=AXIS2_PLACEMENT_3D('',#9311,#6855,#6856);
#5597=AXIS2_PLACEMENT_3D('',#9312,#6857,#6858);
#5598=AXIS2_PLACEMENT_3D('',#9315,#6859,#6860);
#5599=AXIS2_PLACEMENT_3D('',#9329,#6863,#6864);
#5600=AXIS2_PLACEMENT_3D('',#9330,#6865,#6866);
#5601=AXIS2_PLACEMENT_3D('',#9331,#6867,#6868);
#5602=AXIS2_PLACEMENT_3D('',#9332,#6869,#6870);
#5603=AXIS2_PLACEMENT_3D('',#9378,#6873,#6874);
#5604=AXIS2_PLACEMENT_3D('',#9379,#6875,#6876);
#5605=AXIS2_PLACEMENT_3D('',#9380,#6877,#6878);
#5606=AXIS2_PLACEMENT_3D('',#9403,#6880,#6881);
#5607=AXIS2_PLACEMENT_3D('',#9404,#6882,#6883);
#5608=AXIS2_PLACEMENT_3D('',#9405,#6884,#6885);
#5609=AXIS2_PLACEMENT_3D('',#9428,#6887,#6888);
#5610=AXIS2_PLACEMENT_3D('',#9429,#6889,#6890);
#5611=AXIS2_PLACEMENT_3D('',#9430,#6891,#6892);
#5612=AXIS2_PLACEMENT_3D('',#9433,#6894,#6895);
#5613=AXIS2_PLACEMENT_3D('',#9434,#6896,#6897);
#5614=AXIS2_PLACEMENT_3D('',#9436,#6898,#6899);
#5615=AXIS2_PLACEMENT_3D('',#9437,#6900,#6901);
#5616=AXIS2_PLACEMENT_3D('',#9438,#6902,#6903);
#5617=AXIS2_PLACEMENT_3D('',#9440,#6904,#6905);
#5618=AXIS2_PLACEMENT_3D('',#9442,#6907,#6908);
#5619=AXIS2_PLACEMENT_3D('',#9444,#6909,#6910);
#5620=AXIS2_PLACEMENT_3D('',#9445,#6911,#6912);
#5621=AXIS2_PLACEMENT_3D('',#9446,#6913,#6914);
#5622=AXIS2_PLACEMENT_3D('',#9491,#6916,#6917);
#5623=AXIS2_PLACEMENT_3D('',#9492,#6918,#6919);
#5624=AXIS2_PLACEMENT_3D('',#9493,#6920,#6921);
#5625=AXIS2_PLACEMENT_3D('',#9545,#6923,#6924);
#5626=AXIS2_PLACEMENT_3D('',#9546,#6925,#6926);
#5627=AXIS2_PLACEMENT_3D('',#9547,#6927,#6928);
#5628=AXIS2_PLACEMENT_3D('',#9549,#6930,#6931);
#5629=AXIS2_PLACEMENT_3D('',#9552,#6932,#6933);
#5630=AXIS2_PLACEMENT_3D('',#9556,#6935,#6936);
#5631=AXIS2_PLACEMENT_3D('',#9568,#6938,#6939);
#5632=AXIS2_PLACEMENT_3D('',#9569,#6940,#6941);
#5633=AXIS2_PLACEMENT_3D('',#9570,#6942,#6943);
#5634=AXIS2_PLACEMENT_3D('',#9571,#6944,#6945);
#5635=AXIS2_PLACEMENT_3D('',#9573,#6947,#6948);
#5636=AXIS2_PLACEMENT_3D('',#9576,#6949,#6950);
#5637=AXIS2_PLACEMENT_3D('',#9577,#6951,#6952);
#5638=AXIS2_PLACEMENT_3D('',#9578,#6953,#6954);
#5639=AXIS2_PLACEMENT_3D('',#9579,#6955,#6956);
#5640=AXIS2_PLACEMENT_3D('',#9582,#6957,#6958);
#5641=AXIS2_PLACEMENT_3D('',#9585,#6961,#6962);
#5642=AXIS2_PLACEMENT_3D('',#9588,#6963,#6964);
#5643=AXIS2_PLACEMENT_3D('',#9589,#6965,#6966);
#5644=AXIS2_PLACEMENT_3D('',#9590,#6967,#6968);
#5645=AXIS2_PLACEMENT_3D('',#9591,#6969,#6970);
#5646=AXIS2_PLACEMENT_3D('',#9594,#6971,#6972);
#5647=AXIS2_PLACEMENT_3D('',#9597,#6975,#6976);
#5648=AXIS2_PLACEMENT_3D('',#9599,#6977,#6978);
#5649=AXIS2_PLACEMENT_3D('',#9600,#6979,#6980);
#5650=AXIS2_PLACEMENT_3D('',#9601,#6981,#6982);
#5651=AXIS2_PLACEMENT_3D('',#9602,#6983,#6984);
#5652=AXIS2_PLACEMENT_3D('',#9604,#6985,#6986);
#5653=AXIS2_PLACEMENT_3D('',#9606,#6988,#6989);
#5654=AXIS2_PLACEMENT_3D('',#9608,#6990,#6991);
#5655=AXIS2_PLACEMENT_3D('',#9609,#6992,#6993);
#5656=AXIS2_PLACEMENT_3D('',#9610,#6994,#6995);
#5657=AXIS2_PLACEMENT_3D('',#9612,#6997,#6998);
#5658=AXIS2_PLACEMENT_3D('',#9614,#7000,#7001);
#5659=AXIS2_PLACEMENT_3D('',#9618,#7003,#7004);
#5660=AXIS2_PLACEMENT_3D('',#9625,#7005,#7006);
#5661=AXIS2_PLACEMENT_3D('',#9629,#7009,#7010);
#5662=AXIS2_PLACEMENT_3D('',#9633,#7012,#7013);
#5663=AXIS2_PLACEMENT_3D('',#9635,#7015,#7016);
#5664=AXIS2_PLACEMENT_3D('',#9656,#7028,#7029);
#5665=AXIS2_PLACEMENT_3D('',#9658,#7030,#7031);
#5666=AXIS2_PLACEMENT_3D('',#9660,#7032,#7033);
#5667=AXIS2_PLACEMENT_3D('',#9662,#7035,#7036);
#5668=AXIS2_PLACEMENT_3D('',#9666,#7038,#7039);
#5669=AXIS2_PLACEMENT_3D('',#9670,#7041,#7042);
#5670=AXIS2_PLACEMENT_3D('',#9673,#7044,#7045);
#5671=AXIS2_PLACEMENT_3D('',#9674,#7046,#7047);
#5672=AXIS2_PLACEMENT_3D('',#9676,#7048,#7049);
#5673=AXIS2_PLACEMENT_3D('',#9678,#7050,#7051);
#5674=AXIS2_PLACEMENT_3D('',#9680,#7053,#7054);
#5675=AXIS2_PLACEMENT_3D('',#9686,#7058,#7059);
#5676=AXIS2_PLACEMENT_3D('',#9689,#7061,#7062);
#5677=AXIS2_PLACEMENT_3D('',#9690,#7063,#7064);
#5678=AXIS2_PLACEMENT_3D('',#9693,#7065,#7066);
#5679=AXIS2_PLACEMENT_3D('',#9711,#7069,#7070);
#5680=AXIS2_PLACEMENT_3D('',#9715,#7072,#7073);
#5681=AXIS2_PLACEMENT_3D('',#9729,#7075,#7076);
#5682=AXIS2_PLACEMENT_3D('',#9733,#7078,#7079);
#5683=AXIS2_PLACEMENT_3D('',#9746,#7080,#7081);
#5684=AXIS2_PLACEMENT_3D('',#9765,#7082,#7083);
#5685=AXIS2_PLACEMENT_3D('',#9784,#7084,#7085);
#5686=AXIS2_PLACEMENT_3D('',#9797,#7086,#7087);
#5687=AXIS2_PLACEMENT_3D('',#9800,#7089,#7090);
#5688=AXIS2_PLACEMENT_3D('',#9812,#7091,#7092);
#5689=AXIS2_PLACEMENT_3D('',#9813,#7093,#7094);
#5690=AXIS2_PLACEMENT_3D('',#9848,#7096,#7097);
#5691=AXIS2_PLACEMENT_3D('',#9849,#7098,#7099);
#5692=AXIS2_PLACEMENT_3D('',#9850,#7100,#7101);
#5693=AXIS2_PLACEMENT_3D('',#9851,#7102,#7103);
#5694=AXIS2_PLACEMENT_3D('',#9852,#7104,#7105);
#5695=AXIS2_PLACEMENT_3D('',#9856,#7107,#7108);
#5696=AXIS2_PLACEMENT_3D('',#9859,#7110,#7111);
#5697=AXIS2_PLACEMENT_3D('',#9860,#7112,#7113);
#5698=AXIS2_PLACEMENT_3D('',#9863,#7115,#7116);
#5699=AXIS2_PLACEMENT_3D('',#9864,#7117,#7118);
#5700=AXIS2_PLACEMENT_3D('',#9867,#7119,#7120);
#5701=AXIS2_PLACEMENT_3D('',#9871,#7122,#7123);
#5702=AXIS2_PLACEMENT_3D('',#9873,#7125,#7126);
#5703=AXIS2_PLACEMENT_3D('',#9885,#7134,#7135);
#5704=AXIS2_PLACEMENT_3D('',#9889,#7137,#7138);
#5705=AXIS2_PLACEMENT_3D('',#9892,#7140,#7141);
#5706=AXIS2_PLACEMENT_3D('',#9895,#7143,#7144);
#5707=AXIS2_PLACEMENT_3D('',#9896,#7145,#7146);
#5708=AXIS2_PLACEMENT_3D('',#9898,#7147,#7148);
#5709=AXIS2_PLACEMENT_3D('',#9900,#7150,#7151);
#5710=AXIS2_PLACEMENT_3D('',#9904,#7154,#7155);
#5711=AXIS2_PLACEMENT_3D('',#9907,#7157,#7158);
#5712=AXIS2_PLACEMENT_3D('',#9908,#7159,#7160);
#5713=AXIS2_PLACEMENT_3D('',#9912,#7163,#7164);
#5714=AXIS2_PLACEMENT_3D('',#9915,#7166,#7167);
#5715=AXIS2_PLACEMENT_3D('',#9916,#7168,#7169);
#5716=AXIS2_PLACEMENT_3D('',#9917,#7170,#7171);
#5717=AXIS2_PLACEMENT_3D('',#9918,#7172,#7173);
#5718=AXIS2_PLACEMENT_3D('',#9919,#7174,#7175);
#5719=AXIS2_PLACEMENT_3D('',#9920,#7176,#7177);
#5720=AXIS2_PLACEMENT_3D('',#9923,#7180,#7181);
#5721=AXIS2_PLACEMENT_3D('',#9925,#7183,#7184);
#5722=AXIS2_PLACEMENT_3D('',#9926,#7185,#7186);
#5723=AXIS2_PLACEMENT_3D('',#9929,#7189,#7190);
#5724=AXIS2_PLACEMENT_3D('',#9930,#7191,#7192);
#5725=AXIS2_PLACEMENT_3D('',#9941,#7194,#7195);
#5726=AXIS2_PLACEMENT_3D('',#9943,#7197,#7198);
#5727=AXIS2_PLACEMENT_3D('',#9953,#7203,#7204);
#5728=AXIS2_PLACEMENT_3D('',#9956,#7206,#7207);
#5729=AXIS2_PLACEMENT_3D('',#9957,#7208,#7209);
#5730=AXIS2_PLACEMENT_3D('',#9970,#7212,#7213);
#5731=AXIS2_PLACEMENT_3D('',#9973,#7215,#7216);
#5732=AXIS2_PLACEMENT_3D('',#9974,#7217,#7218);
#5733=AXIS2_PLACEMENT_3D('',#9978,#7220,#7221);
#5734=AXIS2_PLACEMENT_3D('',#9985,#7222,#7223);
#5735=AXIS2_PLACEMENT_3D('',#9987,#7225,#7226);
#5736=AXIS2_PLACEMENT_3D('',#9988,#7227,#7228);
#5737=AXIS2_PLACEMENT_3D('',#9989,#7229,#7230);
#5738=AXIS2_PLACEMENT_3D('',#9991,#7231,#7232);
#5739=AXIS2_PLACEMENT_3D('',#9993,#7234,#7235);
#5740=AXIS2_PLACEMENT_3D('',#9994,#7236,#7237);
#5741=AXIS2_PLACEMENT_3D('',#9997,#7240,#7241);
#5742=AXIS2_PLACEMENT_3D('',#9999,#7243,#7244);
#5743=AXIS2_PLACEMENT_3D('',#10001,#7246,#7247);
#5744=AXIS2_PLACEMENT_3D('',#10003,#7249,#7250);
#5745=AXIS2_PLACEMENT_3D('',#10005,#7252,#7253);
#5746=AXIS2_PLACEMENT_3D('',#10007,#7255,#7256);
#5747=AXIS2_PLACEMENT_3D('',#10011,#7258,#7259);
#5748=AXIS2_PLACEMENT_3D('',#10066,#7261,#7262);
#5749=AXIS2_PLACEMENT_3D('',#10080,#7263,#7264);
#5750=AXIS2_PLACEMENT_3D('',#10082,#7265,#7266);
#5751=AXIS2_PLACEMENT_3D('',#10156,#7268,#7269);
#5752=AXIS2_PLACEMENT_3D('',#10157,#7270,#7271);
#5753=AXIS2_PLACEMENT_3D('',#10158,#7272,#7273);
#5754=AXIS2_PLACEMENT_3D('',#10161,#7276,#7277);
#5755=AXIS2_PLACEMENT_3D('',#10162,#7278,#7279);
#5756=AXIS2_PLACEMENT_3D('',#10163,#7280,#7281);
#5757=AXIS2_PLACEMENT_3D('',#10164,#7282,#7283);
#5758=AXIS2_PLACEMENT_3D('',#10166,#7284,#7285);
#5759=AXIS2_PLACEMENT_3D('',#10228,#7287,#7288);
#5760=AXIS2_PLACEMENT_3D('',#10273,#7289,#7290);
#5761=AXIS2_PLACEMENT_3D('',#10274,#7291,#7292);
#5762=AXIS2_PLACEMENT_3D('',#10275,#7293,#7294);
#5763=AXIS2_PLACEMENT_3D('',#10277,#7296,#7297);
#5764=AXIS2_PLACEMENT_3D('',#10308,#7300,#7301);
#5765=AXIS2_PLACEMENT_3D('',#10311,#7303,#7304);
#5766=AXIS2_PLACEMENT_3D('',#10312,#7305,#7306);
#5767=AXIS2_PLACEMENT_3D('',#10314,#7307,#7308);
#5768=AXIS2_PLACEMENT_3D('',#10376,#7310,#7311);
#5769=AXIS2_PLACEMENT_3D('',#10377,#7312,#7313);
#5770=AXIS2_PLACEMENT_3D('',#10378,#7314,#7315);
#5771=AXIS2_PLACEMENT_3D('',#10431,#7316,#7317);
#5772=AXIS2_PLACEMENT_3D('',#10432,#7318,#7319);
#5773=AXIS2_PLACEMENT_3D('',#10434,#7320,#7321);
#5774=AXIS2_PLACEMENT_3D('',#10436,#7323,#7324);
#5775=AXIS2_PLACEMENT_3D('',#10437,#7325,#7326);
#5776=AXIS2_PLACEMENT_3D('',#10439,#7327,#7328);
#5777=AXIS2_PLACEMENT_3D('',#10441,#7330,#7331);
#5778=AXIS2_PLACEMENT_3D('',#10443,#7333,#7334);
#5779=AXIS2_PLACEMENT_3D('',#10445,#7335,#7336);
#5780=AXIS2_PLACEMENT_3D('',#10446,#7337,#7338);
#5781=AXIS2_PLACEMENT_3D('',#10448,#7339,#7340);
#5782=AXIS2_PLACEMENT_3D('',#10450,#7342,#7343);
#5783=AXIS2_PLACEMENT_3D('',#10452,#7345,#7346);
#5784=AXIS2_PLACEMENT_3D('',#10454,#7347,#7348);
#5785=AXIS2_PLACEMENT_3D('',#10455,#7349,#7350);
#5786=AXIS2_PLACEMENT_3D('',#10457,#7351,#7352);
#5787=AXIS2_PLACEMENT_3D('',#10459,#7354,#7355);
#5788=AXIS2_PLACEMENT_3D('',#10461,#7356,#7357);
#5789=AXIS2_PLACEMENT_3D('',#10463,#7359,#7360);
#5790=AXIS2_PLACEMENT_3D('',#10465,#7361,#7362);
#5791=AXIS2_PLACEMENT_3D('',#10467,#7364,#7365);
#5792=AXIS2_PLACEMENT_3D('',#10469,#7366,#7367);
#5793=AXIS2_PLACEMENT_3D('',#10470,#7368,#7369);
#5794=AXIS2_PLACEMENT_3D('',#10474,#7371,#7372);
#5795=AXIS2_PLACEMENT_3D('',#10476,#7374,#7375);
#5796=AXIS2_PLACEMENT_3D('',#10478,#7377,#7378);
#5797=AXIS2_PLACEMENT_3D('',#10480,#7380,#7381);
#5798=AXIS2_PLACEMENT_3D('',#10482,#7382,#7383);
#5799=AXIS2_PLACEMENT_3D('',#10483,#7384,#7385);
#5800=AXIS2_PLACEMENT_3D('',#10485,#7387,#7388);
#5801=AXIS2_PLACEMENT_3D('',#10487,#7390,#7391);
#5802=AXIS2_PLACEMENT_3D('',#10489,#7393,#7394);
#5803=AXIS2_PLACEMENT_3D('',#10490,#7395,#7396);
#5804=AXIS2_PLACEMENT_3D('',#10491,#7397,#7398);
#5805=AXIS2_PLACEMENT_3D('',#10492,#7399,#7400);
#5806=AXIS2_PLACEMENT_3D('',#10494,#7401,#7402);
#5807=AXIS2_PLACEMENT_3D('',#10496,#7404,#7405);
#5808=AXIS2_PLACEMENT_3D('',#10499,#7407,#7408);
#5809=AXIS2_PLACEMENT_3D('',#10500,#7409,#7410);
#5810=AXIS2_PLACEMENT_3D('',#10501,#7411,#7412);
#5811=AXIS2_PLACEMENT_3D('',#10503,#7413,#7414);
#5812=AXIS2_PLACEMENT_3D('',#10505,#7416,#7417);
#5813=AXIS2_PLACEMENT_3D('',#10507,#7419,#7420);
#5814=AXIS2_PLACEMENT_3D('',#10509,#7421,#7422);
#5815=AXIS2_PLACEMENT_3D('',#10510,#7423,#7424);
#5816=AXIS2_PLACEMENT_3D('',#10512,#7426,#7427);
#5817=AXIS2_PLACEMENT_3D('',#10514,#7429,#7430);
#5818=AXIS2_PLACEMENT_3D('',#10516,#7431,#7432);
#5819=AXIS2_PLACEMENT_3D('',#10517,#7433,#7434);
#5820=AXIS2_PLACEMENT_3D('',#10521,#7436,#7437);
#5821=AXIS2_PLACEMENT_3D('',#10523,#7439,#7440);
#5822=AXIS2_PLACEMENT_3D('',#10525,#7442,#7443);
#5823=AXIS2_PLACEMENT_3D('',#10527,#7445,#7446);
#5824=AXIS2_PLACEMENT_3D('',#10529,#7447,#7448);
#5825=AXIS2_PLACEMENT_3D('',#10530,#7449,#7450);
#5826=AXIS2_PLACEMENT_3D('',#10532,#7452,#7453);
#5827=DIRECTION('axis',(0.,0.,1.));
#5828=DIRECTION('refdir',(1.,0.,0.));
#5829=DIRECTION('center_axis',(-5.28013481108676E-18,0.,1.));
#5830=DIRECTION('ref_axis',(1.,0.,0.));
#5831=DIRECTION('center_axis',(0.,-1.,0.));
#5832=DIRECTION('ref_axis',(-1.,0.,0.));
#5833=DIRECTION('center_axis',(5.28013481108676E-18,0.,-1.));
#5834=DIRECTION('ref_axis',(0.707106781186549,-0.707106781186546,3.7336191304986E-18));
#5835=DIRECTION('center_axis',(-5.28013481108676E-18,0.,1.));
#5836=DIRECTION('ref_axis',(0.707106781186549,-0.707106781186546,0.));
#5837=DIRECTION('center_axis',(0.,1.,0.));
#5838=DIRECTION('ref_axis',(-0.707106781186547,0.,-0.707106781186548));
#5839=DIRECTION('',(0.,1.,0.));
#5840=DIRECTION('center_axis',(0.,-1.,0.));
#5841=DIRECTION('ref_axis',(-1.,0.,0.));
#5842=DIRECTION('',(0.,-1.,0.));
#5843=DIRECTION('',(0.,1.,0.));
#5844=DIRECTION('',(0.,1.,0.));
#5845=DIRECTION('center_axis',(5.28013481108676E-18,0.,-1.));
#5846=DIRECTION('ref_axis',(-1.,0.,0.));
#5847=DIRECTION('center_axis',(5.28013481108676E-18,0.,-1.));
#5848=DIRECTION('ref_axis',(0.707106781186549,0.707106781186546,3.7336191304986E-18));
#5849=DIRECTION('center_axis',(-5.28013481108676E-18,0.,1.));
#5850=DIRECTION('ref_axis',(0.707106781186549,0.707106781186546,0.));
#5851=DIRECTION('center_axis',(-5.28013481108676E-18,0.,1.));
#5852=DIRECTION('ref_axis',(1.,0.,5.28013481108676E-18));
#5853=DIRECTION('',(-1.,0.,-5.28013481108676E-18));
#5854=DIRECTION('',(-1.33226762955019E-16,-1.,-7.03455268847198E-34));
#5855=DIRECTION('',(1.,0.,5.28013481108676E-18));
#5856=DIRECTION('center_axis',(-5.28013481108676E-18,0.,1.));
#5857=DIRECTION('ref_axis',(0.707106781186551,0.707106781186544,0.));
#5858=DIRECTION('',(0.,1.,0.));
#5859=DIRECTION('center_axis',(-5.28013481108676E-18,0.,1.));
#5860=DIRECTION('ref_axis',(0.707106781186551,-0.707106781186544,0.));
#5861=DIRECTION('',(-1.,0.,-5.28013481108676E-18));
#5862=DIRECTION('',(-1.33226762955019E-16,-1.,-7.03455268847198E-34));
#5863=DIRECTION('',(1.,2.22044604925017E-15,5.28013481108676E-18));
#5864=DIRECTION('center_axis',(1.05975834168765E-15,0.,-1.));
#5865=DIRECTION('ref_axis',(0.707106781186549,0.707106781186546,7.85046229341889E-16));
#5866=DIRECTION('',(-1.05975834168765E-15,0.,1.));
#5867=DIRECTION('center_axis',(-1.11022302462516E-15,-3.08148791101958E-31,
1.));
#5868=DIRECTION('ref_axis',(1.,0.,1.11022302462516E-15));
#5869=DIRECTION('',(1.05975834168765E-15,0.,-1.));
#5870=DIRECTION('center_axis',(1.33226762955019E-16,1.,7.03455268847198E-34));
#5871=DIRECTION('ref_axis',(-0.707106781186547,0.,0.707106781186548));
#5872=DIRECTION('center_axis',(0.,-1.,0.));
#5873=DIRECTION('ref_axis',(-0.707106781186547,0.,0.707106781186548));
#5874=DIRECTION('',(1.33226762955019E-16,1.,7.03455268847198E-34));
#5875=DIRECTION('center_axis',(0.,1.,0.));
#5876=DIRECTION('ref_axis',(-0.707106781186547,0.,0.707106781186548));
#5877=DIRECTION('center_axis',(1.,-1.33226762955019E-16,0.));
#5878=DIRECTION('ref_axis',(-1.33226762955019E-16,-1.,0.));
#5879=DIRECTION('',(0.,0.,-1.));
#5880=DIRECTION('center_axis',(-1.,1.33226762955019E-16,0.));
#5881=DIRECTION('ref_axis',(0.,-0.707106781186548,-0.707106781186548));
#5882=DIRECTION('',(1.33226762955019E-16,1.,7.47561211790772E-32));
#5883=DIRECTION('',(0.,0.,1.));
#5884=DIRECTION('center_axis',(1.33226762955019E-16,1.,7.03455268847198E-34));
#5885=DIRECTION('ref_axis',(-0.707106781186547,0.,0.707106781186548));
#5886=DIRECTION('center_axis',(-2.22044604925017E-15,1.,0.));
#5887=DIRECTION('ref_axis',(-0.707106781186547,0.,0.707106781186548));
#5888=DIRECTION('center_axis',(0.,-1.,0.));
#5889=DIRECTION('ref_axis',(-0.707106781186547,0.,0.707106781186548));
#5890=DIRECTION('',(1.33226762955019E-16,1.,7.03455268847198E-34));
#5891=DIRECTION('center_axis',(0.,0.,-1.));
#5892=DIRECTION('ref_axis',(-0.707106781186546,0.707106781186549,0.));
#5893=DIRECTION('center_axis',(-5.61119399142926E-16,0.,1.));
#5894=DIRECTION('ref_axis',(-0.707106781186546,0.707106781186549,0.));
#5895=DIRECTION('',(0.,0.,1.));
#5896=DIRECTION('center_axis',(0.,0.,-1.));
#5897=DIRECTION('ref_axis',(-0.707106781186546,0.707106781186549,0.));
#5898=DIRECTION('',(0.,0.,-1.));
#5899=DIRECTION('center_axis',(0.,0.,1.));
#5900=DIRECTION('ref_axis',(1.,0.,0.));
#5901=DIRECTION('',(3.88578058618803E-15,1.,0.));
#5902=DIRECTION('',(-1.,-2.2204460492503E-15,0.));
#5903=DIRECTION('',(0.707106781186548,-0.707106781186547,0.));
#5904=DIRECTION('center_axis',(0.,0.,1.));
#5905=DIRECTION('ref_axis',(-0.923879532511288,0.382683432365087,0.));
#5906=DIRECTION('',(-1.,1.02482125350017E-15,0.));
#5907=DIRECTION('center_axis',(0.,0.,1.));
#5908=DIRECTION('ref_axis',(0.923879532511301,0.382683432365057,0.));
#5909=DIRECTION('',(0.707106781186599,0.707106781186496,0.));
#5910=DIRECTION('',(-1.,0.,0.));
#5911=DIRECTION('',(0.,1.,0.));
#5912=DIRECTION('',(1.,2.22044604925017E-15,0.));
#5913=DIRECTION('',(-0.707106781186599,0.707106781186497,0.));
#5914=DIRECTION('center_axis',(0.,0.,1.));
#5915=DIRECTION('ref_axis',(0.9238795325113,-0.382683432365057,0.));
#5916=DIRECTION('',(1.,1.02482125350017E-15,0.));
#5917=DIRECTION('center_axis',(0.,0.,1.));
#5918=DIRECTION('ref_axis',(-0.923879532511288,-0.382683432365087,0.));
#5919=DIRECTION('',(-0.707106781186548,-0.707106781186547,0.));
#5920=DIRECTION('',(1.,-2.2204460492503E-15,0.));
#5921=DIRECTION('',(1.11022302462515E-15,-1.,0.));
#5922=DIRECTION('center_axis',(0.,0.,-1.));
#5923=DIRECTION('ref_axis',(-0.707106781186549,-0.707106781186546,0.));
#5924=DIRECTION('',(-1.,0.,0.));
#5925=DIRECTION('center_axis',(0.,0.,-1.));
#5926=DIRECTION('ref_axis',(0.707106781186549,-0.707106781186546,0.));
#5927=DIRECTION('',(0.,-1.,0.));
#5928=DIRECTION('center_axis',(0.,0.,-1.));
#5929=DIRECTION('ref_axis',(0.707106781186549,0.707106781186546,0.));
#5930=DIRECTION('',(1.,-2.61228946970631E-16,0.));
#5931=DIRECTION('center_axis',(-1.,3.88578058618803E-15,0.));
#5932=DIRECTION('ref_axis',(3.88578058618803E-15,1.,0.));
#5933=DIRECTION('',(-3.88578058618803E-15,-1.,-2.18038686772307E-30));
#5934=DIRECTION('center_axis',(1.,-3.88578058618803E-15,0.));
#5935=DIRECTION('ref_axis',(0.,-0.707106781186554,-0.707106781186541));
#5936=DIRECTION('',(0.,0.,-1.));
#5937=DIRECTION('center_axis',(1.,-3.88578058618803E-15,0.));
#5938=DIRECTION('ref_axis',(3.14018491736755E-15,-0.707106781186546,0.707106781186549));
#5939=DIRECTION('center_axis',(0.,0.,-1.));
#5940=DIRECTION('ref_axis',(-0.707106781186549,-0.707106781186546,0.));
#5941=DIRECTION('center_axis',(-5.61119399142926E-16,0.,1.));
#5942=DIRECTION('ref_axis',(-0.707106781186549,-0.707106781186546,0.));
#5943=DIRECTION('',(0.,0.,1.));
#5944=DIRECTION('',(0.,0.,-1.));
#5945=DIRECTION('center_axis',(5.61119399142926E-16,0.,-1.));
#5946=DIRECTION('ref_axis',(-1.,0.,-5.61119399142926E-16));
#5947=DIRECTION('',(1.11022302462515E-15,-1.,6.22967676492308E-31));
#5948=DIRECTION('',(-1.,2.2204460492503E-15,-5.61119399142926E-16));
#5949=DIRECTION('',(0.707106781186548,0.707106781186547,3.96771332189284E-16));
#5950=DIRECTION('center_axis',(5.61119399142926E-16,0.,-1.));
#5951=DIRECTION('ref_axis',(-0.923879532511288,-0.382683432365086,-5.18406728163181E-16));
#5952=DIRECTION('',(-1.,-1.02482125350017E-15,-5.61119399142926E-16));
#5953=DIRECTION('center_axis',(5.61119399142926E-16,0.,-1.));
#5954=DIRECTION('ref_axis',(0.9238795325113,-0.382683432365057,5.18406728163188E-16));
#5955=DIRECTION('',(0.707106781186599,-0.707106781186497,3.96771332189313E-16));
#5956=DIRECTION('',(-1.,-2.22044604925017E-15,-5.61119399142926E-16));
#5957=DIRECTION('',(1.33226762955019E-16,1.,7.47561211790772E-32));
#5958=DIRECTION('',(1.,0.,5.61119399142926E-16));
#5959=DIRECTION('center_axis',(-1.,-1.11022302462515E-15,0.));
#5960=DIRECTION('ref_axis',(-1.11022302462515E-15,1.,0.));
#5961=DIRECTION('center_axis',(1.,1.11022302462515E-15,0.));
#5962=DIRECTION('ref_axis',(0.,0.707106781186546,0.707106781186549));
#5963=DIRECTION('',(0.,0.,1.));
#5964=DIRECTION('center_axis',(1.,1.11022302462515E-15,0.));
#5965=DIRECTION('ref_axis',(0.,0.707106781186548,-0.707106781186548));
#5966=DIRECTION('center_axis',(0.,-1.,-1.53452332105309E-31));
#5967=DIRECTION('ref_axis',(0.,0.,-1.));
#5968=DIRECTION('center_axis',(0.976187060183953,0.,0.216930457818656));
#5969=DIRECTION('ref_axis',(-0.216930457818656,0.,0.976187060183953));
#5970=DIRECTION('center_axis',(0.,-1.,-1.53452332105309E-31));
#5971=DIRECTION('ref_axis',(0.780041812282732,9.6019327808775E-32,-0.625727393591388));
#5972=DIRECTION('center_axis',(0.,1.,1.53452332105309E-31));
#5973=DIRECTION('ref_axis',(0.780041812282732,0.,-0.625727393591388));
#5974=DIRECTION('center_axis',(0.976187060183953,-3.32884846569451E-32,
0.216930457818656));
#5975=DIRECTION('ref_axis',(-0.153392997769474,-0.707106781186547,0.690268489962634));
#5976=DIRECTION('center_axis',(0.976187060183953,6.0210297253187E-17,0.216930457818656));
#5977=DIRECTION('ref_axis',(-0.216930457818656,0.,0.976187060183953));
#5978=DIRECTION('',(0.976187060183953,-3.32884846569451E-32,0.216930457818656));
#5979=DIRECTION('',(-0.976187060183953,3.32884846569451E-32,-0.216930457818656));
#5980=DIRECTION('center_axis',(0.,1.,4.37150315946156E-16));
#5981=DIRECTION('ref_axis',(-0.780041812282731,0.,0.625727393591389));
#5982=DIRECTION('center_axis',(0.,1.,0.));
#5983=DIRECTION('ref_axis',(-1.,0.,0.));
#5984=DIRECTION('',(0.,1.,4.37150315946156E-16));
#5985=DIRECTION('center_axis',(0.,-1.,0.));
#5986=DIRECTION('ref_axis',(-0.216930457818656,0.,0.976187060183953));
#5987=DIRECTION('',(0.,-1.,-4.37150315946156E-16));
#5988=DIRECTION('center_axis',(0.,0.,1.));
#5989=DIRECTION('ref_axis',(1.,0.,0.));
#5990=DIRECTION('center_axis',(-0.976187060183953,3.32884846569451E-32,
-0.216930457818656));
#5991=DIRECTION('ref_axis',(-0.153392997769475,0.707106781186548,0.690268489962633));
#5992=DIRECTION('center_axis',(0.,-1.53452332105309E-31,1.));
#5993=DIRECTION('ref_axis',(-0.707106781186548,0.707106781186548,0.));
#5994=DIRECTION('center_axis',(0.,0.,1.));
#5995=DIRECTION('ref_axis',(1.,0.,0.));
#5996=DIRECTION('center_axis',(0.,-1.53452332105309E-31,1.));
#5997=DIRECTION('ref_axis',(-0.707106781186548,-0.707106781186547,0.));
#5998=DIRECTION('center_axis',(0.,-1.,-1.53452332105309E-31));
#5999=DIRECTION('ref_axis',(6.91877568391295E-48,-1.53452332105309E-31,
1.));
#6000=DIRECTION('',(0.,-1.53452332105309E-31,1.));
#6001=DIRECTION('',(-1.,0.,0.));
#6002=DIRECTION('',(0.,-1.53452332105309E-31,1.));
#6003=DIRECTION('',(-1.,0.,0.));
#6004=DIRECTION('',(-1.05975834168765E-15,-1.53452332105309E-31,1.));
#6005=DIRECTION('center_axis',(0.,-1.53452332105309E-31,1.));
#6006=DIRECTION('ref_axis',(-0.707106781186548,-0.707106781186547,0.));
#6007=DIRECTION('',(0.,-1.53452332105309E-31,1.));
#6008=DIRECTION('center_axis',(0.,-1.53452332105309E-31,1.));
#6009=DIRECTION('ref_axis',(-0.707106781186548,-0.707106781186547,0.));
#6010=DIRECTION('',(0.,1.53452332105309E-31,-1.));
#6011=DIRECTION('center_axis',(0.,1.53452332105309E-31,-1.));
#6012=DIRECTION('ref_axis',(-0.707106781186548,-0.707106781186547,0.));
#6013=DIRECTION('',(0.,1.53452332105309E-31,-1.));
#6014=DIRECTION('center_axis',(0.,0.,-1.));
#6015=DIRECTION('ref_axis',(-1.,0.,0.));
#6016=DIRECTION('center_axis',(-1.,0.,0.));
#6017=DIRECTION('ref_axis',(0.,0.,1.));
#6018=DIRECTION('',(0.,-1.53452332105309E-31,1.));
#6019=DIRECTION('center_axis',(-1.,0.,0.));
#6020=DIRECTION('ref_axis',(0.,-1.,-1.53452332105309E-31));
#6021=DIRECTION('',(0.,1.53452332105309E-31,-1.));
#6022=DIRECTION('',(0.,1.,1.53452332105309E-31));
#6023=DIRECTION('center_axis',(-1.,0.,0.));
#6024=DIRECTION('ref_axis',(0.,-1.,-1.53452332105309E-31));
#6025=DIRECTION('center_axis',(-1.,0.,0.));
#6026=DIRECTION('ref_axis',(0.,0.707106781186548,-0.707106781186547));
#6027=DIRECTION('center_axis',(-1.,0.,0.));
#6028=DIRECTION('ref_axis',(0.,0.707106781186548,-0.707106781186547));
#6029=DIRECTION('',(-1.,0.,0.));
#6030=DIRECTION('center_axis',(1.,0.,0.));
#6031=DIRECTION('ref_axis',(0.,0.,-1.));
#6032=DIRECTION('',(1.,0.,0.));
#6033=DIRECTION('center_axis',(0.408248290463863,0.408248290463862,-0.816496580927727));
#6034=DIRECTION('ref_axis',(-0.577350269189627,-0.577350269189626,-0.577350269189625));
#6035=DIRECTION('center_axis',(0.,-1.,0.));
#6036=DIRECTION('ref_axis',(0.,0.,-1.));
#6037=DIRECTION('center_axis',(-1.,0.,2.22044604925031E-15));
#6038=DIRECTION('ref_axis',(0.,-1.,0.));
#6039=DIRECTION('center_axis',(-1.,0.,0.));
#6040=DIRECTION('ref_axis',(0.,-0.707106781186548,-0.707106781186548));
#6041=DIRECTION('center_axis',(-1.,0.,0.));
#6042=DIRECTION('ref_axis',(0.,-0.707106781186548,-0.707106781186548));
#6043=DIRECTION('',(1.,0.,0.));
#6044=DIRECTION('center_axis',(0.,-1.,-1.53452332105309E-31));
#6045=DIRECTION('ref_axis',(-0.707106781186547,0.,-0.707106781186548));
#6046=DIRECTION('center_axis',(0.,-1.,0.));
#6047=DIRECTION('ref_axis',(-1.,0.,0.));
#6048=DIRECTION('',(0.,-1.,-1.53452332105309E-31));
#6049=DIRECTION('center_axis',(-0.816496580927726,-0.408248290463863,0.408248290463863));
#6050=DIRECTION('ref_axis',(-0.577350269189626,0.577350269189626,-0.577350269189626));
#6051=DIRECTION('center_axis',(0.,1.53452332105309E-31,-1.));
#6052=DIRECTION('ref_axis',(-0.707106781186548,0.707106781186548,0.));
#6053=DIRECTION('center_axis',(0.,1.53452332105309E-31,-1.));
#6054=DIRECTION('ref_axis',(0.,-1.,-1.53452332105309E-31));
#6055=DIRECTION('',(0.,-1.,-1.53452332105309E-31));
#6056=DIRECTION('center_axis',(0.,1.,1.53452332105309E-31));
#6057=DIRECTION('ref_axis',(-6.91877568391295E-48,1.53452332105309E-31,
-1.));
#6058=DIRECTION('',(0.,1.53452332105309E-31,-1.));
#6059=DIRECTION('',(-0.976187060183953,3.32884846569451E-32,-0.216930457818656));
#6060=DIRECTION('',(-1.05975834168765E-15,-1.53452332105309E-31,1.));
#6061=DIRECTION('',(1.,0.,0.));
#6062=DIRECTION('',(0.,1.53452332105309E-31,-1.));
#6063=DIRECTION('center_axis',(0.,1.53452332105309E-31,-1.));
#6064=DIRECTION('ref_axis',(-0.707106781186548,0.707106781186548,0.));
#6065=DIRECTION('center_axis',(0.,4.31876756579186E-13,-1.));
#6066=DIRECTION('ref_axis',(-0.707106781186548,0.707106781186548,0.));
#6067=DIRECTION('',(0.,-1.53452332105309E-31,1.));
#6068=DIRECTION('center_axis',(0.,-1.53452332105309E-31,1.));
#6069=DIRECTION('ref_axis',(-0.707106781186548,0.707106781186548,0.));
#6070=DIRECTION('center_axis',(0.,1.53452332105309E-31,-1.));
#6071=DIRECTION('ref_axis',(0.,-1.,-1.53452332105309E-31));
#6072=DIRECTION('',(0.,-1.,-1.53452332105309E-31));
#6073=DIRECTION('',(-1.,0.,0.));
#6074=DIRECTION('center_axis',(-1.,0.,-1.05975834168765E-15));
#6075=DIRECTION('ref_axis',(-1.05975834168765E-15,2.03209753229506E-16,
1.));
#6076=DIRECTION('center_axis',(-1.11022302462516E-15,0.,1.));
#6077=DIRECTION('ref_axis',(0.,-1.,0.));
#6078=DIRECTION('center_axis',(0.980154812588496,5.50208649758204E-17,-0.198233557602166));
#6079=DIRECTION('ref_axis',(0.198233557602166,0.,0.980154812588496));
#6080=DIRECTION('center_axis',(0.,1.,0.));
#6081=DIRECTION('ref_axis',(1.,0.,1.11022302462516E-15));
#6082=DIRECTION('center_axis',(-1.05975834168765E-15,-1.53452332105309E-31,
1.));
#6083=DIRECTION('ref_axis',(0.707106781186547,-0.707106781186548,7.35980840008019E-16));
#6084=DIRECTION('center_axis',(0.,1.53452332105309E-31,-1.));
#6085=DIRECTION('ref_axis',(0.707106781186547,-0.707106781186548,7.35980840008019E-16));
#6086=DIRECTION('',(1.05975834168765E-15,1.53452332105309E-31,-1.));
#6087=DIRECTION('center_axis',(-0.976187060183953,3.32884846569451E-32,
-0.216930457818656));
#6088=DIRECTION('ref_axis',(-0.153392997769475,0.707106781186548,0.690268489962633));
#6089=DIRECTION('',(0.976187060183953,-3.32884846569451E-32,0.216930457818656));
#6090=DIRECTION('center_axis',(-4.6327369389533E-31,1.,4.37150315946156E-16));
#6091=DIRECTION('ref_axis',(0.780041812282732,3.55821639027328E-16,-0.625727393591388));
#6092=DIRECTION('',(-4.6327369389533E-31,1.,4.37150315946156E-16));
#6093=DIRECTION('',(4.6327369389533E-31,-1.,-4.37150315946156E-16));
#6094=DIRECTION('center_axis',(-1.,0.,-1.05975834168765E-15));
#6095=DIRECTION('ref_axis',(-1.05975834168765E-15,0.,1.));
#6096=DIRECTION('',(1.05975834168765E-15,2.35313622296025E-30,-1.));
#6097=DIRECTION('center_axis',(-1.,0.,-1.05975834168765E-15));
#6098=DIRECTION('ref_axis',(-7.49362309826345E-16,0.707106781186549,0.707106781186546));
#6099=DIRECTION('center_axis',(-1.,0.,-1.05975834168765E-15));
#6100=DIRECTION('ref_axis',(-7.49362309826345E-16,-0.707106781186549,0.707106781186546));
#6101=DIRECTION('center_axis',(-1.,0.,-1.05975834168765E-15));
#6102=DIRECTION('ref_axis',(0.,0.707106781186547,-0.707106781186548));
#6103=DIRECTION('',(1.05975834168765E-15,0.,-1.));
#6104=DIRECTION('center_axis',(-1.,0.,-1.05975834168765E-15));
#6105=DIRECTION('ref_axis',(0.,0.707106781186548,0.707106781186548));
#6106=DIRECTION('',(9.52079451461411E-49,1.,-8.98392976973637E-34));
#6107=DIRECTION('center_axis',(-1.,0.,-1.05975834168765E-15));
#6108=DIRECTION('ref_axis',(-2.24298922669111E-16,-0.707106781186548,0.707106781186548));
#6109=DIRECTION('',(-1.05975834168765E-15,0.,1.));
#6110=DIRECTION('center_axis',(-1.,0.,-1.05975834168765E-15));
#6111=DIRECTION('ref_axis',(0.,-0.707106781186547,-0.707106781186548));
#6112=DIRECTION('',(-1.62622389000024E-46,1.,1.53452332105309E-31));
#6113=DIRECTION('center_axis',(-1.,0.,-1.05975834168765E-15));
#6114=DIRECTION('ref_axis',(0.,-1.,0.));
#6115=DIRECTION('center_axis',(-1.,0.,-1.05975834168765E-15));
#6116=DIRECTION('ref_axis',(0.,-1.,0.));
#6117=DIRECTION('center_axis',(-1.,0.,-1.05975834168765E-15));
#6118=DIRECTION('ref_axis',(0.,-1.,0.));
#6119=DIRECTION('',(-1.05975834168765E-15,0.,1.));
#6120=DIRECTION('center_axis',(-1.,0.,-1.05975834168765E-15));
#6121=DIRECTION('ref_axis',(0.,-0.707106781186548,-0.707106781186548));
#6122=DIRECTION('',(9.52079451461411E-49,-1.,-8.98392976973637E-34));
#6123=DIRECTION('center_axis',(-1.,0.,-1.05975834168765E-15));
#6124=DIRECTION('ref_axis',(0.,0.707106781186548,-0.707106781186548));
#6125=DIRECTION('',(1.05975834168765E-15,0.,-1.));
#6126=DIRECTION('center_axis',(-1.,0.,-1.05975834168765E-15));
#6127=DIRECTION('ref_axis',(0.,0.707106781186547,0.707106781186548));
#6128=DIRECTION('',(0.,1.,0.));
#6129=DIRECTION('center_axis',(-1.,0.,-1.05975834168765E-15));
#6130=DIRECTION('ref_axis',(0.,-0.707106781186547,0.707106781186548));
#6131=DIRECTION('center_axis',(-1.,0.,-1.05975834168765E-15));
#6132=DIRECTION('ref_axis',(0.,-1.,0.));
#6133=DIRECTION('center_axis',(-1.,0.,-1.05975834168765E-15));
#6134=DIRECTION('ref_axis',(0.,-1.,0.));
#6135=DIRECTION('center_axis',(-1.,0.,-1.05975834168765E-15));
#6136=DIRECTION('ref_axis',(0.,-1.,0.));
#6137=DIRECTION('center_axis',(-1.,0.,-1.05975834168765E-15));
#6138=DIRECTION('ref_axis',(0.,-1.,0.));
#6139=DIRECTION('center_axis',(-0.216930457818656,-4.26740481781964E-16,
0.976187060183953));
#6140=DIRECTION('ref_axis',(0.976187060183953,0.,0.216930457818656));
#6141=DIRECTION('center_axis',(0.,-1.53452332105309E-31,1.));
#6142=DIRECTION('ref_axis',(0.,1.,1.53452332105309E-31));
#6143=DIRECTION('',(0.,1.,1.53452332105309E-31));
#6144=DIRECTION('',(-1.,0.,0.));
#6145=DIRECTION('center_axis',(-1.,0.,-1.05975834168765E-15));
#6146=DIRECTION('ref_axis',(-1.06581410364015E-15,0.,1.));
#6147=DIRECTION('center_axis',(1.,0.,1.05975834168765E-15));
#6148=DIRECTION('ref_axis',(-8.3266726846887E-16,-0.707106781186549,0.707106781186547));
#6149=DIRECTION('center_axis',(-1.05975834168765E-15,-2.35313622296025E-30,
1.));
#6150=DIRECTION('ref_axis',(0.70710678118655,-0.707106781186545,7.85046229341888E-16));
#6151=DIRECTION('',(-1.05975834168765E-15,-2.35313622296025E-30,1.));
#6152=DIRECTION('center_axis',(-1.11022302462516E-15,-2.46519032881567E-30,
1.));
#6153=DIRECTION('ref_axis',(2.22044604925032E-15,-1.,0.));
#6154=DIRECTION('center_axis',(-1.,0.,-1.05975834168765E-15));
#6155=DIRECTION('ref_axis',(-1.06581410364015E-15,0.,1.));
#6156=DIRECTION('center_axis',(1.,0.,1.05975834168765E-15));
#6157=DIRECTION('ref_axis',(-8.3266726846887E-16,0.707106781186549,0.707106781186547));
#6158=DIRECTION('center_axis',(1.,2.22044604925017E-15,0.));
#6159=DIRECTION('ref_axis',(-1.57009245868378E-15,0.707106781186546,0.707106781186549));
#6160=DIRECTION('',(-1.,-2.22044604925017E-15,0.));
#6161=DIRECTION('center_axis',(-0.719341004448629,-0.694657123564452,6.16979466240909E-15));
#6162=DIRECTION('ref_axis',(-0.694657123564452,0.719341004448629,0.));
#6163=DIRECTION('center_axis',(-2.22044604925017E-15,1.,0.));
#6164=DIRECTION('ref_axis',(1.,2.22044604925017E-15,0.));
#6165=DIRECTION('',(0.,0.,1.));
#6166=DIRECTION('',(1.,2.22044604925017E-15,5.61119399142926E-16));
#6167=DIRECTION('',(0.,0.,-1.));
#6168=DIRECTION('center_axis',(0.,0.,1.));
#6169=DIRECTION('ref_axis',(0.,-1.,0.));
#6170=DIRECTION('center_axis',(0.0174541395592479,-0.999847664903132,-7.7511950454791E-17));
#6171=DIRECTION('ref_axis',(0.999847664903132,0.0174541395592479,0.));
#6172=DIRECTION('center_axis',(0.719341004448659,0.69465712356442,0.));
#6173=DIRECTION('ref_axis',(0.69465712356442,-0.719341004448659,0.));
#6174=DIRECTION('center_axis',(0.,0.,1.));
#6175=DIRECTION('ref_axis',(-0.707106781186495,0.7071067811866,0.));
#6176=DIRECTION('center_axis',(-0.719341004448624,0.694657123564456,0.));
#6177=DIRECTION('ref_axis',(-0.694657123564456,-0.719341004448624,0.));
#6178=DIRECTION('center_axis',(-0.0174541395592726,-0.999847664903132,0.));
#6179=DIRECTION('ref_axis',(-0.999847664903132,0.0174541395592725,0.));
#6180=DIRECTION('center_axis',(-1.,0.,0.));
#6181=DIRECTION('ref_axis',(0.,-0.707106781186546,0.707106781186549));
#6182=DIRECTION('',(1.,0.,0.));
#6183=DIRECTION('center_axis',(0.707106781186599,0.707106781186496,0.));
#6184=DIRECTION('ref_axis',(-0.499999999999964,0.500000000000036,0.707106781186547));
#6185=DIRECTION('center_axis',(-0.707106781186599,-0.707106781186496,0.));
#6186=DIRECTION('ref_axis',(0.,0.,1.));
#6187=DIRECTION('',(-0.707106781186599,-0.707106781186496,0.));
#6188=DIRECTION('center_axis',(0.,0.,1.));
#6189=DIRECTION('ref_axis',(1.,0.,0.));
#6190=DIRECTION('center_axis',(1.,-2.2204460492503E-15,0.));
#6191=DIRECTION('ref_axis',(0.,0.,1.));
#6192=DIRECTION('center_axis',(0.,0.,-1.));
#6193=DIRECTION('ref_axis',(0.923879532511301,0.382683432365057,0.));
#6194=DIRECTION('center_axis',(-1.,1.02482125350017E-15,0.));
#6195=DIRECTION('ref_axis',(-7.85046229341889E-16,-0.707106781186546,0.707106781186549));
#6196=DIRECTION('center_axis',(1.,0.,0.));
#6197=DIRECTION('ref_axis',(0.,0.,1.));
#6198=DIRECTION('',(1.,-1.02482125350017E-15,0.));
#6199=DIRECTION('center_axis',(0.,0.,1.));
#6200=DIRECTION('ref_axis',(-0.923879532511289,0.382683432365086,0.));
#6201=DIRECTION('center_axis',(-0.70710678118655,0.707106781186545,0.));
#6202=DIRECTION('ref_axis',(0.,0.,1.));
#6203=DIRECTION('center_axis',(0.,0.,-1.));
#6204=DIRECTION('ref_axis',(-0.923879532511288,0.382683432365087,0.));
#6205=DIRECTION('center_axis',(0.707106781186548,-0.707106781186547,0.));
#6206=DIRECTION('ref_axis',(0.499999999999999,0.499999999999999,0.707106781186549));
#6207=DIRECTION('',(-0.707106781186548,0.707106781186547,0.));
#6208=DIRECTION('center_axis',(-1.,-2.2204460492503E-15,0.));
#6209=DIRECTION('ref_axis',(3.14018491736755E-15,-0.707106781186546,0.707106781186549));
#6210=DIRECTION('',(1.,2.2204460492503E-15,0.));
#6211=DIRECTION('center_axis',(0.,-1.,0.));
#6212=DIRECTION('ref_axis',(-1.,0.,0.));
#6213=DIRECTION('',(0.,0.,1.));
#6214=DIRECTION('',(-1.,0.,-5.61119399142926E-16));
#6215=DIRECTION('center_axis',(0.,0.,-1.));
#6216=DIRECTION('ref_axis',(-0.923879532511306,-0.382683432365044,0.));
#6217=DIRECTION('',(0.,0.,-1.));
#6218=DIRECTION('center_axis',(-1.48029736616708E-14,-1.48029736616688E-14,
-1.));
#6219=DIRECTION('ref_axis',(0.,-1.,1.48029736616688E-14));
#6220=DIRECTION('center_axis',(-0.707106781186496,0.707106781186599,0.));
#6221=DIRECTION('ref_axis',(0.707106781186599,0.707106781186496,0.));
#6222=DIRECTION('',(0.,0.,1.));
#6223=DIRECTION('',(0.707106781186599,0.707106781186496,3.96771332189313E-16));
#6224=DIRECTION('center_axis',(0.,0.,-1.));
#6225=DIRECTION('ref_axis',(0.923879532511305,0.382683432365046,0.));
#6226=DIRECTION('',(0.,0.,-1.));
#6227=DIRECTION('center_axis',(-5.61119399142926E-16,0.,1.));
#6228=DIRECTION('ref_axis',(0.9238795325113,0.382683432365057,4.62592926927148E-16));
#6229=DIRECTION('center_axis',(-1.02482125350017E-15,-1.,0.));
#6230=DIRECTION('ref_axis',(-1.,1.02482125350017E-15,0.));
#6231=DIRECTION('',(0.,0.,1.));
#6232=DIRECTION('',(-1.,1.02482125350017E-15,-5.61119399142926E-16));
#6233=DIRECTION('center_axis',(0.,0.,-1.));
#6234=DIRECTION('ref_axis',(-0.923879532511287,0.382683432365089,0.));
#6235=DIRECTION('',(0.,0.,-1.));
#6236=DIRECTION('center_axis',(-5.61119399142926E-16,0.,1.));
#6237=DIRECTION('ref_axis',(-0.923879532511288,0.382683432365086,-4.62592926927148E-16));
#6238=DIRECTION('center_axis',(0.707106781186547,0.707106781186548,0.));
#6239=DIRECTION('ref_axis',(0.707106781186548,-0.707106781186547,0.));
#6240=DIRECTION('',(0.,0.,1.));
#6241=DIRECTION('',(0.707106781186548,-0.707106781186547,3.96771332189284E-16));
#6242=DIRECTION('center_axis',(0.,0.,-1.));
#6243=DIRECTION('ref_axis',(0.923879532511287,-0.382683432365089,0.));
#6244=DIRECTION('',(0.,0.,-1.));
#6245=DIRECTION('center_axis',(-7.76066720090189E-14,1.48029736616689E-14,
-1.));
#6246=DIRECTION('ref_axis',(0.707106781186548,0.707106781186548,-4.44089209850056E-14));
#6247=DIRECTION('center_axis',(2.2204460492503E-15,-1.,0.));
#6248=DIRECTION('ref_axis',(-1.,-2.2204460492503E-15,0.));
#6249=DIRECTION('',(-1.,-2.2204460492503E-15,-5.61119399142926E-16));
#6250=DIRECTION('center_axis',(-0.0174541395592725,-0.999847664903132,8.86105320193155E-15));
#6251=DIRECTION('ref_axis',(-0.999847664903132,0.0174541395592725,0.));
#6252=DIRECTION('center_axis',(-0.719341004448625,0.694657123564456,-7.98628945695867E-16));
#6253=DIRECTION('ref_axis',(-0.694657123564456,-0.719341004448625,0.));
#6254=DIRECTION('center_axis',(0.719341004448663,0.694657123564417,0.));
#6255=DIRECTION('ref_axis',(0.694657123564417,-0.719341004448663,0.));
#6256=DIRECTION('center_axis',(0.0174541395592479,-0.999847664903132,-8.64789533818067E-15));
#6257=DIRECTION('ref_axis',(0.999847664903132,0.0174541395592479,0.));
#6258=DIRECTION('center_axis',(1.,2.2204460492503E-15,5.61119399142926E-16));
#6259=DIRECTION('ref_axis',(0.,-0.707106781186554,-0.707106781186541));
#6260=DIRECTION('',(1.,2.2204460492503E-15,5.61119399142926E-16));
#6261=DIRECTION('center_axis',(-0.707106781186548,0.707106781186547,-3.96771332189284E-16));
#6262=DIRECTION('ref_axis',(0.499999999999996,0.499999999999996,-0.707106781186553));
#6263=DIRECTION('',(-0.707106781186548,0.707106781186547,-3.96771332189284E-16));
#6264=DIRECTION('center_axis',(0.707106781186548,-0.707106781186548,0.));
#6265=DIRECTION('ref_axis',(0.,0.,-1.));
#6266=DIRECTION('center_axis',(5.61119399142926E-16,0.,-1.));
#6267=DIRECTION('ref_axis',(-1.,0.,-6.83214169000096E-16));
#6268=DIRECTION('center_axis',(-1.,0.,0.));
#6269=DIRECTION('ref_axis',(0.,0.,-1.));
#6270=DIRECTION('center_axis',(5.61119399142926E-16,0.,-1.));
#6271=DIRECTION('ref_axis',(-0.923879532511288,0.382683432365086,-5.18406728163181E-16));
#6272=DIRECTION('center_axis',(1.,-1.02482125350017E-15,5.61119399142926E-16));
#6273=DIRECTION('ref_axis',(0.,-0.707106781186541,-0.707106781186554));
#6274=DIRECTION('center_axis',(-1.,0.,0.));
#6275=DIRECTION('ref_axis',(0.,0.,-1.));
#6276=DIRECTION('',(1.,-1.02482125350017E-15,5.61119399142926E-16));
#6277=DIRECTION('center_axis',(5.61119399142926E-16,0.,-1.));
#6278=DIRECTION('ref_axis',(0.923879532511301,0.382683432365055,0.));
#6279=DIRECTION('center_axis',(0.7071067811866,0.707106781186495,7.85046229341956E-16));
#6280=DIRECTION('ref_axis',(1.11022302462517E-15,0.,-1.));
#6281=DIRECTION('center_axis',(5.61119399142926E-16,0.,-1.));
#6282=DIRECTION('ref_axis',(0.9238795325113,0.382683432365057,5.18406728163188E-16));
#6283=DIRECTION('center_axis',(-0.707106781186599,-0.707106781186496,-3.96771332189313E-16));
#6284=DIRECTION('ref_axis',(-0.499999999999958,0.500000000000034,-0.707106781186553));
#6285=DIRECTION('',(-0.707106781186599,-0.707106781186496,-3.96771332189313E-16));
#6286=DIRECTION('center_axis',(1.,0.,5.61119399142926E-16));
#6287=DIRECTION('ref_axis',(0.,-0.707106781186548,-0.707106781186548));
#6288=DIRECTION('',(1.,0.,5.61119399142926E-16));
#6289=DIRECTION('center_axis',(5.61119399142926E-16,0.,-1.));
#6290=DIRECTION('ref_axis',(-1.,0.,-5.61119399142926E-16));
#6291=DIRECTION('',(-1.,2.61228946970631E-16,-5.61119399142926E-16));
#6292=DIRECTION('center_axis',(1.48029736616694E-14,1.48029736616691E-14,
-1.));
#6293=DIRECTION('ref_axis',(0.,1.,1.48029736616691E-14));
#6294=DIRECTION('center_axis',(0.0174541395592478,0.999847664903132,8.88043118954528E-15));
#6295=DIRECTION('ref_axis',(0.999847664903132,-0.0174541395592478,0.));
#6296=DIRECTION('center_axis',(0.719341004448658,-0.694657123564422,0.));
#6297=DIRECTION('ref_axis',(0.694657123564422,0.719341004448658,0.));
#6298=DIRECTION('center_axis',(0.,0.,-1.));
#6299=DIRECTION('ref_axis',(-0.707106781186495,-0.7071067811866,0.));
#6300=DIRECTION('center_axis',(-0.719341004448628,-0.694657123564453,-7.98628945695857E-16));
#6301=DIRECTION('ref_axis',(-0.694657123564453,0.719341004448628,0.));
#6302=DIRECTION('center_axis',(-0.0174541395592726,0.999847664903132,-1.74701925648847E-14));
#6303=DIRECTION('ref_axis',(-0.999847664903132,-0.0174541395592726,0.));
#6304=DIRECTION('center_axis',(-1.,-2.22044604925017E-15,-5.61119399142926E-16));
#6305=DIRECTION('ref_axis',(-3.14018491736753E-15,0.707106781186541,-0.707106781186554));
#6306=DIRECTION('center_axis',(-1.,1.33226762955019E-16,0.));
#6307=DIRECTION('ref_axis',(-3.14018491736753E-15,0.707106781186541,-0.707106781186554));
#6308=DIRECTION('center_axis',(0.707106781186599,-0.707106781186497,3.96771332189313E-16));
#6309=DIRECTION('ref_axis',(-0.499999999999963,-0.500000000000038,-0.707106781186547));
#6310=DIRECTION('center_axis',(-0.707106781186599,0.707106781186497,0.));
#6311=DIRECTION('ref_axis',(0.,0.,-1.));
#6312=DIRECTION('',(-0.707106781186599,0.707106781186497,-3.96771332189313E-16));
#6313=DIRECTION('center_axis',(5.61119399142926E-16,0.,-1.));
#6314=DIRECTION('ref_axis',(0.923879532511301,-0.382683432365055,0.));
#6315=DIRECTION('center_axis',(1.,2.22044604925028E-15,1.11022302462517E-15));
#6316=DIRECTION('ref_axis',(1.11022302462517E-15,0.,-1.));
#6317=DIRECTION('center_axis',(-5.61119399142926E-16,0.,1.));
#6318=DIRECTION('ref_axis',(0.9238795325113,-0.382683432365057,4.62592926927148E-16));
#6319=DIRECTION('center_axis',(-1.,-1.02482125350017E-15,-5.61119399142926E-16));
#6320=DIRECTION('ref_axis',(0.,0.707106781186554,-0.707106781186541));
#6321=DIRECTION('center_axis',(1.,0.,0.));
#6322=DIRECTION('ref_axis',(0.,0.,-1.));
#6323=DIRECTION('',(1.,1.02482125350017E-15,5.61119399142926E-16));
#6324=DIRECTION('center_axis',(5.61119399142926E-16,0.,-1.));
#6325=DIRECTION('ref_axis',(-1.,0.,-6.83214169000097E-16));
#6326=DIRECTION('center_axis',(-0.70710678118655,-0.707106781186545,0.));
#6327=DIRECTION('ref_axis',(0.,0.,-1.));
#6328=DIRECTION('center_axis',(-5.61119399142926E-16,0.,1.));
#6329=DIRECTION('ref_axis',(-0.923879532511288,-0.382683432365086,-4.62592926927148E-16));
#6330=DIRECTION('center_axis',(0.707106781186548,0.707106781186547,3.96771332189284E-16));
#6331=DIRECTION('ref_axis',(0.499999999999996,-0.499999999999996,-0.707106781186553));
#6332=DIRECTION('',(-0.707106781186548,-0.707106781186547,-3.96771332189284E-16));
#6333=DIRECTION('center_axis',(-1.,2.2204460492503E-15,-5.61119399142926E-16));
#6334=DIRECTION('ref_axis',(0.,0.707106781186548,-0.707106781186548));
#6335=DIRECTION('',(1.,-2.2204460492503E-15,5.61119399142926E-16));
#6336=DIRECTION('center_axis',(0.,0.,-1.));
#6337=DIRECTION('ref_axis',(-0.923879532511306,0.382683432365044,0.));
#6338=DIRECTION('',(0.,0.,1.));
#6339=DIRECTION('center_axis',(0.,0.,1.));
#6340=DIRECTION('ref_axis',(-1.85037170770858E-15,1.,0.));
#6341=DIRECTION('center_axis',(-0.707106781186497,-0.707106781186599,0.));
#6342=DIRECTION('ref_axis',(-0.707106781186599,0.707106781186497,0.));
#6343=DIRECTION('',(0.,0.,-1.));
#6344=DIRECTION('',(0.707106781186599,-0.707106781186497,0.));
#6345=DIRECTION('center_axis',(0.,0.,-1.));
#6346=DIRECTION('ref_axis',(0.923879532511307,-0.38268343236504,0.));
#6347=DIRECTION('',(0.,0.,1.));
#6348=DIRECTION('center_axis',(0.,0.,-1.));
#6349=DIRECTION('ref_axis',(0.9238795325113,-0.382683432365057,0.));
#6350=DIRECTION('center_axis',(-1.02482125350017E-15,1.,0.));
#6351=DIRECTION('ref_axis',(1.,1.02482125350017E-15,0.));
#6352=DIRECTION('',(0.,0.,-1.));
#6353=DIRECTION('',(-1.,-1.02482125350017E-15,0.));
#6354=DIRECTION('center_axis',(0.,0.,-1.));
#6355=DIRECTION('ref_axis',(-0.923879532511287,-0.382683432365089,0.));
#6356=DIRECTION('',(0.,0.,1.));
#6357=DIRECTION('center_axis',(0.,0.,-1.));
#6358=DIRECTION('ref_axis',(-0.923879532511288,-0.382683432365087,0.));
#6359=DIRECTION('center_axis',(0.707106781186547,-0.707106781186548,0.));
#6360=DIRECTION('ref_axis',(-0.707106781186548,-0.707106781186547,0.));
#6361=DIRECTION('',(0.,0.,-1.));
#6362=DIRECTION('',(0.707106781186548,0.707106781186547,0.));
#6363=DIRECTION('center_axis',(0.,0.,-1.));
#6364=DIRECTION('ref_axis',(0.923879532511287,0.382683432365089,0.));
#6365=DIRECTION('',(0.,0.,1.));
#6366=DIRECTION('center_axis',(0.,0.,1.));
#6367=DIRECTION('ref_axis',(0.707106781186547,-0.707106781186547,0.));
#6368=DIRECTION('center_axis',(2.2204460492503E-15,1.,0.));
#6369=DIRECTION('ref_axis',(1.,-2.2204460492503E-15,0.));
#6370=DIRECTION('',(-1.,2.2204460492503E-15,0.));
#6371=DIRECTION('center_axis',(-0.0174541395592791,0.999847664903132,-5.81339628411972E-17));
#6372=DIRECTION('ref_axis',(-0.999847664903132,-0.0174541395592791,0.));
#6373=DIRECTION('center_axis',(0.719341004448661,-0.694657123564418,0.));
#6374=DIRECTION('ref_axis',(0.694657123564418,0.719341004448661,0.));
#6375=DIRECTION('center_axis',(0.0174541395592479,0.999847664903132,7.7511950454791E-17));
#6376=DIRECTION('ref_axis',(0.999847664903132,-0.0174541395592479,0.));
#6377=DIRECTION('center_axis',(1.,-2.2204460492503E-15,0.));
#6378=DIRECTION('ref_axis',(0.,0.707106781186546,0.707106781186549));
#6379=DIRECTION('center_axis',(-0.707106781186548,-0.707106781186547,0.));
#6380=DIRECTION('ref_axis',(0.499999999999999,-0.499999999999999,0.707106781186549));
#6381=DIRECTION('center_axis',(0.707106781186548,0.707106781186548,0.));
#6382=DIRECTION('ref_axis',(0.,0.,1.));
#6383=DIRECTION('center_axis',(0.,0.,1.));
#6384=DIRECTION('ref_axis',(-0.923879532511288,-0.382683432365088,0.));
#6385=DIRECTION('center_axis',(-1.,0.,0.));
#6386=DIRECTION('ref_axis',(0.,0.,1.));
#6387=DIRECTION('center_axis',(1.,1.02482125350017E-15,0.));
#6388=DIRECTION('ref_axis',(0.,0.707106781186546,0.707106781186549));
#6389=DIRECTION('center_axis',(-1.,0.,0.));
#6390=DIRECTION('ref_axis',(0.,0.,1.));
#6391=DIRECTION('center_axis',(0.,0.,1.));
#6392=DIRECTION('ref_axis',(1.,0.,0.));
#6393=DIRECTION('center_axis',(0.707106781186596,-0.707106781186499,0.));
#6394=DIRECTION('ref_axis',(0.,0.,1.));
#6395=DIRECTION('center_axis',(-0.707106781186599,0.707106781186497,0.));
#6396=DIRECTION('ref_axis',(-0.499999999999964,-0.500000000000036,0.707106781186547));
#6397=DIRECTION('center_axis',(0.,1.,0.));
#6398=DIRECTION('ref_axis',(-0.707106781186546,0.,-0.707106781186549));
#6399=DIRECTION('center_axis',(-0.719341004448661,-7.71224332801102E-16,
-0.694657123564418));
#6400=DIRECTION('ref_axis',(-0.694657123564418,0.,0.719341004448661));
#6401=DIRECTION('center_axis',(-0.0174541395592502,4.40145961954524E-15,
0.999847664903132));
#6402=DIRECTION('ref_axis',(-0.999847664903132,0.,-0.0174541395592502));
#6403=DIRECTION('center_axis',(0.,1.,0.));
#6404=DIRECTION('ref_axis',(0.,0.,1.));
#6405=DIRECTION('center_axis',(0.0174541395592495,0.,0.999847664903132));
#6406=DIRECTION('ref_axis',(0.999847664903132,0.,-0.0174541395592495));
#6407=DIRECTION('center_axis',(0.719341004448662,0.,-0.694657123564417));
#6408=DIRECTION('ref_axis',(0.694657123564417,0.,0.719341004448662));
#6409=DIRECTION('center_axis',(0.,1.,0.));
#6410=DIRECTION('ref_axis',(0.70710678118655,0.,-0.707106781186545));
#6411=DIRECTION('center_axis',(0.986550454326591,9.07368798202925E-17,0.163457031258972));
#6412=DIRECTION('ref_axis',(0.163457031258972,0.,-0.986550454326591));
#6413=DIRECTION('center_axis',(-0.813178091472836,0.,-0.58201494100117));
#6414=DIRECTION('ref_axis',(0.58201494100117,0.,-0.813178091472836));
#6415=DIRECTION('center_axis',(0.,1.,0.));
#6416=DIRECTION('ref_axis',(7.40148683083435E-15,0.,1.));
#6417=DIRECTION('center_axis',(-0.813178091472836,0.,0.58201494100117));
#6418=DIRECTION('ref_axis',(0.58201494100117,0.,0.813178091472836));
#6419=DIRECTION('center_axis',(0.986550454326591,5.44421278921755E-16,-0.163457031258972));
#6420=DIRECTION('ref_axis',(0.163457031258972,0.,0.986550454326591));
#6421=DIRECTION('center_axis',(0.,1.,0.));
#6422=DIRECTION('ref_axis',(0.70710678118655,0.,0.707106781186545));
#6423=DIRECTION('center_axis',(0.719341004448661,0.,0.694657123564419));
#6424=DIRECTION('ref_axis',(0.694657123564419,0.,-0.719341004448661));
#6425=DIRECTION('center_axis',(0.0174541395592478,-7.61535338994253E-15,
-0.999847664903132));
#6426=DIRECTION('ref_axis',(0.999847664903132,0.,0.0174541395592478));
#6427=DIRECTION('center_axis',(0.,1.,0.));
#6428=DIRECTION('ref_axis',(0.,0.,-1.));
#6429=DIRECTION('center_axis',(-0.0174541395592494,0.,-0.999847664903132));
#6430=DIRECTION('ref_axis',(-0.999847664903132,0.,0.0174541395592494));
#6431=DIRECTION('center_axis',(-0.719341004448661,3.85612166400551E-15,
0.694657123564419));
#6432=DIRECTION('ref_axis',(-0.694657123564419,0.,-0.719341004448661));
#6433=DIRECTION('center_axis',(-5.28013481108676E-18,0.,1.));
#6434=DIRECTION('ref_axis',(0.707106781186551,0.707106781186544,0.));
#6435=DIRECTION('',(-5.28013481108676E-18,0.,1.));
#6436=DIRECTION('center_axis',(0.,0.,-1.));
#6437=DIRECTION('ref_axis',(0.,1.,0.));
#6438=DIRECTION('',(5.28013481108676E-18,0.,-1.));
#6439=DIRECTION('center_axis',(-1.,0.,-5.28013481108676E-18));
#6440=DIRECTION('ref_axis',(0.,0.707106781186546,0.707106781186549));
#6441=DIRECTION('center_axis',(-1.,0.,0.));
#6442=DIRECTION('ref_axis',(0.,0.,1.));
#6443=DIRECTION('',(-1.,0.,-5.28013481108676E-18));
#6444=DIRECTION('center_axis',(1.,0.,0.));
#6445=DIRECTION('ref_axis',(0.,1.,0.));
#6446=DIRECTION('',(1.,0.,5.28013481108676E-18));
#6447=DIRECTION('center_axis',(0.,1.,0.));
#6448=DIRECTION('ref_axis',(0.,0.,1.));
#6449=DIRECTION('center_axis',(0.,0.,-1.));
#6450=DIRECTION('ref_axis',(0.,1.,0.));
#6451=DIRECTION('center_axis',(0.,-1.,0.));
#6452=DIRECTION('ref_axis',(-0.707106781186547,0.,-0.707106781186548));
#6453=DIRECTION('center_axis',(0.,1.,0.));
#6454=DIRECTION('ref_axis',(-0.707106781186547,0.,-0.707106781186548));
#6455=DIRECTION('center_axis',(6.75993084845259E-16,0.,1.));
#6456=DIRECTION('ref_axis',(0.707106781186548,0.707106781186547,-3.92523114670945E-16));
#6457=DIRECTION('center_axis',(0.,0.,-1.));
#6458=DIRECTION('ref_axis',(0.,1.,0.));
#6459=DIRECTION('',(-6.75993084845259E-16,0.,-1.));
#6460=DIRECTION('',(6.75993084845259E-16,0.,1.));
#6461=DIRECTION('center_axis',(0.,1.,0.));
#6462=DIRECTION('ref_axis',(0.,0.,1.));
#6463=DIRECTION('center_axis',(-0.923076923076923,0.,-0.384615384615384));
#6464=DIRECTION('ref_axis',(0.,1.,0.));
#6465=DIRECTION('center_axis',(0.,-1.,0.));
#6466=DIRECTION('ref_axis',(-0.832050294337844,0.,0.554700196225229));
#6467=DIRECTION('center_axis',(0.,1.,0.));
#6468=DIRECTION('ref_axis',(-0.832050294337844,0.,0.554700196225229));
#6469=DIRECTION('center_axis',(0.923076923076923,0.,0.384615384615385));
#6470=DIRECTION('ref_axis',(0.271964146610212,0.707106781186546,-0.652713951864506));
#6471=DIRECTION('center_axis',(-0.923076923076923,0.,-0.384615384615385));
#6472=DIRECTION('ref_axis',(0.,1.,0.));
#6473=DIRECTION('',(-0.923076923076923,0.,-0.384615384615385));
#6474=DIRECTION('',(0.923076923076923,0.,0.384615384615385));
#6475=DIRECTION('center_axis',(0.,1.,0.));
#6476=DIRECTION('ref_axis',(0.,0.,1.));
#6477=DIRECTION('center_axis',(-1.,0.,-2.22044604925031E-15));
#6478=DIRECTION('ref_axis',(0.,1.,0.));
#6479=DIRECTION('center_axis',(0.,-1.,0.));
#6480=DIRECTION('ref_axis',(-0.196116135138185,0.,0.98058067569092));
#6481=DIRECTION('center_axis',(0.,1.,0.));
#6482=DIRECTION('ref_axis',(-0.196116135138185,0.,0.98058067569092));
#6483=DIRECTION('center_axis',(1.,0.,1.60122573270974E-15));
#6484=DIRECTION('ref_axis',(0.,0.707106781186546,-0.707106781186549));
#6485=DIRECTION('center_axis',(-1.,0.,-2.22044604925031E-15));
#6486=DIRECTION('ref_axis',(0.,1.,0.));
#6487=DIRECTION('',(-1.,0.,-1.60122573270974E-15));
#6488=DIRECTION('',(1.,0.,1.60122573270974E-15));
#6489=DIRECTION('center_axis',(0.,1.,0.));
#6490=DIRECTION('ref_axis',(0.,0.,1.));
#6491=DIRECTION('center_axis',(0.707106781186549,0.,0.707106781186546));
#6492=DIRECTION('ref_axis',(0.,1.,0.));
#6493=DIRECTION('center_axis',(0.,-1.,0.));
#6494=DIRECTION('ref_axis',(0.923879532511287,0.,0.38268343236509));
#6495=DIRECTION('center_axis',(0.,1.,0.));
#6496=DIRECTION('ref_axis',(0.923879532511287,0.,0.38268343236509));
#6497=DIRECTION('center_axis',(-0.707106781186549,0.,-0.707106781186546));
#6498=DIRECTION('ref_axis',(-0.5,0.707106781186546,0.500000000000002));
#6499=DIRECTION('',(0.707106781186549,0.,0.707106781186546));
#6500=DIRECTION('',(-0.707106781186549,0.,-0.707106781186546));
#6501=DIRECTION('center_axis',(0.,1.,0.));
#6502=DIRECTION('ref_axis',(0.707106781186547,0.,0.707106781186548));
#6503=DIRECTION('center_axis',(0.,-1.,0.));
#6504=DIRECTION('ref_axis',(0.707106781186547,0.,0.707106781186548));
#6505=DIRECTION('center_axis',(1.,0.,3.38347042198634E-16));
#6506=DIRECTION('ref_axis',(0.,0.707106781186547,-0.707106781186548));
#6507=DIRECTION('',(-1.,0.,-3.38347042198634E-16));
#6508=DIRECTION('',(1.,0.,3.38347042198634E-16));
#6509=DIRECTION('center_axis',(-0.707106781186546,0.,0.707106781186549));
#6510=DIRECTION('ref_axis',(0.500000000000005,0.707106781186544,0.5));
#6511=DIRECTION('',(0.707106781186546,0.,-0.707106781186549));
#6512=DIRECTION('',(-0.707106781186546,0.,0.707106781186549));
#6513=DIRECTION('center_axis',(-1.,0.,4.01927832945511E-15));
#6514=DIRECTION('ref_axis',(0.,0.707106781186546,0.707106781186549));
#6515=DIRECTION('',(-1.,0.,4.01927832945511E-15));
#6516=DIRECTION('center_axis',(1.,0.,-4.44089209850062E-15));
#6517=DIRECTION('ref_axis',(0.,1.,0.));
#6518=DIRECTION('',(1.,0.,-4.01927832945511E-15));
#6519=DIRECTION('center_axis',(0.,1.,0.));
#6520=DIRECTION('ref_axis',(0.,0.,1.));
#6521=DIRECTION('center_axis',(-4.16333634234431E-15,0.,-1.));
#6522=DIRECTION('ref_axis',(0.,1.,0.));
#6523=DIRECTION('center_axis',(0.,-1.,0.));
#6524=DIRECTION('ref_axis',(-0.707106781186551,0.,-0.707106781186544));
#6525=DIRECTION('center_axis',(0.,1.,0.));
#6526=DIRECTION('ref_axis',(-0.707106781186551,0.,-0.707106781186544));
#6527=DIRECTION('center_axis',(-4.44089209850069E-15,0.,-1.));
#6528=DIRECTION('ref_axis',(0.707106781186548,0.707106781186548,-3.14018491736756E-15));
#6529=DIRECTION('center_axis',(-4.16333634234435E-15,0.,-1.));
#6530=DIRECTION('ref_axis',(0.,1.,0.));
#6531=DIRECTION('',(-4.44089209850069E-15,0.,-1.));
#6532=DIRECTION('',(4.44089209850069E-15,0.,1.));
#6533=DIRECTION('center_axis',(0.,1.,0.));
#6534=DIRECTION('ref_axis',(0.,0.,1.));
#6535=DIRECTION('center_axis',(-1.,0.,-4.44089209850063E-15));
#6536=DIRECTION('ref_axis',(0.,1.,0.));
#6537=DIRECTION('center_axis',(0.,-1.,0.));
#6538=DIRECTION('ref_axis',(-0.70710678118655,0.,0.707106781186545));
#6539=DIRECTION('center_axis',(0.,1.,0.));
#6540=DIRECTION('ref_axis',(-0.70710678118655,0.,0.707106781186545));
#6541=DIRECTION('center_axis',(-1.,0.,-4.02455846426619E-15));
#6542=DIRECTION('ref_axis',(6.28036983473511E-15,0.707106781186546,-0.707106781186549));
#6543=DIRECTION('',(-1.,0.,-4.02455846426619E-15));
#6544=DIRECTION('',(1.,0.,4.02455846426619E-15));
#6545=DIRECTION('center_axis',(-0.707106781186546,0.,-0.707106781186549));
#6546=DIRECTION('ref_axis',(0.500000000000005,0.707106781186544,-0.499999999999999));
#6547=DIRECTION('',(-0.707106781186546,0.,-0.707106781186549));
#6548=DIRECTION('',(0.707106781186546,0.,0.707106781186549));
#6549=DIRECTION('center_axis',(1.,0.,-3.33066907387547E-16));
#6550=DIRECTION('ref_axis',(0.,0.707106781186547,0.707106781186548));
#6551=DIRECTION('',(1.,0.,-3.33066907387547E-16));
#6552=DIRECTION('',(-1.,0.,3.33066907387547E-16));
#6553=DIRECTION('center_axis',(-0.707106781186549,0.,0.707106781186546));
#6554=DIRECTION('ref_axis',(-0.5,0.707106781186547,-0.500000000000002));
#6555=DIRECTION('',(0.707106781186549,0.,-0.707106781186546));
#6556=DIRECTION('center_axis',(-0.707106781186549,0.,0.707106781186546));
#6557=DIRECTION('ref_axis',(0.,1.,0.));
#6558=DIRECTION('',(-0.707106781186549,0.,0.707106781186546));
#6559=DIRECTION('center_axis',(0.,1.,0.));
#6560=DIRECTION('ref_axis',(0.,0.,1.));
#6561=DIRECTION('center_axis',(1.,0.,0.));
#6562=DIRECTION('ref_axis',(0.,1.,0.));
#6563=DIRECTION('center_axis',(0.,-1.,0.));
#6564=DIRECTION('ref_axis',(0.923879532511287,0.,-0.38268343236509));
#6565=DIRECTION('center_axis',(0.,1.,0.));
#6566=DIRECTION('ref_axis',(0.923879532511287,0.,-0.38268343236509));
#6567=DIRECTION('center_axis',(1.,0.,-1.59594559789866E-15));
#6568=DIRECTION('ref_axis',(0.,0.707106781186546,0.707106781186549));
#6569=DIRECTION('center_axis',(1.,0.,-2.22044604925031E-15));
#6570=DIRECTION('ref_axis',(0.,1.,0.));
#6571=DIRECTION('',(1.,0.,-1.59594559789866E-15));
#6572=DIRECTION('',(-1.,0.,1.59594559789866E-15));
#6573=DIRECTION('center_axis',(0.,1.,0.));
#6574=DIRECTION('ref_axis',(0.,0.,1.));
#6575=DIRECTION('center_axis',(0.923076923076923,0.,-0.384615384615385));
#6576=DIRECTION('ref_axis',(0.,1.,0.));
#6577=DIRECTION('center_axis',(0.,-1.,0.));
#6578=DIRECTION('ref_axis',(-0.196116135138186,0.,-0.98058067569092));
#6579=DIRECTION('center_axis',(0.,1.,0.));
#6580=DIRECTION('ref_axis',(-0.196116135138186,0.,-0.98058067569092));
#6581=DIRECTION('center_axis',(0.923076923076923,0.,-0.384615384615385));
#6582=DIRECTION('ref_axis',(0.271964146610212,0.707106781186546,0.652713951864506));
#6583=DIRECTION('center_axis',(0.923076923076923,0.,-0.384615384615385));
#6584=DIRECTION('ref_axis',(0.,1.,0.));
#6585=DIRECTION('',(0.923076923076923,0.,-0.384615384615385));
#6586=DIRECTION('',(-0.923076923076923,0.,0.384615384615385));
#6587=DIRECTION('center_axis',(0.,1.,0.));
#6588=DIRECTION('ref_axis',(0.,0.,1.));
#6589=DIRECTION('center_axis',(0.,0.,-1.));
#6590=DIRECTION('ref_axis',(0.,1.,0.));
#6591=DIRECTION('center_axis',(0.,-1.,0.));
#6592=DIRECTION('ref_axis',(-0.832050294337843,0.,-0.554700196225229));
#6593=DIRECTION('center_axis',(0.,1.,0.));
#6594=DIRECTION('ref_axis',(-0.832050294337843,0.,-0.554700196225229));
#6595=DIRECTION('center_axis',(6.81273219656345E-16,0.,-1.));
#6596=DIRECTION('ref_axis',(0.707106781186549,0.707106781186546,1.57009245868378E-15));
#6597=DIRECTION('center_axis',(1.11022302462516E-15,0.,-1.));
#6598=DIRECTION('ref_axis',(0.,1.,0.));
#6599=DIRECTION('',(6.81273219656345E-16,0.,-1.));
#6600=DIRECTION('',(-6.81273219656345E-16,0.,1.));
#6601=DIRECTION('center_axis',(0.,1.,0.));
#6602=DIRECTION('ref_axis',(0.,0.,1.));
#6603=DIRECTION('center_axis',(-1.,0.,0.));
#6604=DIRECTION('ref_axis',(0.,1.,0.));
#6605=DIRECTION('center_axis',(0.,-1.,0.));
#6606=DIRECTION('ref_axis',(-0.707106781186548,0.,0.707106781186547));
#6607=DIRECTION('center_axis',(0.,1.,0.));
#6608=DIRECTION('ref_axis',(-0.707106781186548,0.,0.707106781186547));
#6609=DIRECTION('center_axis',(-1.,0.,0.));
#6610=DIRECTION('ref_axis',(0.,0.707106781186546,-0.707106781186549));
#6611=DIRECTION('center_axis',(-1.,0.,0.));
#6612=DIRECTION('ref_axis',(0.,1.,0.));
#6613=DIRECTION('',(-1.,0.,0.));
#6614=DIRECTION('',(1.,0.,0.));
#6615=DIRECTION('center_axis',(0.,0.,-1.));
#6616=DIRECTION('ref_axis',(0.,1.,0.));
#6617=DIRECTION('center_axis',(0.,1.,0.));
#6618=DIRECTION('ref_axis',(0.707106781186547,0.,-0.707106781186548));
#6619=DIRECTION('center_axis',(0.,-1.,0.));
#6620=DIRECTION('ref_axis',(0.707106781186547,0.,-0.707106781186548));
#6621=DIRECTION('center_axis',(0.,0.,-1.));
#6622=DIRECTION('ref_axis',(0.707106781186549,0.707106781186546,0.));
#6623=DIRECTION('',(0.,0.,-1.));
#6624=DIRECTION('',(0.,0.,1.));
#6625=DIRECTION('center_axis',(0.,-1.,0.));
#6626=DIRECTION('ref_axis',(-0.707106781186548,0.,-0.707106781186547));
#6627=DIRECTION('',(0.,-1.,0.));
#6628=DIRECTION('',(0.,-1.,0.));
#6629=DIRECTION('center_axis',(0.,-1.,-1.53452332105309E-31));
#6630=DIRECTION('ref_axis',(-0.707106781186548,0.,-0.707106781186547));
#6631=DIRECTION('',(0.,1.,0.));
#6632=DIRECTION('',(0.,1.,0.));
#6633=DIRECTION('center_axis',(-1.,0.,6.75993084845259E-16));
#6634=DIRECTION('ref_axis',(6.75993084845259E-16,0.,1.));
#6635=DIRECTION('',(0.,1.,0.));
#6636=DIRECTION('center_axis',(-1.,0.,6.75993084845259E-16));
#6637=DIRECTION('ref_axis',(0.,-1.,-1.53452332105309E-31));
#6638=DIRECTION('center_axis',(-1.,0.,6.75993084845259E-16));
#6639=DIRECTION('ref_axis',(0.,-1.,-1.53452332105309E-31));
#6640=DIRECTION('center_axis',(0.,1.,0.));
#6641=DIRECTION('ref_axis',(-0.832050294337844,0.,0.554700196225229));
#6642=DIRECTION('',(0.,-1.,0.));
#6643=DIRECTION('center_axis',(0.,-1.,0.));
#6644=DIRECTION('ref_axis',(-0.384615384615385,0.,0.923076923076923));
#6645=DIRECTION('center_axis',(-0.384615384615385,0.,0.923076923076923));
#6646=DIRECTION('ref_axis',(0.923076923076923,0.,0.384615384615385));
#6647=DIRECTION('',(0.,1.,0.));
#6648=DIRECTION('center_axis',(0.384615384615385,0.,-0.923076923076923));
#6649=DIRECTION('ref_axis',(0.923076923076923,0.,0.384615384615385));
#6650=DIRECTION('center_axis',(-0.384615384615385,0.,0.923076923076923));
#6651=DIRECTION('ref_axis',(-0.923076923076923,-2.66880534765663E-17,-0.384615384615385));
#6652=DIRECTION('',(0.,-1.,0.));
#6653=DIRECTION('center_axis',(0.,1.,0.));
#6654=DIRECTION('ref_axis',(-0.196116135138185,0.,0.98058067569092));
#6655=DIRECTION('',(0.,-1.,0.));
#6656=DIRECTION('center_axis',(-1.60122573270974E-15,0.,1.));
#6657=DIRECTION('ref_axis',(1.,0.,1.60122573270974E-15));
#6658=DIRECTION('',(0.,1.,0.));
#6659=DIRECTION('',(1.,0.,1.60122573270974E-15));
#6660=DIRECTION('',(0.,-1.,0.));
#6661=DIRECTION('',(-1.,0.,0.));
#6662=DIRECTION('',(0.,-1.,0.));
#6663=DIRECTION('',(1.,0.,0.));
#6664=DIRECTION('center_axis',(0.,1.,0.));
#6665=DIRECTION('ref_axis',(0.923879532511286,0.,0.382683432365092));
#6666=DIRECTION('',(0.,-1.,0.));
#6667=DIRECTION('center_axis',(0.,1.,0.));
#6668=DIRECTION('ref_axis',(0.923879532511287,0.,0.38268343236509));
#6669=DIRECTION('center_axis',(0.707106781186546,0.,-0.707106781186549));
#6670=DIRECTION('ref_axis',(-0.707106781186549,0.,-0.707106781186546));
#6671=DIRECTION('',(0.,1.,0.));
#6672=DIRECTION('',(-0.707106781186549,0.,-0.707106781186546));
#6673=DIRECTION('center_axis',(0.,1.,0.));
#6674=DIRECTION('ref_axis',(-0.923879532511285,0.,-0.382683432365093));
#6675=DIRECTION('',(0.,-1.,0.));
#6676=DIRECTION('center_axis',(0.,-1.,0.));
#6677=DIRECTION('ref_axis',(-0.707106781186548,0.,0.707106781186548));
#6678=DIRECTION('center_axis',(-3.38347042198634E-16,0.,1.));
#6679=DIRECTION('ref_axis',(1.,0.,3.38347042198634E-16));
#6680=DIRECTION('',(0.,1.,0.));
#6681=DIRECTION('',(1.,0.,3.38347042198634E-16));
#6682=DIRECTION('center_axis',(0.,1.,0.));
#6683=DIRECTION('ref_axis',(0.923879532511291,0.,-0.382683432365078));
#6684=DIRECTION('',(0.,-1.,0.));
#6685=DIRECTION('center_axis',(0.,-1.,0.));
#6686=DIRECTION('ref_axis',(0.,0.,-1.));
#6687=DIRECTION('center_axis',(-0.707106781186549,0.,-0.707106781186546));
#6688=DIRECTION('ref_axis',(-0.707106781186546,0.,0.707106781186549));
#6689=DIRECTION('',(0.,1.,0.));
#6690=DIRECTION('',(-0.707106781186546,0.,0.707106781186549));
#6691=DIRECTION('center_axis',(0.,1.,0.));
#6692=DIRECTION('ref_axis',(0.382683432365095,0.,0.923879532511285));
#6693=DIRECTION('',(0.,-1.,0.));
#6694=DIRECTION('center_axis',(0.,-1.,0.));
#6695=DIRECTION('ref_axis',(0.70710678118655,0.,0.707106781186545));
#6696=DIRECTION('center_axis',(-4.01927832945511E-15,0.,-1.));
#6697=DIRECTION('ref_axis',(-1.,0.,4.01927832945511E-15));
#6698=DIRECTION('',(0.,1.,0.));
#6699=DIRECTION('',(-1.,0.,4.01927832945511E-15));
#6700=DIRECTION('center_axis',(0.,1.,0.));
#6701=DIRECTION('ref_axis',(-0.707106781186547,0.,-0.707106781186549));
#6702=DIRECTION('',(0.,-1.,0.));
#6703=DIRECTION('center_axis',(0.,1.,0.));
#6704=DIRECTION('ref_axis',(-0.707106781186551,0.,-0.707106781186544));
#6705=DIRECTION('center_axis',(1.,0.,-4.44089209850069E-15));
#6706=DIRECTION('ref_axis',(-4.44089209850069E-15,0.,-1.));
#6707=DIRECTION('',(0.,1.,0.));
#6708=DIRECTION('',(4.44089209850069E-15,0.,1.));
#6709=DIRECTION('center_axis',(0.,1.,0.));
#6710=DIRECTION('ref_axis',(-0.707106781186549,0.,0.707106781186546));
#6711=DIRECTION('',(0.,-1.,0.));
#6712=DIRECTION('center_axis',(0.,1.,0.));
#6713=DIRECTION('ref_axis',(-0.70710678118655,0.,0.707106781186545));
#6714=DIRECTION('center_axis',(4.02455846426619E-15,0.,-1.));
#6715=DIRECTION('ref_axis',(-1.,0.,-4.02455846426619E-15));
#6716=DIRECTION('',(0.,1.,0.));
#6717=DIRECTION('',(1.,0.,4.02455846426619E-15));
#6718=DIRECTION('center_axis',(0.,1.,0.));
#6719=DIRECTION('ref_axis',(0.382683432365095,0.,-0.923879532511285));
#6720=DIRECTION('',(0.,-1.,0.));
#6721=DIRECTION('center_axis',(0.,-1.,0.));
#6722=DIRECTION('ref_axis',(7.40148683083438E-15,0.,-1.));
#6723=DIRECTION('center_axis',(0.707106781186549,0.,-0.707106781186546));
#6724=DIRECTION('ref_axis',(-0.707106781186546,0.,-0.707106781186549));
#6725=DIRECTION('',(0.,1.,0.));
#6726=DIRECTION('',(0.707106781186546,0.,0.707106781186549));
#6727=DIRECTION('center_axis',(0.,1.,0.));
#6728=DIRECTION('ref_axis',(0.923879532511284,0.,0.382683432365098));
#6729=DIRECTION('',(0.,-1.,0.));
#6730=DIRECTION('center_axis',(0.,-1.,0.));
#6731=DIRECTION('ref_axis',(0.70710678118655,0.,-0.707106781186545));
#6732=DIRECTION('center_axis',(3.33066907387547E-16,0.,1.));
#6733=DIRECTION('ref_axis',(1.,0.,-3.33066907387547E-16));
#6734=DIRECTION('',(0.,1.,0.));
#6735=DIRECTION('',(-1.,0.,3.33066907387547E-16));
#6736=DIRECTION('center_axis',(0.,1.,0.));
#6737=DIRECTION('ref_axis',(-0.923879532511287,0.,0.382683432365089));
#6738=DIRECTION('',(0.,-1.,0.));
#6739=DIRECTION('center_axis',(0.,-1.,0.));
#6740=DIRECTION('ref_axis',(0.,0.,1.));
#6741=DIRECTION('center_axis',(-0.707106781186546,0.,-0.707106781186549));
#6742=DIRECTION('ref_axis',(-0.707106781186549,0.,0.707106781186546));
#6743=DIRECTION('',(0.,1.,0.));
#6744=DIRECTION('',(0.707106781186549,0.,-0.707106781186546));
#6745=DIRECTION('center_axis',(0.,1.,0.));
#6746=DIRECTION('ref_axis',(0.923879532511286,0.,-0.382683432365092));
#6747=DIRECTION('',(0.,-1.,0.));
#6748=DIRECTION('center_axis',(0.,1.,0.));
#6749=DIRECTION('ref_axis',(0.923879532511287,0.,-0.38268343236509));
#6750=DIRECTION('center_axis',(1.59594559789866E-15,0.,1.));
#6751=DIRECTION('ref_axis',(1.,0.,-1.59594559789866E-15));
#6752=DIRECTION('',(0.,1.,0.));
#6753=DIRECTION('',(-1.,0.,0.));
#6754=DIRECTION('',(0.,1.,0.));
#6755=DIRECTION('',(1.,0.,0.));
#6756=DIRECTION('',(0.,1.,0.));
#6757=DIRECTION('',(-1.,0.,1.59594559789866E-15));
#6758=DIRECTION('center_axis',(0.,1.,0.));
#6759=DIRECTION('ref_axis',(-0.196116135138185,0.,-0.98058067569092));
#6760=DIRECTION('',(0.,-1.,0.));
#6761=DIRECTION('center_axis',(0.384615384615385,0.,0.923076923076923));
#6762=DIRECTION('ref_axis',(0.923076923076923,0.,-0.384615384615385));
#6763=DIRECTION('',(0.,1.,0.));
#6764=DIRECTION('center_axis',(-0.384615384615385,0.,-0.923076923076923));
#6765=DIRECTION('ref_axis',(-0.923076923076923,-2.66880534765662E-17,0.384615384615385));
#6766=DIRECTION('center_axis',(-0.384615384615385,0.,-0.923076923076923));
#6767=DIRECTION('ref_axis',(0.923076923076923,0.,-0.384615384615385));
#6768=DIRECTION('center_axis',(0.,1.,0.));
#6769=DIRECTION('ref_axis',(-0.832050294337844,0.,-0.554700196225229));
#6770=DIRECTION('',(0.,-1.,0.));
#6771=DIRECTION('center_axis',(1.,0.,6.81273219656345E-16));
#6772=DIRECTION('ref_axis',(6.81273219656345E-16,0.,-1.));
#6773=DIRECTION('',(0.,1.,0.));
#6774=DIRECTION('',(6.81273219656345E-16,0.,-1.));
#6775=DIRECTION('center_axis',(-1.,0.,-6.81273219656345E-16));
#6776=DIRECTION('ref_axis',(0.,-1.,0.));
#6777=DIRECTION('center_axis',(0.,-1.,0.));
#6778=DIRECTION('ref_axis',(-0.707106781186548,0.,0.707106781186547));
#6779=DIRECTION('',(0.,-1.,0.));
#6780=DIRECTION('',(0.,-1.,0.));
#6781=DIRECTION('center_axis',(0.,-1.,0.));
#6782=DIRECTION('ref_axis',(-0.707106781186548,0.,0.707106781186547));
#6783=DIRECTION('center_axis',(0.,0.,-1.));
#6784=DIRECTION('ref_axis',(-1.,0.,0.));
#6785=DIRECTION('',(0.,1.,0.));
#6786=DIRECTION('',(1.,0.,-7.93016446160826E-17));
#6787=DIRECTION('center_axis',(0.,1.,0.));
#6788=DIRECTION('ref_axis',(0.707106781186548,0.,-0.707106781186547));
#6789=DIRECTION('',(0.,-1.,0.));
#6790=DIRECTION('center_axis',(0.,1.,0.));
#6791=DIRECTION('ref_axis',(0.707106781186548,0.,-0.707106781186547));
#6792=DIRECTION('center_axis',(1.,0.,0.));
#6793=DIRECTION('ref_axis',(0.,0.,-1.));
#6794=DIRECTION('',(0.,0.,1.));
#6795=DIRECTION('',(0.,1.,0.));
#6796=DIRECTION('center_axis',(1.,0.,0.));
#6797=DIRECTION('ref_axis',(0.,-0.707106781186547,0.707106781186548));
#6798=DIRECTION('',(0.,-1.,0.));
#6799=DIRECTION('center_axis',(1.,0.,0.));
#6800=DIRECTION('ref_axis',(0.,0.707106781186547,0.707106781186548));
#6801=DIRECTION('center_axis',(-0.71934100444866,1.54244866560221E-15,0.69465712356442));
#6802=DIRECTION('ref_axis',(-0.69465712356442,0.,-0.71934100444866));
#6803=DIRECTION('center_axis',(-0.0174541395592486,-1.14880987392056E-15,
-0.999847664903132));
#6804=DIRECTION('ref_axis',(-0.999847664903132,0.,0.0174541395592486));
#6805=DIRECTION('center_axis',(0.707106781186549,0.,0.707106781186546));
#6806=DIRECTION('ref_axis',(-0.5,-0.707106781186546,0.500000000000002));
#6807=DIRECTION('',(0.707106781186549,0.,0.707106781186546));
#6808=DIRECTION('center_axis',(-0.707106781186549,0.,-0.707106781186546));
#6809=DIRECTION('ref_axis',(0.,-1.,0.));
#6810=DIRECTION('center_axis',(0.,-1.,0.));
#6811=DIRECTION('ref_axis',(0.,0.,-1.));
#6812=DIRECTION('center_axis',(1.,0.,0.));
#6813=DIRECTION('ref_axis',(0.,-1.,0.));
#6814=DIRECTION('center_axis',(0.,-1.,0.));
#6815=DIRECTION('ref_axis',(0.923879532511287,0.,0.38268343236509));
#6816=DIRECTION('center_axis',(-1.,0.,-1.60122573270974E-15));
#6817=DIRECTION('ref_axis',(0.,-0.707106781186546,-0.707106781186549));
#6818=DIRECTION('center_axis',(1.,0.,2.22044604925031E-15));
#6819=DIRECTION('ref_axis',(0.,-1.,0.));
#6820=DIRECTION('',(-1.,0.,-1.60122573270974E-15));
#6821=DIRECTION('center_axis',(0.,-1.,0.));
#6822=DIRECTION('ref_axis',(0.,0.,-1.));
#6823=DIRECTION('center_axis',(0.923076923076923,0.,0.384615384615384));
#6824=DIRECTION('ref_axis',(0.,-1.,0.));
#6825=DIRECTION('center_axis',(0.,1.,0.));
#6826=DIRECTION('ref_axis',(-0.196116135138185,0.,0.98058067569092));
#6827=DIRECTION('center_axis',(0.,-1.,0.));
#6828=DIRECTION('ref_axis',(-0.196116135138185,0.,0.98058067569092));
#6829=DIRECTION('center_axis',(-0.923076923076923,0.,-0.384615384615385));
#6830=DIRECTION('ref_axis',(0.271964146610212,-0.707106781186546,-0.652713951864506));
#6831=DIRECTION('center_axis',(0.923076923076923,0.,0.384615384615385));
#6832=DIRECTION('ref_axis',(0.,-1.,0.));
#6833=DIRECTION('',(0.923076923076923,0.,0.384615384615385));
#6834=DIRECTION('',(-0.923076923076923,0.,-0.384615384615385));
#6835=DIRECTION('center_axis',(0.,-1.,0.));
#6836=DIRECTION('ref_axis',(0.,0.,-1.));
#6837=DIRECTION('center_axis',(0.,0.,1.));
#6838=DIRECTION('ref_axis',(0.,-1.,0.));
#6839=DIRECTION('center_axis',(0.,1.,0.));
#6840=DIRECTION('ref_axis',(-0.832050294337844,0.,0.554700196225229));
#6841=DIRECTION('center_axis',(0.,-1.,0.));
#6842=DIRECTION('ref_axis',(-0.832050294337844,0.,0.554700196225229));
#6843=DIRECTION('center_axis',(-6.75993084845259E-16,0.,-1.));
#6844=DIRECTION('ref_axis',(0.707106781186548,-0.707106781186547,-3.92523114670945E-16));
#6845=DIRECTION('center_axis',(0.,0.,1.));
#6846=DIRECTION('ref_axis',(0.,-1.,0.));
#6847=DIRECTION('',(6.75993084845259E-16,0.,1.));
#6848=DIRECTION('',(-6.75993084845259E-16,0.,-1.));
#6849=DIRECTION('center_axis',(0.,-1.,0.));
#6850=DIRECTION('ref_axis',(0.,0.,-1.));
#6851=DIRECTION('center_axis',(-1.,0.,0.));
#6852=DIRECTION('ref_axis',(0.,-1.,0.));
#6853=DIRECTION('center_axis',(0.,1.,0.));
#6854=DIRECTION('ref_axis',(-0.707106781186547,0.,-0.707106781186548));
#6855=DIRECTION('center_axis',(0.,-1.,0.));
#6856=DIRECTION('ref_axis',(-0.707106781186547,0.,-0.707106781186548));
#6857=DIRECTION('center_axis',(1.,0.,5.28013481108676E-18));
#6858=DIRECTION('ref_axis',(0.,-0.707106781186546,0.707106781186549));
#6859=DIRECTION('center_axis',(-1.,0.,0.));
#6860=DIRECTION('ref_axis',(0.,-1.,0.));
#6861=DIRECTION('',(-1.,0.,-5.28013481108676E-18));
#6862=DIRECTION('',(1.,0.,5.28013481108676E-18));
#6863=DIRECTION('center_axis',(0.,0.,1.));
#6864=DIRECTION('ref_axis',(0.,-1.,0.));
#6865=DIRECTION('center_axis',(0.,-1.,0.));
#6866=DIRECTION('ref_axis',(0.707106781186547,0.,0.707106781186548));
#6867=DIRECTION('center_axis',(0.,1.,0.));
#6868=DIRECTION('ref_axis',(0.707106781186547,0.,0.707106781186548));
#6869=DIRECTION('center_axis',(5.28013481108676E-18,0.,-1.));
#6870=DIRECTION('ref_axis',(0.707106781186551,-0.707106781186544,0.));
#6871=DIRECTION('',(-5.28013481108676E-18,0.,1.));
#6872=DIRECTION('',(5.28013481108676E-18,0.,-1.));
#6873=DIRECTION('center_axis',(0.0174541395592511,-7.61535338994251E-15,
-0.999847664903132));
#6874=DIRECTION('ref_axis',(0.999847664903132,0.,0.0174541395592511));
#6875=DIRECTION('center_axis',(0.719341004448664,0.,0.694657123564415));
#6876=DIRECTION('ref_axis',(0.694657123564415,0.,-0.719341004448664));
#6877=DIRECTION('center_axis',(-1.,0.,-3.38347042198634E-16));
#6878=DIRECTION('ref_axis',(0.,-0.707106781186547,-0.707106781186548));
#6879=DIRECTION('',(-1.,0.,-3.38347042198634E-16));
#6880=DIRECTION('center_axis',(0.986550454326591,9.07368798202925E-17,-0.163457031258972));
#6881=DIRECTION('ref_axis',(0.163457031258972,0.,0.986550454326591));
#6882=DIRECTION('center_axis',(-0.813178091472836,3.23083194087677E-16,
0.58201494100117));
#6883=DIRECTION('ref_axis',(0.582014941001171,0.,0.813178091472836));
#6884=DIRECTION('center_axis',(0.707106781186546,0.,-0.707106781186549));
#6885=DIRECTION('ref_axis',(0.500000000000005,-0.707106781186544,0.5));
#6886=DIRECTION('',(0.707106781186546,0.,-0.707106781186549));
#6887=DIRECTION('center_axis',(-0.813178091472836,0.,-0.58201494100117));
#6888=DIRECTION('ref_axis',(0.58201494100117,0.,-0.813178091472836));
#6889=DIRECTION('center_axis',(0.986550454326591,9.07368798202925E-17,0.163457031258972));
#6890=DIRECTION('ref_axis',(0.163457031258972,0.,-0.986550454326591));
#6891=DIRECTION('center_axis',(1.,0.,4.02455846426619E-15));
#6892=DIRECTION('ref_axis',(6.28036983473511E-15,-0.707106781186546,-0.707106781186549));
#6893=DIRECTION('',(-1.,0.,-4.02455846426619E-15));
#6894=DIRECTION('center_axis',(1.,0.,4.44089209850062E-15));
#6895=DIRECTION('ref_axis',(0.,-1.,0.));
#6896=DIRECTION('center_axis',(0.,-1.,0.));
#6897=DIRECTION('ref_axis',(0.,0.,-1.));
#6898=DIRECTION('center_axis',(4.71844785465691E-15,0.,1.));
#6899=DIRECTION('ref_axis',(0.,-1.,0.));
#6900=DIRECTION('center_axis',(0.,-1.,0.));
#6901=DIRECTION('ref_axis',(-0.70710678118655,0.,0.707106781186545));
#6902=DIRECTION('center_axis',(-4.44089209850069E-15,0.,-1.));
#6903=DIRECTION('ref_axis',(0.707106781186548,-0.707106781186548,-3.14018491736756E-15));
#6904=DIRECTION('center_axis',(4.16333634234433E-15,0.,1.));
#6905=DIRECTION('ref_axis',(0.,-1.,0.));
#6906=DIRECTION('',(-4.44089209850069E-15,0.,-1.));
#6907=DIRECTION('center_axis',(0.,-1.,0.));
#6908=DIRECTION('ref_axis',(0.,0.,-1.));
#6909=DIRECTION('center_axis',(-1.,0.,4.44089209850063E-15));
#6910=DIRECTION('ref_axis',(0.,-1.,0.));
#6911=DIRECTION('center_axis',(0.,-1.,0.));
#6912=DIRECTION('ref_axis',(-0.707106781186551,0.,-0.707106781186544));
#6913=DIRECTION('center_axis',(1.,0.,-4.01927832945511E-15));
#6914=DIRECTION('ref_axis',(0.,-0.707106781186546,0.707106781186549));
#6915=DIRECTION('',(1.,0.,-4.01927832945511E-15));
#6916=DIRECTION('center_axis',(0.719341004448661,0.,-0.694657123564419));
#6917=DIRECTION('ref_axis',(0.694657123564419,0.,0.719341004448661));
#6918=DIRECTION('center_axis',(0.017454139559247,0.,0.999847664903132));
#6919=DIRECTION('ref_axis',(0.999847664903132,0.,-0.017454139559247));
#6920=DIRECTION('center_axis',(0.707106781186546,0.,0.707106781186549));
#6921=DIRECTION('ref_axis',(0.500000000000005,-0.707106781186544,-0.499999999999999));
#6922=DIRECTION('',(-0.707106781186546,0.,-0.707106781186549));
#6923=DIRECTION('center_axis',(-0.017454139559251,4.40145961954523E-15,
0.999847664903132));
#6924=DIRECTION('ref_axis',(-0.999847664903132,0.,-0.017454139559251));
#6925=DIRECTION('center_axis',(-0.719341004448662,-7.71224332801101E-16,
-0.694657123564417));
#6926=DIRECTION('ref_axis',(-0.694657123564417,0.,0.719341004448662));
#6927=DIRECTION('center_axis',(-1.,0.,3.33066907387547E-16));
#6928=DIRECTION('ref_axis',(0.,-0.707106781186547,0.707106781186548));
#6929=DIRECTION('',(1.,0.,-3.33066907387547E-16));
#6930=DIRECTION('center_axis',(1.,0.,0.));
#6931=DIRECTION('ref_axis',(0.,-0.707106781186546,-0.707106781186549));
#6932=DIRECTION('center_axis',(1.,0.,-5.55111512312578E-16));
#6933=DIRECTION('ref_axis',(0.,-1.,0.));
#6934=DIRECTION('',(1.,0.,0.));
#6935=DIRECTION('center_axis',(-1.,0.,0.));
#6936=DIRECTION('ref_axis',(0.,0.,-1.));
#6937=DIRECTION('',(-1.,0.,0.));
#6938=DIRECTION('center_axis',(0.,0.,-1.));
#6939=DIRECTION('ref_axis',(1.,0.,0.));
#6940=DIRECTION('center_axis',(0.,1.,0.));
#6941=DIRECTION('ref_axis',(0.707106781186547,0.,-0.707106781186548));
#6942=DIRECTION('center_axis',(0.,-1.,0.));
#6943=DIRECTION('ref_axis',(0.707106781186547,0.,-0.707106781186548));
#6944=DIRECTION('center_axis',(0.,0.,1.));
#6945=DIRECTION('ref_axis',(0.707106781186549,-0.707106781186546,0.));
#6946=DIRECTION('',(0.,0.,-1.));
#6947=DIRECTION('center_axis',(0.,-1.,0.));
#6948=DIRECTION('ref_axis',(0.,0.,-1.));
#6949=DIRECTION('center_axis',(-1.11022302462516E-15,0.,1.));
#6950=DIRECTION('ref_axis',(0.,-1.,0.));
#6951=DIRECTION('center_axis',(0.,1.,0.));
#6952=DIRECTION('ref_axis',(-0.707106781186548,0.,0.707106781186547));
#6953=DIRECTION('center_axis',(0.,-1.,0.));
#6954=DIRECTION('ref_axis',(-0.707106781186548,0.,0.707106781186547));
#6955=DIRECTION('center_axis',(-6.81273219656345E-16,0.,1.));
#6956=DIRECTION('ref_axis',(0.707106781186549,-0.707106781186546,1.57009245868378E-15));
#6957=DIRECTION('center_axis',(-1.11022302462516E-15,0.,1.));
#6958=DIRECTION('ref_axis',(0.,-1.,0.));
#6959=DIRECTION('',(-6.81273219656345E-16,0.,1.));
#6960=DIRECTION('',(6.81273219656345E-16,0.,-1.));
#6961=DIRECTION('center_axis',(0.,-1.,0.));
#6962=DIRECTION('ref_axis',(0.,0.,-1.));
#6963=DIRECTION('center_axis',(-0.923076923076923,0.,0.384615384615385));
#6964=DIRECTION('ref_axis',(0.,-1.,0.));
#6965=DIRECTION('center_axis',(0.,1.,0.));
#6966=DIRECTION('ref_axis',(-0.832050294337843,0.,-0.554700196225229));
#6967=DIRECTION('center_axis',(0.,-1.,0.));
#6968=DIRECTION('ref_axis',(-0.832050294337843,0.,-0.554700196225229));
#6969=DIRECTION('center_axis',(-0.923076923076923,0.,0.384615384615385));
#6970=DIRECTION('ref_axis',(0.271964146610212,-0.707106781186546,0.652713951864506));
#6971=DIRECTION('center_axis',(-0.923076923076923,0.,0.384615384615385));
#6972=DIRECTION('ref_axis',(0.,-1.,0.));
#6973=DIRECTION('',(-0.923076923076923,0.,0.384615384615385));
#6974=DIRECTION('',(0.923076923076923,0.,-0.384615384615385));
#6975=DIRECTION('center_axis',(0.,-1.,0.));
#6976=DIRECTION('ref_axis',(0.,0.,-1.));
#6977=DIRECTION('center_axis',(-1.,0.,1.11022302462515E-15));
#6978=DIRECTION('ref_axis',(0.,-1.,0.));
#6979=DIRECTION('center_axis',(0.,1.,0.));
#6980=DIRECTION('ref_axis',(-0.196116135138186,0.,-0.98058067569092));
#6981=DIRECTION('center_axis',(0.,-1.,0.));
#6982=DIRECTION('ref_axis',(-0.196116135138186,0.,-0.98058067569092));
#6983=DIRECTION('center_axis',(-1.,0.,1.59594559789866E-15));
#6984=DIRECTION('ref_axis',(0.,-0.707106781186546,0.707106781186549));
#6985=DIRECTION('center_axis',(-1.,0.,2.22044604925031E-15));
#6986=DIRECTION('ref_axis',(0.,-1.,0.));
#6987=DIRECTION('',(1.,0.,-1.59594559789866E-15));
#6988=DIRECTION('center_axis',(0.,-1.,0.));
#6989=DIRECTION('ref_axis',(0.,0.,-1.));
#6990=DIRECTION('center_axis',(0.707106781186549,0.,-0.707106781186546));
#6991=DIRECTION('ref_axis',(0.,-1.,0.));
#6992=DIRECTION('center_axis',(0.,-1.,0.));
#6993=DIRECTION('ref_axis',(0.923879532511287,0.,-0.38268343236509));
#6994=DIRECTION('center_axis',(0.707106781186549,0.,-0.707106781186546));
#6995=DIRECTION('ref_axis',(-0.5,-0.707106781186547,-0.500000000000002));
#6996=DIRECTION('',(-0.707106781186549,0.,0.707106781186546));
#6997=DIRECTION('center_axis',(0.,-1.,0.));
#6998=DIRECTION('ref_axis',(0.,0.,-1.));
#6999=DIRECTION('',(0.,0.,-1.));
#7000=DIRECTION('center_axis',(0.,1.,0.));
#7001=DIRECTION('ref_axis',(0.707106781186548,0.,-0.707106781186547));
#7002=DIRECTION('',(0.,1.,0.));
#7003=DIRECTION('center_axis',(0.,-1.,0.));
#7004=DIRECTION('ref_axis',(0.707106781186548,0.,-0.707106781186547));
#7005=DIRECTION('center_axis',(0.,0.,-1.));
#7006=DIRECTION('ref_axis',(-1.,0.,0.));
#7007=DIRECTION('',(0.,-1.,0.));
#7008=DIRECTION('',(-1.,0.,0.));
#7009=DIRECTION('center_axis',(-1.,1.2979271306716E-47,-8.45817794271694E-17));
#7010=DIRECTION('ref_axis',(0.,-0.707106781186546,-0.707106781186549));
#7011=DIRECTION('',(-1.,1.2979271306716E-47,-8.45817794271694E-17));
#7012=DIRECTION('center_axis',(-1.,-1.23259516440783E-32,6.91877568391294E-48));
#7013=DIRECTION('ref_axis',(0.,-0.707106781186546,-0.707106781186549));
#7014=DIRECTION('',(1.,-1.2979271306716E-47,8.45817794271694E-17));
#7015=DIRECTION('center_axis',(8.45817794271694E-17,-8.98392976973637E-34,
-1.));
#7016=DIRECTION('ref_axis',(1.13288063737261E-17,1.,5.98176249019726E-35));
#7017=DIRECTION('',(1.23259516440783E-32,-1.,8.98392976973638E-34));
#7018=DIRECTION('',(-1.,1.2979271306716E-47,-8.45817794271694E-17));
#7019=DIRECTION('',(6.07307439907725E-49,-1.,8.98392976973637E-34));
#7020=DIRECTION('',(1.,0.,8.45817794271694E-17));
#7021=DIRECTION('',(-1.13288063737261E-17,-1.,-5.98176249019726E-35));
#7022=DIRECTION('',(-1.,3.96191302845334E-31,-8.45817794271694E-17));
#7023=DIRECTION('',(6.07307439907725E-49,-1.,8.98392976973637E-34));
#7024=DIRECTION('',(1.,0.,8.45817794271694E-17));
#7025=DIRECTION('',(-1.13288063737261E-17,-1.,-5.98176249019726E-35));
#7026=DIRECTION('',(1.,0.,8.45817794271694E-17));
#7027=DIRECTION('',(-1.,0.,-8.45817794271694E-17));
#7028=DIRECTION('center_axis',(1.,-1.2979271306716E-47,8.45817794271694E-17));
#7029=DIRECTION('ref_axis',(0.,0.707106781186549,-0.707106781186546));
#7030=DIRECTION('center_axis',(-1.,0.,6.75993084845259E-16));
#7031=DIRECTION('ref_axis',(0.,0.707106781186549,-0.707106781186546));
#7032=DIRECTION('center_axis',(-1.,-1.23259516440783E-32,6.91877568391294E-48));
#7033=DIRECTION('ref_axis',(0.,0.707106781186549,-0.707106781186546));
#7034=DIRECTION('',(1.,-1.2979271306716E-47,8.45817794271694E-17));
#7035=DIRECTION('center_axis',(-1.,0.,6.75993084845259E-16));
#7036=DIRECTION('ref_axis',(6.75993084845259E-16,0.,1.));
#7037=DIRECTION('',(6.75993084845259E-16,-1.53452332105309E-31,1.));
#7038=DIRECTION('center_axis',(-1.,0.,6.75993084845259E-16));
#7039=DIRECTION('ref_axis',(0.,-1.,-1.53452332105309E-31));
#7040=DIRECTION('',(0.,1.,0.));
#7041=DIRECTION('center_axis',(1.,0.,-6.75993084845259E-16));
#7042=DIRECTION('ref_axis',(0.,-1.,0.));
#7043=DIRECTION('',(6.75993084845259E-16,0.,1.));
#7044=DIRECTION('center_axis',(-1.,0.,6.75993084845259E-16));
#7045=DIRECTION('ref_axis',(0.,-0.707106781186546,-0.707106781186549));
#7046=DIRECTION('center_axis',(1.,-3.96191302845334E-31,8.45817794271694E-17));
#7047=DIRECTION('ref_axis',(0.,0.707106781186549,-0.707106781186546));
#7048=DIRECTION('center_axis',(-1.,0.,6.75993084845259E-16));
#7049=DIRECTION('ref_axis',(0.,0.707106781186549,-0.707106781186546));
#7050=DIRECTION('center_axis',(-1.,0.,-5.28013481108676E-18));
#7051=DIRECTION('ref_axis',(0.,0.707106781186549,-0.707106781186546));
#7052=DIRECTION('',(1.,-3.96191302845334E-31,8.45817794271694E-17));
#7053=DIRECTION('center_axis',(-2.63795725817673E-32,1.,4.9960036108127E-15));
#7054=DIRECTION('ref_axis',(2.72275621345174E-16,-4.9960036108127E-15,1.));
#7055=DIRECTION('',(-2.72275621345174E-16,4.9960036108127E-15,-1.));
#7056=DIRECTION('',(-1.,0.,0.));
#7057=DIRECTION('',(-6.75993084845259E-16,4.9960036108127E-15,-1.));
#7058=DIRECTION('center_axis',(1.,0.,8.45817794271694E-17));
#7059=DIRECTION('ref_axis',(0.,-0.707106781186546,-0.707106781186549));
#7060=DIRECTION('',(-1.,0.,-8.45817794271694E-17));
#7061=DIRECTION('center_axis',(-1.,0.,-5.28013481108676E-18));
#7062=DIRECTION('ref_axis',(0.,-0.707106781186546,-0.707106781186549));
#7063=DIRECTION('center_axis',(1.,0.,0.));
#7064=DIRECTION('ref_axis',(0.,0.817805228665872,-0.575495098125745));
#7065=DIRECTION('center_axis',(-1.,0.,-5.28013481108676E-18));
#7066=DIRECTION('ref_axis',(0.,0.817805228665872,-0.575495098125745));
#7067=DIRECTION('',(1.,0.,0.));
#7068=DIRECTION('',(-1.,0.,0.));
#7069=DIRECTION('center_axis',(1.,0.,0.));
#7070=DIRECTION('ref_axis',(0.,-1.,0.));
#7071=DIRECTION('',(1.,0.,0.));
#7072=DIRECTION('center_axis',(1.,0.,0.));
#7073=DIRECTION('ref_axis',(0.,-1.,0.));
#7074=DIRECTION('',(1.,0.,0.));
#7075=DIRECTION('center_axis',(-1.,0.,0.));
#7076=DIRECTION('ref_axis',(0.,-1.,0.));
#7077=DIRECTION('',(-1.,0.,0.));
#7078=DIRECTION('center_axis',(-1.,0.,-6.81273219656345E-16));
#7079=DIRECTION('ref_axis',(0.,-1.,0.));
#7080=DIRECTION('center_axis',(-0.384615384615385,0.,-0.923076923076923));
#7081=DIRECTION('ref_axis',(0.923076923076923,0.,-0.384615384615385));
#7082=DIRECTION('center_axis',(-1.,0.,-5.28013481108676E-18));
#7083=DIRECTION('ref_axis',(0.,-1.,0.));
#7084=DIRECTION('center_axis',(0.384615384615385,0.,-0.923076923076923));
#7085=DIRECTION('ref_axis',(0.923076923076923,0.,0.384615384615385));
#7086=DIRECTION('center_axis',(1.,0.,-6.75993084845259E-16));
#7087=DIRECTION('ref_axis',(0.,-1.,0.));
#7088=DIRECTION('',(1.,0.,0.));
#7089=DIRECTION('center_axis',(-1.,0.,-5.28013481108676E-18));
#7090=DIRECTION('ref_axis',(0.,-1.,0.));
#7091=DIRECTION('center_axis',(1.,0.,0.));
#7092=DIRECTION('ref_axis',(0.,-1.,0.));
#7093=DIRECTION('center_axis',(0.,1.,0.));
#7094=DIRECTION('ref_axis',(-0.832050294337844,0.,0.554700196225229));
#7095=DIRECTION('',(0.,1.,0.));
#7096=DIRECTION('center_axis',(0.,1.,0.));
#7097=DIRECTION('ref_axis',(-1.,0.,5.55111512312578E-16));
#7098=DIRECTION('center_axis',(1.,0.,0.));
#7099=DIRECTION('ref_axis',(0.,-1.,-4.44089209850062E-15));
#7100=DIRECTION('center_axis',(-1.,0.,-5.28013481108676E-18));
#7101=DIRECTION('ref_axis',(0.,-1.,-4.44089209850062E-15));
#7102=DIRECTION('center_axis',(-1.,0.,6.75993084845259E-16));
#7103=DIRECTION('ref_axis',(0.,-1.,-4.44089209850062E-15));
#7104=DIRECTION('center_axis',(-1.,0.,6.75993084845259E-16));
#7105=DIRECTION('ref_axis',(6.75993084845259E-16,0.,1.));
#7106=DIRECTION('',(0.,1.,0.));
#7107=DIRECTION('center_axis',(1.,0.,-6.75993084845259E-16));
#7108=DIRECTION('ref_axis',(0.,-1.,0.));
#7109=DIRECTION('',(6.75993084845259E-16,0.,1.));
#7110=DIRECTION('center_axis',(-1.,0.,6.75993084845259E-16));
#7111=DIRECTION('ref_axis',(0.,-0.70710678118654,-0.707106781186555));
#7112=DIRECTION('center_axis',(1.,0.,8.45817794271694E-17));
#7113=DIRECTION('ref_axis',(0.,-0.70710678118654,-0.707106781186555));
#7114=DIRECTION('',(-1.,0.,-8.45817794271694E-17));
#7115=DIRECTION('center_axis',(-1.,0.,-5.28013481108676E-18));
#7116=DIRECTION('ref_axis',(0.,-0.70710678118654,-0.707106781186555));
#7117=DIRECTION('center_axis',(1.,0.,-7.93016446160826E-17));
#7118=DIRECTION('ref_axis',(0.,-0.707106781186544,0.707106781186551));
#7119=DIRECTION('center_axis',(-1.,0.,-6.81273219656345E-16));
#7120=DIRECTION('ref_axis',(0.,-0.707106781186544,0.707106781186551));
#7121=DIRECTION('',(-1.,0.,7.93016446160826E-17));
#7122=DIRECTION('center_axis',(-1.,0.,0.));
#7123=DIRECTION('ref_axis',(0.,-0.707106781186544,0.707106781186551));
#7124=DIRECTION('',(1.,0.,-7.93016446160826E-17));
#7125=DIRECTION('center_axis',(-7.93016446160826E-17,8.98392976973637E-34,
-1.));
#7126=DIRECTION('ref_axis',(1.13288063737261E-17,1.,0.));
#7127=DIRECTION('',(-1.13288063737261E-17,-1.,0.));
#7128=DIRECTION('',(6.12051075939479E-49,-1.,-8.98392976973637E-34));
#7129=DIRECTION('',(1.,-3.96191302845334E-31,-7.93016446160826E-17));
#7130=DIRECTION('',(-1.13288063737261E-17,-1.,0.));
#7131=DIRECTION('',(-1.,0.,7.93016446160826E-17));
#7132=DIRECTION('',(1.,0.,-7.93016446160826E-17));
#7133=DIRECTION('',(-1.,0.,7.93016446160826E-17));
#7134=DIRECTION('center_axis',(1.,0.,6.81273219656345E-16));
#7135=DIRECTION('ref_axis',(6.81273219656345E-16,0.,-1.));
#7136=DIRECTION('',(6.81273219656345E-16,0.,-1.));
#7137=DIRECTION('center_axis',(-1.,0.,-6.81273219656345E-16));
#7138=DIRECTION('ref_axis',(0.,-1.,0.));
#7139=DIRECTION('',(0.,-1.,0.));
#7140=DIRECTION('center_axis',(-1.,0.,-6.81273219656345E-16));
#7141=DIRECTION('ref_axis',(0.,-1.,4.44089209850062E-15));
#7142=DIRECTION('',(-6.81273219656345E-16,4.9960036108127E-15,1.));
#7143=DIRECTION('center_axis',(-1.,0.,-6.81273219656345E-16));
#7144=DIRECTION('ref_axis',(0.,0.707106781186551,0.707106781186544));
#7145=DIRECTION('center_axis',(1.,0.,-7.93016446160826E-17));
#7146=DIRECTION('ref_axis',(0.,-0.707106781186546,0.707106781186549));
#7147=DIRECTION('center_axis',(-1.,0.,0.));
#7148=DIRECTION('ref_axis',(0.,-0.707106781186546,0.707106781186549));
#7149=DIRECTION('',(1.,0.,-7.93016446160826E-17));
#7150=DIRECTION('center_axis',(0.,1.,0.));
#7151=DIRECTION('ref_axis',(0.,0.,1.));
#7152=DIRECTION('',(0.,0.,-1.));
#7153=DIRECTION('',(1.,0.,0.));
#7154=DIRECTION('center_axis',(1.,-3.96191302845334E-31,-7.93016446160826E-17));
#7155=DIRECTION('ref_axis',(0.,0.707106781186551,0.707106781186544));
#7156=DIRECTION('',(-1.,3.96191302845334E-31,7.93016446160826E-17));
#7157=DIRECTION('center_axis',(-1.,0.,0.));
#7158=DIRECTION('ref_axis',(0.,0.707106781186551,0.707106781186544));
#7159=DIRECTION('center_axis',(0.,-1.,4.9960036108127E-15));
#7160=DIRECTION('ref_axis',(2.77555756156261E-16,-4.9960036108127E-15,-1.));
#7161=DIRECTION('',(1.,0.,0.));
#7162=DIRECTION('',(-2.77555756156261E-16,4.9960036108127E-15,1.));
#7163=DIRECTION('center_axis',(-1.,0.,0.));
#7164=DIRECTION('ref_axis',(0.,0.817805228665873,0.575495098125744));
#7165=DIRECTION('',(-1.,0.,0.));
#7166=DIRECTION('center_axis',(-1.,0.,0.));
#7167=DIRECTION('ref_axis',(0.,0.817805228665873,0.575495098125744));
#7168=DIRECTION('center_axis',(1.,0.,0.));
#7169=DIRECTION('ref_axis',(0.,0.755106647168393,-0.655601976356164));
#7170=DIRECTION('center_axis',(-1.,0.,0.));
#7171=DIRECTION('ref_axis',(0.,-1.,0.));
#7172=DIRECTION('center_axis',(-1.,0.,0.));
#7173=DIRECTION('ref_axis',(0.,-1.,4.44089209850062E-15));
#7174=DIRECTION('center_axis',(-1.,0.,0.));
#7175=DIRECTION('ref_axis',(0.,-1.,4.44089209850062E-15));
#7176=DIRECTION('center_axis',(1.,0.,-7.93016446160826E-17));
#7177=DIRECTION('ref_axis',(0.,0.707106781186547,0.707106781186548));
#7178=DIRECTION('',(-1.,0.,7.93016446160826E-17));
#7179=DIRECTION('',(1.,0.,-7.93016446160826E-17));
#7180=DIRECTION('center_axis',(0.,1.,0.));
#7181=DIRECTION('ref_axis',(0.,0.,1.));
#7182=DIRECTION('',(-1.,0.,7.93016446160826E-17));
#7183=DIRECTION('center_axis',(1.,0.,-7.93016446160826E-17));
#7184=DIRECTION('ref_axis',(0.,0.707106781186548,-0.707106781186548));
#7185=DIRECTION('center_axis',(1.,0.,-7.93016446160826E-17));
#7186=DIRECTION('ref_axis',(0.,-0.707106781186547,0.707106781186548));
#7187=DIRECTION('',(-1.,0.,7.93016446160826E-17));
#7188=DIRECTION('',(1.,0.,-7.93016446160826E-17));
#7189=DIRECTION('center_axis',(7.93016446160826E-17,0.,1.));
#7190=DIRECTION('ref_axis',(0.,-1.,0.));
#7191=DIRECTION('center_axis',(1.,0.,8.45817794271694E-17));
#7192=DIRECTION('ref_axis',(0.,-0.707106781186547,-0.707106781186548));
#7193=DIRECTION('',(1.,0.,8.45817794271694E-17));
#7194=DIRECTION('center_axis',(1.,0.,5.28013481108676E-18));
#7195=DIRECTION('ref_axis',(0.,-0.707106781186547,-0.707106781186548));
#7196=DIRECTION('',(-1.,0.,-8.45817794271694E-17));
#7197=DIRECTION('center_axis',(0.,1.,0.));
#7198=DIRECTION('ref_axis',(-5.28013481108676E-18,0.,1.));
#7199=DIRECTION('',(-1.,0.,-8.45817794271694E-17));
#7200=DIRECTION('',(5.28013481108676E-18,0.,-1.));
#7201=DIRECTION('',(1.,0.,5.28013481108676E-18));
#7202=DIRECTION('',(-6.75993084845259E-16,0.,-1.));
#7203=DIRECTION('center_axis',(0.,1.,0.));
#7204=DIRECTION('ref_axis',(-0.707106781186548,0.,-0.707106781186547));
#7205=DIRECTION('',(1.,0.,5.28013481108676E-18));
#7206=DIRECTION('center_axis',(0.,-1.,0.));
#7207=DIRECTION('ref_axis',(0.707106781186548,0.,0.707106781186547));
#7208=DIRECTION('center_axis',(1.,0.,8.45817794271694E-17));
#7209=DIRECTION('ref_axis',(0.,0.707106781186548,0.707106781186548));
#7210=DIRECTION('',(-1.,0.,-8.45817794271694E-17));
#7211=DIRECTION('',(1.,0.,8.45817794271694E-17));
#7212=DIRECTION('center_axis',(0.,-1.,0.));
#7213=DIRECTION('ref_axis',(5.28013481108676E-18,0.,-1.));
#7214=DIRECTION('',(-1.,0.,-8.45817794271694E-17));
#7215=DIRECTION('center_axis',(0.,1.,0.));
#7216=DIRECTION('ref_axis',(0.707106781186548,0.,0.707106781186547));
#7217=DIRECTION('center_axis',(1.,0.,8.45817794271694E-17));
#7218=DIRECTION('ref_axis',(0.,0.707106781186547,-0.707106781186548));
#7219=DIRECTION('',(1.,0.,8.45817794271694E-17));
#7220=DIRECTION('center_axis',(1.,0.,5.28013481108676E-18));
#7221=DIRECTION('ref_axis',(0.,0.707106781186547,-0.707106781186548));
#7222=DIRECTION('center_axis',(-8.45817794271694E-17,0.,1.));
#7223=DIRECTION('ref_axis',(0.,-1.,0.));
#7224=DIRECTION('',(0.,1.,0.));
#7225=DIRECTION('center_axis',(1.,0.,8.45817794271694E-17));
#7226=DIRECTION('ref_axis',(-2.24298922669111E-16,-0.707106781186548,0.707106781186548));
#7227=DIRECTION('center_axis',(1.,0.,5.28013481108676E-18));
#7228=DIRECTION('ref_axis',(-2.24298922669111E-16,-0.707106781186548,0.707106781186548));
#7229=DIRECTION('center_axis',(1.,0.,-7.93016446160826E-17));
#7230=DIRECTION('ref_axis',(0.,-0.707106781186548,-0.707106781186548));
#7231=DIRECTION('center_axis',(1.,0.,0.));
#7232=DIRECTION('ref_axis',(0.,-0.707106781186548,-0.707106781186548));
#7233=DIRECTION('',(1.,0.,-7.93016446160826E-17));
#7234=DIRECTION('center_axis',(0.,1.,0.));
#7235=DIRECTION('ref_axis',(0.,0.,1.));
#7236=DIRECTION('center_axis',(0.,1.,0.));
#7237=DIRECTION('ref_axis',(0.707106781186548,0.,0.707106781186547));
#7238=DIRECTION('',(0.,-1.,0.));
#7239=DIRECTION('',(0.,1.,0.));
#7240=DIRECTION('center_axis',(-1.,0.,-5.28013481108676E-18));
#7241=DIRECTION('ref_axis',(-5.28013481108676E-18,0.,1.));
#7242=DIRECTION('',(0.,1.,0.));
#7243=DIRECTION('center_axis',(0.,1.,0.));
#7244=DIRECTION('ref_axis',(0.707106781186548,0.,0.707106781186547));
#7245=DIRECTION('',(0.,-1.,0.));
#7246=DIRECTION('center_axis',(0.,1.,0.));
#7247=DIRECTION('ref_axis',(-0.707106781186547,0.,-0.707106781186548));
#7248=DIRECTION('',(0.,1.,0.));
#7249=DIRECTION('center_axis',(-1.,0.,0.));
#7250=DIRECTION('ref_axis',(0.,-1.,0.));
#7251=DIRECTION('',(0.,-1.,0.));
#7252=DIRECTION('center_axis',(0.,1.,0.));
#7253=DIRECTION('ref_axis',(-0.196116135138185,0.,0.98058067569092));
#7254=DIRECTION('',(0.,1.,0.));
#7255=DIRECTION('center_axis',(0.,1.,0.));
#7256=DIRECTION('ref_axis',(-0.832050294337844,0.,0.554700196225229));
#7257=DIRECTION('',(0.,1.,0.));
#7258=DIRECTION('center_axis',(0.,1.,0.));
#7259=DIRECTION('ref_axis',(-1.,0.,5.55111512312578E-16));
#7260=DIRECTION('',(0.,-1.,0.));
#7261=DIRECTION('center_axis',(1.,0.,-6.75993084845259E-16));
#7262=DIRECTION('ref_axis',(0.,-1.,0.));
#7263=DIRECTION('center_axis',(0.,1.,0.));
#7264=DIRECTION('ref_axis',(-0.832050294337844,0.,0.554700196225229));
#7265=DIRECTION('center_axis',(0.,-1.,0.));
#7266=DIRECTION('ref_axis',(-0.384615384615385,0.,0.923076923076923));
#7267=DIRECTION('',(0.,-1.,0.));
#7268=DIRECTION('center_axis',(1.,0.,-6.75993084845259E-16));
#7269=DIRECTION('ref_axis',(0.,-1.,0.));
#7270=DIRECTION('center_axis',(-0.384615384615385,0.,0.923076923076923));
#7271=DIRECTION('ref_axis',(0.923076923076923,0.,0.384615384615385));
#7272=DIRECTION('center_axis',(0.,-1.,0.));
#7273=DIRECTION('ref_axis',(-0.707106781186548,0.,-0.707106781186547));
#7274=DIRECTION('',(0.,1.,0.));
#7275=DIRECTION('',(0.,-1.,0.));
#7276=DIRECTION('center_axis',(-1.,0.,6.75993084845259E-16));
#7277=DIRECTION('ref_axis',(6.75993084845259E-16,0.,1.));
#7278=DIRECTION('center_axis',(1.,0.,-6.75993084845259E-16));
#7279=DIRECTION('ref_axis',(0.,-1.,0.));
#7280=DIRECTION('center_axis',(-1.,0.,6.75993084845259E-16));
#7281=DIRECTION('ref_axis',(6.75993084845259E-16,0.,1.));
#7282=DIRECTION('center_axis',(-1.,0.,6.75993084845259E-16));
#7283=DIRECTION('ref_axis',(0.,-1.,-1.53452332105309E-31));
#7284=DIRECTION('center_axis',(-1.,0.,6.75993084845259E-16));
#7285=DIRECTION('ref_axis',(0.,-1.,-1.53452332105309E-31));
#7286=DIRECTION('',(-6.75993084845259E-16,1.53452332105309E-31,-1.));
#7287=DIRECTION('center_axis',(-1.,0.,6.75993084845259E-16));
#7288=DIRECTION('ref_axis',(0.,-1.,-1.53452332105309E-31));
#7289=DIRECTION('center_axis',(-1.,0.,6.75993084845259E-16));
#7290=DIRECTION('ref_axis',(0.,-1.,-1.53452332105309E-31));
#7291=DIRECTION('center_axis',(0.,1.,0.));
#7292=DIRECTION('ref_axis',(-0.707106781186547,0.,0.707106781186548));
#7293=DIRECTION('center_axis',(0.,1.,0.));
#7294=DIRECTION('ref_axis',(-0.196116135138185,0.,-0.98058067569092));
#7295=DIRECTION('',(0.,-1.,0.));
#7296=DIRECTION('center_axis',(0.384615384615385,0.,0.923076923076923));
#7297=DIRECTION('ref_axis',(0.923076923076923,0.,-0.384615384615385));
#7298=DIRECTION('',(0.,1.,0.));
#7299=DIRECTION('',(0.,1.,0.));
#7300=DIRECTION('center_axis',(0.,-1.,0.));
#7301=DIRECTION('ref_axis',(-0.707106781186548,0.,0.707106781186547));
#7302=DIRECTION('',(0.,1.,0.));
#7303=DIRECTION('center_axis',(0.,1.,0.));
#7304=DIRECTION('ref_axis',(-0.707106781186548,0.,0.707106781186547));
#7305=DIRECTION('center_axis',(0.,1.,0.));
#7306=DIRECTION('ref_axis',(-0.832050294337844,0.,-0.554700196225229));
#7307=DIRECTION('center_axis',(0.,1.,0.));
#7308=DIRECTION('ref_axis',(-0.384615384615385,0.,-0.923076923076923));
#7309=DIRECTION('',(0.,-1.,0.));
#7310=DIRECTION('center_axis',(-1.,0.,-6.81273219656345E-16));
#7311=DIRECTION('ref_axis',(0.,-1.,0.));
#7312=DIRECTION('center_axis',(0.,1.,0.));
#7313=DIRECTION('ref_axis',(-0.832050294337844,0.,-0.554700196225229));
#7314=DIRECTION('center_axis',(0.,-1.,0.));
#7315=DIRECTION('ref_axis',(-1.,0.,-5.55111512312578E-16));
#7316=DIRECTION('center_axis',(-1.,0.,-6.81273219656345E-16));
#7317=DIRECTION('ref_axis',(0.,-1.,0.));
#7318=DIRECTION('center_axis',(1.,0.,6.81273219656345E-16));
#7319=DIRECTION('ref_axis',(6.81273219656345E-16,0.,-1.));
#7320=DIRECTION('center_axis',(-1.,0.,-6.81273219656345E-16));
#7321=DIRECTION('ref_axis',(0.,-1.,0.));
#7322=DIRECTION('',(-6.81273219656345E-16,0.,1.));
#7323=DIRECTION('center_axis',(1.,-1.33226762955019E-16,0.));
#7324=DIRECTION('ref_axis',(-1.33226762955019E-16,-1.,0.));
#7325=DIRECTION('center_axis',(-1.,0.,0.));
#7326=DIRECTION('ref_axis',(0.,-1.,-1.53452332105309E-31));
#7327=DIRECTION('center_axis',(-1.,0.,0.));
#7328=DIRECTION('ref_axis',(0.,-1.,-1.53452332105309E-31));
#7329=DIRECTION('',(-1.,0.,0.));
#7330=DIRECTION('center_axis',(0.,4.31876756579186E-13,-1.));
#7331=DIRECTION('ref_axis',(0.,-1.,-4.31876756579186E-13));
#7332=DIRECTION('',(0.,-1.,-4.31876756579186E-13));
#7333=DIRECTION('center_axis',(1.,0.,0.));
#7334=DIRECTION('ref_axis',(0.,0.,-1.));
#7335=DIRECTION('center_axis',(-1.,0.,0.));
#7336=DIRECTION('ref_axis',(0.,1.,0.));
#7337=DIRECTION('center_axis',(-1.,0.,0.));
#7338=DIRECTION('ref_axis',(0.,1.,1.22464679914735E-16));
#7339=DIRECTION('center_axis',(-1.,0.,0.));
#7340=DIRECTION('ref_axis',(0.,-1.,-1.53452332105309E-31));
#7341=DIRECTION('',(-1.,0.,0.));
#7342=DIRECTION('center_axis',(0.,-1.53452332105309E-31,1.));
#7343=DIRECTION('ref_axis',(0.,1.,1.53452332105309E-31));
#7344=DIRECTION('',(0.,1.,1.53452332105309E-31));
#7345=DIRECTION('center_axis',(1.,0.,0.));
#7346=DIRECTION('ref_axis',(0.,0.,-1.));
#7347=DIRECTION('center_axis',(-1.,0.,0.));
#7348=DIRECTION('ref_axis',(0.,1.,0.));
#7349=DIRECTION('center_axis',(-1.,0.,0.));
#7350=DIRECTION('ref_axis',(0.,1.,0.));
#7351=DIRECTION('center_axis',(-1.,0.,0.));
#7352=DIRECTION('ref_axis',(0.,1.,0.));
#7353=DIRECTION('',(-1.,0.,0.));
#7354=DIRECTION('center_axis',(-1.,0.,0.));
#7355=DIRECTION('ref_axis',(0.,1.,0.));
#7356=DIRECTION('center_axis',(-1.,0.,0.));
#7357=DIRECTION('ref_axis',(0.,1.,0.));
#7358=DIRECTION('',(-1.,0.,0.));
#7359=DIRECTION('center_axis',(1.,0.,0.));
#7360=DIRECTION('ref_axis',(0.,-1.,-1.53452332105309E-31));
#7361=DIRECTION('center_axis',(-1.,-1.23259516440783E-32,6.91877568391294E-48));
#7362=DIRECTION('ref_axis',(1.23259516440783E-32,-1.,-1.53452332105309E-31));
#7363=DIRECTION('',(1.,0.,0.));
#7364=DIRECTION('center_axis',(-1.,-1.23259516440783E-32,6.91877568391294E-48));
#7365=DIRECTION('ref_axis',(1.23259516440783E-32,-1.,-1.53452332105309E-31));
#7366=DIRECTION('center_axis',(1.,1.23259516440783E-32,-6.91877568391294E-48));
#7367=DIRECTION('ref_axis',(0.,-1.,0.));
#7368=DIRECTION('center_axis',(1.,0.,0.));
#7369=DIRECTION('ref_axis',(0.,-1.,-1.53452332105309E-31));
#7370=DIRECTION('',(1.,0.,0.));
#7371=DIRECTION('center_axis',(-1.,-1.23259516440783E-32,6.91877568391294E-48));
#7372=DIRECTION('ref_axis',(1.23259516440783E-32,-1.,-1.53452332105309E-31));
#7373=DIRECTION('',(1.,0.,0.));
#7374=DIRECTION('center_axis',(0.,1.,1.53452332105309E-31));
#7375=DIRECTION('ref_axis',(6.91877568391295E-48,-1.53452332105309E-31,
1.));
#7376=DIRECTION('',(-6.91877568391295E-48,1.53452332105309E-31,-1.));
#7377=DIRECTION('center_axis',(0.,-1.,-1.53452332105309E-31));
#7378=DIRECTION('ref_axis',(-6.91877568391295E-48,1.53452332105309E-31,
-1.));
#7379=DIRECTION('',(-6.91877568391295E-48,1.53452332105309E-31,-1.));
#7380=DIRECTION('center_axis',(-1.,-1.23259516440783E-32,6.91877568391294E-48));
#7381=DIRECTION('ref_axis',(1.23259516440783E-32,-1.,-1.53452332105309E-31));
#7382=DIRECTION('center_axis',(1.,1.23259516440783E-32,-6.91877568391294E-48));
#7383=DIRECTION('ref_axis',(0.,-1.,0.));
#7384=DIRECTION('center_axis',(1.,0.,0.));
#7385=DIRECTION('ref_axis',(0.,-1.,0.));
#7386=DIRECTION('',(1.,0.,0.));
#7387=DIRECTION('center_axis',(1.,0.,0.));
#7388=DIRECTION('ref_axis',(0.,-1.,0.));
#7389=DIRECTION('',(1.,0.,0.));
#7390=DIRECTION('center_axis',(-1.,0.,0.));
#7391=DIRECTION('ref_axis',(0.,0.,1.));
#7392=DIRECTION('',(0.,1.,1.53452332105309E-31));
#7393=DIRECTION('center_axis',(0.,1.53452332105309E-31,-1.));
#7394=DIRECTION('ref_axis',(1.23259516440783E-32,-1.,-1.53452332105309E-31));
#7395=DIRECTION('center_axis',(5.28013481108676E-18,0.,-1.));
#7396=DIRECTION('ref_axis',(-1.,0.,-5.28013481108676E-18));
#7397=DIRECTION('center_axis',(5.28013481108676E-18,0.,-1.));
#7398=DIRECTION('ref_axis',(-1.,0.,-5.28013481108676E-18));
#7399=DIRECTION('center_axis',(-1.,0.,-5.28013481108676E-18));
#7400=DIRECTION('ref_axis',(-3.46166681757546E-18,0.755106647168392,0.655601976356165));
#7401=DIRECTION('center_axis',(1.,0.,5.28013481108676E-18));
#7402=DIRECTION('ref_axis',(0.,-1.,0.));
#7403=DIRECTION('',(1.,0.,5.28013481108676E-18));
#7404=DIRECTION('center_axis',(1.,0.,5.28013481108676E-18));
#7405=DIRECTION('ref_axis',(0.,-1.,0.));
#7406=DIRECTION('',(-5.28013481108676E-18,0.,1.));
#7407=DIRECTION('center_axis',(-1.,0.,-5.28013481108676E-18));
#7408=DIRECTION('ref_axis',(0.,-1.,0.));
#7409=DIRECTION('center_axis',(0.,-1.,0.));
#7410=DIRECTION('ref_axis',(5.28013481108676E-18,0.,-1.));
#7411=DIRECTION('center_axis',(-1.,0.,-5.28013481108676E-18));
#7412=DIRECTION('ref_axis',(0.,-1.,0.));
#7413=DIRECTION('center_axis',(1.,0.,5.28013481108676E-18));
#7414=DIRECTION('ref_axis',(0.,-1.,0.));
#7415=DIRECTION('',(1.,0.,5.28013481108676E-18));
#7416=DIRECTION('center_axis',(0.,-1.,0.));
#7417=DIRECTION('ref_axis',(-2.72275621345203E-16,0.,-1.));
#7418=DIRECTION('',(-2.72275621345203E-16,0.,-1.));
#7419=DIRECTION('center_axis',(1.,0.,5.28013481108676E-18));
#7420=DIRECTION('ref_axis',(0.,-1.,0.));
#7421=DIRECTION('center_axis',(-1.,0.,-5.28013481108676E-18));
#7422=DIRECTION('ref_axis',(0.,-1.,0.));
#7423=DIRECTION('center_axis',(-1.,0.,-5.28013481108676E-18));
#7424=DIRECTION('ref_axis',(0.,-1.,0.));
#7425=DIRECTION('',(1.,0.,5.28013481108676E-18));
#7426=DIRECTION('center_axis',(-1.,0.,-5.28013481108676E-18));
#7427=DIRECTION('ref_axis',(0.,-1.,0.));
#7428=DIRECTION('',(1.,0.,5.28013481108676E-18));
#7429=DIRECTION('center_axis',(-1.,0.,0.));
#7430=DIRECTION('ref_axis',(0.,-1.,0.));
#7431=DIRECTION('center_axis',(1.,0.,0.));
#7432=DIRECTION('ref_axis',(0.,-1.,0.));
#7433=DIRECTION('center_axis',(1.,0.,0.));
#7434=DIRECTION('ref_axis',(0.,-1.,0.));
#7435=DIRECTION('',(1.,0.,0.));
#7436=DIRECTION('center_axis',(-1.,0.,0.));
#7437=DIRECTION('ref_axis',(0.,-1.,0.));
#7438=DIRECTION('',(1.,0.,0.));
#7439=DIRECTION('center_axis',(0.,-1.,0.));
#7440=DIRECTION('ref_axis',(0.,0.,-1.));
#7441=DIRECTION('',(0.,0.,1.));
#7442=DIRECTION('center_axis',(0.,1.,0.));
#7443=DIRECTION('ref_axis',(-2.7755575615629E-16,0.,1.));
#7444=DIRECTION('',(-2.7755575615629E-16,0.,1.));
#7445=DIRECTION('center_axis',(-1.,0.,0.));
#7446=DIRECTION('ref_axis',(0.,-1.,0.));
#7447=DIRECTION('center_axis',(1.,0.,0.));
#7448=DIRECTION('ref_axis',(0.,-1.,0.));
#7449=DIRECTION('center_axis',(1.,0.,0.));
#7450=DIRECTION('ref_axis',(0.,-1.,0.));
#7451=DIRECTION('',(1.,0.,0.));
#7452=DIRECTION('center_axis',(1.,0.,0.));
#7453=DIRECTION('ref_axis',(0.,-1.,0.));
#7454=DIRECTION('',(1.,0.,0.));
#7455=CARTESIAN_POINT('',(0.,0.,0.));
#7456=CARTESIAN_POINT('Origin',(-4.92499999999996,-40.0750000000001,18.));
#7457=CARTESIAN_POINT('',(-2.92499999999996,-40.0750000000001,18.));
#7458=CARTESIAN_POINT('',(-0.924999999999961,-40.0750000000001,16.));
#7459=CARTESIAN_POINT('Origin',(-0.924999999999961,-40.0750000000001,18.));
#7460=CARTESIAN_POINT('',(-1.4608983848622,-42.075,16.));
#7461=CARTESIAN_POINT('Origin',(-4.92499999999996,-40.0750000000001,16.));
#7462=CARTESIAN_POINT('',(-4.92499999999996,-42.075,18.));
#7463=CARTESIAN_POINT('Ctrl Pts',(-4.92499999999996,-42.075,18.));
#7464=CARTESIAN_POINT('Ctrl Pts',(-4.647901777919,-42.075,17.722901777919));
#7465=CARTESIAN_POINT('Ctrl Pts',(-4.343449328037,-42.075,17.4173180252879));
#7466=CARTESIAN_POINT('Ctrl Pts',(-3.69528707769825,-42.075,16.8578775365535));
#7467=CARTESIAN_POINT('Ctrl Pts',(-3.34948188636121,-42.075,16.6064531055631));
#7468=CARTESIAN_POINT('Ctrl Pts',(-2.77997468541434,-42.075,16.2999378216496));
#7469=CARTESIAN_POINT('Ctrl Pts',(-2.5231170658487,-42.075,16.1891622617135));
#7470=CARTESIAN_POINT('Ctrl Pts',(-1.99109794814038,-42.075,16.0389086562628));
#7471=CARTESIAN_POINT('Ctrl Pts',(-1.71577580673777,-42.075,16.));
#7472=CARTESIAN_POINT('Ctrl Pts',(-1.4608983848622,-42.075,16.));
#7473=CARTESIAN_POINT('Origin',(-4.92499999999996,-40.0750000000001,18.));
#7474=CARTESIAN_POINT('Origin',(-0.924999999999962,0.,18.));
#7475=CARTESIAN_POINT('',(-2.86149167310367,22.75,17.5));
#7476=CARTESIAN_POINT('',(-2.92499999999997,23.9747448713916,18.));
#7477=CARTESIAN_POINT('Ctrl Pts',(-2.86149167310367,22.75,17.5));
#7478=CARTESIAN_POINT('Ctrl Pts',(-2.86149167310367,22.9592579493429,17.5));
#7479=CARTESIAN_POINT('Ctrl Pts',(-2.87308526218619,23.1824532599385,17.5397955221353));
#7480=CARTESIAN_POINT('Ctrl Pts',(-2.90440135876424,23.5959096856933,17.7020166104701));
#7481=CARTESIAN_POINT('Ctrl Pts',(-2.92235041703081,23.7863186085046,17.8244029299623));
#7482=CARTESIAN_POINT('Ctrl Pts',(-2.92490200978327,23.9514045759877,17.9774517859134));
#7483=CARTESIAN_POINT('Ctrl Pts',(-2.92499999999996,23.9630817194753,17.988572491605));
#7484=CARTESIAN_POINT('Ctrl Pts',(-2.92499999999996,23.9747448713916,18.));
#7485=CARTESIAN_POINT('',(-2.92499999999996,40.0750000000001,18.));
#7486=CARTESIAN_POINT('',(-2.92499999999996,0.,18.));
#7487=CARTESIAN_POINT('',(-0.924999999999962,40.0750000000001,16.));
#7488=CARTESIAN_POINT('Origin',(-0.924999999999962,40.0750000000001,18.));
#7489=CARTESIAN_POINT('',(-0.924999999999962,0.,16.));
#7490=CARTESIAN_POINT('',(-2.92499999999997,-23.9747448713916,18.));
#7491=CARTESIAN_POINT('',(-2.92499999999996,0.,18.));
#7492=CARTESIAN_POINT('',(-2.86149167310367,-22.75,17.5));
#7493=CARTESIAN_POINT('Ctrl Pts',(-2.92499999999996,-23.9747448713916,18.));
#7494=CARTESIAN_POINT('Ctrl Pts',(-2.92499999999996,-23.9630817194753,17.988572491605));
#7495=CARTESIAN_POINT('Ctrl Pts',(-2.92490200978327,-23.9514045759877,17.9774517859134));
#7496=CARTESIAN_POINT('Ctrl Pts',(-2.92235041703081,-23.7863186085046,17.8244029299623));
#7497=CARTESIAN_POINT('Ctrl Pts',(-2.90440135876424,-23.5959096856933,17.7020166104701));
#7498=CARTESIAN_POINT('Ctrl Pts',(-2.87308526218619,-23.1824532599385,17.5397955221353));
#7499=CARTESIAN_POINT('Ctrl Pts',(-2.86149167310367,-22.9592579493429,17.5));
#7500=CARTESIAN_POINT('Ctrl Pts',(-2.86149167310367,-22.75,17.5));
#7501=CARTESIAN_POINT('',(-2.86149167310367,0.,17.5));
#7502=CARTESIAN_POINT('Origin',(-4.92499999999996,40.0750000000001,18.));
#7503=CARTESIAN_POINT('',(-4.92499999999996,42.0750000000001,18.));
#7504=CARTESIAN_POINT('',(-1.46089838486221,42.0750000000001,16.));
#7505=CARTESIAN_POINT('Ctrl Pts',(-1.46089838486221,42.0750000000001,16.));
#7506=CARTESIAN_POINT('Ctrl Pts',(-1.71577580673777,42.0750000000001,16.));
#7507=CARTESIAN_POINT('Ctrl Pts',(-1.99109794814039,42.0750000000001,16.0389086562628));
#7508=CARTESIAN_POINT('Ctrl Pts',(-2.5231170658487,42.0750000000001,16.1891622617135));
#7509=CARTESIAN_POINT('Ctrl Pts',(-2.77997468541435,42.0750000000001,16.2999378216496));
#7510=CARTESIAN_POINT('Ctrl Pts',(-3.34948188636122,42.0750000000001,16.6064531055631));
#7511=CARTESIAN_POINT('Ctrl Pts',(-3.69528707769826,42.075,16.8578775365535));
#7512=CARTESIAN_POINT('Ctrl Pts',(-4.34344932803701,42.075,17.4173180252879));
#7513=CARTESIAN_POINT('Ctrl Pts',(-4.647901777919,42.0750000000001,17.722901777919));
#7514=CARTESIAN_POINT('Ctrl Pts',(-4.92499999999996,42.0750000000001,18.));
#7515=CARTESIAN_POINT('Origin',(-4.92499999999996,40.0750000000001,16.));
#7516=CARTESIAN_POINT('Origin',(-4.92499999999996,40.0750000000001,18.));
#7517=CARTESIAN_POINT('Origin',(-2.99999999999999,0.,16.));
#7518=CARTESIAN_POINT('',(-1.22499999999998,42.0750000000001,16.));
#7519=CARTESIAN_POINT('',(-2.99999999999996,42.0750000000001,16.));
#7520=CARTESIAN_POINT('',(-1.22499999999997,50.,16.));
#7521=CARTESIAN_POINT('',(-1.22499999999998,25.,16.));
#7522=CARTESIAN_POINT('',(11.925,50.,16.));
#7523=CARTESIAN_POINT('',(13.,50.,16.));
#7524=CARTESIAN_POINT('',(12.925,49.,16.));
#7525=CARTESIAN_POINT('Origin',(11.925,49.,16.));
#7526=CARTESIAN_POINT('',(12.925,-49.,16.));
#7527=CARTESIAN_POINT('',(12.925,0.,16.));
#7528=CARTESIAN_POINT('',(11.925,-50.,16.));
#7529=CARTESIAN_POINT('Origin',(11.925,-49.,16.));
#7530=CARTESIAN_POINT('',(-1.22499999999999,-50.,16.));
#7531=CARTESIAN_POINT('',(13.,-50.,16.));
#7532=CARTESIAN_POINT('',(-1.22499999999999,-42.075,16.));
#7533=CARTESIAN_POINT('',(-1.22499999999999,-21.,16.));
#7534=CARTESIAN_POINT('',(-7.00000000000017,-42.0750000000001,16.));
#7535=CARTESIAN_POINT('Origin',(-4.92499999999998,40.0750000000001,40.));
#7536=CARTESIAN_POINT('',(-2.92499999999999,40.0750000000001,47.));
#7537=CARTESIAN_POINT('',(-2.92499999999999,40.0750000000001,40.));
#7538=CARTESIAN_POINT('',(-4.92499999999999,42.0750000000001,47.));
#7539=CARTESIAN_POINT('Origin',(-4.92499999999999,40.0750000000001,47.));
#7540=CARTESIAN_POINT('',(-4.92499999999998,42.0750000000001,40.));
#7541=CARTESIAN_POINT('Origin',(-1.22499999999998,25.,14.));
#7542=CARTESIAN_POINT('',(-3.22499999999998,42.0750000000001,14.));
#7543=CARTESIAN_POINT('Origin',(-1.22499999999998,42.0750000000001,14.));
#7544=CARTESIAN_POINT('',(-3.22499999999998,50.,14.));
#7545=CARTESIAN_POINT('',(-3.22499999999998,25.,14.));
#7546=CARTESIAN_POINT('Origin',(-1.22499999999998,50.,14.));
#7547=CARTESIAN_POINT('Origin',(-3.22499999999998,50.,48.));
#7548=CARTESIAN_POINT('',(-3.22499999999998,42.0750000000001,-15.));
#7549=CARTESIAN_POINT('',(-3.22499999999998,42.0750000000001,48.));
#7550=CARTESIAN_POINT('',(-3.22499999999998,43.0750000000001,-16.));
#7551=CARTESIAN_POINT('Origin',(-3.22499999999994,43.0750000000001,-15.));
#7552=CARTESIAN_POINT('',(-3.22499999999998,50.,-16.));
#7553=CARTESIAN_POINT('',(-3.22499999999998,25.,-16.));
#7554=CARTESIAN_POINT('',(-3.22499999999998,50.,44.));
#7555=CARTESIAN_POINT('Origin',(-1.22499999999999,-21.,14.));
#7556=CARTESIAN_POINT('',(-3.22499999999999,-42.075,14.));
#7557=CARTESIAN_POINT('Origin',(-1.22499999999999,-42.0750000000001,14.));
#7558=CARTESIAN_POINT('',(-3.22499999999999,-50.,14.));
#7559=CARTESIAN_POINT('Origin',(-1.22499999999999,-50.,14.));
#7560=CARTESIAN_POINT('',(-3.22499999999999,-21.,14.));
#7561=CARTESIAN_POINT('Origin',(-34.9999999999992,48.,44.));
#7562=CARTESIAN_POINT('',(-34.9999999999992,50.,-16.));
#7563=CARTESIAN_POINT('',(-36.9999999999992,48.,-16.));
#7564=CARTESIAN_POINT('Origin',(-34.9999999999992,48.,-16.));
#7565=CARTESIAN_POINT('',(-36.9999999999992,48.,48.));
#7566=CARTESIAN_POINT('',(-36.9999999999992,48.,44.));
#7567=CARTESIAN_POINT('',(-34.9999999999992,50.,48.));
#7568=CARTESIAN_POINT('Origin',(-34.9999999999992,48.,48.));
#7569=CARTESIAN_POINT('',(-34.9999999999992,50.,44.));
#7570=CARTESIAN_POINT('Origin',(-2.99999999999999,0.,48.));
#7571=CARTESIAN_POINT('',(-36.9999999999993,43.075,48.));
#7572=CARTESIAN_POINT('',(-36.9999999999993,42.,48.));
#7573=CARTESIAN_POINT('',(-31.5952795795503,43.075,48.));
#7574=CARTESIAN_POINT('',(-15.9999999999997,43.075,48.));
#7575=CARTESIAN_POINT('',(-32.8639087296519,44.3436291501015,48.));
#7576=CARTESIAN_POINT('',(-14.760139789775,26.2398602102247,48.));
#7577=CARTESIAN_POINT('',(-31.7325378797534,47.075,48.));
#7578=CARTESIAN_POINT('Origin',(-31.7325378797534,45.475,48.));
#7579=CARTESIAN_POINT('',(-8.26746212024593,47.075,48.));
#7580=CARTESIAN_POINT('',(-4.99999999999994,47.075,48.));
#7581=CARTESIAN_POINT('',(-7.13609127034754,44.3436291501014,48.));
#7582=CARTESIAN_POINT('Origin',(-8.26746212024593,45.475,48.));
#7583=CARTESIAN_POINT('',(-8.40472042044912,43.0750000000001,48.));
#7584=CARTESIAN_POINT('',(-18.7398602102246,32.7398602102261,48.));
#7585=CARTESIAN_POINT('',(-4.92499999999998,43.0750000000001,48.));
#7586=CARTESIAN_POINT('',(-2.99999999999996,43.0750000000001,48.));
#7587=CARTESIAN_POINT('',(-2.92499999999999,40.2465728752539,48.));
#7588=CARTESIAN_POINT('Ctrl Pts',(-2.92499999999998,40.2465728752539,48.));
#7589=CARTESIAN_POINT('Ctrl Pts',(-2.92499999999998,40.4705422413944,48.));
#7590=CARTESIAN_POINT('Ctrl Pts',(-2.96737048285457,40.7359446170781,48.));
#7591=CARTESIAN_POINT('Ctrl Pts',(-3.1065405156567,41.1825395751885,48.));
#7592=CARTESIAN_POINT('Ctrl Pts',(-3.23543378063128,41.445186228884,48.));
#7593=CARTESIAN_POINT('Ctrl Pts',(-3.55463552378543,41.9270656501418,48.));
#7594=CARTESIAN_POINT('Ctrl Pts',(-3.80141233424707,42.1936552755201,48.));
#7595=CARTESIAN_POINT('Ctrl Pts',(-4.35121212567443,42.6699300131237,48.));
#7596=CARTESIAN_POINT('Ctrl Pts',(-4.65212354847142,42.8820472106981,48.));
#7597=CARTESIAN_POINT('Ctrl Pts',(-4.92499999999998,43.0750000000001,48.));
#7598=CARTESIAN_POINT('',(-2.92499999999999,-40.2465728752539,48.));
#7599=CARTESIAN_POINT('',(-2.92499999999999,0.,48.));
#7600=CARTESIAN_POINT('',(-4.92499999999988,-43.075,48.));
#7601=CARTESIAN_POINT('Ctrl Pts',(-4.92499999999988,-43.075,48.));
#7602=CARTESIAN_POINT('Ctrl Pts',(-4.65212354847133,-42.8820472106981,48.));
#7603=CARTESIAN_POINT('Ctrl Pts',(-4.35121212567434,-42.6699300131236,48.));
#7604=CARTESIAN_POINT('Ctrl Pts',(-3.80141233424698,-42.1936552755201,48.));
#7605=CARTESIAN_POINT('Ctrl Pts',(-3.55463552378533,-41.9270656501418,48.));
#7606=CARTESIAN_POINT('Ctrl Pts',(-3.23543378063119,-41.445186228884,48.));
#7607=CARTESIAN_POINT('Ctrl Pts',(-3.10654051565661,-41.1825395751885,48.));
#7608=CARTESIAN_POINT('Ctrl Pts',(-2.96737048285447,-40.7359446170781,48.));
#7609=CARTESIAN_POINT('Ctrl Pts',(-2.92499999999988,-40.4705422413944,48.));
#7610=CARTESIAN_POINT('Ctrl Pts',(-2.92499999999988,-40.2465728752539,48.));
#7611=CARTESIAN_POINT('',(-8.40472042044914,-43.0750000000001,48.));
#7612=CARTESIAN_POINT('',(-7.00000000000017,-43.0750000000001,48.));
#7613=CARTESIAN_POINT('',(-7.13609127034754,-44.3436291501015,48.));
#7614=CARTESIAN_POINT('',(-16.7398602102243,-34.7398602102261,48.));
#7615=CARTESIAN_POINT('',(-8.26746212024593,-47.075,48.));
#7616=CARTESIAN_POINT('Origin',(-8.26746212024593,-45.475,48.));
#7617=CARTESIAN_POINT('',(-31.6264718625754,-47.075,48.));
#7618=CARTESIAN_POINT('',(-17.9999999999996,-47.075,48.));
#7619=CARTESIAN_POINT('',(-32.7578427124739,-44.3436291501016,48.));
#7620=CARTESIAN_POINT('Origin',(-31.6264718625754,-45.475,48.));
#7621=CARTESIAN_POINT('',(-31.4892135623723,-43.075,48.));
#7622=CARTESIAN_POINT('',(-12.7071067811859,-24.2928932188137,48.));
#7623=CARTESIAN_POINT('',(-36.9999999999993,-43.075,48.));
#7624=CARTESIAN_POINT('',(-19.9999999999997,-43.075,48.));
#7625=CARTESIAN_POINT('',(-36.9999999999992,-48.,48.));
#7626=CARTESIAN_POINT('',(-36.9999999999993,-42.,48.));
#7627=CARTESIAN_POINT('',(-34.9999999999992,-50.,48.));
#7628=CARTESIAN_POINT('Origin',(-34.9999999999992,-48.,48.));
#7629=CARTESIAN_POINT('',(11.925,-50.,48.));
#7630=CARTESIAN_POINT('',(13.,-50.,48.));
#7631=CARTESIAN_POINT('',(12.925,-49.,48.));
#7632=CARTESIAN_POINT('Origin',(11.925,-49.,48.));
#7633=CARTESIAN_POINT('',(12.925,49.,48.));
#7634=CARTESIAN_POINT('',(12.925,0.,48.));
#7635=CARTESIAN_POINT('',(11.925,50.,48.));
#7636=CARTESIAN_POINT('Origin',(11.925,49.,48.));
#7637=CARTESIAN_POINT('',(-36.9999999999992,50.,48.));
#7638=CARTESIAN_POINT('Origin',(-36.9999999999993,42.,48.));
#7639=CARTESIAN_POINT('',(-36.9999999999993,43.075,-16.));
#7640=CARTESIAN_POINT('',(-36.9999999999993,21.,-16.));
#7641=CARTESIAN_POINT('',(-36.9999999999993,42.075,-15.));
#7642=CARTESIAN_POINT('Origin',(-36.9999999999992,43.075,-15.));
#7643=CARTESIAN_POINT('',(-36.9999999999993,42.075,47.));
#7644=CARTESIAN_POINT('',(-36.9999999999993,42.075,48.));
#7645=CARTESIAN_POINT('Origin',(-36.9999999999993,43.075,47.));
#7646=CARTESIAN_POINT('Origin',(-34.9999999999992,-48.,44.));
#7647=CARTESIAN_POINT('',(-36.9999999999993,-48.,-16.));
#7648=CARTESIAN_POINT('',(-34.9999999999992,-50.,-16.));
#7649=CARTESIAN_POINT('Origin',(-34.9999999999992,-48.,-16.));
#7650=CARTESIAN_POINT('',(-34.9999999999992,-50.,44.));
#7651=CARTESIAN_POINT('',(-36.9999999999993,-48.,44.));
#7652=CARTESIAN_POINT('Origin',(-19.9999999999996,4.44089209850063E-15,
-16.));
#7653=CARTESIAN_POINT('',(-36.9999999999993,-43.075,-16.));
#7654=CARTESIAN_POINT('',(-36.9999999999993,-25.,-16.));
#7655=CARTESIAN_POINT('',(-31.4892135623723,-43.075,-16.));
#7656=CARTESIAN_POINT('',(-28.4999999999995,-43.075,-16.));
#7657=CARTESIAN_POINT('',(-32.7578427124739,-44.3436291501016,-16.));
#7658=CARTESIAN_POINT('',(-16.9571067811858,-28.5428932188136,-16.));
#7659=CARTESIAN_POINT('',(-31.6264718625754,-47.075,-16.));
#7660=CARTESIAN_POINT('Origin',(-31.6264718625754,-45.475,-16.));
#7661=CARTESIAN_POINT('',(-8.26746212024593,-47.075,-16.));
#7662=CARTESIAN_POINT('',(-26.4999999999994,-47.075,-16.));
#7663=CARTESIAN_POINT('',(-7.13609127034753,-44.3436291501015,-16.));
#7664=CARTESIAN_POINT('Origin',(-8.26746212024593,-45.475,-16.));
#7665=CARTESIAN_POINT('',(-8.40472042044912,-43.075,-16.));
#7666=CARTESIAN_POINT('',(-20.9898602102248,-30.4898602102262,-16.));
#7667=CARTESIAN_POINT('',(-3.22499999999999,-43.075,-16.));
#7668=CARTESIAN_POINT('',(-15.5,-43.0750000000001,-16.));
#7669=CARTESIAN_POINT('',(-3.22499999999999,-50.,-16.));
#7670=CARTESIAN_POINT('',(-3.22499999999999,-21.,-16.));
#7671=CARTESIAN_POINT('',(-11.4999999999998,-50.,-16.));
#7672=CARTESIAN_POINT('Origin',(-36.9999999999992,-50.,48.));
#7673=CARTESIAN_POINT('',(-36.9999999999993,-42.075,47.));
#7674=CARTESIAN_POINT('Origin',(-36.9999999999992,-43.075,47.));
#7675=CARTESIAN_POINT('',(-36.9999999999993,-42.075,-15.));
#7676=CARTESIAN_POINT('',(-36.9999999999993,-42.075,48.));
#7677=CARTESIAN_POINT('Origin',(-36.9999999999992,-43.075,-15.));
#7678=CARTESIAN_POINT('Origin',(-4.92499999999998,13.5,38.6210098793984));
#7679=CARTESIAN_POINT('',(-4.49113908436267,13.5,36.6686357590305));
#7680=CARTESIAN_POINT('',(-4.05727816872536,11.5,34.7162616386626));
#7681=CARTESIAN_POINT('Origin',(-4.05727816872536,13.5,34.7162616386626));
#7682=CARTESIAN_POINT('',(-2.92499999999998,11.5,35.1569082642607));
#7683=CARTESIAN_POINT('Origin',(-4.92499999999998,11.5,38.6210098793984));
#7684=CARTESIAN_POINT('',(-2.92499999999998,13.5,38.6210098793984));
#7685=CARTESIAN_POINT('Ctrl Pts',(-2.92499999999998,13.5,38.6210098793984));
#7686=CARTESIAN_POINT('Ctrl Pts',(-2.92499999999998,13.2229017779191,38.3439116573175));
#7687=CARTESIAN_POINT('Ctrl Pts',(-2.92499999999998,12.9173180252879,38.0394592074355));
#7688=CARTESIAN_POINT('Ctrl Pts',(-2.92499999999998,12.3578775365535,37.3912969570967));
#7689=CARTESIAN_POINT('Ctrl Pts',(-2.92499999999998,12.1064531055631,37.0454917657597));
#7690=CARTESIAN_POINT('Ctrl Pts',(-2.92499999999998,11.7999378216496,36.4759845648128));
#7691=CARTESIAN_POINT('Ctrl Pts',(-2.92499999999998,11.6891622617136,36.2191269452472));
#7692=CARTESIAN_POINT('Ctrl Pts',(-2.92499999999998,11.5389086562628,35.6871078275389));
#7693=CARTESIAN_POINT('Ctrl Pts',(-2.92499999999998,11.5,35.4117856861362));
#7694=CARTESIAN_POINT('Ctrl Pts',(-2.92499999999998,11.5,35.1569082642607));
#7695=CARTESIAN_POINT('Origin',(-4.92499999999998,13.5,38.6210098793984));
#7696=CARTESIAN_POINT('Origin',(-10.4808449667156,13.5,33.2888023502203));
#7697=CARTESIAN_POINT('',(-28.3088609156365,13.5,31.3758086854141));
#7698=CARTESIAN_POINT('',(-27.8749999999992,11.5,29.4234345650462));
#7699=CARTESIAN_POINT('Origin',(-27.8749999999992,13.5,29.4234345650462));
#7700=CARTESIAN_POINT('',(-10.4808449667156,11.5,33.2888023502203));
#7701=CARTESIAN_POINT('',(-10.9147058823529,13.5,35.2411764705882));
#7702=CARTESIAN_POINT('Origin',(-27.8749999999992,13.625,29.4234345650462));
#7703=CARTESIAN_POINT('',(-29.8749999999992,13.5,29.4234345650462));
#7704=CARTESIAN_POINT('Origin',(-27.8749999999992,13.5,29.4234345650462));
#7705=CARTESIAN_POINT('',(-28.3088609156365,29.5,31.3758086854141));
#7706=CARTESIAN_POINT('',(-28.3088609156365,13.625,31.3758086854141));
#7707=CARTESIAN_POINT('',(-29.8749999999992,29.5,29.4234345650462));
#7708=CARTESIAN_POINT('Origin',(-27.8749999999992,29.5,29.4234345650462));
#7709=CARTESIAN_POINT('',(-29.8749999999992,13.625,29.4234345650462));
#7710=CARTESIAN_POINT('Origin',(-27.8749999999992,29.5,29.4234345650462));
#7711=CARTESIAN_POINT('',(-27.8749999999992,31.5,29.4234345650462));
#7712=CARTESIAN_POINT('Origin',(-27.8749999999992,29.5,29.4234345650462));
#7713=CARTESIAN_POINT('Origin',(-27.8749999999992,29.5,29.4234345650462));
#7714=CARTESIAN_POINT('Origin',(-27.8749999999992,13.5,29.4234345650462));
#7715=CARTESIAN_POINT('Origin',(-27.8749999999992,13.5,29.4234345650462));
#7716=CARTESIAN_POINT('Origin',(-2.99999999999998,11.5,26.));
#7717=CARTESIAN_POINT('',(-27.8749999999992,11.5,18.));
#7718=CARTESIAN_POINT('',(-27.8749999999992,11.5,24.75));
#7719=CARTESIAN_POINT('',(-26.1249999999992,11.5,18.));
#7720=CARTESIAN_POINT('',(-14.4999999999996,11.5,18.));
#7721=CARTESIAN_POINT('',(-26.1249999999992,11.5,26.125));
#7722=CARTESIAN_POINT('',(-26.1249999999992,11.5,24.75));
#7723=CARTESIAN_POINT('',(-2.92499999999997,11.5,26.125));
#7724=CARTESIAN_POINT('',(-2.99999999999998,11.5,26.125));
#7725=CARTESIAN_POINT('',(-2.92499999999997,11.5,29.));
#7726=CARTESIAN_POINT('Origin',(-27.8749999999992,13.5,24.75));
#7727=CARTESIAN_POINT('',(-29.8749999999992,13.5,26.));
#7728=CARTESIAN_POINT('',(-29.8749999999992,13.5,24.75));
#7729=CARTESIAN_POINT('',(-27.9999999999992,11.5039100721661,26.));
#7730=CARTESIAN_POINT('Origin',(-27.8749999999992,13.5,26.));
#7731=CARTESIAN_POINT('',(-27.9999999999992,11.5039100721661,22.));
#7732=CARTESIAN_POINT('',(-27.9999999999992,11.5039100721661,24.75));
#7733=CARTESIAN_POINT('',(-29.8749999999992,13.5,22.));
#7734=CARTESIAN_POINT('Origin',(-27.8749999999992,13.5,22.));
#7735=CARTESIAN_POINT('',(-29.8749999999992,13.5,18.));
#7736=CARTESIAN_POINT('',(-29.8749999999992,13.5,24.75));
#7737=CARTESIAN_POINT('Origin',(-27.8749999999992,13.5,18.));
#7738=CARTESIAN_POINT('Origin',(-29.8749999999992,21.5,23.5));
#7739=CARTESIAN_POINT('',(-29.8749999999992,29.49999996138,26.));
#7740=CARTESIAN_POINT('',(-29.8749999999992,29.5,27.25));
#7741=CARTESIAN_POINT('',(-29.8749999999992,29.5,22.));
#7742=CARTESIAN_POINT('Origin',(-29.8749999999992,29.5,24.));
#7743=CARTESIAN_POINT('',(-29.8749999999992,29.5,18.));
#7744=CARTESIAN_POINT('',(-29.8749999999992,29.5,27.25));
#7745=CARTESIAN_POINT('',(-29.8749999999992,26.5,18.));
#7746=CARTESIAN_POINT('Origin',(-29.8749999999992,13.5,24.));
#7747=CARTESIAN_POINT('Origin',(-14.4999999999996,29.5,18.));
#7748=CARTESIAN_POINT('',(-26.1249999999992,31.5,18.));
#7749=CARTESIAN_POINT('',(-26.1249999999992,29.5,16.));
#7750=CARTESIAN_POINT('Origin',(-26.1249999999992,29.5,18.));
#7751=CARTESIAN_POINT('',(-27.8749999999992,29.5,16.));
#7752=CARTESIAN_POINT('',(-14.4999999999996,29.5,16.));
#7753=CARTESIAN_POINT('',(-27.8749999999992,31.5,18.));
#7754=CARTESIAN_POINT('Origin',(-27.8749999999992,29.5,18.));
#7755=CARTESIAN_POINT('',(-14.4999999999996,31.5,18.));
#7756=CARTESIAN_POINT('Origin',(-27.8749999999992,13.5,18.));
#7757=CARTESIAN_POINT('',(-27.8749999999992,13.5,16.));
#7758=CARTESIAN_POINT('Origin',(-27.8749999999992,13.5,18.));
#7759=CARTESIAN_POINT('Origin',(-27.8749999999992,13.5,18.));
#7760=CARTESIAN_POINT('Origin',(-14.4999999999996,13.5,18.));
#7761=CARTESIAN_POINT('',(-26.1249999999992,13.5,16.));
#7762=CARTESIAN_POINT('Origin',(-26.1249999999992,13.5,18.));
#7763=CARTESIAN_POINT('',(-14.4999999999996,13.5,16.));
#7764=CARTESIAN_POINT('Origin',(-27.8749999999992,26.5,18.));
#7765=CARTESIAN_POINT('Origin',(-27.8749999999992,29.5,18.));
#7766=CARTESIAN_POINT('',(-27.8749999999992,26.5,16.));
#7767=CARTESIAN_POINT('Origin',(-27.8749999999992,29.5,18.));
#7768=CARTESIAN_POINT('Origin',(-27.8749999999992,29.5,18.));
#7769=CARTESIAN_POINT('Origin',(-25.9999999999992,31.5,16.));
#7770=CARTESIAN_POINT('',(-26.1249999999992,26.5,16.));
#7771=CARTESIAN_POINT('Origin',(-2.99999999999998,31.5,31.));
#7772=CARTESIAN_POINT('',(-27.8749999999992,31.5,27.25));
#7773=CARTESIAN_POINT('',(-4.92499999999998,31.5,34.523434565046));
#7774=CARTESIAN_POINT('',(-9.95143320200973,31.5,33.4064494090439));
#7775=CARTESIAN_POINT('',(-4.92499999999997,31.5,26.125));
#7776=CARTESIAN_POINT('',(-4.92499999999998,31.5,31.5));
#7777=CARTESIAN_POINT('',(-26.1249999999992,31.5,26.125));
#7778=CARTESIAN_POINT('',(-2.99999999999998,31.5,26.125));
#7779=CARTESIAN_POINT('',(-26.1249999999992,31.5,27.25));
#7780=CARTESIAN_POINT('Origin',(-27.8749999999992,29.5,27.25));
#7781=CARTESIAN_POINT('',(-27.9999999999992,31.4960899278339,22.0000000000009));
#7782=CARTESIAN_POINT('Origin',(-27.8749999999992,29.5,22.0000000000009));
#7783=CARTESIAN_POINT('',(-27.9999999999992,31.4960899278339,26.));
#7784=CARTESIAN_POINT('',(-27.9999999999992,31.4960899278339,27.25));
#7785=CARTESIAN_POINT('Origin',(-27.8749999999992,29.5,26.));
#7786=CARTESIAN_POINT('Origin',(-27.9999999999992,13.5,22.));
#7787=CARTESIAN_POINT('',(-27.9999999999992,13.5,22.));
#7788=CARTESIAN_POINT('',(-27.9999999999992,17.5,22.));
#7789=CARTESIAN_POINT('',(-27.9999999999992,13.5,22.));
#7790=CARTESIAN_POINT('Ctrl Pts',(-2.92499999999998,33.5,34.523434565046));
#7791=CARTESIAN_POINT('Ctrl Pts',(-2.92499999999998,33.5,35.4429283154103));
#7792=CARTESIAN_POINT('Ctrl Pts',(-2.92499999999998,32.7689634025129,37.5921288980597));
#7793=CARTESIAN_POINT('Ctrl Pts',(-2.92499999999998,30.6967972013675,38.6210098793984));
#7794=CARTESIAN_POINT('Ctrl Pts',(-2.92499999999998,29.5,38.6210098793984));
#7795=CARTESIAN_POINT('Ctrl Pts',(-2.92499999999998,32.9016013993162,34.523434565046));
#7796=CARTESIAN_POINT('Ctrl Pts',(-2.92577593453162,32.9205590033188,35.3112604791834));
#7797=CARTESIAN_POINT('Ctrl Pts',(-2.92579914144309,32.334494837124,37.18662086728));
#7798=CARTESIAN_POINT('Ctrl Pts',(-2.92499999999998,30.538534060843,38.1059137342857));
#7799=CARTESIAN_POINT('Ctrl Pts',(-2.92499999999998,29.5,38.1059137342857));
#7800=CARTESIAN_POINT('Ctrl Pts',(-3.42693935426708,31.8654512969838,34.523434565046));
#7801=CARTESIAN_POINT('Ctrl Pts',(-3.39375603625565,31.9145766897858,35.085113582411));
#7802=CARTESIAN_POINT('Ctrl Pts',(-3.32171616870801,31.5772904194584,36.4837362153288));
#7803=CARTESIAN_POINT('Ctrl Pts',(-3.29105210888077,30.2644061751056,37.2097238357264));
#7804=CARTESIAN_POINT('Ctrl Pts',(-3.29105210888077,29.5,37.2097238357264));
#7805=CARTESIAN_POINT('Ctrl Pts',(-4.47620104948715,31.5,34.523434565046));
#7806=CARTESIAN_POINT('Ctrl Pts',(-4.39252770174564,31.5220393951552,35.004480082812));
#7807=CARTESIAN_POINT('Ctrl Pts',(-4.20184380091036,31.199902605264,36.1683380625386));
#7808=CARTESIAN_POINT('Ctrl Pts',(-4.1140164406554,30.1238338032154,36.7524407909655));
#7809=CARTESIAN_POINT('Ctrl Pts',(-4.1140164406554,29.5,36.7524407909655));
#7810=CARTESIAN_POINT('Ctrl Pts',(-4.92499999999998,31.5,34.523434565046));
#7811=CARTESIAN_POINT('Ctrl Pts',(-4.8276418381967,31.5,35.0048165872956));
#7812=CARTESIAN_POINT('Ctrl Pts',(-4.60007942356325,31.1344817012565,36.1299863040944));
#7813=CARTESIAN_POINT('Ctrl Pts',(-4.49113908436267,30.0983986006838,36.6686357590305));
#7814=CARTESIAN_POINT('Ctrl Pts',(-4.49113908436267,29.5,36.6686357590305));
#7815=CARTESIAN_POINT('',(-2.92499999999998,29.5,38.6210098793984));
#7816=CARTESIAN_POINT('',(-2.92499999999998,33.5,34.523434565046));
#7817=CARTESIAN_POINT('Origin',(-2.92499999999998,29.5,34.523434565046));
#7818=CARTESIAN_POINT('Origin',(-4.92499999999998,33.5,34.523434565046));
#7819=CARTESIAN_POINT('',(-4.49113908436267,29.5,36.6686357590305));
#7820=CARTESIAN_POINT('Origin',(-4.92499999999998,29.5,34.523434565046));
#7821=CARTESIAN_POINT('Origin',(-4.92499999999998,29.5,38.6210098793984));
#7822=CARTESIAN_POINT('Origin',(-4.92499999999998,33.5,31.5));
#7823=CARTESIAN_POINT('',(-2.92499999999997,33.5,26.125));
#7824=CARTESIAN_POINT('Origin',(-4.92499999999997,33.5,26.125));
#7825=CARTESIAN_POINT('',(-2.92499999999998,33.5,31.5));
#7826=CARTESIAN_POINT('Origin',(-9.95143320200973,29.5,33.4064494090439));
#7827=CARTESIAN_POINT('',(-10.385294117647,29.5,35.3588235294118));
#7828=CARTESIAN_POINT('Origin',(-4.92499999999998,2.875,38.6210098793984));
#7829=CARTESIAN_POINT('',(-2.92499999999998,2.875,38.6210098793984));
#7830=CARTESIAN_POINT('',(-4.49113908436267,2.875,36.6686357590305));
#7831=CARTESIAN_POINT('Origin',(-2.92499999999998,0.,32.));
#7832=CARTESIAN_POINT('',(-2.92499999999999,-40.0750000000001,47.));
#7833=CARTESIAN_POINT('',(-2.92499999999999,-40.0750000000001,40.));
#7834=CARTESIAN_POINT('Origin',(-2.92499999999999,-43.075,47.));
#7835=CARTESIAN_POINT('Origin',(-2.92499999999999,43.0750000000001,47.));
#7836=CARTESIAN_POINT('',(-2.92499999999996,24.5,19.25));
#7837=CARTESIAN_POINT('Origin',(-2.92499999999998,22.75,19.25));
#7838=CARTESIAN_POINT('',(-2.92499999999996,24.5,20.25));
#7839=CARTESIAN_POINT('',(-2.92499999999997,24.5,27.));
#7840=CARTESIAN_POINT('',(-2.92499999999997,22.75,22.));
#7841=CARTESIAN_POINT('Origin',(-2.92499999999998,22.75,20.25));
#7842=CARTESIAN_POINT('',(-2.92499999999997,-22.75,22.));
#7843=CARTESIAN_POINT('',(-2.92499999999997,-12.25,22.));
#7844=CARTESIAN_POINT('',(-2.92499999999996,-24.5,20.25));
#7845=CARTESIAN_POINT('Origin',(-2.92499999999998,-22.75,20.25));
#7846=CARTESIAN_POINT('',(-2.92499999999996,-24.5,19.25));
#7847=CARTESIAN_POINT('',(-2.92499999999997,-24.5,27.));
#7848=CARTESIAN_POINT('Origin',(-2.92499999999998,-22.75,19.25));
#7849=CARTESIAN_POINT('',(-2.92499999999997,15.75,26.125));
#7850=CARTESIAN_POINT('',(-2.92499999999998,9.1,32.));
#7851=CARTESIAN_POINT('Origin',(-2.92499999999998,0.,32.));
#7852=CARTESIAN_POINT('',(-2.92499999999998,-21.35,24.));
#7853=CARTESIAN_POINT('Origin',(-2.92499999999998,-22.5,24.));
#7854=CARTESIAN_POINT('',(-2.92499999999998,8.65,24.));
#7855=CARTESIAN_POINT('Origin',(-2.92499999999998,7.5,24.));
#7856=CARTESIAN_POINT('',(-2.92499999999999,-24.5,44.75));
#7857=CARTESIAN_POINT('',(-2.92499999999999,-24.5,43.75));
#7858=CARTESIAN_POINT('',(-2.92499999999998,-24.5,37.));
#7859=CARTESIAN_POINT('',(-2.92499999999999,-22.75,42.));
#7860=CARTESIAN_POINT('Origin',(-2.92499999999998,-22.75,43.75));
#7861=CARTESIAN_POINT('',(-2.92499999999999,22.75,42.));
#7862=CARTESIAN_POINT('',(-2.92499999999999,-12.25,42.));
#7863=CARTESIAN_POINT('',(-2.92499999999999,24.5,43.75));
#7864=CARTESIAN_POINT('Origin',(-2.92499999999998,22.75,43.75));
#7865=CARTESIAN_POINT('',(-2.92499999999999,24.5,44.75));
#7866=CARTESIAN_POINT('',(-2.92499999999998,24.5,37.));
#7867=CARTESIAN_POINT('',(-2.92499999999999,22.75,46.5));
#7868=CARTESIAN_POINT('Origin',(-2.92499999999998,22.75,44.75));
#7869=CARTESIAN_POINT('',(-2.92499999999999,-22.75,46.5));
#7870=CARTESIAN_POINT('',(-2.92499999999999,12.25,46.5));
#7871=CARTESIAN_POINT('Origin',(-2.92499999999998,-22.75,44.75));
#7872=CARTESIAN_POINT('',(-2.92499999999998,8.65,40.));
#7873=CARTESIAN_POINT('Origin',(-2.92499999999998,7.5,40.));
#7874=CARTESIAN_POINT('',(-2.92499999999998,-21.35,40.));
#7875=CARTESIAN_POINT('Origin',(-2.92499999999998,-22.5,40.));
#7876=CARTESIAN_POINT('',(-2.92499999999998,30.75,24.));
#7877=CARTESIAN_POINT('Origin',(-2.92499999999998,29.5,24.));
#7878=CARTESIAN_POINT('',(-2.92499999999998,14.75,24.));
#7879=CARTESIAN_POINT('Origin',(-2.92499999999998,13.5,24.));
#7880=CARTESIAN_POINT('Origin',(-16.5,5.75000000000001,34.));
#7881=CARTESIAN_POINT('Origin',(-27.9999999999992,29.49999996138,26.));
#7882=CARTESIAN_POINT('',(-27.9999999999992,29.49999996138,26.));
#7883=CARTESIAN_POINT('',(-27.9999999999992,25.49999998069,26.));
#7884=CARTESIAN_POINT('',(-27.9999999999992,29.49999996138,26.));
#7885=CARTESIAN_POINT('Origin',(-4.92499999999998,43.0750000000001,47.));
#7886=CARTESIAN_POINT('Origin',(-4.92499999999998,43.0750000000001,47.));
#7887=CARTESIAN_POINT('Origin',(-4.92499999999999,-40.0750000000001,40.));
#7888=CARTESIAN_POINT('',(-4.92499999999999,-42.075,47.));
#7889=CARTESIAN_POINT('',(-4.92499999999998,-42.075,40.));
#7890=CARTESIAN_POINT('Origin',(-4.92499999999999,-40.0750000000001,47.));
#7891=CARTESIAN_POINT('Origin',(-4.92499999999988,-43.075,47.));
#7892=CARTESIAN_POINT('Origin',(-4.92499999999988,-43.075,47.));
#7893=CARTESIAN_POINT('Origin',(-7.00000000000017,-43.0750000000001,47.));
#7894=CARTESIAN_POINT('',(-9.37040584539844,-42.0750000000001,47.));
#7895=CARTESIAN_POINT('',(-7.00000000000017,-42.0750000000001,47.));
#7896=CARTESIAN_POINT('Origin',(-8.40472042044911,-43.0750000000001,47.));
#7897=CARTESIAN_POINT('Origin',(-11.0000000000005,-42.0750000000001,48.));
#7898=CARTESIAN_POINT('',(-3.22499999999999,-42.075,-15.));
#7899=CARTESIAN_POINT('',(-3.22499999999999,-42.075,48.));
#7900=CARTESIAN_POINT('',(-9.37040584539844,-42.0750000000001,-15.));
#7901=CARTESIAN_POINT('',(-15.5,-42.0750000000001,-15.));
#7902=CARTESIAN_POINT('',(-9.37040584539845,-42.0750000000001,48.));
#7903=CARTESIAN_POINT('Ctrl Pts',(-31.5952795795503,43.075,48.));
#7904=CARTESIAN_POINT('Ctrl Pts',(-31.3063471760551,42.7758006996581,48.));
#7905=CARTESIAN_POINT('Ctrl Pts',(-30.8777501850856,42.3319739835284,47.7850781342049));
#7906=CARTESIAN_POINT('Ctrl Pts',(-30.6542131427816,42.1004937969907,47.2983046486883));
#7907=CARTESIAN_POINT('Ctrl Pts',(-30.629594154601,42.075,47.0747998250855));
#7908=CARTESIAN_POINT('Ctrl Pts',(-30.629594154601,42.075,47.));
#7909=CARTESIAN_POINT('Ctrl Pts',(-31.5952795795503,43.075,48.));
#7910=CARTESIAN_POINT('Ctrl Pts',(-31.2942576986724,42.8049872799175,48.));
#7911=CARTESIAN_POINT('Ctrl Pts',(-30.8552853787739,42.4049981431215,47.8350704781097));
#7912=CARTESIAN_POINT('Ctrl Pts',(-30.5552775510821,42.122062783172,47.3879405644155));
#7913=CARTESIAN_POINT('Ctrl Pts',(-30.4949544694472,42.075,47.0991324646936));
#7914=CARTESIAN_POINT('Ctrl Pts',(-30.4949544694472,42.075,47.));
#7915=CARTESIAN_POINT('Ctrl Pts',(-31.5952795795503,43.075,48.));
#7916=CARTESIAN_POINT('Ctrl Pts',(-31.2700787439069,42.8633604404364,48.));
#7917=CARTESIAN_POINT('Ctrl Pts',(-30.8104101407208,42.5562167695679,47.9035408681035));
#7918=CARTESIAN_POINT('Ctrl Pts',(-30.3576196213324,42.2448581454096,47.5377328430414));
#7919=CARTESIAN_POINT('Ctrl Pts',(-30.2260432412426,42.1691450720666,47.1406154226317));
#7920=CARTESIAN_POINT('Ctrl Pts',(-30.2260432412426,42.1691450720666,47.));
#7921=CARTESIAN_POINT('Ctrl Pts',(-31.5952795795503,43.075,48.));
#7922=CARTESIAN_POINT('Ctrl Pts',(-31.2338103117587,42.9509201812147,48.));
#7923=CARTESIAN_POINT('Ctrl Pts',(-30.7250882352076,42.7793900513917,47.9232524254641));
#7924=CARTESIAN_POINT('Ctrl Pts',(-30.1656157558798,42.5923995347626,47.5877791179132));
#7925=CARTESIAN_POINT('Ctrl Pts',(-29.9984431595345,42.5311771477728,47.1546696285681));
#7926=CARTESIAN_POINT('Ctrl Pts',(-29.9984431595345,42.5311771477728,47.));
#7927=CARTESIAN_POINT('Ctrl Pts',(-31.5952795795503,43.075,48.));
#7928=CARTESIAN_POINT('Ctrl Pts',(-31.2035866183018,43.0238866318632,48.));
#7929=CARTESIAN_POINT('Ctrl Pts',(-30.6355882920389,42.9565788111693,47.8732112666748));
#7930=CARTESIAN_POINT('Ctrl Pts',(-30.1516815860841,42.907817871696,47.4671675723629));
#7931=CARTESIAN_POINT('Ctrl Pts',(-30.0385211310496,42.8849171365757,47.1209598654194));
#7932=CARTESIAN_POINT('Ctrl Pts',(-30.0385211310496,42.8849171365757,47.));
#7933=CARTESIAN_POINT('Ctrl Pts',(-31.5952795795503,43.075,48.));
#7934=CARTESIAN_POINT('Ctrl Pts',(-31.1854524022277,43.0676665022523,48.));
#7935=CARTESIAN_POINT('Ctrl Pts',(-30.5800859093743,43.0595804155751,47.8100818021041));
#7936=CARTESIAN_POINT('Ctrl Pts',(-30.2133682227641,43.0560791786055,47.3429882198038));
#7937=CARTESIAN_POINT('Ctrl Pts',(-30.1577277686946,43.0516617515174,47.0869275236026));
#7938=CARTESIAN_POINT('Ctrl Pts',(-30.1577277686946,43.0516617515174,47.));
#7939=CARTESIAN_POINT('Ctrl Pts',(-31.5952795795503,43.075,48.));
#7940=CARTESIAN_POINT('Ctrl Pts',(-31.1794076635363,43.082259792382,48.));
#7941=CARTESIAN_POINT('Ctrl Pts',(-30.5625109441786,43.0930288343184,47.7850781342049));
#7942=CARTESIAN_POINT('Ctrl Pts',(-30.2407651761079,43.09864548547,47.2983046486883));
#7943=CARTESIAN_POINT('Ctrl Pts',(-30.2053300858891,43.0992640687119,47.0747998250855));
#7944=CARTESIAN_POINT('Ctrl Pts',(-30.2053300858891,43.0992640687119,47.));
#7945=CARTESIAN_POINT('',(-30.629594154601,42.075,47.));
#7946=CARTESIAN_POINT('',(-30.2053300858891,43.0992640687119,47.));
#7947=CARTESIAN_POINT('Origin',(-30.629594154601,42.675,47.));
#7948=CARTESIAN_POINT('Origin',(-31.5952795795503,43.075,47.));
#7949=CARTESIAN_POINT('Origin',(-31.5952795795503,43.075,47.));
#7950=CARTESIAN_POINT('Ctrl Pts',(-8.40472042044912,43.0750000000001,48.));
#7951=CARTESIAN_POINT('Ctrl Pts',(-8.71662435745961,43.0804448442866,48.));
#7952=CARTESIAN_POINT('Ctrl Pts',(-9.23470060769158,43.0894887971719,47.8689337560744));
#7953=CARTESIAN_POINT('Ctrl Pts',(-9.63313503117764,43.0964441867546,47.5084149287065));
#7954=CARTESIAN_POINT('Ctrl Pts',(-9.77115465192001,43.0988535675102,47.2243786053533));
#7955=CARTESIAN_POINT('Ctrl Pts',(-9.79466991411035,43.099264068712,47.0747998250855));
#7956=CARTESIAN_POINT('Ctrl Pts',(-9.79466991411035,43.099264068712,47.));
#7957=CARTESIAN_POINT('Ctrl Pts',(-8.40472042044912,43.0750000000001,48.));
#7958=CARTESIAN_POINT('Ctrl Pts',(-8.70755724942256,43.058554909092,48.));
#7959=CARTESIAN_POINT('Ctrl Pts',(-9.2101075737466,43.0318560766527,47.8961428225202));
#7960=CARTESIAN_POINT('Ctrl Pts',(-9.64454484237654,43.0198300932433,47.587724690314));
#7961=CARTESIAN_POINT('Ctrl Pts',(-9.84275012461684,43.0094188787732,47.2933938275943));
#7962=CARTESIAN_POINT('Ctrl Pts',(-9.88987454849947,43.0040594343229,47.0991324646936));
#7963=CARTESIAN_POINT('Ctrl Pts',(-9.88987454849947,43.0040594343229,47.));
#7964=CARTESIAN_POINT('Ctrl Pts',(-8.40472042044912,43.0750000000001,48.));
#7965=CARTESIAN_POINT('Ctrl Pts',(-8.68942303334844,43.0147750387029,48.));
#7966=CARTESIAN_POINT('Ctrl Pts',(-9.16028617058002,42.9160288624132,47.9329935004629));
#7967=CARTESIAN_POINT('Ctrl Pts',(-9.63316318197536,42.8325766746897,47.7127772685205));
#7968=CARTESIAN_POINT('Ctrl Pts',(-9.92556313605046,42.7705587750824,47.4102546203466));
#7969=CARTESIAN_POINT('Ctrl Pts',(-10.0134556375091,42.7473460472009,47.1406154226317));
#7970=CARTESIAN_POINT('Ctrl Pts',(-10.0134556375091,42.7473460472009,47.));
#7971=CARTESIAN_POINT('Ctrl Pts',(-8.40472042044911,43.0750000000001,48.));
#7972=CARTESIAN_POINT('Ctrl Pts',(-8.66222170923727,42.9491052331192,48.));
#7973=CARTESIAN_POINT('Ctrl Pts',(-9.08691637852022,42.740954401505,47.9435363680584));
#7974=CARTESIAN_POINT('Ctrl Pts',(-9.52441531338083,42.520188414511,47.752958950131));
#7975=CARTESIAN_POINT('Ctrl Pts',(-9.82233340306759,42.375171810101,47.4496396753886));
#7976=CARTESIAN_POINT('Ctrl Pts',(-9.91839737596602,42.3304109037637,47.1546696285681));
#7977=CARTESIAN_POINT('Ctrl Pts',(-9.91839737596602,42.3304109037637,47.));
#7978=CARTESIAN_POINT('Ctrl Pts',(-8.40472042044912,43.0750000000001,48.));
#7979=CARTESIAN_POINT('Ctrl Pts',(-8.63955393914463,42.8943803951328,48.));
#7980=CARTESIAN_POINT('Ctrl Pts',(-9.02804916625191,42.5944830306177,47.9167139790021));
#7981=CARTESIAN_POINT('Ctrl Pts',(-9.38261472663827,42.3010838135537,47.654834863861));
#7982=CARTESIAN_POINT('Ctrl Pts',(-9.58193722972567,42.1477244331651,47.3549953551476));
#7983=CARTESIAN_POINT('Ctrl Pts',(-9.6399249287268,42.1086170707636,47.1209598654194));
#7984=CARTESIAN_POINT('Ctrl Pts',(-9.6399249287268,42.1086170707636,47.));
#7985=CARTESIAN_POINT('Ctrl Pts',(-8.40472042044912,43.0750000000001,48.));
#7986=CARTESIAN_POINT('Ctrl Pts',(-8.62595327708905,42.8615454923409,48.));
#7987=CARTESIAN_POINT('Ctrl Pts',(-8.99303586495056,42.5067027951664,47.8825681980871));
#7988=CARTESIAN_POINT('Ctrl Pts',(-9.28929749514762,42.2140373456497,47.5479837837019));
#7989=CARTESIAN_POINT('Ctrl Pts',(-9.4110038927724,42.0982167998614,47.2587912299634));
#7990=CARTESIAN_POINT('Ctrl Pts',(-9.43772568797538,42.075,47.0869275236026));
#7991=CARTESIAN_POINT('Ctrl Pts',(-9.43772568797538,42.075,47.));
#7992=CARTESIAN_POINT('Ctrl Pts',(-8.40472042044912,43.0750000000001,48.));
#7993=CARTESIAN_POINT('Ctrl Pts',(-8.62141972307052,42.8506005247436,48.));
#7994=CARTESIAN_POINT('Ctrl Pts',(-8.98135991236732,42.477870254619,47.8689337560744));
#7995=CARTESIAN_POINT('Ctrl Pts',(-9.25817739193277,42.1912163687742,47.5084149287065));
#7996=CARTESIAN_POINT('Ctrl Pts',(-9.35406831222576,42.0919180695397,47.2243786053533));
#7997=CARTESIAN_POINT('Ctrl Pts',(-9.37040584539845,42.075,47.0747998250855));
#7998=CARTESIAN_POINT('Ctrl Pts',(-9.37040584539845,42.075,47.));
#7999=CARTESIAN_POINT('',(-9.79466991411035,43.099264068712,47.));
#8000=CARTESIAN_POINT('',(-9.37040584539845,42.0750000000001,47.));
#8001=CARTESIAN_POINT('Origin',(-9.37040584539845,42.6750000000001,47.));
#8002=CARTESIAN_POINT('Origin',(-8.40472042044911,43.0750000000001,47.));
#8003=CARTESIAN_POINT('Origin',(-8.40472042044911,43.0750000000001,47.));
#8004=CARTESIAN_POINT('Origin',(-2.99999999999996,43.0750000000001,47.));
#8005=CARTESIAN_POINT('',(-2.99999999999996,42.0750000000001,47.));
#8006=CARTESIAN_POINT('Origin',(-18.7398602102246,32.7398602102261,47.));
#8007=CARTESIAN_POINT('',(-7.84319805153404,45.050735931288,47.));
#8008=CARTESIAN_POINT('Origin',(-7.13609127034754,44.3436291501014,47.));
#8009=CARTESIAN_POINT('',(-19.4469669914111,33.4469669914127,47.));
#8010=CARTESIAN_POINT('Origin',(-8.26746212024593,45.475,47.));
#8011=CARTESIAN_POINT('',(-8.26746212024593,46.075,47.));
#8012=CARTESIAN_POINT('Origin',(-8.26746212024593,47.075,47.));
#8013=CARTESIAN_POINT('Origin',(-8.26746212024593,45.475,47.));
#8014=CARTESIAN_POINT('Origin',(-4.99999999999994,47.075,47.));
#8015=CARTESIAN_POINT('',(-31.7325378797534,46.075,47.));
#8016=CARTESIAN_POINT('Origin',(-31.7325378797534,47.075,47.));
#8017=CARTESIAN_POINT('',(-4.99999999999994,46.075,47.));
#8018=CARTESIAN_POINT('Origin',(-31.7325378797534,45.475,47.));
#8019=CARTESIAN_POINT('',(-32.1568019484653,45.0507359312881,47.));
#8020=CARTESIAN_POINT('Origin',(-32.8639087296519,44.3436291501015,47.));
#8021=CARTESIAN_POINT('Origin',(-31.7325378797534,45.475,47.));
#8022=CARTESIAN_POINT('Origin',(-14.760139789775,26.2398602102247,47.));
#8023=CARTESIAN_POINT('',(-14.0530330085884,26.9469669914112,47.));
#8024=CARTESIAN_POINT('Origin',(-15.9999999999997,43.075,47.));
#8025=CARTESIAN_POINT('',(-15.9999999999997,42.075,47.));
#8026=CARTESIAN_POINT('Origin',(-2.99999999999994,42.0750000000001,48.));
#8027=CARTESIAN_POINT('',(-9.37040584539846,42.0750000000001,-15.));
#8028=CARTESIAN_POINT('',(-9.37040584539845,42.0750000000001,48.));
#8029=CARTESIAN_POINT('',(-11.4999999999997,42.0750000000001,-15.));
#8030=CARTESIAN_POINT('Origin',(-9.37040584539845,42.6750000000001,48.));
#8031=CARTESIAN_POINT('',(-9.79466991411035,43.099264068712,-15.));
#8032=CARTESIAN_POINT('',(-9.79466991411035,43.099264068712,48.));
#8033=CARTESIAN_POINT('Origin',(-9.37040584539846,42.6750000000001,-15.));
#8034=CARTESIAN_POINT('Origin',(-10.9469669914115,41.9469669914111,48.));
#8035=CARTESIAN_POINT('',(-7.84319805153404,45.050735931288,-15.));
#8036=CARTESIAN_POINT('',(-7.84319805153404,45.050735931288,48.));
#8037=CARTESIAN_POINT('',(-23.6969669914116,29.1969669914128,-15.));
#8038=CARTESIAN_POINT('Origin',(-8.26746212024593,45.475,48.));
#8039=CARTESIAN_POINT('',(-8.26746212024593,46.075,-15.));
#8040=CARTESIAN_POINT('',(-8.26746212024593,46.075,48.));
#8041=CARTESIAN_POINT('Origin',(-8.26746212024593,45.475,-15.));
#8042=CARTESIAN_POINT('Origin',(-6.99999999999993,46.075,48.));
#8043=CARTESIAN_POINT('',(-31.7325378797534,46.075,-15.));
#8044=CARTESIAN_POINT('',(-31.7325378797534,46.075,48.));
#8045=CARTESIAN_POINT('',(-13.4999999999997,46.075,-15.));
#8046=CARTESIAN_POINT('Origin',(-31.7325378797534,45.475,48.));
#8047=CARTESIAN_POINT('',(-32.1568019484653,45.0507359312881,-15.));
#8048=CARTESIAN_POINT('',(-32.1568019484653,45.0507359312881,48.));
#8049=CARTESIAN_POINT('Origin',(-31.7325378797534,45.475,-15.));
#8050=CARTESIAN_POINT('Origin',(-33.0530330085883,45.946966991411,48.));
#8051=CARTESIAN_POINT('',(-30.2053300858891,43.0992640687119,-15.0000000000001));
#8052=CARTESIAN_POINT('',(-30.2053300858891,43.0992640687119,48.));
#8053=CARTESIAN_POINT('',(-18.3030330085883,31.1969669914111,-15.));
#8054=CARTESIAN_POINT('Origin',(-30.629594154601,42.675,48.));
#8055=CARTESIAN_POINT('',(-30.6295941546011,42.075,-15.));
#8056=CARTESIAN_POINT('',(-30.629594154601,42.075,48.));
#8057=CARTESIAN_POINT('Origin',(-30.6295941546011,42.675,-15.));
#8058=CARTESIAN_POINT('Origin',(-28.9999999999992,42.075,48.));
#8059=CARTESIAN_POINT('',(-24.4999999999994,42.075,-15.));
#8060=CARTESIAN_POINT('Ctrl Pts',(-8.40472042044912,43.0750000000001,-16.));
#8061=CARTESIAN_POINT('Ctrl Pts',(-8.62141972307052,42.8506005247436,-16.));
#8062=CARTESIAN_POINT('Ctrl Pts',(-8.9813725229974,42.477857195884,-15.8689773170477));
#8063=CARTESIAN_POINT('Ctrl Pts',(-9.25818146715281,42.1912121487456,-15.5084246088419));
#8064=CARTESIAN_POINT('Ctrl Pts',(-9.35407186085458,42.0919143948142,-15.2243892241486));
#8065=CARTESIAN_POINT('Ctrl Pts',(-9.37040584539846,42.0750000000001,-15.0747998250855));
#8066=CARTESIAN_POINT('Ctrl Pts',(-9.37040584539846,42.0750000000001,-15.));
#8067=CARTESIAN_POINT('Ctrl Pts',(-8.40472042044912,43.0750000000001,-16.));
#8068=CARTESIAN_POINT('Ctrl Pts',(-8.63048683110758,42.8724904599382,-16.));
#8069=CARTESIAN_POINT('Ctrl Pts',(-9.00477018989265,42.5359600497729,-15.8961832439468));
#8070=CARTESIAN_POINT('Ctrl Pts',(-9.32044608217857,42.2372975919322,-15.5877329003937));
#8071=CARTESIAN_POINT('Ctrl Pts',(-9.46795596815454,42.1045120615744,-15.2934079990941));
#8072=CARTESIAN_POINT('Ctrl Pts',(-9.50504553055231,42.0750000000001,-15.0991324646936));
#8073=CARTESIAN_POINT('Ctrl Pts',(-9.50504553055231,42.0750000000001,-15.));
#8074=CARTESIAN_POINT('Ctrl Pts',(-8.40472042044913,43.0750000000001,-16.));
#8075=CARTESIAN_POINT('Ctrl Pts',(-8.6486210471817,42.9162703303274,-16.));
#8076=CARTESIAN_POINT('Ctrl Pts',(-9.05152191076008,42.6530799072363,-15.93307100248));
#8077=CARTESIAN_POINT('Ctrl Pts',(-9.44485267408165,42.3777359128531,-15.7128015832641));
#8078=CARTESIAN_POINT('Ctrl Pts',(-9.69544998953688,42.2148326842795,-15.4102957905009));
#8079=CARTESIAN_POINT('Ctrl Pts',(-9.77394860402481,42.1691239420345,-15.1406154226317));
#8080=CARTESIAN_POINT('Ctrl Pts',(-9.77394860402481,42.1691239420345,-15.));
#8081=CARTESIAN_POINT('Ctrl Pts',(-8.40472042044913,43.0750000000001,-16.));
#8082=CARTESIAN_POINT('Ctrl Pts',(-8.67582237129287,42.9819401359111,-16.));
#8083=CARTESIAN_POINT('Ctrl Pts',(-9.12347393486527,42.8287301486564,-15.9436275370356));
#8084=CARTESIAN_POINT('Ctrl Pts',(-9.58887082923706,42.6755112845397,-15.752984351242));
#8085=CARTESIAN_POINT('Ctrl Pts',(-9.90205671690301,42.5674020666229,-15.4496855282471));
#8086=CARTESIAN_POINT('Ctrl Pts',(-10.0015529957736,42.5311626131121,-15.1546696285681));
#8087=CARTESIAN_POINT('Ctrl Pts',(-10.0015529957736,42.5311626131121,-15.));
#8088=CARTESIAN_POINT('Ctrl Pts',(-8.40472042044913,43.0750000000001,-16.));
#8089=CARTESIAN_POINT('Ctrl Pts',(-8.69849014138552,43.0366649738975,-16.));
#8090=CARTESIAN_POINT('Ctrl Pts',(-9.18535955367916,42.9739911698122,-15.9167702858156));
#8091=CARTESIAN_POINT('Ctrl Pts',(-9.64349421617662,42.9307456488412,-15.6548507747603));
#8092=CARTESIAN_POINT('Ctrl Pts',(-9.89286832849253,42.8982470337079,-15.3550224474187));
#8093=CARTESIAN_POINT('Ctrl Pts',(-9.96147540612439,42.8849082599464,-15.1209598654194));
#8094=CARTESIAN_POINT('Ctrl Pts',(-9.96147540612438,42.8849082599464,-15.));
#8095=CARTESIAN_POINT('Ctrl Pts',(-8.40472042044913,43.0750000000001,-16.));
#8096=CARTESIAN_POINT('Ctrl Pts',(-8.71209080344111,43.0694998766894,-16.));
#8097=CARTESIAN_POINT('Ctrl Pts',(-9.22259106852143,43.0608237345789,-15.8826148902125));
#8098=CARTESIAN_POINT('Ctrl Pts',(-9.63901429808768,43.0582913189699,-15.5479979611053));
#8099=CARTESIAN_POINT('Ctrl Pts',(-9.80697065529185,43.0541323276839,-15.2588092450483));
#8100=CARTESIAN_POINT('Ctrl Pts',(-9.84227223130492,43.0516617515175,-15.0869275236026));
#8101=CARTESIAN_POINT('Ctrl Pts',(-9.84227223130491,43.0516617515175,-15.));
#8102=CARTESIAN_POINT('Ctrl Pts',(-8.40472042044913,43.0750000000001,-16.));
#8103=CARTESIAN_POINT('Ctrl Pts',(-8.71662435745964,43.0804448442866,-16.));
#8104=CARTESIAN_POINT('Ctrl Pts',(-9.23471875867374,43.08948911403,-15.8689773170477));
#8105=CARTESIAN_POINT('Ctrl Pts',(-9.63314089680416,43.0964442891497,-15.5084246088419));
#8106=CARTESIAN_POINT('Ctrl Pts',(-9.77115975960283,43.098853656674,-15.2243892241486));
#8107=CARTESIAN_POINT('Ctrl Pts',(-9.79466991411036,43.099264068712,-15.0747998250855));
#8108=CARTESIAN_POINT('Ctrl Pts',(-9.79466991411036,43.099264068712,-15.));
#8109=CARTESIAN_POINT('',(-8.40472042044912,43.075,-16.));
#8110=CARTESIAN_POINT('Origin',(-8.40472042044912,43.075,-15.));
#8111=CARTESIAN_POINT('Origin',(-8.40472042044912,43.0750000000001,-15.));
#8112=CARTESIAN_POINT('Ctrl Pts',(-31.5952795795503,43.075,-16.));
#8113=CARTESIAN_POINT('Ctrl Pts',(-31.2833756425398,43.0804448442865,-16.));
#8114=CARTESIAN_POINT('Ctrl Pts',(-30.7652949818974,43.0894888741635,-15.8689442833564));
#8115=CARTESIAN_POINT('Ctrl Pts',(-30.366863520909,43.0964442120304,-15.5084173759556));
#8116=CARTESIAN_POINT('Ctrl Pts',(-30.2288440917556,43.0988535894415,-15.2243812188403));
#8117=CARTESIAN_POINT('Ctrl Pts',(-30.2053300858891,43.0992640687119,-15.0747998250855));
#8118=CARTESIAN_POINT('Ctrl Pts',(-30.2053300858891,43.0992640687119,-15.));
#8119=CARTESIAN_POINT('Ctrl Pts',(-31.5952795795503,43.075,-16.));
#8120=CARTESIAN_POINT('Ctrl Pts',(-31.2924427505769,43.058554909092,-16.));
#8121=CARTESIAN_POINT('Ctrl Pts',(-30.7898750033865,43.0318568880551,-15.8961525955759));
#8122=CARTESIAN_POINT('Ctrl Pts',(-30.3554463166695,43.0198298995673,-15.58772679883));
#8123=CARTESIAN_POINT('Ctrl Pts',(-30.1572425876801,43.0094185739968,-15.2933972431476));
#8124=CARTESIAN_POINT('Ctrl Pts',(-30.1101254515,43.0040594343228,-15.0991324646936));
#8125=CARTESIAN_POINT('Ctrl Pts',(-30.1101254515,43.0040594343228,-15.));
#8126=CARTESIAN_POINT('Ctrl Pts',(-31.5952795795503,43.075,-16.));
#8127=CARTESIAN_POINT('Ctrl Pts',(-31.310576966651,43.0147750387028,-16.));
#8128=CARTESIAN_POINT('Ctrl Pts',(-30.8396805885657,42.916018077098,-15.9330123678746));
#8129=CARTESIAN_POINT('Ctrl Pts',(-30.3668170030625,42.8325716062939,-15.7127833453696));
#8130=CARTESIAN_POINT('Ctrl Pts',(-30.0744196783896,42.7705557619833,-15.4102644308889));
#8131=CARTESIAN_POINT('Ctrl Pts',(-29.9865428463093,42.7473494626067,-15.1406154226317));
#8132=CARTESIAN_POINT('Ctrl Pts',(-29.9865428463093,42.7473494626067,-15.));
#8133=CARTESIAN_POINT('Ctrl Pts',(-31.5952795795503,43.075,-16.));
#8134=CARTESIAN_POINT('Ctrl Pts',(-31.3377782907622,42.9491052331191,-16.));
#8135=CARTESIAN_POINT('Ctrl Pts',(-30.9130395170613,42.7409418972812,-15.9435585207187));
#8136=CARTESIAN_POINT('Ctrl Pts',(-30.4755588099168,42.5201816723145,-15.7529653468232));
#8137=CARTESIAN_POINT('Ctrl Pts',(-30.1776448859593,42.3751663827576,-15.4496506044221));
#8138=CARTESIAN_POINT('Ctrl Pts',(-30.0816013752875,42.3304130585254,-15.1546696285681));
#8139=CARTESIAN_POINT('Ctrl Pts',(-30.0816013752875,42.3304130585254,-15.));
#8140=CARTESIAN_POINT('Ctrl Pts',(-31.5952795795503,43.075,-16.));
#8141=CARTESIAN_POINT('Ctrl Pts',(-31.3604460608548,42.8943803951327,-16.));
#8142=CARTESIAN_POINT('Ctrl Pts',(-30.9719284808425,42.5944697406524,-15.9167276619516));
#8143=CARTESIAN_POINT('Ctrl Pts',(-30.6173721499948,42.3010775385849,-15.6548388640198));
#8144=CARTESIAN_POINT('Ctrl Pts',(-30.4180516513186,42.1477194149169,-15.3550018268833));
#8145=CARTESIAN_POINT('Ctrl Pts',(-30.3600744344004,42.1086185174742,-15.1209598654194));
#8146=CARTESIAN_POINT('Ctrl Pts',(-30.3600744344004,42.1086185174742,-15.));
#8147=CARTESIAN_POINT('Ctrl Pts',(-31.5952795795503,43.075,-16.));
#8148=CARTESIAN_POINT('Ctrl Pts',(-31.3740467229104,42.8615454923409,-16.));
#8149=CARTESIAN_POINT('Ctrl Pts',(-31.0069566289485,42.5067026590076,-15.8825795481737));
#8150=CARTESIAN_POINT('Ctrl Pts',(-30.7106987863544,42.2140373146535,-15.5479873158913));
#8151=CARTESIAN_POINT('Ctrl Pts',(-30.5889929831517,42.0982163885339,-15.2587955799466));
#8152=CARTESIAN_POINT('Ctrl Pts',(-30.5622743120241,42.075,-15.0869275236026));
#8153=CARTESIAN_POINT('Ctrl Pts',(-30.5622743120241,42.075,-15.));
#8154=CARTESIAN_POINT('Ctrl Pts',(-31.5952795795503,43.075,-16.));
#8155=CARTESIAN_POINT('Ctrl Pts',(-31.3785802769289,42.8506005247436,-16.));
#8156=CARTESIAN_POINT('Ctrl Pts',(-31.0186370234423,42.4778670815464,-15.8689442833564));
#8157=CARTESIAN_POINT('Ctrl Pts',(-30.7418216021105,42.1912153270724,-15.5084173759555));
#8158=CARTESIAN_POINT('Ctrl Pts',(-30.6459308149264,42.0919171656766,-15.2243812188403));
#8159=CARTESIAN_POINT('Ctrl Pts',(-30.6295941546011,42.075,-15.0747998250855));
#8160=CARTESIAN_POINT('Ctrl Pts',(-30.6295941546011,42.075,-15.));
#8161=CARTESIAN_POINT('',(-31.5952795795503,43.075,-16.));
#8162=CARTESIAN_POINT('Origin',(-31.5952795795503,43.075,-15.));
#8163=CARTESIAN_POINT('Origin',(-31.5952795795503,43.075,-15.));
#8164=CARTESIAN_POINT('Origin',(-24.4999999999994,43.075,-15.));
#8165=CARTESIAN_POINT('',(-24.4999999999994,43.075,-16.));
#8166=CARTESIAN_POINT('Origin',(-19.0101397897749,30.4898602102246,-15.));
#8167=CARTESIAN_POINT('',(-32.8639087296519,44.3436291501015,-16.));
#8168=CARTESIAN_POINT('',(-19.0101397897749,30.4898602102246,-16.));
#8169=CARTESIAN_POINT('Origin',(-32.8639087296519,44.3436291501015,-15.));
#8170=CARTESIAN_POINT('Origin',(-31.7325378797534,45.475,-15.));
#8171=CARTESIAN_POINT('',(-31.7325378797534,47.075,-16.));
#8172=CARTESIAN_POINT('Origin',(-31.7325378797534,47.075,-15.));
#8173=CARTESIAN_POINT('Origin',(-31.7325378797534,45.475,-16.));
#8174=CARTESIAN_POINT('Origin',(-13.4999999999997,47.075,-15.));
#8175=CARTESIAN_POINT('',(-8.26746212024593,47.075,-16.));
#8176=CARTESIAN_POINT('Origin',(-8.26746212024593,47.075,-15.));
#8177=CARTESIAN_POINT('',(-13.4999999999997,47.075,-16.));
#8178=CARTESIAN_POINT('Origin',(-8.26746212024593,45.475,-15.));
#8179=CARTESIAN_POINT('',(-7.13609127034754,44.3436291501014,-16.));
#8180=CARTESIAN_POINT('Origin',(-7.13609127034754,44.3436291501014,-15.));
#8181=CARTESIAN_POINT('Origin',(-8.26746212024593,45.475,-16.));
#8182=CARTESIAN_POINT('Origin',(-22.9898602102251,28.4898602102262,-15.));
#8183=CARTESIAN_POINT('',(-22.9898602102251,28.4898602102262,-16.));
#8184=CARTESIAN_POINT('Origin',(-11.4999999999997,43.0750000000001,-15.));
#8185=CARTESIAN_POINT('',(-11.4999999999997,43.0750000000001,-16.));
#8186=CARTESIAN_POINT('Origin',(-19.9999999999996,4.44089209850063E-15,
-16.));
#8187=CARTESIAN_POINT('',(-28.4999999999994,50.,-16.));
#8188=CARTESIAN_POINT('Ctrl Pts',(-31.4892135623723,-43.075,-16.));
#8189=CARTESIAN_POINT('Ctrl Pts',(-31.2725142597509,-42.8506005247436,-16.));
#8190=CARTESIAN_POINT('Ctrl Pts',(-30.9125709694892,-42.4778670434645,-15.8689444099122));
#8191=CARTESIAN_POINT('Ctrl Pts',(-30.6357555729177,-42.1912153146305,-15.5084174049759));
#8192=CARTESIAN_POINT('Ctrl Pts',(-30.5398647873124,-42.0919171548697,-15.2243812500804));
#8193=CARTESIAN_POINT('Ctrl Pts',(-30.5235281374231,-42.075,-15.0747998250855));
#8194=CARTESIAN_POINT('Ctrl Pts',(-30.5235281374231,-42.075,-15.));
#8195=CARTESIAN_POINT('Ctrl Pts',(-31.4892135623723,-43.075,-16.));
#8196=CARTESIAN_POINT('Ctrl Pts',(-31.2634471517139,-42.8724904599381,-16.));
#8197=CARTESIAN_POINT('Ctrl Pts',(-30.8891995975639,-42.5359995952929,-15.8961527130455));
#8198=CARTESIAN_POINT('Ctrl Pts',(-30.5735078257541,-42.2373165710251,-15.5877268237191));
#8199=CARTESIAN_POINT('Ctrl Pts',(-30.4259947183048,-42.1045273033113,-15.2933972842389));
#8200=CARTESIAN_POINT('Ctrl Pts',(-30.3888884522692,-42.075,-15.0991324646936));
#8201=CARTESIAN_POINT('Ctrl Pts',(-30.3888884522692,-42.075,-15.));
#8202=CARTESIAN_POINT('Ctrl Pts',(-31.4892135623723,-43.075,-16.));
#8203=CARTESIAN_POINT('Ctrl Pts',(-31.2453129356397,-42.9162703303273,-16.));
#8204=CARTESIAN_POINT('Ctrl Pts',(-30.8425068242689,-42.6531278360486,-15.9330125941751));
#8205=CARTESIAN_POINT('Ctrl Pts',(-30.4491363713835,-42.3777684175972,-15.7127834176885));
#8206=CARTESIAN_POINT('Ctrl Pts',(-30.1985284562892,-42.2148641152755,-15.4102645493394));
#8207=CARTESIAN_POINT('Ctrl Pts',(-30.1199810086063,-42.1691352213579,-15.1406154226317));
#8208=CARTESIAN_POINT('Ctrl Pts',(-30.1199810086063,-42.1691352213579,-15.));
#8209=CARTESIAN_POINT('Ctrl Pts',(-31.4892135623723,-43.075,-16.));
#8210=CARTESIAN_POINT('Ctrl Pts',(-31.2181116115286,-42.981940135911,-16.));
#8211=CARTESIAN_POINT('Ctrl Pts',(-30.7705817599051,-42.8287979084262,-15.9435587865775));
#8212=CARTESIAN_POINT('Ctrl Pts',(-30.3051353339427,-42.6755534900135,-15.7529654227756));
#8213=CARTESIAN_POINT('Ctrl Pts',(-29.9919371302432,-42.5674378531277,-15.4496507363647));
#8214=CARTESIAN_POINT('Ctrl Pts',(-29.8923789718215,-42.53117032362,-15.1546696285681));
#8215=CARTESIAN_POINT('Ctrl Pts',(-29.8923789718215,-42.53117032362,-15.));
#8216=CARTESIAN_POINT('Ctrl Pts',(-31.4892135623723,-43.075,-16.));
#8217=CARTESIAN_POINT('Ctrl Pts',(-31.1954438414359,-43.0366649738974,-16.));
#8218=CARTESIAN_POINT('Ctrl Pts',(-30.7086512672269,-42.974010339736,-15.9167278261595));
#8219=CARTESIAN_POINT('Ctrl Pts',(-30.2504826021214,-42.9307607875501,-15.6548389115398));
#8220=CARTESIAN_POINT('Ctrl Pts',(-30.001101184487,-42.8982604868844,-15.3550019049615));
#8221=CARTESIAN_POINT('Ctrl Pts',(-29.9324567355055,-42.884912947422,-15.1209598654194));
#8222=CARTESIAN_POINT('Ctrl Pts',(-29.9324567355055,-42.884912947422,-15.));
#8223=CARTESIAN_POINT('Ctrl Pts',(-31.4892135623723,-43.075,-16.));
#8224=CARTESIAN_POINT('Ctrl Pts',(-31.1818431793803,-43.0694998766892,-16.));
#8225=CARTESIAN_POINT('Ctrl Pts',(-30.6713594462886,-43.0608396932962,-15.882579684373));
#8226=CARTESIAN_POINT('Ctrl Pts',(-30.2549279000305,-43.0582994444581,-15.5479873579633));
#8227=CARTESIAN_POINT('Ctrl Pts',(-30.0869711407699,-43.0541382163247,-15.2587956322518));
#8228=CARTESIAN_POINT('Ctrl Pts',(-30.0516617515166,-43.0516617515174,-15.0869275236026));
#8229=CARTESIAN_POINT('Ctrl Pts',(-30.0516617515166,-43.0516617515174,-15.));
#8230=CARTESIAN_POINT('Ctrl Pts',(-31.4892135623723,-43.075,-16.));
#8231=CARTESIAN_POINT('Ctrl Pts',(-31.1773096253618,-43.0804448442865,-16.));
#8232=CARTESIAN_POINT('Ctrl Pts',(-30.6592289117874,-43.0894888750875,-15.8689444099122));
#8233=CARTESIAN_POINT('Ctrl Pts',(-30.2607974864375,-43.0964442123324,-15.5084174049759));
#8234=CARTESIAN_POINT('Ctrl Pts',(-30.1227780595566,-43.0988535897038,-15.2243812500804));
#8235=CARTESIAN_POINT('Ctrl Pts',(-30.0992640687111,-43.0992640687119,-15.0747998250855));
#8236=CARTESIAN_POINT('Ctrl Pts',(-30.0992640687111,-43.0992640687119,-15.));
#8237=CARTESIAN_POINT('',(-30.5235281374231,-42.075,-15.));
#8238=CARTESIAN_POINT('',(-30.0992640687111,-43.0992640687119,-15.));
#8239=CARTESIAN_POINT('Origin',(-30.5235281374231,-42.675,-15.));
#8240=CARTESIAN_POINT('Origin',(-31.4892135623723,-43.075,-15.));
#8241=CARTESIAN_POINT('Origin',(-31.4892135623723,-43.075,-15.));
#8242=CARTESIAN_POINT('Ctrl Pts',(-8.40472042044914,-43.0750000000001,-16.));
#8243=CARTESIAN_POINT('Ctrl Pts',(-8.71662435745963,-43.0804448442866,-16.));
#8244=CARTESIAN_POINT('Ctrl Pts',(-9.23471875867372,-43.08948911403,-15.8689773170477));
#8245=CARTESIAN_POINT('Ctrl Pts',(-9.63314089680415,-43.0964442891497,-15.5084246088419));
#8246=CARTESIAN_POINT('Ctrl Pts',(-9.77115975960282,-43.098853656674,-15.2243892241487));
#8247=CARTESIAN_POINT('Ctrl Pts',(-9.79466991411034,-43.099264068712,-15.0747998250855));
#8248=CARTESIAN_POINT('Ctrl Pts',(-9.79466991411035,-43.099264068712,-15.));
#8249=CARTESIAN_POINT('Ctrl Pts',(-8.40472042044914,-43.0750000000001,-16.));
#8250=CARTESIAN_POINT('Ctrl Pts',(-8.70755724942258,-43.0585549090921,-16.));
#8251=CARTESIAN_POINT('Ctrl Pts',(-9.21017848560816,-43.0318595431133,-15.8961832439468));
#8252=CARTESIAN_POINT('Ctrl Pts',(-9.64458129892559,-43.0198292282458,-15.5877329003937));
#8253=CARTESIAN_POINT('Ctrl Pts',(-9.84278008855074,-43.0094175365396,-15.2934079990941));
#8254=CARTESIAN_POINT('Ctrl Pts',(-9.88987454849946,-43.0040594343229,-15.0991324646936));
#8255=CARTESIAN_POINT('Ctrl Pts',(-9.88987454849947,-43.0040594343229,-15.));
#8256=CARTESIAN_POINT('Ctrl Pts',(-8.40472042044914,-43.0750000000001,-16.));
#8257=CARTESIAN_POINT('Ctrl Pts',(-8.68942303334846,-43.0147750387029,-16.));
#8258=CARTESIAN_POINT('Ctrl Pts',(-9.16042069904171,-42.9159848388318,-15.93307100248));
#8259=CARTESIAN_POINT('Ctrl Pts',(-9.63324515462297,-42.8325555944252,-15.7128015832641));
#8260=CARTESIAN_POINT('Ctrl Pts',(-9.92563419333013,-42.7705465109213,-15.410295790501));
#8261=CARTESIAN_POINT('Ctrl Pts',(-10.0134620575492,-42.747360569904,-15.1406154226317));
#8262=CARTESIAN_POINT('Ctrl Pts',(-10.0134620575492,-42.747360569904,-15.));
#8263=CARTESIAN_POINT('Ctrl Pts',(-8.40472042044913,-43.075,-16.));
#8264=CARTESIAN_POINT('Ctrl Pts',(-8.66222170923728,-42.9491052331192,-16.));
#8265=CARTESIAN_POINT('Ctrl Pts',(-9.08709498638136,-42.7409035978417,-15.9436275370356));
#8266=CARTESIAN_POINT('Ctrl Pts',(-9.52452238415746,-42.5201603957109,-15.752984351242));
#8267=CARTESIAN_POINT('Ctrl Pts',(-9.82242301019572,-42.3751492918681,-15.4496855282471));
#8268=CARTESIAN_POINT('Ctrl Pts',(-9.91840266701194,-42.3304199616998,-15.1546696285681));
#8269=CARTESIAN_POINT('Ctrl Pts',(-9.91840266701194,-42.3304199616998,-15.));
#8270=CARTESIAN_POINT('Ctrl Pts',(-8.40472042044914,-43.0750000000001,-16.));
#8271=CARTESIAN_POINT('Ctrl Pts',(-8.63955393914465,-42.8943803951328,-16.));
#8272=CARTESIAN_POINT('Ctrl Pts',(-9.02813967400125,-42.5944288040191,-15.9167702858156));
#8273=CARTESIAN_POINT('Ctrl Pts',(-9.38266900168438,-42.3010578786051,-15.6548507747603));
#8274=CARTESIAN_POINT('Ctrl Pts',(-9.58198311869527,-42.1477037438741,-15.3550224474187));
#8275=CARTESIAN_POINT('Ctrl Pts',(-9.63992758590563,-42.1086231514227,-15.1209598654194));
#8276=CARTESIAN_POINT('Ctrl Pts',(-9.63992758590563,-42.1086231514227,-15.));
#8277=CARTESIAN_POINT('Ctrl Pts',(-8.40472042044913,-43.0750000000001,-16.));
#8278=CARTESIAN_POINT('Ctrl Pts',(-8.62595327708906,-42.8615454923409,-16.));
#8279=CARTESIAN_POINT('Ctrl Pts',(-8.9930664352457,-42.5067022520259,-15.8826148902126));
#8280=CARTESIAN_POINT('Ctrl Pts',(-9.28931281296556,-42.214037250806,-15.5479979611053));
#8281=CARTESIAN_POINT('Ctrl Pts',(-9.41101674302921,-42.0982150226247,-15.2588092450483));
#8282=CARTESIAN_POINT('Ctrl Pts',(-9.43772568797537,-42.075,-15.0869275236026));
#8283=CARTESIAN_POINT('Ctrl Pts',(-9.43772568797537,-42.075,-15.));
#8284=CARTESIAN_POINT('Ctrl Pts',(-8.40472042044913,-43.0750000000001,-16.));
#8285=CARTESIAN_POINT('Ctrl Pts',(-8.62141972307053,-42.8506005247436,-16.));
#8286=CARTESIAN_POINT('Ctrl Pts',(-8.9813725229974,-42.477857195884,-15.8689773170477));
#8287=CARTESIAN_POINT('Ctrl Pts',(-9.25818146715281,-42.1912121487456,-15.5084246088419));
#8288=CARTESIAN_POINT('Ctrl Pts',(-9.35407186085458,-42.0919143948142,-15.2243892241486));
#8289=CARTESIAN_POINT('Ctrl Pts',(-9.37040584539844,-42.075,-15.0747998250855));
#8290=CARTESIAN_POINT('Ctrl Pts',(-9.37040584539844,-42.075,-15.));
#8291=CARTESIAN_POINT('',(-9.79466991411035,-43.099264068712,-15.));
#8292=CARTESIAN_POINT('Origin',(-9.37040584539844,-42.6750000000001,-15.));
#8293=CARTESIAN_POINT('Origin',(-8.40472042044911,-43.0750000000001,-15.));
#8294=CARTESIAN_POINT('Origin',(-8.40472042044912,-43.0750000000001,-15.));
#8295=CARTESIAN_POINT('Origin',(-15.5,-43.0750000000001,-15.));
#8296=CARTESIAN_POINT('Origin',(-3.22499999999995,-43.075,-15.));
#8297=CARTESIAN_POINT('Origin',(-20.9898602102248,-30.4898602102262,-15.));
#8298=CARTESIAN_POINT('',(-7.84319805153403,-45.0507359312881,-15.));
#8299=CARTESIAN_POINT('Origin',(-7.13609127034753,-44.3436291501015,-15.));
#8300=CARTESIAN_POINT('',(-21.6969669914113,-31.1969669914128,-15.));
#8301=CARTESIAN_POINT('Origin',(-8.26746212024593,-45.475,-15.));
#8302=CARTESIAN_POINT('',(-8.26746212024593,-46.075,-15.));
#8303=CARTESIAN_POINT('Origin',(-8.26746212024593,-47.075,-15.));
#8304=CARTESIAN_POINT('Origin',(-8.26746212024593,-45.475,-15.));
#8305=CARTESIAN_POINT('Origin',(-26.4999999999994,-47.075,-15.));
#8306=CARTESIAN_POINT('',(-31.6264718625754,-46.075,-15.));
#8307=CARTESIAN_POINT('Origin',(-31.6264718625754,-47.075,-15.));
#8308=CARTESIAN_POINT('',(-26.4999999999994,-46.075,-15.));
#8309=CARTESIAN_POINT('Origin',(-31.6264718625754,-45.475,-15.));
#8310=CARTESIAN_POINT('',(-32.0507359312873,-45.0507359312881,-15.));
#8311=CARTESIAN_POINT('Origin',(-32.7578427124739,-44.3436291501016,-15.));
#8312=CARTESIAN_POINT('Origin',(-31.6264718625754,-45.475,-15.));
#8313=CARTESIAN_POINT('Origin',(-16.9571067811858,-28.5428932188136,-15.));
#8314=CARTESIAN_POINT('',(-16.2499999999993,-29.2500000000001,-15.));
#8315=CARTESIAN_POINT('Origin',(-28.4999999999995,-43.075,-15.));
#8316=CARTESIAN_POINT('',(-28.4999999999995,-42.075,-15.));
#8317=CARTESIAN_POINT('Origin',(-9.37040584539845,-42.6750000000001,48.));
#8318=CARTESIAN_POINT('',(-9.79466991411034,-43.099264068712,47.));
#8319=CARTESIAN_POINT('',(-9.79466991411035,-43.099264068712,48.));
#8320=CARTESIAN_POINT('Origin',(-9.37040584539844,-42.6750000000001,47.));
#8321=CARTESIAN_POINT('Origin',(-6.94696699141095,-45.946966991411,48.));
#8322=CARTESIAN_POINT('',(-7.84319805153403,-45.0507359312881,47.));
#8323=CARTESIAN_POINT('',(-7.84319805153403,-45.0507359312881,48.));
#8324=CARTESIAN_POINT('',(-17.4469669914108,-35.4469669914127,47.));
#8325=CARTESIAN_POINT('Origin',(-8.26746212024593,-45.475,48.));
#8326=CARTESIAN_POINT('',(-8.26746212024593,-46.075,47.));
#8327=CARTESIAN_POINT('',(-8.26746212024593,-46.075,48.));
#8328=CARTESIAN_POINT('Origin',(-8.26746212024593,-45.475,47.));
#8329=CARTESIAN_POINT('Origin',(-32.9999999999993,-46.075,48.));
#8330=CARTESIAN_POINT('',(-31.6264718625754,-46.075,47.));
#8331=CARTESIAN_POINT('',(-31.6264718625754,-46.075,48.));
#8332=CARTESIAN_POINT('',(-17.9999999999996,-46.075,47.));
#8333=CARTESIAN_POINT('Origin',(-31.6264718625754,-45.475,48.));
#8334=CARTESIAN_POINT('',(-32.0507359312873,-45.0507359312881,47.));
#8335=CARTESIAN_POINT('',(-32.0507359312873,-45.0507359312881,48.));
#8336=CARTESIAN_POINT('Origin',(-31.6264718625754,-45.475,47.));
#8337=CARTESIAN_POINT('Origin',(-28.9999999999992,-42.,48.));
#8338=CARTESIAN_POINT('',(-30.0992640687111,-43.0992640687119,47.));
#8339=CARTESIAN_POINT('',(-30.0992640687111,-43.0992640687119,48.));
#8340=CARTESIAN_POINT('',(-11.9999999999994,-25.0000000000002,47.));
#8341=CARTESIAN_POINT('Origin',(-30.5235281374231,-42.675,48.));
#8342=CARTESIAN_POINT('',(-30.5235281374231,-42.075,47.));
#8343=CARTESIAN_POINT('',(-30.5235281374231,-42.075,48.));
#8344=CARTESIAN_POINT('Origin',(-30.5235281374231,-42.675,47.));
#8345=CARTESIAN_POINT('Origin',(-36.9999999999993,-42.075,48.));
#8346=CARTESIAN_POINT('',(-19.9999999999997,-42.075,47.));
#8347=CARTESIAN_POINT('Ctrl Pts',(-8.40472042044913,-43.0750000000001,48.));
#8348=CARTESIAN_POINT('Ctrl Pts',(-8.69365282394432,-42.7758006996582,48.));
#8349=CARTESIAN_POINT('Ctrl Pts',(-9.12226656495096,-42.3319566382972,47.7851185635876));
#8350=CARTESIAN_POINT('Ctrl Pts',(-9.34578927520875,-42.1004912930793,47.2983106914166));
#8351=CARTESIAN_POINT('Ctrl Pts',(-9.37040584539844,-42.0750000000001,47.0747998250855));
#8352=CARTESIAN_POINT('Ctrl Pts',(-9.37040584539844,-42.0750000000001,47.));
#8353=CARTESIAN_POINT('Ctrl Pts',(-8.40472042044913,-43.0750000000001,48.));
#8354=CARTESIAN_POINT('Ctrl Pts',(-8.70574230132706,-42.8049872799176,48.));
#8355=CARTESIAN_POINT('Ctrl Pts',(-9.14479789376377,-42.4049460725532,47.8350984253059));
#8356=CARTESIAN_POINT('Ctrl Pts',(-9.44474093423855,-42.1220495529919,47.3879501200411));
#8357=CARTESIAN_POINT('Ctrl Pts',(-9.50504553055229,-42.0750000000001,47.0991324646936));
#8358=CARTESIAN_POINT('Ctrl Pts',(-9.50504553055229,-42.0750000000001,47.));
#8359=CARTESIAN_POINT('Ctrl Pts',(-8.40472042044913,-43.075,48.));
#8360=CARTESIAN_POINT('Ctrl Pts',(-8.72992125609254,-42.8633604404364,48.));
#8361=CARTESIAN_POINT('Ctrl Pts',(-9.18980924755534,-42.5561147013536,47.9035824786102));
#8362=CARTESIAN_POINT('Ctrl Pts',(-9.64243085720751,-42.2448286397049,47.5377595843312));
#8363=CARTESIAN_POINT('Ctrl Pts',(-9.77395433347278,-42.1691387507903,47.1406154226317));
#8364=CARTESIAN_POINT('Ctrl Pts',(-9.77395433347278,-42.1691387507903,47.));
#8365=CARTESIAN_POINT('Ctrl Pts',(-8.40472042044913,-43.0750000000001,48.));
#8366=CARTESIAN_POINT('Ctrl Pts',(-8.76618968824077,-42.9509201812147,48.));
#8367=CARTESIAN_POINT('Ctrl Pts',(-9.27518785425766,-42.7792657314129,47.9233019840181));
#8368=CARTESIAN_POINT('Ctrl Pts',(-9.83445016607304,-42.5923670255438,47.5878105792189));
#8369=CARTESIAN_POINT('Ctrl Pts',(-10.0015556593672,-42.5311727593746,47.1546696285681));
#8370=CARTESIAN_POINT('Ctrl Pts',(-10.0015556593672,-42.5311727593746,47.));
#8371=CARTESIAN_POINT('Ctrl Pts',(-8.40472042044912,-43.075,48.));
#8372=CARTESIAN_POINT('Ctrl Pts',(-8.79641338169762,-43.0238866318633,48.));
#8373=CARTESIAN_POINT('Ctrl Pts',(-9.36457287710892,-42.9565220352574,47.8732427733914));
#8374=CARTESIAN_POINT('Ctrl Pts',(-9.84835676230623,-42.9078042930113,47.4671853074769));
#8375=CARTESIAN_POINT('Ctrl Pts',(-9.9614778268905,-42.8849144385309,47.1209598654194));
#8376=CARTESIAN_POINT('Ctrl Pts',(-9.9614778268905,-42.8849144385309,47.));
#8377=CARTESIAN_POINT('Ctrl Pts',(-8.40472042044913,-43.0750000000001,48.));
#8378=CARTESIAN_POINT('Ctrl Pts',(-8.81454759777174,-43.0676665022524,48.));
#8379=CARTESIAN_POINT('Ctrl Pts',(-9.41996367565373,-43.0595590373584,47.8101189139014));
#8380=CARTESIAN_POINT('Ctrl Pts',(-9.78664175708187,-43.0560743718146,47.3429982804073));
#8381=CARTESIAN_POINT('Ctrl Pts',(-9.8422722313049,-43.0516617515175,47.0869275236026));
#8382=CARTESIAN_POINT('Ctrl Pts',(-9.8422722313049,-43.0516617515175,47.));
#8383=CARTESIAN_POINT('Ctrl Pts',(-8.40472042044913,-43.0750000000001,48.));
#8384=CARTESIAN_POINT('Ctrl Pts',(-8.82059233646311,-43.0822597923821,48.));
#8385=CARTESIAN_POINT('Ctrl Pts',(-9.43751316481641,-43.0930292551844,47.7851185635876));
#8386=CARTESIAN_POINT('Ctrl Pts',(-9.75923830420215,-43.0986455462252,47.2983106914166));
#8387=CARTESIAN_POINT('Ctrl Pts',(-9.79466991411034,-43.099264068712,47.0747998250855));
#8388=CARTESIAN_POINT('Ctrl Pts',(-9.79466991411034,-43.099264068712,47.));
#8389=CARTESIAN_POINT('Origin',(-8.40472042044911,-43.0750000000001,47.));
#8390=CARTESIAN_POINT('Ctrl Pts',(-31.4892135623723,-43.075,48.));
#8391=CARTESIAN_POINT('Ctrl Pts',(-31.1773096253618,-43.0804448442865,48.));
#8392=CARTESIAN_POINT('Ctrl Pts',(-30.6592415661597,-43.0894886541827,47.8689142928793));
#8393=CARTESIAN_POINT('Ctrl Pts',(-30.2608016756092,-43.0964441392028,47.5084102379552));
#8394=CARTESIAN_POINT('Ctrl Pts',(-30.1227816880294,-43.0988535263622,47.2243736981092));
#8395=CARTESIAN_POINT('Ctrl Pts',(-30.0992640687111,-43.0992640687119,47.0747998250855));
#8396=CARTESIAN_POINT('Ctrl Pts',(-30.0992640687111,-43.0992640687119,47.));
#8397=CARTESIAN_POINT('Ctrl Pts',(-31.4892135623723,-43.075,48.));
#8398=CARTESIAN_POINT('Ctrl Pts',(-31.1863767333989,-43.058554909092,48.));
#8399=CARTESIAN_POINT('Ctrl Pts',(-30.683859064322,-43.0318546177924,47.8961247449777));
#8400=CARTESIAN_POINT('Ctrl Pts',(-30.2494055336788,-43.0198304272883,47.5877206020281));
#8401=CARTESIAN_POINT('Ctrl Pts',(-30.0511974022575,-43.0094194115115,47.2933875242311));
#8402=CARTESIAN_POINT('Ctrl Pts',(-30.004059434322,-43.0040594343228,47.0991324646936));
#8403=CARTESIAN_POINT('Ctrl Pts',(-30.004059434322,-43.0040594343228,47.));
#8404=CARTESIAN_POINT('Ctrl Pts',(-31.4892135623723,-43.075,48.));
#8405=CARTESIAN_POINT('Ctrl Pts',(-31.204510949473,-43.0147750387028,48.));
#8406=CARTESIAN_POINT('Ctrl Pts',(-30.7337104058066,-42.91604901994,47.9329583999257));
#8407=CARTESIAN_POINT('Ctrl Pts',(-30.2608074423238,-42.8325860068261,47.7127657308081));
#8408=CARTESIAN_POINT('Ctrl Pts',(-29.9684026348811,-42.770564421373,47.410236693522));
#8409=CARTESIAN_POINT('Ctrl Pts',(-29.8804810892625,-42.7473398869403,47.1406154226317));
#8410=CARTESIAN_POINT('Ctrl Pts',(-29.8804810892625,-42.7473398869403,47.));
#8411=CARTESIAN_POINT('Ctrl Pts',(-31.4892135623723,-43.075,48.));
#8412=CARTESIAN_POINT('Ctrl Pts',(-31.2317122735842,-42.9491052331191,48.));
#8413=CARTESIAN_POINT('Ctrl Pts',(-30.8071006092414,-42.7409778643485,47.9434952198441));
#8414=CARTESIAN_POINT('Ctrl Pts',(-30.3695665133105,-42.5202008354737,47.7529467334294));
#8415=CARTESIAN_POINT('Ctrl Pts',(-30.0716407986374,-42.3751818219714,47.4496196988288));
#8416=CARTESIAN_POINT('Ctrl Pts',(-29.975538865762,-42.3304069812205,47.1546696285681));
#8417=CARTESIAN_POINT('Ctrl Pts',(-29.975538865762,-42.3304069812205,47.));
#8418=CARTESIAN_POINT('Ctrl Pts',(-31.4892135623723,-43.075,48.));
#8419=CARTESIAN_POINT('Ctrl Pts',(-31.2543800436768,-42.8943803951327,48.));
#8420=CARTESIAN_POINT('Ctrl Pts',(-30.865926890956,-42.5945078836112,47.9166885616392));
#8421=CARTESIAN_POINT('Ctrl Pts',(-30.5113435295395,-42.3010954268714,47.6548272337461));
#8422=CARTESIAN_POINT('Ctrl Pts',(-30.3120173509375,-42.1477337396569,47.35498350401));
#8423=CARTESIAN_POINT('Ctrl Pts',(-30.2540102203725,-42.1086144366451,47.1209598654194));
#8424=CARTESIAN_POINT('Ctrl Pts',(-30.2540102203725,-42.1086144366451,47.));
#8425=CARTESIAN_POINT('Ctrl Pts',(-31.4892135623723,-43.075,48.));
#8426=CARTESIAN_POINT('Ctrl Pts',(-31.2679807057324,-42.8615454923409,48.));
#8427=CARTESIAN_POINT('Ctrl Pts',(-30.900912178892,-42.5067030551264,47.8825471094984));
#8428=CARTESIAN_POINT('Ctrl Pts',(-30.6046433884609,-42.2140374148251,47.5479770913702));
#8429=CARTESIAN_POINT('Ctrl Pts',(-30.4829358941851,-42.0982175324721,47.2587831912581));
#8430=CARTESIAN_POINT('Ctrl Pts',(-30.4562082948461,-42.075,47.0869275236026));
#8431=CARTESIAN_POINT('Ctrl Pts',(-30.4562082948461,-42.075,47.));
#8432=CARTESIAN_POINT('Ctrl Pts',(-31.4892135623723,-43.075,48.));
#8433=CARTESIAN_POINT('Ctrl Pts',(-31.2725142597509,-42.8506005247436,48.));
#8434=CARTESIAN_POINT('Ctrl Pts',(-30.9125797612783,-42.4778761476602,47.8689142928793));
#8435=CARTESIAN_POINT('Ctrl Pts',(-30.635758483399,-42.1912183285326,47.5084102379552));
#8436=CARTESIAN_POINT('Ctrl Pts',(-30.539867308241,-42.0919197653768,47.2243736981093));
#8437=CARTESIAN_POINT('Ctrl Pts',(-30.5235281374231,-42.075,47.0747998250855));
#8438=CARTESIAN_POINT('Ctrl Pts',(-30.5235281374231,-42.075,47.));
#8439=CARTESIAN_POINT('Origin',(-31.4892135623723,-43.075,47.));
#8440=CARTESIAN_POINT('Origin',(-31.4892135623723,-43.075,47.));
#8441=CARTESIAN_POINT('Origin',(-19.9999999999997,-43.075,47.));
#8442=CARTESIAN_POINT('Origin',(-12.7071067811859,-24.2928932188137,47.));
#8443=CARTESIAN_POINT('Origin',(-32.7578427124739,-44.3436291501016,47.));
#8444=CARTESIAN_POINT('Origin',(-31.6264718625754,-45.475,47.));
#8445=CARTESIAN_POINT('Origin',(-31.6264718625754,-47.075,47.));
#8446=CARTESIAN_POINT('Origin',(-17.9999999999996,-47.075,47.));
#8447=CARTESIAN_POINT('Origin',(-8.26746212024593,-47.075,47.));
#8448=CARTESIAN_POINT('Origin',(-8.26746212024593,-45.475,47.));
#8449=CARTESIAN_POINT('Origin',(-7.13609127034754,-44.3436291501015,47.));
#8450=CARTESIAN_POINT('Origin',(-16.7398602102243,-34.7398602102261,47.));
#8451=CARTESIAN_POINT('Ctrl Pts',(14.5952795795511,50.,37.925));
#8452=CARTESIAN_POINT('Ctrl Pts',(14.2833756425406,50.,37.9195551557135));
#8453=CARTESIAN_POINT('Ctrl Pts',(13.7653003660561,49.8689314364204,37.9105112198267));
#8454=CARTESIAN_POINT('Ctrl Pts',(13.3668652903189,49.5084143807813,37.9035558188578));
#8455=CARTESIAN_POINT('Ctrl Pts',(13.2288456266966,49.224378025577,37.9011464373536));
#8456=CARTESIAN_POINT('Ctrl Pts',(13.2053300858899,49.0747998250855,37.9007359312881));
#8457=CARTESIAN_POINT('Ctrl Pts',(13.2053300858899,49.,37.9007359312881));
#8458=CARTESIAN_POINT('Ctrl Pts',(14.5952795795511,50.,37.925));
#8459=CARTESIAN_POINT('Ctrl Pts',(14.2924427505777,50.,37.941445090908));
#8460=CARTESIAN_POINT('Ctrl Pts',(13.7898962884434,49.8961406686229,37.9681440999901));
#8461=CARTESIAN_POINT('Ctrl Pts',(13.3554571081877,49.5877242157626,37.9801698653314));
#8462=CARTESIAN_POINT('Ctrl Pts',(13.1572514848938,49.2933930756215,37.9905810556691));
#8463=CARTESIAN_POINT('Ctrl Pts',(13.1101254515008,49.0991324646936,37.9959405656772));
#8464=CARTESIAN_POINT('Ctrl Pts',(13.1101254515008,49.,37.9959405656772));
#8465=CARTESIAN_POINT('Ctrl Pts',(14.5952795795511,50.,37.925));
#8466=CARTESIAN_POINT('Ctrl Pts',(14.3105769666518,50.,37.9852249612972));
#8467=CARTESIAN_POINT('Ctrl Pts',(13.8397212131519,49.9329893317816,38.0839687496148));
#8468=CARTESIAN_POINT('Ctrl Pts',(13.3668411845585,49.7127759136095,38.167422210537));
#8469=CARTESIAN_POINT('Ctrl Pts',(13.0744406515861,49.4102524696953,38.2294405570408));
#8470=CARTESIAN_POINT('Ctrl Pts',(12.9865446935494,49.1406154226317,38.25265469744));
#8471=CARTESIAN_POINT('Ctrl Pts',(12.9865446935494,49.,38.25265469744));
#8472=CARTESIAN_POINT('Ctrl Pts',(14.5952795795511,50.,37.925));
#8473=CARTESIAN_POINT('Ctrl Pts',(14.337778290763,50.,38.0508947668809));
#8474=CARTESIAN_POINT('Ctrl Pts',(13.9130934159994,49.9435314768641,38.259042825162));
#8475=CARTESIAN_POINT('Ctrl Pts',(13.4755903885785,49.7529575201567,38.479810102185));
#8476=CARTESIAN_POINT('Ctrl Pts',(13.1776713850939,49.4496372792581,38.6248269951726));
#8477=CARTESIAN_POINT('Ctrl Pts',(13.0816028966405,49.1546696285681,38.6695895679482));
#8478=CARTESIAN_POINT('Ctrl Pts',(13.0816028966405,49.,38.6695895679482));
#8479=CARTESIAN_POINT('Ctrl Pts',(14.5952795795511,50.,37.925));
#8480=CARTESIAN_POINT('Ctrl Pts',(14.3604460608556,50.,38.1056196048673));
#8481=CARTESIAN_POINT('Ctrl Pts',(13.9719557980877,49.9167109577925,38.4055140262003));
#8482=CARTESIAN_POINT('Ctrl Pts',(13.6173881656019,49.6548339701327,38.6989148031615));
#8483=CARTESIAN_POINT('Ctrl Pts',(13.4180652224839,49.3549939351087,38.8522744595922));
#8484=CARTESIAN_POINT('Ctrl Pts',(13.3600752110635,49.1209598654194,38.8913832459692));
#8485=CARTESIAN_POINT('Ctrl Pts',(13.3600752110635,49.,38.8913832459692));
#8486=CARTESIAN_POINT('Ctrl Pts',(14.5952795795511,50.,37.925));
#8487=CARTESIAN_POINT('Ctrl Pts',(14.3740467229112,50.,38.1384545076591));
#8488=CARTESIAN_POINT('Ctrl Pts',(14.0069657985633,49.8825656917198,38.4932971744107));
#8489=CARTESIAN_POINT('Ctrl Pts',(13.7107033255624,49.54798299692,38.785962646893));
#8490=CARTESIAN_POINT('Ctrl Pts',(13.5889967970885,49.2587902716768,38.9017831109613));
#8491=CARTESIAN_POINT('Ctrl Pts',(13.5622743120249,49.0869275236026,38.925));
#8492=CARTESIAN_POINT('Ctrl Pts',(13.5622743120249,49.,38.925));
#8493=CARTESIAN_POINT('Ctrl Pts',(14.5952795795511,50.,37.925));
#8494=CARTESIAN_POINT('Ctrl Pts',(14.3785802769297,50.,38.1493994752564));
#8495=CARTESIAN_POINT('Ctrl Pts',(14.0186407641566,49.8689314364203,38.5221290448179));
#8496=CARTESIAN_POINT('Ctrl Pts',(13.7418228314312,49.5084143807813,38.8087833999252));
#8497=CARTESIAN_POINT('Ctrl Pts',(13.6459318813469,49.224378025577,38.9080817300097));
#8498=CARTESIAN_POINT('Ctrl Pts',(13.6295941546019,49.0747998250855,38.925));
#8499=CARTESIAN_POINT('Ctrl Pts',(13.6295941546019,49.,38.925));
#8500=CARTESIAN_POINT('',(13.2053300858899,49.,37.9007359312881));
#8501=CARTESIAN_POINT('',(13.6295941546019,49.,38.925));
#8502=CARTESIAN_POINT('Origin',(13.6295941546019,49.,38.325));
#8503=CARTESIAN_POINT('',(14.5952795795511,50.,37.925));
#8504=CARTESIAN_POINT('Origin',(14.5952795795511,49.,37.925));
#8505=CARTESIAN_POINT('Origin',(14.5952795795511,49.,37.925));
#8506=CARTESIAN_POINT('Ctrl Pts',(29.404720420449,50.,37.925));
#8507=CARTESIAN_POINT('Ctrl Pts',(29.6214197230703,50.,38.1493994752564));
#8508=CARTESIAN_POINT('Ctrl Pts',(29.9813550628892,49.868917163463,38.5221247235822));
#8509=CARTESIAN_POINT('Ctrl Pts',(30.2581757811183,49.5084109428556,38.8087819631731));
#8510=CARTESIAN_POINT('Ctrl Pts',(30.3540669180048,49.2243744278737,38.9080804866976));
#8511=CARTESIAN_POINT('Ctrl Pts',(30.3704058453982,49.0747998250855,38.925));
#8512=CARTESIAN_POINT('Ctrl Pts',(30.3704058453982,49.,38.925));
#8513=CARTESIAN_POINT('Ctrl Pts',(29.404720420449,50.,37.925));
#8514=CARTESIAN_POINT('Ctrl Pts',(29.6304868311074,50.,38.1275095400618));
#8515=CARTESIAN_POINT('Ctrl Pts',(30.0047037201076,49.8961274119445,38.4639668146498));
#8516=CARTESIAN_POINT('Ctrl Pts',(30.3204096096966,49.5877212198907,38.7626675643025));
#8517=CARTESIAN_POINT('Ctrl Pts',(30.4679253477813,49.2933884530907,38.8954598619896));
#8518=CARTESIAN_POINT('Ctrl Pts',(30.505045530552,49.0991324646936,38.925));
#8519=CARTESIAN_POINT('Ctrl Pts',(30.505045530552,49.,38.925));
#8520=CARTESIAN_POINT('Ctrl Pts',(29.404720420449,50.,37.925));
#8521=CARTESIAN_POINT('Ctrl Pts',(29.6486210471815,50.,38.0837296696727));
#8522=CARTESIAN_POINT('Ctrl Pts',(30.0513458470206,49.9329635941354,38.3468305665979));
#8523=CARTESIAN_POINT('Ctrl Pts',(30.4447520892534,49.7127674560697,38.6222045696651));
#8524=CARTESIAN_POINT('Ctrl Pts',(30.6953685111799,49.4102393209848,38.7851099804688));
#8525=CARTESIAN_POINT('Ctrl Pts',(30.7739563982712,49.1406154226317,38.8308558693961));
#8526=CARTESIAN_POINT('Ctrl Pts',(30.7739563982712,49.,38.8308558693961));
#8527=CARTESIAN_POINT('Ctrl Pts',(29.404720420449,50.,37.925));
#8528=CARTESIAN_POINT('Ctrl Pts',(29.6758223712927,50.,38.018059864089));
#8529=CARTESIAN_POINT('Ctrl Pts',(30.1232476365623,49.9435013039822,38.171143649775));
#8530=CARTESIAN_POINT('Ctrl Pts',(30.5887389754851,49.752948565708,38.3244114663104));
#8531=CARTESIAN_POINT('Ctrl Pts',(30.9019471553264,49.4496226272406,38.4325322905258));
#8532=CARTESIAN_POINT('Ctrl Pts',(31.0015566629848,49.1546696285681,38.4688235078735));
#8533=CARTESIAN_POINT('Ctrl Pts',(31.0015566629848,49.,38.4688235078735));
#8534=CARTESIAN_POINT('Ctrl Pts',(29.404720420449,50.,37.925));
#8535=CARTESIAN_POINT('Ctrl Pts',(29.6984901413853,50.,37.9633350261026));
#8536=CARTESIAN_POINT('Ctrl Pts',(30.1852169234324,49.9166923199313,38.0259728203405));
#8537=CARTESIAN_POINT('Ctrl Pts',(30.6434158672993,49.6548283774001,38.0692266798927));
#8538=CARTESIAN_POINT('Ctrl Pts',(30.8928032274815,49.3549852430164,38.1017283413826));
#8539=CARTESIAN_POINT('Ctrl Pts',(30.9614787134249,49.1209598654194,38.11508326744));
#8540=CARTESIAN_POINT('Ctrl Pts',(30.9614787134249,49.,38.11508326744));
#8541=CARTESIAN_POINT('Ctrl Pts',(29.404720420449,50.,37.925));
#8542=CARTESIAN_POINT('Ctrl Pts',(29.7120908034409,50.,37.9305001233107));
#8543=CARTESIAN_POINT('Ctrl Pts',(30.2225604457738,49.8825502280744,37.9391467232619));
#8544=CARTESIAN_POINT('Ctrl Pts',(30.6389992001695,49.5479780910984,37.9416937993474));
#8545=CARTESIAN_POINT('Ctrl Pts',(30.8069563716437,49.2587843766416,37.9458567884147));
#8546=CARTESIAN_POINT('Ctrl Pts',(30.8422722313047,49.0869275236026,37.9483382484826));
#8547=CARTESIAN_POINT('Ctrl Pts',(30.8422722313047,49.,37.9483382484826));
#8548=CARTESIAN_POINT('Ctrl Pts',(29.404720420449,50.,37.925));
#8549=CARTESIAN_POINT('Ctrl Pts',(29.7166243574594,50.,37.9195551557135));
#8550=CARTESIAN_POINT('Ctrl Pts',(30.2346936276446,49.868917163463,37.9105113246774));
#8551=CARTESIAN_POINT('Ctrl Pts',(30.6331327126683,49.5084109428556,37.9035558537192));
#8552=CARTESIAN_POINT('Ctrl Pts',(30.7711526451624,49.2243744278737,37.9011464675214));
#8553=CARTESIAN_POINT('Ctrl Pts',(30.7946699141101,49.0747998250855,37.9007359312881));
#8554=CARTESIAN_POINT('Ctrl Pts',(30.7946699141101,49.,37.9007359312881));
#8555=CARTESIAN_POINT('',(30.3704058453982,49.,38.925));
#8556=CARTESIAN_POINT('',(30.7946699141101,49.,37.9007359312881));
#8557=CARTESIAN_POINT('Origin',(30.3704058453982,49.,38.325));
#8558=CARTESIAN_POINT('',(29.404720420449,50.,37.925));
#8559=CARTESIAN_POINT('Origin',(29.404720420449,49.,37.925));
#8560=CARTESIAN_POINT('Origin',(29.404720420449,49.,37.925));
#8561=CARTESIAN_POINT('Ctrl Pts',(27.5547204204489,50.,36.075));
#8562=CARTESIAN_POINT('Ctrl Pts',(27.6871047772543,50.,35.8900355755083));
#8563=CARTESIAN_POINT('Ctrl Pts',(27.99649211806,49.8171505817275,35.4577665913316));
#8564=CARTESIAN_POINT('Ctrl Pts',(28.1446699141101,49.2991993003419,35.250735931288));
#8565=CARTESIAN_POINT('Ctrl Pts',(28.1446699141101,49.,35.250735931288));
#8566=CARTESIAN_POINT('Ctrl Pts',(27.5547204204489,50.,36.075));
#8567=CARTESIAN_POINT('Ctrl Pts',(27.6553698991246,50.,35.8768905585867));
#8568=CARTESIAN_POINT('Ctrl Pts',(27.8934118980413,49.8491618353925,35.4093010810599));
#8569=CARTESIAN_POINT('Ctrl Pts',(28.0335978406561,49.318884522647,35.1396638578341));
#8570=CARTESIAN_POINT('Ctrl Pts',(28.0335978406561,49.,35.1396638578341));
#8571=CARTESIAN_POINT('Ctrl Pts',(27.5547204204489,50.,36.075));
#8572=CARTESIAN_POINT('Ctrl Pts',(27.6236350209949,50.,35.8637455416651));
#8573=CARTESIAN_POINT('Ctrl Pts',(27.7859495997244,49.8491618353925,35.3647887396532));
#8574=CARTESIAN_POINT('Ctrl Pts',(27.8774854780777,49.318884522647,35.075));
#8575=CARTESIAN_POINT('Ctrl Pts',(27.8774854780777,49.,35.075));
#8576=CARTESIAN_POINT('Ctrl Pts',(27.5547204204489,50.,36.075));
#8577=CARTESIAN_POINT('Ctrl Pts',(27.5919001428652,50.,35.8506005247436));
#8578=CARTESIAN_POINT('Ctrl Pts',(27.6787905861762,49.8171505817275,35.3261703080386));
#8579=CARTESIAN_POINT('Ctrl Pts',(27.7204058453982,49.2991993003419,35.075));
#8580=CARTESIAN_POINT('Ctrl Pts',(27.7204058453982,49.,35.075));
#8581=CARTESIAN_POINT('',(28.1446699141101,49.,35.250735931288));
#8582=CARTESIAN_POINT('',(27.7204058453982,49.,35.075));
#8583=CARTESIAN_POINT('Origin',(27.7204058453982,49.,35.675));
#8584=CARTESIAN_POINT('',(27.5547204204489,50.,36.075));
#8585=CARTESIAN_POINT('Origin',(27.5547204204489,49.,36.075));
#8586=CARTESIAN_POINT('Origin',(27.5547204204489,49.,36.075));
#8587=CARTESIAN_POINT('Ctrl Pts',(27.5547204204489,50.,27.925));
#8588=CARTESIAN_POINT('Ctrl Pts',(27.6042933836706,50.,28.2241993003419));
#8589=CARTESIAN_POINT('Ctrl Pts',(27.6901123913231,49.7488399007232,28.742162830802));
#8590=CARTESIAN_POINT('Ctrl Pts',(27.7204058453982,49.2243994752564,28.925));
#8591=CARTESIAN_POINT('Ctrl Pts',(27.7204058453982,49.,28.925));
#8592=CARTESIAN_POINT('Ctrl Pts',(27.5547204204489,50.,27.925));
#8593=CARTESIAN_POINT('Ctrl Pts',(27.6466065545102,50.,28.2066726111131));
#8594=CARTESIAN_POINT('Ctrl Pts',(27.8092947062016,49.7867889110457,28.7084327754602));
#8595=CARTESIAN_POINT('Ctrl Pts',(27.8774854780777,49.2391633919853,28.925));
#8596=CARTESIAN_POINT('Ctrl Pts',(27.8774854780777,49.,28.925));
#8597=CARTESIAN_POINT('Ctrl Pts',(27.5547204204489,50.,27.925));
#8598=CARTESIAN_POINT('Ctrl Pts',(27.6889197253498,50.,28.1891459218843));
#8599=CARTESIAN_POINT('Ctrl Pts',(27.9286798448092,49.7867889110457,28.6589818319032));
#8600=CARTESIAN_POINT('Ctrl Pts',(28.0335978406561,49.2391633919853,28.8603361421659));
#8601=CARTESIAN_POINT('Ctrl Pts',(28.0335978406561,49.,28.8603361421659));
#8602=CARTESIAN_POINT('Ctrl Pts',(27.5547204204489,50.,27.925));
#8603=CARTESIAN_POINT('Ctrl Pts',(27.7312328961894,50.,28.1716192326556));
#8604=CARTESIAN_POINT('Ctrl Pts',(28.0368052187193,49.7488399007232,28.598557959717));
#8605=CARTESIAN_POINT('Ctrl Pts',(28.1446699141101,49.2243994752564,28.749264068712));
#8606=CARTESIAN_POINT('Ctrl Pts',(28.1446699141101,49.,28.7492640687119));
#8607=CARTESIAN_POINT('',(27.7204058453982,49.,28.925));
#8608=CARTESIAN_POINT('',(28.1446699141101,49.,28.749264068712));
#8609=CARTESIAN_POINT('Origin',(27.7204058453982,49.,28.325));
#8610=CARTESIAN_POINT('',(27.5547204204489,50.,27.925));
#8611=CARTESIAN_POINT('Origin',(27.5547204204489,49.,27.925));
#8612=CARTESIAN_POINT('Origin',(27.5547204204489,49.,27.925));
#8613=CARTESIAN_POINT('Ctrl Pts',(29.404720420449,50.,26.075));
#8614=CARTESIAN_POINT('Ctrl Pts',(29.7166243574595,50.,26.0804448442866));
#8615=CARTESIAN_POINT('Ctrl Pts',(30.2346981475658,49.8689278987049,26.0894887542259));
#8616=CARTESIAN_POINT('Ctrl Pts',(30.6331342176955,49.508413539234,26.0964441725537));
#8617=CARTESIAN_POINT('Ctrl Pts',(30.7711539471625,49.2243771386811,26.0988535552073));
#8618=CARTESIAN_POINT('Ctrl Pts',(30.7946699141101,49.0747998250855,26.0992640687119));
#8619=CARTESIAN_POINT('Ctrl Pts',(30.7946699141101,49.,26.0992640687119));
#8620=CARTESIAN_POINT('Ctrl Pts',(29.404720420449,50.,26.075));
#8621=CARTESIAN_POINT('Ctrl Pts',(29.7075572494224,50.,26.058554909092));
#8622=CARTESIAN_POINT('Ctrl Pts',(30.2100978055661,49.8961373833918,26.0318556320778));
#8623=CARTESIAN_POINT('Ctrl Pts',(30.6445399153007,49.5877234852727,26.0198301969929));
#8624=CARTESIAN_POINT('Ctrl Pts',(30.8427460579369,49.2933919291902,26.0094190432214));
#8625=CARTESIAN_POINT('Ctrl Pts',(30.8898745484992,49.0991324646936,26.0040594343228));
#8626=CARTESIAN_POINT('Ctrl Pts',(30.8898745484992,49.,26.0040594343228));
#8627=CARTESIAN_POINT('Ctrl Pts',(29.404720420449,50.,26.075));
#8628=CARTESIAN_POINT('Ctrl Pts',(29.6894230333483,50.,26.0147750387029));
#8629=CARTESIAN_POINT('Ctrl Pts',(30.1602674855018,49.9329829663675,25.9160349000129));
#8630=CARTESIAN_POINT('Ctrl Pts',(30.6331521557751,49.7127738364771,25.8325794882418));
#8631=CARTESIAN_POINT('Ctrl Pts',(30.9255535713433,49.410249197231,25.7705604642259));
#8632=CARTESIAN_POINT('Ctrl Pts',(31.0134548036552,49.1406154226317,25.7473441723833));
#8633=CARTESIAN_POINT('Ctrl Pts',(31.0134548036552,49.,25.7473441723833));
#8634=CARTESIAN_POINT('Ctrl Pts',(29.404720420449,50.,26.075));
#8635=CARTESIAN_POINT('Ctrl Pts',(29.6622217092371,50.,25.9491052331191));
#8636=CARTESIAN_POINT('Ctrl Pts',(30.0868915943536,49.9435240104727,25.7409614167051));
#8637=CARTESIAN_POINT('Ctrl Pts',(30.5244009152605,49.752955325431,25.5201921584376));
#8638=CARTESIAN_POINT('Ctrl Pts',(30.8223213096552,49.4496336330578,25.3751748261149));
#8639=CARTESIAN_POINT('Ctrl Pts',(30.9183966893757,49.1546696285681,25.3304097148166));
#8640=CARTESIAN_POINT('Ctrl Pts',(30.9183966893757,49.,25.3304097148166));
#8641=CARTESIAN_POINT('Ctrl Pts',(29.404720420449,50.,26.075));
#8642=CARTESIAN_POINT('Ctrl Pts',(29.6395539391445,50.,25.8943803951327));
#8643=CARTESIAN_POINT('Ctrl Pts',(30.0280366042178,49.9167063458731,25.5944904724814));
#8644=CARTESIAN_POINT('Ctrl Pts',(30.3826074230587,49.6548325987731,25.301087306917));
#8645=CARTESIAN_POINT('Ctrl Pts',(30.5819310361926,49.3549917734516,25.1477272300843));
#8646=CARTESIAN_POINT('Ctrl Pts',(30.6399245761394,49.1209598654194,25.1086162724219));
#8647=CARTESIAN_POINT('Ctrl Pts',(30.6399245761394,49.,25.1086162724219));
#8648=CARTESIAN_POINT('Ctrl Pts',(29.404720420449,50.,26.075));
#8649=CARTESIAN_POINT('Ctrl Pts',(29.6259532770889,50.,25.8615454923409));
#8650=CARTESIAN_POINT('Ctrl Pts',(29.9930316578859,49.8825618655468,25.5067028722796));
#8651=CARTESIAN_POINT('Ctrl Pts',(30.2892954218491,49.5479817912435,25.214037364902));
#8652=CARTESIAN_POINT('Ctrl Pts',(30.4110021497986,49.2587888103206,25.0982170240537));
#8653=CARTESIAN_POINT('Ctrl Pts',(30.4377256879751,49.0869275236026,25.075));
#8654=CARTESIAN_POINT('Ctrl Pts',(30.4377256879751,49.,25.075));
#8655=CARTESIAN_POINT('Ctrl Pts',(29.404720420449,50.,26.075));
#8656=CARTESIAN_POINT('Ctrl Pts',(29.6214197230704,50.,25.8506005247436));
#8657=CARTESIAN_POINT('Ctrl Pts',(29.9813582031629,49.8689278987049,25.4778720245578));
#8658=CARTESIAN_POINT('Ctrl Pts',(30.2581768267554,49.508413539234,25.1912169540342));
#8659=CARTESIAN_POINT('Ctrl Pts',(30.3540678225862,49.2243771386811,25.0919185765777));
#8660=CARTESIAN_POINT('Ctrl Pts',(30.3704058453982,49.0747998250855,25.075));
#8661=CARTESIAN_POINT('Ctrl Pts',(30.3704058453982,49.,25.075));
#8662=CARTESIAN_POINT('',(30.7946699141101,49.,26.0992640687119));
#8663=CARTESIAN_POINT('',(30.3704058453982,49.,25.075));
#8664=CARTESIAN_POINT('Origin',(30.3704058453982,49.,25.675));
#8665=CARTESIAN_POINT('',(29.404720420449,50.,26.075));
#8666=CARTESIAN_POINT('Origin',(29.404720420449,49.,26.075));
#8667=CARTESIAN_POINT('Origin',(29.404720420449,49.,26.075));
#8668=CARTESIAN_POINT('Ctrl Pts',(14.5952795795511,50.,26.075));
#8669=CARTESIAN_POINT('Ctrl Pts',(14.3785802769297,50.,25.8506005247436));
#8670=CARTESIAN_POINT('Ctrl Pts',(14.0186370234431,49.8689442833563,25.4778670815464));
#8671=CARTESIAN_POINT('Ctrl Pts',(13.7418216021114,49.5084173759555,25.1912153270724));
#8672=CARTESIAN_POINT('Ctrl Pts',(13.6459308149273,49.2243812188403,25.0919171656766));
#8673=CARTESIAN_POINT('Ctrl Pts',(13.6295941546019,49.0747998250855,25.075));
#8674=CARTESIAN_POINT('Ctrl Pts',(13.6295941546019,49.,25.075));
#8675=CARTESIAN_POINT('Ctrl Pts',(14.5952795795511,50.,26.075));
#8676=CARTESIAN_POINT('Ctrl Pts',(14.3695131688927,50.,25.8724904599381));
#8677=CARTESIAN_POINT('Ctrl Pts',(13.9952657551293,49.8961525955759,25.5359997496136));
#8678=CARTESIAN_POINT('Ctrl Pts',(13.6795739196927,49.5877267988299,25.237316644411));
#8679=CARTESIAN_POINT('Ctrl Pts',(13.5320607999559,49.2933972431476,25.1045273624982));
#8680=CARTESIAN_POINT('Ctrl Pts',(13.494954469448,49.0991324646936,25.075));
#8681=CARTESIAN_POINT('Ctrl Pts',(13.494954469448,49.,25.075));
#8682=CARTESIAN_POINT('Ctrl Pts',(14.5952795795511,50.,26.075));
#8683=CARTESIAN_POINT('Ctrl Pts',(14.3513789528186,50.,25.9162703303273));
#8684=CARTESIAN_POINT('Ctrl Pts',(13.9485732133981,49.9330123678746,25.6531280253871));
#8685=CARTESIAN_POINT('Ctrl Pts',(13.555202600141,49.7127833453695,25.3777685428733));
#8686=CARTESIAN_POINT('Ctrl Pts',(13.3045946450109,49.4102644308888,25.2148642358493));
#8687=CARTESIAN_POINT('Ctrl Pts',(13.2260470094823,49.1406154226317,25.1691352636316));
#8688=CARTESIAN_POINT('Ctrl Pts',(13.2260470094823,49.,25.1691352636316));
#8689=CARTESIAN_POINT('Ctrl Pts',(14.5952795795511,50.,26.075));
#8690=CARTESIAN_POINT('Ctrl Pts',(14.3241776287074,50.,25.981940135911));
#8691=CARTESIAN_POINT('Ctrl Pts',(13.8766482552252,49.9435585207187,25.8287981751597));
#8692=CARTESIAN_POINT('Ctrl Pts',(13.4112016284748,49.7529653468232,25.6755536525897));
#8693=CARTESIAN_POINT('Ctrl Pts',(13.0980033780132,49.4496506044221,25.5674379913709));
#8694=CARTESIAN_POINT('Ctrl Pts',(12.998444981283,49.1546696285681,25.5311703527311));
#8695=CARTESIAN_POINT('Ctrl Pts',(12.998444981283,49.,25.5311703527311));
#8696=CARTESIAN_POINT('Ctrl Pts',(14.5952795795511,50.,26.075));
#8697=CARTESIAN_POINT('Ctrl Pts',(14.3015098586147,50.,26.0366649738974));
#8698=CARTESIAN_POINT('Ctrl Pts',(13.8147175856447,49.9167276619516,25.9740104159936));
#8699=CARTESIAN_POINT('Ctrl Pts',(13.3565487841605,49.6548388640198,25.9307608457678));
#8700=CARTESIAN_POINT('Ctrl Pts',(13.1071673387214,49.3550018268833,25.89826053872));
#8701=CARTESIAN_POINT('Ctrl Pts',(13.0385227457521,49.1209598654194,25.8849129652151));
#8702=CARTESIAN_POINT('Ctrl Pts',(13.0385227457521,49.,25.8849129652151));
#8703=CARTESIAN_POINT('Ctrl Pts',(14.5952795795511,50.,26.075));
#8704=CARTESIAN_POINT('Ctrl Pts',(14.2879091965592,50.,26.0694998766892));
#8705=CARTESIAN_POINT('Ctrl Pts',(13.7774255281069,49.8825795481737,26.0608397556478));
#8706=CARTESIAN_POINT('Ctrl Pts',(13.3609939490178,49.5479873158912,26.0582994757809));
#8707=CARTESIAN_POINT('Ctrl Pts',(13.193037188001,49.2587955799466,26.054138239289));
#8708=CARTESIAN_POINT('Ctrl Pts',(13.1577277686954,49.0869275236026,26.0516617515174));
#8709=CARTESIAN_POINT('Ctrl Pts',(13.1577277686954,49.,26.0516617515174));
#8710=CARTESIAN_POINT('Ctrl Pts',(14.5952795795511,50.,26.075));
#8711=CARTESIAN_POINT('Ctrl Pts',(14.2833756425406,50.,26.0804448442865));
#8712=CARTESIAN_POINT('Ctrl Pts',(13.7652949818982,49.8689442833563,26.0894888741635));
#8713=CARTESIAN_POINT('Ctrl Pts',(13.3668635209099,49.5084173759555,26.0964442120305));
#8714=CARTESIAN_POINT('Ctrl Pts',(13.2288440917564,49.2243812188403,26.0988535894415));
#8715=CARTESIAN_POINT('Ctrl Pts',(13.2053300858899,49.0747998250855,26.0992640687119));
#8716=CARTESIAN_POINT('Ctrl Pts',(13.2053300858899,49.,26.0992640687119));
#8717=CARTESIAN_POINT('',(13.6295941546019,49.,25.075));
#8718=CARTESIAN_POINT('',(13.2053300858899,49.,26.0992640687119));
#8719=CARTESIAN_POINT('Origin',(13.6295941546019,49.,25.675));
#8720=CARTESIAN_POINT('',(14.5952795795511,50.,26.075));
#8721=CARTESIAN_POINT('Origin',(14.5952795795511,49.,26.075));
#8722=CARTESIAN_POINT('Origin',(14.5952795795511,49.,26.075));
#8723=CARTESIAN_POINT('Origin',(11.925,49.,28.));
#8724=CARTESIAN_POINT('',(11.925,50.,18.925));
#8725=CARTESIAN_POINT('',(11.925,50.,28.));
#8726=CARTESIAN_POINT('',(12.925,49.,18.925));
#8727=CARTESIAN_POINT('Origin',(11.925,49.,18.925));
#8728=CARTESIAN_POINT('',(12.925,49.,28.));
#8729=CARTESIAN_POINT('Origin',(13.75,49.,19.925));
#8730=CARTESIAN_POINT('',(10.925,49.,20.925));
#8731=CARTESIAN_POINT('',(10.925,50.,19.925));
#8732=CARTESIAN_POINT('Origin',(10.925,49.,19.925));
#8733=CARTESIAN_POINT('',(2.80000000000002,50.,19.925));
#8734=CARTESIAN_POINT('',(13.75,50.,19.925));
#8735=CARTESIAN_POINT('',(2.80000000000002,49.,20.925));
#8736=CARTESIAN_POINT('Origin',(2.80000000000002,49.,19.925));
#8737=CARTESIAN_POINT('',(13.75,49.,20.925));
#8738=CARTESIAN_POINT('Origin',(2.80000000000002,49.,22.925));
#8739=CARTESIAN_POINT('',(-0.199999999999983,50.,22.925));
#8740=CARTESIAN_POINT('',(0.800000000000018,49.,22.925));
#8741=CARTESIAN_POINT('Origin',(-0.199999999999983,49.,22.925));
#8742=CARTESIAN_POINT('Origin',(2.80000000000002,49.,22.925));
#8743=CARTESIAN_POINT('Origin',(2.80000000000002,50.,22.925));
#8744=CARTESIAN_POINT('Origin',(-0.199999999999976,49.,30.5));
#8745=CARTESIAN_POINT('',(-0.19999999999998,50.,24.6666666666667));
#8746=CARTESIAN_POINT('',(0.800000000000019,49.,24.6666666666667));
#8747=CARTESIAN_POINT('Origin',(-0.19999999999998,49.,24.6666666666667));
#8748=CARTESIAN_POINT('',(0.800000000000023,49.,30.5));
#8749=CARTESIAN_POINT('',(-0.199999999999976,50.,30.5));
#8750=CARTESIAN_POINT('Origin',(2.80000000000002,49.,24.6666666666667));
#8751=CARTESIAN_POINT('',(1.64615384615386,50.,27.4358974358974));
#8752=CARTESIAN_POINT('',(2.03076923076925,49.,26.5128205128205));
#8753=CARTESIAN_POINT('Origin',(1.64615384615386,49.,27.4358974358974));
#8754=CARTESIAN_POINT('Origin',(2.80000000000002,49.,24.6666666666667));
#8755=CARTESIAN_POINT('Origin',(2.80000000000002,50.,24.6666666666667));
#8756=CARTESIAN_POINT('Origin',(8.7372781065089,49.,30.3905325443787));
#8757=CARTESIAN_POINT('',(7.42615384615387,50.,29.8442307692308));
#8758=CARTESIAN_POINT('',(7.81076923076926,49.,28.9211538461538));
#8759=CARTESIAN_POINT('Origin',(7.42615384615387,49.,29.8442307692308));
#8760=CARTESIAN_POINT('',(9.12189349112428,49.,29.4674556213018));
#8761=CARTESIAN_POINT('',(8.7372781065089,50.,30.3905325443787));
#8762=CARTESIAN_POINT('Origin',(8.58000000000003,49.,27.075));
#8763=CARTESIAN_POINT('',(8.58000000000002,50.,30.075));
#8764=CARTESIAN_POINT('',(8.58000000000002,49.,29.075));
#8765=CARTESIAN_POINT('Origin',(8.58000000000002,49.,30.075));
#8766=CARTESIAN_POINT('Origin',(8.58000000000003,49.,27.075));
#8767=CARTESIAN_POINT('Origin',(8.58000000000003,50.,27.075));
#8768=CARTESIAN_POINT('Origin',(11.25,49.,30.075));
#8769=CARTESIAN_POINT('',(14.7325378797542,50.,30.075));
#8770=CARTESIAN_POINT('',(14.7325378797542,49.,29.075));
#8771=CARTESIAN_POINT('Origin',(14.7325378797542,49.,30.075));
#8772=CARTESIAN_POINT('',(11.25,49.,29.075));
#8773=CARTESIAN_POINT('',(11.25,50.,30.075));
#8774=CARTESIAN_POINT('Origin',(14.7325378797542,49.,28.475));
#8775=CARTESIAN_POINT('',(15.8639087296526,50.,27.3436291501015));
#8776=CARTESIAN_POINT('',(15.1568019484661,49.,28.0507359312881));
#8777=CARTESIAN_POINT('Origin',(15.8639087296526,49.,27.3436291501015));
#8778=CARTESIAN_POINT('Origin',(14.7325378797542,49.,28.475));
#8779=CARTESIAN_POINT('Origin',(14.7325378797542,50.,28.475));
#8780=CARTESIAN_POINT('Origin',(19.1351397897756,49.,30.6148602102244));
#8781=CARTESIAN_POINT('',(18.428033008589,49.,31.321966991411));
#8782=CARTESIAN_POINT('',(19.1351397897756,50.,30.6148602102244));
#8783=CARTESIAN_POINT('Ctrl Pts',(11.925,50.,18.925));
#8784=CARTESIAN_POINT('Ctrl Pts',(11.925,50.,19.925));
#8785=CARTESIAN_POINT('Ctrl Pts',(10.925,50.,19.925));
#8786=CARTESIAN_POINT('Ctrl Pts',(12.925,50.,18.925));
#8787=CARTESIAN_POINT('Ctrl Pts',(12.925,50.,20.925));
#8788=CARTESIAN_POINT('Ctrl Pts',(10.925,50.,20.925));
#8789=CARTESIAN_POINT('Ctrl Pts',(12.925,49.,18.925));
#8790=CARTESIAN_POINT('Ctrl Pts',(12.925,49.,20.925));
#8791=CARTESIAN_POINT('Ctrl Pts',(10.925,49.,20.925));
#8792=CARTESIAN_POINT('Origin',(10.925,49.,18.925));
#8793=CARTESIAN_POINT('Origin',(10.925,50.,18.925));
#8794=CARTESIAN_POINT('Origin',(13.25,49.,26.075));
#8795=CARTESIAN_POINT('',(13.25,49.,25.075));
#8796=CARTESIAN_POINT('',(13.25,50.,26.075));
#8797=CARTESIAN_POINT('Origin',(23.1148602102245,49.,32.3648602102245));
#8798=CARTESIAN_POINT('',(23.821966991411,49.,33.071966991411));
#8799=CARTESIAN_POINT('',(23.1148602102245,50.,32.3648602102245));
#8800=CARTESIAN_POINT('Origin',(21.25,49.,27.925));
#8801=CARTESIAN_POINT('',(24.525,50.,27.925));
#8802=CARTESIAN_POINT('',(21.25,50.,27.925));
#8803=CARTESIAN_POINT('',(24.525,49.,28.925));
#8804=CARTESIAN_POINT('Origin',(24.525,49.,27.925));
#8805=CARTESIAN_POINT('',(21.25,49.,28.9250000000001));
#8806=CARTESIAN_POINT('Origin',(24.525,49.,29.525));
#8807=CARTESIAN_POINT('',(22.925,50.,29.525));
#8808=CARTESIAN_POINT('',(23.925,49.,29.525));
#8809=CARTESIAN_POINT('Origin',(22.925,49.,29.525));
#8810=CARTESIAN_POINT('Origin',(24.525,49.,29.525));
#8811=CARTESIAN_POINT('Origin',(24.525,50.,29.525));
#8812=CARTESIAN_POINT('Origin',(22.925,49.,37.5));
#8813=CARTESIAN_POINT('',(22.925,50.,34.475));
#8814=CARTESIAN_POINT('',(23.925,49.,34.475));
#8815=CARTESIAN_POINT('Origin',(22.925,49.,34.475));
#8816=CARTESIAN_POINT('',(23.925,49.,37.5));
#8817=CARTESIAN_POINT('',(22.925,50.,37.5));
#8818=CARTESIAN_POINT('Origin',(24.525,49.,34.475));
#8819=CARTESIAN_POINT('',(24.525,50.,36.075));
#8820=CARTESIAN_POINT('',(24.525,49.,35.075));
#8821=CARTESIAN_POINT('Origin',(24.525,49.,36.075));
#8822=CARTESIAN_POINT('Origin',(24.525,49.,34.475));
#8823=CARTESIAN_POINT('Origin',(24.525,50.,34.475));
#8824=CARTESIAN_POINT('Origin',(21.25,49.,36.0749999999999));
#8825=CARTESIAN_POINT('',(21.25,49.,35.0749999999999));
#8826=CARTESIAN_POINT('',(21.25,50.,36.0749999999999));
#8827=CARTESIAN_POINT('Origin',(27.1148602102245,49.,35.6351397897755));
#8828=CARTESIAN_POINT('',(27.8219669914111,49.,34.928033008589));
#8829=CARTESIAN_POINT('',(27.1148602102245,50.,35.6351397897755));
#8830=CARTESIAN_POINT('Origin',(13.25,49.,37.925));
#8831=CARTESIAN_POINT('',(13.25,49.,38.925));
#8832=CARTESIAN_POINT('',(13.25,50.,37.925));
#8833=CARTESIAN_POINT('Origin',(15.1351397897756,49.,37.3851397897755));
#8834=CARTESIAN_POINT('',(15.8639087296526,50.,36.6563708498985));
#8835=CARTESIAN_POINT('',(15.1351397897756,50.,37.3851397897755));
#8836=CARTESIAN_POINT('',(15.1568019484661,49.,35.9492640687119));
#8837=CARTESIAN_POINT('Origin',(15.8639087296526,49.,36.6563708498985));
#8838=CARTESIAN_POINT('',(14.428033008589,49.,36.678033008589));
#8839=CARTESIAN_POINT('Origin',(14.7325378797542,49.,35.525));
#8840=CARTESIAN_POINT('',(14.7325378797542,50.,33.925));
#8841=CARTESIAN_POINT('',(14.7325378797542,49.,34.925));
#8842=CARTESIAN_POINT('Origin',(14.7325378797542,49.,33.925));
#8843=CARTESIAN_POINT('Origin',(14.7325378797542,49.,35.525));
#8844=CARTESIAN_POINT('Origin',(14.7325378797542,50.,35.525));
#8845=CARTESIAN_POINT('Origin',(11.25,49.,33.925));
#8846=CARTESIAN_POINT('',(8.58000000000002,50.,33.925));
#8847=CARTESIAN_POINT('',(8.58000000000002,49.,34.925));
#8848=CARTESIAN_POINT('Origin',(8.58000000000002,49.,33.925));
#8849=CARTESIAN_POINT('',(11.25,49.,34.925));
#8850=CARTESIAN_POINT('',(11.25,50.,33.925));
#8851=CARTESIAN_POINT('Origin',(8.58000000000003,49.,36.925));
#8852=CARTESIAN_POINT('',(7.42615384615387,50.,34.1557692307692));
#8853=CARTESIAN_POINT('',(7.81076923076926,49.,35.0788461538462));
#8854=CARTESIAN_POINT('Origin',(7.42615384615387,49.,34.1557692307692));
#8855=CARTESIAN_POINT('Origin',(8.58000000000003,49.,36.925));
#8856=CARTESIAN_POINT('Origin',(8.58000000000003,50.,36.925));
#8857=CARTESIAN_POINT('Origin',(5.89704142011836,49.,34.792899408284));
#8858=CARTESIAN_POINT('',(1.64615384615386,50.,36.5641025641026));
#8859=CARTESIAN_POINT('',(2.03076923076925,49.,37.4871794871795));
#8860=CARTESIAN_POINT('Origin',(1.64615384615386,49.,36.5641025641026));
#8861=CARTESIAN_POINT('',(6.28165680473375,49.,35.7159763313609));
#8862=CARTESIAN_POINT('',(5.89704142011836,50.,34.792899408284));
#8863=CARTESIAN_POINT('Origin',(2.80000000000002,49.,39.3333333333333));
#8864=CARTESIAN_POINT('',(-0.19999999999998,50.,39.3333333333333));
#8865=CARTESIAN_POINT('',(0.800000000000019,49.,39.3333333333333));
#8866=CARTESIAN_POINT('Origin',(-0.19999999999998,49.,39.3333333333333));
#8867=CARTESIAN_POINT('Origin',(2.80000000000002,49.,39.3333333333333));
#8868=CARTESIAN_POINT('Origin',(2.80000000000002,50.,39.3333333333333));
#8869=CARTESIAN_POINT('Origin',(-0.199999999999982,49.,41.5));
#8870=CARTESIAN_POINT('',(-0.199999999999982,50.,41.075));
#8871=CARTESIAN_POINT('',(0.800000000000018,49.,41.075));
#8872=CARTESIAN_POINT('Origin',(-0.199999999999982,49.,41.075));
#8873=CARTESIAN_POINT('',(0.800000000000017,49.,41.5));
#8874=CARTESIAN_POINT('',(-0.199999999999982,50.,41.5));
#8875=CARTESIAN_POINT('Origin',(2.80000000000002,49.,41.075));
#8876=CARTESIAN_POINT('',(2.80000000000002,50.,44.075));
#8877=CARTESIAN_POINT('',(2.80000000000002,49.,43.075));
#8878=CARTESIAN_POINT('Origin',(2.80000000000002,49.,44.075));
#8879=CARTESIAN_POINT('Origin',(2.80000000000002,49.,41.075));
#8880=CARTESIAN_POINT('Origin',(2.80000000000002,50.,41.075));
#8881=CARTESIAN_POINT('Origin',(13.75,49.,44.075));
#8882=CARTESIAN_POINT('',(10.925,50.,44.075));
#8883=CARTESIAN_POINT('',(10.925,49.,43.075));
#8884=CARTESIAN_POINT('Origin',(10.925,49.,44.075));
#8885=CARTESIAN_POINT('',(13.75,49.,43.075));
#8886=CARTESIAN_POINT('',(13.75,50.,44.075));
#8887=CARTESIAN_POINT('Ctrl Pts',(10.925,50.,44.075));
#8888=CARTESIAN_POINT('Ctrl Pts',(11.925,50.,44.075));
#8889=CARTESIAN_POINT('Ctrl Pts',(11.925,50.,45.075));
#8890=CARTESIAN_POINT('Ctrl Pts',(10.925,50.,43.075));
#8891=CARTESIAN_POINT('Ctrl Pts',(12.925,50.,43.075));
#8892=CARTESIAN_POINT('Ctrl Pts',(12.925,50.,45.075));
#8893=CARTESIAN_POINT('Ctrl Pts',(10.925,49.,43.075));
#8894=CARTESIAN_POINT('Ctrl Pts',(12.925,49.,43.075));
#8895=CARTESIAN_POINT('Ctrl Pts',(12.925,49.,45.075));
#8896=CARTESIAN_POINT('',(11.925,50.,45.075));
#8897=CARTESIAN_POINT('',(12.925,49.,45.075));
#8898=CARTESIAN_POINT('Origin',(11.925,49.,45.075));
#8899=CARTESIAN_POINT('Origin',(10.925,49.,45.075));
#8900=CARTESIAN_POINT('Origin',(10.925,50.,45.075));
#8901=CARTESIAN_POINT('Origin',(11.925,49.,44.));
#8902=CARTESIAN_POINT('',(12.925,49.,44.));
#8903=CARTESIAN_POINT('',(11.925,50.,44.));
#8904=CARTESIAN_POINT('Origin',(2.80000000000002,0.,22.925));
#8905=CARTESIAN_POINT('',(0.800000000000016,31.1865274975523,22.925));
#8906=CARTESIAN_POINT('',(0.800000000000018,0.,22.925));
#8907=CARTESIAN_POINT('',(0.800000000000016,27.8134725024477,22.925));
#8908=CARTESIAN_POINT('Ctrl Pts',(0.800000000000018,31.1865274975523,22.925));
#8909=CARTESIAN_POINT('Ctrl Pts',(0.800000000000018,31.0869128866822,22.768718343823));
#8910=CARTESIAN_POINT('Ctrl Pts',(0.820738741015811,30.9527928698686,22.6144072352911));
#8911=CARTESIAN_POINT('Ctrl Pts',(0.879066053682857,30.6489429758351,22.3468303658417));
#8912=CARTESIAN_POINT('Ctrl Pts',(0.927335328459054,30.4374666321254,22.21643702532));
#8913=CARTESIAN_POINT('Ctrl Pts',(1.00251123687609,29.9795700626654,22.042973849204));
#8914=CARTESIAN_POINT('Ctrl Pts',(1.02676143736948,29.7326813281825,22.));
#8915=CARTESIAN_POINT('Ctrl Pts',(1.02676143736948,29.2673186718175,22.));
#8916=CARTESIAN_POINT('Ctrl Pts',(1.00251123687609,29.0204299373346,22.042973849204));
#8917=CARTESIAN_POINT('Ctrl Pts',(0.927335328459054,28.5625333678746,22.21643702532));
#8918=CARTESIAN_POINT('Ctrl Pts',(0.879066053682857,28.351057024165,22.3468303658417));
#8919=CARTESIAN_POINT('Ctrl Pts',(0.820738741015811,28.0472071301315,22.6144072352911));
#8920=CARTESIAN_POINT('Ctrl Pts',(0.800000000000018,27.9130871133178,22.768718343823));
#8921=CARTESIAN_POINT('Ctrl Pts',(0.800000000000018,27.8134725024477,22.925));
#8922=CARTESIAN_POINT('',(0.800000000000018,15.5,22.925));
#8923=CARTESIAN_POINT('',(0.800000000000018,0.,22.925));
#8924=CARTESIAN_POINT('',(0.845677866880707,15.5,22.5));
#8925=CARTESIAN_POINT('Origin',(2.80000000000002,15.5,22.925));
#8926=CARTESIAN_POINT('',(1.02676143736948,16.,22.));
#8927=CARTESIAN_POINT('Ctrl Pts',(1.02676143736947,16.,22.));
#8928=CARTESIAN_POINT('Ctrl Pts',(1.02676143736947,15.936743311112,22.));
#8929=CARTESIAN_POINT('Ctrl Pts',(1.01995510150934,15.8699896024875,22.0127362719673));
#8930=CARTESIAN_POINT('Ctrl Pts',(0.995100075623946,15.7483642057712,22.0629552382256));
#8931=CARTESIAN_POINT('Ctrl Pts',(0.977323082199233,15.6934192255294,22.1003944941436));
#8932=CARTESIAN_POINT('Ctrl Pts',(0.940440679306549,15.6048169353324,22.187190481541));
#8933=CARTESIAN_POINT('Ctrl Pts',(0.918621249630821,15.5656536969617,22.2433328615817));
#8934=CARTESIAN_POINT('Ctrl Pts',(0.878196830782393,15.5132255297947,22.3673902175778));
#8935=CARTESIAN_POINT('Ctrl Pts',(0.859733206276768,15.5,22.4353678567759));
#8936=CARTESIAN_POINT('Ctrl Pts',(0.845677866880707,15.5,22.5));
#8937=CARTESIAN_POINT('',(1.02676143736948,22.75,22.));
#8938=CARTESIAN_POINT('',(1.02676143736948,0.,22.));
#8939=CARTESIAN_POINT('',(2.80000000000002,24.3645819892468,20.925));
#8940=CARTESIAN_POINT('Ctrl Pts',(2.80000000000002,24.3645819892468,20.925));
#8941=CARTESIAN_POINT('Ctrl Pts',(2.57152496865927,24.3645819892468,20.925));
#8942=CARTESIAN_POINT('Ctrl Pts',(2.32768525420414,24.3489977246337,20.9671408294532));
#8943=CARTESIAN_POINT('Ctrl Pts',(1.88272023286739,24.2643258710643,21.1319889928838));
#8944=CARTESIAN_POINT('Ctrl Pts',(1.68200355116598,24.1927740096683,21.2545240596983));
#8945=CARTESIAN_POINT('Ctrl Pts',(1.39727140474256,23.9933129576422,21.489510021698));
#8946=CARTESIAN_POINT('Ctrl Pts',(1.27745806929171,23.8499414313291,21.622544676169));
#8947=CARTESIAN_POINT('Ctrl Pts',(1.14258576961298,23.574672368661,21.8008976098747));
#8948=CARTESIAN_POINT('Ctrl Pts',(1.09634741219931,23.4202016903494,21.8757739109566));
#8949=CARTESIAN_POINT('Ctrl Pts',(1.03887313052491,23.0895652918115,21.9754006057976));
#8950=CARTESIAN_POINT('Ctrl Pts',(1.02676143736948,22.913506912837,22.));
#8951=CARTESIAN_POINT('Ctrl Pts',(1.02676143736948,22.75,22.));
#8952=CARTESIAN_POINT('',(2.80000000000002,0.,20.925));
#8953=CARTESIAN_POINT('Origin',(0.800000000000016,0.,21.));
#8954=CARTESIAN_POINT('',(0.800000000000017,31.3856180831641,24.6666666666667));
#8955=CARTESIAN_POINT('',(0.800000000000019,0.,24.6666666666667));
#8956=CARTESIAN_POINT('',(0.800000000000016,31.5,24.));
#8957=CARTESIAN_POINT('Origin',(0.800000000000016,29.5,24.));
#8958=CARTESIAN_POINT('Origin',(0.800000000000016,29.5,24.));
#8959=CARTESIAN_POINT('Origin',(2.80000000000002,0.,24.6666666666667));
#8960=CARTESIAN_POINT('',(2.03076923076925,31.3856180831641,26.5128205128205));
#8961=CARTESIAN_POINT('',(2.03076923076925,0.,26.5128205128205));
#8962=CARTESIAN_POINT('Origin',(2.80000000000002,31.3856180831641,24.6666666666667));
#8963=CARTESIAN_POINT('Origin',(0.800000000000023,0.,26.));
#8964=CARTESIAN_POINT('',(7.81076923076926,8.56333500226091,28.9211538461538));
#8965=CARTESIAN_POINT('',(7.81076923076926,0.,28.9211538461538));
#8966=CARTESIAN_POINT('',(2.63118705693376,7.44202758085944,26.7629946070557));
#8967=CARTESIAN_POINT('Origin',(15.2,0.,32.));
#8968=CARTESIAN_POINT('',(2.03076923076925,7.35234395842654,26.5128205128205));
#8969=CARTESIAN_POINT('Origin',(1.94059293918287,7.85093019519237,26.4752470579928));
#8970=CARTESIAN_POINT('',(2.03076923076925,27.6143819168359,26.5128205128205));
#8971=CARTESIAN_POINT('',(2.03076923076925,0.,26.5128205128205));
#8972=CARTESIAN_POINT('',(0.800000000000023,29.5,26.));
#8973=CARTESIAN_POINT('Ctrl Pts',(0.800000000000019,29.5,26.));
#8974=CARTESIAN_POINT('Ctrl Pts',(0.801893856939309,29.4994077314728,26.000789107058));
#8975=CARTESIAN_POINT('Ctrl Pts',(0.80378654255441,29.4988109142891,26.0015777260643));
#8976=CARTESIAN_POINT('Ctrl Pts',(0.878073673772179,29.4751914976839,26.0325306974051));
#8977=CARTESIAN_POINT('Ctrl Pts',(1.0190266153593,29.4163205461016,26.0912610897331));
#8978=CARTESIAN_POINT('Ctrl Pts',(1.28517564757133,29.2537641233651,26.2021565198214));
#8979=CARTESIAN_POINT('Ctrl Pts',(1.57287194068992,28.9822227622318,26.3220299752875));
#8980=CARTESIAN_POINT('Ctrl Pts',(1.83391596867901,28.5726881189597,26.4307983202829));
#8981=CARTESIAN_POINT('Ctrl Pts',(1.99442783507888,28.1073523214714,26.4976782646162));
#8982=CARTESIAN_POINT('Ctrl Pts',(2.03076923076925,27.7789320384747,26.5128205128205));
#8983=CARTESIAN_POINT('Ctrl Pts',(2.03076923076925,27.6143819168359,26.5128205128205));
#8984=CARTESIAN_POINT('Ctrl Pts',(2.03076923076925,31.3856180831641,26.5128205128205));
#8985=CARTESIAN_POINT('Ctrl Pts',(2.03076923076925,31.2221570862331,26.5128205128205));
#8986=CARTESIAN_POINT('Ctrl Pts',(1.99420363571599,30.89068136339,26.497584848215));
#8987=CARTESIAN_POINT('Ctrl Pts',(1.86059898845674,30.505309788264,26.4419162451903));
#8988=CARTESIAN_POINT('Ctrl Pts',(1.70295204354498,30.221767100935,26.3762300181437));
#8989=CARTESIAN_POINT('Ctrl Pts',(1.51575873571924,29.9637782822793,26.2982328065496));
#8990=CARTESIAN_POINT('Ctrl Pts',(1.28394394053033,29.7454186581922,26.2016433085542));
#8991=CARTESIAN_POINT('Ctrl Pts',(1.01911020152217,29.5837698157872,26.0912959173009));
#8992=CARTESIAN_POINT('Ctrl Pts',(0.878084788556579,29.5248132724894,26.0325353285651));
#8993=CARTESIAN_POINT('Ctrl Pts',(0.803786220267814,29.5011889599581,26.0015775917783));
#8994=CARTESIAN_POINT('Ctrl Pts',(0.801893856939072,29.5005922685272,26.0007891070579));
#8995=CARTESIAN_POINT('Ctrl Pts',(0.800000000000018,29.5,26.));
#8996=CARTESIAN_POINT('Origin',(8.58000000000003,0.,27.075));
#8997=CARTESIAN_POINT('',(8.58000000000002,8.61709782931585,29.075));
#8998=CARTESIAN_POINT('',(8.58000000000002,0.,29.075));
#8999=CARTESIAN_POINT('Ctrl Pts',(8.58000000000003,8.61709782931585,29.075));
#9000=CARTESIAN_POINT('Ctrl Pts',(8.3315352784368,8.61709782931585,29.075));
#9001=CARTESIAN_POINT('Ctrl Pts',(8.06733431600623,8.60084444049792,29.0257088993963));
#9002=CARTESIAN_POINT('Ctrl Pts',(7.82068973441222,8.56481190578087,28.9252639699664));
#9003=CARTESIAN_POINT('Ctrl Pts',(7.8157248243876,8.56407738778923,28.9232186768282));
#9004=CARTESIAN_POINT('Ctrl Pts',(7.81076923076928,8.56333500226091,28.9211538461539));
#9005=CARTESIAN_POINT('Origin',(8.00000000000002,0.,29.075));
#9006=CARTESIAN_POINT('',(14.7325378797542,-49.,29.075));
#9007=CARTESIAN_POINT('',(14.7325378797542,0.,29.075));
#9008=CARTESIAN_POINT('',(8.58000000000002,-49.,29.075));
#9009=CARTESIAN_POINT('',(11.25,-49.,29.075));
#9010=CARTESIAN_POINT('',(8.58000000000002,-8.61709782931585,29.075));
#9011=CARTESIAN_POINT('',(8.58000000000002,0.,29.075));
#9012=CARTESIAN_POINT('',(10.,-8.61709782931585,29.075));
#9013=CARTESIAN_POINT('',(-2.99999999999998,-8.61709782931585,29.075));
#9014=CARTESIAN_POINT('',(10.,8.61709782931585,29.075));
#9015=CARTESIAN_POINT('',(10.,0.,29.075));
#9016=CARTESIAN_POINT('',(-2.99999999999998,8.61709782931585,29.075));
#9017=CARTESIAN_POINT('Origin',(14.7325378797542,0.,28.475));
#9018=CARTESIAN_POINT('',(15.1568019484661,-49.,28.0507359312881));
#9019=CARTESIAN_POINT('',(15.1568019484661,0.,28.0507359312881));
#9020=CARTESIAN_POINT('Origin',(14.7325378797542,-49.,28.475));
#9021=CARTESIAN_POINT('Origin',(16.053033008589,0.,28.946966991411));
#9022=CARTESIAN_POINT('',(13.2053300858899,-49.,26.0992640687119));
#9023=CARTESIAN_POINT('',(13.2053300858899,0.,26.0992640687119));
#9024=CARTESIAN_POINT('',(18.428033008589,-49.,31.321966991411));
#9025=CARTESIAN_POINT('Origin',(13.6295941546019,0.,25.675));
#9026=CARTESIAN_POINT('',(13.6295941546019,-49.,25.075));
#9027=CARTESIAN_POINT('',(13.6295941546019,0.,25.075));
#9028=CARTESIAN_POINT('Origin',(13.6295941546019,-49.,25.675));
#9029=CARTESIAN_POINT('Origin',(12.,0.,25.075));
#9030=CARTESIAN_POINT('',(30.3704058453982,-49.,25.075));
#9031=CARTESIAN_POINT('',(30.3704058453982,0.,25.075));
#9032=CARTESIAN_POINT('',(13.25,-49.,25.075));
#9033=CARTESIAN_POINT('Origin',(30.3704058453982,0.,25.675));
#9034=CARTESIAN_POINT('',(30.7946699141101,-49.,26.0992640687119));
#9035=CARTESIAN_POINT('',(30.7946699141101,0.,26.0992640687119));
#9036=CARTESIAN_POINT('Origin',(30.3704058453982,-49.,25.675));
#9037=CARTESIAN_POINT('Origin',(31.946966991411,0.,24.946966991411));
#9038=CARTESIAN_POINT('',(28.1446699141101,-49.,28.749264068712));
#9039=CARTESIAN_POINT('',(28.1446699141101,0.,28.749264068712));
#9040=CARTESIAN_POINT('',(23.821966991411,-49.,33.071966991411));
#9041=CARTESIAN_POINT('Origin',(27.7204058453982,0.,28.325));
#9042=CARTESIAN_POINT('',(27.7204058453982,-49.,28.925));
#9043=CARTESIAN_POINT('',(27.7204058453982,0.,28.925));
#9044=CARTESIAN_POINT('Origin',(27.7204058453982,-49.,28.325));
#9045=CARTESIAN_POINT('Origin',(28.,0.,28.925));
#9046=CARTESIAN_POINT('',(24.525,-49.,28.925));
#9047=CARTESIAN_POINT('',(24.525,0.,28.925));
#9048=CARTESIAN_POINT('',(21.25,-49.,28.9250000000001));
#9049=CARTESIAN_POINT('Origin',(24.525,0.,29.525));
#9050=CARTESIAN_POINT('',(23.925,-49.,29.525));
#9051=CARTESIAN_POINT('',(23.925,0.,29.525));
#9052=CARTESIAN_POINT('Origin',(24.525,-49.,29.525));
#9053=CARTESIAN_POINT('Origin',(23.925,0.,35.));
#9054=CARTESIAN_POINT('',(23.925,-49.,34.475));
#9055=CARTESIAN_POINT('',(23.925,0.,34.475));
#9056=CARTESIAN_POINT('',(23.925,-49.,37.5));
#9057=CARTESIAN_POINT('Origin',(24.525,0.,34.475));
#9058=CARTESIAN_POINT('',(24.525,-49.,35.075));
#9059=CARTESIAN_POINT('',(24.525,0.,35.075));
#9060=CARTESIAN_POINT('Origin',(24.525,-49.,34.475));
#9061=CARTESIAN_POINT('Origin',(28.,0.,35.075));
#9062=CARTESIAN_POINT('',(27.7204058453982,-49.,35.075));
#9063=CARTESIAN_POINT('',(27.7204058453982,0.,35.075));
#9064=CARTESIAN_POINT('',(21.25,-49.,35.0749999999999));
#9065=CARTESIAN_POINT('Origin',(27.7204058453982,0.,35.675));
#9066=CARTESIAN_POINT('',(28.1446699141101,-49.,35.250735931288));
#9067=CARTESIAN_POINT('',(28.1446699141101,0.,35.250735931288));
#9068=CARTESIAN_POINT('Origin',(27.7204058453982,-49.,35.675));
#9069=CARTESIAN_POINT('Origin',(31.946966991411,0.,39.053033008589));
#9070=CARTESIAN_POINT('',(30.7946699141101,-49.,37.9007359312881));
#9071=CARTESIAN_POINT('',(30.7946699141101,0.,37.9007359312881));
#9072=CARTESIAN_POINT('',(27.8219669914111,-49.,34.928033008589));
#9073=CARTESIAN_POINT('Origin',(30.3704058453982,0.,38.325));
#9074=CARTESIAN_POINT('',(30.3704058453982,-49.,38.925));
#9075=CARTESIAN_POINT('',(30.3704058453982,0.,38.925));
#9076=CARTESIAN_POINT('Origin',(30.3704058453982,-49.,38.325));
#9077=CARTESIAN_POINT('Origin',(12.,0.,38.925));
#9078=CARTESIAN_POINT('',(13.6295941546019,-49.,38.925));
#9079=CARTESIAN_POINT('',(13.6295941546019,0.,38.925));
#9080=CARTESIAN_POINT('',(13.25,-49.,38.925));
#9081=CARTESIAN_POINT('Origin',(13.6295941546019,0.,38.325));
#9082=CARTESIAN_POINT('',(13.2053300858899,-49.,37.9007359312881));
#9083=CARTESIAN_POINT('',(13.2053300858899,0.,37.9007359312881));
#9084=CARTESIAN_POINT('Origin',(13.6295941546019,-49.,38.325));
#9085=CARTESIAN_POINT('Origin',(16.053033008589,0.,35.053033008589));
#9086=CARTESIAN_POINT('',(15.1568019484661,-49.,35.9492640687119));
#9087=CARTESIAN_POINT('',(15.1568019484661,0.,35.9492640687119));
#9088=CARTESIAN_POINT('',(14.428033008589,-49.,36.678033008589));
#9089=CARTESIAN_POINT('Origin',(14.7325378797542,0.,35.525));
#9090=CARTESIAN_POINT('',(14.7325378797542,-49.,34.925));
#9091=CARTESIAN_POINT('',(14.7325378797542,0.,34.925));
#9092=CARTESIAN_POINT('Origin',(14.7325378797542,-49.,35.525));
#9093=CARTESIAN_POINT('Origin',(8.00000000000002,0.,34.925));
#9094=CARTESIAN_POINT('',(8.58000000000002,8.61709782931585,34.925));
#9095=CARTESIAN_POINT('',(8.58000000000002,0.,34.925));
#9096=CARTESIAN_POINT('',(10.,8.61709782931585,34.925));
#9097=CARTESIAN_POINT('',(-2.99999999999998,8.61709782931585,34.925));
#9098=CARTESIAN_POINT('',(10.,-8.61709782931585,34.925));
#9099=CARTESIAN_POINT('',(10.,0.,34.925));
#9100=CARTESIAN_POINT('',(8.58000000000002,-8.61709782931585,34.925));
#9101=CARTESIAN_POINT('',(-2.99999999999998,-8.61709782931585,34.925));
#9102=CARTESIAN_POINT('',(8.58000000000002,-49.,34.925));
#9103=CARTESIAN_POINT('',(8.58000000000002,0.,34.925));
#9104=CARTESIAN_POINT('',(11.25,-49.,34.925));
#9105=CARTESIAN_POINT('Origin',(8.58000000000003,0.,36.925));
#9106=CARTESIAN_POINT('',(7.81076923076926,8.56333500226091,35.0788461538462));
#9107=CARTESIAN_POINT('',(7.81076923076926,0.,35.0788461538462));
#9108=CARTESIAN_POINT('Ctrl Pts',(7.81076923076928,8.56333500226091,35.0788461538461));
#9109=CARTESIAN_POINT('Ctrl Pts',(7.8157248243876,8.56407738778924,35.0767813231718));
#9110=CARTESIAN_POINT('Ctrl Pts',(7.82068973441222,8.56481190578087,35.0747360300336));
#9111=CARTESIAN_POINT('Ctrl Pts',(8.06733431600622,8.60084444049792,34.9742911006037));
#9112=CARTESIAN_POINT('Ctrl Pts',(8.3315352784368,8.61709782931585,34.925));
#9113=CARTESIAN_POINT('Ctrl Pts',(8.58000000000003,8.61709782931585,34.925));
#9114=CARTESIAN_POINT('Origin',(0.800000000000023,0.,38.));
#9115=CARTESIAN_POINT('',(2.03076923076925,7.35234395842654,37.4871794871795));
#9116=CARTESIAN_POINT('',(2.03076923076925,0.,37.4871794871795));
#9117=CARTESIAN_POINT('',(2.63118705693376,7.44202758085944,37.2370053929443));
#9118=CARTESIAN_POINT('Origin',(1.94059293918286,7.85093019519237,37.5247529420072));
#9119=CARTESIAN_POINT('Origin',(15.2,0.,32.));
#9120=CARTESIAN_POINT('Origin',(2.80000000000002,0.,39.3333333333333));
#9121=CARTESIAN_POINT('',(0.800000000000017,9.38561808316413,39.3333333333333));
#9122=CARTESIAN_POINT('',(0.800000000000019,0.,39.3333333333333));
#9123=CARTESIAN_POINT('',(1.2918102356263,7.78074415624228,38.0198023536183));
#9124=CARTESIAN_POINT('Ctrl Pts',(0.80000000000002,9.38561808316413,39.3333333333333));
#9125=CARTESIAN_POINT('Ctrl Pts',(0.80000000000002,9.35208710454415,39.2384934038853));
#9126=CARTESIAN_POINT('Ctrl Pts',(0.806850217705244,9.31171505314808,39.1475316541213));
#9127=CARTESIAN_POINT('Ctrl Pts',(0.846932154561936,9.15566515770688,38.8530067416803));
#9128=CARTESIAN_POINT('Ctrl Pts',(0.918292941420447,8.98039832308758,38.6357646415555));
#9129=CARTESIAN_POINT('Ctrl Pts',(1.05710880714682,8.63654470017803,38.3390684810772));
#9130=CARTESIAN_POINT('Ctrl Pts',(1.13984795160869,8.42977075924296,38.2129879434371));
#9131=CARTESIAN_POINT('Ctrl Pts',(1.24259810116877,8.06824021754414,38.0768951331362));
#9132=CARTESIAN_POINT('Ctrl Pts',(1.27400747535111,7.92492276414567,38.0402433947932));
#9133=CARTESIAN_POINT('Ctrl Pts',(1.29181023563705,7.78074415624358,38.0198023536184));
#9134=CARTESIAN_POINT('Ctrl Pts',(2.03076923076925,7.35234395842654,37.4871794871795));
#9135=CARTESIAN_POINT('Ctrl Pts',(1.94482681502829,7.34964536685777,37.5229888270716));
#9136=CARTESIAN_POINT('Ctrl Pts',(1.86229595667984,7.3503449149691,37.5644755379867));
#9137=CARTESIAN_POINT('Ctrl Pts',(1.68547304640735,7.36844219024789,37.6686857210398));
#9138=CARTESIAN_POINT('Ctrl Pts',(1.5941360485517,7.38955804963614,37.7342244886903));
#9139=CARTESIAN_POINT('Ctrl Pts',(1.47787117495461,7.45486180740697,37.831976309535));
#9140=CARTESIAN_POINT('Ctrl Pts',(1.44231436539815,7.4811210321887,37.8641416018135));
#9141=CARTESIAN_POINT('Ctrl Pts',(1.38065922970307,7.54621272303706,37.9236147941961));
#9142=CARTESIAN_POINT('Ctrl Pts',(1.35455314560409,7.58517671184884,37.9507705335799));
#9143=CARTESIAN_POINT('Ctrl Pts',(1.32072059240239,7.65752148529717,37.9871561319748));
#9144=CARTESIAN_POINT('Ctrl Pts',(1.30807638064919,7.69438756486772,38.0012967803031));
#9145=CARTESIAN_POINT('Ctrl Pts',(1.2964446291084,7.7488746264288,38.0144904115099));
#9146=CARTESIAN_POINT('Ctrl Pts',(1.2937783540392,7.76480502279953,38.0175425698181));
#9147=CARTESIAN_POINT('Ctrl Pts',(1.29181023563705,7.78074415624358,38.0198023536184));
#9148=CARTESIAN_POINT('Origin',(0.800000000000016,0.,43.));
#9149=CARTESIAN_POINT('',(0.800000000000018,9.5,41.075));
#9150=CARTESIAN_POINT('',(0.800000000000018,0.,41.075));
#9151=CARTESIAN_POINT('',(0.800000000000018,9.5,40.0000000386201));
#9152=CARTESIAN_POINT('',(0.800000000000017,9.5,41.50000001931));
#9153=CARTESIAN_POINT('Origin',(0.800000000000016,7.5,40.));
#9154=CARTESIAN_POINT('Origin',(2.80000000000002,0.,41.075));
#9155=CARTESIAN_POINT('',(2.80000000000002,24.3645819892468,43.075));
#9156=CARTESIAN_POINT('',(2.80000000000002,0.,43.075));
#9157=CARTESIAN_POINT('',(1.02676143736948,22.75,42.));
#9158=CARTESIAN_POINT('Ctrl Pts',(1.02676143736948,22.75,42.));
#9159=CARTESIAN_POINT('Ctrl Pts',(1.02676143736948,22.913506912837,42.));
#9160=CARTESIAN_POINT('Ctrl Pts',(1.0388731305249,23.0895652918115,42.0245993942024));
#9161=CARTESIAN_POINT('Ctrl Pts',(1.09634741219931,23.4202016903494,42.1242260890434));
#9162=CARTESIAN_POINT('Ctrl Pts',(1.14258576961298,23.574672368661,42.1991023901253));
#9163=CARTESIAN_POINT('Ctrl Pts',(1.27745806929171,23.8499414313291,42.377455323831));
#9164=CARTESIAN_POINT('Ctrl Pts',(1.39727140474256,23.9933129576422,42.510489978302));
#9165=CARTESIAN_POINT('Ctrl Pts',(1.68200355116598,24.1927740096683,42.7454759403017));
#9166=CARTESIAN_POINT('Ctrl Pts',(1.88272023286739,24.2643258710643,42.8680110071162));
#9167=CARTESIAN_POINT('Ctrl Pts',(2.32768525420414,24.3489977246337,43.0328591705468));
#9168=CARTESIAN_POINT('Ctrl Pts',(2.57152496865927,24.3645819892468,43.075));
#9169=CARTESIAN_POINT('Ctrl Pts',(2.80000000000002,24.3645819892468,43.075));
#9170=CARTESIAN_POINT('',(1.02676143736948,10.,42.));
#9171=CARTESIAN_POINT('',(1.02676143736948,0.,42.));
#9172=CARTESIAN_POINT('',(0.845677866880707,9.5,41.5));
#9173=CARTESIAN_POINT('Ctrl Pts',(0.845677866880707,9.5,41.5));
#9174=CARTESIAN_POINT('Ctrl Pts',(0.859733206276766,9.5,41.5646321432241));
#9175=CARTESIAN_POINT('Ctrl Pts',(0.878196830782393,9.51322552979473,41.6326097824222));
#9176=CARTESIAN_POINT('Ctrl Pts',(0.918621249630821,9.56565369696165,41.7566671384183));
#9177=CARTESIAN_POINT('Ctrl Pts',(0.940440679306549,9.60481693533241,41.812809518459));
#9178=CARTESIAN_POINT('Ctrl Pts',(0.977323082199233,9.69341922552944,41.8996055058563));
#9179=CARTESIAN_POINT('Ctrl Pts',(0.995100075623946,9.74836420577117,41.9370447617744));
#9180=CARTESIAN_POINT('Ctrl Pts',(1.01995510150934,9.86998960248746,41.9872637280327));
#9181=CARTESIAN_POINT('Ctrl Pts',(1.02676143736948,9.93674331111197,42.));
#9182=CARTESIAN_POINT('Ctrl Pts',(1.02676143736948,10.,42.));
#9183=CARTESIAN_POINT('Origin',(2.80000000000002,9.5,41.075));
#9184=CARTESIAN_POINT('Origin',(13.,0.,43.075));
#9185=CARTESIAN_POINT('',(10.925,24.3645819892468,43.075));
#9186=CARTESIAN_POINT('',(10.925,0.,43.075));
#9187=CARTESIAN_POINT('',(-2.99999999999998,24.3645819892468,43.075));
#9188=CARTESIAN_POINT('Origin',(10.925,0.,45.075));
#9189=CARTESIAN_POINT('',(12.925,24.4695566302704,45.0749999927586));
#9190=CARTESIAN_POINT('',(12.925,0.,45.075));
#9191=CARTESIAN_POINT('',(12.8984170871866,24.5,44.75));
#9192=CARTESIAN_POINT('Ctrl Pts',(12.8984170871866,24.5,44.75));
#9193=CARTESIAN_POINT('Ctrl Pts',(12.9126164399098,24.5,44.83621921628));
#9194=CARTESIAN_POINT('Ctrl Pts',(12.9209289590255,24.4935529756132,44.9223476479728));
#9195=CARTESIAN_POINT('Ctrl Pts',(12.9246034816969,24.4777615996951,45.0290612128934));
#9196=CARTESIAN_POINT('Ctrl Pts',(12.9249999999168,24.4739002924482,45.0520179211775));
#9197=CARTESIAN_POINT('Ctrl Pts',(12.925,24.4695566302705,45.0749999927584));
#9198=CARTESIAN_POINT('',(12.4231238266579,24.5,43.75));
#9199=CARTESIAN_POINT('Origin',(10.925,24.5,45.075));
#9200=CARTESIAN_POINT('Ctrl Pts',(10.925,24.3645819892468,43.075));
#9201=CARTESIAN_POINT('Ctrl Pts',(11.2448363995115,24.3645819892468,43.075));
#9202=CARTESIAN_POINT('Ctrl Pts',(11.5740544214434,24.4034261563968,43.1551830339332));
#9203=CARTESIAN_POINT('Ctrl Pts',(12.0073575430712,24.4634000765128,43.3852527903895));
#9204=CARTESIAN_POINT('Ctrl Pts',(12.1422711886685,24.4824850252954,43.4797989458771));
#9205=CARTESIAN_POINT('Ctrl Pts',(12.3196097430768,24.497239730934,43.639433485185));
#9206=CARTESIAN_POINT('Ctrl Pts',(12.3730887241677,24.5,43.6934273364455));
#9207=CARTESIAN_POINT('Ctrl Pts',(12.4231238266579,24.5,43.75));
#9208=CARTESIAN_POINT('Origin',(12.925,0.,48.));
#9209=CARTESIAN_POINT('',(12.925,-49.,45.075));
#9210=CARTESIAN_POINT('',(12.925,-49.,44.));
#9211=CARTESIAN_POINT('',(12.925,-24.4695566302704,45.0749999927586));
#9212=CARTESIAN_POINT('',(12.925,0.,45.075));
#9213=CARTESIAN_POINT('',(12.925,-22.75,46.5));
#9214=CARTESIAN_POINT('Origin',(12.925,-22.75,44.75));
#9215=CARTESIAN_POINT('',(12.925,22.75,46.5));
#9216=CARTESIAN_POINT('',(12.925,12.25,46.5));
#9217=CARTESIAN_POINT('Origin',(12.925,22.75,44.75));
#9218=CARTESIAN_POINT('Ctrl Pts',(13.6295941546019,-49.,25.075));
#9219=CARTESIAN_POINT('Ctrl Pts',(13.6295941546019,-49.0747998250855,25.075));
#9220=CARTESIAN_POINT('Ctrl Pts',(13.645762977365,-49.2245940352821,25.0917433641902));
#9221=CARTESIAN_POINT('Ctrl Pts',(13.7181185513604,-49.4370955033256,25.1666700143457));
#9222=CARTESIAN_POINT('Ctrl Pts',(13.9490287825724,-49.8216030420211,25.4057853879925));
#9223=CARTESIAN_POINT('Ctrl Pts',(14.3063471760559,-50.,25.7758006996581));
#9224=CARTESIAN_POINT('Ctrl Pts',(14.5952795795511,-50.,26.075));
#9225=CARTESIAN_POINT('Ctrl Pts',(13.494954469448,-49.,25.075));
#9226=CARTESIAN_POINT('Ctrl Pts',(13.494954469448,-49.0991324646936,25.075));
#9227=CARTESIAN_POINT('Ctrl Pts',(13.5317032110976,-49.2930366142396,25.1044690511429));
#9228=CARTESIAN_POINT('Ctrl Pts',(13.6432207068436,-49.514788579415,25.2041754800209));
#9229=CARTESIAN_POINT('Ctrl Pts',(13.9244245466563,-49.8643044591912,25.4694013579243));
#9230=CARTESIAN_POINT('Ctrl Pts',(14.2942576986732,-50.,25.8049872799175));
#9231=CARTESIAN_POINT('Ctrl Pts',(14.5952795795511,-50.,26.075));
#9232=CARTESIAN_POINT('Ctrl Pts',(13.2260470094823,-49.,25.1691352636316));
#9233=CARTESIAN_POINT('Ctrl Pts',(13.2260470094823,-49.1406154226317,25.1691352636316));
#9234=CARTESIAN_POINT('Ctrl Pts',(13.3038557291326,-49.4088404714598,25.2147464044114));
#9235=CARTESIAN_POINT('Ctrl Pts',(13.4935866222923,-49.6396217436689,25.3371462635439));
#9236=CARTESIAN_POINT('Ctrl Pts',(13.8752776297296,-49.9244741086256,25.6015059697944));
#9237=CARTESIAN_POINT('Ctrl Pts',(14.2700787439077,-50.,25.8633604404364));
#9238=CARTESIAN_POINT('Ctrl Pts',(14.5952795795511,-50.,26.075));
#9239=CARTESIAN_POINT('Ctrl Pts',(12.998444981283,-49.,25.5311703527311));
#9240=CARTESIAN_POINT('Ctrl Pts',(12.998444981283,-49.1546696285681,25.5311703527311));
#9241=CARTESIAN_POINT('Ctrl Pts',(13.0972060404181,-49.4478486060327,25.5670282320751));
#9242=CARTESIAN_POINT('Ctrl Pts',(13.3339822989672,-49.6802519689362,25.6491062059297));
#9243=CARTESIAN_POINT('Ctrl Pts',(13.7947489091399,-49.9422422067565,25.8021320607589));
#9244=CARTESIAN_POINT('Ctrl Pts',(14.2338103117595,-50.,25.9509201812147));
#9245=CARTESIAN_POINT('Ctrl Pts',(14.5952795795511,-50.,26.075));
#9246=CARTESIAN_POINT('Ctrl Pts',(13.038522745752,-49.,25.884912965215));
#9247=CARTESIAN_POINT('Ctrl Pts',(13.038522745752,-49.1209598654194,25.884912965215));
#9248=CARTESIAN_POINT('Ctrl Pts',(13.1067407479107,-49.3540916167122,25.8979058965965));
#9249=CARTESIAN_POINT('Ctrl Pts',(13.2947707344059,-49.5814629426907,25.9231804098821));
#9250=CARTESIAN_POINT('Ctrl Pts',(13.7216602544722,-49.8975475201089,25.9651949327017));
#9251=CARTESIAN_POINT('Ctrl Pts',(14.2035866183026,-50.,26.0238866318632));
#9252=CARTESIAN_POINT('Ctrl Pts',(14.5952795795511,-50.,26.075));
#9253=CARTESIAN_POINT('Ctrl Pts',(13.1577277686954,-49.,26.0516617515174));
#9254=CARTESIAN_POINT('Ctrl Pts',(13.1577277686954,-49.0869275236026,26.0516617515174));
#9255=CARTESIAN_POINT('Ctrl Pts',(13.1927753945728,-49.2587265565148,26.054028634318));
#9256=CARTESIAN_POINT('Ctrl Pts',(13.3193981445307,-49.4758536611216,26.0574276702447));
#9257=CARTESIAN_POINT('Ctrl Pts',(13.6786598989706,-49.842972551319,26.0602950635488));
#9258=CARTESIAN_POINT('Ctrl Pts',(14.1854524022285,-50.,26.0676665022523));
#9259=CARTESIAN_POINT('Ctrl Pts',(14.5952795795511,-50.,26.075));
#9260=CARTESIAN_POINT('Ctrl Pts',(13.2053300858899,-49.,26.0992640687119));
#9261=CARTESIAN_POINT('Ctrl Pts',(13.2053300858899,-49.0747998250855,26.0992640687119));
#9262=CARTESIAN_POINT('Ctrl Pts',(13.2286025164684,-49.2245940352821,26.0988578065727));
#9263=CARTESIAN_POINT('Ctrl Pts',(13.3327467759137,-49.4370955033256,26.097039781185));
#9264=CARTESIAN_POINT('Ctrl Pts',(13.6651050684407,-49.8216030420211,26.0912378693288));
#9265=CARTESIAN_POINT('Ctrl Pts',(14.1794076635371,-50.,26.082259792382));
#9266=CARTESIAN_POINT('Ctrl Pts',(14.5952795795511,-50.,26.075));
#9267=CARTESIAN_POINT('',(14.5952795795511,-50.,26.075));
#9268=CARTESIAN_POINT('Origin',(14.5952795795511,-49.,26.075));
#9269=CARTESIAN_POINT('Origin',(14.5952795795511,-49.,26.075));
#9270=CARTESIAN_POINT('Origin',(19.1351397897756,-49.,30.6148602102244));
#9271=CARTESIAN_POINT('',(15.8639087296526,-50.,27.3436291501015));
#9272=CARTESIAN_POINT('',(19.1351397897756,-50.,30.6148602102244));
#9273=CARTESIAN_POINT('Origin',(15.8639087296526,-49.,27.3436291501015));
#9274=CARTESIAN_POINT('Origin',(14.7325378797542,-49.,28.475));
#9275=CARTESIAN_POINT('',(14.7325378797542,-50.,30.075));
#9276=CARTESIAN_POINT('Origin',(14.7325378797542,-49.,30.075));
#9277=CARTESIAN_POINT('Origin',(14.7325378797542,-50.,28.475));
#9278=CARTESIAN_POINT('Origin',(11.25,-49.,30.075));
#9279=CARTESIAN_POINT('',(8.58000000000002,-50.,30.075));
#9280=CARTESIAN_POINT('Origin',(8.58000000000002,-49.,30.075));
#9281=CARTESIAN_POINT('',(11.25,-50.,30.075));
#9282=CARTESIAN_POINT('Origin',(8.58000000000003,-49.,27.075));
#9283=CARTESIAN_POINT('',(7.42615384615387,-50.,29.8442307692308));
#9284=CARTESIAN_POINT('',(7.81076923076926,-49.,28.9211538461538));
#9285=CARTESIAN_POINT('Origin',(7.42615384615387,-49.,29.8442307692308));
#9286=CARTESIAN_POINT('Origin',(8.58000000000003,-49.,27.075));
#9287=CARTESIAN_POINT('Origin',(8.58000000000003,-50.,27.075));
#9288=CARTESIAN_POINT('Origin',(8.7372781065089,-49.,30.3905325443787));
#9289=CARTESIAN_POINT('',(1.64615384615386,-50.,27.4358974358974));
#9290=CARTESIAN_POINT('',(2.03076923076925,-49.,26.5128205128205));
#9291=CARTESIAN_POINT('Origin',(1.64615384615386,-49.,27.4358974358974));
#9292=CARTESIAN_POINT('',(9.12189349112428,-49.,29.4674556213018));
#9293=CARTESIAN_POINT('',(8.7372781065089,-50.,30.3905325443787));
#9294=CARTESIAN_POINT('Origin',(2.80000000000002,-49.,24.6666666666667));
#9295=CARTESIAN_POINT('',(-0.199999999999981,-50.,24.6666666666667));
#9296=CARTESIAN_POINT('',(0.800000000000019,-49.,24.6666666666667));
#9297=CARTESIAN_POINT('Origin',(-0.199999999999981,-49.,24.6666666666667));
#9298=CARTESIAN_POINT('Origin',(2.80000000000002,-49.,24.6666666666667));
#9299=CARTESIAN_POINT('Origin',(2.80000000000002,-50.,24.6666666666667));
#9300=CARTESIAN_POINT('Origin',(-0.199999999999976,-49.,30.5));
#9301=CARTESIAN_POINT('',(-0.199999999999981,-50.,22.925));
#9302=CARTESIAN_POINT('',(0.800000000000018,-49.,22.925));
#9303=CARTESIAN_POINT('Origin',(-0.199999999999981,-49.,22.925));
#9304=CARTESIAN_POINT('',(0.800000000000023,-49.,30.5));
#9305=CARTESIAN_POINT('',(-0.199999999999976,-50.,30.5));
#9306=CARTESIAN_POINT('Origin',(2.80000000000002,-49.,22.925));
#9307=CARTESIAN_POINT('',(2.80000000000002,-50.,19.925));
#9308=CARTESIAN_POINT('',(2.80000000000002,-49.,20.925));
#9309=CARTESIAN_POINT('Origin',(2.80000000000002,-49.,19.925));
#9310=CARTESIAN_POINT('Origin',(2.80000000000002,-49.,22.925));
#9311=CARTESIAN_POINT('Origin',(2.80000000000002,-50.,22.925));
#9312=CARTESIAN_POINT('Origin',(13.75,-49.,19.925));
#9313=CARTESIAN_POINT('',(10.925,-50.,19.925));
#9314=CARTESIAN_POINT('',(10.925,-49.,20.925));
#9315=CARTESIAN_POINT('Origin',(10.925,-49.,19.925));
#9316=CARTESIAN_POINT('',(13.75,-49.,20.925));
#9317=CARTESIAN_POINT('',(13.75,-50.,19.925));
#9318=CARTESIAN_POINT('Ctrl Pts',(10.925,-50.,19.925));
#9319=CARTESIAN_POINT('Ctrl Pts',(11.925,-50.,19.925));
#9320=CARTESIAN_POINT('Ctrl Pts',(11.925,-50.,18.925));
#9321=CARTESIAN_POINT('Ctrl Pts',(10.925,-50.,20.925));
#9322=CARTESIAN_POINT('Ctrl Pts',(12.925,-50.,20.925));
#9323=CARTESIAN_POINT('Ctrl Pts',(12.925,-50.,18.925));
#9324=CARTESIAN_POINT('Ctrl Pts',(10.925,-49.,20.925));
#9325=CARTESIAN_POINT('Ctrl Pts',(12.925,-49.,20.925));
#9326=CARTESIAN_POINT('Ctrl Pts',(12.925,-49.,18.925));
#9327=CARTESIAN_POINT('',(11.925,-50.,18.925));
#9328=CARTESIAN_POINT('',(12.925,-49.,18.925));
#9329=CARTESIAN_POINT('Origin',(11.925,-49.,18.925));
#9330=CARTESIAN_POINT('Origin',(10.925,-49.,18.925));
#9331=CARTESIAN_POINT('Origin',(10.925,-50.,18.925));
#9332=CARTESIAN_POINT('Origin',(11.925,-49.,28.));
#9333=CARTESIAN_POINT('',(12.925,-49.,28.));
#9334=CARTESIAN_POINT('',(11.925,-50.,28.));
#9335=CARTESIAN_POINT('Ctrl Pts',(30.7946699141101,-49.,26.0992640687119));
#9336=CARTESIAN_POINT('Ctrl Pts',(30.7946699141101,-49.0747998250855,26.0992640687119));
#9337=CARTESIAN_POINT('Ctrl Pts',(30.7592372818939,-49.2983089140673,26.0986455283789));
#9338=CARTESIAN_POINT('Ctrl Pts',(30.4375059050618,-49.7851063904394,26.0930291284522));
#9339=CARTESIAN_POINT('Ctrl Pts',(29.820592336463,-50.,26.0822597923821));
#9340=CARTESIAN_POINT('Ctrl Pts',(29.404720420449,-50.,26.075));
#9341=CARTESIAN_POINT('Ctrl Pts',(30.8898745484992,-49.,26.0040594343228));
#9342=CARTESIAN_POINT('Ctrl Pts',(30.8898745484992,-49.0991324646936,26.0040594343228));
#9343=CARTESIAN_POINT('Ctrl Pts',(30.8139570157966,-49.3879472501742,26.0134332629223));
#9344=CARTESIAN_POINT('Ctrl Pts',(30.4018051215632,-49.8350900375343,26.0254925169027));
#9345=CARTESIAN_POINT('Ctrl Pts',(29.8085028590802,-50.,26.0530732121226));
#9346=CARTESIAN_POINT('Ctrl Pts',(29.404720420449,-50.,26.075));
#9347=CARTESIAN_POINT('Ctrl Pts',(31.0134548036552,-49.,25.7473441723833));
#9348=CARTESIAN_POINT('Ctrl Pts',(31.0134548036552,-49.1406154226317,25.7473441723833));
#9349=CARTESIAN_POINT('Ctrl Pts',(30.8669167830436,-49.537751490712,25.7868307574557));
#9350=CARTESIAN_POINT('Ctrl Pts',(30.3267010417885,-49.9035700486475,25.886790652526));
#9351=CARTESIAN_POINT('Ctrl Pts',(29.7843239043147,-50.,25.9947000516038));
#9352=CARTESIAN_POINT('Ctrl Pts',(29.404720420449,-50.,26.075));
#9353=CARTESIAN_POINT('Ctrl Pts',(30.9183966893757,-49.,25.3304097148166));
#9354=CARTESIAN_POINT('Ctrl Pts',(30.9183966893757,-49.1546696285681,25.3304097148166));
#9355=CARTESIAN_POINT('Ctrl Pts',(30.7569443002155,-49.5878010581663,25.4053084954837));
#9356=CARTESIAN_POINT('Ctrl Pts',(30.2292644413628,-49.9232871791407,25.6686345631961));
#9357=CARTESIAN_POINT('Ctrl Pts',(29.7480554721665,-50.,25.9071403108255));
#9358=CARTESIAN_POINT('Ctrl Pts',(29.404720420449,-50.,26.075));
#9359=CARTESIAN_POINT('Ctrl Pts',(30.6399245761394,-49.,25.1086162724219));
#9360=CARTESIAN_POINT('Ctrl Pts',(30.6399245761394,-49.1209598654194,25.1086162724219));
#9361=CARTESIAN_POINT('Ctrl Pts',(30.5437397384664,-49.4671799466176,25.1724254025645));
#9362=CARTESIAN_POINT('Ctrl Pts',(30.1671688421164,-49.8732333503932,25.4800805896166));
#9363=CARTESIAN_POINT('Ctrl Pts',(29.7178317787096,-50.,25.834173860177));
#9364=CARTESIAN_POINT('Ctrl Pts',(29.404720420449,-50.,26.075));
#9365=CARTESIAN_POINT('Ctrl Pts',(30.4377256879751,-49.,25.075));
#9366=CARTESIAN_POINT('Ctrl Pts',(30.4377256879751,-49.0869275236026,25.075));
#9367=CARTESIAN_POINT('Ctrl Pts',(30.3952657007577,-49.3429952715406,25.1112175751868));
#9368=CARTESIAN_POINT('Ctrl Pts',(30.1335091264049,-49.8101077623534,25.3680390211208));
#9369=CARTESIAN_POINT('Ctrl Pts',(29.6996975626355,-50.,25.7903939897878));
#9370=CARTESIAN_POINT('Ctrl Pts',(29.404720420449,-50.,26.075));
#9371=CARTESIAN_POINT('Ctrl Pts',(30.3704058453982,-49.,25.075));
#9372=CARTESIAN_POINT('Ctrl Pts',(30.3704058453982,-49.0747998250855,25.075));
#9373=CARTESIAN_POINT('Ctrl Pts',(30.3457885649467,-49.2983089140673,25.1004920285793));
#9374=CARTESIAN_POINT('Ctrl Pts',(30.1222615211423,-49.7851063904394,25.3319618613318));
#9375=CARTESIAN_POINT('Ctrl Pts',(29.6936528239441,-50.,25.7758006996581));
#9376=CARTESIAN_POINT('Ctrl Pts',(29.404720420449,-50.,26.075));
#9377=CARTESIAN_POINT('',(29.404720420449,-50.,26.075));
#9378=CARTESIAN_POINT('Origin',(29.404720420449,-49.,26.075));
#9379=CARTESIAN_POINT('Origin',(29.404720420449,-49.,26.075));
#9380=CARTESIAN_POINT('Origin',(13.25,-49.,26.075));
#9381=CARTESIAN_POINT('',(13.25,-50.,26.075));
#9382=CARTESIAN_POINT('Ctrl Pts',(27.7204058453982,-49.,28.925));
#9383=CARTESIAN_POINT('Ctrl Pts',(27.7204058453982,-49.2991993003419,28.925));
#9384=CARTESIAN_POINT('Ctrl Pts',(27.6787922776949,-49.8171628313498,28.6738399011798));
#9385=CARTESIAN_POINT('Ctrl Pts',(27.5919001428652,-50.,28.1493994752564));
#9386=CARTESIAN_POINT('Ctrl Pts',(27.5547204204489,-50.,27.925));
#9387=CARTESIAN_POINT('Ctrl Pts',(27.8774854780777,-49.,28.925));
#9388=CARTESIAN_POINT('Ctrl Pts',(27.8774854780777,-49.318884522647,28.925));
#9389=CARTESIAN_POINT('Ctrl Pts',(27.7859529423443,-49.8491744729723,28.6352202277638));
#9390=CARTESIAN_POINT('Ctrl Pts',(27.6236350209949,-50.,28.1362544583348));
#9391=CARTESIAN_POINT('Ctrl Pts',(27.5547204204489,-50.,27.925));
#9392=CARTESIAN_POINT('Ctrl Pts',(28.0335978406561,-49.,28.8603361421659));
#9393=CARTESIAN_POINT('Ctrl Pts',(28.0335978406561,-49.318884522647,28.8603361421659));
#9394=CARTESIAN_POINT('Ctrl Pts',(27.8934158753735,-49.8491744729723,28.5907076234508));
#9395=CARTESIAN_POINT('Ctrl Pts',(27.6553698991246,-50.,28.1231094414133));
#9396=CARTESIAN_POINT('Ctrl Pts',(27.5547204204489,-50.,27.925));
#9397=CARTESIAN_POINT('Ctrl Pts',(28.1446699141101,-49.,28.749264068712));
#9398=CARTESIAN_POINT('Ctrl Pts',(28.1446699141101,-49.2991993003419,28.749264068712));
#9399=CARTESIAN_POINT('Ctrl Pts',(27.9964981409832,-49.8171628313498,28.5422418237603));
#9400=CARTESIAN_POINT('Ctrl Pts',(27.6871047772543,-50.,28.1099644244917));
#9401=CARTESIAN_POINT('Ctrl Pts',(27.5547204204489,-50.,27.925));
#9402=CARTESIAN_POINT('',(27.5547204204489,-50.,27.925));
#9403=CARTESIAN_POINT('Origin',(27.5547204204489,-49.,27.925));
#9404=CARTESIAN_POINT('Origin',(27.5547204204489,-49.,27.925));
#9405=CARTESIAN_POINT('Origin',(23.1148602102245,-49.,32.3648602102245));
#9406=CARTESIAN_POINT('',(23.1148602102245,-50.,32.3648602102245));
#9407=CARTESIAN_POINT('Ctrl Pts',(28.1446699141101,-49.,35.250735931288));
#9408=CARTESIAN_POINT('Ctrl Pts',(28.1446699141101,-49.2243994752564,35.250735931288));
#9409=CARTESIAN_POINT('Ctrl Pts',(28.036797992384,-49.7488296919613,35.401452136755));
#9410=CARTESIAN_POINT('Ctrl Pts',(27.7312328961894,-50.,35.8283807673444));
#9411=CARTESIAN_POINT('Ctrl Pts',(27.5547204204489,-50.,36.075));
#9412=CARTESIAN_POINT('Ctrl Pts',(28.0335978406561,-49.,35.1396638578341));
#9413=CARTESIAN_POINT('Ctrl Pts',(28.0335978406561,-49.2391633919853,35.1396638578341));
#9414=CARTESIAN_POINT('Ctrl Pts',(27.9286719936275,-49.7867727858835,35.3410339057305));
#9415=CARTESIAN_POINT('Ctrl Pts',(27.6889197253498,-50.,35.8108540781156));
#9416=CARTESIAN_POINT('Ctrl Pts',(27.5547204204489,-50.,36.075));
#9417=CARTESIAN_POINT('Ctrl Pts',(27.8774854780777,-49.,35.075));
#9418=CARTESIAN_POINT('Ctrl Pts',(27.8774854780777,-49.2391633919853,35.075));
#9419=CARTESIAN_POINT('Ctrl Pts',(27.8092891296379,-49.7867727858835,35.2915839043511));
#9420=CARTESIAN_POINT('Ctrl Pts',(27.6466065545102,-50.,35.7933273888869));
#9421=CARTESIAN_POINT('Ctrl Pts',(27.5547204204489,-50.,36.075));
#9422=CARTESIAN_POINT('Ctrl Pts',(27.7204058453982,-49.,35.075));
#9423=CARTESIAN_POINT('Ctrl Pts',(27.7204058453982,-49.2243994752564,35.075));
#9424=CARTESIAN_POINT('Ctrl Pts',(27.69011036183,-49.7488296919613,35.2578494182725));
#9425=CARTESIAN_POINT('Ctrl Pts',(27.6042933836706,-50.,35.7758006996581));
#9426=CARTESIAN_POINT('Ctrl Pts',(27.5547204204489,-50.,36.075));
#9427=CARTESIAN_POINT('',(27.5547204204489,-50.,36.075));
#9428=CARTESIAN_POINT('Origin',(27.5547204204489,-49.,36.075));
#9429=CARTESIAN_POINT('Origin',(27.5547204204489,-49.,36.075));
#9430=CARTESIAN_POINT('Origin',(21.25,-49.,36.0749999999999));
#9431=CARTESIAN_POINT('',(24.525,-50.,36.075));
#9432=CARTESIAN_POINT('',(21.25,-50.,36.0749999999999));
#9433=CARTESIAN_POINT('Origin',(24.525,-49.,36.075));
#9434=CARTESIAN_POINT('Origin',(24.525,-49.,34.475));
#9435=CARTESIAN_POINT('',(22.925,-50.,34.475));
#9436=CARTESIAN_POINT('Origin',(22.925,-49.,34.475));
#9437=CARTESIAN_POINT('Origin',(24.525,-50.,34.475));
#9438=CARTESIAN_POINT('Origin',(22.925,-49.,37.5));
#9439=CARTESIAN_POINT('',(22.925,-50.,29.525));
#9440=CARTESIAN_POINT('Origin',(22.925,-49.,29.525));
#9441=CARTESIAN_POINT('',(22.925,-50.,37.5));
#9442=CARTESIAN_POINT('Origin',(24.525,-49.,29.525));
#9443=CARTESIAN_POINT('',(24.525,-50.,27.925));
#9444=CARTESIAN_POINT('Origin',(24.525,-49.,27.925));
#9445=CARTESIAN_POINT('Origin',(24.525,-50.,29.525));
#9446=CARTESIAN_POINT('Origin',(21.25,-49.,27.925));
#9447=CARTESIAN_POINT('',(21.25,-50.,27.925));
#9448=CARTESIAN_POINT('Ctrl Pts',(30.3704058453982,-49.,38.925));
#9449=CARTESIAN_POINT('Ctrl Pts',(30.3704058453982,-49.0747998250855,38.925));
#9450=CARTESIAN_POINT('Ctrl Pts',(30.345787231321,-49.2983055821871,38.899506590406));
#9451=CARTESIAN_POINT('Ctrl Pts',(30.1222523323118,-49.7850842110434,38.6680286233227));
#9452=CARTESIAN_POINT('Ctrl Pts',(29.6936528239441,-50.,38.2241993003419));
#9453=CARTESIAN_POINT('Ctrl Pts',(29.404720420449,-50.,37.925));
#9454=CARTESIAN_POINT('Ctrl Pts',(30.505045530552,-49.,38.925));
#9455=CARTESIAN_POINT('Ctrl Pts',(30.505045530552,-49.0991324646936,38.925));
#9456=CARTESIAN_POINT('Ctrl Pts',(30.4447252646974,-49.3879420050725,38.8779392246856));
#9457=CARTESIAN_POINT('Ctrl Pts',(30.1447271559039,-49.8350746949857,38.5950096998855));
#9458=CARTESIAN_POINT('Ctrl Pts',(29.7057423013269,-50.,38.1950127200825));
#9459=CARTESIAN_POINT('Ctrl Pts',(29.404720420449,-50.,37.925));
#9460=CARTESIAN_POINT('Ctrl Pts',(30.7739563977396,-49.,38.8308558707839));
#9461=CARTESIAN_POINT('Ctrl Pts',(30.7739563977396,-49.1406154226317,38.8308558707839));
#9462=CARTESIAN_POINT('Ctrl Pts',(30.642388056536,-49.5377368373269,38.7551463264787));
#9463=CARTESIAN_POINT('Ctrl Pts',(30.1896228860458,-49.9035471816703,38.4437986185333));
#9464=CARTESIAN_POINT('Ctrl Pts',(29.7299212560923,-50.,38.1366395595636));
#9465=CARTESIAN_POINT('Ctrl Pts',(29.4047204204489,-50.,37.925));
#9466=CARTESIAN_POINT('Ctrl Pts',(31.0015566627235,-49.,38.4688235088395));
#9467=CARTESIAN_POINT('Ctrl Pts',(31.0015566627235,-49.1546696285681,38.4688235088395));
#9468=CARTESIAN_POINT('Ctrl Pts',(30.8343942620459,-49.5877838179109,38.40760540249));
#9469=CARTESIAN_POINT('Ctrl Pts',(30.2749533351935,-49.9232599446027,38.2206286806788));
#9470=CARTESIAN_POINT('Ctrl Pts',(29.7661896882406,-50.,38.0490798187854));
#9471=CARTESIAN_POINT('Ctrl Pts',(29.404720420449,-50.,37.925));
#9472=CARTESIAN_POINT('Ctrl Pts',(30.9614787131957,-49.,38.1150832680351));
#9473=CARTESIAN_POINT('Ctrl Pts',(30.9614787131957,-49.1209598654194,38.1150832680351));
#9474=CARTESIAN_POINT('Ctrl Pts',(30.8483242419515,-49.4671702255621,38.0921841973367));
#9475=CARTESIAN_POINT('Ctrl Pts',(30.364435974466,-49.8732160404515,38.0434297408637));
#9476=CARTESIAN_POINT('Ctrl Pts',(29.7964133816974,-50.,37.9761133681368));
#9477=CARTESIAN_POINT('Ctrl Pts',(29.4047204204489,-50.,37.925));
#9478=CARTESIAN_POINT('Ctrl Pts',(30.8422722313047,-49.,37.9483382484826));
#9479=CARTESIAN_POINT('Ctrl Pts',(30.8422722313047,-49.0869275236026,37.9483382484826));
#9480=CARTESIAN_POINT('Ctrl Pts',(30.7866333019859,-49.3429897441832,37.9439215533181));
#9481=CARTESIAN_POINT('Ctrl Pts',(30.4199215513639,-49.8100873938828,37.9404228025856));
#9482=CARTESIAN_POINT('Ctrl Pts',(29.8145475977716,-50.,37.9323334977477));
#9483=CARTESIAN_POINT('Ctrl Pts',(29.404720420449,-50.,37.925));
#9484=CARTESIAN_POINT('Ctrl Pts',(30.7946699141101,-49.,37.9007359312881));
#9485=CARTESIAN_POINT('Ctrl Pts',(30.7946699141101,-49.0747998250855,37.9007359312881));
#9486=CARTESIAN_POINT('Ctrl Pts',(30.7592353623533,-49.2983055821871,37.9013545051302));
#9487=CARTESIAN_POINT('Ctrl Pts',(30.4374926792121,-49.7850842110434,37.9069711024288));
#9488=CARTESIAN_POINT('Ctrl Pts',(29.8205923364629,-50.,37.917740207618));
#9489=CARTESIAN_POINT('Ctrl Pts',(29.404720420449,-50.,37.925));
#9490=CARTESIAN_POINT('',(29.404720420449,-50.,37.925));
#9491=CARTESIAN_POINT('Origin',(29.404720420449,-49.,37.925));
#9492=CARTESIAN_POINT('Origin',(29.404720420449,-49.,37.925));
#9493=CARTESIAN_POINT('Origin',(27.1148602102245,-49.,35.6351397897755));
#9494=CARTESIAN_POINT('',(27.1148602102245,-50.,35.6351397897755));
#9495=CARTESIAN_POINT('Ctrl Pts',(13.2053300858899,-49.,37.9007359312881));
#9496=CARTESIAN_POINT('Ctrl Pts',(13.2053300858899,-49.0747998250855,37.9007359312881));
#9497=CARTESIAN_POINT('Ctrl Pts',(13.2286060260965,-49.2245887330927,37.9011422546941));
#9498=CARTESIAN_POINT('Ctrl Pts',(13.3327492055808,-49.4370916850589,37.9029602612292));
#9499=CARTESIAN_POINT('Ctrl Pts',(13.6651185444379,-49.8215830234128,37.908762365919));
#9500=CARTESIAN_POINT('Ctrl Pts',(14.1794076635371,-50.,37.917740207618));
#9501=CARTESIAN_POINT('Ctrl Pts',(14.5952795795511,-50.,37.925));
#9502=CARTESIAN_POINT('Ctrl Pts',(13.1101254515008,-49.,37.9959405656772));
#9503=CARTESIAN_POINT('Ctrl Pts',(13.1101254515008,-49.0991324646936,37.9959405656772));
#9504=CARTESIAN_POINT('Ctrl Pts',(13.1569605165708,-49.2930333255599,37.9907917613864));
#9505=CARTESIAN_POINT('Ctrl Pts',(13.3063187930375,-49.5147849235705,37.9824410098737));
#9506=CARTESIAN_POINT('Ctrl Pts',(13.6927201055368,-49.864300669287,37.9711385511279));
#9507=CARTESIAN_POINT('Ctrl Pts',(14.1914971409199,-50.,37.9469267878774));
#9508=CARTESIAN_POINT('Ctrl Pts',(14.5952795795511,-50.,37.925));
#9509=CARTESIAN_POINT('Ctrl Pts',(12.9865446935494,-49.,38.25265469744));
#9510=CARTESIAN_POINT('Ctrl Pts',(12.9865446935494,-49.1406154226317,38.25265469744));
#9511=CARTESIAN_POINT('Ctrl Pts',(13.0738402774571,-49.408833837685,38.2298764799823));
#9512=CARTESIAN_POINT('Ctrl Pts',(13.294551015956,-49.6396116957779,38.182266093199));
#9513=CARTESIAN_POINT('Ctrl Pts',(13.7514064108322,-49.9244854071034,38.0992835677654));
#9514=CARTESIAN_POINT('Ctrl Pts',(14.2156760956854,-50.,38.0052999483962));
#9515=CARTESIAN_POINT('Ctrl Pts',(14.5952795795511,-50.,37.925));
#9516=CARTESIAN_POINT('Ctrl Pts',(13.0816028966405,-49.,38.6695895679482));
#9517=CARTESIAN_POINT('Ctrl Pts',(13.0816028966405,-49.1546696285681,38.6695895679482));
#9518=CARTESIAN_POINT('Ctrl Pts',(13.1768255123813,-49.4478422226816,38.6250988197474));
#9519=CARTESIAN_POINT('Ctrl Pts',(13.4022909717999,-49.6802410922445,38.5157100431975));
#9520=CARTESIAN_POINT('Ctrl Pts',(13.8363476397085,-49.9422591734124,38.2980925178082));
#9521=CARTESIAN_POINT('Ctrl Pts',(14.2519445278336,-50.,38.0928596891745));
#9522=CARTESIAN_POINT('Ctrl Pts',(14.5952795795511,-50.,37.925));
#9523=CARTESIAN_POINT('Ctrl Pts',(13.3600752110635,-49.,38.8913832459692));
#9524=CARTESIAN_POINT('Ctrl Pts',(13.3600752110635,-49.1209598654194,38.8913832459692));
#9525=CARTESIAN_POINT('Ctrl Pts',(13.4175173476049,-49.3540869798058,38.8523239339118));
#9526=CARTESIAN_POINT('Ctrl Pts',(13.5683465094589,-49.5814562645102,38.7372371774872));
#9527=CARTESIAN_POINT('Ctrl Pts',(13.8999353726771,-49.8975526285929,38.4650811405373));
#9528=CARTESIAN_POINT('Ctrl Pts',(14.2821682212904,-50.,38.165826139823));
#9529=CARTESIAN_POINT('Ctrl Pts',(14.5952795795511,-50.,37.925));
#9530=CARTESIAN_POINT('Ctrl Pts',(13.5622743120249,-49.,38.925));
#9531=CARTESIAN_POINT('Ctrl Pts',(13.5622743120249,-49.0869275236026,38.925));
#9532=CARTESIAN_POINT('Ctrl Pts',(13.5887363009815,-49.258720446642,38.9018901714189));
#9533=CARTESIAN_POINT('Ctrl Pts',(13.6806750397501,-49.4758481748431,38.8147586156521));
#9534=CARTESIAN_POINT('Ctrl Pts',(13.9367505323979,-49.8429585120665,38.562746509302));
#9535=CARTESIAN_POINT('Ctrl Pts',(14.3003024373646,-50.,38.2096060102122));
#9536=CARTESIAN_POINT('Ctrl Pts',(14.5952795795511,-50.,37.925));
#9537=CARTESIAN_POINT('Ctrl Pts',(13.6295941546019,-49.,38.925));
#9538=CARTESIAN_POINT('Ctrl Pts',(13.6295941546019,-49.0747998250855,38.925));
#9539=CARTESIAN_POINT('Ctrl Pts',(13.6457654157246,-49.2245887330927,38.9082541108057));
#9540=CARTESIAN_POINT('Ctrl Pts',(13.7181202394032,-49.4370916850589,38.8333282376288));
#9541=CARTESIAN_POINT('Ctrl Pts',(13.9490381451961,-49.8215830234128,38.5942049166932));
#9542=CARTESIAN_POINT('Ctrl Pts',(14.3063471760559,-50.,38.2241993003419));
#9543=CARTESIAN_POINT('Ctrl Pts',(14.5952795795511,-50.,37.925));
#9544=CARTESIAN_POINT('',(14.5952795795511,-50.,37.925));
#9545=CARTESIAN_POINT('Origin',(14.5952795795511,-49.,37.925));
#9546=CARTESIAN_POINT('Origin',(14.5952795795511,-49.,37.925));
#9547=CARTESIAN_POINT('Origin',(13.25,-49.,37.925));
#9548=CARTESIAN_POINT('',(13.25,-50.,37.925));
#9549=CARTESIAN_POINT('Origin',(13.75,-49.,44.075));
#9550=CARTESIAN_POINT('',(2.80000000000002,-50.,44.075));
#9551=CARTESIAN_POINT('',(2.80000000000002,-49.,43.075));
#9552=CARTESIAN_POINT('Origin',(2.80000000000002,-49.,44.075));
#9553=CARTESIAN_POINT('',(10.925,-49.,43.075));
#9554=CARTESIAN_POINT('',(13.75,-49.,43.075));
#9555=CARTESIAN_POINT('',(10.925,-50.,44.075));
#9556=CARTESIAN_POINT('Origin',(10.925,-49.,44.075));
#9557=CARTESIAN_POINT('',(13.75,-50.,44.075));
#9558=CARTESIAN_POINT('Ctrl Pts',(11.925,-50.,45.075));
#9559=CARTESIAN_POINT('Ctrl Pts',(11.925,-50.,44.075));
#9560=CARTESIAN_POINT('Ctrl Pts',(10.925,-50.,44.075));
#9561=CARTESIAN_POINT('Ctrl Pts',(12.925,-50.,45.075));
#9562=CARTESIAN_POINT('Ctrl Pts',(12.925,-50.,43.075));
#9563=CARTESIAN_POINT('Ctrl Pts',(10.925,-50.,43.075));
#9564=CARTESIAN_POINT('Ctrl Pts',(12.925,-49.,45.075));
#9565=CARTESIAN_POINT('Ctrl Pts',(12.925,-49.,43.075));
#9566=CARTESIAN_POINT('Ctrl Pts',(10.925,-49.,43.075));
#9567=CARTESIAN_POINT('',(11.925,-50.,45.075));
#9568=CARTESIAN_POINT('Origin',(11.925,-49.,45.075));
#9569=CARTESIAN_POINT('Origin',(10.925,-50.,45.075));
#9570=CARTESIAN_POINT('Origin',(10.925,-49.,45.075));
#9571=CARTESIAN_POINT('Origin',(11.925,-49.,44.));
#9572=CARTESIAN_POINT('',(11.925,-50.,44.));
#9573=CARTESIAN_POINT('Origin',(2.80000000000002,-49.,41.075));
#9574=CARTESIAN_POINT('',(-0.199999999999983,-50.,41.075));
#9575=CARTESIAN_POINT('',(0.800000000000018,-49.,41.075));
#9576=CARTESIAN_POINT('Origin',(-0.199999999999983,-49.,41.075));
#9577=CARTESIAN_POINT('Origin',(2.80000000000002,-49.,41.075));
#9578=CARTESIAN_POINT('Origin',(2.80000000000002,-50.,41.075));
#9579=CARTESIAN_POINT('Origin',(-0.199999999999982,-49.,41.5));
#9580=CARTESIAN_POINT('',(-0.199999999999981,-50.,39.3333333333333));
#9581=CARTESIAN_POINT('',(0.800000000000019,-49.,39.3333333333333));
#9582=CARTESIAN_POINT('Origin',(-0.199999999999981,-49.,39.3333333333333));
#9583=CARTESIAN_POINT('',(0.800000000000017,-49.,41.5));
#9584=CARTESIAN_POINT('',(-0.199999999999982,-50.,41.5));
#9585=CARTESIAN_POINT('Origin',(2.80000000000002,-49.,39.3333333333333));
#9586=CARTESIAN_POINT('',(1.64615384615386,-50.,36.5641025641026));
#9587=CARTESIAN_POINT('',(2.03076923076925,-49.,37.4871794871795));
#9588=CARTESIAN_POINT('Origin',(1.64615384615386,-49.,36.5641025641026));
#9589=CARTESIAN_POINT('Origin',(2.80000000000002,-49.,39.3333333333333));
#9590=CARTESIAN_POINT('Origin',(2.80000000000002,-50.,39.3333333333333));
#9591=CARTESIAN_POINT('Origin',(5.89704142011836,-49.,34.792899408284));
#9592=CARTESIAN_POINT('',(7.42615384615387,-50.,34.1557692307692));
#9593=CARTESIAN_POINT('',(7.81076923076926,-49.,35.0788461538462));
#9594=CARTESIAN_POINT('Origin',(7.42615384615387,-49.,34.1557692307692));
#9595=CARTESIAN_POINT('',(6.28165680473375,-49.,35.7159763313609));
#9596=CARTESIAN_POINT('',(5.89704142011836,-50.,34.792899408284));
#9597=CARTESIAN_POINT('Origin',(8.58000000000003,-49.,36.925));
#9598=CARTESIAN_POINT('',(8.58000000000002,-50.,33.925));
#9599=CARTESIAN_POINT('Origin',(8.58000000000002,-49.,33.925));
#9600=CARTESIAN_POINT('Origin',(8.58000000000003,-49.,36.925));
#9601=CARTESIAN_POINT('Origin',(8.58000000000003,-50.,36.925));
#9602=CARTESIAN_POINT('Origin',(11.25,-49.,33.925));
#9603=CARTESIAN_POINT('',(14.7325378797542,-50.,33.925));
#9604=CARTESIAN_POINT('Origin',(14.7325378797542,-49.,33.925));
#9605=CARTESIAN_POINT('',(11.25,-50.,33.925));
#9606=CARTESIAN_POINT('Origin',(14.7325378797542,-49.,35.525));
#9607=CARTESIAN_POINT('',(15.8639087296526,-50.,36.6563708498985));
#9608=CARTESIAN_POINT('Origin',(15.8639087296526,-49.,36.6563708498985));
#9609=CARTESIAN_POINT('Origin',(14.7325378797542,-50.,35.525));
#9610=CARTESIAN_POINT('Origin',(15.1351397897756,-49.,37.3851397897755));
#9611=CARTESIAN_POINT('',(15.1351397897756,-50.,37.3851397897755));
#9612=CARTESIAN_POINT('Origin',(14.5,-50.,40.));
#9613=CARTESIAN_POINT('',(-3.22499999999999,-50.,44.));
#9614=CARTESIAN_POINT('Origin',(10.925,0.,45.075));
#9615=CARTESIAN_POINT('',(10.925,-24.5,43.075));
#9616=CARTESIAN_POINT('',(10.925,0.,43.075));
#9617=CARTESIAN_POINT('',(12.8984170871866,-24.5,44.75));
#9618=CARTESIAN_POINT('Origin',(10.925,-24.5,45.075));
#9619=CARTESIAN_POINT('Ctrl Pts',(12.925,-24.4695566302705,45.0749999927584));
#9620=CARTESIAN_POINT('Ctrl Pts',(12.9249999999168,-24.4739002924482,45.0520179211775));
#9621=CARTESIAN_POINT('Ctrl Pts',(12.9246034816969,-24.4777615996951,45.0290612128934));
#9622=CARTESIAN_POINT('Ctrl Pts',(12.9209289590255,-24.4935529756132,44.9223476479728));
#9623=CARTESIAN_POINT('Ctrl Pts',(12.9126164399098,-24.5,44.83621921628));
#9624=CARTESIAN_POINT('Ctrl Pts',(12.8984170871866,-24.5,44.75));
#9625=CARTESIAN_POINT('Origin',(13.,0.,43.075));
#9626=CARTESIAN_POINT('',(2.80000000000002,-24.5,43.075));
#9627=CARTESIAN_POINT('',(2.80000000000002,0.,43.075));
#9628=CARTESIAN_POINT('',(6.00000000000002,-24.5,43.075));
#9629=CARTESIAN_POINT('Origin',(-1.99999999999998,16.,22.5));
#9630=CARTESIAN_POINT('',(-0.999999999999976,15.5,22.5));
#9631=CARTESIAN_POINT('',(-1.99999999999998,15.5,22.5));
#9632=CARTESIAN_POINT('',(-0.999999999999976,16.,22.));
#9633=CARTESIAN_POINT('Origin',(-0.999999999999976,16.,22.5));
#9634=CARTESIAN_POINT('',(-1.99999999999998,16.,22.));
#9635=CARTESIAN_POINT('Origin',(-2.99999999999998,-24.5,22.));
#9636=CARTESIAN_POINT('',(-0.999999999999976,11.,22.));
#9637=CARTESIAN_POINT('',(-0.999999999999976,-5.5,22.));
#9638=CARTESIAN_POINT('',(0.800000000000017,11.,22.));
#9639=CARTESIAN_POINT('',(-1.99999999999998,11.,22.));
#9640=CARTESIAN_POINT('',(0.800000000000017,10.,22.));
#9641=CARTESIAN_POINT('',(0.800000000000017,-12.25,22.));
#9642=CARTESIAN_POINT('',(-0.999999999999976,10.,22.));
#9643=CARTESIAN_POINT('',(-1.99999999999998,10.,22.));
#9644=CARTESIAN_POINT('',(-0.999999999999976,5.00000000000001,22.));
#9645=CARTESIAN_POINT('',(-0.999999999999976,24.5,22.));
#9646=CARTESIAN_POINT('',(0.800000000000017,5.00000000000001,22.));
#9647=CARTESIAN_POINT('',(-1.99999999999998,5.00000000000001,22.));
#9648=CARTESIAN_POINT('',(0.800000000000017,-20.,22.));
#9649=CARTESIAN_POINT('',(0.800000000000017,-12.25,22.));
#9650=CARTESIAN_POINT('',(-0.999999999999976,-20.,22.));
#9651=CARTESIAN_POINT('',(-1.99999999999998,-20.,22.));
#9652=CARTESIAN_POINT('',(-0.999999999999976,-22.75,22.));
#9653=CARTESIAN_POINT('',(-0.999999999999976,24.5,22.));
#9654=CARTESIAN_POINT('',(-1.99999999999998,-22.75,22.));
#9655=CARTESIAN_POINT('',(-2.99999999999998,22.75,22.));
#9656=CARTESIAN_POINT('Origin',(-1.99999999999998,11.,22.5));
#9657=CARTESIAN_POINT('',(0.800000000000017,11.5,22.5));
#9658=CARTESIAN_POINT('Origin',(0.800000000000016,11.,22.5));
#9659=CARTESIAN_POINT('',(-0.999999999999976,11.5,22.5));
#9660=CARTESIAN_POINT('Origin',(-0.999999999999976,11.,22.5));
#9661=CARTESIAN_POINT('',(-1.99999999999998,11.5,22.5));
#9662=CARTESIAN_POINT('Origin',(0.800000000000016,0.,21.));
#9663=CARTESIAN_POINT('',(0.800000000000018,11.5,23.9999998384134));
#9664=CARTESIAN_POINT('',(0.800000000000017,11.5,22.4999999192067));
#9665=CARTESIAN_POINT('',(0.800000000000017,11.6143819168359,24.6666666666667));
#9666=CARTESIAN_POINT('Origin',(0.800000000000016,13.5,24.));
#9667=CARTESIAN_POINT('',(0.800000000000017,9.38561808316413,24.6666666666667));
#9668=CARTESIAN_POINT('',(0.800000000000019,0.,24.6666666666667));
#9669=CARTESIAN_POINT('',(0.800000000000018,9.5,23.9999999613799));
#9670=CARTESIAN_POINT('Origin',(0.800000000000016,7.5,24.));
#9671=CARTESIAN_POINT('',(0.800000000000017,9.5,22.5));
#9672=CARTESIAN_POINT('',(0.800000000000017,9.5,22.49999998069));
#9673=CARTESIAN_POINT('Origin',(0.800000000000016,10.,22.5));
#9674=CARTESIAN_POINT('Origin',(-1.99999999999998,5.00000000000001,22.5));
#9675=CARTESIAN_POINT('',(0.800000000000017,5.50000000000001,22.5));
#9676=CARTESIAN_POINT('Origin',(0.800000000000016,5.00000000000001,22.5));
#9677=CARTESIAN_POINT('',(-0.999999999999976,5.50000000000001,22.5));
#9678=CARTESIAN_POINT('Origin',(-0.999999999999976,5.00000000000001,22.5));
#9679=CARTESIAN_POINT('',(-1.99999999999998,5.50000000000001,22.5));
#9680=CARTESIAN_POINT('Origin',(-0.999999999999976,5.50000000000001,22.));
#9681=CARTESIAN_POINT('',(-0.999999999999976,5.5,23.8048795005809));
#9682=CARTESIAN_POINT('',(-0.999999999999976,5.5,24.0000000000002));
#9683=CARTESIAN_POINT('',(0.800000000000018,5.5,23.8048795005809));
#9684=CARTESIAN_POINT('',(-2.99999999999998,5.5,23.8048795005809));
#9685=CARTESIAN_POINT('',(0.800000000000017,5.50000000000001,21.5));
#9686=CARTESIAN_POINT('Origin',(-1.99999999999998,10.,22.5));
#9687=CARTESIAN_POINT('',(-0.999999999999976,9.5,22.5));
#9688=CARTESIAN_POINT('',(-1.99999999999998,9.5,22.5));
#9689=CARTESIAN_POINT('Origin',(-0.999999999999976,10.,22.5));
#9690=CARTESIAN_POINT('Origin',(-2.99999999999998,7.85093019519237,26.4752470579928));
#9691=CARTESIAN_POINT('',(-0.999999999999976,7.44202758085943,26.7629946070557));
#9692=CARTESIAN_POINT('',(-0.999999999999976,7.7807441561539,25.9801976463943));
#9693=CARTESIAN_POINT('Origin',(-0.999999999999976,7.85093019519237,26.4752470579928));
#9694=CARTESIAN_POINT('',(1.2918102356263,7.78074415624228,25.9801976463817));
#9695=CARTESIAN_POINT('',(-2.99999999999998,7.7807441561539,25.9801976463943));
#9696=CARTESIAN_POINT('Ctrl Pts',(1.29181023563705,7.78074415624358,25.9801976463816));
#9697=CARTESIAN_POINT('Ctrl Pts',(1.2937783540392,7.76480502279953,25.9824574301819));
#9698=CARTESIAN_POINT('Ctrl Pts',(1.2964446291084,7.7488746264288,25.9855095884901));
#9699=CARTESIAN_POINT('Ctrl Pts',(1.30807638064919,7.69438756486772,25.9987032196969));
#9700=CARTESIAN_POINT('Ctrl Pts',(1.3207205924024,7.65752148529717,26.0128438680252));
#9701=CARTESIAN_POINT('Ctrl Pts',(1.3545531456041,7.58517671184884,26.0492294664201));
#9702=CARTESIAN_POINT('Ctrl Pts',(1.38065922970307,7.54621272303706,26.0763852058039));
#9703=CARTESIAN_POINT('Ctrl Pts',(1.44231436539815,7.4811210321887,26.1358583981865));
#9704=CARTESIAN_POINT('Ctrl Pts',(1.47787117495461,7.45486180740697,26.168023690465));
#9705=CARTESIAN_POINT('Ctrl Pts',(1.59413604855171,7.38955804963613,26.2657755113097));
#9706=CARTESIAN_POINT('Ctrl Pts',(1.68547304640735,7.36844219024788,26.3313142789602));
#9707=CARTESIAN_POINT('Ctrl Pts',(1.86229595667984,7.3503449149691,26.4355244620133));
#9708=CARTESIAN_POINT('Ctrl Pts',(1.94482681502829,7.34964536685777,26.4770111729284));
#9709=CARTESIAN_POINT('Ctrl Pts',(2.03076923076925,7.35234395842654,26.5128205128205));
#9710=CARTESIAN_POINT('',(-2.99999999999998,7.44202758085943,26.7629946070557));
#9711=CARTESIAN_POINT('Origin',(-2.99999999999998,0.,32.));
#9712=CARTESIAN_POINT('',(8.00000000000002,9.1,32.));
#9713=CARTESIAN_POINT('',(-2.99999999999998,9.1,32.));
#9714=CARTESIAN_POINT('',(8.00000000000002,9.05286556842639,32.925));
#9715=CARTESIAN_POINT('Origin',(8.00000000000002,0.,32.));
#9716=CARTESIAN_POINT('Ctrl Pts',(8.00000000000002,9.05286556842639,32.925));
#9717=CARTESIAN_POINT('Ctrl Pts',(8.00000000000002,9.02687423010883,33.1793741532242));
#9718=CARTESIAN_POINT('Ctrl Pts',(8.05138248506507,8.98743108868637,33.4488577115923));
#9719=CARTESIAN_POINT('Ctrl Pts',(8.25750845845243,8.89381176928197,33.9424774022465));
#9720=CARTESIAN_POINT('Ctrl Pts',(8.41216916730376,8.84018022771229,34.166751233413));
#9721=CARTESIAN_POINT('Ctrl Pts',(8.76634243112956,8.74639116272214,34.5185996359008));
#9722=CARTESIAN_POINT('Ctrl Pts',(8.98925607676055,8.69980180489134,34.6711106792195));
#9723=CARTESIAN_POINT('Ctrl Pts',(9.47988239717887,8.63478258009468,34.8743545131518));
#9724=CARTESIAN_POINT('Ctrl Pts',(9.74772968682643,8.61709782931585,34.925));
#9725=CARTESIAN_POINT('Ctrl Pts',(10.,8.61709782931585,34.925));
#9726=CARTESIAN_POINT('',(-0.999999999999976,7.44202758085944,37.2370053929443));
#9727=CARTESIAN_POINT('',(-2.99999999999998,7.44202758085944,37.2370053929443));
#9728=CARTESIAN_POINT('',(-0.999999999999976,4.73958333333334,39.7682913067411));
#9729=CARTESIAN_POINT('Origin',(-0.999999999999976,0.,32.));
#9730=CARTESIAN_POINT('',(0.800000000000011,4.73958333333334,39.7682913067411));
#9731=CARTESIAN_POINT('',(-2.99999999999998,4.73958333333334,39.7682913067411));
#9732=CARTESIAN_POINT('',(0.800000000000012,-5.38815573477811,39.3333333333333));
#9733=CARTESIAN_POINT('Origin',(0.800000000000017,0.,32.));
#9734=CARTESIAN_POINT('',(2.03076923076925,-7.25953588568006,37.4871794871795));
#9735=CARTESIAN_POINT('Ctrl Pts',(2.03076923076924,-7.25953588568006,37.4871794871795));
#9736=CARTESIAN_POINT('Ctrl Pts',(1.88379993264258,-7.21324924223243,37.5484166947323));
#9737=CARTESIAN_POINT('Ctrl Pts',(1.74926446671211,-7.15346956458072,37.6257455589585));
#9738=CARTESIAN_POINT('Ctrl Pts',(1.42406229182082,-6.96568203138224,37.8589117599536));
#9739=CARTESIAN_POINT('Ctrl Pts',(1.24641019170183,-6.80215765383659,38.0512497913408));
#9740=CARTESIAN_POINT('Ctrl Pts',(0.987585832012825,-6.42088504100297,38.454394609907));
#9741=CARTESIAN_POINT('Ctrl Pts',(0.905482262418786,-6.20289422686753,38.6643730657888));
#9742=CARTESIAN_POINT('Ctrl Pts',(0.816980071565473,-5.79625876934478,39.0199587134583));
#9743=CARTESIAN_POINT('Ctrl Pts',(0.800000000000019,-5.59536329345935,39.1810878884791));
#9744=CARTESIAN_POINT('Ctrl Pts',(0.800000000000019,-5.38815573477811,39.3333333333333));
#9745=CARTESIAN_POINT('',(7.81076923076926,-8.56333500226091,35.0788461538462));
#9746=CARTESIAN_POINT('Origin',(15.2,0.,32.));
#9747=CARTESIAN_POINT('Ctrl Pts',(8.58000000000003,-8.61709782931585,34.925));
#9748=CARTESIAN_POINT('Ctrl Pts',(8.3315352784368,-8.61709782931585,34.925));
#9749=CARTESIAN_POINT('Ctrl Pts',(8.06733431600623,-8.60084444049792,34.9742911006037));
#9750=CARTESIAN_POINT('Ctrl Pts',(7.82068973441222,-8.56481190578087,35.0747360300336));
#9751=CARTESIAN_POINT('Ctrl Pts',(7.8157248243876,-8.56407738778924,35.0767813231718));
#9752=CARTESIAN_POINT('Ctrl Pts',(7.81076923076928,-8.56333500226091,35.0788461538461));
#9753=CARTESIAN_POINT('',(8.00000000000002,-9.05286556842639,32.925));
#9754=CARTESIAN_POINT('Ctrl Pts',(10.,-8.61709782931585,34.925));
#9755=CARTESIAN_POINT('Ctrl Pts',(9.74772968682643,-8.61709782931585,34.925));
#9756=CARTESIAN_POINT('Ctrl Pts',(9.47988239717887,-8.63478258009468,34.8743545131518));
#9757=CARTESIAN_POINT('Ctrl Pts',(8.98925607676055,-8.69980180489134,34.6711106792195));
#9758=CARTESIAN_POINT('Ctrl Pts',(8.76634243112957,-8.74639116272214,34.5185996359008));
#9759=CARTESIAN_POINT('Ctrl Pts',(8.41216916730376,-8.84018022771229,34.166751233413));
#9760=CARTESIAN_POINT('Ctrl Pts',(8.25750845845243,-8.89381176928197,33.9424774022465));
#9761=CARTESIAN_POINT('Ctrl Pts',(8.05138248506507,-8.98743108868637,33.4488577115923));
#9762=CARTESIAN_POINT('Ctrl Pts',(8.00000000000002,-9.02687423010883,33.1793741532242));
#9763=CARTESIAN_POINT('Ctrl Pts',(8.00000000000002,-9.05286556842639,32.925));
#9764=CARTESIAN_POINT('',(8.00000000000002,-9.05286556842639,31.075));
#9765=CARTESIAN_POINT('Origin',(8.00000000000002,0.,32.));
#9766=CARTESIAN_POINT('Ctrl Pts',(8.00000000000002,-9.05286556842639,31.075));
#9767=CARTESIAN_POINT('Ctrl Pts',(8.00000000000002,-9.02687423010883,30.8206258467758));
#9768=CARTESIAN_POINT('Ctrl Pts',(8.05138248506507,-8.98743108868637,30.5511422884077));
#9769=CARTESIAN_POINT('Ctrl Pts',(8.25750845845243,-8.89381176928197,30.0575225977535));
#9770=CARTESIAN_POINT('Ctrl Pts',(8.41216916730376,-8.84018022771229,29.833248766587));
#9771=CARTESIAN_POINT('Ctrl Pts',(8.76634243112957,-8.74639116272214,29.4814003640992));
#9772=CARTESIAN_POINT('Ctrl Pts',(8.98925607676055,-8.69980180489134,29.3288893207805));
#9773=CARTESIAN_POINT('Ctrl Pts',(9.47988239717887,-8.63478258009468,29.1256454868482));
#9774=CARTESIAN_POINT('Ctrl Pts',(9.74772968682643,-8.61709782931585,29.075));
#9775=CARTESIAN_POINT('Ctrl Pts',(10.,-8.61709782931585,29.075));
#9776=CARTESIAN_POINT('',(7.81076923076926,-8.56333500226091,28.9211538461538));
#9777=CARTESIAN_POINT('Ctrl Pts',(7.81076923076929,-8.56333500226091,28.9211538461539));
#9778=CARTESIAN_POINT('Ctrl Pts',(7.81572482438761,-8.56407738778923,28.9232186768282));
#9779=CARTESIAN_POINT('Ctrl Pts',(7.82068973441222,-8.56481190578087,28.9252639699664));
#9780=CARTESIAN_POINT('Ctrl Pts',(8.06733431600623,-8.60084444049792,29.0257088993963));
#9781=CARTESIAN_POINT('Ctrl Pts',(8.3315352784368,-8.61709782931585,29.075));
#9782=CARTESIAN_POINT('Ctrl Pts',(8.58000000000003,-8.61709782931585,29.075));
#9783=CARTESIAN_POINT('',(2.03076923076925,-7.25953588568006,26.5128205128205));
#9784=CARTESIAN_POINT('Origin',(15.2,0.,32.));
#9785=CARTESIAN_POINT('',(0.800000000000012,-5.38815573477811,24.6666666666667));
#9786=CARTESIAN_POINT('Ctrl Pts',(0.800000000000019,-5.38815573477811,24.6666666666667));
#9787=CARTESIAN_POINT('Ctrl Pts',(0.800000000000019,-5.59536329345935,24.8189121115209));
#9788=CARTESIAN_POINT('Ctrl Pts',(0.816980071565474,-5.79625876934478,24.9800412865417));
#9789=CARTESIAN_POINT('Ctrl Pts',(0.905482262418787,-6.20289422686754,25.3356269342112));
#9790=CARTESIAN_POINT('Ctrl Pts',(0.987585832012827,-6.42088504100297,25.545605390093));
#9791=CARTESIAN_POINT('Ctrl Pts',(1.24641019170183,-6.80215765383659,25.9487502086592));
#9792=CARTESIAN_POINT('Ctrl Pts',(1.42406229182082,-6.96568203138224,26.1410882400464));
#9793=CARTESIAN_POINT('Ctrl Pts',(1.74926446671211,-7.15346956458071,26.3742544410415));
#9794=CARTESIAN_POINT('Ctrl Pts',(1.88379993264258,-7.21324924223243,26.4515833052677));
#9795=CARTESIAN_POINT('Ctrl Pts',(2.03076923076924,-7.25953588568006,26.5128205128205));
#9796=CARTESIAN_POINT('',(0.800000000000012,4.73958333333334,24.2317086932589));
#9797=CARTESIAN_POINT('Origin',(0.800000000000017,0.,32.));
#9798=CARTESIAN_POINT('',(-0.999999999999976,4.73958333333334,24.2317086932589));
#9799=CARTESIAN_POINT('',(-2.99999999999998,4.73958333333334,24.2317086932589));
#9800=CARTESIAN_POINT('Origin',(-0.999999999999976,0.,32.));
#9801=CARTESIAN_POINT('',(8.00000000000002,9.05286556842639,31.075));
#9802=CARTESIAN_POINT('Ctrl Pts',(10.,8.61709782931585,29.075));
#9803=CARTESIAN_POINT('Ctrl Pts',(9.74772968682643,8.61709782931585,29.075));
#9804=CARTESIAN_POINT('Ctrl Pts',(9.47988239717888,8.63478258009468,29.1256454868482));
#9805=CARTESIAN_POINT('Ctrl Pts',(8.98925607676055,8.69980180489134,29.3288893207805));
#9806=CARTESIAN_POINT('Ctrl Pts',(8.76634243112957,8.74639116272214,29.4814003640992));
#9807=CARTESIAN_POINT('Ctrl Pts',(8.41216916730376,8.84018022771229,29.833248766587));
#9808=CARTESIAN_POINT('Ctrl Pts',(8.25750845845243,8.89381176928197,30.0575225977535));
#9809=CARTESIAN_POINT('Ctrl Pts',(8.05138248506507,8.98743108868637,30.5511422884077));
#9810=CARTESIAN_POINT('Ctrl Pts',(8.00000000000002,9.02687423010883,30.8206258467758));
#9811=CARTESIAN_POINT('Ctrl Pts',(8.00000000000002,9.05286556842639,31.075));
#9812=CARTESIAN_POINT('Origin',(8.00000000000002,0.,32.));
#9813=CARTESIAN_POINT('Origin',(2.80000000000002,0.,24.6666666666667));
#9814=CARTESIAN_POINT('Ctrl Pts',(1.29181023563705,7.78074415624357,25.9801976463816));
#9815=CARTESIAN_POINT('Ctrl Pts',(1.27400747535111,7.92492276414567,25.9597566052068));
#9816=CARTESIAN_POINT('Ctrl Pts',(1.24259810116877,8.06824021754414,25.9231048668638));
#9817=CARTESIAN_POINT('Ctrl Pts',(1.13984795160868,8.42977075924297,25.7870120565629));
#9818=CARTESIAN_POINT('Ctrl Pts',(1.05710880714682,8.63654470017803,25.6609315189228));
#9819=CARTESIAN_POINT('Ctrl Pts',(0.918292941420445,8.98039832308758,25.3642353584445));
#9820=CARTESIAN_POINT('Ctrl Pts',(0.846932154561935,9.15566515770688,25.1469932583197));
#9821=CARTESIAN_POINT('Ctrl Pts',(0.806850217705244,9.31171505314808,24.8524683458787));
#9822=CARTESIAN_POINT('Ctrl Pts',(0.800000000000019,9.35208710454415,24.7615065961147));
#9823=CARTESIAN_POINT('Ctrl Pts',(0.800000000000019,9.38561808316413,24.6666666666667));
#9824=CARTESIAN_POINT('',(1.30928801500016,13.5,26.));
#9825=CARTESIAN_POINT('Ctrl Pts',(0.800000000000019,11.6143819168359,24.6666666666667));
#9826=CARTESIAN_POINT('Ctrl Pts',(0.800000000000019,11.6479128954559,24.7615065961147));
#9827=CARTESIAN_POINT('Ctrl Pts',(0.806850217705243,11.6882849468519,24.8524683458787));
#9828=CARTESIAN_POINT('Ctrl Pts',(0.846932154561934,11.8443348422931,25.1469932583197));
#9829=CARTESIAN_POINT('Ctrl Pts',(0.918292941420445,12.0196016769124,25.3642353584445));
#9830=CARTESIAN_POINT('Ctrl Pts',(1.05710880714682,12.363455299822,25.6609315189228));
#9831=CARTESIAN_POINT('Ctrl Pts',(1.13984795160868,12.570229240757,25.7870120565629));
#9832=CARTESIAN_POINT('Ctrl Pts',(1.26783676698557,13.0205630451622,25.956533538004));
#9833=CARTESIAN_POINT('Ctrl Pts',(1.30928801500016,13.2651842124964,26.));
#9834=CARTESIAN_POINT('Ctrl Pts',(1.30928801500016,13.5,26.));
#9835=CARTESIAN_POINT('',(0.800000000000017,15.3856180831641,24.6666666666667));
#9836=CARTESIAN_POINT('Ctrl Pts',(1.30928801500016,13.5,26.));
#9837=CARTESIAN_POINT('Ctrl Pts',(1.30928801500016,13.7348157875036,26.));
#9838=CARTESIAN_POINT('Ctrl Pts',(1.26783676698557,13.9794369548378,25.956533538004));
#9839=CARTESIAN_POINT('Ctrl Pts',(1.13984795160868,14.429770759243,25.7870120565629));
#9840=CARTESIAN_POINT('Ctrl Pts',(1.05710880714682,14.636544700178,25.6609315189228));
#9841=CARTESIAN_POINT('Ctrl Pts',(0.918292941420446,14.9803983230876,25.3642353584445));
#9842=CARTESIAN_POINT('Ctrl Pts',(0.846932154561935,15.1556651577069,25.1469932583197));
#9843=CARTESIAN_POINT('Ctrl Pts',(0.806850217705243,15.3117150531481,24.8524683458787));
#9844=CARTESIAN_POINT('Ctrl Pts',(0.800000000000019,15.3520871045442,24.7615065961147));
#9845=CARTESIAN_POINT('Ctrl Pts',(0.800000000000019,15.3856180831641,24.6666666666667));
#9846=CARTESIAN_POINT('',(0.800000000000017,27.6143819168359,24.6666666666667));
#9847=CARTESIAN_POINT('',(0.800000000000019,0.,24.6666666666667));
#9848=CARTESIAN_POINT('Origin',(2.80000000000002,27.6143819168359,24.6666666666667));
#9849=CARTESIAN_POINT('Origin',(-2.99999999999998,5.,23.8048795005809));
#9850=CARTESIAN_POINT('Origin',(-0.999999999999976,5.,23.8048795005809));
#9851=CARTESIAN_POINT('Origin',(0.800000000000017,5.,23.8048795005809));
#9852=CARTESIAN_POINT('Origin',(0.800000000000016,0.,21.));
#9853=CARTESIAN_POINT('',(0.800000000000017,-20.6143819168359,24.6666666666667));
#9854=CARTESIAN_POINT('',(0.800000000000019,0.,24.6666666666667));
#9855=CARTESIAN_POINT('',(0.800000000000018,-20.5,24.));
#9856=CARTESIAN_POINT('Origin',(0.800000000000016,-22.5,24.));
#9857=CARTESIAN_POINT('',(0.800000000000017,-20.5,22.5));
#9858=CARTESIAN_POINT('',(0.800000000000017,-20.5,22.5));
#9859=CARTESIAN_POINT('Origin',(0.800000000000016,-20.,22.5));
#9860=CARTESIAN_POINT('Origin',(-1.99999999999998,-20.,22.5));
#9861=CARTESIAN_POINT('',(-0.999999999999976,-20.5,22.5));
#9862=CARTESIAN_POINT('',(-1.99999999999998,-20.5,22.5));
#9863=CARTESIAN_POINT('Origin',(-0.999999999999976,-20.,22.5));
#9864=CARTESIAN_POINT('Origin',(-1.99999999999998,-20.,41.5));
#9865=CARTESIAN_POINT('',(0.800000000000017,-20.5,41.5));
#9866=CARTESIAN_POINT('',(0.800000000000017,-20.,42.));
#9867=CARTESIAN_POINT('Origin',(0.800000000000016,-20.,41.5));
#9868=CARTESIAN_POINT('',(-0.999999999999976,-20.,42.));
#9869=CARTESIAN_POINT('',(-1.99999999999998,-20.,42.));
#9870=CARTESIAN_POINT('',(-0.999999999999976,-20.5,41.5));
#9871=CARTESIAN_POINT('Origin',(-0.999999999999976,-20.,41.5));
#9872=CARTESIAN_POINT('',(-1.99999999999998,-20.5,41.5));
#9873=CARTESIAN_POINT('Origin',(-2.99999999999998,-24.5,42.));
#9874=CARTESIAN_POINT('',(-0.999999999999976,-22.75,42.));
#9875=CARTESIAN_POINT('',(-0.999999999999976,24.5,42.));
#9876=CARTESIAN_POINT('',(0.800000000000017,5.00000000000001,42.));
#9877=CARTESIAN_POINT('',(0.800000000000017,-12.25,42.));
#9878=CARTESIAN_POINT('',(-0.999999999999976,5.00000000000001,42.));
#9879=CARTESIAN_POINT('',(-1.99999999999998,5.00000000000001,42.));
#9880=CARTESIAN_POINT('',(-0.999999999999976,10.,42.));
#9881=CARTESIAN_POINT('',(-0.999999999999976,24.5,42.));
#9882=CARTESIAN_POINT('',(-1.99999999999998,10.,42.));
#9883=CARTESIAN_POINT('',(-2.99999999999998,22.75,42.));
#9884=CARTESIAN_POINT('',(-1.99999999999998,-22.75,42.));
#9885=CARTESIAN_POINT('Origin',(0.800000000000016,0.,43.));
#9886=CARTESIAN_POINT('',(0.800000000000018,-20.5,40.));
#9887=CARTESIAN_POINT('',(0.800000000000017,-20.5,41.5));
#9888=CARTESIAN_POINT('',(0.800000000000017,-20.6143819168359,39.3333333333333));
#9889=CARTESIAN_POINT('Origin',(0.800000000000016,-22.5,40.));
#9890=CARTESIAN_POINT('',(0.800000000000019,0.,39.3333333333333));
#9891=CARTESIAN_POINT('',(0.800000000000018,5.5,40.1951204994192));
#9892=CARTESIAN_POINT('Origin',(0.800000000000017,5.,40.1951204994192));
#9893=CARTESIAN_POINT('',(0.800000000000017,5.50000000000001,41.5));
#9894=CARTESIAN_POINT('',(0.800000000000017,5.50000000000001,42.5));
#9895=CARTESIAN_POINT('Origin',(0.800000000000016,5.00000000000001,41.5));
#9896=CARTESIAN_POINT('Origin',(-1.99999999999998,10.,41.5));
#9897=CARTESIAN_POINT('',(-0.999999999999976,9.5,41.5));
#9898=CARTESIAN_POINT('Origin',(-0.999999999999976,10.,41.5));
#9899=CARTESIAN_POINT('',(-1.99999999999998,9.5,41.5));
#9900=CARTESIAN_POINT('Origin',(-0.999999999999976,9.5,40.0000000386201));
#9901=CARTESIAN_POINT('',(-0.999999999999976,9.5,40.0000000386201));
#9902=CARTESIAN_POINT('',(-0.999999999999976,9.5,42.));
#9903=CARTESIAN_POINT('',(-0.999999999999976,9.5,40.0000000386201));
#9904=CARTESIAN_POINT('Origin',(-1.99999999999998,5.00000000000001,41.5));
#9905=CARTESIAN_POINT('',(-0.999999999999976,5.50000000000001,41.5));
#9906=CARTESIAN_POINT('',(-1.99999999999998,5.50000000000001,41.5));
#9907=CARTESIAN_POINT('Origin',(-0.999999999999976,5.00000000000001,41.5));
#9908=CARTESIAN_POINT('Origin',(-0.999999999999976,5.50000000000001,42.));
#9909=CARTESIAN_POINT('',(-0.999999999999976,5.5,40.1951204994192));
#9910=CARTESIAN_POINT('',(-2.99999999999998,5.5,40.1951204994192));
#9911=CARTESIAN_POINT('',(-0.999999999999976,5.5,39.9999999999998));
#9912=CARTESIAN_POINT('Origin',(-2.99999999999998,7.85093019519237,37.5247529420072));
#9913=CARTESIAN_POINT('',(-0.999999999999976,7.7807441561539,38.0198023536057));
#9914=CARTESIAN_POINT('',(-2.99999999999998,7.7807441561539,38.0198023536057));
#9915=CARTESIAN_POINT('Origin',(-0.999999999999976,7.85093019519237,37.5247529420072));
#9916=CARTESIAN_POINT('Origin',(-0.999999999999976,7.5,40.));
#9917=CARTESIAN_POINT('Origin',(-0.999999999999976,7.5,40.));
#9918=CARTESIAN_POINT('Origin',(-2.99999999999998,5.,40.1951204994192));
#9919=CARTESIAN_POINT('Origin',(-0.999999999999976,5.,40.1951204994192));
#9920=CARTESIAN_POINT('Origin',(-2.99999999999998,22.75,44.75));
#9921=CARTESIAN_POINT('',(-2.99999999999998,22.75,46.5));
#9922=CARTESIAN_POINT('',(-2.99999999999998,24.5,44.75));
#9923=CARTESIAN_POINT('Origin',(-2.99999999999998,24.5,42.));
#9924=CARTESIAN_POINT('',(-2.99999999999998,24.5,43.75));
#9925=CARTESIAN_POINT('Origin',(-2.99999999999998,22.75,43.75));
#9926=CARTESIAN_POINT('Origin',(-1.99999999999998,-22.75,44.75));
#9927=CARTESIAN_POINT('',(-1.99999999999998,-24.5,44.75));
#9928=CARTESIAN_POINT('',(-1.99999999999998,-22.75,46.5));
#9929=CARTESIAN_POINT('Origin',(-2.99999999999998,24.5,46.5));
#9930=CARTESIAN_POINT('Origin',(-1.99999999999998,-22.75,19.25));
#9931=CARTESIAN_POINT('',(12.8984170871866,-24.5,19.25));
#9932=CARTESIAN_POINT('',(-1.99999999999998,-24.5,19.25));
#9933=CARTESIAN_POINT('',(12.925,-24.4695566302704,18.9250000072414));
#9934=CARTESIAN_POINT('Ctrl Pts',(12.8984170871866,-24.5,19.25));
#9935=CARTESIAN_POINT('Ctrl Pts',(12.9126164399098,-24.5,19.16378078372));
#9936=CARTESIAN_POINT('Ctrl Pts',(12.9209289590255,-24.4935529756132,19.0776523520272));
#9937=CARTESIAN_POINT('Ctrl Pts',(12.9246034816969,-24.4777615996951,18.9709387871066));
#9938=CARTESIAN_POINT('Ctrl Pts',(12.9249999999168,-24.4739002924482,18.9479820788225));
#9939=CARTESIAN_POINT('Ctrl Pts',(12.925,-24.4695566302705,18.9250000072417));
#9940=CARTESIAN_POINT('',(12.925,-22.75,17.5));
#9941=CARTESIAN_POINT('Origin',(12.925,-22.75,19.25));
#9942=CARTESIAN_POINT('',(-1.99999999999998,-22.75,17.5));
#9943=CARTESIAN_POINT('Origin',(-0.999999999999976,-24.5,22.));
#9944=CARTESIAN_POINT('',(-0.999999999999976,-24.5,20.25));
#9945=CARTESIAN_POINT('',(-1.99999999999998,-24.5,20.25));
#9946=CARTESIAN_POINT('',(-0.999999999999976,-24.5,24.));
#9947=CARTESIAN_POINT('',(-0.999999999999976,-24.5,42.));
#9948=CARTESIAN_POINT('',(0.800000000000018,-24.5,24.));
#9949=CARTESIAN_POINT('',(-0.999999999999976,-24.5,24.));
#9950=CARTESIAN_POINT('',(0.800000000000018,-24.5,22.925));
#9951=CARTESIAN_POINT('',(0.800000000000015,-24.5,19.25));
#9952=CARTESIAN_POINT('',(2.80000000000002,-24.5,20.925));
#9953=CARTESIAN_POINT('Origin',(2.80000000000002,-24.5,22.925));
#9954=CARTESIAN_POINT('',(10.925,-24.5,20.925));
#9955=CARTESIAN_POINT('',(6.00000000000002,-24.5,20.925));
#9956=CARTESIAN_POINT('Origin',(10.925,-24.5,18.925));
#9957=CARTESIAN_POINT('Origin',(-2.99999999999998,22.75,20.25));
#9958=CARTESIAN_POINT('',(10.925,24.3645819892468,20.925));
#9959=CARTESIAN_POINT('',(12.4231238266579,24.5,20.25));
#9960=CARTESIAN_POINT('Ctrl Pts',(12.4231238266579,24.5,20.25));
#9961=CARTESIAN_POINT('Ctrl Pts',(12.3730887241677,24.5,20.3065726635545));
#9962=CARTESIAN_POINT('Ctrl Pts',(12.3196097430768,24.497239730934,20.360566514815));
#9963=CARTESIAN_POINT('Ctrl Pts',(12.1422711886685,24.4824850252954,20.5202010541229));
#9964=CARTESIAN_POINT('Ctrl Pts',(12.0073575430712,24.4634000765128,20.6147472096105));
#9965=CARTESIAN_POINT('Ctrl Pts',(11.5740544214434,24.4034261563968,20.8448169660668));
#9966=CARTESIAN_POINT('Ctrl Pts',(11.2448363995115,24.3645819892468,20.925));
#9967=CARTESIAN_POINT('Ctrl Pts',(10.925,24.3645819892468,20.925));
#9968=CARTESIAN_POINT('',(-2.99999999999998,24.3645819892468,20.925));
#9969=CARTESIAN_POINT('',(-2.99999999999998,24.5,20.25));
#9970=CARTESIAN_POINT('Origin',(-2.99999999999998,24.5,22.));
#9971=CARTESIAN_POINT('',(12.8984170871866,24.5,19.25));
#9972=CARTESIAN_POINT('',(-2.99999999999998,24.5,19.25));
#9973=CARTESIAN_POINT('Origin',(10.925,24.5,18.925));
#9974=CARTESIAN_POINT('Origin',(-2.99999999999998,22.75,19.25));
#9975=CARTESIAN_POINT('',(12.925,22.75,17.5));
#9976=CARTESIAN_POINT('',(-2.99999999999998,22.75,17.5));
#9977=CARTESIAN_POINT('',(12.925,24.4695566302704,18.9250000072414));
#9978=CARTESIAN_POINT('Origin',(12.925,22.75,19.25));
#9979=CARTESIAN_POINT('Ctrl Pts',(12.925,24.4695566302705,18.9250000072417));
#9980=CARTESIAN_POINT('Ctrl Pts',(12.9249999999168,24.4739002924482,18.9479820788225));
#9981=CARTESIAN_POINT('Ctrl Pts',(12.9246034816969,24.4777615996951,18.9709387871066));
#9982=CARTESIAN_POINT('Ctrl Pts',(12.9209289590255,24.4935529756132,19.0776523520272));
#9983=CARTESIAN_POINT('Ctrl Pts',(12.9126164399098,24.5,19.16378078372));
#9984=CARTESIAN_POINT('Ctrl Pts',(12.8984170871866,24.5,19.25));
#9985=CARTESIAN_POINT('Origin',(-2.99999999999998,24.5,17.5));
#9986=CARTESIAN_POINT('',(12.925,12.25,17.5));
#9987=CARTESIAN_POINT('Origin',(-1.99999999999998,-22.75,20.25));
#9988=CARTESIAN_POINT('Origin',(-0.999999999999976,-22.75,20.25));
#9989=CARTESIAN_POINT('Origin',(-1.99999999999998,-22.75,43.75));
#9990=CARTESIAN_POINT('',(-0.999999999999976,-24.5,43.75));
#9991=CARTESIAN_POINT('Origin',(-0.999999999999976,-22.75,43.75));
#9992=CARTESIAN_POINT('',(-1.99999999999998,-24.5,43.75));
#9993=CARTESIAN_POINT('Origin',(14.5,50.,40.));
#9994=CARTESIAN_POINT('Origin',(10.925,0.,18.925));
#9995=CARTESIAN_POINT('',(10.925,0.,20.925));
#9996=CARTESIAN_POINT('',(12.925,0.,18.925));
#9997=CARTESIAN_POINT('Origin',(12.925,0.,16.));
#9998=CARTESIAN_POINT('',(12.925,0.,18.925));
#9999=CARTESIAN_POINT('Origin',(10.925,0.,18.925));
#10000=CARTESIAN_POINT('',(10.925,0.,20.925));
#10001=CARTESIAN_POINT('Origin',(10.,0.,31.075));
#10002=CARTESIAN_POINT('',(8.00000000000002,0.,31.075));
#10003=CARTESIAN_POINT('Origin',(8.00000000000002,0.,36.55));
#10004=CARTESIAN_POINT('',(8.00000000000002,0.,32.925));
#10005=CARTESIAN_POINT('Origin',(8.58000000000003,0.,27.075));
#10006=CARTESIAN_POINT('',(7.81076923076926,0.,28.9211538461538));
#10007=CARTESIAN_POINT('Origin',(2.80000000000002,0.,24.6666666666667));
#10008=CARTESIAN_POINT('',(0.800000000000017,-24.3856180831641,24.6666666666667));
#10009=CARTESIAN_POINT('',(0.800000000000019,0.,24.6666666666667));
#10010=CARTESIAN_POINT('',(2.03076923076925,-24.3856180831641,26.5128205128205));
#10011=CARTESIAN_POINT('Origin',(2.80000000000002,-24.3856180831641,24.6666666666667));
#10012=CARTESIAN_POINT('',(2.03076923076925,0.,26.5128205128205));
#10013=CARTESIAN_POINT('Ctrl Pts',(0.800000000000018,-22.5,26.));
#10014=CARTESIAN_POINT('Ctrl Pts',(0.800000000000018,-22.5076994907961,
26.));
#10015=CARTESIAN_POINT('Ctrl Pts',(0.800000000000018,-22.5153396493727,
25.9999578307524));
#10016=CARTESIAN_POINT('Ctrl Pts',(0.800000000000021,-22.8131195378748,
25.9964153814866));
#10017=CARTESIAN_POINT('Ctrl Pts',(0.800000000000018,-23.2282469334155,
25.8850218697481));
#10018=CARTESIAN_POINT('Ctrl Pts',(0.800000000000019,-23.602543254981,25.6826360602515));
#10019=CARTESIAN_POINT('Ctrl Pts',(0.800000000000018,-23.8442500444207,
25.489427880558));
#10020=CARTESIAN_POINT('Ctrl Pts',(0.800000000000018,-24.006015801956,25.3221960364897));
#10021=CARTESIAN_POINT('Ctrl Pts',(0.800000000000018,-24.1212978032598,
25.1758203961238));
#10022=CARTESIAN_POINT('Ctrl Pts',(0.800000000000018,-24.2337381228581,
25.0051774109215));
#10023=CARTESIAN_POINT('Ctrl Pts',(0.800000000000017,-24.322747903246,24.8317296540425));
#10024=CARTESIAN_POINT('Ctrl Pts',(0.800000000000017,-24.3674557501718,
24.7180375019508));
#10025=CARTESIAN_POINT('Ctrl Pts',(0.800000000000017,-24.3856180831641,
24.6666666666667));
#10026=CARTESIAN_POINT('Ctrl Pts',(0.800000000000018,-22.5,26.));
#10027=CARTESIAN_POINT('Ctrl Pts',(0.800628846041107,-22.5053216793006,
26.0002917815575));
#10028=CARTESIAN_POINT('Ctrl Pts',(0.80126077324711,-22.5106346588278,26.0004673457959));
#10029=CARTESIAN_POINT('Ctrl Pts',(0.825406319504885,-22.7165393982952,
26.0115908897524));
#10030=CARTESIAN_POINT('Ctrl Pts',(0.858408703068753,-23.018366163378,25.9857946566977));
#10031=CARTESIAN_POINT('Ctrl Pts',(0.887026853642256,-23.3327255468998,
25.9270014270912));
#10032=CARTESIAN_POINT('Ctrl Pts',(0.902087890880458,-23.5700090901271,
25.8593669648124));
#10033=CARTESIAN_POINT('Ctrl Pts',(0.906736546179104,-23.7555615693635,
25.7944170619228));
#10034=CARTESIAN_POINT('Ctrl Pts',(0.903235100070956,-23.908292321735,25.7313181245086));
#10035=CARTESIAN_POINT('Ctrl Pts',(0.889182760201297,-24.0794488472094,
25.6505471258264));
#10036=CARTESIAN_POINT('Ctrl Pts',(0.857273194898587,-24.2447803057574,
25.5564039671199));
#10037=CARTESIAN_POINT('Ctrl Pts',(0.820131055846729,-24.343798570286,25.4850657593346));
#10038=CARTESIAN_POINT('Ctrl Pts',(0.800000000000017,-24.3856180831641,
25.4506701380634));
#10039=CARTESIAN_POINT('Ctrl Pts',(0.800000000000018,-22.5,26.));
#10040=CARTESIAN_POINT('Ctrl Pts',(0.801257796325301,-22.5029558440268,
26.0005240818022));
#10041=CARTESIAN_POINT('Ctrl Pts',(0.80252609125495,-22.5059150414025,26.0010525380229));
#10042=CARTESIAN_POINT('Ctrl Pts',(0.851290722780308,-22.6204069270228,
26.021371134492));
#10043=CARTESIAN_POINT('Ctrl Pts',(0.932063397261229,-22.8011954466088,
26.0550264155255));
#10044=CARTESIAN_POINT('Ctrl Pts',(1.03243513767242,-23.0188206448152,26.0968479740303));
#10045=CARTESIAN_POINT('Ctrl Pts',(1.11805366680656,-23.213146885731,26.1325223611694));
#10046=CARTESIAN_POINT('Ctrl Pts',(1.18857487951225,-23.3929361139285,26.1619061997968));
#10047=CARTESIAN_POINT('Ctrl Pts',(1.24521671721767,-23.5668376718234,26.1855069655074));
#10048=CARTESIAN_POINT('Ctrl Pts',(1.30173306249509,-23.7946350562684,26.2090554427063));
#10049=CARTESIAN_POINT('Ctrl Pts',(1.33565402945605,-24.0698686878639,26.22318917894));
#10050=CARTESIAN_POINT('Ctrl Pts',(1.32268224567823,-24.2838166741026,26.2177842690326));
#10051=CARTESIAN_POINT('Ctrl Pts',(1.3070737187107,-24.3856180831641,26.2112807161294));
#10052=CARTESIAN_POINT('Ctrl Pts',(0.800000000000018,-22.5,26.));
#10053=CARTESIAN_POINT('Ctrl Pts',(0.801893856942,-22.5005922685275,26.0007891070592));
#10054=CARTESIAN_POINT('Ctrl Pts',(0.803786328019822,-22.5011890536692,
26.0015776366749));
#10055=CARTESIAN_POINT('Ctrl Pts',(0.878079156591354,-22.5248083254048,
26.0325329819132));
#10056=CARTESIAN_POINT('Ctrl Pts',(1.01932465610064,-22.5839434898293,26.0913852733753));
#10057=CARTESIAN_POINT('Ctrl Pts',(1.2174851472827,-22.7047953642401,26.1739521447012));
#10058=CARTESIAN_POINT('Ctrl Pts',(1.40039969245008,-22.8550354205974,26.2501665385209));
#10059=CARTESIAN_POINT('Ctrl Pts',(1.56207538944375,-23.0279094777528,26.3175314122683));
#10060=CARTESIAN_POINT('Ctrl Pts',(1.70298939389909,-23.2218144530422,26.3762455807913));
#10061=CARTESIAN_POINT('Ctrl Pts',(1.86044314327972,-23.5051973767978,26.4418513096999));
#10062=CARTESIAN_POINT('Ctrl Pts',(1.99420072049005,-23.8906888547136,26.4975836335375));
#10063=CARTESIAN_POINT('Ctrl Pts',(2.03076923076925,-24.2221570862331,26.5128205128205));
#10064=CARTESIAN_POINT('Ctrl Pts',(2.03076923076925,-24.3856180831641,26.5128205128205));
#10065=CARTESIAN_POINT('',(0.800000000000023,-22.5,26.));
#10066=CARTESIAN_POINT('Origin',(0.800000000000016,-22.5,24.));
#10067=CARTESIAN_POINT('Ctrl Pts',(0.800000000000018,-22.5,26.));
#10068=CARTESIAN_POINT('Ctrl Pts',(0.801893856942,-22.5005922685275,26.0007891070592));
#10069=CARTESIAN_POINT('Ctrl Pts',(0.803786328019822,-22.5011890536692,
26.0015776366749));
#10070=CARTESIAN_POINT('Ctrl Pts',(0.878079156591354,-22.5248083254048,
26.0325329819132));
#10071=CARTESIAN_POINT('Ctrl Pts',(1.01932465610064,-22.5839434898293,26.0913852733753));
#10072=CARTESIAN_POINT('Ctrl Pts',(1.2174851472827,-22.7047953642401,26.1739521447012));
#10073=CARTESIAN_POINT('Ctrl Pts',(1.40039969245008,-22.8550354205974,26.2501665385209));
#10074=CARTESIAN_POINT('Ctrl Pts',(1.56207538944375,-23.0279094777528,26.3175314122683));
#10075=CARTESIAN_POINT('Ctrl Pts',(1.70298939389909,-23.2218144530422,26.3762455807913));
#10076=CARTESIAN_POINT('Ctrl Pts',(1.86044314327972,-23.5051973767978,26.4418513096999));
#10077=CARTESIAN_POINT('Ctrl Pts',(1.99420072049005,-23.8906888547136,26.4975836335375));
#10078=CARTESIAN_POINT('Ctrl Pts',(2.03076923076925,-24.2221570862331,26.5128205128205));
#10079=CARTESIAN_POINT('Ctrl Pts',(2.03076923076925,-24.3856180831641,26.5128205128205));
#10080=CARTESIAN_POINT('Origin',(2.80000000000002,0.,24.6666666666667));
#10081=CARTESIAN_POINT('',(2.03076923076925,-20.6143819168359,26.5128205128205));
#10082=CARTESIAN_POINT('Origin',(2.80000000000002,-20.6143819168359,24.6666666666667));
#10083=CARTESIAN_POINT('',(2.03076923076925,0.,26.5128205128205));
#10084=CARTESIAN_POINT('Ctrl Pts',(0.800000000000017,-20.6143819168359,
24.6666666666667));
#10085=CARTESIAN_POINT('Ctrl Pts',(0.800000000000017,-20.6325442498283,
24.7180375019511));
#10086=CARTESIAN_POINT('Ctrl Pts',(0.800000000000017,-20.6773769972649,
24.8316620684691));
#10087=CARTESIAN_POINT('Ctrl Pts',(0.800000000000018,-20.7668642217653,
25.0045803247375));
#10088=CARTESIAN_POINT('Ctrl Pts',(0.800000000000018,-20.8788054843936,
25.1758406490917));
#10089=CARTESIAN_POINT('Ctrl Pts',(0.800000000000018,-21.0345664648961,
25.3686664360264));
#10090=CARTESIAN_POINT('Ctrl Pts',(0.800000000000019,-21.2736780599481,
25.6139127339));
#10091=CARTESIAN_POINT('Ctrl Pts',(0.800000000000018,-21.7711527419713,
25.885730739259));
#10092=CARTESIAN_POINT('Ctrl Pts',(0.800000000000019,-22.186891155337,25.9963994098753));
#10093=CARTESIAN_POINT('Ctrl Pts',(0.800000000000018,-22.4846601337883,
25.9999581427201));
#10094=CARTESIAN_POINT('Ctrl Pts',(0.800000000000018,-22.492300509196,26.));
#10095=CARTESIAN_POINT('Ctrl Pts',(0.800000000000018,-22.5,26.));
#10096=CARTESIAN_POINT('Ctrl Pts',(0.800000000000015,-20.6143819168359,
25.1146686503219));
#10097=CARTESIAN_POINT('Ctrl Pts',(0.811700219685682,-20.6459736280519,
25.1562411325038));
#10098=CARTESIAN_POINT('Ctrl Pts',(0.832670493428022,-20.721580449497,25.2458660747772));
#10099=CARTESIAN_POINT('Ctrl Pts',(0.851213657705506,-20.8544699327091,
25.3734579822438));
#10100=CARTESIAN_POINT('Ctrl Pts',(0.859332188798414,-21.0002083068343,
25.4930934190046));
#10101=CARTESIAN_POINT('Ctrl Pts',(0.862048986065257,-21.1838516880779,
25.6231269212738));
#10102=CARTESIAN_POINT('Ctrl Pts',(0.855446813783504,-21.4386840718582,
25.780470168125));
#10103=CARTESIAN_POINT('Ctrl Pts',(0.833570530783255,-21.8913188874807,
25.9431336888515));
#10104=CARTESIAN_POINT('Ctrl Pts',(0.814647502731688,-22.2418119886096,
26.003862178633));
#10105=CARTESIAN_POINT('Ctrl Pts',(0.800718038669822,-22.4873553006319,
26.0002734632923));
#10106=CARTESIAN_POINT('Ctrl Pts',(0.800360734655943,-22.4936542658201,
26.0001503061066));
#10107=CARTESIAN_POINT('Ctrl Pts',(0.800000000000018,-22.5,26.));
#10108=CARTESIAN_POINT('Ctrl Pts',(1.07386761663595,-20.6143819168359,25.8960028549073));
#10109=CARTESIAN_POINT('Ctrl Pts',(1.09298348254061,-20.6896894358257,25.9137318101834));
#10110=CARTESIAN_POINT('Ctrl Pts',(1.11947899019285,-20.853253481216,25.9458115100958));
#10111=CARTESIAN_POINT('Ctrl Pts',(1.11771145091867,-21.0813542344828,25.9758972012669));
#10112=CARTESIAN_POINT('Ctrl Pts',(1.09419820153358,-21.285195603595,25.99530338414));
#10113=CARTESIAN_POINT('Ctrl Pts',(1.05538603866615,-21.5059746287598,26.0110997137763));
#10114=CARTESIAN_POINT('Ctrl Pts',(0.992982819982305,-21.7598790384259,
26.0237600619578));
#10115=CARTESIAN_POINT('Ctrl Pts',(0.900434651930045,-22.1056790390434,
26.0255775103453));
#10116=CARTESIAN_POINT('Ctrl Pts',(0.840472491641901,-22.3379112909297,
26.016353134315));
#10117=CARTESIAN_POINT('Ctrl Pts',(0.80197831122818,-22.492072226034,26.0008182534019));
#10118=CARTESIAN_POINT('Ctrl Pts',(0.800992020303811,-22.4960233399121,
26.0004133417932));
#10119=CARTESIAN_POINT('Ctrl Pts',(0.800000000000018,-22.5,26.));
#10120=CARTESIAN_POINT('Ctrl Pts',(1.72061401131558,-20.6143819168359,26.3835891713815));
#10121=CARTESIAN_POINT('Ctrl Pts',(1.72738050679062,-20.7514183708729,26.3863638316028));
#10122=CARTESIAN_POINT('Ctrl Pts',(1.71193703628658,-21.0325490988982,26.3799822917324));
#10123=CARTESIAN_POINT('Ctrl Pts',(1.62113093136473,-21.3707454874442,26.3420844778809));
#10124=CARTESIAN_POINT('Ctrl Pts',(1.50680758181105,-21.6303663069171,26.2944407527727));
#10125=CARTESIAN_POINT('Ctrl Pts',(1.36751395684491,-21.8771744135591,26.2363793569435));
#10126=CARTESIAN_POINT('Ctrl Pts',(1.19062701369657,-22.10617599304,26.1627170087962));
#10127=CARTESIAN_POINT('Ctrl Pts',(0.981778895332158,-22.3230636252708,
26.0757031329151));
#10128=CARTESIAN_POINT('Ctrl Pts',(0.866747149546317,-22.4340040183181,
26.0278079424872));
#10129=CARTESIAN_POINT('Ctrl Pts',(0.803243197318556,-22.49678939709,26.001351386079));
#10130=CARTESIAN_POINT('Ctrl Pts',(0.801623305951679,-22.4983924140041,
26.0006763774799));
#10131=CARTESIAN_POINT('Ctrl Pts',(0.800000000000019,-22.5,26.));
#10132=CARTESIAN_POINT('Ctrl Pts',(2.03076923076925,-20.6143819168359,26.5128205128205));
#10133=CARTESIAN_POINT('Ctrl Pts',(2.03076923076925,-20.7778429137669,26.5128205128205));
#10134=CARTESIAN_POINT('Ctrl Pts',(1.99420387760885,-21.1093177769141,26.4975849490037));
#10135=CARTESIAN_POINT('Ctrl Pts',(1.86059940755066,-21.4946892378089,26.4419164198128));
#10136=CARTESIAN_POINT('Ctrl Pts',(1.70295259501751,-21.7782316732786,26.376230247924));
#10137=CARTESIAN_POINT('Ctrl Pts',(1.51575934298332,-22.0362206385944,26.2982330595764));
#10138=CARTESIAN_POINT('Ctrl Pts',(1.28394491325761,-22.2545802791608,26.2016437138574));
#10139=CARTESIAN_POINT('Ctrl Pts',(1.01911064773129,-22.416229665297,26.0912961032214));
#10140=CARTESIAN_POINT('Ctrl Pts',(0.878084851944606,-22.4751866623743,
26.032535354977));
#10141=CARTESIAN_POINT('Ctrl Pts',(0.803786219235516,-22.4988110410981,
26.0015775913481));
#10142=CARTESIAN_POINT('Ctrl Pts',(0.801893856943623,-22.4994077314721,
26.0007891070598));
#10143=CARTESIAN_POINT('Ctrl Pts',(0.800000000000019,-22.5,26.));
#10144=CARTESIAN_POINT('Ctrl Pts',(2.03076923076925,-20.6143819168359,26.5128205128205));
#10145=CARTESIAN_POINT('Ctrl Pts',(2.03076923076925,-20.7778429137669,26.5128205128205));
#10146=CARTESIAN_POINT('Ctrl Pts',(1.99420387760885,-21.1093177769141,26.4975849490037));
#10147=CARTESIAN_POINT('Ctrl Pts',(1.86059940755066,-21.4946892378089,26.4419164198128));
#10148=CARTESIAN_POINT('Ctrl Pts',(1.70295259501751,-21.7782316732786,26.376230247924));
#10149=CARTESIAN_POINT('Ctrl Pts',(1.51575934298332,-22.0362206385944,26.2982330595764));
#10150=CARTESIAN_POINT('Ctrl Pts',(1.28394491325761,-22.2545802791608,26.2016437138574));
#10151=CARTESIAN_POINT('Ctrl Pts',(1.01911064773129,-22.416229665297,26.0912961032214));
#10152=CARTESIAN_POINT('Ctrl Pts',(0.878084851944606,-22.4751866623743,
26.032535354977));
#10153=CARTESIAN_POINT('Ctrl Pts',(0.803786219235516,-22.4988110410981,
26.0015775913481));
#10154=CARTESIAN_POINT('Ctrl Pts',(0.801893856943623,-22.4994077314721,
26.0007891070598));
#10155=CARTESIAN_POINT('Ctrl Pts',(0.800000000000019,-22.5,26.));
#10156=CARTESIAN_POINT('Origin',(0.800000000000016,-22.5,24.));
#10157=CARTESIAN_POINT('Origin',(0.800000000000023,0.,26.));
#10158=CARTESIAN_POINT('Origin',(2.80000000000002,0.,22.925));
#10159=CARTESIAN_POINT('',(2.80000000000002,0.,20.925));
#10160=CARTESIAN_POINT('',(0.800000000000018,0.,22.925));
#10161=CARTESIAN_POINT('Origin',(0.800000000000016,0.,21.));
#10162=CARTESIAN_POINT('Origin',(0.800000000000016,-22.5,24.));
#10163=CARTESIAN_POINT('Origin',(0.800000000000016,0.,21.));
#10164=CARTESIAN_POINT('Origin',(0.800000000000016,29.5,24.));
#10165=CARTESIAN_POINT('',(0.800000000000018,15.5,24.));
#10166=CARTESIAN_POINT('Origin',(0.800000000000016,13.5,24.));
#10167=CARTESIAN_POINT('',(0.800000000000017,15.5,21.5));
#10168=CARTESIAN_POINT('Ctrl Pts',(0.800000000000017,31.3856180831641,24.6666666666667));
#10169=CARTESIAN_POINT('Ctrl Pts',(0.800000000000017,31.3674557501717,24.7180375019513));
#10170=CARTESIAN_POINT('Ctrl Pts',(0.800000000000017,31.3226181385011,24.8316681466384));
#10171=CARTESIAN_POINT('Ctrl Pts',(0.800000000000018,31.2331308493691,25.0045875081372));
#10172=CARTESIAN_POINT('Ctrl Pts',(0.800000000000018,31.1211886848138,25.1758496478232));
#10173=CARTESIAN_POINT('Ctrl Pts',(0.800000000000018,30.9654293867813,25.3686759021711));
#10174=CARTESIAN_POINT('Ctrl Pts',(0.800000000000018,30.726321619238,25.6139223468419));
#10175=CARTESIAN_POINT('Ctrl Pts',(0.800000000000018,30.2288467227079,25.8857362689291));
#10176=CARTESIAN_POINT('Ctrl Pts',(0.800000000000019,29.8131088556702,25.9964001389657));
#10177=CARTESIAN_POINT('Ctrl Pts',(0.800000000000018,29.5153398660045,25.9999581308949));
#10178=CARTESIAN_POINT('Ctrl Pts',(0.800000000000018,29.5076994907778,26.));
#10179=CARTESIAN_POINT('Ctrl Pts',(0.800000000000018,29.5,26.));
#10180=CARTESIAN_POINT('Ctrl Pts',(0.800000000000016,31.3856180831641,25.1146686503219));
#10181=CARTESIAN_POINT('Ctrl Pts',(0.81170021968571,31.3540263719481,25.1562411325039));
#10182=CARTESIAN_POINT('Ctrl Pts',(0.832674257298344,31.278421426847,25.2458715134956));
#10183=CARTESIAN_POINT('Ctrl Pts',(0.851217905539502,31.1455312523353,25.3734638572912));
#10184=CARTESIAN_POINT('Ctrl Pts',(0.859337451640169,30.9997927692869,25.4931005199407));
#10185=CARTESIAN_POINT('Ctrl Pts',(0.862053802142503,30.8161496933357,25.6231339686746));
#10186=CARTESIAN_POINT('Ctrl Pts',(0.855450024645606,30.5613180691108,25.7804766933941));
#10187=CARTESIAN_POINT('Ctrl Pts',(0.833572337619179,30.1086821714908,25.9431374131621));
#10188=CARTESIAN_POINT('Ctrl Pts',(0.814647693418912,29.75818817178,26.0038626606771));
#10189=CARTESIAN_POINT('Ctrl Pts',(0.800718035599712,29.5126446967661,26.0002734554786));
#10190=CARTESIAN_POINT('Ctrl Pts',(0.800360734655076,29.5063457341586,26.0001503061063));
#10191=CARTESIAN_POINT('Ctrl Pts',(0.800000000000018,29.5,26.));
#10192=CARTESIAN_POINT('Ctrl Pts',(1.07388752236789,31.3856180831641,25.8959875942663));
#10193=CARTESIAN_POINT('Ctrl Pts',(1.0930033882726,31.3103105641743,25.9137165495425));
#10194=CARTESIAN_POINT('Ctrl Pts',(1.11949173129828,31.1467444370041,25.9458017743679));
#10195=CARTESIAN_POINT('Ctrl Pts',(1.11772225268073,30.9186438674329,25.9758891019059));
#10196=CARTESIAN_POINT('Ctrl Pts',(1.09420590053086,30.7148022829302,25.995297802304));
#10197=CARTESIAN_POINT('Ctrl Pts',(1.05539202070757,30.4940241233354,26.0110957685524));
#10198=CARTESIAN_POINT('Ctrl Pts',(0.992985218386255,30.2401211597491,26.0237593704233));
#10199=CARTESIAN_POINT('Ctrl Pts',(0.900436257476857,29.8943210816938,26.0255769926756));
#10200=CARTESIAN_POINT('Ctrl Pts',(0.840472639795199,29.6620887571258,26.0163531271529));
#10201=CARTESIAN_POINT('Ctrl Pts',(0.801978308857378,29.5079277731771,26.0008182534886));
#10202=CARTESIAN_POINT('Ctrl Pts',(0.800992020301427,29.5039766600751,26.0004133417923));
#10203=CARTESIAN_POINT('Ctrl Pts',(0.800000000000018,29.5,26.));
#10204=CARTESIAN_POINT('Ctrl Pts',(1.72061401131559,31.3856180831641,26.3835891713815));
#10205=CARTESIAN_POINT('Ctrl Pts',(1.72738050679064,31.2485816291271,26.3863638316028));
#10206=CARTESIAN_POINT('Ctrl Pts',(1.71193681519486,30.9674494197567,26.3799814460692));
#10207=CARTESIAN_POINT('Ctrl Pts',(1.62113057914856,30.6292530439987,26.3420835093566));
#10208=CARTESIAN_POINT('Ctrl Pts',(1.50680713142295,30.3696319644289,26.2944395568109));
#10209=CARTESIAN_POINT('Ctrl Pts',(1.36751352311268,30.1228242708327,26.2363782679036));
#10210=CARTESIAN_POINT('Ctrl Pts',(1.19062642609885,29.8938232334959,26.1627161831578));
#10211=CARTESIAN_POINT('Ctrl Pts',(0.981778650542849,29.6769359969388,26.0757027036373));
#10212=CARTESIAN_POINT('Ctrl Pts',(0.866747116962881,29.5659959456706,26.0278078954222));
#10213=CARTESIAN_POINT('Ctrl Pts',(0.803243197848869,29.5032106034902,26.0013513868386));
#10214=CARTESIAN_POINT('Ctrl Pts',(0.801623305947779,29.5016075859915,26.0006763774782));
#10215=CARTESIAN_POINT('Ctrl Pts',(0.800000000000018,29.5,26.));
#10216=CARTESIAN_POINT('Ctrl Pts',(2.03076923076925,31.3856180831641,26.5128205128205));
#10217=CARTESIAN_POINT('Ctrl Pts',(2.03076923076925,31.2221570862331,26.5128205128205));
#10218=CARTESIAN_POINT('Ctrl Pts',(1.99420363571599,30.89068136339,26.497584848215));
#10219=CARTESIAN_POINT('Ctrl Pts',(1.86059898845674,30.505309788264,26.4419162451903));
#10220=CARTESIAN_POINT('Ctrl Pts',(1.70295204354498,30.221767100935,26.3762300181437));
#10221=CARTESIAN_POINT('Ctrl Pts',(1.51575873571924,29.9637782822793,26.2982328065496));
#10222=CARTESIAN_POINT('Ctrl Pts',(1.28394394053033,29.7454186581922,26.2016433085542));
#10223=CARTESIAN_POINT('Ctrl Pts',(1.01911020152217,29.5837698157872,26.0912959173009));
#10224=CARTESIAN_POINT('Ctrl Pts',(0.878084788556579,29.5248132724894,26.0325353285651));
#10225=CARTESIAN_POINT('Ctrl Pts',(0.803786220267814,29.5011889599581,26.0015775917783));
#10226=CARTESIAN_POINT('Ctrl Pts',(0.801893856939072,29.5005922685272,26.0007891070579));
#10227=CARTESIAN_POINT('Ctrl Pts',(0.800000000000018,29.5,26.));
#10228=CARTESIAN_POINT('Origin',(0.800000000000016,29.5,24.));
#10229=CARTESIAN_POINT('Ctrl Pts',(0.800000000000018,29.5,26.));
#10230=CARTESIAN_POINT('Ctrl Pts',(0.800000000000018,29.4923005092213,26.));
#10231=CARTESIAN_POINT('Ctrl Pts',(0.800000000000018,29.4846587308739,25.9999580549895));
#10232=CARTESIAN_POINT('Ctrl Pts',(0.800000000000019,29.1869449974742,25.9964028498638));
#10233=CARTESIAN_POINT('Ctrl Pts',(0.800000000000019,28.7712970051549,25.8858502288642));
#10234=CARTESIAN_POINT('Ctrl Pts',(0.800000000000019,28.272230917649,25.6123185967029));
#10235=CARTESIAN_POINT('Ctrl Pts',(0.800000000000018,27.9734158582524,25.309748170262));
#10236=CARTESIAN_POINT('Ctrl Pts',(0.800000000000018,27.7831238800539,25.0407142914101));
#10237=CARTESIAN_POINT('Ctrl Pts',(0.800000000000017,27.6773238063442,24.8307462460906));
#10238=CARTESIAN_POINT('Ctrl Pts',(0.800000000000017,27.6326652636846,24.7183797808248));
#10239=CARTESIAN_POINT('Ctrl Pts',(0.800000000000017,27.6143819168359,24.6666666666667));
#10240=CARTESIAN_POINT('Ctrl Pts',(0.800000000000018,29.5,26.));
#10241=CARTESIAN_POINT('Ctrl Pts',(0.800626350674772,29.4946595083076,26.0002989981962));
#10242=CARTESIAN_POINT('Ctrl Pts',(0.801263880612281,29.4893869087656,26.0004587953204));
#10243=CARTESIAN_POINT('Ctrl Pts',(0.825306336995669,29.2827943295741,26.0118475312601));
#10244=CARTESIAN_POINT('Ctrl Pts',(0.858521146398838,28.9822614284803,25.9859659812183));
#10245=CARTESIAN_POINT('Ctrl Pts',(0.89651940118369,28.5604325874775,25.9064584900152));
#10246=CARTESIAN_POINT('Ctrl Pts',(0.910714455597626,28.2293108319601,25.7921620172795));
#10247=CARTESIAN_POINT('Ctrl Pts',(0.895678539531629,27.953044929189,25.6698656342068));
#10248=CARTESIAN_POINT('Ctrl Pts',(0.857087800016322,27.7548038235839,25.5558744571373));
#10249=CARTESIAN_POINT('Ctrl Pts',(0.820138438019826,27.6564419032741,25.4852895247378));
#10250=CARTESIAN_POINT('Ctrl Pts',(0.800000000000017,27.6143819168359,25.4506701380634));
#10251=CARTESIAN_POINT('Ctrl Pts',(0.800000000000019,29.5,26.));
#10252=CARTESIAN_POINT('Ctrl Pts',(0.801255662370013,29.4970553876582,26.0005231926542));
#10253=CARTESIAN_POINT('Ctrl Pts',(0.802528890338525,29.4940709841258,26.0010537043077));
#10254=CARTESIAN_POINT('Ctrl Pts',(0.851205175600316,29.3800388071982,26.0213354898335));
#10255=CARTESIAN_POINT('Ctrl Pts',(0.932049162355271,29.198513628981,26.0550204843147));
#10256=CARTESIAN_POINT('Ctrl Pts',(1.06649211385189,28.9079491136543,26.1110383807717));
#10257=CARTESIAN_POINT('Ctrl Pts',(1.19546762899468,28.6043273947707,26.1647781787478));
#10258=CARTESIAN_POINT('Ctrl Pts',(1.29534031511415,28.2608007796043,26.2063917979642));
#10259=CARTESIAN_POINT('Ctrl Pts',(1.33552719495299,27.9288066364431,26.2231363312304));
#10260=CARTESIAN_POINT('Ctrl Pts',(1.32272532549756,27.7172261134592,26.2178022189573));
#10261=CARTESIAN_POINT('Ctrl Pts',(1.3070737187107,27.6143819168359,26.2112807161294));
#10262=CARTESIAN_POINT('Ctrl Pts',(0.800000000000019,29.5,26.));
#10263=CARTESIAN_POINT('Ctrl Pts',(0.801893856939309,29.4994077314728,26.000789107058));
#10264=CARTESIAN_POINT('Ctrl Pts',(0.80378654255441,29.4988109142891,26.0015777260643));
#10265=CARTESIAN_POINT('Ctrl Pts',(0.878073673772179,29.4751914976839,26.0325306974051));
#10266=CARTESIAN_POINT('Ctrl Pts',(1.0190266153593,29.4163205461016,26.0912610897331));
#10267=CARTESIAN_POINT('Ctrl Pts',(1.28517564757133,29.2537641233651,26.2021565198214));
#10268=CARTESIAN_POINT('Ctrl Pts',(1.57287194068992,28.9822227622318,26.3220299752875));
#10269=CARTESIAN_POINT('Ctrl Pts',(1.83391596867901,28.5726881189597,26.4307983202829));
#10270=CARTESIAN_POINT('Ctrl Pts',(1.99442783507888,28.1073523214714,26.4976782646162));
#10271=CARTESIAN_POINT('Ctrl Pts',(2.03076923076925,27.7789320384747,26.5128205128205));
#10272=CARTESIAN_POINT('Ctrl Pts',(2.03076923076925,27.6143819168359,26.5128205128205));
#10273=CARTESIAN_POINT('Origin',(0.800000000000016,29.5,24.));
#10274=CARTESIAN_POINT('Origin',(10.,0.,32.925));
#10275=CARTESIAN_POINT('Origin',(8.58000000000003,0.,36.925));
#10276=CARTESIAN_POINT('',(7.81076923076926,0.,35.0788461538462));
#10277=CARTESIAN_POINT('Origin',(0.800000000000023,0.,38.));
#10278=CARTESIAN_POINT('',(2.03076923076925,-20.6143819168359,37.4871794871795));
#10279=CARTESIAN_POINT('',(2.03076923076925,0.,37.4871794871795));
#10280=CARTESIAN_POINT('',(0.800000000000023,-22.5,38.));
#10281=CARTESIAN_POINT('Ctrl Pts',(0.800000000000019,-22.5,38.));
#10282=CARTESIAN_POINT('Ctrl Pts',(0.801893856941629,-22.4994077314727,
37.999210892941));
#10283=CARTESIAN_POINT('Ctrl Pts',(0.803786328953886,-22.4988109453677,
37.9984223629359));
#10284=CARTESIAN_POINT('Ctrl Pts',(0.87807909806463,-22.4751917345744,37.9674670424731));
#10285=CARTESIAN_POINT('Ctrl Pts',(1.01932412169088,-22.4160570705646,37.9086149492955));
#10286=CARTESIAN_POINT('Ctrl Pts',(1.21748428846819,-22.295205559534,37.8260482131383));
#10287=CARTESIAN_POINT('Ctrl Pts',(1.40039846509148,-22.1449659322586,37.7498339728786));
#10288=CARTESIAN_POINT('Ctrl Pts',(1.56207403391876,-21.9720920447699,37.6824691525339));
#10289=CARTESIAN_POINT('Ctrl Pts',(1.70298788685999,-21.7781872702204,37.6237550471417));
#10290=CARTESIAN_POINT('Ctrl Pts',(1.8604419239667,-21.4948040092511,37.5581491983473));
#10291=CARTESIAN_POINT('Ctrl Pts',(1.99419961258993,-21.1093124508701,37.5024168280876));
#10292=CARTESIAN_POINT('Ctrl Pts',(2.03076923076925,-20.7778429137669,37.4871794871795));
#10293=CARTESIAN_POINT('Ctrl Pts',(2.03076923076925,-20.6143819168359,37.4871794871795));
#10294=CARTESIAN_POINT('',(2.03076923076925,-24.3856180831641,37.4871794871795));
#10295=CARTESIAN_POINT('Ctrl Pts',(2.03076923076925,-24.3856180831641,37.4871794871795));
#10296=CARTESIAN_POINT('Ctrl Pts',(2.03076923076925,-24.2221570862331,37.4871794871795));
#10297=CARTESIAN_POINT('Ctrl Pts',(1.9942035469467,-23.8906810528797,37.5024151887722));
#10298=CARTESIAN_POINT('Ctrl Pts',(1.86059883705261,-23.5053094376161,37.5580838178947));
#10299=CARTESIAN_POINT('Ctrl Pts',(1.70295184469946,-23.2217666602697,37.6237700647085));
#10300=CARTESIAN_POINT('Ctrl Pts',(1.51575851756952,-22.9637778943926,37.701767284346));
#10301=CARTESIAN_POINT('Ctrl Pts',(1.28394359490125,-22.7454182790519,37.7983568354577));
#10302=CARTESIAN_POINT('Ctrl Pts',(1.01911004268155,-22.5837696302877,37.9087041488827));
#10303=CARTESIAN_POINT('Ctrl Pts',(0.878084766073041,-22.5248132492816,
37.9674646808028));
#10304=CARTESIAN_POINT('Ctrl Pts',(0.803786220632693,-22.5011889603335,
37.9984224080697));
#10305=CARTESIAN_POINT('Ctrl Pts',(0.801893856941628,-22.5005922685274,
37.999210892941));
#10306=CARTESIAN_POINT('Ctrl Pts',(0.800000000000018,-22.5,38.));
#10307=CARTESIAN_POINT('',(2.03076923076925,0.,37.4871794871795));
#10308=CARTESIAN_POINT('Origin',(2.80000000000002,0.,41.075));
#10309=CARTESIAN_POINT('',(0.800000000000018,-24.5,41.075));
#10310=CARTESIAN_POINT('',(0.800000000000018,0.,41.075));
#10311=CARTESIAN_POINT('Origin',(2.80000000000002,-24.5,41.075));
#10312=CARTESIAN_POINT('Origin',(2.80000000000002,0.,39.3333333333333));
#10313=CARTESIAN_POINT('',(0.800000000000017,-24.3856180831641,39.3333333333333));
#10314=CARTESIAN_POINT('Origin',(2.80000000000002,-24.3856180831641,39.3333333333333));
#10315=CARTESIAN_POINT('',(0.800000000000019,0.,39.3333333333333));
#10316=CARTESIAN_POINT('Ctrl Pts',(0.800000000000017,-24.3856180831641,
39.3333333333333));
#10317=CARTESIAN_POINT('Ctrl Pts',(0.800000000000017,-24.3674557501718,
39.2819624980492));
#10318=CARTESIAN_POINT('Ctrl Pts',(0.800000000000017,-24.322616390335,39.1683296534924));
#10319=CARTESIAN_POINT('Ctrl Pts',(0.800000000000017,-24.2331290809384,
38.9954099024052));
#10320=CARTESIAN_POINT('Ctrl Pts',(0.800000000000017,-24.121186594487,38.8241471122898));
#10321=CARTESIAN_POINT('Ctrl Pts',(0.800000000000017,-23.9654278958005,
38.6313207011776));
#10322=CARTESIAN_POINT('Ctrl Pts',(0.800000000000015,-23.7263214910798,
38.3860742264746));
#10323=CARTESIAN_POINT('Ctrl Pts',(0.800000000000017,-23.2288465254941,
38.1142617606472));
#10324=CARTESIAN_POINT('Ctrl Pts',(0.800000000000014,-22.8131088588154,
38.0035996019335));
#10325=CARTESIAN_POINT('Ctrl Pts',(0.800000000000018,-22.5153398659319,
38.0000418733069));
#10326=CARTESIAN_POINT('Ctrl Pts',(0.800000000000018,-22.5076994907947,
38.));
#10327=CARTESIAN_POINT('Ctrl Pts',(0.800000000000018,-22.5,38.));
#10328=CARTESIAN_POINT('Ctrl Pts',(0.800000000000017,-24.3856180831641,
38.885331349678));
#10329=CARTESIAN_POINT('Ctrl Pts',(0.811700219685599,-24.3540263719482,
38.8437588674965));
#10330=CARTESIAN_POINT('Ctrl Pts',(0.832675615698231,-24.2784220987222,
38.7541265236775));
#10331=CARTESIAN_POINT('Ctrl Pts',(0.851219433660735,-24.145531679891,38.6265340269484));
#10332=CARTESIAN_POINT('Ctrl Pts',(0.859339342555,-23.9997931601329,38.5068969244128));
#10333=CARTESIAN_POINT('Ctrl Pts',(0.862055530476161,-23.8161501904561,
38.3768635012673));
#10334=CARTESIAN_POINT('Ctrl Pts',(0.855451174708182,-23.5613188304999,
38.2195209779735));
#10335=CARTESIAN_POINT('Ctrl Pts',(0.833572984767599,-23.1086825485503,
38.0568612581063));
#10336=CARTESIAN_POINT('Ctrl Pts',(0.814647761665918,-22.7581882287801,
37.9961371678296));
#10337=CARTESIAN_POINT('Ctrl Pts',(0.800718034500725,-22.512644695832,37.9997265473009));
#10338=CARTESIAN_POINT('Ctrl Pts',(0.800360734655563,-22.5063457341723,
37.9998496938935));
#10339=CARTESIAN_POINT('Ctrl Pts',(0.800000000000018,-22.5,38.));
#10340=CARTESIAN_POINT('Ctrl Pts',(1.07389483024038,-24.3856180831641,38.1040180082817));
#10341=CARTESIAN_POINT('Ctrl Pts',(1.0930106961449,-24.3103105641744,38.0862890530057));
#10342=CARTESIAN_POINT('Ctrl Pts',(1.11949642849272,-24.1467437049509,38.0542018017182));
#10343=CARTESIAN_POINT('Ctrl Pts',(1.11772624204975,-23.918643199324,38.0241138787788));
#10344=CARTESIAN_POINT('Ctrl Pts',(1.09420875695795,-23.7148015387649,38.0047042585051));
#10345=CARTESIAN_POINT('Ctrl Pts',(1.05539424336733,-23.4940236839067,37.9889056956654));
#10346=CARTESIAN_POINT('Ctrl Pts',(0.99298611482155,-23.240121229845,37.9762409041528));
#10347=CARTESIAN_POINT('Ctrl Pts',(0.900436855256296,-22.8943211243461,
37.974423209679));
#10348=CARTESIAN_POINT('Ctrl Pts',(0.840472694941293,-22.6620887741216,
37.9836468771606));
#10349=CARTESIAN_POINT('Ctrl Pts',(0.801978307974269,-22.5079277728922,
37.9991817464525));
#10350=CARTESIAN_POINT('Ctrl Pts',(0.800992020302766,-22.5039766600832,
37.9995866582072));
#10351=CARTESIAN_POINT('Ctrl Pts',(0.800000000000018,-22.5,38.));
#10352=CARTESIAN_POINT('Ctrl Pts',(1.72061401131559,-24.3856180831641,37.6164108286185));
#10353=CARTESIAN_POINT('Ctrl Pts',(1.72738050679058,-24.2485816291271,37.6136361683972));
#10354=CARTESIAN_POINT('Ctrl Pts',(1.7119367345379,-23.9674488870492,37.6200188592596));
#10355=CARTESIAN_POINT('Ctrl Pts',(1.62113045221294,-23.6292525164153,37.6579168391012));
#10356=CARTESIAN_POINT('Ctrl Pts',(1.50680696934329,-23.3696313437408,37.7055608729828));
#10357=CARTESIAN_POINT('Ctrl Pts',(1.36751336724046,-23.1228237974956,37.7636221230668));
#10358=CARTESIAN_POINT('Ctrl Pts',(1.19062621707214,-22.8938229554605,37.837284112117));
#10359=CARTESIAN_POINT('Ctrl Pts',(0.981778563169778,-22.6769358606933,
37.9242974500724));
#10360=CARTESIAN_POINT('Ctrl Pts',(0.866747105381235,-22.565995932695,37.9721921214026));
#10361=CARTESIAN_POINT('Ctrl Pts',(0.80324319803629,-22.5032106036968,37.9986486128903));
#10362=CARTESIAN_POINT('Ctrl Pts',(0.801623305949969,-22.5016075859941,
37.9993236225209));
#10363=CARTESIAN_POINT('Ctrl Pts',(0.800000000000018,-22.5,38.));
#10364=CARTESIAN_POINT('Ctrl Pts',(2.03076923076925,-24.3856180831641,37.4871794871795));
#10365=CARTESIAN_POINT('Ctrl Pts',(2.03076923076925,-24.2221570862331,37.4871794871795));
#10366=CARTESIAN_POINT('Ctrl Pts',(1.9942035469467,-23.8906810528797,37.5024151887722));
#10367=CARTESIAN_POINT('Ctrl Pts',(1.86059883705261,-23.5053094376161,37.5580838178947));
#10368=CARTESIAN_POINT('Ctrl Pts',(1.70295184469946,-23.2217666602697,37.6237700647085));
#10369=CARTESIAN_POINT('Ctrl Pts',(1.51575851756952,-22.9637778943926,37.701767284346));
#10370=CARTESIAN_POINT('Ctrl Pts',(1.28394359490125,-22.7454182790519,37.7983568354577));
#10371=CARTESIAN_POINT('Ctrl Pts',(1.01911004268155,-22.5837696302877,37.9087041488827));
#10372=CARTESIAN_POINT('Ctrl Pts',(0.878084766073041,-22.5248132492816,
37.9674646808028));
#10373=CARTESIAN_POINT('Ctrl Pts',(0.803786220632693,-22.5011889603335,
37.9984224080697));
#10374=CARTESIAN_POINT('Ctrl Pts',(0.801893856941628,-22.5005922685274,
37.999210892941));
#10375=CARTESIAN_POINT('Ctrl Pts',(0.800000000000018,-22.5,38.));
#10376=CARTESIAN_POINT('Origin',(0.800000000000016,-22.5,40.));
#10377=CARTESIAN_POINT('Origin',(2.80000000000002,0.,39.3333333333333));
#10378=CARTESIAN_POINT('Origin',(2.80000000000002,-20.6143819168359,39.3333333333333));
#10379=CARTESIAN_POINT('Ctrl Pts',(0.800000000000018,-22.5,38.));
#10380=CARTESIAN_POINT('Ctrl Pts',(0.800000000000018,-22.4923005092053,
38.));
#10381=CARTESIAN_POINT('Ctrl Pts',(0.800000000000018,-22.4846603511287,
38.0000421795768));
#10382=CARTESIAN_POINT('Ctrl Pts',(0.800000000000017,-22.1868804337745,
38.0035839795704));
#10383=CARTESIAN_POINT('Ctrl Pts',(0.800000000000018,-21.7717529095532,
38.1149727800701));
#10384=CARTESIAN_POINT('Ctrl Pts',(0.800000000000017,-21.3974565989938,
38.3173559793658));
#10385=CARTESIAN_POINT('Ctrl Pts',(0.800000000000018,-21.1557498427872,
38.5105614388176));
#10386=CARTESIAN_POINT('Ctrl Pts',(0.800000000000018,-20.9939841263669,
38.6777925928785));
#10387=CARTESIAN_POINT('Ctrl Pts',(0.800000000000017,-20.8787022090688,
38.8241676654877));
#10388=CARTESIAN_POINT('Ctrl Pts',(0.800000000000017,-20.7662618463501,
38.9948129216846));
#10389=CARTESIAN_POINT('Ctrl Pts',(0.800000000000017,-20.6772517953906,
39.1682614411902));
#10390=CARTESIAN_POINT('Ctrl Pts',(0.800000000000017,-20.6325442498281,
39.2819624980495));
#10391=CARTESIAN_POINT('Ctrl Pts',(0.800000000000017,-20.6143819168359,
39.3333333333333));
#10392=CARTESIAN_POINT('Ctrl Pts',(0.800000000000018,-22.5,38.));
#10393=CARTESIAN_POINT('Ctrl Pts',(0.800628846041044,-22.4946783207013,
37.9997082184425));
#10394=CARTESIAN_POINT('Ctrl Pts',(0.80126077324708,-22.4893653416728,37.9995326645333));
#10395=CARTESIAN_POINT('Ctrl Pts',(0.825406319504804,-22.2834605733542,
37.9884084713046));
#10396=CARTESIAN_POINT('Ctrl Pts',(0.858408703068726,-21.9816336795905,
38.0141999931206));
#10397=CARTESIAN_POINT('Ctrl Pts',(0.887026853642225,-21.667274307075,38.0729906125263));
#10398=CARTESIAN_POINT('Ctrl Pts',(0.902087890880459,-21.4299907970809,
38.1406223545634));
#10399=CARTESIAN_POINT('Ctrl Pts',(0.906736546179097,-21.2444383589594,
38.2055715674454));
#10400=CARTESIAN_POINT('Ctrl Pts',(0.903235100070967,-21.0917076905937,
38.268669937103));
#10401=CARTESIAN_POINT('Ctrl Pts',(0.889182760201294,-20.9205511219988,
38.3494432067798));
#10402=CARTESIAN_POINT('Ctrl Pts',(0.857273194898607,-20.7552193928793,
38.4435871281128));
#10403=CARTESIAN_POINT('Ctrl Pts',(0.820131055846728,-20.6562014297139,
38.5149342406656));
#10404=CARTESIAN_POINT('Ctrl Pts',(0.800000000000019,-20.6143819168359,
38.5493298619366));
#10405=CARTESIAN_POINT('Ctrl Pts',(0.800000000000019,-22.5,38.));
#10406=CARTESIAN_POINT('Ctrl Pts',(0.801257796324987,-22.4970441559727,
37.9994759181979));
#10407=CARTESIAN_POINT('Ctrl Pts',(0.80252609218905,-22.4940849576352,37.9989474615879));
#10408=CARTESIAN_POINT('Ctrl Pts',(0.851290664253675,-22.3795931329563,
37.9786288898944));
#10409=CARTESIAN_POINT('Ctrl Pts',(0.932062862851558,-22.1988051137852,
37.9449738071452));
#10410=CARTESIAN_POINT('Ctrl Pts',(1.032434278858,-21.981180278959,37.9031523838092));
#10411=CARTESIAN_POINT('Ctrl Pts',(1.11805243944804,-21.786854467125,37.8674781502301));
#10412=CARTESIAN_POINT('Ctrl Pts',(1.18857352398731,-21.6070654085942,37.8380943650054));
#10413=CARTESIAN_POINT('Ctrl Pts',(1.24521521017862,-21.4331640514393,37.8144936624256));
#10414=CARTESIAN_POINT('Ctrl Pts',(1.30173184318208,-21.2053663297805,37.7909450653408));
#10415=CARTESIAN_POINT('Ctrl Pts',(1.33565292155595,-20.9301326177198,37.7768112826851));
#10416=CARTESIAN_POINT('Ctrl Pts',(1.32268224567823,-20.7161833258974,37.7822157309674));
#10417=CARTESIAN_POINT('Ctrl Pts',(1.3070737187107,-20.6143819168359,37.7887192838706));
#10418=CARTESIAN_POINT('Ctrl Pts',(0.800000000000019,-22.5,38.));
#10419=CARTESIAN_POINT('Ctrl Pts',(0.801893856941629,-22.4994077314727,
37.999210892941));
#10420=CARTESIAN_POINT('Ctrl Pts',(0.803786328953886,-22.4988109453677,
37.9984223629359));
#10421=CARTESIAN_POINT('Ctrl Pts',(0.87807909806463,-22.4751917345744,37.9674670424731));
#10422=CARTESIAN_POINT('Ctrl Pts',(1.01932412169088,-22.4160570705646,37.9086149492955));
#10423=CARTESIAN_POINT('Ctrl Pts',(1.21748428846819,-22.295205559534,37.8260482131383));
#10424=CARTESIAN_POINT('Ctrl Pts',(1.40039846509148,-22.1449659322586,37.7498339728786));
#10425=CARTESIAN_POINT('Ctrl Pts',(1.56207403391876,-21.9720920447699,37.6824691525339));
#10426=CARTESIAN_POINT('Ctrl Pts',(1.70298788685999,-21.7781872702204,37.6237550471417));
#10427=CARTESIAN_POINT('Ctrl Pts',(1.8604419239667,-21.4948040092511,37.5581491983473));
#10428=CARTESIAN_POINT('Ctrl Pts',(1.99419961258993,-21.1093124508701,37.5024168280876));
#10429=CARTESIAN_POINT('Ctrl Pts',(2.03076923076925,-20.7778429137669,37.4871794871795));
#10430=CARTESIAN_POINT('Ctrl Pts',(2.03076923076925,-20.6143819168359,37.4871794871795));
#10431=CARTESIAN_POINT('Origin',(0.800000000000016,-22.5,40.));
#10432=CARTESIAN_POINT('Origin',(0.800000000000016,0.,43.));
#10433=CARTESIAN_POINT('',(0.800000000000018,-24.5,40.));
#10434=CARTESIAN_POINT('Origin',(0.800000000000016,-22.5,40.));
#10435=CARTESIAN_POINT('',(0.800000000000015,-24.5,44.75));
#10436=CARTESIAN_POINT('Origin',(-3.22499999999999,-42.,48.));
#10437=CARTESIAN_POINT('Origin',(-27.9999999999992,29.5,24.));
#10438=CARTESIAN_POINT('',(-27.9999999999992,29.5,22.));
#10439=CARTESIAN_POINT('Origin',(-27.9999999999992,29.5,24.));
#10440=CARTESIAN_POINT('',(-27.9999999999992,29.5,22.));
#10441=CARTESIAN_POINT('Origin',(-27.9999999999992,31.5,22.0000000000009));
#10442=CARTESIAN_POINT('',(-27.9999999999992,26.5000000000004,21.9999999999987));
#10443=CARTESIAN_POINT('Origin',(-27.9999999999992,21.5,24.));
#10444=CARTESIAN_POINT('',(-27.9999999999992,28.25,24.));
#10445=CARTESIAN_POINT('Origin',(-27.9999999999992,29.5,24.));
#10446=CARTESIAN_POINT('Origin',(-27.9999999999992,13.5,24.));
#10447=CARTESIAN_POINT('',(-27.9999999999992,13.5,26.));
#10448=CARTESIAN_POINT('Origin',(-27.9999999999992,13.5,24.));
#10449=CARTESIAN_POINT('',(-27.9999999999992,13.5,26.));
#10450=CARTESIAN_POINT('Origin',(-27.9999999999992,11.5,26.));
#10451=CARTESIAN_POINT('',(-27.9999999999992,16.5,26.));
#10452=CARTESIAN_POINT('Origin',(-27.9999999999992,21.5,24.));
#10453=CARTESIAN_POINT('',(-27.9999999999992,12.25,24.));
#10454=CARTESIAN_POINT('Origin',(-27.9999999999992,13.5,24.));
#10455=CARTESIAN_POINT('Origin',(-21.5,13.5,24.));
#10456=CARTESIAN_POINT('',(-26.1249999999992,12.25,24.));
#10457=CARTESIAN_POINT('Origin',(-26.1249999999992,13.5,24.));
#10458=CARTESIAN_POINT('',(-21.5,12.25,24.));
#10459=CARTESIAN_POINT('Origin',(-21.5,29.5,24.));
#10460=CARTESIAN_POINT('',(-26.1249999999992,28.25,24.));
#10461=CARTESIAN_POINT('Origin',(-26.1249999999992,29.5,24.));
#10462=CARTESIAN_POINT('',(-21.5,28.25,24.));
#10463=CARTESIAN_POINT('Origin',(-0.999999999999976,29.5,24.));
#10464=CARTESIAN_POINT('',(-0.999999999999976,31.5,24.));
#10465=CARTESIAN_POINT('Origin',(-0.999999999999976,29.5,24.));
#10466=CARTESIAN_POINT('',(-0.999999999999976,31.5,24.));
#10467=CARTESIAN_POINT('Origin',(-0.999999999999976,29.5,24.));
#10468=CARTESIAN_POINT('',(-0.999999999999976,30.75,24.));
#10469=CARTESIAN_POINT('Origin',(-0.999999999999976,29.5,24.));
#10470=CARTESIAN_POINT('Origin',(-0.999999999999976,13.5,24.));
#10471=CARTESIAN_POINT('',(-0.999999999999976,11.5,23.9999998384134));
#10472=CARTESIAN_POINT('',(-0.999999999999976,11.5,23.9999998384134));
#10473=CARTESIAN_POINT('',(-0.999999999999976,15.5,24.));
#10474=CARTESIAN_POINT('Origin',(-0.999999999999976,13.5,24.));
#10475=CARTESIAN_POINT('',(-0.999999999999976,15.5,24.));
#10476=CARTESIAN_POINT('Origin',(-0.999999999999976,15.5,22.));
#10477=CARTESIAN_POINT('',(-0.999999999999976,15.5,24.));
#10478=CARTESIAN_POINT('Origin',(-0.999999999999976,11.5,23.9999998384134));
#10479=CARTESIAN_POINT('',(-0.999999999999976,11.5,26.));
#10480=CARTESIAN_POINT('Origin',(-0.999999999999976,13.5,24.));
#10481=CARTESIAN_POINT('',(-0.999999999999976,14.75,24.));
#10482=CARTESIAN_POINT('Origin',(-0.999999999999976,13.5,24.));
#10483=CARTESIAN_POINT('Origin',(1.50000000000002,13.5,24.));
#10484=CARTESIAN_POINT('',(1.50000000000002,14.75,24.));
#10485=CARTESIAN_POINT('Origin',(1.50000000000002,29.5,24.));
#10486=CARTESIAN_POINT('',(1.50000000000002,30.75,24.));
#10487=CARTESIAN_POINT('Origin',(-26.1249999999992,21.5,23.5));
#10488=CARTESIAN_POINT('',(-26.1249999999992,26.5,26.125));
#10489=CARTESIAN_POINT('Origin',(-2.99999999999998,31.5,26.125));
#10490=CARTESIAN_POINT('Origin',(13.,0.,20.925));
#10491=CARTESIAN_POINT('Origin',(13.,0.,20.925));
#10492=CARTESIAN_POINT('Origin',(-0.999999999999976,7.5,24.));
#10493=CARTESIAN_POINT('',(-0.999999999999976,9.5,23.9999999613799));
#10494=CARTESIAN_POINT('Origin',(-0.999999999999976,7.5,24.));
#10495=CARTESIAN_POINT('',(-0.999999999999976,9.5,23.9999999613799));
#10496=CARTESIAN_POINT('Origin',(-0.999999999999976,7.5,24.));
#10497=CARTESIAN_POINT('',(-0.999999999999976,9.5,22.));
#10498=CARTESIAN_POINT('',(-0.999999999999976,8.65,24.));
#10499=CARTESIAN_POINT('Origin',(-0.999999999999976,7.5,24.));
#10500=CARTESIAN_POINT('Origin',(-0.999999999999976,9.5,23.9999999613799));
#10501=CARTESIAN_POINT('Origin',(-0.999999999999976,-22.5,24.));
#10502=CARTESIAN_POINT('',(-0.999999999999976,-20.5,24.));
#10503=CARTESIAN_POINT('Origin',(-0.999999999999976,-22.5,24.));
#10504=CARTESIAN_POINT('',(-0.999999999999976,-20.5,24.));
#10505=CARTESIAN_POINT('Origin',(-0.999999999999976,-20.5,24.));
#10506=CARTESIAN_POINT('',(-0.999999999999976,-20.5,24.));
#10507=CARTESIAN_POINT('Origin',(-0.999999999999976,-22.5,24.));
#10508=CARTESIAN_POINT('',(-0.999999999999976,-21.35,24.));
#10509=CARTESIAN_POINT('Origin',(-0.999999999999976,-22.5,24.));
#10510=CARTESIAN_POINT('Origin',(1.00000000000002,7.5,24.));
#10511=CARTESIAN_POINT('',(1.00000000000002,8.65,24.));
#10512=CARTESIAN_POINT('Origin',(1.00000000000002,-22.5,24.));
#10513=CARTESIAN_POINT('',(1.00000000000002,-21.35,24.));
#10514=CARTESIAN_POINT('Origin',(-0.999999999999976,7.5,40.));
#10515=CARTESIAN_POINT('',(-0.999999999999976,8.65,40.));
#10516=CARTESIAN_POINT('Origin',(-0.999999999999976,7.5,40.));
#10517=CARTESIAN_POINT('Origin',(-0.999999999999976,-22.5,40.));
#10518=CARTESIAN_POINT('',(-0.999999999999976,-20.5,40.));
#10519=CARTESIAN_POINT('',(-0.999999999999976,-20.5,40.));
#10520=CARTESIAN_POINT('',(-0.999999999999976,-24.5,40.));
#10521=CARTESIAN_POINT('Origin',(-0.999999999999976,-22.5,40.));
#10522=CARTESIAN_POINT('',(-0.999999999999976,-24.5,40.));
#10523=CARTESIAN_POINT('Origin',(-0.999999999999976,-24.5,42.));
#10524=CARTESIAN_POINT('',(-0.999999999999976,-24.5,22.));
#10525=CARTESIAN_POINT('Origin',(-0.999999999999976,-20.5,40.));
#10526=CARTESIAN_POINT('',(-0.999999999999976,-20.5,40.));
#10527=CARTESIAN_POINT('Origin',(-0.999999999999976,-22.5,40.));
#10528=CARTESIAN_POINT('',(-0.999999999999976,-21.35,40.));
#10529=CARTESIAN_POINT('Origin',(-0.999999999999976,-22.5,40.));
#10530=CARTESIAN_POINT('Origin',(1.00000000000002,7.5,40.));
#10531=CARTESIAN_POINT('',(1.00000000000002,8.65,40.));
#10532=CARTESIAN_POINT('Origin',(1.00000000000002,-22.5,40.));
#10533=CARTESIAN_POINT('',(1.00000000000002,-21.35,40.));
#10534=UNCERTAINTY_MEASURE_WITH_UNIT(LENGTH_MEASURE(0.01),#10538,
'DISTANCE_ACCURACY_VALUE',
'Maximum model space distance between geometric entities at asserted c
onnectivities');
#10535=UNCERTAINTY_MEASURE_WITH_UNIT(LENGTH_MEASURE(0.01),#10538,
'DISTANCE_ACCURACY_VALUE',
'Maximum model space distance between geometric entities at asserted c
onnectivities');
#10536=(
GEOMETRIC_REPRESENTATION_CONTEXT(3)
GLOBAL_UNCERTAINTY_ASSIGNED_CONTEXT((#10534))
GLOBAL_UNIT_ASSIGNED_CONTEXT((#10538,#10540,#10541))
REPRESENTATION_CONTEXT('','3D')
);
#10537=(
GEOMETRIC_REPRESENTATION_CONTEXT(3)
GLOBAL_UNCERTAINTY_ASSIGNED_CONTEXT((#10535))
GLOBAL_UNIT_ASSIGNED_CONTEXT((#10538,#10540,#10541))
REPRESENTATION_CONTEXT('','3D')
);
#10538=(
LENGTH_UNIT()
NAMED_UNIT(*)
SI_UNIT(.MILLI.,.METRE.)
);
#10539=(
LENGTH_UNIT()
NAMED_UNIT(*)
SI_UNIT($,.METRE.)
);
#10540=(
NAMED_UNIT(*)
PLANE_ANGLE_UNIT()
SI_UNIT($,.RADIAN.)
);
#10541=(
NAMED_UNIT(*)
SI_UNIT($,.STERADIAN.)
SOLID_ANGLE_UNIT()
);
#10542=SHAPE_DEFINITION_REPRESENTATION(#10543,#10544);
#10543=PRODUCT_DEFINITION_SHAPE('',$,#10546);
#10544=SHAPE_REPRESENTATION('',(#5203),#10536);
#10545=PRODUCT_DEFINITION_CONTEXT('part definition',#10550,'design');
#10546=PRODUCT_DEFINITION('2026-09-25-11-11-43-486','(Unsaved)',#10547,
#10545);
#10547=PRODUCT_DEFINITION_FORMATION('',$,#10552);
#10548=PRODUCT_RELATED_PRODUCT_CATEGORY('(Unsaved)','(Unsaved)',(#10552));
#10549=APPLICATION_PROTOCOL_DEFINITION('international standard',
'automotive_design',2009,#10550);
#10550=APPLICATION_CONTEXT(
'Core Data for Automotive Mechanical Design Process');
#10551=PRODUCT_CONTEXT('part definition',#10550,'mechanical');
#10552=PRODUCT('2026-09-25-11-11-43-486','(Unsaved)',$,(#10551));
#10553=PRESENTATION_STYLE_ASSIGNMENT((#10555));
#10554=PRESENTATION_STYLE_ASSIGNMENT((#10556));
#10555=SURFACE_STYLE_USAGE(.BOTH.,#10557);
#10556=SURFACE_STYLE_USAGE(.BOTH.,#10558);
#10557=SURFACE_SIDE_STYLE('',(#10559));
#10558=SURFACE_SIDE_STYLE('',(#10560));
#10559=SURFACE_STYLE_FILL_AREA(#10561);
#10560=SURFACE_STYLE_FILL_AREA(#10562);
#10561=FILL_AREA_STYLE('Steel - Satin',(#10563));
#10562=FILL_AREA_STYLE('Nylon 12 (with Formlabs Fuse 1 3D Printer)',(#10564));
#10563=FILL_AREA_STYLE_COLOUR('Steel - Satin',#10565);
#10564=FILL_AREA_STYLE_COLOUR(
'Nylon 12 (with Formlabs Fuse 1 3D Printer)',#10566);
#10565=COLOUR_RGB('Steel - Satin',0.627450980392157,0.627450980392157,0.627450980392157);
#10566=COLOUR_RGB('Nylon 12 (with Formlabs Fuse 1 3D Printer)',0.313725490196078,
0.313725490196078,0.313725490196078);
ENDSEC;
END-ISO-10303-21;
