ISO-10303-21;
HEADER;
/* Generated by software containing ST-Developer
 * from STEP Tools, Inc. (www.steptools.com) 
 */

FILE_DESCRIPTION(
/* description */ (''),
/* implementation_level */ '2;1');

FILE_NAME(
/* name */ 'finger.step',
/* time_stamp */ '2026-09-25T11:32:16-04:00',
/* author */ (''),
/* organization */ (''),
/* preprocessor_version */ 'ST-DEVELOPER v20.2',
/* originating_system */ 'Autodesk Translation Framework v15.15.0.0',
/* authorisation */ '');

FILE_SCHEMA (('AUTOMOTIVE_DESIGN { 1 0 10303 214 3 1 1 }'));
ENDSEC;

DATA;
#10=MECHANICAL_DESIGN_GEOMETRIC_PRESENTATION_REPRESENTATION('',(#13),#15097);
#11=SHAPE_REPRESENTATION_RELATIONSHIP('SRR','None',#15104,#12);
#12=ADVANCED_BREP_SHAPE_REPRESENTATION('',(#14),#15096);
#13=STYLED_ITEM('',(#15114),#14);
#14=MANIFOLD_SOLID_BREP('Body1',#8557);
#15=B_SPLINE_SURFACE_WITH_KNOTS('',3,3,((#12598,#12599,#12600,#12601,#12602,
#12603,#12604,#12605),(#12606,#12607,#12608,#12609,#12610,#12611,#12612,
#12613),(#12614,#12615,#12616,#12617,#12618,#12619,#12620,#12621),(#12622,
#12623,#12624,#12625,#12626,#12627,#12628,#12629),(#12630,#12631,#12632,
#12633,#12634,#12635,#12636,#12637)),.UNSPECIFIED.,.F.,.F.,.F.,(4,1,4),
(4,1,1,2,4),(0.,0.5,1.),(0.,0.0816269561531337,0.108835941537512,0.136044926921889,
0.136494529833636),.UNSPECIFIED.);
#16=B_SPLINE_SURFACE_WITH_KNOTS('',3,3,((#12670,#12671,#12672,#12673,#12674,
#12675,#12676,#12677),(#12678,#12679,#12680,#12681,#12682,#12683,#12684,
#12685),(#12686,#12687,#12688,#12689,#12690,#12691,#12692,#12693),(#12694,
#12695,#12696,#12697,#12698,#12699,#12700,#12701)),.UNSPECIFIED.,.F.,.F.,
 .F.,(4,4),(4,2,1,1,4),(0.,1.),(-0.000449602911743166,0.,0.0816269561531362,
0.108835941537515,0.136044926921894),.UNSPECIFIED.);
#17=B_SPLINE_SURFACE_WITH_KNOTS('',3,3,((#12831,#12832,#12833,#12834,#12835,
#12836),(#12837,#12838,#12839,#12840,#12841,#12842),(#12843,#12844,#12845,
#12846,#12847,#12848),(#12849,#12850,#12851,#12852,#12853,#12854),(#12855,
#12856,#12857,#12858,#12859,#12860),(#12861,#12862,#12863,#12864,#12865,
#12866),(#12867,#12868,#12869,#12870,#12871,#12872)),.UNSPECIFIED.,.F.,
 .F.,.F.,(4,1,1,1,4),(4,1,1,4),(0.,0.285714285714286,0.571428571428571,
0.857142857142857,1.),(8.67361737988404E-17,0.224399475256414,0.673198425769241,
1.5707963267949),.UNSPECIFIED.);
#18=B_SPLINE_SURFACE_WITH_KNOTS('',3,3,((#12906,#12907,#12908,#12909,#12910,
#12911,#12912),(#12913,#12914,#12915,#12916,#12917,#12918,#12919),(#12920,
#12921,#12922,#12923,#12924,#12925,#12926),(#12927,#12928,#12929,#12930,
#12931,#12932,#12933),(#12934,#12935,#12936,#12937,#12938,#12939,#12940),
(#12941,#12942,#12943,#12944,#12945,#12946,#12947),(#12948,#12949,#12950,
#12951,#12952,#12953,#12954)),.UNSPECIFIED.,.F.,.F.,.F.,(4,1,1,1,4),(4,
1,1,1,4),(0.,0.285714285714286,0.571428571428571,0.857142857142857,1.),
(8.67361737988403E-17,0.224399475256413,0.448798950512827,0.67319842576924,
1.57079632679489),.UNSPECIFIED.);
#19=B_SPLINE_SURFACE_WITH_KNOTS('',3,3,((#13055,#13056,#13057,#13058,#13059),
(#13060,#13061,#13062,#13063,#13064),(#13065,#13066,#13067,#13068,#13069),
(#13070,#13071,#13072,#13073,#13074),(#13075,#13076,#13077,#13078,#13079)),
 .UNSPECIFIED.,.F.,.F.,.F.,(4,1,4),(4,1,4),(0.,0.571428571428571,1.),(-1.5707963267949,
-1.10115415962527,-0.47496460339909),.UNSPECIFIED.);
#20=B_SPLINE_SURFACE_WITH_KNOTS('',3,3,((#13086,#13087,#13088,#13089,#13090),
(#13091,#13092,#13093,#13094,#13095),(#13096,#13097,#13098,#13099,#13100),
(#13101,#13102,#13103,#13104,#13105),(#13106,#13107,#13108,#13109,#13110)),
 .UNSPECIFIED.,.F.,.F.,.F.,(4,1,4),(4,1,4),(0.,0.571428571428571,1.),(0.,
0.0975048292875781,0.195009658575156),.UNSPECIFIED.);
#21=B_SPLINE_SURFACE_WITH_KNOTS('',3,3,((#13270,#13271,#13272,#13273,#13274,
#13275,#13276,#13277),(#13278,#13279,#13280,#13281,#13282,#13283,#13284,
#13285),(#13286,#13287,#13288,#13289,#13290,#13291,#13292,#13293),(#13294,
#13295,#13296,#13297,#13298,#13299,#13300,#13301)),.UNSPECIFIED.,.F.,.F.,
 .F.,(4,4),(4,2,1,1,4),(0.,1.),(-0.225344720899845,-0.22459329656067,-0.134755977936402,
-0.0898373186242679,0.),.UNSPECIFIED.);
#22=B_SPLINE_SURFACE_WITH_KNOTS('',3,3,((#13322,#13323,#13324,#13325),(#13326,
#13327,#13328,#13329),(#13330,#13331,#13332,#13333),(#13334,#13335,#13336,
#13337)),.UNSPECIFIED.,.F.,.F.,.F.,(4,4),(4,4),(0.,1.),(-1.11022302462516E-16,
0.758610383599021),.UNSPECIFIED.);
#23=B_SPLINE_SURFACE_WITH_KNOTS('',3,3,((#13375,#13376,#13377,#13378,#13379,
#13380,#13381),(#13382,#13383,#13384,#13385,#13386,#13387,#13388),(#13389,
#13390,#13391,#13392,#13393,#13394,#13395),(#13396,#13397,#13398,#13399,
#13400,#13401,#13402),(#13403,#13404,#13405,#13406,#13407,#13408,#13409)),
 .UNSPECIFIED.,.F.,.F.,.F.,(4,1,4),(4,1,1,1,4),(0.,0.5,1.),(0.128389912350245,
0.268731263251164,0.338901938701623,0.479243289602542,0.619584640503461),
 .UNSPECIFIED.);
#24=B_SPLINE_SURFACE_WITH_KNOTS('',3,3,((#13443,#13444,#13445,#13446),(#13447,
#13448,#13449,#13450),(#13451,#13452,#13453,#13454),(#13455,#13456,#13457,
#13458),(#13459,#13460,#13461,#13462)),.UNSPECIFIED.,.F.,.F.,.F.,(4,1,4),
(4,4),(0.,0.571428571428571,1.),(0.,0.0955563237078496),.UNSPECIFIED.);
#25=B_SPLINE_SURFACE_WITH_KNOTS('',3,3,((#13498,#13499,#13500,#13501,#13502,
#13503),(#13504,#13505,#13506,#13507,#13508,#13509),(#13510,#13511,#13512,
#13513,#13514,#13515),(#13516,#13517,#13518,#13519,#13520,#13521),(#13522,
#13523,#13524,#13525,#13526,#13527)),.UNSPECIFIED.,.F.,.F.,.F.,(4,1,4),
(4,1,1,4),(0.,0.571428571428571,1.),(-1.5707963267949,-0.897597901025655,
-0.448798950512828,9.2870085448549E-32),.UNSPECIFIED.);
#26=B_SPLINE_SURFACE_WITH_KNOTS('',3,3,((#13619,#13620,#13621,#13622),(#13623,
#13624,#13625,#13626),(#13627,#13628,#13629,#13630),(#13631,#13632,#13633,
#13634),(#13635,#13636,#13637,#13638)),.UNSPECIFIED.,.F.,.F.,.F.,(4,1,4),
(4,4),(0.,0.571428571428571,1.),(1.23095941733889,1.5707963267949),
 .UNSPECIFIED.);
#27=B_SPLINE_SURFACE_WITH_KNOTS('',3,3,((#13657,#13658,#13659,#13660),(#13661,
#13662,#13663,#13664),(#13665,#13666,#13667,#13668),(#13669,#13670,#13671,
#13672),(#13673,#13674,#13675,#13676)),.UNSPECIFIED.,.F.,.F.,.F.,(4,1,4),
(4,4),(0.,0.571428571428571,1.),(0.,0.0955563237078495),.UNSPECIFIED.);
#28=B_SPLINE_SURFACE_WITH_KNOTS('',3,3,((#13717,#13718,#13719,#13720,#13721),
(#13722,#13723,#13724,#13725,#13726),(#13727,#13728,#13729,#13730,#13731),
(#13732,#13733,#13734,#13735,#13736),(#13737,#13738,#13739,#13740,#13741)),
 .UNSPECIFIED.,.F.,.F.,.F.,(4,1,4),(4,1,4),(0.,0.571428571428571,1.),(-1.5707963267949,
-1.00602094207318,-0.252987095777554),.UNSPECIFIED.);
#29=B_SPLINE_SURFACE_WITH_KNOTS('',3,3,((#13761,#13762,#13763,#13764),(#13765,
#13766,#13767,#13768),(#13769,#13770,#13771,#13772),(#13773,#13774,#13775,
#13776)),.UNSPECIFIED.,.F.,.F.,.F.,(4,4),(4,4),(0.,1.),(7.42620866634022E-15,
0.103016205467575),.UNSPECIFIED.);
#30=B_SPLINE_SURFACE_WITH_KNOTS('',3,3,((#13787,#13788,#13789,#13790,#13791,
#13792),(#13793,#13794,#13795,#13796,#13797,#13798),(#13799,#13800,#13801,
#13802,#13803,#13804),(#13805,#13806,#13807,#13808,#13809,#13810),(#13811,
#13812,#13813,#13814,#13815,#13816)),.UNSPECIFIED.,.F.,.F.,.F.,(4,1,4),
(4,1,1,4),(0.,0.571428571428571,1.),(-1.38777878078145E-16,0.673198425769241,
1.12199737628207,1.5707963267949),.UNSPECIFIED.);
#31=B_SPLINE_SURFACE_WITH_KNOTS('',3,3,((#13886,#13887,#13888,#13889,#13890),
(#13891,#13892,#13893,#13894,#13895),(#13896,#13897,#13898,#13899,#13900),
(#13901,#13902,#13903,#13904,#13905),(#13906,#13907,#13908,#13909,#13910)),
 .UNSPECIFIED.,.F.,.F.,.F.,(4,1,4),(4,1,4),(0.,0.571428571428571,1.),(-1.38777878078145E-16,
0.673198425769242,1.5707963267949),.UNSPECIFIED.);
#32=B_SPLINE_SURFACE_WITH_KNOTS('',3,3,((#13933,#13934,#13935,#13936),(#13937,
#13938,#13939,#13940),(#13941,#13942,#13943,#13944),(#13945,#13946,#13947,
#13948)),.UNSPECIFIED.,.F.,.F.,.F.,(4,4),(4,4),(0.838943412674146,1.),(0.570449789711582,
0.588979645194492),.UNSPECIFIED.);
#33=B_SPLINE_SURFACE_WITH_KNOTS('',3,3,((#13990,#13991,#13992,#13993,#13994),
(#13995,#13996,#13997,#13998,#13999),(#14000,#14001,#14002,#14003,#14004),
(#14005,#14006,#14007,#14008,#14009),(#14010,#14011,#14012,#14013,#14014)),
 .UNSPECIFIED.,.F.,.F.,.F.,(4,1,4),(4,1,4),(0.,0.571428571428571,1.),(7.05483247532144E-16,
0.673198425769242,1.5707963267949),.UNSPECIFIED.);
#34=B_SPLINE_SURFACE_WITH_KNOTS('',3,3,((#14022,#14023,#14024,#14025,#14026),
(#14027,#14028,#14029,#14030,#14031),(#14032,#14033,#14034,#14035,#14036),
(#14037,#14038,#14039,#14040,#14041)),.UNSPECIFIED.,.F.,.F.,.F.,(4,4),(4,
1,4),(0.,1.),(-1.5707963267949,-0.897597901025656,5.55111512312579E-17),
 .UNSPECIFIED.);
#35=FACE_BOUND('',#1020,.T.);
#36=FACE_BOUND('',#1024,.T.);
#37=FACE_BOUND('',#1025,.T.);
#38=FACE_BOUND('',#1035,.T.);
#39=FACE_BOUND('',#1094,.T.);
#40=FACE_BOUND('',#1167,.T.);
#41=FACE_BOUND('',#1168,.T.);
#42=FACE_BOUND('',#1169,.T.);
#43=FACE_BOUND('',#1170,.T.);
#44=FACE_BOUND('',#1171,.T.);
#45=FACE_BOUND('',#1290,.T.);
#46=FACE_BOUND('',#1293,.T.);
#47=FACE_BOUND('',#1303,.T.);
#48=FACE_BOUND('',#1306,.T.);
#49=TOROIDAL_SURFACE('',#8632,1.5,0.5);
#50=TOROIDAL_SURFACE('',#8638,1.5,0.5);
#51=TOROIDAL_SURFACE('',#8644,1.5,0.5);
#52=TOROIDAL_SURFACE('',#8650,1.5,0.5);
#53=TOROIDAL_SURFACE('',#8674,1.5,0.5);
#54=TOROIDAL_SURFACE('',#8680,1.5,0.5);
#55=TOROIDAL_SURFACE('',#8685,1.5,0.5);
#56=TOROIDAL_SURFACE('',#8705,2.5,0.5);
#57=TOROIDAL_SURFACE('',#8710,2.5,0.5);
#58=TOROIDAL_SURFACE('',#8715,2.5,0.5);
#59=TOROIDAL_SURFACE('',#8720,2.5,0.5);
#60=TOROIDAL_SURFACE('',#8734,1.5,0.5);
#61=TOROIDAL_SURFACE('',#8738,1.5,0.5);
#62=TOROIDAL_SURFACE('',#8747,4.,2.);
#63=TOROIDAL_SURFACE('',#8774,1.6,1.);
#64=TOROIDAL_SURFACE('',#8779,3.,1.);
#65=TOROIDAL_SURFACE('',#8783,3.,1.);
#66=TOROIDAL_SURFACE('',#8792,3.,1.);
#67=TOROIDAL_SURFACE('',#8794,3.,1.);
#68=TOROIDAL_SURFACE('',#8798,1.6,1.);
#69=TOROIDAL_SURFACE('',#8809,3.,1.);
#70=TOROIDAL_SURFACE('',#8811,3.,1.);
#71=TOROIDAL_SURFACE('',#8817,4.,2.);
#72=TOROIDAL_SURFACE('',#8863,3.,1.);
#73=TOROIDAL_SURFACE('',#8866,3.,1.);
#74=TOROIDAL_SURFACE('',#8871,3.,1.);
#75=TOROIDAL_SURFACE('',#8877,3.,1.);
#76=TOROIDAL_SURFACE('',#8906,3.,1.);
#77=TOROIDAL_SURFACE('',#8909,3.,1.);
#78=TOROIDAL_SURFACE('',#8914,3.,1.);
#79=TOROIDAL_SURFACE('',#8920,3.,1.);
#80=TOROIDAL_SURFACE('',#8960,4.,2.);
#81=TOROIDAL_SURFACE('',#8971,4.,2.);
#82=ELLIPSE('',#8601,1.09845872487223,1.);
#83=ELLIPSE('',#8690,0.549229362436117,0.5);
#84=ELLIPSE('',#8723,2.82842712474619,2.);
#85=ELLIPSE('',#8726,2.82842712474619,2.);
#86=ELLIPSE('',#8769,1.39016126401198,0.999999999999996);
#87=ELLIPSE('',#8770,1.39016126401199,0.999999999999996);
#88=ELLIPSE('',#8785,1.39016126401198,0.999999999999997);
#89=ELLIPSE('',#8786,1.39016126401198,0.999999999999996);
#90=ELLIPSE('',#8822,4.47213595499958,2.);
#91=ELLIPSE('',#8823,4.47213595499958,2.);
#92=ELLIPSE('',#8830,3.50280766017598,2.);
#93=ELLIPSE('',#8831,2.8284271247462,2.);
#94=ELLIPSE('',#8855,2.40370085030933,2.);
#95=ELLIPSE('',#8856,1.66666666666667,1.);
#96=ELLIPSE('',#8883,3.60555127546399,2.);
#97=ELLIPSE('',#8884,3.60555127546399,2.);
#98=ELLIPSE('',#8895,7.00561532035195,4.);
#99=ELLIPSE('',#8896,7.00561532035194,4.);
#100=ELLIPSE('',#8898,2.82842712474619,2.);
#101=ELLIPSE('',#8902,3.75,3.);
#102=ELLIPSE('',#8903,3.01039864469808,2.);
#103=ELLIPSE('',#8927,2.82842712474619,2.);
#104=ELLIPSE('',#8929,2.40370085030932,2.);
#105=ELLIPSE('',#8931,6.08922376142886,2.);
#106=ELLIPSE('',#8935,6.08922376142887,2.);
#107=ELLIPSE('',#8937,2.82842712474619,2.);
#108=ELLIPSE('',#8957,4.87228198701872,4.);
#109=ELLIPSE('',#8959,3.42624163786314,2.);
#110=ELLIPSE('',#8988,5.69600249687836,2.);
#111=ELLIPSE('',#8989,6.66666666666667,4.);
#112=ELLIPSE('',#8994,2.40370085030933,2.);
#113=ELLIPSE('',#9014,2.19691744974447,2.);
#114=ELLIPSE('',#9016,2.19691744974447,2.);
#115=ELLIPSE('',#9018,2.32371871231076,2.);
#116=ELLIPSE('',#9019,2.32371871231076,2.);
#117=ELLIPSE('',#9020,2.32371871231076,2.);
#118=ELLIPSE('',#9021,2.32371871231076,2.);
#119=ELLIPSE('',#9022,2.32371871231076,2.);
#120=ELLIPSE('',#9023,2.32371871231076,2.);
#121=ELLIPSE('',#9024,2.32371871231076,2.);
#122=ELLIPSE('',#9025,2.32371871231076,2.);
#123=ELLIPSE('',#9026,2.32371871231076,2.);
#124=ELLIPSE('',#9027,2.32371871231076,2.);
#125=ELLIPSE('',#9028,2.32371871231076,2.);
#126=ELLIPSE('',#9029,2.32371871231076,2.);
#127=ELLIPSE('',#9030,2.32371871231076,2.);
#128=ELLIPSE('',#9031,2.32371871231076,2.);
#129=ELLIPSE('',#9032,2.32371871231076,2.);
#130=ELLIPSE('',#9033,2.32371871231076,2.);
#131=ELLIPSE('',#9034,2.32371871231076,2.);
#132=ELLIPSE('',#9035,2.32371871231076,2.);
#133=ELLIPSE('',#9036,2.32371871231076,2.);
#134=ELLIPSE('',#9037,2.32371871231076,2.);
#135=ELLIPSE('',#9038,2.32371871231076,2.);
#136=ELLIPSE('',#9039,2.32371871231076,2.);
#137=ELLIPSE('',#9040,2.32371871231076,2.);
#138=ELLIPSE('',#9041,2.32371871231076,2.);
#139=ELLIPSE('',#9042,2.32371871231076,2.);
#140=ELLIPSE('',#9043,2.32371871231076,2.);
#141=ELLIPSE('',#9044,2.32371871231076,2.);
#142=ELLIPSE('',#9045,2.32371871231076,2.);
#143=ELLIPSE('',#9046,2.32371871231076,2.);
#144=ELLIPSE('',#9047,2.32371871231076,2.);
#145=ELLIPSE('',#9048,2.32371871231076,2.);
#146=ELLIPSE('',#9049,2.32371871231076,2.);
#147=ELLIPSE('',#9050,2.32371871231076,2.);
#148=ELLIPSE('',#9051,2.32371871231076,2.);
#149=ELLIPSE('',#9052,2.32371871231076,2.);
#150=ELLIPSE('',#9053,2.32371871231076,2.);
#151=ELLIPSE('',#9054,2.32371871231076,2.);
#152=ELLIPSE('',#9055,2.32371871231076,2.);
#153=ELLIPSE('',#9056,2.32371871231076,2.);
#154=ELLIPSE('',#9057,2.32371871231076,2.);
#155=ELLIPSE('',#9058,2.32371871231076,2.);
#156=ELLIPSE('',#9059,2.32371871231076,2.);
#157=ELLIPSE('',#9060,2.32371871231076,2.);
#158=ELLIPSE('',#9061,2.32371871231076,2.);
#159=ELLIPSE('',#9062,2.32371871231076,2.);
#160=ELLIPSE('',#9063,2.32371871231076,2.);
#161=ELLIPSE('',#9064,2.32371871231076,2.);
#162=ELLIPSE('',#9065,2.32371871231076,2.);
#163=ELLIPSE('',#9066,2.32371871231076,2.);
#164=ELLIPSE('',#9067,2.32371871231076,2.);
#165=ELLIPSE('',#9068,2.32371871231076,2.);
#166=ELLIPSE('',#9069,2.32371871231076,2.);
#167=ELLIPSE('',#9127,13.4350288425444,9.49999999999999);
#168=ELLIPSE('',#9128,13.4350288425444,9.49999999999999);
#169=ELLIPSE('',#9132,13.4350288425444,9.49999999999999);
#170=ELLIPSE('',#9133,13.4350288425444,9.49999999999999);
#171=ELLIPSE('',#9138,0.65907523492334,0.6);
#172=ELLIPSE('',#9142,0.65907523492334,0.6);
#173=ELLIPSE('',#9143,0.65907523492334,0.6);
#174=ELLIPSE('',#9144,0.65907523492334,0.6);
#175=ELLIPSE('',#9145,0.65907523492334,0.6);
#176=ELLIPSE('',#9146,0.65907523492334,0.6);
#177=B_SPLINE_CURVE_WITH_KNOTS('',3,(#11779,#11780,#11781,#11782,#11783,
#11784,#11785,#11786),.UNSPECIFIED.,.F.,.F.,(4,2,2,4),(1.83171506439977,
1.88462651378641,1.95443091224117,1.96372667503241),.UNSPECIFIED.);
#178=B_SPLINE_CURVE_WITH_KNOTS('',3,(#11789,#11790,#11791,#11792,#11793,
#11794,#11795,#11796,#11797,#11798,#11799,#11800,#11801,#11802),
 .UNSPECIFIED.,.F.,.F.,(4,2,2,2,2,2,4),(0.244347582217864,0.254582848340286,
0.28426150377023,0.307313658890214,0.330365814010198,0.348875222640356,
0.352215436407836),.UNSPECIFIED.);
#179=B_SPLINE_CURVE_WITH_KNOTS('',3,(#11808,#11809,#11810,#11811,#11812,
#11813),.UNSPECIFIED.,.F.,.F.,(4,2,4),(0.657564385289657,0.713408457066258,
0.786887848498703),.UNSPECIFIED.);
#180=B_SPLINE_CURVE_WITH_KNOTS('',3,(#11820,#11821,#11822,#11823,#11824,
#11825,#11826,#11827,#11828,#11829,#11830,#11831,#11832,#11833),
 .UNSPECIFIED.,.F.,.F.,(4,2,2,2,2,2,4),(0.015169194862678,0.0185094086301583,
0.0370188172603165,0.0600709723803004,0.0831231275002843,0.112801782930229,
0.123037049052651),.UNSPECIFIED.);
#181=B_SPLINE_CURVE_WITH_KNOTS('',3,(#11841,#11842,#11843,#11844,#11845,
#11846,#11847,#11848),.UNSPECIFIED.,.F.,.F.,(4,2,2,4),(1.07262629101149,
1.08192205380272,1.15172645225748,1.20463790164413),.UNSPECIFIED.);
#182=B_SPLINE_CURVE_WITH_KNOTS('',3,(#11855,#11856,#11857,#11858,#11859,
#11860),.UNSPECIFIED.,.F.,.F.,(4,2,4),(0.,0.073479391432445,0.129323463209046),
 .UNSPECIFIED.);
#183=B_SPLINE_CURVE_WITH_KNOTS('',3,(#12325,#12326,#12327,#12328,#12329,
#12330),.UNSPECIFIED.,.F.,.F.,(4,2,4),(0.,0.117562819132908,0.211987341945511),
 .UNSPECIFIED.);
#184=B_SPLINE_CURVE_WITH_KNOTS('',3,(#12419,#12420,#12421,#12422,#12423,
#12424),.UNSPECIFIED.,.F.,.F.,(4,2,4),(0.,0.0748193192230561,0.149638638446112),
 .UNSPECIFIED.);
#185=B_SPLINE_CURVE_WITH_KNOTS('',3,(#12583,#12584,#12585,#12586,#12587,
#12588),.UNSPECIFIED.,.F.,.F.,(4,2,4),(0.325371528098407,0.391137479408749,
0.47103115898616),.UNSPECIFIED.);
#186=B_SPLINE_CURVE_WITH_KNOTS('',3,(#12639,#12640,#12641,#12642,#12643,
#12644,#12645,#12646),.UNSPECIFIED.,.F.,.F.,(4,1,1,2,4),(0.,0.0816269561531337,
0.108835941537512,0.136044926921889,0.136494529833636),.UNSPECIFIED.);
#187=B_SPLINE_CURVE_WITH_KNOTS('',3,(#12648,#12649,#12650,#12651,#12652,
#12653,#12654,#12655),.UNSPECIFIED.,.F.,.F.,(4,2,1,1,4),(-0.136494529833636,
-0.136044926921889,-0.108835941537512,-0.0816269561531337,0.),
 .UNSPECIFIED.);
#188=B_SPLINE_CURVE_WITH_KNOTS('',3,(#12702,#12703,#12704,#12705,#12706,
#12707,#12708,#12709),.UNSPECIFIED.,.F.,.F.,(4,1,1,2,4),(-0.136044926921894,
-0.108835941537515,-0.0816269561531362,0.,0.000449602911743166),
 .UNSPECIFIED.);
#189=B_SPLINE_CURVE_WITH_KNOTS('',3,(#12710,#12711,#12712,#12713,#12714,
#12715,#12716,#12717),.UNSPECIFIED.,.F.,.F.,(4,2,1,1,4),(-0.000449602911743166,
0.,0.0816269561531362,0.108835941537515,0.136044926921894),
 .UNSPECIFIED.);
#190=B_SPLINE_CURVE_WITH_KNOTS('',3,(#12727,#12728,#12729,#12730,#12731,
#12732,#12733,#12734,#12735,#12736),.UNSPECIFIED.,.F.,.F.,(4,2,2,2,4),(0.15622892373187,
0.175034788164348,0.193840652596826,0.21324320706291,0.232645761528993),
 .UNSPECIFIED.);
#191=B_SPLINE_CURVE_WITH_KNOTS('',3,(#12740,#12741,#12742,#12743,#12744,
#12745),.UNSPECIFIED.,.F.,.F.,(4,2,4),(0.149087977461393,0.183206850627653,
0.281311632663223),.UNSPECIFIED.);
#192=B_SPLINE_CURVE_WITH_KNOTS('',3,(#12749,#12750,#12751,#12752,#12753,
#12754),.UNSPECIFIED.,.F.,.F.,(4,2,4),(1.70097925544921,1.74779594251747,
1.79436754462235),.UNSPECIFIED.);
#193=B_SPLINE_CURVE_WITH_KNOTS('',3,(#12800,#12801,#12802,#12803),
 .UNSPECIFIED.,.F.,.F.,(4,4),(1.63373834361484,1.70981850991484),
 .UNSPECIFIED.);
#194=B_SPLINE_CURVE_WITH_KNOTS('',3,(#12895,#12896,#12897,#12898,#12899,
#12900,#12901,#12902,#12903,#12904),.UNSPECIFIED.,.F.,.F.,(4,2,2,2,4),(0.158569103599144,
0.206693351880249,0.256240534359165,0.299182227051403,0.331684458420718),
 .UNSPECIFIED.);
#195=B_SPLINE_CURVE_WITH_KNOTS('',3,(#12967,#12968,#12969,#12970,#12971,
#12972,#12973,#12974,#12975,#12976),.UNSPECIFIED.,.F.,.F.,(4,2,2,2,4),(0.331684458420718,
0.364186689790033,0.407128382482272,0.456675564961189,0.504799813242294),
 .UNSPECIFIED.);
#196=B_SPLINE_CURVE_WITH_KNOTS('',3,(#13009,#13010,#13011,#13012,#13013,
#13014,#13015,#13016,#13017,#13018),.UNSPECIFIED.,.F.,.F.,(4,2,2,2,4),(0.331684458420718,
0.364186689790033,0.407128382482272,0.45667556496119,0.504799813242294),
 .UNSPECIFIED.);
#197=B_SPLINE_CURVE_WITH_KNOTS('',3,(#13029,#13030,#13031,#13032,#13033,
#13034,#13035,#13036,#13037,#13038),.UNSPECIFIED.,.F.,.F.,(4,2,2,2,4),(0.158569103599144,
0.206693351880249,0.256240534359165,0.299182227051403,0.331684458420718),
 .UNSPECIFIED.);
#198=B_SPLINE_CURVE_WITH_KNOTS('',3,(#13111,#13112,#13113,#13114,#13115),
 .UNSPECIFIED.,.F.,.F.,(4,1,4),(-0.195009658575156,-0.0975048292875781,
0.),.UNSPECIFIED.);
#199=B_SPLINE_CURVE_WITH_KNOTS('',3,(#13116,#13117,#13118,#13119,#13120),
 .UNSPECIFIED.,.F.,.F.,(4,1,4),(0.,0.0975048292875781,0.195009658575156),
 .UNSPECIFIED.);
#200=B_SPLINE_CURVE_WITH_KNOTS('',3,(#13156,#13157,#13158,#13159,#13160,
#13161,#13162,#13163,#13164,#13165,#13166,#13167,#13168,#13169,#13170),
 .UNSPECIFIED.,.F.,.F.,(4,2,2,3,2,2,4),(1.83171506439977,1.88462651378641,
1.95443091224117,2.02423531069593,2.09403970915069,2.16384410760545,2.21675555699209),
 .UNSPECIFIED.);
#201=B_SPLINE_CURVE_WITH_KNOTS('',3,(#13173,#13174,#13175,#13176,#13177,
#13178,#13179,#13180,#13181,#13182),.UNSPECIFIED.,.F.,.F.,(4,2,2,2,4),(0.786887848498703,
0.860367239931148,0.933846631363593,1.03521186578202,1.13657710020045),
 .UNSPECIFIED.);
#202=B_SPLINE_CURVE_WITH_KNOTS('',3,(#13220,#13221,#13222,#13223,#13224,
#13225,#13226,#13227,#13228,#13229,#13230,#13231,#13232,#13233),
 .UNSPECIFIED.,.F.,.F.,(4,2,2,2,2,2,4),(0.819597409051804,0.872508858438444,
0.942313256893204,1.01211765534796,1.08192205380272,1.15172645225748,1.20463790164413),
 .UNSPECIFIED.);
#203=B_SPLINE_CURVE_WITH_KNOTS('',3,(#13235,#13236,#13237,#13238,#13239,
#13240,#13241,#13242,#13243,#13244),.UNSPECIFIED.,.F.,.F.,(4,2,2,2,4),(-0.349689251701743,
-0.248324017283317,-0.14695878286489,-0.073479391432445,0.),
 .UNSPECIFIED.);
#204=B_SPLINE_CURVE_WITH_KNOTS('',3,(#13306,#13307,#13308,#13309,#13310,
#13311,#13312,#13313),.UNSPECIFIED.,.F.,.F.,(4,1,1,2,4),(0.,0.0898373186242679,
0.134755977936402,0.22459329656067,0.225344720899845),.UNSPECIFIED.);
#205=B_SPLINE_CURVE_WITH_KNOTS('',3,(#13314,#13315,#13316,#13317,#13318,
#13319,#13320,#13321),.UNSPECIFIED.,.F.,.F.,(4,2,1,1,4),(-0.225344720899845,
-0.22459329656067,-0.134755977936402,-0.0898373186242679,0.),
 .UNSPECIFIED.);
#206=B_SPLINE_CURVE_WITH_KNOTS('',3,(#13359,#13360,#13361,#13362,#13363,
#13364),.UNSPECIFIED.,.F.,.F.,(4,2,4),(0.,0.145688728850531,0.234365297915686),
 .UNSPECIFIED.);
#207=B_SPLINE_CURVE_WITH_KNOTS('',3,(#13368,#13369,#13370,#13371,#13372,
#13373),.UNSPECIFIED.,.F.,.F.,(4,2,4),(0.566831375363059,0.655507944428213,
0.801196673278745),.UNSPECIFIED.);
#208=B_SPLINE_CURVE_WITH_KNOTS('',3,(#13411,#13412,#13413,#13414,#13415),
 .UNSPECIFIED.,.F.,.F.,(4,1,4),(0.36599754846466,0.479243289602542,0.619584640503461),
 .UNSPECIFIED.);
#209=B_SPLINE_CURVE_WITH_KNOTS('',3,(#13418,#13419,#13420,#13421,#13422,
#13423,#13424),.UNSPECIFIED.,.F.,.F.,(4,1,1,1,4),(-0.619584640503461,-0.479243289602542,
-0.338901938701623,-0.268731263251164,-0.128389912350245),.UNSPECIFIED.);
#210=B_SPLINE_CURVE_WITH_KNOTS('',3,(#13466,#13467,#13468,#13469),
 .UNSPECIFIED.,.F.,.F.,(4,4),(-0.0955563237078496,0.),.UNSPECIFIED.);
#211=B_SPLINE_CURVE_WITH_KNOTS('',3,(#13470,#13471,#13472,#13473),
 .UNSPECIFIED.,.F.,.F.,(4,4),(0.,0.0955563237078496),.UNSPECIFIED.);
#212=B_SPLINE_CURVE_WITH_KNOTS('',3,(#13566,#13567,#13568,#13569,#13570,
#13571,#13572,#13573),.UNSPECIFIED.,.F.,.F.,(4,2,2,4),(-0.00279603153368934,
0.,0.528254631208192,0.74615856125736),.UNSPECIFIED.);
#213=B_SPLINE_CURVE_WITH_KNOTS('',3,(#13591,#13592,#13593,#13594),
 .UNSPECIFIED.,.F.,.F.,(4,4),(7.42620866634022E-15,0.103016205467575),
 .UNSPECIFIED.);
#214=B_SPLINE_CURVE_WITH_KNOTS('',3,(#13598,#13599,#13600,#13601),
 .UNSPECIFIED.,.F.,.F.,(4,4),(0.255653972326858,0.302262746573477),
 .UNSPECIFIED.);
#215=B_SPLINE_CURVE_WITH_KNOTS('',3,(#13602,#13603,#13604,#13605,#13606,
#13607,#13608,#13609),.UNSPECIFIED.,.F.,.F.,(4,2,2,4),(1.14346259914132,
1.16399093320236,1.28155375233527,1.39911657146818),.UNSPECIFIED.);
#216=B_SPLINE_CURVE_WITH_KNOTS('',3,(#13678,#13679,#13680,#13681),
 .UNSPECIFIED.,.F.,.F.,(4,4),(-0.0955563237078495,0.),.UNSPECIFIED.);
#217=B_SPLINE_CURVE_WITH_KNOTS('',3,(#13684,#13685,#13686,#13687),
 .UNSPECIFIED.,.F.,.F.,(4,4),(0.,0.0955563237078495),.UNSPECIFIED.);
#218=B_SPLINE_CURVE_WITH_KNOTS('',3,(#13743,#13744,#13745,#13746,#13747,
#13748,#13749,#13750),.UNSPECIFIED.,.F.,.F.,(4,2,2,4),(0.,0.0179898268116522,
0.0789130037637861,0.0864111531054594),.UNSPECIFIED.);
#219=B_SPLINE_CURVE_WITH_KNOTS('',3,(#13755,#13756,#13757,#13758,#13759,
#13760),.UNSPECIFIED.,.F.,.F.,(4,2,4),(0.0987677828190437,0.513116668699743,
0.515024318345532),.UNSPECIFIED.);
#220=B_SPLINE_CURVE_WITH_KNOTS('',3,(#13779,#13780,#13781,#13782),
 .UNSPECIFIED.,.F.,.F.,(4,4),(-0.103016205467575,-7.42620866634022E-15),
 .UNSPECIFIED.);
#221=B_SPLINE_CURVE_WITH_KNOTS('',3,(#13819,#13820,#13821,#13822,#13823,
#13824,#13825,#13826),.UNSPECIFIED.,.F.,.F.,(4,2,2,4),(-0.00297851865750596,
0.,0.560291242338361,0.783923395974742),.UNSPECIFIED.);
#222=B_SPLINE_CURVE_WITH_KNOTS('',3,(#13828,#13829,#13830,#13831),
 .UNSPECIFIED.,.F.,.F.,(4,4),(0.198820546812498,0.200218747713861),
 .UNSPECIFIED.);
#223=B_SPLINE_CURVE_WITH_KNOTS('',3,(#13949,#13950,#13951,#13952),
 .UNSPECIFIED.,.F.,.F.,(4,4),(0.570670704034821,0.588979645194492),
 .UNSPECIFIED.);
#224=B_SPLINE_CURVE_WITH_KNOTS('',3,(#14487,#14488,#14489,#14490,#14491,
#14492,#14493,#14494),.UNSPECIFIED.,.F.,.F.,(4,2,2,4),(0.155459631558285,
0.157755897401271,0.18009194454519,0.202427991689109),.UNSPECIFIED.);
#225=B_SPLINE_CURVE_WITH_KNOTS('',3,(#14501,#14502,#14503,#14504,#14505,
#14506,#14507,#14508),.UNSPECIFIED.,.F.,.F.,(4,2,2,4),(0.202380055075278,
0.224716102219197,0.247052149363116,0.249348415206102),.UNSPECIFIED.);
#226=B_SPLINE_CURVE_WITH_KNOTS('',3,(#14521,#14522,#14523,#14524,#14525,
#14526),.UNSPECIFIED.,.F.,.F.,(4,2,4),(0.,0.0234999986509978,0.0469999973019956),
 .UNSPECIFIED.);
#227=B_SPLINE_CURVE_WITH_KNOTS('',3,(#14539,#14540,#14541,#14542,#14543,
#14544,#14545,#14546),.UNSPECIFIED.,.F.,.F.,(4,2,2,4),(-0.0469683601340898,
-0.0446720942878388,-0.0223360471439194,0.),.UNSPECIFIED.);
#228=PLANE('',#8574);
#229=PLANE('',#8595);
#230=PLANE('',#8602);
#231=PLANE('',#8603);
#232=PLANE('',#8604);
#233=PLANE('',#8605);
#234=PLANE('',#8606);
#235=PLANE('',#8607);
#236=PLANE('',#8608);
#237=PLANE('',#8609);
#238=PLANE('',#8610);
#239=PLANE('',#8611);
#240=PLANE('',#8612);
#241=PLANE('',#8613);
#242=PLANE('',#8614);
#243=PLANE('',#8615);
#244=PLANE('',#8616);
#245=PLANE('',#8617);
#246=PLANE('',#8618);
#247=PLANE('',#8619);
#248=PLANE('',#8620);
#249=PLANE('',#8621);
#250=PLANE('',#8622);
#251=PLANE('',#8623);
#252=PLANE('',#8624);
#253=PLANE('',#8625);
#254=PLANE('',#8626);
#255=PLANE('',#8627);
#256=PLANE('',#8628);
#257=PLANE('',#8655);
#258=PLANE('',#8662);
#259=PLANE('',#8671);
#260=PLANE('',#8691);
#261=PLANE('',#8692);
#262=PLANE('',#8724);
#263=PLANE('',#8727);
#264=PLANE('',#8730);
#265=PLANE('',#8744);
#266=PLANE('',#8752);
#267=PLANE('',#8757);
#268=PLANE('',#8766);
#269=PLANE('',#8802);
#270=PLANE('',#8824);
#271=PLANE('',#8835);
#272=PLANE('',#8843);
#273=PLANE('',#8846);
#274=PLANE('',#8850);
#275=PLANE('',#8858);
#276=PLANE('',#8885);
#277=PLANE('',#8890);
#278=PLANE('',#8899);
#279=PLANE('',#8924);
#280=PLANE('',#8942);
#281=PLANE('',#8944);
#282=PLANE('',#8948);
#283=PLANE('',#8951);
#284=PLANE('',#8953);
#285=PLANE('',#8970);
#286=PLANE('',#8974);
#287=PLANE('',#8982);
#288=PLANE('',#8985);
#289=PLANE('',#8990);
#290=PLANE('',#8992);
#291=PLANE('',#8998);
#292=PLANE('',#9003);
#293=PLANE('',#9006);
#294=PLANE('',#9009);
#295=PLANE('',#9012);
#296=PLANE('',#9070);
#297=PLANE('',#9071);
#298=PLANE('',#9072);
#299=PLANE('',#9073);
#300=PLANE('',#9074);
#301=PLANE('',#9075);
#302=PLANE('',#9076);
#303=PLANE('',#9077);
#304=PLANE('',#9078);
#305=PLANE('',#9079);
#306=PLANE('',#9080);
#307=PLANE('',#9081);
#308=PLANE('',#9082);
#309=PLANE('',#9083);
#310=PLANE('',#9084);
#311=PLANE('',#9085);
#312=PLANE('',#9086);
#313=PLANE('',#9087);
#314=PLANE('',#9088);
#315=PLANE('',#9089);
#316=PLANE('',#9090);
#317=PLANE('',#9091);
#318=PLANE('',#9092);
#319=PLANE('',#9093);
#320=PLANE('',#9094);
#321=PLANE('',#9095);
#322=PLANE('',#9096);
#323=PLANE('',#9097);
#324=PLANE('',#9098);
#325=PLANE('',#9099);
#326=PLANE('',#9100);
#327=PLANE('',#9101);
#328=PLANE('',#9102);
#329=PLANE('',#9103);
#330=PLANE('',#9104);
#331=PLANE('',#9105);
#332=PLANE('',#9106);
#333=PLANE('',#9107);
#334=PLANE('',#9108);
#335=PLANE('',#9109);
#336=PLANE('',#9110);
#337=PLANE('',#9111);
#338=PLANE('',#9112);
#339=PLANE('',#9113);
#340=PLANE('',#9114);
#341=PLANE('',#9115);
#342=PLANE('',#9116);
#343=PLANE('',#9117);
#344=PLANE('',#9118);
#345=PLANE('',#9119);
#346=PLANE('',#9120);
#347=PLANE('',#9121);
#348=PLANE('',#9122);
#349=PLANE('',#9124);
#350=PLANE('',#9126);
#351=PLANE('',#9131);
#352=PLANE('',#9135);
#353=PLANE('',#9140);
#354=PLANE('',#9141);
#355=PLANE('',#9149);
#356=PLANE('',#9154);
#357=PLANE('',#9157);
#358=PLANE('',#9159);
#359=PLANE('',#9161);
#360=PLANE('',#9168);
#361=PLANE('',#9169);
#362=PLANE('',#9170);
#363=PLANE('',#9171);
#364=PLANE('',#9172);
#365=PLANE('',#9173);
#366=PLANE('',#9174);
#367=PLANE('',#9175);
#368=PLANE('',#9176);
#369=PLANE('',#9177);
#370=PLANE('',#9178);
#371=PLANE('',#9179);
#372=PLANE('',#9180);
#373=PLANE('',#9181);
#374=PLANE('',#9185);
#375=PLANE('',#9189);
#376=PLANE('',#9190);
#377=PLANE('',#9191);
#378=PLANE('',#9192);
#379=PLANE('',#9193);
#380=PLANE('',#9194);
#381=PLANE('',#9195);
#382=PLANE('',#9199);
#383=PLANE('',#9203);
#384=PLANE('',#9204);
#385=PLANE('',#9205);
#386=PLANE('',#9206);
#387=PLANE('',#9207);
#388=PLANE('',#9208);
#389=PLANE('',#9209);
#390=PLANE('',#9210);
#391=PLANE('',#9211);
#392=PLANE('',#9212);
#393=PLANE('',#9213);
#394=PLANE('',#9214);
#395=PLANE('',#9215);
#396=PLANE('',#9216);
#397=PLANE('',#9217);
#398=PLANE('',#9218);
#399=PLANE('',#9219);
#400=PLANE('',#9220);
#401=PLANE('',#9221);
#402=PLANE('',#9222);
#403=PLANE('',#9223);
#404=PLANE('',#9224);
#405=PLANE('',#9225);
#406=PLANE('',#9226);
#407=PLANE('',#9227);
#408=PLANE('',#9228);
#409=PLANE('',#9229);
#410=PLANE('',#9230);
#411=PLANE('',#9231);
#412=PLANE('',#9232);
#413=PLANE('',#9233);
#414=PLANE('',#9234);
#415=PLANE('',#9235);
#416=PLANE('',#9236);
#417=PLANE('',#9237);
#418=PLANE('',#9238);
#419=PLANE('',#9239);
#420=PLANE('',#9240);
#421=PLANE('',#9241);
#422=PLANE('',#9242);
#423=PLANE('',#9243);
#424=PLANE('',#9244);
#425=PLANE('',#9245);
#426=PLANE('',#9246);
#427=PLANE('',#9247);
#428=PLANE('',#9248);
#429=PLANE('',#9249);
#430=PLANE('',#9250);
#431=PLANE('',#9251);
#432=PLANE('',#9252);
#433=PLANE('',#9253);
#434=PLANE('',#9254);
#435=PLANE('',#9255);
#436=PLANE('',#9256);
#437=PLANE('',#9257);
#438=PLANE('',#9258);
#439=PLANE('',#9259);
#440=PLANE('',#9260);
#441=PLANE('',#9261);
#442=PLANE('',#9262);
#443=PLANE('',#9263);
#444=PLANE('',#9264);
#445=PLANE('',#9265);
#446=PLANE('',#9266);
#447=PLANE('',#9267);
#448=PLANE('',#9268);
#449=PLANE('',#9269);
#450=PLANE('',#9270);
#451=PLANE('',#9271);
#452=PLANE('',#9272);
#453=PLANE('',#9273);
#454=PLANE('',#9274);
#455=PLANE('',#9275);
#456=PLANE('',#9276);
#457=PLANE('',#9277);
#458=PLANE('',#9278);
#459=PLANE('',#9279);
#460=PLANE('',#9280);
#461=PLANE('',#9281);
#462=PLANE('',#9282);
#463=PLANE('',#9283);
#464=PLANE('',#9284);
#465=PLANE('',#9285);
#466=PLANE('',#9286);
#467=PLANE('',#9287);
#468=PLANE('',#9288);
#469=PLANE('',#9289);
#470=PLANE('',#9290);
#471=PLANE('',#9291);
#472=PLANE('',#9292);
#473=PLANE('',#9293);
#474=PLANE('',#9294);
#475=PLANE('',#9295);
#476=PLANE('',#9296);
#477=PLANE('',#9297);
#478=PLANE('',#9298);
#479=PLANE('',#9299);
#480=PLANE('',#9300);
#481=PLANE('',#9301);
#482=PLANE('',#9302);
#483=PLANE('',#9303);
#484=PLANE('',#9304);
#485=PLANE('',#9305);
#486=PLANE('',#9306);
#487=PLANE('',#9307);
#488=PLANE('',#9308);
#489=PLANE('',#9309);
#490=PLANE('',#9310);
#491=PLANE('',#9311);
#492=PLANE('',#9312);
#493=PLANE('',#9313);
#494=PLANE('',#9314);
#495=PLANE('',#9315);
#496=PLANE('',#9316);
#497=PLANE('',#9317);
#498=PLANE('',#9318);
#499=PLANE('',#9319);
#500=PLANE('',#9320);
#501=PLANE('',#9321);
#502=PLANE('',#9322);
#503=PLANE('',#9323);
#504=PLANE('',#9324);
#505=PLANE('',#9325);
#506=PLANE('',#9326);
#507=PLANE('',#9327);
#508=PLANE('',#9328);
#509=PLANE('',#9329);
#510=PLANE('',#9330);
#511=PLANE('',#9331);
#512=PLANE('',#9332);
#513=PLANE('',#9333);
#514=PLANE('',#9334);
#515=PLANE('',#9335);
#516=FACE_OUTER_BOUND('',#972,.T.);
#517=FACE_OUTER_BOUND('',#973,.T.);
#518=FACE_OUTER_BOUND('',#974,.T.);
#519=FACE_OUTER_BOUND('',#975,.T.);
#520=FACE_OUTER_BOUND('',#976,.T.);
#521=FACE_OUTER_BOUND('',#977,.T.);
#522=FACE_OUTER_BOUND('',#978,.T.);
#523=FACE_OUTER_BOUND('',#979,.T.);
#524=FACE_OUTER_BOUND('',#980,.T.);
#525=FACE_OUTER_BOUND('',#981,.T.);
#526=FACE_OUTER_BOUND('',#982,.T.);
#527=FACE_OUTER_BOUND('',#983,.T.);
#528=FACE_OUTER_BOUND('',#984,.T.);
#529=FACE_OUTER_BOUND('',#985,.T.);
#530=FACE_OUTER_BOUND('',#986,.T.);
#531=FACE_OUTER_BOUND('',#987,.T.);
#532=FACE_OUTER_BOUND('',#988,.T.);
#533=FACE_OUTER_BOUND('',#989,.T.);
#534=FACE_OUTER_BOUND('',#990,.T.);
#535=FACE_OUTER_BOUND('',#991,.T.);
#536=FACE_OUTER_BOUND('',#992,.T.);
#537=FACE_OUTER_BOUND('',#993,.T.);
#538=FACE_OUTER_BOUND('',#994,.T.);
#539=FACE_OUTER_BOUND('',#995,.T.);
#540=FACE_OUTER_BOUND('',#996,.T.);
#541=FACE_OUTER_BOUND('',#997,.T.);
#542=FACE_OUTER_BOUND('',#998,.T.);
#543=FACE_OUTER_BOUND('',#999,.T.);
#544=FACE_OUTER_BOUND('',#1000,.T.);
#545=FACE_OUTER_BOUND('',#1001,.T.);
#546=FACE_OUTER_BOUND('',#1002,.T.);
#547=FACE_OUTER_BOUND('',#1003,.T.);
#548=FACE_OUTER_BOUND('',#1004,.T.);
#549=FACE_OUTER_BOUND('',#1005,.T.);
#550=FACE_OUTER_BOUND('',#1006,.T.);
#551=FACE_OUTER_BOUND('',#1007,.T.);
#552=FACE_OUTER_BOUND('',#1008,.T.);
#553=FACE_OUTER_BOUND('',#1009,.T.);
#554=FACE_OUTER_BOUND('',#1010,.T.);
#555=FACE_OUTER_BOUND('',#1011,.T.);
#556=FACE_OUTER_BOUND('',#1012,.T.);
#557=FACE_OUTER_BOUND('',#1013,.T.);
#558=FACE_OUTER_BOUND('',#1014,.T.);
#559=FACE_OUTER_BOUND('',#1015,.T.);
#560=FACE_OUTER_BOUND('',#1016,.T.);
#561=FACE_OUTER_BOUND('',#1017,.T.);
#562=FACE_OUTER_BOUND('',#1018,.T.);
#563=FACE_OUTER_BOUND('',#1019,.T.);
#564=FACE_OUTER_BOUND('',#1021,.T.);
#565=FACE_OUTER_BOUND('',#1022,.T.);
#566=FACE_OUTER_BOUND('',#1023,.T.);
#567=FACE_OUTER_BOUND('',#1026,.T.);
#568=FACE_OUTER_BOUND('',#1027,.T.);
#569=FACE_OUTER_BOUND('',#1028,.T.);
#570=FACE_OUTER_BOUND('',#1029,.T.);
#571=FACE_OUTER_BOUND('',#1030,.T.);
#572=FACE_OUTER_BOUND('',#1031,.T.);
#573=FACE_OUTER_BOUND('',#1032,.T.);
#574=FACE_OUTER_BOUND('',#1033,.T.);
#575=FACE_OUTER_BOUND('',#1034,.T.);
#576=FACE_OUTER_BOUND('',#1036,.T.);
#577=FACE_OUTER_BOUND('',#1037,.T.);
#578=FACE_OUTER_BOUND('',#1038,.T.);
#579=FACE_OUTER_BOUND('',#1039,.T.);
#580=FACE_OUTER_BOUND('',#1040,.T.);
#581=FACE_OUTER_BOUND('',#1041,.T.);
#582=FACE_OUTER_BOUND('',#1042,.T.);
#583=FACE_OUTER_BOUND('',#1043,.T.);
#584=FACE_OUTER_BOUND('',#1044,.T.);
#585=FACE_OUTER_BOUND('',#1045,.T.);
#586=FACE_OUTER_BOUND('',#1046,.T.);
#587=FACE_OUTER_BOUND('',#1047,.T.);
#588=FACE_OUTER_BOUND('',#1048,.T.);
#589=FACE_OUTER_BOUND('',#1049,.T.);
#590=FACE_OUTER_BOUND('',#1050,.T.);
#591=FACE_OUTER_BOUND('',#1051,.T.);
#592=FACE_OUTER_BOUND('',#1052,.T.);
#593=FACE_OUTER_BOUND('',#1053,.T.);
#594=FACE_OUTER_BOUND('',#1054,.T.);
#595=FACE_OUTER_BOUND('',#1055,.T.);
#596=FACE_OUTER_BOUND('',#1056,.T.);
#597=FACE_OUTER_BOUND('',#1057,.T.);
#598=FACE_OUTER_BOUND('',#1058,.T.);
#599=FACE_OUTER_BOUND('',#1059,.T.);
#600=FACE_OUTER_BOUND('',#1060,.T.);
#601=FACE_OUTER_BOUND('',#1061,.T.);
#602=FACE_OUTER_BOUND('',#1062,.T.);
#603=FACE_OUTER_BOUND('',#1063,.T.);
#604=FACE_OUTER_BOUND('',#1064,.T.);
#605=FACE_OUTER_BOUND('',#1065,.T.);
#606=FACE_OUTER_BOUND('',#1066,.T.);
#607=FACE_OUTER_BOUND('',#1067,.T.);
#608=FACE_OUTER_BOUND('',#1068,.T.);
#609=FACE_OUTER_BOUND('',#1069,.T.);
#610=FACE_OUTER_BOUND('',#1070,.T.);
#611=FACE_OUTER_BOUND('',#1071,.T.);
#612=FACE_OUTER_BOUND('',#1072,.T.);
#613=FACE_OUTER_BOUND('',#1073,.T.);
#614=FACE_OUTER_BOUND('',#1074,.T.);
#615=FACE_OUTER_BOUND('',#1075,.T.);
#616=FACE_OUTER_BOUND('',#1076,.T.);
#617=FACE_OUTER_BOUND('',#1077,.T.);
#618=FACE_OUTER_BOUND('',#1078,.T.);
#619=FACE_OUTER_BOUND('',#1079,.T.);
#620=FACE_OUTER_BOUND('',#1080,.T.);
#621=FACE_OUTER_BOUND('',#1081,.T.);
#622=FACE_OUTER_BOUND('',#1082,.T.);
#623=FACE_OUTER_BOUND('',#1083,.T.);
#624=FACE_OUTER_BOUND('',#1084,.T.);
#625=FACE_OUTER_BOUND('',#1085,.T.);
#626=FACE_OUTER_BOUND('',#1086,.T.);
#627=FACE_OUTER_BOUND('',#1087,.T.);
#628=FACE_OUTER_BOUND('',#1088,.T.);
#629=FACE_OUTER_BOUND('',#1089,.T.);
#630=FACE_OUTER_BOUND('',#1090,.T.);
#631=FACE_OUTER_BOUND('',#1091,.T.);
#632=FACE_OUTER_BOUND('',#1092,.T.);
#633=FACE_OUTER_BOUND('',#1093,.T.);
#634=FACE_OUTER_BOUND('',#1095,.T.);
#635=FACE_OUTER_BOUND('',#1096,.T.);
#636=FACE_OUTER_BOUND('',#1097,.T.);
#637=FACE_OUTER_BOUND('',#1098,.T.);
#638=FACE_OUTER_BOUND('',#1099,.T.);
#639=FACE_OUTER_BOUND('',#1100,.T.);
#640=FACE_OUTER_BOUND('',#1101,.T.);
#641=FACE_OUTER_BOUND('',#1102,.T.);
#642=FACE_OUTER_BOUND('',#1103,.T.);
#643=FACE_OUTER_BOUND('',#1104,.T.);
#644=FACE_OUTER_BOUND('',#1105,.T.);
#645=FACE_OUTER_BOUND('',#1106,.T.);
#646=FACE_OUTER_BOUND('',#1107,.T.);
#647=FACE_OUTER_BOUND('',#1108,.T.);
#648=FACE_OUTER_BOUND('',#1109,.T.);
#649=FACE_OUTER_BOUND('',#1110,.T.);
#650=FACE_OUTER_BOUND('',#1111,.T.);
#651=FACE_OUTER_BOUND('',#1112,.T.);
#652=FACE_OUTER_BOUND('',#1113,.T.);
#653=FACE_OUTER_BOUND('',#1114,.T.);
#654=FACE_OUTER_BOUND('',#1115,.T.);
#655=FACE_OUTER_BOUND('',#1116,.T.);
#656=FACE_OUTER_BOUND('',#1117,.T.);
#657=FACE_OUTER_BOUND('',#1118,.T.);
#658=FACE_OUTER_BOUND('',#1119,.T.);
#659=FACE_OUTER_BOUND('',#1120,.T.);
#660=FACE_OUTER_BOUND('',#1121,.T.);
#661=FACE_OUTER_BOUND('',#1122,.T.);
#662=FACE_OUTER_BOUND('',#1123,.T.);
#663=FACE_OUTER_BOUND('',#1124,.T.);
#664=FACE_OUTER_BOUND('',#1125,.T.);
#665=FACE_OUTER_BOUND('',#1126,.T.);
#666=FACE_OUTER_BOUND('',#1127,.T.);
#667=FACE_OUTER_BOUND('',#1128,.T.);
#668=FACE_OUTER_BOUND('',#1129,.T.);
#669=FACE_OUTER_BOUND('',#1130,.T.);
#670=FACE_OUTER_BOUND('',#1131,.T.);
#671=FACE_OUTER_BOUND('',#1132,.T.);
#672=FACE_OUTER_BOUND('',#1133,.T.);
#673=FACE_OUTER_BOUND('',#1134,.T.);
#674=FACE_OUTER_BOUND('',#1135,.T.);
#675=FACE_OUTER_BOUND('',#1136,.T.);
#676=FACE_OUTER_BOUND('',#1137,.T.);
#677=FACE_OUTER_BOUND('',#1138,.T.);
#678=FACE_OUTER_BOUND('',#1139,.T.);
#679=FACE_OUTER_BOUND('',#1140,.T.);
#680=FACE_OUTER_BOUND('',#1141,.T.);
#681=FACE_OUTER_BOUND('',#1142,.T.);
#682=FACE_OUTER_BOUND('',#1143,.T.);
#683=FACE_OUTER_BOUND('',#1144,.T.);
#684=FACE_OUTER_BOUND('',#1145,.T.);
#685=FACE_OUTER_BOUND('',#1146,.T.);
#686=FACE_OUTER_BOUND('',#1147,.T.);
#687=FACE_OUTER_BOUND('',#1148,.T.);
#688=FACE_OUTER_BOUND('',#1149,.T.);
#689=FACE_OUTER_BOUND('',#1150,.T.);
#690=FACE_OUTER_BOUND('',#1151,.T.);
#691=FACE_OUTER_BOUND('',#1152,.T.);
#692=FACE_OUTER_BOUND('',#1153,.T.);
#693=FACE_OUTER_BOUND('',#1154,.T.);
#694=FACE_OUTER_BOUND('',#1155,.T.);
#695=FACE_OUTER_BOUND('',#1156,.T.);
#696=FACE_OUTER_BOUND('',#1157,.T.);
#697=FACE_OUTER_BOUND('',#1158,.T.);
#698=FACE_OUTER_BOUND('',#1159,.T.);
#699=FACE_OUTER_BOUND('',#1160,.T.);
#700=FACE_OUTER_BOUND('',#1161,.T.);
#701=FACE_OUTER_BOUND('',#1162,.T.);
#702=FACE_OUTER_BOUND('',#1163,.T.);
#703=FACE_OUTER_BOUND('',#1164,.T.);
#704=FACE_OUTER_BOUND('',#1165,.T.);
#705=FACE_OUTER_BOUND('',#1166,.T.);
#706=FACE_OUTER_BOUND('',#1172,.T.);
#707=FACE_OUTER_BOUND('',#1173,.T.);
#708=FACE_OUTER_BOUND('',#1174,.T.);
#709=FACE_OUTER_BOUND('',#1175,.T.);
#710=FACE_OUTER_BOUND('',#1176,.T.);
#711=FACE_OUTER_BOUND('',#1177,.T.);
#712=FACE_OUTER_BOUND('',#1178,.T.);
#713=FACE_OUTER_BOUND('',#1179,.T.);
#714=FACE_OUTER_BOUND('',#1180,.T.);
#715=FACE_OUTER_BOUND('',#1181,.T.);
#716=FACE_OUTER_BOUND('',#1182,.T.);
#717=FACE_OUTER_BOUND('',#1183,.T.);
#718=FACE_OUTER_BOUND('',#1184,.T.);
#719=FACE_OUTER_BOUND('',#1185,.T.);
#720=FACE_OUTER_BOUND('',#1186,.T.);
#721=FACE_OUTER_BOUND('',#1187,.T.);
#722=FACE_OUTER_BOUND('',#1188,.T.);
#723=FACE_OUTER_BOUND('',#1189,.T.);
#724=FACE_OUTER_BOUND('',#1190,.T.);
#725=FACE_OUTER_BOUND('',#1191,.T.);
#726=FACE_OUTER_BOUND('',#1192,.T.);
#727=FACE_OUTER_BOUND('',#1193,.T.);
#728=FACE_OUTER_BOUND('',#1194,.T.);
#729=FACE_OUTER_BOUND('',#1195,.T.);
#730=FACE_OUTER_BOUND('',#1196,.T.);
#731=FACE_OUTER_BOUND('',#1197,.T.);
#732=FACE_OUTER_BOUND('',#1198,.T.);
#733=FACE_OUTER_BOUND('',#1199,.T.);
#734=FACE_OUTER_BOUND('',#1200,.T.);
#735=FACE_OUTER_BOUND('',#1201,.T.);
#736=FACE_OUTER_BOUND('',#1202,.T.);
#737=FACE_OUTER_BOUND('',#1203,.T.);
#738=FACE_OUTER_BOUND('',#1204,.T.);
#739=FACE_OUTER_BOUND('',#1205,.T.);
#740=FACE_OUTER_BOUND('',#1206,.T.);
#741=FACE_OUTER_BOUND('',#1207,.T.);
#742=FACE_OUTER_BOUND('',#1208,.T.);
#743=FACE_OUTER_BOUND('',#1209,.T.);
#744=FACE_OUTER_BOUND('',#1210,.T.);
#745=FACE_OUTER_BOUND('',#1211,.T.);
#746=FACE_OUTER_BOUND('',#1212,.T.);
#747=FACE_OUTER_BOUND('',#1213,.T.);
#748=FACE_OUTER_BOUND('',#1214,.T.);
#749=FACE_OUTER_BOUND('',#1215,.T.);
#750=FACE_OUTER_BOUND('',#1216,.T.);
#751=FACE_OUTER_BOUND('',#1217,.T.);
#752=FACE_OUTER_BOUND('',#1218,.T.);
#753=FACE_OUTER_BOUND('',#1219,.T.);
#754=FACE_OUTER_BOUND('',#1220,.T.);
#755=FACE_OUTER_BOUND('',#1221,.T.);
#756=FACE_OUTER_BOUND('',#1222,.T.);
#757=FACE_OUTER_BOUND('',#1223,.T.);
#758=FACE_OUTER_BOUND('',#1224,.T.);
#759=FACE_OUTER_BOUND('',#1225,.T.);
#760=FACE_OUTER_BOUND('',#1226,.T.);
#761=FACE_OUTER_BOUND('',#1227,.T.);
#762=FACE_OUTER_BOUND('',#1228,.T.);
#763=FACE_OUTER_BOUND('',#1229,.T.);
#764=FACE_OUTER_BOUND('',#1230,.T.);
#765=FACE_OUTER_BOUND('',#1231,.T.);
#766=FACE_OUTER_BOUND('',#1232,.T.);
#767=FACE_OUTER_BOUND('',#1233,.T.);
#768=FACE_OUTER_BOUND('',#1234,.T.);
#769=FACE_OUTER_BOUND('',#1235,.T.);
#770=FACE_OUTER_BOUND('',#1236,.T.);
#771=FACE_OUTER_BOUND('',#1237,.T.);
#772=FACE_OUTER_BOUND('',#1238,.T.);
#773=FACE_OUTER_BOUND('',#1239,.T.);
#774=FACE_OUTER_BOUND('',#1240,.T.);
#775=FACE_OUTER_BOUND('',#1241,.T.);
#776=FACE_OUTER_BOUND('',#1242,.T.);
#777=FACE_OUTER_BOUND('',#1243,.T.);
#778=FACE_OUTER_BOUND('',#1244,.T.);
#779=FACE_OUTER_BOUND('',#1245,.T.);
#780=FACE_OUTER_BOUND('',#1246,.T.);
#781=FACE_OUTER_BOUND('',#1247,.T.);
#782=FACE_OUTER_BOUND('',#1248,.T.);
#783=FACE_OUTER_BOUND('',#1249,.T.);
#784=FACE_OUTER_BOUND('',#1250,.T.);
#785=FACE_OUTER_BOUND('',#1251,.T.);
#786=FACE_OUTER_BOUND('',#1252,.T.);
#787=FACE_OUTER_BOUND('',#1253,.T.);
#788=FACE_OUTER_BOUND('',#1254,.T.);
#789=FACE_OUTER_BOUND('',#1255,.T.);
#790=FACE_OUTER_BOUND('',#1256,.T.);
#791=FACE_OUTER_BOUND('',#1257,.T.);
#792=FACE_OUTER_BOUND('',#1258,.T.);
#793=FACE_OUTER_BOUND('',#1259,.T.);
#794=FACE_OUTER_BOUND('',#1260,.T.);
#795=FACE_OUTER_BOUND('',#1261,.T.);
#796=FACE_OUTER_BOUND('',#1262,.T.);
#797=FACE_OUTER_BOUND('',#1263,.T.);
#798=FACE_OUTER_BOUND('',#1264,.T.);
#799=FACE_OUTER_BOUND('',#1265,.T.);
#800=FACE_OUTER_BOUND('',#1266,.T.);
#801=FACE_OUTER_BOUND('',#1267,.T.);
#802=FACE_OUTER_BOUND('',#1268,.T.);
#803=FACE_OUTER_BOUND('',#1269,.T.);
#804=FACE_OUTER_BOUND('',#1270,.T.);
#805=FACE_OUTER_BOUND('',#1271,.T.);
#806=FACE_OUTER_BOUND('',#1272,.T.);
#807=FACE_OUTER_BOUND('',#1273,.T.);
#808=FACE_OUTER_BOUND('',#1274,.T.);
#809=FACE_OUTER_BOUND('',#1275,.T.);
#810=FACE_OUTER_BOUND('',#1276,.T.);
#811=FACE_OUTER_BOUND('',#1277,.T.);
#812=FACE_OUTER_BOUND('',#1278,.T.);
#813=FACE_OUTER_BOUND('',#1279,.T.);
#814=FACE_OUTER_BOUND('',#1280,.T.);
#815=FACE_OUTER_BOUND('',#1281,.T.);
#816=FACE_OUTER_BOUND('',#1282,.T.);
#817=FACE_OUTER_BOUND('',#1283,.T.);
#818=FACE_OUTER_BOUND('',#1284,.T.);
#819=FACE_OUTER_BOUND('',#1285,.T.);
#820=FACE_OUTER_BOUND('',#1286,.T.);
#821=FACE_OUTER_BOUND('',#1287,.T.);
#822=FACE_OUTER_BOUND('',#1288,.T.);
#823=FACE_OUTER_BOUND('',#1289,.T.);
#824=FACE_OUTER_BOUND('',#1291,.T.);
#825=FACE_OUTER_BOUND('',#1292,.T.);
#826=FACE_OUTER_BOUND('',#1294,.T.);
#827=FACE_OUTER_BOUND('',#1295,.T.);
#828=FACE_OUTER_BOUND('',#1296,.T.);
#829=FACE_OUTER_BOUND('',#1297,.T.);
#830=FACE_OUTER_BOUND('',#1298,.T.);
#831=FACE_OUTER_BOUND('',#1299,.T.);
#832=FACE_OUTER_BOUND('',#1300,.T.);
#833=FACE_OUTER_BOUND('',#1301,.T.);
#834=FACE_OUTER_BOUND('',#1302,.T.);
#835=FACE_OUTER_BOUND('',#1304,.T.);
#836=FACE_OUTER_BOUND('',#1305,.T.);
#837=FACE_OUTER_BOUND('',#1307,.T.);
#838=FACE_OUTER_BOUND('',#1308,.T.);
#839=FACE_OUTER_BOUND('',#1309,.T.);
#840=FACE_OUTER_BOUND('',#1310,.T.);
#841=FACE_OUTER_BOUND('',#1311,.T.);
#842=FACE_OUTER_BOUND('',#1312,.T.);
#843=FACE_OUTER_BOUND('',#1313,.T.);
#844=FACE_OUTER_BOUND('',#1314,.T.);
#845=FACE_OUTER_BOUND('',#1315,.T.);
#846=FACE_OUTER_BOUND('',#1316,.T.);
#847=FACE_OUTER_BOUND('',#1317,.T.);
#848=FACE_OUTER_BOUND('',#1318,.T.);
#849=FACE_OUTER_BOUND('',#1319,.T.);
#850=FACE_OUTER_BOUND('',#1320,.T.);
#851=FACE_OUTER_BOUND('',#1321,.T.);
#852=FACE_OUTER_BOUND('',#1322,.T.);
#853=FACE_OUTER_BOUND('',#1323,.T.);
#854=FACE_OUTER_BOUND('',#1324,.T.);
#855=FACE_OUTER_BOUND('',#1325,.T.);
#856=FACE_OUTER_BOUND('',#1326,.T.);
#857=FACE_OUTER_BOUND('',#1327,.T.);
#858=FACE_OUTER_BOUND('',#1328,.T.);
#859=FACE_OUTER_BOUND('',#1329,.T.);
#860=FACE_OUTER_BOUND('',#1330,.T.);
#861=FACE_OUTER_BOUND('',#1331,.T.);
#862=FACE_OUTER_BOUND('',#1332,.T.);
#863=FACE_OUTER_BOUND('',#1333,.T.);
#864=FACE_OUTER_BOUND('',#1334,.T.);
#865=FACE_OUTER_BOUND('',#1335,.T.);
#866=FACE_OUTER_BOUND('',#1336,.T.);
#867=FACE_OUTER_BOUND('',#1337,.T.);
#868=FACE_OUTER_BOUND('',#1338,.T.);
#869=FACE_OUTER_BOUND('',#1339,.T.);
#870=FACE_OUTER_BOUND('',#1340,.T.);
#871=FACE_OUTER_BOUND('',#1341,.T.);
#872=FACE_OUTER_BOUND('',#1342,.T.);
#873=FACE_OUTER_BOUND('',#1343,.T.);
#874=FACE_OUTER_BOUND('',#1344,.T.);
#875=FACE_OUTER_BOUND('',#1345,.T.);
#876=FACE_OUTER_BOUND('',#1346,.T.);
#877=FACE_OUTER_BOUND('',#1347,.T.);
#878=FACE_OUTER_BOUND('',#1348,.T.);
#879=FACE_OUTER_BOUND('',#1349,.T.);
#880=FACE_OUTER_BOUND('',#1350,.T.);
#881=FACE_OUTER_BOUND('',#1351,.T.);
#882=FACE_OUTER_BOUND('',#1352,.T.);
#883=FACE_OUTER_BOUND('',#1353,.T.);
#884=FACE_OUTER_BOUND('',#1354,.T.);
#885=FACE_OUTER_BOUND('',#1355,.T.);
#886=FACE_OUTER_BOUND('',#1356,.T.);
#887=FACE_OUTER_BOUND('',#1357,.T.);
#888=FACE_OUTER_BOUND('',#1358,.T.);
#889=FACE_OUTER_BOUND('',#1359,.T.);
#890=FACE_OUTER_BOUND('',#1360,.T.);
#891=FACE_OUTER_BOUND('',#1361,.T.);
#892=FACE_OUTER_BOUND('',#1362,.T.);
#893=FACE_OUTER_BOUND('',#1363,.T.);
#894=FACE_OUTER_BOUND('',#1364,.T.);
#895=FACE_OUTER_BOUND('',#1365,.T.);
#896=FACE_OUTER_BOUND('',#1366,.T.);
#897=FACE_OUTER_BOUND('',#1367,.T.);
#898=FACE_OUTER_BOUND('',#1368,.T.);
#899=FACE_OUTER_BOUND('',#1369,.T.);
#900=FACE_OUTER_BOUND('',#1370,.T.);
#901=FACE_OUTER_BOUND('',#1371,.T.);
#902=FACE_OUTER_BOUND('',#1372,.T.);
#903=FACE_OUTER_BOUND('',#1373,.T.);
#904=FACE_OUTER_BOUND('',#1374,.T.);
#905=FACE_OUTER_BOUND('',#1375,.T.);
#906=FACE_OUTER_BOUND('',#1376,.T.);
#907=FACE_OUTER_BOUND('',#1377,.T.);
#908=FACE_OUTER_BOUND('',#1378,.T.);
#909=FACE_OUTER_BOUND('',#1379,.T.);
#910=FACE_OUTER_BOUND('',#1380,.T.);
#911=FACE_OUTER_BOUND('',#1381,.T.);
#912=FACE_OUTER_BOUND('',#1382,.T.);
#913=FACE_OUTER_BOUND('',#1383,.T.);
#914=FACE_OUTER_BOUND('',#1384,.T.);
#915=FACE_OUTER_BOUND('',#1385,.T.);
#916=FACE_OUTER_BOUND('',#1386,.T.);
#917=FACE_OUTER_BOUND('',#1387,.T.);
#918=FACE_OUTER_BOUND('',#1388,.T.);
#919=FACE_OUTER_BOUND('',#1389,.T.);
#920=FACE_OUTER_BOUND('',#1390,.T.);
#921=FACE_OUTER_BOUND('',#1391,.T.);
#922=FACE_OUTER_BOUND('',#1392,.T.);
#923=FACE_OUTER_BOUND('',#1393,.T.);
#924=FACE_OUTER_BOUND('',#1394,.T.);
#925=FACE_OUTER_BOUND('',#1395,.T.);
#926=FACE_OUTER_BOUND('',#1396,.T.);
#927=FACE_OUTER_BOUND('',#1397,.T.);
#928=FACE_OUTER_BOUND('',#1398,.T.);
#929=FACE_OUTER_BOUND('',#1399,.T.);
#930=FACE_OUTER_BOUND('',#1400,.T.);
#931=FACE_OUTER_BOUND('',#1401,.T.);
#932=FACE_OUTER_BOUND('',#1402,.T.);
#933=FACE_OUTER_BOUND('',#1403,.T.);
#934=FACE_OUTER_BOUND('',#1404,.T.);
#935=FACE_OUTER_BOUND('',#1405,.T.);
#936=FACE_OUTER_BOUND('',#1406,.T.);
#937=FACE_OUTER_BOUND('',#1407,.T.);
#938=FACE_OUTER_BOUND('',#1408,.T.);
#939=FACE_OUTER_BOUND('',#1409,.T.);
#940=FACE_OUTER_BOUND('',#1410,.T.);
#941=FACE_OUTER_BOUND('',#1411,.T.);
#942=FACE_OUTER_BOUND('',#1412,.T.);
#943=FACE_OUTER_BOUND('',#1413,.T.);
#944=FACE_OUTER_BOUND('',#1414,.T.);
#945=FACE_OUTER_BOUND('',#1415,.T.);
#946=FACE_OUTER_BOUND('',#1416,.T.);
#947=FACE_OUTER_BOUND('',#1417,.T.);
#948=FACE_OUTER_BOUND('',#1418,.T.);
#949=FACE_OUTER_BOUND('',#1419,.T.);
#950=FACE_OUTER_BOUND('',#1420,.T.);
#951=FACE_OUTER_BOUND('',#1421,.T.);
#952=FACE_OUTER_BOUND('',#1422,.T.);
#953=FACE_OUTER_BOUND('',#1423,.T.);
#954=FACE_OUTER_BOUND('',#1424,.T.);
#955=FACE_OUTER_BOUND('',#1425,.T.);
#956=FACE_OUTER_BOUND('',#1426,.T.);
#957=FACE_OUTER_BOUND('',#1427,.T.);
#958=FACE_OUTER_BOUND('',#1428,.T.);
#959=FACE_OUTER_BOUND('',#1429,.T.);
#960=FACE_OUTER_BOUND('',#1430,.T.);
#961=FACE_OUTER_BOUND('',#1431,.T.);
#962=FACE_OUTER_BOUND('',#1432,.T.);
#963=FACE_OUTER_BOUND('',#1433,.T.);
#964=FACE_OUTER_BOUND('',#1434,.T.);
#965=FACE_OUTER_BOUND('',#1435,.T.);
#966=FACE_OUTER_BOUND('',#1436,.T.);
#967=FACE_OUTER_BOUND('',#1437,.T.);
#968=FACE_OUTER_BOUND('',#1438,.T.);
#969=FACE_OUTER_BOUND('',#1439,.T.);
#970=FACE_OUTER_BOUND('',#1440,.T.);
#971=FACE_OUTER_BOUND('',#1441,.T.);
#972=EDGE_LOOP('',(#5474,#5475,#5476,#5477));
#973=EDGE_LOOP('',(#5478,#5479,#5480,#5481,#5482,#5483,#5484,#5485,#5486,
#5487,#5488));
#974=EDGE_LOOP('',(#5489,#5490,#5491,#5492,#5493));
#975=EDGE_LOOP('',(#5494,#5495,#5496,#5497));
#976=EDGE_LOOP('',(#5498,#5499,#5500,#5501,#5502,#5503));
#977=EDGE_LOOP('',(#5504,#5505,#5506,#5507));
#978=EDGE_LOOP('',(#5508,#5509,#5510,#5511,#5512,#5513));
#979=EDGE_LOOP('',(#5514,#5515,#5516,#5517,#5518));
#980=EDGE_LOOP('',(#5519,#5520,#5521,#5522));
#981=EDGE_LOOP('',(#5523,#5524,#5525,#5526,#5527,#5528,#5529,#5530,#5531,
#5532,#5533));
#982=EDGE_LOOP('',(#5534,#5535,#5536,#5537,#5538,#5539,#5540,#5541,#5542,
#5543,#5544,#5545,#5546,#5547,#5548,#5549,#5550,#5551,#5552,#5553,#5554,
#5555,#5556,#5557,#5558,#5559,#5560,#5561,#5562,#5563,#5564,#5565,#5566,
#5567,#5568,#5569,#5570,#5571,#5572,#5573,#5574,#5575,#5576,#5577,#5578,
#5579,#5580,#5581,#5582,#5583,#5584,#5585,#5586,#5587,#5588));
#983=EDGE_LOOP('',(#5589,#5590,#5591,#5592,#5593,#5594));
#984=EDGE_LOOP('',(#5595,#5596,#5597,#5598,#5599,#5600));
#985=EDGE_LOOP('',(#5601,#5602,#5603,#5604,#5605,#5606));
#986=EDGE_LOOP('',(#5607,#5608,#5609,#5610,#5611,#5612));
#987=EDGE_LOOP('',(#5613,#5614,#5615,#5616,#5617,#5618));
#988=EDGE_LOOP('',(#5619,#5620,#5621,#5622,#5623,#5624));
#989=EDGE_LOOP('',(#5625,#5626,#5627,#5628,#5629,#5630));
#990=EDGE_LOOP('',(#5631,#5632,#5633,#5634,#5635,#5636));
#991=EDGE_LOOP('',(#5637,#5638,#5639,#5640,#5641,#5642));
#992=EDGE_LOOP('',(#5643,#5644,#5645,#5646,#5647,#5648));
#993=EDGE_LOOP('',(#5649,#5650,#5651,#5652,#5653,#5654));
#994=EDGE_LOOP('',(#5655,#5656,#5657,#5658,#5659));
#995=EDGE_LOOP('',(#5660,#5661,#5662,#5663,#5664,#5665));
#996=EDGE_LOOP('',(#5666,#5667,#5668,#5669,#5670,#5671));
#997=EDGE_LOOP('',(#5672,#5673,#5674,#5675,#5676,#5677));
#998=EDGE_LOOP('',(#5678,#5679,#5680,#5681,#5682,#5683));
#999=EDGE_LOOP('',(#5684,#5685,#5686,#5687,#5688,#5689));
#1000=EDGE_LOOP('',(#5690,#5691,#5692,#5693,#5694,#5695));
#1001=EDGE_LOOP('',(#5696,#5697,#5698,#5699,#5700,#5701));
#1002=EDGE_LOOP('',(#5702,#5703,#5704,#5705,#5706,#5707));
#1003=EDGE_LOOP('',(#5708,#5709,#5710,#5711,#5712,#5713));
#1004=EDGE_LOOP('',(#5714,#5715,#5716,#5717,#5718,#5719));
#1005=EDGE_LOOP('',(#5720,#5721,#5722,#5723,#5724,#5725));
#1006=EDGE_LOOP('',(#5726,#5727,#5728,#5729,#5730,#5731));
#1007=EDGE_LOOP('',(#5732,#5733,#5734,#5735,#5736,#5737));
#1008=EDGE_LOOP('',(#5738,#5739,#5740,#5741,#5742,#5743));
#1009=EDGE_LOOP('',(#5744,#5745,#5746,#5747));
#1010=EDGE_LOOP('',(#5748,#5749,#5750,#5751));
#1011=EDGE_LOOP('',(#5752,#5753,#5754,#5755));
#1012=EDGE_LOOP('',(#5756,#5757,#5758,#5759));
#1013=EDGE_LOOP('',(#5760,#5761,#5762,#5763));
#1014=EDGE_LOOP('',(#5764,#5765,#5766,#5767));
#1015=EDGE_LOOP('',(#5768,#5769,#5770,#5771));
#1016=EDGE_LOOP('',(#5772,#5773,#5774,#5775));
#1017=EDGE_LOOP('',(#5776,#5777,#5778,#5779));
#1018=EDGE_LOOP('',(#5780,#5781,#5782,#5783));
#1019=EDGE_LOOP('',(#5784,#5785,#5786,#5787,#5788,#5789));
#1020=EDGE_LOOP('',(#5790,#5791,#5792,#5793,#5794,#5795,#5796,#5797));
#1021=EDGE_LOOP('',(#5798,#5799,#5800,#5801));
#1022=EDGE_LOOP('',(#5802,#5803,#5804,#5805,#5806,#5807,#5808,#5809,#5810,
#5811,#5812,#5813,#5814,#5815,#5816,#5817,#5818,#5819,#5820,#5821,#5822,
#5823,#5824,#5825));
#1023=EDGE_LOOP('',(#5826,#5827,#5828,#5829,#5830,#5831,#5832,#5833));
#1024=EDGE_LOOP('',(#5834,#5835,#5836,#5837));
#1025=EDGE_LOOP('',(#5838,#5839,#5840,#5841));
#1026=EDGE_LOOP('',(#5842,#5843,#5844,#5845));
#1027=EDGE_LOOP('',(#5846,#5847,#5848,#5849));
#1028=EDGE_LOOP('',(#5850,#5851,#5852,#5853));
#1029=EDGE_LOOP('',(#5854,#5855,#5856,#5857));
#1030=EDGE_LOOP('',(#5858,#5859,#5860,#5861));
#1031=EDGE_LOOP('',(#5862,#5863,#5864,#5865));
#1032=EDGE_LOOP('',(#5866,#5867,#5868,#5869));
#1033=EDGE_LOOP('',(#5870,#5871,#5872,#5873,#5874));
#1034=EDGE_LOOP('',(#5875,#5876,#5877,#5878,#5879,#5880,#5881,#5882,#5883,
#5884,#5885,#5886,#5887,#5888,#5889,#5890,#5891,#5892,#5893,#5894,#5895,
#5896,#5897,#5898,#5899,#5900,#5901,#5902,#5903,#5904,#5905,#5906));
#1035=EDGE_LOOP('',(#5907,#5908,#5909,#5910,#5911,#5912,#5913,#5914));
#1036=EDGE_LOOP('',(#5915,#5916,#5917,#5918));
#1037=EDGE_LOOP('',(#5919,#5920,#5921,#5922));
#1038=EDGE_LOOP('',(#5923,#5924,#5925,#5926));
#1039=EDGE_LOOP('',(#5927,#5928,#5929,#5930));
#1040=EDGE_LOOP('',(#5931,#5932,#5933,#5934));
#1041=EDGE_LOOP('',(#5935,#5936,#5937,#5938));
#1042=EDGE_LOOP('',(#5939,#5940,#5941,#5942));
#1043=EDGE_LOOP('',(#5943,#5944,#5945,#5946));
#1044=EDGE_LOOP('',(#5947,#5948,#5949,#5950));
#1045=EDGE_LOOP('',(#5951,#5952,#5953,#5954));
#1046=EDGE_LOOP('',(#5955,#5956,#5957,#5958));
#1047=EDGE_LOOP('',(#5959,#5960,#5961,#5962));
#1048=EDGE_LOOP('',(#5963,#5964,#5965,#5966,#5967));
#1049=EDGE_LOOP('',(#5968,#5969,#5970,#5971));
#1050=EDGE_LOOP('',(#5972,#5973,#5974,#5975));
#1051=EDGE_LOOP('',(#5976,#5977,#5978));
#1052=EDGE_LOOP('',(#5979,#5980,#5981,#5982));
#1053=EDGE_LOOP('',(#5983,#5984,#5985,#5986,#5987));
#1054=EDGE_LOOP('',(#5988,#5989,#5990,#5991));
#1055=EDGE_LOOP('',(#5992,#5993,#5994));
#1056=EDGE_LOOP('',(#5995,#5996,#5997,#5998,#5999));
#1057=EDGE_LOOP('',(#6000,#6001,#6002,#6003));
#1058=EDGE_LOOP('',(#6004,#6005,#6006,#6007));
#1059=EDGE_LOOP('',(#6008,#6009,#6010,#6011,#6012,#6013));
#1060=EDGE_LOOP('',(#6014,#6015,#6016,#6017));
#1061=EDGE_LOOP('',(#6018,#6019,#6020,#6021,#6022,#6023,#6024,#6025,#6026,
#6027,#6028,#6029,#6030));
#1062=EDGE_LOOP('',(#6031,#6032,#6033,#6034,#6035,#6036,#6037));
#1063=EDGE_LOOP('',(#6038,#6039,#6040,#6041));
#1064=EDGE_LOOP('',(#6042,#6043,#6044,#6045));
#1065=EDGE_LOOP('',(#6046,#6047,#6048,#6049,#6050,#6051,#6052,#6053));
#1066=EDGE_LOOP('',(#6054,#6055,#6056,#6057));
#1067=EDGE_LOOP('',(#6058,#6059,#6060,#6061,#6062,#6063,#6064,#6065,#6066,
#6067,#6068,#6069,#6070));
#1068=EDGE_LOOP('',(#6071,#6072,#6073,#6074));
#1069=EDGE_LOOP('',(#6075,#6076,#6077));
#1070=EDGE_LOOP('',(#6078,#6079,#6080,#6081));
#1071=EDGE_LOOP('',(#6082,#6083,#6084,#6085));
#1072=EDGE_LOOP('',(#6086,#6087,#6088,#6089));
#1073=EDGE_LOOP('',(#6090,#6091,#6092,#6093));
#1074=EDGE_LOOP('',(#6094,#6095,#6096,#6097));
#1075=EDGE_LOOP('',(#6098,#6099,#6100,#6101));
#1076=EDGE_LOOP('',(#6102,#6103,#6104));
#1077=EDGE_LOOP('',(#6105,#6106,#6107,#6108));
#1078=EDGE_LOOP('',(#6109,#6110,#6111,#6112));
#1079=EDGE_LOOP('',(#6113,#6114,#6115,#6116));
#1080=EDGE_LOOP('',(#6117,#6118,#6119,#6120));
#1081=EDGE_LOOP('',(#6121,#6122,#6123,#6124));
#1082=EDGE_LOOP('',(#6125,#6126,#6127,#6128));
#1083=EDGE_LOOP('',(#6129,#6130,#6131,#6132));
#1084=EDGE_LOOP('',(#6133,#6134,#6135,#6136,#6137,#6138,#6139,#6140,#6141,
#6142,#6143,#6144));
#1085=EDGE_LOOP('',(#6145,#6146,#6147,#6148,#6149,#6150,#6151,#6152));
#1086=EDGE_LOOP('',(#6153,#6154,#6155,#6156));
#1087=EDGE_LOOP('',(#6157,#6158,#6159,#6160));
#1088=EDGE_LOOP('',(#6161,#6162,#6163,#6164));
#1089=EDGE_LOOP('',(#6165,#6166,#6167,#6168));
#1090=EDGE_LOOP('',(#6169,#6170,#6171,#6172));
#1091=EDGE_LOOP('',(#6173,#6174,#6175));
#1092=EDGE_LOOP('',(#6176,#6177,#6178,#6179));
#1093=EDGE_LOOP('',(#6180,#6181,#6182,#6183,#6184,#6185));
#1094=EDGE_LOOP('',(#6186,#6187,#6188,#6189,#6190,#6191,#6192,#6193));
#1095=EDGE_LOOP('',(#6194,#6195,#6196,#6197,#6198,#6199,#6200));
#1096=EDGE_LOOP('',(#6201,#6202,#6203));
#1097=EDGE_LOOP('',(#6204,#6205,#6206,#6207,#6208,#6209));
#1098=EDGE_LOOP('',(#6210,#6211,#6212,#6213));
#1099=EDGE_LOOP('',(#6214,#6215,#6216,#6217));
#1100=EDGE_LOOP('',(#6218,#6219,#6220,#6221));
#1101=EDGE_LOOP('',(#6222,#6223,#6224,#6225,#6226,#6227));
#1102=EDGE_LOOP('',(#6228,#6229,#6230,#6231,#6232,#6233,#6234,#6235,#6236,
#6237,#6238,#6239,#6240,#6241));
#1103=EDGE_LOOP('',(#6242,#6243,#6244,#6245,#6246,#6247));
#1104=EDGE_LOOP('',(#6248,#6249,#6250,#6251,#6252,#6253,#6254,#6255,#6256,
#6257,#6258,#6259,#6260));
#1105=EDGE_LOOP('',(#6261,#6262,#6263,#6264));
#1106=EDGE_LOOP('',(#6265,#6266,#6267,#6268,#6269));
#1107=EDGE_LOOP('',(#6270,#6271,#6272));
#1108=EDGE_LOOP('',(#6273,#6274,#6275,#6276));
#1109=EDGE_LOOP('',(#6277,#6278,#6279,#6280));
#1110=EDGE_LOOP('',(#6281,#6282,#6283,#6284,#6285,#6286,#6287,#6288,#6289,
#6290,#6291,#6292,#6293,#6294,#6295));
#1111=EDGE_LOOP('',(#6296,#6297,#6298,#6299));
#1112=EDGE_LOOP('',(#6300,#6301,#6302,#6303));
#1113=EDGE_LOOP('',(#6304,#6305,#6306,#6307));
#1114=EDGE_LOOP('',(#6308,#6309,#6310,#6311));
#1115=EDGE_LOOP('',(#6312,#6313,#6314,#6315));
#1116=EDGE_LOOP('',(#6316,#6317,#6318,#6319));
#1117=EDGE_LOOP('',(#6320,#6321,#6322,#6323));
#1118=EDGE_LOOP('',(#6324,#6325,#6326,#6327));
#1119=EDGE_LOOP('',(#6328,#6329,#6330,#6331));
#1120=EDGE_LOOP('',(#6332,#6333,#6334));
#1121=EDGE_LOOP('',(#6335,#6336,#6337,#6338));
#1122=EDGE_LOOP('',(#6339,#6340,#6341,#6342));
#1123=EDGE_LOOP('',(#6343,#6344,#6345,#6346));
#1124=EDGE_LOOP('',(#6347,#6348,#6349,#6350,#6351,#6352,#6353,#6354,#6355,
#6356,#6357,#6358,#6359,#6360,#6361,#6362,#6363,#6364,#6365,#6366,#6367,
#6368,#6369,#6370,#6371,#6372,#6373,#6374));
#1125=EDGE_LOOP('',(#6375,#6376,#6377,#6378,#6379));
#1126=EDGE_LOOP('',(#6380,#6381,#6382,#6383,#6384,#6385,#6386));
#1127=EDGE_LOOP('',(#6387,#6388,#6389,#6390));
#1128=EDGE_LOOP('',(#6391,#6392,#6393,#6394));
#1129=EDGE_LOOP('',(#6395,#6396,#6397,#6398));
#1130=EDGE_LOOP('',(#6399,#6400,#6401,#6402));
#1131=EDGE_LOOP('',(#6403,#6404,#6405,#6406));
#1132=EDGE_LOOP('',(#6407,#6408,#6409,#6410));
#1133=EDGE_LOOP('',(#6411,#6412,#6413,#6414));
#1134=EDGE_LOOP('',(#6415,#6416,#6417,#6418));
#1135=EDGE_LOOP('',(#6419,#6420,#6421,#6422));
#1136=EDGE_LOOP('',(#6423,#6424,#6425,#6426,#6427,#6428,#6429));
#1137=EDGE_LOOP('',(#6430,#6431,#6432,#6433,#6434));
#1138=EDGE_LOOP('',(#6435,#6436,#6437,#6438,#6439,#6440));
#1139=EDGE_LOOP('',(#6441,#6442,#6443,#6444,#6445));
#1140=EDGE_LOOP('',(#6446,#6447,#6448,#6449));
#1141=EDGE_LOOP('',(#6450,#6451,#6452,#6453));
#1142=EDGE_LOOP('',(#6454,#6455,#6456,#6457,#6458));
#1143=EDGE_LOOP('',(#6459,#6460,#6461,#6462));
#1144=EDGE_LOOP('',(#6463,#6464,#6465,#6466));
#1145=EDGE_LOOP('',(#6467,#6468,#6469,#6470));
#1146=EDGE_LOOP('',(#6471,#6472,#6473,#6474,#6475,#6476,#6477));
#1147=EDGE_LOOP('',(#6478,#6479,#6480,#6481));
#1148=EDGE_LOOP('',(#6482,#6483,#6484,#6485));
#1149=EDGE_LOOP('',(#6486,#6487,#6488,#6489));
#1150=EDGE_LOOP('',(#6490,#6491,#6492,#6493));
#1151=EDGE_LOOP('',(#6494,#6495,#6496,#6497,#6498,#6499,#6500,#6501));
#1152=EDGE_LOOP('',(#6502,#6503,#6504,#6505));
#1153=EDGE_LOOP('',(#6506,#6507,#6508,#6509,#6510,#6511,#6512,#6513));
#1154=EDGE_LOOP('',(#6514,#6515,#6516,#6517,#6518));
#1155=EDGE_LOOP('',(#6519,#6520,#6521,#6522,#6523,#6524,#6525,#6526));
#1156=EDGE_LOOP('',(#6527,#6528,#6529,#6530));
#1157=EDGE_LOOP('',(#6531,#6532,#6533,#6534,#6535));
#1158=EDGE_LOOP('',(#6536,#6537,#6538,#6539));
#1159=EDGE_LOOP('',(#6540,#6541,#6542,#6543));
#1160=EDGE_LOOP('',(#6544,#6545,#6546,#6547,#6548));
#1161=EDGE_LOOP('',(#6549,#6550,#6551));
#1162=EDGE_LOOP('',(#6552,#6553,#6554,#6555));
#1163=EDGE_LOOP('',(#6556,#6557,#6558,#6559));
#1164=EDGE_LOOP('',(#6560,#6561,#6562,#6563,#6564));
#1165=EDGE_LOOP('',(#6565,#6566,#6567,#6568,#6569,#6570));
#1166=EDGE_LOOP('',(#6571,#6572,#6573,#6574,#6575,#6576,#6577,#6578,#6579,
#6580,#6581,#6582,#6583));
#1167=EDGE_LOOP('',(#6584));
#1168=EDGE_LOOP('',(#6585));
#1169=EDGE_LOOP('',(#6586));
#1170=EDGE_LOOP('',(#6587));
#1171=EDGE_LOOP('',(#6588));
#1172=EDGE_LOOP('',(#6589,#6590,#6591,#6592));
#1173=EDGE_LOOP('',(#6593,#6594,#6595,#6596,#6597));
#1174=EDGE_LOOP('',(#6598,#6599,#6600,#6601));
#1175=EDGE_LOOP('',(#6602,#6603,#6604,#6605));
#1176=EDGE_LOOP('',(#6606,#6607,#6608,#6609));
#1177=EDGE_LOOP('',(#6610,#6611,#6612,#6613));
#1178=EDGE_LOOP('',(#6614,#6615,#6616,#6617));
#1179=EDGE_LOOP('',(#6618,#6619,#6620,#6621,#6622));
#1180=EDGE_LOOP('',(#6623,#6624,#6625,#6626));
#1181=EDGE_LOOP('',(#6627,#6628,#6629,#6630));
#1182=EDGE_LOOP('',(#6631,#6632,#6633));
#1183=EDGE_LOOP('',(#6634,#6635,#6636,#6637));
#1184=EDGE_LOOP('',(#6638,#6639,#6640,#6641));
#1185=EDGE_LOOP('',(#6642,#6643,#6644,#6645));
#1186=EDGE_LOOP('',(#6646,#6647,#6648,#6649));
#1187=EDGE_LOOP('',(#6650,#6651,#6652,#6653));
#1188=EDGE_LOOP('',(#6654,#6655,#6656,#6657));
#1189=EDGE_LOOP('',(#6658,#6659,#6660,#6661,#6662));
#1190=EDGE_LOOP('',(#6663,#6664,#6665,#6666));
#1191=EDGE_LOOP('',(#6667,#6668,#6669,#6670,#6671,#6672,#6673,#6674));
#1192=EDGE_LOOP('',(#6675,#6676,#6677,#6678,#6679,#6680));
#1193=EDGE_LOOP('',(#6681,#6682,#6683,#6684,#6685,#6686));
#1194=EDGE_LOOP('',(#6687,#6688,#6689,#6690));
#1195=EDGE_LOOP('',(#6691,#6692,#6693,#6694));
#1196=EDGE_LOOP('',(#6695,#6696,#6697,#6698));
#1197=EDGE_LOOP('',(#6699,#6700,#6701,#6702));
#1198=EDGE_LOOP('',(#6703,#6704,#6705,#6706,#6707,#6708,#6709,#6710,#6711,
#6712,#6713,#6714,#6715,#6716,#6717,#6718,#6719,#6720,#6721,#6722,#6723,
#6724,#6725,#6726,#6727,#6728,#6729,#6730,#6731,#6732,#6733,#6734,#6735,
#6736,#6737,#6738,#6739,#6740,#6741,#6742,#6743,#6744,#6745,#6746,#6747,
#6748,#6749,#6750,#6751,#6752,#6753,#6754,#6755,#6756,#6757,#6758,#6759,
#6760,#6761,#6762,#6763,#6764,#6765,#6766,#6767,#6768,#6769,#6770,#6771,
#6772,#6773,#6774,#6775,#6776,#6777,#6778,#6779,#6780,#6781,#6782,#6783,
#6784,#6785,#6786,#6787,#6788,#6789,#6790,#6791,#6792,#6793,#6794,#6795,
#6796,#6797,#6798,#6799,#6800,#6801,#6802,#6803,#6804,#6805,#6806,#6807,
#6808,#6809,#6810));
#1199=EDGE_LOOP('',(#6811,#6812,#6813,#6814,#6815));
#1200=EDGE_LOOP('',(#6816,#6817,#6818,#6819,#6820));
#1201=EDGE_LOOP('',(#6821,#6822,#6823,#6824,#6825));
#1202=EDGE_LOOP('',(#6826,#6827,#6828,#6829,#6830));
#1203=EDGE_LOOP('',(#6831,#6832,#6833,#6834,#6835));
#1204=EDGE_LOOP('',(#6836,#6837,#6838,#6839,#6840));
#1205=EDGE_LOOP('',(#6841,#6842,#6843,#6844,#6845));
#1206=EDGE_LOOP('',(#6846,#6847,#6848,#6849,#6850));
#1207=EDGE_LOOP('',(#6851,#6852,#6853,#6854,#6855));
#1208=EDGE_LOOP('',(#6856,#6857,#6858,#6859,#6860));
#1209=EDGE_LOOP('',(#6861,#6862,#6863,#6864,#6865));
#1210=EDGE_LOOP('',(#6866,#6867,#6868,#6869,#6870));
#1211=EDGE_LOOP('',(#6871,#6872,#6873,#6874,#6875));
#1212=EDGE_LOOP('',(#6876,#6877,#6878,#6879,#6880));
#1213=EDGE_LOOP('',(#6881,#6882,#6883,#6884,#6885));
#1214=EDGE_LOOP('',(#6886,#6887,#6888,#6889,#6890));
#1215=EDGE_LOOP('',(#6891,#6892,#6893,#6894,#6895));
#1216=EDGE_LOOP('',(#6896,#6897,#6898,#6899,#6900));
#1217=EDGE_LOOP('',(#6901,#6902,#6903,#6904,#6905));
#1218=EDGE_LOOP('',(#6906,#6907,#6908,#6909,#6910));
#1219=EDGE_LOOP('',(#6911,#6912,#6913,#6914,#6915));
#1220=EDGE_LOOP('',(#6916,#6917,#6918,#6919,#6920));
#1221=EDGE_LOOP('',(#6921,#6922,#6923,#6924,#6925));
#1222=EDGE_LOOP('',(#6926,#6927,#6928,#6929,#6930));
#1223=EDGE_LOOP('',(#6931,#6932,#6933,#6934,#6935));
#1224=EDGE_LOOP('',(#6936,#6937,#6938,#6939,#6940));
#1225=EDGE_LOOP('',(#6941,#6942,#6943,#6944,#6945));
#1226=EDGE_LOOP('',(#6946,#6947,#6948,#6949));
#1227=EDGE_LOOP('',(#6950,#6951,#6952,#6953));
#1228=EDGE_LOOP('',(#6954,#6955,#6956,#6957));
#1229=EDGE_LOOP('',(#6958,#6959,#6960,#6961));
#1230=EDGE_LOOP('',(#6962,#6963,#6964,#6965));
#1231=EDGE_LOOP('',(#6966,#6967,#6968,#6969));
#1232=EDGE_LOOP('',(#6970,#6971,#6972,#6973));
#1233=EDGE_LOOP('',(#6974,#6975,#6976,#6977));
#1234=EDGE_LOOP('',(#6978,#6979,#6980,#6981));
#1235=EDGE_LOOP('',(#6982,#6983,#6984,#6985));
#1236=EDGE_LOOP('',(#6986,#6987,#6988,#6989));
#1237=EDGE_LOOP('',(#6990,#6991,#6992,#6993));
#1238=EDGE_LOOP('',(#6994,#6995,#6996,#6997));
#1239=EDGE_LOOP('',(#6998,#6999,#7000,#7001));
#1240=EDGE_LOOP('',(#7002,#7003,#7004,#7005));
#1241=EDGE_LOOP('',(#7006,#7007,#7008,#7009));
#1242=EDGE_LOOP('',(#7010,#7011,#7012,#7013));
#1243=EDGE_LOOP('',(#7014,#7015,#7016,#7017));
#1244=EDGE_LOOP('',(#7018,#7019,#7020,#7021));
#1245=EDGE_LOOP('',(#7022,#7023,#7024,#7025));
#1246=EDGE_LOOP('',(#7026,#7027,#7028,#7029));
#1247=EDGE_LOOP('',(#7030,#7031,#7032,#7033));
#1248=EDGE_LOOP('',(#7034,#7035,#7036,#7037));
#1249=EDGE_LOOP('',(#7038,#7039,#7040,#7041));
#1250=EDGE_LOOP('',(#7042,#7043,#7044,#7045));
#1251=EDGE_LOOP('',(#7046,#7047,#7048,#7049));
#1252=EDGE_LOOP('',(#7050,#7051,#7052,#7053));
#1253=EDGE_LOOP('',(#7054,#7055,#7056,#7057));
#1254=EDGE_LOOP('',(#7058,#7059,#7060,#7061));
#1255=EDGE_LOOP('',(#7062,#7063,#7064,#7065,#7066,#7067,#7068,#7069));
#1256=EDGE_LOOP('',(#7070,#7071,#7072,#7073));
#1257=EDGE_LOOP('',(#7074,#7075,#7076,#7077));
#1258=EDGE_LOOP('',(#7078,#7079,#7080,#7081,#7082,#7083,#7084,#7085));
#1259=EDGE_LOOP('',(#7086,#7087,#7088,#7089));
#1260=EDGE_LOOP('',(#7090,#7091,#7092,#7093));
#1261=EDGE_LOOP('',(#7094,#7095,#7096,#7097));
#1262=EDGE_LOOP('',(#7098,#7099,#7100,#7101));
#1263=EDGE_LOOP('',(#7102,#7103,#7104,#7105));
#1264=EDGE_LOOP('',(#7106,#7107,#7108,#7109,#7110,#7111,#7112,#7113,#7114,
#7115,#7116,#7117,#7118,#7119,#7120,#7121,#7122,#7123,#7124,#7125,#7126,
#7127,#7128));
#1265=EDGE_LOOP('',(#7129,#7130,#7131,#7132));
#1266=EDGE_LOOP('',(#7133,#7134,#7135,#7136,#7137,#7138,#7139,#7140,#7141,
#7142,#7143,#7144,#7145,#7146,#7147,#7148,#7149,#7150,#7151,#7152,#7153,
#7154,#7155,#7156));
#1267=EDGE_LOOP('',(#7157,#7158,#7159,#7160));
#1268=EDGE_LOOP('',(#7161,#7162,#7163,#7164));
#1269=EDGE_LOOP('',(#7165,#7166,#7167,#7168));
#1270=EDGE_LOOP('',(#7169,#7170,#7171,#7172));
#1271=EDGE_LOOP('',(#7173,#7174,#7175,#7176));
#1272=EDGE_LOOP('',(#7177,#7178,#7179,#7180));
#1273=EDGE_LOOP('',(#7181,#7182,#7183,#7184));
#1274=EDGE_LOOP('',(#7185,#7186,#7187,#7188));
#1275=EDGE_LOOP('',(#7189,#7190,#7191,#7192,#7193,#7194,#7195,#7196,#7197,
#7198,#7199,#7200,#7201,#7202,#7203,#7204,#7205,#7206,#7207,#7208,#7209,
#7210,#7211,#7212,#7213,#7214,#7215,#7216,#7217,#7218));
#1276=EDGE_LOOP('',(#7219,#7220,#7221,#7222));
#1277=EDGE_LOOP('',(#7223,#7224,#7225,#7226,#7227,#7228,#7229));
#1278=EDGE_LOOP('',(#7230,#7231,#7232,#7233));
#1279=EDGE_LOOP('',(#7234,#7235,#7236,#7237));
#1280=EDGE_LOOP('',(#7238,#7239,#7240,#7241,#7242,#7243,#7244,#7245,#7246,
#7247,#7248,#7249));
#1281=EDGE_LOOP('',(#7250,#7251,#7252,#7253,#7254,#7255));
#1282=EDGE_LOOP('',(#7256,#7257,#7258,#7259));
#1283=EDGE_LOOP('',(#7260,#7261,#7262,#7263,#7264,#7265));
#1284=EDGE_LOOP('',(#7266,#7267,#7268,#7269));
#1285=EDGE_LOOP('',(#7270,#7271,#7272,#7273,#7274,#7275));
#1286=EDGE_LOOP('',(#7276,#7277,#7278,#7279));
#1287=EDGE_LOOP('',(#7280,#7281,#7282,#7283,#7284,#7285));
#1288=EDGE_LOOP('',(#7286,#7287,#7288,#7289));
#1289=EDGE_LOOP('',(#7290,#7291,#7292,#7293));
#1290=EDGE_LOOP('',(#7294));
#1291=EDGE_LOOP('',(#7295,#7296,#7297,#7298,#7299,#7300));
#1292=EDGE_LOOP('',(#7301));
#1293=EDGE_LOOP('',(#7302));
#1294=EDGE_LOOP('',(#7303,#7304,#7305,#7306));
#1295=EDGE_LOOP('',(#7307,#7308,#7309,#7310));
#1296=EDGE_LOOP('',(#7311,#7312,#7313,#7314,#7315,#7316));
#1297=EDGE_LOOP('',(#7317,#7318,#7319,#7320));
#1298=EDGE_LOOP('',(#7321,#7322,#7323,#7324,#7325,#7326,#7327));
#1299=EDGE_LOOP('',(#7328,#7329,#7330,#7331,#7332,#7333,#7334,#7335,#7336,
#7337));
#1300=EDGE_LOOP('',(#7338,#7339,#7340,#7341));
#1301=EDGE_LOOP('',(#7342,#7343,#7344,#7345,#7346,#7347));
#1302=EDGE_LOOP('',(#7348,#7349,#7350,#7351));
#1303=EDGE_LOOP('',(#7352));
#1304=EDGE_LOOP('',(#7353,#7354,#7355,#7356,#7357,#7358));
#1305=EDGE_LOOP('',(#7359));
#1306=EDGE_LOOP('',(#7360));
#1307=EDGE_LOOP('',(#7361,#7362,#7363,#7364));
#1308=EDGE_LOOP('',(#7365,#7366,#7367,#7368));
#1309=EDGE_LOOP('',(#7369,#7370,#7371,#7372,#7373));
#1310=EDGE_LOOP('',(#7374,#7375,#7376,#7377,#7378,#7379,#7380));
#1311=EDGE_LOOP('',(#7381,#7382,#7383,#7384,#7385,#7386,#7387,#7388));
#1312=EDGE_LOOP('',(#7389,#7390,#7391,#7392,#7393,#7394));
#1313=EDGE_LOOP('',(#7395,#7396,#7397,#7398,#7399,#7400));
#1314=EDGE_LOOP('',(#7401,#7402,#7403,#7404,#7405,#7406));
#1315=EDGE_LOOP('',(#7407,#7408,#7409,#7410,#7411,#7412));
#1316=EDGE_LOOP('',(#7413,#7414,#7415,#7416,#7417,#7418));
#1317=EDGE_LOOP('',(#7419,#7420,#7421,#7422,#7423,#7424));
#1318=EDGE_LOOP('',(#7425,#7426,#7427,#7428,#7429,#7430));
#1319=EDGE_LOOP('',(#7431,#7432,#7433,#7434,#7435));
#1320=EDGE_LOOP('',(#7436,#7437,#7438,#7439,#7440,#7441));
#1321=EDGE_LOOP('',(#7442,#7443,#7444,#7445,#7446));
#1322=EDGE_LOOP('',(#7447,#7448,#7449,#7450,#7451));
#1323=EDGE_LOOP('',(#7452,#7453,#7454,#7455,#7456,#7457));
#1324=EDGE_LOOP('',(#7458,#7459,#7460,#7461,#7462));
#1325=EDGE_LOOP('',(#7463,#7464,#7465,#7466,#7467));
#1326=EDGE_LOOP('',(#7468,#7469,#7470,#7471,#7472,#7473));
#1327=EDGE_LOOP('',(#7474,#7475,#7476,#7477,#7478));
#1328=EDGE_LOOP('',(#7479,#7480,#7481,#7482,#7483));
#1329=EDGE_LOOP('',(#7484,#7485,#7486,#7487,#7488,#7489));
#1330=EDGE_LOOP('',(#7490,#7491,#7492,#7493,#7494));
#1331=EDGE_LOOP('',(#7495,#7496,#7497,#7498,#7499));
#1332=EDGE_LOOP('',(#7500,#7501,#7502,#7503,#7504,#7505));
#1333=EDGE_LOOP('',(#7506,#7507,#7508,#7509,#7510));
#1334=EDGE_LOOP('',(#7511,#7512,#7513,#7514,#7515));
#1335=EDGE_LOOP('',(#7516,#7517,#7518,#7519,#7520,#7521));
#1336=EDGE_LOOP('',(#7522,#7523,#7524,#7525,#7526));
#1337=EDGE_LOOP('',(#7527,#7528,#7529,#7530,#7531));
#1338=EDGE_LOOP('',(#7532,#7533,#7534,#7535,#7536,#7537));
#1339=EDGE_LOOP('',(#7538,#7539,#7540,#7541,#7542));
#1340=EDGE_LOOP('',(#7543,#7544,#7545,#7546,#7547));
#1341=EDGE_LOOP('',(#7548,#7549,#7550,#7551,#7552,#7553));
#1342=EDGE_LOOP('',(#7554,#7555,#7556,#7557,#7558));
#1343=EDGE_LOOP('',(#7559,#7560,#7561,#7562,#7563));
#1344=EDGE_LOOP('',(#7564,#7565,#7566,#7567,#7568,#7569));
#1345=EDGE_LOOP('',(#7570,#7571,#7572,#7573,#7574));
#1346=EDGE_LOOP('',(#7575,#7576,#7577,#7578,#7579));
#1347=EDGE_LOOP('',(#7580,#7581,#7582,#7583,#7584,#7585));
#1348=EDGE_LOOP('',(#7586,#7587,#7588,#7589,#7590));
#1349=EDGE_LOOP('',(#7591,#7592,#7593,#7594,#7595));
#1350=EDGE_LOOP('',(#7596,#7597,#7598,#7599,#7600,#7601));
#1351=EDGE_LOOP('',(#7602,#7603,#7604,#7605,#7606));
#1352=EDGE_LOOP('',(#7607,#7608,#7609,#7610,#7611));
#1353=EDGE_LOOP('',(#7612,#7613,#7614,#7615,#7616,#7617));
#1354=EDGE_LOOP('',(#7618,#7619,#7620,#7621,#7622));
#1355=EDGE_LOOP('',(#7623,#7624,#7625,#7626,#7627,#7628));
#1356=EDGE_LOOP('',(#7629,#7630,#7631,#7632,#7633,#7634));
#1357=EDGE_LOOP('',(#7635,#7636,#7637,#7638,#7639,#7640));
#1358=EDGE_LOOP('',(#7641,#7642,#7643,#7644,#7645,#7646));
#1359=EDGE_LOOP('',(#7647,#7648,#7649,#7650,#7651,#7652));
#1360=EDGE_LOOP('',(#7653,#7654,#7655,#7656,#7657,#7658));
#1361=EDGE_LOOP('',(#7659,#7660,#7661,#7662,#7663));
#1362=EDGE_LOOP('',(#7664,#7665,#7666,#7667,#7668,#7669));
#1363=EDGE_LOOP('',(#7670,#7671,#7672,#7673));
#1364=EDGE_LOOP('',(#7674,#7675,#7676,#7677));
#1365=EDGE_LOOP('',(#7678,#7679,#7680,#7681));
#1366=EDGE_LOOP('',(#7682,#7683,#7684,#7685));
#1367=EDGE_LOOP('',(#7686,#7687,#7688,#7689));
#1368=EDGE_LOOP('',(#7690,#7691,#7692,#7693));
#1369=EDGE_LOOP('',(#7694,#7695,#7696,#7697));
#1370=EDGE_LOOP('',(#7698,#7699,#7700,#7701));
#1371=EDGE_LOOP('',(#7702,#7703,#7704,#7705));
#1372=EDGE_LOOP('',(#7706,#7707,#7708,#7709));
#1373=EDGE_LOOP('',(#7710,#7711,#7712,#7713));
#1374=EDGE_LOOP('',(#7714,#7715,#7716,#7717));
#1375=EDGE_LOOP('',(#7718,#7719,#7720,#7721));
#1376=EDGE_LOOP('',(#7722,#7723,#7724,#7725));
#1377=EDGE_LOOP('',(#7726,#7727,#7728,#7729));
#1378=EDGE_LOOP('',(#7730,#7731,#7732,#7733));
#1379=EDGE_LOOP('',(#7734,#7735,#7736,#7737));
#1380=EDGE_LOOP('',(#7738,#7739,#7740,#7741));
#1381=EDGE_LOOP('',(#7742,#7743,#7744,#7745));
#1382=EDGE_LOOP('',(#7746,#7747,#7748,#7749));
#1383=EDGE_LOOP('',(#7750,#7751,#7752,#7753));
#1384=EDGE_LOOP('',(#7754,#7755,#7756,#7757));
#1385=EDGE_LOOP('',(#7758,#7759,#7760,#7761));
#1386=EDGE_LOOP('',(#7762,#7763,#7764,#7765));
#1387=EDGE_LOOP('',(#7766,#7767,#7768,#7769));
#1388=EDGE_LOOP('',(#7770,#7771,#7772,#7773));
#1389=EDGE_LOOP('',(#7774,#7775,#7776,#7777));
#1390=EDGE_LOOP('',(#7778,#7779,#7780,#7781));
#1391=EDGE_LOOP('',(#7782,#7783,#7784,#7785));
#1392=EDGE_LOOP('',(#7786,#7787,#7788,#7789));
#1393=EDGE_LOOP('',(#7790,#7791,#7792,#7793));
#1394=EDGE_LOOP('',(#7794,#7795,#7796,#7797));
#1395=EDGE_LOOP('',(#7798,#7799,#7800,#7801));
#1396=EDGE_LOOP('',(#7802,#7803,#7804,#7805));
#1397=EDGE_LOOP('',(#7806,#7807,#7808,#7809));
#1398=EDGE_LOOP('',(#7810,#7811,#7812,#7813));
#1399=EDGE_LOOP('',(#7814,#7815,#7816,#7817));
#1400=EDGE_LOOP('',(#7818,#7819,#7820,#7821));
#1401=EDGE_LOOP('',(#7822,#7823,#7824,#7825));
#1402=EDGE_LOOP('',(#7826,#7827,#7828,#7829));
#1403=EDGE_LOOP('',(#7830,#7831,#7832,#7833));
#1404=EDGE_LOOP('',(#7834,#7835,#7836,#7837));
#1405=EDGE_LOOP('',(#7838,#7839,#7840,#7841));
#1406=EDGE_LOOP('',(#7842,#7843,#7844,#7845));
#1407=EDGE_LOOP('',(#7846,#7847,#7848,#7849));
#1408=EDGE_LOOP('',(#7850,#7851,#7852,#7853));
#1409=EDGE_LOOP('',(#7854,#7855,#7856,#7857));
#1410=EDGE_LOOP('',(#7858,#7859,#7860,#7861));
#1411=EDGE_LOOP('',(#7862,#7863,#7864,#7865));
#1412=EDGE_LOOP('',(#7866,#7867,#7868,#7869));
#1413=EDGE_LOOP('',(#7870,#7871,#7872,#7873));
#1414=EDGE_LOOP('',(#7874,#7875,#7876,#7877));
#1415=EDGE_LOOP('',(#7878,#7879,#7880,#7881));
#1416=EDGE_LOOP('',(#7882,#7883,#7884,#7885));
#1417=EDGE_LOOP('',(#7886,#7887,#7888,#7889));
#1418=EDGE_LOOP('',(#7890,#7891,#7892,#7893));
#1419=EDGE_LOOP('',(#7894,#7895,#7896,#7897));
#1420=EDGE_LOOP('',(#7898,#7899,#7900,#7901));
#1421=EDGE_LOOP('',(#7902,#7903,#7904,#7905));
#1422=EDGE_LOOP('',(#7906,#7907,#7908,#7909));
#1423=EDGE_LOOP('',(#7910,#7911,#7912,#7913));
#1424=EDGE_LOOP('',(#7914,#7915,#7916,#7917));
#1425=EDGE_LOOP('',(#7918,#7919,#7920,#7921));
#1426=EDGE_LOOP('',(#7922,#7923,#7924,#7925));
#1427=EDGE_LOOP('',(#7926,#7927,#7928,#7929));
#1428=EDGE_LOOP('',(#7930,#7931,#7932,#7933));
#1429=EDGE_LOOP('',(#7934,#7935,#7936,#7937));
#1430=EDGE_LOOP('',(#7938,#7939,#7940,#7941));
#1431=EDGE_LOOP('',(#7942,#7943,#7944,#7945));
#1432=EDGE_LOOP('',(#7946,#7947,#7948,#7949));
#1433=EDGE_LOOP('',(#7950,#7951,#7952,#7953));
#1434=EDGE_LOOP('',(#7954,#7955,#7956,#7957));
#1435=EDGE_LOOP('',(#7958,#7959,#7960,#7961));
#1436=EDGE_LOOP('',(#7962,#7963,#7964,#7965));
#1437=EDGE_LOOP('',(#7966,#7967,#7968,#7969));
#1438=EDGE_LOOP('',(#7970,#7971,#7972,#7973));
#1439=EDGE_LOOP('',(#7974,#7975,#7976,#7977));
#1440=EDGE_LOOP('',(#7978,#7979,#7980,#7981));
#1441=EDGE_LOOP('',(#7982,#7983,#7984,#7985));
#1442=LINE('',#11750,#2318);
#1443=LINE('',#11753,#2319);
#1444=LINE('',#11758,#2320);
#1445=LINE('',#11760,#2321);
#1446=LINE('',#11762,#2322);
#1447=LINE('',#11764,#2323);
#1448=LINE('',#11766,#2324);
#1449=LINE('',#11772,#2325);
#1450=LINE('',#11778,#2326);
#1451=LINE('',#11805,#2327);
#1452=LINE('',#11815,#2328);
#1453=LINE('',#11835,#2329);
#1454=LINE('',#11838,#2330);
#1455=LINE('',#11850,#2331);
#1456=LINE('',#11854,#2332);
#1457=LINE('',#11865,#2333);
#1458=LINE('',#11872,#2334);
#1459=LINE('',#11877,#2335);
#1460=LINE('',#11883,#2336);
#1461=LINE('',#11885,#2337);
#1462=LINE('',#11887,#2338);
#1463=LINE('',#11888,#2339);
#1464=LINE('',#11894,#2340);
#1465=LINE('',#11898,#2341);
#1466=LINE('',#11900,#2342);
#1467=LINE('',#11902,#2343);
#1468=LINE('',#11904,#2344);
#1469=LINE('',#11906,#2345);
#1470=LINE('',#11908,#2346);
#1471=LINE('',#11910,#2347);
#1472=LINE('',#11912,#2348);
#1473=LINE('',#11914,#2349);
#1474=LINE('',#11916,#2350);
#1475=LINE('',#11918,#2351);
#1476=LINE('',#11920,#2352);
#1477=LINE('',#11922,#2353);
#1478=LINE('',#11924,#2354);
#1479=LINE('',#11926,#2355);
#1480=LINE('',#11928,#2356);
#1481=LINE('',#11930,#2357);
#1482=LINE('',#11932,#2358);
#1483=LINE('',#11934,#2359);
#1484=LINE('',#11936,#2360);
#1485=LINE('',#11938,#2361);
#1486=LINE('',#11940,#2362);
#1487=LINE('',#11942,#2363);
#1488=LINE('',#11944,#2364);
#1489=LINE('',#11946,#2365);
#1490=LINE('',#11948,#2366);
#1491=LINE('',#11950,#2367);
#1492=LINE('',#11952,#2368);
#1493=LINE('',#11954,#2369);
#1494=LINE('',#11956,#2370);
#1495=LINE('',#11958,#2371);
#1496=LINE('',#11960,#2372);
#1497=LINE('',#11962,#2373);
#1498=LINE('',#11964,#2374);
#1499=LINE('',#11966,#2375);
#1500=LINE('',#11968,#2376);
#1501=LINE('',#11970,#2377);
#1502=LINE('',#11972,#2378);
#1503=LINE('',#11974,#2379);
#1504=LINE('',#11976,#2380);
#1505=LINE('',#11978,#2381);
#1506=LINE('',#11980,#2382);
#1507=LINE('',#11982,#2383);
#1508=LINE('',#11984,#2384);
#1509=LINE('',#11986,#2385);
#1510=LINE('',#11988,#2386);
#1511=LINE('',#11990,#2387);
#1512=LINE('',#11992,#2388);
#1513=LINE('',#11994,#2389);
#1514=LINE('',#11996,#2390);
#1515=LINE('',#11998,#2391);
#1516=LINE('',#11999,#2392);
#1517=LINE('',#12002,#2393);
#1518=LINE('',#12004,#2394);
#1519=LINE('',#12006,#2395);
#1520=LINE('',#12008,#2396);
#1521=LINE('',#12009,#2397);
#1522=LINE('',#12012,#2398);
#1523=LINE('',#12014,#2399);
#1524=LINE('',#12016,#2400);
#1525=LINE('',#12018,#2401);
#1526=LINE('',#12019,#2402);
#1527=LINE('',#12022,#2403);
#1528=LINE('',#12024,#2404);
#1529=LINE('',#12026,#2405);
#1530=LINE('',#12028,#2406);
#1531=LINE('',#12029,#2407);
#1532=LINE('',#12032,#2408);
#1533=LINE('',#12034,#2409);
#1534=LINE('',#12036,#2410);
#1535=LINE('',#12038,#2411);
#1536=LINE('',#12039,#2412);
#1537=LINE('',#12042,#2413);
#1538=LINE('',#12044,#2414);
#1539=LINE('',#12046,#2415);
#1540=LINE('',#12048,#2416);
#1541=LINE('',#12049,#2417);
#1542=LINE('',#12052,#2418);
#1543=LINE('',#12054,#2419);
#1544=LINE('',#12056,#2420);
#1545=LINE('',#12058,#2421);
#1546=LINE('',#12059,#2422);
#1547=LINE('',#12062,#2423);
#1548=LINE('',#12064,#2424);
#1549=LINE('',#12066,#2425);
#1550=LINE('',#12068,#2426);
#1551=LINE('',#12069,#2427);
#1552=LINE('',#12072,#2428);
#1553=LINE('',#12074,#2429);
#1554=LINE('',#12076,#2430);
#1555=LINE('',#12078,#2431);
#1556=LINE('',#12079,#2432);
#1557=LINE('',#12082,#2433);
#1558=LINE('',#12084,#2434);
#1559=LINE('',#12086,#2435);
#1560=LINE('',#12088,#2436);
#1561=LINE('',#12089,#2437);
#1562=LINE('',#12092,#2438);
#1563=LINE('',#12094,#2439);
#1564=LINE('',#12096,#2440);
#1565=LINE('',#12098,#2441);
#1566=LINE('',#12099,#2442);
#1567=LINE('',#12102,#2443);
#1568=LINE('',#12104,#2444);
#1569=LINE('',#12106,#2445);
#1570=LINE('',#12108,#2446);
#1571=LINE('',#12109,#2447);
#1572=LINE('',#12112,#2448);
#1573=LINE('',#12114,#2449);
#1574=LINE('',#12116,#2450);
#1575=LINE('',#12117,#2451);
#1576=LINE('',#12120,#2452);
#1577=LINE('',#12122,#2453);
#1578=LINE('',#12124,#2454);
#1579=LINE('',#12126,#2455);
#1580=LINE('',#12127,#2456);
#1581=LINE('',#12130,#2457);
#1582=LINE('',#12132,#2458);
#1583=LINE('',#12134,#2459);
#1584=LINE('',#12136,#2460);
#1585=LINE('',#12137,#2461);
#1586=LINE('',#12140,#2462);
#1587=LINE('',#12142,#2463);
#1588=LINE('',#12144,#2464);
#1589=LINE('',#12146,#2465);
#1590=LINE('',#12147,#2466);
#1591=LINE('',#12150,#2467);
#1592=LINE('',#12152,#2468);
#1593=LINE('',#12154,#2469);
#1594=LINE('',#12156,#2470);
#1595=LINE('',#12157,#2471);
#1596=LINE('',#12160,#2472);
#1597=LINE('',#12162,#2473);
#1598=LINE('',#12164,#2474);
#1599=LINE('',#12166,#2475);
#1600=LINE('',#12167,#2476);
#1601=LINE('',#12170,#2477);
#1602=LINE('',#12172,#2478);
#1603=LINE('',#12174,#2479);
#1604=LINE('',#12176,#2480);
#1605=LINE('',#12177,#2481);
#1606=LINE('',#12180,#2482);
#1607=LINE('',#12182,#2483);
#1608=LINE('',#12184,#2484);
#1609=LINE('',#12186,#2485);
#1610=LINE('',#12187,#2486);
#1611=LINE('',#12190,#2487);
#1612=LINE('',#12192,#2488);
#1613=LINE('',#12194,#2489);
#1614=LINE('',#12196,#2490);
#1615=LINE('',#12197,#2491);
#1616=LINE('',#12200,#2492);
#1617=LINE('',#12202,#2493);
#1618=LINE('',#12204,#2494);
#1619=LINE('',#12206,#2495);
#1620=LINE('',#12207,#2496);
#1621=LINE('',#12210,#2497);
#1622=LINE('',#12212,#2498);
#1623=LINE('',#12214,#2499);
#1624=LINE('',#12216,#2500);
#1625=LINE('',#12217,#2501);
#1626=LINE('',#12220,#2502);
#1627=LINE('',#12222,#2503);
#1628=LINE('',#12224,#2504);
#1629=LINE('',#12226,#2505);
#1630=LINE('',#12227,#2506);
#1631=LINE('',#12230,#2507);
#1632=LINE('',#12232,#2508);
#1633=LINE('',#12234,#2509);
#1634=LINE('',#12236,#2510);
#1635=LINE('',#12237,#2511);
#1636=LINE('',#12240,#2512);
#1637=LINE('',#12242,#2513);
#1638=LINE('',#12244,#2514);
#1639=LINE('',#12246,#2515);
#1640=LINE('',#12247,#2516);
#1641=LINE('',#12250,#2517);
#1642=LINE('',#12252,#2518);
#1643=LINE('',#12254,#2519);
#1644=LINE('',#12256,#2520);
#1645=LINE('',#12257,#2521);
#1646=LINE('',#12260,#2522);
#1647=LINE('',#12262,#2523);
#1648=LINE('',#12263,#2524);
#1649=LINE('',#12269,#2525);
#1650=LINE('',#12272,#2526);
#1651=LINE('',#12283,#2527);
#1652=LINE('',#12284,#2528);
#1653=LINE('',#12295,#2529);
#1654=LINE('',#12296,#2530);
#1655=LINE('',#12307,#2531);
#1656=LINE('',#12308,#2532);
#1657=LINE('',#12314,#2533);
#1658=LINE('',#12317,#2534);
#1659=LINE('',#12320,#2535);
#1660=LINE('',#12322,#2536);
#1661=LINE('',#12324,#2537);
#1662=LINE('',#12333,#2538);
#1663=LINE('',#12337,#2539);
#1664=LINE('',#12341,#2540);
#1665=LINE('',#12345,#2541);
#1666=LINE('',#12349,#2542);
#1667=LINE('',#12353,#2543);
#1668=LINE('',#12355,#2544);
#1669=LINE('',#12359,#2545);
#1670=LINE('',#12363,#2546);
#1671=LINE('',#12367,#2547);
#1672=LINE('',#12371,#2548);
#1673=LINE('',#12373,#2549);
#1674=LINE('',#12375,#2550);
#1675=LINE('',#12379,#2551);
#1676=LINE('',#12383,#2552);
#1677=LINE('',#12387,#2553);
#1678=LINE('',#12391,#2554);
#1679=LINE('',#12393,#2555);
#1680=LINE('',#12394,#2556);
#1681=LINE('',#12398,#2557);
#1682=LINE('',#12400,#2558);
#1683=LINE('',#12402,#2559);
#1684=LINE('',#12403,#2560);
#1685=LINE('',#12406,#2561);
#1686=LINE('',#12408,#2562);
#1687=LINE('',#12410,#2563);
#1688=LINE('',#12411,#2564);
#1689=LINE('',#12417,#2565);
#1690=LINE('',#12425,#2566);
#1691=LINE('',#12434,#2567);
#1692=LINE('',#12442,#2568);
#1693=LINE('',#12453,#2569);
#1694=LINE('',#12454,#2570);
#1695=LINE('',#12457,#2571);
#1696=LINE('',#12459,#2572);
#1697=LINE('',#12461,#2573);
#1698=LINE('',#12462,#2574);
#1699=LINE('',#12465,#2575);
#1700=LINE('',#12467,#2576);
#1701=LINE('',#12469,#2577);
#1702=LINE('',#12473,#2578);
#1703=LINE('',#12477,#2579);
#1704=LINE('',#12481,#2580);
#1705=LINE('',#12483,#2581);
#1706=LINE('',#12485,#2582);
#1707=LINE('',#12489,#2583);
#1708=LINE('',#12493,#2584);
#1709=LINE('',#12495,#2585);
#1710=LINE('',#12497,#2586);
#1711=LINE('',#12501,#2587);
#1712=LINE('',#12505,#2588);
#1713=LINE('',#12509,#2589);
#1714=LINE('',#12513,#2590);
#1715=LINE('',#12515,#2591);
#1716=LINE('',#12517,#2592);
#1717=LINE('',#12519,#2593);
#1718=LINE('',#12521,#2594);
#1719=LINE('',#12523,#2595);
#1720=LINE('',#12525,#2596);
#1721=LINE('',#12526,#2597);
#1722=LINE('',#12532,#2598);
#1723=LINE('',#12540,#2599);
#1724=LINE('',#12548,#2600);
#1725=LINE('',#12556,#2601);
#1726=LINE('',#12561,#2602);
#1727=LINE('',#12564,#2603);
#1728=LINE('',#12567,#2604);
#1729=LINE('',#12568,#2605);
#1730=LINE('',#12571,#2606);
#1731=LINE('',#12575,#2607);
#1732=LINE('',#12576,#2608);
#1733=LINE('',#12579,#2609);
#1734=LINE('',#12589,#2610);
#1735=LINE('',#12592,#2611);
#1736=LINE('',#12593,#2612);
#1737=LINE('',#12596,#2613);
#1738=LINE('',#12719,#2614);
#1739=LINE('',#12722,#2615);
#1740=LINE('',#12726,#2616);
#1741=LINE('',#12759,#2617);
#1742=LINE('',#12760,#2618);
#1743=LINE('',#12763,#2619);
#1744=LINE('',#12767,#2620);
#1745=LINE('',#12771,#2621);
#1746=LINE('',#12775,#2622);
#1747=LINE('',#12778,#2623);
#1748=LINE('',#12780,#2624);
#1749=LINE('',#12782,#2625);
#1750=LINE('',#12784,#2626);
#1751=LINE('',#12785,#2627);
#1752=LINE('',#12787,#2628);
#1753=LINE('',#12792,#2629);
#1754=LINE('',#12798,#2630);
#1755=LINE('',#12804,#2631);
#1756=LINE('',#12807,#2632);
#1757=LINE('',#12811,#2633);
#1758=LINE('',#12813,#2634);
#1759=LINE('',#12815,#2635);
#1760=LINE('',#12817,#2636);
#1761=LINE('',#12819,#2637);
#1762=LINE('',#12821,#2638);
#1763=LINE('',#12823,#2639);
#1764=LINE('',#12825,#2640);
#1765=LINE('',#12827,#2641);
#1766=LINE('',#12828,#2642);
#1767=LINE('',#12881,#2643);
#1768=LINE('',#12888,#2644);
#1769=LINE('',#12961,#2645);
#1770=LINE('',#12983,#2646);
#1771=LINE('',#12989,#2647);
#1772=LINE('',#12992,#2648);
#1773=LINE('',#12994,#2649);
#1774=LINE('',#12996,#2650);
#1775=LINE('',#13000,#2651);
#1776=LINE('',#13004,#2652);
#1777=LINE('',#13006,#2653);
#1778=LINE('',#13008,#2654);
#1779=LINE('',#13023,#2655);
#1780=LINE('',#13045,#2656);
#1781=LINE('',#13048,#2657);
#1782=LINE('',#13123,#2658);
#1783=LINE('',#13125,#2659);
#1784=LINE('',#13127,#2660);
#1785=LINE('',#13128,#2661);
#1786=LINE('',#13131,#2662);
#1787=LINE('',#13135,#2663);
#1788=LINE('',#13139,#2664);
#1789=LINE('',#13143,#2665);
#1790=LINE('',#13147,#2666);
#1791=LINE('',#13154,#2667);
#1792=LINE('',#13172,#2668);
#1793=LINE('',#13185,#2669);
#1794=LINE('',#13186,#2670);
#1795=LINE('',#13192,#2671);
#1796=LINE('',#13195,#2672);
#1797=LINE('',#13198,#2673);
#1798=LINE('',#13201,#2674);
#1799=LINE('',#13204,#2675);
#1800=LINE('',#13207,#2676);
#1801=LINE('',#13210,#2677);
#1802=LINE('',#13212,#2678);
#1803=LINE('',#13213,#2679);
#1804=LINE('',#13215,#2680);
#1805=LINE('',#13217,#2681);
#1806=LINE('',#13218,#2682);
#1807=LINE('',#13246,#2683);
#1808=LINE('',#13249,#2684);
#1809=LINE('',#13252,#2685);
#1810=LINE('',#13254,#2686);
#1811=LINE('',#13258,#2687);
#1812=LINE('',#13261,#2688);
#1813=LINE('',#13264,#2689);
#1814=LINE('',#13265,#2690);
#1815=LINE('',#13269,#2691);
#1816=LINE('',#13344,#2692);
#1817=LINE('',#13345,#2693);
#1818=LINE('',#13348,#2694);
#1819=LINE('',#13350,#2695);
#1820=LINE('',#13352,#2696);
#1821=LINE('',#13354,#2697);
#1822=LINE('',#13355,#2698);
#1823=LINE('',#13357,#2699);
#1824=LINE('',#13366,#2700);
#1825=LINE('',#13374,#2701);
#1826=LINE('',#13430,#2702);
#1827=LINE('',#13433,#2703);
#1828=LINE('',#13484,#2704);
#1829=LINE('',#13485,#2705);
#1830=LINE('',#13496,#2706);
#1831=LINE('',#13497,#2707);
#1832=LINE('',#13532,#2708);
#1833=LINE('',#13534,#2709);
#1834=LINE('',#13535,#2710);
#1835=LINE('',#13540,#2711);
#1836=LINE('',#13544,#2712);
#1837=LINE('',#13546,#2713);
#1838=LINE('',#13548,#2714);
#1839=LINE('',#13552,#2715);
#1840=LINE('',#13554,#2716);
#1841=LINE('',#13556,#2717);
#1842=LINE('',#13558,#2718);
#1843=LINE('',#13560,#2719);
#1844=LINE('',#13562,#2720);
#1845=LINE('',#13564,#2721);
#1846=LINE('',#13575,#2722);
#1847=LINE('',#13579,#2723);
#1848=LINE('',#13583,#2724);
#1849=LINE('',#13589,#2725);
#1850=LINE('',#13612,#2726);
#1851=LINE('',#13615,#2727);
#1852=LINE('',#13618,#2728);
#1853=LINE('',#13646,#2729);
#1854=LINE('',#13698,#2730);
#1855=LINE('',#13699,#2731);
#1856=LINE('',#13704,#2732);
#1857=LINE('',#13707,#2733);
#1858=LINE('',#13709,#2734);
#1859=LINE('',#13715,#2735);
#1860=LINE('',#13786,#2736);
#1861=LINE('',#13835,#2737);
#1862=LINE('',#13841,#2738);
#1863=LINE('',#13843,#2739);
#1864=LINE('',#13845,#2740);
#1865=LINE('',#13846,#2741);
#1866=LINE('',#13848,#2742);
#1867=LINE('',#13849,#2743);
#1868=LINE('',#13851,#2744);
#1869=LINE('',#13853,#2745);
#1870=LINE('',#13858,#2746);
#1871=LINE('',#13859,#2747);
#1872=LINE('',#13862,#2748);
#1873=LINE('',#13863,#2749);
#1874=LINE('',#13864,#2750);
#1875=LINE('',#13867,#2751);
#1876=LINE('',#13870,#2752);
#1877=LINE('',#13872,#2753);
#1878=LINE('',#13873,#2754);
#1879=LINE('',#13875,#2755);
#1880=LINE('',#13876,#2756);
#1881=LINE('',#13880,#2757);
#1882=LINE('',#13881,#2758);
#1883=LINE('',#13884,#2759);
#1884=LINE('',#13926,#2760);
#1885=LINE('',#13927,#2761);
#1886=LINE('',#13931,#2762);
#1887=LINE('',#13932,#2763);
#1888=LINE('',#13954,#2764);
#1889=LINE('',#13955,#2765);
#1890=LINE('',#13957,#2766);
#1891=LINE('',#13965,#2767);
#1892=LINE('',#13967,#2768);
#1893=LINE('',#13979,#2769);
#1894=LINE('',#13983,#2770);
#1895=LINE('',#13984,#2771);
#1896=LINE('',#13988,#2772);
#1897=LINE('',#14018,#2773);
#1898=LINE('',#14020,#2774);
#1899=LINE('',#14046,#2775);
#1900=LINE('',#14047,#2776);
#1901=LINE('',#14050,#2777);
#1902=LINE('',#14053,#2778);
#1903=LINE('',#14056,#2779);
#1904=LINE('',#14059,#2780);
#1905=LINE('',#14062,#2781);
#1906=LINE('',#14065,#2782);
#1907=LINE('',#14066,#2783);
#1908=LINE('',#14070,#2784);
#1909=LINE('',#14072,#2785);
#1910=LINE('',#14075,#2786);
#1911=LINE('',#14076,#2787);
#1912=LINE('',#14079,#2788);
#1913=LINE('',#14089,#2789);
#1914=LINE('',#14093,#2790);
#1915=LINE('',#14098,#2791);
#1916=LINE('',#14103,#2792);
#1917=LINE('',#14108,#2793);
#1918=LINE('',#14113,#2794);
#1919=LINE('',#14118,#2795);
#1920=LINE('',#14123,#2796);
#1921=LINE('',#14128,#2797);
#1922=LINE('',#14133,#2798);
#1923=LINE('',#14138,#2799);
#1924=LINE('',#14143,#2800);
#1925=LINE('',#14148,#2801);
#1926=LINE('',#14153,#2802);
#1927=LINE('',#14158,#2803);
#1928=LINE('',#14163,#2804);
#1929=LINE('',#14168,#2805);
#1930=LINE('',#14173,#2806);
#1931=LINE('',#14178,#2807);
#1932=LINE('',#14183,#2808);
#1933=LINE('',#14188,#2809);
#1934=LINE('',#14193,#2810);
#1935=LINE('',#14198,#2811);
#1936=LINE('',#14203,#2812);
#1937=LINE('',#14208,#2813);
#1938=LINE('',#14213,#2814);
#1939=LINE('',#14218,#2815);
#1940=LINE('',#14222,#2816);
#1941=LINE('',#14224,#2817);
#1942=LINE('',#14225,#2818);
#1943=LINE('',#14228,#2819);
#1944=LINE('',#14230,#2820);
#1945=LINE('',#14231,#2821);
#1946=LINE('',#14234,#2822);
#1947=LINE('',#14236,#2823);
#1948=LINE('',#14237,#2824);
#1949=LINE('',#14240,#2825);
#1950=LINE('',#14242,#2826);
#1951=LINE('',#14243,#2827);
#1952=LINE('',#14246,#2828);
#1953=LINE('',#14248,#2829);
#1954=LINE('',#14249,#2830);
#1955=LINE('',#14252,#2831);
#1956=LINE('',#14254,#2832);
#1957=LINE('',#14255,#2833);
#1958=LINE('',#14258,#2834);
#1959=LINE('',#14260,#2835);
#1960=LINE('',#14261,#2836);
#1961=LINE('',#14264,#2837);
#1962=LINE('',#14266,#2838);
#1963=LINE('',#14267,#2839);
#1964=LINE('',#14270,#2840);
#1965=LINE('',#14272,#2841);
#1966=LINE('',#14273,#2842);
#1967=LINE('',#14276,#2843);
#1968=LINE('',#14278,#2844);
#1969=LINE('',#14279,#2845);
#1970=LINE('',#14282,#2846);
#1971=LINE('',#14284,#2847);
#1972=LINE('',#14285,#2848);
#1973=LINE('',#14288,#2849);
#1974=LINE('',#14290,#2850);
#1975=LINE('',#14291,#2851);
#1976=LINE('',#14294,#2852);
#1977=LINE('',#14296,#2853);
#1978=LINE('',#14297,#2854);
#1979=LINE('',#14300,#2855);
#1980=LINE('',#14302,#2856);
#1981=LINE('',#14303,#2857);
#1982=LINE('',#14306,#2858);
#1983=LINE('',#14308,#2859);
#1984=LINE('',#14309,#2860);
#1985=LINE('',#14312,#2861);
#1986=LINE('',#14314,#2862);
#1987=LINE('',#14315,#2863);
#1988=LINE('',#14318,#2864);
#1989=LINE('',#14320,#2865);
#1990=LINE('',#14321,#2866);
#1991=LINE('',#14324,#2867);
#1992=LINE('',#14326,#2868);
#1993=LINE('',#14327,#2869);
#1994=LINE('',#14330,#2870);
#1995=LINE('',#14332,#2871);
#1996=LINE('',#14333,#2872);
#1997=LINE('',#14336,#2873);
#1998=LINE('',#14338,#2874);
#1999=LINE('',#14339,#2875);
#2000=LINE('',#14342,#2876);
#2001=LINE('',#14344,#2877);
#2002=LINE('',#14345,#2878);
#2003=LINE('',#14348,#2879);
#2004=LINE('',#14350,#2880);
#2005=LINE('',#14351,#2881);
#2006=LINE('',#14354,#2882);
#2007=LINE('',#14356,#2883);
#2008=LINE('',#14357,#2884);
#2009=LINE('',#14360,#2885);
#2010=LINE('',#14362,#2886);
#2011=LINE('',#14363,#2887);
#2012=LINE('',#14366,#2888);
#2013=LINE('',#14368,#2889);
#2014=LINE('',#14369,#2890);
#2015=LINE('',#14372,#2891);
#2016=LINE('',#14374,#2892);
#2017=LINE('',#14375,#2893);
#2018=LINE('',#14378,#2894);
#2019=LINE('',#14380,#2895);
#2020=LINE('',#14381,#2896);
#2021=LINE('',#14383,#2897);
#2022=LINE('',#14385,#2898);
#2023=LINE('',#14387,#2899);
#2024=LINE('',#14389,#2900);
#2025=LINE('',#14391,#2901);
#2026=LINE('',#14393,#2902);
#2027=LINE('',#14395,#2903);
#2028=LINE('',#14397,#2904);
#2029=LINE('',#14399,#2905);
#2030=LINE('',#14401,#2906);
#2031=LINE('',#14403,#2907);
#2032=LINE('',#14405,#2908);
#2033=LINE('',#14408,#2909);
#2034=LINE('',#14409,#2910);
#2035=LINE('',#14412,#2911);
#2036=LINE('',#14414,#2912);
#2037=LINE('',#14415,#2913);
#2038=LINE('',#14418,#2914);
#2039=LINE('',#14420,#2915);
#2040=LINE('',#14421,#2916);
#2041=LINE('',#14424,#2917);
#2042=LINE('',#14426,#2918);
#2043=LINE('',#14427,#2919);
#2044=LINE('',#14430,#2920);
#2045=LINE('',#14432,#2921);
#2046=LINE('',#14433,#2922);
#2047=LINE('',#14436,#2923);
#2048=LINE('',#14438,#2924);
#2049=LINE('',#14439,#2925);
#2050=LINE('',#14442,#2926);
#2051=LINE('',#14444,#2927);
#2052=LINE('',#14445,#2928);
#2053=LINE('',#14448,#2929);
#2054=LINE('',#14450,#2930);
#2055=LINE('',#14451,#2931);
#2056=LINE('',#14454,#2932);
#2057=LINE('',#14456,#2933);
#2058=LINE('',#14457,#2934);
#2059=LINE('',#14460,#2935);
#2060=LINE('',#14462,#2936);
#2061=LINE('',#14463,#2937);
#2062=LINE('',#14466,#2938);
#2063=LINE('',#14468,#2939);
#2064=LINE('',#14469,#2940);
#2065=LINE('',#14472,#2941);
#2066=LINE('',#14474,#2942);
#2067=LINE('',#14475,#2943);
#2068=LINE('',#14478,#2944);
#2069=LINE('',#14480,#2945);
#2070=LINE('',#14481,#2946);
#2071=LINE('',#14483,#2947);
#2072=LINE('',#14495,#2948);
#2073=LINE('',#14496,#2949);
#2074=LINE('',#14498,#2950);
#2075=LINE('',#14509,#2951);
#2076=LINE('',#14514,#2952);
#2077=LINE('',#14516,#2953);
#2078=LINE('',#14518,#2954);
#2079=LINE('',#14527,#2955);
#2080=LINE('',#14529,#2956);
#2081=LINE('',#14533,#2957);
#2082=LINE('',#14536,#2958);
#2083=LINE('',#14547,#2959);
#2084=LINE('',#14549,#2960);
#2085=LINE('',#14551,#2961);
#2086=LINE('',#14556,#2962);
#2087=LINE('',#14560,#2963);
#2088=LINE('',#14562,#2964);
#2089=LINE('',#14563,#2965);
#2090=LINE('',#14566,#2966);
#2091=LINE('',#14570,#2967);
#2092=LINE('',#14574,#2968);
#2093=LINE('',#14578,#2969);
#2094=LINE('',#14582,#2970);
#2095=LINE('',#14586,#2971);
#2096=LINE('',#14590,#2972);
#2097=LINE('',#14594,#2973);
#2098=LINE('',#14598,#2974);
#2099=LINE('',#14602,#2975);
#2100=LINE('',#14605,#2976);
#2101=LINE('',#14606,#2977);
#2102=LINE('',#14608,#2978);
#2103=LINE('',#14610,#2979);
#2104=LINE('',#14612,#2980);
#2105=LINE('',#14613,#2981);
#2106=LINE('',#14616,#2982);
#2107=LINE('',#14617,#2983);
#2108=LINE('',#14620,#2984);
#2109=LINE('',#14621,#2985);
#2110=LINE('',#14625,#2986);
#2111=LINE('',#14634,#2987);
#2112=LINE('',#14638,#2988);
#2113=LINE('',#14640,#2989);
#2114=LINE('',#14641,#2990);
#2115=LINE('',#14643,#2991);
#2116=LINE('',#14645,#2992);
#2117=LINE('',#14646,#2993);
#2118=LINE('',#14648,#2994);
#2119=LINE('',#14649,#2995);
#2120=LINE('',#14651,#2996);
#2121=LINE('',#14653,#2997);
#2122=LINE('',#14656,#2998);
#2123=LINE('',#14657,#2999);
#2124=LINE('',#14659,#3000);
#2125=LINE('',#14661,#3001);
#2126=LINE('',#14669,#3002);
#2127=LINE('',#14674,#3003);
#2128=LINE('',#14676,#3004);
#2129=LINE('',#14678,#3005);
#2130=LINE('',#14680,#3006);
#2131=LINE('',#14683,#3007);
#2132=LINE('',#14685,#3008);
#2133=LINE('',#14693,#3009);
#2134=LINE('',#14698,#3010);
#2135=LINE('',#14700,#3011);
#2136=LINE('',#14706,#3012);
#2137=LINE('',#14708,#3013);
#2138=LINE('',#14709,#3014);
#2139=LINE('',#14712,#3015);
#2140=LINE('',#14714,#3016);
#2141=LINE('',#14715,#3017);
#2142=LINE('',#14718,#3018);
#2143=LINE('',#14720,#3019);
#2144=LINE('',#14721,#3020);
#2145=LINE('',#14724,#3021);
#2146=LINE('',#14726,#3022);
#2147=LINE('',#14727,#3023);
#2148=LINE('',#14730,#3024);
#2149=LINE('',#14732,#3025);
#2150=LINE('',#14733,#3026);
#2151=LINE('',#14736,#3027);
#2152=LINE('',#14738,#3028);
#2153=LINE('',#14739,#3029);
#2154=LINE('',#14742,#3030);
#2155=LINE('',#14744,#3031);
#2156=LINE('',#14745,#3032);
#2157=LINE('',#14748,#3033);
#2158=LINE('',#14749,#3034);
#2159=LINE('',#14752,#3035);
#2160=LINE('',#14754,#3036);
#2161=LINE('',#14756,#3037);
#2162=LINE('',#14757,#3038);
#2163=LINE('',#14759,#3039);
#2164=LINE('',#14762,#3040);
#2165=LINE('',#14763,#3041);
#2166=LINE('',#14766,#3042);
#2167=LINE('',#14768,#3043);
#2168=LINE('',#14770,#3044);
#2169=LINE('',#14771,#3045);
#2170=LINE('',#14773,#3046);
#2171=LINE('',#14776,#3047);
#2172=LINE('',#14777,#3048);
#2173=LINE('',#14780,#3049);
#2174=LINE('',#14782,#3050);
#2175=LINE('',#14784,#3051);
#2176=LINE('',#14785,#3052);
#2177=LINE('',#14787,#3053);
#2178=LINE('',#14790,#3054);
#2179=LINE('',#14791,#3055);
#2180=LINE('',#14794,#3056);
#2181=LINE('',#14796,#3057);
#2182=LINE('',#14798,#3058);
#2183=LINE('',#14799,#3059);
#2184=LINE('',#14801,#3060);
#2185=LINE('',#14804,#3061);
#2186=LINE('',#14805,#3062);
#2187=LINE('',#14808,#3063);
#2188=LINE('',#14810,#3064);
#2189=LINE('',#14812,#3065);
#2190=LINE('',#14813,#3066);
#2191=LINE('',#14815,#3067);
#2192=LINE('',#14818,#3068);
#2193=LINE('',#14819,#3069);
#2194=LINE('',#14822,#3070);
#2195=LINE('',#14824,#3071);
#2196=LINE('',#14826,#3072);
#2197=LINE('',#14827,#3073);
#2198=LINE('',#14829,#3074);
#2199=LINE('',#14832,#3075);
#2200=LINE('',#14833,#3076);
#2201=LINE('',#14836,#3077);
#2202=LINE('',#14838,#3078);
#2203=LINE('',#14840,#3079);
#2204=LINE('',#14841,#3080);
#2205=LINE('',#14843,#3081);
#2206=LINE('',#14846,#3082);
#2207=LINE('',#14847,#3083);
#2208=LINE('',#14850,#3084);
#2209=LINE('',#14852,#3085);
#2210=LINE('',#14854,#3086);
#2211=LINE('',#14855,#3087);
#2212=LINE('',#14857,#3088);
#2213=LINE('',#14860,#3089);
#2214=LINE('',#14861,#3090);
#2215=LINE('',#14864,#3091);
#2216=LINE('',#14866,#3092);
#2217=LINE('',#14868,#3093);
#2218=LINE('',#14869,#3094);
#2219=LINE('',#14871,#3095);
#2220=LINE('',#14874,#3096);
#2221=LINE('',#14875,#3097);
#2222=LINE('',#14878,#3098);
#2223=LINE('',#14880,#3099);
#2224=LINE('',#14882,#3100);
#2225=LINE('',#14883,#3101);
#2226=LINE('',#14885,#3102);
#2227=LINE('',#14888,#3103);
#2228=LINE('',#14889,#3104);
#2229=LINE('',#14892,#3105);
#2230=LINE('',#14894,#3106);
#2231=LINE('',#14896,#3107);
#2232=LINE('',#14897,#3108);
#2233=LINE('',#14899,#3109);
#2234=LINE('',#14902,#3110);
#2235=LINE('',#14903,#3111);
#2236=LINE('',#14906,#3112);
#2237=LINE('',#14908,#3113);
#2238=LINE('',#14910,#3114);
#2239=LINE('',#14911,#3115);
#2240=LINE('',#14913,#3116);
#2241=LINE('',#14916,#3117);
#2242=LINE('',#14918,#3118);
#2243=LINE('',#14919,#3119);
#2244=LINE('',#14922,#3120);
#2245=LINE('',#14924,#3121);
#2246=LINE('',#14925,#3122);
#2247=LINE('',#14928,#3123);
#2248=LINE('',#14930,#3124);
#2249=LINE('',#14931,#3125);
#2250=LINE('',#14934,#3126);
#2251=LINE('',#14936,#3127);
#2252=LINE('',#14937,#3128);
#2253=LINE('',#14940,#3129);
#2254=LINE('',#14942,#3130);
#2255=LINE('',#14943,#3131);
#2256=LINE('',#14946,#3132);
#2257=LINE('',#14948,#3133);
#2258=LINE('',#14949,#3134);
#2259=LINE('',#14952,#3135);
#2260=LINE('',#14954,#3136);
#2261=LINE('',#14955,#3137);
#2262=LINE('',#14958,#3138);
#2263=LINE('',#14960,#3139);
#2264=LINE('',#14961,#3140);
#2265=LINE('',#14963,#3141);
#2266=LINE('',#14965,#3142);
#2267=LINE('',#14967,#3143);
#2268=LINE('',#14969,#3144);
#2269=LINE('',#14971,#3145);
#2270=LINE('',#14973,#3146);
#2271=LINE('',#14975,#3147);
#2272=LINE('',#14977,#3148);
#2273=LINE('',#14979,#3149);
#2274=LINE('',#14981,#3150);
#2275=LINE('',#14983,#3151);
#2276=LINE('',#14985,#3152);
#2277=LINE('',#14987,#3153);
#2278=LINE('',#14989,#3154);
#2279=LINE('',#14991,#3155);
#2280=LINE('',#14993,#3156);
#2281=LINE('',#14995,#3157);
#2282=LINE('',#14997,#3158);
#2283=LINE('',#14999,#3159);
#2284=LINE('',#15001,#3160);
#2285=LINE('',#15003,#3161);
#2286=LINE('',#15005,#3162);
#2287=LINE('',#15007,#3163);
#2288=LINE('',#15009,#3164);
#2289=LINE('',#15011,#3165);
#2290=LINE('',#15013,#3166);
#2291=LINE('',#15015,#3167);
#2292=LINE('',#15017,#3168);
#2293=LINE('',#15019,#3169);
#2294=LINE('',#15021,#3170);
#2295=LINE('',#15023,#3171);
#2296=LINE('',#15025,#3172);
#2297=LINE('',#15027,#3173);
#2298=LINE('',#15029,#3174);
#2299=LINE('',#15031,#3175);
#2300=LINE('',#15033,#3176);
#2301=LINE('',#15035,#3177);
#2302=LINE('',#15037,#3178);
#2303=LINE('',#15039,#3179);
#2304=LINE('',#15041,#3180);
#2305=LINE('',#15043,#3181);
#2306=LINE('',#15045,#3182);
#2307=LINE('',#15047,#3183);
#2308=LINE('',#15049,#3184);
#2309=LINE('',#15051,#3185);
#2310=LINE('',#15053,#3186);
#2311=LINE('',#15055,#3187);
#2312=LINE('',#15057,#3188);
#2313=LINE('',#15059,#3189);
#2314=LINE('',#15061,#3190);
#2315=LINE('',#15063,#3191);
#2316=LINE('',#15065,#3192);
#2317=LINE('',#15067,#3193);
#2318=VECTOR('',#9342,10.);
#2319=VECTOR('',#9345,10.);
#2320=VECTOR('',#9350,10.);
#2321=VECTOR('',#9351,10.);
#2322=VECTOR('',#9352,10.);
#2323=VECTOR('',#9353,10.);
#2324=VECTOR('',#9354,10.);
#2325=VECTOR('',#9359,10.);
#2326=VECTOR('',#9366,10.);
#2327=VECTOR('',#9371,10.);
#2328=VECTOR('',#9374,10.);
#2329=VECTOR('',#9379,10.);
#2330=VECTOR('',#9382,10.);
#2331=VECTOR('',#9385,10.);
#2332=VECTOR('',#9388,10.);
#2333=VECTOR('',#9393,10.);
#2334=VECTOR('',#9402,10.);
#2335=VECTOR('',#9407,10.);
#2336=VECTOR('',#9412,10.);
#2337=VECTOR('',#9413,10.);
#2338=VECTOR('',#9414,10.);
#2339=VECTOR('',#9415,10.);
#2340=VECTOR('',#9420,10.);
#2341=VECTOR('',#9423,10.);
#2342=VECTOR('',#9424,10.);
#2343=VECTOR('',#9425,10.);
#2344=VECTOR('',#9426,10.);
#2345=VECTOR('',#9427,10.);
#2346=VECTOR('',#9428,10.);
#2347=VECTOR('',#9429,10.);
#2348=VECTOR('',#9430,10.);
#2349=VECTOR('',#9431,10.);
#2350=VECTOR('',#9432,10.);
#2351=VECTOR('',#9433,10.);
#2352=VECTOR('',#9434,10.);
#2353=VECTOR('',#9435,10.);
#2354=VECTOR('',#9436,10.);
#2355=VECTOR('',#9437,10.);
#2356=VECTOR('',#9438,10.);
#2357=VECTOR('',#9439,10.);
#2358=VECTOR('',#9440,10.);
#2359=VECTOR('',#9441,10.);
#2360=VECTOR('',#9442,10.);
#2361=VECTOR('',#9443,10.);
#2362=VECTOR('',#9444,10.);
#2363=VECTOR('',#9445,10.);
#2364=VECTOR('',#9446,10.);
#2365=VECTOR('',#9447,10.);
#2366=VECTOR('',#9448,10.);
#2367=VECTOR('',#9449,10.);
#2368=VECTOR('',#9450,10.);
#2369=VECTOR('',#9451,10.);
#2370=VECTOR('',#9452,10.);
#2371=VECTOR('',#9453,10.);
#2372=VECTOR('',#9454,10.);
#2373=VECTOR('',#9455,10.);
#2374=VECTOR('',#9456,10.);
#2375=VECTOR('',#9457,10.);
#2376=VECTOR('',#9458,10.);
#2377=VECTOR('',#9459,10.);
#2378=VECTOR('',#9460,10.);
#2379=VECTOR('',#9461,10.);
#2380=VECTOR('',#9462,10.);
#2381=VECTOR('',#9463,10.);
#2382=VECTOR('',#9464,10.);
#2383=VECTOR('',#9465,10.);
#2384=VECTOR('',#9466,10.);
#2385=VECTOR('',#9467,10.);
#2386=VECTOR('',#9468,10.);
#2387=VECTOR('',#9469,10.);
#2388=VECTOR('',#9470,10.);
#2389=VECTOR('',#9471,10.);
#2390=VECTOR('',#9472,10.);
#2391=VECTOR('',#9473,10.);
#2392=VECTOR('',#9474,10.);
#2393=VECTOR('',#9477,10.);
#2394=VECTOR('',#9478,10.);
#2395=VECTOR('',#9479,10.);
#2396=VECTOR('',#9480,10.);
#2397=VECTOR('',#9481,10.);
#2398=VECTOR('',#9484,10.);
#2399=VECTOR('',#9485,10.);
#2400=VECTOR('',#9486,10.);
#2401=VECTOR('',#9487,10.);
#2402=VECTOR('',#9488,10.);
#2403=VECTOR('',#9491,10.);
#2404=VECTOR('',#9492,10.);
#2405=VECTOR('',#9493,10.);
#2406=VECTOR('',#9494,10.);
#2407=VECTOR('',#9495,10.);
#2408=VECTOR('',#9498,10.);
#2409=VECTOR('',#9499,10.);
#2410=VECTOR('',#9500,10.);
#2411=VECTOR('',#9501,10.);
#2412=VECTOR('',#9502,10.);
#2413=VECTOR('',#9505,10.);
#2414=VECTOR('',#9506,10.);
#2415=VECTOR('',#9507,10.);
#2416=VECTOR('',#9508,10.);
#2417=VECTOR('',#9509,10.);
#2418=VECTOR('',#9512,10.);
#2419=VECTOR('',#9513,10.);
#2420=VECTOR('',#9514,10.);
#2421=VECTOR('',#9515,10.);
#2422=VECTOR('',#9516,10.);
#2423=VECTOR('',#9519,10.);
#2424=VECTOR('',#9520,10.);
#2425=VECTOR('',#9521,10.);
#2426=VECTOR('',#9522,10.);
#2427=VECTOR('',#9523,10.);
#2428=VECTOR('',#9526,10.);
#2429=VECTOR('',#9527,10.);
#2430=VECTOR('',#9528,10.);
#2431=VECTOR('',#9529,10.);
#2432=VECTOR('',#9530,10.);
#2433=VECTOR('',#9533,10.);
#2434=VECTOR('',#9534,10.);
#2435=VECTOR('',#9535,10.);
#2436=VECTOR('',#9536,10.);
#2437=VECTOR('',#9537,10.);
#2438=VECTOR('',#9540,10.);
#2439=VECTOR('',#9541,10.);
#2440=VECTOR('',#9542,10.);
#2441=VECTOR('',#9543,10.);
#2442=VECTOR('',#9544,10.);
#2443=VECTOR('',#9547,10.);
#2444=VECTOR('',#9548,10.);
#2445=VECTOR('',#9549,10.);
#2446=VECTOR('',#9550,10.);
#2447=VECTOR('',#9551,10.);
#2448=VECTOR('',#9554,10.);
#2449=VECTOR('',#9555,10.);
#2450=VECTOR('',#9556,10.);
#2451=VECTOR('',#9557,10.);
#2452=VECTOR('',#9560,10.);
#2453=VECTOR('',#9561,10.);
#2454=VECTOR('',#9562,10.);
#2455=VECTOR('',#9563,10.);
#2456=VECTOR('',#9564,10.);
#2457=VECTOR('',#9567,10.);
#2458=VECTOR('',#9568,10.);
#2459=VECTOR('',#9569,10.);
#2460=VECTOR('',#9570,10.);
#2461=VECTOR('',#9571,10.);
#2462=VECTOR('',#9574,10.);
#2463=VECTOR('',#9575,10.);
#2464=VECTOR('',#9576,10.);
#2465=VECTOR('',#9577,10.);
#2466=VECTOR('',#9578,10.);
#2467=VECTOR('',#9581,10.);
#2468=VECTOR('',#9582,10.);
#2469=VECTOR('',#9583,10.);
#2470=VECTOR('',#9584,10.);
#2471=VECTOR('',#9585,10.);
#2472=VECTOR('',#9588,10.);
#2473=VECTOR('',#9589,10.);
#2474=VECTOR('',#9590,10.);
#2475=VECTOR('',#9591,10.);
#2476=VECTOR('',#9592,10.);
#2477=VECTOR('',#9595,10.);
#2478=VECTOR('',#9596,10.);
#2479=VECTOR('',#9597,10.);
#2480=VECTOR('',#9598,10.);
#2481=VECTOR('',#9599,10.);
#2482=VECTOR('',#9602,10.);
#2483=VECTOR('',#9603,10.);
#2484=VECTOR('',#9604,10.);
#2485=VECTOR('',#9605,10.);
#2486=VECTOR('',#9606,10.);
#2487=VECTOR('',#9609,10.);
#2488=VECTOR('',#9610,10.);
#2489=VECTOR('',#9611,10.);
#2490=VECTOR('',#9612,10.);
#2491=VECTOR('',#9613,10.);
#2492=VECTOR('',#9616,10.);
#2493=VECTOR('',#9617,10.);
#2494=VECTOR('',#9618,10.);
#2495=VECTOR('',#9619,10.);
#2496=VECTOR('',#9620,10.);
#2497=VECTOR('',#9623,10.);
#2498=VECTOR('',#9624,10.);
#2499=VECTOR('',#9625,10.);
#2500=VECTOR('',#9626,10.);
#2501=VECTOR('',#9627,10.);
#2502=VECTOR('',#9630,10.);
#2503=VECTOR('',#9631,10.);
#2504=VECTOR('',#9632,10.);
#2505=VECTOR('',#9633,10.);
#2506=VECTOR('',#9634,10.);
#2507=VECTOR('',#9637,10.);
#2508=VECTOR('',#9638,10.);
#2509=VECTOR('',#9639,10.);
#2510=VECTOR('',#9640,10.);
#2511=VECTOR('',#9641,10.);
#2512=VECTOR('',#9644,10.);
#2513=VECTOR('',#9645,10.);
#2514=VECTOR('',#9646,10.);
#2515=VECTOR('',#9647,10.);
#2516=VECTOR('',#9648,10.);
#2517=VECTOR('',#9651,10.);
#2518=VECTOR('',#9652,10.);
#2519=VECTOR('',#9653,10.);
#2520=VECTOR('',#9654,10.);
#2521=VECTOR('',#9655,10.);
#2522=VECTOR('',#9658,10.);
#2523=VECTOR('',#9659,10.);
#2524=VECTOR('',#9660,10.);
#2525=VECTOR('',#9665,10.);
#2526=VECTOR('',#9668,10.);
#2527=VECTOR('',#9681,10.);
#2528=VECTOR('',#9682,10.);
#2529=VECTOR('',#9695,10.);
#2530=VECTOR('',#9696,10.);
#2531=VECTOR('',#9709,10.);
#2532=VECTOR('',#9710,10.);
#2533=VECTOR('',#9719,10.);
#2534=VECTOR('',#9722,10.);
#2535=VECTOR('',#9725,10.);
#2536=VECTOR('',#9726,10.);
#2537=VECTOR('',#9727,10.);
#2538=VECTOR('',#9728,10.);
#2539=VECTOR('',#9731,10.);
#2540=VECTOR('',#9734,10.);
#2541=VECTOR('',#9737,10.);
#2542=VECTOR('',#9742,10.);
#2543=VECTOR('',#9747,10.);
#2544=VECTOR('',#9748,10.);
#2545=VECTOR('',#9751,10.);
#2546=VECTOR('',#9754,10.);
#2547=VECTOR('',#9757,10.);
#2548=VECTOR('',#9760,10.);
#2549=VECTOR('',#9761,10.);
#2550=VECTOR('',#9762,10.);
#2551=VECTOR('',#9765,10.);
#2552=VECTOR('',#9768,10.);
#2553=VECTOR('',#9771,10.);
#2554=VECTOR('',#9774,10.);
#2555=VECTOR('',#9775,10.);
#2556=VECTOR('',#9776,10.);
#2557=VECTOR('',#9779,10.);
#2558=VECTOR('',#9780,10.);
#2559=VECTOR('',#9781,10.);
#2560=VECTOR('',#9782,10.);
#2561=VECTOR('',#9783,10.);
#2562=VECTOR('',#9784,10.);
#2563=VECTOR('',#9785,10.);
#2564=VECTOR('',#9786,10.);
#2565=VECTOR('',#9791,10.);
#2566=VECTOR('',#9792,10.);
#2567=VECTOR('',#9805,10.);
#2568=VECTOR('',#9816,10.);
#2569=VECTOR('',#9829,10.);
#2570=VECTOR('',#9830,10.);
#2571=VECTOR('',#9833,10.);
#2572=VECTOR('',#9834,10.);
#2573=VECTOR('',#9835,10.);
#2574=VECTOR('',#9836,10.);
#2575=VECTOR('',#9839,10.);
#2576=VECTOR('',#9840,10.);
#2577=VECTOR('',#9841,10.);
#2578=VECTOR('',#9844,10.);
#2579=VECTOR('',#9847,10.);
#2580=VECTOR('',#9850,10.);
#2581=VECTOR('',#9851,10.);
#2582=VECTOR('',#9852,10.);
#2583=VECTOR('',#9855,10.);
#2584=VECTOR('',#9858,10.);
#2585=VECTOR('',#9859,10.);
#2586=VECTOR('',#9860,10.);
#2587=VECTOR('',#9863,10.);
#2588=VECTOR('',#9866,10.);
#2589=VECTOR('',#9869,10.);
#2590=VECTOR('',#9872,10.);
#2591=VECTOR('',#9873,10.);
#2592=VECTOR('',#9874,10.);
#2593=VECTOR('',#9875,10.);
#2594=VECTOR('',#9876,10.);
#2595=VECTOR('',#9877,10.);
#2596=VECTOR('',#9878,10.);
#2597=VECTOR('',#9879,10.);
#2598=VECTOR('',#9886,10.);
#2599=VECTOR('',#9897,10.);
#2600=VECTOR('',#9908,10.);
#2601=VECTOR('',#9919,10.);
#2602=VECTOR('',#9926,10.);
#2603=VECTOR('',#9929,10.);
#2604=VECTOR('',#9932,10.);
#2605=VECTOR('',#9933,10.);
#2606=VECTOR('',#9936,10.);
#2607=VECTOR('',#9941,10.);
#2608=VECTOR('',#9942,10.);
#2609=VECTOR('',#9945,10.);
#2610=VECTOR('',#9948,10.);
#2611=VECTOR('',#9951,10.);
#2612=VECTOR('',#9952,10.);
#2613=VECTOR('',#9955,10.);
#2614=VECTOR('',#9980,10.);
#2615=VECTOR('',#9983,10.);
#2616=VECTOR('',#9988,10.);
#2617=VECTOR('',#9999,10.);
#2618=VECTOR('',#10000,10.);
#2619=VECTOR('',#10003,10.);
#2620=VECTOR('',#10006,10.);
#2621=VECTOR('',#10009,10.);
#2622=VECTOR('',#10014,10.);
#2623=VECTOR('',#10017,10.);
#2624=VECTOR('',#10018,10.);
#2625=VECTOR('',#10019,10.);
#2626=VECTOR('',#10020,10.);
#2627=VECTOR('',#10021,10.);
#2628=VECTOR('',#10024,10.);
#2629=VECTOR('',#10029,10.);
#2630=VECTOR('',#10036,10.);
#2631=VECTOR('',#10037,10.);
#2632=VECTOR('',#10040,10.);
#2633=VECTOR('',#10045,10.);
#2634=VECTOR('',#10046,2.);
#2635=VECTOR('',#10047,10.);
#2636=VECTOR('',#10048,10.);
#2637=VECTOR('',#10049,10.);
#2638=VECTOR('',#10050,10.);
#2639=VECTOR('',#10051,10.);
#2640=VECTOR('',#10052,10.);
#2641=VECTOR('',#10053,10.);
#2642=VECTOR('',#10054,2.);
#2643=VECTOR('',#10069,10.);
#2644=VECTOR('',#10080,10.);
#2645=VECTOR('',#10101,10.);
#2646=VECTOR('',#10120,10.);
#2647=VECTOR('',#10129,10.);
#2648=VECTOR('',#10132,10.);
#2649=VECTOR('',#10133,10.);
#2650=VECTOR('',#10134,10.);
#2651=VECTOR('',#10137,10.);
#2652=VECTOR('',#10140,10.);
#2653=VECTOR('',#10141,10.);
#2654=VECTOR('',#10142,10.);
#2655=VECTOR('',#10147,10.);
#2656=VECTOR('',#10166,10.);
#2657=VECTOR('',#10169,10.);
#2658=VECTOR('',#10186,10.);
#2659=VECTOR('',#10187,10.);
#2660=VECTOR('',#10188,10.);
#2661=VECTOR('',#10189,10.);
#2662=VECTOR('',#10190,10.);
#2663=VECTOR('',#10193,10.);
#2664=VECTOR('',#10196,10.);
#2665=VECTOR('',#10199,10.);
#2666=VECTOR('',#10204,10.);
#2667=VECTOR('',#10213,10.);
#2668=VECTOR('',#10216,10.);
#2669=VECTOR('',#10219,10.);
#2670=VECTOR('',#10220,10.);
#2671=VECTOR('',#10225,2.);
#2672=VECTOR('',#10228,10.);
#2673=VECTOR('',#10231,2.);
#2674=VECTOR('',#10234,10.);
#2675=VECTOR('',#10237,10.);
#2676=VECTOR('',#10240,10.);
#2677=VECTOR('',#10243,10.);
#2678=VECTOR('',#10244,10.);
#2679=VECTOR('',#10245,10.);
#2680=VECTOR('',#10246,10.);
#2681=VECTOR('',#10247,10.);
#2682=VECTOR('',#10248,10.);
#2683=VECTOR('',#10251,10.);
#2684=VECTOR('',#10256,10.);
#2685=VECTOR('',#10259,10.);
#2686=VECTOR('',#10260,10.);
#2687=VECTOR('',#10263,10.);
#2688=VECTOR('',#10266,10.);
#2689=VECTOR('',#10269,10.);
#2690=VECTOR('',#10270,10.);
#2691=VECTOR('',#10275,10.);
#2692=VECTOR('',#10286,10.);
#2693=VECTOR('',#10287,10.);
#2694=VECTOR('',#10290,10.);
#2695=VECTOR('',#10291,10.);
#2696=VECTOR('',#10292,10.);
#2697=VECTOR('',#10293,10.);
#2698=VECTOR('',#10294,10.);
#2699=VECTOR('',#10295,10.);
#2700=VECTOR('',#10296,10.);
#2701=VECTOR('',#10297,10.);
#2702=VECTOR('',#10304,10.);
#2703=VECTOR('',#10307,10.);
#2704=VECTOR('',#10336,10.);
#2705=VECTOR('',#10337,10.);
#2706=VECTOR('',#10350,10.);
#2707=VECTOR('',#10351,10.);
#2708=VECTOR('',#10358,10.);
#2709=VECTOR('',#10359,10.);
#2710=VECTOR('',#10360,10.);
#2711=VECTOR('',#10367,10.);
#2712=VECTOR('',#10372,10.);
#2713=VECTOR('',#10373,10.);
#2714=VECTOR('',#10374,10.);
#2715=VECTOR('',#10377,10.);
#2716=VECTOR('',#10378,10.);
#2717=VECTOR('',#10379,10.);
#2718=VECTOR('',#10380,10.);
#2719=VECTOR('',#10381,10.);
#2720=VECTOR('',#10382,10.);
#2721=VECTOR('',#10383,10.);
#2722=VECTOR('',#10384,10.);
#2723=VECTOR('',#10387,10.);
#2724=VECTOR('',#10390,10.);
#2725=VECTOR('',#10395,10.);
#2726=VECTOR('',#10400,10.);
#2727=VECTOR('',#10405,10.);
#2728=VECTOR('',#10408,10.);
#2729=VECTOR('',#10419,10.);
#2730=VECTOR('',#10448,10.);
#2731=VECTOR('',#10449,10.);
#2732=VECTOR('',#10458,10.);
#2733=VECTOR('',#10461,10.);
#2734=VECTOR('',#10462,10.);
#2735=VECTOR('',#10471,10.);
#2736=VECTOR('',#10484,10.);
#2737=VECTOR('',#10493,10.);
#2738=VECTOR('',#10500,10.);
#2739=VECTOR('',#10503,10.);
#2740=VECTOR('',#10504,10.);
#2741=VECTOR('',#10505,10.);
#2742=VECTOR('',#10508,10.);
#2743=VECTOR('',#10509,10.);
#2744=VECTOR('',#10512,10.);
#2745=VECTOR('',#10515,10.);
#2746=VECTOR('',#10520,10.);
#2747=VECTOR('',#10521,10.);
#2748=VECTOR('',#10524,10.);
#2749=VECTOR('',#10525,10.);
#2750=VECTOR('',#10526,10.);
#2751=VECTOR('',#10529,10.);
#2752=VECTOR('',#10532,10.);
#2753=VECTOR('',#10535,10.);
#2754=VECTOR('',#10536,10.);
#2755=VECTOR('',#10539,10.);
#2756=VECTOR('',#10540,10.);
#2757=VECTOR('',#10545,10.);
#2758=VECTOR('',#10546,10.);
#2759=VECTOR('',#10549,10.);
#2760=VECTOR('',#10570,10.);
#2761=VECTOR('',#10571,10.);
#2762=VECTOR('',#10576,10.);
#2763=VECTOR('',#10577,10.);
#2764=VECTOR('',#10580,10.);
#2765=VECTOR('',#10581,10.);
#2766=VECTOR('',#10584,10.);
#2767=VECTOR('',#10595,10.);
#2768=VECTOR('',#10598,10.);
#2769=VECTOR('',#10611,10.);
#2770=VECTOR('',#10618,10.);
#2771=VECTOR('',#10619,10.);
#2772=VECTOR('',#10624,10.);
#2773=VECTOR('',#10633,10.);
#2774=VECTOR('',#10636,10.);
#2775=VECTOR('',#10645,10.);
#2776=VECTOR('',#10646,10.);
#2777=VECTOR('',#10649,10.);
#2778=VECTOR('',#10654,10.);
#2779=VECTOR('',#10659,10.);
#2780=VECTOR('',#10662,10.);
#2781=VECTOR('',#10665,10.);
#2782=VECTOR('',#10668,10.);
#2783=VECTOR('',#10669,10.);
#2784=VECTOR('',#10674,10.);
#2785=VECTOR('',#10677,10.);
#2786=VECTOR('',#10682,10.);
#2787=VECTOR('',#10683,10.);
#2788=VECTOR('',#10688,10.);
#2789=VECTOR('',#10703,10.);
#2790=VECTOR('',#10706,10.);
#2791=VECTOR('',#10711,10.);
#2792=VECTOR('',#10716,10.);
#2793=VECTOR('',#10721,10.);
#2794=VECTOR('',#10726,10.);
#2795=VECTOR('',#10731,10.);
#2796=VECTOR('',#10736,10.);
#2797=VECTOR('',#10741,10.);
#2798=VECTOR('',#10746,10.);
#2799=VECTOR('',#10751,10.);
#2800=VECTOR('',#10756,10.);
#2801=VECTOR('',#10761,10.);
#2802=VECTOR('',#10766,10.);
#2803=VECTOR('',#10771,10.);
#2804=VECTOR('',#10776,10.);
#2805=VECTOR('',#10781,10.);
#2806=VECTOR('',#10786,10.);
#2807=VECTOR('',#10791,10.);
#2808=VECTOR('',#10796,10.);
#2809=VECTOR('',#10801,10.);
#2810=VECTOR('',#10806,10.);
#2811=VECTOR('',#10811,10.);
#2812=VECTOR('',#10816,10.);
#2813=VECTOR('',#10821,10.);
#2814=VECTOR('',#10826,10.);
#2815=VECTOR('',#10831,10.);
#2816=VECTOR('',#10836,10.);
#2817=VECTOR('',#10837,10.);
#2818=VECTOR('',#10838,10.);
#2819=VECTOR('',#10841,10.);
#2820=VECTOR('',#10842,10.);
#2821=VECTOR('',#10843,10.);
#2822=VECTOR('',#10846,10.);
#2823=VECTOR('',#10847,10.);
#2824=VECTOR('',#10848,10.);
#2825=VECTOR('',#10851,10.);
#2826=VECTOR('',#10852,10.);
#2827=VECTOR('',#10853,10.);
#2828=VECTOR('',#10856,10.);
#2829=VECTOR('',#10857,10.);
#2830=VECTOR('',#10858,10.);
#2831=VECTOR('',#10861,10.);
#2832=VECTOR('',#10862,10.);
#2833=VECTOR('',#10863,10.);
#2834=VECTOR('',#10866,10.);
#2835=VECTOR('',#10867,10.);
#2836=VECTOR('',#10868,10.);
#2837=VECTOR('',#10871,10.);
#2838=VECTOR('',#10872,10.);
#2839=VECTOR('',#10873,10.);
#2840=VECTOR('',#10876,10.);
#2841=VECTOR('',#10877,10.);
#2842=VECTOR('',#10878,10.);
#2843=VECTOR('',#10881,10.);
#2844=VECTOR('',#10882,10.);
#2845=VECTOR('',#10883,10.);
#2846=VECTOR('',#10886,10.);
#2847=VECTOR('',#10887,10.);
#2848=VECTOR('',#10888,10.);
#2849=VECTOR('',#10891,10.);
#2850=VECTOR('',#10892,10.);
#2851=VECTOR('',#10893,10.);
#2852=VECTOR('',#10896,10.);
#2853=VECTOR('',#10897,10.);
#2854=VECTOR('',#10898,10.);
#2855=VECTOR('',#10901,10.);
#2856=VECTOR('',#10902,10.);
#2857=VECTOR('',#10903,10.);
#2858=VECTOR('',#10906,10.);
#2859=VECTOR('',#10907,10.);
#2860=VECTOR('',#10908,10.);
#2861=VECTOR('',#10911,10.);
#2862=VECTOR('',#10912,10.);
#2863=VECTOR('',#10913,10.);
#2864=VECTOR('',#10916,10.);
#2865=VECTOR('',#10917,10.);
#2866=VECTOR('',#10918,10.);
#2867=VECTOR('',#10921,10.);
#2868=VECTOR('',#10922,10.);
#2869=VECTOR('',#10923,10.);
#2870=VECTOR('',#10926,10.);
#2871=VECTOR('',#10927,10.);
#2872=VECTOR('',#10928,10.);
#2873=VECTOR('',#10931,10.);
#2874=VECTOR('',#10932,10.);
#2875=VECTOR('',#10933,10.);
#2876=VECTOR('',#10936,10.);
#2877=VECTOR('',#10937,10.);
#2878=VECTOR('',#10938,10.);
#2879=VECTOR('',#10941,10.);
#2880=VECTOR('',#10942,10.);
#2881=VECTOR('',#10943,10.);
#2882=VECTOR('',#10946,10.);
#2883=VECTOR('',#10947,10.);
#2884=VECTOR('',#10948,10.);
#2885=VECTOR('',#10951,10.);
#2886=VECTOR('',#10952,10.);
#2887=VECTOR('',#10953,10.);
#2888=VECTOR('',#10956,10.);
#2889=VECTOR('',#10957,10.);
#2890=VECTOR('',#10958,10.);
#2891=VECTOR('',#10961,10.);
#2892=VECTOR('',#10962,10.);
#2893=VECTOR('',#10963,10.);
#2894=VECTOR('',#10966,10.);
#2895=VECTOR('',#10967,10.);
#2896=VECTOR('',#10968,10.);
#2897=VECTOR('',#10971,10.);
#2898=VECTOR('',#10974,10.);
#2899=VECTOR('',#10977,10.);
#2900=VECTOR('',#10980,10.);
#2901=VECTOR('',#10983,10.);
#2902=VECTOR('',#10986,10.);
#2903=VECTOR('',#10989,10.);
#2904=VECTOR('',#10992,10.);
#2905=VECTOR('',#10995,10.);
#2906=VECTOR('',#10998,10.);
#2907=VECTOR('',#11001,10.);
#2908=VECTOR('',#11004,10.);
#2909=VECTOR('',#11007,10.);
#2910=VECTOR('',#11008,10.);
#2911=VECTOR('',#11011,10.);
#2912=VECTOR('',#11012,10.);
#2913=VECTOR('',#11013,10.);
#2914=VECTOR('',#11016,10.);
#2915=VECTOR('',#11017,10.);
#2916=VECTOR('',#11018,10.);
#2917=VECTOR('',#11021,10.);
#2918=VECTOR('',#11022,10.);
#2919=VECTOR('',#11023,10.);
#2920=VECTOR('',#11026,10.);
#2921=VECTOR('',#11027,10.);
#2922=VECTOR('',#11028,10.);
#2923=VECTOR('',#11031,10.);
#2924=VECTOR('',#11032,10.);
#2925=VECTOR('',#11033,10.);
#2926=VECTOR('',#11036,10.);
#2927=VECTOR('',#11037,10.);
#2928=VECTOR('',#11038,10.);
#2929=VECTOR('',#11041,10.);
#2930=VECTOR('',#11042,10.);
#2931=VECTOR('',#11043,10.);
#2932=VECTOR('',#11046,10.);
#2933=VECTOR('',#11047,10.);
#2934=VECTOR('',#11048,10.);
#2935=VECTOR('',#11051,10.);
#2936=VECTOR('',#11052,10.);
#2937=VECTOR('',#11053,10.);
#2938=VECTOR('',#11056,10.);
#2939=VECTOR('',#11057,10.);
#2940=VECTOR('',#11058,10.);
#2941=VECTOR('',#11061,10.);
#2942=VECTOR('',#11062,10.);
#2943=VECTOR('',#11063,10.);
#2944=VECTOR('',#11066,10.);
#2945=VECTOR('',#11067,10.);
#2946=VECTOR('',#11068,10.);
#2947=VECTOR('',#11071,10.);
#2948=VECTOR('',#11074,10.);
#2949=VECTOR('',#11075,10.);
#2950=VECTOR('',#11078,10.);
#2951=VECTOR('',#11081,10.);
#2952=VECTOR('',#11086,10.);
#2953=VECTOR('',#11089,10.);
#2954=VECTOR('',#11092,10.);
#2955=VECTOR('',#11095,10.);
#2956=VECTOR('',#11098,10.);
#2957=VECTOR('',#11101,10.);
#2958=VECTOR('',#11104,10.);
#2959=VECTOR('',#11107,10.);
#2960=VECTOR('',#11110,10.);
#2961=VECTOR('',#11113,10.);
#2962=VECTOR('',#11118,10.);
#2963=VECTOR('',#11123,10.);
#2964=VECTOR('',#11124,10.);
#2965=VECTOR('',#11125,10.);
#2966=VECTOR('',#11128,10.);
#2967=VECTOR('',#11131,10.);
#2968=VECTOR('',#11134,10.);
#2969=VECTOR('',#11137,10.);
#2970=VECTOR('',#11140,10.);
#2971=VECTOR('',#11145,10.);
#2972=VECTOR('',#11150,10.);
#2973=VECTOR('',#11153,10.);
#2974=VECTOR('',#11156,10.);
#2975=VECTOR('',#11159,10.);
#2976=VECTOR('',#11162,10.);
#2977=VECTOR('',#11163,10.);
#2978=VECTOR('',#11166,10.);
#2979=VECTOR('',#11169,10.);
#2980=VECTOR('',#11172,10.);
#2981=VECTOR('',#11173,10.);
#2982=VECTOR('',#11178,10.);
#2983=VECTOR('',#11179,10.);
#2984=VECTOR('',#11184,10.);
#2985=VECTOR('',#11185,10.);
#2986=VECTOR('',#11190,9.49999999999999);
#2987=VECTOR('',#11207,10.);
#2988=VECTOR('',#11212,10.);
#2989=VECTOR('',#11213,10.);
#2990=VECTOR('',#11214,10.);
#2991=VECTOR('',#11215,10.);
#2992=VECTOR('',#11216,10.);
#2993=VECTOR('',#11217,10.);
#2994=VECTOR('',#11220,10.);
#2995=VECTOR('',#11221,10.);
#2996=VECTOR('',#11224,10.);
#2997=VECTOR('',#11227,10.);
#2998=VECTOR('',#11232,10.);
#2999=VECTOR('',#11233,10.);
#3000=VECTOR('',#11236,10.);
#3001=VECTOR('',#11239,10.);
#3002=VECTOR('',#11250,1.99999999999999);
#3003=VECTOR('',#11257,1.25);
#3004=VECTOR('',#11260,1.25);
#3005=VECTOR('',#11263,10.);
#3006=VECTOR('',#11266,10.);
#3007=VECTOR('',#11271,10.);
#3008=VECTOR('',#11274,10.);
#3009=VECTOR('',#11285,1.99999999999999);
#3010=VECTOR('',#11292,1.25);
#3011=VECTOR('',#11295,1.25);
#3012=VECTOR('',#11304,10.);
#3013=VECTOR('',#11305,10.);
#3014=VECTOR('',#11306,10.);
#3015=VECTOR('',#11309,10.);
#3016=VECTOR('',#11310,10.);
#3017=VECTOR('',#11311,10.);
#3018=VECTOR('',#11314,10.);
#3019=VECTOR('',#11315,10.);
#3020=VECTOR('',#11316,10.);
#3021=VECTOR('',#11319,10.);
#3022=VECTOR('',#11320,10.);
#3023=VECTOR('',#11321,10.);
#3024=VECTOR('',#11324,10.);
#3025=VECTOR('',#11325,10.);
#3026=VECTOR('',#11326,10.);
#3027=VECTOR('',#11329,10.);
#3028=VECTOR('',#11330,10.);
#3029=VECTOR('',#11331,10.);
#3030=VECTOR('',#11334,10.);
#3031=VECTOR('',#11335,10.);
#3032=VECTOR('',#11336,10.);
#3033=VECTOR('',#11339,10.);
#3034=VECTOR('',#11340,10.);
#3035=VECTOR('',#11343,10.);
#3036=VECTOR('',#11344,10.);
#3037=VECTOR('',#11345,10.);
#3038=VECTOR('',#11346,10.);
#3039=VECTOR('',#11349,10.);
#3040=VECTOR('',#11352,10.);
#3041=VECTOR('',#11353,10.);
#3042=VECTOR('',#11356,10.);
#3043=VECTOR('',#11357,10.);
#3044=VECTOR('',#11358,10.);
#3045=VECTOR('',#11359,10.);
#3046=VECTOR('',#11362,10.);
#3047=VECTOR('',#11365,10.);
#3048=VECTOR('',#11366,10.);
#3049=VECTOR('',#11369,10.);
#3050=VECTOR('',#11370,10.);
#3051=VECTOR('',#11371,10.);
#3052=VECTOR('',#11372,10.);
#3053=VECTOR('',#11375,10.);
#3054=VECTOR('',#11378,10.);
#3055=VECTOR('',#11379,10.);
#3056=VECTOR('',#11382,10.);
#3057=VECTOR('',#11383,10.);
#3058=VECTOR('',#11384,10.);
#3059=VECTOR('',#11385,10.);
#3060=VECTOR('',#11388,10.);
#3061=VECTOR('',#11391,10.);
#3062=VECTOR('',#11392,10.);
#3063=VECTOR('',#11395,10.);
#3064=VECTOR('',#11396,10.);
#3065=VECTOR('',#11397,10.);
#3066=VECTOR('',#11398,10.);
#3067=VECTOR('',#11401,10.);
#3068=VECTOR('',#11404,10.);
#3069=VECTOR('',#11405,10.);
#3070=VECTOR('',#11408,10.);
#3071=VECTOR('',#11409,10.);
#3072=VECTOR('',#11410,10.);
#3073=VECTOR('',#11411,10.);
#3074=VECTOR('',#11414,10.);
#3075=VECTOR('',#11417,10.);
#3076=VECTOR('',#11418,10.);
#3077=VECTOR('',#11421,10.);
#3078=VECTOR('',#11422,10.);
#3079=VECTOR('',#11423,10.);
#3080=VECTOR('',#11424,10.);
#3081=VECTOR('',#11427,10.);
#3082=VECTOR('',#11430,10.);
#3083=VECTOR('',#11431,10.);
#3084=VECTOR('',#11434,10.);
#3085=VECTOR('',#11435,10.);
#3086=VECTOR('',#11436,10.);
#3087=VECTOR('',#11437,10.);
#3088=VECTOR('',#11440,10.);
#3089=VECTOR('',#11443,10.);
#3090=VECTOR('',#11444,10.);
#3091=VECTOR('',#11447,10.);
#3092=VECTOR('',#11448,10.);
#3093=VECTOR('',#11449,10.);
#3094=VECTOR('',#11450,10.);
#3095=VECTOR('',#11453,10.);
#3096=VECTOR('',#11456,10.);
#3097=VECTOR('',#11457,10.);
#3098=VECTOR('',#11460,10.);
#3099=VECTOR('',#11461,10.);
#3100=VECTOR('',#11462,10.);
#3101=VECTOR('',#11463,10.);
#3102=VECTOR('',#11466,10.);
#3103=VECTOR('',#11469,10.);
#3104=VECTOR('',#11470,10.);
#3105=VECTOR('',#11473,10.);
#3106=VECTOR('',#11474,10.);
#3107=VECTOR('',#11475,10.);
#3108=VECTOR('',#11476,10.);
#3109=VECTOR('',#11479,10.);
#3110=VECTOR('',#11482,10.);
#3111=VECTOR('',#11483,10.);
#3112=VECTOR('',#11486,10.);
#3113=VECTOR('',#11487,10.);
#3114=VECTOR('',#11488,10.);
#3115=VECTOR('',#11489,10.);
#3116=VECTOR('',#11492,10.);
#3117=VECTOR('',#11495,10.);
#3118=VECTOR('',#11496,10.);
#3119=VECTOR('',#11497,10.);
#3120=VECTOR('',#11500,10.);
#3121=VECTOR('',#11501,10.);
#3122=VECTOR('',#11502,10.);
#3123=VECTOR('',#11505,10.);
#3124=VECTOR('',#11506,10.);
#3125=VECTOR('',#11507,10.);
#3126=VECTOR('',#11510,10.);
#3127=VECTOR('',#11511,10.);
#3128=VECTOR('',#11512,10.);
#3129=VECTOR('',#11515,10.);
#3130=VECTOR('',#11516,10.);
#3131=VECTOR('',#11517,10.);
#3132=VECTOR('',#11520,10.);
#3133=VECTOR('',#11521,10.);
#3134=VECTOR('',#11522,10.);
#3135=VECTOR('',#11525,10.);
#3136=VECTOR('',#11526,10.);
#3137=VECTOR('',#11527,10.);
#3138=VECTOR('',#11530,10.);
#3139=VECTOR('',#11531,10.);
#3140=VECTOR('',#11532,10.);
#3141=VECTOR('',#11535,10.);
#3142=VECTOR('',#11538,10.);
#3143=VECTOR('',#11541,10.);
#3144=VECTOR('',#11544,10.);
#3145=VECTOR('',#11547,10.);
#3146=VECTOR('',#11550,10.);
#3147=VECTOR('',#11553,10.);
#3148=VECTOR('',#11556,10.);
#3149=VECTOR('',#11559,10.);
#3150=VECTOR('',#11562,10.);
#3151=VECTOR('',#11565,10.);
#3152=VECTOR('',#11568,10.);
#3153=VECTOR('',#11571,10.);
#3154=VECTOR('',#11574,10.);
#3155=VECTOR('',#11577,10.);
#3156=VECTOR('',#11580,10.);
#3157=VECTOR('',#11583,10.);
#3158=VECTOR('',#11586,10.);
#3159=VECTOR('',#11589,10.);
#3160=VECTOR('',#11592,10.);
#3161=VECTOR('',#11595,10.);
#3162=VECTOR('',#11598,10.);
#3163=VECTOR('',#11601,10.);
#3164=VECTOR('',#11604,10.);
#3165=VECTOR('',#11607,10.);
#3166=VECTOR('',#11610,10.);
#3167=VECTOR('',#11613,10.);
#3168=VECTOR('',#11616,10.);
#3169=VECTOR('',#11619,10.);
#3170=VECTOR('',#11622,10.);
#3171=VECTOR('',#11625,10.);
#3172=VECTOR('',#11628,10.);
#3173=VECTOR('',#11631,10.);
#3174=VECTOR('',#11634,10.);
#3175=VECTOR('',#11637,10.);
#3176=VECTOR('',#11640,10.);
#3177=VECTOR('',#11643,10.);
#3178=VECTOR('',#11646,10.);
#3179=VECTOR('',#11649,10.);
#3180=VECTOR('',#11652,10.);
#3181=VECTOR('',#11655,10.);
#3182=VECTOR('',#11658,10.);
#3183=VECTOR('',#11661,10.);
#3184=VECTOR('',#11664,10.);
#3185=VECTOR('',#11667,10.);
#3186=VECTOR('',#11670,10.);
#3187=VECTOR('',#11673,10.);
#3188=VECTOR('',#11676,10.);
#3189=VECTOR('',#11679,10.);
#3190=VECTOR('',#11682,10.);
#3191=VECTOR('',#11685,10.);
#3192=VECTOR('',#11688,10.);
#3193=VECTOR('',#11691,10.);
#3194=CIRCLE('',#8572,0.5);
#3195=CIRCLE('',#8573,0.5);
#3196=CIRCLE('',#8575,1.99999999999999);
#3197=CIRCLE('',#8576,1.99999999999999);
#3198=CIRCLE('',#8577,1.99999999999999);
#3199=CIRCLE('',#8578,9.49999999999999);
#3200=CIRCLE('',#8580,1.99999999999999);
#3201=CIRCLE('',#8582,0.5);
#3202=CIRCLE('',#8584,2.);
#3203=CIRCLE('',#8586,0.5);
#3204=CIRCLE('',#8588,2.);
#3205=CIRCLE('',#8590,1.99999999999999);
#3206=CIRCLE('',#8591,1.99999999999999);
#3207=CIRCLE('',#8593,0.5);
#3208=CIRCLE('',#8594,0.5);
#3209=CIRCLE('',#8596,9.49999999999999);
#3210=CIRCLE('',#8597,1.99999999999999);
#3211=CIRCLE('',#8598,1.99999999999999);
#3212=CIRCLE('',#8600,1.);
#3213=CIRCLE('',#8630,0.5);
#3214=CIRCLE('',#8631,0.500000000000007);
#3215=CIRCLE('',#8633,0.499999999999998);
#3216=CIRCLE('',#8634,1.5);
#3217=CIRCLE('',#8635,2.);
#3218=CIRCLE('',#8637,0.499999999999989);
#3219=CIRCLE('',#8639,0.499999999999998);
#3220=CIRCLE('',#8640,1.5);
#3221=CIRCLE('',#8641,2.);
#3222=CIRCLE('',#8643,0.499999999999998);
#3223=CIRCLE('',#8645,0.499999999999998);
#3224=CIRCLE('',#8646,1.5);
#3225=CIRCLE('',#8647,2.);
#3226=CIRCLE('',#8649,0.499999999999998);
#3227=CIRCLE('',#8651,2.);
#3228=CIRCLE('',#8652,1.5);
#3229=CIRCLE('',#8654,2.);
#3230=CIRCLE('',#8656,2.5);
#3231=CIRCLE('',#8657,2.5);
#3232=CIRCLE('',#8658,2.5);
#3233=CIRCLE('',#8659,2.5);
#3234=CIRCLE('',#8661,2.);
#3235=CIRCLE('',#8663,3.);
#3236=CIRCLE('',#8664,3.);
#3237=CIRCLE('',#8665,3.);
#3238=CIRCLE('',#8666,1.6);
#3239=CIRCLE('',#8667,1.6);
#3240=CIRCLE('',#8668,3.);
#3241=CIRCLE('',#8669,3.);
#3242=CIRCLE('',#8670,3.);
#3243=CIRCLE('',#8673,0.500000000000003);
#3244=CIRCLE('',#8675,0.500000000000012);
#3245=CIRCLE('',#8676,2.);
#3246=CIRCLE('',#8677,1.5);
#3247=CIRCLE('',#8679,0.499999999999998);
#3248=CIRCLE('',#8681,0.499999999999974);
#3249=CIRCLE('',#8682,1.5);
#3250=CIRCLE('',#8684,0.5);
#3251=CIRCLE('',#8686,0.499999999999989);
#3252=CIRCLE('',#8687,2.);
#3253=CIRCLE('',#8688,1.5);
#3254=CIRCLE('',#8693,2.);
#3255=CIRCLE('',#8694,1.);
#3256=CIRCLE('',#8695,2.);
#3257=CIRCLE('',#8696,2.);
#3258=CIRCLE('',#8697,2.);
#3259=CIRCLE('',#8698,2.);
#3260=CIRCLE('',#8699,2.);
#3261=CIRCLE('',#8700,2.);
#3262=CIRCLE('',#8701,2.);
#3263=CIRCLE('',#8703,0.500000000000007);
#3264=CIRCLE('',#8704,0.499999999999998);
#3265=CIRCLE('',#8706,0.500000000000025);
#3266=CIRCLE('',#8707,2.);
#3267=CIRCLE('',#8709,0.499999999999998);
#3268=CIRCLE('',#8711,0.500000000000025);
#3269=CIRCLE('',#8712,2.);
#3270=CIRCLE('',#8714,0.499999999999998);
#3271=CIRCLE('',#8716,0.500000000000069);
#3272=CIRCLE('',#8717,2.);
#3273=CIRCLE('',#8719,0.499999999999998);
#3274=CIRCLE('',#8721,2.);
#3275=CIRCLE('',#8729,2.);
#3276=CIRCLE('',#8732,0.499999999999998);
#3277=CIRCLE('',#8733,0.500000000000047);
#3278=CIRCLE('',#8735,2.);
#3279=CIRCLE('',#8736,1.5);
#3280=CIRCLE('',#8739,0.5);
#3281=CIRCLE('',#8740,2.);
#3282=CIRCLE('',#8741,0.5);
#3283=CIRCLE('',#8742,1.5);
#3284=CIRCLE('',#8745,2.);
#3285=CIRCLE('',#8748,4.);
#3286=CIRCLE('',#8749,1.99999999999996);
#3287=CIRCLE('',#8751,2.);
#3288=CIRCLE('',#8753,0.6);
#3289=CIRCLE('',#8754,0.6);
#3290=CIRCLE('',#8755,2.);
#3291=CIRCLE('',#8756,2.);
#3292=CIRCLE('',#8760,2.);
#3293=CIRCLE('',#8761,2.);
#3294=CIRCLE('',#8763,2.);
#3295=CIRCLE('',#8765,0.999999999999979);
#3296=CIRCLE('',#8768,1.);
#3297=CIRCLE('',#8771,0.6);
#3298=CIRCLE('',#8773,0.999999999999996);
#3299=CIRCLE('',#8775,0.999999999999996);
#3300=CIRCLE('',#8776,0.6);
#3301=CIRCLE('',#8778,0.999999999999996);
#3302=CIRCLE('',#8780,0.999999999999996);
#3303=CIRCLE('',#8782,0.999999999999996);
#3304=CIRCLE('',#8784,2.);
#3305=CIRCLE('',#8787,0.600000000000001);
#3306=CIRCLE('',#8790,0.999999999999996);
#3307=CIRCLE('',#8791,1.);
#3308=CIRCLE('',#8793,2.);
#3309=CIRCLE('',#8795,0.999999999999996);
#3310=CIRCLE('',#8797,0.999999999999996);
#3311=CIRCLE('',#8799,0.999999999999996);
#3312=CIRCLE('',#8800,0.6);
#3313=CIRCLE('',#8803,2.);
#3314=CIRCLE('',#8804,2.);
#3315=CIRCLE('',#8806,2.);
#3316=CIRCLE('',#8807,2.);
#3317=CIRCLE('',#8808,2.);
#3318=CIRCLE('',#8810,2.);
#3319=CIRCLE('',#8812,2.);
#3320=CIRCLE('',#8814,2.);
#3321=CIRCLE('',#8816,2.);
#3322=CIRCLE('',#8818,2.);
#3323=CIRCLE('',#8819,2.);
#3324=CIRCLE('',#8820,4.);
#3325=CIRCLE('',#8821,2.);
#3326=CIRCLE('',#8825,2.);
#3327=CIRCLE('',#8826,2.);
#3328=CIRCLE('',#8827,2.);
#3329=CIRCLE('',#8828,2.);
#3330=CIRCLE('',#8833,2.00000000000001);
#3331=CIRCLE('',#8837,2.);
#3332=CIRCLE('',#8838,2.);
#3333=CIRCLE('',#8840,2.);
#3334=CIRCLE('',#8842,2.);
#3335=CIRCLE('',#8845,2.);
#3336=CIRCLE('',#8847,2.);
#3337=CIRCLE('',#8848,0.6);
#3338=CIRCLE('',#8849,0.6);
#3339=CIRCLE('',#8852,2.);
#3340=CIRCLE('',#8853,0.999999999999996);
#3341=CIRCLE('',#8854,1.);
#3342=CIRCLE('',#8859,1.);
#3343=CIRCLE('',#8861,1.);
#3344=CIRCLE('',#8862,1.);
#3345=CIRCLE('',#8864,2.);
#3346=CIRCLE('',#8865,3.);
#3347=CIRCLE('',#8867,1.);
#3348=CIRCLE('',#8868,2.);
#3349=CIRCLE('',#8869,3.);
#3350=CIRCLE('',#8870,0.999999999999999);
#3351=CIRCLE('',#8872,1.);
#3352=CIRCLE('',#8873,3.);
#3353=CIRCLE('',#8874,2.);
#3354=CIRCLE('',#8876,1.);
#3355=CIRCLE('',#8878,0.999999999999978);
#3356=CIRCLE('',#8879,2.);
#3357=CIRCLE('',#8880,3.);
#3358=CIRCLE('',#8882,0.999999999999999);
#3359=CIRCLE('',#8887,2.);
#3360=CIRCLE('',#8889,2.);
#3361=CIRCLE('',#8891,3.);
#3362=CIRCLE('',#8892,2.);
#3363=CIRCLE('',#8893,2.);
#3364=CIRCLE('',#8894,2.);
#3365=CIRCLE('',#8900,2.);
#3366=CIRCLE('',#8901,1.);
#3367=CIRCLE('',#8905,1.);
#3368=CIRCLE('',#8907,0.99999999999998);
#3369=CIRCLE('',#8908,2.);
#3370=CIRCLE('',#8910,1.);
#3371=CIRCLE('',#8911,3.);
#3372=CIRCLE('',#8912,2.);
#3373=CIRCLE('',#8913,1.);
#3374=CIRCLE('',#8915,1.);
#3375=CIRCLE('',#8916,2.);
#3376=CIRCLE('',#8917,3.);
#3377=CIRCLE('',#8919,1.);
#3378=CIRCLE('',#8921,3.);
#3379=CIRCLE('',#8922,2.);
#3380=CIRCLE('',#8925,2.);
#3381=CIRCLE('',#8930,2.);
#3382=CIRCLE('',#8932,2.);
#3383=CIRCLE('',#8934,2.);
#3384=CIRCLE('',#8940,2.);
#3385=CIRCLE('',#8941,2.);
#3386=CIRCLE('',#8947,2.);
#3387=CIRCLE('',#8950,2.);
#3388=CIRCLE('',#8954,2.);
#3389=CIRCLE('',#8956,2.);
#3390=CIRCLE('',#8958,2.);
#3391=CIRCLE('',#8961,2.00000000000001);
#3392=CIRCLE('',#8962,2.);
#3393=CIRCLE('',#8963,4.);
#3394=CIRCLE('',#8964,2.);
#3395=CIRCLE('',#8967,2.);
#3396=CIRCLE('',#8972,4.);
#3397=CIRCLE('',#8973,2.);
#3398=CIRCLE('',#8975,2.);
#3399=CIRCLE('',#8976,1.25);
#3400=CIRCLE('',#8977,1.25);
#3401=CIRCLE('',#8978,1.25);
#3402=CIRCLE('',#8979,1.25);
#3403=CIRCLE('',#8980,9.49999999999999);
#3404=CIRCLE('',#8987,2.);
#3405=CIRCLE('',#8993,2.00000000000001);
#3406=CIRCLE('',#8997,2.);
#3407=CIRCLE('',#9002,2.);
#3408=CIRCLE('',#9005,2.);
#3409=CIRCLE('',#9007,2.);
#3410=CIRCLE('',#9017,2.);
#3411=CIRCLE('',#9139,0.6);
#3412=CIRCLE('',#9148,0.6);
#3413=CIRCLE('',#9150,0.6);
#3414=CIRCLE('',#9151,0.6);
#3415=CIRCLE('',#9152,0.6);
#3416=CIRCLE('',#9153,0.6);
#3417=CIRCLE('',#9163,9.49999999999999);
#3418=CIRCLE('',#9164,9.49999999999999);
#3419=CIRCLE('',#9165,9.49999999999999);
#3420=CIRCLE('',#9166,9.49999999999999);
#3421=CIRCLE('',#9167,9.49999999999999);
#3422=CIRCLE('',#9182,1.25);
#3423=CIRCLE('',#9184,1.99999999999999);
#3424=CIRCLE('',#9186,1.25);
#3425=CIRCLE('',#9196,1.25);
#3426=CIRCLE('',#9198,1.99999999999999);
#3427=CIRCLE('',#9200,1.25);
#3428=VERTEX_POINT('',#11746);
#3429=VERTEX_POINT('',#11747);
#3430=VERTEX_POINT('',#11749);
#3431=VERTEX_POINT('',#11751);
#3432=VERTEX_POINT('',#11755);
#3433=VERTEX_POINT('',#11757);
#3434=VERTEX_POINT('',#11759);
#3435=VERTEX_POINT('',#11761);
#3436=VERTEX_POINT('',#11763);
#3437=VERTEX_POINT('',#11765);
#3438=VERTEX_POINT('',#11767);
#3439=VERTEX_POINT('',#11769);
#3440=VERTEX_POINT('',#11771);
#3441=VERTEX_POINT('',#11775);
#3442=VERTEX_POINT('',#11777);
#3443=VERTEX_POINT('',#11788);
#3444=VERTEX_POINT('',#11803);
#3445=VERTEX_POINT('',#11807);
#3446=VERTEX_POINT('',#11814);
#3447=VERTEX_POINT('',#11818);
#3448=VERTEX_POINT('',#11819);
#3449=VERTEX_POINT('',#11834);
#3450=VERTEX_POINT('',#11836);
#3451=VERTEX_POINT('',#11840);
#3452=VERTEX_POINT('',#11849);
#3453=VERTEX_POINT('',#11851);
#3454=VERTEX_POINT('',#11853);
#3455=VERTEX_POINT('',#11862);
#3456=VERTEX_POINT('',#11864);
#3457=VERTEX_POINT('',#11868);
#3458=VERTEX_POINT('',#11870);
#3459=VERTEX_POINT('',#11874);
#3460=VERTEX_POINT('',#11876);
#3461=VERTEX_POINT('',#11878);
#3462=VERTEX_POINT('',#11880);
#3463=VERTEX_POINT('',#11882);
#3464=VERTEX_POINT('',#11884);
#3465=VERTEX_POINT('',#11886);
#3466=VERTEX_POINT('',#11890);
#3467=VERTEX_POINT('',#11891);
#3468=VERTEX_POINT('',#11893);
#3469=VERTEX_POINT('',#11895);
#3470=VERTEX_POINT('',#11897);
#3471=VERTEX_POINT('',#11899);
#3472=VERTEX_POINT('',#11901);
#3473=VERTEX_POINT('',#11903);
#3474=VERTEX_POINT('',#11905);
#3475=VERTEX_POINT('',#11907);
#3476=VERTEX_POINT('',#11909);
#3477=VERTEX_POINT('',#11911);
#3478=VERTEX_POINT('',#11913);
#3479=VERTEX_POINT('',#11915);
#3480=VERTEX_POINT('',#11917);
#3481=VERTEX_POINT('',#11919);
#3482=VERTEX_POINT('',#11921);
#3483=VERTEX_POINT('',#11923);
#3484=VERTEX_POINT('',#11925);
#3485=VERTEX_POINT('',#11927);
#3486=VERTEX_POINT('',#11929);
#3487=VERTEX_POINT('',#11931);
#3488=VERTEX_POINT('',#11933);
#3489=VERTEX_POINT('',#11935);
#3490=VERTEX_POINT('',#11937);
#3491=VERTEX_POINT('',#11939);
#3492=VERTEX_POINT('',#11941);
#3493=VERTEX_POINT('',#11943);
#3494=VERTEX_POINT('',#11945);
#3495=VERTEX_POINT('',#11947);
#3496=VERTEX_POINT('',#11949);
#3497=VERTEX_POINT('',#11951);
#3498=VERTEX_POINT('',#11953);
#3499=VERTEX_POINT('',#11955);
#3500=VERTEX_POINT('',#11957);
#3501=VERTEX_POINT('',#11959);
#3502=VERTEX_POINT('',#11961);
#3503=VERTEX_POINT('',#11963);
#3504=VERTEX_POINT('',#11965);
#3505=VERTEX_POINT('',#11967);
#3506=VERTEX_POINT('',#11969);
#3507=VERTEX_POINT('',#11971);
#3508=VERTEX_POINT('',#11973);
#3509=VERTEX_POINT('',#11975);
#3510=VERTEX_POINT('',#11977);
#3511=VERTEX_POINT('',#11979);
#3512=VERTEX_POINT('',#11981);
#3513=VERTEX_POINT('',#11983);
#3514=VERTEX_POINT('',#11985);
#3515=VERTEX_POINT('',#11987);
#3516=VERTEX_POINT('',#11989);
#3517=VERTEX_POINT('',#11991);
#3518=VERTEX_POINT('',#11993);
#3519=VERTEX_POINT('',#11995);
#3520=VERTEX_POINT('',#11997);
#3521=VERTEX_POINT('',#12001);
#3522=VERTEX_POINT('',#12003);
#3523=VERTEX_POINT('',#12005);
#3524=VERTEX_POINT('',#12007);
#3525=VERTEX_POINT('',#12011);
#3526=VERTEX_POINT('',#12013);
#3527=VERTEX_POINT('',#12015);
#3528=VERTEX_POINT('',#12017);
#3529=VERTEX_POINT('',#12021);
#3530=VERTEX_POINT('',#12023);
#3531=VERTEX_POINT('',#12025);
#3532=VERTEX_POINT('',#12027);
#3533=VERTEX_POINT('',#12031);
#3534=VERTEX_POINT('',#12033);
#3535=VERTEX_POINT('',#12035);
#3536=VERTEX_POINT('',#12037);
#3537=VERTEX_POINT('',#12041);
#3538=VERTEX_POINT('',#12043);
#3539=VERTEX_POINT('',#12045);
#3540=VERTEX_POINT('',#12047);
#3541=VERTEX_POINT('',#12051);
#3542=VERTEX_POINT('',#12053);
#3543=VERTEX_POINT('',#12055);
#3544=VERTEX_POINT('',#12057);
#3545=VERTEX_POINT('',#12061);
#3546=VERTEX_POINT('',#12063);
#3547=VERTEX_POINT('',#12065);
#3548=VERTEX_POINT('',#12067);
#3549=VERTEX_POINT('',#12071);
#3550=VERTEX_POINT('',#12073);
#3551=VERTEX_POINT('',#12075);
#3552=VERTEX_POINT('',#12077);
#3553=VERTEX_POINT('',#12081);
#3554=VERTEX_POINT('',#12083);
#3555=VERTEX_POINT('',#12085);
#3556=VERTEX_POINT('',#12087);
#3557=VERTEX_POINT('',#12091);
#3558=VERTEX_POINT('',#12093);
#3559=VERTEX_POINT('',#12095);
#3560=VERTEX_POINT('',#12097);
#3561=VERTEX_POINT('',#12101);
#3562=VERTEX_POINT('',#12103);
#3563=VERTEX_POINT('',#12105);
#3564=VERTEX_POINT('',#12107);
#3565=VERTEX_POINT('',#12111);
#3566=VERTEX_POINT('',#12113);
#3567=VERTEX_POINT('',#12115);
#3568=VERTEX_POINT('',#12119);
#3569=VERTEX_POINT('',#12121);
#3570=VERTEX_POINT('',#12123);
#3571=VERTEX_POINT('',#12125);
#3572=VERTEX_POINT('',#12129);
#3573=VERTEX_POINT('',#12131);
#3574=VERTEX_POINT('',#12133);
#3575=VERTEX_POINT('',#12135);
#3576=VERTEX_POINT('',#12139);
#3577=VERTEX_POINT('',#12141);
#3578=VERTEX_POINT('',#12143);
#3579=VERTEX_POINT('',#12145);
#3580=VERTEX_POINT('',#12149);
#3581=VERTEX_POINT('',#12151);
#3582=VERTEX_POINT('',#12153);
#3583=VERTEX_POINT('',#12155);
#3584=VERTEX_POINT('',#12159);
#3585=VERTEX_POINT('',#12161);
#3586=VERTEX_POINT('',#12163);
#3587=VERTEX_POINT('',#12165);
#3588=VERTEX_POINT('',#12169);
#3589=VERTEX_POINT('',#12171);
#3590=VERTEX_POINT('',#12173);
#3591=VERTEX_POINT('',#12175);
#3592=VERTEX_POINT('',#12179);
#3593=VERTEX_POINT('',#12181);
#3594=VERTEX_POINT('',#12183);
#3595=VERTEX_POINT('',#12185);
#3596=VERTEX_POINT('',#12189);
#3597=VERTEX_POINT('',#12191);
#3598=VERTEX_POINT('',#12193);
#3599=VERTEX_POINT('',#12195);
#3600=VERTEX_POINT('',#12199);
#3601=VERTEX_POINT('',#12201);
#3602=VERTEX_POINT('',#12203);
#3603=VERTEX_POINT('',#12205);
#3604=VERTEX_POINT('',#12209);
#3605=VERTEX_POINT('',#12211);
#3606=VERTEX_POINT('',#12213);
#3607=VERTEX_POINT('',#12215);
#3608=VERTEX_POINT('',#12219);
#3609=VERTEX_POINT('',#12221);
#3610=VERTEX_POINT('',#12223);
#3611=VERTEX_POINT('',#12225);
#3612=VERTEX_POINT('',#12229);
#3613=VERTEX_POINT('',#12231);
#3614=VERTEX_POINT('',#12233);
#3615=VERTEX_POINT('',#12235);
#3616=VERTEX_POINT('',#12239);
#3617=VERTEX_POINT('',#12241);
#3618=VERTEX_POINT('',#12243);
#3619=VERTEX_POINT('',#12245);
#3620=VERTEX_POINT('',#12249);
#3621=VERTEX_POINT('',#12251);
#3622=VERTEX_POINT('',#12253);
#3623=VERTEX_POINT('',#12255);
#3624=VERTEX_POINT('',#12259);
#3625=VERTEX_POINT('',#12261);
#3626=VERTEX_POINT('',#12265);
#3627=VERTEX_POINT('',#12266);
#3628=VERTEX_POINT('',#12268);
#3629=VERTEX_POINT('',#12270);
#3630=VERTEX_POINT('',#12274);
#3631=VERTEX_POINT('',#12275);
#3632=VERTEX_POINT('',#12280);
#3633=VERTEX_POINT('',#12281);
#3634=VERTEX_POINT('',#12286);
#3635=VERTEX_POINT('',#12287);
#3636=VERTEX_POINT('',#12292);
#3637=VERTEX_POINT('',#12293);
#3638=VERTEX_POINT('',#12298);
#3639=VERTEX_POINT('',#12299);
#3640=VERTEX_POINT('',#12304);
#3641=VERTEX_POINT('',#12305);
#3642=VERTEX_POINT('',#12313);
#3643=VERTEX_POINT('',#12315);
#3644=VERTEX_POINT('',#12319);
#3645=VERTEX_POINT('',#12321);
#3646=VERTEX_POINT('',#12323);
#3647=VERTEX_POINT('',#12331);
#3648=VERTEX_POINT('',#12332);
#3649=VERTEX_POINT('',#12334);
#3650=VERTEX_POINT('',#12336);
#3651=VERTEX_POINT('',#12338);
#3652=VERTEX_POINT('',#12340);
#3653=VERTEX_POINT('',#12342);
#3654=VERTEX_POINT('',#12344);
#3655=VERTEX_POINT('',#12348);
#3656=VERTEX_POINT('',#12352);
#3657=VERTEX_POINT('',#12354);
#3658=VERTEX_POINT('',#12356);
#3659=VERTEX_POINT('',#12358);
#3660=VERTEX_POINT('',#12360);
#3661=VERTEX_POINT('',#12362);
#3662=VERTEX_POINT('',#12364);
#3663=VERTEX_POINT('',#12366);
#3664=VERTEX_POINT('',#12368);
#3665=VERTEX_POINT('',#12370);
#3666=VERTEX_POINT('',#12372);
#3667=VERTEX_POINT('',#12374);
#3668=VERTEX_POINT('',#12376);
#3669=VERTEX_POINT('',#12378);
#3670=VERTEX_POINT('',#12380);
#3671=VERTEX_POINT('',#12382);
#3672=VERTEX_POINT('',#12384);
#3673=VERTEX_POINT('',#12386);
#3674=VERTEX_POINT('',#12388);
#3675=VERTEX_POINT('',#12390);
#3676=VERTEX_POINT('',#12392);
#3677=VERTEX_POINT('',#12396);
#3678=VERTEX_POINT('',#12397);
#3679=VERTEX_POINT('',#12399);
#3680=VERTEX_POINT('',#12401);
#3681=VERTEX_POINT('',#12404);
#3682=VERTEX_POINT('',#12405);
#3683=VERTEX_POINT('',#12407);
#3684=VERTEX_POINT('',#12409);
#3685=VERTEX_POINT('',#12413);
#3686=VERTEX_POINT('',#12414);
#3687=VERTEX_POINT('',#12416);
#3688=VERTEX_POINT('',#12418);
#3689=VERTEX_POINT('',#12427);
#3690=VERTEX_POINT('',#12432);
#3691=VERTEX_POINT('',#12436);
#3692=VERTEX_POINT('',#12440);
#3693=VERTEX_POINT('',#12444);
#3694=VERTEX_POINT('',#12445);
#3695=VERTEX_POINT('',#12450);
#3696=VERTEX_POINT('',#12451);
#3697=VERTEX_POINT('',#12456);
#3698=VERTEX_POINT('',#12458);
#3699=VERTEX_POINT('',#12460);
#3700=VERTEX_POINT('',#12464);
#3701=VERTEX_POINT('',#12466);
#3702=VERTEX_POINT('',#12468);
#3703=VERTEX_POINT('',#12470);
#3704=VERTEX_POINT('',#12472);
#3705=VERTEX_POINT('',#12474);
#3706=VERTEX_POINT('',#12476);
#3707=VERTEX_POINT('',#12478);
#3708=VERTEX_POINT('',#12480);
#3709=VERTEX_POINT('',#12482);
#3710=VERTEX_POINT('',#12484);
#3711=VERTEX_POINT('',#12486);
#3712=VERTEX_POINT('',#12488);
#3713=VERTEX_POINT('',#12490);
#3714=VERTEX_POINT('',#12492);
#3715=VERTEX_POINT('',#12494);
#3716=VERTEX_POINT('',#12496);
#3717=VERTEX_POINT('',#12498);
#3718=VERTEX_POINT('',#12500);
#3719=VERTEX_POINT('',#12502);
#3720=VERTEX_POINT('',#12504);
#3721=VERTEX_POINT('',#12506);
#3722=VERTEX_POINT('',#12508);
#3723=VERTEX_POINT('',#12511);
#3724=VERTEX_POINT('',#12512);
#3725=VERTEX_POINT('',#12514);
#3726=VERTEX_POINT('',#12516);
#3727=VERTEX_POINT('',#12518);
#3728=VERTEX_POINT('',#12520);
#3729=VERTEX_POINT('',#12522);
#3730=VERTEX_POINT('',#12524);
#3731=VERTEX_POINT('',#12528);
#3732=VERTEX_POINT('',#12530);
#3733=VERTEX_POINT('',#12534);
#3734=VERTEX_POINT('',#12538);
#3735=VERTEX_POINT('',#12542);
#3736=VERTEX_POINT('',#12546);
#3737=VERTEX_POINT('',#12550);
#3738=VERTEX_POINT('',#12554);
#3739=VERTEX_POINT('',#12560);
#3740=VERTEX_POINT('',#12562);
#3741=VERTEX_POINT('',#12566);
#3742=VERTEX_POINT('',#12570);
#3743=VERTEX_POINT('',#12574);
#3744=VERTEX_POINT('',#12578);
#3745=VERTEX_POINT('',#12580);
#3746=VERTEX_POINT('',#12582);
#3747=VERTEX_POINT('',#12591);
#3748=VERTEX_POINT('',#12595);
#3749=VERTEX_POINT('',#12638);
#3750=VERTEX_POINT('',#12647);
#3751=VERTEX_POINT('',#12662);
#3752=VERTEX_POINT('',#12663);
#3753=VERTEX_POINT('',#12665);
#3754=VERTEX_POINT('',#12667);
#3755=VERTEX_POINT('',#12721);
#3756=VERTEX_POINT('',#12725);
#3757=VERTEX_POINT('',#12738);
#3758=VERTEX_POINT('',#12739);
#3759=VERTEX_POINT('',#12746);
#3760=VERTEX_POINT('',#12756);
#3761=VERTEX_POINT('',#12757);
#3762=VERTEX_POINT('',#12762);
#3763=VERTEX_POINT('',#12764);
#3764=VERTEX_POINT('',#12766);
#3765=VERTEX_POINT('',#12768);
#3766=VERTEX_POINT('',#12770);
#3767=VERTEX_POINT('',#12773);
#3768=VERTEX_POINT('',#12777);
#3769=VERTEX_POINT('',#12779);
#3770=VERTEX_POINT('',#12781);
#3771=VERTEX_POINT('',#12783);
#3772=VERTEX_POINT('',#12789);
#3773=VERTEX_POINT('',#12791);
#3774=VERTEX_POINT('',#12795);
#3775=VERTEX_POINT('',#12797);
#3776=VERTEX_POINT('',#12799);
#3777=VERTEX_POINT('',#12806);
#3778=VERTEX_POINT('',#12810);
#3779=VERTEX_POINT('',#12812);
#3780=VERTEX_POINT('',#12814);
#3781=VERTEX_POINT('',#12816);
#3782=VERTEX_POINT('',#12818);
#3783=VERTEX_POINT('',#12820);
#3784=VERTEX_POINT('',#12822);
#3785=VERTEX_POINT('',#12824);
#3786=VERTEX_POINT('',#12826);
#3787=VERTEX_POINT('',#12873);
#3788=VERTEX_POINT('',#12875);
#3789=VERTEX_POINT('',#12879);
#3790=VERTEX_POINT('',#12883);
#3791=VERTEX_POINT('',#12894);
#3792=VERTEX_POINT('',#12955);
#3793=VERTEX_POINT('',#12957);
#3794=VERTEX_POINT('',#12966);
#3795=VERTEX_POINT('',#12981);
#3796=VERTEX_POINT('',#12985);
#3797=VERTEX_POINT('',#12991);
#3798=VERTEX_POINT('',#12993);
#3799=VERTEX_POINT('',#12995);
#3800=VERTEX_POINT('',#12997);
#3801=VERTEX_POINT('',#12999);
#3802=VERTEX_POINT('',#13001);
#3803=VERTEX_POINT('',#13003);
#3804=VERTEX_POINT('',#13005);
#3805=VERTEX_POINT('',#13007);
#3806=VERTEX_POINT('',#13020);
#3807=VERTEX_POINT('',#13022);
#3808=VERTEX_POINT('',#13027);
#3809=VERTEX_POINT('',#13044);
#3810=VERTEX_POINT('',#13046);
#3811=VERTEX_POINT('',#13050);
#3812=VERTEX_POINT('',#13051);
#3813=VERTEX_POINT('',#13080);
#3814=VERTEX_POINT('',#13081);
#3815=VERTEX_POINT('',#13083);
#3816=VERTEX_POINT('',#13122);
#3817=VERTEX_POINT('',#13124);
#3818=VERTEX_POINT('',#13126);
#3819=VERTEX_POINT('',#13129);
#3820=VERTEX_POINT('',#13130);
#3821=VERTEX_POINT('',#13132);
#3822=VERTEX_POINT('',#13134);
#3823=VERTEX_POINT('',#13136);
#3824=VERTEX_POINT('',#13138);
#3825=VERTEX_POINT('',#13140);
#3826=VERTEX_POINT('',#13142);
#3827=VERTEX_POINT('',#13146);
#3828=VERTEX_POINT('',#13148);
#3829=VERTEX_POINT('',#13152);
#3830=VERTEX_POINT('',#13171);
#3831=VERTEX_POINT('',#13184);
#3832=VERTEX_POINT('',#13188);
#3833=VERTEX_POINT('',#13189);
#3834=VERTEX_POINT('',#13191);
#3835=VERTEX_POINT('',#13193);
#3836=VERTEX_POINT('',#13197);
#3837=VERTEX_POINT('',#13199);
#3838=VERTEX_POINT('',#13203);
#3839=VERTEX_POINT('',#13205);
#3840=VERTEX_POINT('',#13209);
#3841=VERTEX_POINT('',#13211);
#3842=VERTEX_POINT('',#13214);
#3843=VERTEX_POINT('',#13216);
#3844=VERTEX_POINT('',#13234);
#3845=VERTEX_POINT('',#13245);
#3846=VERTEX_POINT('',#13250);
#3847=VERTEX_POINT('',#13253);
#3848=VERTEX_POINT('',#13255);
#3849=VERTEX_POINT('',#13257);
#3850=VERTEX_POINT('',#13259);
#3851=VERTEX_POINT('',#13263);
#3852=VERTEX_POINT('',#13267);
#3853=VERTEX_POINT('',#13302);
#3854=VERTEX_POINT('',#13303);
#3855=VERTEX_POINT('',#13305);
#3856=VERTEX_POINT('',#13338);
#3857=VERTEX_POINT('',#13339);
#3858=VERTEX_POINT('',#13347);
#3859=VERTEX_POINT('',#13349);
#3860=VERTEX_POINT('',#13351);
#3861=VERTEX_POINT('',#13353);
#3862=VERTEX_POINT('',#13356);
#3863=VERTEX_POINT('',#13358);
#3864=VERTEX_POINT('',#13365);
#3865=VERTEX_POINT('',#13367);
#3866=VERTEX_POINT('',#13410);
#3867=VERTEX_POINT('',#13416);
#3868=VERTEX_POINT('',#13426);
#3869=VERTEX_POINT('',#13427);
#3870=VERTEX_POINT('',#13429);
#3871=VERTEX_POINT('',#13431);
#3872=VERTEX_POINT('',#13438);
#3873=VERTEX_POINT('',#13439);
#3874=VERTEX_POINT('',#13463);
#3875=VERTEX_POINT('',#13464);
#3876=VERTEX_POINT('',#13475);
#3877=VERTEX_POINT('',#13476);
#3878=VERTEX_POINT('',#13481);
#3879=VERTEX_POINT('',#13482);
#3880=VERTEX_POINT('',#13487);
#3881=VERTEX_POINT('',#13488);
#3882=VERTEX_POINT('',#13493);
#3883=VERTEX_POINT('',#13494);
#3884=VERTEX_POINT('',#13531);
#3885=VERTEX_POINT('',#13533);
#3886=VERTEX_POINT('',#13539);
#3887=VERTEX_POINT('',#13543);
#3888=VERTEX_POINT('',#13545);
#3889=VERTEX_POINT('',#13547);
#3890=VERTEX_POINT('',#13549);
#3891=VERTEX_POINT('',#13551);
#3892=VERTEX_POINT('',#13553);
#3893=VERTEX_POINT('',#13555);
#3894=VERTEX_POINT('',#13557);
#3895=VERTEX_POINT('',#13559);
#3896=VERTEX_POINT('',#13561);
#3897=VERTEX_POINT('',#13563);
#3898=VERTEX_POINT('',#13565);
#3899=VERTEX_POINT('',#13574);
#3900=VERTEX_POINT('',#13576);
#3901=VERTEX_POINT('',#13578);
#3902=VERTEX_POINT('',#13580);
#3903=VERTEX_POINT('',#13582);
#3904=VERTEX_POINT('',#13584);
#3905=VERTEX_POINT('',#13586);
#3906=VERTEX_POINT('',#13588);
#3907=VERTEX_POINT('',#13590);
#3908=VERTEX_POINT('',#13595);
#3909=VERTEX_POINT('',#13597);
#3910=VERTEX_POINT('',#13611);
#3911=VERTEX_POINT('',#13616);
#3912=VERTEX_POINT('',#13639);
#3913=VERTEX_POINT('',#13644);
#3914=VERTEX_POINT('',#13648);
#3915=VERTEX_POINT('',#13652);
#3916=VERTEX_POINT('',#13653);
#3917=VERTEX_POINT('',#13677);
#3918=VERTEX_POINT('',#13682);
#3919=VERTEX_POINT('',#13689);
#3920=VERTEX_POINT('',#13690);
#3921=VERTEX_POINT('',#13695);
#3922=VERTEX_POINT('',#13696);
#3923=VERTEX_POINT('',#13706);
#3924=VERTEX_POINT('',#13708);
#3925=VERTEX_POINT('',#13714);
#3926=VERTEX_POINT('',#13742);
#3927=VERTEX_POINT('',#13751);
#3928=VERTEX_POINT('',#13753);
#3929=VERTEX_POINT('',#13777);
#3930=VERTEX_POINT('',#13784);
#3931=VERTEX_POINT('',#13817);
#3932=VERTEX_POINT('',#13818);
#3933=VERTEX_POINT('',#13837);
#3934=VERTEX_POINT('',#13839);
#3935=VERTEX_POINT('',#13844);
#3936=VERTEX_POINT('',#13855);
#3937=VERTEX_POINT('',#13856);
#3938=VERTEX_POINT('',#13861);
#3939=VERTEX_POINT('',#13866);
#3940=VERTEX_POINT('',#13868);
#3941=VERTEX_POINT('',#13878);
#3942=VERTEX_POINT('',#13883);
#3943=VERTEX_POINT('',#13911);
#3944=VERTEX_POINT('',#13913);
#3945=VERTEX_POINT('',#13917);
#3946=VERTEX_POINT('',#13918);
#3947=VERTEX_POINT('',#13920);
#3948=VERTEX_POINT('',#13922);
#3949=VERTEX_POINT('',#13929);
#3950=VERTEX_POINT('',#13960);
#3951=VERTEX_POINT('',#13964);
#3952=VERTEX_POINT('',#13968);
#3953=VERTEX_POINT('',#13970);
#3954=VERTEX_POINT('',#13972);
#3955=VERTEX_POINT('',#13974);
#3956=VERTEX_POINT('',#13976);
#3957=VERTEX_POINT('',#13987);
#3958=VERTEX_POINT('',#14042);
#3959=VERTEX_POINT('',#14049);
#3960=VERTEX_POINT('',#14058);
#3961=VERTEX_POINT('',#14060);
#3962=VERTEX_POINT('',#14064);
#3963=VERTEX_POINT('',#14068);
#3964=VERTEX_POINT('',#14086);
#3965=VERTEX_POINT('',#14088);
#3966=VERTEX_POINT('',#14090);
#3967=VERTEX_POINT('',#14092);
#3968=VERTEX_POINT('',#14095);
#3969=VERTEX_POINT('',#14097);
#3970=VERTEX_POINT('',#14100);
#3971=VERTEX_POINT('',#14102);
#3972=VERTEX_POINT('',#14105);
#3973=VERTEX_POINT('',#14107);
#3974=VERTEX_POINT('',#14110);
#3975=VERTEX_POINT('',#14112);
#3976=VERTEX_POINT('',#14115);
#3977=VERTEX_POINT('',#14117);
#3978=VERTEX_POINT('',#14120);
#3979=VERTEX_POINT('',#14122);
#3980=VERTEX_POINT('',#14125);
#3981=VERTEX_POINT('',#14127);
#3982=VERTEX_POINT('',#14130);
#3983=VERTEX_POINT('',#14132);
#3984=VERTEX_POINT('',#14135);
#3985=VERTEX_POINT('',#14137);
#3986=VERTEX_POINT('',#14140);
#3987=VERTEX_POINT('',#14142);
#3988=VERTEX_POINT('',#14145);
#3989=VERTEX_POINT('',#14147);
#3990=VERTEX_POINT('',#14150);
#3991=VERTEX_POINT('',#14152);
#3992=VERTEX_POINT('',#14155);
#3993=VERTEX_POINT('',#14157);
#3994=VERTEX_POINT('',#14160);
#3995=VERTEX_POINT('',#14162);
#3996=VERTEX_POINT('',#14165);
#3997=VERTEX_POINT('',#14167);
#3998=VERTEX_POINT('',#14170);
#3999=VERTEX_POINT('',#14172);
#4000=VERTEX_POINT('',#14175);
#4001=VERTEX_POINT('',#14177);
#4002=VERTEX_POINT('',#14180);
#4003=VERTEX_POINT('',#14182);
#4004=VERTEX_POINT('',#14185);
#4005=VERTEX_POINT('',#14187);
#4006=VERTEX_POINT('',#14190);
#4007=VERTEX_POINT('',#14192);
#4008=VERTEX_POINT('',#14195);
#4009=VERTEX_POINT('',#14197);
#4010=VERTEX_POINT('',#14200);
#4011=VERTEX_POINT('',#14202);
#4012=VERTEX_POINT('',#14205);
#4013=VERTEX_POINT('',#14207);
#4014=VERTEX_POINT('',#14210);
#4015=VERTEX_POINT('',#14212);
#4016=VERTEX_POINT('',#14215);
#4017=VERTEX_POINT('',#14217);
#4018=VERTEX_POINT('',#14221);
#4019=VERTEX_POINT('',#14223);
#4020=VERTEX_POINT('',#14227);
#4021=VERTEX_POINT('',#14229);
#4022=VERTEX_POINT('',#14233);
#4023=VERTEX_POINT('',#14235);
#4024=VERTEX_POINT('',#14239);
#4025=VERTEX_POINT('',#14241);
#4026=VERTEX_POINT('',#14245);
#4027=VERTEX_POINT('',#14247);
#4028=VERTEX_POINT('',#14251);
#4029=VERTEX_POINT('',#14253);
#4030=VERTEX_POINT('',#14257);
#4031=VERTEX_POINT('',#14259);
#4032=VERTEX_POINT('',#14263);
#4033=VERTEX_POINT('',#14265);
#4034=VERTEX_POINT('',#14269);
#4035=VERTEX_POINT('',#14271);
#4036=VERTEX_POINT('',#14275);
#4037=VERTEX_POINT('',#14277);
#4038=VERTEX_POINT('',#14281);
#4039=VERTEX_POINT('',#14283);
#4040=VERTEX_POINT('',#14287);
#4041=VERTEX_POINT('',#14289);
#4042=VERTEX_POINT('',#14293);
#4043=VERTEX_POINT('',#14295);
#4044=VERTEX_POINT('',#14299);
#4045=VERTEX_POINT('',#14301);
#4046=VERTEX_POINT('',#14305);
#4047=VERTEX_POINT('',#14307);
#4048=VERTEX_POINT('',#14311);
#4049=VERTEX_POINT('',#14313);
#4050=VERTEX_POINT('',#14317);
#4051=VERTEX_POINT('',#14319);
#4052=VERTEX_POINT('',#14323);
#4053=VERTEX_POINT('',#14325);
#4054=VERTEX_POINT('',#14329);
#4055=VERTEX_POINT('',#14331);
#4056=VERTEX_POINT('',#14335);
#4057=VERTEX_POINT('',#14337);
#4058=VERTEX_POINT('',#14341);
#4059=VERTEX_POINT('',#14343);
#4060=VERTEX_POINT('',#14347);
#4061=VERTEX_POINT('',#14349);
#4062=VERTEX_POINT('',#14353);
#4063=VERTEX_POINT('',#14355);
#4064=VERTEX_POINT('',#14359);
#4065=VERTEX_POINT('',#14361);
#4066=VERTEX_POINT('',#14365);
#4067=VERTEX_POINT('',#14367);
#4068=VERTEX_POINT('',#14371);
#4069=VERTEX_POINT('',#14373);
#4070=VERTEX_POINT('',#14377);
#4071=VERTEX_POINT('',#14379);
#4072=VERTEX_POINT('',#14407);
#4073=VERTEX_POINT('',#14411);
#4074=VERTEX_POINT('',#14413);
#4075=VERTEX_POINT('',#14417);
#4076=VERTEX_POINT('',#14419);
#4077=VERTEX_POINT('',#14423);
#4078=VERTEX_POINT('',#14425);
#4079=VERTEX_POINT('',#14429);
#4080=VERTEX_POINT('',#14431);
#4081=VERTEX_POINT('',#14435);
#4082=VERTEX_POINT('',#14437);
#4083=VERTEX_POINT('',#14441);
#4084=VERTEX_POINT('',#14443);
#4085=VERTEX_POINT('',#14447);
#4086=VERTEX_POINT('',#14449);
#4087=VERTEX_POINT('',#14453);
#4088=VERTEX_POINT('',#14455);
#4089=VERTEX_POINT('',#14459);
#4090=VERTEX_POINT('',#14461);
#4091=VERTEX_POINT('',#14465);
#4092=VERTEX_POINT('',#14467);
#4093=VERTEX_POINT('',#14471);
#4094=VERTEX_POINT('',#14473);
#4095=VERTEX_POINT('',#14477);
#4096=VERTEX_POINT('',#14479);
#4097=VERTEX_POINT('',#14485);
#4098=VERTEX_POINT('',#14486);
#4099=VERTEX_POINT('',#14500);
#4100=VERTEX_POINT('',#14511);
#4101=VERTEX_POINT('',#14513);
#4102=VERTEX_POINT('',#14520);
#4103=VERTEX_POINT('',#14530);
#4104=VERTEX_POINT('',#14532);
#4105=VERTEX_POINT('',#14534);
#4106=VERTEX_POINT('',#14538);
#4107=VERTEX_POINT('',#14553);
#4108=VERTEX_POINT('',#14555);
#4109=VERTEX_POINT('',#14559);
#4110=VERTEX_POINT('',#14561);
#4111=VERTEX_POINT('',#14565);
#4112=VERTEX_POINT('',#14567);
#4113=VERTEX_POINT('',#14569);
#4114=VERTEX_POINT('',#14571);
#4115=VERTEX_POINT('',#14573);
#4116=VERTEX_POINT('',#14575);
#4117=VERTEX_POINT('',#14577);
#4118=VERTEX_POINT('',#14579);
#4119=VERTEX_POINT('',#14581);
#4120=VERTEX_POINT('',#14585);
#4121=VERTEX_POINT('',#14589);
#4122=VERTEX_POINT('',#14591);
#4123=VERTEX_POINT('',#14593);
#4124=VERTEX_POINT('',#14595);
#4125=VERTEX_POINT('',#14597);
#4126=VERTEX_POINT('',#14599);
#4127=VERTEX_POINT('',#14601);
#4128=VERTEX_POINT('',#14603);
#4129=VERTEX_POINT('',#14624);
#4130=VERTEX_POINT('',#14637);
#4131=VERTEX_POINT('',#14639);
#4132=VERTEX_POINT('',#14642);
#4133=VERTEX_POINT('',#14644);
#4134=VERTEX_POINT('',#14664);
#4135=VERTEX_POINT('',#14667);
#4136=VERTEX_POINT('',#14671);
#4137=VERTEX_POINT('',#14688);
#4138=VERTEX_POINT('',#14691);
#4139=VERTEX_POINT('',#14695);
#4140=VERTEX_POINT('',#14705);
#4141=VERTEX_POINT('',#14707);
#4142=VERTEX_POINT('',#14711);
#4143=VERTEX_POINT('',#14713);
#4144=VERTEX_POINT('',#14717);
#4145=VERTEX_POINT('',#14719);
#4146=VERTEX_POINT('',#14723);
#4147=VERTEX_POINT('',#14725);
#4148=VERTEX_POINT('',#14729);
#4149=VERTEX_POINT('',#14731);
#4150=VERTEX_POINT('',#14735);
#4151=VERTEX_POINT('',#14737);
#4152=VERTEX_POINT('',#14741);
#4153=VERTEX_POINT('',#14743);
#4154=VERTEX_POINT('',#14747);
#4155=VERTEX_POINT('',#14751);
#4156=VERTEX_POINT('',#14753);
#4157=VERTEX_POINT('',#14755);
#4158=VERTEX_POINT('',#14761);
#4159=VERTEX_POINT('',#14765);
#4160=VERTEX_POINT('',#14767);
#4161=VERTEX_POINT('',#14769);
#4162=VERTEX_POINT('',#14775);
#4163=VERTEX_POINT('',#14779);
#4164=VERTEX_POINT('',#14781);
#4165=VERTEX_POINT('',#14783);
#4166=VERTEX_POINT('',#14789);
#4167=VERTEX_POINT('',#14793);
#4168=VERTEX_POINT('',#14795);
#4169=VERTEX_POINT('',#14797);
#4170=VERTEX_POINT('',#14803);
#4171=VERTEX_POINT('',#14807);
#4172=VERTEX_POINT('',#14809);
#4173=VERTEX_POINT('',#14811);
#4174=VERTEX_POINT('',#14817);
#4175=VERTEX_POINT('',#14821);
#4176=VERTEX_POINT('',#14823);
#4177=VERTEX_POINT('',#14825);
#4178=VERTEX_POINT('',#14831);
#4179=VERTEX_POINT('',#14835);
#4180=VERTEX_POINT('',#14837);
#4181=VERTEX_POINT('',#14839);
#4182=VERTEX_POINT('',#14845);
#4183=VERTEX_POINT('',#14849);
#4184=VERTEX_POINT('',#14851);
#4185=VERTEX_POINT('',#14853);
#4186=VERTEX_POINT('',#14859);
#4187=VERTEX_POINT('',#14863);
#4188=VERTEX_POINT('',#14865);
#4189=VERTEX_POINT('',#14867);
#4190=VERTEX_POINT('',#14873);
#4191=VERTEX_POINT('',#14877);
#4192=VERTEX_POINT('',#14879);
#4193=VERTEX_POINT('',#14881);
#4194=VERTEX_POINT('',#14887);
#4195=VERTEX_POINT('',#14891);
#4196=VERTEX_POINT('',#14893);
#4197=VERTEX_POINT('',#14895);
#4198=VERTEX_POINT('',#14901);
#4199=VERTEX_POINT('',#14905);
#4200=VERTEX_POINT('',#14907);
#4201=VERTEX_POINT('',#14909);
#4202=VERTEX_POINT('',#14915);
#4203=VERTEX_POINT('',#14917);
#4204=VERTEX_POINT('',#14921);
#4205=VERTEX_POINT('',#14923);
#4206=VERTEX_POINT('',#14927);
#4207=VERTEX_POINT('',#14929);
#4208=VERTEX_POINT('',#14933);
#4209=VERTEX_POINT('',#14935);
#4210=VERTEX_POINT('',#14939);
#4211=VERTEX_POINT('',#14941);
#4212=VERTEX_POINT('',#14945);
#4213=VERTEX_POINT('',#14947);
#4214=VERTEX_POINT('',#14951);
#4215=VERTEX_POINT('',#14953);
#4216=VERTEX_POINT('',#14957);
#4217=VERTEX_POINT('',#14959);
#4218=EDGE_CURVE('',#3428,#3429,#3194,.T.);
#4219=EDGE_CURVE('',#3429,#3430,#1442,.T.);
#4220=EDGE_CURVE('',#3430,#3431,#3195,.F.);
#4221=EDGE_CURVE('',#3431,#3428,#1443,.T.);
#4222=EDGE_CURVE('',#3432,#3428,#3196,.T.);
#4223=EDGE_CURVE('',#3433,#3432,#1444,.T.);
#4224=EDGE_CURVE('',#3434,#3433,#1445,.T.);
#4225=EDGE_CURVE('',#3435,#3434,#1446,.T.);
#4226=EDGE_CURVE('',#3435,#3436,#1447,.T.);
#4227=EDGE_CURVE('',#3437,#3436,#1448,.T.);
#4228=EDGE_CURVE('',#3438,#3437,#3197,.T.);
#4229=EDGE_CURVE('',#3439,#3438,#3198,.T.);
#4230=EDGE_CURVE('',#3440,#3439,#1449,.T.);
#4231=EDGE_CURVE('',#3429,#3440,#3199,.T.);
#4232=EDGE_CURVE('',#3431,#3441,#3200,.T.);
#4233=EDGE_CURVE('',#3442,#3441,#1450,.T.);
#4234=EDGE_CURVE('',#3432,#3442,#177,.T.);
#4235=EDGE_CURVE('',#3443,#3442,#178,.T.);
#4236=EDGE_CURVE('',#3441,#3444,#3201,.F.);
#4237=EDGE_CURVE('',#3444,#3443,#1451,.T.);
#4238=EDGE_CURVE('',#3445,#3443,#179,.F.);
#4239=EDGE_CURVE('',#3445,#3446,#1452,.T.);
#4240=EDGE_CURVE('',#3433,#3446,#3202,.T.);
#4241=EDGE_CURVE('',#3447,#3448,#180,.T.);
#4242=EDGE_CURVE('',#3448,#3449,#1453,.T.);
#4243=EDGE_CURVE('',#3449,#3450,#3203,.F.);
#4244=EDGE_CURVE('',#3450,#3447,#1454,.T.);
#4245=EDGE_CURVE('',#3451,#3447,#181,.F.);
#4246=EDGE_CURVE('',#3451,#3452,#1455,.T.);
#4247=EDGE_CURVE('',#3453,#3452,#3204,.T.);
#4248=EDGE_CURVE('',#3453,#3454,#1456,.T.);
#4249=EDGE_CURVE('',#3454,#3448,#182,.T.);
#4250=EDGE_CURVE('',#3455,#3450,#3205,.T.);
#4251=EDGE_CURVE('',#3456,#3455,#1457,.T.);
#4252=EDGE_CURVE('',#3451,#3456,#3206,.F.);
#4253=EDGE_CURVE('',#3457,#3456,#3207,.T.);
#4254=EDGE_CURVE('',#3455,#3458,#3208,.F.);
#4255=EDGE_CURVE('',#3458,#3457,#1458,.T.);
#4256=EDGE_CURVE('',#3457,#3459,#3209,.F.);
#4257=EDGE_CURVE('',#3460,#3459,#1459,.T.);
#4258=EDGE_CURVE('',#3460,#3461,#3210,.F.);
#4259=EDGE_CURVE('',#3461,#3462,#3211,.F.);
#4260=EDGE_CURVE('',#3463,#3462,#1460,.T.);
#4261=EDGE_CURVE('',#3464,#3463,#1461,.T.);
#4262=EDGE_CURVE('',#3465,#3464,#1462,.T.);
#4263=EDGE_CURVE('',#3452,#3465,#1463,.T.);
#4264=EDGE_CURVE('',#3466,#3467,#3212,.T.);
#4265=EDGE_CURVE('',#3467,#3468,#1464,.T.);
#4266=EDGE_CURVE('',#3468,#3469,#82,.T.);
#4267=EDGE_CURVE('',#3469,#3470,#1465,.T.);
#4268=EDGE_CURVE('',#3470,#3471,#1466,.T.);
#4269=EDGE_CURVE('',#3471,#3472,#1467,.T.);
#4270=EDGE_CURVE('',#3472,#3473,#1468,.T.);
#4271=EDGE_CURVE('',#3473,#3474,#1469,.T.);
#4272=EDGE_CURVE('',#3474,#3475,#1470,.T.);
#4273=EDGE_CURVE('',#3475,#3476,#1471,.T.);
#4274=EDGE_CURVE('',#3476,#3477,#1472,.T.);
#4275=EDGE_CURVE('',#3477,#3478,#1473,.T.);
#4276=EDGE_CURVE('',#3478,#3479,#1474,.T.);
#4277=EDGE_CURVE('',#3479,#3480,#1475,.T.);
#4278=EDGE_CURVE('',#3480,#3481,#1476,.T.);
#4279=EDGE_CURVE('',#3481,#3482,#1477,.T.);
#4280=EDGE_CURVE('',#3482,#3483,#1478,.T.);
#4281=EDGE_CURVE('',#3483,#3484,#1479,.T.);
#4282=EDGE_CURVE('',#3484,#3485,#1480,.T.);
#4283=EDGE_CURVE('',#3485,#3486,#1481,.T.);
#4284=EDGE_CURVE('',#3486,#3487,#1482,.T.);
#4285=EDGE_CURVE('',#3487,#3488,#1483,.T.);
#4286=EDGE_CURVE('',#3488,#3489,#1484,.T.);
#4287=EDGE_CURVE('',#3489,#3490,#1485,.T.);
#4288=EDGE_CURVE('',#3490,#3491,#1486,.T.);
#4289=EDGE_CURVE('',#3491,#3492,#1487,.T.);
#4290=EDGE_CURVE('',#3492,#3493,#1488,.T.);
#4291=EDGE_CURVE('',#3493,#3494,#1489,.T.);
#4292=EDGE_CURVE('',#3494,#3495,#1490,.T.);
#4293=EDGE_CURVE('',#3495,#3496,#1491,.T.);
#4294=EDGE_CURVE('',#3496,#3497,#1492,.T.);
#4295=EDGE_CURVE('',#3497,#3498,#1493,.T.);
#4296=EDGE_CURVE('',#3498,#3499,#1494,.T.);
#4297=EDGE_CURVE('',#3499,#3500,#1495,.T.);
#4298=EDGE_CURVE('',#3500,#3501,#1496,.T.);
#4299=EDGE_CURVE('',#3501,#3502,#1497,.T.);
#4300=EDGE_CURVE('',#3502,#3503,#1498,.T.);
#4301=EDGE_CURVE('',#3503,#3504,#1499,.T.);
#4302=EDGE_CURVE('',#3504,#3505,#1500,.T.);
#4303=EDGE_CURVE('',#3505,#3506,#1501,.T.);
#4304=EDGE_CURVE('',#3506,#3507,#1502,.T.);
#4305=EDGE_CURVE('',#3507,#3508,#1503,.T.);
#4306=EDGE_CURVE('',#3508,#3509,#1504,.T.);
#4307=EDGE_CURVE('',#3509,#3510,#1505,.T.);
#4308=EDGE_CURVE('',#3510,#3511,#1506,.T.);
#4309=EDGE_CURVE('',#3511,#3512,#1507,.T.);
#4310=EDGE_CURVE('',#3512,#3513,#1508,.T.);
#4311=EDGE_CURVE('',#3513,#3514,#1509,.T.);
#4312=EDGE_CURVE('',#3514,#3515,#1510,.T.);
#4313=EDGE_CURVE('',#3515,#3516,#1511,.T.);
#4314=EDGE_CURVE('',#3516,#3517,#1512,.T.);
#4315=EDGE_CURVE('',#3517,#3518,#1513,.T.);
#4316=EDGE_CURVE('',#3518,#3519,#1514,.T.);
#4317=EDGE_CURVE('',#3519,#3520,#1515,.T.);
#4318=EDGE_CURVE('',#3520,#3466,#1516,.T.);
#4319=EDGE_CURVE('',#3521,#3491,#1517,.T.);
#4320=EDGE_CURVE('',#3521,#3522,#1518,.T.);
#4321=EDGE_CURVE('',#3523,#3522,#1519,.T.);
#4322=EDGE_CURVE('',#3524,#3523,#1520,.T.);
#4323=EDGE_CURVE('',#3524,#3492,#1521,.T.);
#4324=EDGE_CURVE('',#3525,#3489,#1522,.T.);
#4325=EDGE_CURVE('',#3525,#3526,#1523,.T.);
#4326=EDGE_CURVE('',#3527,#3526,#1524,.T.);
#4327=EDGE_CURVE('',#3528,#3527,#1525,.T.);
#4328=EDGE_CURVE('',#3528,#3490,#1526,.T.);
#4329=EDGE_CURVE('',#3529,#3487,#1527,.T.);
#4330=EDGE_CURVE('',#3529,#3530,#1528,.T.);
#4331=EDGE_CURVE('',#3531,#3530,#1529,.T.);
#4332=EDGE_CURVE('',#3532,#3531,#1530,.T.);
#4333=EDGE_CURVE('',#3532,#3488,#1531,.T.);
#4334=EDGE_CURVE('',#3533,#3485,#1532,.T.);
#4335=EDGE_CURVE('',#3533,#3534,#1533,.T.);
#4336=EDGE_CURVE('',#3535,#3534,#1534,.T.);
#4337=EDGE_CURVE('',#3536,#3535,#1535,.T.);
#4338=EDGE_CURVE('',#3536,#3486,#1536,.T.);
#4339=EDGE_CURVE('',#3537,#3483,#1537,.T.);
#4340=EDGE_CURVE('',#3537,#3538,#1538,.T.);
#4341=EDGE_CURVE('',#3539,#3538,#1539,.T.);
#4342=EDGE_CURVE('',#3540,#3539,#1540,.T.);
#4343=EDGE_CURVE('',#3540,#3484,#1541,.T.);
#4344=EDGE_CURVE('',#3541,#3481,#1542,.T.);
#4345=EDGE_CURVE('',#3541,#3542,#1543,.T.);
#4346=EDGE_CURVE('',#3543,#3542,#1544,.T.);
#4347=EDGE_CURVE('',#3544,#3543,#1545,.T.);
#4348=EDGE_CURVE('',#3544,#3482,#1546,.T.);
#4349=EDGE_CURVE('',#3545,#3479,#1547,.T.);
#4350=EDGE_CURVE('',#3545,#3546,#1548,.T.);
#4351=EDGE_CURVE('',#3547,#3546,#1549,.T.);
#4352=EDGE_CURVE('',#3548,#3547,#1550,.T.);
#4353=EDGE_CURVE('',#3548,#3480,#1551,.T.);
#4354=EDGE_CURVE('',#3549,#3477,#1552,.T.);
#4355=EDGE_CURVE('',#3549,#3550,#1553,.T.);
#4356=EDGE_CURVE('',#3551,#3550,#1554,.T.);
#4357=EDGE_CURVE('',#3552,#3551,#1555,.T.);
#4358=EDGE_CURVE('',#3552,#3478,#1556,.T.);
#4359=EDGE_CURVE('',#3553,#3475,#1557,.T.);
#4360=EDGE_CURVE('',#3553,#3554,#1558,.T.);
#4361=EDGE_CURVE('',#3555,#3554,#1559,.T.);
#4362=EDGE_CURVE('',#3556,#3555,#1560,.T.);
#4363=EDGE_CURVE('',#3556,#3476,#1561,.T.);
#4364=EDGE_CURVE('',#3557,#3473,#1562,.T.);
#4365=EDGE_CURVE('',#3557,#3558,#1563,.T.);
#4366=EDGE_CURVE('',#3559,#3558,#1564,.T.);
#4367=EDGE_CURVE('',#3560,#3559,#1565,.T.);
#4368=EDGE_CURVE('',#3560,#3474,#1566,.T.);
#4369=EDGE_CURVE('',#3561,#3471,#1567,.T.);
#4370=EDGE_CURVE('',#3561,#3562,#1568,.T.);
#4371=EDGE_CURVE('',#3563,#3562,#1569,.T.);
#4372=EDGE_CURVE('',#3564,#3563,#1570,.T.);
#4373=EDGE_CURVE('',#3564,#3472,#1571,.T.);
#4374=EDGE_CURVE('',#3565,#3469,#1572,.T.);
#4375=EDGE_CURVE('',#3566,#3565,#1573,.T.);
#4376=EDGE_CURVE('',#3567,#3566,#1574,.T.);
#4377=EDGE_CURVE('',#3567,#3470,#1575,.T.);
#4378=EDGE_CURVE('',#3568,#3519,#1576,.T.);
#4379=EDGE_CURVE('',#3568,#3569,#1577,.T.);
#4380=EDGE_CURVE('',#3570,#3569,#1578,.T.);
#4381=EDGE_CURVE('',#3571,#3570,#1579,.T.);
#4382=EDGE_CURVE('',#3571,#3520,#1580,.T.);
#4383=EDGE_CURVE('',#3572,#3517,#1581,.T.);
#4384=EDGE_CURVE('',#3572,#3573,#1582,.T.);
#4385=EDGE_CURVE('',#3574,#3573,#1583,.T.);
#4386=EDGE_CURVE('',#3575,#3574,#1584,.T.);
#4387=EDGE_CURVE('',#3575,#3518,#1585,.T.);
#4388=EDGE_CURVE('',#3576,#3515,#1586,.T.);
#4389=EDGE_CURVE('',#3576,#3577,#1587,.T.);
#4390=EDGE_CURVE('',#3578,#3577,#1588,.T.);
#4391=EDGE_CURVE('',#3579,#3578,#1589,.T.);
#4392=EDGE_CURVE('',#3579,#3516,#1590,.T.);
#4393=EDGE_CURVE('',#3580,#3513,#1591,.T.);
#4394=EDGE_CURVE('',#3580,#3581,#1592,.T.);
#4395=EDGE_CURVE('',#3582,#3581,#1593,.T.);
#4396=EDGE_CURVE('',#3583,#3582,#1594,.T.);
#4397=EDGE_CURVE('',#3583,#3514,#1595,.T.);
#4398=EDGE_CURVE('',#3584,#3511,#1596,.T.);
#4399=EDGE_CURVE('',#3584,#3585,#1597,.T.);
#4400=EDGE_CURVE('',#3586,#3585,#1598,.T.);
#4401=EDGE_CURVE('',#3587,#3586,#1599,.T.);
#4402=EDGE_CURVE('',#3587,#3512,#1600,.T.);
#4403=EDGE_CURVE('',#3588,#3509,#1601,.T.);
#4404=EDGE_CURVE('',#3588,#3589,#1602,.T.);
#4405=EDGE_CURVE('',#3590,#3589,#1603,.T.);
#4406=EDGE_CURVE('',#3591,#3590,#1604,.T.);
#4407=EDGE_CURVE('',#3591,#3510,#1605,.T.);
#4408=EDGE_CURVE('',#3592,#3507,#1606,.T.);
#4409=EDGE_CURVE('',#3592,#3593,#1607,.T.);
#4410=EDGE_CURVE('',#3594,#3593,#1608,.T.);
#4411=EDGE_CURVE('',#3595,#3594,#1609,.T.);
#4412=EDGE_CURVE('',#3595,#3508,#1610,.T.);
#4413=EDGE_CURVE('',#3596,#3505,#1611,.T.);
#4414=EDGE_CURVE('',#3596,#3597,#1612,.T.);
#4415=EDGE_CURVE('',#3598,#3597,#1613,.T.);
#4416=EDGE_CURVE('',#3599,#3598,#1614,.T.);
#4417=EDGE_CURVE('',#3599,#3506,#1615,.T.);
#4418=EDGE_CURVE('',#3600,#3503,#1616,.T.);
#4419=EDGE_CURVE('',#3600,#3601,#1617,.T.);
#4420=EDGE_CURVE('',#3602,#3601,#1618,.T.);
#4421=EDGE_CURVE('',#3603,#3602,#1619,.T.);
#4422=EDGE_CURVE('',#3603,#3504,#1620,.T.);
#4423=EDGE_CURVE('',#3604,#3501,#1621,.T.);
#4424=EDGE_CURVE('',#3604,#3605,#1622,.T.);
#4425=EDGE_CURVE('',#3606,#3605,#1623,.T.);
#4426=EDGE_CURVE('',#3607,#3606,#1624,.T.);
#4427=EDGE_CURVE('',#3607,#3502,#1625,.T.);
#4428=EDGE_CURVE('',#3608,#3499,#1626,.T.);
#4429=EDGE_CURVE('',#3608,#3609,#1627,.T.);
#4430=EDGE_CURVE('',#3610,#3609,#1628,.T.);
#4431=EDGE_CURVE('',#3611,#3610,#1629,.T.);
#4432=EDGE_CURVE('',#3611,#3500,#1630,.T.);
#4433=EDGE_CURVE('',#3612,#3497,#1631,.T.);
#4434=EDGE_CURVE('',#3612,#3613,#1632,.T.);
#4435=EDGE_CURVE('',#3614,#3613,#1633,.T.);
#4436=EDGE_CURVE('',#3615,#3614,#1634,.T.);
#4437=EDGE_CURVE('',#3615,#3498,#1635,.T.);
#4438=EDGE_CURVE('',#3616,#3495,#1636,.T.);
#4439=EDGE_CURVE('',#3616,#3617,#1637,.T.);
#4440=EDGE_CURVE('',#3618,#3617,#1638,.T.);
#4441=EDGE_CURVE('',#3619,#3618,#1639,.T.);
#4442=EDGE_CURVE('',#3619,#3496,#1640,.T.);
#4443=EDGE_CURVE('',#3620,#3493,#1641,.T.);
#4444=EDGE_CURVE('',#3620,#3621,#1642,.T.);
#4445=EDGE_CURVE('',#3622,#3621,#1643,.T.);
#4446=EDGE_CURVE('',#3623,#3622,#1644,.T.);
#4447=EDGE_CURVE('',#3623,#3494,#1645,.T.);
#4448=EDGE_CURVE('',#3467,#3624,#1646,.T.);
#4449=EDGE_CURVE('',#3624,#3625,#1647,.F.);
#4450=EDGE_CURVE('',#3468,#3625,#1648,.T.);
#4451=EDGE_CURVE('',#3626,#3627,#3213,.T.);
#4452=EDGE_CURVE('',#3627,#3628,#1649,.T.);
#4453=EDGE_CURVE('',#3628,#3629,#3214,.T.);
#4454=EDGE_CURVE('',#3629,#3626,#1650,.T.);
#4455=EDGE_CURVE('',#3630,#3631,#3215,.T.);
#4456=EDGE_CURVE('',#3631,#3629,#3216,.T.);
#4457=EDGE_CURVE('',#3628,#3630,#3217,.T.);
#4458=EDGE_CURVE('',#3632,#3633,#3218,.T.);
#4459=EDGE_CURVE('',#3633,#3631,#1651,.T.);
#4460=EDGE_CURVE('',#3630,#3632,#1652,.T.);
#4461=EDGE_CURVE('',#3634,#3635,#3219,.T.);
#4462=EDGE_CURVE('',#3635,#3633,#3220,.T.);
#4463=EDGE_CURVE('',#3632,#3634,#3221,.T.);
#4464=EDGE_CURVE('',#3636,#3637,#3222,.T.);
#4465=EDGE_CURVE('',#3637,#3635,#1653,.T.);
#4466=EDGE_CURVE('',#3634,#3636,#1654,.T.);
#4467=EDGE_CURVE('',#3638,#3639,#3223,.T.);
#4468=EDGE_CURVE('',#3639,#3637,#3224,.T.);
#4469=EDGE_CURVE('',#3636,#3638,#3225,.T.);
#4470=EDGE_CURVE('',#3640,#3641,#3226,.T.);
#4471=EDGE_CURVE('',#3641,#3639,#1655,.T.);
#4472=EDGE_CURVE('',#3638,#3640,#1656,.T.);
#4473=EDGE_CURVE('',#3640,#3627,#3227,.T.);
#4474=EDGE_CURVE('',#3626,#3641,#3228,.T.);
#4475=EDGE_CURVE('',#3632,#3642,#1657,.T.);
#4476=EDGE_CURVE('',#3643,#3642,#3229,.T.);
#4477=EDGE_CURVE('',#3643,#3634,#1658,.T.);
#4478=EDGE_CURVE('',#3644,#3630,#1659,.T.);
#4479=EDGE_CURVE('',#3645,#3644,#1660,.T.);
#4480=EDGE_CURVE('',#3646,#3645,#1661,.T.);
#4481=EDGE_CURVE('',#3642,#3646,#183,.T.);
#4482=EDGE_CURVE('',#3647,#3648,#1662,.T.);
#4483=EDGE_CURVE('',#3649,#3647,#3230,.T.);
#4484=EDGE_CURVE('',#3650,#3649,#1663,.T.);
#4485=EDGE_CURVE('',#3651,#3650,#3231,.T.);
#4486=EDGE_CURVE('',#3652,#3651,#1664,.T.);
#4487=EDGE_CURVE('',#3653,#3652,#3232,.T.);
#4488=EDGE_CURVE('',#3654,#3653,#1665,.T.);
#4489=EDGE_CURVE('',#3648,#3654,#3233,.T.);
#4490=EDGE_CURVE('',#3628,#3655,#1666,.T.);
#4491=EDGE_CURVE('',#3644,#3655,#3234,.T.);
#4492=EDGE_CURVE('',#3656,#3627,#1667,.T.);
#4493=EDGE_CURVE('',#3657,#3656,#1668,.T.);
#4494=EDGE_CURVE('',#3658,#3657,#3235,.T.);
#4495=EDGE_CURVE('',#3659,#3658,#1669,.T.);
#4496=EDGE_CURVE('',#3660,#3659,#3236,.T.);
#4497=EDGE_CURVE('',#3661,#3660,#1670,.T.);
#4498=EDGE_CURVE('',#3662,#3661,#3237,.T.);
#4499=EDGE_CURVE('',#3663,#3662,#1671,.T.);
#4500=EDGE_CURVE('',#3664,#3663,#3238,.T.);
#4501=EDGE_CURVE('',#3665,#3664,#1672,.T.);
#4502=EDGE_CURVE('',#3666,#3665,#1673,.T.);
#4503=EDGE_CURVE('',#3667,#3666,#1674,.T.);
#4504=EDGE_CURVE('',#3668,#3667,#3239,.T.);
#4505=EDGE_CURVE('',#3669,#3668,#1675,.T.);
#4506=EDGE_CURVE('',#3670,#3669,#3240,.T.);
#4507=EDGE_CURVE('',#3671,#3670,#1676,.T.);
#4508=EDGE_CURVE('',#3672,#3671,#3241,.T.);
#4509=EDGE_CURVE('',#3672,#3673,#1677,.T.);
#4510=EDGE_CURVE('',#3674,#3673,#3242,.T.);
#4511=EDGE_CURVE('',#3675,#3674,#1678,.T.);
#4512=EDGE_CURVE('',#3676,#3675,#1679,.T.);
#4513=EDGE_CURVE('',#3655,#3676,#1680,.T.);
#4514=EDGE_CURVE('',#3677,#3678,#1681,.T.);
#4515=EDGE_CURVE('',#3679,#3677,#1682,.T.);
#4516=EDGE_CURVE('',#3680,#3679,#1683,.T.);
#4517=EDGE_CURVE('',#3678,#3680,#1684,.T.);
#4518=EDGE_CURVE('',#3681,#3682,#1685,.T.);
#4519=EDGE_CURVE('',#3683,#3681,#1686,.T.);
#4520=EDGE_CURVE('',#3684,#3683,#1687,.T.);
#4521=EDGE_CURVE('',#3682,#3684,#1688,.T.);
#4522=EDGE_CURVE('',#3685,#3686,#3243,.T.);
#4523=EDGE_CURVE('',#3686,#3687,#1689,.T.);
#4524=EDGE_CURVE('',#3687,#3688,#184,.F.);
#4525=EDGE_CURVE('',#3688,#3685,#1690,.T.);
#4526=EDGE_CURVE('',#3689,#3676,#3244,.T.);
#4527=EDGE_CURVE('',#3676,#3686,#3245,.T.);
#4528=EDGE_CURVE('',#3685,#3689,#3246,.T.);
#4529=EDGE_CURVE('',#3690,#3655,#3247,.T.);
#4530=EDGE_CURVE('',#3689,#3690,#1691,.T.);
#4531=EDGE_CURVE('',#3691,#3644,#3248,.T.);
#4532=EDGE_CURVE('',#3690,#3691,#3249,.T.);
#4533=EDGE_CURVE('',#3692,#3645,#3250,.T.);
#4534=EDGE_CURVE('',#3691,#3692,#1692,.T.);
#4535=EDGE_CURVE('',#3693,#3694,#3251,.T.);
#4536=EDGE_CURVE('',#3694,#3645,#3252,.T.);
#4537=EDGE_CURVE('',#3692,#3693,#3253,.T.);
#4538=EDGE_CURVE('',#3695,#3696,#83,.T.);
#4539=EDGE_CURVE('',#3696,#3694,#1693,.T.);
#4540=EDGE_CURVE('',#3693,#3695,#1694,.T.);
#4541=EDGE_CURVE('',#3697,#3695,#1695,.T.);
#4542=EDGE_CURVE('',#3698,#3697,#1696,.T.);
#4543=EDGE_CURVE('',#3699,#3698,#1697,.T.);
#4544=EDGE_CURVE('',#3696,#3699,#1698,.F.);
#4545=EDGE_CURVE('',#3700,#3688,#1699,.T.);
#4546=EDGE_CURVE('',#3700,#3701,#1700,.T.);
#4547=EDGE_CURVE('',#3701,#3702,#1701,.T.);
#4548=EDGE_CURVE('',#3703,#3702,#3254,.T.);
#4549=EDGE_CURVE('',#3703,#3704,#1702,.F.);
#4550=EDGE_CURVE('',#3705,#3704,#3255,.T.);
#4551=EDGE_CURVE('',#3705,#3706,#1703,.F.);
#4552=EDGE_CURVE('',#3707,#3706,#3256,.T.);
#4553=EDGE_CURVE('',#3708,#3707,#1704,.T.);
#4554=EDGE_CURVE('',#3709,#3708,#1705,.T.);
#4555=EDGE_CURVE('',#3710,#3709,#1706,.F.);
#4556=EDGE_CURVE('',#3711,#3710,#3257,.T.);
#4557=EDGE_CURVE('',#3711,#3712,#1707,.F.);
#4558=EDGE_CURVE('',#3713,#3712,#3258,.T.);
#4559=EDGE_CURVE('',#3713,#3714,#1708,.T.);
#4560=EDGE_CURVE('',#3715,#3714,#1709,.T.);
#4561=EDGE_CURVE('',#3715,#3716,#1710,.T.);
#4562=EDGE_CURVE('',#3717,#3716,#3259,.T.);
#4563=EDGE_CURVE('',#3717,#3718,#1711,.F.);
#4564=EDGE_CURVE('',#3719,#3718,#3260,.T.);
#4565=EDGE_CURVE('',#3719,#3720,#1712,.F.);
#4566=EDGE_CURVE('',#3721,#3720,#3261,.T.);
#4567=EDGE_CURVE('',#3721,#3722,#1713,.F.);
#4568=EDGE_CURVE('',#3697,#3722,#3262,.T.);
#4569=EDGE_CURVE('',#3723,#3724,#1714,.T.);
#4570=EDGE_CURVE('',#3723,#3725,#1715,.F.);
#4571=EDGE_CURVE('',#3725,#3726,#1716,.F.);
#4572=EDGE_CURVE('',#3726,#3727,#1717,.F.);
#4573=EDGE_CURVE('',#3727,#3728,#1718,.F.);
#4574=EDGE_CURVE('',#3728,#3729,#1719,.F.);
#4575=EDGE_CURVE('',#3729,#3730,#1720,.F.);
#4576=EDGE_CURVE('',#3730,#3724,#1721,.F.);
#4577=EDGE_CURVE('',#3731,#3647,#3263,.T.);
#4578=EDGE_CURVE('',#3648,#3732,#3264,.T.);
#4579=EDGE_CURVE('',#3732,#3731,#1722,.T.);
#4580=EDGE_CURVE('',#3654,#3733,#3265,.T.);
#4581=EDGE_CURVE('',#3733,#3732,#3266,.T.);
#4582=EDGE_CURVE('',#3653,#3734,#3267,.T.);
#4583=EDGE_CURVE('',#3734,#3733,#1723,.T.);
#4584=EDGE_CURVE('',#3652,#3735,#3268,.T.);
#4585=EDGE_CURVE('',#3735,#3734,#3269,.T.);
#4586=EDGE_CURVE('',#3651,#3736,#3270,.T.);
#4587=EDGE_CURVE('',#3736,#3735,#1724,.T.);
#4588=EDGE_CURVE('',#3650,#3737,#3271,.T.);
#4589=EDGE_CURVE('',#3737,#3736,#3272,.T.);
#4590=EDGE_CURVE('',#3649,#3738,#3273,.T.);
#4591=EDGE_CURVE('',#3738,#3737,#1725,.T.);
#4592=EDGE_CURVE('',#3731,#3738,#3274,.T.);
#4593=EDGE_CURVE('',#3737,#3739,#1726,.T.);
#4594=EDGE_CURVE('',#3740,#3739,#84,.T.);
#4595=EDGE_CURVE('',#3740,#3736,#1727,.T.);
#4596=EDGE_CURVE('',#3741,#3738,#1728,.T.);
#4597=EDGE_CURVE('',#3739,#3741,#1729,.T.);
#4598=EDGE_CURVE('',#3731,#3742,#1730,.T.);
#4599=EDGE_CURVE('',#3742,#3741,#85,.T.);
#4600=EDGE_CURVE('',#3743,#3732,#1731,.T.);
#4601=EDGE_CURVE('',#3742,#3743,#1732,.T.);
#4602=EDGE_CURVE('',#3636,#3744,#1733,.T.);
#4603=EDGE_CURVE('',#3744,#3745,#3275,.T.);
#4604=EDGE_CURVE('',#3745,#3746,#185,.T.);
#4605=EDGE_CURVE('',#3746,#3638,#1734,.T.);
#4606=EDGE_CURVE('',#3747,#3746,#1735,.T.);
#4607=EDGE_CURVE('',#3640,#3747,#1736,.T.);
#4608=EDGE_CURVE('',#3745,#3748,#1737,.T.);
#4609=EDGE_CURVE('',#3747,#3748,#3276,.T.);
#4610=EDGE_CURVE('',#3749,#3656,#186,.T.);
#4611=EDGE_CURVE('',#3656,#3750,#187,.T.);
#4612=EDGE_CURVE('',#3749,#3750,#3277,.T.);
#4613=EDGE_CURVE('',#3750,#3747,#3278,.T.);
#4614=EDGE_CURVE('',#3748,#3749,#3279,.T.);
#4615=EDGE_CURVE('',#3751,#3752,#3280,.T.);
#4616=EDGE_CURVE('',#3752,#3753,#3281,.T.);
#4617=EDGE_CURVE('',#3754,#3753,#3282,.T.);
#4618=EDGE_CURVE('',#3754,#3751,#3283,.T.);
#4619=EDGE_CURVE('',#3753,#3675,#188,.T.);
#4620=EDGE_CURVE('',#3675,#3754,#189,.T.);
#4621=EDGE_CURVE('',#3752,#3686,#1738,.T.);
#4622=EDGE_CURVE('',#3755,#3752,#1739,.T.);
#4623=EDGE_CURVE('',#3755,#3687,#3284,.T.);
#4624=EDGE_CURVE('',#3751,#3756,#1740,.T.);
#4625=EDGE_CURVE('',#3755,#3756,#190,.F.);
#4626=EDGE_CURVE('',#3757,#3758,#191,.F.);
#4627=EDGE_CURVE('',#3757,#3759,#3285,.T.);
#4628=EDGE_CURVE('',#3759,#3643,#3286,.T.);
#4629=EDGE_CURVE('',#3646,#3758,#192,.T.);
#4630=EDGE_CURVE('',#3760,#3761,#3287,.T.);
#4631=EDGE_CURVE('',#3761,#3643,#1741,.T.);
#4632=EDGE_CURVE('',#3759,#3760,#1742,.T.);
#4633=EDGE_CURVE('',#3762,#3761,#1743,.T.);
#4634=EDGE_CURVE('',#3763,#3762,#3288,.T.);
#4635=EDGE_CURVE('',#3764,#3763,#1744,.T.);
#4636=EDGE_CURVE('',#3765,#3764,#3289,.T.);
#4637=EDGE_CURVE('',#3766,#3765,#1745,.T.);
#4638=EDGE_CURVE('',#3436,#3766,#3290,.T.);
#4639=EDGE_CURVE('',#3767,#3435,#3291,.T.);
#4640=EDGE_CURVE('',#3744,#3767,#1746,.T.);
#4641=EDGE_CURVE('',#3768,#3757,#1747,.F.);
#4642=EDGE_CURVE('',#3769,#3768,#1748,.T.);
#4643=EDGE_CURVE('',#3769,#3770,#1749,.T.);
#4644=EDGE_CURVE('',#3771,#3770,#1750,.T.);
#4645=EDGE_CURVE('',#3771,#3760,#1751,.T.);
#4646=EDGE_CURVE('',#3758,#3694,#1752,.T.);
#4647=EDGE_CURVE('',#3770,#3772,#3292,.T.);
#4648=EDGE_CURVE('',#3772,#3773,#1753,.T.);
#4649=EDGE_CURVE('',#3773,#3771,#3293,.F.);
#4650=EDGE_CURVE('',#3774,#3700,#3294,.T.);
#4651=EDGE_CURVE('',#3756,#3775,#1754,.F.);
#4652=EDGE_CURVE('',#3776,#3775,#193,.T.);
#4653=EDGE_CURVE('',#3776,#3774,#1755,.T.);
#4654=EDGE_CURVE('',#3749,#3777,#1756,.T.);
#4655=EDGE_CURVE('',#3657,#3777,#3295,.T.);
#4656=EDGE_CURVE('',#3778,#3754,#1757,.T.);
#4657=EDGE_CURVE('',#3779,#3778,#1758,.T.);
#4658=EDGE_CURVE('',#3779,#3780,#1759,.F.);
#4659=EDGE_CURVE('',#3780,#3781,#1760,.F.);
#4660=EDGE_CURVE('',#3781,#3782,#1761,.F.);
#4661=EDGE_CURVE('',#3783,#3782,#1762,.T.);
#4662=EDGE_CURVE('',#3783,#3784,#1763,.F.);
#4663=EDGE_CURVE('',#3784,#3785,#1764,.F.);
#4664=EDGE_CURVE('',#3785,#3786,#1765,.F.);
#4665=EDGE_CURVE('',#3775,#3786,#1766,.T.);
#4666=EDGE_CURVE('',#3778,#3674,#3296,.T.);
#4667=EDGE_CURVE('',#3787,#3665,#86,.T.);
#4668=EDGE_CURVE('',#3665,#3788,#87,.T.);
#4669=EDGE_CURVE('',#3788,#3787,#3297,.T.);
#4670=EDGE_CURVE('',#3664,#3789,#3298,.T.);
#4671=EDGE_CURVE('',#3789,#3788,#1767,.T.);
#4672=EDGE_CURVE('',#3663,#3790,#3299,.T.);
#4673=EDGE_CURVE('',#3790,#3789,#3300,.T.);
#4674=EDGE_CURVE('',#3662,#3446,#3301,.T.);
#4675=EDGE_CURVE('',#3446,#3790,#1768,.T.);
#4676=EDGE_CURVE('',#3661,#3433,#3302,.T.);
#4677=EDGE_CURVE('',#3660,#3434,#3303,.T.);
#4678=EDGE_CURVE('',#3659,#3791,#194,.T.);
#4679=EDGE_CURVE('',#3791,#3434,#3304,.T.);
#4680=EDGE_CURVE('',#3792,#3666,#88,.T.);
#4681=EDGE_CURVE('',#3666,#3793,#89,.T.);
#4682=EDGE_CURVE('',#3793,#3792,#3305,.T.);
#4683=EDGE_CURVE('',#3787,#3793,#1769,.T.);
#4684=EDGE_CURVE('',#3670,#3452,#3306,.T.);
#4685=EDGE_CURVE('',#3465,#3671,#3307,.T.);
#4686=EDGE_CURVE('',#3794,#3672,#195,.T.);
#4687=EDGE_CURVE('',#3465,#3794,#3308,.T.);
#4688=EDGE_CURVE('',#3669,#3453,#3309,.T.);
#4689=EDGE_CURVE('',#3668,#3795,#3310,.T.);
#4690=EDGE_CURVE('',#3795,#3453,#1770,.T.);
#4691=EDGE_CURVE('',#3667,#3796,#3311,.T.);
#4692=EDGE_CURVE('',#3796,#3795,#3312,.T.);
#4693=EDGE_CURVE('',#3792,#3796,#1771,.T.);
#4694=EDGE_CURVE('',#3797,#3794,#1772,.T.);
#4695=EDGE_CURVE('',#3798,#3797,#1773,.T.);
#4696=EDGE_CURVE('',#3798,#3799,#1774,.T.);
#4697=EDGE_CURVE('',#3800,#3799,#3313,.T.);
#4698=EDGE_CURVE('',#3800,#3801,#1775,.T.);
#4699=EDGE_CURVE('',#3802,#3801,#3314,.T.);
#4700=EDGE_CURVE('',#3803,#3802,#1776,.T.);
#4701=EDGE_CURVE('',#3804,#3803,#1777,.T.);
#4702=EDGE_CURVE('',#3805,#3804,#1778,.T.);
#4703=EDGE_CURVE('',#3673,#3805,#196,.F.);
#4704=EDGE_CURVE('',#3806,#3464,#3315,.T.);
#4705=EDGE_CURVE('',#3807,#3806,#1779,.F.);
#4706=EDGE_CURVE('',#3807,#3783,#3316,.T.);
#4707=EDGE_CURVE('',#3797,#3782,#3317,.F.);
#4708=EDGE_CURVE('',#3777,#3808,#3318,.T.);
#4709=EDGE_CURVE('',#3808,#3658,#197,.F.);
#4710=EDGE_CURVE('',#3805,#3778,#3319,.T.);
#4711=EDGE_CURVE('',#3779,#3804,#3320,.F.);
#4712=EDGE_CURVE('',#3735,#3809,#1780,.T.);
#4713=EDGE_CURVE('',#3809,#3810,#3321,.T.);
#4714=EDGE_CURVE('',#3810,#3734,#1781,.T.);
#4715=EDGE_CURVE('',#3811,#3812,#3322,.T.);
#4716=EDGE_CURVE('',#3812,#3810,#3323,.T.);
#4717=EDGE_CURVE('',#3809,#3811,#3324,.T.);
#4718=EDGE_CURVE('',#3813,#3814,#3325,.T.);
#4719=EDGE_CURVE('',#3814,#3815,#90,.T.);
#4720=EDGE_CURVE('',#3815,#3813,#91,.T.);
#4721=EDGE_CURVE('',#3813,#3812,#198,.T.);
#4722=EDGE_CURVE('',#3811,#3814,#199,.T.);
#4723=EDGE_CURVE('',#3816,#3810,#1782,.T.);
#4724=EDGE_CURVE('',#3817,#3816,#1783,.T.);
#4725=EDGE_CURVE('',#3817,#3818,#1784,.T.);
#4726=EDGE_CURVE('',#3733,#3818,#1785,.T.);
#4727=EDGE_CURVE('',#3819,#3820,#1786,.F.);
#4728=EDGE_CURVE('',#3821,#3820,#3326,.T.);
#4729=EDGE_CURVE('',#3821,#3822,#1787,.F.);
#4730=EDGE_CURVE('',#3823,#3822,#3327,.T.);
#4731=EDGE_CURVE('',#3823,#3824,#1788,.F.);
#4732=EDGE_CURVE('',#3825,#3824,#3328,.T.);
#4733=EDGE_CURVE('',#3825,#3826,#1789,.F.);
#4734=EDGE_CURVE('',#3819,#3826,#3329,.T.);
#4735=EDGE_CURVE('',#3815,#3827,#1790,.T.);
#4736=EDGE_CURVE('',#3827,#3828,#92,.T.);
#4737=EDGE_CURVE('',#3816,#3828,#93,.T.);
#4738=EDGE_CURVE('',#3814,#3829,#3330,.T.);
#4739=EDGE_CURVE('',#3829,#3815,#1791,.T.);
#4740=EDGE_CURVE('',#3437,#3439,#200,.F.);
#4741=EDGE_CURVE('',#3766,#3830,#1792,.T.);
#4742=EDGE_CURVE('',#3830,#3440,#201,.T.);
#4743=EDGE_CURVE('',#3831,#3445,#1793,.T.);
#4744=EDGE_CURVE('',#3790,#3831,#1794,.T.);
#4745=EDGE_CURVE('',#3832,#3833,#3331,.T.);
#4746=EDGE_CURVE('',#3833,#3834,#1795,.T.);
#4747=EDGE_CURVE('',#3835,#3834,#3332,.F.);
#4748=EDGE_CURVE('',#3835,#3832,#1796,.T.);
#4749=EDGE_CURVE('',#3777,#3836,#1797,.T.);
#4750=EDGE_CURVE('',#3837,#3836,#3333,.F.);
#4751=EDGE_CURVE('',#3837,#3808,#1798,.T.);
#4752=EDGE_CURVE('',#3838,#3791,#1799,.F.);
#4753=EDGE_CURVE('',#3838,#3839,#3334,.T.);
#4754=EDGE_CURVE('',#3839,#3767,#1800,.T.);
#4755=EDGE_CURVE('',#3840,#3839,#1801,.T.);
#4756=EDGE_CURVE('',#3841,#3840,#1802,.T.);
#4757=EDGE_CURVE('',#3834,#3841,#1803,.T.);
#4758=EDGE_CURVE('',#3842,#3833,#1804,.T.);
#4759=EDGE_CURVE('',#3843,#3842,#1805,.T.);
#4760=EDGE_CURVE('',#3836,#3843,#1806,.T.);
#4761=EDGE_CURVE('',#3460,#3462,#202,.F.);
#4762=EDGE_CURVE('',#3459,#3844,#203,.T.);
#4763=EDGE_CURVE('',#3844,#3845,#1807,.T.);
#4764=EDGE_CURVE('',#3463,#3845,#3335,.T.);
#4765=EDGE_CURVE('',#3772,#3774,#1808,.T.);
#4766=EDGE_CURVE('',#3776,#3846,#3336,.T.);
#4767=EDGE_CURVE('',#3846,#3806,#1809,.T.);
#4768=EDGE_CURVE('',#3845,#3847,#1810,.T.);
#4769=EDGE_CURVE('',#3847,#3848,#3337,.T.);
#4770=EDGE_CURVE('',#3848,#3849,#1811,.T.);
#4771=EDGE_CURVE('',#3850,#3849,#3338,.F.);
#4772=EDGE_CURVE('',#3850,#3773,#1812,.T.);
#4773=EDGE_CURVE('',#3844,#3851,#1813,.F.);
#4774=EDGE_CURVE('',#3847,#3851,#1814,.T.);
#4775=EDGE_CURVE('',#3786,#3852,#3339,.T.);
#4776=EDGE_CURVE('',#3852,#3846,#1815,.T.);
#4777=EDGE_CURVE('',#3853,#3854,#3340,.T.);
#4778=EDGE_CURVE('',#3854,#3855,#204,.T.);
#4779=EDGE_CURVE('',#3855,#3853,#205,.T.);
#4780=EDGE_CURVE('',#3856,#3857,#3341,.T.);
#4781=EDGE_CURVE('',#3857,#3854,#94,.T.);
#4782=EDGE_CURVE('',#3853,#3856,#95,.T.);
#4783=EDGE_CURVE('',#3704,#3857,#1816,.T.);
#4784=EDGE_CURVE('',#3856,#3705,#1817,.T.);
#4785=EDGE_CURVE('',#3858,#3855,#1818,.T.);
#4786=EDGE_CURVE('',#3858,#3859,#1819,.T.);
#4787=EDGE_CURVE('',#3860,#3859,#1820,.T.);
#4788=EDGE_CURVE('',#3861,#3860,#1821,.T.);
#4789=EDGE_CURVE('',#3712,#3861,#1822,.T.);
#4790=EDGE_CURVE('',#3862,#3711,#1823,.T.);
#4791=EDGE_CURVE('',#3863,#3862,#206,.F.);
#4792=EDGE_CURVE('',#3863,#3864,#1824,.T.);
#4793=EDGE_CURVE('',#3865,#3864,#207,.F.);
#4794=EDGE_CURVE('',#3706,#3865,#1825,.T.);
#4795=EDGE_CURVE('',#3854,#3866,#208,.T.);
#4796=EDGE_CURVE('',#3866,#3867,#3342,.T.);
#4797=EDGE_CURVE('',#3867,#3855,#209,.T.);
#4798=EDGE_CURVE('',#3868,#3869,#3343,.T.);
#4799=EDGE_CURVE('',#3869,#3870,#1826,.T.);
#4800=EDGE_CURVE('',#3870,#3871,#3344,.T.);
#4801=EDGE_CURVE('',#3871,#3868,#1827,.T.);
#4802=EDGE_CURVE('',#3862,#3871,#3345,.T.);
#4803=EDGE_CURVE('',#3870,#3863,#3346,.T.);
#4804=EDGE_CURVE('',#3872,#3873,#3347,.T.);
#4805=EDGE_CURVE('',#3873,#3869,#3348,.T.);
#4806=EDGE_CURVE('',#3868,#3872,#3349,.T.);
#4807=EDGE_CURVE('',#3874,#3875,#3350,.T.);
#4808=EDGE_CURVE('',#3875,#3873,#210,.T.);
#4809=EDGE_CURVE('',#3872,#3874,#211,.T.);
#4810=EDGE_CURVE('',#3876,#3877,#3351,.T.);
#4811=EDGE_CURVE('',#3877,#3875,#3352,.T.);
#4812=EDGE_CURVE('',#3874,#3876,#3353,.T.);
#4813=EDGE_CURVE('',#3878,#3879,#3354,.T.);
#4814=EDGE_CURVE('',#3879,#3877,#1828,.T.);
#4815=EDGE_CURVE('',#3876,#3878,#1829,.T.);
#4816=EDGE_CURVE('',#3880,#3881,#3355,.T.);
#4817=EDGE_CURVE('',#3881,#3879,#3356,.T.);
#4818=EDGE_CURVE('',#3878,#3880,#3357,.T.);
#4819=EDGE_CURVE('',#3882,#3883,#3358,.T.);
#4820=EDGE_CURVE('',#3883,#3881,#1830,.T.);
#4821=EDGE_CURVE('',#3880,#3882,#1831,.T.);
#4822=EDGE_CURVE('',#3882,#3860,#96,.T.);
#4823=EDGE_CURVE('',#3860,#3883,#97,.T.);
#4824=EDGE_CURVE('',#3884,#3883,#1832,.T.);
#4825=EDGE_CURVE('',#3885,#3884,#1833,.T.);
#4826=EDGE_CURVE('',#3881,#3885,#1834,.T.);
#4827=EDGE_CURVE('',#3884,#3859,#3359,.T.);
#4828=EDGE_CURVE('',#3882,#3886,#1835,.T.);
#4829=EDGE_CURVE('',#3861,#3886,#3360,.T.);
#4830=EDGE_CURVE('',#3887,#3876,#1836,.T.);
#4831=EDGE_CURVE('',#3888,#3887,#1837,.T.);
#4832=EDGE_CURVE('',#3889,#3888,#1838,.T.);
#4833=EDGE_CURVE('',#3890,#3889,#3361,.T.);
#4834=EDGE_CURVE('',#3891,#3890,#1839,.T.);
#4835=EDGE_CURVE('',#3892,#3891,#1840,.T.);
#4836=EDGE_CURVE('',#3893,#3892,#1841,.T.);
#4837=EDGE_CURVE('',#3893,#3894,#1842,.T.);
#4838=EDGE_CURVE('',#3895,#3894,#1843,.T.);
#4839=EDGE_CURVE('',#3896,#3895,#1844,.F.);
#4840=EDGE_CURVE('',#3897,#3896,#1845,.T.);
#4841=EDGE_CURVE('',#3898,#3897,#212,.F.);
#4842=EDGE_CURVE('',#3899,#3898,#1846,.T.);
#4843=EDGE_CURVE('',#3900,#3899,#3362,.F.);
#4844=EDGE_CURVE('',#3901,#3900,#1847,.F.);
#4845=EDGE_CURVE('',#3901,#3902,#3363,.T.);
#4846=EDGE_CURVE('',#3903,#3902,#1848,.F.);
#4847=EDGE_CURVE('',#3903,#3904,#3364,.T.);
#4848=EDGE_CURVE('',#3905,#3904,#98,.T.);
#4849=EDGE_CURVE('',#3906,#3905,#1849,.T.);
#4850=EDGE_CURVE('',#3907,#3906,#213,.T.);
#4851=EDGE_CURVE('',#3908,#3907,#99,.T.);
#4852=EDGE_CURVE('',#3909,#3908,#214,.T.);
#4853=EDGE_CURVE('',#3886,#3909,#215,.F.);
#4854=EDGE_CURVE('',#3872,#3910,#1850,.T.);
#4855=EDGE_CURVE('',#3887,#3910,#100,.T.);
#4856=EDGE_CURVE('',#3710,#3871,#1851,.T.);
#4857=EDGE_CURVE('',#3911,#3709,#3365,.T.);
#4858=EDGE_CURVE('',#3911,#3910,#1852,.T.);
#4859=EDGE_CURVE('',#3891,#3912,#3366,.T.);
#4860=EDGE_CURVE('',#3912,#3867,#101,.T.);
#4861=EDGE_CURVE('',#3866,#3891,#102,.T.);
#4862=EDGE_CURVE('',#3890,#3913,#3367,.T.);
#4863=EDGE_CURVE('',#3913,#3912,#1853,.T.);
#4864=EDGE_CURVE('',#3889,#3914,#3368,.T.);
#4865=EDGE_CURVE('',#3914,#3913,#3369,.T.);
#4866=EDGE_CURVE('',#3915,#3916,#3370,.T.);
#4867=EDGE_CURVE('',#3916,#3914,#3371,.T.);
#4868=EDGE_CURVE('',#3889,#3915,#3372,.T.);
#4869=EDGE_CURVE('',#3915,#3917,#216,.T.);
#4870=EDGE_CURVE('',#3917,#3918,#3373,.T.);
#4871=EDGE_CURVE('',#3918,#3916,#217,.T.);
#4872=EDGE_CURVE('',#3919,#3920,#3374,.T.);
#4873=EDGE_CURVE('',#3920,#3918,#3375,.T.);
#4874=EDGE_CURVE('',#3917,#3919,#3376,.T.);
#4875=EDGE_CURVE('',#3921,#3922,#3377,.T.);
#4876=EDGE_CURVE('',#3922,#3920,#1854,.T.);
#4877=EDGE_CURVE('',#3919,#3921,#1855,.T.);
#4878=EDGE_CURVE('',#3864,#3922,#3378,.T.);
#4879=EDGE_CURVE('',#3921,#3865,#3379,.T.);
#4880=EDGE_CURVE('',#3921,#3707,#1856,.T.);
#4881=EDGE_CURVE('',#3923,#3917,#1857,.T.);
#4882=EDGE_CURVE('',#3923,#3924,#1858,.T.);
#4883=EDGE_CURVE('',#3708,#3924,#3380,.T.);
#4884=EDGE_CURVE('',#3923,#3888,#103,.T.);
#4885=EDGE_CURVE('',#3857,#3925,#1859,.T.);
#4886=EDGE_CURVE('',#3892,#3925,#104,.T.);
#4887=EDGE_CURVE('',#3908,#3926,#218,.T.);
#4888=EDGE_CURVE('',#3907,#3927,#3381,.T.);
#4889=EDGE_CURVE('',#3927,#3928,#105,.T.);
#4890=EDGE_CURVE('',#3928,#3926,#219,.F.);
#4891=EDGE_CURVE('',#3906,#3929,#3382,.T.);
#4892=EDGE_CURVE('',#3929,#3927,#220,.T.);
#4893=EDGE_CURVE('',#3905,#3930,#3383,.T.);
#4894=EDGE_CURVE('',#3930,#3929,#1860,.T.);
#4895=EDGE_CURVE('',#3931,#3932,#221,.T.);
#4896=EDGE_CURVE('',#3931,#3930,#106,.T.);
#4897=EDGE_CURVE('',#3904,#3932,#222,.F.);
#4898=EDGE_CURVE('',#3818,#3743,#107,.T.);
#4899=EDGE_CURVE('',#3818,#3741,#1861,.T.);
#4900=EDGE_CURVE('',#3933,#3723,#3384,.T.);
#4901=EDGE_CURVE('',#3724,#3934,#3385,.T.);
#4902=EDGE_CURVE('',#3934,#3933,#1862,.T.);
#4903=EDGE_CURVE('',#3730,#3784,#1863,.T.);
#4904=EDGE_CURVE('',#3935,#3807,#1864,.T.);
#4905=EDGE_CURVE('',#3935,#3934,#1865,.T.);
#4906=EDGE_CURVE('',#3801,#3819,#1866,.T.);
#4907=EDGE_CURVE('',#3826,#3802,#1867,.T.);
#4908=EDGE_CURVE('',#3820,#3800,#1868,.T.);
#4909=EDGE_CURVE('',#3799,#3821,#1869,.T.);
#4910=EDGE_CURVE('',#3936,#3937,#3386,.T.);
#4911=EDGE_CURVE('',#3937,#3825,#1870,.T.);
#4912=EDGE_CURVE('',#3824,#3936,#1871,.T.);
#4913=EDGE_CURVE('',#3937,#3938,#1872,.T.);
#4914=EDGE_CURVE('',#3728,#3938,#1873,.T.);
#4915=EDGE_CURVE('',#3727,#3803,#1874,.T.);
#4916=EDGE_CURVE('',#3822,#3939,#1875,.T.);
#4917=EDGE_CURVE('',#3939,#3940,#3387,.T.);
#4918=EDGE_CURVE('',#3940,#3823,#1876,.T.);
#4919=EDGE_CURVE('',#3939,#3935,#1877,.T.);
#4920=EDGE_CURVE('',#3933,#3798,#1878,.T.);
#4921=EDGE_CURVE('',#3903,#3717,#1879,.T.);
#4922=EDGE_CURVE('',#3716,#3932,#1880,.T.);
#4923=EDGE_CURVE('',#3941,#3715,#3388,.F.);
#4924=EDGE_CURVE('',#3827,#3941,#1881,.T.);
#4925=EDGE_CURVE('',#3931,#3829,#1882,.T.);
#4926=EDGE_CURVE('',#3828,#3942,#1883,.T.);
#4927=EDGE_CURVE('',#3942,#3817,#3389,.F.);
#4928=EDGE_CURVE('',#3811,#3943,#108,.T.);
#4929=EDGE_CURVE('',#3944,#3943,#3390,.T.);
#4930=EDGE_CURVE('',#3829,#3944,#109,.F.);
#4931=EDGE_CURVE('',#3945,#3946,#3391,.F.);
#4932=EDGE_CURVE('',#3947,#3945,#3392,.T.);
#4933=EDGE_CURVE('',#3947,#3948,#3393,.T.);
#4934=EDGE_CURVE('',#3946,#3948,#3394,.T.);
#4935=EDGE_CURVE('',#3739,#3947,#1884,.T.);
#4936=EDGE_CURVE('',#3945,#3740,#1885,.T.);
#4937=EDGE_CURVE('',#3927,#3949,#3395,.T.);
#4938=EDGE_CURVE('',#3949,#3946,#1886,.T.);
#4939=EDGE_CURVE('',#3948,#3928,#1887,.T.);
#4940=EDGE_CURVE('',#3929,#3949,#223,.T.);
#4941=EDGE_CURVE('',#3943,#3945,#1888,.T.);
#4942=EDGE_CURVE('',#3946,#3944,#1889,.T.);
#4943=EDGE_CURVE('',#3944,#3930,#1890,.T.);
#4944=EDGE_CURVE('',#3926,#3950,#3396,.T.);
#4945=EDGE_CURVE('',#3950,#3861,#3397,.T.);
#4946=EDGE_CURVE('',#3951,#3942,#1891,.F.);
#4947=EDGE_CURVE('',#3714,#3951,#3398,.F.);
#4948=EDGE_CURVE('',#3950,#3713,#1892,.T.);
#4949=EDGE_CURVE('',#3952,#3952,#3399,.F.);
#4950=EDGE_CURVE('',#3953,#3953,#3400,.F.);
#4951=EDGE_CURVE('',#3954,#3954,#3401,.T.);
#4952=EDGE_CURVE('',#3955,#3955,#3402,.T.);
#4953=EDGE_CURVE('',#3956,#3956,#3403,.T.);
#4954=EDGE_CURVE('',#3951,#3941,#1893,.T.);
#4955=EDGE_CURVE('',#3901,#3719,#1894,.T.);
#4956=EDGE_CURVE('',#3718,#3902,#1895,.T.);
#4957=EDGE_CURVE('',#3722,#3957,#1896,.T.);
#4958=EDGE_CURVE('',#3957,#3698,#3404,.T.);
#4959=EDGE_CURVE('',#3897,#3698,#110,.T.);
#4960=EDGE_CURVE('',#3957,#3898,#111,.T.);
#4961=EDGE_CURVE('',#3899,#3721,#1897,.T.);
#4962=EDGE_CURVE('',#3720,#3900,#1898,.T.);
#4963=EDGE_CURVE('',#3925,#3958,#3405,.T.);
#4964=EDGE_CURVE('',#3958,#3892,#112,.T.);
#4965=EDGE_CURVE('',#3702,#3958,#1899,.T.);
#4966=EDGE_CURVE('',#3925,#3703,#1900,.T.);
#4967=EDGE_CURVE('',#3958,#3959,#1901,.T.);
#4968=EDGE_CURVE('',#3959,#3893,#3406,.T.);
#4969=EDGE_CURVE('',#3701,#3959,#1902,.T.);
#4970=EDGE_CURVE('',#3910,#3923,#1903,.T.);
#4971=EDGE_CURVE('',#3914,#3960,#1904,.T.);
#4972=EDGE_CURVE('',#3961,#3960,#3407,.T.);
#4973=EDGE_CURVE('',#3961,#3913,#1905,.T.);
#4974=EDGE_CURVE('',#3962,#3961,#1906,.T.);
#4975=EDGE_CURVE('',#3867,#3962,#1907,.T.);
#4976=EDGE_CURVE('',#3963,#3885,#3408,.T.);
#4977=EDGE_CURVE('',#3963,#3879,#1908,.T.);
#4978=EDGE_CURVE('',#3960,#3963,#1909,.T.);
#4979=EDGE_CURVE('',#3858,#3962,#3409,.T.);
#4980=EDGE_CURVE('',#3875,#3916,#1910,.T.);
#4981=EDGE_CURVE('',#3920,#3869,#1911,.T.);
#4982=EDGE_CURVE('',#3924,#3911,#1912,.T.);
#4983=EDGE_CURVE('',#3896,#3699,#113,.T.);
#4984=EDGE_CURVE('',#3565,#3895,#114,.T.);
#4985=EDGE_CURVE('',#3894,#3964,#3410,.T.);
#4986=EDGE_CURVE('',#3964,#3965,#1913,.T.);
#4987=EDGE_CURVE('',#3965,#3966,#115,.T.);
#4988=EDGE_CURVE('',#3966,#3967,#1914,.T.);
#4989=EDGE_CURVE('',#3967,#3570,#116,.T.);
#4990=EDGE_CURVE('',#3569,#3968,#117,.T.);
#4991=EDGE_CURVE('',#3968,#3969,#1915,.T.);
#4992=EDGE_CURVE('',#3969,#3574,#118,.T.);
#4993=EDGE_CURVE('',#3573,#3970,#119,.T.);
#4994=EDGE_CURVE('',#3970,#3971,#1916,.T.);
#4995=EDGE_CURVE('',#3971,#3578,#120,.T.);
#4996=EDGE_CURVE('',#3577,#3972,#121,.T.);
#4997=EDGE_CURVE('',#3972,#3973,#1917,.T.);
#4998=EDGE_CURVE('',#3973,#3582,#122,.T.);
#4999=EDGE_CURVE('',#3581,#3974,#123,.T.);
#5000=EDGE_CURVE('',#3974,#3975,#1918,.T.);
#5001=EDGE_CURVE('',#3975,#3586,#124,.T.);
#5002=EDGE_CURVE('',#3585,#3976,#125,.T.);
#5003=EDGE_CURVE('',#3976,#3977,#1919,.T.);
#5004=EDGE_CURVE('',#3977,#3590,#126,.T.);
#5005=EDGE_CURVE('',#3589,#3978,#127,.T.);
#5006=EDGE_CURVE('',#3978,#3979,#1920,.T.);
#5007=EDGE_CURVE('',#3979,#3594,#128,.T.);
#5008=EDGE_CURVE('',#3593,#3980,#129,.T.);
#5009=EDGE_CURVE('',#3980,#3981,#1921,.T.);
#5010=EDGE_CURVE('',#3981,#3598,#130,.T.);
#5011=EDGE_CURVE('',#3597,#3982,#131,.T.);
#5012=EDGE_CURVE('',#3982,#3983,#1922,.T.);
#5013=EDGE_CURVE('',#3983,#3602,#132,.T.);
#5014=EDGE_CURVE('',#3601,#3984,#133,.T.);
#5015=EDGE_CURVE('',#3984,#3985,#1923,.T.);
#5016=EDGE_CURVE('',#3985,#3606,#134,.T.);
#5017=EDGE_CURVE('',#3605,#3986,#135,.T.);
#5018=EDGE_CURVE('',#3986,#3987,#1924,.T.);
#5019=EDGE_CURVE('',#3987,#3610,#136,.T.);
#5020=EDGE_CURVE('',#3609,#3988,#137,.T.);
#5021=EDGE_CURVE('',#3988,#3989,#1925,.T.);
#5022=EDGE_CURVE('',#3989,#3614,#138,.T.);
#5023=EDGE_CURVE('',#3613,#3990,#139,.T.);
#5024=EDGE_CURVE('',#3990,#3991,#1926,.T.);
#5025=EDGE_CURVE('',#3991,#3618,#140,.T.);
#5026=EDGE_CURVE('',#3617,#3992,#141,.T.);
#5027=EDGE_CURVE('',#3992,#3993,#1927,.T.);
#5028=EDGE_CURVE('',#3993,#3622,#142,.T.);
#5029=EDGE_CURVE('',#3621,#3994,#143,.T.);
#5030=EDGE_CURVE('',#3994,#3995,#1928,.T.);
#5031=EDGE_CURVE('',#3995,#3523,#144,.T.);
#5032=EDGE_CURVE('',#3522,#3996,#145,.T.);
#5033=EDGE_CURVE('',#3996,#3997,#1929,.T.);
#5034=EDGE_CURVE('',#3997,#3527,#146,.T.);
#5035=EDGE_CURVE('',#3526,#3998,#147,.T.);
#5036=EDGE_CURVE('',#3998,#3999,#1930,.T.);
#5037=EDGE_CURVE('',#3999,#3531,#148,.T.);
#5038=EDGE_CURVE('',#3530,#4000,#149,.T.);
#5039=EDGE_CURVE('',#4000,#4001,#1931,.T.);
#5040=EDGE_CURVE('',#4001,#3535,#150,.T.);
#5041=EDGE_CURVE('',#3534,#4002,#151,.T.);
#5042=EDGE_CURVE('',#4002,#4003,#1932,.T.);
#5043=EDGE_CURVE('',#4003,#3539,#152,.T.);
#5044=EDGE_CURVE('',#3538,#4004,#153,.T.);
#5045=EDGE_CURVE('',#4004,#4005,#1933,.T.);
#5046=EDGE_CURVE('',#4005,#3543,#154,.T.);
#5047=EDGE_CURVE('',#3542,#4006,#155,.T.);
#5048=EDGE_CURVE('',#4006,#4007,#1934,.T.);
#5049=EDGE_CURVE('',#4007,#3547,#156,.T.);
#5050=EDGE_CURVE('',#3546,#4008,#157,.T.);
#5051=EDGE_CURVE('',#4008,#4009,#1935,.T.);
#5052=EDGE_CURVE('',#4009,#3551,#158,.T.);
#5053=EDGE_CURVE('',#3550,#4010,#159,.T.);
#5054=EDGE_CURVE('',#4010,#4011,#1936,.T.);
#5055=EDGE_CURVE('',#4011,#3555,#160,.T.);
#5056=EDGE_CURVE('',#3554,#4012,#161,.T.);
#5057=EDGE_CURVE('',#4012,#4013,#1937,.T.);
#5058=EDGE_CURVE('',#4013,#3559,#162,.T.);
#5059=EDGE_CURVE('',#3558,#4014,#163,.T.);
#5060=EDGE_CURVE('',#4014,#4015,#1938,.T.);
#5061=EDGE_CURVE('',#4015,#3563,#164,.T.);
#5062=EDGE_CURVE('',#3562,#4016,#165,.T.);
#5063=EDGE_CURVE('',#4016,#4017,#1939,.T.);
#5064=EDGE_CURVE('',#4017,#3566,#166,.T.);
#5065=EDGE_CURVE('',#4018,#3993,#1940,.T.);
#5066=EDGE_CURVE('',#4019,#4018,#1941,.T.);
#5067=EDGE_CURVE('',#3623,#4019,#1942,.T.);
#5068=EDGE_CURVE('',#4020,#3616,#1943,.T.);
#5069=EDGE_CURVE('',#4020,#4021,#1944,.T.);
#5070=EDGE_CURVE('',#3992,#4021,#1945,.T.);
#5071=EDGE_CURVE('',#4022,#3991,#1946,.T.);
#5072=EDGE_CURVE('',#4023,#4022,#1947,.T.);
#5073=EDGE_CURVE('',#3619,#4023,#1948,.T.);
#5074=EDGE_CURVE('',#4024,#3612,#1949,.T.);
#5075=EDGE_CURVE('',#4024,#4025,#1950,.T.);
#5076=EDGE_CURVE('',#3990,#4025,#1951,.T.);
#5077=EDGE_CURVE('',#4026,#3989,#1952,.T.);
#5078=EDGE_CURVE('',#4027,#4026,#1953,.T.);
#5079=EDGE_CURVE('',#3615,#4027,#1954,.T.);
#5080=EDGE_CURVE('',#4028,#3608,#1955,.T.);
#5081=EDGE_CURVE('',#4028,#4029,#1956,.T.);
#5082=EDGE_CURVE('',#3988,#4029,#1957,.T.);
#5083=EDGE_CURVE('',#4030,#3987,#1958,.T.);
#5084=EDGE_CURVE('',#4031,#4030,#1959,.T.);
#5085=EDGE_CURVE('',#3611,#4031,#1960,.T.);
#5086=EDGE_CURVE('',#4032,#3604,#1961,.T.);
#5087=EDGE_CURVE('',#4032,#4033,#1962,.T.);
#5088=EDGE_CURVE('',#3986,#4033,#1963,.T.);
#5089=EDGE_CURVE('',#4034,#3985,#1964,.T.);
#5090=EDGE_CURVE('',#4035,#4034,#1965,.T.);
#5091=EDGE_CURVE('',#3607,#4035,#1966,.T.);
#5092=EDGE_CURVE('',#4036,#3600,#1967,.T.);
#5093=EDGE_CURVE('',#4036,#4037,#1968,.T.);
#5094=EDGE_CURVE('',#3984,#4037,#1969,.T.);
#5095=EDGE_CURVE('',#4038,#3983,#1970,.T.);
#5096=EDGE_CURVE('',#4039,#4038,#1971,.T.);
#5097=EDGE_CURVE('',#3603,#4039,#1972,.T.);
#5098=EDGE_CURVE('',#4040,#3596,#1973,.T.);
#5099=EDGE_CURVE('',#4040,#4041,#1974,.T.);
#5100=EDGE_CURVE('',#3982,#4041,#1975,.T.);
#5101=EDGE_CURVE('',#4042,#3981,#1976,.T.);
#5102=EDGE_CURVE('',#4043,#4042,#1977,.T.);
#5103=EDGE_CURVE('',#3599,#4043,#1978,.T.);
#5104=EDGE_CURVE('',#4044,#3592,#1979,.T.);
#5105=EDGE_CURVE('',#4044,#4045,#1980,.T.);
#5106=EDGE_CURVE('',#3980,#4045,#1981,.T.);
#5107=EDGE_CURVE('',#4046,#3979,#1982,.T.);
#5108=EDGE_CURVE('',#4047,#4046,#1983,.T.);
#5109=EDGE_CURVE('',#3595,#4047,#1984,.T.);
#5110=EDGE_CURVE('',#4048,#3588,#1985,.T.);
#5111=EDGE_CURVE('',#4048,#4049,#1986,.T.);
#5112=EDGE_CURVE('',#3978,#4049,#1987,.T.);
#5113=EDGE_CURVE('',#4050,#3977,#1988,.T.);
#5114=EDGE_CURVE('',#4051,#4050,#1989,.T.);
#5115=EDGE_CURVE('',#3591,#4051,#1990,.T.);
#5116=EDGE_CURVE('',#4052,#3584,#1991,.T.);
#5117=EDGE_CURVE('',#4052,#4053,#1992,.T.);
#5118=EDGE_CURVE('',#3976,#4053,#1993,.T.);
#5119=EDGE_CURVE('',#4054,#3975,#1994,.T.);
#5120=EDGE_CURVE('',#4055,#4054,#1995,.T.);
#5121=EDGE_CURVE('',#3587,#4055,#1996,.T.);
#5122=EDGE_CURVE('',#4056,#3580,#1997,.T.);
#5123=EDGE_CURVE('',#4056,#4057,#1998,.T.);
#5124=EDGE_CURVE('',#3974,#4057,#1999,.T.);
#5125=EDGE_CURVE('',#4058,#3973,#2000,.T.);
#5126=EDGE_CURVE('',#4059,#4058,#2001,.T.);
#5127=EDGE_CURVE('',#3583,#4059,#2002,.T.);
#5128=EDGE_CURVE('',#4060,#3576,#2003,.T.);
#5129=EDGE_CURVE('',#4060,#4061,#2004,.T.);
#5130=EDGE_CURVE('',#3972,#4061,#2005,.T.);
#5131=EDGE_CURVE('',#4062,#3971,#2006,.T.);
#5132=EDGE_CURVE('',#4063,#4062,#2007,.T.);
#5133=EDGE_CURVE('',#3579,#4063,#2008,.T.);
#5134=EDGE_CURVE('',#4064,#3572,#2009,.T.);
#5135=EDGE_CURVE('',#4064,#4065,#2010,.T.);
#5136=EDGE_CURVE('',#3970,#4065,#2011,.T.);
#5137=EDGE_CURVE('',#4066,#3969,#2012,.T.);
#5138=EDGE_CURVE('',#4067,#4066,#2013,.T.);
#5139=EDGE_CURVE('',#3575,#4067,#2014,.T.);
#5140=EDGE_CURVE('',#4068,#3568,#2015,.T.);
#5141=EDGE_CURVE('',#4068,#4069,#2016,.T.);
#5142=EDGE_CURVE('',#3968,#4069,#2017,.T.);
#5143=EDGE_CURVE('',#4070,#3967,#2018,.T.);
#5144=EDGE_CURVE('',#4071,#4070,#2019,.T.);
#5145=EDGE_CURVE('',#3571,#4071,#2020,.T.);
#5146=EDGE_CURVE('',#4025,#4022,#2021,.T.);
#5147=EDGE_CURVE('',#4029,#4026,#2022,.T.);
#5148=EDGE_CURVE('',#4033,#4030,#2023,.T.);
#5149=EDGE_CURVE('',#4037,#4034,#2024,.T.);
#5150=EDGE_CURVE('',#4041,#4038,#2025,.T.);
#5151=EDGE_CURVE('',#4045,#4042,#2026,.T.);
#5152=EDGE_CURVE('',#4049,#4046,#2027,.T.);
#5153=EDGE_CURVE('',#4053,#4050,#2028,.T.);
#5154=EDGE_CURVE('',#4057,#4054,#2029,.T.);
#5155=EDGE_CURVE('',#4061,#4058,#2030,.T.);
#5156=EDGE_CURVE('',#4065,#4062,#2031,.T.);
#5157=EDGE_CURVE('',#4069,#4066,#2032,.T.);
#5158=EDGE_CURVE('',#3966,#4072,#2033,.T.);
#5159=EDGE_CURVE('',#4072,#4070,#2034,.T.);
#5160=EDGE_CURVE('',#4016,#4073,#2035,.T.);
#5161=EDGE_CURVE('',#4073,#4074,#2036,.T.);
#5162=EDGE_CURVE('',#4074,#4017,#2037,.T.);
#5163=EDGE_CURVE('',#4014,#4075,#2038,.T.);
#5164=EDGE_CURVE('',#4075,#4076,#2039,.T.);
#5165=EDGE_CURVE('',#4076,#4015,#2040,.T.);
#5166=EDGE_CURVE('',#4012,#4077,#2041,.T.);
#5167=EDGE_CURVE('',#4077,#4078,#2042,.T.);
#5168=EDGE_CURVE('',#4078,#4013,#2043,.T.);
#5169=EDGE_CURVE('',#4010,#4079,#2044,.T.);
#5170=EDGE_CURVE('',#4079,#4080,#2045,.T.);
#5171=EDGE_CURVE('',#4080,#4011,#2046,.T.);
#5172=EDGE_CURVE('',#4008,#4081,#2047,.T.);
#5173=EDGE_CURVE('',#4081,#4082,#2048,.T.);
#5174=EDGE_CURVE('',#4082,#4009,#2049,.T.);
#5175=EDGE_CURVE('',#4006,#4083,#2050,.T.);
#5176=EDGE_CURVE('',#4083,#4084,#2051,.T.);
#5177=EDGE_CURVE('',#4084,#4007,#2052,.T.);
#5178=EDGE_CURVE('',#4004,#4085,#2053,.T.);
#5179=EDGE_CURVE('',#4085,#4086,#2054,.T.);
#5180=EDGE_CURVE('',#4086,#4005,#2055,.T.);
#5181=EDGE_CURVE('',#4002,#4087,#2056,.T.);
#5182=EDGE_CURVE('',#4087,#4088,#2057,.T.);
#5183=EDGE_CURVE('',#4088,#4003,#2058,.T.);
#5184=EDGE_CURVE('',#4000,#4089,#2059,.T.);
#5185=EDGE_CURVE('',#4089,#4090,#2060,.T.);
#5186=EDGE_CURVE('',#4090,#4001,#2061,.T.);
#5187=EDGE_CURVE('',#3998,#4091,#2062,.T.);
#5188=EDGE_CURVE('',#4091,#4092,#2063,.T.);
#5189=EDGE_CURVE('',#4092,#3999,#2064,.T.);
#5190=EDGE_CURVE('',#3996,#4093,#2065,.T.);
#5191=EDGE_CURVE('',#4093,#4094,#2066,.T.);
#5192=EDGE_CURVE('',#4094,#3997,#2067,.T.);
#5193=EDGE_CURVE('',#3994,#4095,#2068,.T.);
#5194=EDGE_CURVE('',#4095,#4096,#2069,.T.);
#5195=EDGE_CURVE('',#4096,#3995,#2070,.T.);
#5196=EDGE_CURVE('',#4021,#4018,#2071,.T.);
#5197=EDGE_CURVE('',#4097,#4098,#224,.T.);
#5198=EDGE_CURVE('',#4098,#3765,#2072,.T.);
#5199=EDGE_CURVE('',#3764,#4097,#2073,.T.);
#5200=EDGE_CURVE('',#3830,#4098,#2074,.T.);
#5201=EDGE_CURVE('',#3831,#4099,#225,.T.);
#5202=EDGE_CURVE('',#4099,#3789,#2075,.T.);
#5203=EDGE_CURVE('',#4099,#4100,#167,.T.);
#5204=EDGE_CURVE('',#4101,#4100,#2076,.F.);
#5205=EDGE_CURVE('',#4101,#4097,#168,.T.);
#5206=EDGE_CURVE('',#3788,#3763,#2077,.T.);
#5207=EDGE_CURVE('',#3762,#3787,#2078,.T.);
#5208=EDGE_CURVE('',#3851,#4102,#226,.T.);
#5209=EDGE_CURVE('',#4102,#3848,#2079,.T.);
#5210=EDGE_CURVE('',#3849,#3792,#2080,.T.);
#5211=EDGE_CURVE('',#4103,#4102,#169,.T.);
#5212=EDGE_CURVE('',#4103,#4104,#2081,.T.);
#5213=EDGE_CURVE('',#4105,#4104,#170,.T.);
#5214=EDGE_CURVE('',#3796,#4105,#2082,.T.);
#5215=EDGE_CURVE('',#4105,#4106,#227,.T.);
#5216=EDGE_CURVE('',#4106,#3795,#2083,.T.);
#5217=EDGE_CURVE('',#4106,#3454,#2084,.F.);
#5218=EDGE_CURVE('',#3793,#3850,#2085,.T.);
#5219=EDGE_CURVE('',#3768,#4107,#171,.T.);
#5220=EDGE_CURVE('',#4107,#4108,#2086,.T.);
#5221=EDGE_CURVE('',#4108,#3769,#3411,.T.);
#5222=EDGE_CURVE('',#4109,#4107,#2087,.F.);
#5223=EDGE_CURVE('',#4110,#4109,#2088,.T.);
#5224=EDGE_CURVE('',#4110,#4108,#2089,.T.);
#5225=EDGE_CURVE('',#3625,#4111,#2090,.F.);
#5226=EDGE_CURVE('',#4112,#4111,#172,.T.);
#5227=EDGE_CURVE('',#4112,#4113,#2091,.F.);
#5228=EDGE_CURVE('',#4114,#4113,#173,.T.);
#5229=EDGE_CURVE('',#4114,#4115,#2092,.F.);
#5230=EDGE_CURVE('',#4116,#4115,#174,.T.);
#5231=EDGE_CURVE('',#4116,#4117,#2093,.F.);
#5232=EDGE_CURVE('',#4118,#4117,#175,.T.);
#5233=EDGE_CURVE('',#4118,#4119,#2094,.F.);
#5234=EDGE_CURVE('',#4109,#4119,#176,.T.);
#5235=EDGE_CURVE('',#4119,#4120,#2095,.T.);
#5236=EDGE_CURVE('',#4120,#4110,#3412,.T.);
#5237=EDGE_CURVE('',#4121,#4120,#2096,.T.);
#5238=EDGE_CURVE('',#4122,#4121,#3413,.T.);
#5239=EDGE_CURVE('',#4123,#4122,#2097,.T.);
#5240=EDGE_CURVE('',#4124,#4123,#3414,.T.);
#5241=EDGE_CURVE('',#4125,#4124,#2098,.T.);
#5242=EDGE_CURVE('',#4126,#4125,#3415,.T.);
#5243=EDGE_CURVE('',#4127,#4126,#2099,.T.);
#5244=EDGE_CURVE('',#4128,#4127,#3416,.T.);
#5245=EDGE_CURVE('',#3624,#4128,#2100,.T.);
#5246=EDGE_CURVE('',#3466,#3964,#2101,.T.);
#5247=EDGE_CURVE('',#4121,#4118,#2102,.T.);
#5248=EDGE_CURVE('',#4117,#4122,#2103,.T.);
#5249=EDGE_CURVE('',#4123,#4116,#2104,.T.);
#5250=EDGE_CURVE('',#4115,#4124,#2105,.T.);
#5251=EDGE_CURVE('',#4125,#4114,#2106,.T.);
#5252=EDGE_CURVE('',#4113,#4126,#2107,.T.);
#5253=EDGE_CURVE('',#4111,#4128,#2108,.T.);
#5254=EDGE_CURVE('',#4127,#4112,#2109,.T.);
#5255=EDGE_CURVE('',#3956,#4129,#2110,.T.);
#5256=EDGE_CURVE('',#4129,#4103,#3417,.T.);
#5257=EDGE_CURVE('',#3458,#3449,#3418,.T.);
#5258=EDGE_CURVE('',#4100,#4104,#3419,.T.);
#5259=EDGE_CURVE('',#3430,#3444,#3420,.T.);
#5260=EDGE_CURVE('',#4101,#4129,#3421,.T.);
#5261=EDGE_CURVE('',#3936,#3940,#2111,.T.);
#5262=EDGE_CURVE('',#3837,#4130,#2112,.F.);
#5263=EDGE_CURVE('',#4130,#4131,#2113,.F.);
#5264=EDGE_CURVE('',#4131,#3832,#2114,.F.);
#5265=EDGE_CURVE('',#3835,#4132,#2115,.F.);
#5266=EDGE_CURVE('',#4132,#4133,#2116,.F.);
#5267=EDGE_CURVE('',#4133,#3838,#2117,.T.);
#5268=EDGE_CURVE('',#3682,#4130,#2118,.T.);
#5269=EDGE_CURVE('',#3681,#3843,#2119,.T.);
#5270=EDGE_CURVE('',#3683,#3842,#2120,.T.);
#5271=EDGE_CURVE('',#3684,#4131,#2121,.T.);
#5272=EDGE_CURVE('',#3678,#4132,#2122,.T.);
#5273=EDGE_CURVE('',#3677,#3841,#2123,.T.);
#5274=EDGE_CURVE('',#3679,#3840,#2124,.T.);
#5275=EDGE_CURVE('',#3680,#4133,#2125,.T.);
#5276=EDGE_CURVE('',#4134,#4134,#3422,.T.);
#5277=EDGE_CURVE('',#4135,#4135,#3423,.T.);
#5278=EDGE_CURVE('',#4135,#3438,#2126,.T.);
#5279=EDGE_CURVE('',#4136,#4136,#3424,.T.);
#5280=EDGE_CURVE('',#3954,#4136,#2127,.T.);
#5281=EDGE_CURVE('',#3955,#4134,#2128,.T.);
#5282=EDGE_CURVE('',#3726,#3780,#2129,.T.);
#5283=EDGE_CURVE('',#3725,#3781,#2130,.T.);
#5284=EDGE_CURVE('',#3938,#3852,#2131,.T.);
#5285=EDGE_CURVE('',#3729,#3785,#2132,.T.);
#5286=EDGE_CURVE('',#4137,#4137,#3425,.T.);
#5287=EDGE_CURVE('',#4138,#4138,#3426,.T.);
#5288=EDGE_CURVE('',#4138,#3461,#2133,.T.);
#5289=EDGE_CURVE('',#4139,#4139,#3427,.T.);
#5290=EDGE_CURVE('',#3953,#4139,#2134,.T.);
#5291=EDGE_CURVE('',#3952,#4137,#2135,.T.);
#5292=EDGE_CURVE('',#4068,#4140,#2136,.T.);
#5293=EDGE_CURVE('',#4140,#4141,#2137,.T.);
#5294=EDGE_CURVE('',#4067,#4141,#2138,.T.);
#5295=EDGE_CURVE('',#4060,#4142,#2139,.T.);
#5296=EDGE_CURVE('',#4142,#4143,#2140,.T.);
#5297=EDGE_CURVE('',#4059,#4143,#2141,.T.);
#5298=EDGE_CURVE('',#4052,#4144,#2142,.T.);
#5299=EDGE_CURVE('',#4144,#4145,#2143,.T.);
#5300=EDGE_CURVE('',#4051,#4145,#2144,.T.);
#5301=EDGE_CURVE('',#4044,#4146,#2145,.T.);
#5302=EDGE_CURVE('',#4146,#4147,#2146,.T.);
#5303=EDGE_CURVE('',#4043,#4147,#2147,.T.);
#5304=EDGE_CURVE('',#4036,#4148,#2148,.T.);
#5305=EDGE_CURVE('',#4148,#4149,#2149,.T.);
#5306=EDGE_CURVE('',#4035,#4149,#2150,.T.);
#5307=EDGE_CURVE('',#4028,#4150,#2151,.T.);
#5308=EDGE_CURVE('',#4150,#4151,#2152,.T.);
#5309=EDGE_CURVE('',#4027,#4151,#2153,.T.);
#5310=EDGE_CURVE('',#4020,#4152,#2154,.T.);
#5311=EDGE_CURVE('',#4152,#4153,#2155,.T.);
#5312=EDGE_CURVE('',#4019,#4153,#2156,.T.);
#5313=EDGE_CURVE('',#4154,#3521,#2157,.T.);
#5314=EDGE_CURVE('',#4154,#4093,#2158,.T.);
#5315=EDGE_CURVE('',#4155,#4094,#2159,.T.);
#5316=EDGE_CURVE('',#4154,#4156,#2160,.T.);
#5317=EDGE_CURVE('',#4156,#4157,#2161,.T.);
#5318=EDGE_CURVE('',#4155,#4157,#2162,.T.);
#5319=EDGE_CURVE('',#3528,#4155,#2163,.T.);
#5320=EDGE_CURVE('',#4158,#3529,#2164,.T.);
#5321=EDGE_CURVE('',#4158,#4089,#2165,.T.);
#5322=EDGE_CURVE('',#4159,#4090,#2166,.T.);
#5323=EDGE_CURVE('',#4158,#4160,#2167,.T.);
#5324=EDGE_CURVE('',#4160,#4161,#2168,.T.);
#5325=EDGE_CURVE('',#4159,#4161,#2169,.T.);
#5326=EDGE_CURVE('',#3536,#4159,#2170,.T.);
#5327=EDGE_CURVE('',#4162,#3537,#2171,.T.);
#5328=EDGE_CURVE('',#4162,#4085,#2172,.T.);
#5329=EDGE_CURVE('',#4163,#4086,#2173,.T.);
#5330=EDGE_CURVE('',#4162,#4164,#2174,.T.);
#5331=EDGE_CURVE('',#4164,#4165,#2175,.T.);
#5332=EDGE_CURVE('',#4163,#4165,#2176,.T.);
#5333=EDGE_CURVE('',#3544,#4163,#2177,.T.);
#5334=EDGE_CURVE('',#4166,#3545,#2178,.T.);
#5335=EDGE_CURVE('',#4166,#4081,#2179,.T.);
#5336=EDGE_CURVE('',#4167,#4082,#2180,.T.);
#5337=EDGE_CURVE('',#4166,#4168,#2181,.T.);
#5338=EDGE_CURVE('',#4168,#4169,#2182,.T.);
#5339=EDGE_CURVE('',#4167,#4169,#2183,.T.);
#5340=EDGE_CURVE('',#3552,#4167,#2184,.T.);
#5341=EDGE_CURVE('',#4170,#3553,#2185,.T.);
#5342=EDGE_CURVE('',#4170,#4077,#2186,.T.);
#5343=EDGE_CURVE('',#4171,#4078,#2187,.T.);
#5344=EDGE_CURVE('',#4170,#4172,#2188,.T.);
#5345=EDGE_CURVE('',#4172,#4173,#2189,.T.);
#5346=EDGE_CURVE('',#4171,#4173,#2190,.T.);
#5347=EDGE_CURVE('',#3560,#4171,#2191,.T.);
#5348=EDGE_CURVE('',#4174,#3561,#2192,.T.);
#5349=EDGE_CURVE('',#4174,#4073,#2193,.T.);
#5350=EDGE_CURVE('',#4175,#4074,#2194,.T.);
#5351=EDGE_CURVE('',#4174,#4176,#2195,.T.);
#5352=EDGE_CURVE('',#4176,#4177,#2196,.T.);
#5353=EDGE_CURVE('',#4175,#4177,#2197,.T.);
#5354=EDGE_CURVE('',#3567,#4175,#2198,.T.);
#5355=EDGE_CURVE('',#4178,#3557,#2199,.T.);
#5356=EDGE_CURVE('',#4178,#4075,#2200,.T.);
#5357=EDGE_CURVE('',#4179,#4076,#2201,.T.);
#5358=EDGE_CURVE('',#4178,#4180,#2202,.T.);
#5359=EDGE_CURVE('',#4180,#4181,#2203,.T.);
#5360=EDGE_CURVE('',#4179,#4181,#2204,.T.);
#5361=EDGE_CURVE('',#3564,#4179,#2205,.T.);
#5362=EDGE_CURVE('',#4182,#3549,#2206,.T.);
#5363=EDGE_CURVE('',#4182,#4079,#2207,.T.);
#5364=EDGE_CURVE('',#4183,#4080,#2208,.T.);
#5365=EDGE_CURVE('',#4182,#4184,#2209,.T.);
#5366=EDGE_CURVE('',#4184,#4185,#2210,.T.);
#5367=EDGE_CURVE('',#4183,#4185,#2211,.T.);
#5368=EDGE_CURVE('',#3556,#4183,#2212,.T.);
#5369=EDGE_CURVE('',#4186,#3541,#2213,.T.);
#5370=EDGE_CURVE('',#4186,#4083,#2214,.T.);
#5371=EDGE_CURVE('',#4187,#4084,#2215,.T.);
#5372=EDGE_CURVE('',#4186,#4188,#2216,.T.);
#5373=EDGE_CURVE('',#4188,#4189,#2217,.T.);
#5374=EDGE_CURVE('',#4187,#4189,#2218,.T.);
#5375=EDGE_CURVE('',#3548,#4187,#2219,.T.);
#5376=EDGE_CURVE('',#4190,#3533,#2220,.T.);
#5377=EDGE_CURVE('',#4190,#4087,#2221,.T.);
#5378=EDGE_CURVE('',#4191,#4088,#2222,.T.);
#5379=EDGE_CURVE('',#4190,#4192,#2223,.T.);
#5380=EDGE_CURVE('',#4192,#4193,#2224,.T.);
#5381=EDGE_CURVE('',#4191,#4193,#2225,.T.);
#5382=EDGE_CURVE('',#3540,#4191,#2226,.T.);
#5383=EDGE_CURVE('',#4194,#3525,#2227,.T.);
#5384=EDGE_CURVE('',#4194,#4091,#2228,.T.);
#5385=EDGE_CURVE('',#4195,#4092,#2229,.T.);
#5386=EDGE_CURVE('',#4194,#4196,#2230,.T.);
#5387=EDGE_CURVE('',#4196,#4197,#2231,.T.);
#5388=EDGE_CURVE('',#4195,#4197,#2232,.T.);
#5389=EDGE_CURVE('',#3532,#4195,#2233,.T.);
#5390=EDGE_CURVE('',#4198,#3620,#2234,.T.);
#5391=EDGE_CURVE('',#4198,#4095,#2235,.T.);
#5392=EDGE_CURVE('',#4199,#4096,#2236,.T.);
#5393=EDGE_CURVE('',#4198,#4200,#2237,.T.);
#5394=EDGE_CURVE('',#4200,#4201,#2238,.T.);
#5395=EDGE_CURVE('',#4199,#4201,#2239,.T.);
#5396=EDGE_CURVE('',#3524,#4199,#2240,.T.);
#5397=EDGE_CURVE('',#4024,#4202,#2241,.T.);
#5398=EDGE_CURVE('',#4202,#4203,#2242,.T.);
#5399=EDGE_CURVE('',#4023,#4203,#2243,.T.);
#5400=EDGE_CURVE('',#4032,#4204,#2244,.T.);
#5401=EDGE_CURVE('',#4204,#4205,#2245,.T.);
#5402=EDGE_CURVE('',#4031,#4205,#2246,.T.);
#5403=EDGE_CURVE('',#4040,#4206,#2247,.T.);
#5404=EDGE_CURVE('',#4206,#4207,#2248,.T.);
#5405=EDGE_CURVE('',#4039,#4207,#2249,.T.);
#5406=EDGE_CURVE('',#4048,#4208,#2250,.T.);
#5407=EDGE_CURVE('',#4208,#4209,#2251,.T.);
#5408=EDGE_CURVE('',#4047,#4209,#2252,.T.);
#5409=EDGE_CURVE('',#4056,#4210,#2253,.T.);
#5410=EDGE_CURVE('',#4210,#4211,#2254,.T.);
#5411=EDGE_CURVE('',#4055,#4211,#2255,.T.);
#5412=EDGE_CURVE('',#4064,#4212,#2256,.T.);
#5413=EDGE_CURVE('',#4212,#4213,#2257,.T.);
#5414=EDGE_CURVE('',#4063,#4213,#2258,.T.);
#5415=EDGE_CURVE('',#4214,#3965,#2259,.T.);
#5416=EDGE_CURVE('',#4215,#4214,#2260,.T.);
#5417=EDGE_CURVE('',#4215,#4072,#2261,.T.);
#5418=EDGE_CURVE('',#4215,#4216,#2262,.T.);
#5419=EDGE_CURVE('',#4216,#4217,#2263,.T.);
#5420=EDGE_CURVE('',#4071,#4217,#2264,.T.);
#5421=EDGE_CURVE('',#4214,#3466,#2265,.T.);
#5422=EDGE_CURVE('',#3519,#4140,#2266,.T.);
#5423=EDGE_CURVE('',#4141,#3518,#2267,.T.);
#5424=EDGE_CURVE('',#3515,#4142,#2268,.T.);
#5425=EDGE_CURVE('',#4143,#3514,#2269,.T.);
#5426=EDGE_CURVE('',#3511,#4144,#2270,.T.);
#5427=EDGE_CURVE('',#4145,#3510,#2271,.T.);
#5428=EDGE_CURVE('',#3507,#4146,#2272,.T.);
#5429=EDGE_CURVE('',#4147,#3506,#2273,.T.);
#5430=EDGE_CURVE('',#3503,#4148,#2274,.T.);
#5431=EDGE_CURVE('',#4149,#3502,#2275,.T.);
#5432=EDGE_CURVE('',#3499,#4150,#2276,.T.);
#5433=EDGE_CURVE('',#4151,#3498,#2277,.T.);
#5434=EDGE_CURVE('',#3495,#4152,#2278,.T.);
#5435=EDGE_CURVE('',#4153,#3494,#2279,.T.);
#5436=EDGE_CURVE('',#3491,#4156,#2280,.T.);
#5437=EDGE_CURVE('',#4157,#3490,#2281,.T.);
#5438=EDGE_CURVE('',#3487,#4160,#2282,.T.);
#5439=EDGE_CURVE('',#4161,#3486,#2283,.T.);
#5440=EDGE_CURVE('',#3483,#4164,#2284,.T.);
#5441=EDGE_CURVE('',#4165,#3482,#2285,.T.);
#5442=EDGE_CURVE('',#3479,#4168,#2286,.T.);
#5443=EDGE_CURVE('',#4169,#3478,#2287,.T.);
#5444=EDGE_CURVE('',#3475,#4172,#2288,.T.);
#5445=EDGE_CURVE('',#4173,#3474,#2289,.T.);
#5446=EDGE_CURVE('',#3471,#4176,#2290,.T.);
#5447=EDGE_CURVE('',#4177,#3470,#2291,.T.);
#5448=EDGE_CURVE('',#3473,#4180,#2292,.T.);
#5449=EDGE_CURVE('',#4181,#3472,#2293,.T.);
#5450=EDGE_CURVE('',#3477,#4184,#2294,.T.);
#5451=EDGE_CURVE('',#4185,#3476,#2295,.T.);
#5452=EDGE_CURVE('',#3481,#4188,#2296,.T.);
#5453=EDGE_CURVE('',#4189,#3480,#2297,.T.);
#5454=EDGE_CURVE('',#3485,#4192,#2298,.T.);
#5455=EDGE_CURVE('',#4193,#3484,#2299,.T.);
#5456=EDGE_CURVE('',#3489,#4196,#2300,.T.);
#5457=EDGE_CURVE('',#4197,#3488,#2301,.T.);
#5458=EDGE_CURVE('',#3493,#4200,#2302,.T.);
#5459=EDGE_CURVE('',#4201,#3492,#2303,.T.);
#5460=EDGE_CURVE('',#3497,#4202,#2304,.T.);
#5461=EDGE_CURVE('',#4203,#3496,#2305,.T.);
#5462=EDGE_CURVE('',#3501,#4204,#2306,.T.);
#5463=EDGE_CURVE('',#4205,#3500,#2307,.T.);
#5464=EDGE_CURVE('',#3505,#4206,#2308,.T.);
#5465=EDGE_CURVE('',#4207,#3504,#2309,.T.);
#5466=EDGE_CURVE('',#3509,#4208,#2310,.T.);
#5467=EDGE_CURVE('',#4209,#3508,#2311,.T.);
#5468=EDGE_CURVE('',#3513,#4210,#2312,.T.);
#5469=EDGE_CURVE('',#4211,#3512,#2313,.T.);
#5470=EDGE_CURVE('',#3517,#4212,#2314,.T.);
#5471=EDGE_CURVE('',#4213,#3516,#2315,.T.);
#5472=EDGE_CURVE('',#3466,#4216,#2316,.T.);
#5473=EDGE_CURVE('',#4217,#3520,#2317,.T.);
#5474=ORIENTED_EDGE('',*,*,#4218,.T.);
#5475=ORIENTED_EDGE('',*,*,#4219,.T.);
#5476=ORIENTED_EDGE('',*,*,#4220,.T.);
#5477=ORIENTED_EDGE('',*,*,#4221,.T.);
#5478=ORIENTED_EDGE('',*,*,#4218,.F.);
#5479=ORIENTED_EDGE('',*,*,#4222,.F.);
#5480=ORIENTED_EDGE('',*,*,#4223,.F.);
#5481=ORIENTED_EDGE('',*,*,#4224,.F.);
#5482=ORIENTED_EDGE('',*,*,#4225,.F.);
#5483=ORIENTED_EDGE('',*,*,#4226,.T.);
#5484=ORIENTED_EDGE('',*,*,#4227,.F.);
#5485=ORIENTED_EDGE('',*,*,#4228,.F.);
#5486=ORIENTED_EDGE('',*,*,#4229,.F.);
#5487=ORIENTED_EDGE('',*,*,#4230,.F.);
#5488=ORIENTED_EDGE('',*,*,#4231,.F.);
#5489=ORIENTED_EDGE('',*,*,#4221,.F.);
#5490=ORIENTED_EDGE('',*,*,#4232,.T.);
#5491=ORIENTED_EDGE('',*,*,#4233,.F.);
#5492=ORIENTED_EDGE('',*,*,#4234,.F.);
#5493=ORIENTED_EDGE('',*,*,#4222,.T.);
#5494=ORIENTED_EDGE('',*,*,#4235,.T.);
#5495=ORIENTED_EDGE('',*,*,#4233,.T.);
#5496=ORIENTED_EDGE('',*,*,#4236,.T.);
#5497=ORIENTED_EDGE('',*,*,#4237,.T.);
#5498=ORIENTED_EDGE('',*,*,#4235,.F.);
#5499=ORIENTED_EDGE('',*,*,#4238,.F.);
#5500=ORIENTED_EDGE('',*,*,#4239,.T.);
#5501=ORIENTED_EDGE('',*,*,#4240,.F.);
#5502=ORIENTED_EDGE('',*,*,#4223,.T.);
#5503=ORIENTED_EDGE('',*,*,#4234,.T.);
#5504=ORIENTED_EDGE('',*,*,#4241,.T.);
#5505=ORIENTED_EDGE('',*,*,#4242,.T.);
#5506=ORIENTED_EDGE('',*,*,#4243,.T.);
#5507=ORIENTED_EDGE('',*,*,#4244,.T.);
#5508=ORIENTED_EDGE('',*,*,#4241,.F.);
#5509=ORIENTED_EDGE('',*,*,#4245,.F.);
#5510=ORIENTED_EDGE('',*,*,#4246,.T.);
#5511=ORIENTED_EDGE('',*,*,#4247,.F.);
#5512=ORIENTED_EDGE('',*,*,#4248,.T.);
#5513=ORIENTED_EDGE('',*,*,#4249,.T.);
#5514=ORIENTED_EDGE('',*,*,#4244,.F.);
#5515=ORIENTED_EDGE('',*,*,#4250,.F.);
#5516=ORIENTED_EDGE('',*,*,#4251,.F.);
#5517=ORIENTED_EDGE('',*,*,#4252,.F.);
#5518=ORIENTED_EDGE('',*,*,#4245,.T.);
#5519=ORIENTED_EDGE('',*,*,#4253,.T.);
#5520=ORIENTED_EDGE('',*,*,#4251,.T.);
#5521=ORIENTED_EDGE('',*,*,#4254,.T.);
#5522=ORIENTED_EDGE('',*,*,#4255,.T.);
#5523=ORIENTED_EDGE('',*,*,#4253,.F.);
#5524=ORIENTED_EDGE('',*,*,#4256,.T.);
#5525=ORIENTED_EDGE('',*,*,#4257,.F.);
#5526=ORIENTED_EDGE('',*,*,#4258,.T.);
#5527=ORIENTED_EDGE('',*,*,#4259,.T.);
#5528=ORIENTED_EDGE('',*,*,#4260,.F.);
#5529=ORIENTED_EDGE('',*,*,#4261,.F.);
#5530=ORIENTED_EDGE('',*,*,#4262,.F.);
#5531=ORIENTED_EDGE('',*,*,#4263,.F.);
#5532=ORIENTED_EDGE('',*,*,#4246,.F.);
#5533=ORIENTED_EDGE('',*,*,#4252,.T.);
#5534=ORIENTED_EDGE('',*,*,#4264,.T.);
#5535=ORIENTED_EDGE('',*,*,#4265,.T.);
#5536=ORIENTED_EDGE('',*,*,#4266,.T.);
#5537=ORIENTED_EDGE('',*,*,#4267,.T.);
#5538=ORIENTED_EDGE('',*,*,#4268,.T.);
#5539=ORIENTED_EDGE('',*,*,#4269,.T.);
#5540=ORIENTED_EDGE('',*,*,#4270,.T.);
#5541=ORIENTED_EDGE('',*,*,#4271,.T.);
#5542=ORIENTED_EDGE('',*,*,#4272,.T.);
#5543=ORIENTED_EDGE('',*,*,#4273,.T.);
#5544=ORIENTED_EDGE('',*,*,#4274,.T.);
#5545=ORIENTED_EDGE('',*,*,#4275,.T.);
#5546=ORIENTED_EDGE('',*,*,#4276,.T.);
#5547=ORIENTED_EDGE('',*,*,#4277,.T.);
#5548=ORIENTED_EDGE('',*,*,#4278,.T.);
#5549=ORIENTED_EDGE('',*,*,#4279,.T.);
#5550=ORIENTED_EDGE('',*,*,#4280,.T.);
#5551=ORIENTED_EDGE('',*,*,#4281,.T.);
#5552=ORIENTED_EDGE('',*,*,#4282,.T.);
#5553=ORIENTED_EDGE('',*,*,#4283,.T.);
#5554=ORIENTED_EDGE('',*,*,#4284,.T.);
#5555=ORIENTED_EDGE('',*,*,#4285,.T.);
#5556=ORIENTED_EDGE('',*,*,#4286,.T.);
#5557=ORIENTED_EDGE('',*,*,#4287,.T.);
#5558=ORIENTED_EDGE('',*,*,#4288,.T.);
#5559=ORIENTED_EDGE('',*,*,#4289,.T.);
#5560=ORIENTED_EDGE('',*,*,#4290,.T.);
#5561=ORIENTED_EDGE('',*,*,#4291,.T.);
#5562=ORIENTED_EDGE('',*,*,#4292,.T.);
#5563=ORIENTED_EDGE('',*,*,#4293,.T.);
#5564=ORIENTED_EDGE('',*,*,#4294,.T.);
#5565=ORIENTED_EDGE('',*,*,#4295,.T.);
#5566=ORIENTED_EDGE('',*,*,#4296,.T.);
#5567=ORIENTED_EDGE('',*,*,#4297,.T.);
#5568=ORIENTED_EDGE('',*,*,#4298,.T.);
#5569=ORIENTED_EDGE('',*,*,#4299,.T.);
#5570=ORIENTED_EDGE('',*,*,#4300,.T.);
#5571=ORIENTED_EDGE('',*,*,#4301,.T.);
#5572=ORIENTED_EDGE('',*,*,#4302,.T.);
#5573=ORIENTED_EDGE('',*,*,#4303,.T.);
#5574=ORIENTED_EDGE('',*,*,#4304,.T.);
#5575=ORIENTED_EDGE('',*,*,#4305,.T.);
#5576=ORIENTED_EDGE('',*,*,#4306,.T.);
#5577=ORIENTED_EDGE('',*,*,#4307,.T.);
#5578=ORIENTED_EDGE('',*,*,#4308,.T.);
#5579=ORIENTED_EDGE('',*,*,#4309,.T.);
#5580=ORIENTED_EDGE('',*,*,#4310,.T.);
#5581=ORIENTED_EDGE('',*,*,#4311,.T.);
#5582=ORIENTED_EDGE('',*,*,#4312,.T.);
#5583=ORIENTED_EDGE('',*,*,#4313,.T.);
#5584=ORIENTED_EDGE('',*,*,#4314,.T.);
#5585=ORIENTED_EDGE('',*,*,#4315,.T.);
#5586=ORIENTED_EDGE('',*,*,#4316,.T.);
#5587=ORIENTED_EDGE('',*,*,#4317,.T.);
#5588=ORIENTED_EDGE('',*,*,#4318,.T.);
#5589=ORIENTED_EDGE('',*,*,#4289,.F.);
#5590=ORIENTED_EDGE('',*,*,#4319,.F.);
#5591=ORIENTED_EDGE('',*,*,#4320,.T.);
#5592=ORIENTED_EDGE('',*,*,#4321,.F.);
#5593=ORIENTED_EDGE('',*,*,#4322,.F.);
#5594=ORIENTED_EDGE('',*,*,#4323,.T.);
#5595=ORIENTED_EDGE('',*,*,#4287,.F.);
#5596=ORIENTED_EDGE('',*,*,#4324,.F.);
#5597=ORIENTED_EDGE('',*,*,#4325,.T.);
#5598=ORIENTED_EDGE('',*,*,#4326,.F.);
#5599=ORIENTED_EDGE('',*,*,#4327,.F.);
#5600=ORIENTED_EDGE('',*,*,#4328,.T.);
#5601=ORIENTED_EDGE('',*,*,#4285,.F.);
#5602=ORIENTED_EDGE('',*,*,#4329,.F.);
#5603=ORIENTED_EDGE('',*,*,#4330,.T.);
#5604=ORIENTED_EDGE('',*,*,#4331,.F.);
#5605=ORIENTED_EDGE('',*,*,#4332,.F.);
#5606=ORIENTED_EDGE('',*,*,#4333,.T.);
#5607=ORIENTED_EDGE('',*,*,#4283,.F.);
#5608=ORIENTED_EDGE('',*,*,#4334,.F.);
#5609=ORIENTED_EDGE('',*,*,#4335,.T.);
#5610=ORIENTED_EDGE('',*,*,#4336,.F.);
#5611=ORIENTED_EDGE('',*,*,#4337,.F.);
#5612=ORIENTED_EDGE('',*,*,#4338,.T.);
#5613=ORIENTED_EDGE('',*,*,#4281,.F.);
#5614=ORIENTED_EDGE('',*,*,#4339,.F.);
#5615=ORIENTED_EDGE('',*,*,#4340,.T.);
#5616=ORIENTED_EDGE('',*,*,#4341,.F.);
#5617=ORIENTED_EDGE('',*,*,#4342,.F.);
#5618=ORIENTED_EDGE('',*,*,#4343,.T.);
#5619=ORIENTED_EDGE('',*,*,#4279,.F.);
#5620=ORIENTED_EDGE('',*,*,#4344,.F.);
#5621=ORIENTED_EDGE('',*,*,#4345,.T.);
#5622=ORIENTED_EDGE('',*,*,#4346,.F.);
#5623=ORIENTED_EDGE('',*,*,#4347,.F.);
#5624=ORIENTED_EDGE('',*,*,#4348,.T.);
#5625=ORIENTED_EDGE('',*,*,#4277,.F.);
#5626=ORIENTED_EDGE('',*,*,#4349,.F.);
#5627=ORIENTED_EDGE('',*,*,#4350,.T.);
#5628=ORIENTED_EDGE('',*,*,#4351,.F.);
#5629=ORIENTED_EDGE('',*,*,#4352,.F.);
#5630=ORIENTED_EDGE('',*,*,#4353,.T.);
#5631=ORIENTED_EDGE('',*,*,#4275,.F.);
#5632=ORIENTED_EDGE('',*,*,#4354,.F.);
#5633=ORIENTED_EDGE('',*,*,#4355,.T.);
#5634=ORIENTED_EDGE('',*,*,#4356,.F.);
#5635=ORIENTED_EDGE('',*,*,#4357,.F.);
#5636=ORIENTED_EDGE('',*,*,#4358,.T.);
#5637=ORIENTED_EDGE('',*,*,#4273,.F.);
#5638=ORIENTED_EDGE('',*,*,#4359,.F.);
#5639=ORIENTED_EDGE('',*,*,#4360,.T.);
#5640=ORIENTED_EDGE('',*,*,#4361,.F.);
#5641=ORIENTED_EDGE('',*,*,#4362,.F.);
#5642=ORIENTED_EDGE('',*,*,#4363,.T.);
#5643=ORIENTED_EDGE('',*,*,#4271,.F.);
#5644=ORIENTED_EDGE('',*,*,#4364,.F.);
#5645=ORIENTED_EDGE('',*,*,#4365,.T.);
#5646=ORIENTED_EDGE('',*,*,#4366,.F.);
#5647=ORIENTED_EDGE('',*,*,#4367,.F.);
#5648=ORIENTED_EDGE('',*,*,#4368,.T.);
#5649=ORIENTED_EDGE('',*,*,#4269,.F.);
#5650=ORIENTED_EDGE('',*,*,#4369,.F.);
#5651=ORIENTED_EDGE('',*,*,#4370,.T.);
#5652=ORIENTED_EDGE('',*,*,#4371,.F.);
#5653=ORIENTED_EDGE('',*,*,#4372,.F.);
#5654=ORIENTED_EDGE('',*,*,#4373,.T.);
#5655=ORIENTED_EDGE('',*,*,#4267,.F.);
#5656=ORIENTED_EDGE('',*,*,#4374,.F.);
#5657=ORIENTED_EDGE('',*,*,#4375,.F.);
#5658=ORIENTED_EDGE('',*,*,#4376,.F.);
#5659=ORIENTED_EDGE('',*,*,#4377,.T.);
#5660=ORIENTED_EDGE('',*,*,#4317,.F.);
#5661=ORIENTED_EDGE('',*,*,#4378,.F.);
#5662=ORIENTED_EDGE('',*,*,#4379,.T.);
#5663=ORIENTED_EDGE('',*,*,#4380,.F.);
#5664=ORIENTED_EDGE('',*,*,#4381,.F.);
#5665=ORIENTED_EDGE('',*,*,#4382,.T.);
#5666=ORIENTED_EDGE('',*,*,#4315,.F.);
#5667=ORIENTED_EDGE('',*,*,#4383,.F.);
#5668=ORIENTED_EDGE('',*,*,#4384,.T.);
#5669=ORIENTED_EDGE('',*,*,#4385,.F.);
#5670=ORIENTED_EDGE('',*,*,#4386,.F.);
#5671=ORIENTED_EDGE('',*,*,#4387,.T.);
#5672=ORIENTED_EDGE('',*,*,#4313,.F.);
#5673=ORIENTED_EDGE('',*,*,#4388,.F.);
#5674=ORIENTED_EDGE('',*,*,#4389,.T.);
#5675=ORIENTED_EDGE('',*,*,#4390,.F.);
#5676=ORIENTED_EDGE('',*,*,#4391,.F.);
#5677=ORIENTED_EDGE('',*,*,#4392,.T.);
#5678=ORIENTED_EDGE('',*,*,#4311,.F.);
#5679=ORIENTED_EDGE('',*,*,#4393,.F.);
#5680=ORIENTED_EDGE('',*,*,#4394,.T.);
#5681=ORIENTED_EDGE('',*,*,#4395,.F.);
#5682=ORIENTED_EDGE('',*,*,#4396,.F.);
#5683=ORIENTED_EDGE('',*,*,#4397,.T.);
#5684=ORIENTED_EDGE('',*,*,#4309,.F.);
#5685=ORIENTED_EDGE('',*,*,#4398,.F.);
#5686=ORIENTED_EDGE('',*,*,#4399,.T.);
#5687=ORIENTED_EDGE('',*,*,#4400,.F.);
#5688=ORIENTED_EDGE('',*,*,#4401,.F.);
#5689=ORIENTED_EDGE('',*,*,#4402,.T.);
#5690=ORIENTED_EDGE('',*,*,#4307,.F.);
#5691=ORIENTED_EDGE('',*,*,#4403,.F.);
#5692=ORIENTED_EDGE('',*,*,#4404,.T.);
#5693=ORIENTED_EDGE('',*,*,#4405,.F.);
#5694=ORIENTED_EDGE('',*,*,#4406,.F.);
#5695=ORIENTED_EDGE('',*,*,#4407,.T.);
#5696=ORIENTED_EDGE('',*,*,#4305,.F.);
#5697=ORIENTED_EDGE('',*,*,#4408,.F.);
#5698=ORIENTED_EDGE('',*,*,#4409,.T.);
#5699=ORIENTED_EDGE('',*,*,#4410,.F.);
#5700=ORIENTED_EDGE('',*,*,#4411,.F.);
#5701=ORIENTED_EDGE('',*,*,#4412,.T.);
#5702=ORIENTED_EDGE('',*,*,#4303,.F.);
#5703=ORIENTED_EDGE('',*,*,#4413,.F.);
#5704=ORIENTED_EDGE('',*,*,#4414,.T.);
#5705=ORIENTED_EDGE('',*,*,#4415,.F.);
#5706=ORIENTED_EDGE('',*,*,#4416,.F.);
#5707=ORIENTED_EDGE('',*,*,#4417,.T.);
#5708=ORIENTED_EDGE('',*,*,#4301,.F.);
#5709=ORIENTED_EDGE('',*,*,#4418,.F.);
#5710=ORIENTED_EDGE('',*,*,#4419,.T.);
#5711=ORIENTED_EDGE('',*,*,#4420,.F.);
#5712=ORIENTED_EDGE('',*,*,#4421,.F.);
#5713=ORIENTED_EDGE('',*,*,#4422,.T.);
#5714=ORIENTED_EDGE('',*,*,#4299,.F.);
#5715=ORIENTED_EDGE('',*,*,#4423,.F.);
#5716=ORIENTED_EDGE('',*,*,#4424,.T.);
#5717=ORIENTED_EDGE('',*,*,#4425,.F.);
#5718=ORIENTED_EDGE('',*,*,#4426,.F.);
#5719=ORIENTED_EDGE('',*,*,#4427,.T.);
#5720=ORIENTED_EDGE('',*,*,#4297,.F.);
#5721=ORIENTED_EDGE('',*,*,#4428,.F.);
#5722=ORIENTED_EDGE('',*,*,#4429,.T.);
#5723=ORIENTED_EDGE('',*,*,#4430,.F.);
#5724=ORIENTED_EDGE('',*,*,#4431,.F.);
#5725=ORIENTED_EDGE('',*,*,#4432,.T.);
#5726=ORIENTED_EDGE('',*,*,#4295,.F.);
#5727=ORIENTED_EDGE('',*,*,#4433,.F.);
#5728=ORIENTED_EDGE('',*,*,#4434,.T.);
#5729=ORIENTED_EDGE('',*,*,#4435,.F.);
#5730=ORIENTED_EDGE('',*,*,#4436,.F.);
#5731=ORIENTED_EDGE('',*,*,#4437,.T.);
#5732=ORIENTED_EDGE('',*,*,#4293,.F.);
#5733=ORIENTED_EDGE('',*,*,#4438,.F.);
#5734=ORIENTED_EDGE('',*,*,#4439,.T.);
#5735=ORIENTED_EDGE('',*,*,#4440,.F.);
#5736=ORIENTED_EDGE('',*,*,#4441,.F.);
#5737=ORIENTED_EDGE('',*,*,#4442,.T.);
#5738=ORIENTED_EDGE('',*,*,#4291,.F.);
#5739=ORIENTED_EDGE('',*,*,#4443,.F.);
#5740=ORIENTED_EDGE('',*,*,#4444,.T.);
#5741=ORIENTED_EDGE('',*,*,#4445,.F.);
#5742=ORIENTED_EDGE('',*,*,#4446,.F.);
#5743=ORIENTED_EDGE('',*,*,#4447,.T.);
#5744=ORIENTED_EDGE('',*,*,#4265,.F.);
#5745=ORIENTED_EDGE('',*,*,#4448,.T.);
#5746=ORIENTED_EDGE('',*,*,#4449,.T.);
#5747=ORIENTED_EDGE('',*,*,#4450,.F.);
#5748=ORIENTED_EDGE('',*,*,#4451,.T.);
#5749=ORIENTED_EDGE('',*,*,#4452,.T.);
#5750=ORIENTED_EDGE('',*,*,#4453,.T.);
#5751=ORIENTED_EDGE('',*,*,#4454,.T.);
#5752=ORIENTED_EDGE('',*,*,#4455,.T.);
#5753=ORIENTED_EDGE('',*,*,#4456,.T.);
#5754=ORIENTED_EDGE('',*,*,#4453,.F.);
#5755=ORIENTED_EDGE('',*,*,#4457,.T.);
#5756=ORIENTED_EDGE('',*,*,#4458,.T.);
#5757=ORIENTED_EDGE('',*,*,#4459,.T.);
#5758=ORIENTED_EDGE('',*,*,#4455,.F.);
#5759=ORIENTED_EDGE('',*,*,#4460,.T.);
#5760=ORIENTED_EDGE('',*,*,#4461,.T.);
#5761=ORIENTED_EDGE('',*,*,#4462,.T.);
#5762=ORIENTED_EDGE('',*,*,#4458,.F.);
#5763=ORIENTED_EDGE('',*,*,#4463,.T.);
#5764=ORIENTED_EDGE('',*,*,#4464,.T.);
#5765=ORIENTED_EDGE('',*,*,#4465,.T.);
#5766=ORIENTED_EDGE('',*,*,#4461,.F.);
#5767=ORIENTED_EDGE('',*,*,#4466,.T.);
#5768=ORIENTED_EDGE('',*,*,#4467,.T.);
#5769=ORIENTED_EDGE('',*,*,#4468,.T.);
#5770=ORIENTED_EDGE('',*,*,#4464,.F.);
#5771=ORIENTED_EDGE('',*,*,#4469,.T.);
#5772=ORIENTED_EDGE('',*,*,#4470,.T.);
#5773=ORIENTED_EDGE('',*,*,#4471,.T.);
#5774=ORIENTED_EDGE('',*,*,#4467,.F.);
#5775=ORIENTED_EDGE('',*,*,#4472,.T.);
#5776=ORIENTED_EDGE('',*,*,#4470,.F.);
#5777=ORIENTED_EDGE('',*,*,#4473,.T.);
#5778=ORIENTED_EDGE('',*,*,#4451,.F.);
#5779=ORIENTED_EDGE('',*,*,#4474,.T.);
#5780=ORIENTED_EDGE('',*,*,#4463,.F.);
#5781=ORIENTED_EDGE('',*,*,#4475,.T.);
#5782=ORIENTED_EDGE('',*,*,#4476,.F.);
#5783=ORIENTED_EDGE('',*,*,#4477,.T.);
#5784=ORIENTED_EDGE('',*,*,#4460,.F.);
#5785=ORIENTED_EDGE('',*,*,#4478,.F.);
#5786=ORIENTED_EDGE('',*,*,#4479,.F.);
#5787=ORIENTED_EDGE('',*,*,#4480,.F.);
#5788=ORIENTED_EDGE('',*,*,#4481,.F.);
#5789=ORIENTED_EDGE('',*,*,#4475,.F.);
#5790=ORIENTED_EDGE('',*,*,#4482,.F.);
#5791=ORIENTED_EDGE('',*,*,#4483,.F.);
#5792=ORIENTED_EDGE('',*,*,#4484,.F.);
#5793=ORIENTED_EDGE('',*,*,#4485,.F.);
#5794=ORIENTED_EDGE('',*,*,#4486,.F.);
#5795=ORIENTED_EDGE('',*,*,#4487,.F.);
#5796=ORIENTED_EDGE('',*,*,#4488,.F.);
#5797=ORIENTED_EDGE('',*,*,#4489,.F.);
#5798=ORIENTED_EDGE('',*,*,#4457,.F.);
#5799=ORIENTED_EDGE('',*,*,#4490,.T.);
#5800=ORIENTED_EDGE('',*,*,#4491,.F.);
#5801=ORIENTED_EDGE('',*,*,#4478,.T.);
#5802=ORIENTED_EDGE('',*,*,#4452,.F.);
#5803=ORIENTED_EDGE('',*,*,#4492,.F.);
#5804=ORIENTED_EDGE('',*,*,#4493,.F.);
#5805=ORIENTED_EDGE('',*,*,#4494,.F.);
#5806=ORIENTED_EDGE('',*,*,#4495,.F.);
#5807=ORIENTED_EDGE('',*,*,#4496,.F.);
#5808=ORIENTED_EDGE('',*,*,#4497,.F.);
#5809=ORIENTED_EDGE('',*,*,#4498,.F.);
#5810=ORIENTED_EDGE('',*,*,#4499,.F.);
#5811=ORIENTED_EDGE('',*,*,#4500,.F.);
#5812=ORIENTED_EDGE('',*,*,#4501,.F.);
#5813=ORIENTED_EDGE('',*,*,#4502,.F.);
#5814=ORIENTED_EDGE('',*,*,#4503,.F.);
#5815=ORIENTED_EDGE('',*,*,#4504,.F.);
#5816=ORIENTED_EDGE('',*,*,#4505,.F.);
#5817=ORIENTED_EDGE('',*,*,#4506,.F.);
#5818=ORIENTED_EDGE('',*,*,#4507,.F.);
#5819=ORIENTED_EDGE('',*,*,#4508,.F.);
#5820=ORIENTED_EDGE('',*,*,#4509,.T.);
#5821=ORIENTED_EDGE('',*,*,#4510,.F.);
#5822=ORIENTED_EDGE('',*,*,#4511,.F.);
#5823=ORIENTED_EDGE('',*,*,#4512,.F.);
#5824=ORIENTED_EDGE('',*,*,#4513,.F.);
#5825=ORIENTED_EDGE('',*,*,#4490,.F.);
#5826=ORIENTED_EDGE('',*,*,#4454,.F.);
#5827=ORIENTED_EDGE('',*,*,#4456,.F.);
#5828=ORIENTED_EDGE('',*,*,#4459,.F.);
#5829=ORIENTED_EDGE('',*,*,#4462,.F.);
#5830=ORIENTED_EDGE('',*,*,#4465,.F.);
#5831=ORIENTED_EDGE('',*,*,#4468,.F.);
#5832=ORIENTED_EDGE('',*,*,#4471,.F.);
#5833=ORIENTED_EDGE('',*,*,#4474,.F.);
#5834=ORIENTED_EDGE('',*,*,#4514,.F.);
#5835=ORIENTED_EDGE('',*,*,#4515,.F.);
#5836=ORIENTED_EDGE('',*,*,#4516,.F.);
#5837=ORIENTED_EDGE('',*,*,#4517,.F.);
#5838=ORIENTED_EDGE('',*,*,#4518,.F.);
#5839=ORIENTED_EDGE('',*,*,#4519,.F.);
#5840=ORIENTED_EDGE('',*,*,#4520,.F.);
#5841=ORIENTED_EDGE('',*,*,#4521,.F.);
#5842=ORIENTED_EDGE('',*,*,#4522,.T.);
#5843=ORIENTED_EDGE('',*,*,#4523,.T.);
#5844=ORIENTED_EDGE('',*,*,#4524,.T.);
#5845=ORIENTED_EDGE('',*,*,#4525,.T.);
#5846=ORIENTED_EDGE('',*,*,#4526,.T.);
#5847=ORIENTED_EDGE('',*,*,#4527,.T.);
#5848=ORIENTED_EDGE('',*,*,#4522,.F.);
#5849=ORIENTED_EDGE('',*,*,#4528,.T.);
#5850=ORIENTED_EDGE('',*,*,#4529,.T.);
#5851=ORIENTED_EDGE('',*,*,#4513,.T.);
#5852=ORIENTED_EDGE('',*,*,#4526,.F.);
#5853=ORIENTED_EDGE('',*,*,#4530,.T.);
#5854=ORIENTED_EDGE('',*,*,#4531,.T.);
#5855=ORIENTED_EDGE('',*,*,#4491,.T.);
#5856=ORIENTED_EDGE('',*,*,#4529,.F.);
#5857=ORIENTED_EDGE('',*,*,#4532,.T.);
#5858=ORIENTED_EDGE('',*,*,#4533,.T.);
#5859=ORIENTED_EDGE('',*,*,#4479,.T.);
#5860=ORIENTED_EDGE('',*,*,#4531,.F.);
#5861=ORIENTED_EDGE('',*,*,#4534,.T.);
#5862=ORIENTED_EDGE('',*,*,#4535,.T.);
#5863=ORIENTED_EDGE('',*,*,#4536,.T.);
#5864=ORIENTED_EDGE('',*,*,#4533,.F.);
#5865=ORIENTED_EDGE('',*,*,#4537,.T.);
#5866=ORIENTED_EDGE('',*,*,#4538,.T.);
#5867=ORIENTED_EDGE('',*,*,#4539,.T.);
#5868=ORIENTED_EDGE('',*,*,#4535,.F.);
#5869=ORIENTED_EDGE('',*,*,#4540,.T.);
#5870=ORIENTED_EDGE('',*,*,#4538,.F.);
#5871=ORIENTED_EDGE('',*,*,#4541,.F.);
#5872=ORIENTED_EDGE('',*,*,#4542,.F.);
#5873=ORIENTED_EDGE('',*,*,#4543,.F.);
#5874=ORIENTED_EDGE('',*,*,#4544,.F.);
#5875=ORIENTED_EDGE('',*,*,#4540,.F.);
#5876=ORIENTED_EDGE('',*,*,#4537,.F.);
#5877=ORIENTED_EDGE('',*,*,#4534,.F.);
#5878=ORIENTED_EDGE('',*,*,#4532,.F.);
#5879=ORIENTED_EDGE('',*,*,#4530,.F.);
#5880=ORIENTED_EDGE('',*,*,#4528,.F.);
#5881=ORIENTED_EDGE('',*,*,#4525,.F.);
#5882=ORIENTED_EDGE('',*,*,#4545,.F.);
#5883=ORIENTED_EDGE('',*,*,#4546,.T.);
#5884=ORIENTED_EDGE('',*,*,#4547,.T.);
#5885=ORIENTED_EDGE('',*,*,#4548,.F.);
#5886=ORIENTED_EDGE('',*,*,#4549,.T.);
#5887=ORIENTED_EDGE('',*,*,#4550,.F.);
#5888=ORIENTED_EDGE('',*,*,#4551,.T.);
#5889=ORIENTED_EDGE('',*,*,#4552,.F.);
#5890=ORIENTED_EDGE('',*,*,#4553,.F.);
#5891=ORIENTED_EDGE('',*,*,#4554,.F.);
#5892=ORIENTED_EDGE('',*,*,#4555,.F.);
#5893=ORIENTED_EDGE('',*,*,#4556,.F.);
#5894=ORIENTED_EDGE('',*,*,#4557,.T.);
#5895=ORIENTED_EDGE('',*,*,#4558,.F.);
#5896=ORIENTED_EDGE('',*,*,#4559,.T.);
#5897=ORIENTED_EDGE('',*,*,#4560,.F.);
#5898=ORIENTED_EDGE('',*,*,#4561,.T.);
#5899=ORIENTED_EDGE('',*,*,#4562,.F.);
#5900=ORIENTED_EDGE('',*,*,#4563,.T.);
#5901=ORIENTED_EDGE('',*,*,#4564,.F.);
#5902=ORIENTED_EDGE('',*,*,#4565,.T.);
#5903=ORIENTED_EDGE('',*,*,#4566,.F.);
#5904=ORIENTED_EDGE('',*,*,#4567,.T.);
#5905=ORIENTED_EDGE('',*,*,#4568,.F.);
#5906=ORIENTED_EDGE('',*,*,#4541,.T.);
#5907=ORIENTED_EDGE('',*,*,#4569,.F.);
#5908=ORIENTED_EDGE('',*,*,#4570,.T.);
#5909=ORIENTED_EDGE('',*,*,#4571,.T.);
#5910=ORIENTED_EDGE('',*,*,#4572,.T.);
#5911=ORIENTED_EDGE('',*,*,#4573,.T.);
#5912=ORIENTED_EDGE('',*,*,#4574,.T.);
#5913=ORIENTED_EDGE('',*,*,#4575,.T.);
#5914=ORIENTED_EDGE('',*,*,#4576,.T.);
#5915=ORIENTED_EDGE('',*,*,#4577,.T.);
#5916=ORIENTED_EDGE('',*,*,#4482,.T.);
#5917=ORIENTED_EDGE('',*,*,#4578,.T.);
#5918=ORIENTED_EDGE('',*,*,#4579,.T.);
#5919=ORIENTED_EDGE('',*,*,#4580,.T.);
#5920=ORIENTED_EDGE('',*,*,#4581,.T.);
#5921=ORIENTED_EDGE('',*,*,#4578,.F.);
#5922=ORIENTED_EDGE('',*,*,#4489,.T.);
#5923=ORIENTED_EDGE('',*,*,#4582,.T.);
#5924=ORIENTED_EDGE('',*,*,#4583,.T.);
#5925=ORIENTED_EDGE('',*,*,#4580,.F.);
#5926=ORIENTED_EDGE('',*,*,#4488,.T.);
#5927=ORIENTED_EDGE('',*,*,#4584,.T.);
#5928=ORIENTED_EDGE('',*,*,#4585,.T.);
#5929=ORIENTED_EDGE('',*,*,#4582,.F.);
#5930=ORIENTED_EDGE('',*,*,#4487,.T.);
#5931=ORIENTED_EDGE('',*,*,#4586,.T.);
#5932=ORIENTED_EDGE('',*,*,#4587,.T.);
#5933=ORIENTED_EDGE('',*,*,#4584,.F.);
#5934=ORIENTED_EDGE('',*,*,#4486,.T.);
#5935=ORIENTED_EDGE('',*,*,#4588,.T.);
#5936=ORIENTED_EDGE('',*,*,#4589,.T.);
#5937=ORIENTED_EDGE('',*,*,#4586,.F.);
#5938=ORIENTED_EDGE('',*,*,#4485,.T.);
#5939=ORIENTED_EDGE('',*,*,#4590,.T.);
#5940=ORIENTED_EDGE('',*,*,#4591,.T.);
#5941=ORIENTED_EDGE('',*,*,#4588,.F.);
#5942=ORIENTED_EDGE('',*,*,#4484,.T.);
#5943=ORIENTED_EDGE('',*,*,#4577,.F.);
#5944=ORIENTED_EDGE('',*,*,#4592,.T.);
#5945=ORIENTED_EDGE('',*,*,#4590,.F.);
#5946=ORIENTED_EDGE('',*,*,#4483,.T.);
#5947=ORIENTED_EDGE('',*,*,#4589,.F.);
#5948=ORIENTED_EDGE('',*,*,#4593,.T.);
#5949=ORIENTED_EDGE('',*,*,#4594,.F.);
#5950=ORIENTED_EDGE('',*,*,#4595,.T.);
#5951=ORIENTED_EDGE('',*,*,#4591,.F.);
#5952=ORIENTED_EDGE('',*,*,#4596,.F.);
#5953=ORIENTED_EDGE('',*,*,#4597,.F.);
#5954=ORIENTED_EDGE('',*,*,#4593,.F.);
#5955=ORIENTED_EDGE('',*,*,#4592,.F.);
#5956=ORIENTED_EDGE('',*,*,#4598,.T.);
#5957=ORIENTED_EDGE('',*,*,#4599,.T.);
#5958=ORIENTED_EDGE('',*,*,#4596,.T.);
#5959=ORIENTED_EDGE('',*,*,#4579,.F.);
#5960=ORIENTED_EDGE('',*,*,#4600,.F.);
#5961=ORIENTED_EDGE('',*,*,#4601,.F.);
#5962=ORIENTED_EDGE('',*,*,#4598,.F.);
#5963=ORIENTED_EDGE('',*,*,#4469,.F.);
#5964=ORIENTED_EDGE('',*,*,#4602,.T.);
#5965=ORIENTED_EDGE('',*,*,#4603,.T.);
#5966=ORIENTED_EDGE('',*,*,#4604,.T.);
#5967=ORIENTED_EDGE('',*,*,#4605,.T.);
#5968=ORIENTED_EDGE('',*,*,#4472,.F.);
#5969=ORIENTED_EDGE('',*,*,#4605,.F.);
#5970=ORIENTED_EDGE('',*,*,#4606,.F.);
#5971=ORIENTED_EDGE('',*,*,#4607,.F.);
#5972=ORIENTED_EDGE('',*,*,#4604,.F.);
#5973=ORIENTED_EDGE('',*,*,#4608,.T.);
#5974=ORIENTED_EDGE('',*,*,#4609,.F.);
#5975=ORIENTED_EDGE('',*,*,#4606,.T.);
#5976=ORIENTED_EDGE('',*,*,#4610,.T.);
#5977=ORIENTED_EDGE('',*,*,#4611,.T.);
#5978=ORIENTED_EDGE('',*,*,#4612,.F.);
#5979=ORIENTED_EDGE('',*,*,#4612,.T.);
#5980=ORIENTED_EDGE('',*,*,#4613,.T.);
#5981=ORIENTED_EDGE('',*,*,#4609,.T.);
#5982=ORIENTED_EDGE('',*,*,#4614,.T.);
#5983=ORIENTED_EDGE('',*,*,#4473,.F.);
#5984=ORIENTED_EDGE('',*,*,#4607,.T.);
#5985=ORIENTED_EDGE('',*,*,#4613,.F.);
#5986=ORIENTED_EDGE('',*,*,#4611,.F.);
#5987=ORIENTED_EDGE('',*,*,#4492,.T.);
#5988=ORIENTED_EDGE('',*,*,#4615,.T.);
#5989=ORIENTED_EDGE('',*,*,#4616,.T.);
#5990=ORIENTED_EDGE('',*,*,#4617,.F.);
#5991=ORIENTED_EDGE('',*,*,#4618,.T.);
#5992=ORIENTED_EDGE('',*,*,#4617,.T.);
#5993=ORIENTED_EDGE('',*,*,#4619,.T.);
#5994=ORIENTED_EDGE('',*,*,#4620,.T.);
#5995=ORIENTED_EDGE('',*,*,#4527,.F.);
#5996=ORIENTED_EDGE('',*,*,#4512,.T.);
#5997=ORIENTED_EDGE('',*,*,#4619,.F.);
#5998=ORIENTED_EDGE('',*,*,#4616,.F.);
#5999=ORIENTED_EDGE('',*,*,#4621,.T.);
#6000=ORIENTED_EDGE('',*,*,#4523,.F.);
#6001=ORIENTED_EDGE('',*,*,#4621,.F.);
#6002=ORIENTED_EDGE('',*,*,#4622,.F.);
#6003=ORIENTED_EDGE('',*,*,#4623,.T.);
#6004=ORIENTED_EDGE('',*,*,#4615,.F.);
#6005=ORIENTED_EDGE('',*,*,#4624,.T.);
#6006=ORIENTED_EDGE('',*,*,#4625,.F.);
#6007=ORIENTED_EDGE('',*,*,#4622,.T.);
#6008=ORIENTED_EDGE('',*,*,#4626,.F.);
#6009=ORIENTED_EDGE('',*,*,#4627,.T.);
#6010=ORIENTED_EDGE('',*,*,#4628,.T.);
#6011=ORIENTED_EDGE('',*,*,#4476,.T.);
#6012=ORIENTED_EDGE('',*,*,#4481,.T.);
#6013=ORIENTED_EDGE('',*,*,#4629,.T.);
#6014=ORIENTED_EDGE('',*,*,#4630,.T.);
#6015=ORIENTED_EDGE('',*,*,#4631,.T.);
#6016=ORIENTED_EDGE('',*,*,#4628,.F.);
#6017=ORIENTED_EDGE('',*,*,#4632,.T.);
#6018=ORIENTED_EDGE('',*,*,#4466,.F.);
#6019=ORIENTED_EDGE('',*,*,#4477,.F.);
#6020=ORIENTED_EDGE('',*,*,#4631,.F.);
#6021=ORIENTED_EDGE('',*,*,#4633,.F.);
#6022=ORIENTED_EDGE('',*,*,#4634,.F.);
#6023=ORIENTED_EDGE('',*,*,#4635,.F.);
#6024=ORIENTED_EDGE('',*,*,#4636,.F.);
#6025=ORIENTED_EDGE('',*,*,#4637,.F.);
#6026=ORIENTED_EDGE('',*,*,#4638,.F.);
#6027=ORIENTED_EDGE('',*,*,#4226,.F.);
#6028=ORIENTED_EDGE('',*,*,#4639,.F.);
#6029=ORIENTED_EDGE('',*,*,#4640,.F.);
#6030=ORIENTED_EDGE('',*,*,#4602,.F.);
#6031=ORIENTED_EDGE('',*,*,#4632,.F.);
#6032=ORIENTED_EDGE('',*,*,#4627,.F.);
#6033=ORIENTED_EDGE('',*,*,#4641,.F.);
#6034=ORIENTED_EDGE('',*,*,#4642,.F.);
#6035=ORIENTED_EDGE('',*,*,#4643,.T.);
#6036=ORIENTED_EDGE('',*,*,#4644,.F.);
#6037=ORIENTED_EDGE('',*,*,#4645,.T.);
#6038=ORIENTED_EDGE('',*,*,#4536,.F.);
#6039=ORIENTED_EDGE('',*,*,#4646,.F.);
#6040=ORIENTED_EDGE('',*,*,#4629,.F.);
#6041=ORIENTED_EDGE('',*,*,#4480,.T.);
#6042=ORIENTED_EDGE('',*,*,#4647,.T.);
#6043=ORIENTED_EDGE('',*,*,#4648,.T.);
#6044=ORIENTED_EDGE('',*,*,#4649,.T.);
#6045=ORIENTED_EDGE('',*,*,#4644,.T.);
#6046=ORIENTED_EDGE('',*,*,#4650,.T.);
#6047=ORIENTED_EDGE('',*,*,#4545,.T.);
#6048=ORIENTED_EDGE('',*,*,#4524,.F.);
#6049=ORIENTED_EDGE('',*,*,#4623,.F.);
#6050=ORIENTED_EDGE('',*,*,#4625,.T.);
#6051=ORIENTED_EDGE('',*,*,#4651,.T.);
#6052=ORIENTED_EDGE('',*,*,#4652,.F.);
#6053=ORIENTED_EDGE('',*,*,#4653,.T.);
#6054=ORIENTED_EDGE('',*,*,#4610,.F.);
#6055=ORIENTED_EDGE('',*,*,#4654,.T.);
#6056=ORIENTED_EDGE('',*,*,#4655,.F.);
#6057=ORIENTED_EDGE('',*,*,#4493,.T.);
#6058=ORIENTED_EDGE('',*,*,#4618,.F.);
#6059=ORIENTED_EDGE('',*,*,#4656,.F.);
#6060=ORIENTED_EDGE('',*,*,#4657,.F.);
#6061=ORIENTED_EDGE('',*,*,#4658,.T.);
#6062=ORIENTED_EDGE('',*,*,#4659,.T.);
#6063=ORIENTED_EDGE('',*,*,#4660,.T.);
#6064=ORIENTED_EDGE('',*,*,#4661,.F.);
#6065=ORIENTED_EDGE('',*,*,#4662,.T.);
#6066=ORIENTED_EDGE('',*,*,#4663,.T.);
#6067=ORIENTED_EDGE('',*,*,#4664,.T.);
#6068=ORIENTED_EDGE('',*,*,#4665,.F.);
#6069=ORIENTED_EDGE('',*,*,#4651,.F.);
#6070=ORIENTED_EDGE('',*,*,#4624,.F.);
#6071=ORIENTED_EDGE('',*,*,#4620,.F.);
#6072=ORIENTED_EDGE('',*,*,#4511,.T.);
#6073=ORIENTED_EDGE('',*,*,#4666,.F.);
#6074=ORIENTED_EDGE('',*,*,#4656,.T.);
#6075=ORIENTED_EDGE('',*,*,#4667,.T.);
#6076=ORIENTED_EDGE('',*,*,#4668,.T.);
#6077=ORIENTED_EDGE('',*,*,#4669,.T.);
#6078=ORIENTED_EDGE('',*,*,#4668,.F.);
#6079=ORIENTED_EDGE('',*,*,#4501,.T.);
#6080=ORIENTED_EDGE('',*,*,#4670,.T.);
#6081=ORIENTED_EDGE('',*,*,#4671,.T.);
#6082=ORIENTED_EDGE('',*,*,#4672,.T.);
#6083=ORIENTED_EDGE('',*,*,#4673,.T.);
#6084=ORIENTED_EDGE('',*,*,#4670,.F.);
#6085=ORIENTED_EDGE('',*,*,#4500,.T.);
#6086=ORIENTED_EDGE('',*,*,#4674,.T.);
#6087=ORIENTED_EDGE('',*,*,#4675,.T.);
#6088=ORIENTED_EDGE('',*,*,#4672,.F.);
#6089=ORIENTED_EDGE('',*,*,#4499,.T.);
#6090=ORIENTED_EDGE('',*,*,#4676,.T.);
#6091=ORIENTED_EDGE('',*,*,#4240,.T.);
#6092=ORIENTED_EDGE('',*,*,#4674,.F.);
#6093=ORIENTED_EDGE('',*,*,#4498,.T.);
#6094=ORIENTED_EDGE('',*,*,#4677,.T.);
#6095=ORIENTED_EDGE('',*,*,#4224,.T.);
#6096=ORIENTED_EDGE('',*,*,#4676,.F.);
#6097=ORIENTED_EDGE('',*,*,#4497,.T.);
#6098=ORIENTED_EDGE('',*,*,#4678,.T.);
#6099=ORIENTED_EDGE('',*,*,#4679,.T.);
#6100=ORIENTED_EDGE('',*,*,#4677,.F.);
#6101=ORIENTED_EDGE('',*,*,#4496,.T.);
#6102=ORIENTED_EDGE('',*,*,#4680,.T.);
#6103=ORIENTED_EDGE('',*,*,#4681,.T.);
#6104=ORIENTED_EDGE('',*,*,#4682,.T.);
#6105=ORIENTED_EDGE('',*,*,#4667,.F.);
#6106=ORIENTED_EDGE('',*,*,#4683,.T.);
#6107=ORIENTED_EDGE('',*,*,#4681,.F.);
#6108=ORIENTED_EDGE('',*,*,#4502,.T.);
#6109=ORIENTED_EDGE('',*,*,#4684,.T.);
#6110=ORIENTED_EDGE('',*,*,#4263,.T.);
#6111=ORIENTED_EDGE('',*,*,#4685,.T.);
#6112=ORIENTED_EDGE('',*,*,#4507,.T.);
#6113=ORIENTED_EDGE('',*,*,#4686,.T.);
#6114=ORIENTED_EDGE('',*,*,#4508,.T.);
#6115=ORIENTED_EDGE('',*,*,#4685,.F.);
#6116=ORIENTED_EDGE('',*,*,#4687,.T.);
#6117=ORIENTED_EDGE('',*,*,#4688,.T.);
#6118=ORIENTED_EDGE('',*,*,#4247,.T.);
#6119=ORIENTED_EDGE('',*,*,#4684,.F.);
#6120=ORIENTED_EDGE('',*,*,#4506,.T.);
#6121=ORIENTED_EDGE('',*,*,#4689,.T.);
#6122=ORIENTED_EDGE('',*,*,#4690,.T.);
#6123=ORIENTED_EDGE('',*,*,#4688,.F.);
#6124=ORIENTED_EDGE('',*,*,#4505,.T.);
#6125=ORIENTED_EDGE('',*,*,#4691,.T.);
#6126=ORIENTED_EDGE('',*,*,#4692,.T.);
#6127=ORIENTED_EDGE('',*,*,#4689,.F.);
#6128=ORIENTED_EDGE('',*,*,#4504,.T.);
#6129=ORIENTED_EDGE('',*,*,#4680,.F.);
#6130=ORIENTED_EDGE('',*,*,#4693,.T.);
#6131=ORIENTED_EDGE('',*,*,#4691,.F.);
#6132=ORIENTED_EDGE('',*,*,#4503,.T.);
#6133=ORIENTED_EDGE('',*,*,#4686,.F.);
#6134=ORIENTED_EDGE('',*,*,#4694,.F.);
#6135=ORIENTED_EDGE('',*,*,#4695,.F.);
#6136=ORIENTED_EDGE('',*,*,#4696,.T.);
#6137=ORIENTED_EDGE('',*,*,#4697,.F.);
#6138=ORIENTED_EDGE('',*,*,#4698,.T.);
#6139=ORIENTED_EDGE('',*,*,#4699,.F.);
#6140=ORIENTED_EDGE('',*,*,#4700,.F.);
#6141=ORIENTED_EDGE('',*,*,#4701,.F.);
#6142=ORIENTED_EDGE('',*,*,#4702,.F.);
#6143=ORIENTED_EDGE('',*,*,#4703,.F.);
#6144=ORIENTED_EDGE('',*,*,#4509,.F.);
#6145=ORIENTED_EDGE('',*,*,#4687,.F.);
#6146=ORIENTED_EDGE('',*,*,#4262,.T.);
#6147=ORIENTED_EDGE('',*,*,#4704,.F.);
#6148=ORIENTED_EDGE('',*,*,#4705,.F.);
#6149=ORIENTED_EDGE('',*,*,#4706,.T.);
#6150=ORIENTED_EDGE('',*,*,#4661,.T.);
#6151=ORIENTED_EDGE('',*,*,#4707,.F.);
#6152=ORIENTED_EDGE('',*,*,#4694,.T.);
#6153=ORIENTED_EDGE('',*,*,#4655,.T.);
#6154=ORIENTED_EDGE('',*,*,#4708,.T.);
#6155=ORIENTED_EDGE('',*,*,#4709,.T.);
#6156=ORIENTED_EDGE('',*,*,#4494,.T.);
#6157=ORIENTED_EDGE('',*,*,#4666,.T.);
#6158=ORIENTED_EDGE('',*,*,#4510,.T.);
#6159=ORIENTED_EDGE('',*,*,#4703,.T.);
#6160=ORIENTED_EDGE('',*,*,#4710,.T.);
#6161=ORIENTED_EDGE('',*,*,#4710,.F.);
#6162=ORIENTED_EDGE('',*,*,#4702,.T.);
#6163=ORIENTED_EDGE('',*,*,#4711,.F.);
#6164=ORIENTED_EDGE('',*,*,#4657,.T.);
#6165=ORIENTED_EDGE('',*,*,#4585,.F.);
#6166=ORIENTED_EDGE('',*,*,#4712,.T.);
#6167=ORIENTED_EDGE('',*,*,#4713,.T.);
#6168=ORIENTED_EDGE('',*,*,#4714,.T.);
#6169=ORIENTED_EDGE('',*,*,#4715,.T.);
#6170=ORIENTED_EDGE('',*,*,#4716,.T.);
#6171=ORIENTED_EDGE('',*,*,#4713,.F.);
#6172=ORIENTED_EDGE('',*,*,#4717,.T.);
#6173=ORIENTED_EDGE('',*,*,#4718,.T.);
#6174=ORIENTED_EDGE('',*,*,#4719,.T.);
#6175=ORIENTED_EDGE('',*,*,#4720,.T.);
#6176=ORIENTED_EDGE('',*,*,#4718,.F.);
#6177=ORIENTED_EDGE('',*,*,#4721,.T.);
#6178=ORIENTED_EDGE('',*,*,#4715,.F.);
#6179=ORIENTED_EDGE('',*,*,#4722,.T.);
#6180=ORIENTED_EDGE('',*,*,#4583,.F.);
#6181=ORIENTED_EDGE('',*,*,#4714,.F.);
#6182=ORIENTED_EDGE('',*,*,#4723,.F.);
#6183=ORIENTED_EDGE('',*,*,#4724,.F.);
#6184=ORIENTED_EDGE('',*,*,#4725,.T.);
#6185=ORIENTED_EDGE('',*,*,#4726,.F.);
#6186=ORIENTED_EDGE('',*,*,#4727,.T.);
#6187=ORIENTED_EDGE('',*,*,#4728,.F.);
#6188=ORIENTED_EDGE('',*,*,#4729,.T.);
#6189=ORIENTED_EDGE('',*,*,#4730,.F.);
#6190=ORIENTED_EDGE('',*,*,#4731,.T.);
#6191=ORIENTED_EDGE('',*,*,#4732,.F.);
#6192=ORIENTED_EDGE('',*,*,#4733,.T.);
#6193=ORIENTED_EDGE('',*,*,#4734,.F.);
#6194=ORIENTED_EDGE('',*,*,#4716,.F.);
#6195=ORIENTED_EDGE('',*,*,#4721,.F.);
#6196=ORIENTED_EDGE('',*,*,#4720,.F.);
#6197=ORIENTED_EDGE('',*,*,#4735,.T.);
#6198=ORIENTED_EDGE('',*,*,#4736,.T.);
#6199=ORIENTED_EDGE('',*,*,#4737,.F.);
#6200=ORIENTED_EDGE('',*,*,#4723,.T.);
#6201=ORIENTED_EDGE('',*,*,#4719,.F.);
#6202=ORIENTED_EDGE('',*,*,#4738,.T.);
#6203=ORIENTED_EDGE('',*,*,#4739,.T.);
#6204=ORIENTED_EDGE('',*,*,#4740,.F.);
#6205=ORIENTED_EDGE('',*,*,#4227,.T.);
#6206=ORIENTED_EDGE('',*,*,#4638,.T.);
#6207=ORIENTED_EDGE('',*,*,#4741,.T.);
#6208=ORIENTED_EDGE('',*,*,#4742,.T.);
#6209=ORIENTED_EDGE('',*,*,#4230,.T.);
#6210=ORIENTED_EDGE('',*,*,#4675,.F.);
#6211=ORIENTED_EDGE('',*,*,#4239,.F.);
#6212=ORIENTED_EDGE('',*,*,#4743,.F.);
#6213=ORIENTED_EDGE('',*,*,#4744,.F.);
#6214=ORIENTED_EDGE('',*,*,#4745,.T.);
#6215=ORIENTED_EDGE('',*,*,#4746,.T.);
#6216=ORIENTED_EDGE('',*,*,#4747,.F.);
#6217=ORIENTED_EDGE('',*,*,#4748,.T.);
#6218=ORIENTED_EDGE('',*,*,#4708,.F.);
#6219=ORIENTED_EDGE('',*,*,#4749,.T.);
#6220=ORIENTED_EDGE('',*,*,#4750,.F.);
#6221=ORIENTED_EDGE('',*,*,#4751,.T.);
#6222=ORIENTED_EDGE('',*,*,#4679,.F.);
#6223=ORIENTED_EDGE('',*,*,#4752,.F.);
#6224=ORIENTED_EDGE('',*,*,#4753,.T.);
#6225=ORIENTED_EDGE('',*,*,#4754,.T.);
#6226=ORIENTED_EDGE('',*,*,#4639,.T.);
#6227=ORIENTED_EDGE('',*,*,#4225,.T.);
#6228=ORIENTED_EDGE('',*,*,#4603,.F.);
#6229=ORIENTED_EDGE('',*,*,#4640,.T.);
#6230=ORIENTED_EDGE('',*,*,#4754,.F.);
#6231=ORIENTED_EDGE('',*,*,#4755,.F.);
#6232=ORIENTED_EDGE('',*,*,#4756,.F.);
#6233=ORIENTED_EDGE('',*,*,#4757,.F.);
#6234=ORIENTED_EDGE('',*,*,#4746,.F.);
#6235=ORIENTED_EDGE('',*,*,#4758,.F.);
#6236=ORIENTED_EDGE('',*,*,#4759,.F.);
#6237=ORIENTED_EDGE('',*,*,#4760,.F.);
#6238=ORIENTED_EDGE('',*,*,#4749,.F.);
#6239=ORIENTED_EDGE('',*,*,#4654,.F.);
#6240=ORIENTED_EDGE('',*,*,#4614,.F.);
#6241=ORIENTED_EDGE('',*,*,#4608,.F.);
#6242=ORIENTED_EDGE('',*,*,#4761,.F.);
#6243=ORIENTED_EDGE('',*,*,#4257,.T.);
#6244=ORIENTED_EDGE('',*,*,#4762,.T.);
#6245=ORIENTED_EDGE('',*,*,#4763,.T.);
#6246=ORIENTED_EDGE('',*,*,#4764,.F.);
#6247=ORIENTED_EDGE('',*,*,#4260,.T.);
#6248=ORIENTED_EDGE('',*,*,#4648,.F.);
#6249=ORIENTED_EDGE('',*,*,#4765,.T.);
#6250=ORIENTED_EDGE('',*,*,#4653,.F.);
#6251=ORIENTED_EDGE('',*,*,#4766,.T.);
#6252=ORIENTED_EDGE('',*,*,#4767,.T.);
#6253=ORIENTED_EDGE('',*,*,#4704,.T.);
#6254=ORIENTED_EDGE('',*,*,#4261,.T.);
#6255=ORIENTED_EDGE('',*,*,#4764,.T.);
#6256=ORIENTED_EDGE('',*,*,#4768,.T.);
#6257=ORIENTED_EDGE('',*,*,#4769,.T.);
#6258=ORIENTED_EDGE('',*,*,#4770,.T.);
#6259=ORIENTED_EDGE('',*,*,#4771,.F.);
#6260=ORIENTED_EDGE('',*,*,#4772,.T.);
#6261=ORIENTED_EDGE('',*,*,#4763,.F.);
#6262=ORIENTED_EDGE('',*,*,#4773,.T.);
#6263=ORIENTED_EDGE('',*,*,#4774,.F.);
#6264=ORIENTED_EDGE('',*,*,#4768,.F.);
#6265=ORIENTED_EDGE('',*,*,#4665,.T.);
#6266=ORIENTED_EDGE('',*,*,#4775,.T.);
#6267=ORIENTED_EDGE('',*,*,#4776,.T.);
#6268=ORIENTED_EDGE('',*,*,#4766,.F.);
#6269=ORIENTED_EDGE('',*,*,#4652,.T.);
#6270=ORIENTED_EDGE('',*,*,#4777,.T.);
#6271=ORIENTED_EDGE('',*,*,#4778,.T.);
#6272=ORIENTED_EDGE('',*,*,#4779,.T.);
#6273=ORIENTED_EDGE('',*,*,#4780,.T.);
#6274=ORIENTED_EDGE('',*,*,#4781,.T.);
#6275=ORIENTED_EDGE('',*,*,#4777,.F.);
#6276=ORIENTED_EDGE('',*,*,#4782,.T.);
#6277=ORIENTED_EDGE('',*,*,#4550,.T.);
#6278=ORIENTED_EDGE('',*,*,#4783,.T.);
#6279=ORIENTED_EDGE('',*,*,#4780,.F.);
#6280=ORIENTED_EDGE('',*,*,#4784,.T.);
#6281=ORIENTED_EDGE('',*,*,#4784,.F.);
#6282=ORIENTED_EDGE('',*,*,#4782,.F.);
#6283=ORIENTED_EDGE('',*,*,#4779,.F.);
#6284=ORIENTED_EDGE('',*,*,#4785,.F.);
#6285=ORIENTED_EDGE('',*,*,#4786,.T.);
#6286=ORIENTED_EDGE('',*,*,#4787,.F.);
#6287=ORIENTED_EDGE('',*,*,#4788,.F.);
#6288=ORIENTED_EDGE('',*,*,#4789,.F.);
#6289=ORIENTED_EDGE('',*,*,#4557,.F.);
#6290=ORIENTED_EDGE('',*,*,#4790,.F.);
#6291=ORIENTED_EDGE('',*,*,#4791,.F.);
#6292=ORIENTED_EDGE('',*,*,#4792,.T.);
#6293=ORIENTED_EDGE('',*,*,#4793,.F.);
#6294=ORIENTED_EDGE('',*,*,#4794,.F.);
#6295=ORIENTED_EDGE('',*,*,#4551,.F.);
#6296=ORIENTED_EDGE('',*,*,#4778,.F.);
#6297=ORIENTED_EDGE('',*,*,#4795,.T.);
#6298=ORIENTED_EDGE('',*,*,#4796,.T.);
#6299=ORIENTED_EDGE('',*,*,#4797,.T.);
#6300=ORIENTED_EDGE('',*,*,#4798,.T.);
#6301=ORIENTED_EDGE('',*,*,#4799,.T.);
#6302=ORIENTED_EDGE('',*,*,#4800,.T.);
#6303=ORIENTED_EDGE('',*,*,#4801,.T.);
#6304=ORIENTED_EDGE('',*,*,#4791,.T.);
#6305=ORIENTED_EDGE('',*,*,#4802,.T.);
#6306=ORIENTED_EDGE('',*,*,#4800,.F.);
#6307=ORIENTED_EDGE('',*,*,#4803,.T.);
#6308=ORIENTED_EDGE('',*,*,#4804,.T.);
#6309=ORIENTED_EDGE('',*,*,#4805,.T.);
#6310=ORIENTED_EDGE('',*,*,#4798,.F.);
#6311=ORIENTED_EDGE('',*,*,#4806,.T.);
#6312=ORIENTED_EDGE('',*,*,#4807,.T.);
#6313=ORIENTED_EDGE('',*,*,#4808,.T.);
#6314=ORIENTED_EDGE('',*,*,#4804,.F.);
#6315=ORIENTED_EDGE('',*,*,#4809,.T.);
#6316=ORIENTED_EDGE('',*,*,#4810,.T.);
#6317=ORIENTED_EDGE('',*,*,#4811,.T.);
#6318=ORIENTED_EDGE('',*,*,#4807,.F.);
#6319=ORIENTED_EDGE('',*,*,#4812,.T.);
#6320=ORIENTED_EDGE('',*,*,#4813,.T.);
#6321=ORIENTED_EDGE('',*,*,#4814,.T.);
#6322=ORIENTED_EDGE('',*,*,#4810,.F.);
#6323=ORIENTED_EDGE('',*,*,#4815,.T.);
#6324=ORIENTED_EDGE('',*,*,#4816,.T.);
#6325=ORIENTED_EDGE('',*,*,#4817,.T.);
#6326=ORIENTED_EDGE('',*,*,#4813,.F.);
#6327=ORIENTED_EDGE('',*,*,#4818,.T.);
#6328=ORIENTED_EDGE('',*,*,#4819,.T.);
#6329=ORIENTED_EDGE('',*,*,#4820,.T.);
#6330=ORIENTED_EDGE('',*,*,#4816,.F.);
#6331=ORIENTED_EDGE('',*,*,#4821,.T.);
#6332=ORIENTED_EDGE('',*,*,#4819,.F.);
#6333=ORIENTED_EDGE('',*,*,#4822,.T.);
#6334=ORIENTED_EDGE('',*,*,#4823,.T.);
#6335=ORIENTED_EDGE('',*,*,#4820,.F.);
#6336=ORIENTED_EDGE('',*,*,#4824,.F.);
#6337=ORIENTED_EDGE('',*,*,#4825,.F.);
#6338=ORIENTED_EDGE('',*,*,#4826,.F.);
#6339=ORIENTED_EDGE('',*,*,#4823,.F.);
#6340=ORIENTED_EDGE('',*,*,#4787,.T.);
#6341=ORIENTED_EDGE('',*,*,#4827,.F.);
#6342=ORIENTED_EDGE('',*,*,#4824,.T.);
#6343=ORIENTED_EDGE('',*,*,#4822,.F.);
#6344=ORIENTED_EDGE('',*,*,#4828,.T.);
#6345=ORIENTED_EDGE('',*,*,#4829,.F.);
#6346=ORIENTED_EDGE('',*,*,#4788,.T.);
#6347=ORIENTED_EDGE('',*,*,#4821,.F.);
#6348=ORIENTED_EDGE('',*,*,#4818,.F.);
#6349=ORIENTED_EDGE('',*,*,#4815,.F.);
#6350=ORIENTED_EDGE('',*,*,#4830,.F.);
#6351=ORIENTED_EDGE('',*,*,#4831,.F.);
#6352=ORIENTED_EDGE('',*,*,#4832,.F.);
#6353=ORIENTED_EDGE('',*,*,#4833,.F.);
#6354=ORIENTED_EDGE('',*,*,#4834,.F.);
#6355=ORIENTED_EDGE('',*,*,#4835,.F.);
#6356=ORIENTED_EDGE('',*,*,#4836,.F.);
#6357=ORIENTED_EDGE('',*,*,#4837,.T.);
#6358=ORIENTED_EDGE('',*,*,#4838,.F.);
#6359=ORIENTED_EDGE('',*,*,#4839,.F.);
#6360=ORIENTED_EDGE('',*,*,#4840,.F.);
#6361=ORIENTED_EDGE('',*,*,#4841,.F.);
#6362=ORIENTED_EDGE('',*,*,#4842,.F.);
#6363=ORIENTED_EDGE('',*,*,#4843,.F.);
#6364=ORIENTED_EDGE('',*,*,#4844,.F.);
#6365=ORIENTED_EDGE('',*,*,#4845,.T.);
#6366=ORIENTED_EDGE('',*,*,#4846,.F.);
#6367=ORIENTED_EDGE('',*,*,#4847,.T.);
#6368=ORIENTED_EDGE('',*,*,#4848,.F.);
#6369=ORIENTED_EDGE('',*,*,#4849,.F.);
#6370=ORIENTED_EDGE('',*,*,#4850,.F.);
#6371=ORIENTED_EDGE('',*,*,#4851,.F.);
#6372=ORIENTED_EDGE('',*,*,#4852,.F.);
#6373=ORIENTED_EDGE('',*,*,#4853,.F.);
#6374=ORIENTED_EDGE('',*,*,#4828,.F.);
#6375=ORIENTED_EDGE('',*,*,#4812,.F.);
#6376=ORIENTED_EDGE('',*,*,#4809,.F.);
#6377=ORIENTED_EDGE('',*,*,#4854,.T.);
#6378=ORIENTED_EDGE('',*,*,#4855,.F.);
#6379=ORIENTED_EDGE('',*,*,#4830,.T.);
#6380=ORIENTED_EDGE('',*,*,#4806,.F.);
#6381=ORIENTED_EDGE('',*,*,#4801,.F.);
#6382=ORIENTED_EDGE('',*,*,#4856,.F.);
#6383=ORIENTED_EDGE('',*,*,#4555,.T.);
#6384=ORIENTED_EDGE('',*,*,#4857,.F.);
#6385=ORIENTED_EDGE('',*,*,#4858,.T.);
#6386=ORIENTED_EDGE('',*,*,#4854,.F.);
#6387=ORIENTED_EDGE('',*,*,#4859,.T.);
#6388=ORIENTED_EDGE('',*,*,#4860,.T.);
#6389=ORIENTED_EDGE('',*,*,#4796,.F.);
#6390=ORIENTED_EDGE('',*,*,#4861,.T.);
#6391=ORIENTED_EDGE('',*,*,#4862,.T.);
#6392=ORIENTED_EDGE('',*,*,#4863,.T.);
#6393=ORIENTED_EDGE('',*,*,#4859,.F.);
#6394=ORIENTED_EDGE('',*,*,#4834,.T.);
#6395=ORIENTED_EDGE('',*,*,#4864,.T.);
#6396=ORIENTED_EDGE('',*,*,#4865,.T.);
#6397=ORIENTED_EDGE('',*,*,#4862,.F.);
#6398=ORIENTED_EDGE('',*,*,#4833,.T.);
#6399=ORIENTED_EDGE('',*,*,#4866,.T.);
#6400=ORIENTED_EDGE('',*,*,#4867,.T.);
#6401=ORIENTED_EDGE('',*,*,#4864,.F.);
#6402=ORIENTED_EDGE('',*,*,#4868,.T.);
#6403=ORIENTED_EDGE('',*,*,#4866,.F.);
#6404=ORIENTED_EDGE('',*,*,#4869,.T.);
#6405=ORIENTED_EDGE('',*,*,#4870,.T.);
#6406=ORIENTED_EDGE('',*,*,#4871,.T.);
#6407=ORIENTED_EDGE('',*,*,#4872,.T.);
#6408=ORIENTED_EDGE('',*,*,#4873,.T.);
#6409=ORIENTED_EDGE('',*,*,#4870,.F.);
#6410=ORIENTED_EDGE('',*,*,#4874,.T.);
#6411=ORIENTED_EDGE('',*,*,#4875,.T.);
#6412=ORIENTED_EDGE('',*,*,#4876,.T.);
#6413=ORIENTED_EDGE('',*,*,#4872,.F.);
#6414=ORIENTED_EDGE('',*,*,#4877,.T.);
#6415=ORIENTED_EDGE('',*,*,#4793,.T.);
#6416=ORIENTED_EDGE('',*,*,#4878,.T.);
#6417=ORIENTED_EDGE('',*,*,#4875,.F.);
#6418=ORIENTED_EDGE('',*,*,#4879,.T.);
#6419=ORIENTED_EDGE('',*,*,#4879,.F.);
#6420=ORIENTED_EDGE('',*,*,#4880,.T.);
#6421=ORIENTED_EDGE('',*,*,#4552,.T.);
#6422=ORIENTED_EDGE('',*,*,#4794,.T.);
#6423=ORIENTED_EDGE('',*,*,#4877,.F.);
#6424=ORIENTED_EDGE('',*,*,#4874,.F.);
#6425=ORIENTED_EDGE('',*,*,#4881,.F.);
#6426=ORIENTED_EDGE('',*,*,#4882,.T.);
#6427=ORIENTED_EDGE('',*,*,#4883,.F.);
#6428=ORIENTED_EDGE('',*,*,#4553,.T.);
#6429=ORIENTED_EDGE('',*,*,#4880,.F.);
#6430=ORIENTED_EDGE('',*,*,#4869,.F.);
#6431=ORIENTED_EDGE('',*,*,#4868,.F.);
#6432=ORIENTED_EDGE('',*,*,#4832,.T.);
#6433=ORIENTED_EDGE('',*,*,#4884,.F.);
#6434=ORIENTED_EDGE('',*,*,#4881,.T.);
#6435=ORIENTED_EDGE('',*,*,#4781,.F.);
#6436=ORIENTED_EDGE('',*,*,#4885,.T.);
#6437=ORIENTED_EDGE('',*,*,#4886,.F.);
#6438=ORIENTED_EDGE('',*,*,#4835,.T.);
#6439=ORIENTED_EDGE('',*,*,#4861,.F.);
#6440=ORIENTED_EDGE('',*,*,#4795,.F.);
#6441=ORIENTED_EDGE('',*,*,#4887,.F.);
#6442=ORIENTED_EDGE('',*,*,#4851,.T.);
#6443=ORIENTED_EDGE('',*,*,#4888,.T.);
#6444=ORIENTED_EDGE('',*,*,#4889,.T.);
#6445=ORIENTED_EDGE('',*,*,#4890,.T.);
#6446=ORIENTED_EDGE('',*,*,#4891,.T.);
#6447=ORIENTED_EDGE('',*,*,#4892,.T.);
#6448=ORIENTED_EDGE('',*,*,#4888,.F.);
#6449=ORIENTED_EDGE('',*,*,#4850,.T.);
#6450=ORIENTED_EDGE('',*,*,#4893,.T.);
#6451=ORIENTED_EDGE('',*,*,#4894,.T.);
#6452=ORIENTED_EDGE('',*,*,#4891,.F.);
#6453=ORIENTED_EDGE('',*,*,#4849,.T.);
#6454=ORIENTED_EDGE('',*,*,#4895,.F.);
#6455=ORIENTED_EDGE('',*,*,#4896,.T.);
#6456=ORIENTED_EDGE('',*,*,#4893,.F.);
#6457=ORIENTED_EDGE('',*,*,#4848,.T.);
#6458=ORIENTED_EDGE('',*,*,#4897,.T.);
#6459=ORIENTED_EDGE('',*,*,#4581,.F.);
#6460=ORIENTED_EDGE('',*,*,#4726,.T.);
#6461=ORIENTED_EDGE('',*,*,#4898,.T.);
#6462=ORIENTED_EDGE('',*,*,#4600,.T.);
#6463=ORIENTED_EDGE('',*,*,#4899,.T.);
#6464=ORIENTED_EDGE('',*,*,#4599,.F.);
#6465=ORIENTED_EDGE('',*,*,#4601,.T.);
#6466=ORIENTED_EDGE('',*,*,#4898,.F.);
#6467=ORIENTED_EDGE('',*,*,#4900,.T.);
#6468=ORIENTED_EDGE('',*,*,#4569,.T.);
#6469=ORIENTED_EDGE('',*,*,#4901,.T.);
#6470=ORIENTED_EDGE('',*,*,#4902,.T.);
#6471=ORIENTED_EDGE('',*,*,#4901,.F.);
#6472=ORIENTED_EDGE('',*,*,#4576,.F.);
#6473=ORIENTED_EDGE('',*,*,#4903,.T.);
#6474=ORIENTED_EDGE('',*,*,#4662,.F.);
#6475=ORIENTED_EDGE('',*,*,#4706,.F.);
#6476=ORIENTED_EDGE('',*,*,#4904,.F.);
#6477=ORIENTED_EDGE('',*,*,#4905,.T.);
#6478=ORIENTED_EDGE('',*,*,#4699,.T.);
#6479=ORIENTED_EDGE('',*,*,#4906,.T.);
#6480=ORIENTED_EDGE('',*,*,#4734,.T.);
#6481=ORIENTED_EDGE('',*,*,#4907,.T.);
#6482=ORIENTED_EDGE('',*,*,#4906,.F.);
#6483=ORIENTED_EDGE('',*,*,#4698,.F.);
#6484=ORIENTED_EDGE('',*,*,#4908,.F.);
#6485=ORIENTED_EDGE('',*,*,#4727,.F.);
#6486=ORIENTED_EDGE('',*,*,#4728,.T.);
#6487=ORIENTED_EDGE('',*,*,#4908,.T.);
#6488=ORIENTED_EDGE('',*,*,#4697,.T.);
#6489=ORIENTED_EDGE('',*,*,#4909,.T.);
#6490=ORIENTED_EDGE('',*,*,#4910,.T.);
#6491=ORIENTED_EDGE('',*,*,#4911,.T.);
#6492=ORIENTED_EDGE('',*,*,#4732,.T.);
#6493=ORIENTED_EDGE('',*,*,#4912,.T.);
#6494=ORIENTED_EDGE('',*,*,#4907,.F.);
#6495=ORIENTED_EDGE('',*,*,#4733,.F.);
#6496=ORIENTED_EDGE('',*,*,#4911,.F.);
#6497=ORIENTED_EDGE('',*,*,#4913,.T.);
#6498=ORIENTED_EDGE('',*,*,#4914,.F.);
#6499=ORIENTED_EDGE('',*,*,#4573,.F.);
#6500=ORIENTED_EDGE('',*,*,#4915,.T.);
#6501=ORIENTED_EDGE('',*,*,#4700,.T.);
#6502=ORIENTED_EDGE('',*,*,#4730,.T.);
#6503=ORIENTED_EDGE('',*,*,#4916,.T.);
#6504=ORIENTED_EDGE('',*,*,#4917,.T.);
#6505=ORIENTED_EDGE('',*,*,#4918,.T.);
#6506=ORIENTED_EDGE('',*,*,#4902,.F.);
#6507=ORIENTED_EDGE('',*,*,#4905,.F.);
#6508=ORIENTED_EDGE('',*,*,#4919,.F.);
#6509=ORIENTED_EDGE('',*,*,#4916,.F.);
#6510=ORIENTED_EDGE('',*,*,#4729,.F.);
#6511=ORIENTED_EDGE('',*,*,#4909,.F.);
#6512=ORIENTED_EDGE('',*,*,#4696,.F.);
#6513=ORIENTED_EDGE('',*,*,#4920,.F.);
#6514=ORIENTED_EDGE('',*,*,#4847,.F.);
#6515=ORIENTED_EDGE('',*,*,#4921,.T.);
#6516=ORIENTED_EDGE('',*,*,#4562,.T.);
#6517=ORIENTED_EDGE('',*,*,#4922,.T.);
#6518=ORIENTED_EDGE('',*,*,#4897,.F.);
#6519=ORIENTED_EDGE('',*,*,#4922,.F.);
#6520=ORIENTED_EDGE('',*,*,#4561,.F.);
#6521=ORIENTED_EDGE('',*,*,#4923,.F.);
#6522=ORIENTED_EDGE('',*,*,#4924,.F.);
#6523=ORIENTED_EDGE('',*,*,#4735,.F.);
#6524=ORIENTED_EDGE('',*,*,#4739,.F.);
#6525=ORIENTED_EDGE('',*,*,#4925,.F.);
#6526=ORIENTED_EDGE('',*,*,#4895,.T.);
#6527=ORIENTED_EDGE('',*,*,#4926,.T.);
#6528=ORIENTED_EDGE('',*,*,#4927,.T.);
#6529=ORIENTED_EDGE('',*,*,#4724,.T.);
#6530=ORIENTED_EDGE('',*,*,#4737,.T.);
#6531=ORIENTED_EDGE('',*,*,#4722,.F.);
#6532=ORIENTED_EDGE('',*,*,#4928,.T.);
#6533=ORIENTED_EDGE('',*,*,#4929,.F.);
#6534=ORIENTED_EDGE('',*,*,#4930,.F.);
#6535=ORIENTED_EDGE('',*,*,#4738,.F.);
#6536=ORIENTED_EDGE('',*,*,#4931,.F.);
#6537=ORIENTED_EDGE('',*,*,#4932,.F.);
#6538=ORIENTED_EDGE('',*,*,#4933,.T.);
#6539=ORIENTED_EDGE('',*,*,#4934,.F.);
#6540=ORIENTED_EDGE('',*,*,#4935,.T.);
#6541=ORIENTED_EDGE('',*,*,#4932,.T.);
#6542=ORIENTED_EDGE('',*,*,#4936,.T.);
#6543=ORIENTED_EDGE('',*,*,#4594,.T.);
#6544=ORIENTED_EDGE('',*,*,#4889,.F.);
#6545=ORIENTED_EDGE('',*,*,#4937,.T.);
#6546=ORIENTED_EDGE('',*,*,#4938,.T.);
#6547=ORIENTED_EDGE('',*,*,#4934,.T.);
#6548=ORIENTED_EDGE('',*,*,#4939,.T.);
#6549=ORIENTED_EDGE('',*,*,#4892,.F.);
#6550=ORIENTED_EDGE('',*,*,#4940,.T.);
#6551=ORIENTED_EDGE('',*,*,#4937,.F.);
#6552=ORIENTED_EDGE('',*,*,#4929,.T.);
#6553=ORIENTED_EDGE('',*,*,#4941,.T.);
#6554=ORIENTED_EDGE('',*,*,#4931,.T.);
#6555=ORIENTED_EDGE('',*,*,#4942,.T.);
#6556=ORIENTED_EDGE('',*,*,#4896,.F.);
#6557=ORIENTED_EDGE('',*,*,#4925,.T.);
#6558=ORIENTED_EDGE('',*,*,#4930,.T.);
#6559=ORIENTED_EDGE('',*,*,#4943,.T.);
#6560=ORIENTED_EDGE('',*,*,#4894,.F.);
#6561=ORIENTED_EDGE('',*,*,#4943,.F.);
#6562=ORIENTED_EDGE('',*,*,#4942,.F.);
#6563=ORIENTED_EDGE('',*,*,#4938,.F.);
#6564=ORIENTED_EDGE('',*,*,#4940,.F.);
#6565=ORIENTED_EDGE('',*,*,#4852,.T.);
#6566=ORIENTED_EDGE('',*,*,#4887,.T.);
#6567=ORIENTED_EDGE('',*,*,#4944,.T.);
#6568=ORIENTED_EDGE('',*,*,#4945,.T.);
#6569=ORIENTED_EDGE('',*,*,#4829,.T.);
#6570=ORIENTED_EDGE('',*,*,#4853,.T.);
#6571=ORIENTED_EDGE('',*,*,#4899,.F.);
#6572=ORIENTED_EDGE('',*,*,#4725,.F.);
#6573=ORIENTED_EDGE('',*,*,#4927,.F.);
#6574=ORIENTED_EDGE('',*,*,#4946,.F.);
#6575=ORIENTED_EDGE('',*,*,#4947,.F.);
#6576=ORIENTED_EDGE('',*,*,#4559,.F.);
#6577=ORIENTED_EDGE('',*,*,#4948,.F.);
#6578=ORIENTED_EDGE('',*,*,#4944,.F.);
#6579=ORIENTED_EDGE('',*,*,#4890,.F.);
#6580=ORIENTED_EDGE('',*,*,#4939,.F.);
#6581=ORIENTED_EDGE('',*,*,#4933,.F.);
#6582=ORIENTED_EDGE('',*,*,#4935,.F.);
#6583=ORIENTED_EDGE('',*,*,#4597,.T.);
#6584=ORIENTED_EDGE('',*,*,#4949,.T.);
#6585=ORIENTED_EDGE('',*,*,#4950,.T.);
#6586=ORIENTED_EDGE('',*,*,#4951,.F.);
#6587=ORIENTED_EDGE('',*,*,#4952,.F.);
#6588=ORIENTED_EDGE('',*,*,#4953,.F.);
#6589=ORIENTED_EDGE('',*,*,#4947,.T.);
#6590=ORIENTED_EDGE('',*,*,#4954,.T.);
#6591=ORIENTED_EDGE('',*,*,#4923,.T.);
#6592=ORIENTED_EDGE('',*,*,#4560,.T.);
#6593=ORIENTED_EDGE('',*,*,#4926,.F.);
#6594=ORIENTED_EDGE('',*,*,#4736,.F.);
#6595=ORIENTED_EDGE('',*,*,#4924,.T.);
#6596=ORIENTED_EDGE('',*,*,#4954,.F.);
#6597=ORIENTED_EDGE('',*,*,#4946,.T.);
#6598=ORIENTED_EDGE('',*,*,#4558,.T.);
#6599=ORIENTED_EDGE('',*,*,#4789,.T.);
#6600=ORIENTED_EDGE('',*,*,#4945,.F.);
#6601=ORIENTED_EDGE('',*,*,#4948,.T.);
#6602=ORIENTED_EDGE('',*,*,#4845,.F.);
#6603=ORIENTED_EDGE('',*,*,#4955,.T.);
#6604=ORIENTED_EDGE('',*,*,#4564,.T.);
#6605=ORIENTED_EDGE('',*,*,#4956,.T.);
#6606=ORIENTED_EDGE('',*,*,#4921,.F.);
#6607=ORIENTED_EDGE('',*,*,#4846,.T.);
#6608=ORIENTED_EDGE('',*,*,#4956,.F.);
#6609=ORIENTED_EDGE('',*,*,#4563,.F.);
#6610=ORIENTED_EDGE('',*,*,#4568,.T.);
#6611=ORIENTED_EDGE('',*,*,#4957,.T.);
#6612=ORIENTED_EDGE('',*,*,#4958,.T.);
#6613=ORIENTED_EDGE('',*,*,#4542,.T.);
#6614=ORIENTED_EDGE('',*,*,#4841,.T.);
#6615=ORIENTED_EDGE('',*,*,#4959,.T.);
#6616=ORIENTED_EDGE('',*,*,#4958,.F.);
#6617=ORIENTED_EDGE('',*,*,#4960,.T.);
#6618=ORIENTED_EDGE('',*,*,#4960,.F.);
#6619=ORIENTED_EDGE('',*,*,#4957,.F.);
#6620=ORIENTED_EDGE('',*,*,#4567,.F.);
#6621=ORIENTED_EDGE('',*,*,#4961,.F.);
#6622=ORIENTED_EDGE('',*,*,#4842,.T.);
#6623=ORIENTED_EDGE('',*,*,#4566,.T.);
#6624=ORIENTED_EDGE('',*,*,#4962,.T.);
#6625=ORIENTED_EDGE('',*,*,#4843,.T.);
#6626=ORIENTED_EDGE('',*,*,#4961,.T.);
#6627=ORIENTED_EDGE('',*,*,#4955,.F.);
#6628=ORIENTED_EDGE('',*,*,#4844,.T.);
#6629=ORIENTED_EDGE('',*,*,#4962,.F.);
#6630=ORIENTED_EDGE('',*,*,#4565,.F.);
#6631=ORIENTED_EDGE('',*,*,#4963,.T.);
#6632=ORIENTED_EDGE('',*,*,#4964,.T.);
#6633=ORIENTED_EDGE('',*,*,#4886,.T.);
#6634=ORIENTED_EDGE('',*,*,#4548,.T.);
#6635=ORIENTED_EDGE('',*,*,#4965,.T.);
#6636=ORIENTED_EDGE('',*,*,#4963,.F.);
#6637=ORIENTED_EDGE('',*,*,#4966,.T.);
#6638=ORIENTED_EDGE('',*,*,#4964,.F.);
#6639=ORIENTED_EDGE('',*,*,#4967,.T.);
#6640=ORIENTED_EDGE('',*,*,#4968,.T.);
#6641=ORIENTED_EDGE('',*,*,#4836,.T.);
#6642=ORIENTED_EDGE('',*,*,#4965,.F.);
#6643=ORIENTED_EDGE('',*,*,#4547,.F.);
#6644=ORIENTED_EDGE('',*,*,#4969,.T.);
#6645=ORIENTED_EDGE('',*,*,#4967,.F.);
#6646=ORIENTED_EDGE('',*,*,#4802,.F.);
#6647=ORIENTED_EDGE('',*,*,#4790,.T.);
#6648=ORIENTED_EDGE('',*,*,#4556,.T.);
#6649=ORIENTED_EDGE('',*,*,#4856,.T.);
#6650=ORIENTED_EDGE('',*,*,#4831,.T.);
#6651=ORIENTED_EDGE('',*,*,#4855,.T.);
#6652=ORIENTED_EDGE('',*,*,#4970,.T.);
#6653=ORIENTED_EDGE('',*,*,#4884,.T.);
#6654=ORIENTED_EDGE('',*,*,#4865,.F.);
#6655=ORIENTED_EDGE('',*,*,#4971,.T.);
#6656=ORIENTED_EDGE('',*,*,#4972,.F.);
#6657=ORIENTED_EDGE('',*,*,#4973,.T.);
#6658=ORIENTED_EDGE('',*,*,#4863,.F.);
#6659=ORIENTED_EDGE('',*,*,#4973,.F.);
#6660=ORIENTED_EDGE('',*,*,#4974,.F.);
#6661=ORIENTED_EDGE('',*,*,#4975,.F.);
#6662=ORIENTED_EDGE('',*,*,#4860,.F.);
#6663=ORIENTED_EDGE('',*,*,#4817,.F.);
#6664=ORIENTED_EDGE('',*,*,#4826,.T.);
#6665=ORIENTED_EDGE('',*,*,#4976,.F.);
#6666=ORIENTED_EDGE('',*,*,#4977,.T.);
#6667=ORIENTED_EDGE('',*,*,#4972,.T.);
#6668=ORIENTED_EDGE('',*,*,#4978,.T.);
#6669=ORIENTED_EDGE('',*,*,#4976,.T.);
#6670=ORIENTED_EDGE('',*,*,#4825,.T.);
#6671=ORIENTED_EDGE('',*,*,#4827,.T.);
#6672=ORIENTED_EDGE('',*,*,#4786,.F.);
#6673=ORIENTED_EDGE('',*,*,#4979,.T.);
#6674=ORIENTED_EDGE('',*,*,#4974,.T.);
#6675=ORIENTED_EDGE('',*,*,#4808,.F.);
#6676=ORIENTED_EDGE('',*,*,#4980,.T.);
#6677=ORIENTED_EDGE('',*,*,#4871,.F.);
#6678=ORIENTED_EDGE('',*,*,#4873,.F.);
#6679=ORIENTED_EDGE('',*,*,#4981,.T.);
#6680=ORIENTED_EDGE('',*,*,#4805,.F.);
#6681=ORIENTED_EDGE('',*,*,#4799,.F.);
#6682=ORIENTED_EDGE('',*,*,#4981,.F.);
#6683=ORIENTED_EDGE('',*,*,#4876,.F.);
#6684=ORIENTED_EDGE('',*,*,#4878,.F.);
#6685=ORIENTED_EDGE('',*,*,#4792,.F.);
#6686=ORIENTED_EDGE('',*,*,#4803,.F.);
#6687=ORIENTED_EDGE('',*,*,#4857,.T.);
#6688=ORIENTED_EDGE('',*,*,#4554,.T.);
#6689=ORIENTED_EDGE('',*,*,#4883,.T.);
#6690=ORIENTED_EDGE('',*,*,#4982,.T.);
#6691=ORIENTED_EDGE('',*,*,#4797,.F.);
#6692=ORIENTED_EDGE('',*,*,#4975,.T.);
#6693=ORIENTED_EDGE('',*,*,#4979,.F.);
#6694=ORIENTED_EDGE('',*,*,#4785,.T.);
#6695=ORIENTED_EDGE('',*,*,#4783,.F.);
#6696=ORIENTED_EDGE('',*,*,#4549,.F.);
#6697=ORIENTED_EDGE('',*,*,#4966,.F.);
#6698=ORIENTED_EDGE('',*,*,#4885,.F.);
#6699=ORIENTED_EDGE('',*,*,#4959,.F.);
#6700=ORIENTED_EDGE('',*,*,#4840,.T.);
#6701=ORIENTED_EDGE('',*,*,#4983,.T.);
#6702=ORIENTED_EDGE('',*,*,#4543,.T.);
#6703=ORIENTED_EDGE('',*,*,#4984,.T.);
#6704=ORIENTED_EDGE('',*,*,#4838,.T.);
#6705=ORIENTED_EDGE('',*,*,#4985,.T.);
#6706=ORIENTED_EDGE('',*,*,#4986,.T.);
#6707=ORIENTED_EDGE('',*,*,#4987,.T.);
#6708=ORIENTED_EDGE('',*,*,#4988,.T.);
#6709=ORIENTED_EDGE('',*,*,#4989,.T.);
#6710=ORIENTED_EDGE('',*,*,#4380,.T.);
#6711=ORIENTED_EDGE('',*,*,#4990,.T.);
#6712=ORIENTED_EDGE('',*,*,#4991,.T.);
#6713=ORIENTED_EDGE('',*,*,#4992,.T.);
#6714=ORIENTED_EDGE('',*,*,#4385,.T.);
#6715=ORIENTED_EDGE('',*,*,#4993,.T.);
#6716=ORIENTED_EDGE('',*,*,#4994,.T.);
#6717=ORIENTED_EDGE('',*,*,#4995,.T.);
#6718=ORIENTED_EDGE('',*,*,#4390,.T.);
#6719=ORIENTED_EDGE('',*,*,#4996,.T.);
#6720=ORIENTED_EDGE('',*,*,#4997,.T.);
#6721=ORIENTED_EDGE('',*,*,#4998,.T.);
#6722=ORIENTED_EDGE('',*,*,#4395,.T.);
#6723=ORIENTED_EDGE('',*,*,#4999,.T.);
#6724=ORIENTED_EDGE('',*,*,#5000,.T.);
#6725=ORIENTED_EDGE('',*,*,#5001,.T.);
#6726=ORIENTED_EDGE('',*,*,#4400,.T.);
#6727=ORIENTED_EDGE('',*,*,#5002,.T.);
#6728=ORIENTED_EDGE('',*,*,#5003,.T.);
#6729=ORIENTED_EDGE('',*,*,#5004,.T.);
#6730=ORIENTED_EDGE('',*,*,#4405,.T.);
#6731=ORIENTED_EDGE('',*,*,#5005,.T.);
#6732=ORIENTED_EDGE('',*,*,#5006,.T.);
#6733=ORIENTED_EDGE('',*,*,#5007,.T.);
#6734=ORIENTED_EDGE('',*,*,#4410,.T.);
#6735=ORIENTED_EDGE('',*,*,#5008,.T.);
#6736=ORIENTED_EDGE('',*,*,#5009,.T.);
#6737=ORIENTED_EDGE('',*,*,#5010,.T.);
#6738=ORIENTED_EDGE('',*,*,#4415,.T.);
#6739=ORIENTED_EDGE('',*,*,#5011,.T.);
#6740=ORIENTED_EDGE('',*,*,#5012,.T.);
#6741=ORIENTED_EDGE('',*,*,#5013,.T.);
#6742=ORIENTED_EDGE('',*,*,#4420,.T.);
#6743=ORIENTED_EDGE('',*,*,#5014,.T.);
#6744=ORIENTED_EDGE('',*,*,#5015,.T.);
#6745=ORIENTED_EDGE('',*,*,#5016,.T.);
#6746=ORIENTED_EDGE('',*,*,#4425,.T.);
#6747=ORIENTED_EDGE('',*,*,#5017,.T.);
#6748=ORIENTED_EDGE('',*,*,#5018,.T.);
#6749=ORIENTED_EDGE('',*,*,#5019,.T.);
#6750=ORIENTED_EDGE('',*,*,#4430,.T.);
#6751=ORIENTED_EDGE('',*,*,#5020,.T.);
#6752=ORIENTED_EDGE('',*,*,#5021,.T.);
#6753=ORIENTED_EDGE('',*,*,#5022,.T.);
#6754=ORIENTED_EDGE('',*,*,#4435,.T.);
#6755=ORIENTED_EDGE('',*,*,#5023,.T.);
#6756=ORIENTED_EDGE('',*,*,#5024,.T.);
#6757=ORIENTED_EDGE('',*,*,#5025,.T.);
#6758=ORIENTED_EDGE('',*,*,#4440,.T.);
#6759=ORIENTED_EDGE('',*,*,#5026,.T.);
#6760=ORIENTED_EDGE('',*,*,#5027,.T.);
#6761=ORIENTED_EDGE('',*,*,#5028,.T.);
#6762=ORIENTED_EDGE('',*,*,#4445,.T.);
#6763=ORIENTED_EDGE('',*,*,#5029,.T.);
#6764=ORIENTED_EDGE('',*,*,#5030,.T.);
#6765=ORIENTED_EDGE('',*,*,#5031,.T.);
#6766=ORIENTED_EDGE('',*,*,#4321,.T.);
#6767=ORIENTED_EDGE('',*,*,#5032,.T.);
#6768=ORIENTED_EDGE('',*,*,#5033,.T.);
#6769=ORIENTED_EDGE('',*,*,#5034,.T.);
#6770=ORIENTED_EDGE('',*,*,#4326,.T.);
#6771=ORIENTED_EDGE('',*,*,#5035,.T.);
#6772=ORIENTED_EDGE('',*,*,#5036,.T.);
#6773=ORIENTED_EDGE('',*,*,#5037,.T.);
#6774=ORIENTED_EDGE('',*,*,#4331,.T.);
#6775=ORIENTED_EDGE('',*,*,#5038,.T.);
#6776=ORIENTED_EDGE('',*,*,#5039,.T.);
#6777=ORIENTED_EDGE('',*,*,#5040,.T.);
#6778=ORIENTED_EDGE('',*,*,#4336,.T.);
#6779=ORIENTED_EDGE('',*,*,#5041,.T.);
#6780=ORIENTED_EDGE('',*,*,#5042,.T.);
#6781=ORIENTED_EDGE('',*,*,#5043,.T.);
#6782=ORIENTED_EDGE('',*,*,#4341,.T.);
#6783=ORIENTED_EDGE('',*,*,#5044,.T.);
#6784=ORIENTED_EDGE('',*,*,#5045,.T.);
#6785=ORIENTED_EDGE('',*,*,#5046,.T.);
#6786=ORIENTED_EDGE('',*,*,#4346,.T.);
#6787=ORIENTED_EDGE('',*,*,#5047,.T.);
#6788=ORIENTED_EDGE('',*,*,#5048,.T.);
#6789=ORIENTED_EDGE('',*,*,#5049,.T.);
#6790=ORIENTED_EDGE('',*,*,#4351,.T.);
#6791=ORIENTED_EDGE('',*,*,#5050,.T.);
#6792=ORIENTED_EDGE('',*,*,#5051,.T.);
#6793=ORIENTED_EDGE('',*,*,#5052,.T.);
#6794=ORIENTED_EDGE('',*,*,#4356,.T.);
#6795=ORIENTED_EDGE('',*,*,#5053,.T.);
#6796=ORIENTED_EDGE('',*,*,#5054,.T.);
#6797=ORIENTED_EDGE('',*,*,#5055,.T.);
#6798=ORIENTED_EDGE('',*,*,#4361,.T.);
#6799=ORIENTED_EDGE('',*,*,#5056,.T.);
#6800=ORIENTED_EDGE('',*,*,#5057,.T.);
#6801=ORIENTED_EDGE('',*,*,#5058,.T.);
#6802=ORIENTED_EDGE('',*,*,#4366,.T.);
#6803=ORIENTED_EDGE('',*,*,#5059,.T.);
#6804=ORIENTED_EDGE('',*,*,#5060,.T.);
#6805=ORIENTED_EDGE('',*,*,#5061,.T.);
#6806=ORIENTED_EDGE('',*,*,#4371,.T.);
#6807=ORIENTED_EDGE('',*,*,#5062,.T.);
#6808=ORIENTED_EDGE('',*,*,#5063,.T.);
#6809=ORIENTED_EDGE('',*,*,#5064,.T.);
#6810=ORIENTED_EDGE('',*,*,#4375,.T.);
#6811=ORIENTED_EDGE('',*,*,#5028,.F.);
#6812=ORIENTED_EDGE('',*,*,#5065,.F.);
#6813=ORIENTED_EDGE('',*,*,#5066,.F.);
#6814=ORIENTED_EDGE('',*,*,#5067,.F.);
#6815=ORIENTED_EDGE('',*,*,#4446,.T.);
#6816=ORIENTED_EDGE('',*,*,#5026,.F.);
#6817=ORIENTED_EDGE('',*,*,#4439,.F.);
#6818=ORIENTED_EDGE('',*,*,#5068,.F.);
#6819=ORIENTED_EDGE('',*,*,#5069,.T.);
#6820=ORIENTED_EDGE('',*,*,#5070,.F.);
#6821=ORIENTED_EDGE('',*,*,#5025,.F.);
#6822=ORIENTED_EDGE('',*,*,#5071,.F.);
#6823=ORIENTED_EDGE('',*,*,#5072,.F.);
#6824=ORIENTED_EDGE('',*,*,#5073,.F.);
#6825=ORIENTED_EDGE('',*,*,#4441,.T.);
#6826=ORIENTED_EDGE('',*,*,#5023,.F.);
#6827=ORIENTED_EDGE('',*,*,#4434,.F.);
#6828=ORIENTED_EDGE('',*,*,#5074,.F.);
#6829=ORIENTED_EDGE('',*,*,#5075,.T.);
#6830=ORIENTED_EDGE('',*,*,#5076,.F.);
#6831=ORIENTED_EDGE('',*,*,#5022,.F.);
#6832=ORIENTED_EDGE('',*,*,#5077,.F.);
#6833=ORIENTED_EDGE('',*,*,#5078,.F.);
#6834=ORIENTED_EDGE('',*,*,#5079,.F.);
#6835=ORIENTED_EDGE('',*,*,#4436,.T.);
#6836=ORIENTED_EDGE('',*,*,#5020,.F.);
#6837=ORIENTED_EDGE('',*,*,#4429,.F.);
#6838=ORIENTED_EDGE('',*,*,#5080,.F.);
#6839=ORIENTED_EDGE('',*,*,#5081,.T.);
#6840=ORIENTED_EDGE('',*,*,#5082,.F.);
#6841=ORIENTED_EDGE('',*,*,#5019,.F.);
#6842=ORIENTED_EDGE('',*,*,#5083,.F.);
#6843=ORIENTED_EDGE('',*,*,#5084,.F.);
#6844=ORIENTED_EDGE('',*,*,#5085,.F.);
#6845=ORIENTED_EDGE('',*,*,#4431,.T.);
#6846=ORIENTED_EDGE('',*,*,#5017,.F.);
#6847=ORIENTED_EDGE('',*,*,#4424,.F.);
#6848=ORIENTED_EDGE('',*,*,#5086,.F.);
#6849=ORIENTED_EDGE('',*,*,#5087,.T.);
#6850=ORIENTED_EDGE('',*,*,#5088,.F.);
#6851=ORIENTED_EDGE('',*,*,#5016,.F.);
#6852=ORIENTED_EDGE('',*,*,#5089,.F.);
#6853=ORIENTED_EDGE('',*,*,#5090,.F.);
#6854=ORIENTED_EDGE('',*,*,#5091,.F.);
#6855=ORIENTED_EDGE('',*,*,#4426,.T.);
#6856=ORIENTED_EDGE('',*,*,#5014,.F.);
#6857=ORIENTED_EDGE('',*,*,#4419,.F.);
#6858=ORIENTED_EDGE('',*,*,#5092,.F.);
#6859=ORIENTED_EDGE('',*,*,#5093,.T.);
#6860=ORIENTED_EDGE('',*,*,#5094,.F.);
#6861=ORIENTED_EDGE('',*,*,#5013,.F.);
#6862=ORIENTED_EDGE('',*,*,#5095,.F.);
#6863=ORIENTED_EDGE('',*,*,#5096,.F.);
#6864=ORIENTED_EDGE('',*,*,#5097,.F.);
#6865=ORIENTED_EDGE('',*,*,#4421,.T.);
#6866=ORIENTED_EDGE('',*,*,#5011,.F.);
#6867=ORIENTED_EDGE('',*,*,#4414,.F.);
#6868=ORIENTED_EDGE('',*,*,#5098,.F.);
#6869=ORIENTED_EDGE('',*,*,#5099,.T.);
#6870=ORIENTED_EDGE('',*,*,#5100,.F.);
#6871=ORIENTED_EDGE('',*,*,#5010,.F.);
#6872=ORIENTED_EDGE('',*,*,#5101,.F.);
#6873=ORIENTED_EDGE('',*,*,#5102,.F.);
#6874=ORIENTED_EDGE('',*,*,#5103,.F.);
#6875=ORIENTED_EDGE('',*,*,#4416,.T.);
#6876=ORIENTED_EDGE('',*,*,#5008,.F.);
#6877=ORIENTED_EDGE('',*,*,#4409,.F.);
#6878=ORIENTED_EDGE('',*,*,#5104,.F.);
#6879=ORIENTED_EDGE('',*,*,#5105,.T.);
#6880=ORIENTED_EDGE('',*,*,#5106,.F.);
#6881=ORIENTED_EDGE('',*,*,#5007,.F.);
#6882=ORIENTED_EDGE('',*,*,#5107,.F.);
#6883=ORIENTED_EDGE('',*,*,#5108,.F.);
#6884=ORIENTED_EDGE('',*,*,#5109,.F.);
#6885=ORIENTED_EDGE('',*,*,#4411,.T.);
#6886=ORIENTED_EDGE('',*,*,#5005,.F.);
#6887=ORIENTED_EDGE('',*,*,#4404,.F.);
#6888=ORIENTED_EDGE('',*,*,#5110,.F.);
#6889=ORIENTED_EDGE('',*,*,#5111,.T.);
#6890=ORIENTED_EDGE('',*,*,#5112,.F.);
#6891=ORIENTED_EDGE('',*,*,#5004,.F.);
#6892=ORIENTED_EDGE('',*,*,#5113,.F.);
#6893=ORIENTED_EDGE('',*,*,#5114,.F.);
#6894=ORIENTED_EDGE('',*,*,#5115,.F.);
#6895=ORIENTED_EDGE('',*,*,#4406,.T.);
#6896=ORIENTED_EDGE('',*,*,#5002,.F.);
#6897=ORIENTED_EDGE('',*,*,#4399,.F.);
#6898=ORIENTED_EDGE('',*,*,#5116,.F.);
#6899=ORIENTED_EDGE('',*,*,#5117,.T.);
#6900=ORIENTED_EDGE('',*,*,#5118,.F.);
#6901=ORIENTED_EDGE('',*,*,#5001,.F.);
#6902=ORIENTED_EDGE('',*,*,#5119,.F.);
#6903=ORIENTED_EDGE('',*,*,#5120,.F.);
#6904=ORIENTED_EDGE('',*,*,#5121,.F.);
#6905=ORIENTED_EDGE('',*,*,#4401,.T.);
#6906=ORIENTED_EDGE('',*,*,#4999,.F.);
#6907=ORIENTED_EDGE('',*,*,#4394,.F.);
#6908=ORIENTED_EDGE('',*,*,#5122,.F.);
#6909=ORIENTED_EDGE('',*,*,#5123,.T.);
#6910=ORIENTED_EDGE('',*,*,#5124,.F.);
#6911=ORIENTED_EDGE('',*,*,#4998,.F.);
#6912=ORIENTED_EDGE('',*,*,#5125,.F.);
#6913=ORIENTED_EDGE('',*,*,#5126,.F.);
#6914=ORIENTED_EDGE('',*,*,#5127,.F.);
#6915=ORIENTED_EDGE('',*,*,#4396,.T.);
#6916=ORIENTED_EDGE('',*,*,#4996,.F.);
#6917=ORIENTED_EDGE('',*,*,#4389,.F.);
#6918=ORIENTED_EDGE('',*,*,#5128,.F.);
#6919=ORIENTED_EDGE('',*,*,#5129,.T.);
#6920=ORIENTED_EDGE('',*,*,#5130,.F.);
#6921=ORIENTED_EDGE('',*,*,#4995,.F.);
#6922=ORIENTED_EDGE('',*,*,#5131,.F.);
#6923=ORIENTED_EDGE('',*,*,#5132,.F.);
#6924=ORIENTED_EDGE('',*,*,#5133,.F.);
#6925=ORIENTED_EDGE('',*,*,#4391,.T.);
#6926=ORIENTED_EDGE('',*,*,#4993,.F.);
#6927=ORIENTED_EDGE('',*,*,#4384,.F.);
#6928=ORIENTED_EDGE('',*,*,#5134,.F.);
#6929=ORIENTED_EDGE('',*,*,#5135,.T.);
#6930=ORIENTED_EDGE('',*,*,#5136,.F.);
#6931=ORIENTED_EDGE('',*,*,#4992,.F.);
#6932=ORIENTED_EDGE('',*,*,#5137,.F.);
#6933=ORIENTED_EDGE('',*,*,#5138,.F.);
#6934=ORIENTED_EDGE('',*,*,#5139,.F.);
#6935=ORIENTED_EDGE('',*,*,#4386,.T.);
#6936=ORIENTED_EDGE('',*,*,#4990,.F.);
#6937=ORIENTED_EDGE('',*,*,#4379,.F.);
#6938=ORIENTED_EDGE('',*,*,#5140,.F.);
#6939=ORIENTED_EDGE('',*,*,#5141,.T.);
#6940=ORIENTED_EDGE('',*,*,#5142,.F.);
#6941=ORIENTED_EDGE('',*,*,#4989,.F.);
#6942=ORIENTED_EDGE('',*,*,#5143,.F.);
#6943=ORIENTED_EDGE('',*,*,#5144,.F.);
#6944=ORIENTED_EDGE('',*,*,#5145,.F.);
#6945=ORIENTED_EDGE('',*,*,#4381,.T.);
#6946=ORIENTED_EDGE('',*,*,#5024,.F.);
#6947=ORIENTED_EDGE('',*,*,#5076,.T.);
#6948=ORIENTED_EDGE('',*,*,#5146,.T.);
#6949=ORIENTED_EDGE('',*,*,#5071,.T.);
#6950=ORIENTED_EDGE('',*,*,#5021,.F.);
#6951=ORIENTED_EDGE('',*,*,#5082,.T.);
#6952=ORIENTED_EDGE('',*,*,#5147,.T.);
#6953=ORIENTED_EDGE('',*,*,#5077,.T.);
#6954=ORIENTED_EDGE('',*,*,#5018,.F.);
#6955=ORIENTED_EDGE('',*,*,#5088,.T.);
#6956=ORIENTED_EDGE('',*,*,#5148,.T.);
#6957=ORIENTED_EDGE('',*,*,#5083,.T.);
#6958=ORIENTED_EDGE('',*,*,#5015,.F.);
#6959=ORIENTED_EDGE('',*,*,#5094,.T.);
#6960=ORIENTED_EDGE('',*,*,#5149,.T.);
#6961=ORIENTED_EDGE('',*,*,#5089,.T.);
#6962=ORIENTED_EDGE('',*,*,#5012,.F.);
#6963=ORIENTED_EDGE('',*,*,#5100,.T.);
#6964=ORIENTED_EDGE('',*,*,#5150,.T.);
#6965=ORIENTED_EDGE('',*,*,#5095,.T.);
#6966=ORIENTED_EDGE('',*,*,#5009,.F.);
#6967=ORIENTED_EDGE('',*,*,#5106,.T.);
#6968=ORIENTED_EDGE('',*,*,#5151,.T.);
#6969=ORIENTED_EDGE('',*,*,#5101,.T.);
#6970=ORIENTED_EDGE('',*,*,#5006,.F.);
#6971=ORIENTED_EDGE('',*,*,#5112,.T.);
#6972=ORIENTED_EDGE('',*,*,#5152,.T.);
#6973=ORIENTED_EDGE('',*,*,#5107,.T.);
#6974=ORIENTED_EDGE('',*,*,#5003,.F.);
#6975=ORIENTED_EDGE('',*,*,#5118,.T.);
#6976=ORIENTED_EDGE('',*,*,#5153,.T.);
#6977=ORIENTED_EDGE('',*,*,#5113,.T.);
#6978=ORIENTED_EDGE('',*,*,#5000,.F.);
#6979=ORIENTED_EDGE('',*,*,#5124,.T.);
#6980=ORIENTED_EDGE('',*,*,#5154,.T.);
#6981=ORIENTED_EDGE('',*,*,#5119,.T.);
#6982=ORIENTED_EDGE('',*,*,#4997,.F.);
#6983=ORIENTED_EDGE('',*,*,#5130,.T.);
#6984=ORIENTED_EDGE('',*,*,#5155,.T.);
#6985=ORIENTED_EDGE('',*,*,#5125,.T.);
#6986=ORIENTED_EDGE('',*,*,#4994,.F.);
#6987=ORIENTED_EDGE('',*,*,#5136,.T.);
#6988=ORIENTED_EDGE('',*,*,#5156,.T.);
#6989=ORIENTED_EDGE('',*,*,#5131,.T.);
#6990=ORIENTED_EDGE('',*,*,#4991,.F.);
#6991=ORIENTED_EDGE('',*,*,#5142,.T.);
#6992=ORIENTED_EDGE('',*,*,#5157,.T.);
#6993=ORIENTED_EDGE('',*,*,#5137,.T.);
#6994=ORIENTED_EDGE('',*,*,#4988,.F.);
#6995=ORIENTED_EDGE('',*,*,#5158,.T.);
#6996=ORIENTED_EDGE('',*,*,#5159,.T.);
#6997=ORIENTED_EDGE('',*,*,#5143,.T.);
#6998=ORIENTED_EDGE('',*,*,#5063,.F.);
#6999=ORIENTED_EDGE('',*,*,#5160,.T.);
#7000=ORIENTED_EDGE('',*,*,#5161,.T.);
#7001=ORIENTED_EDGE('',*,*,#5162,.T.);
#7002=ORIENTED_EDGE('',*,*,#5060,.F.);
#7003=ORIENTED_EDGE('',*,*,#5163,.T.);
#7004=ORIENTED_EDGE('',*,*,#5164,.T.);
#7005=ORIENTED_EDGE('',*,*,#5165,.T.);
#7006=ORIENTED_EDGE('',*,*,#5057,.F.);
#7007=ORIENTED_EDGE('',*,*,#5166,.T.);
#7008=ORIENTED_EDGE('',*,*,#5167,.T.);
#7009=ORIENTED_EDGE('',*,*,#5168,.T.);
#7010=ORIENTED_EDGE('',*,*,#5054,.F.);
#7011=ORIENTED_EDGE('',*,*,#5169,.T.);
#7012=ORIENTED_EDGE('',*,*,#5170,.T.);
#7013=ORIENTED_EDGE('',*,*,#5171,.T.);
#7014=ORIENTED_EDGE('',*,*,#5051,.F.);
#7015=ORIENTED_EDGE('',*,*,#5172,.T.);
#7016=ORIENTED_EDGE('',*,*,#5173,.T.);
#7017=ORIENTED_EDGE('',*,*,#5174,.T.);
#7018=ORIENTED_EDGE('',*,*,#5048,.F.);
#7019=ORIENTED_EDGE('',*,*,#5175,.T.);
#7020=ORIENTED_EDGE('',*,*,#5176,.T.);
#7021=ORIENTED_EDGE('',*,*,#5177,.T.);
#7022=ORIENTED_EDGE('',*,*,#5045,.F.);
#7023=ORIENTED_EDGE('',*,*,#5178,.T.);
#7024=ORIENTED_EDGE('',*,*,#5179,.T.);
#7025=ORIENTED_EDGE('',*,*,#5180,.T.);
#7026=ORIENTED_EDGE('',*,*,#5042,.F.);
#7027=ORIENTED_EDGE('',*,*,#5181,.T.);
#7028=ORIENTED_EDGE('',*,*,#5182,.T.);
#7029=ORIENTED_EDGE('',*,*,#5183,.T.);
#7030=ORIENTED_EDGE('',*,*,#5039,.F.);
#7031=ORIENTED_EDGE('',*,*,#5184,.T.);
#7032=ORIENTED_EDGE('',*,*,#5185,.T.);
#7033=ORIENTED_EDGE('',*,*,#5186,.T.);
#7034=ORIENTED_EDGE('',*,*,#5036,.F.);
#7035=ORIENTED_EDGE('',*,*,#5187,.T.);
#7036=ORIENTED_EDGE('',*,*,#5188,.T.);
#7037=ORIENTED_EDGE('',*,*,#5189,.T.);
#7038=ORIENTED_EDGE('',*,*,#5033,.F.);
#7039=ORIENTED_EDGE('',*,*,#5190,.T.);
#7040=ORIENTED_EDGE('',*,*,#5191,.T.);
#7041=ORIENTED_EDGE('',*,*,#5192,.T.);
#7042=ORIENTED_EDGE('',*,*,#5030,.F.);
#7043=ORIENTED_EDGE('',*,*,#5193,.T.);
#7044=ORIENTED_EDGE('',*,*,#5194,.T.);
#7045=ORIENTED_EDGE('',*,*,#5195,.T.);
#7046=ORIENTED_EDGE('',*,*,#5027,.F.);
#7047=ORIENTED_EDGE('',*,*,#5070,.T.);
#7048=ORIENTED_EDGE('',*,*,#5196,.T.);
#7049=ORIENTED_EDGE('',*,*,#5065,.T.);
#7050=ORIENTED_EDGE('',*,*,#5197,.T.);
#7051=ORIENTED_EDGE('',*,*,#5198,.T.);
#7052=ORIENTED_EDGE('',*,*,#4636,.T.);
#7053=ORIENTED_EDGE('',*,*,#5199,.T.);
#7054=ORIENTED_EDGE('',*,*,#4741,.F.);
#7055=ORIENTED_EDGE('',*,*,#4637,.T.);
#7056=ORIENTED_EDGE('',*,*,#5198,.F.);
#7057=ORIENTED_EDGE('',*,*,#5200,.F.);
#7058=ORIENTED_EDGE('',*,*,#4673,.F.);
#7059=ORIENTED_EDGE('',*,*,#4744,.T.);
#7060=ORIENTED_EDGE('',*,*,#5201,.T.);
#7061=ORIENTED_EDGE('',*,*,#5202,.T.);
#7062=ORIENTED_EDGE('',*,*,#4671,.F.);
#7063=ORIENTED_EDGE('',*,*,#5202,.F.);
#7064=ORIENTED_EDGE('',*,*,#5203,.T.);
#7065=ORIENTED_EDGE('',*,*,#5204,.F.);
#7066=ORIENTED_EDGE('',*,*,#5205,.T.);
#7067=ORIENTED_EDGE('',*,*,#5199,.F.);
#7068=ORIENTED_EDGE('',*,*,#4635,.T.);
#7069=ORIENTED_EDGE('',*,*,#5206,.F.);
#7070=ORIENTED_EDGE('',*,*,#4669,.F.);
#7071=ORIENTED_EDGE('',*,*,#5206,.T.);
#7072=ORIENTED_EDGE('',*,*,#4634,.T.);
#7073=ORIENTED_EDGE('',*,*,#5207,.T.);
#7074=ORIENTED_EDGE('',*,*,#4769,.F.);
#7075=ORIENTED_EDGE('',*,*,#4774,.T.);
#7076=ORIENTED_EDGE('',*,*,#5208,.T.);
#7077=ORIENTED_EDGE('',*,*,#5209,.T.);
#7078=ORIENTED_EDGE('',*,*,#4693,.F.);
#7079=ORIENTED_EDGE('',*,*,#5210,.F.);
#7080=ORIENTED_EDGE('',*,*,#4770,.F.);
#7081=ORIENTED_EDGE('',*,*,#5209,.F.);
#7082=ORIENTED_EDGE('',*,*,#5211,.F.);
#7083=ORIENTED_EDGE('',*,*,#5212,.T.);
#7084=ORIENTED_EDGE('',*,*,#5213,.F.);
#7085=ORIENTED_EDGE('',*,*,#5214,.F.);
#7086=ORIENTED_EDGE('',*,*,#4692,.F.);
#7087=ORIENTED_EDGE('',*,*,#5214,.T.);
#7088=ORIENTED_EDGE('',*,*,#5215,.T.);
#7089=ORIENTED_EDGE('',*,*,#5216,.T.);
#7090=ORIENTED_EDGE('',*,*,#4690,.F.);
#7091=ORIENTED_EDGE('',*,*,#5216,.F.);
#7092=ORIENTED_EDGE('',*,*,#5217,.T.);
#7093=ORIENTED_EDGE('',*,*,#4248,.F.);
#7094=ORIENTED_EDGE('',*,*,#4682,.F.);
#7095=ORIENTED_EDGE('',*,*,#5218,.T.);
#7096=ORIENTED_EDGE('',*,*,#4771,.T.);
#7097=ORIENTED_EDGE('',*,*,#5210,.T.);
#7098=ORIENTED_EDGE('',*,*,#5219,.T.);
#7099=ORIENTED_EDGE('',*,*,#5220,.T.);
#7100=ORIENTED_EDGE('',*,*,#5221,.T.);
#7101=ORIENTED_EDGE('',*,*,#4642,.T.);
#7102=ORIENTED_EDGE('',*,*,#5220,.F.);
#7103=ORIENTED_EDGE('',*,*,#5222,.F.);
#7104=ORIENTED_EDGE('',*,*,#5223,.F.);
#7105=ORIENTED_EDGE('',*,*,#5224,.T.);
#7106=ORIENTED_EDGE('',*,*,#4539,.F.);
#7107=ORIENTED_EDGE('',*,*,#4544,.T.);
#7108=ORIENTED_EDGE('',*,*,#4983,.F.);
#7109=ORIENTED_EDGE('',*,*,#4839,.T.);
#7110=ORIENTED_EDGE('',*,*,#4984,.F.);
#7111=ORIENTED_EDGE('',*,*,#4374,.T.);
#7112=ORIENTED_EDGE('',*,*,#4266,.F.);
#7113=ORIENTED_EDGE('',*,*,#4450,.T.);
#7114=ORIENTED_EDGE('',*,*,#5225,.T.);
#7115=ORIENTED_EDGE('',*,*,#5226,.F.);
#7116=ORIENTED_EDGE('',*,*,#5227,.T.);
#7117=ORIENTED_EDGE('',*,*,#5228,.F.);
#7118=ORIENTED_EDGE('',*,*,#5229,.T.);
#7119=ORIENTED_EDGE('',*,*,#5230,.F.);
#7120=ORIENTED_EDGE('',*,*,#5231,.T.);
#7121=ORIENTED_EDGE('',*,*,#5232,.F.);
#7122=ORIENTED_EDGE('',*,*,#5233,.T.);
#7123=ORIENTED_EDGE('',*,*,#5234,.F.);
#7124=ORIENTED_EDGE('',*,*,#5222,.T.);
#7125=ORIENTED_EDGE('',*,*,#5219,.F.);
#7126=ORIENTED_EDGE('',*,*,#4641,.T.);
#7127=ORIENTED_EDGE('',*,*,#4626,.T.);
#7128=ORIENTED_EDGE('',*,*,#4646,.T.);
#7129=ORIENTED_EDGE('',*,*,#5234,.T.);
#7130=ORIENTED_EDGE('',*,*,#5235,.T.);
#7131=ORIENTED_EDGE('',*,*,#5236,.T.);
#7132=ORIENTED_EDGE('',*,*,#5223,.T.);
#7133=ORIENTED_EDGE('',*,*,#4647,.F.);
#7134=ORIENTED_EDGE('',*,*,#4643,.F.);
#7135=ORIENTED_EDGE('',*,*,#5221,.F.);
#7136=ORIENTED_EDGE('',*,*,#5224,.F.);
#7137=ORIENTED_EDGE('',*,*,#5236,.F.);
#7138=ORIENTED_EDGE('',*,*,#5237,.F.);
#7139=ORIENTED_EDGE('',*,*,#5238,.F.);
#7140=ORIENTED_EDGE('',*,*,#5239,.F.);
#7141=ORIENTED_EDGE('',*,*,#5240,.F.);
#7142=ORIENTED_EDGE('',*,*,#5241,.F.);
#7143=ORIENTED_EDGE('',*,*,#5242,.F.);
#7144=ORIENTED_EDGE('',*,*,#5243,.F.);
#7145=ORIENTED_EDGE('',*,*,#5244,.F.);
#7146=ORIENTED_EDGE('',*,*,#5245,.F.);
#7147=ORIENTED_EDGE('',*,*,#4448,.F.);
#7148=ORIENTED_EDGE('',*,*,#4264,.F.);
#7149=ORIENTED_EDGE('',*,*,#5246,.T.);
#7150=ORIENTED_EDGE('',*,*,#4985,.F.);
#7151=ORIENTED_EDGE('',*,*,#4837,.F.);
#7152=ORIENTED_EDGE('',*,*,#4968,.F.);
#7153=ORIENTED_EDGE('',*,*,#4969,.F.);
#7154=ORIENTED_EDGE('',*,*,#4546,.F.);
#7155=ORIENTED_EDGE('',*,*,#4650,.F.);
#7156=ORIENTED_EDGE('',*,*,#4765,.F.);
#7157=ORIENTED_EDGE('',*,*,#5235,.F.);
#7158=ORIENTED_EDGE('',*,*,#5233,.F.);
#7159=ORIENTED_EDGE('',*,*,#5247,.F.);
#7160=ORIENTED_EDGE('',*,*,#5237,.T.);
#7161=ORIENTED_EDGE('',*,*,#5238,.T.);
#7162=ORIENTED_EDGE('',*,*,#5247,.T.);
#7163=ORIENTED_EDGE('',*,*,#5232,.T.);
#7164=ORIENTED_EDGE('',*,*,#5248,.T.);
#7165=ORIENTED_EDGE('',*,*,#5240,.T.);
#7166=ORIENTED_EDGE('',*,*,#5249,.T.);
#7167=ORIENTED_EDGE('',*,*,#5230,.T.);
#7168=ORIENTED_EDGE('',*,*,#5250,.T.);
#7169=ORIENTED_EDGE('',*,*,#5248,.F.);
#7170=ORIENTED_EDGE('',*,*,#5231,.F.);
#7171=ORIENTED_EDGE('',*,*,#5249,.F.);
#7172=ORIENTED_EDGE('',*,*,#5239,.T.);
#7173=ORIENTED_EDGE('',*,*,#5242,.T.);
#7174=ORIENTED_EDGE('',*,*,#5251,.T.);
#7175=ORIENTED_EDGE('',*,*,#5228,.T.);
#7176=ORIENTED_EDGE('',*,*,#5252,.T.);
#7177=ORIENTED_EDGE('',*,*,#5250,.F.);
#7178=ORIENTED_EDGE('',*,*,#5229,.F.);
#7179=ORIENTED_EDGE('',*,*,#5251,.F.);
#7180=ORIENTED_EDGE('',*,*,#5241,.T.);
#7181=ORIENTED_EDGE('',*,*,#5226,.T.);
#7182=ORIENTED_EDGE('',*,*,#5253,.T.);
#7183=ORIENTED_EDGE('',*,*,#5244,.T.);
#7184=ORIENTED_EDGE('',*,*,#5254,.T.);
#7185=ORIENTED_EDGE('',*,*,#5253,.F.);
#7186=ORIENTED_EDGE('',*,*,#5225,.F.);
#7187=ORIENTED_EDGE('',*,*,#4449,.F.);
#7188=ORIENTED_EDGE('',*,*,#5245,.T.);
#7189=ORIENTED_EDGE('',*,*,#4953,.T.);
#7190=ORIENTED_EDGE('',*,*,#5255,.T.);
#7191=ORIENTED_EDGE('',*,*,#5256,.T.);
#7192=ORIENTED_EDGE('',*,*,#5211,.T.);
#7193=ORIENTED_EDGE('',*,*,#5208,.F.);
#7194=ORIENTED_EDGE('',*,*,#4773,.F.);
#7195=ORIENTED_EDGE('',*,*,#4762,.F.);
#7196=ORIENTED_EDGE('',*,*,#4256,.F.);
#7197=ORIENTED_EDGE('',*,*,#4255,.F.);
#7198=ORIENTED_EDGE('',*,*,#5257,.T.);
#7199=ORIENTED_EDGE('',*,*,#4242,.F.);
#7200=ORIENTED_EDGE('',*,*,#4249,.F.);
#7201=ORIENTED_EDGE('',*,*,#5217,.F.);
#7202=ORIENTED_EDGE('',*,*,#5215,.F.);
#7203=ORIENTED_EDGE('',*,*,#5213,.T.);
#7204=ORIENTED_EDGE('',*,*,#5258,.F.);
#7205=ORIENTED_EDGE('',*,*,#5203,.F.);
#7206=ORIENTED_EDGE('',*,*,#5201,.F.);
#7207=ORIENTED_EDGE('',*,*,#4743,.T.);
#7208=ORIENTED_EDGE('',*,*,#4238,.T.);
#7209=ORIENTED_EDGE('',*,*,#4237,.F.);
#7210=ORIENTED_EDGE('',*,*,#5259,.F.);
#7211=ORIENTED_EDGE('',*,*,#4219,.F.);
#7212=ORIENTED_EDGE('',*,*,#4231,.T.);
#7213=ORIENTED_EDGE('',*,*,#4742,.F.);
#7214=ORIENTED_EDGE('',*,*,#5200,.T.);
#7215=ORIENTED_EDGE('',*,*,#5197,.F.);
#7216=ORIENTED_EDGE('',*,*,#5205,.F.);
#7217=ORIENTED_EDGE('',*,*,#5260,.T.);
#7218=ORIENTED_EDGE('',*,*,#5255,.F.);
#7219=ORIENTED_EDGE('',*,*,#4970,.F.);
#7220=ORIENTED_EDGE('',*,*,#4858,.F.);
#7221=ORIENTED_EDGE('',*,*,#4982,.F.);
#7222=ORIENTED_EDGE('',*,*,#4882,.F.);
#7223=ORIENTED_EDGE('',*,*,#4814,.F.);
#7224=ORIENTED_EDGE('',*,*,#4977,.F.);
#7225=ORIENTED_EDGE('',*,*,#4978,.F.);
#7226=ORIENTED_EDGE('',*,*,#4971,.F.);
#7227=ORIENTED_EDGE('',*,*,#4867,.F.);
#7228=ORIENTED_EDGE('',*,*,#4980,.F.);
#7229=ORIENTED_EDGE('',*,*,#4811,.F.);
#7230=ORIENTED_EDGE('',*,*,#4912,.F.);
#7231=ORIENTED_EDGE('',*,*,#4731,.F.);
#7232=ORIENTED_EDGE('',*,*,#4918,.F.);
#7233=ORIENTED_EDGE('',*,*,#5261,.F.);
#7234=ORIENTED_EDGE('',*,*,#5252,.F.);
#7235=ORIENTED_EDGE('',*,*,#5227,.F.);
#7236=ORIENTED_EDGE('',*,*,#5254,.F.);
#7237=ORIENTED_EDGE('',*,*,#5243,.T.);
#7238=ORIENTED_EDGE('',*,*,#4678,.F.);
#7239=ORIENTED_EDGE('',*,*,#4495,.T.);
#7240=ORIENTED_EDGE('',*,*,#4709,.F.);
#7241=ORIENTED_EDGE('',*,*,#4751,.F.);
#7242=ORIENTED_EDGE('',*,*,#5262,.T.);
#7243=ORIENTED_EDGE('',*,*,#5263,.T.);
#7244=ORIENTED_EDGE('',*,*,#5264,.T.);
#7245=ORIENTED_EDGE('',*,*,#4748,.F.);
#7246=ORIENTED_EDGE('',*,*,#5265,.T.);
#7247=ORIENTED_EDGE('',*,*,#5266,.T.);
#7248=ORIENTED_EDGE('',*,*,#5267,.T.);
#7249=ORIENTED_EDGE('',*,*,#4752,.T.);
#7250=ORIENTED_EDGE('',*,*,#4518,.T.);
#7251=ORIENTED_EDGE('',*,*,#5268,.T.);
#7252=ORIENTED_EDGE('',*,*,#5262,.F.);
#7253=ORIENTED_EDGE('',*,*,#4750,.T.);
#7254=ORIENTED_EDGE('',*,*,#4760,.T.);
#7255=ORIENTED_EDGE('',*,*,#5269,.F.);
#7256=ORIENTED_EDGE('',*,*,#4519,.T.);
#7257=ORIENTED_EDGE('',*,*,#5269,.T.);
#7258=ORIENTED_EDGE('',*,*,#4759,.T.);
#7259=ORIENTED_EDGE('',*,*,#5270,.F.);
#7260=ORIENTED_EDGE('',*,*,#4520,.T.);
#7261=ORIENTED_EDGE('',*,*,#5270,.T.);
#7262=ORIENTED_EDGE('',*,*,#4758,.T.);
#7263=ORIENTED_EDGE('',*,*,#4745,.F.);
#7264=ORIENTED_EDGE('',*,*,#5264,.F.);
#7265=ORIENTED_EDGE('',*,*,#5271,.F.);
#7266=ORIENTED_EDGE('',*,*,#4521,.T.);
#7267=ORIENTED_EDGE('',*,*,#5271,.T.);
#7268=ORIENTED_EDGE('',*,*,#5263,.F.);
#7269=ORIENTED_EDGE('',*,*,#5268,.F.);
#7270=ORIENTED_EDGE('',*,*,#4514,.T.);
#7271=ORIENTED_EDGE('',*,*,#5272,.T.);
#7272=ORIENTED_EDGE('',*,*,#5265,.F.);
#7273=ORIENTED_EDGE('',*,*,#4747,.T.);
#7274=ORIENTED_EDGE('',*,*,#4757,.T.);
#7275=ORIENTED_EDGE('',*,*,#5273,.F.);
#7276=ORIENTED_EDGE('',*,*,#4515,.T.);
#7277=ORIENTED_EDGE('',*,*,#5273,.T.);
#7278=ORIENTED_EDGE('',*,*,#4756,.T.);
#7279=ORIENTED_EDGE('',*,*,#5274,.F.);
#7280=ORIENTED_EDGE('',*,*,#4516,.T.);
#7281=ORIENTED_EDGE('',*,*,#5274,.T.);
#7282=ORIENTED_EDGE('',*,*,#4755,.T.);
#7283=ORIENTED_EDGE('',*,*,#4753,.F.);
#7284=ORIENTED_EDGE('',*,*,#5267,.F.);
#7285=ORIENTED_EDGE('',*,*,#5275,.F.);
#7286=ORIENTED_EDGE('',*,*,#4517,.T.);
#7287=ORIENTED_EDGE('',*,*,#5275,.T.);
#7288=ORIENTED_EDGE('',*,*,#5266,.F.);
#7289=ORIENTED_EDGE('',*,*,#5272,.F.);
#7290=ORIENTED_EDGE('',*,*,#5259,.T.);
#7291=ORIENTED_EDGE('',*,*,#4236,.F.);
#7292=ORIENTED_EDGE('',*,*,#4232,.F.);
#7293=ORIENTED_EDGE('',*,*,#4220,.F.);
#7294=ORIENTED_EDGE('',*,*,#5276,.T.);
#7295=ORIENTED_EDGE('',*,*,#5277,.T.);
#7296=ORIENTED_EDGE('',*,*,#5278,.T.);
#7297=ORIENTED_EDGE('',*,*,#4228,.T.);
#7298=ORIENTED_EDGE('',*,*,#4740,.T.);
#7299=ORIENTED_EDGE('',*,*,#4229,.T.);
#7300=ORIENTED_EDGE('',*,*,#5278,.F.);
#7301=ORIENTED_EDGE('',*,*,#5277,.F.);
#7302=ORIENTED_EDGE('',*,*,#5279,.T.);
#7303=ORIENTED_EDGE('',*,*,#4951,.T.);
#7304=ORIENTED_EDGE('',*,*,#5280,.T.);
#7305=ORIENTED_EDGE('',*,*,#5279,.F.);
#7306=ORIENTED_EDGE('',*,*,#5280,.F.);
#7307=ORIENTED_EDGE('',*,*,#4952,.T.);
#7308=ORIENTED_EDGE('',*,*,#5281,.T.);
#7309=ORIENTED_EDGE('',*,*,#5276,.F.);
#7310=ORIENTED_EDGE('',*,*,#5281,.F.);
#7311=ORIENTED_EDGE('',*,*,#4572,.F.);
#7312=ORIENTED_EDGE('',*,*,#5282,.T.);
#7313=ORIENTED_EDGE('',*,*,#4658,.F.);
#7314=ORIENTED_EDGE('',*,*,#4711,.T.);
#7315=ORIENTED_EDGE('',*,*,#4701,.T.);
#7316=ORIENTED_EDGE('',*,*,#4915,.F.);
#7317=ORIENTED_EDGE('',*,*,#4571,.F.);
#7318=ORIENTED_EDGE('',*,*,#5283,.T.);
#7319=ORIENTED_EDGE('',*,*,#4659,.F.);
#7320=ORIENTED_EDGE('',*,*,#5282,.F.);
#7321=ORIENTED_EDGE('',*,*,#4900,.F.);
#7322=ORIENTED_EDGE('',*,*,#4920,.T.);
#7323=ORIENTED_EDGE('',*,*,#4695,.T.);
#7324=ORIENTED_EDGE('',*,*,#4707,.T.);
#7325=ORIENTED_EDGE('',*,*,#4660,.F.);
#7326=ORIENTED_EDGE('',*,*,#5283,.F.);
#7327=ORIENTED_EDGE('',*,*,#4570,.F.);
#7328=ORIENTED_EDGE('',*,*,#4919,.T.);
#7329=ORIENTED_EDGE('',*,*,#4904,.T.);
#7330=ORIENTED_EDGE('',*,*,#4705,.T.);
#7331=ORIENTED_EDGE('',*,*,#4767,.F.);
#7332=ORIENTED_EDGE('',*,*,#4776,.F.);
#7333=ORIENTED_EDGE('',*,*,#5284,.F.);
#7334=ORIENTED_EDGE('',*,*,#4913,.F.);
#7335=ORIENTED_EDGE('',*,*,#4910,.F.);
#7336=ORIENTED_EDGE('',*,*,#5261,.T.);
#7337=ORIENTED_EDGE('',*,*,#4917,.F.);
#7338=ORIENTED_EDGE('',*,*,#4575,.F.);
#7339=ORIENTED_EDGE('',*,*,#5285,.T.);
#7340=ORIENTED_EDGE('',*,*,#4663,.F.);
#7341=ORIENTED_EDGE('',*,*,#4903,.F.);
#7342=ORIENTED_EDGE('',*,*,#4574,.F.);
#7343=ORIENTED_EDGE('',*,*,#4914,.T.);
#7344=ORIENTED_EDGE('',*,*,#5284,.T.);
#7345=ORIENTED_EDGE('',*,*,#4775,.F.);
#7346=ORIENTED_EDGE('',*,*,#4664,.F.);
#7347=ORIENTED_EDGE('',*,*,#5285,.F.);
#7348=ORIENTED_EDGE('',*,*,#5257,.F.);
#7349=ORIENTED_EDGE('',*,*,#4254,.F.);
#7350=ORIENTED_EDGE('',*,*,#4250,.T.);
#7351=ORIENTED_EDGE('',*,*,#4243,.F.);
#7352=ORIENTED_EDGE('',*,*,#5286,.F.);
#7353=ORIENTED_EDGE('',*,*,#5287,.F.);
#7354=ORIENTED_EDGE('',*,*,#5288,.T.);
#7355=ORIENTED_EDGE('',*,*,#4258,.F.);
#7356=ORIENTED_EDGE('',*,*,#4761,.T.);
#7357=ORIENTED_EDGE('',*,*,#4259,.F.);
#7358=ORIENTED_EDGE('',*,*,#5288,.F.);
#7359=ORIENTED_EDGE('',*,*,#5287,.T.);
#7360=ORIENTED_EDGE('',*,*,#5289,.F.);
#7361=ORIENTED_EDGE('',*,*,#4950,.F.);
#7362=ORIENTED_EDGE('',*,*,#5290,.T.);
#7363=ORIENTED_EDGE('',*,*,#5289,.T.);
#7364=ORIENTED_EDGE('',*,*,#5290,.F.);
#7365=ORIENTED_EDGE('',*,*,#4949,.F.);
#7366=ORIENTED_EDGE('',*,*,#5291,.T.);
#7367=ORIENTED_EDGE('',*,*,#5286,.T.);
#7368=ORIENTED_EDGE('',*,*,#5291,.F.);
#7369=ORIENTED_EDGE('',*,*,#5260,.F.);
#7370=ORIENTED_EDGE('',*,*,#5204,.T.);
#7371=ORIENTED_EDGE('',*,*,#5258,.T.);
#7372=ORIENTED_EDGE('',*,*,#5212,.F.);
#7373=ORIENTED_EDGE('',*,*,#5256,.F.);
#7374=ORIENTED_EDGE('',*,*,#4587,.F.);
#7375=ORIENTED_EDGE('',*,*,#4595,.F.);
#7376=ORIENTED_EDGE('',*,*,#4936,.F.);
#7377=ORIENTED_EDGE('',*,*,#4941,.F.);
#7378=ORIENTED_EDGE('',*,*,#4928,.F.);
#7379=ORIENTED_EDGE('',*,*,#4717,.F.);
#7380=ORIENTED_EDGE('',*,*,#4712,.F.);
#7381=ORIENTED_EDGE('',*,*,#4683,.F.);
#7382=ORIENTED_EDGE('',*,*,#5207,.F.);
#7383=ORIENTED_EDGE('',*,*,#4633,.T.);
#7384=ORIENTED_EDGE('',*,*,#4630,.F.);
#7385=ORIENTED_EDGE('',*,*,#4645,.F.);
#7386=ORIENTED_EDGE('',*,*,#4649,.F.);
#7387=ORIENTED_EDGE('',*,*,#4772,.F.);
#7388=ORIENTED_EDGE('',*,*,#5218,.F.);
#7389=ORIENTED_EDGE('',*,*,#5138,.T.);
#7390=ORIENTED_EDGE('',*,*,#5157,.F.);
#7391=ORIENTED_EDGE('',*,*,#5141,.F.);
#7392=ORIENTED_EDGE('',*,*,#5292,.T.);
#7393=ORIENTED_EDGE('',*,*,#5293,.T.);
#7394=ORIENTED_EDGE('',*,*,#5294,.F.);
#7395=ORIENTED_EDGE('',*,*,#5126,.T.);
#7396=ORIENTED_EDGE('',*,*,#5155,.F.);
#7397=ORIENTED_EDGE('',*,*,#5129,.F.);
#7398=ORIENTED_EDGE('',*,*,#5295,.T.);
#7399=ORIENTED_EDGE('',*,*,#5296,.T.);
#7400=ORIENTED_EDGE('',*,*,#5297,.F.);
#7401=ORIENTED_EDGE('',*,*,#5114,.T.);
#7402=ORIENTED_EDGE('',*,*,#5153,.F.);
#7403=ORIENTED_EDGE('',*,*,#5117,.F.);
#7404=ORIENTED_EDGE('',*,*,#5298,.T.);
#7405=ORIENTED_EDGE('',*,*,#5299,.T.);
#7406=ORIENTED_EDGE('',*,*,#5300,.F.);
#7407=ORIENTED_EDGE('',*,*,#5102,.T.);
#7408=ORIENTED_EDGE('',*,*,#5151,.F.);
#7409=ORIENTED_EDGE('',*,*,#5105,.F.);
#7410=ORIENTED_EDGE('',*,*,#5301,.T.);
#7411=ORIENTED_EDGE('',*,*,#5302,.T.);
#7412=ORIENTED_EDGE('',*,*,#5303,.F.);
#7413=ORIENTED_EDGE('',*,*,#5090,.T.);
#7414=ORIENTED_EDGE('',*,*,#5149,.F.);
#7415=ORIENTED_EDGE('',*,*,#5093,.F.);
#7416=ORIENTED_EDGE('',*,*,#5304,.T.);
#7417=ORIENTED_EDGE('',*,*,#5305,.T.);
#7418=ORIENTED_EDGE('',*,*,#5306,.F.);
#7419=ORIENTED_EDGE('',*,*,#5078,.T.);
#7420=ORIENTED_EDGE('',*,*,#5147,.F.);
#7421=ORIENTED_EDGE('',*,*,#5081,.F.);
#7422=ORIENTED_EDGE('',*,*,#5307,.T.);
#7423=ORIENTED_EDGE('',*,*,#5308,.T.);
#7424=ORIENTED_EDGE('',*,*,#5309,.F.);
#7425=ORIENTED_EDGE('',*,*,#5066,.T.);
#7426=ORIENTED_EDGE('',*,*,#5196,.F.);
#7427=ORIENTED_EDGE('',*,*,#5069,.F.);
#7428=ORIENTED_EDGE('',*,*,#5310,.T.);
#7429=ORIENTED_EDGE('',*,*,#5311,.T.);
#7430=ORIENTED_EDGE('',*,*,#5312,.F.);
#7431=ORIENTED_EDGE('',*,*,#5032,.F.);
#7432=ORIENTED_EDGE('',*,*,#4320,.F.);
#7433=ORIENTED_EDGE('',*,*,#5313,.F.);
#7434=ORIENTED_EDGE('',*,*,#5314,.T.);
#7435=ORIENTED_EDGE('',*,*,#5190,.F.);
#7436=ORIENTED_EDGE('',*,*,#5315,.T.);
#7437=ORIENTED_EDGE('',*,*,#5191,.F.);
#7438=ORIENTED_EDGE('',*,*,#5314,.F.);
#7439=ORIENTED_EDGE('',*,*,#5316,.T.);
#7440=ORIENTED_EDGE('',*,*,#5317,.T.);
#7441=ORIENTED_EDGE('',*,*,#5318,.F.);
#7442=ORIENTED_EDGE('',*,*,#5034,.F.);
#7443=ORIENTED_EDGE('',*,*,#5192,.F.);
#7444=ORIENTED_EDGE('',*,*,#5315,.F.);
#7445=ORIENTED_EDGE('',*,*,#5319,.F.);
#7446=ORIENTED_EDGE('',*,*,#4327,.T.);
#7447=ORIENTED_EDGE('',*,*,#5038,.F.);
#7448=ORIENTED_EDGE('',*,*,#4330,.F.);
#7449=ORIENTED_EDGE('',*,*,#5320,.F.);
#7450=ORIENTED_EDGE('',*,*,#5321,.T.);
#7451=ORIENTED_EDGE('',*,*,#5184,.F.);
#7452=ORIENTED_EDGE('',*,*,#5322,.T.);
#7453=ORIENTED_EDGE('',*,*,#5185,.F.);
#7454=ORIENTED_EDGE('',*,*,#5321,.F.);
#7455=ORIENTED_EDGE('',*,*,#5323,.T.);
#7456=ORIENTED_EDGE('',*,*,#5324,.T.);
#7457=ORIENTED_EDGE('',*,*,#5325,.F.);
#7458=ORIENTED_EDGE('',*,*,#5040,.F.);
#7459=ORIENTED_EDGE('',*,*,#5186,.F.);
#7460=ORIENTED_EDGE('',*,*,#5322,.F.);
#7461=ORIENTED_EDGE('',*,*,#5326,.F.);
#7462=ORIENTED_EDGE('',*,*,#4337,.T.);
#7463=ORIENTED_EDGE('',*,*,#5044,.F.);
#7464=ORIENTED_EDGE('',*,*,#4340,.F.);
#7465=ORIENTED_EDGE('',*,*,#5327,.F.);
#7466=ORIENTED_EDGE('',*,*,#5328,.T.);
#7467=ORIENTED_EDGE('',*,*,#5178,.F.);
#7468=ORIENTED_EDGE('',*,*,#5329,.T.);
#7469=ORIENTED_EDGE('',*,*,#5179,.F.);
#7470=ORIENTED_EDGE('',*,*,#5328,.F.);
#7471=ORIENTED_EDGE('',*,*,#5330,.T.);
#7472=ORIENTED_EDGE('',*,*,#5331,.T.);
#7473=ORIENTED_EDGE('',*,*,#5332,.F.);
#7474=ORIENTED_EDGE('',*,*,#5046,.F.);
#7475=ORIENTED_EDGE('',*,*,#5180,.F.);
#7476=ORIENTED_EDGE('',*,*,#5329,.F.);
#7477=ORIENTED_EDGE('',*,*,#5333,.F.);
#7478=ORIENTED_EDGE('',*,*,#4347,.T.);
#7479=ORIENTED_EDGE('',*,*,#5050,.F.);
#7480=ORIENTED_EDGE('',*,*,#4350,.F.);
#7481=ORIENTED_EDGE('',*,*,#5334,.F.);
#7482=ORIENTED_EDGE('',*,*,#5335,.T.);
#7483=ORIENTED_EDGE('',*,*,#5172,.F.);
#7484=ORIENTED_EDGE('',*,*,#5336,.T.);
#7485=ORIENTED_EDGE('',*,*,#5173,.F.);
#7486=ORIENTED_EDGE('',*,*,#5335,.F.);
#7487=ORIENTED_EDGE('',*,*,#5337,.T.);
#7488=ORIENTED_EDGE('',*,*,#5338,.T.);
#7489=ORIENTED_EDGE('',*,*,#5339,.F.);
#7490=ORIENTED_EDGE('',*,*,#5052,.F.);
#7491=ORIENTED_EDGE('',*,*,#5174,.F.);
#7492=ORIENTED_EDGE('',*,*,#5336,.F.);
#7493=ORIENTED_EDGE('',*,*,#5340,.F.);
#7494=ORIENTED_EDGE('',*,*,#4357,.T.);
#7495=ORIENTED_EDGE('',*,*,#5056,.F.);
#7496=ORIENTED_EDGE('',*,*,#4360,.F.);
#7497=ORIENTED_EDGE('',*,*,#5341,.F.);
#7498=ORIENTED_EDGE('',*,*,#5342,.T.);
#7499=ORIENTED_EDGE('',*,*,#5166,.F.);
#7500=ORIENTED_EDGE('',*,*,#5343,.T.);
#7501=ORIENTED_EDGE('',*,*,#5167,.F.);
#7502=ORIENTED_EDGE('',*,*,#5342,.F.);
#7503=ORIENTED_EDGE('',*,*,#5344,.T.);
#7504=ORIENTED_EDGE('',*,*,#5345,.T.);
#7505=ORIENTED_EDGE('',*,*,#5346,.F.);
#7506=ORIENTED_EDGE('',*,*,#5058,.F.);
#7507=ORIENTED_EDGE('',*,*,#5168,.F.);
#7508=ORIENTED_EDGE('',*,*,#5343,.F.);
#7509=ORIENTED_EDGE('',*,*,#5347,.F.);
#7510=ORIENTED_EDGE('',*,*,#4367,.T.);
#7511=ORIENTED_EDGE('',*,*,#5062,.F.);
#7512=ORIENTED_EDGE('',*,*,#4370,.F.);
#7513=ORIENTED_EDGE('',*,*,#5348,.F.);
#7514=ORIENTED_EDGE('',*,*,#5349,.T.);
#7515=ORIENTED_EDGE('',*,*,#5160,.F.);
#7516=ORIENTED_EDGE('',*,*,#5350,.T.);
#7517=ORIENTED_EDGE('',*,*,#5161,.F.);
#7518=ORIENTED_EDGE('',*,*,#5349,.F.);
#7519=ORIENTED_EDGE('',*,*,#5351,.T.);
#7520=ORIENTED_EDGE('',*,*,#5352,.T.);
#7521=ORIENTED_EDGE('',*,*,#5353,.F.);
#7522=ORIENTED_EDGE('',*,*,#5064,.F.);
#7523=ORIENTED_EDGE('',*,*,#5162,.F.);
#7524=ORIENTED_EDGE('',*,*,#5350,.F.);
#7525=ORIENTED_EDGE('',*,*,#5354,.F.);
#7526=ORIENTED_EDGE('',*,*,#4376,.T.);
#7527=ORIENTED_EDGE('',*,*,#5059,.F.);
#7528=ORIENTED_EDGE('',*,*,#4365,.F.);
#7529=ORIENTED_EDGE('',*,*,#5355,.F.);
#7530=ORIENTED_EDGE('',*,*,#5356,.T.);
#7531=ORIENTED_EDGE('',*,*,#5163,.F.);
#7532=ORIENTED_EDGE('',*,*,#5357,.T.);
#7533=ORIENTED_EDGE('',*,*,#5164,.F.);
#7534=ORIENTED_EDGE('',*,*,#5356,.F.);
#7535=ORIENTED_EDGE('',*,*,#5358,.T.);
#7536=ORIENTED_EDGE('',*,*,#5359,.T.);
#7537=ORIENTED_EDGE('',*,*,#5360,.F.);
#7538=ORIENTED_EDGE('',*,*,#5061,.F.);
#7539=ORIENTED_EDGE('',*,*,#5165,.F.);
#7540=ORIENTED_EDGE('',*,*,#5357,.F.);
#7541=ORIENTED_EDGE('',*,*,#5361,.F.);
#7542=ORIENTED_EDGE('',*,*,#4372,.T.);
#7543=ORIENTED_EDGE('',*,*,#5053,.F.);
#7544=ORIENTED_EDGE('',*,*,#4355,.F.);
#7545=ORIENTED_EDGE('',*,*,#5362,.F.);
#7546=ORIENTED_EDGE('',*,*,#5363,.T.);
#7547=ORIENTED_EDGE('',*,*,#5169,.F.);
#7548=ORIENTED_EDGE('',*,*,#5364,.T.);
#7549=ORIENTED_EDGE('',*,*,#5170,.F.);
#7550=ORIENTED_EDGE('',*,*,#5363,.F.);
#7551=ORIENTED_EDGE('',*,*,#5365,.T.);
#7552=ORIENTED_EDGE('',*,*,#5366,.T.);
#7553=ORIENTED_EDGE('',*,*,#5367,.F.);
#7554=ORIENTED_EDGE('',*,*,#5055,.F.);
#7555=ORIENTED_EDGE('',*,*,#5171,.F.);
#7556=ORIENTED_EDGE('',*,*,#5364,.F.);
#7557=ORIENTED_EDGE('',*,*,#5368,.F.);
#7558=ORIENTED_EDGE('',*,*,#4362,.T.);
#7559=ORIENTED_EDGE('',*,*,#5047,.F.);
#7560=ORIENTED_EDGE('',*,*,#4345,.F.);
#7561=ORIENTED_EDGE('',*,*,#5369,.F.);
#7562=ORIENTED_EDGE('',*,*,#5370,.T.);
#7563=ORIENTED_EDGE('',*,*,#5175,.F.);
#7564=ORIENTED_EDGE('',*,*,#5371,.T.);
#7565=ORIENTED_EDGE('',*,*,#5176,.F.);
#7566=ORIENTED_EDGE('',*,*,#5370,.F.);
#7567=ORIENTED_EDGE('',*,*,#5372,.T.);
#7568=ORIENTED_EDGE('',*,*,#5373,.T.);
#7569=ORIENTED_EDGE('',*,*,#5374,.F.);
#7570=ORIENTED_EDGE('',*,*,#5049,.F.);
#7571=ORIENTED_EDGE('',*,*,#5177,.F.);
#7572=ORIENTED_EDGE('',*,*,#5371,.F.);
#7573=ORIENTED_EDGE('',*,*,#5375,.F.);
#7574=ORIENTED_EDGE('',*,*,#4352,.T.);
#7575=ORIENTED_EDGE('',*,*,#5041,.F.);
#7576=ORIENTED_EDGE('',*,*,#4335,.F.);
#7577=ORIENTED_EDGE('',*,*,#5376,.F.);
#7578=ORIENTED_EDGE('',*,*,#5377,.T.);
#7579=ORIENTED_EDGE('',*,*,#5181,.F.);
#7580=ORIENTED_EDGE('',*,*,#5378,.T.);
#7581=ORIENTED_EDGE('',*,*,#5182,.F.);
#7582=ORIENTED_EDGE('',*,*,#5377,.F.);
#7583=ORIENTED_EDGE('',*,*,#5379,.T.);
#7584=ORIENTED_EDGE('',*,*,#5380,.T.);
#7585=ORIENTED_EDGE('',*,*,#5381,.F.);
#7586=ORIENTED_EDGE('',*,*,#5043,.F.);
#7587=ORIENTED_EDGE('',*,*,#5183,.F.);
#7588=ORIENTED_EDGE('',*,*,#5378,.F.);
#7589=ORIENTED_EDGE('',*,*,#5382,.F.);
#7590=ORIENTED_EDGE('',*,*,#4342,.T.);
#7591=ORIENTED_EDGE('',*,*,#5035,.F.);
#7592=ORIENTED_EDGE('',*,*,#4325,.F.);
#7593=ORIENTED_EDGE('',*,*,#5383,.F.);
#7594=ORIENTED_EDGE('',*,*,#5384,.T.);
#7595=ORIENTED_EDGE('',*,*,#5187,.F.);
#7596=ORIENTED_EDGE('',*,*,#5385,.T.);
#7597=ORIENTED_EDGE('',*,*,#5188,.F.);
#7598=ORIENTED_EDGE('',*,*,#5384,.F.);
#7599=ORIENTED_EDGE('',*,*,#5386,.T.);
#7600=ORIENTED_EDGE('',*,*,#5387,.T.);
#7601=ORIENTED_EDGE('',*,*,#5388,.F.);
#7602=ORIENTED_EDGE('',*,*,#5037,.F.);
#7603=ORIENTED_EDGE('',*,*,#5189,.F.);
#7604=ORIENTED_EDGE('',*,*,#5385,.F.);
#7605=ORIENTED_EDGE('',*,*,#5389,.F.);
#7606=ORIENTED_EDGE('',*,*,#4332,.T.);
#7607=ORIENTED_EDGE('',*,*,#5029,.F.);
#7608=ORIENTED_EDGE('',*,*,#4444,.F.);
#7609=ORIENTED_EDGE('',*,*,#5390,.F.);
#7610=ORIENTED_EDGE('',*,*,#5391,.T.);
#7611=ORIENTED_EDGE('',*,*,#5193,.F.);
#7612=ORIENTED_EDGE('',*,*,#5392,.T.);
#7613=ORIENTED_EDGE('',*,*,#5194,.F.);
#7614=ORIENTED_EDGE('',*,*,#5391,.F.);
#7615=ORIENTED_EDGE('',*,*,#5393,.T.);
#7616=ORIENTED_EDGE('',*,*,#5394,.T.);
#7617=ORIENTED_EDGE('',*,*,#5395,.F.);
#7618=ORIENTED_EDGE('',*,*,#5031,.F.);
#7619=ORIENTED_EDGE('',*,*,#5195,.F.);
#7620=ORIENTED_EDGE('',*,*,#5392,.F.);
#7621=ORIENTED_EDGE('',*,*,#5396,.F.);
#7622=ORIENTED_EDGE('',*,*,#4322,.T.);
#7623=ORIENTED_EDGE('',*,*,#5072,.T.);
#7624=ORIENTED_EDGE('',*,*,#5146,.F.);
#7625=ORIENTED_EDGE('',*,*,#5075,.F.);
#7626=ORIENTED_EDGE('',*,*,#5397,.T.);
#7627=ORIENTED_EDGE('',*,*,#5398,.T.);
#7628=ORIENTED_EDGE('',*,*,#5399,.F.);
#7629=ORIENTED_EDGE('',*,*,#5084,.T.);
#7630=ORIENTED_EDGE('',*,*,#5148,.F.);
#7631=ORIENTED_EDGE('',*,*,#5087,.F.);
#7632=ORIENTED_EDGE('',*,*,#5400,.T.);
#7633=ORIENTED_EDGE('',*,*,#5401,.T.);
#7634=ORIENTED_EDGE('',*,*,#5402,.F.);
#7635=ORIENTED_EDGE('',*,*,#5096,.T.);
#7636=ORIENTED_EDGE('',*,*,#5150,.F.);
#7637=ORIENTED_EDGE('',*,*,#5099,.F.);
#7638=ORIENTED_EDGE('',*,*,#5403,.T.);
#7639=ORIENTED_EDGE('',*,*,#5404,.T.);
#7640=ORIENTED_EDGE('',*,*,#5405,.F.);
#7641=ORIENTED_EDGE('',*,*,#5108,.T.);
#7642=ORIENTED_EDGE('',*,*,#5152,.F.);
#7643=ORIENTED_EDGE('',*,*,#5111,.F.);
#7644=ORIENTED_EDGE('',*,*,#5406,.T.);
#7645=ORIENTED_EDGE('',*,*,#5407,.T.);
#7646=ORIENTED_EDGE('',*,*,#5408,.F.);
#7647=ORIENTED_EDGE('',*,*,#5120,.T.);
#7648=ORIENTED_EDGE('',*,*,#5154,.F.);
#7649=ORIENTED_EDGE('',*,*,#5123,.F.);
#7650=ORIENTED_EDGE('',*,*,#5409,.T.);
#7651=ORIENTED_EDGE('',*,*,#5410,.T.);
#7652=ORIENTED_EDGE('',*,*,#5411,.F.);
#7653=ORIENTED_EDGE('',*,*,#5132,.T.);
#7654=ORIENTED_EDGE('',*,*,#5156,.F.);
#7655=ORIENTED_EDGE('',*,*,#5135,.F.);
#7656=ORIENTED_EDGE('',*,*,#5412,.T.);
#7657=ORIENTED_EDGE('',*,*,#5413,.T.);
#7658=ORIENTED_EDGE('',*,*,#5414,.F.);
#7659=ORIENTED_EDGE('',*,*,#4987,.F.);
#7660=ORIENTED_EDGE('',*,*,#5415,.F.);
#7661=ORIENTED_EDGE('',*,*,#5416,.F.);
#7662=ORIENTED_EDGE('',*,*,#5417,.T.);
#7663=ORIENTED_EDGE('',*,*,#5158,.F.);
#7664=ORIENTED_EDGE('',*,*,#5144,.T.);
#7665=ORIENTED_EDGE('',*,*,#5159,.F.);
#7666=ORIENTED_EDGE('',*,*,#5417,.F.);
#7667=ORIENTED_EDGE('',*,*,#5418,.T.);
#7668=ORIENTED_EDGE('',*,*,#5419,.T.);
#7669=ORIENTED_EDGE('',*,*,#5420,.F.);
#7670=ORIENTED_EDGE('',*,*,#4986,.F.);
#7671=ORIENTED_EDGE('',*,*,#5246,.F.);
#7672=ORIENTED_EDGE('',*,*,#5421,.F.);
#7673=ORIENTED_EDGE('',*,*,#5415,.T.);
#7674=ORIENTED_EDGE('',*,*,#5140,.T.);
#7675=ORIENTED_EDGE('',*,*,#4378,.T.);
#7676=ORIENTED_EDGE('',*,*,#5422,.T.);
#7677=ORIENTED_EDGE('',*,*,#5292,.F.);
#7678=ORIENTED_EDGE('',*,*,#5139,.T.);
#7679=ORIENTED_EDGE('',*,*,#5294,.T.);
#7680=ORIENTED_EDGE('',*,*,#5423,.T.);
#7681=ORIENTED_EDGE('',*,*,#4387,.F.);
#7682=ORIENTED_EDGE('',*,*,#5128,.T.);
#7683=ORIENTED_EDGE('',*,*,#4388,.T.);
#7684=ORIENTED_EDGE('',*,*,#5424,.T.);
#7685=ORIENTED_EDGE('',*,*,#5295,.F.);
#7686=ORIENTED_EDGE('',*,*,#5127,.T.);
#7687=ORIENTED_EDGE('',*,*,#5297,.T.);
#7688=ORIENTED_EDGE('',*,*,#5425,.T.);
#7689=ORIENTED_EDGE('',*,*,#4397,.F.);
#7690=ORIENTED_EDGE('',*,*,#5116,.T.);
#7691=ORIENTED_EDGE('',*,*,#4398,.T.);
#7692=ORIENTED_EDGE('',*,*,#5426,.T.);
#7693=ORIENTED_EDGE('',*,*,#5298,.F.);
#7694=ORIENTED_EDGE('',*,*,#5115,.T.);
#7695=ORIENTED_EDGE('',*,*,#5300,.T.);
#7696=ORIENTED_EDGE('',*,*,#5427,.T.);
#7697=ORIENTED_EDGE('',*,*,#4407,.F.);
#7698=ORIENTED_EDGE('',*,*,#5104,.T.);
#7699=ORIENTED_EDGE('',*,*,#4408,.T.);
#7700=ORIENTED_EDGE('',*,*,#5428,.T.);
#7701=ORIENTED_EDGE('',*,*,#5301,.F.);
#7702=ORIENTED_EDGE('',*,*,#5103,.T.);
#7703=ORIENTED_EDGE('',*,*,#5303,.T.);
#7704=ORIENTED_EDGE('',*,*,#5429,.T.);
#7705=ORIENTED_EDGE('',*,*,#4417,.F.);
#7706=ORIENTED_EDGE('',*,*,#5092,.T.);
#7707=ORIENTED_EDGE('',*,*,#4418,.T.);
#7708=ORIENTED_EDGE('',*,*,#5430,.T.);
#7709=ORIENTED_EDGE('',*,*,#5304,.F.);
#7710=ORIENTED_EDGE('',*,*,#5091,.T.);
#7711=ORIENTED_EDGE('',*,*,#5306,.T.);
#7712=ORIENTED_EDGE('',*,*,#5431,.T.);
#7713=ORIENTED_EDGE('',*,*,#4427,.F.);
#7714=ORIENTED_EDGE('',*,*,#5080,.T.);
#7715=ORIENTED_EDGE('',*,*,#4428,.T.);
#7716=ORIENTED_EDGE('',*,*,#5432,.T.);
#7717=ORIENTED_EDGE('',*,*,#5307,.F.);
#7718=ORIENTED_EDGE('',*,*,#5079,.T.);
#7719=ORIENTED_EDGE('',*,*,#5309,.T.);
#7720=ORIENTED_EDGE('',*,*,#5433,.T.);
#7721=ORIENTED_EDGE('',*,*,#4437,.F.);
#7722=ORIENTED_EDGE('',*,*,#5068,.T.);
#7723=ORIENTED_EDGE('',*,*,#4438,.T.);
#7724=ORIENTED_EDGE('',*,*,#5434,.T.);
#7725=ORIENTED_EDGE('',*,*,#5310,.F.);
#7726=ORIENTED_EDGE('',*,*,#5067,.T.);
#7727=ORIENTED_EDGE('',*,*,#5312,.T.);
#7728=ORIENTED_EDGE('',*,*,#5435,.T.);
#7729=ORIENTED_EDGE('',*,*,#4447,.F.);
#7730=ORIENTED_EDGE('',*,*,#5313,.T.);
#7731=ORIENTED_EDGE('',*,*,#4319,.T.);
#7732=ORIENTED_EDGE('',*,*,#5436,.T.);
#7733=ORIENTED_EDGE('',*,*,#5316,.F.);
#7734=ORIENTED_EDGE('',*,*,#5319,.T.);
#7735=ORIENTED_EDGE('',*,*,#5318,.T.);
#7736=ORIENTED_EDGE('',*,*,#5437,.T.);
#7737=ORIENTED_EDGE('',*,*,#4328,.F.);
#7738=ORIENTED_EDGE('',*,*,#5320,.T.);
#7739=ORIENTED_EDGE('',*,*,#4329,.T.);
#7740=ORIENTED_EDGE('',*,*,#5438,.T.);
#7741=ORIENTED_EDGE('',*,*,#5323,.F.);
#7742=ORIENTED_EDGE('',*,*,#5326,.T.);
#7743=ORIENTED_EDGE('',*,*,#5325,.T.);
#7744=ORIENTED_EDGE('',*,*,#5439,.T.);
#7745=ORIENTED_EDGE('',*,*,#4338,.F.);
#7746=ORIENTED_EDGE('',*,*,#5327,.T.);
#7747=ORIENTED_EDGE('',*,*,#4339,.T.);
#7748=ORIENTED_EDGE('',*,*,#5440,.T.);
#7749=ORIENTED_EDGE('',*,*,#5330,.F.);
#7750=ORIENTED_EDGE('',*,*,#5333,.T.);
#7751=ORIENTED_EDGE('',*,*,#5332,.T.);
#7752=ORIENTED_EDGE('',*,*,#5441,.T.);
#7753=ORIENTED_EDGE('',*,*,#4348,.F.);
#7754=ORIENTED_EDGE('',*,*,#5334,.T.);
#7755=ORIENTED_EDGE('',*,*,#4349,.T.);
#7756=ORIENTED_EDGE('',*,*,#5442,.T.);
#7757=ORIENTED_EDGE('',*,*,#5337,.F.);
#7758=ORIENTED_EDGE('',*,*,#5340,.T.);
#7759=ORIENTED_EDGE('',*,*,#5339,.T.);
#7760=ORIENTED_EDGE('',*,*,#5443,.T.);
#7761=ORIENTED_EDGE('',*,*,#4358,.F.);
#7762=ORIENTED_EDGE('',*,*,#5341,.T.);
#7763=ORIENTED_EDGE('',*,*,#4359,.T.);
#7764=ORIENTED_EDGE('',*,*,#5444,.T.);
#7765=ORIENTED_EDGE('',*,*,#5344,.F.);
#7766=ORIENTED_EDGE('',*,*,#5347,.T.);
#7767=ORIENTED_EDGE('',*,*,#5346,.T.);
#7768=ORIENTED_EDGE('',*,*,#5445,.T.);
#7769=ORIENTED_EDGE('',*,*,#4368,.F.);
#7770=ORIENTED_EDGE('',*,*,#5348,.T.);
#7771=ORIENTED_EDGE('',*,*,#4369,.T.);
#7772=ORIENTED_EDGE('',*,*,#5446,.T.);
#7773=ORIENTED_EDGE('',*,*,#5351,.F.);
#7774=ORIENTED_EDGE('',*,*,#5354,.T.);
#7775=ORIENTED_EDGE('',*,*,#5353,.T.);
#7776=ORIENTED_EDGE('',*,*,#5447,.T.);
#7777=ORIENTED_EDGE('',*,*,#4377,.F.);
#7778=ORIENTED_EDGE('',*,*,#5355,.T.);
#7779=ORIENTED_EDGE('',*,*,#4364,.T.);
#7780=ORIENTED_EDGE('',*,*,#5448,.T.);
#7781=ORIENTED_EDGE('',*,*,#5358,.F.);
#7782=ORIENTED_EDGE('',*,*,#5361,.T.);
#7783=ORIENTED_EDGE('',*,*,#5360,.T.);
#7784=ORIENTED_EDGE('',*,*,#5449,.T.);
#7785=ORIENTED_EDGE('',*,*,#4373,.F.);
#7786=ORIENTED_EDGE('',*,*,#5362,.T.);
#7787=ORIENTED_EDGE('',*,*,#4354,.T.);
#7788=ORIENTED_EDGE('',*,*,#5450,.T.);
#7789=ORIENTED_EDGE('',*,*,#5365,.F.);
#7790=ORIENTED_EDGE('',*,*,#5368,.T.);
#7791=ORIENTED_EDGE('',*,*,#5367,.T.);
#7792=ORIENTED_EDGE('',*,*,#5451,.T.);
#7793=ORIENTED_EDGE('',*,*,#4363,.F.);
#7794=ORIENTED_EDGE('',*,*,#5369,.T.);
#7795=ORIENTED_EDGE('',*,*,#4344,.T.);
#7796=ORIENTED_EDGE('',*,*,#5452,.T.);
#7797=ORIENTED_EDGE('',*,*,#5372,.F.);
#7798=ORIENTED_EDGE('',*,*,#5375,.T.);
#7799=ORIENTED_EDGE('',*,*,#5374,.T.);
#7800=ORIENTED_EDGE('',*,*,#5453,.T.);
#7801=ORIENTED_EDGE('',*,*,#4353,.F.);
#7802=ORIENTED_EDGE('',*,*,#5376,.T.);
#7803=ORIENTED_EDGE('',*,*,#4334,.T.);
#7804=ORIENTED_EDGE('',*,*,#5454,.T.);
#7805=ORIENTED_EDGE('',*,*,#5379,.F.);
#7806=ORIENTED_EDGE('',*,*,#5382,.T.);
#7807=ORIENTED_EDGE('',*,*,#5381,.T.);
#7808=ORIENTED_EDGE('',*,*,#5455,.T.);
#7809=ORIENTED_EDGE('',*,*,#4343,.F.);
#7810=ORIENTED_EDGE('',*,*,#5383,.T.);
#7811=ORIENTED_EDGE('',*,*,#4324,.T.);
#7812=ORIENTED_EDGE('',*,*,#5456,.T.);
#7813=ORIENTED_EDGE('',*,*,#5386,.F.);
#7814=ORIENTED_EDGE('',*,*,#5389,.T.);
#7815=ORIENTED_EDGE('',*,*,#5388,.T.);
#7816=ORIENTED_EDGE('',*,*,#5457,.T.);
#7817=ORIENTED_EDGE('',*,*,#4333,.F.);
#7818=ORIENTED_EDGE('',*,*,#5390,.T.);
#7819=ORIENTED_EDGE('',*,*,#4443,.T.);
#7820=ORIENTED_EDGE('',*,*,#5458,.T.);
#7821=ORIENTED_EDGE('',*,*,#5393,.F.);
#7822=ORIENTED_EDGE('',*,*,#5396,.T.);
#7823=ORIENTED_EDGE('',*,*,#5395,.T.);
#7824=ORIENTED_EDGE('',*,*,#5459,.T.);
#7825=ORIENTED_EDGE('',*,*,#4323,.F.);
#7826=ORIENTED_EDGE('',*,*,#5074,.T.);
#7827=ORIENTED_EDGE('',*,*,#4433,.T.);
#7828=ORIENTED_EDGE('',*,*,#5460,.T.);
#7829=ORIENTED_EDGE('',*,*,#5397,.F.);
#7830=ORIENTED_EDGE('',*,*,#5073,.T.);
#7831=ORIENTED_EDGE('',*,*,#5399,.T.);
#7832=ORIENTED_EDGE('',*,*,#5461,.T.);
#7833=ORIENTED_EDGE('',*,*,#4442,.F.);
#7834=ORIENTED_EDGE('',*,*,#5086,.T.);
#7835=ORIENTED_EDGE('',*,*,#4423,.T.);
#7836=ORIENTED_EDGE('',*,*,#5462,.T.);
#7837=ORIENTED_EDGE('',*,*,#5400,.F.);
#7838=ORIENTED_EDGE('',*,*,#5085,.T.);
#7839=ORIENTED_EDGE('',*,*,#5402,.T.);
#7840=ORIENTED_EDGE('',*,*,#5463,.T.);
#7841=ORIENTED_EDGE('',*,*,#4432,.F.);
#7842=ORIENTED_EDGE('',*,*,#5098,.T.);
#7843=ORIENTED_EDGE('',*,*,#4413,.T.);
#7844=ORIENTED_EDGE('',*,*,#5464,.T.);
#7845=ORIENTED_EDGE('',*,*,#5403,.F.);
#7846=ORIENTED_EDGE('',*,*,#5097,.T.);
#7847=ORIENTED_EDGE('',*,*,#5405,.T.);
#7848=ORIENTED_EDGE('',*,*,#5465,.T.);
#7849=ORIENTED_EDGE('',*,*,#4422,.F.);
#7850=ORIENTED_EDGE('',*,*,#5110,.T.);
#7851=ORIENTED_EDGE('',*,*,#4403,.T.);
#7852=ORIENTED_EDGE('',*,*,#5466,.T.);
#7853=ORIENTED_EDGE('',*,*,#5406,.F.);
#7854=ORIENTED_EDGE('',*,*,#5109,.T.);
#7855=ORIENTED_EDGE('',*,*,#5408,.T.);
#7856=ORIENTED_EDGE('',*,*,#5467,.T.);
#7857=ORIENTED_EDGE('',*,*,#4412,.F.);
#7858=ORIENTED_EDGE('',*,*,#5122,.T.);
#7859=ORIENTED_EDGE('',*,*,#4393,.T.);
#7860=ORIENTED_EDGE('',*,*,#5468,.T.);
#7861=ORIENTED_EDGE('',*,*,#5409,.F.);
#7862=ORIENTED_EDGE('',*,*,#5121,.T.);
#7863=ORIENTED_EDGE('',*,*,#5411,.T.);
#7864=ORIENTED_EDGE('',*,*,#5469,.T.);
#7865=ORIENTED_EDGE('',*,*,#4402,.F.);
#7866=ORIENTED_EDGE('',*,*,#5134,.T.);
#7867=ORIENTED_EDGE('',*,*,#4383,.T.);
#7868=ORIENTED_EDGE('',*,*,#5470,.T.);
#7869=ORIENTED_EDGE('',*,*,#5412,.F.);
#7870=ORIENTED_EDGE('',*,*,#5133,.T.);
#7871=ORIENTED_EDGE('',*,*,#5414,.T.);
#7872=ORIENTED_EDGE('',*,*,#5471,.T.);
#7873=ORIENTED_EDGE('',*,*,#4392,.F.);
#7874=ORIENTED_EDGE('',*,*,#5416,.T.);
#7875=ORIENTED_EDGE('',*,*,#5421,.T.);
#7876=ORIENTED_EDGE('',*,*,#5472,.T.);
#7877=ORIENTED_EDGE('',*,*,#5418,.F.);
#7878=ORIENTED_EDGE('',*,*,#5145,.T.);
#7879=ORIENTED_EDGE('',*,*,#5420,.T.);
#7880=ORIENTED_EDGE('',*,*,#5473,.T.);
#7881=ORIENTED_EDGE('',*,*,#4382,.F.);
#7882=ORIENTED_EDGE('',*,*,#4296,.F.);
#7883=ORIENTED_EDGE('',*,*,#5433,.F.);
#7884=ORIENTED_EDGE('',*,*,#5308,.F.);
#7885=ORIENTED_EDGE('',*,*,#5432,.F.);
#7886=ORIENTED_EDGE('',*,*,#4294,.F.);
#7887=ORIENTED_EDGE('',*,*,#5461,.F.);
#7888=ORIENTED_EDGE('',*,*,#5398,.F.);
#7889=ORIENTED_EDGE('',*,*,#5460,.F.);
#7890=ORIENTED_EDGE('',*,*,#4298,.F.);
#7891=ORIENTED_EDGE('',*,*,#5463,.F.);
#7892=ORIENTED_EDGE('',*,*,#5401,.F.);
#7893=ORIENTED_EDGE('',*,*,#5462,.F.);
#7894=ORIENTED_EDGE('',*,*,#4292,.F.);
#7895=ORIENTED_EDGE('',*,*,#5435,.F.);
#7896=ORIENTED_EDGE('',*,*,#5311,.F.);
#7897=ORIENTED_EDGE('',*,*,#5434,.F.);
#7898=ORIENTED_EDGE('',*,*,#4300,.F.);
#7899=ORIENTED_EDGE('',*,*,#5431,.F.);
#7900=ORIENTED_EDGE('',*,*,#5305,.F.);
#7901=ORIENTED_EDGE('',*,*,#5430,.F.);
#7902=ORIENTED_EDGE('',*,*,#4290,.F.);
#7903=ORIENTED_EDGE('',*,*,#5459,.F.);
#7904=ORIENTED_EDGE('',*,*,#5394,.F.);
#7905=ORIENTED_EDGE('',*,*,#5458,.F.);
#7906=ORIENTED_EDGE('',*,*,#4302,.F.);
#7907=ORIENTED_EDGE('',*,*,#5465,.F.);
#7908=ORIENTED_EDGE('',*,*,#5404,.F.);
#7909=ORIENTED_EDGE('',*,*,#5464,.F.);
#7910=ORIENTED_EDGE('',*,*,#4288,.F.);
#7911=ORIENTED_EDGE('',*,*,#5437,.F.);
#7912=ORIENTED_EDGE('',*,*,#5317,.F.);
#7913=ORIENTED_EDGE('',*,*,#5436,.F.);
#7914=ORIENTED_EDGE('',*,*,#4304,.F.);
#7915=ORIENTED_EDGE('',*,*,#5429,.F.);
#7916=ORIENTED_EDGE('',*,*,#5302,.F.);
#7917=ORIENTED_EDGE('',*,*,#5428,.F.);
#7918=ORIENTED_EDGE('',*,*,#4286,.F.);
#7919=ORIENTED_EDGE('',*,*,#5457,.F.);
#7920=ORIENTED_EDGE('',*,*,#5387,.F.);
#7921=ORIENTED_EDGE('',*,*,#5456,.F.);
#7922=ORIENTED_EDGE('',*,*,#4306,.F.);
#7923=ORIENTED_EDGE('',*,*,#5467,.F.);
#7924=ORIENTED_EDGE('',*,*,#5407,.F.);
#7925=ORIENTED_EDGE('',*,*,#5466,.F.);
#7926=ORIENTED_EDGE('',*,*,#4284,.F.);
#7927=ORIENTED_EDGE('',*,*,#5439,.F.);
#7928=ORIENTED_EDGE('',*,*,#5324,.F.);
#7929=ORIENTED_EDGE('',*,*,#5438,.F.);
#7930=ORIENTED_EDGE('',*,*,#4308,.F.);
#7931=ORIENTED_EDGE('',*,*,#5427,.F.);
#7932=ORIENTED_EDGE('',*,*,#5299,.F.);
#7933=ORIENTED_EDGE('',*,*,#5426,.F.);
#7934=ORIENTED_EDGE('',*,*,#4282,.F.);
#7935=ORIENTED_EDGE('',*,*,#5455,.F.);
#7936=ORIENTED_EDGE('',*,*,#5380,.F.);
#7937=ORIENTED_EDGE('',*,*,#5454,.F.);
#7938=ORIENTED_EDGE('',*,*,#4310,.F.);
#7939=ORIENTED_EDGE('',*,*,#5469,.F.);
#7940=ORIENTED_EDGE('',*,*,#5410,.F.);
#7941=ORIENTED_EDGE('',*,*,#5468,.F.);
#7942=ORIENTED_EDGE('',*,*,#4280,.F.);
#7943=ORIENTED_EDGE('',*,*,#5441,.F.);
#7944=ORIENTED_EDGE('',*,*,#5331,.F.);
#7945=ORIENTED_EDGE('',*,*,#5440,.F.);
#7946=ORIENTED_EDGE('',*,*,#4312,.F.);
#7947=ORIENTED_EDGE('',*,*,#5425,.F.);
#7948=ORIENTED_EDGE('',*,*,#5296,.F.);
#7949=ORIENTED_EDGE('',*,*,#5424,.F.);
#7950=ORIENTED_EDGE('',*,*,#4278,.F.);
#7951=ORIENTED_EDGE('',*,*,#5453,.F.);
#7952=ORIENTED_EDGE('',*,*,#5373,.F.);
#7953=ORIENTED_EDGE('',*,*,#5452,.F.);
#7954=ORIENTED_EDGE('',*,*,#4314,.F.);
#7955=ORIENTED_EDGE('',*,*,#5471,.F.);
#7956=ORIENTED_EDGE('',*,*,#5413,.F.);
#7957=ORIENTED_EDGE('',*,*,#5470,.F.);
#7958=ORIENTED_EDGE('',*,*,#4276,.F.);
#7959=ORIENTED_EDGE('',*,*,#5443,.F.);
#7960=ORIENTED_EDGE('',*,*,#5338,.F.);
#7961=ORIENTED_EDGE('',*,*,#5442,.F.);
#7962=ORIENTED_EDGE('',*,*,#4316,.F.);
#7963=ORIENTED_EDGE('',*,*,#5423,.F.);
#7964=ORIENTED_EDGE('',*,*,#5293,.F.);
#7965=ORIENTED_EDGE('',*,*,#5422,.F.);
#7966=ORIENTED_EDGE('',*,*,#4274,.F.);
#7967=ORIENTED_EDGE('',*,*,#5451,.F.);
#7968=ORIENTED_EDGE('',*,*,#5366,.F.);
#7969=ORIENTED_EDGE('',*,*,#5450,.F.);
#7970=ORIENTED_EDGE('',*,*,#4318,.F.);
#7971=ORIENTED_EDGE('',*,*,#5473,.F.);
#7972=ORIENTED_EDGE('',*,*,#5419,.F.);
#7973=ORIENTED_EDGE('',*,*,#5472,.F.);
#7974=ORIENTED_EDGE('',*,*,#4272,.F.);
#7975=ORIENTED_EDGE('',*,*,#5445,.F.);
#7976=ORIENTED_EDGE('',*,*,#5345,.F.);
#7977=ORIENTED_EDGE('',*,*,#5444,.F.);
#7978=ORIENTED_EDGE('',*,*,#4270,.F.);
#7979=ORIENTED_EDGE('',*,*,#5449,.F.);
#7980=ORIENTED_EDGE('',*,*,#5359,.F.);
#7981=ORIENTED_EDGE('',*,*,#5448,.F.);
#7982=ORIENTED_EDGE('',*,*,#4268,.F.);
#7983=ORIENTED_EDGE('',*,*,#5447,.F.);
#7984=ORIENTED_EDGE('',*,*,#5352,.F.);
#7985=ORIENTED_EDGE('',*,*,#5446,.F.);
#7986=CYLINDRICAL_SURFACE('',#8571,0.5);
#7987=CYLINDRICAL_SURFACE('',#8579,1.99999999999999);
#7988=CYLINDRICAL_SURFACE('',#8581,0.5);
#7989=CYLINDRICAL_SURFACE('',#8583,2.);
#7990=CYLINDRICAL_SURFACE('',#8585,0.5);
#7991=CYLINDRICAL_SURFACE('',#8587,2.);
#7992=CYLINDRICAL_SURFACE('',#8589,1.99999999999999);
#7993=CYLINDRICAL_SURFACE('',#8592,0.5);
#7994=CYLINDRICAL_SURFACE('',#8599,1.);
#7995=CYLINDRICAL_SURFACE('',#8629,0.5);
#7996=CYLINDRICAL_SURFACE('',#8636,0.5);
#7997=CYLINDRICAL_SURFACE('',#8642,0.5);
#7998=CYLINDRICAL_SURFACE('',#8648,0.5);
#7999=CYLINDRICAL_SURFACE('',#8653,2.);
#8000=CYLINDRICAL_SURFACE('',#8660,2.);
#8001=CYLINDRICAL_SURFACE('',#8672,0.5);
#8002=CYLINDRICAL_SURFACE('',#8678,0.5);
#8003=CYLINDRICAL_SURFACE('',#8683,0.5);
#8004=CYLINDRICAL_SURFACE('',#8689,0.5);
#8005=CYLINDRICAL_SURFACE('',#8702,0.5);
#8006=CYLINDRICAL_SURFACE('',#8708,0.5);
#8007=CYLINDRICAL_SURFACE('',#8713,0.5);
#8008=CYLINDRICAL_SURFACE('',#8718,0.5);
#8009=CYLINDRICAL_SURFACE('',#8722,2.);
#8010=CYLINDRICAL_SURFACE('',#8725,2.);
#8011=CYLINDRICAL_SURFACE('',#8728,2.);
#8012=CYLINDRICAL_SURFACE('',#8731,0.5);
#8013=CYLINDRICAL_SURFACE('',#8737,2.);
#8014=CYLINDRICAL_SURFACE('',#8743,2.);
#8015=CYLINDRICAL_SURFACE('',#8746,0.5);
#8016=CYLINDRICAL_SURFACE('',#8750,2.);
#8017=CYLINDRICAL_SURFACE('',#8758,2.);
#8018=CYLINDRICAL_SURFACE('',#8759,2.);
#8019=CYLINDRICAL_SURFACE('',#8762,2.);
#8020=CYLINDRICAL_SURFACE('',#8764,1.);
#8021=CYLINDRICAL_SURFACE('',#8767,1.);
#8022=CYLINDRICAL_SURFACE('',#8772,1.);
#8023=CYLINDRICAL_SURFACE('',#8777,1.);
#8024=CYLINDRICAL_SURFACE('',#8781,1.);
#8025=CYLINDRICAL_SURFACE('',#8788,1.);
#8026=CYLINDRICAL_SURFACE('',#8789,1.);
#8027=CYLINDRICAL_SURFACE('',#8796,1.);
#8028=CYLINDRICAL_SURFACE('',#8801,1.);
#8029=CYLINDRICAL_SURFACE('',#8805,2.);
#8030=CYLINDRICAL_SURFACE('',#8813,2.);
#8031=CYLINDRICAL_SURFACE('',#8815,2.);
#8032=CYLINDRICAL_SURFACE('',#8829,2.);
#8033=CYLINDRICAL_SURFACE('',#8832,2.);
#8034=CYLINDRICAL_SURFACE('',#8834,2.);
#8035=CYLINDRICAL_SURFACE('',#8836,2.);
#8036=CYLINDRICAL_SURFACE('',#8839,2.);
#8037=CYLINDRICAL_SURFACE('',#8841,2.);
#8038=CYLINDRICAL_SURFACE('',#8844,2.);
#8039=CYLINDRICAL_SURFACE('',#8851,2.);
#8040=CYLINDRICAL_SURFACE('',#8857,1.);
#8041=CYLINDRICAL_SURFACE('',#8860,1.);
#8042=CYLINDRICAL_SURFACE('',#8875,1.);
#8043=CYLINDRICAL_SURFACE('',#8881,1.);
#8044=CYLINDRICAL_SURFACE('',#8886,2.);
#8045=CYLINDRICAL_SURFACE('',#8888,2.);
#8046=CYLINDRICAL_SURFACE('',#8897,2.);
#8047=CYLINDRICAL_SURFACE('',#8904,1.);
#8048=CYLINDRICAL_SURFACE('',#8918,1.);
#8049=CYLINDRICAL_SURFACE('',#8923,2.);
#8050=CYLINDRICAL_SURFACE('',#8926,2.);
#8051=CYLINDRICAL_SURFACE('',#8928,2.);
#8052=CYLINDRICAL_SURFACE('',#8933,2.);
#8053=CYLINDRICAL_SURFACE('',#8936,2.);
#8054=CYLINDRICAL_SURFACE('',#8938,2.);
#8055=CYLINDRICAL_SURFACE('',#8939,2.);
#8056=CYLINDRICAL_SURFACE('',#8943,2.);
#8057=CYLINDRICAL_SURFACE('',#8945,2.);
#8058=CYLINDRICAL_SURFACE('',#8946,2.);
#8059=CYLINDRICAL_SURFACE('',#8949,2.);
#8060=CYLINDRICAL_SURFACE('',#8952,2.);
#8061=CYLINDRICAL_SURFACE('',#8955,2.);
#8062=CYLINDRICAL_SURFACE('',#8965,2.);
#8063=CYLINDRICAL_SURFACE('',#8966,2.);
#8064=CYLINDRICAL_SURFACE('',#8968,2.);
#8065=CYLINDRICAL_SURFACE('',#8969,2.);
#8066=CYLINDRICAL_SURFACE('',#8981,2.);
#8067=CYLINDRICAL_SURFACE('',#8983,2.);
#8068=CYLINDRICAL_SURFACE('',#8984,2.);
#8069=CYLINDRICAL_SURFACE('',#8986,2.);
#8070=CYLINDRICAL_SURFACE('',#8991,2.);
#8071=CYLINDRICAL_SURFACE('',#8995,2.);
#8072=CYLINDRICAL_SURFACE('',#8996,2.);
#8073=CYLINDRICAL_SURFACE('',#8999,2.);
#8074=CYLINDRICAL_SURFACE('',#9000,2.);
#8075=CYLINDRICAL_SURFACE('',#9001,2.);
#8076=CYLINDRICAL_SURFACE('',#9004,2.);
#8077=CYLINDRICAL_SURFACE('',#9008,2.);
#8078=CYLINDRICAL_SURFACE('',#9010,2.);
#8079=CYLINDRICAL_SURFACE('',#9011,2.);
#8080=CYLINDRICAL_SURFACE('',#9013,2.);
#8081=CYLINDRICAL_SURFACE('',#9015,2.);
#8082=CYLINDRICAL_SURFACE('',#9123,0.6);
#8083=CYLINDRICAL_SURFACE('',#9125,0.6);
#8084=CYLINDRICAL_SURFACE('',#9129,0.6);
#8085=CYLINDRICAL_SURFACE('',#9130,0.6);
#8086=CYLINDRICAL_SURFACE('',#9134,0.6);
#8087=CYLINDRICAL_SURFACE('',#9136,0.6);
#8088=CYLINDRICAL_SURFACE('',#9137,0.6);
#8089=CYLINDRICAL_SURFACE('',#9147,0.6);
#8090=CYLINDRICAL_SURFACE('',#9155,0.6);
#8091=CYLINDRICAL_SURFACE('',#9156,0.6);
#8092=CYLINDRICAL_SURFACE('',#9158,0.6);
#8093=CYLINDRICAL_SURFACE('',#9160,0.6);
#8094=CYLINDRICAL_SURFACE('',#9162,9.49999999999999);
#8095=CYLINDRICAL_SURFACE('',#9183,1.99999999999999);
#8096=CYLINDRICAL_SURFACE('',#9187,1.25);
#8097=CYLINDRICAL_SURFACE('',#9188,1.25);
#8098=CYLINDRICAL_SURFACE('',#9197,1.99999999999999);
#8099=CYLINDRICAL_SURFACE('',#9201,1.25);
#8100=CYLINDRICAL_SURFACE('',#9202,1.25);
#8101=ADVANCED_FACE('',(#516),#7986,.T.);
#8102=ADVANCED_FACE('',(#517),#228,.F.);
#8103=ADVANCED_FACE('',(#518),#7987,.F.);
#8104=ADVANCED_FACE('',(#519),#7988,.T.);
#8105=ADVANCED_FACE('',(#520),#7989,.F.);
#8106=ADVANCED_FACE('',(#521),#7990,.T.);
#8107=ADVANCED_FACE('',(#522),#7991,.F.);
#8108=ADVANCED_FACE('',(#523),#7992,.F.);
#8109=ADVANCED_FACE('',(#524),#7993,.T.);
#8110=ADVANCED_FACE('',(#525),#229,.T.);
#8111=ADVANCED_FACE('',(#526),#7994,.F.);
#8112=ADVANCED_FACE('',(#527),#230,.T.);
#8113=ADVANCED_FACE('',(#528),#231,.T.);
#8114=ADVANCED_FACE('',(#529),#232,.T.);
#8115=ADVANCED_FACE('',(#530),#233,.T.);
#8116=ADVANCED_FACE('',(#531),#234,.T.);
#8117=ADVANCED_FACE('',(#532),#235,.T.);
#8118=ADVANCED_FACE('',(#533),#236,.T.);
#8119=ADVANCED_FACE('',(#534),#237,.T.);
#8120=ADVANCED_FACE('',(#535),#238,.T.);
#8121=ADVANCED_FACE('',(#536),#239,.T.);
#8122=ADVANCED_FACE('',(#537),#240,.T.);
#8123=ADVANCED_FACE('',(#538),#241,.T.);
#8124=ADVANCED_FACE('',(#539),#242,.T.);
#8125=ADVANCED_FACE('',(#540),#243,.T.);
#8126=ADVANCED_FACE('',(#541),#244,.T.);
#8127=ADVANCED_FACE('',(#542),#245,.T.);
#8128=ADVANCED_FACE('',(#543),#246,.T.);
#8129=ADVANCED_FACE('',(#544),#247,.T.);
#8130=ADVANCED_FACE('',(#545),#248,.T.);
#8131=ADVANCED_FACE('',(#546),#249,.T.);
#8132=ADVANCED_FACE('',(#547),#250,.T.);
#8133=ADVANCED_FACE('',(#548),#251,.T.);
#8134=ADVANCED_FACE('',(#549),#252,.T.);
#8135=ADVANCED_FACE('',(#550),#253,.T.);
#8136=ADVANCED_FACE('',(#551),#254,.T.);
#8137=ADVANCED_FACE('',(#552),#255,.T.);
#8138=ADVANCED_FACE('',(#553),#256,.T.);
#8139=ADVANCED_FACE('',(#554),#7995,.T.);
#8140=ADVANCED_FACE('',(#555),#49,.T.);
#8141=ADVANCED_FACE('',(#556),#7996,.T.);
#8142=ADVANCED_FACE('',(#557),#50,.T.);
#8143=ADVANCED_FACE('',(#558),#7997,.T.);
#8144=ADVANCED_FACE('',(#559),#51,.T.);
#8145=ADVANCED_FACE('',(#560),#7998,.T.);
#8146=ADVANCED_FACE('',(#561),#52,.T.);
#8147=ADVANCED_FACE('',(#562),#7999,.T.);
#8148=ADVANCED_FACE('',(#563,#35),#257,.T.);
#8149=ADVANCED_FACE('',(#564),#8000,.T.);
#8150=ADVANCED_FACE('',(#565),#258,.T.);
#8151=ADVANCED_FACE('',(#566,#36,#37),#259,.F.);
#8152=ADVANCED_FACE('',(#567),#8001,.T.);
#8153=ADVANCED_FACE('',(#568),#53,.T.);
#8154=ADVANCED_FACE('',(#569),#8002,.T.);
#8155=ADVANCED_FACE('',(#570),#54,.T.);
#8156=ADVANCED_FACE('',(#571),#8003,.T.);
#8157=ADVANCED_FACE('',(#572),#55,.T.);
#8158=ADVANCED_FACE('',(#573),#8004,.T.);
#8159=ADVANCED_FACE('',(#574),#260,.T.);
#8160=ADVANCED_FACE('',(#575,#38),#261,.T.);
#8161=ADVANCED_FACE('',(#576),#8005,.T.);
#8162=ADVANCED_FACE('',(#577),#56,.T.);
#8163=ADVANCED_FACE('',(#578),#8006,.T.);
#8164=ADVANCED_FACE('',(#579),#57,.T.);
#8165=ADVANCED_FACE('',(#580),#8007,.T.);
#8166=ADVANCED_FACE('',(#581),#58,.T.);
#8167=ADVANCED_FACE('',(#582),#8008,.T.);
#8168=ADVANCED_FACE('',(#583),#59,.T.);
#8169=ADVANCED_FACE('',(#584),#8009,.F.);
#8170=ADVANCED_FACE('',(#585),#262,.F.);
#8171=ADVANCED_FACE('',(#586),#8010,.F.);
#8172=ADVANCED_FACE('',(#587),#263,.T.);
#8173=ADVANCED_FACE('',(#588),#8011,.T.);
#8174=ADVANCED_FACE('',(#589),#264,.F.);
#8175=ADVANCED_FACE('',(#590),#8012,.T.);
#8176=ADVANCED_FACE('',(#591),#15,.F.);
#8177=ADVANCED_FACE('',(#592),#60,.T.);
#8178=ADVANCED_FACE('',(#593),#8013,.T.);
#8179=ADVANCED_FACE('',(#594),#61,.T.);
#8180=ADVANCED_FACE('',(#595),#16,.F.);
#8181=ADVANCED_FACE('',(#596),#8014,.T.);
#8182=ADVANCED_FACE('',(#597),#265,.T.);
#8183=ADVANCED_FACE('',(#598),#8015,.T.);
#8184=ADVANCED_FACE('',(#599),#62,.F.);
#8185=ADVANCED_FACE('',(#600),#8016,.F.);
#8186=ADVANCED_FACE('',(#601),#266,.F.);
#8187=ADVANCED_FACE('',(#602),#267,.T.);
#8188=ADVANCED_FACE('',(#603),#8017,.T.);
#8189=ADVANCED_FACE('',(#604),#8018,.T.);
#8190=ADVANCED_FACE('',(#605),#8019,.T.);
#8191=ADVANCED_FACE('',(#606),#8020,.T.);
#8192=ADVANCED_FACE('',(#607),#268,.T.);
#8193=ADVANCED_FACE('',(#608),#8021,.T.);
#8194=ADVANCED_FACE('',(#609),#17,.F.);
#8195=ADVANCED_FACE('',(#610),#8022,.T.);
#8196=ADVANCED_FACE('',(#611),#63,.T.);
#8197=ADVANCED_FACE('',(#612),#8023,.T.);
#8198=ADVANCED_FACE('',(#613),#64,.T.);
#8199=ADVANCED_FACE('',(#614),#8024,.T.);
#8200=ADVANCED_FACE('',(#615),#65,.T.);
#8201=ADVANCED_FACE('',(#616),#18,.F.);
#8202=ADVANCED_FACE('',(#617),#8025,.T.);
#8203=ADVANCED_FACE('',(#618),#8026,.T.);
#8204=ADVANCED_FACE('',(#619),#66,.T.);
#8205=ADVANCED_FACE('',(#620),#67,.T.);
#8206=ADVANCED_FACE('',(#621),#8027,.T.);
#8207=ADVANCED_FACE('',(#622),#68,.T.);
#8208=ADVANCED_FACE('',(#623),#8028,.T.);
#8209=ADVANCED_FACE('',(#624),#269,.F.);
#8210=ADVANCED_FACE('',(#625),#8029,.F.);
#8211=ADVANCED_FACE('',(#626),#69,.T.);
#8212=ADVANCED_FACE('',(#627),#70,.T.);
#8213=ADVANCED_FACE('',(#628),#8030,.F.);
#8214=ADVANCED_FACE('',(#629),#8031,.F.);
#8215=ADVANCED_FACE('',(#630),#71,.F.);
#8216=ADVANCED_FACE('',(#631),#19,.T.);
#8217=ADVANCED_FACE('',(#632),#20,.T.);
#8218=ADVANCED_FACE('',(#633,#39),#270,.T.);
#8219=ADVANCED_FACE('',(#634),#8032,.T.);
#8220=ADVANCED_FACE('',(#635),#8033,.T.);
#8221=ADVANCED_FACE('',(#636),#8034,.F.);
#8222=ADVANCED_FACE('',(#637),#271,.F.);
#8223=ADVANCED_FACE('',(#638),#8035,.F.);
#8224=ADVANCED_FACE('',(#639),#8036,.F.);
#8225=ADVANCED_FACE('',(#640),#8037,.F.);
#8226=ADVANCED_FACE('',(#641),#272,.F.);
#8227=ADVANCED_FACE('',(#642),#8038,.F.);
#8228=ADVANCED_FACE('',(#643),#273,.T.);
#8229=ADVANCED_FACE('',(#644),#274,.T.);
#8230=ADVANCED_FACE('',(#645),#8039,.F.);
#8231=ADVANCED_FACE('',(#646),#21,.T.);
#8232=ADVANCED_FACE('',(#647),#22,.T.);
#8233=ADVANCED_FACE('',(#648),#8040,.F.);
#8234=ADVANCED_FACE('',(#649),#275,.F.);
#8235=ADVANCED_FACE('',(#650),#23,.F.);
#8236=ADVANCED_FACE('',(#651),#8041,.T.);
#8237=ADVANCED_FACE('',(#652),#72,.T.);
#8238=ADVANCED_FACE('',(#653),#73,.T.);
#8239=ADVANCED_FACE('',(#654),#24,.F.);
#8240=ADVANCED_FACE('',(#655),#74,.T.);
#8241=ADVANCED_FACE('',(#656),#8042,.T.);
#8242=ADVANCED_FACE('',(#657),#75,.T.);
#8243=ADVANCED_FACE('',(#658),#8043,.T.);
#8244=ADVANCED_FACE('',(#659),#25,.F.);
#8245=ADVANCED_FACE('',(#660),#276,.F.);
#8246=ADVANCED_FACE('',(#661),#8044,.F.);
#8247=ADVANCED_FACE('',(#662),#8045,.F.);
#8248=ADVANCED_FACE('',(#663),#277,.T.);
#8249=ADVANCED_FACE('',(#664),#8046,.F.);
#8250=ADVANCED_FACE('',(#665),#278,.T.);
#8251=ADVANCED_FACE('',(#666),#26,.F.);
#8252=ADVANCED_FACE('',(#667),#8047,.T.);
#8253=ADVANCED_FACE('',(#668),#76,.T.);
#8254=ADVANCED_FACE('',(#669),#77,.T.);
#8255=ADVANCED_FACE('',(#670),#27,.F.);
#8256=ADVANCED_FACE('',(#671),#78,.T.);
#8257=ADVANCED_FACE('',(#672),#8048,.T.);
#8258=ADVANCED_FACE('',(#673),#79,.T.);
#8259=ADVANCED_FACE('',(#674),#8049,.F.);
#8260=ADVANCED_FACE('',(#675),#279,.F.);
#8261=ADVANCED_FACE('',(#676),#8050,.F.);
#8262=ADVANCED_FACE('',(#677),#8051,.F.);
#8263=ADVANCED_FACE('',(#678),#28,.F.);
#8264=ADVANCED_FACE('',(#679),#29,.F.);
#8265=ADVANCED_FACE('',(#680),#8052,.T.);
#8266=ADVANCED_FACE('',(#681),#30,.F.);
#8267=ADVANCED_FACE('',(#682),#8053,.F.);
#8268=ADVANCED_FACE('',(#683),#8054,.F.);
#8269=ADVANCED_FACE('',(#684),#8055,.T.);
#8270=ADVANCED_FACE('',(#685),#280,.F.);
#8271=ADVANCED_FACE('',(#686),#8056,.F.);
#8272=ADVANCED_FACE('',(#687),#281,.F.);
#8273=ADVANCED_FACE('',(#688),#8057,.F.);
#8274=ADVANCED_FACE('',(#689),#8058,.F.);
#8275=ADVANCED_FACE('',(#690),#282,.F.);
#8276=ADVANCED_FACE('',(#691),#8059,.F.);
#8277=ADVANCED_FACE('',(#692),#283,.F.);
#8278=ADVANCED_FACE('',(#693),#8060,.F.);
#8279=ADVANCED_FACE('',(#694),#284,.F.);
#8280=ADVANCED_FACE('',(#695),#8061,.T.);
#8281=ADVANCED_FACE('',(#696),#31,.F.);
#8282=ADVANCED_FACE('',(#697),#80,.F.);
#8283=ADVANCED_FACE('',(#698),#8062,.F.);
#8284=ADVANCED_FACE('',(#699),#8063,.F.);
#8285=ADVANCED_FACE('',(#700),#32,.T.);
#8286=ADVANCED_FACE('',(#701),#8064,.T.);
#8287=ADVANCED_FACE('',(#702),#8065,.F.);
#8288=ADVANCED_FACE('',(#703),#285,.F.);
#8289=ADVANCED_FACE('',(#704),#81,.T.);
#8290=ADVANCED_FACE('',(#705,#40,#41,#42,#43,#44),#286,.T.);
#8291=ADVANCED_FACE('',(#706),#8066,.T.);
#8292=ADVANCED_FACE('',(#707),#287,.F.);
#8293=ADVANCED_FACE('',(#708),#8067,.T.);
#8294=ADVANCED_FACE('',(#709),#8068,.F.);
#8295=ADVANCED_FACE('',(#710),#288,.F.);
#8296=ADVANCED_FACE('',(#711),#8069,.T.);
#8297=ADVANCED_FACE('',(#712),#33,.F.);
#8298=ADVANCED_FACE('',(#713),#289,.F.);
#8299=ADVANCED_FACE('',(#714),#8070,.T.);
#8300=ADVANCED_FACE('',(#715),#290,.F.);
#8301=ADVANCED_FACE('',(#716),#34,.F.);
#8302=ADVANCED_FACE('',(#717),#8071,.T.);
#8303=ADVANCED_FACE('',(#718),#8072,.F.);
#8304=ADVANCED_FACE('',(#719),#291,.T.);
#8305=ADVANCED_FACE('',(#720),#8073,.F.);
#8306=ADVANCED_FACE('',(#721),#8074,.F.);
#8307=ADVANCED_FACE('',(#722),#8075,.F.);
#8308=ADVANCED_FACE('',(#723),#292,.F.);
#8309=ADVANCED_FACE('',(#724),#8076,.F.);
#8310=ADVANCED_FACE('',(#725),#293,.F.);
#8311=ADVANCED_FACE('',(#726),#8077,.F.);
#8312=ADVANCED_FACE('',(#727),#294,.T.);
#8313=ADVANCED_FACE('',(#728),#8078,.T.);
#8314=ADVANCED_FACE('',(#729),#8079,.F.);
#8315=ADVANCED_FACE('',(#730),#295,.F.);
#8316=ADVANCED_FACE('',(#731),#8080,.F.);
#8317=ADVANCED_FACE('',(#732),#8081,.T.);
#8318=ADVANCED_FACE('',(#733),#296,.T.);
#8319=ADVANCED_FACE('',(#734),#297,.T.);
#8320=ADVANCED_FACE('',(#735),#298,.T.);
#8321=ADVANCED_FACE('',(#736),#299,.T.);
#8322=ADVANCED_FACE('',(#737),#300,.T.);
#8323=ADVANCED_FACE('',(#738),#301,.T.);
#8324=ADVANCED_FACE('',(#739),#302,.T.);
#8325=ADVANCED_FACE('',(#740),#303,.T.);
#8326=ADVANCED_FACE('',(#741),#304,.T.);
#8327=ADVANCED_FACE('',(#742),#305,.T.);
#8328=ADVANCED_FACE('',(#743),#306,.T.);
#8329=ADVANCED_FACE('',(#744),#307,.T.);
#8330=ADVANCED_FACE('',(#745),#308,.T.);
#8331=ADVANCED_FACE('',(#746),#309,.T.);
#8332=ADVANCED_FACE('',(#747),#310,.T.);
#8333=ADVANCED_FACE('',(#748),#311,.T.);
#8334=ADVANCED_FACE('',(#749),#312,.T.);
#8335=ADVANCED_FACE('',(#750),#313,.T.);
#8336=ADVANCED_FACE('',(#751),#314,.T.);
#8337=ADVANCED_FACE('',(#752),#315,.T.);
#8338=ADVANCED_FACE('',(#753),#316,.T.);
#8339=ADVANCED_FACE('',(#754),#317,.T.);
#8340=ADVANCED_FACE('',(#755),#318,.T.);
#8341=ADVANCED_FACE('',(#756),#319,.T.);
#8342=ADVANCED_FACE('',(#757),#320,.T.);
#8343=ADVANCED_FACE('',(#758),#321,.T.);
#8344=ADVANCED_FACE('',(#759),#322,.T.);
#8345=ADVANCED_FACE('',(#760),#323,.T.);
#8346=ADVANCED_FACE('',(#761),#324,.T.);
#8347=ADVANCED_FACE('',(#762),#325,.T.);
#8348=ADVANCED_FACE('',(#763),#326,.T.);
#8349=ADVANCED_FACE('',(#764),#327,.T.);
#8350=ADVANCED_FACE('',(#765),#328,.T.);
#8351=ADVANCED_FACE('',(#766),#329,.T.);
#8352=ADVANCED_FACE('',(#767),#330,.T.);
#8353=ADVANCED_FACE('',(#768),#331,.T.);
#8354=ADVANCED_FACE('',(#769),#332,.T.);
#8355=ADVANCED_FACE('',(#770),#333,.T.);
#8356=ADVANCED_FACE('',(#771),#334,.T.);
#8357=ADVANCED_FACE('',(#772),#335,.T.);
#8358=ADVANCED_FACE('',(#773),#336,.T.);
#8359=ADVANCED_FACE('',(#774),#337,.T.);
#8360=ADVANCED_FACE('',(#775),#338,.T.);
#8361=ADVANCED_FACE('',(#776),#339,.T.);
#8362=ADVANCED_FACE('',(#777),#340,.T.);
#8363=ADVANCED_FACE('',(#778),#341,.T.);
#8364=ADVANCED_FACE('',(#779),#342,.T.);
#8365=ADVANCED_FACE('',(#780),#343,.T.);
#8366=ADVANCED_FACE('',(#781),#344,.T.);
#8367=ADVANCED_FACE('',(#782),#345,.T.);
#8368=ADVANCED_FACE('',(#783),#346,.T.);
#8369=ADVANCED_FACE('',(#784),#347,.T.);
#8370=ADVANCED_FACE('',(#785),#348,.T.);
#8371=ADVANCED_FACE('',(#786),#8082,.F.);
#8372=ADVANCED_FACE('',(#787),#349,.F.);
#8373=ADVANCED_FACE('',(#788),#8083,.F.);
#8374=ADVANCED_FACE('',(#789),#350,.F.);
#8375=ADVANCED_FACE('',(#790),#8084,.T.);
#8376=ADVANCED_FACE('',(#791),#8085,.F.);
#8377=ADVANCED_FACE('',(#792),#351,.T.);
#8378=ADVANCED_FACE('',(#793),#8086,.F.);
#8379=ADVANCED_FACE('',(#794),#352,.T.);
#8380=ADVANCED_FACE('',(#795),#8087,.T.);
#8381=ADVANCED_FACE('',(#796),#8088,.T.);
#8382=ADVANCED_FACE('',(#797),#353,.T.);
#8383=ADVANCED_FACE('',(#798),#354,.T.);
#8384=ADVANCED_FACE('',(#799),#8089,.T.);
#8385=ADVANCED_FACE('',(#800),#355,.T.);
#8386=ADVANCED_FACE('',(#801),#356,.T.);
#8387=ADVANCED_FACE('',(#802),#8090,.F.);
#8388=ADVANCED_FACE('',(#803),#8091,.F.);
#8389=ADVANCED_FACE('',(#804),#357,.T.);
#8390=ADVANCED_FACE('',(#805),#8092,.F.);
#8391=ADVANCED_FACE('',(#806),#358,.T.);
#8392=ADVANCED_FACE('',(#807),#8093,.T.);
#8393=ADVANCED_FACE('',(#808),#359,.T.);
#8394=ADVANCED_FACE('',(#809),#8094,.F.);
#8395=ADVANCED_FACE('',(#810),#360,.T.);
#8396=ADVANCED_FACE('',(#811),#361,.F.);
#8397=ADVANCED_FACE('',(#812),#362,.F.);
#8398=ADVANCED_FACE('',(#813),#363,.T.);
#8399=ADVANCED_FACE('',(#814),#364,.T.);
#8400=ADVANCED_FACE('',(#815),#365,.T.);
#8401=ADVANCED_FACE('',(#816),#366,.T.);
#8402=ADVANCED_FACE('',(#817),#367,.T.);
#8403=ADVANCED_FACE('',(#818),#368,.T.);
#8404=ADVANCED_FACE('',(#819),#369,.T.);
#8405=ADVANCED_FACE('',(#820),#370,.T.);
#8406=ADVANCED_FACE('',(#821),#371,.T.);
#8407=ADVANCED_FACE('',(#822),#372,.T.);
#8408=ADVANCED_FACE('',(#823,#45),#373,.T.);
#8409=ADVANCED_FACE('',(#824),#8095,.F.);
#8410=ADVANCED_FACE('',(#825,#46),#374,.T.);
#8411=ADVANCED_FACE('',(#826),#8096,.F.);
#8412=ADVANCED_FACE('',(#827),#8097,.F.);
#8413=ADVANCED_FACE('',(#828),#375,.F.);
#8414=ADVANCED_FACE('',(#829),#376,.F.);
#8415=ADVANCED_FACE('',(#830),#377,.F.);
#8416=ADVANCED_FACE('',(#831),#378,.F.);
#8417=ADVANCED_FACE('',(#832),#379,.F.);
#8418=ADVANCED_FACE('',(#833),#380,.F.);
#8419=ADVANCED_FACE('',(#834,#47),#381,.F.);
#8420=ADVANCED_FACE('',(#835),#8098,.F.);
#8421=ADVANCED_FACE('',(#836,#48),#382,.F.);
#8422=ADVANCED_FACE('',(#837),#8099,.F.);
#8423=ADVANCED_FACE('',(#838),#8100,.F.);
#8424=ADVANCED_FACE('',(#839),#383,.T.);
#8425=ADVANCED_FACE('',(#840),#384,.T.);
#8426=ADVANCED_FACE('',(#841),#385,.T.);
#8427=ADVANCED_FACE('',(#842),#386,.T.);
#8428=ADVANCED_FACE('',(#843),#387,.T.);
#8429=ADVANCED_FACE('',(#844),#388,.T.);
#8430=ADVANCED_FACE('',(#845),#389,.T.);
#8431=ADVANCED_FACE('',(#846),#390,.T.);
#8432=ADVANCED_FACE('',(#847),#391,.T.);
#8433=ADVANCED_FACE('',(#848),#392,.T.);
#8434=ADVANCED_FACE('',(#849),#393,.T.);
#8435=ADVANCED_FACE('',(#850),#394,.T.);
#8436=ADVANCED_FACE('',(#851),#395,.T.);
#8437=ADVANCED_FACE('',(#852),#396,.T.);
#8438=ADVANCED_FACE('',(#853),#397,.T.);
#8439=ADVANCED_FACE('',(#854),#398,.T.);
#8440=ADVANCED_FACE('',(#855),#399,.T.);
#8441=ADVANCED_FACE('',(#856),#400,.T.);
#8442=ADVANCED_FACE('',(#857),#401,.T.);
#8443=ADVANCED_FACE('',(#858),#402,.T.);
#8444=ADVANCED_FACE('',(#859),#403,.T.);
#8445=ADVANCED_FACE('',(#860),#404,.T.);
#8446=ADVANCED_FACE('',(#861),#405,.T.);
#8447=ADVANCED_FACE('',(#862),#406,.T.);
#8448=ADVANCED_FACE('',(#863),#407,.T.);
#8449=ADVANCED_FACE('',(#864),#408,.T.);
#8450=ADVANCED_FACE('',(#865),#409,.T.);
#8451=ADVANCED_FACE('',(#866),#410,.T.);
#8452=ADVANCED_FACE('',(#867),#411,.T.);
#8453=ADVANCED_FACE('',(#868),#412,.T.);
#8454=ADVANCED_FACE('',(#869),#413,.T.);
#8455=ADVANCED_FACE('',(#870),#414,.T.);
#8456=ADVANCED_FACE('',(#871),#415,.T.);
#8457=ADVANCED_FACE('',(#872),#416,.T.);
#8458=ADVANCED_FACE('',(#873),#417,.T.);
#8459=ADVANCED_FACE('',(#874),#418,.T.);
#8460=ADVANCED_FACE('',(#875),#419,.T.);
#8461=ADVANCED_FACE('',(#876),#420,.T.);
#8462=ADVANCED_FACE('',(#877),#421,.T.);
#8463=ADVANCED_FACE('',(#878),#422,.T.);
#8464=ADVANCED_FACE('',(#879),#423,.T.);
#8465=ADVANCED_FACE('',(#880),#424,.T.);
#8466=ADVANCED_FACE('',(#881),#425,.T.);
#8467=ADVANCED_FACE('',(#882),#426,.T.);
#8468=ADVANCED_FACE('',(#883),#427,.T.);
#8469=ADVANCED_FACE('',(#884),#428,.T.);
#8470=ADVANCED_FACE('',(#885),#429,.T.);
#8471=ADVANCED_FACE('',(#886),#430,.T.);
#8472=ADVANCED_FACE('',(#887),#431,.T.);
#8473=ADVANCED_FACE('',(#888),#432,.T.);
#8474=ADVANCED_FACE('',(#889),#433,.T.);
#8475=ADVANCED_FACE('',(#890),#434,.T.);
#8476=ADVANCED_FACE('',(#891),#435,.T.);
#8477=ADVANCED_FACE('',(#892),#436,.T.);
#8478=ADVANCED_FACE('',(#893),#437,.T.);
#8479=ADVANCED_FACE('',(#894),#438,.F.);
#8480=ADVANCED_FACE('',(#895),#439,.F.);
#8481=ADVANCED_FACE('',(#896),#440,.F.);
#8482=ADVANCED_FACE('',(#897),#441,.F.);
#8483=ADVANCED_FACE('',(#898),#442,.F.);
#8484=ADVANCED_FACE('',(#899),#443,.F.);
#8485=ADVANCED_FACE('',(#900),#444,.F.);
#8486=ADVANCED_FACE('',(#901),#445,.F.);
#8487=ADVANCED_FACE('',(#902),#446,.F.);
#8488=ADVANCED_FACE('',(#903),#447,.F.);
#8489=ADVANCED_FACE('',(#904),#448,.F.);
#8490=ADVANCED_FACE('',(#905),#449,.F.);
#8491=ADVANCED_FACE('',(#906),#450,.F.);
#8492=ADVANCED_FACE('',(#907),#451,.F.);
#8493=ADVANCED_FACE('',(#908),#452,.F.);
#8494=ADVANCED_FACE('',(#909),#453,.F.);
#8495=ADVANCED_FACE('',(#910),#454,.F.);
#8496=ADVANCED_FACE('',(#911),#455,.F.);
#8497=ADVANCED_FACE('',(#912),#456,.F.);
#8498=ADVANCED_FACE('',(#913),#457,.F.);
#8499=ADVANCED_FACE('',(#914),#458,.F.);
#8500=ADVANCED_FACE('',(#915),#459,.F.);
#8501=ADVANCED_FACE('',(#916),#460,.F.);
#8502=ADVANCED_FACE('',(#917),#461,.F.);
#8503=ADVANCED_FACE('',(#918),#462,.F.);
#8504=ADVANCED_FACE('',(#919),#463,.F.);
#8505=ADVANCED_FACE('',(#920),#464,.F.);
#8506=ADVANCED_FACE('',(#921),#465,.F.);
#8507=ADVANCED_FACE('',(#922),#466,.F.);
#8508=ADVANCED_FACE('',(#923),#467,.F.);
#8509=ADVANCED_FACE('',(#924),#468,.F.);
#8510=ADVANCED_FACE('',(#925),#469,.F.);
#8511=ADVANCED_FACE('',(#926),#470,.F.);
#8512=ADVANCED_FACE('',(#927),#471,.F.);
#8513=ADVANCED_FACE('',(#928),#472,.F.);
#8514=ADVANCED_FACE('',(#929),#473,.F.);
#8515=ADVANCED_FACE('',(#930),#474,.F.);
#8516=ADVANCED_FACE('',(#931),#475,.F.);
#8517=ADVANCED_FACE('',(#932),#476,.F.);
#8518=ADVANCED_FACE('',(#933),#477,.F.);
#8519=ADVANCED_FACE('',(#934),#478,.F.);
#8520=ADVANCED_FACE('',(#935),#479,.F.);
#8521=ADVANCED_FACE('',(#936),#480,.F.);
#8522=ADVANCED_FACE('',(#937),#481,.F.);
#8523=ADVANCED_FACE('',(#938),#482,.F.);
#8524=ADVANCED_FACE('',(#939),#483,.F.);
#8525=ADVANCED_FACE('',(#940),#484,.F.);
#8526=ADVANCED_FACE('',(#941),#485,.F.);
#8527=ADVANCED_FACE('',(#942),#486,.F.);
#8528=ADVANCED_FACE('',(#943),#487,.F.);
#8529=ADVANCED_FACE('',(#944),#488,.F.);
#8530=ADVANCED_FACE('',(#945),#489,.F.);
#8531=ADVANCED_FACE('',(#946),#490,.F.);
#8532=ADVANCED_FACE('',(#947),#491,.F.);
#8533=ADVANCED_FACE('',(#948),#492,.F.);
#8534=ADVANCED_FACE('',(#949),#493,.F.);
#8535=ADVANCED_FACE('',(#950),#494,.F.);
#8536=ADVANCED_FACE('',(#951),#495,.F.);
#8537=ADVANCED_FACE('',(#952),#496,.F.);
#8538=ADVANCED_FACE('',(#953),#497,.F.);
#8539=ADVANCED_FACE('',(#954),#498,.F.);
#8540=ADVANCED_FACE('',(#955),#499,.F.);
#8541=ADVANCED_FACE('',(#956),#500,.F.);
#8542=ADVANCED_FACE('',(#957),#501,.F.);
#8543=ADVANCED_FACE('',(#958),#502,.F.);
#8544=ADVANCED_FACE('',(#959),#503,.F.);
#8545=ADVANCED_FACE('',(#960),#504,.F.);
#8546=ADVANCED_FACE('',(#961),#505,.F.);
#8547=ADVANCED_FACE('',(#962),#506,.F.);
#8548=ADVANCED_FACE('',(#963),#507,.F.);
#8549=ADVANCED_FACE('',(#964),#508,.F.);
#8550=ADVANCED_FACE('',(#965),#509,.F.);
#8551=ADVANCED_FACE('',(#966),#510,.F.);
#8552=ADVANCED_FACE('',(#967),#511,.F.);
#8553=ADVANCED_FACE('',(#968),#512,.F.);
#8554=ADVANCED_FACE('',(#969),#513,.F.);
#8555=ADVANCED_FACE('',(#970),#514,.F.);
#8556=ADVANCED_FACE('',(#971),#515,.F.);
#8557=CLOSED_SHELL('',(#8101,#8102,#8103,#8104,#8105,#8106,#8107,#8108,
#8109,#8110,#8111,#8112,#8113,#8114,#8115,#8116,#8117,#8118,#8119,#8120,
#8121,#8122,#8123,#8124,#8125,#8126,#8127,#8128,#8129,#8130,#8131,#8132,
#8133,#8134,#8135,#8136,#8137,#8138,#8139,#8140,#8141,#8142,#8143,#8144,
#8145,#8146,#8147,#8148,#8149,#8150,#8151,#8152,#8153,#8154,#8155,#8156,
#8157,#8158,#8159,#8160,#8161,#8162,#8163,#8164,#8165,#8166,#8167,#8168,
#8169,#8170,#8171,#8172,#8173,#8174,#8175,#8176,#8177,#8178,#8179,#8180,
#8181,#8182,#8183,#8184,#8185,#8186,#8187,#8188,#8189,#8190,#8191,#8192,
#8193,#8194,#8195,#8196,#8197,#8198,#8199,#8200,#8201,#8202,#8203,#8204,
#8205,#8206,#8207,#8208,#8209,#8210,#8211,#8212,#8213,#8214,#8215,#8216,
#8217,#8218,#8219,#8220,#8221,#8222,#8223,#8224,#8225,#8226,#8227,#8228,
#8229,#8230,#8231,#8232,#8233,#8234,#8235,#8236,#8237,#8238,#8239,#8240,
#8241,#8242,#8243,#8244,#8245,#8246,#8247,#8248,#8249,#8250,#8251,#8252,
#8253,#8254,#8255,#8256,#8257,#8258,#8259,#8260,#8261,#8262,#8263,#8264,
#8265,#8266,#8267,#8268,#8269,#8270,#8271,#8272,#8273,#8274,#8275,#8276,
#8277,#8278,#8279,#8280,#8281,#8282,#8283,#8284,#8285,#8286,#8287,#8288,
#8289,#8290,#8291,#8292,#8293,#8294,#8295,#8296,#8297,#8298,#8299,#8300,
#8301,#8302,#8303,#8304,#8305,#8306,#8307,#8308,#8309,#8310,#8311,#8312,
#8313,#8314,#8315,#8316,#8317,#8318,#8319,#8320,#8321,#8322,#8323,#8324,
#8325,#8326,#8327,#8328,#8329,#8330,#8331,#8332,#8333,#8334,#8335,#8336,
#8337,#8338,#8339,#8340,#8341,#8342,#8343,#8344,#8345,#8346,#8347,#8348,
#8349,#8350,#8351,#8352,#8353,#8354,#8355,#8356,#8357,#8358,#8359,#8360,
#8361,#8362,#8363,#8364,#8365,#8366,#8367,#8368,#8369,#8370,#8371,#8372,
#8373,#8374,#8375,#8376,#8377,#8378,#8379,#8380,#8381,#8382,#8383,#8384,
#8385,#8386,#8387,#8388,#8389,#8390,#8391,#8392,#8393,#8394,#8395,#8396,
#8397,#8398,#8399,#8400,#8401,#8402,#8403,#8404,#8405,#8406,#8407,#8408,
#8409,#8410,#8411,#8412,#8413,#8414,#8415,#8416,#8417,#8418,#8419,#8420,
#8421,#8422,#8423,#8424,#8425,#8426,#8427,#8428,#8429,#8430,#8431,#8432,
#8433,#8434,#8435,#8436,#8437,#8438,#8439,#8440,#8441,#8442,#8443,#8444,
#8445,#8446,#8447,#8448,#8449,#8450,#8451,#8452,#8453,#8454,#8455,#8456,
#8457,#8458,#8459,#8460,#8461,#8462,#8463,#8464,#8465,#8466,#8467,#8468,
#8469,#8470,#8471,#8472,#8473,#8474,#8475,#8476,#8477,#8478,#8479,#8480,
#8481,#8482,#8483,#8484,#8485,#8486,#8487,#8488,#8489,#8490,#8491,#8492,
#8493,#8494,#8495,#8496,#8497,#8498,#8499,#8500,#8501,#8502,#8503,#8504,
#8505,#8506,#8507,#8508,#8509,#8510,#8511,#8512,#8513,#8514,#8515,#8516,
#8517,#8518,#8519,#8520,#8521,#8522,#8523,#8524,#8525,#8526,#8527,#8528,
#8529,#8530,#8531,#8532,#8533,#8534,#8535,#8536,#8537,#8538,#8539,#8540,
#8541,#8542,#8543,#8544,#8545,#8546,#8547,#8548,#8549,#8550,#8551,#8552,
#8553,#8554,#8555,#8556));
#8558=DERIVED_UNIT_ELEMENT(#8560,1.);
#8559=DERIVED_UNIT_ELEMENT(#15099,-3.);
#8560=(
MASS_UNIT()
NAMED_UNIT(*)
SI_UNIT(.KILO.,.GRAM.)
);
#8561=DERIVED_UNIT((#8558,#8559));
#8562=MEASURE_REPRESENTATION_ITEM('density measure',
POSITIVE_RATIO_MEASURE(7850.),#8561);
#8563=PROPERTY_DEFINITION_REPRESENTATION(#8568,#8565);
#8564=PROPERTY_DEFINITION_REPRESENTATION(#8569,#8566);
#8565=REPRESENTATION('material name',(#8567),#15096);
#8566=REPRESENTATION('density',(#8562),#15096);
#8567=DESCRIPTIVE_REPRESENTATION_ITEM('Steel','Steel');
#8568=PROPERTY_DEFINITION('material property','material name',#15106);
#8569=PROPERTY_DEFINITION('material property','density of part',#15106);
#8570=AXIS2_PLACEMENT_3D('',#11744,#9336,#9337);
#8571=AXIS2_PLACEMENT_3D('',#11745,#9338,#9339);
#8572=AXIS2_PLACEMENT_3D('',#11748,#9340,#9341);
#8573=AXIS2_PLACEMENT_3D('',#11752,#9343,#9344);
#8574=AXIS2_PLACEMENT_3D('',#11754,#9346,#9347);
#8575=AXIS2_PLACEMENT_3D('',#11756,#9348,#9349);
#8576=AXIS2_PLACEMENT_3D('',#11768,#9355,#9356);
#8577=AXIS2_PLACEMENT_3D('',#11770,#9357,#9358);
#8578=AXIS2_PLACEMENT_3D('',#11773,#9360,#9361);
#8579=AXIS2_PLACEMENT_3D('',#11774,#9362,#9363);
#8580=AXIS2_PLACEMENT_3D('',#11776,#9364,#9365);
#8581=AXIS2_PLACEMENT_3D('',#11787,#9367,#9368);
#8582=AXIS2_PLACEMENT_3D('',#11804,#9369,#9370);
#8583=AXIS2_PLACEMENT_3D('',#11806,#9372,#9373);
#8584=AXIS2_PLACEMENT_3D('',#11816,#9375,#9376);
#8585=AXIS2_PLACEMENT_3D('',#11817,#9377,#9378);
#8586=AXIS2_PLACEMENT_3D('',#11837,#9380,#9381);
#8587=AXIS2_PLACEMENT_3D('',#11839,#9383,#9384);
#8588=AXIS2_PLACEMENT_3D('',#11852,#9386,#9387);
#8589=AXIS2_PLACEMENT_3D('',#11861,#9389,#9390);
#8590=AXIS2_PLACEMENT_3D('',#11863,#9391,#9392);
#8591=AXIS2_PLACEMENT_3D('',#11866,#9394,#9395);
#8592=AXIS2_PLACEMENT_3D('',#11867,#9396,#9397);
#8593=AXIS2_PLACEMENT_3D('',#11869,#9398,#9399);
#8594=AXIS2_PLACEMENT_3D('',#11871,#9400,#9401);
#8595=AXIS2_PLACEMENT_3D('',#11873,#9403,#9404);
#8596=AXIS2_PLACEMENT_3D('',#11875,#9405,#9406);
#8597=AXIS2_PLACEMENT_3D('',#11879,#9408,#9409);
#8598=AXIS2_PLACEMENT_3D('',#11881,#9410,#9411);
#8599=AXIS2_PLACEMENT_3D('',#11889,#9416,#9417);
#8600=AXIS2_PLACEMENT_3D('',#11892,#9418,#9419);
#8601=AXIS2_PLACEMENT_3D('',#11896,#9421,#9422);
#8602=AXIS2_PLACEMENT_3D('',#12000,#9475,#9476);
#8603=AXIS2_PLACEMENT_3D('',#12010,#9482,#9483);
#8604=AXIS2_PLACEMENT_3D('',#12020,#9489,#9490);
#8605=AXIS2_PLACEMENT_3D('',#12030,#9496,#9497);
#8606=AXIS2_PLACEMENT_3D('',#12040,#9503,#9504);
#8607=AXIS2_PLACEMENT_3D('',#12050,#9510,#9511);
#8608=AXIS2_PLACEMENT_3D('',#12060,#9517,#9518);
#8609=AXIS2_PLACEMENT_3D('',#12070,#9524,#9525);
#8610=AXIS2_PLACEMENT_3D('',#12080,#9531,#9532);
#8611=AXIS2_PLACEMENT_3D('',#12090,#9538,#9539);
#8612=AXIS2_PLACEMENT_3D('',#12100,#9545,#9546);
#8613=AXIS2_PLACEMENT_3D('',#12110,#9552,#9553);
#8614=AXIS2_PLACEMENT_3D('',#12118,#9558,#9559);
#8615=AXIS2_PLACEMENT_3D('',#12128,#9565,#9566);
#8616=AXIS2_PLACEMENT_3D('',#12138,#9572,#9573);
#8617=AXIS2_PLACEMENT_3D('',#12148,#9579,#9580);
#8618=AXIS2_PLACEMENT_3D('',#12158,#9586,#9587);
#8619=AXIS2_PLACEMENT_3D('',#12168,#9593,#9594);
#8620=AXIS2_PLACEMENT_3D('',#12178,#9600,#9601);
#8621=AXIS2_PLACEMENT_3D('',#12188,#9607,#9608);
#8622=AXIS2_PLACEMENT_3D('',#12198,#9614,#9615);
#8623=AXIS2_PLACEMENT_3D('',#12208,#9621,#9622);
#8624=AXIS2_PLACEMENT_3D('',#12218,#9628,#9629);
#8625=AXIS2_PLACEMENT_3D('',#12228,#9635,#9636);
#8626=AXIS2_PLACEMENT_3D('',#12238,#9642,#9643);
#8627=AXIS2_PLACEMENT_3D('',#12248,#9649,#9650);
#8628=AXIS2_PLACEMENT_3D('',#12258,#9656,#9657);
#8629=AXIS2_PLACEMENT_3D('',#12264,#9661,#9662);
#8630=AXIS2_PLACEMENT_3D('',#12267,#9663,#9664);
#8631=AXIS2_PLACEMENT_3D('',#12271,#9666,#9667);
#8632=AXIS2_PLACEMENT_3D('',#12273,#9669,#9670);
#8633=AXIS2_PLACEMENT_3D('',#12276,#9671,#9672);
#8634=AXIS2_PLACEMENT_3D('',#12277,#9673,#9674);
#8635=AXIS2_PLACEMENT_3D('',#12278,#9675,#9676);
#8636=AXIS2_PLACEMENT_3D('',#12279,#9677,#9678);
#8637=AXIS2_PLACEMENT_3D('',#12282,#9679,#9680);
#8638=AXIS2_PLACEMENT_3D('',#12285,#9683,#9684);
#8639=AXIS2_PLACEMENT_3D('',#12288,#9685,#9686);
#8640=AXIS2_PLACEMENT_3D('',#12289,#9687,#9688);
#8641=AXIS2_PLACEMENT_3D('',#12290,#9689,#9690);
#8642=AXIS2_PLACEMENT_3D('',#12291,#9691,#9692);
#8643=AXIS2_PLACEMENT_3D('',#12294,#9693,#9694);
#8644=AXIS2_PLACEMENT_3D('',#12297,#9697,#9698);
#8645=AXIS2_PLACEMENT_3D('',#12300,#9699,#9700);
#8646=AXIS2_PLACEMENT_3D('',#12301,#9701,#9702);
#8647=AXIS2_PLACEMENT_3D('',#12302,#9703,#9704);
#8648=AXIS2_PLACEMENT_3D('',#12303,#9705,#9706);
#8649=AXIS2_PLACEMENT_3D('',#12306,#9707,#9708);
#8650=AXIS2_PLACEMENT_3D('',#12309,#9711,#9712);
#8651=AXIS2_PLACEMENT_3D('',#12310,#9713,#9714);
#8652=AXIS2_PLACEMENT_3D('',#12311,#9715,#9716);
#8653=AXIS2_PLACEMENT_3D('',#12312,#9717,#9718);
#8654=AXIS2_PLACEMENT_3D('',#12316,#9720,#9721);
#8655=AXIS2_PLACEMENT_3D('',#12318,#9723,#9724);
#8656=AXIS2_PLACEMENT_3D('',#12335,#9729,#9730);
#8657=AXIS2_PLACEMENT_3D('',#12339,#9732,#9733);
#8658=AXIS2_PLACEMENT_3D('',#12343,#9735,#9736);
#8659=AXIS2_PLACEMENT_3D('',#12346,#9738,#9739);
#8660=AXIS2_PLACEMENT_3D('',#12347,#9740,#9741);
#8661=AXIS2_PLACEMENT_3D('',#12350,#9743,#9744);
#8662=AXIS2_PLACEMENT_3D('',#12351,#9745,#9746);
#8663=AXIS2_PLACEMENT_3D('',#12357,#9749,#9750);
#8664=AXIS2_PLACEMENT_3D('',#12361,#9752,#9753);
#8665=AXIS2_PLACEMENT_3D('',#12365,#9755,#9756);
#8666=AXIS2_PLACEMENT_3D('',#12369,#9758,#9759);
#8667=AXIS2_PLACEMENT_3D('',#12377,#9763,#9764);
#8668=AXIS2_PLACEMENT_3D('',#12381,#9766,#9767);
#8669=AXIS2_PLACEMENT_3D('',#12385,#9769,#9770);
#8670=AXIS2_PLACEMENT_3D('',#12389,#9772,#9773);
#8671=AXIS2_PLACEMENT_3D('',#12395,#9777,#9778);
#8672=AXIS2_PLACEMENT_3D('',#12412,#9787,#9788);
#8673=AXIS2_PLACEMENT_3D('',#12415,#9789,#9790);
#8674=AXIS2_PLACEMENT_3D('',#12426,#9793,#9794);
#8675=AXIS2_PLACEMENT_3D('',#12428,#9795,#9796);
#8676=AXIS2_PLACEMENT_3D('',#12429,#9797,#9798);
#8677=AXIS2_PLACEMENT_3D('',#12430,#9799,#9800);
#8678=AXIS2_PLACEMENT_3D('',#12431,#9801,#9802);
#8679=AXIS2_PLACEMENT_3D('',#12433,#9803,#9804);
#8680=AXIS2_PLACEMENT_3D('',#12435,#9806,#9807);
#8681=AXIS2_PLACEMENT_3D('',#12437,#9808,#9809);
#8682=AXIS2_PLACEMENT_3D('',#12438,#9810,#9811);
#8683=AXIS2_PLACEMENT_3D('',#12439,#9812,#9813);
#8684=AXIS2_PLACEMENT_3D('',#12441,#9814,#9815);
#8685=AXIS2_PLACEMENT_3D('',#12443,#9817,#9818);
#8686=AXIS2_PLACEMENT_3D('',#12446,#9819,#9820);
#8687=AXIS2_PLACEMENT_3D('',#12447,#9821,#9822);
#8688=AXIS2_PLACEMENT_3D('',#12448,#9823,#9824);
#8689=AXIS2_PLACEMENT_3D('',#12449,#9825,#9826);
#8690=AXIS2_PLACEMENT_3D('',#12452,#9827,#9828);
#8691=AXIS2_PLACEMENT_3D('',#12455,#9831,#9832);
#8692=AXIS2_PLACEMENT_3D('',#12463,#9837,#9838);
#8693=AXIS2_PLACEMENT_3D('',#12471,#9842,#9843);
#8694=AXIS2_PLACEMENT_3D('',#12475,#9845,#9846);
#8695=AXIS2_PLACEMENT_3D('',#12479,#9848,#9849);
#8696=AXIS2_PLACEMENT_3D('',#12487,#9853,#9854);
#8697=AXIS2_PLACEMENT_3D('',#12491,#9856,#9857);
#8698=AXIS2_PLACEMENT_3D('',#12499,#9861,#9862);
#8699=AXIS2_PLACEMENT_3D('',#12503,#9864,#9865);
#8700=AXIS2_PLACEMENT_3D('',#12507,#9867,#9868);
#8701=AXIS2_PLACEMENT_3D('',#12510,#9870,#9871);
#8702=AXIS2_PLACEMENT_3D('',#12527,#9880,#9881);
#8703=AXIS2_PLACEMENT_3D('',#12529,#9882,#9883);
#8704=AXIS2_PLACEMENT_3D('',#12531,#9884,#9885);
#8705=AXIS2_PLACEMENT_3D('',#12533,#9887,#9888);
#8706=AXIS2_PLACEMENT_3D('',#12535,#9889,#9890);
#8707=AXIS2_PLACEMENT_3D('',#12536,#9891,#9892);
#8708=AXIS2_PLACEMENT_3D('',#12537,#9893,#9894);
#8709=AXIS2_PLACEMENT_3D('',#12539,#9895,#9896);
#8710=AXIS2_PLACEMENT_3D('',#12541,#9898,#9899);
#8711=AXIS2_PLACEMENT_3D('',#12543,#9900,#9901);
#8712=AXIS2_PLACEMENT_3D('',#12544,#9902,#9903);
#8713=AXIS2_PLACEMENT_3D('',#12545,#9904,#9905);
#8714=AXIS2_PLACEMENT_3D('',#12547,#9906,#9907);
#8715=AXIS2_PLACEMENT_3D('',#12549,#9909,#9910);
#8716=AXIS2_PLACEMENT_3D('',#12551,#9911,#9912);
#8717=AXIS2_PLACEMENT_3D('',#12552,#9913,#9914);
#8718=AXIS2_PLACEMENT_3D('',#12553,#9915,#9916);
#8719=AXIS2_PLACEMENT_3D('',#12555,#9917,#9918);
#8720=AXIS2_PLACEMENT_3D('',#12557,#9920,#9921);
#8721=AXIS2_PLACEMENT_3D('',#12558,#9922,#9923);
#8722=AXIS2_PLACEMENT_3D('',#12559,#9924,#9925);
#8723=AXIS2_PLACEMENT_3D('',#12563,#9927,#9928);
#8724=AXIS2_PLACEMENT_3D('',#12565,#9930,#9931);
#8725=AXIS2_PLACEMENT_3D('',#12569,#9934,#9935);
#8726=AXIS2_PLACEMENT_3D('',#12572,#9937,#9938);
#8727=AXIS2_PLACEMENT_3D('',#12573,#9939,#9940);
#8728=AXIS2_PLACEMENT_3D('',#12577,#9943,#9944);
#8729=AXIS2_PLACEMENT_3D('',#12581,#9946,#9947);
#8730=AXIS2_PLACEMENT_3D('',#12590,#9949,#9950);
#8731=AXIS2_PLACEMENT_3D('',#12594,#9953,#9954);
#8732=AXIS2_PLACEMENT_3D('',#12597,#9956,#9957);
#8733=AXIS2_PLACEMENT_3D('',#12656,#9958,#9959);
#8734=AXIS2_PLACEMENT_3D('',#12657,#9960,#9961);
#8735=AXIS2_PLACEMENT_3D('',#12658,#9962,#9963);
#8736=AXIS2_PLACEMENT_3D('',#12659,#9964,#9965);
#8737=AXIS2_PLACEMENT_3D('',#12660,#9966,#9967);
#8738=AXIS2_PLACEMENT_3D('',#12661,#9968,#9969);
#8739=AXIS2_PLACEMENT_3D('',#12664,#9970,#9971);
#8740=AXIS2_PLACEMENT_3D('',#12666,#9972,#9973);
#8741=AXIS2_PLACEMENT_3D('',#12668,#9974,#9975);
#8742=AXIS2_PLACEMENT_3D('',#12669,#9976,#9977);
#8743=AXIS2_PLACEMENT_3D('',#12718,#9978,#9979);
#8744=AXIS2_PLACEMENT_3D('',#12720,#9981,#9982);
#8745=AXIS2_PLACEMENT_3D('',#12723,#9984,#9985);
#8746=AXIS2_PLACEMENT_3D('',#12724,#9986,#9987);
#8747=AXIS2_PLACEMENT_3D('',#12737,#9989,#9990);
#8748=AXIS2_PLACEMENT_3D('',#12747,#9991,#9992);
#8749=AXIS2_PLACEMENT_3D('',#12748,#9993,#9994);
#8750=AXIS2_PLACEMENT_3D('',#12755,#9995,#9996);
#8751=AXIS2_PLACEMENT_3D('',#12758,#9997,#9998);
#8752=AXIS2_PLACEMENT_3D('',#12761,#10001,#10002);
#8753=AXIS2_PLACEMENT_3D('',#12765,#10004,#10005);
#8754=AXIS2_PLACEMENT_3D('',#12769,#10007,#10008);
#8755=AXIS2_PLACEMENT_3D('',#12772,#10010,#10011);
#8756=AXIS2_PLACEMENT_3D('',#12774,#10012,#10013);
#8757=AXIS2_PLACEMENT_3D('',#12776,#10015,#10016);
#8758=AXIS2_PLACEMENT_3D('',#12786,#10022,#10023);
#8759=AXIS2_PLACEMENT_3D('',#12788,#10025,#10026);
#8760=AXIS2_PLACEMENT_3D('',#12790,#10027,#10028);
#8761=AXIS2_PLACEMENT_3D('',#12793,#10030,#10031);
#8762=AXIS2_PLACEMENT_3D('',#12794,#10032,#10033);
#8763=AXIS2_PLACEMENT_3D('',#12796,#10034,#10035);
#8764=AXIS2_PLACEMENT_3D('',#12805,#10038,#10039);
#8765=AXIS2_PLACEMENT_3D('',#12808,#10041,#10042);
#8766=AXIS2_PLACEMENT_3D('',#12809,#10043,#10044);
#8767=AXIS2_PLACEMENT_3D('',#12829,#10055,#10056);
#8768=AXIS2_PLACEMENT_3D('',#12830,#10057,#10058);
#8769=AXIS2_PLACEMENT_3D('',#12874,#10059,#10060);
#8770=AXIS2_PLACEMENT_3D('',#12876,#10061,#10062);
#8771=AXIS2_PLACEMENT_3D('',#12877,#10063,#10064);
#8772=AXIS2_PLACEMENT_3D('',#12878,#10065,#10066);
#8773=AXIS2_PLACEMENT_3D('',#12880,#10067,#10068);
#8774=AXIS2_PLACEMENT_3D('',#12882,#10070,#10071);
#8775=AXIS2_PLACEMENT_3D('',#12884,#10072,#10073);
#8776=AXIS2_PLACEMENT_3D('',#12885,#10074,#10075);
#8777=AXIS2_PLACEMENT_3D('',#12886,#10076,#10077);
#8778=AXIS2_PLACEMENT_3D('',#12887,#10078,#10079);
#8779=AXIS2_PLACEMENT_3D('',#12889,#10081,#10082);
#8780=AXIS2_PLACEMENT_3D('',#12890,#10083,#10084);
#8781=AXIS2_PLACEMENT_3D('',#12891,#10085,#10086);
#8782=AXIS2_PLACEMENT_3D('',#12892,#10087,#10088);
#8783=AXIS2_PLACEMENT_3D('',#12893,#10089,#10090);
#8784=AXIS2_PLACEMENT_3D('',#12905,#10091,#10092);
#8785=AXIS2_PLACEMENT_3D('',#12956,#10093,#10094);
#8786=AXIS2_PLACEMENT_3D('',#12958,#10095,#10096);
#8787=AXIS2_PLACEMENT_3D('',#12959,#10097,#10098);
#8788=AXIS2_PLACEMENT_3D('',#12960,#10099,#10100);
#8789=AXIS2_PLACEMENT_3D('',#12962,#10102,#10103);
#8790=AXIS2_PLACEMENT_3D('',#12963,#10104,#10105);
#8791=AXIS2_PLACEMENT_3D('',#12964,#10106,#10107);
#8792=AXIS2_PLACEMENT_3D('',#12965,#10108,#10109);
#8793=AXIS2_PLACEMENT_3D('',#12977,#10110,#10111);
#8794=AXIS2_PLACEMENT_3D('',#12978,#10112,#10113);
#8795=AXIS2_PLACEMENT_3D('',#12979,#10114,#10115);
#8796=AXIS2_PLACEMENT_3D('',#12980,#10116,#10117);
#8797=AXIS2_PLACEMENT_3D('',#12982,#10118,#10119);
#8798=AXIS2_PLACEMENT_3D('',#12984,#10121,#10122);
#8799=AXIS2_PLACEMENT_3D('',#12986,#10123,#10124);
#8800=AXIS2_PLACEMENT_3D('',#12987,#10125,#10126);
#8801=AXIS2_PLACEMENT_3D('',#12988,#10127,#10128);
#8802=AXIS2_PLACEMENT_3D('',#12990,#10130,#10131);
#8803=AXIS2_PLACEMENT_3D('',#12998,#10135,#10136);
#8804=AXIS2_PLACEMENT_3D('',#13002,#10138,#10139);
#8805=AXIS2_PLACEMENT_3D('',#13019,#10143,#10144);
#8806=AXIS2_PLACEMENT_3D('',#13021,#10145,#10146);
#8807=AXIS2_PLACEMENT_3D('',#13024,#10148,#10149);
#8808=AXIS2_PLACEMENT_3D('',#13025,#10150,#10151);
#8809=AXIS2_PLACEMENT_3D('',#13026,#10152,#10153);
#8810=AXIS2_PLACEMENT_3D('',#13028,#10154,#10155);
#8811=AXIS2_PLACEMENT_3D('',#13039,#10156,#10157);
#8812=AXIS2_PLACEMENT_3D('',#13040,#10158,#10159);
#8813=AXIS2_PLACEMENT_3D('',#13041,#10160,#10161);
#8814=AXIS2_PLACEMENT_3D('',#13042,#10162,#10163);
#8815=AXIS2_PLACEMENT_3D('',#13043,#10164,#10165);
#8816=AXIS2_PLACEMENT_3D('',#13047,#10167,#10168);
#8817=AXIS2_PLACEMENT_3D('',#13049,#10170,#10171);
#8818=AXIS2_PLACEMENT_3D('',#13052,#10172,#10173);
#8819=AXIS2_PLACEMENT_3D('',#13053,#10174,#10175);
#8820=AXIS2_PLACEMENT_3D('',#13054,#10176,#10177);
#8821=AXIS2_PLACEMENT_3D('',#13082,#10178,#10179);
#8822=AXIS2_PLACEMENT_3D('',#13084,#10180,#10181);
#8823=AXIS2_PLACEMENT_3D('',#13085,#10182,#10183);
#8824=AXIS2_PLACEMENT_3D('',#13121,#10184,#10185);
#8825=AXIS2_PLACEMENT_3D('',#13133,#10191,#10192);
#8826=AXIS2_PLACEMENT_3D('',#13137,#10194,#10195);
#8827=AXIS2_PLACEMENT_3D('',#13141,#10197,#10198);
#8828=AXIS2_PLACEMENT_3D('',#13144,#10200,#10201);
#8829=AXIS2_PLACEMENT_3D('',#13145,#10202,#10203);
#8830=AXIS2_PLACEMENT_3D('',#13149,#10205,#10206);
#8831=AXIS2_PLACEMENT_3D('',#13150,#10207,#10208);
#8832=AXIS2_PLACEMENT_3D('',#13151,#10209,#10210);
#8833=AXIS2_PLACEMENT_3D('',#13153,#10211,#10212);
#8834=AXIS2_PLACEMENT_3D('',#13155,#10214,#10215);
#8835=AXIS2_PLACEMENT_3D('',#13183,#10217,#10218);
#8836=AXIS2_PLACEMENT_3D('',#13187,#10221,#10222);
#8837=AXIS2_PLACEMENT_3D('',#13190,#10223,#10224);
#8838=AXIS2_PLACEMENT_3D('',#13194,#10226,#10227);
#8839=AXIS2_PLACEMENT_3D('',#13196,#10229,#10230);
#8840=AXIS2_PLACEMENT_3D('',#13200,#10232,#10233);
#8841=AXIS2_PLACEMENT_3D('',#13202,#10235,#10236);
#8842=AXIS2_PLACEMENT_3D('',#13206,#10238,#10239);
#8843=AXIS2_PLACEMENT_3D('',#13208,#10241,#10242);
#8844=AXIS2_PLACEMENT_3D('',#13219,#10249,#10250);
#8845=AXIS2_PLACEMENT_3D('',#13247,#10252,#10253);
#8846=AXIS2_PLACEMENT_3D('',#13248,#10254,#10255);
#8847=AXIS2_PLACEMENT_3D('',#13251,#10257,#10258);
#8848=AXIS2_PLACEMENT_3D('',#13256,#10261,#10262);
#8849=AXIS2_PLACEMENT_3D('',#13260,#10264,#10265);
#8850=AXIS2_PLACEMENT_3D('',#13262,#10267,#10268);
#8851=AXIS2_PLACEMENT_3D('',#13266,#10271,#10272);
#8852=AXIS2_PLACEMENT_3D('',#13268,#10273,#10274);
#8853=AXIS2_PLACEMENT_3D('',#13304,#10276,#10277);
#8854=AXIS2_PLACEMENT_3D('',#13340,#10278,#10279);
#8855=AXIS2_PLACEMENT_3D('',#13341,#10280,#10281);
#8856=AXIS2_PLACEMENT_3D('',#13342,#10282,#10283);
#8857=AXIS2_PLACEMENT_3D('',#13343,#10284,#10285);
#8858=AXIS2_PLACEMENT_3D('',#13346,#10288,#10289);
#8859=AXIS2_PLACEMENT_3D('',#13417,#10298,#10299);
#8860=AXIS2_PLACEMENT_3D('',#13425,#10300,#10301);
#8861=AXIS2_PLACEMENT_3D('',#13428,#10302,#10303);
#8862=AXIS2_PLACEMENT_3D('',#13432,#10305,#10306);
#8863=AXIS2_PLACEMENT_3D('',#13434,#10308,#10309);
#8864=AXIS2_PLACEMENT_3D('',#13435,#10310,#10311);
#8865=AXIS2_PLACEMENT_3D('',#13436,#10312,#10313);
#8866=AXIS2_PLACEMENT_3D('',#13437,#10314,#10315);
#8867=AXIS2_PLACEMENT_3D('',#13440,#10316,#10317);
#8868=AXIS2_PLACEMENT_3D('',#13441,#10318,#10319);
#8869=AXIS2_PLACEMENT_3D('',#13442,#10320,#10321);
#8870=AXIS2_PLACEMENT_3D('',#13465,#10322,#10323);
#8871=AXIS2_PLACEMENT_3D('',#13474,#10324,#10325);
#8872=AXIS2_PLACEMENT_3D('',#13477,#10326,#10327);
#8873=AXIS2_PLACEMENT_3D('',#13478,#10328,#10329);
#8874=AXIS2_PLACEMENT_3D('',#13479,#10330,#10331);
#8875=AXIS2_PLACEMENT_3D('',#13480,#10332,#10333);
#8876=AXIS2_PLACEMENT_3D('',#13483,#10334,#10335);
#8877=AXIS2_PLACEMENT_3D('',#13486,#10338,#10339);
#8878=AXIS2_PLACEMENT_3D('',#13489,#10340,#10341);
#8879=AXIS2_PLACEMENT_3D('',#13490,#10342,#10343);
#8880=AXIS2_PLACEMENT_3D('',#13491,#10344,#10345);
#8881=AXIS2_PLACEMENT_3D('',#13492,#10346,#10347);
#8882=AXIS2_PLACEMENT_3D('',#13495,#10348,#10349);
#8883=AXIS2_PLACEMENT_3D('',#13528,#10352,#10353);
#8884=AXIS2_PLACEMENT_3D('',#13529,#10354,#10355);
#8885=AXIS2_PLACEMENT_3D('',#13530,#10356,#10357);
#8886=AXIS2_PLACEMENT_3D('',#13536,#10361,#10362);
#8887=AXIS2_PLACEMENT_3D('',#13537,#10363,#10364);
#8888=AXIS2_PLACEMENT_3D('',#13538,#10365,#10366);
#8889=AXIS2_PLACEMENT_3D('',#13541,#10368,#10369);
#8890=AXIS2_PLACEMENT_3D('',#13542,#10370,#10371);
#8891=AXIS2_PLACEMENT_3D('',#13550,#10375,#10376);
#8892=AXIS2_PLACEMENT_3D('',#13577,#10385,#10386);
#8893=AXIS2_PLACEMENT_3D('',#13581,#10388,#10389);
#8894=AXIS2_PLACEMENT_3D('',#13585,#10391,#10392);
#8895=AXIS2_PLACEMENT_3D('',#13587,#10393,#10394);
#8896=AXIS2_PLACEMENT_3D('',#13596,#10396,#10397);
#8897=AXIS2_PLACEMENT_3D('',#13610,#10398,#10399);
#8898=AXIS2_PLACEMENT_3D('',#13613,#10401,#10402);
#8899=AXIS2_PLACEMENT_3D('',#13614,#10403,#10404);
#8900=AXIS2_PLACEMENT_3D('',#13617,#10406,#10407);
#8901=AXIS2_PLACEMENT_3D('',#13640,#10409,#10410);
#8902=AXIS2_PLACEMENT_3D('',#13641,#10411,#10412);
#8903=AXIS2_PLACEMENT_3D('',#13642,#10413,#10414);
#8904=AXIS2_PLACEMENT_3D('',#13643,#10415,#10416);
#8905=AXIS2_PLACEMENT_3D('',#13645,#10417,#10418);
#8906=AXIS2_PLACEMENT_3D('',#13647,#10420,#10421);
#8907=AXIS2_PLACEMENT_3D('',#13649,#10422,#10423);
#8908=AXIS2_PLACEMENT_3D('',#13650,#10424,#10425);
#8909=AXIS2_PLACEMENT_3D('',#13651,#10426,#10427);
#8910=AXIS2_PLACEMENT_3D('',#13654,#10428,#10429);
#8911=AXIS2_PLACEMENT_3D('',#13655,#10430,#10431);
#8912=AXIS2_PLACEMENT_3D('',#13656,#10432,#10433);
#8913=AXIS2_PLACEMENT_3D('',#13683,#10434,#10435);
#8914=AXIS2_PLACEMENT_3D('',#13688,#10436,#10437);
#8915=AXIS2_PLACEMENT_3D('',#13691,#10438,#10439);
#8916=AXIS2_PLACEMENT_3D('',#13692,#10440,#10441);
#8917=AXIS2_PLACEMENT_3D('',#13693,#10442,#10443);
#8918=AXIS2_PLACEMENT_3D('',#13694,#10444,#10445);
#8919=AXIS2_PLACEMENT_3D('',#13697,#10446,#10447);
#8920=AXIS2_PLACEMENT_3D('',#13700,#10450,#10451);
#8921=AXIS2_PLACEMENT_3D('',#13701,#10452,#10453);
#8922=AXIS2_PLACEMENT_3D('',#13702,#10454,#10455);
#8923=AXIS2_PLACEMENT_3D('',#13703,#10456,#10457);
#8924=AXIS2_PLACEMENT_3D('',#13705,#10459,#10460);
#8925=AXIS2_PLACEMENT_3D('',#13710,#10463,#10464);
#8926=AXIS2_PLACEMENT_3D('',#13711,#10465,#10466);
#8927=AXIS2_PLACEMENT_3D('',#13712,#10467,#10468);
#8928=AXIS2_PLACEMENT_3D('',#13713,#10469,#10470);
#8929=AXIS2_PLACEMENT_3D('',#13716,#10472,#10473);
#8930=AXIS2_PLACEMENT_3D('',#13752,#10474,#10475);
#8931=AXIS2_PLACEMENT_3D('',#13754,#10476,#10477);
#8932=AXIS2_PLACEMENT_3D('',#13778,#10478,#10479);
#8933=AXIS2_PLACEMENT_3D('',#13783,#10480,#10481);
#8934=AXIS2_PLACEMENT_3D('',#13785,#10482,#10483);
#8935=AXIS2_PLACEMENT_3D('',#13827,#10485,#10486);
#8936=AXIS2_PLACEMENT_3D('',#13832,#10487,#10488);
#8937=AXIS2_PLACEMENT_3D('',#13833,#10489,#10490);
#8938=AXIS2_PLACEMENT_3D('',#13834,#10491,#10492);
#8939=AXIS2_PLACEMENT_3D('',#13836,#10494,#10495);
#8940=AXIS2_PLACEMENT_3D('',#13838,#10496,#10497);
#8941=AXIS2_PLACEMENT_3D('',#13840,#10498,#10499);
#8942=AXIS2_PLACEMENT_3D('',#13842,#10501,#10502);
#8943=AXIS2_PLACEMENT_3D('',#13847,#10506,#10507);
#8944=AXIS2_PLACEMENT_3D('',#13850,#10510,#10511);
#8945=AXIS2_PLACEMENT_3D('',#13852,#10513,#10514);
#8946=AXIS2_PLACEMENT_3D('',#13854,#10516,#10517);
#8947=AXIS2_PLACEMENT_3D('',#13857,#10518,#10519);
#8948=AXIS2_PLACEMENT_3D('',#13860,#10522,#10523);
#8949=AXIS2_PLACEMENT_3D('',#13865,#10527,#10528);
#8950=AXIS2_PLACEMENT_3D('',#13869,#10530,#10531);
#8951=AXIS2_PLACEMENT_3D('',#13871,#10533,#10534);
#8952=AXIS2_PLACEMENT_3D('',#13874,#10537,#10538);
#8953=AXIS2_PLACEMENT_3D('',#13877,#10541,#10542);
#8954=AXIS2_PLACEMENT_3D('',#13879,#10543,#10544);
#8955=AXIS2_PLACEMENT_3D('',#13882,#10547,#10548);
#8956=AXIS2_PLACEMENT_3D('',#13885,#10550,#10551);
#8957=AXIS2_PLACEMENT_3D('',#13912,#10552,#10553);
#8958=AXIS2_PLACEMENT_3D('',#13914,#10554,#10555);
#8959=AXIS2_PLACEMENT_3D('',#13915,#10556,#10557);
#8960=AXIS2_PLACEMENT_3D('',#13916,#10558,#10559);
#8961=AXIS2_PLACEMENT_3D('',#13919,#10560,#10561);
#8962=AXIS2_PLACEMENT_3D('',#13921,#10562,#10563);
#8963=AXIS2_PLACEMENT_3D('',#13923,#10564,#10565);
#8964=AXIS2_PLACEMENT_3D('',#13924,#10566,#10567);
#8965=AXIS2_PLACEMENT_3D('',#13925,#10568,#10569);
#8966=AXIS2_PLACEMENT_3D('',#13928,#10572,#10573);
#8967=AXIS2_PLACEMENT_3D('',#13930,#10574,#10575);
#8968=AXIS2_PLACEMENT_3D('',#13953,#10578,#10579);
#8969=AXIS2_PLACEMENT_3D('',#13956,#10582,#10583);
#8970=AXIS2_PLACEMENT_3D('',#13958,#10585,#10586);
#8971=AXIS2_PLACEMENT_3D('',#13959,#10587,#10588);
#8972=AXIS2_PLACEMENT_3D('',#13961,#10589,#10590);
#8973=AXIS2_PLACEMENT_3D('',#13962,#10591,#10592);
#8974=AXIS2_PLACEMENT_3D('',#13963,#10593,#10594);
#8975=AXIS2_PLACEMENT_3D('',#13966,#10596,#10597);
#8976=AXIS2_PLACEMENT_3D('',#13969,#10599,#10600);
#8977=AXIS2_PLACEMENT_3D('',#13971,#10601,#10602);
#8978=AXIS2_PLACEMENT_3D('',#13973,#10603,#10604);
#8979=AXIS2_PLACEMENT_3D('',#13975,#10605,#10606);
#8980=AXIS2_PLACEMENT_3D('',#13977,#10607,#10608);
#8981=AXIS2_PLACEMENT_3D('',#13978,#10609,#10610);
#8982=AXIS2_PLACEMENT_3D('',#13980,#10612,#10613);
#8983=AXIS2_PLACEMENT_3D('',#13981,#10614,#10615);
#8984=AXIS2_PLACEMENT_3D('',#13982,#10616,#10617);
#8985=AXIS2_PLACEMENT_3D('',#13985,#10620,#10621);
#8986=AXIS2_PLACEMENT_3D('',#13986,#10622,#10623);
#8987=AXIS2_PLACEMENT_3D('',#13989,#10625,#10626);
#8988=AXIS2_PLACEMENT_3D('',#14015,#10627,#10628);
#8989=AXIS2_PLACEMENT_3D('',#14016,#10629,#10630);
#8990=AXIS2_PLACEMENT_3D('',#14017,#10631,#10632);
#8991=AXIS2_PLACEMENT_3D('',#14019,#10634,#10635);
#8992=AXIS2_PLACEMENT_3D('',#14021,#10637,#10638);
#8993=AXIS2_PLACEMENT_3D('',#14043,#10639,#10640);
#8994=AXIS2_PLACEMENT_3D('',#14044,#10641,#10642);
#8995=AXIS2_PLACEMENT_3D('',#14045,#10643,#10644);
#8996=AXIS2_PLACEMENT_3D('',#14048,#10647,#10648);
#8997=AXIS2_PLACEMENT_3D('',#14051,#10650,#10651);
#8998=AXIS2_PLACEMENT_3D('',#14052,#10652,#10653);
#8999=AXIS2_PLACEMENT_3D('',#14054,#10655,#10656);
#9000=AXIS2_PLACEMENT_3D('',#14055,#10657,#10658);
#9001=AXIS2_PLACEMENT_3D('',#14057,#10660,#10661);
#9002=AXIS2_PLACEMENT_3D('',#14061,#10663,#10664);
#9003=AXIS2_PLACEMENT_3D('',#14063,#10666,#10667);
#9004=AXIS2_PLACEMENT_3D('',#14067,#10670,#10671);
#9005=AXIS2_PLACEMENT_3D('',#14069,#10672,#10673);
#9006=AXIS2_PLACEMENT_3D('',#14071,#10675,#10676);
#9007=AXIS2_PLACEMENT_3D('',#14073,#10678,#10679);
#9008=AXIS2_PLACEMENT_3D('',#14074,#10680,#10681);
#9009=AXIS2_PLACEMENT_3D('',#14077,#10684,#10685);
#9010=AXIS2_PLACEMENT_3D('',#14078,#10686,#10687);
#9011=AXIS2_PLACEMENT_3D('',#14080,#10689,#10690);
#9012=AXIS2_PLACEMENT_3D('',#14081,#10691,#10692);
#9013=AXIS2_PLACEMENT_3D('',#14082,#10693,#10694);
#9014=AXIS2_PLACEMENT_3D('',#14083,#10695,#10696);
#9015=AXIS2_PLACEMENT_3D('',#14084,#10697,#10698);
#9016=AXIS2_PLACEMENT_3D('',#14085,#10699,#10700);
#9017=AXIS2_PLACEMENT_3D('',#14087,#10701,#10702);
#9018=AXIS2_PLACEMENT_3D('',#14091,#10704,#10705);
#9019=AXIS2_PLACEMENT_3D('',#14094,#10707,#10708);
#9020=AXIS2_PLACEMENT_3D('',#14096,#10709,#10710);
#9021=AXIS2_PLACEMENT_3D('',#14099,#10712,#10713);
#9022=AXIS2_PLACEMENT_3D('',#14101,#10714,#10715);
#9023=AXIS2_PLACEMENT_3D('',#14104,#10717,#10718);
#9024=AXIS2_PLACEMENT_3D('',#14106,#10719,#10720);
#9025=AXIS2_PLACEMENT_3D('',#14109,#10722,#10723);
#9026=AXIS2_PLACEMENT_3D('',#14111,#10724,#10725);
#9027=AXIS2_PLACEMENT_3D('',#14114,#10727,#10728);
#9028=AXIS2_PLACEMENT_3D('',#14116,#10729,#10730);
#9029=AXIS2_PLACEMENT_3D('',#14119,#10732,#10733);
#9030=AXIS2_PLACEMENT_3D('',#14121,#10734,#10735);
#9031=AXIS2_PLACEMENT_3D('',#14124,#10737,#10738);
#9032=AXIS2_PLACEMENT_3D('',#14126,#10739,#10740);
#9033=AXIS2_PLACEMENT_3D('',#14129,#10742,#10743);
#9034=AXIS2_PLACEMENT_3D('',#14131,#10744,#10745);
#9035=AXIS2_PLACEMENT_3D('',#14134,#10747,#10748);
#9036=AXIS2_PLACEMENT_3D('',#14136,#10749,#10750);
#9037=AXIS2_PLACEMENT_3D('',#14139,#10752,#10753);
#9038=AXIS2_PLACEMENT_3D('',#14141,#10754,#10755);
#9039=AXIS2_PLACEMENT_3D('',#14144,#10757,#10758);
#9040=AXIS2_PLACEMENT_3D('',#14146,#10759,#10760);
#9041=AXIS2_PLACEMENT_3D('',#14149,#10762,#10763);
#9042=AXIS2_PLACEMENT_3D('',#14151,#10764,#10765);
#9043=AXIS2_PLACEMENT_3D('',#14154,#10767,#10768);
#9044=AXIS2_PLACEMENT_3D('',#14156,#10769,#10770);
#9045=AXIS2_PLACEMENT_3D('',#14159,#10772,#10773);
#9046=AXIS2_PLACEMENT_3D('',#14161,#10774,#10775);
#9047=AXIS2_PLACEMENT_3D('',#14164,#10777,#10778);
#9048=AXIS2_PLACEMENT_3D('',#14166,#10779,#10780);
#9049=AXIS2_PLACEMENT_3D('',#14169,#10782,#10783);
#9050=AXIS2_PLACEMENT_3D('',#14171,#10784,#10785);
#9051=AXIS2_PLACEMENT_3D('',#14174,#10787,#10788);
#9052=AXIS2_PLACEMENT_3D('',#14176,#10789,#10790);
#9053=AXIS2_PLACEMENT_3D('',#14179,#10792,#10793);
#9054=AXIS2_PLACEMENT_3D('',#14181,#10794,#10795);
#9055=AXIS2_PLACEMENT_3D('',#14184,#10797,#10798);
#9056=AXIS2_PLACEMENT_3D('',#14186,#10799,#10800);
#9057=AXIS2_PLACEMENT_3D('',#14189,#10802,#10803);
#9058=AXIS2_PLACEMENT_3D('',#14191,#10804,#10805);
#9059=AXIS2_PLACEMENT_3D('',#14194,#10807,#10808);
#9060=AXIS2_PLACEMENT_3D('',#14196,#10809,#10810);
#9061=AXIS2_PLACEMENT_3D('',#14199,#10812,#10813);
#9062=AXIS2_PLACEMENT_3D('',#14201,#10814,#10815);
#9063=AXIS2_PLACEMENT_3D('',#14204,#10817,#10818);
#9064=AXIS2_PLACEMENT_3D('',#14206,#10819,#10820);
#9065=AXIS2_PLACEMENT_3D('',#14209,#10822,#10823);
#9066=AXIS2_PLACEMENT_3D('',#14211,#10824,#10825);
#9067=AXIS2_PLACEMENT_3D('',#14214,#10827,#10828);
#9068=AXIS2_PLACEMENT_3D('',#14216,#10829,#10830);
#9069=AXIS2_PLACEMENT_3D('',#14219,#10832,#10833);
#9070=AXIS2_PLACEMENT_3D('',#14220,#10834,#10835);
#9071=AXIS2_PLACEMENT_3D('',#14226,#10839,#10840);
#9072=AXIS2_PLACEMENT_3D('',#14232,#10844,#10845);
#9073=AXIS2_PLACEMENT_3D('',#14238,#10849,#10850);
#9074=AXIS2_PLACEMENT_3D('',#14244,#10854,#10855);
#9075=AXIS2_PLACEMENT_3D('',#14250,#10859,#10860);
#9076=AXIS2_PLACEMENT_3D('',#14256,#10864,#10865);
#9077=AXIS2_PLACEMENT_3D('',#14262,#10869,#10870);
#9078=AXIS2_PLACEMENT_3D('',#14268,#10874,#10875);
#9079=AXIS2_PLACEMENT_3D('',#14274,#10879,#10880);
#9080=AXIS2_PLACEMENT_3D('',#14280,#10884,#10885);
#9081=AXIS2_PLACEMENT_3D('',#14286,#10889,#10890);
#9082=AXIS2_PLACEMENT_3D('',#14292,#10894,#10895);
#9083=AXIS2_PLACEMENT_3D('',#14298,#10899,#10900);
#9084=AXIS2_PLACEMENT_3D('',#14304,#10904,#10905);
#9085=AXIS2_PLACEMENT_3D('',#14310,#10909,#10910);
#9086=AXIS2_PLACEMENT_3D('',#14316,#10914,#10915);
#9087=AXIS2_PLACEMENT_3D('',#14322,#10919,#10920);
#9088=AXIS2_PLACEMENT_3D('',#14328,#10924,#10925);
#9089=AXIS2_PLACEMENT_3D('',#14334,#10929,#10930);
#9090=AXIS2_PLACEMENT_3D('',#14340,#10934,#10935);
#9091=AXIS2_PLACEMENT_3D('',#14346,#10939,#10940);
#9092=AXIS2_PLACEMENT_3D('',#14352,#10944,#10945);
#9093=AXIS2_PLACEMENT_3D('',#14358,#10949,#10950);
#9094=AXIS2_PLACEMENT_3D('',#14364,#10954,#10955);
#9095=AXIS2_PLACEMENT_3D('',#14370,#10959,#10960);
#9096=AXIS2_PLACEMENT_3D('',#14376,#10964,#10965);
#9097=AXIS2_PLACEMENT_3D('',#14382,#10969,#10970);
#9098=AXIS2_PLACEMENT_3D('',#14384,#10972,#10973);
#9099=AXIS2_PLACEMENT_3D('',#14386,#10975,#10976);
#9100=AXIS2_PLACEMENT_3D('',#14388,#10978,#10979);
#9101=AXIS2_PLACEMENT_3D('',#14390,#10981,#10982);
#9102=AXIS2_PLACEMENT_3D('',#14392,#10984,#10985);
#9103=AXIS2_PLACEMENT_3D('',#14394,#10987,#10988);
#9104=AXIS2_PLACEMENT_3D('',#14396,#10990,#10991);
#9105=AXIS2_PLACEMENT_3D('',#14398,#10993,#10994);
#9106=AXIS2_PLACEMENT_3D('',#14400,#10996,#10997);
#9107=AXIS2_PLACEMENT_3D('',#14402,#10999,#11000);
#9108=AXIS2_PLACEMENT_3D('',#14404,#11002,#11003);
#9109=AXIS2_PLACEMENT_3D('',#14406,#11005,#11006);
#9110=AXIS2_PLACEMENT_3D('',#14410,#11009,#11010);
#9111=AXIS2_PLACEMENT_3D('',#14416,#11014,#11015);
#9112=AXIS2_PLACEMENT_3D('',#14422,#11019,#11020);
#9113=AXIS2_PLACEMENT_3D('',#14428,#11024,#11025);
#9114=AXIS2_PLACEMENT_3D('',#14434,#11029,#11030);
#9115=AXIS2_PLACEMENT_3D('',#14440,#11034,#11035);
#9116=AXIS2_PLACEMENT_3D('',#14446,#11039,#11040);
#9117=AXIS2_PLACEMENT_3D('',#14452,#11044,#11045);
#9118=AXIS2_PLACEMENT_3D('',#14458,#11049,#11050);
#9119=AXIS2_PLACEMENT_3D('',#14464,#11054,#11055);
#9120=AXIS2_PLACEMENT_3D('',#14470,#11059,#11060);
#9121=AXIS2_PLACEMENT_3D('',#14476,#11064,#11065);
#9122=AXIS2_PLACEMENT_3D('',#14482,#11069,#11070);
#9123=AXIS2_PLACEMENT_3D('',#14484,#11072,#11073);
#9124=AXIS2_PLACEMENT_3D('',#14497,#11076,#11077);
#9125=AXIS2_PLACEMENT_3D('',#14499,#11079,#11080);
#9126=AXIS2_PLACEMENT_3D('',#14510,#11082,#11083);
#9127=AXIS2_PLACEMENT_3D('',#14512,#11084,#11085);
#9128=AXIS2_PLACEMENT_3D('',#14515,#11087,#11088);
#9129=AXIS2_PLACEMENT_3D('',#14517,#11090,#11091);
#9130=AXIS2_PLACEMENT_3D('',#14519,#11093,#11094);
#9131=AXIS2_PLACEMENT_3D('',#14528,#11096,#11097);
#9132=AXIS2_PLACEMENT_3D('',#14531,#11099,#11100);
#9133=AXIS2_PLACEMENT_3D('',#14535,#11102,#11103);
#9134=AXIS2_PLACEMENT_3D('',#14537,#11105,#11106);
#9135=AXIS2_PLACEMENT_3D('',#14548,#11108,#11109);
#9136=AXIS2_PLACEMENT_3D('',#14550,#11111,#11112);
#9137=AXIS2_PLACEMENT_3D('',#14552,#11114,#11115);
#9138=AXIS2_PLACEMENT_3D('',#14554,#11116,#11117);
#9139=AXIS2_PLACEMENT_3D('',#14557,#11119,#11120);
#9140=AXIS2_PLACEMENT_3D('',#14558,#11121,#11122);
#9141=AXIS2_PLACEMENT_3D('',#14564,#11126,#11127);
#9142=AXIS2_PLACEMENT_3D('',#14568,#11129,#11130);
#9143=AXIS2_PLACEMENT_3D('',#14572,#11132,#11133);
#9144=AXIS2_PLACEMENT_3D('',#14576,#11135,#11136);
#9145=AXIS2_PLACEMENT_3D('',#14580,#11138,#11139);
#9146=AXIS2_PLACEMENT_3D('',#14583,#11141,#11142);
#9147=AXIS2_PLACEMENT_3D('',#14584,#11143,#11144);
#9148=AXIS2_PLACEMENT_3D('',#14587,#11146,#11147);
#9149=AXIS2_PLACEMENT_3D('',#14588,#11148,#11149);
#9150=AXIS2_PLACEMENT_3D('',#14592,#11151,#11152);
#9151=AXIS2_PLACEMENT_3D('',#14596,#11154,#11155);
#9152=AXIS2_PLACEMENT_3D('',#14600,#11157,#11158);
#9153=AXIS2_PLACEMENT_3D('',#14604,#11160,#11161);
#9154=AXIS2_PLACEMENT_3D('',#14607,#11164,#11165);
#9155=AXIS2_PLACEMENT_3D('',#14609,#11167,#11168);
#9156=AXIS2_PLACEMENT_3D('',#14611,#11170,#11171);
#9157=AXIS2_PLACEMENT_3D('',#14614,#11174,#11175);
#9158=AXIS2_PLACEMENT_3D('',#14615,#11176,#11177);
#9159=AXIS2_PLACEMENT_3D('',#14618,#11180,#11181);
#9160=AXIS2_PLACEMENT_3D('',#14619,#11182,#11183);
#9161=AXIS2_PLACEMENT_3D('',#14622,#11186,#11187);
#9162=AXIS2_PLACEMENT_3D('',#14623,#11188,#11189);
#9163=AXIS2_PLACEMENT_3D('',#14626,#11191,#11192);
#9164=AXIS2_PLACEMENT_3D('',#14627,#11193,#11194);
#9165=AXIS2_PLACEMENT_3D('',#14628,#11195,#11196);
#9166=AXIS2_PLACEMENT_3D('',#14629,#11197,#11198);
#9167=AXIS2_PLACEMENT_3D('',#14630,#11199,#11200);
#9168=AXIS2_PLACEMENT_3D('',#14631,#11201,#11202);
#9169=AXIS2_PLACEMENT_3D('',#14632,#11203,#11204);
#9170=AXIS2_PLACEMENT_3D('',#14633,#11205,#11206);
#9171=AXIS2_PLACEMENT_3D('',#14635,#11208,#11209);
#9172=AXIS2_PLACEMENT_3D('',#14636,#11210,#11211);
#9173=AXIS2_PLACEMENT_3D('',#14647,#11218,#11219);
#9174=AXIS2_PLACEMENT_3D('',#14650,#11222,#11223);
#9175=AXIS2_PLACEMENT_3D('',#14652,#11225,#11226);
#9176=AXIS2_PLACEMENT_3D('',#14654,#11228,#11229);
#9177=AXIS2_PLACEMENT_3D('',#14655,#11230,#11231);
#9178=AXIS2_PLACEMENT_3D('',#14658,#11234,#11235);
#9179=AXIS2_PLACEMENT_3D('',#14660,#11237,#11238);
#9180=AXIS2_PLACEMENT_3D('',#14662,#11240,#11241);
#9181=AXIS2_PLACEMENT_3D('',#14663,#11242,#11243);
#9182=AXIS2_PLACEMENT_3D('',#14665,#11244,#11245);
#9183=AXIS2_PLACEMENT_3D('',#14666,#11246,#11247);
#9184=AXIS2_PLACEMENT_3D('',#14668,#11248,#11249);
#9185=AXIS2_PLACEMENT_3D('',#14670,#11251,#11252);
#9186=AXIS2_PLACEMENT_3D('',#14672,#11253,#11254);
#9187=AXIS2_PLACEMENT_3D('',#14673,#11255,#11256);
#9188=AXIS2_PLACEMENT_3D('',#14675,#11258,#11259);
#9189=AXIS2_PLACEMENT_3D('',#14677,#11261,#11262);
#9190=AXIS2_PLACEMENT_3D('',#14679,#11264,#11265);
#9191=AXIS2_PLACEMENT_3D('',#14681,#11267,#11268);
#9192=AXIS2_PLACEMENT_3D('',#14682,#11269,#11270);
#9193=AXIS2_PLACEMENT_3D('',#14684,#11272,#11273);
#9194=AXIS2_PLACEMENT_3D('',#14686,#11275,#11276);
#9195=AXIS2_PLACEMENT_3D('',#14687,#11277,#11278);
#9196=AXIS2_PLACEMENT_3D('',#14689,#11279,#11280);
#9197=AXIS2_PLACEMENT_3D('',#14690,#11281,#11282);
#9198=AXIS2_PLACEMENT_3D('',#14692,#11283,#11284);
#9199=AXIS2_PLACEMENT_3D('',#14694,#11286,#11287);
#9200=AXIS2_PLACEMENT_3D('',#14696,#11288,#11289);
#9201=AXIS2_PLACEMENT_3D('',#14697,#11290,#11291);
#9202=AXIS2_PLACEMENT_3D('',#14699,#11293,#11294);
#9203=AXIS2_PLACEMENT_3D('',#14701,#11296,#11297);
#9204=AXIS2_PLACEMENT_3D('',#14702,#11298,#11299);
#9205=AXIS2_PLACEMENT_3D('',#14703,#11300,#11301);
#9206=AXIS2_PLACEMENT_3D('',#14704,#11302,#11303);
#9207=AXIS2_PLACEMENT_3D('',#14710,#11307,#11308);
#9208=AXIS2_PLACEMENT_3D('',#14716,#11312,#11313);
#9209=AXIS2_PLACEMENT_3D('',#14722,#11317,#11318);
#9210=AXIS2_PLACEMENT_3D('',#14728,#11322,#11323);
#9211=AXIS2_PLACEMENT_3D('',#14734,#11327,#11328);
#9212=AXIS2_PLACEMENT_3D('',#14740,#11332,#11333);
#9213=AXIS2_PLACEMENT_3D('',#14746,#11337,#11338);
#9214=AXIS2_PLACEMENT_3D('',#14750,#11341,#11342);
#9215=AXIS2_PLACEMENT_3D('',#14758,#11347,#11348);
#9216=AXIS2_PLACEMENT_3D('',#14760,#11350,#11351);
#9217=AXIS2_PLACEMENT_3D('',#14764,#11354,#11355);
#9218=AXIS2_PLACEMENT_3D('',#14772,#11360,#11361);
#9219=AXIS2_PLACEMENT_3D('',#14774,#11363,#11364);
#9220=AXIS2_PLACEMENT_3D('',#14778,#11367,#11368);
#9221=AXIS2_PLACEMENT_3D('',#14786,#11373,#11374);
#9222=AXIS2_PLACEMENT_3D('',#14788,#11376,#11377);
#9223=AXIS2_PLACEMENT_3D('',#14792,#11380,#11381);
#9224=AXIS2_PLACEMENT_3D('',#14800,#11386,#11387);
#9225=AXIS2_PLACEMENT_3D('',#14802,#11389,#11390);
#9226=AXIS2_PLACEMENT_3D('',#14806,#11393,#11394);
#9227=AXIS2_PLACEMENT_3D('',#14814,#11399,#11400);
#9228=AXIS2_PLACEMENT_3D('',#14816,#11402,#11403);
#9229=AXIS2_PLACEMENT_3D('',#14820,#11406,#11407);
#9230=AXIS2_PLACEMENT_3D('',#14828,#11412,#11413);
#9231=AXIS2_PLACEMENT_3D('',#14830,#11415,#11416);
#9232=AXIS2_PLACEMENT_3D('',#14834,#11419,#11420);
#9233=AXIS2_PLACEMENT_3D('',#14842,#11425,#11426);
#9234=AXIS2_PLACEMENT_3D('',#14844,#11428,#11429);
#9235=AXIS2_PLACEMENT_3D('',#14848,#11432,#11433);
#9236=AXIS2_PLACEMENT_3D('',#14856,#11438,#11439);
#9237=AXIS2_PLACEMENT_3D('',#14858,#11441,#11442);
#9238=AXIS2_PLACEMENT_3D('',#14862,#11445,#11446);
#9239=AXIS2_PLACEMENT_3D('',#14870,#11451,#11452);
#9240=AXIS2_PLACEMENT_3D('',#14872,#11454,#11455);
#9241=AXIS2_PLACEMENT_3D('',#14876,#11458,#11459);
#9242=AXIS2_PLACEMENT_3D('',#14884,#11464,#11465);
#9243=AXIS2_PLACEMENT_3D('',#14886,#11467,#11468);
#9244=AXIS2_PLACEMENT_3D('',#14890,#11471,#11472);
#9245=AXIS2_PLACEMENT_3D('',#14898,#11477,#11478);
#9246=AXIS2_PLACEMENT_3D('',#14900,#11480,#11481);
#9247=AXIS2_PLACEMENT_3D('',#14904,#11484,#11485);
#9248=AXIS2_PLACEMENT_3D('',#14912,#11490,#11491);
#9249=AXIS2_PLACEMENT_3D('',#14914,#11493,#11494);
#9250=AXIS2_PLACEMENT_3D('',#14920,#11498,#11499);
#9251=AXIS2_PLACEMENT_3D('',#14926,#11503,#11504);
#9252=AXIS2_PLACEMENT_3D('',#14932,#11508,#11509);
#9253=AXIS2_PLACEMENT_3D('',#14938,#11513,#11514);
#9254=AXIS2_PLACEMENT_3D('',#14944,#11518,#11519);
#9255=AXIS2_PLACEMENT_3D('',#14950,#11523,#11524);
#9256=AXIS2_PLACEMENT_3D('',#14956,#11528,#11529);
#9257=AXIS2_PLACEMENT_3D('',#14962,#11533,#11534);
#9258=AXIS2_PLACEMENT_3D('',#14964,#11536,#11537);
#9259=AXIS2_PLACEMENT_3D('',#14966,#11539,#11540);
#9260=AXIS2_PLACEMENT_3D('',#14968,#11542,#11543);
#9261=AXIS2_PLACEMENT_3D('',#14970,#11545,#11546);
#9262=AXIS2_PLACEMENT_3D('',#14972,#11548,#11549);
#9263=AXIS2_PLACEMENT_3D('',#14974,#11551,#11552);
#9264=AXIS2_PLACEMENT_3D('',#14976,#11554,#11555);
#9265=AXIS2_PLACEMENT_3D('',#14978,#11557,#11558);
#9266=AXIS2_PLACEMENT_3D('',#14980,#11560,#11561);
#9267=AXIS2_PLACEMENT_3D('',#14982,#11563,#11564);
#9268=AXIS2_PLACEMENT_3D('',#14984,#11566,#11567);
#9269=AXIS2_PLACEMENT_3D('',#14986,#11569,#11570);
#9270=AXIS2_PLACEMENT_3D('',#14988,#11572,#11573);
#9271=AXIS2_PLACEMENT_3D('',#14990,#11575,#11576);
#9272=AXIS2_PLACEMENT_3D('',#14992,#11578,#11579);
#9273=AXIS2_PLACEMENT_3D('',#14994,#11581,#11582);
#9274=AXIS2_PLACEMENT_3D('',#14996,#11584,#11585);
#9275=AXIS2_PLACEMENT_3D('',#14998,#11587,#11588);
#9276=AXIS2_PLACEMENT_3D('',#15000,#11590,#11591);
#9277=AXIS2_PLACEMENT_3D('',#15002,#11593,#11594);
#9278=AXIS2_PLACEMENT_3D('',#15004,#11596,#11597);
#9279=AXIS2_PLACEMENT_3D('',#15006,#11599,#11600);
#9280=AXIS2_PLACEMENT_3D('',#15008,#11602,#11603);
#9281=AXIS2_PLACEMENT_3D('',#15010,#11605,#11606);
#9282=AXIS2_PLACEMENT_3D('',#15012,#11608,#11609);
#9283=AXIS2_PLACEMENT_3D('',#15014,#11611,#11612);
#9284=AXIS2_PLACEMENT_3D('',#15016,#11614,#11615);
#9285=AXIS2_PLACEMENT_3D('',#15018,#11617,#11618);
#9286=AXIS2_PLACEMENT_3D('',#15020,#11620,#11621);
#9287=AXIS2_PLACEMENT_3D('',#15022,#11623,#11624);
#9288=AXIS2_PLACEMENT_3D('',#15024,#11626,#11627);
#9289=AXIS2_PLACEMENT_3D('',#15026,#11629,#11630);
#9290=AXIS2_PLACEMENT_3D('',#15028,#11632,#11633);
#9291=AXIS2_PLACEMENT_3D('',#15030,#11635,#11636);
#9292=AXIS2_PLACEMENT_3D('',#15032,#11638,#11639);
#9293=AXIS2_PLACEMENT_3D('',#15034,#11641,#11642);
#9294=AXIS2_PLACEMENT_3D('',#15036,#11644,#11645);
#9295=AXIS2_PLACEMENT_3D('',#15038,#11647,#11648);
#9296=AXIS2_PLACEMENT_3D('',#15040,#11650,#11651);
#9297=AXIS2_PLACEMENT_3D('',#15042,#11653,#11654);
#9298=AXIS2_PLACEMENT_3D('',#15044,#11656,#11657);
#9299=AXIS2_PLACEMENT_3D('',#15046,#11659,#11660);
#9300=AXIS2_PLACEMENT_3D('',#15048,#11662,#11663);
#9301=AXIS2_PLACEMENT_3D('',#15050,#11665,#11666);
#9302=AXIS2_PLACEMENT_3D('',#15052,#11668,#11669);
#9303=AXIS2_PLACEMENT_3D('',#15054,#11671,#11672);
#9304=AXIS2_PLACEMENT_3D('',#15056,#11674,#11675);
#9305=AXIS2_PLACEMENT_3D('',#15058,#11677,#11678);
#9306=AXIS2_PLACEMENT_3D('',#15060,#11680,#11681);
#9307=AXIS2_PLACEMENT_3D('',#15062,#11683,#11684);
#9308=AXIS2_PLACEMENT_3D('',#15064,#11686,#11687);
#9309=AXIS2_PLACEMENT_3D('',#15066,#11689,#11690);
#9310=AXIS2_PLACEMENT_3D('',#15068,#11692,#11693);
#9311=AXIS2_PLACEMENT_3D('',#15069,#11694,#11695);
#9312=AXIS2_PLACEMENT_3D('',#15070,#11696,#11697);
#9313=AXIS2_PLACEMENT_3D('',#15071,#11698,#11699);
#9314=AXIS2_PLACEMENT_3D('',#15072,#11700,#11701);
#9315=AXIS2_PLACEMENT_3D('',#15073,#11702,#11703);
#9316=AXIS2_PLACEMENT_3D('',#15074,#11704,#11705);
#9317=AXIS2_PLACEMENT_3D('',#15075,#11706,#11707);
#9318=AXIS2_PLACEMENT_3D('',#15076,#11708,#11709);
#9319=AXIS2_PLACEMENT_3D('',#15077,#11710,#11711);
#9320=AXIS2_PLACEMENT_3D('',#15078,#11712,#11713);
#9321=AXIS2_PLACEMENT_3D('',#15079,#11714,#11715);
#9322=AXIS2_PLACEMENT_3D('',#15080,#11716,#11717);
#9323=AXIS2_PLACEMENT_3D('',#15081,#11718,#11719);
#9324=AXIS2_PLACEMENT_3D('',#15082,#11720,#11721);
#9325=AXIS2_PLACEMENT_3D('',#15083,#11722,#11723);
#9326=AXIS2_PLACEMENT_3D('',#15084,#11724,#11725);
#9327=AXIS2_PLACEMENT_3D('',#15085,#11726,#11727);
#9328=AXIS2_PLACEMENT_3D('',#15086,#11728,#11729);
#9329=AXIS2_PLACEMENT_3D('',#15087,#11730,#11731);
#9330=AXIS2_PLACEMENT_3D('',#15088,#11732,#11733);
#9331=AXIS2_PLACEMENT_3D('',#15089,#11734,#11735);
#9332=AXIS2_PLACEMENT_3D('',#15090,#11736,#11737);
#9333=AXIS2_PLACEMENT_3D('',#15091,#11738,#11739);
#9334=AXIS2_PLACEMENT_3D('',#15092,#11740,#11741);
#9335=AXIS2_PLACEMENT_3D('',#15093,#11742,#11743);
#9336=DIRECTION('axis',(0.,0.,1.));
#9337=DIRECTION('refdir',(1.,0.,0.));
#9338=DIRECTION('center_axis',(0.,-1.,0.));
#9339=DIRECTION('ref_axis',(0.384615384615409,0.,0.923076923076913));
#9340=DIRECTION('center_axis',(-2.6964675504135E-31,-1.,5.55111512312578E-16));
#9341=DIRECTION('ref_axis',(0.384615384615409,0.,0.923076923076913));
#9342=DIRECTION('',(0.,-1.,-6.12323399573676E-17));
#9343=DIRECTION('center_axis',(1.60758381714403E-124,-1.,-3.3094716224833E-109));
#9344=DIRECTION('ref_axis',(0.384615384615409,0.,0.923076923076913));
#9345=DIRECTION('',(0.,1.,0.));
#9346=DIRECTION('center_axis',(-2.6964675504135E-31,-1.,5.55111512312578E-16));
#9347=DIRECTION('ref_axis',(4.85752410210354E-16,-5.55111512312578E-16,
-1.));
#9348=DIRECTION('center_axis',(2.6964675504135E-31,1.,-5.55111512312578E-16));
#9349=DIRECTION('ref_axis',(1.,0.,4.85752410210354E-16));
#9350=DIRECTION('',(-1.,0.,-4.85752410210354E-16));
#9351=DIRECTION('',(0.,5.55111512312578E-16,1.));
#9352=DIRECTION('',(1.,0.,4.85752410210354E-16));
#9353=DIRECTION('',(0.,5.55111512312578E-16,1.));
#9354=DIRECTION('',(-1.,0.,-4.85752410210354E-16));
#9355=DIRECTION('center_axis',(2.6964675504135E-31,1.,-5.55111512312578E-16));
#9356=DIRECTION('ref_axis',(1.,0.,4.85752410210354E-16));
#9357=DIRECTION('center_axis',(2.6964675504135E-31,1.,-5.55111512312578E-16));
#9358=DIRECTION('ref_axis',(1.,0.,4.85752410210354E-16));
#9359=DIRECTION('',(-1.,0.,-4.85752410210354E-16));
#9360=DIRECTION('center_axis',(2.6964675504135E-31,1.,-5.55111512312578E-16));
#9361=DIRECTION('ref_axis',(1.,0.,7.20289924860781E-47));
#9362=DIRECTION('center_axis',(0.,-1.,0.));
#9363=DIRECTION('ref_axis',(1.,0.,4.85752410210354E-16));
#9364=DIRECTION('center_axis',(1.60758381714403E-124,-1.,-3.3094716224833E-109));
#9365=DIRECTION('ref_axis',(1.,0.,4.85752410210354E-16));
#9366=DIRECTION('',(0.,-1.,0.));
#9367=DIRECTION('center_axis',(0.,-1.,-6.12323399573676E-17));
#9368=DIRECTION('ref_axis',(-0.945945945945945,0.,-0.324324324324327));
#9369=DIRECTION('center_axis',(1.60758381714403E-124,-1.,-3.3094716224833E-109));
#9370=DIRECTION('ref_axis',(-0.945945945945945,0.,-0.324324324324327));
#9371=DIRECTION('',(0.,1.,6.12323399573676E-17));
#9372=DIRECTION('center_axis',(1.,0.,4.85752410210354E-16));
#9373=DIRECTION('ref_axis',(0.,-0.707106781186548,0.707106781186548));
#9374=DIRECTION('',(1.,0.,4.85752410210354E-16));
#9375=DIRECTION('center_axis',(-1.,0.,0.));
#9376=DIRECTION('ref_axis',(0.,-0.707106781186548,0.707106781186548));
#9377=DIRECTION('center_axis',(0.,1.,0.));
#9378=DIRECTION('ref_axis',(-0.945945945945952,0.,0.324324324324305));
#9379=DIRECTION('',(0.,-1.,-6.12323399573676E-17));
#9380=DIRECTION('center_axis',(0.,-1.,3.3094716224833E-109));
#9381=DIRECTION('ref_axis',(-0.945945945945952,0.,0.324324324324305));
#9382=DIRECTION('',(0.,1.,0.));
#9383=DIRECTION('center_axis',(1.,0.,0.));
#9384=DIRECTION('ref_axis',(0.,-0.707106781186548,-0.707106781186548));
#9385=DIRECTION('',(1.,0.,0.));
#9386=DIRECTION('center_axis',(-1.,0.,0.));
#9387=DIRECTION('ref_axis',(0.,-0.707106781186548,-0.707106781186547));
#9388=DIRECTION('',(-1.,0.,0.));
#9389=DIRECTION('center_axis',(0.,1.,0.));
#9390=DIRECTION('ref_axis',(1.,0.,1.14508252625213E-46));
#9391=DIRECTION('center_axis',(0.,1.,-3.3094716224833E-109));
#9392=DIRECTION('ref_axis',(1.,0.,1.14508252625213E-46));
#9393=DIRECTION('',(0.,-1.,0.));
#9394=DIRECTION('center_axis',(0.,1.,5.55111512312578E-16));
#9395=DIRECTION('ref_axis',(1.,0.,1.14508252625213E-46));
#9396=DIRECTION('center_axis',(0.,-1.,0.));
#9397=DIRECTION('ref_axis',(0.384615384615407,0.,-0.923076923076913));
#9398=DIRECTION('center_axis',(0.,-1.,-5.55111512312578E-16));
#9399=DIRECTION('ref_axis',(0.384615384615407,0.,-0.923076923076913));
#9400=DIRECTION('center_axis',(0.,-1.,3.3094716224833E-109));
#9401=DIRECTION('ref_axis',(0.384615384615407,0.,-0.923076923076913));
#9402=DIRECTION('',(0.,1.,6.12323399573676E-17));
#9403=DIRECTION('center_axis',(0.,1.,5.55111512312578E-16));
#9404=DIRECTION('ref_axis',(-7.20289924860781E-47,-5.55111512312578E-16,
1.));
#9405=DIRECTION('center_axis',(0.,1.,5.55111512312578E-16));
#9406=DIRECTION('ref_axis',(1.,0.,7.20289924860781E-47));
#9407=DIRECTION('',(1.,0.,0.));
#9408=DIRECTION('center_axis',(0.,1.,5.55111512312578E-16));
#9409=DIRECTION('ref_axis',(1.,0.,1.14508252625213E-46));
#9410=DIRECTION('center_axis',(0.,1.,5.55111512312578E-16));
#9411=DIRECTION('ref_axis',(1.,0.,1.14508252625213E-46));
#9412=DIRECTION('',(1.,0.,0.));
#9413=DIRECTION('',(0.,5.55111512312578E-16,-1.));
#9414=DIRECTION('',(-1.,0.,0.));
#9415=DIRECTION('',(0.,-5.55111512312578E-16,1.));
#9416=DIRECTION('center_axis',(1.37388203459655E-46,-1.,1.60872780095562E-31));
#9417=DIRECTION('ref_axis',(0.707106781186548,0.,0.707106781186547));
#9418=DIRECTION('center_axis',(5.55111512312591E-17,1.,-2.2186712959341E-31));
#9419=DIRECTION('ref_axis',(0.707106781186548,0.,0.707106781186547));
#9420=DIRECTION('',(1.37388203459655E-46,-1.,1.60872780095562E-31));
#9421=DIRECTION('center_axis',(-0.413802944301184,-0.910366477462605,3.14990315622815E-15));
#9422=DIRECTION('ref_axis',(0.910366477462605,-0.413802944301184,-6.88546067685757E-15));
#9423=DIRECTION('',(-1.37388203459655E-46,1.,-1.60872780095562E-31));
#9424=DIRECTION('',(0.,1.,0.));
#9425=DIRECTION('',(-1.37388203459655E-46,1.,-1.60872780095562E-31));
#9426=DIRECTION('',(0.,1.,0.));
#9427=DIRECTION('',(-1.37388203459655E-46,1.,-1.60872780095562E-31));
#9428=DIRECTION('',(0.,1.,0.));
#9429=DIRECTION('',(-1.37388203459655E-46,1.,-1.60872780095562E-31));
#9430=DIRECTION('',(0.,1.,0.));
#9431=DIRECTION('',(-1.37388203459655E-46,1.,-1.60872780095562E-31));
#9432=DIRECTION('',(0.,1.,0.));
#9433=DIRECTION('',(-1.37388203459655E-46,1.,-1.60872780095562E-31));
#9434=DIRECTION('',(0.,1.,0.));
#9435=DIRECTION('',(-1.37388203459655E-46,1.,-1.60872780095562E-31));
#9436=DIRECTION('',(0.,1.,0.));
#9437=DIRECTION('',(-1.37388203459655E-46,1.,-1.60872780095562E-31));
#9438=DIRECTION('',(0.,1.,0.));
#9439=DIRECTION('',(-1.37388203459655E-46,1.,-1.60872780095562E-31));
#9440=DIRECTION('',(0.,1.,0.));
#9441=DIRECTION('',(-1.37388203459655E-46,1.,-1.60872780095562E-31));
#9442=DIRECTION('',(0.,1.,0.));
#9443=DIRECTION('',(-1.37388203459655E-46,1.,-1.60872780095562E-31));
#9444=DIRECTION('',(0.,1.,0.));
#9445=DIRECTION('',(-1.37388203459655E-46,1.,-1.60872780095562E-31));
#9446=DIRECTION('',(0.,1.,0.));
#9447=DIRECTION('',(-1.37388203459655E-46,1.,-1.60872780095562E-31));
#9448=DIRECTION('',(0.,1.,0.));
#9449=DIRECTION('',(-1.37388203459655E-46,1.,-1.60872780095562E-31));
#9450=DIRECTION('',(0.,1.,0.));
#9451=DIRECTION('',(-1.37388203459655E-46,1.,-1.60872780095562E-31));
#9452=DIRECTION('',(0.,1.,0.));
#9453=DIRECTION('',(-1.37388203459655E-46,1.,-1.60872780095562E-31));
#9454=DIRECTION('',(0.,1.,0.));
#9455=DIRECTION('',(-1.37388203459655E-46,1.,-1.60872780095562E-31));
#9456=DIRECTION('',(0.,1.,0.));
#9457=DIRECTION('',(-1.37388203459655E-46,1.,-1.60872780095562E-31));
#9458=DIRECTION('',(0.,1.,0.));
#9459=DIRECTION('',(-1.37388203459655E-46,1.,-1.60872780095562E-31));
#9460=DIRECTION('',(0.,1.,0.));
#9461=DIRECTION('',(-1.37388203459655E-46,1.,-1.60872780095562E-31));
#9462=DIRECTION('',(0.,1.,0.));
#9463=DIRECTION('',(-1.37388203459655E-46,1.,-1.60872780095562E-31));
#9464=DIRECTION('',(0.,1.,0.));
#9465=DIRECTION('',(-1.37388203459655E-46,1.,-1.60872780095562E-31));
#9466=DIRECTION('',(0.,1.,0.));
#9467=DIRECTION('',(-1.37388203459655E-46,1.,-1.60872780095562E-31));
#9468=DIRECTION('',(0.,1.,0.));
#9469=DIRECTION('',(-1.37388203459655E-46,1.,-1.60872780095562E-31));
#9470=DIRECTION('',(0.,1.,0.));
#9471=DIRECTION('',(-1.37388203459655E-46,1.,-1.60872780095562E-31));
#9472=DIRECTION('',(0.,1.,0.));
#9473=DIRECTION('',(-1.37388203459655E-46,1.,-1.60872780095562E-31));
#9474=DIRECTION('',(0.,1.,0.));
#9475=DIRECTION('center_axis',(-1.09877651868083E-15,-1.60872780095562E-31,
-1.));
#9476=DIRECTION('ref_axis',(-5.55111512312591E-17,-1.,2.2186712959341E-31));
#9477=DIRECTION('',(0.939692620785908,0.342020143325669,-1.0325121864972E-15));
#9478=DIRECTION('',(-0.939692620785908,0.342020143325669,1.0325121864972E-15));
#9479=DIRECTION('',(-5.55111512312591E-17,-1.,2.02064781050468E-32));
#9480=DIRECTION('',(-0.939692620785908,0.342020143325669,1.0325121864972E-15));
#9481=DIRECTION('',(0.939692620785908,0.342020143325669,-1.0325121864972E-15));
#9482=DIRECTION('center_axis',(-1.09877651868083E-15,-1.60872780095562E-31,
-1.));
#9483=DIRECTION('ref_axis',(-5.55111512312591E-17,-1.,2.2186712959341E-31));
#9484=DIRECTION('',(0.939692620785908,0.342020143325669,-1.0325121864972E-15));
#9485=DIRECTION('',(-0.939692620785908,0.342020143325669,1.0325121864972E-15));
#9486=DIRECTION('',(-5.55111512312591E-17,-1.,2.02064781050468E-32));
#9487=DIRECTION('',(-0.939692620785908,0.342020143325669,1.0325121864972E-15));
#9488=DIRECTION('',(0.939692620785908,0.342020143325669,-1.0325121864972E-15));
#9489=DIRECTION('center_axis',(-1.09877651868083E-15,-1.60872780095562E-31,
-1.));
#9490=DIRECTION('ref_axis',(-5.55111512312591E-17,-1.,2.2186712959341E-31));
#9491=DIRECTION('',(0.939692620785908,0.342020143325669,-1.0325121864972E-15));
#9492=DIRECTION('',(-0.939692620785908,0.342020143325669,1.0325121864972E-15));
#9493=DIRECTION('',(-5.55111512312591E-17,-1.,2.02064781050468E-32));
#9494=DIRECTION('',(-0.939692620785908,0.342020143325669,1.0325121864972E-15));
#9495=DIRECTION('',(0.939692620785908,0.342020143325669,-1.0325121864972E-15));
#9496=DIRECTION('center_axis',(-1.09877651868083E-15,-1.60872780095562E-31,
-1.));
#9497=DIRECTION('ref_axis',(-5.55111512312591E-17,-1.,2.2186712959341E-31));
#9498=DIRECTION('',(0.939692620785908,0.342020143325669,-1.0325121864972E-15));
#9499=DIRECTION('',(-0.939692620785908,0.342020143325669,1.0325121864972E-15));
#9500=DIRECTION('',(-5.55111512312591E-17,-1.,2.02064781050468E-32));
#9501=DIRECTION('',(-0.939692620785908,0.342020143325669,1.0325121864972E-15));
#9502=DIRECTION('',(0.939692620785908,0.342020143325669,-1.0325121864972E-15));
#9503=DIRECTION('center_axis',(-1.09877651868083E-15,-1.60872780095562E-31,
-1.));
#9504=DIRECTION('ref_axis',(-5.55111512312591E-17,-1.,2.2186712959341E-31));
#9505=DIRECTION('',(0.939692620785908,0.342020143325669,-1.0325121864972E-15));
#9506=DIRECTION('',(-0.939692620785908,0.342020143325669,1.0325121864972E-15));
#9507=DIRECTION('',(-5.55111512312591E-17,-1.,2.02064781050468E-32));
#9508=DIRECTION('',(-0.939692620785908,0.342020143325669,1.0325121864972E-15));
#9509=DIRECTION('',(0.939692620785908,0.342020143325669,-1.0325121864972E-15));
#9510=DIRECTION('center_axis',(-1.09877651868083E-15,-1.60872780095562E-31,
-1.));
#9511=DIRECTION('ref_axis',(-5.55111512312591E-17,-1.,2.2186712959341E-31));
#9512=DIRECTION('',(0.939692620785908,0.342020143325669,-1.0325121864972E-15));
#9513=DIRECTION('',(-0.939692620785908,0.342020143325669,1.0325121864972E-15));
#9514=DIRECTION('',(-5.55111512312591E-17,-1.,2.02064781050468E-32));
#9515=DIRECTION('',(-0.939692620785908,0.342020143325669,1.0325121864972E-15));
#9516=DIRECTION('',(0.939692620785908,0.342020143325669,-1.0325121864972E-15));
#9517=DIRECTION('center_axis',(-1.09877651868083E-15,-1.60872780095562E-31,
-1.));
#9518=DIRECTION('ref_axis',(-5.55111512312591E-17,-1.,2.2186712959341E-31));
#9519=DIRECTION('',(0.939692620785908,0.342020143325669,-1.0325121864972E-15));
#9520=DIRECTION('',(-0.939692620785908,0.342020143325669,1.0325121864972E-15));
#9521=DIRECTION('',(-5.55111512312591E-17,-1.,2.02064781050468E-32));
#9522=DIRECTION('',(-0.939692620785908,0.342020143325669,1.0325121864972E-15));
#9523=DIRECTION('',(0.939692620785908,0.342020143325669,-1.0325121864972E-15));
#9524=DIRECTION('center_axis',(-1.09877651868083E-15,-1.60872780095562E-31,
-1.));
#9525=DIRECTION('ref_axis',(-5.55111512312591E-17,-1.,2.2186712959341E-31));
#9526=DIRECTION('',(0.939692620785908,0.342020143325669,-1.0325121864972E-15));
#9527=DIRECTION('',(-0.939692620785908,0.342020143325669,1.0325121864972E-15));
#9528=DIRECTION('',(-5.55111512312591E-17,-1.,2.02064781050468E-32));
#9529=DIRECTION('',(-0.939692620785908,0.342020143325669,1.0325121864972E-15));
#9530=DIRECTION('',(0.939692620785908,0.342020143325669,-1.0325121864972E-15));
#9531=DIRECTION('center_axis',(-1.09877651868083E-15,-1.60872780095562E-31,
-1.));
#9532=DIRECTION('ref_axis',(-5.55111512312591E-17,-1.,2.2186712959341E-31));
#9533=DIRECTION('',(0.939692620785908,0.342020143325669,-1.0325121864972E-15));
#9534=DIRECTION('',(-0.939692620785908,0.342020143325669,1.0325121864972E-15));
#9535=DIRECTION('',(-5.55111512312591E-17,-1.,2.02064781050468E-32));
#9536=DIRECTION('',(-0.939692620785908,0.342020143325669,1.0325121864972E-15));
#9537=DIRECTION('',(0.939692620785908,0.342020143325669,-1.0325121864972E-15));
#9538=DIRECTION('center_axis',(-1.09877651868083E-15,-1.60872780095562E-31,
-1.));
#9539=DIRECTION('ref_axis',(-5.55111512312591E-17,-1.,2.2186712959341E-31));
#9540=DIRECTION('',(0.939692620785908,0.342020143325669,-1.0325121864972E-15));
#9541=DIRECTION('',(-0.939692620785908,0.342020143325669,1.0325121864972E-15));
#9542=DIRECTION('',(-5.55111512312591E-17,-1.,2.02064781050468E-32));
#9543=DIRECTION('',(-0.939692620785908,0.342020143325669,1.0325121864972E-15));
#9544=DIRECTION('',(0.939692620785908,0.342020143325669,-1.0325121864972E-15));
#9545=DIRECTION('center_axis',(-1.09877651868083E-15,-1.60872780095562E-31,
-1.));
#9546=DIRECTION('ref_axis',(-5.55111512312591E-17,-1.,2.2186712959341E-31));
#9547=DIRECTION('',(0.939692620785908,0.342020143325669,-1.0325121864972E-15));
#9548=DIRECTION('',(-0.939692620785908,0.342020143325669,1.0325121864972E-15));
#9549=DIRECTION('',(-5.55111512312591E-17,-1.,2.02064781050468E-32));
#9550=DIRECTION('',(-0.939692620785908,0.342020143325669,1.0325121864972E-15));
#9551=DIRECTION('',(0.939692620785908,0.342020143325669,-1.0325121864972E-15));
#9552=DIRECTION('center_axis',(-1.09877651868083E-15,-1.60872780095562E-31,
-1.));
#9553=DIRECTION('ref_axis',(-5.55111512312591E-17,-1.,2.2186712959341E-31));
#9554=DIRECTION('',(0.910366477462605,-0.413802944301184,-1.00028930883009E-15));
#9555=DIRECTION('',(-5.55111512312591E-17,-1.,2.02064781050468E-32));
#9556=DIRECTION('',(-0.939692620785908,0.342020143325669,1.0325121864972E-15));
#9557=DIRECTION('',(0.939692620785908,0.342020143325669,-1.0325121864972E-15));
#9558=DIRECTION('center_axis',(-1.09877651868083E-15,-1.60872780095562E-31,
-1.));
#9559=DIRECTION('ref_axis',(-5.55111512312591E-17,-1.,2.2186712959341E-31));
#9560=DIRECTION('',(0.939692620785908,0.342020143325669,-1.0325121864972E-15));
#9561=DIRECTION('',(-0.939692620785908,0.342020143325669,1.0325121864972E-15));
#9562=DIRECTION('',(-5.55111512312591E-17,-1.,2.02064781050468E-32));
#9563=DIRECTION('',(-0.939692620785908,0.342020143325669,1.0325121864972E-15));
#9564=DIRECTION('',(0.939692620785908,0.342020143325669,-1.0325121864972E-15));
#9565=DIRECTION('center_axis',(-1.09877651868083E-15,-1.60872780095562E-31,
-1.));
#9566=DIRECTION('ref_axis',(-5.55111512312591E-17,-1.,2.2186712959341E-31));
#9567=DIRECTION('',(0.939692620785908,0.342020143325669,-1.0325121864972E-15));
#9568=DIRECTION('',(-0.939692620785908,0.342020143325669,1.0325121864972E-15));
#9569=DIRECTION('',(-5.55111512312591E-17,-1.,2.02064781050468E-32));
#9570=DIRECTION('',(-0.939692620785908,0.342020143325669,1.0325121864972E-15));
#9571=DIRECTION('',(0.939692620785908,0.342020143325669,-1.0325121864972E-15));
#9572=DIRECTION('center_axis',(-1.09877651868083E-15,-1.60872780095562E-31,
-1.));
#9573=DIRECTION('ref_axis',(-5.55111512312591E-17,-1.,2.2186712959341E-31));
#9574=DIRECTION('',(0.939692620785908,0.342020143325669,-1.0325121864972E-15));
#9575=DIRECTION('',(-0.939692620785908,0.342020143325669,1.0325121864972E-15));
#9576=DIRECTION('',(-5.55111512312591E-17,-1.,2.02064781050468E-32));
#9577=DIRECTION('',(-0.939692620785908,0.342020143325669,1.0325121864972E-15));
#9578=DIRECTION('',(0.939692620785908,0.342020143325669,-1.0325121864972E-15));
#9579=DIRECTION('center_axis',(-1.09877651868083E-15,-1.60872780095562E-31,
-1.));
#9580=DIRECTION('ref_axis',(-5.55111512312591E-17,-1.,2.2186712959341E-31));
#9581=DIRECTION('',(0.939692620785908,0.342020143325669,-1.0325121864972E-15));
#9582=DIRECTION('',(-0.939692620785908,0.342020143325669,1.0325121864972E-15));
#9583=DIRECTION('',(-5.55111512312591E-17,-1.,2.02064781050468E-32));
#9584=DIRECTION('',(-0.939692620785908,0.342020143325669,1.0325121864972E-15));
#9585=DIRECTION('',(0.939692620785908,0.342020143325669,-1.0325121864972E-15));
#9586=DIRECTION('center_axis',(-1.09877651868083E-15,-1.60872780095562E-31,
-1.));
#9587=DIRECTION('ref_axis',(-5.55111512312591E-17,-1.,2.2186712959341E-31));
#9588=DIRECTION('',(0.939692620785908,0.342020143325669,-1.0325121864972E-15));
#9589=DIRECTION('',(-0.939692620785908,0.342020143325669,1.0325121864972E-15));
#9590=DIRECTION('',(-5.55111512312591E-17,-1.,2.02064781050468E-32));
#9591=DIRECTION('',(-0.939692620785908,0.342020143325669,1.0325121864972E-15));
#9592=DIRECTION('',(0.939692620785908,0.342020143325669,-1.0325121864972E-15));
#9593=DIRECTION('center_axis',(-1.09877651868083E-15,-1.60872780095562E-31,
-1.));
#9594=DIRECTION('ref_axis',(-5.55111512312591E-17,-1.,2.2186712959341E-31));
#9595=DIRECTION('',(0.939692620785908,0.342020143325669,-1.0325121864972E-15));
#9596=DIRECTION('',(-0.939692620785908,0.342020143325669,1.0325121864972E-15));
#9597=DIRECTION('',(-5.55111512312591E-17,-1.,2.02064781050468E-32));
#9598=DIRECTION('',(-0.939692620785908,0.342020143325669,1.0325121864972E-15));
#9599=DIRECTION('',(0.939692620785908,0.342020143325669,-1.0325121864972E-15));
#9600=DIRECTION('center_axis',(-1.09877651868083E-15,-1.60872780095562E-31,
-1.));
#9601=DIRECTION('ref_axis',(-5.55111512312591E-17,-1.,2.2186712959341E-31));
#9602=DIRECTION('',(0.939692620785908,0.342020143325669,-1.0325121864972E-15));
#9603=DIRECTION('',(-0.939692620785908,0.342020143325669,1.0325121864972E-15));
#9604=DIRECTION('',(-5.55111512312591E-17,-1.,2.02064781050468E-32));
#9605=DIRECTION('',(-0.939692620785908,0.342020143325669,1.0325121864972E-15));
#9606=DIRECTION('',(0.939692620785908,0.342020143325669,-1.0325121864972E-15));
#9607=DIRECTION('center_axis',(-1.09877651868083E-15,-1.60872780095562E-31,
-1.));
#9608=DIRECTION('ref_axis',(-5.55111512312591E-17,-1.,2.2186712959341E-31));
#9609=DIRECTION('',(0.939692620785908,0.342020143325669,-1.0325121864972E-15));
#9610=DIRECTION('',(-0.939692620785908,0.342020143325669,1.0325121864972E-15));
#9611=DIRECTION('',(-5.55111512312591E-17,-1.,2.02064781050468E-32));
#9612=DIRECTION('',(-0.939692620785908,0.342020143325669,1.0325121864972E-15));
#9613=DIRECTION('',(0.939692620785908,0.342020143325669,-1.0325121864972E-15));
#9614=DIRECTION('center_axis',(-1.09877651868083E-15,-1.60872780095562E-31,
-1.));
#9615=DIRECTION('ref_axis',(-5.55111512312591E-17,-1.,2.2186712959341E-31));
#9616=DIRECTION('',(0.939692620785908,0.342020143325669,-1.0325121864972E-15));
#9617=DIRECTION('',(-0.939692620785908,0.342020143325669,1.0325121864972E-15));
#9618=DIRECTION('',(-5.55111512312591E-17,-1.,2.02064781050468E-32));
#9619=DIRECTION('',(-0.939692620785908,0.342020143325669,1.0325121864972E-15));
#9620=DIRECTION('',(0.939692620785908,0.342020143325669,-1.0325121864972E-15));
#9621=DIRECTION('center_axis',(-1.09877651868083E-15,-1.60872780095562E-31,
-1.));
#9622=DIRECTION('ref_axis',(-5.55111512312591E-17,-1.,2.2186712959341E-31));
#9623=DIRECTION('',(0.939692620785908,0.342020143325669,-1.0325121864972E-15));
#9624=DIRECTION('',(-0.939692620785908,0.342020143325669,1.0325121864972E-15));
#9625=DIRECTION('',(-5.55111512312591E-17,-1.,2.02064781050468E-32));
#9626=DIRECTION('',(-0.939692620785908,0.342020143325669,1.0325121864972E-15));
#9627=DIRECTION('',(0.939692620785908,0.342020143325669,-1.0325121864972E-15));
#9628=DIRECTION('center_axis',(-1.09877651868083E-15,-1.60872780095562E-31,
-1.));
#9629=DIRECTION('ref_axis',(-5.55111512312591E-17,-1.,2.2186712959341E-31));
#9630=DIRECTION('',(0.939692620785908,0.342020143325669,-1.0325121864972E-15));
#9631=DIRECTION('',(-0.939692620785908,0.342020143325669,1.0325121864972E-15));
#9632=DIRECTION('',(-5.55111512312591E-17,-1.,2.02064781050468E-32));
#9633=DIRECTION('',(-0.939692620785908,0.342020143325669,1.0325121864972E-15));
#9634=DIRECTION('',(0.939692620785908,0.342020143325669,-1.0325121864972E-15));
#9635=DIRECTION('center_axis',(-1.09877651868083E-15,-1.60872780095562E-31,
-1.));
#9636=DIRECTION('ref_axis',(-5.55111512312591E-17,-1.,2.2186712959341E-31));
#9637=DIRECTION('',(0.939692620785908,0.342020143325669,-1.0325121864972E-15));
#9638=DIRECTION('',(-0.939692620785908,0.342020143325669,1.0325121864972E-15));
#9639=DIRECTION('',(-5.55111512312591E-17,-1.,2.02064781050468E-32));
#9640=DIRECTION('',(-0.939692620785908,0.342020143325669,1.0325121864972E-15));
#9641=DIRECTION('',(0.939692620785908,0.342020143325669,-1.0325121864972E-15));
#9642=DIRECTION('center_axis',(-1.09877651868083E-15,-1.60872780095562E-31,
-1.));
#9643=DIRECTION('ref_axis',(-5.55111512312591E-17,-1.,2.2186712959341E-31));
#9644=DIRECTION('',(0.939692620785908,0.342020143325669,-1.0325121864972E-15));
#9645=DIRECTION('',(-0.939692620785908,0.342020143325669,1.0325121864972E-15));
#9646=DIRECTION('',(-5.55111512312591E-17,-1.,2.02064781050468E-32));
#9647=DIRECTION('',(-0.939692620785908,0.342020143325669,1.0325121864972E-15));
#9648=DIRECTION('',(0.939692620785908,0.342020143325669,-1.0325121864972E-15));
#9649=DIRECTION('center_axis',(-1.09877651868083E-15,-1.60872780095562E-31,
-1.));
#9650=DIRECTION('ref_axis',(-5.55111512312591E-17,-1.,2.2186712959341E-31));
#9651=DIRECTION('',(0.939692620785908,0.342020143325669,-1.0325121864972E-15));
#9652=DIRECTION('',(-0.939692620785908,0.342020143325669,1.0325121864972E-15));
#9653=DIRECTION('',(-5.55111512312591E-17,-1.,2.02064781050468E-32));
#9654=DIRECTION('',(-0.939692620785908,0.342020143325669,1.0325121864972E-15));
#9655=DIRECTION('',(0.939692620785908,0.342020143325669,-1.0325121864972E-15));
#9656=DIRECTION('center_axis',(-1.,0.,8.54017711250118E-16));
#9657=DIRECTION('ref_axis',(8.54017711250118E-16,-4.21063240482215E-48,
1.));
#9658=DIRECTION('',(-8.54017711250118E-16,-1.74459623270031E-31,-1.));
#9659=DIRECTION('',(0.,1.,0.));
#9660=DIRECTION('',(-8.54017711250118E-16,-3.07184873571135E-15,-1.));
#9661=DIRECTION('center_axis',(0.,-1.,0.));
#9662=DIRECTION('ref_axis',(0.707106781186551,0.,-0.707106781186544));
#9663=DIRECTION('center_axis',(0.,-1.,0.));
#9664=DIRECTION('ref_axis',(0.,0.,-1.));
#9665=DIRECTION('',(0.,-1.,0.));
#9666=DIRECTION('center_axis',(0.,1.,0.));
#9667=DIRECTION('ref_axis',(1.,0.,-4.44089209850056E-15));
#9668=DIRECTION('',(0.,1.,0.));
#9669=DIRECTION('center_axis',(-3.80016884055577E-16,0.,1.));
#9670=DIRECTION('ref_axis',(1.,0.,0.));
#9671=DIRECTION('center_axis',(1.,0.,0.));
#9672=DIRECTION('ref_axis',(0.,-1.,-4.44089209850064E-15));
#9673=DIRECTION('center_axis',(-3.80016884055577E-16,0.,1.));
#9674=DIRECTION('ref_axis',(0.707106781186548,-0.707106781186548,2.68712515681081E-16));
#9675=DIRECTION('center_axis',(3.80016884055577E-16,0.,-1.));
#9676=DIRECTION('ref_axis',(0.707106781186548,-0.707106781186548,2.7755575615629E-16));
#9677=DIRECTION('center_axis',(1.,1.12507598513283E-30,3.80016884055577E-16));
#9678=DIRECTION('ref_axis',(0.,-0.707106781186541,-0.707106781186554));
#9679=DIRECTION('center_axis',(1.,0.,0.));
#9680=DIRECTION('ref_axis',(0.,-1.,4.44089209850072E-15));
#9681=DIRECTION('',(1.,1.12507598513283E-30,3.80016884055577E-16));
#9682=DIRECTION('',(-1.,-1.12507598513283E-30,-3.80016884055577E-16));
#9683=DIRECTION('center_axis',(-3.80016884055577E-16,0.,1.));
#9684=DIRECTION('ref_axis',(1.,0.,0.));
#9685=DIRECTION('center_axis',(0.,-1.,0.));
#9686=DIRECTION('ref_axis',(-1.,0.,0.));
#9687=DIRECTION('center_axis',(-3.80016884055577E-16,0.,1.));
#9688=DIRECTION('ref_axis',(-0.707106781186545,-0.70710678118655,-2.6871251568108E-16));
#9689=DIRECTION('center_axis',(3.80016884055577E-16,0.,-1.));
#9690=DIRECTION('ref_axis',(-0.707106781186545,-0.70710678118655,-2.77555756156289E-16));
#9691=DIRECTION('center_axis',(0.,-1.,0.));
#9692=DIRECTION('ref_axis',(-0.707106781186544,0.,-0.707106781186551));
#9693=DIRECTION('center_axis',(0.,-1.,0.));
#9694=DIRECTION('ref_axis',(-1.,0.,-4.44089209850064E-15));
#9695=DIRECTION('',(0.,-1.,0.));
#9696=DIRECTION('',(0.,1.,0.));
#9697=DIRECTION('center_axis',(-3.80016884055577E-16,0.,1.));
#9698=DIRECTION('ref_axis',(1.,0.,0.));
#9699=DIRECTION('center_axis',(-1.,0.,0.));
#9700=DIRECTION('ref_axis',(0.,1.,0.));
#9701=DIRECTION('center_axis',(-3.80016884055577E-16,0.,1.));
#9702=DIRECTION('ref_axis',(-0.707106781186548,0.707106781186547,-2.68712515681081E-16));
#9703=DIRECTION('center_axis',(3.80016884055577E-16,0.,-1.));
#9704=DIRECTION('ref_axis',(-0.707106781186548,0.707106781186547,-2.77555756156289E-16));
#9705=DIRECTION('center_axis',(1.,3.49928723297575E-125,3.80016884055577E-16));
#9706=DIRECTION('ref_axis',(0.,0.707106781186544,-0.707106781186551));
#9707=DIRECTION('center_axis',(-1.,0.,0.));
#9708=DIRECTION('ref_axis',(0.,1.,4.44089209850064E-15));
#9709=DIRECTION('',(-1.,-3.49928723297575E-125,-3.80016884055577E-16));
#9710=DIRECTION('',(1.,3.49928723297575E-125,3.80016884055577E-16));
#9711=DIRECTION('center_axis',(-3.80016884055577E-16,0.,1.));
#9712=DIRECTION('ref_axis',(1.,0.,0.));
#9713=DIRECTION('center_axis',(3.80016884055577E-16,0.,-1.));
#9714=DIRECTION('ref_axis',(0.707106781186547,0.707106781186548,2.7755575615629E-16));
#9715=DIRECTION('center_axis',(-3.80016884055577E-16,0.,1.));
#9716=DIRECTION('ref_axis',(0.707106781186547,0.707106781186548,2.68712515681081E-16));
#9717=DIRECTION('center_axis',(0.,-2.96059473233375E-15,-1.));
#9718=DIRECTION('ref_axis',(-0.707106781186549,-0.707106781186546,1.57009245868378E-15));
#9719=DIRECTION('',(0.,2.96059473233375E-15,1.));
#9720=DIRECTION('center_axis',(-2.42876205105177E-16,0.,1.));
#9721=DIRECTION('ref_axis',(-0.70710678118655,-0.707106781186545,-1.38777878078145E-16));
#9722=DIRECTION('',(0.,-2.96059473233375E-15,-1.));
#9723=DIRECTION('center_axis',(0.,-1.,2.96059473233375E-15));
#9724=DIRECTION('ref_axis',(7.20289924860781E-47,-2.96059473233375E-15,
-1.));
#9725=DIRECTION('',(0.,-2.96059473233375E-15,-1.));
#9726=DIRECTION('',(1.,3.1304004175437E-31,1.05735526154777E-16));
#9727=DIRECTION('',(1.09877651868083E-15,2.96059473233375E-15,1.));
#9728=DIRECTION('',(-7.20289924860781E-47,2.96059473233375E-15,1.));
#9729=DIRECTION('center_axis',(0.,-1.,2.96059473233375E-15));
#9730=DIRECTION('ref_axis',(0.707106781186546,-2.09345661157837E-15,-0.707106781186549));
#9731=DIRECTION('',(1.,1.4381160268872E-30,4.85752410210354E-16));
#9732=DIRECTION('center_axis',(0.,-1.,2.96059473233375E-15));
#9733=DIRECTION('ref_axis',(-0.707106781186547,-2.09345661157837E-15,-0.707106781186548));
#9734=DIRECTION('',(7.20289924860781E-47,-2.96059473233375E-15,-1.));
#9735=DIRECTION('center_axis',(0.,-1.,2.96059473233375E-15));
#9736=DIRECTION('ref_axis',(-0.707106781186548,2.09345661157837E-15,0.707106781186547));
#9737=DIRECTION('',(-1.,0.,0.));
#9738=DIRECTION('center_axis',(0.,-1.,2.96059473233375E-15));
#9739=DIRECTION('ref_axis',(0.707106781186547,2.09345661157837E-15,0.707106781186548));
#9740=DIRECTION('center_axis',(0.,-2.96059473233375E-15,-1.));
#9741=DIRECTION('ref_axis',(0.707106781186548,-0.707106781186548,3.14018491736756E-15));
#9742=DIRECTION('',(0.,2.96059473233375E-15,1.));
#9743=DIRECTION('center_axis',(-1.05735526154777E-16,0.,1.));
#9744=DIRECTION('ref_axis',(0.707106781186548,-0.707106781186548,6.93889390390724E-17));
#9745=DIRECTION('center_axis',(1.,0.,0.));
#9746=DIRECTION('ref_axis',(0.,0.,-1.));
#9747=DIRECTION('',(0.,3.3094716224833E-109,-1.));
#9748=DIRECTION('',(0.,1.,0.));
#9749=DIRECTION('center_axis',(1.,0.,0.));
#9750=DIRECTION('ref_axis',(0.,-0.306186217847917,-0.951971638232982));
#9751=DIRECTION('',(0.,-1.,0.));
#9752=DIRECTION('center_axis',(1.,0.,0.));
#9753=DIRECTION('ref_axis',(0.,-0.889651951837932,-0.456639249945685));
#9754=DIRECTION('',(0.,-5.55111512312578E-16,-1.));
#9755=DIRECTION('center_axis',(1.,0.,0.));
#9756=DIRECTION('ref_axis',(0.,-0.707106781186548,0.707106781186548));
#9757=DIRECTION('',(0.,-1.,-1.5419764230905E-16));
#9758=DIRECTION('center_axis',(1.,0.,0.));
#9759=DIRECTION('ref_axis',(0.,0.382683432365087,0.923879532511288));
#9760=DIRECTION('',(0.,-0.707106781186548,0.707106781186547));
#9761=DIRECTION('',(0.,-3.3094716224833E-109,-1.));
#9762=DIRECTION('',(0.,0.707106781186548,0.707106781186547));
#9763=DIRECTION('center_axis',(1.,0.,0.));
#9764=DIRECTION('ref_axis',(0.,0.382683432365088,-0.923879532511288));
#9765=DIRECTION('',(0.,1.,-1.5419764230905E-16));
#9766=DIRECTION('center_axis',(1.,0.,0.));
#9767=DIRECTION('ref_axis',(0.,-0.707106781186548,-0.707106781186547));
#9768=DIRECTION('',(0.,5.55111512312578E-16,-1.));
#9769=DIRECTION('center_axis',(1.,0.,0.));
#9770=DIRECTION('ref_axis',(0.,-0.889651951837936,0.456639249945677));
#9771=DIRECTION('',(0.,-1.,0.));
#9772=DIRECTION('center_axis',(1.,0.,0.));
#9773=DIRECTION('ref_axis',(0.,-0.306186217847924,0.95197163823298));
#9774=DIRECTION('',(0.,-1.,0.));
#9775=DIRECTION('',(0.,-3.3094716224833E-109,-1.));
#9776=DIRECTION('',(0.,1.,0.));
#9777=DIRECTION('center_axis',(-3.80016884055577E-16,0.,1.));
#9778=DIRECTION('ref_axis',(1.,0.,3.80016884055577E-16));
#9779=DIRECTION('',(0.,-1.,0.));
#9780=DIRECTION('',(1.,0.,3.80016884055577E-16));
#9781=DIRECTION('',(0.,1.,0.));
#9782=DIRECTION('',(-1.,2.96059473233375E-16,-3.80016884055577E-16));
#9783=DIRECTION('',(0.,-1.,0.));
#9784=DIRECTION('',(1.,0.,3.80016884055577E-16));
#9785=DIRECTION('',(0.,1.,0.));
#9786=DIRECTION('',(-1.,0.,-3.80016884055577E-16));
#9787=DIRECTION('center_axis',(1.,3.49928723297575E-125,1.05735526154777E-16));
#9788=DIRECTION('ref_axis',(0.,0.707106781186544,0.707106781186551));
#9789=DIRECTION('center_axis',(-1.,0.,0.));
#9790=DIRECTION('ref_axis',(0.,0.,1.));
#9791=DIRECTION('',(-1.,-3.49928723297575E-125,-1.05735526154777E-16));
#9792=DIRECTION('',(1.,3.49928723297575E-125,1.05735526154777E-16));
#9793=DIRECTION('center_axis',(1.05735526154777E-16,0.,-1.));
#9794=DIRECTION('ref_axis',(-1.,0.,0.));
#9795=DIRECTION('center_axis',(0.,1.,0.));
#9796=DIRECTION('ref_axis',(0.,0.,1.));
#9797=DIRECTION('center_axis',(-1.05735526154777E-16,0.,1.));
#9798=DIRECTION('ref_axis',(0.707106781186548,0.707106781186548,6.93889390390724E-17));
#9799=DIRECTION('center_axis',(1.05735526154777E-16,0.,-1.));
#9800=DIRECTION('ref_axis',(0.707106781186548,0.707106781186548,7.47663075563703E-17));
#9801=DIRECTION('center_axis',(0.,-1.,0.));
#9802=DIRECTION('ref_axis',(0.707106781186554,0.,0.707106781186541));
#9803=DIRECTION('center_axis',(0.,1.,0.));
#9804=DIRECTION('ref_axis',(0.,0.,1.));
#9805=DIRECTION('',(0.,-1.,0.));
#9806=DIRECTION('center_axis',(1.05735526154777E-16,0.,-1.));
#9807=DIRECTION('ref_axis',(-1.,0.,0.));
#9808=DIRECTION('center_axis',(1.,0.,0.));
#9809=DIRECTION('ref_axis',(0.,0.,1.));
#9810=DIRECTION('center_axis',(1.05735526154777E-16,0.,-1.));
#9811=DIRECTION('ref_axis',(0.707106781186548,-0.707106781186548,7.47663075563703E-17));
#9812=DIRECTION('center_axis',(1.,3.1304004175437E-31,1.05735526154777E-16));
#9813=DIRECTION('ref_axis',(0.,-0.707106781186538,0.707106781186557));
#9814=DIRECTION('center_axis',(1.,0.,0.));
#9815=DIRECTION('ref_axis',(0.,0.,1.));
#9816=DIRECTION('',(-1.,-3.1304004175437E-31,-1.05735526154777E-16));
#9817=DIRECTION('center_axis',(1.05735526154777E-16,0.,-1.));
#9818=DIRECTION('ref_axis',(-1.,0.,0.));
#9819=DIRECTION('center_axis',(0.910366477462604,-0.413802944301185,0.));
#9820=DIRECTION('ref_axis',(0.,0.,1.));
#9821=DIRECTION('center_axis',(-1.05735526154777E-16,0.,1.));
#9822=DIRECTION('ref_axis',(-0.211699695957972,-0.97733476287877,-3.46944695195362E-17));
#9823=DIRECTION('center_axis',(1.05735526154777E-16,0.,-1.));
#9824=DIRECTION('ref_axis',(-0.211699695957972,-0.97733476287877,-2.23841787389225E-17));
#9825=DIRECTION('center_axis',(-0.910366477462605,0.413802944301184,-9.62580784881794E-17));
#9826=DIRECTION('ref_axis',(-0.292602867990327,-0.643726309578718,0.707106781186547));
#9827=DIRECTION('center_axis',(1.,0.,-8.88178419700128E-16));
#9828=DIRECTION('ref_axis',(1.6831699769391E-30,-1.,1.76874219222029E-15));
#9829=DIRECTION('',(0.910366477462605,-0.413802944301184,9.62580784881794E-17));
#9830=DIRECTION('',(-0.910366477462605,0.413802944301184,-9.62580784881794E-17));
#9831=DIRECTION('center_axis',(-1.,0.,8.88178419700128E-16));
#9832=DIRECTION('ref_axis',(8.88178419700128E-16,0.,1.));
#9833=DIRECTION('',(0.,-1.,0.));
#9834=DIRECTION('',(8.88178419700128E-16,1.1842378929335E-15,1.));
#9835=DIRECTION('',(0.,1.,0.));
#9836=DIRECTION('',(8.88178419700128E-16,3.05632114096134E-15,1.));
#9837=DIRECTION('center_axis',(-1.05735526154777E-16,0.,1.));
#9838=DIRECTION('ref_axis',(1.,0.,1.05735526154777E-16));
#9839=DIRECTION('',(0.,-1.,0.));
#9840=DIRECTION('',(-1.,5.55111512312591E-17,-1.05735526154777E-16));
#9841=DIRECTION('',(0.,-1.,0.));
#9842=DIRECTION('center_axis',(1.05735526154777E-16,0.,-1.));
#9843=DIRECTION('ref_axis',(-0.948683298050514,-0.316227766016838,0.));
#9844=DIRECTION('',(-0.6,0.8,-6.34413156928661E-17));
#9845=DIRECTION('center_axis',(-1.05735526154777E-16,0.,1.));
#9846=DIRECTION('ref_axis',(0.948683298050514,0.316227766016837,0.));
#9847=DIRECTION('',(0.,1.,0.));
#9848=DIRECTION('center_axis',(-1.05735526154777E-16,0.,1.));
#9849=DIRECTION('ref_axis',(0.707106781186548,-0.707106781186548,0.));
#9850=DIRECTION('',(1.,0.,1.05735526154777E-16));
#9851=DIRECTION('',(0.,1.,0.));
#9852=DIRECTION('',(1.,0.,1.05735526154777E-16));
#9853=DIRECTION('center_axis',(-1.05735526154777E-16,0.,1.));
#9854=DIRECTION('ref_axis',(0.707106781186548,0.707106781186547,0.));
#9855=DIRECTION('',(0.,1.,0.));
#9856=DIRECTION('center_axis',(1.05735526154777E-16,0.,-1.));
#9857=DIRECTION('ref_axis',(-0.707106781186546,-0.707106781186549,0.));
#9858=DIRECTION('',(1.,3.49928723297575E-125,1.05735526154777E-16));
#9859=DIRECTION('',(0.,1.,0.));
#9860=DIRECTION('',(-1.,0.,-1.05735526154777E-16));
#9861=DIRECTION('center_axis',(-1.05735526154777E-16,0.,1.));
#9862=DIRECTION('ref_axis',(-0.211699695957971,-0.977334762878771,0.));
#9863=DIRECTION('',(0.910366477462605,-0.413802944301185,9.62580784881794E-17));
#9864=DIRECTION('center_axis',(-1.05735526154777E-16,0.,1.));
#9865=DIRECTION('ref_axis',(-0.840774328907936,-0.541385747733915,0.));
#9866=DIRECTION('',(0.,-1.,0.));
#9867=DIRECTION('center_axis',(1.05735526154777E-16,0.,-1.));
#9868=DIRECTION('ref_axis',(0.316227766016838,0.948683298050514,0.));
#9869=DIRECTION('',(0.6,0.8,6.34413156928661E-17));
#9870=DIRECTION('center_axis',(1.05735526154777E-16,0.,-1.));
#9871=DIRECTION('ref_axis',(-0.948683298050514,0.316227766016838,0.));
#9872=DIRECTION('',(-1.,0.,-1.05735526154777E-16));
#9873=DIRECTION('',(0.,-1.,0.));
#9874=DIRECTION('',(-1.,0.,-1.05735526154777E-16));
#9875=DIRECTION('',(0.,1.,0.));
#9876=DIRECTION('',(1.,0.,1.05735526154777E-16));
#9877=DIRECTION('',(0.,-1.,0.));
#9878=DIRECTION('',(-1.,0.,-1.05735526154777E-16));
#9879=DIRECTION('',(0.,1.,0.));
#9880=DIRECTION('center_axis',(-7.20289924860781E-47,2.96059473233375E-15,
1.));
#9881=DIRECTION('ref_axis',(-0.707106781186548,-0.707106781186548,6.28036983473501E-15));
#9882=DIRECTION('center_axis',(2.22044604925028E-15,4.44089209850064E-15,
1.));
#9883=DIRECTION('ref_axis',(-1.,0.,2.22044604925028E-15));
#9884=DIRECTION('center_axis',(0.,-4.44089209850064E-15,-1.));
#9885=DIRECTION('ref_axis',(0.,-1.,4.44089209850064E-15));
#9886=DIRECTION('',(7.20289924860781E-47,-2.96059473233375E-15,-1.));
#9887=DIRECTION('center_axis',(0.,-1.,2.96059473233375E-15));
#9888=DIRECTION('ref_axis',(0.,-4.736951571734E-15,-1.));
#9889=DIRECTION('center_axis',(1.,0.,0.));
#9890=DIRECTION('ref_axis',(0.,-1.,4.44089209850041E-15));
#9891=DIRECTION('center_axis',(0.,1.,-2.96059473233375E-15));
#9892=DIRECTION('ref_axis',(0.707106781186547,2.08166817117217E-15,0.707106781186548));
#9893=DIRECTION('center_axis',(1.,0.,0.));
#9894=DIRECTION('ref_axis',(0.,-0.707106781186541,-0.707106781186554));
#9895=DIRECTION('center_axis',(1.,0.,0.));
#9896=DIRECTION('ref_axis',(0.,-1.,4.44089209850064E-15));
#9897=DIRECTION('',(1.,0.,0.));
#9898=DIRECTION('center_axis',(0.,-1.,2.96059473233375E-15));
#9899=DIRECTION('ref_axis',(0.,-4.736951571734E-15,-1.));
#9900=DIRECTION('center_axis',(0.,2.2204460492502E-15,1.));
#9901=DIRECTION('ref_axis',(0.,-1.,2.2204460492502E-15));
#9902=DIRECTION('center_axis',(0.,1.,-2.96059473233375E-15));
#9903=DIRECTION('ref_axis',(-0.707106781186548,2.08166817117217E-15,0.707106781186547));
#9904=DIRECTION('center_axis',(7.20289924860781E-47,-2.96059473233375E-15,
-1.));
#9905=DIRECTION('ref_axis',(0.707106781186548,-0.707106781186548,0.));
#9906=DIRECTION('center_axis',(3.94430452610505E-29,2.22044604925032E-15,
1.));
#9907=DIRECTION('ref_axis',(0.,-1.,2.22044604925032E-15));
#9908=DIRECTION('',(-7.20289924860781E-47,2.96059473233375E-15,1.));
#9909=DIRECTION('center_axis',(0.,-1.,2.96059473233375E-15));
#9910=DIRECTION('ref_axis',(0.,-4.736951571734E-15,-1.));
#9911=DIRECTION('center_axis',(-1.,0.,0.));
#9912=DIRECTION('ref_axis',(0.,-1.,4.44089209850001E-15));
#9913=DIRECTION('center_axis',(0.,1.,-2.96059473233375E-15));
#9914=DIRECTION('ref_axis',(-0.707106781186548,-2.08166817117217E-15,-0.707106781186548));
#9915=DIRECTION('center_axis',(1.,1.4381160268872E-30,4.85752410210354E-16));
#9916=DIRECTION('ref_axis',(0.,-0.707106781186551,0.707106781186544));
#9917=DIRECTION('center_axis',(-1.,0.,0.));
#9918=DIRECTION('ref_axis',(0.,-1.,4.44089209850064E-15));
#9919=DIRECTION('',(-1.,-1.4381160268872E-30,-4.85752410210354E-16));
#9920=DIRECTION('center_axis',(0.,-1.,2.96059473233375E-15));
#9921=DIRECTION('ref_axis',(0.,-4.736951571734E-15,-1.));
#9922=DIRECTION('center_axis',(0.,1.,-2.96059473233375E-15));
#9923=DIRECTION('ref_axis',(0.707106781186546,-2.08166817117217E-15,-0.707106781186549));
#9924=DIRECTION('center_axis',(3.1608002331461E-63,1.,1.53536633144417E-78));
#9925=DIRECTION('ref_axis',(-0.707106781186548,0.,-0.707106781186547));
#9926=DIRECTION('',(3.1608002331461E-63,1.,1.53536633144417E-78));
#9927=DIRECTION('center_axis',(0.,-0.707106781186547,-0.707106781186548));
#9928=DIRECTION('ref_axis',(1.01864378057881E-46,0.707106781186548,-0.707106781186547));
#9929=DIRECTION('',(-3.1608002331461E-63,-1.,-1.53536633144417E-78));
#9930=DIRECTION('center_axis',(4.85752410210354E-16,0.,-1.));
#9931=DIRECTION('ref_axis',(4.59463822588239E-63,1.,2.231856592267E-78));
#9932=DIRECTION('',(-4.41050375469421E-63,-1.,-2.14241282908453E-78));
#9933=DIRECTION('',(1.,1.60758381714403E-124,4.85752410210354E-16));
#9934=DIRECTION('center_axis',(-4.41050375469421E-63,-1.,-2.14241282908453E-78));
#9935=DIRECTION('ref_axis',(0.707106781186546,0.,-0.707106781186549));
#9936=DIRECTION('',(4.41050375469421E-63,1.,2.14241282908453E-78));
#9937=DIRECTION('center_axis',(-3.92523114670946E-16,0.707106781186547,
0.707106781186548));
#9938=DIRECTION('ref_axis',(3.92523114670945E-16,0.707106781186548,-0.707106781186547));
#9939=DIRECTION('center_axis',(-1.,4.41050375469421E-63,-7.20289924860781E-47));
#9940=DIRECTION('ref_axis',(7.20289924860781E-47,-3.3094716224833E-109,
-1.));
#9941=DIRECTION('',(-4.41050375469421E-63,-1.,0.));
#9942=DIRECTION('',(-7.20289924860781E-47,3.3094716224833E-109,1.));
#9943=DIRECTION('center_axis',(0.,-3.3094716224833E-109,1.));
#9944=DIRECTION('ref_axis',(-0.707106781186548,0.707106781186548,0.));
#9945=DIRECTION('',(0.,-3.3094716224833E-109,1.));
#9946=DIRECTION('center_axis',(4.85752410210354E-16,0.,-1.));
#9947=DIRECTION('ref_axis',(-0.707106781186548,0.707106781186548,0.));
#9948=DIRECTION('',(0.,3.3094716224833E-109,-1.));
#9949=DIRECTION('center_axis',(1.60758381714403E-124,-1.,-3.3094716224833E-109));
#9950=DIRECTION('ref_axis',(4.85752410210354E-16,3.3094716224833E-109,-1.));
#9951=DIRECTION('',(-1.,0.,-4.85752410210354E-16));
#9952=DIRECTION('',(0.,-3.3094716224833E-109,1.));
#9953=DIRECTION('center_axis',(1.,0.,4.85752410210354E-16));
#9954=DIRECTION('ref_axis',(0.,0.707106781186548,0.707106781186548));
#9955=DIRECTION('',(1.,0.,4.85752410210354E-16));
#9956=DIRECTION('center_axis',(1.,0.,0.));
#9957=DIRECTION('ref_axis',(0.,1.,0.));
#9958=DIRECTION('center_axis',(-0.745355992499916,0.666666666666682,0.));
#9959=DIRECTION('ref_axis',(0.,0.,1.));
#9960=DIRECTION('center_axis',(4.85752410210354E-16,0.,-1.));
#9961=DIRECTION('ref_axis',(-1.,0.,0.));
#9962=DIRECTION('center_axis',(-4.85752410210354E-16,0.,1.));
#9963=DIRECTION('ref_axis',(0.356822089773093,0.934172358962714,1.73327190123577E-16));
#9964=DIRECTION('center_axis',(4.85752410210354E-16,0.,-1.));
#9965=DIRECTION('ref_axis',(0.356822089773093,0.934172358962714,1.73327190123576E-16));
#9966=DIRECTION('center_axis',(0.,3.3094716224833E-109,-1.));
#9967=DIRECTION('ref_axis',(0.707106781186546,0.707106781186549,0.));
#9968=DIRECTION('center_axis',(0.,0.,1.));
#9969=DIRECTION('ref_axis',(1.,0.,0.));
#9970=DIRECTION('center_axis',(1.,0.,0.));
#9971=DIRECTION('ref_axis',(0.,8.88178419700124E-15,-1.));
#9972=DIRECTION('center_axis',(0.,0.,-1.));
#9973=DIRECTION('ref_axis',(0.356822089773093,0.934172358962714,0.));
#9974=DIRECTION('center_axis',(0.74535599249993,-0.666666666666667,5.92118946466749E-15));
#9975=DIRECTION('ref_axis',(0.,-8.88178419700124E-15,-1.));
#9976=DIRECTION('center_axis',(0.,0.,1.));
#9977=DIRECTION('ref_axis',(0.356822089773093,0.934172358962714,0.));
#9978=DIRECTION('center_axis',(0.,3.3094716224833E-109,1.));
#9979=DIRECTION('ref_axis',(0.707106781186546,0.707106781186549,0.));
#9980=DIRECTION('',(0.,3.3094716224833E-109,1.));
#9981=DIRECTION('center_axis',(0.,1.,-3.3094716224833E-109));
#9982=DIRECTION('ref_axis',(-7.20289924860781E-47,3.3094716224833E-109,
1.));
#9983=DIRECTION('',(1.,0.,0.));
#9984=DIRECTION('center_axis',(0.,-1.,3.3094716224833E-109));
#9985=DIRECTION('ref_axis',(0.707106781186548,0.,0.707106781186547));
#9986=DIRECTION('center_axis',(1.,0.,0.));
#9987=DIRECTION('ref_axis',(0.,0.707106781186544,-0.707106781186551));
#9988=DIRECTION('',(-1.,0.,0.));
#9989=DIRECTION('center_axis',(2.42876205105177E-16,0.,-1.));
#9990=DIRECTION('ref_axis',(-1.,0.,-2.22044604925031E-16));
#9991=DIRECTION('center_axis',(2.42876205105177E-16,0.,-1.));
#9992=DIRECTION('ref_axis',(-0.70710678118655,-0.707106781186545,-1.71739411618726E-16));
#9993=DIRECTION('center_axis',(0.,1.,0.));
#9994=DIRECTION('ref_axis',(0.,0.,1.));
#9995=DIRECTION('center_axis',(0.,1.,0.));
#9996=DIRECTION('ref_axis',(0.707106781186549,0.,0.707106781186546));
#9997=DIRECTION('center_axis',(0.,1.,-3.3094716224833E-109));
#9998=DIRECTION('ref_axis',(0.707106781186549,0.,0.707106781186546));
#9999=DIRECTION('',(0.,-1.,0.));
#10000=DIRECTION('',(0.,1.,0.));
#10001=DIRECTION('center_axis',(1.,0.,0.));
#10002=DIRECTION('ref_axis',(0.,0.,-1.));
#10003=DIRECTION('',(0.,3.3094716224833E-109,1.));
#10004=DIRECTION('center_axis',(1.,0.,0.));
#10005=DIRECTION('ref_axis',(0.,0.382683432365088,-0.923879532511288));
#10006=DIRECTION('',(0.,0.707106781186548,-0.707106781186547));
#10007=DIRECTION('center_axis',(-1.,0.,0.));
#10008=DIRECTION('ref_axis',(0.,0.382683432365095,0.923879532511285));
#10009=DIRECTION('',(0.,1.,1.5419764230905E-16));
#10010=DIRECTION('center_axis',(-1.,0.,0.));
#10011=DIRECTION('ref_axis',(0.,-0.707106781186548,0.707106781186548));
#10012=DIRECTION('center_axis',(-1.,0.,0.));
#10013=DIRECTION('ref_axis',(0.,-0.707106781186548,-0.707106781186547));
#10014=DIRECTION('',(0.,-1.,0.));
#10015=DIRECTION('center_axis',(2.42876205105177E-16,0.,-1.));
#10016=DIRECTION('ref_axis',(-1.,2.02702475613393E-48,-2.42876205105177E-16));
#10017=DIRECTION('',(-0.910366477462605,0.413802944301184,-2.21106355301085E-16));
#10018=DIRECTION('',(0.,-1.,0.));
#10019=DIRECTION('',(1.,-5.55111512312591E-17,2.42876205105177E-16));
#10020=DIRECTION('',(0.,1.,0.));
#10021=DIRECTION('',(1.,8.03791908572017E-125,2.42876205105177E-16));
#10022=DIRECTION('center_axis',(1.09877651868083E-15,2.96059473233375E-15,
1.));
#10023=DIRECTION('ref_axis',(-0.211699695957973,-0.97733476287877,3.40791016587282E-15));
#10024=DIRECTION('',(1.09877651868083E-15,2.96059473233375E-15,1.));
#10025=DIRECTION('center_axis',(0.,1.,0.));
#10026=DIRECTION('ref_axis',(0.707106781186548,0.,-0.707106781186547));
#10027=DIRECTION('center_axis',(-5.55111512312591E-17,-1.,2.2186712959341E-31));
#10028=DIRECTION('ref_axis',(0.707106781186548,0.,-0.707106781186547));
#10029=DIRECTION('',(0.,-1.,0.));
#10030=DIRECTION('center_axis',(0.,-1.,3.3094716224833E-109));
#10031=DIRECTION('ref_axis',(0.707106781186548,0.,-0.707106781186547));
#10032=DIRECTION('center_axis',(0.,-1.,0.));
#10033=DIRECTION('ref_axis',(0.707106781186548,0.,0.707106781186547));
#10034=DIRECTION('center_axis',(-5.55111512312591E-17,-1.,2.2186712959341E-31));
#10035=DIRECTION('ref_axis',(0.707106781186548,0.,0.707106781186547));
#10036=DIRECTION('',(0.,1.,0.));
#10037=DIRECTION('',(0.,1.,0.));
#10038=DIRECTION('center_axis',(0.,1.,0.));
#10039=DIRECTION('ref_axis',(0.70710678118654,0.,0.707106781186555));
#10040=DIRECTION('',(0.,-1.,0.));
#10041=DIRECTION('center_axis',(0.,-1.,0.));
#10042=DIRECTION('ref_axis',(1.,0.,0.));
#10043=DIRECTION('center_axis',(0.,0.,-1.));
#10044=DIRECTION('ref_axis',(4.59463822588239E-63,1.,0.));
#10045=DIRECTION('',(0.,1.,0.));
#10046=DIRECTION('',(1.,0.,0.));
#10047=DIRECTION('',(0.,-1.,0.));
#10048=DIRECTION('',(1.,0.,0.));
#10049=DIRECTION('',(0.,1.,0.));
#10050=DIRECTION('',(1.,0.,0.));
#10051=DIRECTION('',(0.,-1.,0.));
#10052=DIRECTION('',(1.,0.,0.));
#10053=DIRECTION('',(0.,1.,0.));
#10054=DIRECTION('',(1.,0.,0.));
#10055=DIRECTION('center_axis',(0.,1.,0.));
#10056=DIRECTION('ref_axis',(0.70710678118654,0.,-0.707106781186555));
#10057=DIRECTION('center_axis',(0.,-1.,0.));
#10058=DIRECTION('ref_axis',(0.,0.,-1.));
#10059=DIRECTION('center_axis',(0.,-0.694657123564418,-0.719341004448661));
#10060=DIRECTION('ref_axis',(0.,0.719341004448661,-0.694657123564418));
#10061=DIRECTION('center_axis',(1.93779876136942E-17,0.999847664903132,
-0.0174541395592446));
#10062=DIRECTION('ref_axis',(0.,-0.0174541395592446,-0.999847664903132));
#10063=DIRECTION('center_axis',(1.,0.,0.));
#10064=DIRECTION('ref_axis',(0.,-0.707106781186543,-0.707106781186552));
#10065=DIRECTION('center_axis',(0.,-0.707106781186548,0.707106781186547));
#10066=DIRECTION('ref_axis',(0.70710678118654,-0.500000000000005,-0.500000000000006));
#10067=DIRECTION('center_axis',(0.,0.707106781186549,-0.707106781186546));
#10068=DIRECTION('ref_axis',(1.,0.,0.));
#10069=DIRECTION('',(0.,0.707106781186548,-0.707106781186547));
#10070=DIRECTION('center_axis',(1.,0.,0.));
#10071=DIRECTION('ref_axis',(0.,0.,-1.));
#10072=DIRECTION('center_axis',(0.,1.,0.));
#10073=DIRECTION('ref_axis',(1.,0.,0.));
#10074=DIRECTION('center_axis',(-1.,0.,0.));
#10075=DIRECTION('ref_axis',(0.,0.382683432365087,0.923879532511288));
#10076=DIRECTION('center_axis',(0.,-1.,-1.5419764230905E-16));
#10077=DIRECTION('ref_axis',(0.70710678118654,0.,-0.707106781186555));
#10078=DIRECTION('center_axis',(0.,1.,0.));
#10079=DIRECTION('ref_axis',(1.,0.,0.));
#10080=DIRECTION('',(0.,1.,1.5419764230905E-16));
#10081=DIRECTION('center_axis',(1.,0.,0.));
#10082=DIRECTION('ref_axis',(0.,0.,-1.));
#10083=DIRECTION('center_axis',(0.,1.11022302462516E-15,1.));
#10084=DIRECTION('ref_axis',(1.,0.,0.));
#10085=DIRECTION('center_axis',(0.,-5.55111512312578E-16,-1.));
#10086=DIRECTION('ref_axis',(0.707106781186538,0.707106781186557,-3.92523114670947E-16));
#10087=DIRECTION('center_axis',(0.,0.,1.));
#10088=DIRECTION('ref_axis',(1.,0.,0.));
#10089=DIRECTION('center_axis',(1.,0.,0.));
#10090=DIRECTION('ref_axis',(0.,0.,-1.));
#10091=DIRECTION('center_axis',(-1.,0.,0.));
#10092=DIRECTION('ref_axis',(0.,-0.889651951837932,-0.456639249945686));
#10093=DIRECTION('center_axis',(-1.93779876136978E-17,0.999847664903132,
0.0174541395592479));
#10094=DIRECTION('ref_axis',(0.,-0.0174541395592478,0.999847664903132));
#10095=DIRECTION('center_axis',(0.,-0.694657123564417,0.719341004448662));
#10096=DIRECTION('ref_axis',(0.,0.719341004448662,0.694657123564417));
#10097=DIRECTION('center_axis',(1.,0.,0.));
#10098=DIRECTION('ref_axis',(0.,1.,0.));
#10099=DIRECTION('center_axis',(0.,-3.3094716224833E-109,-1.));
#10100=DIRECTION('ref_axis',(0.707106781186541,0.707106781186554,0.));
#10101=DIRECTION('',(0.,3.3094716224833E-109,1.));
#10102=DIRECTION('center_axis',(0.,-5.55111512312578E-16,1.));
#10103=DIRECTION('ref_axis',(0.707106781186538,0.707106781186557,0.));
#10104=DIRECTION('center_axis',(0.,-1.11022302462516E-15,1.));
#10105=DIRECTION('ref_axis',(1.,0.,0.));
#10106=DIRECTION('center_axis',(0.,0.,-1.));
#10107=DIRECTION('ref_axis',(0.,1.,0.));
#10108=DIRECTION('center_axis',(-1.,0.,0.));
#10109=DIRECTION('ref_axis',(0.,0.,1.));
#10110=DIRECTION('center_axis',(-1.,0.,0.));
#10111=DIRECTION('ref_axis',(0.,-0.889651951837936,0.456639249945677));
#10112=DIRECTION('center_axis',(1.,0.,0.));
#10113=DIRECTION('ref_axis',(0.,0.,-1.));
#10114=DIRECTION('center_axis',(0.,-1.,0.));
#10115=DIRECTION('ref_axis',(1.,0.,0.));
#10116=DIRECTION('center_axis',(0.,-1.,1.5419764230905E-16));
#10117=DIRECTION('ref_axis',(0.70710678118654,0.,0.707106781186555));
#10118=DIRECTION('center_axis',(0.,-1.,0.));
#10119=DIRECTION('ref_axis',(1.,0.,0.));
#10120=DIRECTION('',(0.,-1.,1.5419764230905E-16));
#10121=DIRECTION('center_axis',(1.,0.,0.));
#10122=DIRECTION('ref_axis',(0.,0.,-1.));
#10123=DIRECTION('center_axis',(0.,-0.707106781186548,-0.707106781186548));
#10124=DIRECTION('ref_axis',(1.,0.,0.));
#10125=DIRECTION('center_axis',(-1.,0.,0.));
#10126=DIRECTION('ref_axis',(0.,0.382683432365087,-0.923879532511288));
#10127=DIRECTION('center_axis',(0.,-0.707106781186548,-0.707106781186547));
#10128=DIRECTION('ref_axis',(0.70710678118654,-0.500000000000005,0.500000000000005));
#10129=DIRECTION('',(0.,-0.707106781186548,-0.707106781186547));
#10130=DIRECTION('center_axis',(0.,0.,-1.));
#10131=DIRECTION('ref_axis',(-1.,0.,0.));
#10132=DIRECTION('',(1.,0.,0.));
#10133=DIRECTION('',(0.,1.,0.));
#10134=DIRECTION('',(1.,0.,0.));
#10135=DIRECTION('center_axis',(0.,0.,1.));
#10136=DIRECTION('ref_axis',(0.707106781186544,0.707106781186551,0.));
#10137=DIRECTION('',(0.,-1.,0.));
#10138=DIRECTION('center_axis',(0.,0.,1.));
#10139=DIRECTION('ref_axis',(0.707106781186548,-0.707106781186548,0.));
#10140=DIRECTION('',(-1.,0.,0.));
#10141=DIRECTION('',(0.,-1.,0.));
#10142=DIRECTION('',(-1.,0.,0.));
#10143=DIRECTION('center_axis',(1.,0.,0.));
#10144=DIRECTION('ref_axis',(0.,-0.70710678118655,0.707106781186545));
#10145=DIRECTION('center_axis',(1.,0.,0.));
#10146=DIRECTION('ref_axis',(0.,-0.70710678118655,0.707106781186545));
#10147=DIRECTION('',(1.,0.,0.));
#10148=DIRECTION('center_axis',(-1.,0.,0.));
#10149=DIRECTION('ref_axis',(0.,-0.70710678118655,0.707106781186545));
#10150=DIRECTION('center_axis',(1.,0.,0.));
#10151=DIRECTION('ref_axis',(0.,-0.70710678118655,0.707106781186545));
#10152=DIRECTION('center_axis',(1.,0.,0.));
#10153=DIRECTION('ref_axis',(0.,0.,-1.));
#10154=DIRECTION('center_axis',(-1.,0.,0.));
#10155=DIRECTION('ref_axis',(0.,-0.306186217847917,-0.951971638232982));
#10156=DIRECTION('center_axis',(1.,0.,0.));
#10157=DIRECTION('ref_axis',(0.,0.,-1.));
#10158=DIRECTION('center_axis',(-1.,0.,0.));
#10159=DIRECTION('ref_axis',(0.,-0.306186217847924,0.95197163823298));
#10160=DIRECTION('center_axis',(-1.,0.,0.));
#10161=DIRECTION('ref_axis',(0.,-0.582961190818099,0.812499999999966));
#10162=DIRECTION('center_axis',(-1.,0.,0.));
#10163=DIRECTION('ref_axis',(0.,-0.582961190818099,0.812499999999966));
#10164=DIRECTION('center_axis',(3.1608002331461E-63,1.,0.));
#10165=DIRECTION('ref_axis',(-0.707106781186548,0.,0.707106781186547));
#10166=DIRECTION('',(3.1608002331461E-63,1.,0.));
#10167=DIRECTION('center_axis',(0.,1.,0.));
#10168=DIRECTION('ref_axis',(-1.,0.,0.));
#10169=DIRECTION('',(-3.1608002331461E-63,-1.,0.));
#10170=DIRECTION('center_axis',(1.,-3.1608002331461E-63,7.20289924860781E-47));
#10171=DIRECTION('ref_axis',(0.,0.,-1.));
#10172=DIRECTION('center_axis',(2.2964808849839E-18,0.999991442693964,0.00413697218315079));
#10173=DIRECTION('ref_axis',(-1.,0.,5.55111512312578E-16));
#10174=DIRECTION('center_axis',(-1.,3.1608002331461E-63,-7.20289924860781E-47));
#10175=DIRECTION('ref_axis',(0.,-3.1608002331461E-63,-1.));
#10176=DIRECTION('center_axis',(1.,-3.1608002331461E-63,7.20289924860781E-47));
#10177=DIRECTION('ref_axis',(7.20289924860781E-47,-3.1608002331461E-63,
-1.));
#10178=DIRECTION('center_axis',(0.415883204542794,-0.808753559719174,-0.41588320454279));
#10179=DIRECTION('ref_axis',(-2.22044604925032E-15,-0.457306968952898,0.889308909292555));
#10180=DIRECTION('center_axis',(0.894427190999916,0.,0.447213595499958));
#10181=DIRECTION('ref_axis',(0.447213595499958,0.,-0.894427190999916));
#10182=DIRECTION('center_axis',(-0.447213595499958,0.,-0.894427190999916));
#10183=DIRECTION('ref_axis',(0.894427190999916,0.,-0.447213595499958));
#10184=DIRECTION('center_axis',(0.,0.,-1.));
#10185=DIRECTION('ref_axis',(4.59463822588239E-63,1.,0.));
#10186=DIRECTION('',(-1.,0.,0.));
#10187=DIRECTION('',(0.,-1.,0.));
#10188=DIRECTION('',(1.,0.,0.));
#10189=DIRECTION('',(4.41050375469421E-63,1.,0.));
#10190=DIRECTION('',(0.,-1.,0.));
#10191=DIRECTION('center_axis',(0.,0.,-1.));
#10192=DIRECTION('ref_axis',(0.707106781186544,0.707106781186551,0.));
#10193=DIRECTION('',(1.,0.,0.));
#10194=DIRECTION('center_axis',(0.,0.,-1.));
#10195=DIRECTION('ref_axis',(-0.707106781186544,0.707106781186551,0.));
#10196=DIRECTION('',(0.,1.,0.));
#10197=DIRECTION('center_axis',(0.,0.,-1.));
#10198=DIRECTION('ref_axis',(-0.707106781186551,-0.707106781186544,0.));
#10199=DIRECTION('',(-1.,0.,0.));
#10200=DIRECTION('center_axis',(0.,0.,-1.));
#10201=DIRECTION('ref_axis',(0.707106781186548,-0.707106781186548,0.));
#10202=DIRECTION('center_axis',(1.,0.,0.));
#10203=DIRECTION('ref_axis',(0.,0.70710678118655,-0.707106781186545));
#10204=DIRECTION('',(1.,0.,0.));
#10205=DIRECTION('center_axis',(-0.570970545353758,0.,-0.820970545353749));
#10206=DIRECTION('ref_axis',(0.820970545353749,-3.96190403646578E-17,-0.570970545353758));
#10207=DIRECTION('center_axis',(0.707106781186549,0.707106781186546,0.));
#10208=DIRECTION('ref_axis',(0.707106781186546,-0.707106781186549,0.));
#10209=DIRECTION('center_axis',(-7.20289924860781E-47,0.,1.));
#10210=DIRECTION('ref_axis',(0.707106781186548,0.707106781186548,0.));
#10211=DIRECTION('center_axis',(0.,0.,1.));
#10212=DIRECTION('ref_axis',(1.,0.,0.));
#10213=DIRECTION('',(-7.20289924860781E-47,0.,1.));
#10214=DIRECTION('center_axis',(1.,0.,4.85752410210354E-16));
#10215=DIRECTION('ref_axis',(0.,-0.707106781186548,0.707106781186548));
#10216=DIRECTION('',(1.,0.,4.85752410210354E-16));
#10217=DIRECTION('center_axis',(-4.85752410210354E-16,-1.5419764230905E-16,
1.));
#10218=DIRECTION('ref_axis',(7.49018764003749E-32,-1.,-1.5419764230905E-16));
#10219=DIRECTION('',(0.,-1.,-6.12323399573676E-17));
#10220=DIRECTION('',(-1.,0.,-4.85752410210354E-16));
#10221=DIRECTION('center_axis',(1.,0.,4.85752410210354E-16));
#10222=DIRECTION('ref_axis',(0.,-0.582961190818086,-0.812499999999975));
#10223=DIRECTION('center_axis',(1.,0.,4.85752410210354E-16));
#10224=DIRECTION('ref_axis',(0.,-0.582961190818086,-0.812499999999975));
#10225=DIRECTION('',(-1.,0.,-4.85752410210354E-16));
#10226=DIRECTION('center_axis',(-1.,0.,-4.85752410210354E-16));
#10227=DIRECTION('ref_axis',(0.,-0.582961190818086,-0.812499999999975));
#10228=DIRECTION('',(1.,0.,4.85752410210354E-16));
#10229=DIRECTION('center_axis',(1.,0.,4.85752410210354E-16));
#10230=DIRECTION('ref_axis',(0.,-0.582961190818086,-0.812499999999975));
#10231=DIRECTION('',(-1.,0.,-4.85752410210354E-16));
#10232=DIRECTION('center_axis',(-1.,0.,-4.85752410210354E-16));
#10233=DIRECTION('ref_axis',(0.,-0.582961190818086,-0.812499999999975));
#10234=DIRECTION('',(1.,0.,4.85752410210354E-16));
#10235=DIRECTION('center_axis',(1.,0.,4.85752410210354E-16));
#10236=DIRECTION('ref_axis',(0.,-0.707106781186548,-0.707106781186547));
#10237=DIRECTION('',(-1.,0.,-4.85752410210354E-16));
#10238=DIRECTION('center_axis',(1.,0.,4.85752410210354E-16));
#10239=DIRECTION('ref_axis',(0.,-0.707106781186548,-0.707106781186547));
#10240=DIRECTION('',(-1.,0.,-4.85752410210354E-16));
#10241=DIRECTION('center_axis',(4.85752410210354E-16,0.,-1.));
#10242=DIRECTION('ref_axis',(4.59463822588239E-63,1.,2.231856592267E-78));
#10243=DIRECTION('',(0.,-1.,0.));
#10244=DIRECTION('',(-1.,0.,-4.85752410210354E-16));
#10245=DIRECTION('',(0.,1.,0.));
#10246=DIRECTION('',(0.,-1.,0.));
#10247=DIRECTION('',(-1.,0.,-4.85752410210354E-16));
#10248=DIRECTION('',(0.,1.,0.));
#10249=DIRECTION('center_axis',(1.,0.,0.));
#10250=DIRECTION('ref_axis',(0.,-0.707106781186548,-0.707106781186548));
#10251=DIRECTION('',(-1.,0.,0.));
#10252=DIRECTION('center_axis',(1.,0.,0.));
#10253=DIRECTION('ref_axis',(0.,-0.707106781186548,-0.707106781186548));
#10254=DIRECTION('center_axis',(1.,0.,0.));
#10255=DIRECTION('ref_axis',(0.,0.,-1.));
#10256=DIRECTION('',(0.,2.2186712959341E-31,1.));
#10257=DIRECTION('center_axis',(1.,0.,0.));
#10258=DIRECTION('ref_axis',(0.,-0.582961190818085,0.812499999999975));
#10259=DIRECTION('',(0.,1.,0.));
#10260=DIRECTION('',(0.,1.,-1.5419764230905E-16));
#10261=DIRECTION('center_axis',(1.,0.,0.));
#10262=DIRECTION('ref_axis',(0.,0.382683432365087,-0.923879532511288));
#10263=DIRECTION('',(0.,0.707106781186548,0.707106781186547));
#10264=DIRECTION('center_axis',(-1.,0.,0.));
#10265=DIRECTION('ref_axis',(0.,0.382683432365086,0.923879532511288));
#10266=DIRECTION('',(0.,-3.3094716224833E-109,-1.));
#10267=DIRECTION('center_axis',(0.,1.5419764230905E-16,1.));
#10268=DIRECTION('ref_axis',(-1.57013390451319E-62,-1.,1.5419764230905E-16));
#10269=DIRECTION('',(0.,-1.,-6.12323399573676E-17));
#10270=DIRECTION('',(1.,0.,0.));
#10271=DIRECTION('center_axis',(-1.,0.,0.));
#10272=DIRECTION('ref_axis',(0.,-0.582961190818085,0.812499999999975));
#10273=DIRECTION('center_axis',(1.,0.,0.));
#10274=DIRECTION('ref_axis',(0.,-0.582961190818085,0.812499999999975));
#10275=DIRECTION('',(-1.,0.,0.));
#10276=DIRECTION('center_axis',(-2.81418806065076E-15,0.844931753419814,
0.534874127307462));
#10277=DIRECTION('ref_axis',(1.,3.33066907387548E-15,0.));
#10278=DIRECTION('center_axis',(0.,0.,1.));
#10279=DIRECTION('ref_axis',(1.,0.,0.));
#10280=DIRECTION('center_axis',(-0.94299033358289,0.332820117735138,2.27861143956937E-15));
#10281=DIRECTION('ref_axis',(0.332820117735138,0.94299033358289,0.));
#10282=DIRECTION('center_axis',(1.,0.,0.));
#10283=DIRECTION('ref_axis',(0.,1.,2.4980018054066E-16));
#10284=DIRECTION('center_axis',(0.,0.,1.));
#10285=DIRECTION('ref_axis',(0.948683298050514,0.316227766016837,0.));
#10286=DIRECTION('',(0.,0.,-1.));
#10287=DIRECTION('',(0.,0.,1.));
#10288=DIRECTION('center_axis',(1.,0.,0.));
#10289=DIRECTION('ref_axis',(0.,1.,0.));
#10290=DIRECTION('',(0.,0.,1.));
#10291=DIRECTION('',(0.,-1.,0.));
#10292=DIRECTION('',(0.,0.,-1.));
#10293=DIRECTION('',(0.,1.,0.));
#10294=DIRECTION('',(0.,-3.3094716224833E-109,-1.));
#10295=DIRECTION('',(0.,0.,1.));
#10296=DIRECTION('',(0.,1.,0.));
#10297=DIRECTION('',(0.,0.,-1.));
#10298=DIRECTION('center_axis',(0.962250448649102,-6.17912009891076E-12,
0.272165526976878));
#10299=DIRECTION('ref_axis',(-0.26666666666872,-0.200000000001539,0.942809041581156));
#10300=DIRECTION('center_axis',(1.,0.,0.));
#10301=DIRECTION('ref_axis',(0.,-0.707106781186548,-0.707106781186548));
#10302=DIRECTION('center_axis',(1.,0.,0.));
#10303=DIRECTION('ref_axis',(0.,-1.,0.));
#10304=DIRECTION('',(1.,0.,0.));
#10305=DIRECTION('center_axis',(-1.,0.,0.));
#10306=DIRECTION('ref_axis',(0.,0.,-1.));
#10307=DIRECTION('',(-1.,0.,0.));
#10308=DIRECTION('center_axis',(0.,0.,-1.));
#10309=DIRECTION('ref_axis',(-1.,0.,0.));
#10310=DIRECTION('center_axis',(0.,0.,1.));
#10311=DIRECTION('ref_axis',(0.707106781186547,0.707106781186547,0.));
#10312=DIRECTION('center_axis',(0.,0.,-1.));
#10313=DIRECTION('ref_axis',(0.707106781186548,0.707106781186548,0.));
#10314=DIRECTION('center_axis',(0.,-1.,0.));
#10315=DIRECTION('ref_axis',(0.,0.,-1.));
#10316=DIRECTION('center_axis',(0.308333333333337,0.,0.951278379632142));
#10317=DIRECTION('ref_axis',(0.,-1.,0.));
#10318=DIRECTION('center_axis',(0.,1.,0.));
#10319=DIRECTION('ref_axis',(-0.518411033833192,0.,0.855131568824354));
#10320=DIRECTION('center_axis',(0.,-1.,0.));
#10321=DIRECTION('ref_axis',(-0.518411033833192,0.,0.855131568824354));
#10322=DIRECTION('center_axis',(-8.72364338073727E-13,0.308333333333795,
0.951278379631993));
#10323=DIRECTION('ref_axis',(0.,-0.951278379631993,0.308333333333795));
#10324=DIRECTION('center_axis',(-1.,0.,-8.88178419700127E-16));
#10325=DIRECTION('ref_axis',(-8.88178419700126E-16,0.,1.));
#10326=DIRECTION('center_axis',(0.,1.,0.));
#10327=DIRECTION('ref_axis',(0.,0.,1.));
#10328=DIRECTION('center_axis',(1.,0.,8.88178419700127E-16));
#10329=DIRECTION('ref_axis',(7.59509405434085E-16,0.518411033833229,-0.855131568824332));
#10330=DIRECTION('center_axis',(-1.,0.,-8.88178419700127E-16));
#10331=DIRECTION('ref_axis',(7.63278329429795E-16,0.518411033833229,-0.855131568824332));
#10332=DIRECTION('center_axis',(0.,1.,0.));
#10333=DIRECTION('ref_axis',(0.707106781186545,0.,0.70710678118655));
#10334=DIRECTION('center_axis',(0.,1.,0.));
#10335=DIRECTION('ref_axis',(0.,0.,1.));
#10336=DIRECTION('',(0.,1.,0.));
#10337=DIRECTION('',(0.,-1.,0.));
#10338=DIRECTION('center_axis',(3.64007549057428E-16,0.,1.));
#10339=DIRECTION('ref_axis',(1.,0.,-4.44089209850063E-16));
#10340=DIRECTION('center_axis',(-1.,0.,0.));
#10341=DIRECTION('ref_axis',(0.,0.,1.));
#10342=DIRECTION('center_axis',(-3.64007549057428E-16,0.,-1.));
#10343=DIRECTION('ref_axis',(-0.707106781186549,-0.707106781186546,2.77555756156289E-16));
#10344=DIRECTION('center_axis',(3.64007549057428E-16,0.,1.));
#10345=DIRECTION('ref_axis',(-0.707106781186549,-0.707106781186546,2.57392206341603E-16));
#10346=DIRECTION('center_axis',(-1.,0.,3.64007549057428E-16));
#10347=DIRECTION('ref_axis',(0.,0.70710678118655,0.707106781186545));
#10348=DIRECTION('center_axis',(-1.,0.,0.));
#10349=DIRECTION('ref_axis',(0.,0.,1.));
#10350=DIRECTION('',(-1.,0.,3.64007549057428E-16));
#10351=DIRECTION('',(1.,0.,-3.64007549057428E-16));
#10352=DIRECTION('center_axis',(0.,-0.554700196225229,0.832050294337844));
#10353=DIRECTION('ref_axis',(0.,-0.832050294337844,-0.554700196225229));
#10354=DIRECTION('center_axis',(9.23761394420012E-16,0.832050294337844,
-0.554700196225229));
#10355=DIRECTION('ref_axis',(0.,-0.554700196225229,-0.832050294337844));
#10356=DIRECTION('center_axis',(0.,-1.,0.));
#10357=DIRECTION('ref_axis',(0.,0.,-1.));
#10358=DIRECTION('',(0.,0.,1.));
#10359=DIRECTION('',(1.,0.,2.46716227694479E-16));
#10360=DIRECTION('',(8.88178419700127E-16,0.,-1.));
#10361=DIRECTION('center_axis',(0.,0.,1.));
#10362=DIRECTION('ref_axis',(0.707106781186548,-0.707106781186547,0.));
#10363=DIRECTION('center_axis',(-2.46716227694479E-16,0.,1.));
#10364=DIRECTION('ref_axis',(0.707106781186548,-0.707106781186547,0.));
#10365=DIRECTION('center_axis',(0.,-1.,0.));
#10366=DIRECTION('ref_axis',(0.707106781186548,0.,-0.707106781186548));
#10367=DIRECTION('',(0.,-1.,0.));
#10368=DIRECTION('center_axis',(0.,1.,-3.3094716224833E-109));
#10369=DIRECTION('ref_axis',(0.707106781186548,0.,-0.707106781186547));
#10370=DIRECTION('center_axis',(3.64007549057428E-16,0.,1.));
#10371=DIRECTION('ref_axis',(1.,0.,-3.64007549057428E-16));
#10372=DIRECTION('',(1.,0.,-3.64007549057428E-16));
#10373=DIRECTION('',(0.,-1.,0.));
#10374=DIRECTION('',(-1.,0.,3.64007549057428E-16));
#10375=DIRECTION('center_axis',(3.64007549057428E-16,0.,1.));
#10376=DIRECTION('ref_axis',(-0.707106781186549,0.707106781186546,2.57392206341603E-16));
#10377=DIRECTION('',(-1.,0.,3.64007549057428E-16));
#10378=DIRECTION('',(0.6,-0.8,-2.18404529434457E-16));
#10379=DIRECTION('',(0.,-1.,0.));
#10380=DIRECTION('',(-1.,5.55111512312591E-17,3.64007549057428E-16));
#10381=DIRECTION('',(5.55111512312591E-17,1.,-2.02064781050468E-32));
#10382=DIRECTION('',(0.910366477462605,-0.413802944301184,-3.31380270205207E-16));
#10383=DIRECTION('',(0.,-1.,0.));
#10384=DIRECTION('',(-0.6,-0.8,2.18404529434457E-16));
#10385=DIRECTION('center_axis',(-3.64007549057428E-16,0.,-1.));
#10386=DIRECTION('ref_axis',(0.316227766016838,0.948683298050514,0.));
#10387=DIRECTION('',(0.,-1.,0.));
#10388=DIRECTION('center_axis',(3.64007549057428E-16,0.,1.));
#10389=DIRECTION('ref_axis',(-0.840774328907936,-0.541385747733915,0.));
#10390=DIRECTION('',(0.910366477462605,-0.413802944301185,-3.31380270205207E-16));
#10391=DIRECTION('center_axis',(3.64007549057428E-16,0.,1.));
#10392=DIRECTION('ref_axis',(-0.211699695957971,-0.977334762878771,0.));
#10393=DIRECTION('center_axis',(3.64007549057428E-16,0.,1.));
#10394=DIRECTION('ref_axis',(-1.,-7.92380807293157E-17,3.64007549057428E-16));
#10395=DIRECTION('',(0.,-1.,0.));
#10396=DIRECTION('center_axis',(3.64007549057428E-16,0.,1.));
#10397=DIRECTION('ref_axis',(-1.,-3.96190403646579E-17,3.64007549057428E-16));
#10398=DIRECTION('center_axis',(-1.,0.,3.64007549057428E-16));
#10399=DIRECTION('ref_axis',(0.,0.707106781186547,-0.707106781186548));
#10400=DIRECTION('',(-1.,0.,3.64007549057428E-16));
#10401=DIRECTION('center_axis',(0.707106781186548,-0.707106781186547,0.));
#10402=DIRECTION('ref_axis',(-0.707106781186547,-0.707106781186548,0.));
#10403=DIRECTION('center_axis',(0.,-1.,0.));
#10404=DIRECTION('ref_axis',(0.,0.,-1.));
#10405=DIRECTION('',(0.,0.,-1.));
#10406=DIRECTION('center_axis',(0.,1.,0.));
#10407=DIRECTION('ref_axis',(-0.707106781186548,0.,0.707106781186548));
#10408=DIRECTION('',(0.,0.,-1.));
#10409=DIRECTION('center_axis',(1.,0.,4.44089209850062E-15));
#10410=DIRECTION('ref_axis',(-4.44089209850062E-15,0.,1.));
#10411=DIRECTION('center_axis',(0.,-1.,0.));
#10412=DIRECTION('ref_axis',(1.,0.,-2.22044604925031E-16));
#10413=DIRECTION('center_axis',(0.199309151648976,0.979936662274132,1.70568157075634E-16));
#10414=DIRECTION('ref_axis',(0.979936662274132,-0.199309151648976,0.));
#10415=DIRECTION('center_axis',(1.,0.,-3.64007549057428E-16));
#10416=DIRECTION('ref_axis',(0.,-0.707106781186548,0.707106781186547));
#10417=DIRECTION('center_axis',(1.,0.,0.));
#10418=DIRECTION('ref_axis',(0.,0.,1.));
#10419=DIRECTION('',(1.,0.,-3.64007549057428E-16));
#10420=DIRECTION('center_axis',(3.64007549057428E-16,0.,1.));
#10421=DIRECTION('ref_axis',(1.,0.,-4.44089209850063E-16));
#10422=DIRECTION('center_axis',(2.22044604925032E-15,1.,9.86076131526288E-30));
#10423=DIRECTION('ref_axis',(-4.44089209850072E-15,0.,1.));
#10424=DIRECTION('center_axis',(-3.64007549057428E-16,0.,-1.));
#10425=DIRECTION('ref_axis',(-0.707106781186549,0.707106781186546,2.77555756156289E-16));
#10426=DIRECTION('center_axis',(-1.,0.,-8.88178419700127E-16));
#10427=DIRECTION('ref_axis',(-8.88178419700126E-16,0.,1.));
#10428=DIRECTION('center_axis',(0.,0.308333333333339,-0.951278379632141));
#10429=DIRECTION('ref_axis',(0.,0.951278379632141,0.308333333333339));
#10430=DIRECTION('center_axis',(1.,0.,8.88178419700127E-16));
#10431=DIRECTION('ref_axis',(7.59509405433598E-16,-0.518411033834135,-0.855131568823782));
#10432=DIRECTION('center_axis',(-1.,0.,-8.88178419700127E-16));
#10433=DIRECTION('ref_axis',(7.63278329429795E-16,-0.518411033834135,-0.855131568823783));
#10434=DIRECTION('center_axis',(-0.308333333333791,-8.70252075753933E-13,
-0.951278379631995));
#10435=DIRECTION('ref_axis',(0.,1.,-9.14823772291128E-13));
#10436=DIRECTION('center_axis',(0.,1.,0.));
#10437=DIRECTION('ref_axis',(0.,0.,1.));
#10438=DIRECTION('center_axis',(-1.,0.,0.));
#10439=DIRECTION('ref_axis',(0.,1.,0.));
#10440=DIRECTION('center_axis',(0.,-1.,0.));
#10441=DIRECTION('ref_axis',(-0.518411033833192,0.,0.855131568824354));
#10442=DIRECTION('center_axis',(0.,1.,0.));
#10443=DIRECTION('ref_axis',(-0.518411033833192,0.,0.855131568824354));
#10444=DIRECTION('center_axis',(-1.,0.,0.));
#10445=DIRECTION('ref_axis',(0.,0.707106781186548,-0.707106781186548));
#10446=DIRECTION('center_axis',(-1.,0.,0.));
#10447=DIRECTION('ref_axis',(0.,1.,0.));
#10448=DIRECTION('',(-1.,0.,0.));
#10449=DIRECTION('',(1.,0.,0.));
#10450=DIRECTION('center_axis',(0.,0.,-1.));
#10451=DIRECTION('ref_axis',(-1.,0.,0.));
#10452=DIRECTION('center_axis',(0.,0.,-1.));
#10453=DIRECTION('ref_axis',(0.707106781186548,-0.707106781186547,0.));
#10454=DIRECTION('center_axis',(0.,0.,1.));
#10455=DIRECTION('ref_axis',(0.707106781186548,-0.707106781186547,0.));
#10456=DIRECTION('center_axis',(0.,0.,1.));
#10457=DIRECTION('ref_axis',(0.707106781186548,-0.707106781186548,0.));
#10458=DIRECTION('',(0.,0.,1.));
#10459=DIRECTION('center_axis',(0.,-1.,0.));
#10460=DIRECTION('ref_axis',(0.,0.,-1.));
#10461=DIRECTION('',(1.,0.,-3.64007549057428E-16));
#10462=DIRECTION('',(0.,0.,1.));
#10463=DIRECTION('center_axis',(0.,-1.,0.));
#10464=DIRECTION('ref_axis',(-0.707106781186548,0.,0.707106781186548));
#10465=DIRECTION('center_axis',(1.,0.,-3.64007549057428E-16));
#10466=DIRECTION('ref_axis',(0.,-0.707106781186548,-0.707106781186548));
#10467=DIRECTION('center_axis',(0.707106781186548,0.707106781186547,0.));
#10468=DIRECTION('ref_axis',(0.707106781186547,-0.707106781186548,0.));
#10469=DIRECTION('center_axis',(0.6,-0.8,-2.18404529434457E-16));
#10470=DIRECTION('ref_axis',(0.565685424949239,0.424264068711929,-0.707106781186547));
#10471=DIRECTION('',(-0.6,0.8,2.18404529434457E-16));
#10472=DIRECTION('center_axis',(0.0554700196225253,-0.998460353205412,6.15840929613367E-17));
#10473=DIRECTION('ref_axis',(0.998460353205412,0.0554700196225253,9.23761394420015E-16));
#10474=DIRECTION('center_axis',(0.412472484029755,0.910970059836394,0.));
#10475=DIRECTION('ref_axis',(0.,0.,1.));
#10476=DIRECTION('center_axis',(-0.269647028100378,0.,-0.962959230827886));
#10477=DIRECTION('ref_axis',(-0.962959230827886,0.,0.269647028100378));
#10478=DIRECTION('center_axis',(-7.77779543032149E-15,1.,1.72701751351345E-29));
#10479=DIRECTION('ref_axis',(2.22044604925031E-15,0.,1.));
#10480=DIRECTION('center_axis',(0.,-1.,0.));
#10481=DIRECTION('ref_axis',(0.299190119026558,0.,0.954193519511045));
#10482=DIRECTION('center_axis',(0.,1.,0.));
#10483=DIRECTION('ref_axis',(0.,0.,1.));
#10484=DIRECTION('',(0.,1.,0.));
#10485=DIRECTION('center_axis',(-0.269647028100378,0.,-0.962959230827886));
#10486=DIRECTION('ref_axis',(-0.962959230827886,0.,0.269647028100378));
#10487=DIRECTION('center_axis',(-4.41050375469421E-63,-1.,0.));
#10488=DIRECTION('ref_axis',(0.707106781186546,0.,0.707106781186549));
#10489=DIRECTION('center_axis',(0.,0.707106781186547,-0.707106781186548));
#10490=DIRECTION('ref_axis',(6.237394226786E-63,0.707106781186548,0.707106781186547));
#10491=DIRECTION('center_axis',(-7.20289924860781E-47,3.3094716224833E-109,
1.));
#10492=DIRECTION('ref_axis',(0.707106781186544,0.707106781186551,0.));
#10493=DIRECTION('',(7.20289924860781E-47,-3.3094716224833E-109,-1.));
#10494=DIRECTION('center_axis',(1.,0.,1.05735526154777E-16));
#10495=DIRECTION('ref_axis',(0.,-0.70710678118655,0.707106781186545));
#10496=DIRECTION('center_axis',(-1.,0.,0.));
#10497=DIRECTION('ref_axis',(0.,-0.70710678118655,0.707106781186545));
#10498=DIRECTION('center_axis',(1.,0.,0.));
#10499=DIRECTION('ref_axis',(0.,-0.70710678118655,0.707106781186545));
#10500=DIRECTION('',(1.,0.,1.05735526154777E-16));
#10501=DIRECTION('center_axis',(1.,0.,0.));
#10502=DIRECTION('ref_axis',(0.,-1.,0.));
#10503=DIRECTION('',(0.,0.,-1.));
#10504=DIRECTION('',(0.,1.,0.));
#10505=DIRECTION('',(0.,0.,1.));
#10506=DIRECTION('center_axis',(0.,0.,1.));
#10507=DIRECTION('ref_axis',(0.707106781186548,-0.707106781186548,0.));
#10508=DIRECTION('',(0.,0.,-1.));
#10509=DIRECTION('',(0.,0.,1.));
#10510=DIRECTION('center_axis',(1.,0.,0.));
#10511=DIRECTION('ref_axis',(0.,1.,0.));
#10512=DIRECTION('',(0.,0.,1.));
#10513=DIRECTION('center_axis',(0.,0.,1.));
#10514=DIRECTION('ref_axis',(0.707106781186544,0.707106781186551,0.));
#10515=DIRECTION('',(0.,0.,-1.));
#10516=DIRECTION('center_axis',(0.,0.,1.));
#10517=DIRECTION('ref_axis',(-0.707106781186551,-0.707106781186544,0.));
#10518=DIRECTION('center_axis',(0.,0.,1.));
#10519=DIRECTION('ref_axis',(-0.707106781186551,-0.707106781186544,0.));
#10520=DIRECTION('',(0.,0.,-1.));
#10521=DIRECTION('',(0.,0.,1.));
#10522=DIRECTION('center_axis',(0.,-1.,0.));
#10523=DIRECTION('ref_axis',(-1.,0.,5.28677630773884E-16));
#10524=DIRECTION('',(-1.,0.,0.));
#10525=DIRECTION('',(0.,0.,-1.));
#10526=DIRECTION('',(0.,0.,-1.));
#10527=DIRECTION('center_axis',(0.,0.,1.));
#10528=DIRECTION('ref_axis',(-0.707106781186544,0.707106781186551,0.));
#10529=DIRECTION('',(0.,0.,1.));
#10530=DIRECTION('center_axis',(0.,0.,1.));
#10531=DIRECTION('ref_axis',(-0.707106781186544,0.707106781186551,0.));
#10532=DIRECTION('',(0.,0.,-1.));
#10533=DIRECTION('center_axis',(0.,1.,0.));
#10534=DIRECTION('ref_axis',(-1.,0.,0.));
#10535=DIRECTION('',(1.,0.,0.));
#10536=DIRECTION('',(0.,0.,-1.));
#10537=DIRECTION('center_axis',(0.,0.,1.));
#10538=DIRECTION('ref_axis',(-0.211699695957971,-0.977334762878771,0.));
#10539=DIRECTION('',(0.,0.,1.));
#10540=DIRECTION('',(0.,0.,-1.));
#10541=DIRECTION('center_axis',(0.,-1.,0.));
#10542=DIRECTION('ref_axis',(1.,0.,0.));
#10543=DIRECTION('center_axis',(0.,-1.,0.));
#10544=DIRECTION('ref_axis',(-0.954193519511046,0.,0.299190119026554));
#10545=DIRECTION('',(-0.820970545353749,-7.23395942027331E-30,0.570970545353758));
#10546=DIRECTION('',(0.820970545353748,0.,-0.57097054535376));
#10547=DIRECTION('center_axis',(0.,1.,0.));
#10548=DIRECTION('ref_axis',(-0.299190119026558,0.,-0.954193519511045));
#10549=DIRECTION('',(0.,1.,0.));
#10550=DIRECTION('center_axis',(0.,1.,-3.3094716224833E-109));
#10551=DIRECTION('ref_axis',(-0.299190119026558,0.,-0.954193519511045));
#10552=DIRECTION('center_axis',(1.,-3.1608002331461E-63,7.20289924860781E-47));
#10553=DIRECTION('ref_axis',(7.20289924860781E-47,-1.1393255024885E-16,
-1.));
#10554=DIRECTION('center_axis',(0.,1.,0.));
#10555=DIRECTION('ref_axis',(0.570970545353759,0.,0.820970545353748));
#10556=DIRECTION('center_axis',(-0.942823430960902,3.6319333951441E-15,
-0.333292631228345));
#10557=DIRECTION('ref_axis',(0.333292631228345,0.,-0.942823430960902));
#10558=DIRECTION('center_axis',(0.,1.,0.));
#10559=DIRECTION('ref_axis',(0.,0.,1.));
#10560=DIRECTION('center_axis',(0.,1.,0.));
#10561=DIRECTION('ref_axis',(1.,0.,0.));
#10562=DIRECTION('center_axis',(0.,0.,1.));
#10563=DIRECTION('ref_axis',(0.,1.,0.));
#10564=DIRECTION('center_axis',(0.,-1.,3.3094716224833E-109));
#10565=DIRECTION('ref_axis',(0.886276070238207,0.,0.463157346182828));
#10566=DIRECTION('center_axis',(0.820970545353748,0.,-0.570970545353759));
#10567=DIRECTION('ref_axis',(-0.570970545353759,0.,-0.820970545353748));
#10568=DIRECTION('center_axis',(-7.20289924860781E-47,3.3094716224833E-109,
1.));
#10569=DIRECTION('ref_axis',(-0.707106781186544,0.707106781186551,0.));
#10570=DIRECTION('',(-7.20289924860781E-47,3.3094716224833E-109,1.));
#10571=DIRECTION('',(7.20289924860781E-47,-3.3094716224833E-109,-1.));
#10572=DIRECTION('center_axis',(-0.820970545353748,1.88961081712208E-109,
0.57097054535376));
#10573=DIRECTION('ref_axis',(-0.403737144477424,0.70710678118655,-0.580513839774052));
#10574=DIRECTION('center_axis',(-0.820970545353748,0.,0.570970545353759));
#10575=DIRECTION('ref_axis',(0.,1.,0.));
#10576=DIRECTION('',(0.820970545353748,-1.88961081712208E-109,-0.57097054535376));
#10577=DIRECTION('',(-0.820970545353748,1.88961081712208E-109,0.57097054535376));
#10578=DIRECTION('center_axis',(-3.16080023314609E-63,-1.,2.1982808556135E-63));
#10579=DIRECTION('ref_axis',(0.886276070238208,0.,0.463157346182827));
#10580=DIRECTION('',(3.1608002331461E-63,1.,-2.1982808556135E-63));
#10581=DIRECTION('',(-3.16080023314609E-63,-1.,2.1982808556135E-63));
#10582=DIRECTION('center_axis',(0.820970545353748,0.,-0.57097054535376));
#10583=DIRECTION('ref_axis',(-0.403737144477423,-0.707106781186549,-0.580513839774052));
#10584=DIRECTION('',(-0.820970545353748,0.,0.57097054535376));
#10585=DIRECTION('center_axis',(-0.57097054535376,0.,-0.820970545353748));
#10586=DIRECTION('ref_axis',(-0.820970545353748,-3.85491078455656E-30,0.57097054535376));
#10587=DIRECTION('center_axis',(0.,-1.,3.3094716224833E-109));
#10588=DIRECTION('ref_axis',(0.,0.,-1.));
#10589=DIRECTION('center_axis',(0.,-1.,3.3094716224833E-109));
#10590=DIRECTION('ref_axis',(0.707106781186548,-2.34014982640238E-109,-0.707106781186547));
#10591=DIRECTION('center_axis',(0.,0.,-1.));
#10592=DIRECTION('ref_axis',(0.,-1.,0.));
#10593=DIRECTION('center_axis',(0.,-1.,3.3094716224833E-109));
#10594=DIRECTION('ref_axis',(7.20289924860781E-47,-3.3094716224833E-109,
-1.));
#10595=DIRECTION('',(-0.820970545353749,1.88961081712208E-109,0.570970545353758));
#10596=DIRECTION('center_axis',(0.,1.,-3.3094716224833E-109));
#10597=DIRECTION('ref_axis',(-0.954193519511046,0.,0.299190119026554));
#10598=DIRECTION('',(0.,3.3094716224833E-109,1.));
#10599=DIRECTION('center_axis',(0.,-1.,3.3094716224833E-109));
#10600=DIRECTION('ref_axis',(0.,6.12323399573676E-17,-1.));
#10601=DIRECTION('center_axis',(0.,-1.,3.3094716224833E-109));
#10602=DIRECTION('ref_axis',(0.,6.12323399573676E-17,-1.));
#10603=DIRECTION('center_axis',(0.,-1.,3.3094716224833E-109));
#10604=DIRECTION('ref_axis',(-4.85752410210354E-16,6.12323399573676E-17,
1.));
#10605=DIRECTION('center_axis',(0.,-1.,3.3094716224833E-109));
#10606=DIRECTION('ref_axis',(-4.85752410210354E-16,6.12323399573676E-17,
1.));
#10607=DIRECTION('center_axis',(0.,-1.,3.3094716224833E-109));
#10608=DIRECTION('ref_axis',(1.,0.,7.20289924860781E-47));
#10609=DIRECTION('center_axis',(0.,-1.,0.));
#10610=DIRECTION('ref_axis',(-0.954193519511046,0.,0.299190119026554));
#10611=DIRECTION('',(0.,-1.,0.));
#10612=DIRECTION('center_axis',(0.570970545353758,0.,0.820970545353749));
#10613=DIRECTION('ref_axis',(0.820970545353749,7.23395942027331E-30,-0.570970545353758));
#10614=DIRECTION('center_axis',(0.,3.3094716224833E-109,1.));
#10615=DIRECTION('ref_axis',(-0.707106781186546,-0.707106781186549,0.));
#10616=DIRECTION('center_axis',(0.,0.,1.));
#10617=DIRECTION('ref_axis',(-0.840774328907936,-0.541385747733915,0.));
#10618=DIRECTION('',(0.,0.,1.));
#10619=DIRECTION('',(0.,0.,-1.));
#10620=DIRECTION('center_axis',(-0.413802944301185,-0.910366477462604,0.));
#10621=DIRECTION('ref_axis',(0.910366477462605,-0.413802944301185,-3.31380270205207E-16));
#10622=DIRECTION('center_axis',(-8.88178419700128E-16,-1.1842378929335E-15,
-1.));
#10623=DIRECTION('ref_axis',(-0.948683298050514,0.316227766016838,0.));
#10624=DIRECTION('',(-8.88178419700128E-16,-1.1842378929335E-15,-1.));
#10625=DIRECTION('center_axis',(1.11022302462516E-15,1.48029736616688E-15,
1.));
#10626=DIRECTION('ref_axis',(-0.8,0.6,0.));
#10627=DIRECTION('center_axis',(0.936329177569045,-0.351123441588391,0.));
#10628=DIRECTION('ref_axis',(0.351123441588391,0.936329177569045,0.));
#10629=DIRECTION('center_axis',(-0.8,0.6,0.));
#10630=DIRECTION('ref_axis',(0.6,0.8,8.32667268468867E-17));
#10631=DIRECTION('center_axis',(0.8,-0.6,0.));
#10632=DIRECTION('ref_axis',(0.6,0.8,-2.18404529434457E-16));
#10633=DIRECTION('',(0.,0.,1.));
#10634=DIRECTION('center_axis',(0.,0.,1.));
#10635=DIRECTION('ref_axis',(0.316227766016838,0.948683298050514,0.));
#10636=DIRECTION('',(0.,0.,-1.));
#10637=DIRECTION('center_axis',(-1.,0.,0.));
#10638=DIRECTION('ref_axis',(0.,-1.,0.));
#10639=DIRECTION('center_axis',(2.22044604925033E-15,-2.96059473233376E-15,
-1.));
#10640=DIRECTION('ref_axis',(-0.799999999999998,-0.600000000000002,0.));
#10641=DIRECTION('center_axis',(-0.55470019622523,0.832050294337843,0.));
#10642=DIRECTION('ref_axis',(0.832050294337843,0.55470019622523,0.));
#10643=DIRECTION('center_axis',(8.88178419700128E-16,-1.1842378929335E-15,
1.));
#10644=DIRECTION('ref_axis',(-0.948683298050514,-0.316227766016838,0.));
#10645=DIRECTION('',(-8.88178419700128E-16,1.1842378929335E-15,-1.));
#10646=DIRECTION('',(8.88178419700128E-16,-1.1842378929335E-15,1.));
#10647=DIRECTION('center_axis',(0.,-1.,0.));
#10648=DIRECTION('ref_axis',(0.707106781186547,0.,-0.707106781186548));
#10649=DIRECTION('',(0.,1.,0.));
#10650=DIRECTION('center_axis',(5.55111512312591E-17,1.,-2.2186712959341E-31));
#10651=DIRECTION('ref_axis',(0.707106781186547,0.,-0.707106781186548));
#10652=DIRECTION('center_axis',(-1.,0.,8.88178419700128E-16));
#10653=DIRECTION('ref_axis',(8.88178419700128E-16,0.,1.));
#10654=DIRECTION('',(-8.88178419700128E-16,-1.72563323017095E-31,-1.));
#10655=DIRECTION('center_axis',(0.,0.,-1.));
#10656=DIRECTION('ref_axis',(0.707106781186548,0.707106781186547,0.));
#10657=DIRECTION('center_axis',(0.,1.,0.));
#10658=DIRECTION('ref_axis',(0.707106781186547,0.,-0.707106781186548));
#10659=DIRECTION('',(0.,1.,0.));
#10660=DIRECTION('center_axis',(8.88178419700127E-16,0.,-1.));
#10661=DIRECTION('ref_axis',(-0.707106781186548,0.707106781186547,0.));
#10662=DIRECTION('',(8.88178419700127E-16,0.,-1.));
#10663=DIRECTION('center_axis',(-2.46716227694479E-16,0.,1.));
#10664=DIRECTION('ref_axis',(-0.707106781186548,0.707106781186547,0.));
#10665=DIRECTION('',(-8.88178419700127E-16,0.,1.));
#10666=DIRECTION('center_axis',(0.,1.,0.));
#10667=DIRECTION('ref_axis',(-1.,0.,0.));
#10668=DIRECTION('',(-1.,0.,-2.46716227694479E-16));
#10669=DIRECTION('',(0.,0.,-1.));
#10670=DIRECTION('center_axis',(8.88178419700127E-16,0.,-1.));
#10671=DIRECTION('ref_axis',(-0.707106781186548,-0.707106781186547,0.));
#10672=DIRECTION('center_axis',(-2.46716227694479E-16,0.,1.));
#10673=DIRECTION('ref_axis',(-0.707106781186548,-0.707106781186547,0.));
#10674=DIRECTION('',(-8.88178419700127E-16,0.,1.));
#10675=DIRECTION('center_axis',(2.46716227694479E-16,0.,-1.));
#10676=DIRECTION('ref_axis',(1.,0.,2.46716227694479E-16));
#10677=DIRECTION('',(0.,-1.,0.));
#10678=DIRECTION('center_axis',(-2.46716227694479E-16,0.,1.));
#10679=DIRECTION('ref_axis',(0.707106781186548,0.707106781186547,0.));
#10680=DIRECTION('center_axis',(0.,-1.,0.));
#10681=DIRECTION('ref_axis',(-0.707106781186548,0.,0.707106781186547));
#10682=DIRECTION('',(0.,1.,0.));
#10683=DIRECTION('',(0.,-1.,0.));
#10684=DIRECTION('center_axis',(0.,0.,-1.));
#10685=DIRECTION('ref_axis',(1.,0.,0.));
#10686=DIRECTION('center_axis',(0.,-1.,0.));
#10687=DIRECTION('ref_axis',(-0.707106781186548,0.,0.707106781186548));
#10688=DIRECTION('',(0.,-1.,0.));
#10689=DIRECTION('center_axis',(0.,0.,-1.));
#10690=DIRECTION('ref_axis',(0.707106781186548,0.707106781186547,0.));
#10691=DIRECTION('center_axis',(0.8,0.6,0.));
#10692=DIRECTION('ref_axis',(-0.6,0.8,2.18404529434457E-16));
#10693=DIRECTION('center_axis',(0.,-1.,0.));
#10694=DIRECTION('ref_axis',(0.707106781186547,0.,-0.707106781186548));
#10695=DIRECTION('center_axis',(-0.413802944301184,-0.910366477462605,3.14990315622815E-15));
#10696=DIRECTION('ref_axis',(0.910366477462605,-0.413802944301184,-6.75912194884184E-15));
#10697=DIRECTION('center_axis',(-5.55111512312591E-17,-1.,2.02064781050468E-32));
#10698=DIRECTION('ref_axis',(-0.707106781186547,0.,0.707106781186548));
#10699=DIRECTION('center_axis',(0.413802944301184,0.910366477462605,-3.14990315622815E-15));
#10700=DIRECTION('ref_axis',(-0.910366477462605,0.413802944301184,7.07496876888118E-15));
#10701=DIRECTION('center_axis',(-5.55111512312591E-17,-1.,2.2186712959341E-31));
#10702=DIRECTION('ref_axis',(-0.707106781186547,0.,0.707106781186548));
#10703=DIRECTION('',(-5.55111512312591E-17,-1.,2.02064781050468E-32));
#10704=DIRECTION('center_axis',(-0.313265312482044,-0.860689372342814,0.401346045616074));
#10705=DIRECTION('ref_axis',(-0.529577696215128,0.509130439412271,0.678478930649541));
#10706=DIRECTION('',(-5.55111512312591E-17,-1.,2.02064781050468E-32));
#10707=DIRECTION('center_axis',(0.313265312482045,0.860689372342814,0.401346045616073));
#10708=DIRECTION('ref_axis',(0.52957769621513,-0.509130439412271,0.67847893064954));
#10709=DIRECTION('center_axis',(-0.313265312482044,-0.860689372342814,0.401346045616074));
#10710=DIRECTION('ref_axis',(-0.529577696215128,0.509130439412271,0.678478930649541));
#10711=DIRECTION('',(-5.55111512312591E-17,-1.,2.02064781050468E-32));
#10712=DIRECTION('center_axis',(0.313265312482045,0.860689372342814,0.401346045616073));
#10713=DIRECTION('ref_axis',(0.52957769621513,-0.509130439412271,0.67847893064954));
#10714=DIRECTION('center_axis',(-0.313265312482044,-0.860689372342814,0.401346045616074));
#10715=DIRECTION('ref_axis',(-0.529577696215128,0.509130439412271,0.678478930649541));
#10716=DIRECTION('',(-5.55111512312591E-17,-1.,2.02064781050468E-32));
#10717=DIRECTION('center_axis',(0.313265312482045,0.860689372342814,0.401346045616073));
#10718=DIRECTION('ref_axis',(0.52957769621513,-0.509130439412271,0.67847893064954));
#10719=DIRECTION('center_axis',(-0.313265312482044,-0.860689372342814,0.401346045616074));
#10720=DIRECTION('ref_axis',(-0.529577696215128,0.509130439412271,0.678478930649541));
#10721=DIRECTION('',(-5.55111512312591E-17,-1.,2.02064781050468E-32));
#10722=DIRECTION('center_axis',(0.313265312482045,0.860689372342814,0.401346045616073));
#10723=DIRECTION('ref_axis',(0.52957769621513,-0.509130439412271,0.67847893064954));
#10724=DIRECTION('center_axis',(-0.313265312482044,-0.860689372342814,0.401346045616074));
#10725=DIRECTION('ref_axis',(-0.529577696215128,0.509130439412271,0.678478930649541));
#10726=DIRECTION('',(-5.55111512312591E-17,-1.,2.02064781050468E-32));
#10727=DIRECTION('center_axis',(0.313265312482045,0.860689372342814,0.401346045616073));
#10728=DIRECTION('ref_axis',(0.52957769621513,-0.509130439412271,0.67847893064954));
#10729=DIRECTION('center_axis',(-0.313265312482044,-0.860689372342814,0.401346045616074));
#10730=DIRECTION('ref_axis',(-0.529577696215128,0.509130439412271,0.678478930649541));
#10731=DIRECTION('',(-5.55111512312591E-17,-1.,2.02064781050468E-32));
#10732=DIRECTION('center_axis',(0.313265312482045,0.860689372342814,0.401346045616073));
#10733=DIRECTION('ref_axis',(0.52957769621513,-0.509130439412271,0.67847893064954));
#10734=DIRECTION('center_axis',(-0.313265312482044,-0.860689372342814,0.401346045616074));
#10735=DIRECTION('ref_axis',(-0.529577696215128,0.509130439412271,0.678478930649541));
#10736=DIRECTION('',(-5.55111512312591E-17,-1.,2.02064781050468E-32));
#10737=DIRECTION('center_axis',(0.313265312482045,0.860689372342814,0.401346045616073));
#10738=DIRECTION('ref_axis',(0.52957769621513,-0.509130439412271,0.67847893064954));
#10739=DIRECTION('center_axis',(-0.313265312482044,-0.860689372342814,0.401346045616074));
#10740=DIRECTION('ref_axis',(-0.529577696215128,0.509130439412271,0.678478930649541));
#10741=DIRECTION('',(-5.55111512312591E-17,-1.,2.02064781050468E-32));
#10742=DIRECTION('center_axis',(0.313265312482045,0.860689372342814,0.401346045616073));
#10743=DIRECTION('ref_axis',(0.52957769621513,-0.509130439412271,0.67847893064954));
#10744=DIRECTION('center_axis',(-0.313265312482044,-0.860689372342814,0.401346045616074));
#10745=DIRECTION('ref_axis',(-0.529577696215128,0.509130439412271,0.678478930649541));
#10746=DIRECTION('',(-5.55111512312591E-17,-1.,2.02064781050468E-32));
#10747=DIRECTION('center_axis',(0.313265312482045,0.860689372342814,0.401346045616073));
#10748=DIRECTION('ref_axis',(0.52957769621513,-0.509130439412271,0.67847893064954));
#10749=DIRECTION('center_axis',(-0.313265312482044,-0.860689372342814,0.401346045616074));
#10750=DIRECTION('ref_axis',(-0.529577696215128,0.509130439412271,0.678478930649541));
#10751=DIRECTION('',(-5.55111512312591E-17,-1.,2.02064781050468E-32));
#10752=DIRECTION('center_axis',(0.313265312482045,0.860689372342814,0.401346045616073));
#10753=DIRECTION('ref_axis',(0.52957769621513,-0.509130439412271,0.67847893064954));
#10754=DIRECTION('center_axis',(-0.313265312482044,-0.860689372342814,0.401346045616074));
#10755=DIRECTION('ref_axis',(-0.529577696215128,0.509130439412271,0.678478930649541));
#10756=DIRECTION('',(-5.55111512312591E-17,-1.,2.02064781050468E-32));
#10757=DIRECTION('center_axis',(0.313265312482045,0.860689372342814,0.401346045616073));
#10758=DIRECTION('ref_axis',(0.52957769621513,-0.509130439412271,0.67847893064954));
#10759=DIRECTION('center_axis',(-0.313265312482044,-0.860689372342814,0.401346045616074));
#10760=DIRECTION('ref_axis',(-0.529577696215128,0.509130439412271,0.678478930649541));
#10761=DIRECTION('',(-5.55111512312591E-17,-1.,2.02064781050468E-32));
#10762=DIRECTION('center_axis',(0.313265312482045,0.860689372342814,0.401346045616073));
#10763=DIRECTION('ref_axis',(0.52957769621513,-0.509130439412271,0.67847893064954));
#10764=DIRECTION('center_axis',(-0.313265312482044,-0.860689372342814,0.401346045616074));
#10765=DIRECTION('ref_axis',(-0.529577696215128,0.509130439412271,0.678478930649541));
#10766=DIRECTION('',(-5.55111512312591E-17,-1.,2.02064781050468E-32));
#10767=DIRECTION('center_axis',(0.313265312482045,0.860689372342814,0.401346045616073));
#10768=DIRECTION('ref_axis',(0.52957769621513,-0.509130439412271,0.67847893064954));
#10769=DIRECTION('center_axis',(-0.313265312482044,-0.860689372342814,0.401346045616074));
#10770=DIRECTION('ref_axis',(-0.529577696215128,0.509130439412271,0.678478930649541));
#10771=DIRECTION('',(-5.55111512312591E-17,-1.,2.02064781050468E-32));
#10772=DIRECTION('center_axis',(0.313265312482045,0.860689372342814,0.401346045616073));
#10773=DIRECTION('ref_axis',(0.52957769621513,-0.509130439412271,0.67847893064954));
#10774=DIRECTION('center_axis',(-0.313265312482044,-0.860689372342814,0.401346045616074));
#10775=DIRECTION('ref_axis',(-0.529577696215128,0.509130439412271,0.678478930649541));
#10776=DIRECTION('',(-5.55111512312591E-17,-1.,2.02064781050468E-32));
#10777=DIRECTION('center_axis',(0.313265312482045,0.860689372342814,0.401346045616073));
#10778=DIRECTION('ref_axis',(0.52957769621513,-0.509130439412271,0.67847893064954));
#10779=DIRECTION('center_axis',(-0.313265312482044,-0.860689372342814,0.401346045616074));
#10780=DIRECTION('ref_axis',(-0.529577696215128,0.509130439412271,0.678478930649541));
#10781=DIRECTION('',(-5.55111512312591E-17,-1.,2.02064781050468E-32));
#10782=DIRECTION('center_axis',(0.313265312482045,0.860689372342814,0.401346045616073));
#10783=DIRECTION('ref_axis',(0.52957769621513,-0.509130439412271,0.67847893064954));
#10784=DIRECTION('center_axis',(-0.313265312482044,-0.860689372342814,0.401346045616074));
#10785=DIRECTION('ref_axis',(-0.529577696215128,0.509130439412271,0.678478930649541));
#10786=DIRECTION('',(-5.55111512312591E-17,-1.,2.02064781050468E-32));
#10787=DIRECTION('center_axis',(0.313265312482045,0.860689372342814,0.401346045616073));
#10788=DIRECTION('ref_axis',(0.52957769621513,-0.509130439412271,0.67847893064954));
#10789=DIRECTION('center_axis',(-0.313265312482044,-0.860689372342814,0.401346045616074));
#10790=DIRECTION('ref_axis',(-0.529577696215128,0.509130439412271,0.678478930649541));
#10791=DIRECTION('',(-5.55111512312591E-17,-1.,2.02064781050468E-32));
#10792=DIRECTION('center_axis',(0.313265312482045,0.860689372342814,0.401346045616073));
#10793=DIRECTION('ref_axis',(0.52957769621513,-0.509130439412271,0.67847893064954));
#10794=DIRECTION('center_axis',(-0.313265312482044,-0.860689372342814,0.401346045616074));
#10795=DIRECTION('ref_axis',(-0.529577696215128,0.509130439412271,0.678478930649541));
#10796=DIRECTION('',(-5.55111512312591E-17,-1.,2.02064781050468E-32));
#10797=DIRECTION('center_axis',(0.313265312482045,0.860689372342814,0.401346045616073));
#10798=DIRECTION('ref_axis',(0.52957769621513,-0.509130439412271,0.67847893064954));
#10799=DIRECTION('center_axis',(-0.313265312482044,-0.860689372342814,0.401346045616074));
#10800=DIRECTION('ref_axis',(-0.529577696215128,0.509130439412271,0.678478930649541));
#10801=DIRECTION('',(-5.55111512312591E-17,-1.,2.02064781050468E-32));
#10802=DIRECTION('center_axis',(0.313265312482045,0.860689372342814,0.401346045616073));
#10803=DIRECTION('ref_axis',(0.52957769621513,-0.509130439412271,0.67847893064954));
#10804=DIRECTION('center_axis',(-0.313265312482044,-0.860689372342814,0.401346045616074));
#10805=DIRECTION('ref_axis',(-0.529577696215128,0.509130439412271,0.678478930649541));
#10806=DIRECTION('',(-5.55111512312591E-17,-1.,2.02064781050468E-32));
#10807=DIRECTION('center_axis',(0.313265312482045,0.860689372342814,0.401346045616073));
#10808=DIRECTION('ref_axis',(0.52957769621513,-0.509130439412271,0.67847893064954));
#10809=DIRECTION('center_axis',(-0.313265312482044,-0.860689372342814,0.401346045616074));
#10810=DIRECTION('ref_axis',(-0.529577696215128,0.509130439412271,0.678478930649541));
#10811=DIRECTION('',(-5.55111512312591E-17,-1.,2.02064781050468E-32));
#10812=DIRECTION('center_axis',(0.313265312482045,0.860689372342814,0.401346045616073));
#10813=DIRECTION('ref_axis',(0.52957769621513,-0.509130439412271,0.67847893064954));
#10814=DIRECTION('center_axis',(-0.313265312482044,-0.860689372342814,0.401346045616074));
#10815=DIRECTION('ref_axis',(-0.529577696215128,0.509130439412271,0.678478930649541));
#10816=DIRECTION('',(-5.55111512312591E-17,-1.,2.02064781050468E-32));
#10817=DIRECTION('center_axis',(0.313265312482045,0.860689372342814,0.401346045616073));
#10818=DIRECTION('ref_axis',(0.52957769621513,-0.509130439412271,0.67847893064954));
#10819=DIRECTION('center_axis',(-0.313265312482044,-0.860689372342814,0.401346045616074));
#10820=DIRECTION('ref_axis',(-0.529577696215128,0.509130439412271,0.678478930649541));
#10821=DIRECTION('',(-5.55111512312591E-17,-1.,2.02064781050468E-32));
#10822=DIRECTION('center_axis',(0.313265312482045,0.860689372342814,0.401346045616073));
#10823=DIRECTION('ref_axis',(0.52957769621513,-0.509130439412271,0.67847893064954));
#10824=DIRECTION('center_axis',(-0.313265312482044,-0.860689372342814,0.401346045616074));
#10825=DIRECTION('ref_axis',(-0.529577696215128,0.509130439412271,0.678478930649541));
#10826=DIRECTION('',(-5.55111512312591E-17,-1.,2.02064781050468E-32));
#10827=DIRECTION('center_axis',(0.313265312482045,0.860689372342814,0.401346045616073));
#10828=DIRECTION('ref_axis',(0.52957769621513,-0.509130439412271,0.67847893064954));
#10829=DIRECTION('center_axis',(-0.313265312482044,-0.860689372342814,0.401346045616074));
#10830=DIRECTION('ref_axis',(-0.529577696215128,0.509130439412271,0.678478930649541));
#10831=DIRECTION('',(-5.55111512312591E-17,-1.,2.02064781050468E-32));
#10832=DIRECTION('center_axis',(0.313265312482045,0.860689372342814,0.401346045616073));
#10833=DIRECTION('ref_axis',(0.52957769621513,-0.509130439412271,0.67847893064954));
#10834=DIRECTION('center_axis',(-0.313265312482045,-0.860689372342814,-0.401346045616073));
#10835=DIRECTION('ref_axis',(9.72369688852873E-16,-0.422618261740699,0.90630778703665));
#10836=DIRECTION('',(9.72369688852873E-16,-0.422618261740699,0.90630778703665));
#10837=DIRECTION('',(-0.939692620785908,0.342020143325669,1.0325121864972E-15));
#10838=DIRECTION('',(-9.72369688852873E-16,0.422618261740699,-0.90630778703665));
#10839=DIRECTION('center_axis',(0.313265312482044,0.860689372342814,-0.401346045616074));
#10840=DIRECTION('ref_axis',(-1.01928974133403E-15,-0.422618261740699,-0.90630778703665));
#10841=DIRECTION('',(1.01928974133403E-15,0.422618261740699,0.90630778703665));
#10842=DIRECTION('',(-0.939692620785908,0.342020143325669,1.0325121864972E-15));
#10843=DIRECTION('',(-1.01928974133403E-15,-0.422618261740699,-0.90630778703665));
#10844=DIRECTION('center_axis',(-0.313265312482045,-0.860689372342814,-0.401346045616073));
#10845=DIRECTION('ref_axis',(9.72369688852873E-16,-0.422618261740699,0.90630778703665));
#10846=DIRECTION('',(9.72369688852873E-16,-0.422618261740699,0.90630778703665));
#10847=DIRECTION('',(-0.939692620785908,0.342020143325669,1.0325121864972E-15));
#10848=DIRECTION('',(-9.72369688852873E-16,0.422618261740699,-0.90630778703665));
#10849=DIRECTION('center_axis',(0.313265312482044,0.860689372342814,-0.401346045616074));
#10850=DIRECTION('ref_axis',(-1.01928974133403E-15,-0.422618261740699,-0.90630778703665));
#10851=DIRECTION('',(1.01928974133403E-15,0.422618261740699,0.90630778703665));
#10852=DIRECTION('',(-0.939692620785908,0.342020143325669,1.0325121864972E-15));
#10853=DIRECTION('',(-1.01928974133403E-15,-0.422618261740699,-0.90630778703665));
#10854=DIRECTION('center_axis',(-0.313265312482045,-0.860689372342814,-0.401346045616073));
#10855=DIRECTION('ref_axis',(9.72369688852873E-16,-0.422618261740699,0.90630778703665));
#10856=DIRECTION('',(9.72369688852873E-16,-0.422618261740699,0.90630778703665));
#10857=DIRECTION('',(-0.939692620785908,0.342020143325669,1.0325121864972E-15));
#10858=DIRECTION('',(-9.72369688852873E-16,0.422618261740699,-0.90630778703665));
#10859=DIRECTION('center_axis',(0.313265312482044,0.860689372342814,-0.401346045616074));
#10860=DIRECTION('ref_axis',(-1.01928974133403E-15,-0.422618261740699,-0.90630778703665));
#10861=DIRECTION('',(1.01928974133403E-15,0.422618261740699,0.90630778703665));
#10862=DIRECTION('',(-0.939692620785908,0.342020143325669,1.0325121864972E-15));
#10863=DIRECTION('',(-1.01928974133403E-15,-0.422618261740699,-0.90630778703665));
#10864=DIRECTION('center_axis',(-0.313265312482045,-0.860689372342814,-0.401346045616073));
#10865=DIRECTION('ref_axis',(9.72369688852873E-16,-0.422618261740699,0.90630778703665));
#10866=DIRECTION('',(9.72369688852873E-16,-0.422618261740699,0.90630778703665));
#10867=DIRECTION('',(-0.939692620785908,0.342020143325669,1.0325121864972E-15));
#10868=DIRECTION('',(-9.72369688852873E-16,0.422618261740699,-0.90630778703665));
#10869=DIRECTION('center_axis',(0.313265312482044,0.860689372342814,-0.401346045616074));
#10870=DIRECTION('ref_axis',(-1.01928974133403E-15,-0.422618261740699,-0.90630778703665));
#10871=DIRECTION('',(1.01928974133403E-15,0.422618261740699,0.90630778703665));
#10872=DIRECTION('',(-0.939692620785908,0.342020143325669,1.0325121864972E-15));
#10873=DIRECTION('',(-1.01928974133403E-15,-0.422618261740699,-0.90630778703665));
#10874=DIRECTION('center_axis',(-0.313265312482045,-0.860689372342814,-0.401346045616073));
#10875=DIRECTION('ref_axis',(9.72369688852873E-16,-0.422618261740699,0.90630778703665));
#10876=DIRECTION('',(9.72369688852873E-16,-0.422618261740699,0.90630778703665));
#10877=DIRECTION('',(-0.939692620785908,0.342020143325669,1.0325121864972E-15));
#10878=DIRECTION('',(-9.72369688852873E-16,0.422618261740699,-0.90630778703665));
#10879=DIRECTION('center_axis',(0.313265312482044,0.860689372342814,-0.401346045616074));
#10880=DIRECTION('ref_axis',(-1.01928974133403E-15,-0.422618261740699,-0.90630778703665));
#10881=DIRECTION('',(1.01928974133403E-15,0.422618261740699,0.90630778703665));
#10882=DIRECTION('',(-0.939692620785908,0.342020143325669,1.0325121864972E-15));
#10883=DIRECTION('',(-1.01928974133403E-15,-0.422618261740699,-0.90630778703665));
#10884=DIRECTION('center_axis',(-0.313265312482045,-0.860689372342814,-0.401346045616073));
#10885=DIRECTION('ref_axis',(9.72369688852873E-16,-0.422618261740699,0.90630778703665));
#10886=DIRECTION('',(9.72369688852873E-16,-0.422618261740699,0.90630778703665));
#10887=DIRECTION('',(-0.939692620785908,0.342020143325669,1.0325121864972E-15));
#10888=DIRECTION('',(-9.72369688852873E-16,0.422618261740699,-0.90630778703665));
#10889=DIRECTION('center_axis',(0.313265312482044,0.860689372342814,-0.401346045616074));
#10890=DIRECTION('ref_axis',(-1.01928974133403E-15,-0.422618261740699,-0.90630778703665));
#10891=DIRECTION('',(1.01928974133403E-15,0.422618261740699,0.90630778703665));
#10892=DIRECTION('',(-0.939692620785908,0.342020143325669,1.0325121864972E-15));
#10893=DIRECTION('',(-1.01928974133403E-15,-0.422618261740699,-0.90630778703665));
#10894=DIRECTION('center_axis',(-0.313265312482045,-0.860689372342814,-0.401346045616073));
#10895=DIRECTION('ref_axis',(9.72369688852873E-16,-0.422618261740699,0.90630778703665));
#10896=DIRECTION('',(9.72369688852873E-16,-0.422618261740699,0.90630778703665));
#10897=DIRECTION('',(-0.939692620785908,0.342020143325669,1.0325121864972E-15));
#10898=DIRECTION('',(-9.72369688852873E-16,0.422618261740699,-0.90630778703665));
#10899=DIRECTION('center_axis',(0.313265312482044,0.860689372342814,-0.401346045616074));
#10900=DIRECTION('ref_axis',(-1.01928974133403E-15,-0.422618261740699,-0.90630778703665));
#10901=DIRECTION('',(1.01928974133403E-15,0.422618261740699,0.90630778703665));
#10902=DIRECTION('',(-0.939692620785908,0.342020143325669,1.0325121864972E-15));
#10903=DIRECTION('',(-1.01928974133403E-15,-0.422618261740699,-0.90630778703665));
#10904=DIRECTION('center_axis',(-0.313265312482045,-0.860689372342814,-0.401346045616073));
#10905=DIRECTION('ref_axis',(9.72369688852873E-16,-0.422618261740699,0.90630778703665));
#10906=DIRECTION('',(9.72369688852873E-16,-0.422618261740699,0.90630778703665));
#10907=DIRECTION('',(-0.939692620785908,0.342020143325669,1.0325121864972E-15));
#10908=DIRECTION('',(-9.72369688852873E-16,0.422618261740699,-0.90630778703665));
#10909=DIRECTION('center_axis',(0.313265312482044,0.860689372342814,-0.401346045616074));
#10910=DIRECTION('ref_axis',(-1.01928974133403E-15,-0.422618261740699,-0.90630778703665));
#10911=DIRECTION('',(1.01928974133403E-15,0.422618261740699,0.90630778703665));
#10912=DIRECTION('',(-0.939692620785908,0.342020143325669,1.0325121864972E-15));
#10913=DIRECTION('',(-1.01928974133403E-15,-0.422618261740699,-0.90630778703665));
#10914=DIRECTION('center_axis',(-0.313265312482045,-0.860689372342814,-0.401346045616073));
#10915=DIRECTION('ref_axis',(9.72369688852873E-16,-0.422618261740699,0.90630778703665));
#10916=DIRECTION('',(9.72369688852873E-16,-0.422618261740699,0.90630778703665));
#10917=DIRECTION('',(-0.939692620785908,0.342020143325669,1.0325121864972E-15));
#10918=DIRECTION('',(-9.72369688852873E-16,0.422618261740699,-0.90630778703665));
#10919=DIRECTION('center_axis',(0.313265312482044,0.860689372342814,-0.401346045616074));
#10920=DIRECTION('ref_axis',(-1.01928974133403E-15,-0.422618261740699,-0.90630778703665));
#10921=DIRECTION('',(1.01928974133403E-15,0.422618261740699,0.90630778703665));
#10922=DIRECTION('',(-0.939692620785908,0.342020143325669,1.0325121864972E-15));
#10923=DIRECTION('',(-1.01928974133403E-15,-0.422618261740699,-0.90630778703665));
#10924=DIRECTION('center_axis',(-0.313265312482045,-0.860689372342814,-0.401346045616073));
#10925=DIRECTION('ref_axis',(9.72369688852873E-16,-0.422618261740699,0.90630778703665));
#10926=DIRECTION('',(9.72369688852873E-16,-0.422618261740699,0.90630778703665));
#10927=DIRECTION('',(-0.939692620785908,0.342020143325669,1.0325121864972E-15));
#10928=DIRECTION('',(-9.72369688852873E-16,0.422618261740699,-0.90630778703665));
#10929=DIRECTION('center_axis',(0.313265312482044,0.860689372342814,-0.401346045616074));
#10930=DIRECTION('ref_axis',(-1.01928974133403E-15,-0.422618261740699,-0.90630778703665));
#10931=DIRECTION('',(1.01928974133403E-15,0.422618261740699,0.90630778703665));
#10932=DIRECTION('',(-0.939692620785908,0.342020143325669,1.0325121864972E-15));
#10933=DIRECTION('',(-1.01928974133403E-15,-0.422618261740699,-0.90630778703665));
#10934=DIRECTION('center_axis',(-0.313265312482045,-0.860689372342814,-0.401346045616073));
#10935=DIRECTION('ref_axis',(9.72369688852873E-16,-0.422618261740699,0.90630778703665));
#10936=DIRECTION('',(9.72369688852873E-16,-0.422618261740699,0.90630778703665));
#10937=DIRECTION('',(-0.939692620785908,0.342020143325669,1.0325121864972E-15));
#10938=DIRECTION('',(-9.72369688852873E-16,0.422618261740699,-0.90630778703665));
#10939=DIRECTION('center_axis',(0.313265312482044,0.860689372342814,-0.401346045616074));
#10940=DIRECTION('ref_axis',(-1.01928974133403E-15,-0.422618261740699,-0.90630778703665));
#10941=DIRECTION('',(1.01928974133403E-15,0.422618261740699,0.90630778703665));
#10942=DIRECTION('',(-0.939692620785908,0.342020143325669,1.0325121864972E-15));
#10943=DIRECTION('',(-1.01928974133403E-15,-0.422618261740699,-0.90630778703665));
#10944=DIRECTION('center_axis',(-0.313265312482045,-0.860689372342814,-0.401346045616073));
#10945=DIRECTION('ref_axis',(9.72369688852873E-16,-0.422618261740699,0.90630778703665));
#10946=DIRECTION('',(9.72369688852873E-16,-0.422618261740699,0.90630778703665));
#10947=DIRECTION('',(-0.939692620785908,0.342020143325669,1.0325121864972E-15));
#10948=DIRECTION('',(-9.72369688852873E-16,0.422618261740699,-0.90630778703665));
#10949=DIRECTION('center_axis',(0.313265312482044,0.860689372342814,-0.401346045616074));
#10950=DIRECTION('ref_axis',(-1.01928974133403E-15,-0.422618261740699,-0.90630778703665));
#10951=DIRECTION('',(1.01928974133403E-15,0.422618261740699,0.90630778703665));
#10952=DIRECTION('',(-0.939692620785908,0.342020143325669,1.0325121864972E-15));
#10953=DIRECTION('',(-1.01928974133403E-15,-0.422618261740699,-0.90630778703665));
#10954=DIRECTION('center_axis',(-0.313265312482045,-0.860689372342814,-0.401346045616073));
#10955=DIRECTION('ref_axis',(9.72369688852873E-16,-0.422618261740699,0.90630778703665));
#10956=DIRECTION('',(9.72369688852873E-16,-0.422618261740699,0.90630778703665));
#10957=DIRECTION('',(-0.939692620785908,0.342020143325669,1.0325121864972E-15));
#10958=DIRECTION('',(-9.72369688852873E-16,0.422618261740699,-0.90630778703665));
#10959=DIRECTION('center_axis',(0.313265312482044,0.860689372342814,-0.401346045616074));
#10960=DIRECTION('ref_axis',(-1.01928974133403E-15,-0.422618261740699,-0.90630778703665));
#10961=DIRECTION('',(1.01928974133403E-15,0.422618261740699,0.90630778703665));
#10962=DIRECTION('',(-0.939692620785908,0.342020143325669,1.0325121864972E-15));
#10963=DIRECTION('',(-1.01928974133403E-15,-0.422618261740699,-0.90630778703665));
#10964=DIRECTION('center_axis',(-0.313265312482045,-0.860689372342814,-0.401346045616073));
#10965=DIRECTION('ref_axis',(9.72369688852873E-16,-0.422618261740699,0.90630778703665));
#10966=DIRECTION('',(9.72369688852873E-16,-0.422618261740699,0.90630778703665));
#10967=DIRECTION('',(-0.939692620785908,0.342020143325669,1.0325121864972E-15));
#10968=DIRECTION('',(-9.72369688852873E-16,0.422618261740699,-0.90630778703665));
#10969=DIRECTION('center_axis',(-1.,5.55111512312591E-17,1.09877651868083E-15));
#10970=DIRECTION('ref_axis',(5.55111512312591E-17,1.,-2.2186712959341E-31));
#10971=DIRECTION('',(-5.55111512312591E-17,-1.,2.2186712959341E-31));
#10972=DIRECTION('center_axis',(-1.,5.55111512312591E-17,1.09877651868083E-15));
#10973=DIRECTION('ref_axis',(5.55111512312591E-17,1.,-2.2186712959341E-31));
#10974=DIRECTION('',(-5.55111512312591E-17,-1.,2.2186712959341E-31));
#10975=DIRECTION('center_axis',(-1.,5.55111512312591E-17,1.09877651868083E-15));
#10976=DIRECTION('ref_axis',(5.55111512312591E-17,1.,-2.2186712959341E-31));
#10977=DIRECTION('',(-5.55111512312591E-17,-1.,2.2186712959341E-31));
#10978=DIRECTION('center_axis',(-1.,5.55111512312591E-17,1.09877651868083E-15));
#10979=DIRECTION('ref_axis',(5.55111512312591E-17,1.,-2.2186712959341E-31));
#10980=DIRECTION('',(-5.55111512312591E-17,-1.,2.2186712959341E-31));
#10981=DIRECTION('center_axis',(-1.,5.55111512312591E-17,1.09877651868083E-15));
#10982=DIRECTION('ref_axis',(5.55111512312591E-17,1.,-2.2186712959341E-31));
#10983=DIRECTION('',(-5.55111512312591E-17,-1.,2.2186712959341E-31));
#10984=DIRECTION('center_axis',(-1.,5.55111512312591E-17,1.09877651868083E-15));
#10985=DIRECTION('ref_axis',(5.55111512312591E-17,1.,-2.2186712959341E-31));
#10986=DIRECTION('',(-5.55111512312591E-17,-1.,2.2186712959341E-31));
#10987=DIRECTION('center_axis',(-1.,5.55111512312591E-17,1.09877651868083E-15));
#10988=DIRECTION('ref_axis',(5.55111512312591E-17,1.,-2.2186712959341E-31));
#10989=DIRECTION('',(-5.55111512312591E-17,-1.,2.2186712959341E-31));
#10990=DIRECTION('center_axis',(-1.,5.55111512312591E-17,1.09877651868083E-15));
#10991=DIRECTION('ref_axis',(5.55111512312591E-17,1.,-2.2186712959341E-31));
#10992=DIRECTION('',(-5.55111512312591E-17,-1.,2.2186712959341E-31));
#10993=DIRECTION('center_axis',(-1.,5.55111512312591E-17,1.09877651868083E-15));
#10994=DIRECTION('ref_axis',(5.55111512312591E-17,1.,-2.2186712959341E-31));
#10995=DIRECTION('',(-5.55111512312591E-17,-1.,2.2186712959341E-31));
#10996=DIRECTION('center_axis',(-1.,5.55111512312591E-17,1.09877651868083E-15));
#10997=DIRECTION('ref_axis',(5.55111512312591E-17,1.,-2.2186712959341E-31));
#10998=DIRECTION('',(-5.55111512312591E-17,-1.,2.2186712959341E-31));
#10999=DIRECTION('center_axis',(-1.,5.55111512312591E-17,1.09877651868083E-15));
#11000=DIRECTION('ref_axis',(5.55111512312591E-17,1.,-2.2186712959341E-31));
#11001=DIRECTION('',(-5.55111512312591E-17,-1.,2.2186712959341E-31));
#11002=DIRECTION('center_axis',(-1.,5.55111512312591E-17,1.09877651868083E-15));
#11003=DIRECTION('ref_axis',(5.55111512312591E-17,1.,-2.2186712959341E-31));
#11004=DIRECTION('',(-5.55111512312591E-17,-1.,2.2186712959341E-31));
#11005=DIRECTION('center_axis',(-1.,5.55111512312591E-17,1.09877651868083E-15));
#11006=DIRECTION('ref_axis',(5.55111512312591E-17,1.,-2.2186712959341E-31));
#11007=DIRECTION('',(-1.01928974133403E-15,-0.422618261740699,-0.90630778703665));
#11008=DIRECTION('',(-5.55111512312591E-17,-1.,2.2186712959341E-31));
#11009=DIRECTION('center_axis',(-1.,5.55111512312591E-17,1.09877651868083E-15));
#11010=DIRECTION('ref_axis',(5.55111512312591E-17,1.,-2.2186712959341E-31));
#11011=DIRECTION('',(-1.01928974133403E-15,-0.422618261740699,-0.90630778703665));
#11012=DIRECTION('',(-5.55111512312591E-17,-1.,2.2186712959341E-31));
#11013=DIRECTION('',(9.72369688852873E-16,-0.422618261740699,0.90630778703665));
#11014=DIRECTION('center_axis',(-1.,5.55111512312591E-17,1.09877651868083E-15));
#11015=DIRECTION('ref_axis',(5.55111512312591E-17,1.,-2.2186712959341E-31));
#11016=DIRECTION('',(-1.01928974133403E-15,-0.422618261740699,-0.90630778703665));
#11017=DIRECTION('',(-5.55111512312591E-17,-1.,2.2186712959341E-31));
#11018=DIRECTION('',(9.72369688852873E-16,-0.422618261740699,0.90630778703665));
#11019=DIRECTION('center_axis',(-1.,5.55111512312591E-17,1.09877651868083E-15));
#11020=DIRECTION('ref_axis',(5.55111512312591E-17,1.,-2.2186712959341E-31));
#11021=DIRECTION('',(-1.01928974133403E-15,-0.422618261740699,-0.90630778703665));
#11022=DIRECTION('',(-5.55111512312591E-17,-1.,2.2186712959341E-31));
#11023=DIRECTION('',(9.72369688852873E-16,-0.422618261740699,0.90630778703665));
#11024=DIRECTION('center_axis',(-1.,5.55111512312591E-17,1.09877651868083E-15));
#11025=DIRECTION('ref_axis',(5.55111512312591E-17,1.,-2.2186712959341E-31));
#11026=DIRECTION('',(-1.01928974133403E-15,-0.422618261740699,-0.90630778703665));
#11027=DIRECTION('',(-5.55111512312591E-17,-1.,2.2186712959341E-31));
#11028=DIRECTION('',(9.72369688852873E-16,-0.422618261740699,0.90630778703665));
#11029=DIRECTION('center_axis',(-1.,5.55111512312591E-17,1.09877651868083E-15));
#11030=DIRECTION('ref_axis',(5.55111512312591E-17,1.,-2.2186712959341E-31));
#11031=DIRECTION('',(-1.01928974133403E-15,-0.422618261740699,-0.90630778703665));
#11032=DIRECTION('',(-5.55111512312591E-17,-1.,2.2186712959341E-31));
#11033=DIRECTION('',(9.72369688852873E-16,-0.422618261740699,0.90630778703665));
#11034=DIRECTION('center_axis',(-1.,5.55111512312591E-17,1.09877651868083E-15));
#11035=DIRECTION('ref_axis',(5.55111512312591E-17,1.,-2.2186712959341E-31));
#11036=DIRECTION('',(-1.01928974133403E-15,-0.422618261740699,-0.90630778703665));
#11037=DIRECTION('',(-5.55111512312591E-17,-1.,2.2186712959341E-31));
#11038=DIRECTION('',(9.72369688852873E-16,-0.422618261740699,0.90630778703665));
#11039=DIRECTION('center_axis',(-1.,5.55111512312591E-17,1.09877651868083E-15));
#11040=DIRECTION('ref_axis',(5.55111512312591E-17,1.,-2.2186712959341E-31));
#11041=DIRECTION('',(-1.01928974133403E-15,-0.422618261740699,-0.90630778703665));
#11042=DIRECTION('',(-5.55111512312591E-17,-1.,2.2186712959341E-31));
#11043=DIRECTION('',(9.72369688852873E-16,-0.422618261740699,0.90630778703665));
#11044=DIRECTION('center_axis',(-1.,5.55111512312591E-17,1.09877651868083E-15));
#11045=DIRECTION('ref_axis',(5.55111512312591E-17,1.,-2.2186712959341E-31));
#11046=DIRECTION('',(-1.01928974133403E-15,-0.422618261740699,-0.90630778703665));
#11047=DIRECTION('',(-5.55111512312591E-17,-1.,2.2186712959341E-31));
#11048=DIRECTION('',(9.72369688852873E-16,-0.422618261740699,0.90630778703665));
#11049=DIRECTION('center_axis',(-1.,5.55111512312591E-17,1.09877651868083E-15));
#11050=DIRECTION('ref_axis',(5.55111512312591E-17,1.,-2.2186712959341E-31));
#11051=DIRECTION('',(-1.01928974133403E-15,-0.422618261740699,-0.90630778703665));
#11052=DIRECTION('',(-5.55111512312591E-17,-1.,2.2186712959341E-31));
#11053=DIRECTION('',(9.72369688852873E-16,-0.422618261740699,0.90630778703665));
#11054=DIRECTION('center_axis',(-1.,5.55111512312591E-17,1.09877651868083E-15));
#11055=DIRECTION('ref_axis',(5.55111512312591E-17,1.,-2.2186712959341E-31));
#11056=DIRECTION('',(-1.01928974133403E-15,-0.422618261740699,-0.90630778703665));
#11057=DIRECTION('',(-5.55111512312591E-17,-1.,2.2186712959341E-31));
#11058=DIRECTION('',(9.72369688852873E-16,-0.422618261740699,0.90630778703665));
#11059=DIRECTION('center_axis',(-1.,5.55111512312591E-17,1.09877651868083E-15));
#11060=DIRECTION('ref_axis',(5.55111512312591E-17,1.,-2.2186712959341E-31));
#11061=DIRECTION('',(-1.01928974133403E-15,-0.422618261740699,-0.90630778703665));
#11062=DIRECTION('',(-5.55111512312591E-17,-1.,2.2186712959341E-31));
#11063=DIRECTION('',(9.72369688852873E-16,-0.422618261740699,0.90630778703665));
#11064=DIRECTION('center_axis',(-1.,5.55111512312591E-17,1.09877651868083E-15));
#11065=DIRECTION('ref_axis',(5.55111512312591E-17,1.,-2.2186712959341E-31));
#11066=DIRECTION('',(-1.01928974133403E-15,-0.422618261740699,-0.90630778703665));
#11067=DIRECTION('',(-5.55111512312591E-17,-1.,2.2186712959341E-31));
#11068=DIRECTION('',(9.72369688852873E-16,-0.422618261740699,0.90630778703665));
#11069=DIRECTION('center_axis',(-1.,5.55111512312591E-17,1.09877651868083E-15));
#11070=DIRECTION('ref_axis',(5.55111512312591E-17,1.,-2.2186712959341E-31));
#11071=DIRECTION('',(-5.55111512312591E-17,-1.,2.2186712959341E-31));
#11072=DIRECTION('center_axis',(1.,0.,4.85752410210354E-16));
#11073=DIRECTION('ref_axis',(0.,0.382683432365095,0.923879532511285));
#11074=DIRECTION('',(-1.,0.,-4.85752410210354E-16));
#11075=DIRECTION('',(1.,0.,4.85752410210354E-16));
#11076=DIRECTION('center_axis',(-4.85752410210354E-16,-1.5419764230905E-16,
1.));
#11077=DIRECTION('ref_axis',(7.49018764003749E-32,-1.,-1.5419764230905E-16));
#11078=DIRECTION('',(0.,1.,6.12323399573676E-17));
#11079=DIRECTION('center_axis',(1.,0.,4.85752410210354E-16));
#11080=DIRECTION('ref_axis',(0.,0.382683432365095,0.923879532511285));
#11081=DIRECTION('',(1.,0.,4.85752410210354E-16));
#11082=DIRECTION('center_axis',(-3.43478823237451E-16,0.707106781186547,
0.707106781186548));
#11083=DIRECTION('ref_axis',(-3.43478823237451E-16,-0.707106781186548,0.707106781186547));
#11084=DIRECTION('center_axis',(3.43478823237451E-16,-0.707106781186547,
-0.707106781186548));
#11085=DIRECTION('ref_axis',(5.09321890289407E-47,0.707106781186548,-0.707106781186547));
#11086=DIRECTION('',(-1.,1.20606647337677E-30,-4.85752410210356E-16));
#11087=DIRECTION('center_axis',(3.43478823237451E-16,-0.707106781186547,
-0.707106781186548));
#11088=DIRECTION('ref_axis',(5.09321890289407E-47,0.707106781186548,-0.707106781186547));
#11089=DIRECTION('',(-1.,-1.60758381714403E-124,-4.85752410210354E-16));
#11090=DIRECTION('center_axis',(1.,1.60758381714403E-124,4.85752410210354E-16));
#11091=DIRECTION('ref_axis',(0.,0.382683432365088,-0.923879532511288));
#11092=DIRECTION('',(1.,1.60758381714403E-124,4.85752410210354E-16));
#11093=DIRECTION('center_axis',(1.,0.,0.));
#11094=DIRECTION('ref_axis',(0.,0.382683432365087,-0.923879532511288));
#11095=DIRECTION('',(-1.,0.,0.));
#11096=DIRECTION('center_axis',(0.,-0.707106781186547,0.707106781186548));
#11097=DIRECTION('ref_axis',(5.09321890289407E-47,-0.707106781186548,-0.707106781186547));
#11098=DIRECTION('',(1.,0.,0.));
#11099=DIRECTION('center_axis',(0.,0.707106781186547,-0.707106781186548));
#11100=DIRECTION('ref_axis',(5.09321890289407E-47,-0.707106781186548,-0.707106781186547));
#11101=DIRECTION('',(1.,-1.17632271665965E-30,-1.17632271665965E-30));
#11102=DIRECTION('center_axis',(0.,0.707106781186547,-0.707106781186548));
#11103=DIRECTION('ref_axis',(5.09321890289407E-47,-0.707106781186548,-0.707106781186547));
#11104=DIRECTION('',(-1.,0.,0.));
#11105=DIRECTION('center_axis',(1.,0.,0.));
#11106=DIRECTION('ref_axis',(0.,0.382683432365087,-0.923879532511288));
#11107=DIRECTION('',(1.,0.,0.));
#11108=DIRECTION('center_axis',(0.,1.5419764230905E-16,1.));
#11109=DIRECTION('ref_axis',(-1.57013390451319E-62,-1.,1.5419764230905E-16));
#11110=DIRECTION('',(0.,1.,6.12323399573676E-17));
#11111=DIRECTION('center_axis',(1.,0.,0.));
#11112=DIRECTION('ref_axis',(0.,0.382683432365086,0.923879532511288));
#11113=DIRECTION('',(-1.,0.,0.));
#11114=DIRECTION('center_axis',(0.,-1.,0.));
#11115=DIRECTION('ref_axis',(-0.70710678118655,0.,-0.707106781186545));
#11116=DIRECTION('center_axis',(0.413802944301184,0.910366477462605,-3.14990315622815E-15));
#11117=DIRECTION('ref_axis',(-0.910366477462605,0.413802944301184,7.05391231421189E-15));
#11118=DIRECTION('',(0.,1.,0.));
#11119=DIRECTION('center_axis',(-5.55111512312591E-17,-1.,2.2186712959341E-31));
#11120=DIRECTION('ref_axis',(-0.70710678118655,0.,-0.707106781186545));
#11121=DIRECTION('center_axis',(-1.,0.,0.));
#11122=DIRECTION('ref_axis',(0.,0.,1.));
#11123=DIRECTION('',(0.,3.4600386044614E-15,1.));
#11124=DIRECTION('',(0.,-1.,0.));
#11125=DIRECTION('',(0.,-2.2186712959341E-31,-1.));
#11126=DIRECTION('center_axis',(-0.413802944301184,-0.910366477462605,3.14990315622815E-15));
#11127=DIRECTION('ref_axis',(0.,-3.4600386044614E-15,-1.));
#11128=DIRECTION('',(-0.910366477462605,0.413802944301184,3.15846820039338E-16));
#11129=DIRECTION('center_axis',(0.413802944301184,0.910366477462605,-3.14990315622815E-15));
#11130=DIRECTION('ref_axis',(0.910366477462605,-0.413802944301184,-6.73806549417255E-15));
#11131=DIRECTION('',(0.673189067498315,-0.305995030681055,-0.673189067498314));
#11132=DIRECTION('center_axis',(-0.413802944301184,-0.910366477462605,3.14990315622815E-15));
#11133=DIRECTION('ref_axis',(-0.910366477462605,0.413802944301184,7.00127117753866E-15));
#11134=DIRECTION('',(-0.910366477462605,0.413802944301184,3.03212947237765E-16));
#11135=DIRECTION('center_axis',(-0.413802944301184,-0.910366477462605,3.14990315622815E-15));
#11136=DIRECTION('ref_axis',(0.910366477462605,-0.413802944301184,-6.843347767519E-15));
#11137=DIRECTION('',(0.673189067498314,-0.305995030681049,0.673189067498317));
#11138=DIRECTION('center_axis',(-0.413802944301184,-0.910366477462605,3.14990315622815E-15));
#11139=DIRECTION('ref_axis',(0.910366477462605,-0.413802944301184,-7.21183572423156E-15));
#11140=DIRECTION('',(0.910366477462605,-0.413802944301184,1.76874219222029E-15));
#11141=DIRECTION('center_axis',(0.413802944301184,0.910366477462605,-3.14990315622815E-15));
#11142=DIRECTION('ref_axis',(-0.910366477462605,0.413802944301184,7.26447686090478E-15));
#11143=DIRECTION('center_axis',(0.,-1.,0.));
#11144=DIRECTION('ref_axis',(-0.70710678118655,0.,0.707106781186545));
#11145=DIRECTION('',(0.,1.,0.));
#11146=DIRECTION('center_axis',(-5.55111512312591E-17,-1.,2.2186712959341E-31));
#11147=DIRECTION('ref_axis',(-0.70710678118655,0.,0.707106781186545));
#11148=DIRECTION('center_axis',(5.55111512312591E-17,1.,-2.2186712959341E-31));
#11149=DIRECTION('ref_axis',(0.,2.2186712959341E-31,1.));
#11150=DIRECTION('',(-1.,5.55111512312591E-17,-1.94289029309402E-15));
#11151=DIRECTION('center_axis',(5.55111512312591E-17,1.,-2.2186712959341E-31));
#11152=DIRECTION('ref_axis',(0.382683432365088,0.,-0.923879532511287));
#11153=DIRECTION('',(-0.707106781186546,3.9252311467095E-17,-0.707106781186549));
#11154=DIRECTION('center_axis',(5.55111512312591E-17,1.,-2.2186712959341E-31));
#11155=DIRECTION('ref_axis',(0.923879532511288,0.,0.382683432365087));
#11156=DIRECTION('',(1.,-5.55111512312591E-17,-3.33066907387547E-16));
#11157=DIRECTION('center_axis',(5.55111512312591E-17,1.,-2.2186712959341E-31));
#11158=DIRECTION('ref_axis',(-0.923879532511285,0.,0.382683432365093));
#11159=DIRECTION('',(-0.707106781186548,3.92523114670954E-17,0.707106781186547));
#11160=DIRECTION('center_axis',(-5.55111512312591E-17,-1.,2.2186712959341E-31));
#11161=DIRECTION('ref_axis',(0.923879532511286,0.,-0.382683432365092));
#11162=DIRECTION('',(1.,-5.55111512312591E-17,-3.46944695195361E-16));
#11163=DIRECTION('',(-1.,5.55111512312591E-17,1.09877651868083E-15));
#11164=DIRECTION('center_axis',(-1.94289029309402E-15,0.,1.));
#11165=DIRECTION('ref_axis',(1.,0.,1.94289029309402E-15));
#11166=DIRECTION('',(0.,-1.,0.));
#11167=DIRECTION('center_axis',(0.,-1.,0.));
#11168=DIRECTION('ref_axis',(0.382683432365088,0.,-0.923879532511287));
#11169=DIRECTION('',(0.,1.,0.));
#11170=DIRECTION('center_axis',(0.,-1.,0.));
#11171=DIRECTION('ref_axis',(0.923879532511288,0.,0.382683432365087));
#11172=DIRECTION('',(0.,-1.,0.));
#11173=DIRECTION('',(0.,1.,0.));
#11174=DIRECTION('center_axis',(-0.707106781186549,0.,0.707106781186546));
#11175=DIRECTION('ref_axis',(0.707106781186546,0.,0.707106781186549));
#11176=DIRECTION('center_axis',(0.,-1.,0.));
#11177=DIRECTION('ref_axis',(-0.923879532511285,0.,0.382683432365093));
#11178=DIRECTION('',(0.,-1.,0.));
#11179=DIRECTION('',(0.,1.,0.));
#11180=DIRECTION('center_axis',(-3.33066907387547E-16,0.,-1.));
#11181=DIRECTION('ref_axis',(-1.,0.,3.33066907387547E-16));
#11182=DIRECTION('center_axis',(0.,-1.,0.));
#11183=DIRECTION('ref_axis',(0.923879532511286,0.,-0.382683432365092));
#11184=DIRECTION('',(0.,1.,0.));
#11185=DIRECTION('',(0.,-1.,0.));
#11186=DIRECTION('center_axis',(-3.46944695195361E-16,0.,-1.));
#11187=DIRECTION('ref_axis',(-1.,0.,3.46944695195361E-16));
#11188=DIRECTION('center_axis',(0.,1.,6.12323399573676E-17));
#11189=DIRECTION('ref_axis',(1.,0.,7.20289924860781E-47));
#11190=DIRECTION('',(0.,1.,6.12323399573676E-17));
#11191=DIRECTION('center_axis',(1.17632271665965E-30,1.,6.12323399573676E-17));
#11192=DIRECTION('ref_axis',(1.,0.,7.20289924860781E-47));
#11193=DIRECTION('center_axis',(0.,1.,-3.3094716224833E-109));
#11194=DIRECTION('ref_axis',(1.,0.,7.20289924860781E-47));
#11195=DIRECTION('center_axis',(-1.20606647337676E-30,-1.,6.12323399573676E-17));
#11196=DIRECTION('ref_axis',(1.,0.,4.85752410210354E-16));
#11197=DIRECTION('center_axis',(1.60758381714403E-124,-1.,-3.3094716224833E-109));
#11198=DIRECTION('ref_axis',(1.,0.,4.85752410210354E-16));
#11199=DIRECTION('center_axis',(1.17632271665965E-30,1.,6.12323399573676E-17));
#11200=DIRECTION('ref_axis',(1.,0.,7.20289924860781E-47));
#11201=DIRECTION('center_axis',(-1.,0.,0.));
#11202=DIRECTION('ref_axis',(0.,0.,-1.));
#11203=DIRECTION('center_axis',(-1.,0.,-8.88178419700127E-16));
#11204=DIRECTION('ref_axis',(8.88178419700127E-16,0.,-1.));
#11205=DIRECTION('center_axis',(-1.,0.,0.));
#11206=DIRECTION('ref_axis',(0.,-1.,0.));
#11207=DIRECTION('',(0.,1.,0.));
#11208=DIRECTION('center_axis',(0.707106781186547,0.,0.707106781186548));
#11209=DIRECTION('ref_axis',(0.707106781186548,0.,-0.707106781186547));
#11210=DIRECTION('center_axis',(4.85752410210354E-16,0.,-1.));
#11211=DIRECTION('ref_axis',(-1.,0.,-4.85752410210354E-16));
#11212=DIRECTION('',(0.,1.,0.));
#11213=DIRECTION('',(1.,0.,4.85752410210354E-16));
#11214=DIRECTION('',(0.,-1.,0.));
#11215=DIRECTION('',(0.,1.,0.));
#11216=DIRECTION('',(1.,-2.96059473233375E-16,4.85752410210354E-16));
#11217=DIRECTION('',(0.,1.,0.));
#11218=DIRECTION('center_axis',(-1.,0.,-4.85752410210354E-16));
#11219=DIRECTION('ref_axis',(0.,-1.,0.));
#11220=DIRECTION('',(-4.85752410210354E-16,0.,1.));
#11221=DIRECTION('',(-4.85752410210354E-16,0.,1.));
#11222=DIRECTION('center_axis',(0.,-1.,0.));
#11223=DIRECTION('ref_axis',(1.,0.,1.01443004098424E-15));
#11224=DIRECTION('',(-4.85752410210354E-16,0.,1.));
#11225=DIRECTION('center_axis',(1.,0.,4.85752410210354E-16));
#11226=DIRECTION('ref_axis',(0.,1.,0.));
#11227=DIRECTION('',(-4.85752410210354E-16,0.,1.));
#11228=DIRECTION('center_axis',(0.,1.,0.));
#11229=DIRECTION('ref_axis',(-1.,0.,-1.01443004098424E-15));
#11230=DIRECTION('center_axis',(-1.,0.,-4.85752410210354E-16));
#11231=DIRECTION('ref_axis',(0.,-1.,0.));
#11232=DIRECTION('',(-4.85752410210354E-16,0.,1.));
#11233=DIRECTION('',(-4.85752410210354E-16,0.,1.));
#11234=DIRECTION('center_axis',(0.,-1.,0.));
#11235=DIRECTION('ref_axis',(1.,0.,1.01443004098424E-15));
#11236=DIRECTION('',(-4.85752410210354E-16,0.,1.));
#11237=DIRECTION('center_axis',(1.,0.,4.85752410210354E-16));
#11238=DIRECTION('ref_axis',(0.,1.,0.));
#11239=DIRECTION('',(-4.85752410210354E-16,0.,1.));
#11240=DIRECTION('center_axis',(2.96059473233375E-16,1.,1.4381160268872E-31));
#11241=DIRECTION('ref_axis',(-1.,2.96059473233375E-16,-1.01443004098424E-15));
#11242=DIRECTION('center_axis',(-1.60758381714403E-124,1.,3.3094716224833E-109));
#11243=DIRECTION('ref_axis',(-4.85752410210354E-16,-3.3094716224833E-109,
1.));
#11244=DIRECTION('center_axis',(1.60758381714403E-124,-1.,-3.3094716224833E-109));
#11245=DIRECTION('ref_axis',(-4.85752410210354E-16,6.12323399573676E-17,
1.));
#11246=DIRECTION('center_axis',(0.,-1.,0.));
#11247=DIRECTION('ref_axis',(1.,0.,4.85752410210354E-16));
#11248=DIRECTION('center_axis',(1.60758381714403E-124,-1.,-3.3094716224833E-109));
#11249=DIRECTION('ref_axis',(1.,0.,4.85752410210354E-16));
#11250=DIRECTION('',(0.,1.,0.));
#11251=DIRECTION('center_axis',(-1.60758381714403E-124,1.,3.3094716224833E-109));
#11252=DIRECTION('ref_axis',(-4.85752410210354E-16,-3.3094716224833E-109,
1.));
#11253=DIRECTION('center_axis',(1.60758381714403E-124,-1.,-3.3094716224833E-109));
#11254=DIRECTION('ref_axis',(-4.85752410210354E-16,6.12323399573676E-17,
1.));
#11255=DIRECTION('center_axis',(-1.20606647337676E-30,-1.,6.12323399573676E-17));
#11256=DIRECTION('ref_axis',(-4.85752410210354E-16,6.12323399573676E-17,
1.));
#11257=DIRECTION('',(1.20606647337676E-30,1.,-6.12323399573676E-17));
#11258=DIRECTION('center_axis',(-1.20606647337676E-30,-1.,6.12323399573676E-17));
#11259=DIRECTION('ref_axis',(-4.85752410210354E-16,6.12323399573676E-17,
1.));
#11260=DIRECTION('',(1.20606647337676E-30,1.,-6.12323399573676E-17));
#11261=DIRECTION('center_axis',(1.,0.,0.));
#11262=DIRECTION('ref_axis',(0.,-1.,0.));
#11263=DIRECTION('',(0.,0.,-1.));
#11264=DIRECTION('center_axis',(0.,1.,0.));
#11265=DIRECTION('ref_axis',(1.,0.,-5.28677630773884E-16));
#11266=DIRECTION('',(0.,0.,-1.));
#11267=DIRECTION('center_axis',(-1.,0.,0.));
#11268=DIRECTION('ref_axis',(0.,1.,0.));
#11269=DIRECTION('center_axis',(0.,0.,-1.));
#11270=DIRECTION('ref_axis',(-1.,0.,0.));
#11271=DIRECTION('',(0.,1.,0.));
#11272=DIRECTION('center_axis',(0.,1.,0.));
#11273=DIRECTION('ref_axis',(1.,0.,-5.28677630773884E-16));
#11274=DIRECTION('',(0.,0.,-1.));
#11275=DIRECTION('center_axis',(-1.,0.,0.));
#11276=DIRECTION('ref_axis',(0.,1.,0.));
#11277=DIRECTION('center_axis',(0.,-1.,3.3094716224833E-109));
#11278=DIRECTION('ref_axis',(0.,-3.3094716224833E-109,-1.));
#11279=DIRECTION('center_axis',(0.,1.,-3.3094716224833E-109));
#11280=DIRECTION('ref_axis',(0.,6.12323399573676E-17,-1.));
#11281=DIRECTION('center_axis',(0.,1.,0.));
#11282=DIRECTION('ref_axis',(1.,0.,1.14508252625213E-46));
#11283=DIRECTION('center_axis',(0.,1.,-3.3094716224833E-109));
#11284=DIRECTION('ref_axis',(1.,0.,1.14508252625213E-46));
#11285=DIRECTION('',(0.,1.,0.));
#11286=DIRECTION('center_axis',(0.,-1.,3.3094716224833E-109));
#11287=DIRECTION('ref_axis',(0.,-3.3094716224833E-109,-1.));
#11288=DIRECTION('center_axis',(0.,1.,-3.3094716224833E-109));
#11289=DIRECTION('ref_axis',(0.,6.12323399573676E-17,-1.));
#11290=DIRECTION('center_axis',(1.17632271665965E-30,1.,6.12323399573676E-17));
#11291=DIRECTION('ref_axis',(0.,6.12323399573676E-17,-1.));
#11292=DIRECTION('',(1.17632271665965E-30,1.,6.12323399573676E-17));
#11293=DIRECTION('center_axis',(1.17632271665965E-30,1.,6.12323399573676E-17));
#11294=DIRECTION('ref_axis',(0.,6.12323399573676E-17,-1.));
#11295=DIRECTION('',(1.17632271665965E-30,1.,6.12323399573676E-17));
#11296=DIRECTION('center_axis',(-1.17632271665965E-30,-1.,-6.12323399573676E-17));
#11297=DIRECTION('ref_axis',(0.,6.12323399573676E-17,-1.));
#11298=DIRECTION('center_axis',(1.,-3.1608002331461E-63,7.20289924860781E-47));
#11299=DIRECTION('ref_axis',(-7.20289924860781E-47,3.3094716224833E-109,
1.));
#11300=DIRECTION('center_axis',(0.,1.,-3.3094716224833E-109));
#11301=DIRECTION('ref_axis',(-7.20289924860781E-47,3.3094716224833E-109,
1.));
#11302=DIRECTION('center_axis',(-1.09877651868083E-15,-1.60872780095562E-31,
-1.));
#11303=DIRECTION('ref_axis',(-5.55111512312591E-17,-1.,2.2186712959341E-31));
#11304=DIRECTION('',(0.939692620785908,0.342020143325669,-1.0325121864972E-15));
#11305=DIRECTION('',(-5.55111512312591E-17,-1.,2.2186712959341E-31));
#11306=DIRECTION('',(0.939692620785908,0.342020143325669,-1.0325121864972E-15));
#11307=DIRECTION('center_axis',(-1.09877651868083E-15,-1.60872780095562E-31,
-1.));
#11308=DIRECTION('ref_axis',(-5.55111512312591E-17,-1.,2.2186712959341E-31));
#11309=DIRECTION('',(0.939692620785908,0.342020143325669,-1.0325121864972E-15));
#11310=DIRECTION('',(-5.55111512312591E-17,-1.,2.2186712959341E-31));
#11311=DIRECTION('',(0.939692620785908,0.342020143325669,-1.0325121864972E-15));
#11312=DIRECTION('center_axis',(-1.09877651868083E-15,-1.60872780095562E-31,
-1.));
#11313=DIRECTION('ref_axis',(-5.55111512312591E-17,-1.,2.2186712959341E-31));
#11314=DIRECTION('',(0.939692620785908,0.342020143325669,-1.0325121864972E-15));
#11315=DIRECTION('',(-5.55111512312591E-17,-1.,2.2186712959341E-31));
#11316=DIRECTION('',(0.939692620785908,0.342020143325669,-1.0325121864972E-15));
#11317=DIRECTION('center_axis',(-1.09877651868083E-15,-1.60872780095562E-31,
-1.));
#11318=DIRECTION('ref_axis',(-5.55111512312591E-17,-1.,2.2186712959341E-31));
#11319=DIRECTION('',(0.939692620785908,0.342020143325669,-1.0325121864972E-15));
#11320=DIRECTION('',(-5.55111512312591E-17,-1.,2.2186712959341E-31));
#11321=DIRECTION('',(0.939692620785908,0.342020143325669,-1.0325121864972E-15));
#11322=DIRECTION('center_axis',(-1.09877651868083E-15,-1.60872780095562E-31,
-1.));
#11323=DIRECTION('ref_axis',(-5.55111512312591E-17,-1.,2.2186712959341E-31));
#11324=DIRECTION('',(0.939692620785908,0.342020143325669,-1.0325121864972E-15));
#11325=DIRECTION('',(-5.55111512312591E-17,-1.,2.2186712959341E-31));
#11326=DIRECTION('',(0.939692620785908,0.342020143325669,-1.0325121864972E-15));
#11327=DIRECTION('center_axis',(-1.09877651868083E-15,-1.60872780095562E-31,
-1.));
#11328=DIRECTION('ref_axis',(-5.55111512312591E-17,-1.,2.2186712959341E-31));
#11329=DIRECTION('',(0.939692620785908,0.342020143325669,-1.0325121864972E-15));
#11330=DIRECTION('',(-5.55111512312591E-17,-1.,2.2186712959341E-31));
#11331=DIRECTION('',(0.939692620785908,0.342020143325669,-1.0325121864972E-15));
#11332=DIRECTION('center_axis',(-1.09877651868083E-15,-1.60872780095562E-31,
-1.));
#11333=DIRECTION('ref_axis',(-5.55111512312591E-17,-1.,2.2186712959341E-31));
#11334=DIRECTION('',(0.939692620785908,0.342020143325669,-1.0325121864972E-15));
#11335=DIRECTION('',(-5.55111512312591E-17,-1.,2.2186712959341E-31));
#11336=DIRECTION('',(0.939692620785908,0.342020143325669,-1.0325121864972E-15));
#11337=DIRECTION('center_axis',(0.313265312482044,0.860689372342814,-0.401346045616074));
#11338=DIRECTION('ref_axis',(-1.01928974133403E-15,-0.422618261740699,-0.90630778703665));
#11339=DIRECTION('',(1.01928974133403E-15,0.422618261740699,0.90630778703665));
#11340=DIRECTION('',(-0.939692620785908,0.342020143325669,1.0325121864972E-15));
#11341=DIRECTION('center_axis',(-1.09877651868083E-15,-1.60872780095562E-31,
-1.));
#11342=DIRECTION('ref_axis',(-5.55111512312591E-17,-1.,2.2186712959341E-31));
#11343=DIRECTION('',(-0.939692620785908,0.342020143325669,1.0325121864972E-15));
#11344=DIRECTION('',(0.939692620785908,0.342020143325669,-1.0325121864972E-15));
#11345=DIRECTION('',(-5.55111512312591E-17,-1.,2.2186712959341E-31));
#11346=DIRECTION('',(0.939692620785908,0.342020143325669,-1.0325121864972E-15));
#11347=DIRECTION('center_axis',(-0.313265312482045,-0.860689372342814,-0.401346045616073));
#11348=DIRECTION('ref_axis',(9.72369688852873E-16,-0.422618261740699,0.90630778703665));
#11349=DIRECTION('',(-9.72369688852873E-16,0.422618261740699,-0.90630778703665));
#11350=DIRECTION('center_axis',(0.313265312482044,0.860689372342814,-0.401346045616074));
#11351=DIRECTION('ref_axis',(-1.01928974133403E-15,-0.422618261740699,-0.90630778703665));
#11352=DIRECTION('',(1.01928974133403E-15,0.422618261740699,0.90630778703665));
#11353=DIRECTION('',(-0.939692620785908,0.342020143325669,1.0325121864972E-15));
#11354=DIRECTION('center_axis',(-1.09877651868083E-15,-1.60872780095562E-31,
-1.));
#11355=DIRECTION('ref_axis',(-5.55111512312591E-17,-1.,2.2186712959341E-31));
#11356=DIRECTION('',(-0.939692620785908,0.342020143325669,1.0325121864972E-15));
#11357=DIRECTION('',(0.939692620785908,0.342020143325669,-1.0325121864972E-15));
#11358=DIRECTION('',(-5.55111512312591E-17,-1.,2.2186712959341E-31));
#11359=DIRECTION('',(0.939692620785908,0.342020143325669,-1.0325121864972E-15));
#11360=DIRECTION('center_axis',(-0.313265312482045,-0.860689372342814,-0.401346045616073));
#11361=DIRECTION('ref_axis',(9.72369688852873E-16,-0.422618261740699,0.90630778703665));
#11362=DIRECTION('',(-9.72369688852873E-16,0.422618261740699,-0.90630778703665));
#11363=DIRECTION('center_axis',(0.313265312482044,0.860689372342814,-0.401346045616074));
#11364=DIRECTION('ref_axis',(-1.01928974133403E-15,-0.422618261740699,-0.90630778703665));
#11365=DIRECTION('',(1.01928974133403E-15,0.422618261740699,0.90630778703665));
#11366=DIRECTION('',(-0.939692620785908,0.342020143325669,1.0325121864972E-15));
#11367=DIRECTION('center_axis',(-1.09877651868083E-15,-1.60872780095562E-31,
-1.));
#11368=DIRECTION('ref_axis',(-5.55111512312591E-17,-1.,2.2186712959341E-31));
#11369=DIRECTION('',(-0.939692620785908,0.342020143325669,1.0325121864972E-15));
#11370=DIRECTION('',(0.939692620785908,0.342020143325669,-1.0325121864972E-15));
#11371=DIRECTION('',(-5.55111512312591E-17,-1.,2.2186712959341E-31));
#11372=DIRECTION('',(0.939692620785908,0.342020143325669,-1.0325121864972E-15));
#11373=DIRECTION('center_axis',(-0.313265312482045,-0.860689372342814,-0.401346045616073));
#11374=DIRECTION('ref_axis',(9.72369688852873E-16,-0.422618261740699,0.90630778703665));
#11375=DIRECTION('',(-9.72369688852873E-16,0.422618261740699,-0.90630778703665));
#11376=DIRECTION('center_axis',(0.313265312482044,0.860689372342814,-0.401346045616074));
#11377=DIRECTION('ref_axis',(-1.01928974133403E-15,-0.422618261740699,-0.90630778703665));
#11378=DIRECTION('',(1.01928974133403E-15,0.422618261740699,0.90630778703665));
#11379=DIRECTION('',(-0.939692620785908,0.342020143325669,1.0325121864972E-15));
#11380=DIRECTION('center_axis',(-1.09877651868083E-15,-1.60872780095562E-31,
-1.));
#11381=DIRECTION('ref_axis',(-5.55111512312591E-17,-1.,2.2186712959341E-31));
#11382=DIRECTION('',(-0.939692620785908,0.342020143325669,1.0325121864972E-15));
#11383=DIRECTION('',(0.939692620785908,0.342020143325669,-1.0325121864972E-15));
#11384=DIRECTION('',(-5.55111512312591E-17,-1.,2.2186712959341E-31));
#11385=DIRECTION('',(0.939692620785908,0.342020143325669,-1.0325121864972E-15));
#11386=DIRECTION('center_axis',(-0.313265312482045,-0.860689372342814,-0.401346045616073));
#11387=DIRECTION('ref_axis',(9.72369688852873E-16,-0.422618261740699,0.90630778703665));
#11388=DIRECTION('',(-9.72369688852873E-16,0.422618261740699,-0.90630778703665));
#11389=DIRECTION('center_axis',(0.313265312482044,0.860689372342814,-0.401346045616074));
#11390=DIRECTION('ref_axis',(-1.01928974133403E-15,-0.422618261740699,-0.90630778703665));
#11391=DIRECTION('',(1.01928974133403E-15,0.422618261740699,0.90630778703665));
#11392=DIRECTION('',(-0.939692620785908,0.342020143325669,1.0325121864972E-15));
#11393=DIRECTION('center_axis',(-1.09877651868083E-15,-1.60872780095562E-31,
-1.));
#11394=DIRECTION('ref_axis',(-5.55111512312591E-17,-1.,2.2186712959341E-31));
#11395=DIRECTION('',(-0.939692620785908,0.342020143325669,1.0325121864972E-15));
#11396=DIRECTION('',(0.939692620785908,0.342020143325669,-1.0325121864972E-15));
#11397=DIRECTION('',(-5.55111512312591E-17,-1.,2.2186712959341E-31));
#11398=DIRECTION('',(0.939692620785908,0.342020143325669,-1.0325121864972E-15));
#11399=DIRECTION('center_axis',(-0.313265312482045,-0.860689372342814,-0.401346045616073));
#11400=DIRECTION('ref_axis',(9.72369688852873E-16,-0.422618261740699,0.90630778703665));
#11401=DIRECTION('',(-9.72369688852873E-16,0.422618261740699,-0.90630778703665));
#11402=DIRECTION('center_axis',(0.313265312482044,0.860689372342814,-0.401346045616074));
#11403=DIRECTION('ref_axis',(-1.01928974133403E-15,-0.422618261740699,-0.90630778703665));
#11404=DIRECTION('',(1.01928974133403E-15,0.422618261740699,0.90630778703665));
#11405=DIRECTION('',(-0.939692620785908,0.342020143325669,1.0325121864972E-15));
#11406=DIRECTION('center_axis',(-1.09877651868083E-15,-1.60872780095562E-31,
-1.));
#11407=DIRECTION('ref_axis',(-5.55111512312591E-17,-1.,2.2186712959341E-31));
#11408=DIRECTION('',(-0.939692620785908,0.342020143325669,1.0325121864972E-15));
#11409=DIRECTION('',(0.939692620785908,0.342020143325669,-1.0325121864972E-15));
#11410=DIRECTION('',(-5.55111512312591E-17,-1.,2.2186712959341E-31));
#11411=DIRECTION('',(0.939692620785908,0.342020143325669,-1.0325121864972E-15));
#11412=DIRECTION('center_axis',(-0.313265312482045,-0.860689372342814,-0.401346045616073));
#11413=DIRECTION('ref_axis',(9.72369688852873E-16,-0.422618261740699,0.90630778703665));
#11414=DIRECTION('',(-9.72369688852873E-16,0.422618261740699,-0.90630778703665));
#11415=DIRECTION('center_axis',(0.313265312482044,0.860689372342814,-0.401346045616074));
#11416=DIRECTION('ref_axis',(-1.01928974133403E-15,-0.422618261740699,-0.90630778703665));
#11417=DIRECTION('',(1.01928974133403E-15,0.422618261740699,0.90630778703665));
#11418=DIRECTION('',(-0.939692620785908,0.342020143325669,1.0325121864972E-15));
#11419=DIRECTION('center_axis',(-1.09877651868083E-15,-1.60872780095562E-31,
-1.));
#11420=DIRECTION('ref_axis',(-5.55111512312591E-17,-1.,2.2186712959341E-31));
#11421=DIRECTION('',(-0.939692620785908,0.342020143325669,1.0325121864972E-15));
#11422=DIRECTION('',(0.939692620785908,0.342020143325669,-1.0325121864972E-15));
#11423=DIRECTION('',(-5.55111512312591E-17,-1.,2.2186712959341E-31));
#11424=DIRECTION('',(0.939692620785908,0.342020143325669,-1.0325121864972E-15));
#11425=DIRECTION('center_axis',(-0.313265312482045,-0.860689372342814,-0.401346045616073));
#11426=DIRECTION('ref_axis',(9.72369688852873E-16,-0.422618261740699,0.90630778703665));
#11427=DIRECTION('',(-9.72369688852873E-16,0.422618261740699,-0.90630778703665));
#11428=DIRECTION('center_axis',(0.313265312482044,0.860689372342814,-0.401346045616074));
#11429=DIRECTION('ref_axis',(-1.01928974133403E-15,-0.422618261740699,-0.90630778703665));
#11430=DIRECTION('',(1.01928974133403E-15,0.422618261740699,0.90630778703665));
#11431=DIRECTION('',(-0.939692620785908,0.342020143325669,1.0325121864972E-15));
#11432=DIRECTION('center_axis',(-1.09877651868083E-15,-1.60872780095562E-31,
-1.));
#11433=DIRECTION('ref_axis',(-5.55111512312591E-17,-1.,2.2186712959341E-31));
#11434=DIRECTION('',(-0.939692620785908,0.342020143325669,1.0325121864972E-15));
#11435=DIRECTION('',(0.939692620785908,0.342020143325669,-1.0325121864972E-15));
#11436=DIRECTION('',(-5.55111512312591E-17,-1.,2.2186712959341E-31));
#11437=DIRECTION('',(0.939692620785908,0.342020143325669,-1.0325121864972E-15));
#11438=DIRECTION('center_axis',(-0.313265312482045,-0.860689372342814,-0.401346045616073));
#11439=DIRECTION('ref_axis',(9.72369688852873E-16,-0.422618261740699,0.90630778703665));
#11440=DIRECTION('',(-9.72369688852873E-16,0.422618261740699,-0.90630778703665));
#11441=DIRECTION('center_axis',(0.313265312482044,0.860689372342814,-0.401346045616074));
#11442=DIRECTION('ref_axis',(-1.01928974133403E-15,-0.422618261740699,-0.90630778703665));
#11443=DIRECTION('',(1.01928974133403E-15,0.422618261740699,0.90630778703665));
#11444=DIRECTION('',(-0.939692620785908,0.342020143325669,1.0325121864972E-15));
#11445=DIRECTION('center_axis',(-1.09877651868083E-15,-1.60872780095562E-31,
-1.));
#11446=DIRECTION('ref_axis',(-5.55111512312591E-17,-1.,2.2186712959341E-31));
#11447=DIRECTION('',(-0.939692620785908,0.342020143325669,1.0325121864972E-15));
#11448=DIRECTION('',(0.939692620785908,0.342020143325669,-1.0325121864972E-15));
#11449=DIRECTION('',(-5.55111512312591E-17,-1.,2.2186712959341E-31));
#11450=DIRECTION('',(0.939692620785908,0.342020143325669,-1.0325121864972E-15));
#11451=DIRECTION('center_axis',(-0.313265312482045,-0.860689372342814,-0.401346045616073));
#11452=DIRECTION('ref_axis',(9.72369688852873E-16,-0.422618261740699,0.90630778703665));
#11453=DIRECTION('',(-9.72369688852873E-16,0.422618261740699,-0.90630778703665));
#11454=DIRECTION('center_axis',(0.313265312482044,0.860689372342814,-0.401346045616074));
#11455=DIRECTION('ref_axis',(-1.01928974133403E-15,-0.422618261740699,-0.90630778703665));
#11456=DIRECTION('',(1.01928974133403E-15,0.422618261740699,0.90630778703665));
#11457=DIRECTION('',(-0.939692620785908,0.342020143325669,1.0325121864972E-15));
#11458=DIRECTION('center_axis',(-1.09877651868083E-15,-1.60872780095562E-31,
-1.));
#11459=DIRECTION('ref_axis',(-5.55111512312591E-17,-1.,2.2186712959341E-31));
#11460=DIRECTION('',(-0.939692620785908,0.342020143325669,1.0325121864972E-15));
#11461=DIRECTION('',(0.939692620785908,0.342020143325669,-1.0325121864972E-15));
#11462=DIRECTION('',(-5.55111512312591E-17,-1.,2.2186712959341E-31));
#11463=DIRECTION('',(0.939692620785908,0.342020143325669,-1.0325121864972E-15));
#11464=DIRECTION('center_axis',(-0.313265312482045,-0.860689372342814,-0.401346045616073));
#11465=DIRECTION('ref_axis',(9.72369688852873E-16,-0.422618261740699,0.90630778703665));
#11466=DIRECTION('',(-9.72369688852873E-16,0.422618261740699,-0.90630778703665));
#11467=DIRECTION('center_axis',(0.313265312482044,0.860689372342814,-0.401346045616074));
#11468=DIRECTION('ref_axis',(-1.01928974133403E-15,-0.422618261740699,-0.90630778703665));
#11469=DIRECTION('',(1.01928974133403E-15,0.422618261740699,0.90630778703665));
#11470=DIRECTION('',(-0.939692620785908,0.342020143325669,1.0325121864972E-15));
#11471=DIRECTION('center_axis',(-1.09877651868083E-15,-1.60872780095562E-31,
-1.));
#11472=DIRECTION('ref_axis',(-5.55111512312591E-17,-1.,2.2186712959341E-31));
#11473=DIRECTION('',(-0.939692620785908,0.342020143325669,1.0325121864972E-15));
#11474=DIRECTION('',(0.939692620785908,0.342020143325669,-1.0325121864972E-15));
#11475=DIRECTION('',(-5.55111512312591E-17,-1.,2.2186712959341E-31));
#11476=DIRECTION('',(0.939692620785908,0.342020143325669,-1.0325121864972E-15));
#11477=DIRECTION('center_axis',(-0.313265312482045,-0.860689372342814,-0.401346045616073));
#11478=DIRECTION('ref_axis',(9.72369688852873E-16,-0.422618261740699,0.90630778703665));
#11479=DIRECTION('',(-9.72369688852873E-16,0.422618261740699,-0.90630778703665));
#11480=DIRECTION('center_axis',(0.313265312482044,0.860689372342814,-0.401346045616074));
#11481=DIRECTION('ref_axis',(-1.01928974133403E-15,-0.422618261740699,-0.90630778703665));
#11482=DIRECTION('',(1.01928974133403E-15,0.422618261740699,0.90630778703665));
#11483=DIRECTION('',(-0.939692620785908,0.342020143325669,1.0325121864972E-15));
#11484=DIRECTION('center_axis',(-1.09877651868083E-15,-1.60872780095562E-31,
-1.));
#11485=DIRECTION('ref_axis',(-5.55111512312591E-17,-1.,2.2186712959341E-31));
#11486=DIRECTION('',(-0.939692620785908,0.342020143325669,1.0325121864972E-15));
#11487=DIRECTION('',(0.939692620785908,0.342020143325669,-1.0325121864972E-15));
#11488=DIRECTION('',(-5.55111512312591E-17,-1.,2.2186712959341E-31));
#11489=DIRECTION('',(0.939692620785908,0.342020143325669,-1.0325121864972E-15));
#11490=DIRECTION('center_axis',(-0.313265312482045,-0.860689372342814,-0.401346045616073));
#11491=DIRECTION('ref_axis',(9.72369688852873E-16,-0.422618261740699,0.90630778703665));
#11492=DIRECTION('',(-9.72369688852873E-16,0.422618261740699,-0.90630778703665));
#11493=DIRECTION('center_axis',(-1.09877651868083E-15,-1.60872780095562E-31,
-1.));
#11494=DIRECTION('ref_axis',(-5.55111512312591E-17,-1.,2.2186712959341E-31));
#11495=DIRECTION('',(0.939692620785908,0.342020143325669,-1.0325121864972E-15));
#11496=DIRECTION('',(-5.55111512312591E-17,-1.,2.2186712959341E-31));
#11497=DIRECTION('',(0.939692620785908,0.342020143325669,-1.0325121864972E-15));
#11498=DIRECTION('center_axis',(-1.09877651868083E-15,-1.60872780095562E-31,
-1.));
#11499=DIRECTION('ref_axis',(-5.55111512312591E-17,-1.,2.2186712959341E-31));
#11500=DIRECTION('',(0.939692620785908,0.342020143325669,-1.0325121864972E-15));
#11501=DIRECTION('',(-5.55111512312591E-17,-1.,2.2186712959341E-31));
#11502=DIRECTION('',(0.939692620785908,0.342020143325669,-1.0325121864972E-15));
#11503=DIRECTION('center_axis',(-1.09877651868083E-15,-1.60872780095562E-31,
-1.));
#11504=DIRECTION('ref_axis',(-5.55111512312591E-17,-1.,2.2186712959341E-31));
#11505=DIRECTION('',(0.939692620785908,0.342020143325669,-1.0325121864972E-15));
#11506=DIRECTION('',(-5.55111512312591E-17,-1.,2.2186712959341E-31));
#11507=DIRECTION('',(0.939692620785908,0.342020143325669,-1.0325121864972E-15));
#11508=DIRECTION('center_axis',(-1.09877651868083E-15,-1.60872780095562E-31,
-1.));
#11509=DIRECTION('ref_axis',(-5.55111512312591E-17,-1.,2.2186712959341E-31));
#11510=DIRECTION('',(0.939692620785908,0.342020143325669,-1.0325121864972E-15));
#11511=DIRECTION('',(-5.55111512312591E-17,-1.,2.2186712959341E-31));
#11512=DIRECTION('',(0.939692620785908,0.342020143325669,-1.0325121864972E-15));
#11513=DIRECTION('center_axis',(-1.09877651868083E-15,-1.60872780095562E-31,
-1.));
#11514=DIRECTION('ref_axis',(-5.55111512312591E-17,-1.,2.2186712959341E-31));
#11515=DIRECTION('',(0.939692620785908,0.342020143325669,-1.0325121864972E-15));
#11516=DIRECTION('',(-5.55111512312591E-17,-1.,2.2186712959341E-31));
#11517=DIRECTION('',(0.939692620785908,0.342020143325669,-1.0325121864972E-15));
#11518=DIRECTION('center_axis',(-1.09877651868083E-15,-1.60872780095562E-31,
-1.));
#11519=DIRECTION('ref_axis',(-5.55111512312591E-17,-1.,2.2186712959341E-31));
#11520=DIRECTION('',(0.939692620785908,0.342020143325669,-1.0325121864972E-15));
#11521=DIRECTION('',(-5.55111512312591E-17,-1.,2.2186712959341E-31));
#11522=DIRECTION('',(0.939692620785908,0.342020143325669,-1.0325121864972E-15));
#11523=DIRECTION('center_axis',(0.313265312482044,0.860689372342814,-0.401346045616074));
#11524=DIRECTION('ref_axis',(-1.01928974133403E-15,-0.422618261740699,-0.90630778703665));
#11525=DIRECTION('',(-0.939692620785908,0.342020143325669,1.0325121864972E-15));
#11526=DIRECTION('',(1.01928974133403E-15,0.422618261740699,0.90630778703665));
#11527=DIRECTION('',(-0.939692620785908,0.342020143325669,1.0325121864972E-15));
#11528=DIRECTION('center_axis',(-1.09877651868083E-15,-1.60872780095562E-31,
-1.));
#11529=DIRECTION('ref_axis',(-5.55111512312591E-17,-1.,2.2186712959341E-31));
#11530=DIRECTION('',(0.939692620785908,0.342020143325669,-1.0325121864972E-15));
#11531=DIRECTION('',(-5.55111512312591E-17,-1.,2.2186712959341E-31));
#11532=DIRECTION('',(0.939692620785908,0.342020143325669,-1.0325121864972E-15));
#11533=DIRECTION('center_axis',(-1.09877651868083E-15,-1.60872780095562E-31,
-1.));
#11534=DIRECTION('ref_axis',(-5.55111512312591E-17,-1.,2.2186712959341E-31));
#11535=DIRECTION('',(0.939692620785908,0.342020143325669,-1.0325121864972E-15));
#11536=DIRECTION('center_axis',(0.313265312482045,-0.860689372342814,0.401346045616073));
#11537=DIRECTION('ref_axis',(-1.01928974133403E-15,-0.422618261740699,-0.90630778703665));
#11538=DIRECTION('',(-1.01928974133403E-15,-0.422618261740699,-0.90630778703665));
#11539=DIRECTION('center_axis',(-0.313265312482044,0.860689372342814,0.401346045616074));
#11540=DIRECTION('ref_axis',(9.72369688852873E-16,-0.422618261740699,0.90630778703665));
#11541=DIRECTION('',(9.72369688852873E-16,-0.422618261740699,0.90630778703665));
#11542=DIRECTION('center_axis',(0.313265312482045,-0.860689372342814,0.401346045616073));
#11543=DIRECTION('ref_axis',(-1.01928974133403E-15,-0.422618261740699,-0.90630778703665));
#11544=DIRECTION('',(-1.01928974133403E-15,-0.422618261740699,-0.90630778703665));
#11545=DIRECTION('center_axis',(-0.313265312482044,0.860689372342814,0.401346045616074));
#11546=DIRECTION('ref_axis',(9.72369688852873E-16,-0.422618261740699,0.90630778703665));
#11547=DIRECTION('',(9.72369688852873E-16,-0.422618261740699,0.90630778703665));
#11548=DIRECTION('center_axis',(0.313265312482045,-0.860689372342814,0.401346045616073));
#11549=DIRECTION('ref_axis',(-1.01928974133403E-15,-0.422618261740699,-0.90630778703665));
#11550=DIRECTION('',(-1.01928974133403E-15,-0.422618261740699,-0.90630778703665));
#11551=DIRECTION('center_axis',(-0.313265312482044,0.860689372342814,0.401346045616074));
#11552=DIRECTION('ref_axis',(9.72369688852873E-16,-0.422618261740699,0.90630778703665));
#11553=DIRECTION('',(9.72369688852873E-16,-0.422618261740699,0.90630778703665));
#11554=DIRECTION('center_axis',(0.313265312482045,-0.860689372342814,0.401346045616073));
#11555=DIRECTION('ref_axis',(-1.01928974133403E-15,-0.422618261740699,-0.90630778703665));
#11556=DIRECTION('',(-1.01928974133403E-15,-0.422618261740699,-0.90630778703665));
#11557=DIRECTION('center_axis',(-0.313265312482044,0.860689372342814,0.401346045616074));
#11558=DIRECTION('ref_axis',(9.72369688852873E-16,-0.422618261740699,0.90630778703665));
#11559=DIRECTION('',(9.72369688852873E-16,-0.422618261740699,0.90630778703665));
#11560=DIRECTION('center_axis',(0.313265312482045,-0.860689372342814,0.401346045616073));
#11561=DIRECTION('ref_axis',(-1.01928974133403E-15,-0.422618261740699,-0.90630778703665));
#11562=DIRECTION('',(-1.01928974133403E-15,-0.422618261740699,-0.90630778703665));
#11563=DIRECTION('center_axis',(-0.313265312482044,0.860689372342814,0.401346045616074));
#11564=DIRECTION('ref_axis',(9.72369688852873E-16,-0.422618261740699,0.90630778703665));
#11565=DIRECTION('',(9.72369688852873E-16,-0.422618261740699,0.90630778703665));
#11566=DIRECTION('center_axis',(0.313265312482045,-0.860689372342814,0.401346045616073));
#11567=DIRECTION('ref_axis',(-1.01928974133403E-15,-0.422618261740699,-0.90630778703665));
#11568=DIRECTION('',(-1.01928974133403E-15,-0.422618261740699,-0.90630778703665));
#11569=DIRECTION('center_axis',(-0.313265312482044,0.860689372342814,0.401346045616074));
#11570=DIRECTION('ref_axis',(9.72369688852873E-16,-0.422618261740699,0.90630778703665));
#11571=DIRECTION('',(9.72369688852873E-16,-0.422618261740699,0.90630778703665));
#11572=DIRECTION('center_axis',(0.313265312482045,-0.860689372342814,0.401346045616073));
#11573=DIRECTION('ref_axis',(-1.01928974133403E-15,-0.422618261740699,-0.90630778703665));
#11574=DIRECTION('',(-1.01928974133403E-15,-0.422618261740699,-0.90630778703665));
#11575=DIRECTION('center_axis',(-0.313265312482044,0.860689372342814,0.401346045616074));
#11576=DIRECTION('ref_axis',(9.72369688852873E-16,-0.422618261740699,0.90630778703665));
#11577=DIRECTION('',(9.72369688852873E-16,-0.422618261740699,0.90630778703665));
#11578=DIRECTION('center_axis',(0.313265312482045,-0.860689372342814,0.401346045616073));
#11579=DIRECTION('ref_axis',(-1.01928974133403E-15,-0.422618261740699,-0.90630778703665));
#11580=DIRECTION('',(-1.01928974133403E-15,-0.422618261740699,-0.90630778703665));
#11581=DIRECTION('center_axis',(-0.313265312482044,0.860689372342814,0.401346045616074));
#11582=DIRECTION('ref_axis',(9.72369688852873E-16,-0.422618261740699,0.90630778703665));
#11583=DIRECTION('',(9.72369688852873E-16,-0.422618261740699,0.90630778703665));
#11584=DIRECTION('center_axis',(0.313265312482045,-0.860689372342814,0.401346045616073));
#11585=DIRECTION('ref_axis',(-1.01928974133403E-15,-0.422618261740699,-0.90630778703665));
#11586=DIRECTION('',(-1.01928974133403E-15,-0.422618261740699,-0.90630778703665));
#11587=DIRECTION('center_axis',(-0.313265312482044,0.860689372342814,0.401346045616074));
#11588=DIRECTION('ref_axis',(9.72369688852873E-16,-0.422618261740699,0.90630778703665));
#11589=DIRECTION('',(9.72369688852873E-16,-0.422618261740699,0.90630778703665));
#11590=DIRECTION('center_axis',(0.313265312482045,-0.860689372342814,0.401346045616073));
#11591=DIRECTION('ref_axis',(-1.01928974133403E-15,-0.422618261740699,-0.90630778703665));
#11592=DIRECTION('',(-1.01928974133403E-15,-0.422618261740699,-0.90630778703665));
#11593=DIRECTION('center_axis',(-0.313265312482044,0.860689372342814,0.401346045616074));
#11594=DIRECTION('ref_axis',(9.72369688852873E-16,-0.422618261740699,0.90630778703665));
#11595=DIRECTION('',(9.72369688852873E-16,-0.422618261740699,0.90630778703665));
#11596=DIRECTION('center_axis',(0.313265312482045,-0.860689372342814,0.401346045616073));
#11597=DIRECTION('ref_axis',(-1.01928974133403E-15,-0.422618261740699,-0.90630778703665));
#11598=DIRECTION('',(-1.01928974133403E-15,-0.422618261740699,-0.90630778703665));
#11599=DIRECTION('center_axis',(-0.313265312482044,0.860689372342814,0.401346045616074));
#11600=DIRECTION('ref_axis',(9.72369688852873E-16,-0.422618261740699,0.90630778703665));
#11601=DIRECTION('',(9.72369688852873E-16,-0.422618261740699,0.90630778703665));
#11602=DIRECTION('center_axis',(0.313265312482045,-0.860689372342814,0.401346045616073));
#11603=DIRECTION('ref_axis',(-1.01928974133403E-15,-0.422618261740699,-0.90630778703665));
#11604=DIRECTION('',(-1.01928974133403E-15,-0.422618261740699,-0.90630778703665));
#11605=DIRECTION('center_axis',(-0.313265312482044,0.860689372342814,0.401346045616074));
#11606=DIRECTION('ref_axis',(9.72369688852873E-16,-0.422618261740699,0.90630778703665));
#11607=DIRECTION('',(9.72369688852873E-16,-0.422618261740699,0.90630778703665));
#11608=DIRECTION('center_axis',(0.313265312482045,-0.860689372342814,0.401346045616073));
#11609=DIRECTION('ref_axis',(-1.01928974133403E-15,-0.422618261740699,-0.90630778703665));
#11610=DIRECTION('',(-1.01928974133403E-15,-0.422618261740699,-0.90630778703665));
#11611=DIRECTION('center_axis',(-0.313265312482044,0.860689372342814,0.401346045616074));
#11612=DIRECTION('ref_axis',(9.72369688852873E-16,-0.422618261740699,0.90630778703665));
#11613=DIRECTION('',(9.72369688852873E-16,-0.422618261740699,0.90630778703665));
#11614=DIRECTION('center_axis',(0.313265312482045,-0.860689372342814,0.401346045616073));
#11615=DIRECTION('ref_axis',(-1.01928974133403E-15,-0.422618261740699,-0.90630778703665));
#11616=DIRECTION('',(-1.01928974133403E-15,-0.422618261740699,-0.90630778703665));
#11617=DIRECTION('center_axis',(-0.313265312482044,0.860689372342814,0.401346045616074));
#11618=DIRECTION('ref_axis',(9.72369688852873E-16,-0.422618261740699,0.90630778703665));
#11619=DIRECTION('',(9.72369688852873E-16,-0.422618261740699,0.90630778703665));
#11620=DIRECTION('center_axis',(0.313265312482045,-0.860689372342814,0.401346045616073));
#11621=DIRECTION('ref_axis',(-1.01928974133403E-15,-0.422618261740699,-0.90630778703665));
#11622=DIRECTION('',(-1.01928974133403E-15,-0.422618261740699,-0.90630778703665));
#11623=DIRECTION('center_axis',(-0.313265312482044,0.860689372342814,0.401346045616074));
#11624=DIRECTION('ref_axis',(9.72369688852873E-16,-0.422618261740699,0.90630778703665));
#11625=DIRECTION('',(9.72369688852873E-16,-0.422618261740699,0.90630778703665));
#11626=DIRECTION('center_axis',(0.313265312482045,-0.860689372342814,0.401346045616073));
#11627=DIRECTION('ref_axis',(-1.01928974133403E-15,-0.422618261740699,-0.90630778703665));
#11628=DIRECTION('',(-1.01928974133403E-15,-0.422618261740699,-0.90630778703665));
#11629=DIRECTION('center_axis',(-0.313265312482044,0.860689372342814,0.401346045616074));
#11630=DIRECTION('ref_axis',(9.72369688852873E-16,-0.422618261740699,0.90630778703665));
#11631=DIRECTION('',(9.72369688852873E-16,-0.422618261740699,0.90630778703665));
#11632=DIRECTION('center_axis',(0.313265312482045,-0.860689372342814,0.401346045616073));
#11633=DIRECTION('ref_axis',(-1.01928974133403E-15,-0.422618261740699,-0.90630778703665));
#11634=DIRECTION('',(-1.01928974133403E-15,-0.422618261740699,-0.90630778703665));
#11635=DIRECTION('center_axis',(-0.313265312482044,0.860689372342814,0.401346045616074));
#11636=DIRECTION('ref_axis',(9.72369688852873E-16,-0.422618261740699,0.90630778703665));
#11637=DIRECTION('',(9.72369688852873E-16,-0.422618261740699,0.90630778703665));
#11638=DIRECTION('center_axis',(0.313265312482045,-0.860689372342814,0.401346045616073));
#11639=DIRECTION('ref_axis',(-1.01928974133403E-15,-0.422618261740699,-0.90630778703665));
#11640=DIRECTION('',(-1.01928974133403E-15,-0.422618261740699,-0.90630778703665));
#11641=DIRECTION('center_axis',(-0.313265312482044,0.860689372342814,0.401346045616074));
#11642=DIRECTION('ref_axis',(9.72369688852873E-16,-0.422618261740699,0.90630778703665));
#11643=DIRECTION('',(9.72369688852873E-16,-0.422618261740699,0.90630778703665));
#11644=DIRECTION('center_axis',(0.313265312482045,-0.860689372342814,0.401346045616073));
#11645=DIRECTION('ref_axis',(-1.01928974133403E-15,-0.422618261740699,-0.90630778703665));
#11646=DIRECTION('',(-1.01928974133403E-15,-0.422618261740699,-0.90630778703665));
#11647=DIRECTION('center_axis',(-0.313265312482044,0.860689372342814,0.401346045616074));
#11648=DIRECTION('ref_axis',(9.72369688852873E-16,-0.422618261740699,0.90630778703665));
#11649=DIRECTION('',(9.72369688852873E-16,-0.422618261740699,0.90630778703665));
#11650=DIRECTION('center_axis',(0.313265312482045,-0.860689372342814,0.401346045616073));
#11651=DIRECTION('ref_axis',(-1.01928974133403E-15,-0.422618261740699,-0.90630778703665));
#11652=DIRECTION('',(-1.01928974133403E-15,-0.422618261740699,-0.90630778703665));
#11653=DIRECTION('center_axis',(-0.313265312482044,0.860689372342814,0.401346045616074));
#11654=DIRECTION('ref_axis',(9.72369688852873E-16,-0.422618261740699,0.90630778703665));
#11655=DIRECTION('',(9.72369688852873E-16,-0.422618261740699,0.90630778703665));
#11656=DIRECTION('center_axis',(0.313265312482045,-0.860689372342814,0.401346045616073));
#11657=DIRECTION('ref_axis',(-1.01928974133403E-15,-0.422618261740699,-0.90630778703665));
#11658=DIRECTION('',(-1.01928974133403E-15,-0.422618261740699,-0.90630778703665));
#11659=DIRECTION('center_axis',(-0.313265312482044,0.860689372342814,0.401346045616074));
#11660=DIRECTION('ref_axis',(9.72369688852873E-16,-0.422618261740699,0.90630778703665));
#11661=DIRECTION('',(9.72369688852873E-16,-0.422618261740699,0.90630778703665));
#11662=DIRECTION('center_axis',(0.313265312482045,-0.860689372342814,0.401346045616073));
#11663=DIRECTION('ref_axis',(-1.01928974133403E-15,-0.422618261740699,-0.90630778703665));
#11664=DIRECTION('',(-1.01928974133403E-15,-0.422618261740699,-0.90630778703665));
#11665=DIRECTION('center_axis',(-0.313265312482044,0.860689372342814,0.401346045616074));
#11666=DIRECTION('ref_axis',(9.72369688852873E-16,-0.422618261740699,0.90630778703665));
#11667=DIRECTION('',(9.72369688852873E-16,-0.422618261740699,0.90630778703665));
#11668=DIRECTION('center_axis',(0.313265312482045,-0.860689372342814,0.401346045616073));
#11669=DIRECTION('ref_axis',(-1.01928974133403E-15,-0.422618261740699,-0.90630778703665));
#11670=DIRECTION('',(-1.01928974133403E-15,-0.422618261740699,-0.90630778703665));
#11671=DIRECTION('center_axis',(-0.313265312482044,0.860689372342814,0.401346045616074));
#11672=DIRECTION('ref_axis',(9.72369688852873E-16,-0.422618261740699,0.90630778703665));
#11673=DIRECTION('',(9.72369688852873E-16,-0.422618261740699,0.90630778703665));
#11674=DIRECTION('center_axis',(0.313265312482045,-0.860689372342814,0.401346045616073));
#11675=DIRECTION('ref_axis',(-1.01928974133403E-15,-0.422618261740699,-0.90630778703665));
#11676=DIRECTION('',(-1.01928974133403E-15,-0.422618261740699,-0.90630778703665));
#11677=DIRECTION('center_axis',(-0.313265312482044,0.860689372342814,0.401346045616074));
#11678=DIRECTION('ref_axis',(9.72369688852873E-16,-0.422618261740699,0.90630778703665));
#11679=DIRECTION('',(9.72369688852873E-16,-0.422618261740699,0.90630778703665));
#11680=DIRECTION('center_axis',(0.313265312482045,-0.860689372342814,0.401346045616073));
#11681=DIRECTION('ref_axis',(-1.01928974133403E-15,-0.422618261740699,-0.90630778703665));
#11682=DIRECTION('',(-1.01928974133403E-15,-0.422618261740699,-0.90630778703665));
#11683=DIRECTION('center_axis',(-0.313265312482044,0.860689372342814,0.401346045616074));
#11684=DIRECTION('ref_axis',(9.72369688852873E-16,-0.422618261740699,0.90630778703665));
#11685=DIRECTION('',(9.72369688852873E-16,-0.422618261740699,0.90630778703665));
#11686=DIRECTION('center_axis',(0.313265312482045,-0.860689372342814,0.401346045616073));
#11687=DIRECTION('ref_axis',(-1.01928974133403E-15,-0.422618261740699,-0.90630778703665));
#11688=DIRECTION('',(-1.01928974133403E-15,-0.422618261740699,-0.90630778703665));
#11689=DIRECTION('center_axis',(-0.313265312482044,0.860689372342814,0.401346045616074));
#11690=DIRECTION('ref_axis',(9.72369688852873E-16,-0.422618261740699,0.90630778703665));
#11691=DIRECTION('',(9.72369688852873E-16,-0.422618261740699,0.90630778703665));
#11692=DIRECTION('center_axis',(-1.,5.55111512312591E-17,1.09877651868083E-15));
#11693=DIRECTION('ref_axis',(5.55111512312591E-17,1.,-2.2186712959341E-31));
#11694=DIRECTION('center_axis',(-1.,5.55111512312591E-17,1.09877651868083E-15));
#11695=DIRECTION('ref_axis',(5.55111512312591E-17,1.,-2.2186712959341E-31));
#11696=DIRECTION('center_axis',(-1.,5.55111512312591E-17,1.09877651868083E-15));
#11697=DIRECTION('ref_axis',(5.55111512312591E-17,1.,-2.2186712959341E-31));
#11698=DIRECTION('center_axis',(-1.,5.55111512312591E-17,1.09877651868083E-15));
#11699=DIRECTION('ref_axis',(5.55111512312591E-17,1.,-2.2186712959341E-31));
#11700=DIRECTION('center_axis',(-1.,5.55111512312591E-17,1.09877651868083E-15));
#11701=DIRECTION('ref_axis',(5.55111512312591E-17,1.,-2.2186712959341E-31));
#11702=DIRECTION('center_axis',(-1.,5.55111512312591E-17,1.09877651868083E-15));
#11703=DIRECTION('ref_axis',(5.55111512312591E-17,1.,-2.2186712959341E-31));
#11704=DIRECTION('center_axis',(-1.,5.55111512312591E-17,1.09877651868083E-15));
#11705=DIRECTION('ref_axis',(5.55111512312591E-17,1.,-2.2186712959341E-31));
#11706=DIRECTION('center_axis',(-1.,5.55111512312591E-17,1.09877651868083E-15));
#11707=DIRECTION('ref_axis',(5.55111512312591E-17,1.,-2.2186712959341E-31));
#11708=DIRECTION('center_axis',(-1.,5.55111512312591E-17,1.09877651868083E-15));
#11709=DIRECTION('ref_axis',(5.55111512312591E-17,1.,-2.2186712959341E-31));
#11710=DIRECTION('center_axis',(-1.,5.55111512312591E-17,1.09877651868083E-15));
#11711=DIRECTION('ref_axis',(5.55111512312591E-17,1.,-2.2186712959341E-31));
#11712=DIRECTION('center_axis',(-1.,5.55111512312591E-17,1.09877651868083E-15));
#11713=DIRECTION('ref_axis',(5.55111512312591E-17,1.,-2.2186712959341E-31));
#11714=DIRECTION('center_axis',(-1.,5.55111512312591E-17,1.09877651868083E-15));
#11715=DIRECTION('ref_axis',(5.55111512312591E-17,1.,-2.2186712959341E-31));
#11716=DIRECTION('center_axis',(-1.,5.55111512312591E-17,1.09877651868083E-15));
#11717=DIRECTION('ref_axis',(5.55111512312591E-17,1.,-2.2186712959341E-31));
#11718=DIRECTION('center_axis',(-1.,5.55111512312591E-17,1.09877651868083E-15));
#11719=DIRECTION('ref_axis',(5.55111512312591E-17,1.,-2.2186712959341E-31));
#11720=DIRECTION('center_axis',(-1.,5.55111512312591E-17,1.09877651868083E-15));
#11721=DIRECTION('ref_axis',(5.55111512312591E-17,1.,-2.2186712959341E-31));
#11722=DIRECTION('center_axis',(-1.,5.55111512312591E-17,1.09877651868083E-15));
#11723=DIRECTION('ref_axis',(5.55111512312591E-17,1.,-2.2186712959341E-31));
#11724=DIRECTION('center_axis',(-1.,5.55111512312591E-17,1.09877651868083E-15));
#11725=DIRECTION('ref_axis',(5.55111512312591E-17,1.,-2.2186712959341E-31));
#11726=DIRECTION('center_axis',(-1.,5.55111512312591E-17,1.09877651868083E-15));
#11727=DIRECTION('ref_axis',(5.55111512312591E-17,1.,-2.2186712959341E-31));
#11728=DIRECTION('center_axis',(-1.,5.55111512312591E-17,1.09877651868083E-15));
#11729=DIRECTION('ref_axis',(5.55111512312591E-17,1.,-2.2186712959341E-31));
#11730=DIRECTION('center_axis',(-1.,5.55111512312591E-17,1.09877651868083E-15));
#11731=DIRECTION('ref_axis',(5.55111512312591E-17,1.,-2.2186712959341E-31));
#11732=DIRECTION('center_axis',(-1.,5.55111512312591E-17,1.09877651868083E-15));
#11733=DIRECTION('ref_axis',(5.55111512312591E-17,1.,-2.2186712959341E-31));
#11734=DIRECTION('center_axis',(-1.,5.55111512312591E-17,1.09877651868083E-15));
#11735=DIRECTION('ref_axis',(5.55111512312591E-17,1.,-2.2186712959341E-31));
#11736=DIRECTION('center_axis',(-1.,5.55111512312591E-17,1.09877651868083E-15));
#11737=DIRECTION('ref_axis',(5.55111512312591E-17,1.,-2.2186712959341E-31));
#11738=DIRECTION('center_axis',(-1.,5.55111512312591E-17,1.09877651868083E-15));
#11739=DIRECTION('ref_axis',(5.55111512312591E-17,1.,-2.2186712959341E-31));
#11740=DIRECTION('center_axis',(-1.,5.55111512312591E-17,1.09877651868083E-15));
#11741=DIRECTION('ref_axis',(5.55111512312591E-17,1.,-2.2186712959341E-31));
#11742=DIRECTION('center_axis',(-1.,5.55111512312591E-17,1.09877651868083E-15));
#11743=DIRECTION('ref_axis',(5.55111512312591E-17,1.,-2.2186712959341E-31));
#11744=CARTESIAN_POINT('',(0.,0.,0.));
#11745=CARTESIAN_POINT('Origin',(109.011586206923,-39.6317074852742,-8.6153846153846));
#11746=CARTESIAN_POINT('',(109.496201591538,-37.9067074852742,-8.49230769230767));
#11747=CARTESIAN_POINT('',(108.757740053077,-37.9067074852742,-8.18461538461537));
#11748=CARTESIAN_POINT('Origin',(109.011586206923,-37.9067074852742,-8.6153846153846));
#11749=CARTESIAN_POINT('',(108.757740053077,-39.6317074852742,-8.18461538461537));
#11750=CARTESIAN_POINT('',(108.757740053077,-39.6317074852742,-8.18461538461537));
#11751=CARTESIAN_POINT('',(109.496201591538,-39.6317074852742,-8.49230769230767));
#11752=CARTESIAN_POINT('Origin',(109.011586206923,-39.6317074852742,-8.6153846153846));
#11753=CARTESIAN_POINT('',(109.496201591538,-39.6317074852742,-8.49230769230767));
#11754=CARTESIAN_POINT('Origin',(34.,-37.9067074852742,-5.00000000000001));
#11755=CARTESIAN_POINT('',(113.121190627552,-37.9067074852742,-6.92499999999997));
#11756=CARTESIAN_POINT('Origin',(111.43466313,-37.9067074852742,-7.99999999999997));
#11757=CARTESIAN_POINT('',(127.93466313,-37.9067074852742,-6.92499999999996));
#11758=CARTESIAN_POINT('',(34.,-37.9067074852742,-6.92500000000001));
#11759=CARTESIAN_POINT('',(127.93466313,-37.9067074852742,-12.075));
#11760=CARTESIAN_POINT('',(127.93466313,-37.9067074852742,1.49999999999999));
#11761=CARTESIAN_POINT('',(34.15,-37.9067074852742,-12.075));
#11762=CARTESIAN_POINT('',(34.,-37.9067074852742,-12.075));
#11763=CARTESIAN_POINT('',(34.15,-37.9067074852742,-6.92500000000001));
#11764=CARTESIAN_POINT('',(34.15,-37.9067074852742,1.5));
#11765=CARTESIAN_POINT('',(79.7481356324477,-37.9067074852742,-6.92499999999999));
#11766=CARTESIAN_POINT('',(34.,-37.9067074852742,-6.92500000000001));
#11767=CARTESIAN_POINT('',(79.43466313,-37.9067074852742,-7.99999999999999));
#11768=CARTESIAN_POINT('Origin',(81.43466313,-37.9067074852742,-7.99999999999999));
#11769=CARTESIAN_POINT('',(83.1211906275523,-37.9067074852742,-6.92499999999999));
#11770=CARTESIAN_POINT('Origin',(81.43466313,-37.9067074852742,-7.99999999999999));
#11771=CARTESIAN_POINT('',(97.4312505642773,-37.9067074852742,-6.92499999999998));
#11772=CARTESIAN_POINT('',(34.,-37.9067074852742,-6.92500000000001));
#11773=CARTESIAN_POINT('Origin',(103.93466313,-37.9067074852742,3.42173664898763E-15));
#11774=CARTESIAN_POINT('Origin',(111.43466313,-39.6317074852742,-7.99999999999997));
#11775=CARTESIAN_POINT('',(112.050879346216,-39.6317074852742,-6.09729729729728));
#11776=CARTESIAN_POINT('Origin',(111.43466313,-39.6317074852742,-7.99999999999997));
#11777=CARTESIAN_POINT('',(112.050879346216,-37.7273964306844,-6.09729729729735));
#11778=CARTESIAN_POINT('',(112.050879346216,-50.,-6.09729729729728));
#11779=CARTESIAN_POINT('Ctrl Pts',(113.121190627552,-37.9067074852742,-6.92499999999996));
#11780=CARTESIAN_POINT('Ctrl Pts',(113.021576016682,-37.9067074852742,-6.76871834382294));
#11781=CARTESIAN_POINT('Ctrl Pts',(112.887455999869,-37.8859687442584,-6.61440723529111));
#11782=CARTESIAN_POINT('Ctrl Pts',(112.583606105835,-37.8276414315913,-6.34683036584167));
#11783=CARTESIAN_POINT('Ctrl Pts',(112.372129762125,-37.7793721568151,-6.21643702531997));
#11784=CARTESIAN_POINT('Ctrl Pts',(112.112692726064,-37.7367786626426,-6.11815550220141));
#11785=CARTESIAN_POINT('Ctrl Pts',(112.081904056487,-37.7319642460415,-6.10734507278272));
#11786=CARTESIAN_POINT('Ctrl Pts',(112.050879346216,-37.7273964306843,-6.09729729729735));
#11787=CARTESIAN_POINT('Origin',(112.20493340027,-50.,-5.62162162162161));
#11788=CARTESIAN_POINT('',(111.791419881753,-37.1271534152444,-5.34054054790129));
#11789=CARTESIAN_POINT('Ctrl Pts',(111.791419879074,-37.1271534108055,-5.34054055184293));
#11790=CARTESIAN_POINT('Ctrl Pts',(111.777462605292,-37.1538110264169,-5.36107385005713));
#11791=CARTESIAN_POINT('Ctrl Pts',(111.764915653466,-37.1806526204634,-5.3828296375961));
#11792=CARTESIAN_POINT('Ctrl Pts',(111.722384598521,-37.2843702211188,-5.47160718883959));
#11793=CARTESIAN_POINT('Ctrl Pts',(111.70493340027,-37.359208870815,-5.54658546052065));
#11794=CARTESIAN_POINT('Ctrl Pts',(111.70493340027,-37.4737558680569,-5.67990408759754));
#11795=CARTESIAN_POINT('Ctrl Pts',(111.715761839937,-37.5241988906518,-5.74614955367991));
#11796=CARTESIAN_POINT('Ctrl Pts',(111.768023872104,-37.6103050645939,-5.87441824153744));
#11797=CARTESIAN_POINT('Ctrl Pts',(111.809687761173,-37.6461094656615,-5.9362525987925));
#11798=CARTESIAN_POINT('Ctrl Pts',(111.904471327816,-37.6935612257851,-6.0254564924154));
#11799=CARTESIAN_POINT('Ctrl Pts',(111.958374318184,-37.7108113274295,-6.0613382278077));
#11800=CARTESIAN_POINT('Ctrl Pts',(112.028842599613,-37.7239442669625,-6.08973157217885));
#11801=CARTESIAN_POINT('Ctrl Pts',(112.039795406303,-37.7257645253253,-6.0937076122117));
#11802=CARTESIAN_POINT('Ctrl Pts',(112.050879346216,-37.7273964306843,-6.09729729729735));
#11803=CARTESIAN_POINT('',(111.791419886757,-39.6317074852742,-5.34054054054053));
#11804=CARTESIAN_POINT('Origin',(112.20493340027,-39.6317074852742,-5.62162162162161));
#11805=CARTESIAN_POINT('',(111.791419886757,-50.,-5.34054054054053));
#11806=CARTESIAN_POINT('Origin',(34.,-35.9067074852742,-6.92500000000001));
#11807=CARTESIAN_POINT('',(112.058355332441,-35.9067074852742,-4.92499999999997));
#11808=CARTESIAN_POINT('Ctrl Pts',(111.791419879074,-37.1271534108055,-5.34054055184293));
#11809=CARTESIAN_POINT('Ctrl Pts',(111.864774462304,-36.9870502507949,-5.23262467492486));
#11810=CARTESIAN_POINT('Ctrl Pts',(111.926621873496,-36.8224772044276,-5.13668880651457));
#11811=CARTESIAN_POINT('Ctrl Pts',(112.029767328306,-36.4101664836465,-4.97306397838038));
#11812=CARTESIAN_POINT('Ctrl Pts',(112.058355332441,-36.151638790049,-4.92499999999997));
#11813=CARTESIAN_POINT('Ctrl Pts',(112.058355332441,-35.9067074852742,-4.92499999999997));
#11814=CARTESIAN_POINT('',(127.93466313,-35.9067074852742,-4.92499999999997));
#11815=CARTESIAN_POINT('',(34.,-35.9067074852742,-4.92500000000001));
#11816=CARTESIAN_POINT('Origin',(127.93466313,-35.9067074852742,-6.92499999999997));
#11817=CARTESIAN_POINT('Origin',(112.20493340027,-39.6317074852742,5.62162162162163));
#11818=CARTESIAN_POINT('',(112.050879346216,-37.7273964306844,6.09729729729738));
#11819=CARTESIAN_POINT('',(111.791419881753,-37.1271534152444,5.3405405479013));
#11820=CARTESIAN_POINT('Ctrl Pts',(112.050879346216,-37.7273964306843,6.09729729729738));
#11821=CARTESIAN_POINT('Ctrl Pts',(112.039795406303,-37.7257645253253,6.09370761221173));
#11822=CARTESIAN_POINT('Ctrl Pts',(112.028842599613,-37.7239442669625,6.08973157217887));
#11823=CARTESIAN_POINT('Ctrl Pts',(111.958374318184,-37.7108113274295,6.06133822780772));
#11824=CARTESIAN_POINT('Ctrl Pts',(111.904471327816,-37.6935612257851,6.02545649241543));
#11825=CARTESIAN_POINT('Ctrl Pts',(111.809687761173,-37.6461094656615,5.93625259879253));
#11826=CARTESIAN_POINT('Ctrl Pts',(111.768023872104,-37.6103050645939,5.87441824153746));
#11827=CARTESIAN_POINT('Ctrl Pts',(111.715761839937,-37.5241988906518,5.74614955367992));
#11828=CARTESIAN_POINT('Ctrl Pts',(111.70493340027,-37.4737558680569,5.67990408759757));
#11829=CARTESIAN_POINT('Ctrl Pts',(111.70493340027,-37.359208870815,5.54658546052067));
#11830=CARTESIAN_POINT('Ctrl Pts',(111.722384598521,-37.2843702211188,5.47160718883961));
#11831=CARTESIAN_POINT('Ctrl Pts',(111.764915653466,-37.1806526204634,5.38282963759612));
#11832=CARTESIAN_POINT('Ctrl Pts',(111.777462605292,-37.1538110264168,5.36107385005714));
#11833=CARTESIAN_POINT('Ctrl Pts',(111.791419879074,-37.1271534108054,5.34054055184296));
#11834=CARTESIAN_POINT('',(111.791419886757,-39.6317074852742,5.34054054054054));
#11835=CARTESIAN_POINT('',(111.791419886757,-39.6317074852742,5.34054054054054));
#11836=CARTESIAN_POINT('',(112.050879346216,-39.6317074852742,6.09729729729731));
#11837=CARTESIAN_POINT('Origin',(112.20493340027,-39.6317074852742,5.62162162162163));
#11838=CARTESIAN_POINT('',(112.050879346216,-39.6317074852742,6.09729729729731));
#11839=CARTESIAN_POINT('Origin',(34.,-35.9067074852742,6.925));
#11840=CARTESIAN_POINT('',(113.121190627552,-37.9067074852742,6.925));
#11841=CARTESIAN_POINT('Ctrl Pts',(112.050879346216,-37.7273964306843,6.09729729729739));
#11842=CARTESIAN_POINT('Ctrl Pts',(112.081904056487,-37.7319642460415,6.10734507278276));
#11843=CARTESIAN_POINT('Ctrl Pts',(112.112692726064,-37.7367786626426,6.11815550220144));
#11844=CARTESIAN_POINT('Ctrl Pts',(112.372129762125,-37.7793721568151,6.21643702532));
#11845=CARTESIAN_POINT('Ctrl Pts',(112.583606105835,-37.8276414315913,6.34683036584171));
#11846=CARTESIAN_POINT('Ctrl Pts',(112.887455999869,-37.8859687442584,6.61440723529114));
#11847=CARTESIAN_POINT('Ctrl Pts',(113.021576016682,-37.9067074852742,6.76871834382298));
#11848=CARTESIAN_POINT('Ctrl Pts',(113.121190627552,-37.9067074852742,6.925));
#11849=CARTESIAN_POINT('',(127.93466313,-37.9067074852742,6.925));
#11850=CARTESIAN_POINT('',(34.,-37.9067074852742,6.925));
#11851=CARTESIAN_POINT('',(127.93466313,-35.9067074852742,4.925));
#11852=CARTESIAN_POINT('Origin',(127.93466313,-35.9067074852742,6.925));
#11853=CARTESIAN_POINT('',(112.058355332441,-35.9067074852742,4.92500000000001));
#11854=CARTESIAN_POINT('',(34.,-35.9067074852742,4.925));
#11855=CARTESIAN_POINT('Ctrl Pts',(112.058355332441,-35.9067074852742,4.925));
#11856=CARTESIAN_POINT('Ctrl Pts',(112.058355332441,-36.151638790049,4.925));
#11857=CARTESIAN_POINT('Ctrl Pts',(112.029767328306,-36.4101664836465,4.97306397838041));
#11858=CARTESIAN_POINT('Ctrl Pts',(111.926621873496,-36.8224772044276,5.1366888065146));
#11859=CARTESIAN_POINT('Ctrl Pts',(111.864774462304,-36.9870502507948,5.23262467492489));
#11860=CARTESIAN_POINT('Ctrl Pts',(111.791419879074,-37.1271534108054,5.34054055184296));
#11861=CARTESIAN_POINT('Origin',(111.43466313,-39.6317074852742,8.));
#11862=CARTESIAN_POINT('',(109.496201591538,-39.6317074852742,8.49230769230769));
#11863=CARTESIAN_POINT('Origin',(111.43466313,-39.6317074852742,8.));
#11864=CARTESIAN_POINT('',(109.496201591538,-37.9067074852742,8.49230769230769));
#11865=CARTESIAN_POINT('',(109.496201591538,-39.6317074852742,8.49230769230769));
#11866=CARTESIAN_POINT('Origin',(111.43466313,-37.9067074852742,8.));
#11867=CARTESIAN_POINT('Origin',(109.011586206923,-39.6317074852742,8.61538461538461));
#11868=CARTESIAN_POINT('',(108.757740053077,-37.9067074852742,8.18461538461538));
#11869=CARTESIAN_POINT('Origin',(109.011586206923,-37.9067074852742,8.61538461538461));
#11870=CARTESIAN_POINT('',(108.757740053077,-39.6317074852742,8.18461538461538));
#11871=CARTESIAN_POINT('Origin',(109.011586206923,-39.6317074852742,8.61538461538461));
#11872=CARTESIAN_POINT('',(108.757740053077,-39.6317074852742,8.18461538461538));
#11873=CARTESIAN_POINT('Origin',(34.,-37.9067074852742,5.));
#11874=CARTESIAN_POINT('',(97.4312505642773,-37.9067074852742,6.925));
#11875=CARTESIAN_POINT('Origin',(103.93466313,-37.9067074852742,3.42173664898763E-15));
#11876=CARTESIAN_POINT('',(83.1211906275523,-37.9067074852742,6.925));
#11877=CARTESIAN_POINT('',(34.,-37.9067074852742,6.925));
#11878=CARTESIAN_POINT('',(79.43466313,-37.9067074852742,8.00000000000001));
#11879=CARTESIAN_POINT('Origin',(81.43466313,-37.9067074852742,8.00000000000001));
#11880=CARTESIAN_POINT('',(79.7481356324477,-37.9067074852742,6.925));
#11881=CARTESIAN_POINT('Origin',(81.43466313,-37.9067074852742,8.00000000000001));
#11882=CARTESIAN_POINT('',(34.,-37.9067074852742,6.925));
#11883=CARTESIAN_POINT('',(34.,-37.9067074852742,6.925));
#11884=CARTESIAN_POINT('',(34.,-37.9067074852742,12.075));
#11885=CARTESIAN_POINT('',(34.,-37.9067074852742,10.5));
#11886=CARTESIAN_POINT('',(127.93466313,-37.9067074852742,12.075));
#11887=CARTESIAN_POINT('',(34.,-37.9067074852742,12.075));
#11888=CARTESIAN_POINT('',(127.93466313,-37.9067074852742,6.5));
#11889=CARTESIAN_POINT('Origin',(7.,-8.81585374263709,8.5));
#11890=CARTESIAN_POINT('',(7.00000000000001,32.3682925147258,9.49999999999999));
#11891=CARTESIAN_POINT('',(8.,32.3682925147258,8.5));
#11892=CARTESIAN_POINT('Origin',(7.,32.3682925147258,8.5));
#11893=CARTESIAN_POINT('',(8.,-52.8135256670924,8.5));
#11894=CARTESIAN_POINT('',(8.,-8.81585374263709,8.5));
#11895=CARTESIAN_POINT('',(7.,-52.3589802125469,9.5));
#11896=CARTESIAN_POINT('Origin',(7.,-52.3589802125469,8.5));
#11897=CARTESIAN_POINT('',(7.00000000000001,-48.9080892972014,9.5));
#11898=CARTESIAN_POINT('',(7.,-8.81585374263709,9.5));
#11899=CARTESIAN_POINT('',(7.00000000000001,-46.171523825019,9.5));
#11900=CARTESIAN_POINT('',(7.00000000000001,-50.,9.49999999999999));
#11901=CARTESIAN_POINT('',(7.00000000000001,-45.7664966436116,9.5));
#11902=CARTESIAN_POINT('',(7.,-8.81585374263709,9.5));
#11903=CARTESIAN_POINT('',(7.00000000000001,-43.0299311714292,9.5));
#11904=CARTESIAN_POINT('',(7.00000000000001,-50.,9.49999999999999));
#11905=CARTESIAN_POINT('',(7.00000000000001,-42.6249039900218,9.5));
#11906=CARTESIAN_POINT('',(7.,-8.81585374263709,9.5));
#11907=CARTESIAN_POINT('',(7.00000000000001,-39.8883385178394,9.5));
#11908=CARTESIAN_POINT('',(7.00000000000001,-50.,9.49999999999999));
#11909=CARTESIAN_POINT('',(7.00000000000001,-39.483311336432,9.5));
#11910=CARTESIAN_POINT('',(7.,-8.81585374263709,9.5));
#11911=CARTESIAN_POINT('',(7.00000000000001,-36.7467458642496,9.5));
#11912=CARTESIAN_POINT('',(7.00000000000001,-50.,9.49999999999999));
#11913=CARTESIAN_POINT('',(7.00000000000001,-36.3417186828422,9.5));
#11914=CARTESIAN_POINT('',(7.,-8.81585374263709,9.5));
#11915=CARTESIAN_POINT('',(7.00000000000001,-33.6051532106598,9.5));
#11916=CARTESIAN_POINT('',(7.00000000000001,-50.,9.49999999999999));
#11917=CARTESIAN_POINT('',(7.00000000000001,-33.2001260292525,9.5));
#11918=CARTESIAN_POINT('',(7.,-8.81585374263709,9.5));
#11919=CARTESIAN_POINT('',(7.00000000000001,-30.4635605570701,9.5));
#11920=CARTESIAN_POINT('',(7.00000000000001,-50.,9.49999999999999));
#11921=CARTESIAN_POINT('',(7.00000000000001,-30.0585333756627,9.5));
#11922=CARTESIAN_POINT('',(7.,-8.81585374263709,9.5));
#11923=CARTESIAN_POINT('',(7.00000000000001,-27.3219679034803,9.5));
#11924=CARTESIAN_POINT('',(7.00000000000001,-50.,9.49999999999999));
#11925=CARTESIAN_POINT('',(7.00000000000001,-26.9169407220729,9.5));
#11926=CARTESIAN_POINT('',(7.,-8.81585374263709,9.5));
#11927=CARTESIAN_POINT('',(7.00000000000001,-24.1803752498905,9.5));
#11928=CARTESIAN_POINT('',(7.00000000000001,-50.,9.49999999999999));
#11929=CARTESIAN_POINT('',(7.00000000000001,-23.7753480684831,9.5));
#11930=CARTESIAN_POINT('',(7.,-8.81585374263709,9.5));
#11931=CARTESIAN_POINT('',(7.00000000000001,-21.0387825963007,9.5));
#11932=CARTESIAN_POINT('',(7.00000000000001,-50.,9.49999999999999));
#11933=CARTESIAN_POINT('',(7.00000000000001,-20.6337554148933,9.5));
#11934=CARTESIAN_POINT('',(7.,-8.81585374263709,9.5));
#11935=CARTESIAN_POINT('',(7.00000000000001,-17.8971899427109,9.5));
#11936=CARTESIAN_POINT('',(7.00000000000001,-50.,9.49999999999999));
#11937=CARTESIAN_POINT('',(7.00000000000001,-17.4921627613035,9.5));
#11938=CARTESIAN_POINT('',(7.,-8.81585374263709,9.5));
#11939=CARTESIAN_POINT('',(7.00000000000001,-14.7555972891211,9.5));
#11940=CARTESIAN_POINT('',(7.00000000000001,-50.,9.49999999999999));
#11941=CARTESIAN_POINT('',(7.00000000000001,-14.3505701077137,9.5));
#11942=CARTESIAN_POINT('',(7.,-8.81585374263709,9.5));
#11943=CARTESIAN_POINT('',(7.00000000000001,-11.6140046355313,9.5));
#11944=CARTESIAN_POINT('',(7.00000000000001,-50.,9.49999999999999));
#11945=CARTESIAN_POINT('',(7.00000000000001,-11.2089774541239,9.5));
#11946=CARTESIAN_POINT('',(7.,-8.81585374263709,9.5));
#11947=CARTESIAN_POINT('',(7.00000000000001,-8.47241198194149,9.5));
#11948=CARTESIAN_POINT('',(7.00000000000001,-50.,9.49999999999999));
#11949=CARTESIAN_POINT('',(7.00000000000001,-8.0673848005341,9.5));
#11950=CARTESIAN_POINT('',(7.,-8.81585374263709,9.5));
#11951=CARTESIAN_POINT('',(7.00000000000001,-5.3308193283517,9.5));
#11952=CARTESIAN_POINT('',(7.00000000000001,-50.,9.49999999999999));
#11953=CARTESIAN_POINT('',(7.00000000000001,-4.9257921469443,9.5));
#11954=CARTESIAN_POINT('',(7.,-8.81585374263709,9.5));
#11955=CARTESIAN_POINT('',(7.00000000000001,-2.18922667476191,9.5));
#11956=CARTESIAN_POINT('',(7.00000000000001,-50.,9.49999999999999));
#11957=CARTESIAN_POINT('',(7.00000000000001,-1.78419949335451,9.5));
#11958=CARTESIAN_POINT('',(7.,-8.81585374263709,9.5));
#11959=CARTESIAN_POINT('',(7.00000000000001,0.952365978827885,9.5));
#11960=CARTESIAN_POINT('',(7.00000000000001,-50.,9.49999999999999));
#11961=CARTESIAN_POINT('',(7.00000000000001,1.35739316023528,9.5));
#11962=CARTESIAN_POINT('',(7.,-8.81585374263709,9.5));
#11963=CARTESIAN_POINT('',(7.00000000000001,4.09395863241768,9.5));
#11964=CARTESIAN_POINT('',(7.00000000000001,-50.,9.49999999999999));
#11965=CARTESIAN_POINT('',(7.00000000000001,4.49898581382508,9.5));
#11966=CARTESIAN_POINT('',(7.,-8.81585374263709,9.5));
#11967=CARTESIAN_POINT('',(7.00000000000001,7.23555128600747,9.5));
#11968=CARTESIAN_POINT('',(7.00000000000001,-50.,9.49999999999999));
#11969=CARTESIAN_POINT('',(7.00000000000001,7.64057846741488,9.5));
#11970=CARTESIAN_POINT('',(7.,-8.81585374263709,9.5));
#11971=CARTESIAN_POINT('',(7.00000000000001,10.3771439395973,9.5));
#11972=CARTESIAN_POINT('',(7.00000000000001,-50.,9.49999999999999));
#11973=CARTESIAN_POINT('',(7.00000000000001,10.7821711210047,9.5));
#11974=CARTESIAN_POINT('',(7.,-8.81585374263709,9.5));
#11975=CARTESIAN_POINT('',(7.00000000000001,13.5187365931871,9.5));
#11976=CARTESIAN_POINT('',(7.00000000000001,-50.,9.49999999999999));
#11977=CARTESIAN_POINT('',(7.00000000000001,13.9237637745944,9.5));
#11978=CARTESIAN_POINT('',(7.,-8.81585374263709,9.5));
#11979=CARTESIAN_POINT('',(7.00000000000001,16.6603292467768,9.5));
#11980=CARTESIAN_POINT('',(7.00000000000001,-50.,9.49999999999999));
#11981=CARTESIAN_POINT('',(7.00000000000001,17.0653564281842,9.5));
#11982=CARTESIAN_POINT('',(7.,-8.81585374263709,9.5));
#11983=CARTESIAN_POINT('',(7.00000000000001,19.8019219003666,9.5));
#11984=CARTESIAN_POINT('',(7.00000000000001,-50.,9.49999999999999));
#11985=CARTESIAN_POINT('',(7.00000000000001,20.206949081774,9.5));
#11986=CARTESIAN_POINT('',(7.,-8.81585374263709,9.5));
#11987=CARTESIAN_POINT('',(7.00000000000001,22.9435145539564,9.5));
#11988=CARTESIAN_POINT('',(7.00000000000001,-50.,9.49999999999999));
#11989=CARTESIAN_POINT('',(7.00000000000001,23.3485417353638,9.5));
#11990=CARTESIAN_POINT('',(7.,-8.81585374263709,9.5));
#11991=CARTESIAN_POINT('',(7.00000000000001,26.0851072075462,9.5));
#11992=CARTESIAN_POINT('',(7.00000000000001,-50.,9.49999999999999));
#11993=CARTESIAN_POINT('',(7.00000000000001,26.4901343889536,9.5));
#11994=CARTESIAN_POINT('',(7.,-8.81585374263709,9.5));
#11995=CARTESIAN_POINT('',(7.00000000000001,29.226699861136,9.5));
#11996=CARTESIAN_POINT('',(7.00000000000001,-50.,9.49999999999999));
#11997=CARTESIAN_POINT('',(7.00000000000001,29.6317270425434,9.5));
#11998=CARTESIAN_POINT('',(7.,-8.81585374263709,9.5));
#11999=CARTESIAN_POINT('',(7.00000000000001,-50.,9.49999999999999));
#12000=CARTESIAN_POINT('Origin',(4.00000000000001,32.3682925147258,9.5));
#12001=CARTESIAN_POINT('',(4.00000000000001,-15.8475079919197,9.5));
#12002=CARTESIAN_POINT('',(4.00000000000001,-15.8475079919197,9.5));
#12003=CARTESIAN_POINT('',(1.08443872455095,-14.786330471477,9.50000000000001));
#12004=CARTESIAN_POINT('',(4.00000000000001,-15.8475079919197,9.5));
#12005=CARTESIAN_POINT('',(1.08443872455095,-14.3813032900696,9.50000000000001));
#12006=CARTESIAN_POINT('',(1.08443872455095,-11.0707914374776,9.50000000000001));
#12007=CARTESIAN_POINT('',(4.00000000000001,-15.4424808105123,9.5));
#12008=CARTESIAN_POINT('',(4.00000000000001,-15.4424808105123,9.5));
#12009=CARTESIAN_POINT('',(4.00000000000001,-15.4424808105123,9.5));
#12010=CARTESIAN_POINT('Origin',(4.00000000000001,32.3682925147258,9.5));
#12011=CARTESIAN_POINT('',(4.00000000000001,-18.9891006455095,9.5));
#12012=CARTESIAN_POINT('',(4.00000000000001,-18.9891006455095,9.5));
#12013=CARTESIAN_POINT('',(1.08443872455095,-17.9279231250668,9.50000000000001));
#12014=CARTESIAN_POINT('',(4.00000000000001,-18.9891006455095,9.5));
#12015=CARTESIAN_POINT('',(1.08443872455095,-17.5228959436594,9.50000000000001));
#12016=CARTESIAN_POINT('',(1.08443872455095,-11.0707914374776,9.50000000000001));
#12017=CARTESIAN_POINT('',(4.00000000000001,-18.5840734641021,9.5));
#12018=CARTESIAN_POINT('',(4.00000000000001,-18.5840734641021,9.5));
#12019=CARTESIAN_POINT('',(4.00000000000001,-18.5840734641021,9.5));
#12020=CARTESIAN_POINT('Origin',(4.00000000000001,32.3682925147258,9.5));
#12021=CARTESIAN_POINT('',(4.00000000000001,-22.1306932990993,9.5));
#12022=CARTESIAN_POINT('',(4.00000000000001,-22.1306932990993,9.5));
#12023=CARTESIAN_POINT('',(1.08443872455095,-21.0695157786566,9.50000000000001));
#12024=CARTESIAN_POINT('',(4.00000000000001,-22.1306932990993,9.5));
#12025=CARTESIAN_POINT('',(1.08443872455095,-20.6644885972492,9.50000000000001));
#12026=CARTESIAN_POINT('',(1.08443872455095,-11.0707914374776,9.50000000000001));
#12027=CARTESIAN_POINT('',(4.00000000000001,-21.7256661176919,9.5));
#12028=CARTESIAN_POINT('',(4.00000000000001,-21.7256661176919,9.5));
#12029=CARTESIAN_POINT('',(4.00000000000001,-21.7256661176919,9.5));
#12030=CARTESIAN_POINT('Origin',(4.00000000000001,32.3682925147258,9.5));
#12031=CARTESIAN_POINT('',(4.00000000000001,-25.2722859526891,9.5));
#12032=CARTESIAN_POINT('',(4.00000000000001,-25.2722859526891,9.5));
#12033=CARTESIAN_POINT('',(1.08443872455095,-24.2111084322464,9.50000000000001));
#12034=CARTESIAN_POINT('',(4.00000000000001,-25.2722859526891,9.5));
#12035=CARTESIAN_POINT('',(1.08443872455095,-23.806081250839,9.50000000000001));
#12036=CARTESIAN_POINT('',(1.08443872455095,-11.0707914374776,9.50000000000001));
#12037=CARTESIAN_POINT('',(4.00000000000001,-24.8672587712817,9.5));
#12038=CARTESIAN_POINT('',(4.00000000000001,-24.8672587712817,9.5));
#12039=CARTESIAN_POINT('',(4.00000000000001,-24.8672587712817,9.5));
#12040=CARTESIAN_POINT('Origin',(4.00000000000001,32.3682925147258,9.5));
#12041=CARTESIAN_POINT('',(4.00000000000001,-28.4138786062789,9.5));
#12042=CARTESIAN_POINT('',(4.00000000000001,-28.4138786062789,9.5));
#12043=CARTESIAN_POINT('',(1.08443872455095,-27.3527010858362,9.50000000000001));
#12044=CARTESIAN_POINT('',(4.00000000000001,-28.4138786062789,9.5));
#12045=CARTESIAN_POINT('',(1.08443872455095,-26.9476739044288,9.50000000000001));
#12046=CARTESIAN_POINT('',(1.08443872455095,-11.0707914374776,9.50000000000001));
#12047=CARTESIAN_POINT('',(4.00000000000001,-28.0088514248715,9.5));
#12048=CARTESIAN_POINT('',(4.00000000000001,-28.0088514248715,9.5));
#12049=CARTESIAN_POINT('',(4.00000000000001,-28.0088514248715,9.5));
#12050=CARTESIAN_POINT('Origin',(4.00000000000001,32.3682925147258,9.5));
#12051=CARTESIAN_POINT('',(4.00000000000001,-31.5554712598687,9.5));
#12052=CARTESIAN_POINT('',(4.00000000000001,-31.5554712598687,9.5));
#12053=CARTESIAN_POINT('',(1.08443872455095,-30.494293739426,9.50000000000001));
#12054=CARTESIAN_POINT('',(4.00000000000001,-31.5554712598687,9.5));
#12055=CARTESIAN_POINT('',(1.08443872455095,-30.0892665580186,9.50000000000001));
#12056=CARTESIAN_POINT('',(1.08443872455095,-11.0707914374776,9.50000000000001));
#12057=CARTESIAN_POINT('',(4.00000000000001,-31.1504440784613,9.5));
#12058=CARTESIAN_POINT('',(4.00000000000001,-31.1504440784613,9.5));
#12059=CARTESIAN_POINT('',(4.00000000000001,-31.1504440784613,9.5));
#12060=CARTESIAN_POINT('Origin',(4.00000000000001,32.3682925147258,9.5));
#12061=CARTESIAN_POINT('',(4.00000000000001,-34.6970639134585,9.5));
#12062=CARTESIAN_POINT('',(4.00000000000001,-34.6970639134585,9.5));
#12063=CARTESIAN_POINT('',(1.08443872455095,-33.6358863930158,9.50000000000001));
#12064=CARTESIAN_POINT('',(4.00000000000001,-34.6970639134585,9.5));
#12065=CARTESIAN_POINT('',(1.08443872455095,-33.2308592116084,9.50000000000001));
#12066=CARTESIAN_POINT('',(1.08443872455095,-11.0707914374776,9.50000000000001));
#12067=CARTESIAN_POINT('',(4.00000000000001,-34.2920367320511,9.5));
#12068=CARTESIAN_POINT('',(4.00000000000001,-34.2920367320511,9.5));
#12069=CARTESIAN_POINT('',(4.00000000000001,-34.2920367320511,9.5));
#12070=CARTESIAN_POINT('Origin',(4.00000000000001,32.3682925147258,9.5));
#12071=CARTESIAN_POINT('',(4.00000000000001,-37.8386565670482,9.5));
#12072=CARTESIAN_POINT('',(4.00000000000001,-37.8386565670482,9.5));
#12073=CARTESIAN_POINT('',(1.08443872455095,-36.7774790466056,9.50000000000001));
#12074=CARTESIAN_POINT('',(4.00000000000001,-37.8386565670482,9.5));
#12075=CARTESIAN_POINT('',(1.08443872455095,-36.3724518651982,9.50000000000001));
#12076=CARTESIAN_POINT('',(1.08443872455095,-11.0707914374776,9.50000000000001));
#12077=CARTESIAN_POINT('',(4.00000000000001,-37.4336293856408,9.5));
#12078=CARTESIAN_POINT('',(4.00000000000001,-37.4336293856408,9.5));
#12079=CARTESIAN_POINT('',(4.00000000000001,-37.4336293856408,9.5));
#12080=CARTESIAN_POINT('Origin',(4.00000000000001,32.3682925147258,9.5));
#12081=CARTESIAN_POINT('',(4.00000000000001,-40.980249220638,9.5));
#12082=CARTESIAN_POINT('',(4.00000000000001,-40.980249220638,9.5));
#12083=CARTESIAN_POINT('',(1.08443872455095,-39.9190717001954,9.50000000000001));
#12084=CARTESIAN_POINT('',(4.00000000000001,-40.980249220638,9.5));
#12085=CARTESIAN_POINT('',(1.08443872455095,-39.514044518788,9.50000000000001));
#12086=CARTESIAN_POINT('',(1.08443872455095,-11.0707914374776,9.50000000000001));
#12087=CARTESIAN_POINT('',(4.00000000000001,-40.5752220392306,9.5));
#12088=CARTESIAN_POINT('',(4.00000000000001,-40.5752220392306,9.5));
#12089=CARTESIAN_POINT('',(4.00000000000001,-40.5752220392306,9.5));
#12090=CARTESIAN_POINT('Origin',(4.00000000000001,32.3682925147258,9.5));
#12091=CARTESIAN_POINT('',(4.00000000000001,-44.1218418742278,9.5));
#12092=CARTESIAN_POINT('',(4.00000000000001,-44.1218418742278,9.5));
#12093=CARTESIAN_POINT('',(1.08443872455095,-43.0606643537852,9.50000000000001));
#12094=CARTESIAN_POINT('',(4.00000000000001,-44.1218418742278,9.5));
#12095=CARTESIAN_POINT('',(1.08443872455095,-42.6556371723778,9.50000000000001));
#12096=CARTESIAN_POINT('',(1.08443872455095,-11.0707914374776,9.50000000000001));
#12097=CARTESIAN_POINT('',(4.00000000000001,-43.7168146928204,9.5));
#12098=CARTESIAN_POINT('',(4.00000000000001,-43.7168146928204,9.5));
#12099=CARTESIAN_POINT('',(4.00000000000001,-43.7168146928204,9.5));
#12100=CARTESIAN_POINT('Origin',(4.00000000000001,32.3682925147258,9.5));
#12101=CARTESIAN_POINT('',(4.00000000000001,-47.2634345278176,9.5));
#12102=CARTESIAN_POINT('',(4.00000000000001,-47.2634345278176,9.5));
#12103=CARTESIAN_POINT('',(1.08443872455095,-46.202257007375,9.50000000000001));
#12104=CARTESIAN_POINT('',(4.00000000000001,-47.2634345278176,9.5));
#12105=CARTESIAN_POINT('',(1.08443872455095,-45.7972298259676,9.50000000000001));
#12106=CARTESIAN_POINT('',(1.08443872455095,-11.0707914374776,9.50000000000001));
#12107=CARTESIAN_POINT('',(4.00000000000001,-46.8584073464102,9.5));
#12108=CARTESIAN_POINT('',(4.00000000000001,-46.8584073464102,9.5));
#12109=CARTESIAN_POINT('',(4.00000000000001,-46.8584073464102,9.5));
#12110=CARTESIAN_POINT('Origin',(4.00000000000001,32.3682925147258,9.5));
#12111=CARTESIAN_POINT('',(1.08443872455095,-49.6700887237064,9.50000000000001));
#12112=CARTESIAN_POINT('',(-4.95205479452054,-46.9262280332194,9.50000000000001));
#12113=CARTESIAN_POINT('',(1.08443872455095,-48.9388224795574,9.50000000000001));
#12114=CARTESIAN_POINT('',(1.08443872455095,-11.0707914374776,9.50000000000001));
#12115=CARTESIAN_POINT('',(4.00000000000001,-50.,9.5));
#12116=CARTESIAN_POINT('',(4.00000000000001,-50.,9.5));
#12117=CARTESIAN_POINT('',(4.00000000000001,-50.,9.5));
#12118=CARTESIAN_POINT('Origin',(4.00000000000001,32.3682925147258,9.5));
#12119=CARTESIAN_POINT('',(4.00000000000001,28.1347891583374,9.5));
#12120=CARTESIAN_POINT('',(4.00000000000001,28.1347891583374,9.5));
#12121=CARTESIAN_POINT('',(1.08443872455096,29.1959666787801,9.50000000000001));
#12122=CARTESIAN_POINT('',(4.00000000000001,28.1347891583374,9.5));
#12123=CARTESIAN_POINT('',(1.08443872455096,29.6009938601875,9.50000000000001));
#12124=CARTESIAN_POINT('',(1.08443872455095,-11.0707914374776,9.50000000000001));
#12125=CARTESIAN_POINT('',(4.00000000000001,28.5398163397448,9.5));
#12126=CARTESIAN_POINT('',(4.00000000000001,28.5398163397448,9.5));
#12127=CARTESIAN_POINT('',(4.00000000000001,28.5398163397448,9.5));
#12128=CARTESIAN_POINT('Origin',(4.00000000000001,32.3682925147258,9.5));
#12129=CARTESIAN_POINT('',(4.00000000000001,24.9931965047476,9.5));
#12130=CARTESIAN_POINT('',(4.00000000000001,24.9931965047476,9.5));
#12131=CARTESIAN_POINT('',(1.08443872455096,26.0543740251903,9.50000000000001));
#12132=CARTESIAN_POINT('',(4.00000000000001,24.9931965047476,9.5));
#12133=CARTESIAN_POINT('',(1.08443872455096,26.4594012065977,9.50000000000001));
#12134=CARTESIAN_POINT('',(1.08443872455095,-11.0707914374776,9.50000000000001));
#12135=CARTESIAN_POINT('',(4.00000000000001,25.398223686155,9.5));
#12136=CARTESIAN_POINT('',(4.00000000000001,25.398223686155,9.5));
#12137=CARTESIAN_POINT('',(4.00000000000001,25.398223686155,9.5));
#12138=CARTESIAN_POINT('Origin',(4.00000000000001,32.3682925147258,9.5));
#12139=CARTESIAN_POINT('',(4.00000000000001,21.8516038511578,9.5));
#12140=CARTESIAN_POINT('',(4.00000000000001,21.8516038511578,9.5));
#12141=CARTESIAN_POINT('',(1.08443872455096,22.9127813716005,9.50000000000001));
#12142=CARTESIAN_POINT('',(4.00000000000001,21.8516038511578,9.5));
#12143=CARTESIAN_POINT('',(1.08443872455096,23.3178085530079,9.50000000000001));
#12144=CARTESIAN_POINT('',(1.08443872455095,-11.0707914374776,9.50000000000001));
#12145=CARTESIAN_POINT('',(4.00000000000001,22.2566310325652,9.5));
#12146=CARTESIAN_POINT('',(4.00000000000001,22.2566310325652,9.5));
#12147=CARTESIAN_POINT('',(4.00000000000001,22.2566310325652,9.5));
#12148=CARTESIAN_POINT('Origin',(4.00000000000001,32.3682925147258,9.5));
#12149=CARTESIAN_POINT('',(4.00000000000001,18.710011197568,9.5));
#12150=CARTESIAN_POINT('',(4.00000000000001,18.710011197568,9.5));
#12151=CARTESIAN_POINT('',(1.08443872455096,19.7711887180107,9.50000000000001));
#12152=CARTESIAN_POINT('',(4.00000000000001,18.710011197568,9.5));
#12153=CARTESIAN_POINT('',(1.08443872455096,20.1762158994181,9.50000000000001));
#12154=CARTESIAN_POINT('',(1.08443872455095,-11.0707914374776,9.50000000000001));
#12155=CARTESIAN_POINT('',(4.00000000000001,19.1150383789754,9.5));
#12156=CARTESIAN_POINT('',(4.00000000000001,19.1150383789754,9.5));
#12157=CARTESIAN_POINT('',(4.00000000000001,19.1150383789754,9.5));
#12158=CARTESIAN_POINT('Origin',(4.00000000000001,32.3682925147258,9.5));
#12159=CARTESIAN_POINT('',(4.00000000000001,15.5684185439782,9.5));
#12160=CARTESIAN_POINT('',(4.00000000000001,15.5684185439782,9.5));
#12161=CARTESIAN_POINT('',(1.08443872455096,16.6295960644209,9.50000000000001));
#12162=CARTESIAN_POINT('',(4.00000000000001,15.5684185439782,9.5));
#12163=CARTESIAN_POINT('',(1.08443872455096,17.0346232458283,9.50000000000001));
#12164=CARTESIAN_POINT('',(1.08443872455095,-11.0707914374776,9.50000000000001));
#12165=CARTESIAN_POINT('',(4.00000000000001,15.9734457253856,9.5));
#12166=CARTESIAN_POINT('',(4.00000000000001,15.9734457253856,9.5));
#12167=CARTESIAN_POINT('',(4.00000000000001,15.9734457253856,9.5));
#12168=CARTESIAN_POINT('Origin',(4.00000000000001,32.3682925147258,9.5));
#12169=CARTESIAN_POINT('',(4.00000000000001,12.4268258903885,9.5));
#12170=CARTESIAN_POINT('',(4.00000000000001,12.4268258903885,9.5));
#12171=CARTESIAN_POINT('',(1.08443872455096,13.4880034108311,9.50000000000001));
#12172=CARTESIAN_POINT('',(4.00000000000001,12.4268258903885,9.5));
#12173=CARTESIAN_POINT('',(1.08443872455096,13.8930305922385,9.50000000000001));
#12174=CARTESIAN_POINT('',(1.08443872455095,-11.0707914374776,9.50000000000001));
#12175=CARTESIAN_POINT('',(4.00000000000001,12.8318530717958,9.5));
#12176=CARTESIAN_POINT('',(4.00000000000001,12.8318530717958,9.5));
#12177=CARTESIAN_POINT('',(4.00000000000001,12.8318530717958,9.5));
#12178=CARTESIAN_POINT('Origin',(4.00000000000001,32.3682925147258,9.5));
#12179=CARTESIAN_POINT('',(4.00000000000001,9.28523323679866,9.5));
#12180=CARTESIAN_POINT('',(4.00000000000001,9.28523323679866,9.5));
#12181=CARTESIAN_POINT('',(1.08443872455096,10.3464107572413,9.50000000000001));
#12182=CARTESIAN_POINT('',(4.00000000000001,9.28523323679866,9.5));
#12183=CARTESIAN_POINT('',(1.08443872455096,10.7514379386487,9.50000000000001));
#12184=CARTESIAN_POINT('',(1.08443872455095,-11.0707914374776,9.50000000000001));
#12185=CARTESIAN_POINT('',(4.00000000000001,9.69026041820606,9.5));
#12186=CARTESIAN_POINT('',(4.00000000000001,9.69026041820606,9.5));
#12187=CARTESIAN_POINT('',(4.00000000000001,9.69026041820606,9.5));
#12188=CARTESIAN_POINT('Origin',(4.00000000000001,32.3682925147258,9.5));
#12189=CARTESIAN_POINT('',(4.00000000000001,6.14364058320886,9.5));
#12190=CARTESIAN_POINT('',(4.00000000000001,6.14364058320886,9.5));
#12191=CARTESIAN_POINT('',(1.08443872455096,7.20481810365152,9.50000000000001));
#12192=CARTESIAN_POINT('',(4.00000000000001,6.14364058320886,9.5));
#12193=CARTESIAN_POINT('',(1.08443872455096,7.60984528505893,9.50000000000001));
#12194=CARTESIAN_POINT('',(1.08443872455095,-11.0707914374776,9.50000000000001));
#12195=CARTESIAN_POINT('',(4.00000000000001,6.54866776461627,9.5));
#12196=CARTESIAN_POINT('',(4.00000000000001,6.54866776461627,9.5));
#12197=CARTESIAN_POINT('',(4.00000000000001,6.54866776461627,9.5));
#12198=CARTESIAN_POINT('Origin',(4.00000000000001,32.3682925147258,9.5));
#12199=CARTESIAN_POINT('',(4.00000000000001,3.00204792961907,9.5));
#12200=CARTESIAN_POINT('',(4.00000000000001,3.00204792961907,9.5));
#12201=CARTESIAN_POINT('',(1.08443872455096,4.06322545006173,9.50000000000001));
#12202=CARTESIAN_POINT('',(4.00000000000001,3.00204792961907,9.5));
#12203=CARTESIAN_POINT('',(1.08443872455096,4.46825263146913,9.50000000000001));
#12204=CARTESIAN_POINT('',(1.08443872455095,-11.0707914374776,9.50000000000001));
#12205=CARTESIAN_POINT('',(4.00000000000001,3.40707511102647,9.5));
#12206=CARTESIAN_POINT('',(4.00000000000001,3.40707511102647,9.5));
#12207=CARTESIAN_POINT('',(4.00000000000001,3.40707511102647,9.5));
#12208=CARTESIAN_POINT('Origin',(4.00000000000001,32.3682925147258,9.5));
#12209=CARTESIAN_POINT('',(4.00000000000001,-0.139544723970726,9.5));
#12210=CARTESIAN_POINT('',(4.00000000000001,-0.139544723970726,9.5));
#12211=CARTESIAN_POINT('',(1.08443872455096,0.921632796471934,9.50000000000001));
#12212=CARTESIAN_POINT('',(4.00000000000001,-0.139544723970726,9.5));
#12213=CARTESIAN_POINT('',(1.08443872455096,1.32665997787933,9.50000000000001));
#12214=CARTESIAN_POINT('',(1.08443872455095,-11.0707914374776,9.50000000000001));
#12215=CARTESIAN_POINT('',(4.00000000000001,0.265482457436672,9.5));
#12216=CARTESIAN_POINT('',(4.00000000000001,0.265482457436672,9.5));
#12217=CARTESIAN_POINT('',(4.00000000000001,0.265482457436672,9.5));
#12218=CARTESIAN_POINT('Origin',(4.00000000000001,32.3682925147258,9.5));
#12219=CARTESIAN_POINT('',(4.00000000000001,-3.28113737756052,9.5));
#12220=CARTESIAN_POINT('',(4.00000000000001,-3.28113737756052,9.5));
#12221=CARTESIAN_POINT('',(1.08443872455096,-2.21995985711786,9.50000000000001));
#12222=CARTESIAN_POINT('',(4.00000000000001,-3.28113737756052,9.5));
#12223=CARTESIAN_POINT('',(1.08443872455096,-1.81493267571046,9.50000000000001));
#12224=CARTESIAN_POINT('',(1.08443872455095,-11.0707914374776,9.50000000000001));
#12225=CARTESIAN_POINT('',(4.00000000000001,-2.87611019615312,9.5));
#12226=CARTESIAN_POINT('',(4.00000000000001,-2.87611019615312,9.5));
#12227=CARTESIAN_POINT('',(4.00000000000001,-2.87611019615312,9.5));
#12228=CARTESIAN_POINT('Origin',(4.00000000000001,32.3682925147258,9.5));
#12229=CARTESIAN_POINT('',(4.00000000000001,-6.42273003115031,9.5));
#12230=CARTESIAN_POINT('',(4.00000000000001,-6.42273003115031,9.5));
#12231=CARTESIAN_POINT('',(1.08443872455096,-5.36155251070765,9.50000000000001));
#12232=CARTESIAN_POINT('',(4.00000000000001,-6.42273003115031,9.5));
#12233=CARTESIAN_POINT('',(1.08443872455096,-4.95652532930025,9.50000000000001));
#12234=CARTESIAN_POINT('',(1.08443872455095,-11.0707914374776,9.50000000000001));
#12235=CARTESIAN_POINT('',(4.00000000000001,-6.01770284974291,9.5));
#12236=CARTESIAN_POINT('',(4.00000000000001,-6.01770284974291,9.5));
#12237=CARTESIAN_POINT('',(4.00000000000001,-6.01770284974291,9.5));
#12238=CARTESIAN_POINT('Origin',(4.00000000000001,32.3682925147258,9.5));
#12239=CARTESIAN_POINT('',(4.00000000000001,-9.56432268474011,9.5));
#12240=CARTESIAN_POINT('',(4.00000000000001,-9.56432268474011,9.5));
#12241=CARTESIAN_POINT('',(1.08443872455096,-8.50314516429744,9.50000000000001));
#12242=CARTESIAN_POINT('',(4.00000000000001,-9.56432268474011,9.5));
#12243=CARTESIAN_POINT('',(1.08443872455096,-8.09811798289005,9.50000000000001));
#12244=CARTESIAN_POINT('',(1.08443872455095,-11.0707914374776,9.50000000000001));
#12245=CARTESIAN_POINT('',(4.00000000000001,-9.15929550333271,9.5));
#12246=CARTESIAN_POINT('',(4.00000000000001,-9.15929550333271,9.5));
#12247=CARTESIAN_POINT('',(4.00000000000001,-9.15929550333271,9.5));
#12248=CARTESIAN_POINT('Origin',(4.00000000000001,32.3682925147258,9.5));
#12249=CARTESIAN_POINT('',(4.00000000000001,-12.7059153383299,9.5));
#12250=CARTESIAN_POINT('',(4.00000000000001,-12.7059153383299,9.5));
#12251=CARTESIAN_POINT('',(1.08443872455095,-11.6447378178872,9.50000000000001));
#12252=CARTESIAN_POINT('',(4.00000000000001,-12.7059153383299,9.5));
#12253=CARTESIAN_POINT('',(1.08443872455095,-11.2397106364798,9.50000000000001));
#12254=CARTESIAN_POINT('',(1.08443872455095,-11.0707914374776,9.50000000000001));
#12255=CARTESIAN_POINT('',(4.00000000000001,-12.3008881569225,9.5));
#12256=CARTESIAN_POINT('',(4.00000000000001,-12.3008881569225,9.5));
#12257=CARTESIAN_POINT('',(4.00000000000001,-12.3008881569225,9.5));
#12258=CARTESIAN_POINT('Origin',(8.,-50.,3.));
#12259=CARTESIAN_POINT('',(8.,32.3682925147258,3.075));
#12260=CARTESIAN_POINT('',(8.,32.3682925147258,5.50000000000001));
#12261=CARTESIAN_POINT('',(8.,-52.8135256670924,3.075));
#12262=CARTESIAN_POINT('',(8.,-50.,3.075));
#12263=CARTESIAN_POINT('',(8.,-52.8135256670924,7.96875000000006));
#12264=CARTESIAN_POINT('Origin',(128.43466313,-47.8158537426371,-15.425));
#12265=CARTESIAN_POINT('',(128.43466313,-28.7067074852742,-15.925));
#12266=CARTESIAN_POINT('',(128.93466313,-28.7067074852742,-15.425));
#12267=CARTESIAN_POINT('Origin',(128.43466313,-28.7067074852742,-15.425));
#12268=CARTESIAN_POINT('',(128.93466313,-62.6317074852743,-15.425));
#12269=CARTESIAN_POINT('',(128.93466313,-47.8158537426371,-15.425));
#12270=CARTESIAN_POINT('',(128.43466313,-62.6317074852743,-15.925));
#12271=CARTESIAN_POINT('Origin',(128.43466313,-62.6317074852743,-15.425));
#12272=CARTESIAN_POINT('',(128.43466313,-47.8158537426371,-15.925));
#12273=CARTESIAN_POINT('Origin',(126.93466313,-62.6317074852743,-15.425));
#12274=CARTESIAN_POINT('',(126.93466313,-64.6317074852743,-15.425));
#12275=CARTESIAN_POINT('',(126.93466313,-64.1317074852743,-15.925));
#12276=CARTESIAN_POINT('Origin',(126.93466313,-64.1317074852743,-15.425));
#12277=CARTESIAN_POINT('Origin',(126.93466313,-62.6317074852743,-15.925));
#12278=CARTESIAN_POINT('Origin',(126.93466313,-62.6317074852743,-15.425));
#12279=CARTESIAN_POINT('Origin',(23.5,-64.1317074852743,-15.425));
#12280=CARTESIAN_POINT('',(36.15,-64.6317074852743,-15.425));
#12281=CARTESIAN_POINT('',(36.15,-64.1317074852743,-15.925));
#12282=CARTESIAN_POINT('Origin',(36.15,-64.1317074852743,-15.425));
#12283=CARTESIAN_POINT('',(23.5,-64.1317074852743,-15.925));
#12284=CARTESIAN_POINT('',(23.5,-64.6317074852743,-15.425));
#12285=CARTESIAN_POINT('Origin',(36.15,-62.6317074852743,-15.425));
#12286=CARTESIAN_POINT('',(34.15,-62.6317074852743,-15.425));
#12287=CARTESIAN_POINT('',(34.65,-62.6317074852743,-15.925));
#12288=CARTESIAN_POINT('Origin',(34.65,-62.6317074852743,-15.425));
#12289=CARTESIAN_POINT('Origin',(36.15,-62.6317074852743,-15.925));
#12290=CARTESIAN_POINT('Origin',(36.15,-62.6317074852743,-15.425));
#12291=CARTESIAN_POINT('Origin',(34.65,-33.0658537426371,-15.425));
#12292=CARTESIAN_POINT('',(34.15,-28.7067074852742,-15.425));
#12293=CARTESIAN_POINT('',(34.65,-28.7067074852742,-15.925));
#12294=CARTESIAN_POINT('Origin',(34.65,-28.7067074852742,-15.425));
#12295=CARTESIAN_POINT('',(34.65,-33.0658537426371,-15.925));
#12296=CARTESIAN_POINT('',(34.15,-33.0658537426371,-15.425));
#12297=CARTESIAN_POINT('Origin',(36.15,-28.7067074852742,-15.425));
#12298=CARTESIAN_POINT('',(36.15,-26.7067074852742,-15.425));
#12299=CARTESIAN_POINT('',(36.15,-27.2067074852742,-15.925));
#12300=CARTESIAN_POINT('Origin',(36.15,-27.2067074852742,-15.425));
#12301=CARTESIAN_POINT('Origin',(36.15,-28.7067074852742,-15.925));
#12302=CARTESIAN_POINT('Origin',(36.15,-28.7067074852742,-15.425));
#12303=CARTESIAN_POINT('Origin',(23.5,-27.2067074852742,-15.425));
#12304=CARTESIAN_POINT('',(126.93466313,-26.7067074852742,-15.425));
#12305=CARTESIAN_POINT('',(126.93466313,-27.2067074852742,-15.925));
#12306=CARTESIAN_POINT('Origin',(126.93466313,-27.2067074852742,-15.425));
#12307=CARTESIAN_POINT('',(23.5,-27.2067074852742,-15.925));
#12308=CARTESIAN_POINT('',(23.5,-26.7067074852742,-15.425));
#12309=CARTESIAN_POINT('Origin',(126.93466313,-28.7067074852742,-15.425));
#12310=CARTESIAN_POINT('Origin',(126.93466313,-28.7067074852742,-15.425));
#12311=CARTESIAN_POINT('Origin',(126.93466313,-28.7067074852742,-15.925));
#12312=CARTESIAN_POINT('Origin',(36.15,-62.6317074852742,12.0000000000001));
#12313=CARTESIAN_POINT('',(36.15,-64.6317074852742,-1.84999999999996));
#12314=CARTESIAN_POINT('',(36.15,-64.6317074852742,12.0000000000001));
#12315=CARTESIAN_POINT('',(34.15,-62.6317074852742,-1.84999999999996));
#12316=CARTESIAN_POINT('Origin',(36.15,-62.6317074852742,-1.84999999999996));
#12317=CARTESIAN_POINT('',(34.15,-62.6317074852742,12.0000000000001));
#12318=CARTESIAN_POINT('Origin',(34.,-64.6317074852742,16.));
#12319=CARTESIAN_POINT('',(126.93466313,-64.6317074852742,15.425));
#12320=CARTESIAN_POINT('',(126.93466313,-64.6317074852742,12.));
#12321=CARTESIAN_POINT('',(34.4332183894379,-64.6317074852742,15.425));
#12322=CARTESIAN_POINT('',(23.5,-64.6317074852742,15.425));
#12323=CARTESIAN_POINT('',(34.4332183894378,-64.6317074852742,-0.38750032910097));
#12324=CARTESIAN_POINT('',(34.4332183894379,-64.6317074852742,14.4687500000001));
#12325=CARTESIAN_POINT('Ctrl Pts',(36.15,-64.6317074852742,-1.84999999999996));
#12326=CARTESIAN_POINT('Ctrl Pts',(35.8729017779191,-64.6317074852742,-1.572901777919));
#12327=CARTESIAN_POINT('Ctrl Pts',(35.5684493280371,-64.6317074852743,-1.26731802528783));
#12328=CARTESIAN_POINT('Ctrl Pts',(34.9840715731816,-64.6317074852743,-0.762931081106847));
#12329=CARTESIAN_POINT('Ctrl Pts',(34.7102051910867,-64.6317074852742,-0.555788403142417));
#12330=CARTESIAN_POINT('Ctrl Pts',(34.4332183894378,-64.6317074852742,-0.387500329100973));
#12331=CARTESIAN_POINT('',(126.43466313,-64.6317074852743,-8.12499999999996));
#12332=CARTESIAN_POINT('',(126.43466313,-64.6317074852742,8.125));
#12333=CARTESIAN_POINT('',(126.43466313,-64.6317074852742,13.));
#12334=CARTESIAN_POINT('',(123.93466313,-64.6317074852743,-10.625));
#12335=CARTESIAN_POINT('Origin',(123.93466313,-64.6317074852743,-8.12499999999996));
#12336=CARTESIAN_POINT('',(39.,-64.6317074852743,-10.625));
#12337=CARTESIAN_POINT('',(34.,-64.6317074852743,-10.625));
#12338=CARTESIAN_POINT('',(36.5,-64.6317074852743,-8.12500000000001));
#12339=CARTESIAN_POINT('Origin',(39.,-64.6317074852743,-8.12500000000001));
#12340=CARTESIAN_POINT('',(36.5,-64.6317074852742,8.125));
#12341=CARTESIAN_POINT('',(36.5,-64.6317074852742,8.00000000000003));
#12342=CARTESIAN_POINT('',(39.,-64.6317074852742,10.625));
#12343=CARTESIAN_POINT('Origin',(39.,-64.6317074852742,8.125));
#12344=CARTESIAN_POINT('',(123.93466313,-64.6317074852742,10.625));
#12345=CARTESIAN_POINT('',(34.,-64.6317074852742,10.625));
#12346=CARTESIAN_POINT('Origin',(123.93466313,-64.6317074852742,8.125));
#12347=CARTESIAN_POINT('Origin',(126.93466313,-62.6317074852742,12.));
#12348=CARTESIAN_POINT('',(128.93466313,-62.6317074852742,15.425));
#12349=CARTESIAN_POINT('',(128.93466313,-62.6317074852742,12.));
#12350=CARTESIAN_POINT('Origin',(126.93466313,-62.6317074852742,15.425));
#12351=CARTESIAN_POINT('Origin',(128.93466313,-45.6317074852742,8.));
#12352=CARTESIAN_POINT('',(128.93466313,-28.7067074852742,-15.075));
#12353=CARTESIAN_POINT('',(128.93466313,-28.7067074852742,-3.));
#12354=CARTESIAN_POINT('',(128.93466313,-36.740785103638,-15.075));
#12355=CARTESIAN_POINT('',(128.93466313,-41.7317074852742,-15.075));
#12356=CARTESIAN_POINT('',(128.93466313,-39.2625652288671,-13.6999999999999));
#12357=CARTESIAN_POINT('Origin',(128.93466313,-36.740785103638,-12.075));
#12358=CARTESIAN_POINT('',(128.93466313,-38.4284876105032,-13.6999999999999));
#12359=CARTESIAN_POINT('',(128.93466313,-46.1317074852742,-13.6999999999999));
#12360=CARTESIAN_POINT('',(128.93466313,-38.9067074852742,-12.075));
#12361=CARTESIAN_POINT('Origin',(128.93466313,-35.9067074852742,-12.075));
#12362=CARTESIAN_POINT('',(128.93466313,-38.9067074852742,-6.92499999999996));
#12363=CARTESIAN_POINT('',(128.93466313,-38.9067074852742,1.49999999999999));
#12364=CARTESIAN_POINT('',(128.93466313,-35.9067074852742,-3.92499999999996));
#12365=CARTESIAN_POINT('Origin',(128.93466313,-35.9067074852742,-6.92499999999997));
#12366=CARTESIAN_POINT('',(128.93466313,-30.8491696055201,-3.92499999999996));
#12367=CARTESIAN_POINT('',(128.93466313,-38.1317074852742,-3.92499999999996));
#12368=CARTESIAN_POINT('',(128.93466313,-29.7177987556216,-4.39362915010149));
#12369=CARTESIAN_POINT('Origin',(128.93466313,-30.8491696055201,-5.52499999999996));
#12370=CARTESIAN_POINT('',(128.93466313,-27.7067074852742,-6.40472042044889));
#12371=CARTESIAN_POINT('',(128.93466313,-34.8715676954986,0.760139789775558));
#12372=CARTESIAN_POINT('',(128.93466313,-27.7067074852742,6.40472042044893));
#12373=CARTESIAN_POINT('',(128.93466313,-27.7067074852742,4.));
#12374=CARTESIAN_POINT('',(128.93466313,-29.7177987556216,4.39362915010153));
#12375=CARTESIAN_POINT('',(128.93466313,-30.8715676954987,3.23986021022445));
#12376=CARTESIAN_POINT('',(128.93466313,-30.8491696055201,3.925));
#12377=CARTESIAN_POINT('Origin',(128.93466313,-30.8491696055201,5.525));
#12378=CARTESIAN_POINT('',(128.93466313,-35.9067074852742,3.925));
#12379=CARTESIAN_POINT('',(128.93466313,-38.1317074852742,3.925));
#12380=CARTESIAN_POINT('',(128.93466313,-38.9067074852742,6.925));
#12381=CARTESIAN_POINT('Origin',(128.93466313,-35.9067074852742,6.925));
#12382=CARTESIAN_POINT('',(128.93466313,-38.9067074852742,12.075));
#12383=CARTESIAN_POINT('',(128.93466313,-38.9067074852742,6.5));
#12384=CARTESIAN_POINT('',(128.93466313,-38.4284876105032,13.6999999999999));
#12385=CARTESIAN_POINT('Origin',(128.93466313,-35.9067074852742,12.075));
#12386=CARTESIAN_POINT('',(128.93466313,-39.262565228867,13.6999999999999));
#12387=CARTESIAN_POINT('',(128.93466313,-46.1317074852742,13.6999999999999));
#12388=CARTESIAN_POINT('',(128.93466313,-36.740785103638,15.075));
#12389=CARTESIAN_POINT('Origin',(128.93466313,-36.740785103638,12.075));
#12390=CARTESIAN_POINT('',(128.93466313,-28.7067074852742,15.075));
#12391=CARTESIAN_POINT('',(128.93466313,-41.7317074852742,15.075));
#12392=CARTESIAN_POINT('',(128.93466313,-28.7067074852742,15.425));
#12393=CARTESIAN_POINT('',(128.93466313,-28.7067074852742,11.));
#12394=CARTESIAN_POINT('',(128.93466313,-47.8158537426371,15.425));
#12395=CARTESIAN_POINT('Origin',(13.,-50.,-15.925));
#12396=CARTESIAN_POINT('',(78.93466313,-31.6317074852742,-15.925));
#12397=CARTESIAN_POINT('',(78.93466313,-61.6317074852742,-15.925));
#12398=CARTESIAN_POINT('',(78.93466313,-40.8158537426371,-15.925));
#12399=CARTESIAN_POINT('',(48.93466313,-31.6317074852742,-15.925));
#12400=CARTESIAN_POINT('',(30.967331565,-31.6317074852742,-15.925));
#12401=CARTESIAN_POINT('',(48.93466313,-61.6317074852742,-15.925));
#12402=CARTESIAN_POINT('',(48.93466313,-55.8158537426371,-15.925));
#12403=CARTESIAN_POINT('',(45.967331565,-61.6317074852742,-15.925));
#12404=CARTESIAN_POINT('',(118.93466313,-31.6317074852742,-15.925));
#12405=CARTESIAN_POINT('',(118.93466313,-61.6317074852742,-15.925));
#12406=CARTESIAN_POINT('',(118.93466313,-40.8158537426371,-15.925));
#12407=CARTESIAN_POINT('',(88.93466313,-31.6317074852742,-15.925));
#12408=CARTESIAN_POINT('',(50.967331565,-31.6317074852742,-15.925));
#12409=CARTESIAN_POINT('',(88.93466313,-61.6317074852742,-15.925));
#12410=CARTESIAN_POINT('',(88.93466313,-55.8158537426371,-15.925));
#12411=CARTESIAN_POINT('',(65.967331565,-61.6317074852742,-15.925));
#12412=CARTESIAN_POINT('Origin',(23.5,-27.2067074852742,15.425));
#12413=CARTESIAN_POINT('',(126.93466313,-27.2067074852742,15.925));
#12414=CARTESIAN_POINT('',(126.93466313,-26.7067074852742,15.425));
#12415=CARTESIAN_POINT('Origin',(126.93466313,-27.2067074852742,15.425));
#12416=CARTESIAN_POINT('',(33.3228756555323,-26.7067074852742,15.425));
#12417=CARTESIAN_POINT('',(23.5,-26.7067074852742,15.425));
#12418=CARTESIAN_POINT('',(32.,-27.2067074852742,15.925));
#12419=CARTESIAN_POINT('Ctrl Pts',(32.,-27.2067074852742,15.925));
#12420=CARTESIAN_POINT('Ctrl Pts',(32.2230681117507,-27.0951734293988,15.925));
#12421=CARTESIAN_POINT('Ctrl Pts',(32.4631454596448,-26.9742388933879,15.8857956083206));
#12422=CARTESIAN_POINT('Ctrl Pts',(32.919873697968,-26.781498579833,15.7175040081022));
#12423=CARTESIAN_POINT('Ctrl Pts',(33.1358273574747,-26.7067074852742,15.5899610932728));
#12424=CARTESIAN_POINT('Ctrl Pts',(33.3228756555323,-26.7067074852742,15.425));
#12425=CARTESIAN_POINT('',(23.5,-27.2067074852742,15.925));
#12426=CARTESIAN_POINT('Origin',(126.93466313,-28.7067074852742,15.425));
#12427=CARTESIAN_POINT('',(128.43466313,-28.7067074852742,15.925));
#12428=CARTESIAN_POINT('Origin',(128.43466313,-28.7067074852742,15.425));
#12429=CARTESIAN_POINT('Origin',(126.93466313,-28.7067074852742,15.425));
#12430=CARTESIAN_POINT('Origin',(126.93466313,-28.7067074852742,15.925));
#12431=CARTESIAN_POINT('Origin',(128.43466313,-47.8158537426371,15.425));
#12432=CARTESIAN_POINT('',(128.43466313,-62.6317074852742,15.925));
#12433=CARTESIAN_POINT('Origin',(128.43466313,-62.6317074852742,15.425));
#12434=CARTESIAN_POINT('',(128.43466313,-47.8158537426371,15.925));
#12435=CARTESIAN_POINT('Origin',(126.93466313,-62.6317074852742,15.425));
#12436=CARTESIAN_POINT('',(126.93466313,-64.1317074852742,15.925));
#12437=CARTESIAN_POINT('Origin',(126.93466313,-64.1317074852742,15.425));
#12438=CARTESIAN_POINT('Origin',(126.93466313,-62.6317074852742,15.925));
#12439=CARTESIAN_POINT('Origin',(23.5,-64.1317074852742,15.425));
#12440=CARTESIAN_POINT('',(34.4332183894379,-64.1317074852742,15.925));
#12441=CARTESIAN_POINT('Origin',(34.4332183894379,-64.1317074852742,15.425));
#12442=CARTESIAN_POINT('',(23.5,-64.1317074852742,15.925));
#12443=CARTESIAN_POINT('Origin',(34.4332183894379,-62.6317074852742,15.425));
#12444=CARTESIAN_POINT('',(33.8125139729861,-63.9972572014681,15.925));
#12445=CARTESIAN_POINT('',(33.6056125008355,-64.4524404401994,15.425));
#12446=CARTESIAN_POINT('Origin',(33.8125139729861,-63.9972572014681,15.425));
#12447=CARTESIAN_POINT('Origin',(34.4332183894379,-62.6317074852742,15.425));
#12448=CARTESIAN_POINT('Origin',(34.4332183894379,-62.6317074852742,15.925));
#12449=CARTESIAN_POINT('Origin',(14.4988743773216,-55.2183301125297,15.425));
#12450=CARTESIAN_POINT('',(13.075,-54.5711144864744,15.925));
#12451=CARTESIAN_POINT('',(13.075,-55.1203438489106,15.425));
#12452=CARTESIAN_POINT('Origin',(13.075,-54.5711144864744,15.425));
#12453=CARTESIAN_POINT('',(14.291972905171,-55.673513351261,15.425));
#12454=CARTESIAN_POINT('',(14.4988743773216,-55.2183301125297,15.925));
#12455=CARTESIAN_POINT('Origin',(13.075,-50.,11.));
#12456=CARTESIAN_POINT('',(13.075,-34.1983741519408,15.925));
#12457=CARTESIAN_POINT('',(13.075,-50.,15.925));
#12458=CARTESIAN_POINT('',(13.075,-34.1983741519408,12.925));
#12459=CARTESIAN_POINT('',(13.075,-34.1983741519409,11.));
#12460=CARTESIAN_POINT('',(13.075,-55.1203438489106,12.925));
#12461=CARTESIAN_POINT('',(13.075,-50.,12.925));
#12462=CARTESIAN_POINT('',(13.075,-55.1203438489106,11.9687500000001));
#12463=CARTESIAN_POINT('Origin',(13.,-50.,15.925));
#12464=CARTESIAN_POINT('',(32.,32.3682925147258,15.925));
#12465=CARTESIAN_POINT('',(32.,-50.,15.925));
#12466=CARTESIAN_POINT('',(13.075,32.3682925147258,15.925));
#12467=CARTESIAN_POINT('',(16.75,32.3682925147258,15.925));
#12468=CARTESIAN_POINT('',(13.075,16.9349591813925,15.925));
#12469=CARTESIAN_POINT('',(13.075,-50.,15.925));
#12470=CARTESIAN_POINT('',(13.475,15.7349591813925,15.925));
#12471=CARTESIAN_POINT('Origin',(15.075,16.9349591813925,15.9250000000001));
#12472=CARTESIAN_POINT('',(27.8,-3.36504081860752,15.925));
#12473=CARTESIAN_POINT('',(36.4283902035342,-14.8695610899865,15.925));
#12474=CARTESIAN_POINT('',(28.,-3.96504081860752,15.925));
#12475=CARTESIAN_POINT('Origin',(27.,-3.96504081860752,15.925));
#12476=CARTESIAN_POINT('',(28.,-5.6317074852742,15.925));
#12477=CARTESIAN_POINT('',(28.,-49.8158537426371,15.925));
#12478=CARTESIAN_POINT('',(26.,-7.6317074852742,15.925));
#12479=CARTESIAN_POINT('Origin',(26.,-5.6317074852742,15.925));
#12480=CARTESIAN_POINT('',(21.,-7.6317074852742,15.925));
#12481=CARTESIAN_POINT('',(18.25,-7.6317074852742,15.925));
#12482=CARTESIAN_POINT('',(21.,-13.6317074852742,15.925));
#12483=CARTESIAN_POINT('',(21.,-28.8158537426371,15.925));
#12484=CARTESIAN_POINT('',(26.,-13.6317074852742,15.925));
#12485=CARTESIAN_POINT('',(18.25,-13.6317074852742,15.925));
#12486=CARTESIAN_POINT('',(28.,-15.6317074852742,15.925));
#12487=CARTESIAN_POINT('Origin',(26.,-15.6317074852742,15.925));
#12488=CARTESIAN_POINT('',(28.,-39.5067074852742,15.925));
#12489=CARTESIAN_POINT('',(28.,-49.8158537426371,15.925));
#12490=CARTESIAN_POINT('',(30.,-41.5067074852742,15.925));
#12491=CARTESIAN_POINT('Origin',(30.,-39.5067074852742,15.925));
#12492=CARTESIAN_POINT('',(37.8055165899518,-41.5067074852742,15.925));
#12493=CARTESIAN_POINT('',(23.5,-41.5067074852742,15.925));
#12494=CARTESIAN_POINT('',(37.8055165899518,-49.6317074852742,15.925));
#12495=CARTESIAN_POINT('',(37.8055165899518,-49.8158537426371,15.925));
#12496=CARTESIAN_POINT('',(28.4332183894379,-49.6317074852742,15.925));
#12497=CARTESIAN_POINT('',(38.9836657825,-49.6317074852742,15.925));
#12498=CARTESIAN_POINT('',(27.6056125008355,-49.4524404401994,15.925));
#12499=CARTESIAN_POINT('Origin',(28.4332183894379,-47.6317074852742,15.925));
#12500=CARTESIAN_POINT('',(21.1723941113977,-46.5282502631822,15.925));
#12501=CARTESIAN_POINT('',(17.8536167407874,-45.019715094723,15.925));
#12502=CARTESIAN_POINT('',(20.,-44.707517308257,15.925));
#12503=CARTESIAN_POINT('Origin',(22.,-44.707517308257,15.925));
#12504=CARTESIAN_POINT('',(20.,-30.2983741519409,15.925));
#12505=CARTESIAN_POINT('',(20.,-37.1491870759704,15.925));
#12506=CARTESIAN_POINT('',(16.4,-29.0983741519409,15.925));
#12507=CARTESIAN_POINT('Origin',(18.,-30.2983741519409,15.925));
#12508=CARTESIAN_POINT('',(13.475,-32.9983741519408,15.925));
#12509=CARTESIAN_POINT('',(9.07160979646582,-38.8695610899865,15.925));
#12510=CARTESIAN_POINT('Origin',(15.075,-34.1983741519408,15.925));
#12511=CARTESIAN_POINT('',(88.93466313,-54.6067074852742,15.925));
#12512=CARTESIAN_POINT('',(78.93466313,-54.6067074852742,15.925));
#12513=CARTESIAN_POINT('',(58.467331565,-54.6067074852742,15.925));
#12514=CARTESIAN_POINT('',(88.93466313,-31.6317074852742,15.925));
#12515=CARTESIAN_POINT('',(88.93466313,-55.8158537426371,15.925));
#12516=CARTESIAN_POINT('',(118.93466313,-31.6317074852742,15.925));
#12517=CARTESIAN_POINT('',(50.967331565,-31.6317074852742,15.925));
#12518=CARTESIAN_POINT('',(118.93466313,-61.6317074852742,15.925));
#12519=CARTESIAN_POINT('',(118.93466313,-40.8158537426371,15.925));
#12520=CARTESIAN_POINT('',(48.93466313,-61.6317074852742,15.925));
#12521=CARTESIAN_POINT('',(65.967331565,-61.6317074852742,15.925));
#12522=CARTESIAN_POINT('',(48.93466313,-31.6317074852742,15.925));
#12523=CARTESIAN_POINT('',(48.93466313,-55.8158537426371,15.925));
#12524=CARTESIAN_POINT('',(78.93466313,-31.6317074852742,15.925));
#12525=CARTESIAN_POINT('',(30.967331565,-31.6317074852742,15.925));
#12526=CARTESIAN_POINT('',(78.93466313,-40.8158537426371,15.925));
#12527=CARTESIAN_POINT('Origin',(126.43466313,-64.1317074852742,13.));
#12528=CARTESIAN_POINT('',(125.93466313,-64.1317074852743,-8.12499999999997));
#12529=CARTESIAN_POINT('Origin',(126.43466313,-64.1317074852743,-8.12499999999997));
#12530=CARTESIAN_POINT('',(125.93466313,-64.1317074852742,8.125));
#12531=CARTESIAN_POINT('Origin',(126.43466313,-64.1317074852742,8.125));
#12532=CARTESIAN_POINT('',(125.93466313,-64.1317074852742,13.));
#12533=CARTESIAN_POINT('Origin',(123.93466313,-64.1317074852742,8.125));
#12534=CARTESIAN_POINT('',(123.93466313,-64.1317074852742,10.125));
#12535=CARTESIAN_POINT('Origin',(123.93466313,-64.1317074852742,10.625));
#12536=CARTESIAN_POINT('Origin',(123.93466313,-64.1317074852742,8.125));
#12537=CARTESIAN_POINT('Origin',(34.,-64.1317074852742,10.625));
#12538=CARTESIAN_POINT('',(39.,-64.1317074852742,10.125));
#12539=CARTESIAN_POINT('Origin',(39.,-64.1317074852742,10.625));
#12540=CARTESIAN_POINT('',(34.,-64.1317074852742,10.125));
#12541=CARTESIAN_POINT('Origin',(39.,-64.1317074852742,8.125));
#12542=CARTESIAN_POINT('',(37.,-64.1317074852742,8.125));
#12543=CARTESIAN_POINT('Origin',(36.5,-64.1317074852742,8.125));
#12544=CARTESIAN_POINT('Origin',(39.,-64.1317074852742,8.125));
#12545=CARTESIAN_POINT('Origin',(36.5,-64.1317074852742,8.00000000000003));
#12546=CARTESIAN_POINT('',(37.,-64.1317074852743,-8.12500000000001));
#12547=CARTESIAN_POINT('Origin',(36.5,-64.1317074852743,-8.12500000000001));
#12548=CARTESIAN_POINT('',(37.,-64.1317074852742,8.00000000000003));
#12549=CARTESIAN_POINT('Origin',(39.,-64.1317074852742,-8.12500000000001));
#12550=CARTESIAN_POINT('',(39.,-64.1317074852742,-10.125));
#12551=CARTESIAN_POINT('Origin',(39.,-64.1317074852742,-10.625));
#12552=CARTESIAN_POINT('Origin',(39.,-64.1317074852742,-8.12500000000001));
#12553=CARTESIAN_POINT('Origin',(34.,-64.1317074852743,-10.625));
#12554=CARTESIAN_POINT('',(123.93466313,-64.1317074852743,-10.125));
#12555=CARTESIAN_POINT('Origin',(123.93466313,-64.1317074852743,-10.625));
#12556=CARTESIAN_POINT('',(34.,-64.1317074852743,-10.125));
#12557=CARTESIAN_POINT('Origin',(123.93466313,-64.1317074852742,-8.12499999999997));
#12558=CARTESIAN_POINT('Origin',(123.93466313,-64.1317074852742,-8.12499999999997));
#12559=CARTESIAN_POINT('Origin',(39.,-53.1317074852742,-8.12500000000001));
#12560=CARTESIAN_POINT('',(39.,-41.5067074852742,-10.125));
#12561=CARTESIAN_POINT('',(39.,-53.1317074852742,-10.125));
#12562=CARTESIAN_POINT('',(37.,-43.5067074852742,-8.12500000000001));
#12563=CARTESIAN_POINT('Origin',(39.,-43.5067074852742,-8.12500000000001));
#12564=CARTESIAN_POINT('',(37.,-53.1317074852742,-8.12500000000001));
#12565=CARTESIAN_POINT('Origin',(34.,-64.6317074852742,-10.125));
#12566=CARTESIAN_POINT('',(123.93466313,-41.5067074852742,-10.125));
#12567=CARTESIAN_POINT('',(123.93466313,-53.1317074852742,-10.125));
#12568=CARTESIAN_POINT('',(34.,-41.5067074852742,-10.125));
#12569=CARTESIAN_POINT('Origin',(123.93466313,-53.1317074852742,-8.12499999999997));
#12570=CARTESIAN_POINT('',(125.93466313,-43.5067074852742,-8.12499999999996));
#12571=CARTESIAN_POINT('',(125.93466313,-53.1317074852742,-8.12499999999997));
#12572=CARTESIAN_POINT('Origin',(123.93466313,-43.5067074852742,-8.12499999999997));
#12573=CARTESIAN_POINT('Origin',(125.93466313,-41.6317074852742,10.));
#12574=CARTESIAN_POINT('',(125.93466313,-43.5067074852742,8.125));
#12575=CARTESIAN_POINT('',(125.93466313,-53.1317074852742,8.125));
#12576=CARTESIAN_POINT('',(125.93466313,-43.5067074852742,10.));
#12577=CARTESIAN_POINT('Origin',(36.15,-28.7067074852742,-3.00000000000001));
#12578=CARTESIAN_POINT('',(34.15,-28.7067074852742,-14.075));
#12579=CARTESIAN_POINT('',(34.15,-28.7067074852742,-3.00000000000001));
#12580=CARTESIAN_POINT('',(34.8271243444677,-27.2067074852742,-14.075));
#12581=CARTESIAN_POINT('Origin',(36.15,-28.7067074852742,-14.075));
#12582=CARTESIAN_POINT('',(36.15,-26.7067074852742,-14.575));
#12583=CARTESIAN_POINT('Ctrl Pts',(34.8271243444677,-27.2067074852742,-14.075));
#12584=CARTESIAN_POINT('Ctrl Pts',(34.9915392227436,-27.0617071920219,-14.075));
#12585=CARTESIAN_POINT('Ctrl Pts',(35.208580819625,-26.930237557636,-14.1443631464516));
#12586=CARTESIAN_POINT('Ctrl Pts',(35.6298251462822,-26.7595116951208,-14.3150890089669));
#12587=CARTESIAN_POINT('Ctrl Pts',(35.9118030686564,-26.7067074852742,-14.4559015343282));
#12588=CARTESIAN_POINT('Ctrl Pts',(36.15,-26.7067074852742,-14.575));
#12589=CARTESIAN_POINT('',(36.15,-26.7067074852742,-3.00000000000001));
#12590=CARTESIAN_POINT('Origin',(34.,-26.7067074852742,-14.));
#12591=CARTESIAN_POINT('',(126.93466313,-26.7067074852742,-14.575));
#12592=CARTESIAN_POINT('',(34.,-26.7067074852742,-14.575));
#12593=CARTESIAN_POINT('',(126.93466313,-26.7067074852742,-3.));
#12594=CARTESIAN_POINT('Origin',(34.,-27.2067074852742,-14.575));
#12595=CARTESIAN_POINT('',(126.93466313,-27.2067074852742,-14.075));
#12596=CARTESIAN_POINT('',(34.,-27.2067074852742,-14.075));
#12597=CARTESIAN_POINT('Origin',(126.93466313,-27.2067074852742,-14.575));
#12598=CARTESIAN_POINT('Ctrl Pts',(127.93466313,-27.5886734965243,-14.075));
#12599=CARTESIAN_POINT('Ctrl Pts',(128.340270736122,-27.7700667324201,-14.075));
#12600=CARTESIAN_POINT('Ctrl Pts',(128.717593219928,-28.0743482038388,-14.3661651621612));
#12601=CARTESIAN_POINT('Ctrl Pts',(128.906809476015,-28.4645539763229,-14.793462173366));
#12602=CARTESIAN_POINT('Ctrl Pts',(128.934204944719,-28.6242552321078,-14.9798002757411));
#12603=CARTESIAN_POINT('Ctrl Pts',(128.934660153719,-28.7041118144859,-15.0720026460119));
#12604=CARTESIAN_POINT('Ctrl Pts',(128.93466313,-28.7054095951036,-15.0735013255199));
#12605=CARTESIAN_POINT('Ctrl Pts',(128.93466313,-28.7067074852742,-15.075));
#12606=CARTESIAN_POINT('Ctrl Pts',(128.0219295926,-27.4911066252598,-14.075));
#12607=CARTESIAN_POINT('Ctrl Pts',(128.430524365504,-27.7053191961232,-14.1111958709785));
#12608=CARTESIAN_POINT('Ctrl Pts',(128.750718208242,-28.0369837817168,-14.4195111363405));
#12609=CARTESIAN_POINT('Ctrl Pts',(128.912363868486,-28.4510134509199,-14.8156464009069));
#12610=CARTESIAN_POINT('Ctrl Pts',(128.934272036218,-28.6196732434978,-14.9877383165679));
#12611=CARTESIAN_POINT('Ctrl Pts',(128.934660773001,-28.7039676220191,-15.0722523391924));
#12612=CARTESIAN_POINT('Ctrl Pts',(128.93466313,-28.705337490094,-15.0736262150599));
#12613=CARTESIAN_POINT('Ctrl Pts',(128.93466313,-28.7067074852742,-15.075));
#12614=CARTESIAN_POINT('Ctrl Pts',(128.195659343238,-27.2968708591893,-14.1835056801432));
#12615=CARTESIAN_POINT('Ctrl Pts',(128.565841251917,-27.5749181907009,-14.2497237177889));
#12616=CARTESIAN_POINT('Ctrl Pts',(128.79636688238,-27.9621013272736,-14.5341900294248));
#12617=CARTESIAN_POINT('Ctrl Pts',(128.920033746543,-28.4237155445529,-14.8613627723851));
#12618=CARTESIAN_POINT('Ctrl Pts',(128.934379820863,-28.6104957727887,-15.0035693451649));
#12619=CARTESIAN_POINT('Ctrl Pts',(128.934661406399,-28.7036793792176,-15.0727522557371));
#12620=CARTESIAN_POINT('Ctrl Pts',(128.93466313,-28.7051932800749,-15.0738759941398));
#12621=CARTESIAN_POINT('Ctrl Pts',(128.93466313,-28.7067074852742,-15.075));
#12622=CARTESIAN_POINT('Ctrl Pts',(128.267996463333,-27.2159955002743,-14.4441003061004));
#12623=CARTESIAN_POINT('Ctrl Pts',(128.567604960417,-27.4849591406128,-14.4668553397127));
#12624=CARTESIAN_POINT('Ctrl Pts',(128.799422008696,-27.8946128049708,-14.6585411862098));
#12625=CARTESIAN_POINT('Ctrl Pts',(128.918434410492,-28.3970968335359,-14.9100215223895));
#12626=CARTESIAN_POINT('Ctrl Pts',(128.934368075974,-28.6013579587994,-15.0194624343111));
#12627=CARTESIAN_POINT('Ctrl Pts',(128.934661495212,-28.7033907216628,-15.0732515714503));
#12628=CARTESIAN_POINT('Ctrl Pts',(128.93466313,-28.7050490700558,-15.0741257732197));
#12629=CARTESIAN_POINT('Ctrl Pts',(128.93466313,-28.7067074852742,-15.075));
#12630=CARTESIAN_POINT('Ctrl Pts',(128.267996463333,-27.2159955002743,-14.575));
#12631=CARTESIAN_POINT('Ctrl Pts',(128.538401534081,-27.4578531481354,-14.575));
#12632=CARTESIAN_POINT('Ctrl Pts',(128.789949856619,-27.8635617766937,-14.7205825810806));
#12633=CARTESIAN_POINT('Ctrl Pts',(128.916094027343,-28.3838361400059,-14.934231086683));
#12634=CARTESIAN_POINT('Ctrl Pts',(128.934357673147,-28.5967711477192,-15.0274001378706));
#12635=CARTESIAN_POINT('Ctrl Pts',(128.934661145813,-28.7032465908898,-15.0735013230059));
#12636=CARTESIAN_POINT('Ctrl Pts',(128.93466313,-28.7049769650462,-15.0742506627596));
#12637=CARTESIAN_POINT('Ctrl Pts',(128.93466313,-28.7067074852742,-15.075));
#12638=CARTESIAN_POINT('',(127.93466313,-27.5886734965243,-14.075));
#12639=CARTESIAN_POINT('Ctrl Pts',(127.93466313,-27.5886734965243,-14.075));
#12640=CARTESIAN_POINT('Ctrl Pts',(128.340270736122,-27.7700667324201,-14.075));
#12641=CARTESIAN_POINT('Ctrl Pts',(128.717593219928,-28.0743482038388,-14.3661651621612));
#12642=CARTESIAN_POINT('Ctrl Pts',(128.906809476015,-28.4645539763229,-14.793462173366));
#12643=CARTESIAN_POINT('Ctrl Pts',(128.934204944719,-28.6242552321078,-14.9798002757411));
#12644=CARTESIAN_POINT('Ctrl Pts',(128.934660153719,-28.7041118144859,-15.0720026460119));
#12645=CARTESIAN_POINT('Ctrl Pts',(128.93466313,-28.7054095951036,-15.0735013255199));
#12646=CARTESIAN_POINT('Ctrl Pts',(128.93466313,-28.7067074852742,-15.075));
#12647=CARTESIAN_POINT('',(128.267996463333,-27.2159955002743,-14.575));
#12648=CARTESIAN_POINT('Ctrl Pts',(128.93466313,-28.7067074852742,-15.075));
#12649=CARTESIAN_POINT('Ctrl Pts',(128.93466313,-28.7049769650462,-15.0742506627596));
#12650=CARTESIAN_POINT('Ctrl Pts',(128.934661145813,-28.7032465908898,-15.0735013230059));
#12651=CARTESIAN_POINT('Ctrl Pts',(128.934357673147,-28.5967711477192,-15.0274001378706));
#12652=CARTESIAN_POINT('Ctrl Pts',(128.916094027343,-28.3838361400059,-14.934231086683));
#12653=CARTESIAN_POINT('Ctrl Pts',(128.789949856619,-27.8635617766937,-14.7205825810806));
#12654=CARTESIAN_POINT('Ctrl Pts',(128.538401534081,-27.4578531481354,-14.575));
#12655=CARTESIAN_POINT('Ctrl Pts',(128.267996463333,-27.2159955002743,-14.575));
#12656=CARTESIAN_POINT('Origin',(127.93466313,-27.5886734965243,-14.575));
#12657=CARTESIAN_POINT('Origin',(126.93466313,-28.7067074852742,-14.575));
#12658=CARTESIAN_POINT('Origin',(126.93466313,-28.7067074852742,-14.575));
#12659=CARTESIAN_POINT('Origin',(126.93466313,-28.7067074852742,-14.075));
#12660=CARTESIAN_POINT('Origin',(126.93466313,-28.7067074852742,-3.));
#12661=CARTESIAN_POINT('Origin',(126.93466313,-28.7067074852742,14.575));
#12662=CARTESIAN_POINT('',(126.93466313,-27.2067074852742,14.075));
#12663=CARTESIAN_POINT('',(126.93466313,-26.7067074852742,14.575));
#12664=CARTESIAN_POINT('Origin',(126.93466313,-27.2067074852742,14.575));
#12665=CARTESIAN_POINT('',(128.267996463333,-27.2159955002743,14.575));
#12666=CARTESIAN_POINT('Origin',(126.93466313,-28.7067074852742,14.575));
#12667=CARTESIAN_POINT('',(127.93466313,-27.5886734965243,14.075));
#12668=CARTESIAN_POINT('Origin',(127.93466313,-27.5886734965243,14.575));
#12669=CARTESIAN_POINT('Origin',(126.93466313,-28.7067074852742,14.075));
#12670=CARTESIAN_POINT('Ctrl Pts',(128.93466313,-28.7067074852742,15.075));
#12671=CARTESIAN_POINT('Ctrl Pts',(128.93466313,-28.7054095951037,15.07350132552));
#12672=CARTESIAN_POINT('Ctrl Pts',(128.934660829258,-28.7041126701724,15.0720021222881));
#12673=CARTESIAN_POINT('Ctrl Pts',(128.93314969135,-28.4669244499078,14.7985529359329));
#12674=CARTESIAN_POINT('Ctrl Pts',(128.784468538061,-28.1469342808962,14.4240533101631));
#12675=CARTESIAN_POINT('Ctrl Pts',(128.318199384205,-27.7829244801293,14.1291082441704));
#12676=CARTESIAN_POINT('Ctrl Pts',(128.069865665374,-27.6491379084896,14.075));
#12677=CARTESIAN_POINT('Ctrl Pts',(127.93466313,-27.5886734965243,14.075));
#12678=CARTESIAN_POINT('Ctrl Pts',(128.93466313,-28.7067074852742,15.075));
#12679=CARTESIAN_POINT('Ctrl Pts',(128.934632243573,-28.7052576760947,15.0737537770096));
#12680=CARTESIAN_POINT('Ctrl Pts',(128.934694557075,-28.7038321584314,15.0724988806696));
#12681=CARTESIAN_POINT('Ctrl Pts',(128.931043670696,-28.4398181010612,14.8448543464384));
#12682=CARTESIAN_POINT('Ctrl Pts',(128.844119577956,-28.0859232902211,14.531374113334));
#12683=CARTESIAN_POINT('Ctrl Pts',(128.474828706197,-27.6491228215098,14.1957728137735));
#12684=CARTESIAN_POINT('Ctrl Pts',(128.245918897301,-27.4758703018595,14.0990326366228));
#12685=CARTESIAN_POINT('Ctrl Pts',(128.109196055199,-27.3935397539954,14.075));
#12686=CARTESIAN_POINT('Ctrl Pts',(128.93466313,-28.7067074852742,15.075));
#12687=CARTESIAN_POINT('Ctrl Pts',(128.934638527627,-28.705116583585,15.0739995664875));
#12688=CARTESIAN_POINT('Ctrl Pts',(128.934687703927,-28.7035408729489,15.0730028012542));
#12689=CARTESIAN_POINT('Ctrl Pts',(128.931927868195,-28.4133114229568,14.8906259128613));
#12690=CARTESIAN_POINT('Ctrl Pts',(128.857851729742,-28.023612262956,14.6414569972701));
#12691=CARTESIAN_POINT('Ctrl Pts',(128.560203429578,-27.5194853986849,14.3956142330595));
#12692=CARTESIAN_POINT('Ctrl Pts',(128.377633039938,-27.3143815106864,14.3285429697391));
#12693=CARTESIAN_POINT('Ctrl Pts',(128.267996463333,-27.2159955002743,14.3132006122009));
#12694=CARTESIAN_POINT('Ctrl Pts',(128.93466313,-28.7067074852742,15.075));
#12695=CARTESIAN_POINT('Ctrl Pts',(128.93466313,-28.7049769650462,15.0742506627596));
#12696=CARTESIAN_POINT('Ctrl Pts',(128.934661596172,-28.7032477318052,15.0735010611441));
#12697=CARTESIAN_POINT('Ctrl Pts',(128.933654170899,-28.3869967714534,14.9367764679669));
#12698=CARTESIAN_POINT('Ctrl Pts',(128.83453340204,-27.9603432127701,14.7495266550815));
#12699=CARTESIAN_POINT('Ctrl Pts',(128.52368729947,-27.4749968117479,14.6020541220853));
#12700=CARTESIAN_POINT('Ctrl Pts',(128.358131486916,-27.296614716228,14.575));
#12701=CARTESIAN_POINT('Ctrl Pts',(128.267996463333,-27.2159955002743,14.575));
#12702=CARTESIAN_POINT('Ctrl Pts',(128.267996463333,-27.2159955002743,14.575));
#12703=CARTESIAN_POINT('Ctrl Pts',(128.358131486916,-27.296614716228,14.575));
#12704=CARTESIAN_POINT('Ctrl Pts',(128.52368729947,-27.4749968117479,14.6020541220853));
#12705=CARTESIAN_POINT('Ctrl Pts',(128.83453340204,-27.9603432127701,14.7495266550815));
#12706=CARTESIAN_POINT('Ctrl Pts',(128.933654170899,-28.3869967714534,14.9367764679669));
#12707=CARTESIAN_POINT('Ctrl Pts',(128.934661596172,-28.7032477318052,15.0735010611441));
#12708=CARTESIAN_POINT('Ctrl Pts',(128.93466313,-28.7049769650462,15.0742506627596));
#12709=CARTESIAN_POINT('Ctrl Pts',(128.93466313,-28.7067074852742,15.075));
#12710=CARTESIAN_POINT('Ctrl Pts',(128.93466313,-28.7067074852742,15.075));
#12711=CARTESIAN_POINT('Ctrl Pts',(128.93466313,-28.7054095951037,15.07350132552));
#12712=CARTESIAN_POINT('Ctrl Pts',(128.934660829258,-28.7041126701724,15.0720021222881));
#12713=CARTESIAN_POINT('Ctrl Pts',(128.93314969135,-28.4669244499078,14.7985529359329));
#12714=CARTESIAN_POINT('Ctrl Pts',(128.784468538061,-28.1469342808962,14.4240533101631));
#12715=CARTESIAN_POINT('Ctrl Pts',(128.318199384205,-27.7829244801293,14.1291082441704));
#12716=CARTESIAN_POINT('Ctrl Pts',(128.069865665374,-27.6491379084896,14.075));
#12717=CARTESIAN_POINT('Ctrl Pts',(127.93466313,-27.5886734965243,14.075));
#12718=CARTESIAN_POINT('Origin',(126.93466313,-28.7067074852742,11.));
#12719=CARTESIAN_POINT('',(126.93466313,-26.7067074852742,11.));
#12720=CARTESIAN_POINT('Origin',(34.,-26.7067074852742,14.));
#12721=CARTESIAN_POINT('',(33.8914280319378,-26.7067074852742,14.575));
#12722=CARTESIAN_POINT('',(34.,-26.7067074852742,14.575));
#12723=CARTESIAN_POINT('Origin',(32.,-26.7067074852742,13.925));
#12724=CARTESIAN_POINT('Origin',(34.,-27.2067074852742,14.575));
#12725=CARTESIAN_POINT('',(33.9943670675179,-27.2067074852742,14.075));
#12726=CARTESIAN_POINT('',(34.,-27.2067074852742,14.075));
#12727=CARTESIAN_POINT('Ctrl Pts',(33.9943670675179,-27.2067074852742,14.075));
#12728=CARTESIAN_POINT('Ctrl Pts',(33.9943670675179,-27.1440212704993,14.075));
#12729=CARTESIAN_POINT('Ctrl Pts',(33.9935494453771,-27.0771636083315,14.0875164331541));
#12730=CARTESIAN_POINT('Ctrl Pts',(33.9887548279759,-26.9542554971164,14.1383195343029));
#12731=CARTESIAN_POINT('Ctrl Pts',(33.9846084592965,-26.8982120578089,14.176607034705));
#12732=CARTESIAN_POINT('Ctrl Pts',(33.9712579810997,-26.8084306734929,14.2659490351133));
#12733=CARTESIAN_POINT('Ctrl Pts',(33.9609698079152,-26.7695083808679,14.3233148447609));
#12734=CARTESIAN_POINT('Ctrl Pts',(33.931649968135,-26.718672299623,14.4472889131626));
#12735=CARTESIAN_POINT('Ctrl Pts',(33.9124474659427,-26.7067074852742,14.5138357743194));
#12736=CARTESIAN_POINT('Ctrl Pts',(33.8914280319378,-26.7067074852742,14.575));
#12737=CARTESIAN_POINT('Origin',(36.15,-62.6317074852742,-1.84999999999996));
#12738=CARTESIAN_POINT('',(32.3503868071148,-63.8818833066901,0.150000000000001));
#12739=CARTESIAN_POINT('',(33.605612500866,-64.4524404402134,-0.0497512670494824));
#12740=CARTESIAN_POINT('Ctrl Pts',(33.605612500874,-64.452440440217,-0.0497512670515985));
#12741=CARTESIAN_POINT('Ctrl Pts',(33.4991023759084,-64.4040267470508,-0.0214663064183515));
#12742=CARTESIAN_POINT('Ctrl Pts',(33.3945649465677,-64.3565097337141,0.00508918041630921));
#12743=CARTESIAN_POINT('Ctrl Pts',(33.0019076084288,-64.1780291254691,0.0957616588262556));
#12744=CARTESIAN_POINT('Ctrl Pts',(32.6480911565947,-64.0172034655445,0.150000000000039));
#12745=CARTESIAN_POINT('Ctrl Pts',(32.3503868071148,-63.8818833066901,0.150000000000039));
#12746=CARTESIAN_POINT('',(32.15,-62.6317074852742,0.150000000000001));
#12747=CARTESIAN_POINT('Origin',(36.15,-62.6317074852742,0.150000000000002));
#12748=CARTESIAN_POINT('Origin',(32.15,-62.6317074852742,-1.84999999999996));
#12749=CARTESIAN_POINT('Ctrl Pts',(34.4332183894378,-64.6317074852742,-0.387500329100971));
#12750=CARTESIAN_POINT('Ctrl Pts',(34.3024846250275,-64.6317074852742,-0.308070792047825));
#12751=CARTESIAN_POINT('Ctrl Pts',(34.1643733873193,-64.6188380577847,-0.241819846773436));
#12752=CARTESIAN_POINT('Ctrl Pts',(33.8816927478066,-64.5595472295549,-0.129939660112799));
#12753=CARTESIAN_POINT('Ctrl Pts',(33.7413523985724,-64.5141403937135,-0.0857985223156152));
#12754=CARTESIAN_POINT('Ctrl Pts',(33.605612500866,-64.4524404402133,-0.0497512670494825));
#12755=CARTESIAN_POINT('Origin',(32.15,-33.0658537426371,-1.85));
#12756=CARTESIAN_POINT('',(32.15,-26.7067074852742,0.150000000000001));
#12757=CARTESIAN_POINT('',(34.15,-26.7067074852742,-1.85));
#12758=CARTESIAN_POINT('Origin',(32.15,-26.7067074852742,-1.85));
#12759=CARTESIAN_POINT('',(34.15,-33.0658537426371,-1.85));
#12760=CARTESIAN_POINT('',(32.15,-33.0658537426371,0.150000000000001));
#12761=CARTESIAN_POINT('Origin',(34.15,-16.1317074852742,8.));
#12762=CARTESIAN_POINT('',(34.15,-26.7067074852742,-7.37040584539816));
#12763=CARTESIAN_POINT('',(34.15,-26.7067074852742,4.));
#12764=CARTESIAN_POINT('',(34.15,-27.7309715539861,-7.7946699141101));
#12765=CARTESIAN_POINT('Origin',(34.15,-27.3067074852742,-7.37040584539817));
#12766=CARTESIAN_POINT('',(34.15,-30.4249055368081,-5.10073593128808));
#12767=CARTESIAN_POINT('',(34.15,-28.2036744766852,-7.32196699141101));
#12768=CARTESIAN_POINT('',(34.15,-30.8491696055201,-4.92500000000001));
#12769=CARTESIAN_POINT('Origin',(34.15,-30.8491696055201,-5.52500000000001));
#12770=CARTESIAN_POINT('',(34.15,-35.9067074852742,-4.92500000000001));
#12771=CARTESIAN_POINT('',(34.15,-23.3817074852742,-4.92500000000001));
#12772=CARTESIAN_POINT('Origin',(34.15,-35.9067074852742,-6.92500000000001));
#12773=CARTESIAN_POINT('',(34.15,-35.9067074852742,-14.075));
#12774=CARTESIAN_POINT('Origin',(34.15,-35.9067074852742,-12.075));
#12775=CARTESIAN_POINT('',(34.15,-26.9817074852742,-14.075));
#12776=CARTESIAN_POINT('Origin',(34.,-50.,0.150000000000001));
#12777=CARTESIAN_POINT('',(24.675,-60.3930711216379,0.149999999999999));
#12778=CARTESIAN_POINT('',(22.9940276996915,-59.6289928033158,0.149999999999998));
#12779=CARTESIAN_POINT('',(24.675,32.3682925147258,0.149999999999999));
#12780=CARTESIAN_POINT('',(24.675,-50.,0.149999999999999));
#12781=CARTESIAN_POINT('',(32.,32.3682925147258,0.150000000000001));
#12782=CARTESIAN_POINT('',(27.25,32.3682925147258,0.15));
#12783=CARTESIAN_POINT('',(32.,-26.7067074852742,0.150000000000001));
#12784=CARTESIAN_POINT('',(32.,-50.,0.150000000000001));
#12785=CARTESIAN_POINT('',(34.,-26.7067074852742,0.150000000000001));
#12786=CARTESIAN_POINT('Origin',(34.4332183894379,-62.6317074852742,14.4687500000001));
#12787=CARTESIAN_POINT('',(33.6056125008355,-64.4524404401994,14.4687500000001));
#12788=CARTESIAN_POINT('Origin',(32.,-50.,2.15));
#12789=CARTESIAN_POINT('',(34.,32.3682925147258,2.15));
#12790=CARTESIAN_POINT('Origin',(32.,32.3682925147258,2.15));
#12791=CARTESIAN_POINT('',(34.,-26.7067074852742,2.15));
#12792=CARTESIAN_POINT('',(34.,-50.,2.15));
#12793=CARTESIAN_POINT('Origin',(32.,-26.7067074852742,2.15));
#12794=CARTESIAN_POINT('Origin',(32.,-50.,13.925));
#12795=CARTESIAN_POINT('',(34.,32.3682925147258,13.925));
#12796=CARTESIAN_POINT('Origin',(32.,32.3682925147258,13.925));
#12797=CARTESIAN_POINT('',(33.9943670675179,-36.740785103638,14.075));
#12798=CARTESIAN_POINT('',(33.9943670675179,-50.,14.075));
#12799=CARTESIAN_POINT('',(34.,-37.5007193113166,13.925));
#12800=CARTESIAN_POINT('Ctrl Pts',(34.,-37.5007193113166,13.925));
#12801=CARTESIAN_POINT('Ctrl Pts',(34.,-37.2577706198504,14.024797308841));
#12802=CARTESIAN_POINT('Ctrl Pts',(33.9943670675179,-36.9943856579713,14.075));
#12803=CARTESIAN_POINT('Ctrl Pts',(33.9943670675179,-36.740785103638,14.075));
#12804=CARTESIAN_POINT('',(34.,-50.,13.925));
#12805=CARTESIAN_POINT('Origin',(127.93466313,-41.7317074852742,-15.075));
#12806=CARTESIAN_POINT('',(127.93466313,-36.740785103638,-14.075));
#12807=CARTESIAN_POINT('',(127.93466313,-41.7317074852742,-14.075));
#12808=CARTESIAN_POINT('Origin',(127.93466313,-36.740785103638,-15.075));
#12809=CARTESIAN_POINT('Origin',(34.,-37.8317074852742,14.075));
#12810=CARTESIAN_POINT('',(127.93466313,-36.740785103638,14.075));
#12811=CARTESIAN_POINT('',(127.93466313,-41.7317074852742,14.075));
#12812=CARTESIAN_POINT('',(118.93466313,-36.740785103638,14.075));
#12813=CARTESIAN_POINT('',(68.967331565,-36.740785103638,14.075));
#12814=CARTESIAN_POINT('',(118.93466313,-31.6317074852742,14.075));
#12815=CARTESIAN_POINT('',(118.93466313,-34.7317074852742,14.075));
#12816=CARTESIAN_POINT('',(88.93466313,-31.6317074852742,14.075));
#12817=CARTESIAN_POINT('',(61.467331565,-31.6317074852742,14.075));
#12818=CARTESIAN_POINT('',(88.93466313,-35.9067074852742,14.075));
#12819=CARTESIAN_POINT('',(88.93466313,-49.7317074852742,14.075));
#12820=CARTESIAN_POINT('',(78.93466313,-35.9067074852742,14.075));
#12821=CARTESIAN_POINT('',(34.,-35.9067074852742,14.075));
#12822=CARTESIAN_POINT('',(78.93466313,-31.6317074852742,14.075));
#12823=CARTESIAN_POINT('',(78.93466313,-34.7317074852742,14.075));
#12824=CARTESIAN_POINT('',(48.93466313,-31.6317074852742,14.075));
#12825=CARTESIAN_POINT('',(41.467331565,-31.6317074852742,14.075));
#12826=CARTESIAN_POINT('',(48.93466313,-36.740785103638,14.075));
#12827=CARTESIAN_POINT('',(48.93466313,-49.7317074852742,14.075));
#12828=CARTESIAN_POINT('',(48.967331565,-36.740785103638,14.075));
#12829=CARTESIAN_POINT('Origin',(127.93466313,-41.7317074852742,15.075));
#12830=CARTESIAN_POINT('Origin',(127.93466313,-36.740785103638,15.075));
#12831=CARTESIAN_POINT('Ctrl Pts',(127.93466313,-26.7067074852742,-7.37040584539813));
#12832=CARTESIAN_POINT('Ctrl Pts',(128.009462955085,-26.7067074852742,-7.37040584539813));
#12833=CARTESIAN_POINT('Ctrl Pts',(128.232959963805,-26.7322045323605,-7.34578371864763));
#12834=CARTESIAN_POINT('Ctrl Pts',(128.719692400521,-26.9637024271536,-7.12222957573947));
#12835=CARTESIAN_POINT('Ctrl Pts',(128.93466313,-27.4075081849323,-6.69365282394406));
#12836=CARTESIAN_POINT('Ctrl Pts',(128.93466313,-27.7067074852742,-6.40472042044889));
#12837=CARTESIAN_POINT('Ctrl Pts',(127.93466313,-26.7067074852742,-7.50504553055197));
#12838=CARTESIAN_POINT('Ctrl Pts',(128.033795594694,-26.7067074852742,-7.50504553055197));
#12839=CARTESIAN_POINT('Ctrl Pts',(128.322592056617,-26.7537866492007,-7.4446993510579));
#12840=CARTESIAN_POINT('Ctrl Pts',(128.769699502123,-27.0367688945398,-7.14461360768432));
#12841=CARTESIAN_POINT('Ctrl Pts',(128.93466313,-27.4366947651917,-6.7057423013268));
#12842=CARTESIAN_POINT('Ctrl Pts',(128.93466313,-27.7067074852742,-6.40472042044889));
#12843=CARTESIAN_POINT('Ctrl Pts',(127.93466313,-26.8008600452651,-7.77395961721061));
#12844=CARTESIAN_POINT('Ctrl Pts',(128.075278552632,-26.8008600452651,-7.77395961721061));
#12845=CARTESIAN_POINT('Ctrl Pts',(128.472364163034,-26.8766020413426,-7.64231753349962));
#12846=CARTESIAN_POINT('Ctrl Pts',(128.838152508459,-27.1880485653507,-7.18932367031217));
#12847=CARTESIAN_POINT('Ctrl Pts',(128.93466313,-27.4950679257106,-6.72992125609229));
#12848=CARTESIAN_POINT('Ctrl Pts',(128.93466313,-27.7067074852742,-6.40472042044889));
#12849=CARTESIAN_POINT('Ctrl Pts',(127.93466313,-27.1628898724435,-8.00155827086142));
#12850=CARTESIAN_POINT('Ctrl Pts',(128.089332758568,-27.1628898724435,-8.00155827086142));
#12851=CARTESIAN_POINT('Ctrl Pts',(128.522404808759,-27.2241473426432,-7.83430235255223));
#12852=CARTESIAN_POINT('Ctrl Pts',(128.857854238107,-27.4112487271506,-7.27457661909137));
#12853=CARTESIAN_POINT('Ctrl Pts',(128.93466313,-27.5826276664888,-6.76618968824052));
#12854=CARTESIAN_POINT('Ctrl Pts',(128.93466313,-27.7067074852742,-6.40472042044889));
#12855=CARTESIAN_POINT('Ctrl Pts',(127.93466313,-27.5166278614187,-7.96148010991009));
#12856=CARTESIAN_POINT('Ctrl Pts',(128.055622995419,-27.5166278614187,-7.96148010991009));
#12857=CARTESIAN_POINT('Ctrl Pts',(128.401809521581,-27.539542337187,-7.84827076827415));
#12858=CARTESIAN_POINT('Ctrl Pts',(128.807835545991,-27.5883552895041,-7.36421607482035));
#12859=CARTESIAN_POINT('Ctrl Pts',(128.93466313,-27.6555941171374,-6.79641338169739));
#12860=CARTESIAN_POINT('Ctrl Pts',(128.93466313,-27.7067074852742,-6.40472042044889));
#12861=CARTESIAN_POINT('Ctrl Pts',(127.93466313,-27.6833692367915,-7.84227223130461));
#12862=CARTESIAN_POINT('Ctrl Pts',(128.021590653603,-27.6833692367915,-7.84227223130461));
#12863=CARTESIAN_POINT('Ctrl Pts',(128.277638943131,-27.6877926645707,-7.78661921455149));
#12864=CARTESIAN_POINT('Ctrl Pts',(128.744699802433,-27.6913138373745,-7.41985400437687));
#12865=CARTESIAN_POINT('Ctrl Pts',(128.93466313,-27.6993739875265,-6.8145475977715));
#12866=CARTESIAN_POINT('Ctrl Pts',(128.93466313,-27.7067074852742,-6.40472042044889));
#12867=CARTESIAN_POINT('Ctrl Pts',(127.93466313,-27.7309715539861,-7.79466991411006));
#12868=CARTESIAN_POINT('Ctrl Pts',(128.009462955085,-27.7309715539861,-7.79466991411006));
#12869=CARTESIAN_POINT('Ctrl Pts',(128.232959963805,-27.7303528918836,-7.75923030642258));
#12870=CARTESIAN_POINT('Ctrl Pts',(128.719692400521,-27.7247358110577,-7.43745992477123));
#12871=CARTESIAN_POINT('Ctrl Pts',(128.93466313,-27.7139672776562,-6.82059233646287));
#12872=CARTESIAN_POINT('Ctrl Pts',(128.93466313,-27.7067074852742,-6.40472042044889));
#12873=CARTESIAN_POINT('',(127.93466313,-26.7067074852742,-7.37040584539813));
#12874=CARTESIAN_POINT('Origin',(127.93466313,-27.7067074852742,-6.40472042044889));
#12875=CARTESIAN_POINT('',(127.93466313,-27.7309715539861,-7.79466991411006));
#12876=CARTESIAN_POINT('Origin',(127.93466313,-27.7067074852742,-6.40472042044889));
#12877=CARTESIAN_POINT('Origin',(127.93466313,-27.3067074852742,-7.37040584539813));
#12878=CARTESIAN_POINT('Origin',(127.93466313,-34.8715676954986,0.760139789775558));
#12879=CARTESIAN_POINT('',(127.93466313,-30.4249055368081,-5.10073593128804));
#12880=CARTESIAN_POINT('Origin',(127.93466313,-29.7177987556216,-4.39362915010149));
#12881=CARTESIAN_POINT('',(127.93466313,-35.5786744766852,0.0530330085890099));
#12882=CARTESIAN_POINT('Origin',(127.93466313,-30.8491696055201,-5.52499999999996));
#12883=CARTESIAN_POINT('',(127.93466313,-30.8491696055201,-4.92499999999996));
#12884=CARTESIAN_POINT('Origin',(127.93466313,-30.8491696055201,-3.92499999999996));
#12885=CARTESIAN_POINT('Origin',(127.93466313,-30.8491696055201,-5.52499999999996));
#12886=CARTESIAN_POINT('Origin',(127.93466313,-38.1317074852742,-3.92499999999996));
#12887=CARTESIAN_POINT('Origin',(127.93466313,-35.9067074852742,-3.92499999999996));
#12888=CARTESIAN_POINT('',(127.93466313,-38.1317074852742,-4.92499999999997));
#12889=CARTESIAN_POINT('Origin',(127.93466313,-35.9067074852742,-6.92499999999997));
#12890=CARTESIAN_POINT('Origin',(127.93466313,-38.9067074852742,-6.92499999999996));
#12891=CARTESIAN_POINT('Origin',(127.93466313,-38.9067074852742,1.49999999999999));
#12892=CARTESIAN_POINT('Origin',(127.93466313,-38.9067074852742,-12.075));
#12893=CARTESIAN_POINT('Origin',(127.93466313,-35.9067074852742,-12.075));
#12894=CARTESIAN_POINT('',(127.93466313,-37.0726298669104,-13.6999999999999));
#12895=CARTESIAN_POINT('Ctrl Pts',(128.93466313,-38.4284876105032,-13.6999999999999));
#12896=CARTESIAN_POINT('Ctrl Pts',(128.93466313,-38.2680734495662,-13.6999999999999));
#12897=CARTESIAN_POINT('Ctrl Pts',(128.900639670538,-38.0786071027703,-13.6999999999999));
#12898=CARTESIAN_POINT('Ctrl Pts',(128.793792334363,-37.7710678262468,-13.6999999999999));
#12899=CARTESIAN_POINT('Ctrl Pts',(128.700170283653,-37.5963861606765,-13.6999999999999));
#12900=CARTESIAN_POINT('Ctrl Pts',(128.510583119594,-37.3532744881058,-13.6999999999999));
#12901=CARTESIAN_POINT('Ctrl Pts',(128.386109173468,-37.2349103876528,-13.6999999999999));
#12902=CARTESIAN_POINT('Ctrl Pts',(128.167156746031,-37.1112095485027,-13.6999999999999));
#12903=CARTESIAN_POINT('Ctrl Pts',(128.043003901231,-37.0726298669104,-13.6999999999999));
#12904=CARTESIAN_POINT('Ctrl Pts',(127.93466313,-37.0726298669104,-13.6999999999999));
#12905=CARTESIAN_POINT('Origin',(127.93466313,-35.9067074852742,-12.075));
#12906=CARTESIAN_POINT('Ctrl Pts',(127.93466313,-27.7309715539861,7.7946699141101));
#12907=CARTESIAN_POINT('Ctrl Pts',(128.009462955085,-27.7309715539861,7.7946699141101));
#12908=CARTESIAN_POINT('Ctrl Pts',(128.159234303889,-27.7305650276806,7.77138235095438));
#12909=CARTESIAN_POINT('Ctrl Pts',(128.371741347053,-27.7287470733242,7.66724216049063));
#12910=CARTESIAN_POINT('Ctrl Pts',(128.756183178842,-27.7229443800469,7.33483910482435));
#12911=CARTESIAN_POINT('Ctrl Pts',(128.93466313,-27.7139672776562,6.82059233646291));
#12912=CARTESIAN_POINT('Ctrl Pts',(128.93466313,-27.7067074852742,6.40472042044893));
#12913=CARTESIAN_POINT('Ctrl Pts',(127.93466313,-27.635766919597,7.8898745484992));
#12914=CARTESIAN_POINT('Ctrl Pts',(128.033795594694,-27.635766919597,7.8898745484992));
#12915=CARTESIAN_POINT('Ctrl Pts',(128.227685936368,-27.6409198852727,7.84300016408185));
#12916=CARTESIAN_POINT('Ctrl Pts',(128.449436424204,-27.6492679796459,7.69364038797837));
#12917=CARTESIAN_POINT('Ctrl Pts',(128.798950929761,-27.6605835297118,7.30718474023912));
#12918=CARTESIAN_POINT('Ctrl Pts',(128.93466313,-27.6847806973968,6.80850285908017));
#12919=CARTESIAN_POINT('Ctrl Pts',(128.93466313,-27.7067074852742,6.40472042044893));
#12920=CARTESIAN_POINT('Ctrl Pts',(127.93466313,-27.3790400317285,8.01344960909649));
#12921=CARTESIAN_POINT('Ctrl Pts',(128.075278552632,-27.3790400317285,8.01344960909649));
#12922=CARTESIAN_POINT('Ctrl Pts',(128.343476660633,-27.4018539339809,7.92607381652637));
#12923=CARTESIAN_POINT('Ctrl Pts',(128.574244726077,-27.449465035318,7.70535966981952));
#12924=CARTESIAN_POINT('Ctrl Pts',(128.859180259592,-27.5324997248478,7.24841240787408));
#12925=CARTESIAN_POINT('Ctrl Pts',(128.93466313,-27.626407536878,6.78432390431468));
#12926=CARTESIAN_POINT('Ctrl Pts',(128.93466313,-27.7067074852742,6.40472042044894));
#12927=CARTESIAN_POINT('Ctrl Pts',(127.93466313,-26.9621097345534,7.91839241469224));
#12928=CARTESIAN_POINT('Ctrl Pts',(128.089332758568,-26.9621097345534,7.91839241469224));
#12929=CARTESIAN_POINT('Ctrl Pts',(128.382486041358,-27.0066374404935,7.82306310837791));
#12930=CARTESIAN_POINT('Ctrl Pts',(128.61487204002,-27.1160281204443,7.59759257045814));
#12931=CARTESIAN_POINT('Ctrl Pts',(128.876971250377,-27.3336838298341,7.16340819853358));
#12932=CARTESIAN_POINT('Ctrl Pts',(128.93466313,-27.5388477960997,6.74805547216645));
#12933=CARTESIAN_POINT('Ctrl Pts',(128.93466313,-27.7067074852742,6.40472042044893));
#12934=CARTESIAN_POINT('Ctrl Pts',(127.93466313,-26.7403187431719,7.63992234453842));
#12935=CARTESIAN_POINT('Ctrl Pts',(128.055622995419,-26.7403187431719,7.63992234453842));
#12936=CARTESIAN_POINT('Ctrl Pts',(128.2887357654,-26.7794080851096,7.58242357289215));
#12937=CARTESIAN_POINT('Ctrl Pts',(128.516099175805,-26.8944986849646,7.43159366267659));
#12938=CARTESIAN_POINT('Ctrl Pts',(128.832229412003,-27.1666817972609,7.09992973715844));
#12939=CARTESIAN_POINT('Ctrl Pts',(128.93466313,-27.4658813454511,6.71783177870958));
#12940=CARTESIAN_POINT('Ctrl Pts',(128.93466313,-27.7067074852742,6.40472042044893));
#12941=CARTESIAN_POINT('Ctrl Pts',(127.93466313,-26.7067074852742,7.43772568797509));
#12942=CARTESIAN_POINT('Ctrl Pts',(128.021590653603,-26.7067074852742,7.43772568797509));
#12943=CARTESIAN_POINT('Ctrl Pts',(128.193363770832,-26.7298207025071,7.41124423423091));
#12944=CARTESIAN_POINT('Ctrl Pts',(128.410493152489,-26.8169500700384,7.31930690214467));
#12945=CARTESIAN_POINT('Ctrl Pts',(128.777576556631,-27.0689719601102,7.06319560410597));
#12946=CARTESIAN_POINT('Ctrl Pts',(128.93466313,-27.422101475062,6.69969756263547));
#12947=CARTESIAN_POINT('Ctrl Pts',(128.93466313,-27.7067074852742,6.40472042044893));
#12948=CARTESIAN_POINT('Ctrl Pts',(127.93466313,-26.7067074852742,7.37040584539817));
#12949=CARTESIAN_POINT('Ctrl Pts',(128.009462955085,-26.7067074852742,7.37040584539817));
#12950=CARTESIAN_POINT('Ctrl Pts',(128.159234303889,-26.7234617366063,7.35422650908083));
#12951=CARTESIAN_POINT('Ctrl Pts',(128.371741347053,-26.7983854593305,7.2818737620631));
#12952=CARTESIAN_POINT('Ctrl Pts',(128.756183178842,-27.0375330378448,7.05093243107992));
#12953=CARTESIAN_POINT('Ctrl Pts',(128.93466313,-27.4075081849323,6.69365282394409));
#12954=CARTESIAN_POINT('Ctrl Pts',(128.93466313,-27.7067074852742,6.40472042044893));
#12955=CARTESIAN_POINT('',(127.93466313,-27.7309715539861,7.79466991411009));
#12956=CARTESIAN_POINT('Origin',(127.93466313,-27.7067074852742,6.40472042044893));
#12957=CARTESIAN_POINT('',(127.93466313,-26.7067074852742,7.37040584539817));
#12958=CARTESIAN_POINT('Origin',(127.93466313,-27.7067074852742,6.40472042044893));
#12959=CARTESIAN_POINT('Origin',(127.93466313,-27.3067074852742,7.37040584539817));
#12960=CARTESIAN_POINT('Origin',(127.93466313,-27.7067074852742,4.));
#12961=CARTESIAN_POINT('',(127.93466313,-26.7067074852742,4.));
#12962=CARTESIAN_POINT('Origin',(127.93466313,-38.9067074852742,6.5));
#12963=CARTESIAN_POINT('Origin',(127.93466313,-38.9067074852742,6.925));
#12964=CARTESIAN_POINT('Origin',(127.93466313,-38.9067074852742,12.075));
#12965=CARTESIAN_POINT('Origin',(127.93466313,-35.9067074852742,12.075));
#12966=CARTESIAN_POINT('',(127.93466313,-37.0726298669104,13.6999999999999));
#12967=CARTESIAN_POINT('Ctrl Pts',(127.93466313,-37.0726298669104,13.6999999999999));
#12968=CARTESIAN_POINT('Ctrl Pts',(128.043003901231,-37.0726298669104,13.6999999999999));
#12969=CARTESIAN_POINT('Ctrl Pts',(128.167156746031,-37.1112095485027,13.6999999999999));
#12970=CARTESIAN_POINT('Ctrl Pts',(128.386109173468,-37.2349103876528,13.6999999999999));
#12971=CARTESIAN_POINT('Ctrl Pts',(128.510583119594,-37.3532744881058,13.6999999999999));
#12972=CARTESIAN_POINT('Ctrl Pts',(128.700170283653,-37.5963861606765,13.6999999999999));
#12973=CARTESIAN_POINT('Ctrl Pts',(128.793792334363,-37.7710678262468,13.6999999999999));
#12974=CARTESIAN_POINT('Ctrl Pts',(128.900639670538,-38.0786071027704,13.6999999999999));
#12975=CARTESIAN_POINT('Ctrl Pts',(128.93466313,-38.2680734495662,13.6999999999999));
#12976=CARTESIAN_POINT('Ctrl Pts',(128.93466313,-38.4284876105033,13.6999999999999));
#12977=CARTESIAN_POINT('Origin',(127.93466313,-35.9067074852742,12.075));
#12978=CARTESIAN_POINT('Origin',(127.93466313,-35.9067074852742,6.925));
#12979=CARTESIAN_POINT('Origin',(127.93466313,-35.9067074852742,3.925));
#12980=CARTESIAN_POINT('Origin',(127.93466313,-38.1317074852742,3.925));
#12981=CARTESIAN_POINT('',(127.93466313,-30.8491696055201,4.925));
#12982=CARTESIAN_POINT('Origin',(127.93466313,-30.8491696055201,3.925));
#12983=CARTESIAN_POINT('',(127.93466313,-38.1317074852742,4.925));
#12984=CARTESIAN_POINT('Origin',(127.93466313,-30.8491696055201,5.525));
#12985=CARTESIAN_POINT('',(127.93466313,-30.4249055368081,5.10073593128807));
#12986=CARTESIAN_POINT('Origin',(127.93466313,-29.7177987556216,4.39362915010153));
#12987=CARTESIAN_POINT('Origin',(127.93466313,-30.8491696055201,5.525));
#12988=CARTESIAN_POINT('Origin',(127.93466313,-30.8715676954987,3.23986021022445));
#12989=CARTESIAN_POINT('',(127.93466313,-31.5786744766852,3.946966991411));
#12990=CARTESIAN_POINT('Origin',(103.93466313,-46.6317074852742,13.6999999999999));
#12991=CARTESIAN_POINT('',(88.93466313,-37.0726298669104,13.6999999999999));
#12992=CARTESIAN_POINT('',(34.,-37.0726298669104,13.6999999999999));
#12993=CARTESIAN_POINT('',(88.93466313,-56.6067074852742,13.6999999999999));
#12994=CARTESIAN_POINT('',(88.93466313,-54.1317074852742,13.6999999999999));
#12995=CARTESIAN_POINT('',(101.93466313,-56.6067074852742,13.6999999999999));
#12996=CARTESIAN_POINT('',(103.93466313,-56.6067074852742,13.6999999999999));
#12997=CARTESIAN_POINT('',(103.93466313,-58.6067074852742,13.6999999999999));
#12998=CARTESIAN_POINT('Origin',(101.93466313,-58.6067074852742,13.6999999999999));
#12999=CARTESIAN_POINT('',(103.93466313,-59.6317074852742,13.6999999999999));
#13000=CARTESIAN_POINT('',(103.93466313,-54.1317074852742,13.6999999999999));
#13001=CARTESIAN_POINT('',(101.93466313,-61.6317074852742,13.6999999999999));
#13002=CARTESIAN_POINT('Origin',(101.93466313,-59.6317074852742,13.6999999999999));
#13003=CARTESIAN_POINT('',(118.93466313,-61.6317074852742,13.6999999999999));
#13004=CARTESIAN_POINT('',(111.43466313,-61.6317074852742,13.6999999999999));
#13005=CARTESIAN_POINT('',(118.93466313,-37.9067074852742,13.6999999999999));
#13006=CARTESIAN_POINT('',(118.93466313,-39.1317074852742,13.6999999999999));
#13007=CARTESIAN_POINT('',(127.93466313,-37.9067074852742,13.6999999999999));
#13008=CARTESIAN_POINT('',(68.967331565,-37.9067074852742,13.6999999999999));
#13009=CARTESIAN_POINT('Ctrl Pts',(127.93466313,-37.9067074852742,13.6999999999999));
#13010=CARTESIAN_POINT('Ctrl Pts',(128.043003901231,-37.9067074852742,13.6999999999999));
#13011=CARTESIAN_POINT('Ctrl Pts',(128.167156746031,-37.9452871668665,13.6999999999999));
#13012=CARTESIAN_POINT('Ctrl Pts',(128.386109173468,-38.0689880060166,13.6999999999999));
#13013=CARTESIAN_POINT('Ctrl Pts',(128.510583119594,-38.1873521064696,13.6999999999999));
#13014=CARTESIAN_POINT('Ctrl Pts',(128.700170283653,-38.4304637790404,13.6999999999999));
#13015=CARTESIAN_POINT('Ctrl Pts',(128.793792334363,-38.6051454446106,13.6999999999999));
#13016=CARTESIAN_POINT('Ctrl Pts',(128.900639670538,-38.9126847211342,13.6999999999999));
#13017=CARTESIAN_POINT('Ctrl Pts',(128.93466313,-39.10215106793,13.6999999999999));
#13018=CARTESIAN_POINT('Ctrl Pts',(128.93466313,-39.2625652288671,13.6999999999999));
#13019=CARTESIAN_POINT('Origin',(34.,-35.9067074852742,12.075));
#13020=CARTESIAN_POINT('',(34.,-37.0726298669104,13.7));
#13021=CARTESIAN_POINT('Origin',(34.,-35.9067074852742,12.075));
#13022=CARTESIAN_POINT('',(78.93466313,-37.0726298669104,13.7));
#13023=CARTESIAN_POINT('',(34.,-37.0726298669104,13.7));
#13024=CARTESIAN_POINT('Origin',(78.93466313,-35.9067074852742,12.075));
#13025=CARTESIAN_POINT('Origin',(88.93466313,-35.9067074852742,12.075));
#13026=CARTESIAN_POINT('Origin',(127.93466313,-36.740785103638,-12.075));
#13027=CARTESIAN_POINT('',(127.93466313,-37.9067074852742,-13.6999999999999));
#13028=CARTESIAN_POINT('Origin',(127.93466313,-36.740785103638,-12.075));
#13029=CARTESIAN_POINT('Ctrl Pts',(128.93466313,-39.2625652288671,-13.6999999999999));
#13030=CARTESIAN_POINT('Ctrl Pts',(128.93466313,-39.10215106793,-13.6999999999999));
#13031=CARTESIAN_POINT('Ctrl Pts',(128.900639670538,-38.9126847211342,-13.6999999999999));
#13032=CARTESIAN_POINT('Ctrl Pts',(128.793792334363,-38.6051454446106,-13.6999999999999));
#13033=CARTESIAN_POINT('Ctrl Pts',(128.700170283653,-38.4304637790404,-13.6999999999999));
#13034=CARTESIAN_POINT('Ctrl Pts',(128.510583119594,-38.1873521064696,-13.6999999999999));
#13035=CARTESIAN_POINT('Ctrl Pts',(128.386109173468,-38.0689880060166,-13.6999999999999));
#13036=CARTESIAN_POINT('Ctrl Pts',(128.167156746031,-37.9452871668665,-13.6999999999999));
#13037=CARTESIAN_POINT('Ctrl Pts',(128.043003901231,-37.9067074852742,-13.6999999999999));
#13038=CARTESIAN_POINT('Ctrl Pts',(127.93466313,-37.9067074852742,-13.6999999999999));
#13039=CARTESIAN_POINT('Origin',(127.93466313,-36.740785103638,12.075));
#13040=CARTESIAN_POINT('Origin',(127.93466313,-36.740785103638,12.075));
#13041=CARTESIAN_POINT('Origin',(68.967331565,-36.740785103638,12.075));
#13042=CARTESIAN_POINT('Origin',(118.93466313,-36.740785103638,12.075));
#13043=CARTESIAN_POINT('Origin',(39.,-53.1317074852742,8.125));
#13044=CARTESIAN_POINT('',(37.,-51.6317074852742,8.125));
#13045=CARTESIAN_POINT('',(37.,-53.1317074852742,8.125));
#13046=CARTESIAN_POINT('',(39.,-51.6317074852742,10.125));
#13047=CARTESIAN_POINT('Origin',(39.,-51.6317074852742,8.125));
#13048=CARTESIAN_POINT('',(39.,-53.1317074852742,10.125));
#13049=CARTESIAN_POINT('Origin',(39.,-51.6317074852742,12.125));
#13050=CARTESIAN_POINT('',(37.,-51.6151595965416,8.12503422922414));
#13051=CARTESIAN_POINT('',(39.,-51.6234335409079,10.1250171146121));
#13052=CARTESIAN_POINT('Origin',(39.,-51.6151595965416,8.12503422922414));
#13053=CARTESIAN_POINT('Origin',(39.,-51.6317074852742,12.125));
#13054=CARTESIAN_POINT('Origin',(37.,-51.6317074852742,12.125));
#13055=CARTESIAN_POINT('Ctrl Pts',(35.,-49.6317074852742,12.125));
#13056=CARTESIAN_POINT('Ctrl Pts',(35.3130947781131,-49.6317074852742,11.4988104437738));
#13057=CARTESIAN_POINT('Ctrl Pts',(36.0440141857283,-49.806080575174,10.0369716285433));
#13058=CARTESIAN_POINT('Ctrl Pts',(36.5877105866199,-50.3458429131965,8.94957882676012));
#13059=CARTESIAN_POINT('Ctrl Pts',(36.7786178185851,-50.7170935473684,8.56776436282979));
#13060=CARTESIAN_POINT('Ctrl Pts',(35.,-49.6317074852742,12.125));
#13061=CARTESIAN_POINT('Ctrl Pts',(35.3727318787061,-49.6317074852742,11.5584475443668));
#13062=CARTESIAN_POINT('Ctrl Pts',(36.2472986721173,-49.8791308256886,10.2327504823944));
#13063=CARTESIAN_POINT('Ctrl Pts',(36.7487465398701,-50.5564323518306,9.32674032354826));
#13064=CARTESIAN_POINT('Ctrl Pts',(36.8771605046775,-50.9087260713342,9.0389681331459));
#13065=CARTESIAN_POINT('Ctrl Pts',(35.,-49.6317074852742,12.125));
#13066=CARTESIAN_POINT('Ctrl Pts',(35.4770968047438,-49.6317074852742,11.6628124704045));
#13067=CARTESIAN_POINT('Ctrl Pts',(36.5974968066721,-49.9325888156146,10.5768797408796));
#13068=CARTESIAN_POINT('Ctrl Pts',(37.229639862438,-50.7316568603961,9.98775296747991));
#13069=CARTESIAN_POINT('Ctrl Pts',(37.3784235276919,-51.0723725599687,9.85846877377257));
#13070=CARTESIAN_POINT('Ctrl Pts',(35.,-49.6317074852742,12.125));
#13071=CARTESIAN_POINT('Ctrl Pts',(35.5814617307814,-49.6317074852742,11.7671773964422));
#13072=CARTESIAN_POINT('Ctrl Pts',(36.940763162238,-49.8614895755872,10.9290055173763));
#13073=CARTESIAN_POINT('Ctrl Pts',(37.8916549608489,-50.504025388842,10.4175023801299));
#13074=CARTESIAN_POINT('Ctrl Pts',(38.2038328094331,-50.8608179403428,10.2724751668456));
#13075=CARTESIAN_POINT('Ctrl Pts',(35.,-49.6317074852742,12.125));
#13076=CARTESIAN_POINT('Ctrl Pts',(35.6261895562262,-49.6317074852742,11.8119052218869));
#13077=CARTESIAN_POINT('Ctrl Pts',(37.0880283714567,-49.8060805751739,11.0809858142717));
#13078=CARTESIAN_POINT('Ctrl Pts',(38.1754211732399,-50.3458429131965,10.5372894133801));
#13079=CARTESIAN_POINT('Ctrl Pts',(38.5572356371702,-50.7170935473684,10.3463821814149));
#13080=CARTESIAN_POINT('',(38.5572356371702,-50.7170935473684,10.3463821814149));
#13081=CARTESIAN_POINT('',(36.7786178185851,-50.7170935473684,8.56776436282978));
#13082=CARTESIAN_POINT('Origin',(38.5572356371702,-49.8024796094626,8.56776436282979));
#13083=CARTESIAN_POINT('',(35.,-49.6317074852742,12.125));
#13084=CARTESIAN_POINT('Origin',(35.,-51.6317074852742,12.125));
#13085=CARTESIAN_POINT('Origin',(35.,-51.6317074852742,12.125));
#13086=CARTESIAN_POINT('Ctrl Pts',(39.,-51.6234335409079,10.1250171146121));
#13087=CARTESIAN_POINT('Ctrl Pts',(39.,-51.4609268827264,10.1256894058896));
#13088=CARTESIAN_POINT('Ctrl Pts',(38.9189748322471,-51.1363083951299,10.167746327049));
#13089=CARTESIAN_POINT('Ctrl Pts',(38.6924043733786,-50.8485225103286,10.2787978133107));
#13090=CARTESIAN_POINT('Ctrl Pts',(38.5572356371702,-50.7170935473684,10.3463821814149));
#13091=CARTESIAN_POINT('Ctrl Pts',(38.4016013993162,-51.6234335409079,10.1250171146121));
#13092=CARTESIAN_POINT('Ctrl Pts',(38.3993737593136,-51.510051381496,10.1255773555276));
#13093=CARTESIAN_POINT('Ctrl Pts',(38.3418338226216,-51.2859061832111,10.14157114817));
#13094=CARTESIAN_POINT('Ctrl Pts',(38.1844795156152,-51.0381564907401,10.2001331792476));
#13095=CARTESIAN_POINT('Ctrl Pts',(38.0860318668541,-50.9087260713342,10.2478394953225));
#13096=CARTESIAN_POINT('Ctrl Pts',(37.3655284956505,-51.6213566483655,9.62298938084057));
#13097=CARTESIAN_POINT('Ctrl Pts',(37.3597559470661,-51.5499578361943,9.61938547230468));
#13098=CARTESIAN_POINT('Ctrl Pts',(37.343133857069,-51.4149295820928,9.61834864760746));
#13099=CARTESIAN_POINT('Ctrl Pts',(37.3031170793627,-51.2021529507656,9.68072475874937));
#13100=CARTESIAN_POINT('Ctrl Pts',(37.2663577163819,-51.0725764762592,9.74679951135916));
#13101=CARTESIAN_POINT('Ctrl Pts',(37.,-51.6170162653157,8.57382933922701));
#13102=CARTESIAN_POINT('Ctrl Pts',(36.9974102297804,-51.4901594199449,8.56452190805322));
#13103=CARTESIAN_POINT('Ctrl Pts',(36.970332170305,-51.2415389733968,8.60091772428715));
#13104=CARTESIAN_POINT('Ctrl Pts',(36.8996415108636,-50.9905879314299,8.78425526355415));
#13105=CARTESIAN_POINT('Ctrl Pts',(36.8525248331544,-50.8608179403428,8.92116719056687));
#13106=CARTESIAN_POINT('Ctrl Pts',(37.,-51.6151595965416,8.12503422922414));
#13107=CARTESIAN_POINT('Ctrl Pts',(37.,-51.4517962207194,8.11426975870095));
#13108=CARTESIAN_POINT('Ctrl Pts',(36.9594874161235,-51.1284037493729,8.16909653355555));
#13109=CARTESIAN_POINT('Ctrl Pts',(36.8462021866893,-50.8485225103286,8.40248344735098));
#13110=CARTESIAN_POINT('Ctrl Pts',(36.7786178185851,-50.7170935473684,8.56776436282979));
#13111=CARTESIAN_POINT('Ctrl Pts',(38.5572356371702,-50.7170935473684,10.3463821814149));
#13112=CARTESIAN_POINT('Ctrl Pts',(38.6924043733786,-50.8485225103286,10.2787978133107));
#13113=CARTESIAN_POINT('Ctrl Pts',(38.9189748322471,-51.1363083951299,10.167746327049));
#13114=CARTESIAN_POINT('Ctrl Pts',(39.,-51.4609268827264,10.1256894058896));
#13115=CARTESIAN_POINT('Ctrl Pts',(39.,-51.6234335409079,10.1250171146121));
#13116=CARTESIAN_POINT('Ctrl Pts',(37.,-51.6151595965416,8.12503422922414));
#13117=CARTESIAN_POINT('Ctrl Pts',(37.,-51.4517962207194,8.11426975870095));
#13118=CARTESIAN_POINT('Ctrl Pts',(36.9594874161235,-51.1284037493729,8.16909653355555));
#13119=CARTESIAN_POINT('Ctrl Pts',(36.8462021866893,-50.8485225103286,8.40248344735098));
#13120=CARTESIAN_POINT('Ctrl Pts',(36.7786178185851,-50.7170935473684,8.56776436282979));
#13121=CARTESIAN_POINT('Origin',(34.,-64.6317074852742,10.125));
#13122=CARTESIAN_POINT('',(40.3936483134914,-51.6317074852742,10.125));
#13123=CARTESIAN_POINT('',(49.4836657825,-51.6317074852742,10.125));
#13124=CARTESIAN_POINT('',(40.3936483134914,-41.5067074852742,10.125));
#13125=CARTESIAN_POINT('',(40.3936483134914,-57.1317074852742,10.125));
#13126=CARTESIAN_POINT('',(123.93466313,-41.5067074852742,10.125));
#13127=CARTESIAN_POINT('',(34.,-41.5067074852742,10.125));
#13128=CARTESIAN_POINT('',(123.93466313,-53.1317074852742,10.125));
#13129=CARTESIAN_POINT('',(103.93466313,-59.6317074852742,10.125));
#13130=CARTESIAN_POINT('',(103.93466313,-58.6067074852742,10.125));
#13131=CARTESIAN_POINT('',(103.93466313,-63.1317074852742,10.125));
#13132=CARTESIAN_POINT('',(101.93466313,-56.6067074852742,10.125));
#13133=CARTESIAN_POINT('Origin',(101.93466313,-58.6067074852742,10.125));
#13134=CARTESIAN_POINT('',(65.93466313,-56.6067074852742,10.125));
#13135=CARTESIAN_POINT('',(68.967331565,-56.6067074852742,10.125));
#13136=CARTESIAN_POINT('',(63.93466313,-58.6067074852742,10.125));
#13137=CARTESIAN_POINT('Origin',(65.93466313,-58.6067074852742,10.125));
#13138=CARTESIAN_POINT('',(63.93466313,-59.6317074852742,10.125));
#13139=CARTESIAN_POINT('',(63.93466313,-60.6192074852742,10.125));
#13140=CARTESIAN_POINT('',(65.93466313,-61.6317074852742,10.125));
#13141=CARTESIAN_POINT('Origin',(65.93466313,-59.6317074852742,10.125));
#13142=CARTESIAN_POINT('',(101.93466313,-61.6317074852742,10.125));
#13143=CARTESIAN_POINT('',(76.467331565,-61.6317074852742,10.125));
#13144=CARTESIAN_POINT('Origin',(101.93466313,-59.6317074852742,10.125));
#13145=CARTESIAN_POINT('Origin',(49.4836657825,-51.6317074852742,12.125));
#13146=CARTESIAN_POINT('',(36.8908406533154,-49.6317074852742,12.125));
#13147=CARTESIAN_POINT('',(49.4836657825,-49.6317074852742,12.125));
#13148=CARTESIAN_POINT('',(39.2517072227839,-50.4897663945667,10.4830589092925));
#13149=CARTESIAN_POINT('Origin',(36.8908406533154,-51.6317074852742,12.125));
#13150=CARTESIAN_POINT('Origin',(40.3936483134914,-51.6317074852742,12.125));
#13151=CARTESIAN_POINT('Origin',(35.,-51.6317074852742,-8.71525074330748E-14));
#13152=CARTESIAN_POINT('',(35.,-49.6317074852742,8.56776436282978));
#13153=CARTESIAN_POINT('Origin',(35.,-51.6317074852742,8.56776436282978));
#13154=CARTESIAN_POINT('',(35.,-49.6317074852742,-8.71525074330748E-14));
#13155=CARTESIAN_POINT('Origin',(34.,-35.9067074852742,-6.92500000000001));
#13156=CARTESIAN_POINT('Ctrl Pts',(83.1211906275523,-37.9067074852742,-6.92499999999999));
#13157=CARTESIAN_POINT('Ctrl Pts',(83.0215760166823,-37.9067074852742,-6.76871834382296));
#13158=CARTESIAN_POINT('Ctrl Pts',(82.8874559998685,-37.8859687442584,-6.61440723529112));
#13159=CARTESIAN_POINT('Ctrl Pts',(82.5836061058351,-37.8276414315913,-6.34683036584169));
#13160=CARTESIAN_POINT('Ctrl Pts',(82.3721297621254,-37.7793721568151,-6.21643702531998));
#13161=CARTESIAN_POINT('Ctrl Pts',(81.9142331926654,-37.7041962483981,-6.042973849204));
#13162=CARTESIAN_POINT('Ctrl Pts',(81.6673444581825,-37.6799460479047,-6.));
#13163=CARTESIAN_POINT('Ctrl Pts',(81.43466313,-37.6799460479047,-6.));
#13164=CARTESIAN_POINT('Ctrl Pts',(81.2019818018175,-37.6799460479047,-6.));
#13165=CARTESIAN_POINT('Ctrl Pts',(80.9550930673346,-37.7041962483981,-6.042973849204));
#13166=CARTESIAN_POINT('Ctrl Pts',(80.4971964978746,-37.7793721568151,-6.21643702531998));
#13167=CARTESIAN_POINT('Ctrl Pts',(80.285720154165,-37.8276414315913,-6.34683036584169));
#13168=CARTESIAN_POINT('Ctrl Pts',(79.9818702601315,-37.8859687442584,-6.61440723529113));
#13169=CARTESIAN_POINT('Ctrl Pts',(79.8477502433178,-37.9067074852742,-6.76871834382296));
#13170=CARTESIAN_POINT('Ctrl Pts',(79.7481356324477,-37.9067074852742,-6.92499999999999));
#13171=CARTESIAN_POINT('',(95.8109709275591,-35.9067074852742,-4.92499999999998));
#13172=CARTESIAN_POINT('',(34.,-35.9067074852742,-4.92500000000001));
#13173=CARTESIAN_POINT('Ctrl Pts',(95.8109709275591,-35.9067074852742,-4.92499999999998));
#13174=CARTESIAN_POINT('Ctrl Pts',(95.8109709275591,-36.151638790049,-4.92499999999998));
#13175=CARTESIAN_POINT('Ctrl Pts',(95.8395589316944,-36.4101664836466,-4.97306397838039));
#13176=CARTESIAN_POINT('Ctrl Pts',(95.9567699166215,-36.8787023562916,-5.15900166511097));
#13177=CARTESIAN_POINT('Ctrl Pts',(96.0460501792366,-37.0886949079619,-5.29649964531743));
#13178=CARTESIAN_POINT('Ctrl Pts',(96.2942917148752,-37.4787347459902,-5.65135014615545));
#13179=CARTESIAN_POINT('Ctrl Pts',(96.4861099161744,-37.6508491158299,-5.9064870513829));
#13180=CARTESIAN_POINT('Ctrl Pts',(96.9312353381748,-37.8643631666017,-6.42802732950437));
#13181=CARTESIAN_POINT('Ctrl Pts',(97.184950828015,-37.9067074852742,-6.6936947581599));
#13182=CARTESIAN_POINT('Ctrl Pts',(97.4312505642773,-37.9067074852742,-6.92499999999998));
#13183=CARTESIAN_POINT('Origin',(34.,-30.6317074852742,-4.92500000000001));
#13184=CARTESIAN_POINT('',(112.058355332441,-30.8491696055201,-4.92499999999997));
#13185=CARTESIAN_POINT('',(112.058355332441,-50.,-4.92499999999997));
#13186=CARTESIAN_POINT('',(34.,-30.8491696055201,-4.92500000000001));
#13187=CARTESIAN_POINT('Origin',(48.967331565,-36.740785103638,-12.075));
#13188=CARTESIAN_POINT('',(88.93466313,-37.9067074852742,-13.6999999999999));
#13189=CARTESIAN_POINT('',(88.93466313,-36.740785103638,-14.075));
#13190=CARTESIAN_POINT('Origin',(88.93466313,-36.740785103638,-12.075));
#13191=CARTESIAN_POINT('',(78.93466313,-36.740785103638,-14.075));
#13192=CARTESIAN_POINT('',(48.967331565,-36.740785103638,-14.075));
#13193=CARTESIAN_POINT('',(78.93466313,-37.9067074852742,-13.6999999999999));
#13194=CARTESIAN_POINT('Origin',(78.93466313,-36.740785103638,-12.075));
#13195=CARTESIAN_POINT('',(48.967331565,-37.9067074852742,-13.7));
#13196=CARTESIAN_POINT('Origin',(48.967331565,-36.740785103638,-12.075));
#13197=CARTESIAN_POINT('',(118.93466313,-36.740785103638,-14.075));
#13198=CARTESIAN_POINT('',(48.967331565,-36.740785103638,-14.075));
#13199=CARTESIAN_POINT('',(118.93466313,-37.9067074852742,-13.6999999999999));
#13200=CARTESIAN_POINT('Origin',(118.93466313,-36.740785103638,-12.075));
#13201=CARTESIAN_POINT('',(48.967331565,-37.9067074852742,-13.7));
#13202=CARTESIAN_POINT('Origin',(34.,-35.9067074852742,-12.075));
#13203=CARTESIAN_POINT('',(48.93466313,-37.0726298669104,-13.7));
#13204=CARTESIAN_POINT('',(34.,-37.0726298669104,-13.7));
#13205=CARTESIAN_POINT('',(48.93466313,-35.9067074852742,-14.075));
#13206=CARTESIAN_POINT('Origin',(48.93466313,-35.9067074852742,-12.075));
#13207=CARTESIAN_POINT('',(34.,-35.9067074852742,-14.075));
#13208=CARTESIAN_POINT('Origin',(34.,-37.8317074852742,-14.075));
#13209=CARTESIAN_POINT('',(48.93466313,-31.6317074852742,-14.075));
#13210=CARTESIAN_POINT('',(48.93466313,-49.7317074852742,-14.075));
#13211=CARTESIAN_POINT('',(78.93466313,-31.6317074852742,-14.075));
#13212=CARTESIAN_POINT('',(41.467331565,-31.6317074852742,-14.075));
#13213=CARTESIAN_POINT('',(78.93466313,-34.7317074852742,-14.075));
#13214=CARTESIAN_POINT('',(88.93466313,-31.6317074852742,-14.075));
#13215=CARTESIAN_POINT('',(88.93466313,-49.7317074852742,-14.075));
#13216=CARTESIAN_POINT('',(118.93466313,-31.6317074852742,-14.075));
#13217=CARTESIAN_POINT('',(61.467331565,-31.6317074852742,-14.075));
#13218=CARTESIAN_POINT('',(118.93466313,-34.7317074852742,-14.075));
#13219=CARTESIAN_POINT('Origin',(34.,-35.9067074852742,6.925));
#13220=CARTESIAN_POINT('Ctrl Pts',(79.7481356324477,-37.9067074852742,6.925));
#13221=CARTESIAN_POINT('Ctrl Pts',(79.8477502433178,-37.9067074852742,6.76871834382298));
#13222=CARTESIAN_POINT('Ctrl Pts',(79.9818702601315,-37.8859687442584,6.61440723529114));
#13223=CARTESIAN_POINT('Ctrl Pts',(80.285720154165,-37.8276414315913,6.34683036584171));
#13224=CARTESIAN_POINT('Ctrl Pts',(80.4971964978746,-37.7793721568151,6.21643702532));
#13225=CARTESIAN_POINT('Ctrl Pts',(80.9550930673346,-37.7041962483981,6.04297384920401));
#13226=CARTESIAN_POINT('Ctrl Pts',(81.2019818018175,-37.6799460479047,6.00000000000001));
#13227=CARTESIAN_POINT('Ctrl Pts',(81.6673444581825,-37.6799460479047,6.00000000000001));
#13228=CARTESIAN_POINT('Ctrl Pts',(81.9142331926654,-37.7041962483981,6.04297384920401));
#13229=CARTESIAN_POINT('Ctrl Pts',(82.3721297621254,-37.7793721568151,6.21643702532));
#13230=CARTESIAN_POINT('Ctrl Pts',(82.5836061058351,-37.8276414315913,6.34683036584171));
#13231=CARTESIAN_POINT('Ctrl Pts',(82.8874559998685,-37.8859687442584,6.61440723529114));
#13232=CARTESIAN_POINT('Ctrl Pts',(83.0215760166822,-37.9067074852742,6.76871834382297));
#13233=CARTESIAN_POINT('Ctrl Pts',(83.1211906275523,-37.9067074852742,6.925));
#13234=CARTESIAN_POINT('',(95.8109709275591,-35.9067074852742,4.92500000000001));
#13235=CARTESIAN_POINT('Ctrl Pts',(97.4312505642773,-37.9067074852742,6.925));
#13236=CARTESIAN_POINT('Ctrl Pts',(97.184950828015,-37.9067074852742,6.69369475815992));
#13237=CARTESIAN_POINT('Ctrl Pts',(96.9312353381748,-37.8643631666017,6.42802732950441));
#13238=CARTESIAN_POINT('Ctrl Pts',(96.4861099161745,-37.6508491158299,5.90648705138295));
#13239=CARTESIAN_POINT('Ctrl Pts',(96.2942917148752,-37.4787347459902,5.65135014615547));
#13240=CARTESIAN_POINT('Ctrl Pts',(96.0460501792366,-37.0886949079619,5.29649964531746));
#13241=CARTESIAN_POINT('Ctrl Pts',(95.9567699166216,-36.8787023562916,5.15900166511099));
#13242=CARTESIAN_POINT('Ctrl Pts',(95.8395589316945,-36.4101664836465,4.97306397838041));
#13243=CARTESIAN_POINT('Ctrl Pts',(95.8109709275591,-36.151638790049,4.925));
#13244=CARTESIAN_POINT('Ctrl Pts',(95.8109709275591,-35.9067074852742,4.925));
#13245=CARTESIAN_POINT('',(34.,-35.9067074852742,4.925));
#13246=CARTESIAN_POINT('',(34.,-35.9067074852742,4.925));
#13247=CARTESIAN_POINT('Origin',(34.,-35.9067074852742,6.925));
#13248=CARTESIAN_POINT('Origin',(34.,-50.,16.));
#13249=CARTESIAN_POINT('',(34.,32.3682925147258,12.));
#13250=CARTESIAN_POINT('',(34.,-37.9067074852742,13.7));
#13251=CARTESIAN_POINT('Origin',(34.,-36.740785103638,12.075));
#13252=CARTESIAN_POINT('',(34.,-48.3158537426371,13.7));
#13253=CARTESIAN_POINT('',(34.,-30.8491696055201,4.925));
#13254=CARTESIAN_POINT('',(34.,-40.3158537426371,4.92500000000001));
#13255=CARTESIAN_POINT('',(34.,-30.4249055368081,5.10073593128807));
#13256=CARTESIAN_POINT('Origin',(34.,-30.8491696055201,5.525));
#13257=CARTESIAN_POINT('',(34.,-27.7309715539861,7.79466991411008));
#13258=CARTESIAN_POINT('',(34.,-30.6707476053666,4.85489386272955));
#13259=CARTESIAN_POINT('',(34.,-26.7067074852742,7.37040584539815));
#13260=CARTESIAN_POINT('Origin',(34.,-27.3067074852742,7.37040584539815));
#13261=CARTESIAN_POINT('',(34.,-26.7067074852742,8.));
#13262=CARTESIAN_POINT('Origin',(34.,-30.6317074852742,4.925));
#13263=CARTESIAN_POINT('',(95.8109709275591,-30.8491696055201,4.92500000000001));
#13264=CARTESIAN_POINT('',(95.8109709275591,-50.,4.92500000000001));
#13265=CARTESIAN_POINT('',(34.,-30.8491696055201,4.925));
#13266=CARTESIAN_POINT('Origin',(48.967331565,-36.740785103638,12.075));
#13267=CARTESIAN_POINT('',(48.93466313,-37.9067074852742,13.7));
#13268=CARTESIAN_POINT('Origin',(48.93466313,-36.740785103638,12.075));
#13269=CARTESIAN_POINT('',(48.967331565,-37.9067074852742,13.7));
#13270=CARTESIAN_POINT('Ctrl Pts',(28.,-5.63170748527419,10.3872844919101));
#13271=CARTESIAN_POINT('Ctrl Pts',(28.,-5.62947527090454,10.3891514819645));
#13272=CARTESIAN_POINT('Ctrl Pts',(27.9999943314697,-5.62724301439654,10.3910177752731));
#13273=CARTESIAN_POINT('Ctrl Pts',(27.9996146018346,-5.35820838626325,10.6163402888551));
#13274=CARTESIAN_POINT('Ctrl Pts',(27.9135063142055,-4.95613352240622,10.9540520485595));
#13275=CARTESIAN_POINT('Ctrl Pts',(27.725545821945,-4.4402347758394,11.3307664793164));
#13276=CARTESIAN_POINT('Ctrl Pts',(27.6369106958883,-4.17154651237535,11.4795807591084));
#13277=CARTESIAN_POINT('Ctrl Pts',(27.5806341177016,-3.98657748511249,11.5491729274749));
#13278=CARTESIAN_POINT('Ctrl Pts',(28.,-5.63170748527419,10.3872844919101));
#13279=CARTESIAN_POINT('Ctrl Pts',(27.9999770950968,-5.62994962258957,10.3893070852447));
#13280=CARTESIAN_POINT('Ctrl Pts',(28.0000258862332,-5.6281624814232,10.3913587167717));
#13281=CARTESIAN_POINT('Ctrl Pts',(27.9968839892329,-5.41662238272411,10.635289527604));
#13282=CARTESIAN_POINT('Ctrl Pts',(27.9712481380222,-5.09356917052269,11.0047306162229));
#13283=CARTESIAN_POINT('Ctrl Pts',(27.8999897252257,-4.59309335275043,11.4486876718393));
#13284=CARTESIAN_POINT('Ctrl Pts',(27.8629240291014,-4.29204062916095,11.6264007161069));
#13285=CARTESIAN_POINT('Ctrl Pts',(27.8388027307935,-4.08505687744303,11.704739183888));
#13286=CARTESIAN_POINT('Ctrl Pts',(28.,-5.63170748527419,10.3872844919101));
#13287=CARTESIAN_POINT('Ctrl Pts',(28.,-5.63041730303497,10.3894895077693));
#13288=CARTESIAN_POINT('Ctrl Pts',(28.,-5.62909179084071,10.3916680251049));
#13289=CARTESIAN_POINT('Ctrl Pts',(27.9999999999998,-5.47372165815175,10.6574176585862));
#13290=CARTESIAN_POINT('Ctrl Pts',(28.,-5.23939724313562,11.0545343107611));
#13291=CARTESIAN_POINT('Ctrl Pts',(27.9999999999999,-4.8006511695806,11.6032091779123));
#13292=CARTESIAN_POINT('Ctrl Pts',(28.,-4.48342496677556,11.8503209678289));
#13293=CARTESIAN_POINT('Ctrl Pts',(28.,-4.25244644965004,11.9691617041188));
#13294=CARTESIAN_POINT('Ctrl Pts',(28.,-5.63170748527419,10.3872844919101));
#13295=CARTESIAN_POINT('Ctrl Pts',(28.,-5.63087183438429,10.38964573078));
#13296=CARTESIAN_POINT('Ctrl Pts',(28.,-5.63003680759156,10.3920080270163));
#13297=CARTESIAN_POINT('Ctrl Pts',(27.9999999999998,-5.52925825053084,10.6765128423178));
#13298=CARTESIAN_POINT('Ctrl Pts',(28.,-5.38436578319951,11.1046979900672));
#13299=CARTESIAN_POINT('Ctrl Pts',(27.9999999999999,-5.00856474933625,11.7574344266105));
#13300=CARTESIAN_POINT('Ctrl Pts',(28.,-4.67507441721386,12.0769142724106));
#13301=CARTESIAN_POINT('Ctrl Pts',(28.,-4.42205307338817,12.23708646374));
#13302=CARTESIAN_POINT('',(28.,-4.42205307338817,12.23708646374));
#13303=CARTESIAN_POINT('',(27.5806341177005,-3.98657748511248,11.549172927474));
#13304=CARTESIAN_POINT('Origin',(27.,-4.42205307338817,12.23708646374));
#13305=CARTESIAN_POINT('',(28.,-5.63170748532718,10.38728449185));
#13306=CARTESIAN_POINT('Ctrl Pts',(27.5806341177016,-3.98657748511249,11.5491729274749));
#13307=CARTESIAN_POINT('Ctrl Pts',(27.6369106958883,-4.17154651237535,11.4795807591084));
#13308=CARTESIAN_POINT('Ctrl Pts',(27.725545821945,-4.4402347758394,11.3307664793164));
#13309=CARTESIAN_POINT('Ctrl Pts',(27.9135063142055,-4.95613352240622,10.9540520485595));
#13310=CARTESIAN_POINT('Ctrl Pts',(27.9996146018346,-5.35820838626325,10.6163402888551));
#13311=CARTESIAN_POINT('Ctrl Pts',(27.9999943314697,-5.62724301439654,10.3910177752731));
#13312=CARTESIAN_POINT('Ctrl Pts',(28.,-5.62947527090454,10.3891514819645));
#13313=CARTESIAN_POINT('Ctrl Pts',(28.,-5.63170748527419,10.3872844919101));
#13314=CARTESIAN_POINT('Ctrl Pts',(28.,-5.63170748527419,10.3872844919101));
#13315=CARTESIAN_POINT('Ctrl Pts',(28.,-5.63087183438429,10.38964573078));
#13316=CARTESIAN_POINT('Ctrl Pts',(28.,-5.63003680759156,10.3920080270163));
#13317=CARTESIAN_POINT('Ctrl Pts',(27.9999999999998,-5.52925825053084,10.6765128423178));
#13318=CARTESIAN_POINT('Ctrl Pts',(28.,-5.38436578319951,11.1046979900672));
#13319=CARTESIAN_POINT('Ctrl Pts',(27.9999999999999,-5.00856474933625,11.7574344266105));
#13320=CARTESIAN_POINT('Ctrl Pts',(28.,-4.67507441721386,12.0769142724106));
#13321=CARTESIAN_POINT('Ctrl Pts',(28.,-4.42205307338817,12.23708646374));
#13322=CARTESIAN_POINT('Ctrl Pts',(28.,-3.96504081860753,12.925));
#13323=CARTESIAN_POINT('Ctrl Pts',(28.,-3.96504081860753,12.6721298721337));
#13324=CARTESIAN_POINT('Ctrl Pts',(28.,-4.13213176693098,12.4206177432234));
#13325=CARTESIAN_POINT('Ctrl Pts',(28.,-4.42205307338982,12.237086463739));
#13326=CARTESIAN_POINT('Ctrl Pts',(28.,-3.75054044900977,12.925));
#13327=CARTESIAN_POINT('Ctrl Pts',(28.,-3.75054044900977,12.5816713496142));
#13328=CARTESIAN_POINT('Ctrl Pts',(27.9984837133223,-3.9319372188572,12.2404706220033));
#13329=CARTESIAN_POINT('Ctrl Pts',(28.,-4.25244644965084,11.9691617041197));
#13330=CARTESIAN_POINT('Ctrl Pts',(27.9287002217587,-3.53664111428574,12.925));
#13331=CARTESIAN_POINT('Ctrl Pts',(27.9287002217587,-3.53664111428574,12.4915027963981));
#13332=CARTESIAN_POINT('Ctrl Pts',(27.8987664717257,-3.73262580927554,12.0596806604593));
#13333=CARTESIAN_POINT('Ctrl Pts',(27.8388027307948,-4.08505687744297,11.7047391838908));
#13334=CARTESIAN_POINT('Ctrl Pts',(27.8,-3.36504081860753,12.925));
#13335=CARTESIAN_POINT('Ctrl Pts',(27.8,-3.36504081860753,12.4192597442673));
#13336=CARTESIAN_POINT('Ctrl Pts',(27.7197963448048,-3.59228450832742,11.9162354864467));
#13337=CARTESIAN_POINT('Ctrl Pts',(27.5806341177045,-3.98657748511145,11.549172927478));
#13338=CARTESIAN_POINT('',(28.,-3.96504081860753,12.925));
#13339=CARTESIAN_POINT('',(27.8,-3.36504081860753,12.925));
#13340=CARTESIAN_POINT('Origin',(27.,-3.96504081860753,12.925));
#13341=CARTESIAN_POINT('Origin',(27.,-5.6317074852742,12.925));
#13342=CARTESIAN_POINT('Origin',(28.,-5.6317074852742,12.925));
#13343=CARTESIAN_POINT('Origin',(27.,-3.96504081860752,11.));
#13344=CARTESIAN_POINT('',(27.8,-3.36504081860752,11.));
#13345=CARTESIAN_POINT('',(28.,-3.96504081860752,11.));
#13346=CARTESIAN_POINT('Origin',(28.,-49.6317074852742,11.));
#13347=CARTESIAN_POINT('',(28.,-5.6317074852742,9.00000000000001));
#13348=CARTESIAN_POINT('',(28.,-5.6317074852742,11.25));
#13349=CARTESIAN_POINT('',(28.,-19.6317074852742,9.00000000000001));
#13350=CARTESIAN_POINT('',(28.,-3.6317074852742,9.00000000000001));
#13351=CARTESIAN_POINT('',(28.,-19.6317074852742,12.925));
#13352=CARTESIAN_POINT('',(28.,-19.6317074852742,11.25));
#13353=CARTESIAN_POINT('',(28.,-39.5067074852742,12.925));
#13354=CARTESIAN_POINT('',(28.,-49.8158537426371,12.925));
#13355=CARTESIAN_POINT('',(28.,-39.5067074852742,10.5));
#13356=CARTESIAN_POINT('',(28.,-15.6317074852742,15.));
#13357=CARTESIAN_POINT('',(28.,-15.6317074852742,11.75));
#13358=CARTESIAN_POINT('',(28.,-13.3956395077744,14.));
#13359=CARTESIAN_POINT('Ctrl Pts',(28.,-15.6317074852742,15.));
#13360=CARTESIAN_POINT('Ctrl Pts',(28.,-15.2351929886536,14.7196219106008));
#13361=CARTESIAN_POINT('Ctrl Pts',(28.,-14.7563029643338,14.3875562001875));
#13362=CARTESIAN_POINT('Ctrl Pts',(28.,-14.0349174719445,14.0877162374958));
#13363=CARTESIAN_POINT('Ctrl Pts',(28.,-13.6912280713249,14.));
#13364=CARTESIAN_POINT('Ctrl Pts',(28.,-13.3956395077744,14.));
#13365=CARTESIAN_POINT('',(28.,-7.86777546277398,14.));
#13366=CARTESIAN_POINT('',(28.,-28.6317074852742,14.));
#13367=CARTESIAN_POINT('',(28.,-5.6317074852742,15.));
#13368=CARTESIAN_POINT('Ctrl Pts',(28.,-7.86777546277398,14.));
#13369=CARTESIAN_POINT('Ctrl Pts',(28.,-7.57218689922347,14.));
#13370=CARTESIAN_POINT('Ctrl Pts',(28.,-7.22849749860387,14.0877162374958));
#13371=CARTESIAN_POINT('Ctrl Pts',(28.,-6.50711200621456,14.3875562001875));
#13372=CARTESIAN_POINT('Ctrl Pts',(28.,-6.02822198189475,14.7196219106008));
#13373=CARTESIAN_POINT('Ctrl Pts',(28.,-5.6317074852742,15.));
#13374=CARTESIAN_POINT('',(28.,-5.6317074852742,11.75));
#13375=CARTESIAN_POINT('Ctrl Pts',(28.5733333333492,-5.95170748536117,11.2331896612485));
#13376=CARTESIAN_POINT('Ctrl Pts',(28.50334240312,-5.56675736904091,11.3435108221773));
#13377=CARTESIAN_POINT('Ctrl Pts',(28.2896457311001,-4.96757175853123,11.5233844423972));
#13378=CARTESIAN_POINT('Ctrl Pts',(27.6333381051472,-3.9794835598204,11.601857197565));
#13379=CARTESIAN_POINT('Ctrl Pts',(26.7929546629877,-3.20951946692361,11.364566765103));
#13380=CARTESIAN_POINT('Ctrl Pts',(26.087447473085,-2.90373070014016,11.1242620895592));
#13381=CARTESIAN_POINT('Ctrl Pts',(25.7333333333409,-2.83170748527573,11.0393819168377));
#13382=CARTESIAN_POINT('Ctrl Pts',(28.4030041235149,-5.92327609367056,11.1580325950025));
#13383=CARTESIAN_POINT('Ctrl Pts',(28.3587926291231,-5.55773043249301,11.2564763497524));
#13384=CARTESIAN_POINT('Ctrl Pts',(28.1876076448647,-4.98018712049076,11.431451636393));
#13385=CARTESIAN_POINT('Ctrl Pts',(27.581351960141,-4.04426027289687,11.5104877977361));
#13386=CARTESIAN_POINT('Ctrl Pts',(26.761258545902,-3.34677108460864,11.272435405848));
#13387=CARTESIAN_POINT('Ctrl Pts',(26.0755679712063,-3.10523202171971,11.0599107847345));
#13388=CARTESIAN_POINT('Ctrl Pts',(25.7457571308548,-3.05533584053403,10.9954571594847));
#13389=CARTESIAN_POINT('Ctrl Pts',(28.1093611016138,-5.83147695788251,10.9153658340693));
#13390=CARTESIAN_POINT('Ctrl Pts',(28.1126997824867,-5.50724337972131,11.0185465267597));
#13391=CARTESIAN_POINT('Ctrl Pts',(28.0135552260167,-4.98304586313743,11.2123364930392));
#13392=CARTESIAN_POINT('Ctrl Pts',(27.5014797759921,-4.15595880701487,11.3013897397965));
#13393=CARTESIAN_POINT('Ctrl Pts',(26.7401944514272,-3.5900971634486,11.0343728670759));
#13394=CARTESIAN_POINT('Ctrl Pts',(26.1035431720753,-3.46954158447737,10.8131124242218));
#13395=CARTESIAN_POINT('Ctrl Pts',(25.8139342728352,-3.4690032575437,10.7544145624002));
#13396=CARTESIAN_POINT('Ctrl Pts',(27.9999999999978,-5.69834355960592,10.5634338658977));
#13397=CARTESIAN_POINT('Ctrl Pts',(28.0099765064588,-5.40120278591793,10.707993509935));
#13398=CARTESIAN_POINT('Ctrl Pts',(27.9268896042154,-4.93653405085737,10.9523492204733));
#13399=CARTESIAN_POINT('Ctrl Pts',(27.4826249887274,-4.21493094097497,11.0604658909498));
#13400=CARTESIAN_POINT('Ctrl Pts',(26.8140037524285,-3.72448529342835,10.7341523773774));
#13401=CARTESIAN_POINT('Ctrl Pts',(26.2261650970266,-3.62196893254588,10.4203148771436));
#13402=CARTESIAN_POINT('Ctrl Pts',(25.9378810124343,-3.631707485274,10.3161966620186));
#13403=CARTESIAN_POINT('Ctrl Pts',(28.,-5.63170748534009,10.3872844918727));
#13404=CARTESIAN_POINT('Ctrl Pts',(28.0000000000096,-5.34007860933813,10.552766233266));
#13405=CARTESIAN_POINT('Ctrl Pts',(27.9078166263136,-4.90291072992705,10.8225766635958));
#13406=CARTESIAN_POINT('Ctrl Pts',(27.4883600272688,-4.23062390042699,10.9402857963475));
#13407=CARTESIAN_POINT('Ctrl Pts',(26.8720168530319,-3.75938016476036,10.5843501476545));
#13408=CARTESIAN_POINT('Ctrl Pts',(26.3000967286028,-3.63170748527516,10.2238931343388));
#13409=CARTESIAN_POINT('Ctrl Pts',(26.0000000000064,-3.6317074852742,10.0965728752565));
#13410=CARTESIAN_POINT('',(25.7333333333409,-2.83170748527573,11.0393819168377));
#13411=CARTESIAN_POINT('Ctrl Pts',(27.5804719575288,-3.98669891561412,11.549363707127));
#13412=CARTESIAN_POINT('Ctrl Pts',(27.3348365620087,-3.71009080517478,11.5166368612858));
#13413=CARTESIAN_POINT('Ctrl Pts',(26.7246402543691,-3.18100601232689,11.3407412451347));
#13414=CARTESIAN_POINT('Ctrl Pts',(26.0873645878286,-2.90514348301754,11.1238098351908));
#13415=CARTESIAN_POINT('Ctrl Pts',(25.7334208147483,-2.83327548360883,11.0390726233557));
#13416=CARTESIAN_POINT('',(26.0000000000032,-3.6317074852742,10.0965728752565));
#13417=CARTESIAN_POINT('Origin',(26.0000000000096,-2.6317074852742,10.0965728752565));
#13418=CARTESIAN_POINT('Ctrl Pts',(26.0000000000064,-3.6317074852742,10.0965728752565));
#13419=CARTESIAN_POINT('Ctrl Pts',(26.3000967286028,-3.63170748527516,10.2238931343388));
#13420=CARTESIAN_POINT('Ctrl Pts',(26.8720168530319,-3.75938016476036,10.5843501476545));
#13421=CARTESIAN_POINT('Ctrl Pts',(27.4883600272688,-4.23062390042699,10.9402857963475));
#13422=CARTESIAN_POINT('Ctrl Pts',(27.9078166263136,-4.90291072992705,10.8225766635958));
#13423=CARTESIAN_POINT('Ctrl Pts',(28.0000000000096,-5.34007860933813,10.552766233266));
#13424=CARTESIAN_POINT('Ctrl Pts',(28.,-5.63170748534009,10.3872844918727));
#13425=CARTESIAN_POINT('Origin',(22.25,-12.6317074852742,15.));
#13426=CARTESIAN_POINT('',(23.,-13.6317074852742,15.));
#13427=CARTESIAN_POINT('',(23.,-12.6317074852742,14.));
#13428=CARTESIAN_POINT('Origin',(23.,-12.6317074852742,15.));
#13429=CARTESIAN_POINT('',(26.,-12.6317074852742,14.));
#13430=CARTESIAN_POINT('',(22.25,-12.6317074852742,14.));
#13431=CARTESIAN_POINT('',(26.,-13.6317074852742,15.));
#13432=CARTESIAN_POINT('Origin',(26.,-12.6317074852742,15.));
#13433=CARTESIAN_POINT('',(22.25,-13.6317074852742,15.));
#13434=CARTESIAN_POINT('Origin',(26.,-15.6317074852742,15.));
#13435=CARTESIAN_POINT('Origin',(26.,-15.6317074852742,15.));
#13436=CARTESIAN_POINT('Origin',(26.,-15.6317074852742,14.));
#13437=CARTESIAN_POINT('Origin',(23.,-12.6317074852742,12.));
#13438=CARTESIAN_POINT('',(20.1461648611036,-13.6317074852742,12.925));
#13439=CARTESIAN_POINT('',(21.0974432407357,-12.6317074852742,12.6166666666667));
#13440=CARTESIAN_POINT('Origin',(20.1461648611036,-12.6317074852742,12.925));
#13441=CARTESIAN_POINT('Origin',(23.,-12.6317074852742,12.));
#13442=CARTESIAN_POINT('Origin',(23.,-13.6317074852742,12.));
#13443=CARTESIAN_POINT('Ctrl Pts',(20.1461648611036,-13.6317074852742,12.925));
#13444=CARTESIAN_POINT('Ctrl Pts',(20.0479541950705,-13.6317074852742,12.7229985227102));
#13445=CARTESIAN_POINT('Ctrl Pts',(19.9999999999999,-13.6636769486547,12.5103348106222));
#13446=CARTESIAN_POINT('Ctrl Pts',(20.,-13.7291507260102,12.3083333333324));
#13447=CARTESIAN_POINT('Ctrl Pts',(20.4307866867199,-13.6317074852742,12.8327468823946));
#13448=CARTESIAN_POINT('Ctrl Pts',(20.3481783984702,-13.6413099247163,12.6595498623933));
#13449=CARTESIAN_POINT('Ctrl Pts',(20.3052596552707,-13.6729161636423,12.4826224960587));
#13450=CARTESIAN_POINT('Ctrl Pts',(20.2991993003419,-13.7291507260102,12.3083333333325));
#13451=CARTESIAN_POINT('Ctrl Pts',(20.9234995280905,-13.3805345363432,12.673046214316));
#13452=CARTESIAN_POINT('Ctrl Pts',(20.866965851039,-13.3953412118827,12.5232267567816));
#13453=CARTESIAN_POINT('Ctrl Pts',(20.8328548256748,-13.4305752429376,12.3804300710058));
#13454=CARTESIAN_POINT('Ctrl Pts',(20.8171474130291,-13.4902153301437,12.2308883407456));
#13455=CARTESIAN_POINT('Ctrl Pts',(21.0974432407357,-12.8561069605306,12.6166666666667));
#13456=CARTESIAN_POINT('Ctrl Pts',(21.0387066076647,-12.8605172560787,12.4351903734999));
#13457=CARTESIAN_POINT('Ctrl Pts',(21.0070542311279,-12.9046545819615,12.2498509178998));
#13458=CARTESIAN_POINT('Ctrl Pts',(21.,-12.9913387155904,12.0691898382032));
#13459=CARTESIAN_POINT('Ctrl Pts',(21.0974432407357,-12.6317074852742,12.6166666666667));
#13460=CARTESIAN_POINT('Ctrl Pts',(21.0319694633804,-12.6317074852742,12.414665189377));
#13461=CARTESIAN_POINT('Ctrl Pts',(20.9999999999999,-12.679661680345,12.2020014772889));
#13462=CARTESIAN_POINT('Ctrl Pts',(21.,-12.7778723463782,11.9999999999991));
#13463=CARTESIAN_POINT('',(20.,-13.7291507260102,12.3083333333324));
#13464=CARTESIAN_POINT('',(21.,-12.7778723463782,11.9999999999995));
#13465=CARTESIAN_POINT('Origin',(20.,-12.7778723463782,11.9999999999986));
#13466=CARTESIAN_POINT('Ctrl Pts',(21.,-12.7778723463782,11.9999999999991));
#13467=CARTESIAN_POINT('Ctrl Pts',(20.9999999999999,-12.679661680345,12.2020014772889));
#13468=CARTESIAN_POINT('Ctrl Pts',(21.0319694633804,-12.6317074852742,12.414665189377));
#13469=CARTESIAN_POINT('Ctrl Pts',(21.0974432407357,-12.6317074852742,12.6166666666667));
#13470=CARTESIAN_POINT('Ctrl Pts',(20.1461648611036,-13.6317074852742,12.925));
#13471=CARTESIAN_POINT('Ctrl Pts',(20.0479541950705,-13.6317074852742,12.7229985227102));
#13472=CARTESIAN_POINT('Ctrl Pts',(19.9999999999999,-13.6636769486547,12.5103348106222));
#13473=CARTESIAN_POINT('Ctrl Pts',(20.,-13.7291507260102,12.3083333333324));
#13474=CARTESIAN_POINT('Origin',(20.,-15.6317074852742,12.925));
#13475=CARTESIAN_POINT('',(20.,-15.6317074852742,10.925));
#13476=CARTESIAN_POINT('',(21.,-15.6317074852742,9.92500000000001));
#13477=CARTESIAN_POINT('Origin',(20.,-15.6317074852742,9.92500000000001));
#13478=CARTESIAN_POINT('Origin',(21.,-15.6317074852742,12.925));
#13479=CARTESIAN_POINT('Origin',(20.,-15.6317074852742,12.925));
#13480=CARTESIAN_POINT('Origin',(20.,-26.8158537426371,9.92500000000001));
#13481=CARTESIAN_POINT('',(20.,-19.6317074852742,10.925));
#13482=CARTESIAN_POINT('',(21.,-19.6317074852742,9.92500000000001));
#13483=CARTESIAN_POINT('Origin',(20.,-19.6317074852742,9.92500000000001));
#13484=CARTESIAN_POINT('',(21.,-26.8158537426371,9.92500000000001));
#13485=CARTESIAN_POINT('',(20.,-26.8158537426371,10.925));
#13486=CARTESIAN_POINT('Origin',(23.,-19.6317074852742,9.92500000000003));
#13487=CARTESIAN_POINT('',(23.,-22.6317074852742,10.925));
#13488=CARTESIAN_POINT('',(23.,-21.6317074852742,9.92500000000003));
#13489=CARTESIAN_POINT('Origin',(23.,-22.6317074852742,9.92500000000003));
#13490=CARTESIAN_POINT('Origin',(23.,-19.6317074852742,9.92500000000003));
#13491=CARTESIAN_POINT('Origin',(23.,-19.6317074852742,10.925));
#13492=CARTESIAN_POINT('Origin',(15.75,-22.6317074852742,9.92500000000001));
#13493=CARTESIAN_POINT('',(26.,-22.6317074852742,10.925));
#13494=CARTESIAN_POINT('',(26.,-21.6317074852742,9.92500000000001));
#13495=CARTESIAN_POINT('Origin',(26.,-22.6317074852742,9.92500000000001));
#13496=CARTESIAN_POINT('',(15.75,-21.6317074852742,9.92500000000001));
#13497=CARTESIAN_POINT('',(15.75,-22.6317074852742,10.925));
#13498=CARTESIAN_POINT('Ctrl Pts',(28.,-19.6317074852742,12.925));
#13499=CARTESIAN_POINT('Ctrl Pts',(28.,-20.080506435787,12.2518015742308));
#13500=CARTESIAN_POINT('Ctrl Pts',(27.7378425708721,-20.8258149994804,11.1338387286907));
#13501=CARTESIAN_POINT('Ctrl Pts',(26.8965765956296,-21.4948811227082,10.1302395438491));
#13502=CARTESIAN_POINT('Ctrl Pts',(26.2991993003419,-21.6317074852742,9.925));
#13503=CARTESIAN_POINT('Ctrl Pts',(26.,-21.6317074852742,9.925));
#13504=CARTESIAN_POINT('Ctrl Pts',(28.,-19.6317074852742,12.925));
#13505=CARTESIAN_POINT('Ctrl Pts',(28.,-20.1232491929787,12.2945443314225));
#13506=CARTESIAN_POINT('Ctrl Pts',(27.6780804633041,-20.9384327011824,11.2469516487694));
#13507=CARTESIAN_POINT('Ctrl Pts',(26.7728344314212,-21.5452849435659,10.3766007834063));
#13508=CARTESIAN_POINT('Ctrl Pts',(26.2537671568419,-21.6317074852742,10.2241993003419));
#13509=CARTESIAN_POINT('Ctrl Pts',(26.,-21.6317074852742,10.2241993003419));
#13510=CARTESIAN_POINT('Ctrl Pts',(28.,-19.6317074852742,12.925));
#13511=CARTESIAN_POINT('Ctrl Pts',(28.,-20.1980490180642,12.3693441565079));
#13512=CARTESIAN_POINT('Ctrl Pts',(27.634037707508,-21.1381428465227,11.4474352563491));
#13513=CARTESIAN_POINT('Ctrl Pts',(26.6686589519228,-21.8095787071317,10.8061441855289));
#13514=CARTESIAN_POINT('Ctrl Pts',(26.2147351577217,-21.8829154751192,10.7421053688741));
#13515=CARTESIAN_POINT('Ctrl Pts',(26.,-21.8829154751192,10.7421053688741));
#13516=CARTESIAN_POINT('Ctrl Pts',(28.,-19.6317074852742,12.925));
#13517=CARTESIAN_POINT('Ctrl Pts',(28.,-20.2728488431497,12.4441439815934));
#13518=CARTESIAN_POINT('Ctrl Pts',(27.6927934184983,-21.3373174954044,11.6472242943042));
#13519=CARTESIAN_POINT('Ctrl Pts',(26.8045248911529,-22.241514879497,11.0242181889154));
#13520=CARTESIAN_POINT('Ctrl Pts',(26.2655763009761,-22.4073080100178,10.925));
#13521=CARTESIAN_POINT('Ctrl Pts',(26.,-22.4073080100178,10.925));
#13522=CARTESIAN_POINT('Ctrl Pts',(28.,-19.6317074852742,12.925));
#13523=CARTESIAN_POINT('Ctrl Pts',(28.,-20.3049059110434,12.4762010494872));
#13524=CARTESIAN_POINT('Ctrl Pts',(27.7378425708721,-21.4228687565835,11.7308924857938));
#13525=CARTESIAN_POINT('Ctrl Pts',(26.8965765956296,-22.4264679414251,11.061826362566));
#13526=CARTESIAN_POINT('Ctrl Pts',(26.2991993003419,-22.6317074852742,10.925));
#13527=CARTESIAN_POINT('Ctrl Pts',(26.,-22.6317074852742,10.925));
#13528=CARTESIAN_POINT('Origin',(26.,-19.6317074852742,12.925));
#13529=CARTESIAN_POINT('Origin',(26.,-19.6317074852742,12.925));
#13530=CARTESIAN_POINT('Origin',(24.5,-21.6317074852742,11.5));
#13531=CARTESIAN_POINT('',(26.,-21.6317074852742,9.00000000000001));
#13532=CARTESIAN_POINT('',(26.,-21.6317074852742,11.25));
#13533=CARTESIAN_POINT('',(23.,-21.6317074852742,9.00000000000001));
#13534=CARTESIAN_POINT('',(28.,-21.6317074852742,9.00000000000001));
#13535=CARTESIAN_POINT('',(23.,-21.6317074852742,12.75));
#13536=CARTESIAN_POINT('Origin',(26.,-19.6317074852742,11.25));
#13537=CARTESIAN_POINT('Origin',(26.,-19.6317074852742,9.00000000000001));
#13538=CARTESIAN_POINT('Origin',(26.,-49.8158537426371,12.925));
#13539=CARTESIAN_POINT('',(26.,-39.5067074852742,10.925));
#13540=CARTESIAN_POINT('',(26.,-49.8158537426371,10.925));
#13541=CARTESIAN_POINT('Origin',(26.,-39.5067074852742,12.925));
#13542=CARTESIAN_POINT('Origin',(7.00000000000001,-50.,10.925));
#13543=CARTESIAN_POINT('',(17.,-15.6317074852742,10.925));
#13544=CARTESIAN_POINT('',(15.25,-15.6317074852742,10.925));
#13545=CARTESIAN_POINT('',(17.,-5.6317074852742,10.925));
#13546=CARTESIAN_POINT('',(17.,-28.8158537426371,10.925));
#13547=CARTESIAN_POINT('',(20.,-5.6317074852742,10.925));
#13548=CARTESIAN_POINT('',(15.25,-5.6317074852742,10.925));
#13549=CARTESIAN_POINT('',(23.,-2.6317074852742,10.925));
#13550=CARTESIAN_POINT('Origin',(23.,-5.6317074852742,10.925));
#13551=CARTESIAN_POINT('',(24.75,-2.6317074852742,10.925));
#13552=CARTESIAN_POINT('',(15.75,-2.6317074852742,10.925));
#13553=CARTESIAN_POINT('',(11.075,15.6016258480591,10.925));
#13554=CARTESIAN_POINT('',(33.7483902035342,-14.6295610899865,10.925));
#13555=CARTESIAN_POINT('',(11.075,32.3682925147258,10.925));
#13556=CARTESIAN_POINT('',(11.075,-50.,10.925));
#13557=CARTESIAN_POINT('',(3.00000000000001,32.3682925147258,10.925));
#13558=CARTESIAN_POINT('',(13.75,32.3682925147258,10.925));
#13559=CARTESIAN_POINT('',(3.00000000000001,-50.5407983943651,10.925));
#13560=CARTESIAN_POINT('',(3.00000000000001,-11.0707914374776,10.925));
#13561=CARTESIAN_POINT('',(11.075,-54.2112529398197,10.925));
#13562=CARTESIAN_POINT('',(11.805671535308,-54.5433763649596,10.925));
#13563=CARTESIAN_POINT('',(11.075,-39.5317074852742,10.925));
#13564=CARTESIAN_POINT('',(11.075,-50.,10.925));
#13565=CARTESIAN_POINT('',(12.9391016151378,-33.7129053317572,10.925));
#13566=CARTESIAN_POINT('Ctrl Pts',(11.075,-39.5317074852742,10.925));
#13567=CARTESIAN_POINT('Ctrl Pts',(11.0769004799066,-39.5225832025391,10.925));
#13568=CARTESIAN_POINT('Ctrl Pts',(11.0788009562763,-39.5134589367824,10.925));
#13569=CARTESIAN_POINT('Ctrl Pts',(11.4397659039289,-37.7804839930976,10.925));
#13570=CARTESIAN_POINT('Ctrl Pts',(11.7700597600718,-36.2008112865079,10.925));
#13571=CARTESIAN_POINT('Ctrl Pts',(12.4329274892966,-34.5293791018147,10.925));
#13572=CARTESIAN_POINT('Ctrl Pts',(12.658518158171,-34.0870166077129,10.925));
#13573=CARTESIAN_POINT('Ctrl Pts',(12.9391016151378,-33.7129053317572,10.925));
#13574=CARTESIAN_POINT('',(16.4,-29.0983741519409,10.925));
#13575=CARTESIAN_POINT('',(7.99160979646582,-40.3095610899865,10.925));
#13576=CARTESIAN_POINT('',(20.,-30.2983741519409,10.925));
#13577=CARTESIAN_POINT('Origin',(18.,-30.2983741519409,10.925));
#13578=CARTESIAN_POINT('',(20.,-44.707517308257,10.925));
#13579=CARTESIAN_POINT('',(20.,-37.1491870759704,10.925));
#13580=CARTESIAN_POINT('',(21.1723941113977,-46.5282502631822,10.925));
#13581=CARTESIAN_POINT('Origin',(22.,-44.707517308257,10.925));
#13582=CARTESIAN_POINT('',(27.6056125008355,-49.4524404401994,10.925));
#13583=CARTESIAN_POINT('',(15.3673153709244,-43.8895781084216,10.925));
#13584=CARTESIAN_POINT('',(28.4192582952266,-49.6316587636231,10.925));
#13585=CARTESIAN_POINT('Origin',(28.4332183894379,-47.6317074852742,10.925));
#13586=CARTESIAN_POINT('',(27.4807330766819,-47.6317074852742,10.925));
#13587=CARTESIAN_POINT('Origin',(34.4863483970338,-47.6317074852742,10.925));
#13588=CARTESIAN_POINT('',(27.4807330766819,-43.5031830204499,10.925));
#13589=CARTESIAN_POINT('',(27.4807330766819,-49.8158537426371,10.925));
#13590=CARTESIAN_POINT('',(27.7037282517961,-42.5055191436973,10.925));
#13591=CARTESIAN_POINT('Ctrl Pts',(27.7037282517961,-42.5055191436973,10.925));
#13592=CARTESIAN_POINT('Ctrl Pts',(27.5620904179143,-42.8183347398938,10.925));
#13593=CARTESIAN_POINT('Ctrl Pts',(27.4807330766819,-43.1597956688914,10.925));
#13594=CARTESIAN_POINT('Ctrl Pts',(27.4807330766819,-43.5031830204499,10.925));
#13595=CARTESIAN_POINT('',(28.5709877341583,-41.3636918490864,10.925));
#13596=CARTESIAN_POINT('Origin',(34.4863483970338,-43.5067074852742,10.925));
#13597=CARTESIAN_POINT('',(28.1078388218139,-41.1807644853554,10.925));
#13598=CARTESIAN_POINT('Ctrl Pts',(28.1078388218139,-41.1807644853554,10.925));
#13599=CARTESIAN_POINT('Ctrl Pts',(28.2541591488315,-41.250149805903,10.925));
#13600=CARTESIAN_POINT('Ctrl Pts',(28.4103510511028,-41.3129816931805,10.925));
#13601=CARTESIAN_POINT('Ctrl Pts',(28.5709877341585,-41.3636918490857,10.925));
#13602=CARTESIAN_POINT('Ctrl Pts',(28.1078388218139,-41.1807644853555,10.925));
#13603=CARTESIAN_POINT('Ctrl Pts',(28.0433936051891,-41.1502044660853,10.925));
#13604=CARTESIAN_POINT('Ctrl Pts',(27.9808446554908,-41.1184057566329,10.925));
#13605=CARTESIAN_POINT('Ctrl Pts',(27.5755181136388,-40.9002543797111,10.925));
#13606=CARTESIAN_POINT('Ctrl Pts',(27.2297129223017,-40.6488299487207,10.925));
#13607=CARTESIAN_POINT('Ctrl Pts',(26.581550671963,-40.0893894599863,10.925));
#13608=CARTESIAN_POINT('Ctrl Pts',(26.277098222081,-39.7838057073551,10.925));
#13609=CARTESIAN_POINT('Ctrl Pts',(26.,-39.5067074852742,10.925));
#13610=CARTESIAN_POINT('Origin',(15.25,-15.6317074852742,12.925));
#13611=CARTESIAN_POINT('',(19.,-13.6317074852742,12.925));
#13612=CARTESIAN_POINT('',(15.25,-13.6317074852742,12.925));
#13613=CARTESIAN_POINT('Origin',(17.,-15.6317074852742,12.925));
#13614=CARTESIAN_POINT('Origin',(23.5,-13.6317074852742,12.5));
#13615=CARTESIAN_POINT('',(26.,-13.6317074852742,11.75));
#13616=CARTESIAN_POINT('',(19.,-13.6317074852742,13.925));
#13617=CARTESIAN_POINT('Origin',(21.,-13.6317074852742,13.925));
#13618=CARTESIAN_POINT('',(19.,-13.6317074852742,14.25));
#13619=CARTESIAN_POINT('Ctrl Pts',(25.7333333333386,-2.83170748527526,11.0393819168371));
#13620=CARTESIAN_POINT('Ctrl Pts',(25.4182720442887,-2.76762722309562,10.9638626036243));
#13621=CARTESIAN_POINT('Ctrl Pts',(25.0841729609651,-2.6996748671654,10.925));
#13622=CARTESIAN_POINT('Ctrl Pts',(24.75,-2.6317074852742,10.925));
#13623=CARTESIAN_POINT('Ctrl Pts',(25.7475319590694,-3.08728274842788,10.9891821941483));
#13624=CARTESIAN_POINT('Ctrl Pts',(25.4239131871042,-3.03893111550414,10.9264162787398));
#13625=CARTESIAN_POINT('Ctrl Pts',(25.0838833435283,-2.98586461755125,10.9040426150722));
#13626=CARTESIAN_POINT('Ctrl Pts',(24.75,-2.93090678561608,10.925));
#13627=CARTESIAN_POINT('Ctrl Pts',(25.8223779190302,-3.49414850650363,10.7245617649865));
#13628=CARTESIAN_POINT('Ctrl Pts',(25.472640319603,-3.48055543373383,10.6579956638786));
#13629=CARTESIAN_POINT('Ctrl Pts',(25.1070152172279,-3.4654386243494,10.6415360274287));
#13630=CARTESIAN_POINT('Ctrl Pts',(24.75,-3.44888446228412,10.6738516906154));
#13631=CARTESIAN_POINT('Ctrl Pts',(25.9467551535162,-3.6317074852742,10.2848218353377));
#13632=CARTESIAN_POINT('Ctrl Pts',(25.5614728558355,-3.63180404498745,10.1855013340275));
#13633=CARTESIAN_POINT('Ctrl Pts',(25.1545019419847,-3.6315322272649,10.139773977277));
#13634=CARTESIAN_POINT('Ctrl Pts',(24.75,-3.6317074852742,10.1493994752564));
#13635=CARTESIAN_POINT('Ctrl Pts',(26.0000000000067,-3.6317074852742,10.0965728752557));
#13636=CARTESIAN_POINT('Ctrl Pts',(25.5994983613839,-3.6317074852742,9.98329390543642));
#13637=CARTESIAN_POINT('Ctrl Pts',(25.17479613682,-3.6317074852742,9.925));
#13638=CARTESIAN_POINT('Ctrl Pts',(24.75,-3.6317074852742,9.925));
#13639=CARTESIAN_POINT('',(24.75,-3.6317074852742,9.925));
#13640=CARTESIAN_POINT('Origin',(24.75,-2.6317074852742,9.925));
#13641=CARTESIAN_POINT('Origin',(24.75,-3.6317074852742,12.925));
#13642=CARTESIAN_POINT('Origin',(24.75,-2.6317074852742,12.925));
#13643=CARTESIAN_POINT('Origin',(15.75,-2.6317074852742,9.92500000000001));
#13644=CARTESIAN_POINT('',(23.,-3.6317074852742,9.92500000000001));
#13645=CARTESIAN_POINT('Origin',(23.,-2.6317074852742,9.92500000000001));
#13646=CARTESIAN_POINT('',(15.75,-3.6317074852742,9.92500000000001));
#13647=CARTESIAN_POINT('Origin',(23.,-5.6317074852742,9.92500000000003));
#13648=CARTESIAN_POINT('',(21.,-5.6317074852742,9.92500000000003));
#13649=CARTESIAN_POINT('Origin',(20.,-5.6317074852742,9.92500000000003));
#13650=CARTESIAN_POINT('Origin',(23.,-5.6317074852742,9.92500000000003));
#13651=CARTESIAN_POINT('Origin',(20.,-5.6317074852742,12.925));
#13652=CARTESIAN_POINT('',(20.,-7.53426424453848,12.3083333333333));
#13653=CARTESIAN_POINT('',(21.,-8.48554262417062,12.));
#13654=CARTESIAN_POINT('Origin',(20.,-8.48554262417062,12.));
#13655=CARTESIAN_POINT('Origin',(21.,-5.6317074852742,12.925));
#13656=CARTESIAN_POINT('Origin',(20.,-5.6317074852742,12.925));
#13657=CARTESIAN_POINT('Ctrl Pts',(21.097443240736,-8.6317074852742,12.6166666666676));
#13658=CARTESIAN_POINT('Ctrl Pts',(21.0319694633805,-8.63170748527433,12.4146651893778));
#13659=CARTESIAN_POINT('Ctrl Pts',(21.,-8.58375329020369,12.2020014772898));
#13660=CARTESIAN_POINT('Ctrl Pts',(21.,-8.48554262417062,12.));
#13661=CARTESIAN_POINT('Ctrl Pts',(21.097443240736,-8.33250818493234,12.6166666666675));
#13662=CARTESIAN_POINT('Ctrl Pts',(21.0412086783681,-8.3264478300035,12.4423775039413));
#13663=CARTESIAN_POINT('Ctrl Pts',(21.0096024394421,-8.28352908680404,12.2654501376067));
#13664=CARTESIAN_POINT('Ctrl Pts',(21.,-8.20092079855432,12.0922531176054));
#13665=CARTESIAN_POINT('Ctrl Pts',(20.8585224827253,-7.81454160933982,12.6941069147559));
#13666=CARTESIAN_POINT('Ctrl Pts',(20.7988823955193,-7.7988341966941,12.5445651844959));
#13667=CARTESIAN_POINT('Ctrl Pts',(20.7636491141713,-7.76472407087258,12.4017789359476));
#13668=CARTESIAN_POINT('Ctrl Pts',(20.7488424386319,-7.70819039382102,12.2519594784131));
#13669=CARTESIAN_POINT('Ctrl Pts',(20.3596312303162,-7.63170748527422,12.8558101617968));
#13670=CARTESIAN_POINT('Ctrl Pts',(20.2729470966873,-7.62465325414627,12.6751490821004));
#13671=CARTESIAN_POINT('Ctrl Pts',(20.2288097708045,-7.59300087760957,12.4898096265003));
#13672=CARTESIAN_POINT('Ctrl Pts',(20.2243994752564,-7.53426424453848,12.3083333333333));
#13673=CARTESIAN_POINT('Ctrl Pts',(20.146164861104,-7.63170748527419,12.9250000000009));
#13674=CARTESIAN_POINT('Ctrl Pts',(20.0479541950709,-7.63170748527428,12.7229985227113));
#13675=CARTESIAN_POINT('Ctrl Pts',(20.,-7.59973802189386,12.5103348106231));
#13676=CARTESIAN_POINT('Ctrl Pts',(20.,-7.53426424453848,12.3083333333333));
#13677=CARTESIAN_POINT('',(20.146164861104,-7.63170748527419,12.9250000000005));
#13678=CARTESIAN_POINT('Ctrl Pts',(20.,-7.53426424453848,12.3083333333333));
#13679=CARTESIAN_POINT('Ctrl Pts',(20.,-7.59973802189386,12.5103348106231));
#13680=CARTESIAN_POINT('Ctrl Pts',(20.0479541950709,-7.63170748527428,12.7229985227113));
#13681=CARTESIAN_POINT('Ctrl Pts',(20.146164861104,-7.63170748527419,12.9250000000009));
#13682=CARTESIAN_POINT('',(21.097443240736,-8.6317074852742,12.6166666666676));
#13683=CARTESIAN_POINT('Origin',(20.146164861104,-8.6317074852742,12.9250000000014));
#13684=CARTESIAN_POINT('Ctrl Pts',(21.097443240736,-8.6317074852742,12.6166666666676));
#13685=CARTESIAN_POINT('Ctrl Pts',(21.0319694633805,-8.63170748527433,12.4146651893778));
#13686=CARTESIAN_POINT('Ctrl Pts',(21.,-8.58375329020369,12.2020014772898));
#13687=CARTESIAN_POINT('Ctrl Pts',(21.,-8.48554262417062,12.));
#13688=CARTESIAN_POINT('Origin',(23.,-8.6317074852742,12.));
#13689=CARTESIAN_POINT('',(23.,-7.6317074852742,15.));
#13690=CARTESIAN_POINT('',(23.,-8.6317074852742,14.));
#13691=CARTESIAN_POINT('Origin',(23.,-8.6317074852742,15.));
#13692=CARTESIAN_POINT('Origin',(23.,-8.6317074852742,12.));
#13693=CARTESIAN_POINT('Origin',(23.,-7.6317074852742,12.));
#13694=CARTESIAN_POINT('Origin',(22.25,-8.6317074852742,15.));
#13695=CARTESIAN_POINT('',(26.,-7.6317074852742,15.));
#13696=CARTESIAN_POINT('',(26.,-8.6317074852742,14.));
#13697=CARTESIAN_POINT('Origin',(26.,-8.6317074852742,15.));
#13698=CARTESIAN_POINT('',(22.25,-8.6317074852742,14.));
#13699=CARTESIAN_POINT('',(22.25,-7.6317074852742,15.));
#13700=CARTESIAN_POINT('Origin',(26.,-5.6317074852742,15.));
#13701=CARTESIAN_POINT('Origin',(26.,-5.6317074852742,14.));
#13702=CARTESIAN_POINT('Origin',(26.,-5.6317074852742,15.));
#13703=CARTESIAN_POINT('Origin',(26.,-5.6317074852742,11.75));
#13704=CARTESIAN_POINT('',(26.,-7.6317074852742,11.75));
#13705=CARTESIAN_POINT('Origin',(23.5,-7.6317074852742,12.5));
#13706=CARTESIAN_POINT('',(19.,-7.6317074852742,12.925));
#13707=CARTESIAN_POINT('',(15.25,-7.6317074852742,12.925));
#13708=CARTESIAN_POINT('',(19.,-7.6317074852742,13.925));
#13709=CARTESIAN_POINT('',(19.,-7.6317074852742,14.25));
#13710=CARTESIAN_POINT('Origin',(21.,-7.6317074852742,13.925));
#13711=CARTESIAN_POINT('Origin',(15.25,-5.6317074852742,12.925));
#13712=CARTESIAN_POINT('Origin',(17.,-5.6317074852742,12.925));
#13713=CARTESIAN_POINT('Origin',(33.7483902035342,-14.6295610899865,12.925));
#13714=CARTESIAN_POINT('',(13.475,15.7349591813924,12.925));
#13715=CARTESIAN_POINT('',(35.3483902035342,-13.4295610899865,12.925));
#13716=CARTESIAN_POINT('Origin',(11.075,15.6016258480591,12.925));
#13717=CARTESIAN_POINT('Ctrl Pts',(34.4863483970338,-39.5067074852742,10.925));
#13718=CARTESIAN_POINT('Ctrl Pts',(33.1674820344458,-39.5067074852742,10.925));
#13719=CARTESIAN_POINT('Ctrl Pts',(30.0871549126576,-40.0151695448933,10.925));
#13720=CARTESIAN_POINT('Ctrl Pts',(28.1438727939031,-41.5334336946447,10.925));
#13721=CARTESIAN_POINT('Ctrl Pts',(27.7037282517961,-42.5055191436973,10.925));
#13722=CARTESIAN_POINT('Ctrl Pts',(34.4863483970338,-40.105106085958,10.925));
#13723=CARTESIAN_POINT('Ctrl Pts',(33.2320910353469,-40.0449162501485,10.9225364306559));
#13724=CARTESIAN_POINT('Ctrl Pts',(30.2586881886194,-40.3940379354306,10.9223840510412));
#13725=CARTESIAN_POINT('Ctrl Pts',(28.359793547454,-41.7373427498614,10.9251061312549));
#13726=CARTESIAN_POINT('Ctrl Pts',(27.9300150425729,-42.6079781363799,10.925));
#13727=CARTESIAN_POINT('Ctrl Pts',(34.4863483970338,-41.1412146939021,10.4230108325008));
#13728=CARTESIAN_POINT('Ctrl Pts',(33.343060619689,-40.9852430148636,10.5283668923938));
#13729=CARTESIAN_POINT('Ctrl Pts',(30.5580846752304,-41.0608838525284,10.7280086502928));
#13730=CARTESIAN_POINT('Ctrl Pts',(28.7374249720252,-42.0939759886665,10.8213537566012));
#13731=CARTESIAN_POINT('Ctrl Pts',(28.3258919155661,-42.7872247706796,10.8430177060146));
#13732=CARTESIAN_POINT('Ctrl Pts',(34.4863483970338,-41.5067074852742,9.37379895051283));
#13733=CARTESIAN_POINT('Ctrl Pts',(33.382627229102,-41.4367330530858,9.63945937160345));
#13734=CARTESIAN_POINT('Ctrl Pts',(30.7518515804485,-41.5817488704461,10.2186643648347));
#13735=CARTESIAN_POINT('Ctrl Pts',(29.0577767172303,-42.4025070480746,10.551893706621));
#13736=CARTESIAN_POINT('Ctrl Pts',(28.6744242521529,-42.945034565946,10.6277283163298));
#13737=CARTESIAN_POINT('Ctrl Pts',(34.4863483970338,-41.5067074852742,8.925));
#13738=CARTESIAN_POINT('Ctrl Pts',(33.3824621073904,-41.5067074852742,9.23410930373158));
#13739=CARTESIAN_POINT('Ctrl Pts',(30.804239647697,-41.7609385150837,9.95606097290068));
#13740=CARTESIAN_POINT('Ctrl Pts',(29.1777196691353,-42.5200705899594,10.4115177194838));
#13741=CARTESIAN_POINT('Ctrl Pts',(28.8093203079295,-43.0061133144858,10.5146765965401));
#13742=CARTESIAN_POINT('',(29.4031091085108,-41.5067074852742,10.8228942945262));
#13743=CARTESIAN_POINT('Ctrl Pts',(28.5709877341755,-41.3636918490911,10.925));
#13744=CARTESIAN_POINT('Ctrl Pts',(28.6281721172629,-41.3817439460747,10.925));
#13745=CARTESIAN_POINT('Ctrl Pts',(28.6854896785272,-41.3986456438864,10.922998932576));
#13746=CARTESIAN_POINT('Ctrl Pts',(28.9391644738571,-41.466311131693,10.9064925523683));
#13747=CARTESIAN_POINT('Ctrl Pts',(29.1311412247746,-41.4989353283717,10.8742574443054));
#13748=CARTESIAN_POINT('Ctrl Pts',(29.3541628323897,-41.5063003096684,10.8322534262513));
#13749=CARTESIAN_POINT('Ctrl Pts',(29.3786236306414,-41.5067074852763,10.8275883805992));
#13750=CARTESIAN_POINT('Ctrl Pts',(29.4031091085108,-41.5067074852742,10.8228942945262));
#13751=CARTESIAN_POINT('',(28.8093203079295,-43.0061133144857,10.5146765965401));
#13752=CARTESIAN_POINT('Origin',(27.7037282517961,-42.5055191436973,8.925));
#13753=CARTESIAN_POINT('',(34.4863483970338,-41.5067074852742,8.925));
#13754=CARTESIAN_POINT('Origin',(34.4863483970338,-43.5067074852742,8.925));
#13755=CARTESIAN_POINT('Ctrl Pts',(29.4031091085108,-41.5067074852742,10.8228942945262));
#13756=CARTESIAN_POINT('Ctrl Pts',(30.7791853900945,-41.5067074852742,10.5590881093257));
#13757=CARTESIAN_POINT('Ctrl Pts',(32.4861801553345,-41.5067074852742,9.80767189083807));
#13758=CARTESIAN_POINT('Ctrl Pts',(34.4681818496343,-41.5067074852742,8.93301695285377));
#13759=CARTESIAN_POINT('Ctrl Pts',(34.477265154985,-41.5067074852742,8.92900846245913));
#13760=CARTESIAN_POINT('Ctrl Pts',(34.4863483970338,-41.5067074852742,8.925));
#13761=CARTESIAN_POINT('Ctrl Pts',(27.7037282517961,-42.5055191436973,10.925));
#13762=CARTESIAN_POINT('Ctrl Pts',(27.5620904179143,-42.8183347398938,10.925));
#13763=CARTESIAN_POINT('Ctrl Pts',(27.4807330766819,-43.1597956688914,10.925));
#13764=CARTESIAN_POINT('Ctrl Pts',(27.4807330766819,-43.5031830204499,10.925));
#13765=CARTESIAN_POINT('Ctrl Pts',(28.0997301356556,-42.6848223808919,10.925));
#13766=CARTESIAN_POINT('Ctrl Pts',(27.9586261718306,-42.9401590912657,10.9247853866761));
#13767=CARTESIAN_POINT('Ctrl Pts',(27.8836604072812,-43.2206484396617,10.9249833984683));
#13768=CARTESIAN_POINT('Ctrl Pts',(27.8858581183834,-43.5031830204499,10.925));
#13769=CARTESIAN_POINT('Ctrl Pts',(28.4945628444508,-42.8635962345597,10.7784639427161));
#13770=CARTESIAN_POINT('Ctrl Pts',(28.35427338604,-43.0617760950171,10.7943550118586));
#13771=CARTESIAN_POINT('Ctrl Pts',(28.2857108636189,-43.2813457758599,10.7996493996051));
#13772=CARTESIAN_POINT('Ctrl Pts',(28.2900784409672,-43.5031830204499,10.7982555567043));
#13773=CARTESIAN_POINT('Ctrl Pts',(28.8093203079295,-43.0061133144857,10.5146765965401));
#13774=CARTESIAN_POINT('Ctrl Pts',(28.677916972244,-43.1625211125846,10.5568119920255));
#13775=CARTESIAN_POINT('Ctrl Pts',(28.6172749440511,-43.3312370594832,10.5706961553824));
#13776=CARTESIAN_POINT('Ctrl Pts',(28.6226741673894,-43.5031830204499,10.5669410907075));
#13777=CARTESIAN_POINT('',(28.6226741673894,-43.5031830204499,10.5669410907075));
#13778=CARTESIAN_POINT('Origin',(27.4807330766819,-43.5031830204499,8.925));
#13779=CARTESIAN_POINT('Ctrl Pts',(28.6226741673894,-43.5031830204499,10.5669410907075));
#13780=CARTESIAN_POINT('Ctrl Pts',(28.6172749440511,-43.3312370594832,10.5706961553824));
#13781=CARTESIAN_POINT('Ctrl Pts',(28.677916972244,-43.1625211125846,10.5568119920255));
#13782=CARTESIAN_POINT('Ctrl Pts',(28.8093203079295,-43.0061133144857,10.5146765965401));
#13783=CARTESIAN_POINT('Origin',(27.4807330766819,-49.8158537426371,8.925));
#13784=CARTESIAN_POINT('',(28.6226741673894,-47.6317074852742,10.5669410907075));
#13785=CARTESIAN_POINT('Origin',(27.4807330766819,-47.6317074852742,8.925));
#13786=CARTESIAN_POINT('',(28.6226741673894,-49.8158537426371,10.5669410907075));
#13787=CARTESIAN_POINT('Ctrl Pts',(27.4807330766819,-47.6317074852742,10.925));
#13788=CARTESIAN_POINT('Ctrl Pts',(27.4807330766819,-48.5293053862998,10.925));
#13789=CARTESIAN_POINT('Ctrl Pts',(28.3993930827419,-50.0198364630932,10.925));
#13790=CARTESIAN_POINT('Ctrl Pts',(31.3459761982936,-51.3579919985084,10.925));
#13791=CARTESIAN_POINT('Ctrl Pts',(33.438310795877,-51.6317074852742,10.925));
#13792=CARTESIAN_POINT('Ctrl Pts',(34.4863483970338,-51.6317074852742,10.925));
#13793=CARTESIAN_POINT('Ctrl Pts',(27.7122331005113,-47.6317074852742,10.925));
#13794=CARTESIAN_POINT('Ctrl Pts',(27.7122331005113,-48.438313503154,10.925));
#13795=CARTESIAN_POINT('Ctrl Pts',(28.6110809666699,-49.7782178982129,10.9221840912359));
#13796=CARTESIAN_POINT('Ctrl Pts',(31.4760786794197,-50.9130969648565,10.9233879774914));
#13797=CARTESIAN_POINT('Ctrl Pts',(33.489652360298,-51.0811387579765,10.9230423237874));
#13798=CARTESIAN_POINT('Ctrl Pts',(34.4863483970338,-51.0333088845904,10.925));
#13799=CARTESIAN_POINT('Ctrl Pts',(28.1172613762392,-47.6317074852742,10.8539065835074));
#13800=CARTESIAN_POINT('Ctrl Pts',(28.1172613762392,-48.2791446634355,10.8539065835074));
#13801=CARTESIAN_POINT('Ctrl Pts',(28.981314245498,-49.3516045427926,10.8121809059789));
#13802=CARTESIAN_POINT('Ctrl Pts',(31.7023607485403,-50.1336678298951,10.6490225619065));
#13803=CARTESIAN_POINT('Ctrl Pts',(33.5778343780326,-50.1211710279436,10.5066986832071));
#13804=CARTESIAN_POINT('Ctrl Pts',(34.4863483970338,-49.9972280804359,10.4229774545749));
#13805=CARTESIAN_POINT('Ctrl Pts',(28.4801331417799,-47.6317074852742,10.666075861849));
#13806=CARTESIAN_POINT('Ctrl Pts',(28.4801331417799,-48.1365195289716,10.666075861849));
#13807=CARTESIAN_POINT('Ctrl Pts',(29.2831245314346,-48.9738661907238,10.5110409825525));
#13808=CARTESIAN_POINT('Ctrl Pts',(31.8301121414634,-49.6327208512653,9.98456468888812));
#13809=CARTESIAN_POINT('Ctrl Pts',(33.6092759975866,-49.6873126914826,9.5849060939961));
#13810=CARTESIAN_POINT('Ctrl Pts',(34.4863483970338,-49.6317074852742,9.37379895051283));
#13811=CARTESIAN_POINT('Ctrl Pts',(28.6226741673894,-47.6317074852742,10.5669410907075));
#13812=CARTESIAN_POINT('Ctrl Pts',(28.6226741673894,-48.080506435787,10.5669410907075));
#13813=CARTESIAN_POINT('Ctrl Pts',(29.391589210111,-48.8257719741837,10.3516301517872));
#13814=CARTESIAN_POINT('Ctrl Pts',(31.8578684290073,-49.4948497418913,9.66102473407975));
#13815=CARTESIAN_POINT('Ctrl Pts',(33.6091447835626,-49.6317074852742,9.17063381277115));
#13816=CARTESIAN_POINT('Ctrl Pts',(34.4863483970338,-49.6317074852742,8.92500000000001));
#13817=CARTESIAN_POINT('',(34.4863483970338,-49.6317074852742,8.925));
#13818=CARTESIAN_POINT('',(28.4332183894379,-49.6317074852742,10.9249761358263));
#13819=CARTESIAN_POINT('Ctrl Pts',(34.4863483970338,-49.6317074852742,8.92500000000001));
#13820=CARTESIAN_POINT('Ctrl Pts',(34.4772651558928,-49.6317074852742,8.92900846205853));
#13821=CARTESIAN_POINT('Ctrl Pts',(34.4681818487265,-49.6317074852742,8.93301695325439));
#13822=CARTESIAN_POINT('Ctrl Pts',(32.7504410102233,-49.6317074852742,9.6910538968631));
#13823=CARTESIAN_POINT('Ctrl Pts',(31.1863131045714,-49.6317074852742,10.379952212986));
#13824=CARTESIAN_POINT('Ctrl Pts',(29.3845088419599,-49.6317074852742,10.8431611167179));
#13825=CARTESIAN_POINT('Ctrl Pts',(28.8959132183191,-49.6317074852742,10.9233904775902));
#13826=CARTESIAN_POINT('Ctrl Pts',(28.4332183894379,-49.6317074852742,10.9249761358263));
#13827=CARTESIAN_POINT('Origin',(34.4863483970338,-47.6317074852742,8.925));
#13828=CARTESIAN_POINT('Ctrl Pts',(28.4364848396496,-49.63115268386,10.9249223816259));
#13829=CARTESIAN_POINT('Ctrl Pts',(28.4318425559305,-49.6311432618001,10.92495612855));
#13830=CARTESIAN_POINT('Ctrl Pts',(28.427199597794,-49.6311176303956,10.924981968657));
#13831=CARTESIAN_POINT('Ctrl Pts',(28.4225558944546,-49.631075593642,10.925));
#13832=CARTESIAN_POINT('Origin',(123.93466313,-53.1317074852742,8.125));
#13833=CARTESIAN_POINT('Origin',(123.93466313,-43.5067074852742,8.125));
#13834=CARTESIAN_POINT('Origin',(123.93466313,-43.5067074852742,10.));
#13835=CARTESIAN_POINT('',(123.93466313,-41.5067074852742,10.));
#13836=CARTESIAN_POINT('Origin',(58.467331565,-54.6067074852742,13.925));
#13837=CARTESIAN_POINT('',(88.93466313,-56.6067074852742,13.925));
#13838=CARTESIAN_POINT('Origin',(88.93466313,-54.6067074852742,13.925));
#13839=CARTESIAN_POINT('',(78.93466313,-56.6067074852742,13.925));
#13840=CARTESIAN_POINT('Origin',(78.93466313,-54.6067074852742,13.925));
#13841=CARTESIAN_POINT('',(58.467331565,-56.6067074852742,13.925));
#13842=CARTESIAN_POINT('Origin',(78.93466313,-31.6317074852742,16.));
#13843=CARTESIAN_POINT('',(78.93466313,-31.6317074852742,16.));
#13844=CARTESIAN_POINT('',(78.93466313,-56.6067074852742,13.7));
#13845=CARTESIAN_POINT('',(78.93466313,-39.1317074852742,13.7));
#13846=CARTESIAN_POINT('',(78.93466313,-56.6067074852742,13.));
#13847=CARTESIAN_POINT('Origin',(101.93466313,-59.6317074852742,13.));
#13848=CARTESIAN_POINT('',(103.93466313,-59.6317074852742,13.));
#13849=CARTESIAN_POINT('',(101.93466313,-61.6317074852742,13.));
#13850=CARTESIAN_POINT('Origin',(103.93466313,-61.6317074852742,10.));
#13851=CARTESIAN_POINT('',(103.93466313,-58.6067074852742,10.));
#13852=CARTESIAN_POINT('Origin',(101.93466313,-58.6067074852742,10.));
#13853=CARTESIAN_POINT('',(101.93466313,-56.6067074852742,10.));
#13854=CARTESIAN_POINT('Origin',(65.93466313,-59.6317074852742,13.));
#13855=CARTESIAN_POINT('',(63.93466313,-59.6317074852742,13.7));
#13856=CARTESIAN_POINT('',(65.93466313,-61.6317074852742,13.7));
#13857=CARTESIAN_POINT('Origin',(65.93466313,-59.6317074852742,13.7));
#13858=CARTESIAN_POINT('',(65.93466313,-61.6317074852742,13.));
#13859=CARTESIAN_POINT('',(63.93466313,-59.6317074852742,13.));
#13860=CARTESIAN_POINT('Origin',(118.93466313,-61.6317074852742,15.9999999999999));
#13861=CARTESIAN_POINT('',(48.93466313,-61.6317074852742,13.7));
#13862=CARTESIAN_POINT('',(91.43466313,-61.6317074852742,13.7));
#13863=CARTESIAN_POINT('',(48.93466313,-61.6317074852742,16.));
#13864=CARTESIAN_POINT('',(118.93466313,-61.6317074852742,15.9999999999999));
#13865=CARTESIAN_POINT('Origin',(65.93466313,-58.6067074852742,10.));
#13866=CARTESIAN_POINT('',(65.93466313,-56.6067074852742,13.7));
#13867=CARTESIAN_POINT('',(65.93466313,-56.6067074852742,10.));
#13868=CARTESIAN_POINT('',(63.93466313,-58.6067074852742,13.7));
#13869=CARTESIAN_POINT('Origin',(65.93466313,-58.6067074852742,13.7));
#13870=CARTESIAN_POINT('',(63.93466313,-58.6067074852742,10.));
#13871=CARTESIAN_POINT('Origin',(103.93466313,-56.6067074852742,10.));
#13872=CARTESIAN_POINT('',(83.93466313,-56.6067074852742,13.7));
#13873=CARTESIAN_POINT('',(88.93466313,-56.6067074852742,13.));
#13874=CARTESIAN_POINT('Origin',(28.4332183894379,-47.6317074852742,5.49999999999992));
#13875=CARTESIAN_POINT('',(27.6056125008355,-49.4524404401994,5.49999999999992));
#13876=CARTESIAN_POINT('',(28.4332183894379,-49.6317074852742,5.49999999999992));
#13877=CARTESIAN_POINT('Origin',(64.967331565,-49.6317074852742,-1.73194791841524E-13));
#13878=CARTESIAN_POINT('',(36.6635754992443,-49.6317074852742,12.2830589092925));
#13879=CARTESIAN_POINT('Origin',(37.8055165899518,-49.6317074852742,13.925));
#13880=CARTESIAN_POINT('',(39.94627393805,-49.6317074852742,9.99999999999977));
#13881=CARTESIAN_POINT('',(48.6779207206531,-49.6317074852742,-0.944988436129287));
#13882=CARTESIAN_POINT('Origin',(40.3936483134914,-57.1317074852742,12.125));
#13883=CARTESIAN_POINT('',(39.2517072227839,-41.5067074852742,10.4830589092925));
#13884=CARTESIAN_POINT('',(39.2517072227839,-57.1317074852742,10.4830589092925));
#13885=CARTESIAN_POINT('Origin',(40.3936483134914,-41.5067074852742,12.125));
#13886=CARTESIAN_POINT('Ctrl Pts',(36.1419410907075,-47.6317074852742,5.33742346651855));
#13887=CARTESIAN_POINT('Ctrl Pts',(36.1419410907075,-48.080506435787,5.33742346651855));
#13888=CARTESIAN_POINT('Ctrl Pts',(35.9331710379125,-49.1294153469543,5.92799547146404));
#13889=CARTESIAN_POINT('Ctrl Pts',(35.3416679753713,-49.6317074852742,7.60124862678769));
#13890=CARTESIAN_POINT('Ctrl Pts',(35.,-49.6317074852742,8.56776436282978));
#13891=CARTESIAN_POINT('Ctrl Pts',(36.4431540154371,-47.6317074852742,5.12793518600253));
#13892=CARTESIAN_POINT('Ctrl Pts',(36.4431540154371,-48.1375872864804,5.12793518600253));
#13893=CARTESIAN_POINT('Ctrl Pts',(36.3036266975292,-49.3229189899574,5.79230880472641));
#13894=CARTESIAN_POINT('Ctrl Pts',(35.8746479869975,-49.737113672723,7.60284619264369));
#13895=CARTESIAN_POINT('Ctrl Pts',(35.5983986006838,-49.6317074852742,8.56776436282978));
#13896=CARTESIAN_POINT('Ctrl Pts',(36.8659217824083,-47.6317074852742,4.61297725050089));
#13897=CARTESIAN_POINT('Ctrl Pts',(36.8659217824083,-48.2785718495328,4.61297725050089));
#13898=CARTESIAN_POINT('Ctrl Pts',(36.831618563929,-49.7932323199079,5.38284711553891));
#13899=CARTESIAN_POINT('Ctrl Pts',(36.7176763253904,-50.2963243304634,7.47749216333197));
#13900=CARTESIAN_POINT('Ctrl Pts',(36.6344790604407,-50.1337304441422,8.56776436282978));
#13901=CARTESIAN_POINT('Ctrl Pts',(37.,-47.6317074852742,3.97065630845179));
#13902=CARTESIAN_POINT('Ctrl Pts',(37.,-48.4541233681856,3.97065630845179));
#13903=CARTESIAN_POINT('Ctrl Pts',(36.9997828498982,-50.3769127435673,4.82510295921651));
#13904=CARTESIAN_POINT('Ctrl Pts',(36.9991344799942,-51.2311963427797,7.21994692489317));
#13905=CARTESIAN_POINT('Ctrl Pts',(37.,-51.1829085347614,8.56776436282978));
#13906=CARTESIAN_POINT('Ctrl Pts',(37.,-47.6317074852742,3.69548237581106));
#13907=CARTESIAN_POINT('Ctrl Pts',(37.,-48.5293053862998,3.69548237581106));
#13908=CARTESIAN_POINT('Ctrl Pts',(37.,-50.6271232086345,4.58623460106976));
#13909=CARTESIAN_POINT('Ctrl Pts',(37.,-51.6317074852742,7.10998100124541));
#13910=CARTESIAN_POINT('Ctrl Pts',(37.,-51.6317074852742,8.56776436282978));
#13911=CARTESIAN_POINT('',(37.,-47.6317074852742,3.69548237581106));
#13912=CARTESIAN_POINT('Origin',(37.,-47.6317074852742,8.56776436282978));
#13913=CARTESIAN_POINT('',(36.1419410907075,-47.6317074852742,5.33742346651856));
#13914=CARTESIAN_POINT('Origin',(35.,-47.6317074852742,3.69548237581106));
#13915=CARTESIAN_POINT('Origin',(35.,-47.6317074852742,8.56776436282978));
#13916=CARTESIAN_POINT('Origin',(35.,-43.5067074852742,3.69548237581106));
#13917=CARTESIAN_POINT('',(37.,-43.5067074852742,3.69548237581106));
#13918=CARTESIAN_POINT('',(36.1419410907075,-43.5067074852742,5.33742346651856));
#13919=CARTESIAN_POINT('Origin',(35.,-43.5067074852742,3.69548237581106));
#13920=CARTESIAN_POINT('',(39.,-41.5067074852742,3.69548237581106));
#13921=CARTESIAN_POINT('Origin',(39.,-43.5067074852742,3.69548237581106));
#13922=CARTESIAN_POINT('',(37.283882181415,-41.5067074852742,6.97936455722605));
#13923=CARTESIAN_POINT('Origin',(35.,-41.5067074852742,3.69548237581106));
#13924=CARTESIAN_POINT('Origin',(37.283882181415,-43.5067074852742,6.97936455722605));
#13925=CARTESIAN_POINT('Origin',(39.,-43.5067074852742,5.));
#13926=CARTESIAN_POINT('',(39.,-41.5067074852742,5.));
#13927=CARTESIAN_POINT('',(37.,-43.5067074852742,5.));
#13928=CARTESIAN_POINT('Origin',(35.8982939997228,-43.5067074852742,7.94301671772551));
#13929=CARTESIAN_POINT('',(28.7729712733554,-43.5067074852742,10.4624121023727));
#13930=CARTESIAN_POINT('Origin',(29.9149123640629,-43.5067074852742,12.1043531930802));
#13931=CARTESIAN_POINT('',(34.7563529090152,-43.5067074852742,6.30107562701801));
#13932=CARTESIAN_POINT('',(35.8982939997228,-41.5067074852742,7.94301671772551));
#13933=CARTESIAN_POINT('Ctrl Pts',(28.6741251512873,-42.9974856475443,10.6104123299327));
#13934=CARTESIAN_POINT('Ctrl Pts',(28.7191687811176,-43.0015003791559,10.5784895320873));
#13935=CARTESIAN_POINT('Ctrl Pts',(28.7642464506943,-43.0043825162471,10.5465697036777));
#13936=CARTESIAN_POINT('Ctrl Pts',(28.8093203079295,-43.0061133144857,10.5146765965401));
#13937=CARTESIAN_POINT('Ctrl Pts',(28.64423986863,-43.1623315830422,10.5786490566688));
#13938=CARTESIAN_POINT('Ctrl Pts',(28.6912145609825,-43.1658468040538,10.5457765154762));
#13939=CARTESIAN_POINT('Ctrl Pts',(28.7382199478779,-43.1682111752778,10.5128904160439));
#13940=CARTESIAN_POINT('Ctrl Pts',(28.7852170022925,-43.1694028371368,10.4800196354506));
#13941=CARTESIAN_POINT('Ctrl Pts',(28.6262914864367,-43.3327086391646,10.5644253090624));
#13942=CARTESIAN_POINT('Ctrl Pts',(28.675168047885,-43.3356646162364,10.5304329869617));
#13943=CARTESIAN_POINT('Ctrl Pts',(28.7240751159249,-43.3374534748376,10.4964181019491));
#13944=CARTESIAN_POINT('Ctrl Pts',(28.7729712733554,-43.3380494214225,10.4624121023727));
#13945=CARTESIAN_POINT('Ctrl Pts',(28.6208614045565,-43.5030978118206,10.5682018353093));
#13946=CARTESIAN_POINT('Ctrl Pts',(28.6715446444753,-43.5054942906778,10.5329525351967));
#13947=CARTESIAN_POINT('Ctrl Pts',(28.7222630548182,-43.5067074852742,10.4976787746741));
#13948=CARTESIAN_POINT('Ctrl Pts',(28.7729712733554,-43.5067074852742,10.4624121023727));
#13949=CARTESIAN_POINT('Ctrl Pts',(28.62267416761,-43.5031830202092,10.5669410905541));
#13950=CARTESIAN_POINT('Ctrl Pts',(28.6727539803912,-43.5055230458328,10.5321114633808));
#13951=CARTESIAN_POINT('Ctrl Pts',(28.722867601993,-43.5067074852742,10.4972583227687));
#13952=CARTESIAN_POINT('Ctrl Pts',(28.7729712733554,-43.5067074852742,10.4624121023727));
#13953=CARTESIAN_POINT('Origin',(35.,-45.6317074852742,3.69548237581106));
#13954=CARTESIAN_POINT('',(37.,-45.6317074852742,3.69548237581106));
#13955=CARTESIAN_POINT('',(36.1419410907075,-45.6317074852742,5.33742346651856));
#13956=CARTESIAN_POINT('Origin',(48.6779207206531,-47.6317074852742,-0.944988436129287));
#13957=CARTESIAN_POINT('',(47.5359796299456,-47.6317074852742,-2.58692952683679));
#13958=CARTESIAN_POINT('Origin',(37.,-49.6317074852742,4.74065861769773));
#13959=CARTESIAN_POINT('Origin',(26.,-39.5067074852742,12.925));
#13960=CARTESIAN_POINT('',(30.,-41.5067074852742,12.925));
#13961=CARTESIAN_POINT('Origin',(26.,-41.5067074852742,12.925));
#13962=CARTESIAN_POINT('Origin',(30.,-39.5067074852742,12.925));
#13963=CARTESIAN_POINT('Origin',(34.,-41.5067074852742,10.));
#13964=CARTESIAN_POINT('',(36.6635754992443,-41.5067074852742,12.2830589092925));
#13965=CARTESIAN_POINT('',(33.6288486415355,-41.5067074852742,14.3936579542303));
#13966=CARTESIAN_POINT('Origin',(37.8055165899518,-41.5067074852742,13.925));
#13967=CARTESIAN_POINT('',(30.,-41.5067074852742,10.5));
#13968=CARTESIAN_POINT('',(111.43466313,-41.5067074852742,9.25));
#13969=CARTESIAN_POINT('Origin',(111.43466313,-41.5067074852742,8.));
#13970=CARTESIAN_POINT('',(81.43466313,-41.5067074852742,9.25));
#13971=CARTESIAN_POINT('Origin',(81.43466313,-41.5067074852742,8.));
#13972=CARTESIAN_POINT('',(81.43466313,-41.5067074852742,-9.24999999999999));
#13973=CARTESIAN_POINT('Origin',(81.43466313,-41.5067074852742,-7.99999999999999));
#13974=CARTESIAN_POINT('',(111.43466313,-41.5067074852742,-9.24999999999997));
#13975=CARTESIAN_POINT('Origin',(111.43466313,-41.5067074852742,-7.99999999999997));
#13976=CARTESIAN_POINT('',(94.43466313,-41.5067074852742,2.03788576595112E-15));
#13977=CARTESIAN_POINT('Origin',(103.93466313,-41.5067074852742,3.2013002251411E-15));
#13978=CARTESIAN_POINT('Origin',(37.8055165899518,-49.8158537426371,13.925));
#13979=CARTESIAN_POINT('',(36.6635754992443,-49.8158537426371,12.2830589092925));
#13980=CARTESIAN_POINT('Origin',(31.319168192918,-49.6317074852742,15.9999999999998));
#13981=CARTESIAN_POINT('Origin',(30.,-39.5067074852742,10.5));
#13982=CARTESIAN_POINT('Origin',(22.,-44.707517308257,11.));
#13983=CARTESIAN_POINT('',(20.,-44.707517308257,11.));
#13984=CARTESIAN_POINT('',(21.1723941113977,-46.5282502631822,11.));
#13985=CARTESIAN_POINT('Origin',(20.,-45.9953438489105,11.));
#13986=CARTESIAN_POINT('Origin',(15.075,-34.1983741519409,11.));
#13987=CARTESIAN_POINT('',(13.475,-32.9983741519408,12.925));
#13988=CARTESIAN_POINT('',(13.475,-32.9983741519409,11.));
#13989=CARTESIAN_POINT('Origin',(15.075,-34.1983741519408,12.925));
#13990=CARTESIAN_POINT('Ctrl Pts',(13.475,-32.9983741519408,12.925));
#13991=CARTESIAN_POINT('Ctrl Pts',(13.475,-32.9983741519408,12.0274020989744));
#13992=CARTESIAN_POINT('Ctrl Pts',(12.744133150845,-33.9728632841475,9.92923882688246));
#13993=CARTESIAN_POINT('Ctrl Pts',(10.6717972013676,-36.7359778834508,8.92500000000001));
#13994=CARTESIAN_POINT('Ctrl Pts',(9.47500000000002,-38.3317074852742,8.92500000000001));
#13995=CARTESIAN_POINT('Ctrl Pts',(13.3279140322758,-33.1944887755731,12.925));
#13996=CARTESIAN_POINT('Ctrl Pts',(13.3279140322758,-33.1944887755731,12.1190970139156));
#13997=CARTESIAN_POINT('Ctrl Pts',(12.6159551473462,-34.1449296885952,10.2337339094065));
#13998=CARTESIAN_POINT('Ctrl Pts',(10.6101072084925,-36.824590107649,9.43018234846757));
#13999=CARTESIAN_POINT('Ctrl Pts',(9.47500000000002,-38.3317074852742,9.52339860068378));
#14000=CARTESIAN_POINT('Ctrl Pts',(13.1344429561059,-33.5854773117483,12.925));
#14001=CARTESIAN_POINT('Ctrl Pts',(13.1344429561059,-33.5854773117483,12.2794782880219));
#14002=CARTESIAN_POINT('Ctrl Pts',(12.5000079392443,-34.5279025324261,10.7672968515936));
#14003=CARTESIAN_POINT('Ctrl Pts',(10.7668304088962,-37.1737959933597,10.3180418117546));
#14004=CARTESIAN_POINT('Ctrl Pts',(9.87650624451729,-38.6328371686621,10.5595958079785));
#14005=CARTESIAN_POINT('Ctrl Pts',(13.075,-34.0145166922856,12.925));
#14006=CARTESIAN_POINT('Ctrl Pts',(13.075,-34.0145166922856,12.4212005126369));
#14007=CARTESIAN_POINT('Ctrl Pts',(12.6152771966397,-34.9793588509421,11.2420414131836));
#14008=CARTESIAN_POINT('Ctrl Pts',(11.3680255520075,-37.7072928100598,10.8166303021625));
#14009=CARTESIAN_POINT('Ctrl Pts',(10.7159608395898,-39.2624281149665,10.925));
#14010=CARTESIAN_POINT('Ctrl Pts',(13.075,-34.1983741519408,12.925));
#14011=CARTESIAN_POINT('Ctrl Pts',(13.075,-34.1983741519408,12.4762010494872));
#14012=CARTESIAN_POINT('Ctrl Pts',(12.7095665754225,-35.1728632841475,11.4271194134412));
#14013=CARTESIAN_POINT('Ctrl Pts',(11.6733986006838,-37.9359778834508,10.925));
#14014=CARTESIAN_POINT('Ctrl Pts',(11.075,-39.5317074852742,10.925));
#14015=CARTESIAN_POINT('Origin',(11.075,-39.5317074852742,12.925));
#14016=CARTESIAN_POINT('Origin',(9.47500000000003,-38.3317074852742,12.925));
#14017=CARTESIAN_POINT('Origin',(13.,-33.6317074852742,11.));
#14018=CARTESIAN_POINT('',(16.4,-29.0983741519409,11.));
#14019=CARTESIAN_POINT('Origin',(18.,-30.2983741519409,11.));
#14020=CARTESIAN_POINT('',(20.,-30.2983741519409,11.));
#14021=CARTESIAN_POINT('Origin',(20.,-24.2983741519409,11.));
#14022=CARTESIAN_POINT('Ctrl Pts',(11.075,15.6016258480591,10.925));
#14023=CARTESIAN_POINT('Ctrl Pts',(11.6135587406154,15.6315457780933,10.925));
#14024=CARTESIAN_POINT('Ctrl Pts',(12.8726347874741,15.7014944473632,11.2902553619029));
#14025=CARTESIAN_POINT('Ctrl Pts',(13.475,15.7349591813925,12.3266013993162));
#14026=CARTESIAN_POINT('Ctrl Pts',(13.475,15.7349591813925,12.925));
#14027=CARTESIAN_POINT('Ctrl Pts',(11.075,15.6016258480591,10.925));
#14028=CARTESIAN_POINT('Ctrl Pts',(11.5836388105812,15.7213055681959,10.925));
#14029=CARTESIAN_POINT('Ctrl Pts',(12.7601716112106,15.9951560537784,11.3624893795053));
#14030=CARTESIAN_POINT('Ctrl Pts',(13.2175995564827,16.0781597727489,12.369706973246));
#14031=CARTESIAN_POINT('Ctrl Pts',(13.2175995564827,16.0781597727489,12.925));
#14032=CARTESIAN_POINT('Ctrl Pts',(11.075,15.6016258480591,10.925));
#14033=CARTESIAN_POINT('Ctrl Pts',(11.553718880547,15.8110653582984,10.925));
#14034=CARTESIAN_POINT('Ctrl Pts',(12.6592554124,16.29790465021,11.3624893795053));
#14035=CARTESIAN_POINT('Ctrl Pts',(13.075,16.5059584421969,12.369706973246));
#14036=CARTESIAN_POINT('Ctrl Pts',(13.075,16.5059584421969,12.925));
#14037=CARTESIAN_POINT('Ctrl Pts',(11.075,15.6016258480591,10.925));
#14038=CARTESIAN_POINT('Ctrl Pts',(11.5237989505128,15.900825148401,10.925));
#14039=CARTESIAN_POINT('Ctrl Pts',(12.5730289895618,16.6003118411003,11.2902553619029));
#14040=CARTESIAN_POINT('Ctrl Pts',(13.075,16.9349591813925,12.3266013993162));
#14041=CARTESIAN_POINT('Ctrl Pts',(13.075,16.9349591813925,12.925));
#14042=CARTESIAN_POINT('',(13.075,16.9349591813924,12.925));
#14043=CARTESIAN_POINT('Origin',(15.075,16.9349591813925,12.925));
#14044=CARTESIAN_POINT('Origin',(11.075,15.6016258480591,12.925));
#14045=CARTESIAN_POINT('Origin',(15.075,16.9349591813925,11.0000000000001));
#14046=CARTESIAN_POINT('',(13.075,16.9349591813925,11.0000000000001));
#14047=CARTESIAN_POINT('',(13.475,15.7349591813925,11.0000000000001));
#14048=CARTESIAN_POINT('Origin',(11.075,-50.,12.925));
#14049=CARTESIAN_POINT('',(13.075,32.3682925147258,12.925));
#14050=CARTESIAN_POINT('',(13.075,-50.,12.925));
#14051=CARTESIAN_POINT('Origin',(11.075,32.3682925147258,12.925));
#14052=CARTESIAN_POINT('Origin',(13.075,-50.,11.));
#14053=CARTESIAN_POINT('',(13.075,32.3682925147258,9.50000000000001));
#14054=CARTESIAN_POINT('Origin',(26.,-15.6317074852742,11.75));
#14055=CARTESIAN_POINT('Origin',(17.,-28.8158537426371,12.925));
#14056=CARTESIAN_POINT('',(19.,-28.8158537426371,12.925));
#14057=CARTESIAN_POINT('Origin',(23.,-5.6317074852742,12.75));
#14058=CARTESIAN_POINT('',(21.,-5.6317074852742,9.00000000000001));
#14059=CARTESIAN_POINT('',(21.,-5.6317074852742,12.75));
#14060=CARTESIAN_POINT('',(23.,-3.6317074852742,9.00000000000001));
#14061=CARTESIAN_POINT('Origin',(23.,-5.6317074852742,9.00000000000001));
#14062=CARTESIAN_POINT('',(23.,-3.6317074852742,12.75));
#14063=CARTESIAN_POINT('Origin',(24.5,-3.6317074852742,11.5));
#14064=CARTESIAN_POINT('',(26.,-3.6317074852742,9.00000000000001));
#14065=CARTESIAN_POINT('',(28.,-3.6317074852742,9.00000000000001));
#14066=CARTESIAN_POINT('',(26.,-3.6317074852742,11.25));
#14067=CARTESIAN_POINT('Origin',(23.,-19.6317074852742,12.75));
#14068=CARTESIAN_POINT('',(21.,-19.6317074852742,9.00000000000001));
#14069=CARTESIAN_POINT('Origin',(23.,-19.6317074852742,9.00000000000001));
#14070=CARTESIAN_POINT('',(21.,-19.6317074852742,12.75));
#14071=CARTESIAN_POINT('Origin',(21.,-3.6317074852742,9.00000000000001));
#14072=CARTESIAN_POINT('',(21.,-3.6317074852742,9.00000000000001));
#14073=CARTESIAN_POINT('Origin',(26.,-5.6317074852742,9.00000000000001));
#14074=CARTESIAN_POINT('Origin',(23.,-5.6317074852742,12.));
#14075=CARTESIAN_POINT('',(21.,-5.6317074852742,12.));
#14076=CARTESIAN_POINT('',(23.,-5.6317074852742,14.));
#14077=CARTESIAN_POINT('Origin',(21.,-7.6317074852742,14.));
#14078=CARTESIAN_POINT('Origin',(21.,-28.8158537426371,13.925));
#14079=CARTESIAN_POINT('',(19.,-28.8158537426371,13.925));
#14080=CARTESIAN_POINT('Origin',(26.,-5.6317074852742,11.25));
#14081=CARTESIAN_POINT('Origin',(28.,-3.6317074852742,11.));
#14082=CARTESIAN_POINT('Origin',(11.075,-50.,12.925));
#14083=CARTESIAN_POINT('Origin',(11.075,-54.2112529398197,12.925));
#14084=CARTESIAN_POINT('Origin',(3.00000000000001,-11.0707914374776,8.92500000000001));
#14085=CARTESIAN_POINT('Origin',(3.00000000000001,-50.5407983943651,8.92500000000001));
#14086=CARTESIAN_POINT('',(1.08443872455096,32.3682925147258,9.50000000000001));
#14087=CARTESIAN_POINT('Origin',(3.00000000000001,32.3682925147258,8.92500000000001));
#14088=CARTESIAN_POINT('',(1.08443872455096,32.3375593323699,9.50000000000001));
#14089=CARTESIAN_POINT('',(1.08443872455095,-11.0707914374776,9.50000000000001));
#14090=CARTESIAN_POINT('',(1.00000000000001,32.1001656112867,8.92500000000002));
#14091=CARTESIAN_POINT('Origin',(3.00000000000001,31.3722251427543,8.92500000000001));
#14092=CARTESIAN_POINT('',(1.00000000000001,29.8998539459825,8.92500000000002));
#14093=CARTESIAN_POINT('',(1.00000000000001,-11.0707914374776,8.92500000000002));
#14094=CARTESIAN_POINT('Origin',(3.00000000000001,29.1719134774501,8.92500000000001));
#14095=CARTESIAN_POINT('',(1.00000000000001,28.9585729576969,8.92500000000002));
#14096=CARTESIAN_POINT('Origin',(3.00000000000001,28.2306324891645,8.92500000000001));
#14097=CARTESIAN_POINT('',(1.00000000000001,26.7582612923927,8.92500000000002));
#14098=CARTESIAN_POINT('',(1.00000000000001,-11.0707914374776,8.92500000000002));
#14099=CARTESIAN_POINT('Origin',(3.00000000000001,26.0303208238603,8.92500000000001));
#14100=CARTESIAN_POINT('',(1.00000000000001,25.8169803041071,8.92500000000002));
#14101=CARTESIAN_POINT('Origin',(3.00000000000001,25.0890398355747,8.92500000000001));
#14102=CARTESIAN_POINT('',(1.00000000000001,23.616668638803,8.92500000000002));
#14103=CARTESIAN_POINT('',(1.00000000000001,-11.0707914374776,8.92500000000002));
#14104=CARTESIAN_POINT('Origin',(3.00000000000001,22.8887281702706,8.92500000000001));
#14105=CARTESIAN_POINT('',(1.00000000000001,22.6753876505173,8.92500000000002));
#14106=CARTESIAN_POINT('Origin',(3.00000000000001,21.9474471819849,8.92500000000001));
#14107=CARTESIAN_POINT('',(1.00000000000001,20.4750759852132,8.92500000000002));
#14108=CARTESIAN_POINT('',(1.00000000000001,-11.0707914374776,8.92500000000002));
#14109=CARTESIAN_POINT('Origin',(3.00000000000001,19.7471355166808,8.92500000000001));
#14110=CARTESIAN_POINT('',(1.00000000000001,19.5337949969275,8.92500000000002));
#14111=CARTESIAN_POINT('Origin',(3.00000000000001,18.8058545283951,8.92500000000001));
#14112=CARTESIAN_POINT('',(1.00000000000001,17.3334833316234,8.92500000000002));
#14113=CARTESIAN_POINT('',(1.00000000000001,-11.0707914374776,8.92500000000002));
#14114=CARTESIAN_POINT('Origin',(3.00000000000001,16.605542863091,8.92500000000001));
#14115=CARTESIAN_POINT('',(1.00000000000001,16.3922023433377,8.92500000000002));
#14116=CARTESIAN_POINT('Origin',(3.00000000000001,15.6642618748053,8.92500000000001));
#14117=CARTESIAN_POINT('',(1.00000000000001,14.1918906780336,8.92500000000002));
#14118=CARTESIAN_POINT('',(1.00000000000001,-11.0707914374776,8.92500000000002));
#14119=CARTESIAN_POINT('Origin',(3.00000000000001,13.4639502095012,8.92500000000001));
#14120=CARTESIAN_POINT('',(1.00000000000001,13.2506096897479,8.92500000000002));
#14121=CARTESIAN_POINT('Origin',(3.00000000000001,12.5226692212155,8.92500000000001));
#14122=CARTESIAN_POINT('',(1.00000000000001,11.0502980244438,8.92500000000002));
#14123=CARTESIAN_POINT('',(1.00000000000001,-11.0707914374776,8.92500000000002));
#14124=CARTESIAN_POINT('Origin',(3.00000000000001,10.3223575559114,8.92500000000001));
#14125=CARTESIAN_POINT('',(1.00000000000001,10.1090170361582,8.92500000000002));
#14126=CARTESIAN_POINT('Origin',(3.00000000000001,9.38107656762575,8.92500000000001));
#14127=CARTESIAN_POINT('',(1.00000000000001,7.908705370854,8.92500000000002));
#14128=CARTESIAN_POINT('',(1.00000000000001,-11.0707914374776,8.92500000000002));
#14129=CARTESIAN_POINT('Origin',(3.00000000000001,7.18076490232159,8.92500000000001));
#14130=CARTESIAN_POINT('',(1.00000000000001,6.96742438256834,8.92500000000002));
#14131=CARTESIAN_POINT('Origin',(3.00000000000001,6.23948391403594,8.92500000000001));
#14132=CARTESIAN_POINT('',(1.00000000000001,4.7671127172642,8.92500000000002));
#14133=CARTESIAN_POINT('',(1.00000000000001,-11.0707914374776,8.92500000000002));
#14134=CARTESIAN_POINT('Origin',(3.00000000000001,4.03917224873179,8.92500000000001));
#14135=CARTESIAN_POINT('',(1.00000000000001,3.82583172897855,8.92500000000002));
#14136=CARTESIAN_POINT('Origin',(3.00000000000001,3.09789126044615,8.92500000000001));
#14137=CARTESIAN_POINT('',(1.00000000000001,1.6255200636744,8.92500000000002));
#14138=CARTESIAN_POINT('',(1.00000000000001,-11.0707914374776,8.92500000000002));
#14139=CARTESIAN_POINT('Origin',(3.00000000000001,0.897579595141995,8.92500000000001));
#14140=CARTESIAN_POINT('',(1.00000000000001,0.684239075388755,8.92500000000002));
#14141=CARTESIAN_POINT('Origin',(3.00000000000001,-0.0437013931436425,8.92500000000001));
#14142=CARTESIAN_POINT('',(1.00000000000001,-1.51607258991539,8.92500000000002));
#14143=CARTESIAN_POINT('',(1.00000000000001,-11.0707914374776,8.92500000000002));
#14144=CARTESIAN_POINT('Origin',(3.00000000000001,-2.2440130584478,8.92500000000001));
#14145=CARTESIAN_POINT('',(1.00000000000001,-2.45735357820104,8.92500000000002));
#14146=CARTESIAN_POINT('Origin',(3.00000000000001,-3.18529404673344,8.92500000000001));
#14147=CARTESIAN_POINT('',(1.00000000000001,-4.65766524350518,8.92500000000002));
#14148=CARTESIAN_POINT('',(1.00000000000001,-11.0707914374776,8.92500000000002));
#14149=CARTESIAN_POINT('Origin',(3.00000000000001,-5.38560571203759,8.92500000000001));
#14150=CARTESIAN_POINT('',(1.00000000000001,-5.59894623179083,8.92500000000002));
#14151=CARTESIAN_POINT('Origin',(3.00000000000001,-6.32688670032323,8.92500000000001));
#14152=CARTESIAN_POINT('',(1.00000000000001,-7.79925789709498,8.92500000000002));
#14153=CARTESIAN_POINT('',(1.00000000000001,-11.0707914374776,8.92500000000002));
#14154=CARTESIAN_POINT('Origin',(3.00000000000001,-8.52719836562738,8.92500000000001));
#14155=CARTESIAN_POINT('',(1.00000000000001,-8.74053888538062,8.92500000000002));
#14156=CARTESIAN_POINT('Origin',(3.00000000000001,-9.46847935391302,8.92500000000001));
#14157=CARTESIAN_POINT('',(1.00000000000001,-10.9408505506848,8.92500000000002));
#14158=CARTESIAN_POINT('',(1.00000000000001,-11.0707914374776,8.92500000000002));
#14159=CARTESIAN_POINT('Origin',(3.00000000000001,-11.6687910192172,8.92500000000001));
#14160=CARTESIAN_POINT('',(1.00000000000001,-11.8821315389704,8.92500000000002));
#14161=CARTESIAN_POINT('Origin',(3.00000000000001,-12.6100720075028,8.92500000000001));
#14162=CARTESIAN_POINT('',(1.00000000000001,-14.0824432042746,8.92500000000002));
#14163=CARTESIAN_POINT('',(1.00000000000001,-11.0707914374776,8.92500000000002));
#14164=CARTESIAN_POINT('Origin',(3.00000000000001,-14.810383672807,8.92500000000001));
#14165=CARTESIAN_POINT('',(1.00000000000001,-15.0237241925602,8.92500000000002));
#14166=CARTESIAN_POINT('Origin',(3.00000000000001,-15.7516646610926,8.92500000000001));
#14167=CARTESIAN_POINT('',(1.00000000000001,-17.2240358578644,8.92500000000002));
#14168=CARTESIAN_POINT('',(1.00000000000001,-11.0707914374776,8.92500000000002));
#14169=CARTESIAN_POINT('Origin',(3.00000000000001,-17.9519763263968,8.92500000000001));
#14170=CARTESIAN_POINT('',(1.00000000000001,-18.16531684615,8.92500000000002));
#14171=CARTESIAN_POINT('Origin',(3.00000000000001,-18.8932573146824,8.92500000000001));
#14172=CARTESIAN_POINT('',(1.00000000000001,-20.3656285114542,8.92500000000002));
#14173=CARTESIAN_POINT('',(1.00000000000001,-11.0707914374776,8.92500000000002));
#14174=CARTESIAN_POINT('Origin',(3.00000000000001,-21.0935689799866,8.92500000000001));
#14175=CARTESIAN_POINT('',(1.00000000000001,-21.3069094997398,8.92500000000002));
#14176=CARTESIAN_POINT('Origin',(3.00000000000001,-22.0348499682722,8.92500000000001));
#14177=CARTESIAN_POINT('',(1.00000000000001,-23.5072211650439,8.92500000000002));
#14178=CARTESIAN_POINT('',(1.00000000000001,-11.0707914374776,8.92500000000002));
#14179=CARTESIAN_POINT('Origin',(3.00000000000001,-24.2351616335764,8.92500000000001));
#14180=CARTESIAN_POINT('',(1.00000000000001,-24.4485021533296,8.92500000000002));
#14181=CARTESIAN_POINT('Origin',(3.00000000000001,-25.176442621862,8.92500000000001));
#14182=CARTESIAN_POINT('',(1.00000000000001,-26.6488138186337,8.92500000000002));
#14183=CARTESIAN_POINT('',(1.00000000000001,-11.0707914374776,8.92500000000002));
#14184=CARTESIAN_POINT('Origin',(3.00000000000001,-27.3767542871661,8.92500000000001));
#14185=CARTESIAN_POINT('',(1.00000000000001,-27.5900948069194,8.92500000000002));
#14186=CARTESIAN_POINT('Origin',(3.00000000000001,-28.3180352754518,8.92500000000001));
#14187=CARTESIAN_POINT('',(1.00000000000001,-29.7904064722235,8.92500000000002));
#14188=CARTESIAN_POINT('',(1.00000000000001,-11.0707914374776,8.92500000000002));
#14189=CARTESIAN_POINT('Origin',(3.00000000000001,-30.5183469407559,8.92500000000001));
#14190=CARTESIAN_POINT('',(1.00000000000001,-30.7316874605092,8.92500000000002));
#14191=CARTESIAN_POINT('Origin',(3.00000000000001,-31.4596279290416,8.92500000000001));
#14192=CARTESIAN_POINT('',(1.00000000000001,-32.9319991258133,8.92500000000002));
#14193=CARTESIAN_POINT('',(1.00000000000001,-11.0707914374776,8.92500000000002));
#14194=CARTESIAN_POINT('Origin',(3.00000000000001,-33.6599395943457,8.92500000000001));
#14195=CARTESIAN_POINT('',(1.00000000000001,-33.873280114099,8.92500000000002));
#14196=CARTESIAN_POINT('Origin',(3.00000000000001,-34.6012205826314,8.92500000000001));
#14197=CARTESIAN_POINT('',(1.00000000000001,-36.0735917794031,8.92500000000002));
#14198=CARTESIAN_POINT('',(1.00000000000001,-11.0707914374776,8.92500000000002));
#14199=CARTESIAN_POINT('Origin',(3.00000000000001,-36.8015322479355,8.92500000000001));
#14200=CARTESIAN_POINT('',(1.00000000000001,-37.0148727676888,8.92500000000002));
#14201=CARTESIAN_POINT('Origin',(3.00000000000001,-37.7428132362212,8.92500000000001));
#14202=CARTESIAN_POINT('',(1.00000000000001,-39.2151844329929,8.92500000000002));
#14203=CARTESIAN_POINT('',(1.00000000000001,-11.0707914374776,8.92500000000002));
#14204=CARTESIAN_POINT('Origin',(3.00000000000001,-39.9431249015253,8.92500000000001));
#14205=CARTESIAN_POINT('',(1.00000000000001,-40.1564654212786,8.92500000000002));
#14206=CARTESIAN_POINT('Origin',(3.00000000000001,-40.8844058898109,8.92500000000001));
#14207=CARTESIAN_POINT('',(1.00000000000001,-42.3567770865827,8.92500000000002));
#14208=CARTESIAN_POINT('',(1.00000000000001,-11.0707914374776,8.92500000000002));
#14209=CARTESIAN_POINT('Origin',(3.00000000000001,-43.0847175551151,8.92500000000001));
#14210=CARTESIAN_POINT('',(1.00000000000001,-43.2980580748684,8.92500000000002));
#14211=CARTESIAN_POINT('Origin',(3.00000000000001,-44.0259985434007,8.92500000000001));
#14212=CARTESIAN_POINT('',(1.00000000000001,-45.4983697401725,8.92500000000002));
#14213=CARTESIAN_POINT('',(1.00000000000001,-11.0707914374776,8.92500000000002));
#14214=CARTESIAN_POINT('Origin',(3.00000000000001,-46.2263102087049,8.92500000000001));
#14215=CARTESIAN_POINT('',(1.00000000000001,-46.4396507284581,8.92500000000002));
#14216=CARTESIAN_POINT('Origin',(3.00000000000001,-47.1675911969905,8.92500000000001));
#14217=CARTESIAN_POINT('',(1.00000000000001,-48.6399623937623,8.92500000000002));
#14218=CARTESIAN_POINT('',(1.00000000000001,-11.0707914374776,8.92500000000002));
#14219=CARTESIAN_POINT('Origin',(3.00000000000001,-49.3679028622947,8.92500000000001));
#14220=CARTESIAN_POINT('Origin',(4.00000000000001,-11.2516959260738,7.25));
#14221=CARTESIAN_POINT('',(1.00000000000001,-10.1597852232751,7.25000000000001));
#14222=CARTESIAN_POINT('',(1.00000000000001,-11.2089774541239,9.50000000000001));
#14223=CARTESIAN_POINT('',(4.00000000000001,-11.2516959260738,7.25));
#14224=CARTESIAN_POINT('',(4.00000000000001,-11.2516959260738,7.25));
#14225=CARTESIAN_POINT('',(4.00000000000001,-12.3008881569225,9.5));
#14226=CARTESIAN_POINT('Origin',(4.00000000000001,-9.56432268474011,9.5));
#14227=CARTESIAN_POINT('',(4.00000000000001,-10.6135149155889,7.25));
#14228=CARTESIAN_POINT('',(4.00000000000001,-10.6135149155889,7.25));
#14229=CARTESIAN_POINT('',(1.00000000000001,-9.52160421279024,7.25000000000001));
#14230=CARTESIAN_POINT('',(4.00000000000001,-10.6135149155889,7.25));
#14231=CARTESIAN_POINT('',(1.00000000000001,-9.52160421279025,7.25000000000001));
#14232=CARTESIAN_POINT('Origin',(4.00000000000001,-8.11010327248396,7.25));
#14233=CARTESIAN_POINT('',(1.00000000000001,-7.01819256968535,7.25000000000001));
#14234=CARTESIAN_POINT('',(1.00000000000001,-8.0673848005341,9.50000000000001));
#14235=CARTESIAN_POINT('',(4.00000000000001,-8.11010327248396,7.25));
#14236=CARTESIAN_POINT('',(4.00000000000001,-8.11010327248396,7.25));
#14237=CARTESIAN_POINT('',(4.00000000000001,-9.15929550333271,9.5));
#14238=CARTESIAN_POINT('Origin',(4.00000000000001,-6.42273003115031,9.5));
#14239=CARTESIAN_POINT('',(4.00000000000001,-7.47192226199906,7.25));
#14240=CARTESIAN_POINT('',(4.00000000000001,-7.47192226199906,7.25));
#14241=CARTESIAN_POINT('',(1.00000000000001,-6.38001155920045,7.25000000000001));
#14242=CARTESIAN_POINT('',(4.00000000000001,-7.47192226199906,7.25));
#14243=CARTESIAN_POINT('',(1.00000000000001,-6.38001155920046,7.25000000000001));
#14244=CARTESIAN_POINT('Origin',(4.00000000000001,-4.96851061889417,7.25));
#14245=CARTESIAN_POINT('',(1.00000000000001,-3.87659991609556,7.25000000000001));
#14246=CARTESIAN_POINT('',(1.00000000000001,-4.9257921469443,9.50000000000001));
#14247=CARTESIAN_POINT('',(4.00000000000001,-4.96851061889417,7.25));
#14248=CARTESIAN_POINT('',(4.00000000000001,-4.96851061889417,7.25));
#14249=CARTESIAN_POINT('',(4.00000000000001,-6.01770284974291,9.5));
#14250=CARTESIAN_POINT('Origin',(4.00000000000001,-3.28113737756052,9.5));
#14251=CARTESIAN_POINT('',(4.00000000000001,-4.33032960840927,7.25));
#14252=CARTESIAN_POINT('',(4.00000000000001,-4.33032960840927,7.25));
#14253=CARTESIAN_POINT('',(1.00000000000001,-3.23841890561066,7.25000000000001));
#14254=CARTESIAN_POINT('',(4.00000000000001,-4.33032960840927,7.25));
#14255=CARTESIAN_POINT('',(1.00000000000001,-3.23841890561066,7.25000000000001));
#14256=CARTESIAN_POINT('Origin',(4.00000000000001,-1.82691796530437,7.25));
#14257=CARTESIAN_POINT('',(1.00000000000001,-0.735007262505762,7.25000000000001));
#14258=CARTESIAN_POINT('',(1.00000000000001,-1.78419949335451,9.50000000000001));
#14259=CARTESIAN_POINT('',(4.00000000000001,-1.82691796530437,7.25));
#14260=CARTESIAN_POINT('',(4.00000000000001,-1.82691796530437,7.25));
#14261=CARTESIAN_POINT('',(4.00000000000001,-2.87611019615312,9.5));
#14262=CARTESIAN_POINT('Origin',(4.00000000000001,-0.139544723970726,9.5));
#14263=CARTESIAN_POINT('',(4.00000000000001,-1.18873695481947,7.25));
#14264=CARTESIAN_POINT('',(4.00000000000001,-1.18873695481947,7.25));
#14265=CARTESIAN_POINT('',(1.00000000000001,-0.0968262520208629,7.25000000000001));
#14266=CARTESIAN_POINT('',(4.00000000000001,-1.18873695481947,7.25));
#14267=CARTESIAN_POINT('',(1.00000000000001,-0.0968262520208718,7.25000000000001));
#14268=CARTESIAN_POINT('Origin',(4.00000000000001,1.31467468828542,7.25));
#14269=CARTESIAN_POINT('',(1.00000000000001,2.40658539108403,7.25000000000001));
#14270=CARTESIAN_POINT('',(1.00000000000001,1.35739316023528,9.50000000000001));
#14271=CARTESIAN_POINT('',(4.00000000000001,1.31467468828542,7.25));
#14272=CARTESIAN_POINT('',(4.00000000000001,1.31467468828542,7.25));
#14273=CARTESIAN_POINT('',(4.00000000000001,0.265482457436672,9.5));
#14274=CARTESIAN_POINT('Origin',(4.00000000000001,3.00204792961907,9.5));
#14275=CARTESIAN_POINT('',(4.00000000000001,1.95285569877032,7.25));
#14276=CARTESIAN_POINT('',(4.00000000000001,1.95285569877032,7.25));
#14277=CARTESIAN_POINT('',(1.00000000000001,3.04476640156893,7.25000000000001));
#14278=CARTESIAN_POINT('',(4.00000000000001,1.95285569877032,7.25));
#14279=CARTESIAN_POINT('',(1.00000000000001,3.04476640156892,7.25000000000001));
#14280=CARTESIAN_POINT('Origin',(4.00000000000001,4.45626734187521,7.25));
#14281=CARTESIAN_POINT('',(1.00000000000001,5.54817804467382,7.25000000000001));
#14282=CARTESIAN_POINT('',(1.00000000000001,4.49898581382508,9.50000000000001));
#14283=CARTESIAN_POINT('',(4.00000000000001,4.45626734187521,7.25));
#14284=CARTESIAN_POINT('',(4.00000000000001,4.45626734187521,7.25));
#14285=CARTESIAN_POINT('',(4.00000000000001,3.40707511102647,9.5));
#14286=CARTESIAN_POINT('Origin',(4.00000000000001,6.14364058320886,9.5));
#14287=CARTESIAN_POINT('',(4.00000000000001,5.09444835236011,7.25));
#14288=CARTESIAN_POINT('',(4.00000000000001,5.09444835236011,7.25));
#14289=CARTESIAN_POINT('',(1.00000000000001,6.18635905515872,7.25000000000001));
#14290=CARTESIAN_POINT('',(4.00000000000001,5.09444835236011,7.25));
#14291=CARTESIAN_POINT('',(1.00000000000001,6.18635905515871,7.25000000000001));
#14292=CARTESIAN_POINT('Origin',(4.00000000000001,7.59785999546502,7.25));
#14293=CARTESIAN_POINT('',(1.00000000000001,8.68977069826363,7.25000000000001));
#14294=CARTESIAN_POINT('',(1.00000000000001,7.64057846741488,9.50000000000001));
#14295=CARTESIAN_POINT('',(4.00000000000001,7.59785999546502,7.25));
#14296=CARTESIAN_POINT('',(4.00000000000001,7.59785999546502,7.25));
#14297=CARTESIAN_POINT('',(4.00000000000001,6.54866776461627,9.5));
#14298=CARTESIAN_POINT('Origin',(4.00000000000001,9.28523323679866,9.5));
#14299=CARTESIAN_POINT('',(4.00000000000001,8.23604100594991,7.25));
#14300=CARTESIAN_POINT('',(4.00000000000001,8.23604100594991,7.25));
#14301=CARTESIAN_POINT('',(1.00000000000001,9.32795170874853,7.25000000000001));
#14302=CARTESIAN_POINT('',(4.00000000000001,8.23604100594991,7.25));
#14303=CARTESIAN_POINT('',(1.00000000000001,9.32795170874853,7.25000000000001));
#14304=CARTESIAN_POINT('Origin',(4.00000000000001,10.7394526490548,7.25));
#14305=CARTESIAN_POINT('',(1.00000000000001,11.8313633518534,7.25000000000001));
#14306=CARTESIAN_POINT('',(1.00000000000001,10.7821711210047,9.50000000000001));
#14307=CARTESIAN_POINT('',(4.00000000000001,10.7394526490548,7.25));
#14308=CARTESIAN_POINT('',(4.00000000000001,10.7394526490548,7.25));
#14309=CARTESIAN_POINT('',(4.00000000000001,9.69026041820606,9.5));
#14310=CARTESIAN_POINT('Origin',(4.00000000000001,12.4268258903885,9.5));
#14311=CARTESIAN_POINT('',(4.00000000000001,11.3776336595397,7.25));
#14312=CARTESIAN_POINT('',(4.00000000000001,11.3776336595397,7.25));
#14313=CARTESIAN_POINT('',(1.00000000000001,12.4695443623383,7.25000000000001));
#14314=CARTESIAN_POINT('',(4.00000000000001,11.3776336595397,7.25));
#14315=CARTESIAN_POINT('',(1.00000000000001,12.4695443623383,7.25000000000001));
#14316=CARTESIAN_POINT('Origin',(4.00000000000001,13.8810453026446,7.25));
#14317=CARTESIAN_POINT('',(1.00000000000001,14.9729560054432,7.25000000000001));
#14318=CARTESIAN_POINT('',(1.00000000000001,13.9237637745944,9.50000000000001));
#14319=CARTESIAN_POINT('',(4.00000000000001,13.8810453026446,7.25));
#14320=CARTESIAN_POINT('',(4.00000000000001,13.8810453026446,7.25));
#14321=CARTESIAN_POINT('',(4.00000000000001,12.8318530717958,9.5));
#14322=CARTESIAN_POINT('Origin',(4.00000000000001,15.5684185439782,9.5));
#14323=CARTESIAN_POINT('',(4.00000000000001,14.5192263131295,7.25));
#14324=CARTESIAN_POINT('',(4.00000000000001,14.5192263131295,7.25));
#14325=CARTESIAN_POINT('',(1.00000000000001,15.6111370159281,7.25000000000001));
#14326=CARTESIAN_POINT('',(4.00000000000001,14.5192263131295,7.25));
#14327=CARTESIAN_POINT('',(1.00000000000001,15.6111370159281,7.25000000000001));
#14328=CARTESIAN_POINT('Origin',(4.00000000000001,17.0226379562344,7.25));
#14329=CARTESIAN_POINT('',(1.00000000000001,18.114548659033,7.25000000000001));
#14330=CARTESIAN_POINT('',(1.00000000000001,17.0653564281842,9.50000000000001));
#14331=CARTESIAN_POINT('',(4.00000000000001,17.0226379562344,7.25));
#14332=CARTESIAN_POINT('',(4.00000000000001,17.0226379562344,7.25));
#14333=CARTESIAN_POINT('',(4.00000000000001,15.9734457253856,9.5));
#14334=CARTESIAN_POINT('Origin',(4.00000000000001,18.710011197568,9.5));
#14335=CARTESIAN_POINT('',(4.00000000000001,17.6608189667193,7.25));
#14336=CARTESIAN_POINT('',(4.00000000000001,17.6608189667193,7.25));
#14337=CARTESIAN_POINT('',(1.00000000000001,18.7527296695179,7.25000000000001));
#14338=CARTESIAN_POINT('',(4.00000000000001,17.6608189667193,7.25));
#14339=CARTESIAN_POINT('',(1.00000000000001,18.7527296695179,7.25000000000001));
#14340=CARTESIAN_POINT('Origin',(4.00000000000001,20.1642306098242,7.25));
#14341=CARTESIAN_POINT('',(1.00000000000001,21.2561413126228,7.25000000000001));
#14342=CARTESIAN_POINT('',(1.00000000000001,20.206949081774,9.50000000000001));
#14343=CARTESIAN_POINT('',(4.00000000000001,20.1642306098242,7.25));
#14344=CARTESIAN_POINT('',(4.00000000000001,20.1642306098242,7.25));
#14345=CARTESIAN_POINT('',(4.00000000000001,19.1150383789754,9.5));
#14346=CARTESIAN_POINT('Origin',(4.00000000000001,21.8516038511578,9.5));
#14347=CARTESIAN_POINT('',(4.00000000000001,20.8024116203091,7.25));
#14348=CARTESIAN_POINT('',(4.00000000000001,20.8024116203091,7.25));
#14349=CARTESIAN_POINT('',(1.00000000000001,21.8943223231077,7.25000000000001));
#14350=CARTESIAN_POINT('',(4.00000000000001,20.8024116203091,7.25));
#14351=CARTESIAN_POINT('',(1.00000000000001,21.8943223231077,7.25000000000001));
#14352=CARTESIAN_POINT('Origin',(4.00000000000001,23.305823263414,7.25));
#14353=CARTESIAN_POINT('',(1.00000000000001,24.3977339662126,7.25000000000001));
#14354=CARTESIAN_POINT('',(1.00000000000001,23.3485417353638,9.50000000000001));
#14355=CARTESIAN_POINT('',(4.00000000000001,23.305823263414,7.25));
#14356=CARTESIAN_POINT('',(4.00000000000001,23.305823263414,7.25));
#14357=CARTESIAN_POINT('',(4.00000000000001,22.2566310325652,9.5));
#14358=CARTESIAN_POINT('Origin',(4.00000000000001,24.9931965047476,9.5));
#14359=CARTESIAN_POINT('',(4.00000000000001,23.9440042738989,7.25));
#14360=CARTESIAN_POINT('',(4.00000000000001,23.9440042738989,7.25));
#14361=CARTESIAN_POINT('',(1.00000000000001,25.0359149766975,7.25000000000001));
#14362=CARTESIAN_POINT('',(4.00000000000001,23.9440042738989,7.25));
#14363=CARTESIAN_POINT('',(1.00000000000001,25.0359149766975,7.25000000000001));
#14364=CARTESIAN_POINT('Origin',(4.00000000000001,26.4474159170038,7.25));
#14365=CARTESIAN_POINT('',(1.00000000000001,27.5393266198024,7.25000000000001));
#14366=CARTESIAN_POINT('',(1.00000000000001,26.4901343889536,9.50000000000001));
#14367=CARTESIAN_POINT('',(4.00000000000001,26.4474159170038,7.25));
#14368=CARTESIAN_POINT('',(4.00000000000001,26.4474159170038,7.25));
#14369=CARTESIAN_POINT('',(4.00000000000001,25.398223686155,9.5));
#14370=CARTESIAN_POINT('Origin',(4.00000000000001,28.1347891583374,9.5));
#14371=CARTESIAN_POINT('',(4.00000000000001,27.0855969274887,7.25));
#14372=CARTESIAN_POINT('',(4.00000000000001,27.0855969274887,7.25));
#14373=CARTESIAN_POINT('',(1.00000000000001,28.1775076302873,7.25000000000001));
#14374=CARTESIAN_POINT('',(4.00000000000001,27.0855969274887,7.25));
#14375=CARTESIAN_POINT('',(1.00000000000001,28.1775076302873,7.25000000000001));
#14376=CARTESIAN_POINT('Origin',(4.00000000000001,29.5890085705936,7.25));
#14377=CARTESIAN_POINT('',(1.00000000000001,30.6809192733922,7.25000000000001));
#14378=CARTESIAN_POINT('',(1.00000000000001,29.6317270425434,9.50000000000001));
#14379=CARTESIAN_POINT('',(4.00000000000001,29.5890085705936,7.25));
#14380=CARTESIAN_POINT('',(4.00000000000001,29.5890085705936,7.25));
#14381=CARTESIAN_POINT('',(4.00000000000001,28.5398163397448,9.5));
#14382=CARTESIAN_POINT('Origin',(1.00000000000001,27.8584171250448,9.87500000000001));
#14383=CARTESIAN_POINT('',(1.00000000000001,-7.01819256968536,7.25000000000001));
#14384=CARTESIAN_POINT('Origin',(1.00000000000001,27.8584171250448,9.87500000000001));
#14385=CARTESIAN_POINT('',(1.00000000000001,-3.87659991609556,7.25000000000001));
#14386=CARTESIAN_POINT('Origin',(1.00000000000001,27.8584171250448,9.87500000000001));
#14387=CARTESIAN_POINT('',(1.00000000000001,-0.735007262505771,7.25000000000001));
#14388=CARTESIAN_POINT('Origin',(1.00000000000001,27.8584171250448,9.87500000000001));
#14389=CARTESIAN_POINT('',(1.00000000000001,2.40658539108402,7.25000000000001));
#14390=CARTESIAN_POINT('Origin',(1.00000000000001,27.8584171250448,9.87500000000001));
#14391=CARTESIAN_POINT('',(1.00000000000001,5.54817804467381,7.25000000000001));
#14392=CARTESIAN_POINT('Origin',(1.00000000000001,27.8584171250448,9.87500000000001));
#14393=CARTESIAN_POINT('',(1.00000000000001,8.68977069826363,7.25000000000001));
#14394=CARTESIAN_POINT('Origin',(1.00000000000001,27.8584171250448,9.87500000000001));
#14395=CARTESIAN_POINT('',(1.00000000000001,11.8313633518534,7.25000000000001));
#14396=CARTESIAN_POINT('Origin',(1.00000000000001,27.8584171250448,9.87500000000001));
#14397=CARTESIAN_POINT('',(1.00000000000001,14.9729560054432,7.25000000000001));
#14398=CARTESIAN_POINT('Origin',(1.00000000000001,27.8584171250448,9.87500000000001));
#14399=CARTESIAN_POINT('',(1.00000000000001,18.114548659033,7.25000000000001));
#14400=CARTESIAN_POINT('Origin',(1.00000000000001,27.8584171250448,9.87500000000001));
#14401=CARTESIAN_POINT('',(1.00000000000001,21.2561413126228,7.25000000000001));
#14402=CARTESIAN_POINT('Origin',(1.00000000000001,27.8584171250448,9.87500000000001));
#14403=CARTESIAN_POINT('',(1.00000000000001,24.3977339662126,7.25000000000001));
#14404=CARTESIAN_POINT('Origin',(1.00000000000001,27.8584171250448,9.87500000000001));
#14405=CARTESIAN_POINT('',(1.00000000000001,27.5393266198024,7.25000000000001));
#14406=CARTESIAN_POINT('Origin',(1.00000000000001,27.8584171250448,9.87500000000001));
#14407=CARTESIAN_POINT('',(1.00000000000001,31.3191002838771,7.25000000000001));
#14408=CARTESIAN_POINT('',(1.00000000000001,31.3191002838771,7.25000000000001));
#14409=CARTESIAN_POINT('',(1.00000000000001,30.6809192733922,7.25000000000001));
#14410=CARTESIAN_POINT('Origin',(1.00000000000001,27.8584171250448,9.87500000000001));
#14411=CARTESIAN_POINT('',(1.00000000000001,-47.2207160558678,7.25000000000001));
#14412=CARTESIAN_POINT('',(1.00000000000001,-47.2207160558678,7.25000000000001));
#14413=CARTESIAN_POINT('',(1.00000000000001,-47.8588970663527,7.25000000000001));
#14414=CARTESIAN_POINT('',(1.00000000000001,-47.8588970663527,7.25000000000001));
#14415=CARTESIAN_POINT('',(1.00000000000001,-48.9080892972014,9.50000000000001));
#14416=CARTESIAN_POINT('Origin',(1.00000000000001,27.8584171250448,9.87500000000001));
#14417=CARTESIAN_POINT('',(1.00000000000001,-44.079123402278,7.25000000000001));
#14418=CARTESIAN_POINT('',(1.00000000000001,-44.079123402278,7.25000000000001));
#14419=CARTESIAN_POINT('',(1.00000000000001,-44.7173044127629,7.25000000000001));
#14420=CARTESIAN_POINT('',(1.00000000000001,-44.7173044127629,7.25000000000001));
#14421=CARTESIAN_POINT('',(1.00000000000001,-45.7664966436116,9.50000000000001));
#14422=CARTESIAN_POINT('Origin',(1.00000000000001,27.8584171250448,9.87500000000001));
#14423=CARTESIAN_POINT('',(1.00000000000001,-40.9375307486882,7.25000000000001));
#14424=CARTESIAN_POINT('',(1.00000000000001,-40.9375307486882,7.25000000000001));
#14425=CARTESIAN_POINT('',(1.00000000000001,-41.5757117591731,7.25000000000001));
#14426=CARTESIAN_POINT('',(1.00000000000001,-41.5757117591731,7.25000000000001));
#14427=CARTESIAN_POINT('',(1.00000000000001,-42.6249039900218,9.50000000000001));
#14428=CARTESIAN_POINT('Origin',(1.00000000000001,27.8584171250448,9.87500000000001));
#14429=CARTESIAN_POINT('',(1.00000000000001,-37.7959380950984,7.25000000000001));
#14430=CARTESIAN_POINT('',(1.00000000000001,-37.7959380950984,7.25000000000001));
#14431=CARTESIAN_POINT('',(1.00000000000001,-38.4341191055833,7.25000000000001));
#14432=CARTESIAN_POINT('',(1.00000000000001,-38.4341191055833,7.25000000000001));
#14433=CARTESIAN_POINT('',(1.00000000000001,-39.483311336432,9.50000000000001));
#14434=CARTESIAN_POINT('Origin',(1.00000000000001,27.8584171250448,9.87500000000001));
#14435=CARTESIAN_POINT('',(1.00000000000001,-34.6543454415086,7.25000000000001));
#14436=CARTESIAN_POINT('',(1.00000000000001,-34.6543454415086,7.25000000000001));
#14437=CARTESIAN_POINT('',(1.00000000000001,-35.2925264519935,7.25000000000001));
#14438=CARTESIAN_POINT('',(1.00000000000001,-35.2925264519935,7.25000000000001));
#14439=CARTESIAN_POINT('',(1.00000000000001,-36.3417186828422,9.50000000000001));
#14440=CARTESIAN_POINT('Origin',(1.00000000000001,27.8584171250448,9.87500000000001));
#14441=CARTESIAN_POINT('',(1.00000000000001,-31.5127527879188,7.25000000000001));
#14442=CARTESIAN_POINT('',(1.00000000000001,-31.5127527879188,7.25000000000001));
#14443=CARTESIAN_POINT('',(1.00000000000001,-32.1509337984037,7.25000000000001));
#14444=CARTESIAN_POINT('',(1.00000000000001,-32.1509337984037,7.25000000000001));
#14445=CARTESIAN_POINT('',(1.00000000000001,-33.2001260292525,9.50000000000001));
#14446=CARTESIAN_POINT('Origin',(1.00000000000001,27.8584171250448,9.87500000000001));
#14447=CARTESIAN_POINT('',(1.00000000000001,-28.371160134329,7.25000000000001));
#14448=CARTESIAN_POINT('',(1.00000000000001,-28.371160134329,7.25000000000001));
#14449=CARTESIAN_POINT('',(1.00000000000001,-29.0093411448139,7.25000000000001));
#14450=CARTESIAN_POINT('',(1.00000000000001,-29.0093411448139,7.25000000000001));
#14451=CARTESIAN_POINT('',(1.00000000000001,-30.0585333756627,9.50000000000001));
#14452=CARTESIAN_POINT('Origin',(1.00000000000001,27.8584171250448,9.87500000000001));
#14453=CARTESIAN_POINT('',(1.00000000000001,-25.2295674807392,7.25000000000001));
#14454=CARTESIAN_POINT('',(1.00000000000001,-25.2295674807392,7.25000000000001));
#14455=CARTESIAN_POINT('',(1.00000000000001,-25.8677484912241,7.25000000000001));
#14456=CARTESIAN_POINT('',(1.00000000000001,-25.8677484912241,7.25000000000001));
#14457=CARTESIAN_POINT('',(1.00000000000001,-26.9169407220729,9.50000000000001));
#14458=CARTESIAN_POINT('Origin',(1.00000000000001,27.8584171250448,9.87500000000001));
#14459=CARTESIAN_POINT('',(1.00000000000001,-22.0879748271494,7.25000000000001));
#14460=CARTESIAN_POINT('',(1.00000000000001,-22.0879748271494,7.25000000000001));
#14461=CARTESIAN_POINT('',(1.00000000000001,-22.7261558376343,7.25000000000001));
#14462=CARTESIAN_POINT('',(1.00000000000001,-22.7261558376343,7.25000000000001));
#14463=CARTESIAN_POINT('',(1.00000000000001,-23.7753480684831,9.50000000000001));
#14464=CARTESIAN_POINT('Origin',(1.00000000000001,27.8584171250448,9.87500000000001));
#14465=CARTESIAN_POINT('',(1.00000000000001,-18.9463821735596,7.25000000000001));
#14466=CARTESIAN_POINT('',(1.00000000000001,-18.9463821735596,7.25000000000001));
#14467=CARTESIAN_POINT('',(1.00000000000001,-19.5845631840445,7.25000000000001));
#14468=CARTESIAN_POINT('',(1.00000000000001,-19.5845631840445,7.25000000000001));
#14469=CARTESIAN_POINT('',(1.00000000000001,-20.6337554148933,9.50000000000001));
#14470=CARTESIAN_POINT('Origin',(1.00000000000001,27.8584171250448,9.87500000000001));
#14471=CARTESIAN_POINT('',(1.00000000000001,-15.8047895199698,7.25000000000001));
#14472=CARTESIAN_POINT('',(1.00000000000001,-15.8047895199698,7.25000000000001));
#14473=CARTESIAN_POINT('',(1.00000000000001,-16.4429705304547,7.25000000000001));
#14474=CARTESIAN_POINT('',(1.00000000000001,-16.4429705304547,7.25000000000001));
#14475=CARTESIAN_POINT('',(1.00000000000001,-17.4921627613035,9.50000000000001));
#14476=CARTESIAN_POINT('Origin',(1.00000000000001,27.8584171250448,9.87500000000001));
#14477=CARTESIAN_POINT('',(1.00000000000001,-12.66319686638,7.25000000000001));
#14478=CARTESIAN_POINT('',(1.00000000000001,-12.66319686638,7.25000000000001));
#14479=CARTESIAN_POINT('',(1.00000000000001,-13.3013778768649,7.25000000000001));
#14480=CARTESIAN_POINT('',(1.00000000000001,-13.3013778768649,7.25000000000001));
#14481=CARTESIAN_POINT('',(1.00000000000001,-14.3505701077137,9.50000000000001));
#14482=CARTESIAN_POINT('Origin',(1.00000000000001,27.8584171250448,9.87500000000001));
#14483=CARTESIAN_POINT('',(1.00000000000001,-10.1597852232751,7.25000000000001));
#14484=CARTESIAN_POINT('Origin',(34.,-30.8491696055201,-5.52500000000001));
#14485=CARTESIAN_POINT('',(95.920145492658,-30.4249055368081,-5.10073593128805));
#14486=CARTESIAN_POINT('',(95.8109709275591,-30.8491696055201,-4.92499999999998));
#14487=CARTESIAN_POINT('Ctrl Pts',(95.9201454926579,-30.4249055368082,-5.10073593128798));
#14488=CARTESIAN_POINT('Ctrl Pts',(95.9169753234664,-30.429886656639,-5.09575481145723));
#14489=CARTESIAN_POINT('Ctrl Pts',(95.9138710466989,-30.4349500012793,-5.09086697184095));
#14490=CARTESIAN_POINT('Ctrl Pts',(95.8812980356679,-30.4900862866426,-5.03947957043764));
#14491=CARTESIAN_POINT('Ctrl Pts',(95.855025535001,-30.5539415423797,-4.99705771032389));
#14492=CARTESIAN_POINT('Ctrl Pts',(95.8198735409707,-30.6962396880646,-4.93976915649853));
#14493=CARTESIAN_POINT('Ctrl Pts',(95.8109709275591,-30.7747161150403,-4.92499999999998));
#14494=CARTESIAN_POINT('Ctrl Pts',(95.810970927559,-30.8491696055201,-4.92499999999998));
#14495=CARTESIAN_POINT('',(34.,-30.8491696055201,-4.92500000000001));
#14496=CARTESIAN_POINT('',(34.,-30.4249055368081,-5.10073593128808));
#14497=CARTESIAN_POINT('Origin',(34.,-30.6317074852742,-4.92500000000001));
#14498=CARTESIAN_POINT('',(95.8109709275591,-50.,-4.92499999999998));
#14499=CARTESIAN_POINT('Origin',(34.,-30.8491696055201,-5.52500000000001));
#14500=CARTESIAN_POINT('',(111.949180767342,-30.4249055368081,-5.10073593128804));
#14501=CARTESIAN_POINT('Ctrl Pts',(112.058355332441,-30.8491696055201,-4.92499999999997));
#14502=CARTESIAN_POINT('Ctrl Pts',(112.058355332441,-30.7747161150403,-4.92499999999997));
#14503=CARTESIAN_POINT('Ctrl Pts',(112.049452719029,-30.6962396880646,-4.93976915649852));
#14504=CARTESIAN_POINT('Ctrl Pts',(112.014300724999,-30.5539415423797,-4.99705771032389));
#14505=CARTESIAN_POINT('Ctrl Pts',(111.988028224332,-30.4900862866426,-5.03947957043763));
#14506=CARTESIAN_POINT('Ctrl Pts',(111.955455213301,-30.4349500012793,-5.09086697184094));
#14507=CARTESIAN_POINT('Ctrl Pts',(111.952350936534,-30.429886656639,-5.09575481145722));
#14508=CARTESIAN_POINT('Ctrl Pts',(111.949180767342,-30.4249055368082,-5.10073593128798));
#14509=CARTESIAN_POINT('',(34.,-30.4249055368081,-5.10073593128808));
#14510=CARTESIAN_POINT('Origin',(34.,-26.5786744766852,-8.94696699141101));
#14511=CARTESIAN_POINT('',(112.077108105054,-30.6317074852742,-4.89393398282199));
#14512=CARTESIAN_POINT('Origin',(103.93466313,-35.5256414680962,3.56753489281241E-15));
#14513=CARTESIAN_POINT('',(95.7922181549461,-30.6317074852742,-4.893933982822));
#14514=CARTESIAN_POINT('',(68.967331565,-30.6317074852742,-4.89393398282201));
#14515=CARTESIAN_POINT('Origin',(103.93466313,-35.5256414680962,3.56753489281241E-15));
#14516=CARTESIAN_POINT('',(34.,-27.7309715539861,-7.7946699141101));
#14517=CARTESIAN_POINT('Origin',(34.,-27.3067074852742,-7.37040584539817));
#14518=CARTESIAN_POINT('',(34.,-26.7067074852742,-7.37040584539817));
#14519=CARTESIAN_POINT('Origin',(34.,-30.8491696055201,5.525));
#14520=CARTESIAN_POINT('',(95.920145492658,-30.4249055368081,5.10073593128807));
#14521=CARTESIAN_POINT('Ctrl Pts',(95.8109709275591,-30.8491696055201,4.925));
#14522=CARTESIAN_POINT('Ctrl Pts',(95.8109709275591,-30.7708362766834,4.925));
#14523=CARTESIAN_POINT('Ctrl Pts',(95.82080809806,-30.6886691682918,4.94132660716616));
#14524=CARTESIAN_POINT('Ctrl Pts',(95.8593032158502,-30.5409758249885,5.00398984980508));
#14525=CARTESIAN_POINT('Ctrl Pts',(95.8879985416486,-30.475416347272,5.05022512082421));
#14526=CARTESIAN_POINT('Ctrl Pts',(95.920145492658,-30.4249055368081,5.10073593128808));
#14527=CARTESIAN_POINT('',(34.,-30.4249055368081,5.10073593128807));
#14528=CARTESIAN_POINT('Origin',(34.,-26.5786744766852,8.94696699141101));
#14529=CARTESIAN_POINT('',(34.,-27.7309715539861,7.79466991411008));
#14530=CARTESIAN_POINT('',(95.7922181549462,-30.6317074852742,4.89393398282202));
#14531=CARTESIAN_POINT('Origin',(103.93466313,-35.5256414680962,3.5675348928124E-15));
#14532=CARTESIAN_POINT('',(112.077108105054,-30.6317074852742,4.89393398282202));
#14533=CARTESIAN_POINT('',(68.967331565,-30.6317074852742,4.89393398282202));
#14534=CARTESIAN_POINT('',(111.949180767342,-30.4249055368081,5.10073593128807));
#14535=CARTESIAN_POINT('Origin',(103.93466313,-35.5256414680962,3.5675348928124E-15));
#14536=CARTESIAN_POINT('',(34.,-30.4249055368081,5.10073593128807));
#14537=CARTESIAN_POINT('Origin',(34.,-30.8491696055201,5.525));
#14538=CARTESIAN_POINT('',(112.058355332441,-30.8491696055201,4.92500000000001));
#14539=CARTESIAN_POINT('Ctrl Pts',(111.949180767342,-30.4249055368082,5.10073593128801));
#14540=CARTESIAN_POINT('Ctrl Pts',(111.95235093653,-30.4298866566325,5.09575481146367));
#14541=CARTESIAN_POINT('Ctrl Pts',(111.955455213297,-30.434950001272,5.09086697184779));
#14542=CARTESIAN_POINT('Ctrl Pts',(111.988028224332,-30.4900862866426,5.03947957043767));
#14543=CARTESIAN_POINT('Ctrl Pts',(112.014300724999,-30.5539415423797,4.99705771032392));
#14544=CARTESIAN_POINT('Ctrl Pts',(112.049452719029,-30.6962396880646,4.93976915649855));
#14545=CARTESIAN_POINT('Ctrl Pts',(112.058355332441,-30.7747161150403,4.925));
#14546=CARTESIAN_POINT('Ctrl Pts',(112.058355332441,-30.8491696055201,4.925));
#14547=CARTESIAN_POINT('',(34.,-30.8491696055201,4.925));
#14548=CARTESIAN_POINT('Origin',(34.,-30.6317074852742,4.925));
#14549=CARTESIAN_POINT('',(112.058355332441,-50.,4.92500000000001));
#14550=CARTESIAN_POINT('Origin',(34.,-27.3067074852742,7.37040584539815));
#14551=CARTESIAN_POINT('',(34.,-26.7067074852742,7.37040584539815));
#14552=CARTESIAN_POINT('Origin',(24.675,-50.,0.749999999999999));
#14553=CARTESIAN_POINT('',(24.075,-60.1203438489106,0.75));
#14554=CARTESIAN_POINT('Origin',(24.675,-60.3930711216379,0.749999999999999));
#14555=CARTESIAN_POINT('',(24.075,32.3682925147258,0.749999999999999));
#14556=CARTESIAN_POINT('',(24.075,-50.,0.749999999999999));
#14557=CARTESIAN_POINT('Origin',(24.675,32.3682925147258,0.749999999999999));
#14558=CARTESIAN_POINT('Origin',(24.075,-50.,-1.11022302462516E-15));
#14559=CARTESIAN_POINT('',(24.075,-60.1203438489106,2.32499999999999));
#14560=CARTESIAN_POINT('',(24.075,-60.1203438489106,6.46875000000008));
#14561=CARTESIAN_POINT('',(24.075,32.3682925147258,2.32499999999999));
#14562=CARTESIAN_POINT('',(24.075,-50.,2.32499999999999));
#14563=CARTESIAN_POINT('',(24.075,32.3682925147258,4.));
#14564=CARTESIAN_POINT('Origin',(17.5,-57.1317074852742,12.9375000000001));
#14565=CARTESIAN_POINT('',(14.3704058453982,-55.7091646877279,3.075));
#14566=CARTESIAN_POINT('',(15.5351235901025,-56.2385818444117,3.075));
#14567=CARTESIAN_POINT('',(14.7946699141101,-55.9020119916879,4.09926406871193));
#14568=CARTESIAN_POINT('Origin',(14.3704058453982,-55.7091646877279,3.675));
#14569=CARTESIAN_POINT('',(12.8431980515339,-55.0149793268806,6.05073593128807));
#14570=CARTESIAN_POINT('',(11.6332408467282,-54.4649987792416,7.26069313609387));
#14571=CARTESIAN_POINT('',(13.2674621202459,-55.2078266308405,7.075));
#14572=CARTESIAN_POINT('Origin',(13.2674621202459,-55.2078266308405,6.475));
#14573=CARTESIAN_POINT('',(30.7325378797541,-63.146497430617,7.075));
#14574=CARTESIAN_POINT('',(22.1652605764038,-59.2522804745487,7.075));
#14575=CARTESIAN_POINT('',(31.1568019484661,-63.339344734577,6.05073593128807));
#14576=CARTESIAN_POINT('Origin',(30.7325378797541,-63.146497430617,6.475));
#14577=CARTESIAN_POINT('',(28.2068019484661,-61.9984356436679,3.10073593128807));
#14578=CARTESIAN_POINT('',(26.2029242780281,-61.0875821571052,1.09685826085012));
#14579=CARTESIAN_POINT('',(27.7825378797541,-61.8055883397079,2.92499999999999));
#14580=CARTESIAN_POINT('Origin',(27.7825378797541,-61.8055883397079,3.52499999999999));
#14581=CARTESIAN_POINT('',(24.675,-60.3930711216379,2.92499999999999));
#14582=CARTESIAN_POINT('',(18.8501920832532,-57.7454311594802,2.92499999999998));
#14583=CARTESIAN_POINT('Origin',(24.675,-60.3930711216379,2.32499999999999));
#14584=CARTESIAN_POINT('Origin',(24.675,-50.,2.32499999999999));
#14585=CARTESIAN_POINT('',(24.675,32.3682925147258,2.92499999999999));
#14586=CARTESIAN_POINT('',(24.675,-50.,2.92499999999999));
#14587=CARTESIAN_POINT('Origin',(24.675,32.3682925147258,2.32499999999999));
#14588=CARTESIAN_POINT('Origin',(20.5,32.3682925147258,8.));
#14589=CARTESIAN_POINT('',(27.7825378797541,32.3682925147258,2.92499999999999));
#14590=CARTESIAN_POINT('',(22.25,32.3682925147258,2.92499999999998));
#14591=CARTESIAN_POINT('',(28.2068019484661,32.3682925147258,3.10073593128807));
#14592=CARTESIAN_POINT('Origin',(27.7825378797541,32.3682925147258,3.52499999999999));
#14593=CARTESIAN_POINT('',(31.1568019484661,32.3682925147258,6.05073593128807));
#14594=CARTESIAN_POINT('',(27.428033008589,32.3682925147258,2.32196699141101));
#14595=CARTESIAN_POINT('',(30.7325378797541,32.3682925147258,7.075));
#14596=CARTESIAN_POINT('Origin',(30.7325378797541,32.3682925147258,6.475));
#14597=CARTESIAN_POINT('',(13.2674621202459,32.3682925147258,7.075));
#14598=CARTESIAN_POINT('',(26.25,32.3682925147258,7.075));
#14599=CARTESIAN_POINT('',(12.8431980515339,32.3682925147258,6.05073593128807));
#14600=CARTESIAN_POINT('Origin',(13.2674621202459,32.3682925147258,6.475));
#14601=CARTESIAN_POINT('',(14.7946699141101,32.3682925147258,4.09926406871193));
#14602=CARTESIAN_POINT('',(13.821966991411,32.3682925147258,5.07196699141101));
#14603=CARTESIAN_POINT('',(14.3704058453982,32.3682925147258,3.075));
#14604=CARTESIAN_POINT('Origin',(14.3704058453982,32.3682925147258,3.675));
#14605=CARTESIAN_POINT('',(18.25,32.3682925147258,3.075));
#14606=CARTESIAN_POINT('',(4.00000000000001,32.3682925147258,9.5));
#14607=CARTESIAN_POINT('Origin',(24.,-50.,2.92499999999999));
#14608=CARTESIAN_POINT('',(27.7825378797541,-50.,2.92499999999999));
#14609=CARTESIAN_POINT('Origin',(27.7825378797541,-50.,3.52499999999999));
#14610=CARTESIAN_POINT('',(28.2068019484661,-50.,3.10073593128807));
#14611=CARTESIAN_POINT('Origin',(30.7325378797541,-50.,6.475));
#14612=CARTESIAN_POINT('',(31.1568019484661,-50.,6.05073593128807));
#14613=CARTESIAN_POINT('',(30.7325378797541,-50.,7.075));
#14614=CARTESIAN_POINT('Origin',(28.053033008589,-50.,2.946966991411));
#14615=CARTESIAN_POINT('Origin',(13.2674621202459,-50.,6.475));
#14616=CARTESIAN_POINT('',(13.2674621202459,-50.,7.075));
#14617=CARTESIAN_POINT('',(12.8431980515339,-50.,6.05073593128807));
#14618=CARTESIAN_POINT('Origin',(32.,-50.,7.075));
#14619=CARTESIAN_POINT('Origin',(14.3704058453982,-50.,3.675));
#14620=CARTESIAN_POINT('',(14.3704058453982,-50.,3.075));
#14621=CARTESIAN_POINT('',(14.7946699141101,-50.,4.09926406871193));
#14622=CARTESIAN_POINT('Origin',(16.,-50.,3.075));
#14623=CARTESIAN_POINT('Origin',(103.93466313,-50.,2.68123605052205E-15));
#14624=CARTESIAN_POINT('',(94.43466313,-30.6317074852742,5.03061638136746E-15));
#14625=CARTESIAN_POINT('',(94.43466313,-50.,3.84465050971203E-15));
#14626=CARTESIAN_POINT('Origin',(103.93466313,-30.6317074852742,3.86720192217748E-15));
#14627=CARTESIAN_POINT('Origin',(103.93466313,-39.6317074852742,3.31611086256117E-15));
#14628=CARTESIAN_POINT('Origin',(103.93466313,-30.6317074852742,2.37868360556132E-14));
#14629=CARTESIAN_POINT('Origin',(103.93466313,-39.6317074852742,2.43379271152295E-14));
#14630=CARTESIAN_POINT('Origin',(103.93466313,-30.6317074852742,3.86720192217748E-15));
#14631=CARTESIAN_POINT('Origin',(19.,-7.6317074852742,16.));
#14632=CARTESIAN_POINT('Origin',(21.,-3.6317074852742,14.));
#14633=CARTESIAN_POINT('Origin',(63.93466313,-56.6067074852742,10.));
#14634=CARTESIAN_POINT('',(63.93466313,-51.6192074852742,13.7));
#14635=CARTESIAN_POINT('Origin',(11.946966991411,-50.,6.94696699141101));
#14636=CARTESIAN_POINT('Origin',(103.93466313,-46.6317074852742,-13.6999999999999));
#14637=CARTESIAN_POINT('',(118.93466313,-61.6317074852742,-13.6999999999999));
#14638=CARTESIAN_POINT('',(118.93466313,-39.1317074852742,-13.6999999999999));
#14639=CARTESIAN_POINT('',(88.93466313,-61.6317074852742,-13.6999999999999));
#14640=CARTESIAN_POINT('',(111.43466313,-61.6317074852742,-13.6999999999999));
#14641=CARTESIAN_POINT('',(88.93466313,-54.1317074852742,-13.6999999999999));
#14642=CARTESIAN_POINT('',(78.93466313,-61.6317074852742,-13.6999999999999));
#14643=CARTESIAN_POINT('',(78.93466313,-39.1317074852742,-13.6999999999999));
#14644=CARTESIAN_POINT('',(48.93466313,-61.6317074852742,-13.7));
#14645=CARTESIAN_POINT('',(71.43466313,-61.6317074852742,-13.6999999999999));
#14646=CARTESIAN_POINT('',(48.93466313,-54.1317074852742,-13.7));
#14647=CARTESIAN_POINT('Origin',(118.93466313,-31.6317074852742,-15.9999999999999));
#14648=CARTESIAN_POINT('',(118.93466313,-61.6317074852742,-15.9999999999999));
#14649=CARTESIAN_POINT('',(118.93466313,-31.6317074852742,-15.9999999999999));
#14650=CARTESIAN_POINT('Origin',(88.93466313,-31.6317074852742,-15.9999999999999));
#14651=CARTESIAN_POINT('',(88.93466313,-31.6317074852742,-15.9999999999999));
#14652=CARTESIAN_POINT('Origin',(88.93466313,-61.6317074852742,-15.9999999999999));
#14653=CARTESIAN_POINT('',(88.93466313,-61.6317074852742,-15.9999999999999));
#14654=CARTESIAN_POINT('Origin',(118.93466313,-61.6317074852742,-15.9999999999999));
#14655=CARTESIAN_POINT('Origin',(78.93466313,-31.6317074852742,-15.9999999999999));
#14656=CARTESIAN_POINT('',(78.93466313,-61.6317074852742,-15.9999999999999));
#14657=CARTESIAN_POINT('',(78.93466313,-31.6317074852742,-15.9999999999999));
#14658=CARTESIAN_POINT('Origin',(48.93466313,-31.6317074852742,-16.));
#14659=CARTESIAN_POINT('',(48.93466313,-31.6317074852742,-16.));
#14660=CARTESIAN_POINT('Origin',(48.93466313,-61.6317074852742,-16.));
#14661=CARTESIAN_POINT('',(48.93466313,-61.6317074852742,-16.));
#14662=CARTESIAN_POINT('Origin',(78.93466313,-61.6317074852742,-15.9999999999999));
#14663=CARTESIAN_POINT('Origin',(96.43466313,-39.6317074852742,-7.99999999999998));
#14664=CARTESIAN_POINT('',(111.43466313,-39.6317074852742,-9.24999999999997));
#14665=CARTESIAN_POINT('Origin',(111.43466313,-39.6317074852742,-7.99999999999997));
#14666=CARTESIAN_POINT('Origin',(81.43466313,-39.6317074852742,-7.99999999999999));
#14667=CARTESIAN_POINT('',(79.43466313,-39.6317074852742,-7.99999999999999));
#14668=CARTESIAN_POINT('Origin',(81.43466313,-39.6317074852742,-7.99999999999999));
#14669=CARTESIAN_POINT('',(79.43466313,-39.6317074852742,-7.99999999999999));
#14670=CARTESIAN_POINT('Origin',(96.43466313,-39.6317074852742,-7.99999999999998));
#14671=CARTESIAN_POINT('',(81.43466313,-39.6317074852742,-9.24999999999999));
#14672=CARTESIAN_POINT('Origin',(81.43466313,-39.6317074852742,-7.99999999999999));
#14673=CARTESIAN_POINT('Origin',(81.43466313,-43.,-7.99999999999999));
#14674=CARTESIAN_POINT('',(81.43466313,-43.,-9.24999999999999));
#14675=CARTESIAN_POINT('Origin',(111.43466313,-43.,-7.99999999999997));
#14676=CARTESIAN_POINT('',(111.43466313,-43.,-9.24999999999997));
#14677=CARTESIAN_POINT('Origin',(118.93466313,-31.6317074852742,15.9999999999999));
#14678=CARTESIAN_POINT('',(118.93466313,-31.6317074852742,15.9999999999999));
#14679=CARTESIAN_POINT('Origin',(88.93466313,-31.6317074852742,16.));
#14680=CARTESIAN_POINT('',(88.93466313,-31.6317074852742,16.));
#14681=CARTESIAN_POINT('Origin',(88.93466313,-61.6317074852742,16.));
#14682=CARTESIAN_POINT('Origin',(63.93466313,-46.6317074852742,13.7));
#14683=CARTESIAN_POINT('',(48.93466313,-54.1317074852742,13.7));
#14684=CARTESIAN_POINT('Origin',(48.93466313,-31.6317074852742,16.));
#14685=CARTESIAN_POINT('',(48.93466313,-31.6317074852742,16.));
#14686=CARTESIAN_POINT('Origin',(48.93466313,-61.6317074852742,16.));
#14687=CARTESIAN_POINT('Origin',(96.43466313,-39.6317074852742,8.));
#14688=CARTESIAN_POINT('',(111.43466313,-39.6317074852742,9.25));
#14689=CARTESIAN_POINT('Origin',(111.43466313,-39.6317074852742,8.));
#14690=CARTESIAN_POINT('Origin',(81.43466313,-39.6317074852742,8.00000000000001));
#14691=CARTESIAN_POINT('',(79.43466313,-39.6317074852742,8.00000000000001));
#14692=CARTESIAN_POINT('Origin',(81.43466313,-39.6317074852742,8.00000000000001));
#14693=CARTESIAN_POINT('',(79.43466313,-39.6317074852742,8.00000000000001));
#14694=CARTESIAN_POINT('Origin',(96.43466313,-39.6317074852742,8.));
#14695=CARTESIAN_POINT('',(81.43466313,-39.6317074852742,9.25));
#14696=CARTESIAN_POINT('Origin',(81.43466313,-39.6317074852742,8.));
#14697=CARTESIAN_POINT('Origin',(81.43466313,-43.,8.));
#14698=CARTESIAN_POINT('',(81.43466313,-43.,9.25));
#14699=CARTESIAN_POINT('Origin',(111.43466313,-43.,8.));
#14700=CARTESIAN_POINT('',(111.43466313,-43.,9.25));
#14701=CARTESIAN_POINT('Origin',(103.93466313,-30.6317074852742,3.40641192090574E-15));
#14702=CARTESIAN_POINT('Origin',(37.,-41.6317074852742,-1.11022302462516E-15));
#14703=CARTESIAN_POINT('Origin',(34.,-26.7067074852742,2.22044604925031E-15));
#14704=CARTESIAN_POINT('Origin',(4.00000000000001,27.0855969274887,7.25));
#14705=CARTESIAN_POINT('',(7.00000000000001,28.1775076302873,7.25));
#14706=CARTESIAN_POINT('',(4.00000000000001,27.0855969274887,7.25));
#14707=CARTESIAN_POINT('',(7.00000000000001,27.5393266198024,7.25));
#14708=CARTESIAN_POINT('',(7.00000000000001,27.5393266198024,7.25));
#14709=CARTESIAN_POINT('',(4.00000000000001,26.4474159170038,7.25));
#14710=CARTESIAN_POINT('Origin',(4.00000000000001,20.8024116203091,7.25));
#14711=CARTESIAN_POINT('',(7.00000000000001,21.8943223231077,7.25));
#14712=CARTESIAN_POINT('',(4.00000000000001,20.8024116203091,7.25));
#14713=CARTESIAN_POINT('',(7.00000000000001,21.2561413126228,7.25));
#14714=CARTESIAN_POINT('',(7.00000000000001,21.2561413126228,7.25));
#14715=CARTESIAN_POINT('',(4.00000000000001,20.1642306098242,7.25));
#14716=CARTESIAN_POINT('Origin',(4.00000000000001,14.5192263131295,7.25));
#14717=CARTESIAN_POINT('',(7.00000000000001,15.6111370159281,7.25));
#14718=CARTESIAN_POINT('',(4.00000000000001,14.5192263131295,7.25));
#14719=CARTESIAN_POINT('',(7.00000000000001,14.9729560054432,7.25));
#14720=CARTESIAN_POINT('',(7.00000000000001,14.9729560054432,7.25));
#14721=CARTESIAN_POINT('',(4.00000000000001,13.8810453026446,7.25));
#14722=CARTESIAN_POINT('Origin',(4.00000000000001,8.23604100594991,7.25));
#14723=CARTESIAN_POINT('',(7.00000000000001,9.32795170874853,7.25));
#14724=CARTESIAN_POINT('',(4.00000000000001,8.23604100594991,7.25));
#14725=CARTESIAN_POINT('',(7.00000000000001,8.68977069826363,7.25));
#14726=CARTESIAN_POINT('',(7.00000000000001,8.68977069826363,7.25));
#14727=CARTESIAN_POINT('',(4.00000000000001,7.59785999546502,7.25));
#14728=CARTESIAN_POINT('Origin',(4.00000000000001,1.95285569877032,7.25));
#14729=CARTESIAN_POINT('',(7.00000000000001,3.04476640156893,7.25));
#14730=CARTESIAN_POINT('',(4.00000000000001,1.95285569877032,7.25));
#14731=CARTESIAN_POINT('',(7.00000000000001,2.40658539108403,7.25));
#14732=CARTESIAN_POINT('',(7.00000000000001,2.40658539108402,7.25));
#14733=CARTESIAN_POINT('',(4.00000000000001,1.31467468828542,7.25));
#14734=CARTESIAN_POINT('Origin',(4.00000000000001,-4.33032960840927,7.25));
#14735=CARTESIAN_POINT('',(7.00000000000001,-3.23841890561066,7.25));
#14736=CARTESIAN_POINT('',(4.00000000000001,-4.33032960840927,7.25));
#14737=CARTESIAN_POINT('',(7.00000000000001,-3.87659991609556,7.25));
#14738=CARTESIAN_POINT('',(7.00000000000001,-3.87659991609556,7.25));
#14739=CARTESIAN_POINT('',(4.00000000000001,-4.96851061889417,7.25));
#14740=CARTESIAN_POINT('Origin',(4.00000000000001,-10.6135149155889,7.25));
#14741=CARTESIAN_POINT('',(7.00000000000001,-9.52160421279024,7.25));
#14742=CARTESIAN_POINT('',(4.00000000000001,-10.6135149155889,7.25));
#14743=CARTESIAN_POINT('',(7.00000000000001,-10.1597852232751,7.25));
#14744=CARTESIAN_POINT('',(7.00000000000001,-10.1597852232751,7.25));
#14745=CARTESIAN_POINT('',(4.00000000000001,-11.2516959260738,7.25));
#14746=CARTESIAN_POINT('Origin',(4.00000000000001,-15.8475079919197,9.5));
#14747=CARTESIAN_POINT('',(4.00000000000001,-16.8967002227684,7.25));
#14748=CARTESIAN_POINT('',(4.00000000000001,-16.8967002227684,7.25));
#14749=CARTESIAN_POINT('',(4.00000000000001,-16.8967002227684,7.25));
#14750=CARTESIAN_POINT('Origin',(4.00000000000001,-16.8967002227684,7.25));
#14751=CARTESIAN_POINT('',(4.00000000000001,-17.5348812332533,7.25));
#14752=CARTESIAN_POINT('',(4.00000000000001,-17.5348812332533,7.25));
#14753=CARTESIAN_POINT('',(7.00000000000001,-15.8047895199698,7.25));
#14754=CARTESIAN_POINT('',(4.00000000000001,-16.8967002227684,7.25));
#14755=CARTESIAN_POINT('',(7.00000000000001,-16.4429705304547,7.25));
#14756=CARTESIAN_POINT('',(7.00000000000001,-16.4429705304547,7.25));
#14757=CARTESIAN_POINT('',(4.00000000000001,-17.5348812332533,7.25));
#14758=CARTESIAN_POINT('Origin',(4.00000000000001,-17.5348812332533,7.25));
#14759=CARTESIAN_POINT('',(4.00000000000001,-18.5840734641021,9.5));
#14760=CARTESIAN_POINT('Origin',(4.00000000000001,-22.1306932990993,9.5));
#14761=CARTESIAN_POINT('',(4.00000000000001,-23.179885529948,7.25));
#14762=CARTESIAN_POINT('',(4.00000000000001,-23.179885529948,7.25));
#14763=CARTESIAN_POINT('',(4.00000000000001,-23.179885529948,7.25));
#14764=CARTESIAN_POINT('Origin',(4.00000000000001,-23.179885529948,7.25));
#14765=CARTESIAN_POINT('',(4.00000000000001,-23.8180665404329,7.25));
#14766=CARTESIAN_POINT('',(4.00000000000001,-23.8180665404329,7.25));
#14767=CARTESIAN_POINT('',(7.00000000000001,-22.0879748271494,7.25));
#14768=CARTESIAN_POINT('',(4.00000000000001,-23.179885529948,7.25));
#14769=CARTESIAN_POINT('',(7.00000000000001,-22.7261558376343,7.25));
#14770=CARTESIAN_POINT('',(7.00000000000001,-22.7261558376343,7.25));
#14771=CARTESIAN_POINT('',(4.00000000000001,-23.8180665404329,7.25));
#14772=CARTESIAN_POINT('Origin',(4.00000000000001,-23.8180665404329,7.25));
#14773=CARTESIAN_POINT('',(4.00000000000001,-24.8672587712817,9.5));
#14774=CARTESIAN_POINT('Origin',(4.00000000000001,-28.4138786062789,9.5));
#14775=CARTESIAN_POINT('',(4.00000000000001,-29.4630708371276,7.25));
#14776=CARTESIAN_POINT('',(4.00000000000001,-29.4630708371276,7.25));
#14777=CARTESIAN_POINT('',(4.00000000000001,-29.4630708371276,7.25));
#14778=CARTESIAN_POINT('Origin',(4.00000000000001,-29.4630708371276,7.25));
#14779=CARTESIAN_POINT('',(4.00000000000001,-30.1012518476125,7.25));
#14780=CARTESIAN_POINT('',(4.00000000000001,-30.1012518476125,7.25));
#14781=CARTESIAN_POINT('',(7.00000000000001,-28.371160134329,7.25));
#14782=CARTESIAN_POINT('',(4.00000000000001,-29.4630708371276,7.25));
#14783=CARTESIAN_POINT('',(7.00000000000001,-29.0093411448139,7.25));
#14784=CARTESIAN_POINT('',(7.00000000000001,-29.0093411448139,7.25));
#14785=CARTESIAN_POINT('',(4.00000000000001,-30.1012518476125,7.25));
#14786=CARTESIAN_POINT('Origin',(4.00000000000001,-30.1012518476125,7.25));
#14787=CARTESIAN_POINT('',(4.00000000000001,-31.1504440784613,9.5));
#14788=CARTESIAN_POINT('Origin',(4.00000000000001,-34.6970639134585,9.5));
#14789=CARTESIAN_POINT('',(4.00000000000001,-35.7462561443072,7.25));
#14790=CARTESIAN_POINT('',(4.00000000000001,-35.7462561443072,7.25));
#14791=CARTESIAN_POINT('',(4.00000000000001,-35.7462561443072,7.25));
#14792=CARTESIAN_POINT('Origin',(4.00000000000001,-35.7462561443072,7.25));
#14793=CARTESIAN_POINT('',(4.00000000000001,-36.3844371547921,7.25));
#14794=CARTESIAN_POINT('',(4.00000000000001,-36.3844371547921,7.25));
#14795=CARTESIAN_POINT('',(7.00000000000001,-34.6543454415086,7.25));
#14796=CARTESIAN_POINT('',(4.00000000000001,-35.7462561443072,7.25));
#14797=CARTESIAN_POINT('',(7.00000000000001,-35.2925264519935,7.25));
#14798=CARTESIAN_POINT('',(7.00000000000001,-35.2925264519935,7.25));
#14799=CARTESIAN_POINT('',(4.00000000000001,-36.3844371547921,7.25));
#14800=CARTESIAN_POINT('Origin',(4.00000000000001,-36.3844371547921,7.25));
#14801=CARTESIAN_POINT('',(4.00000000000001,-37.4336293856408,9.5));
#14802=CARTESIAN_POINT('Origin',(4.00000000000001,-40.980249220638,9.5));
#14803=CARTESIAN_POINT('',(4.00000000000001,-42.0294414514868,7.25));
#14804=CARTESIAN_POINT('',(4.00000000000001,-42.0294414514868,7.25));
#14805=CARTESIAN_POINT('',(4.00000000000001,-42.0294414514868,7.25));
#14806=CARTESIAN_POINT('Origin',(4.00000000000001,-42.0294414514868,7.25));
#14807=CARTESIAN_POINT('',(4.00000000000001,-42.6676224619717,7.25));
#14808=CARTESIAN_POINT('',(4.00000000000001,-42.6676224619717,7.25));
#14809=CARTESIAN_POINT('',(7.00000000000001,-40.9375307486882,7.25));
#14810=CARTESIAN_POINT('',(4.00000000000001,-42.0294414514868,7.25));
#14811=CARTESIAN_POINT('',(7.00000000000001,-41.5757117591731,7.25));
#14812=CARTESIAN_POINT('',(7.00000000000001,-41.5757117591731,7.25));
#14813=CARTESIAN_POINT('',(4.00000000000001,-42.6676224619717,7.25));
#14814=CARTESIAN_POINT('Origin',(4.00000000000001,-42.6676224619717,7.25));
#14815=CARTESIAN_POINT('',(4.00000000000001,-43.7168146928204,9.5));
#14816=CARTESIAN_POINT('Origin',(4.00000000000001,-47.2634345278176,9.5));
#14817=CARTESIAN_POINT('',(4.00000000000001,-48.3126267586664,7.25));
#14818=CARTESIAN_POINT('',(4.00000000000001,-48.3126267586664,7.25));
#14819=CARTESIAN_POINT('',(4.00000000000001,-48.3126267586664,7.25));
#14820=CARTESIAN_POINT('Origin',(4.00000000000001,-48.3126267586664,7.25));
#14821=CARTESIAN_POINT('',(4.00000000000001,-48.9508077691513,7.25));
#14822=CARTESIAN_POINT('',(4.00000000000001,-48.9508077691513,7.25));
#14823=CARTESIAN_POINT('',(7.00000000000001,-47.2207160558678,7.25));
#14824=CARTESIAN_POINT('',(4.00000000000001,-48.3126267586664,7.25));
#14825=CARTESIAN_POINT('',(7.00000000000001,-47.8588970663527,7.25));
#14826=CARTESIAN_POINT('',(7.00000000000001,-47.8588970663527,7.25));
#14827=CARTESIAN_POINT('',(4.00000000000001,-48.9508077691513,7.25));
#14828=CARTESIAN_POINT('Origin',(4.00000000000001,-48.9508077691513,7.25));
#14829=CARTESIAN_POINT('',(4.00000000000001,-50.,9.5));
#14830=CARTESIAN_POINT('Origin',(4.00000000000001,-44.1218418742278,9.5));
#14831=CARTESIAN_POINT('',(4.00000000000001,-45.1710341050766,7.25));
#14832=CARTESIAN_POINT('',(4.00000000000001,-45.1710341050766,7.25));
#14833=CARTESIAN_POINT('',(4.00000000000001,-45.1710341050766,7.25));
#14834=CARTESIAN_POINT('Origin',(4.00000000000001,-45.1710341050766,7.25));
#14835=CARTESIAN_POINT('',(4.00000000000001,-45.8092151155615,7.25));
#14836=CARTESIAN_POINT('',(4.00000000000001,-45.8092151155615,7.25));
#14837=CARTESIAN_POINT('',(7.00000000000001,-44.079123402278,7.25));
#14838=CARTESIAN_POINT('',(4.00000000000001,-45.1710341050766,7.25));
#14839=CARTESIAN_POINT('',(7.00000000000001,-44.7173044127629,7.25));
#14840=CARTESIAN_POINT('',(7.00000000000001,-44.7173044127629,7.25));
#14841=CARTESIAN_POINT('',(4.00000000000001,-45.8092151155615,7.25));
#14842=CARTESIAN_POINT('Origin',(4.00000000000001,-45.8092151155615,7.25));
#14843=CARTESIAN_POINT('',(4.00000000000001,-46.8584073464102,9.5));
#14844=CARTESIAN_POINT('Origin',(4.00000000000001,-37.8386565670482,9.5));
#14845=CARTESIAN_POINT('',(4.00000000000001,-38.887848797897,7.25));
#14846=CARTESIAN_POINT('',(4.00000000000001,-38.887848797897,7.25));
#14847=CARTESIAN_POINT('',(4.00000000000001,-38.887848797897,7.25));
#14848=CARTESIAN_POINT('Origin',(4.00000000000001,-38.887848797897,7.25));
#14849=CARTESIAN_POINT('',(4.00000000000001,-39.5260298083819,7.25));
#14850=CARTESIAN_POINT('',(4.00000000000001,-39.5260298083819,7.25));
#14851=CARTESIAN_POINT('',(7.00000000000001,-37.7959380950984,7.25));
#14852=CARTESIAN_POINT('',(4.00000000000001,-38.887848797897,7.25));
#14853=CARTESIAN_POINT('',(7.00000000000001,-38.4341191055833,7.25));
#14854=CARTESIAN_POINT('',(7.00000000000001,-38.4341191055833,7.25));
#14855=CARTESIAN_POINT('',(4.00000000000001,-39.5260298083819,7.25));
#14856=CARTESIAN_POINT('Origin',(4.00000000000001,-39.5260298083819,7.25));
#14857=CARTESIAN_POINT('',(4.00000000000001,-40.5752220392306,9.5));
#14858=CARTESIAN_POINT('Origin',(4.00000000000001,-31.5554712598687,9.5));
#14859=CARTESIAN_POINT('',(4.00000000000001,-32.6046634907174,7.25));
#14860=CARTESIAN_POINT('',(4.00000000000001,-32.6046634907174,7.25));
#14861=CARTESIAN_POINT('',(4.00000000000001,-32.6046634907174,7.25));
#14862=CARTESIAN_POINT('Origin',(4.00000000000001,-32.6046634907174,7.25));
#14863=CARTESIAN_POINT('',(4.00000000000001,-33.2428445012023,7.25));
#14864=CARTESIAN_POINT('',(4.00000000000001,-33.2428445012023,7.25));
#14865=CARTESIAN_POINT('',(7.00000000000001,-31.5127527879188,7.25));
#14866=CARTESIAN_POINT('',(4.00000000000001,-32.6046634907174,7.25));
#14867=CARTESIAN_POINT('',(7.00000000000001,-32.1509337984037,7.25));
#14868=CARTESIAN_POINT('',(7.00000000000001,-32.1509337984037,7.25));
#14869=CARTESIAN_POINT('',(4.00000000000001,-33.2428445012023,7.25));
#14870=CARTESIAN_POINT('Origin',(4.00000000000001,-33.2428445012023,7.25));
#14871=CARTESIAN_POINT('',(4.00000000000001,-34.2920367320511,9.5));
#14872=CARTESIAN_POINT('Origin',(4.00000000000001,-25.2722859526891,9.5));
#14873=CARTESIAN_POINT('',(4.00000000000001,-26.3214781835378,7.25));
#14874=CARTESIAN_POINT('',(4.00000000000001,-26.3214781835378,7.25));
#14875=CARTESIAN_POINT('',(4.00000000000001,-26.3214781835378,7.25));
#14876=CARTESIAN_POINT('Origin',(4.00000000000001,-26.3214781835378,7.25));
#14877=CARTESIAN_POINT('',(4.00000000000001,-26.9596591940227,7.25));
#14878=CARTESIAN_POINT('',(4.00000000000001,-26.9596591940227,7.25));
#14879=CARTESIAN_POINT('',(7.00000000000001,-25.2295674807392,7.25));
#14880=CARTESIAN_POINT('',(4.00000000000001,-26.3214781835378,7.25));
#14881=CARTESIAN_POINT('',(7.00000000000001,-25.8677484912241,7.25));
#14882=CARTESIAN_POINT('',(7.00000000000001,-25.8677484912241,7.25));
#14883=CARTESIAN_POINT('',(4.00000000000001,-26.9596591940227,7.25));
#14884=CARTESIAN_POINT('Origin',(4.00000000000001,-26.9596591940227,7.25));
#14885=CARTESIAN_POINT('',(4.00000000000001,-28.0088514248715,9.5));
#14886=CARTESIAN_POINT('Origin',(4.00000000000001,-18.9891006455095,9.5));
#14887=CARTESIAN_POINT('',(4.00000000000001,-20.0382928763582,7.25));
#14888=CARTESIAN_POINT('',(4.00000000000001,-20.0382928763582,7.25));
#14889=CARTESIAN_POINT('',(4.00000000000001,-20.0382928763582,7.25));
#14890=CARTESIAN_POINT('Origin',(4.00000000000001,-20.0382928763582,7.25));
#14891=CARTESIAN_POINT('',(4.00000000000001,-20.6764738868431,7.25));
#14892=CARTESIAN_POINT('',(4.00000000000001,-20.6764738868431,7.25));
#14893=CARTESIAN_POINT('',(7.00000000000001,-18.9463821735596,7.25));
#14894=CARTESIAN_POINT('',(4.00000000000001,-20.0382928763582,7.25));
#14895=CARTESIAN_POINT('',(7.00000000000001,-19.5845631840445,7.25));
#14896=CARTESIAN_POINT('',(7.00000000000001,-19.5845631840445,7.25));
#14897=CARTESIAN_POINT('',(4.00000000000001,-20.6764738868431,7.25));
#14898=CARTESIAN_POINT('Origin',(4.00000000000001,-20.6764738868431,7.25));
#14899=CARTESIAN_POINT('',(4.00000000000001,-21.7256661176919,9.5));
#14900=CARTESIAN_POINT('Origin',(4.00000000000001,-12.7059153383299,9.5));
#14901=CARTESIAN_POINT('',(4.00000000000001,-13.7551075691786,7.25));
#14902=CARTESIAN_POINT('',(4.00000000000001,-13.7551075691786,7.25));
#14903=CARTESIAN_POINT('',(4.00000000000001,-13.7551075691786,7.25));
#14904=CARTESIAN_POINT('Origin',(4.00000000000001,-13.7551075691786,7.25));
#14905=CARTESIAN_POINT('',(4.00000000000001,-14.3932885796635,7.25));
#14906=CARTESIAN_POINT('',(4.00000000000001,-14.3932885796635,7.25));
#14907=CARTESIAN_POINT('',(7.00000000000001,-12.66319686638,7.25));
#14908=CARTESIAN_POINT('',(4.00000000000001,-13.7551075691786,7.25));
#14909=CARTESIAN_POINT('',(7.00000000000001,-13.3013778768649,7.25));
#14910=CARTESIAN_POINT('',(7.00000000000001,-13.3013778768649,7.25));
#14911=CARTESIAN_POINT('',(4.00000000000001,-14.3932885796635,7.25));
#14912=CARTESIAN_POINT('Origin',(4.00000000000001,-14.3932885796635,7.25));
#14913=CARTESIAN_POINT('',(4.00000000000001,-15.4424808105123,9.5));
#14914=CARTESIAN_POINT('Origin',(4.00000000000001,-7.47192226199906,7.25));
#14915=CARTESIAN_POINT('',(7.00000000000001,-6.38001155920045,7.25));
#14916=CARTESIAN_POINT('',(4.00000000000001,-7.47192226199906,7.25));
#14917=CARTESIAN_POINT('',(7.00000000000001,-7.01819256968535,7.25));
#14918=CARTESIAN_POINT('',(7.00000000000001,-7.01819256968536,7.25));
#14919=CARTESIAN_POINT('',(4.00000000000001,-8.11010327248396,7.25));
#14920=CARTESIAN_POINT('Origin',(4.00000000000001,-1.18873695481947,7.25));
#14921=CARTESIAN_POINT('',(7.00000000000001,-0.0968262520208629,7.25));
#14922=CARTESIAN_POINT('',(4.00000000000001,-1.18873695481947,7.25));
#14923=CARTESIAN_POINT('',(7.00000000000001,-0.735007262505762,7.25));
#14924=CARTESIAN_POINT('',(7.00000000000001,-0.735007262505771,7.25));
#14925=CARTESIAN_POINT('',(4.00000000000001,-1.82691796530437,7.25));
#14926=CARTESIAN_POINT('Origin',(4.00000000000001,5.09444835236011,7.25));
#14927=CARTESIAN_POINT('',(7.00000000000001,6.18635905515872,7.25));
#14928=CARTESIAN_POINT('',(4.00000000000001,5.09444835236011,7.25));
#14929=CARTESIAN_POINT('',(7.00000000000001,5.54817804467382,7.25));
#14930=CARTESIAN_POINT('',(7.00000000000001,5.54817804467381,7.25));
#14931=CARTESIAN_POINT('',(4.00000000000001,4.45626734187521,7.25));
#14932=CARTESIAN_POINT('Origin',(4.00000000000001,11.3776336595397,7.25));
#14933=CARTESIAN_POINT('',(7.00000000000001,12.4695443623383,7.25));
#14934=CARTESIAN_POINT('',(4.00000000000001,11.3776336595397,7.25));
#14935=CARTESIAN_POINT('',(7.00000000000001,11.8313633518534,7.25));
#14936=CARTESIAN_POINT('',(7.00000000000001,11.8313633518534,7.25));
#14937=CARTESIAN_POINT('',(4.00000000000001,10.7394526490548,7.25));
#14938=CARTESIAN_POINT('Origin',(4.00000000000001,17.6608189667193,7.25));
#14939=CARTESIAN_POINT('',(7.00000000000001,18.7527296695179,7.25));
#14940=CARTESIAN_POINT('',(4.00000000000001,17.6608189667193,7.25));
#14941=CARTESIAN_POINT('',(7.00000000000001,18.114548659033,7.25));
#14942=CARTESIAN_POINT('',(7.00000000000001,18.114548659033,7.25));
#14943=CARTESIAN_POINT('',(4.00000000000001,17.0226379562344,7.25));
#14944=CARTESIAN_POINT('Origin',(4.00000000000001,23.9440042738989,7.25));
#14945=CARTESIAN_POINT('',(7.00000000000001,25.0359149766975,7.25));
#14946=CARTESIAN_POINT('',(4.00000000000001,23.9440042738989,7.25));
#14947=CARTESIAN_POINT('',(7.00000000000001,24.3977339662126,7.25));
#14948=CARTESIAN_POINT('',(7.00000000000001,24.3977339662126,7.25));
#14949=CARTESIAN_POINT('',(4.00000000000001,23.305823263414,7.25));
#14950=CARTESIAN_POINT('Origin',(4.00000000000001,31.2763818119272,9.5));
#14951=CARTESIAN_POINT('',(4.00000000000001,31.2763818119272,9.5));
#14952=CARTESIAN_POINT('',(4.00000000000001,31.2763818119272,9.5));
#14953=CARTESIAN_POINT('',(4.00000000000001,30.2271895810784,7.25));
#14954=CARTESIAN_POINT('',(4.00000000000001,30.2271895810784,7.25));
#14955=CARTESIAN_POINT('',(4.00000000000001,30.2271895810784,7.25));
#14956=CARTESIAN_POINT('Origin',(4.00000000000001,30.2271895810784,7.25));
#14957=CARTESIAN_POINT('',(7.00000000000001,31.3191002838771,7.25));
#14958=CARTESIAN_POINT('',(4.00000000000001,30.2271895810784,7.25));
#14959=CARTESIAN_POINT('',(7.00000000000001,30.6809192733922,7.25));
#14960=CARTESIAN_POINT('',(7.00000000000001,30.6809192733922,7.25));
#14961=CARTESIAN_POINT('',(4.00000000000001,29.5890085705936,7.25));
#14962=CARTESIAN_POINT('Origin',(4.00000000000001,32.3682925147258,9.5));
#14963=CARTESIAN_POINT('',(4.00000000000001,31.2763818119272,9.5));
#14964=CARTESIAN_POINT('Origin',(4.00000000000001,28.1347891583374,9.5));
#14965=CARTESIAN_POINT('',(7.00000000000001,28.1775076302873,7.25));
#14966=CARTESIAN_POINT('Origin',(4.00000000000001,26.4474159170038,7.25));
#14967=CARTESIAN_POINT('',(7.00000000000001,26.4901343889536,9.5));
#14968=CARTESIAN_POINT('Origin',(4.00000000000001,21.8516038511578,9.5));
#14969=CARTESIAN_POINT('',(7.00000000000001,21.8943223231077,7.25));
#14970=CARTESIAN_POINT('Origin',(4.00000000000001,20.1642306098242,7.25));
#14971=CARTESIAN_POINT('',(7.00000000000001,20.206949081774,9.5));
#14972=CARTESIAN_POINT('Origin',(4.00000000000001,15.5684185439782,9.5));
#14973=CARTESIAN_POINT('',(7.00000000000001,15.6111370159281,7.25));
#14974=CARTESIAN_POINT('Origin',(4.00000000000001,13.8810453026446,7.25));
#14975=CARTESIAN_POINT('',(7.00000000000001,13.9237637745944,9.5));
#14976=CARTESIAN_POINT('Origin',(4.00000000000001,9.28523323679866,9.5));
#14977=CARTESIAN_POINT('',(7.00000000000001,9.32795170874853,7.25));
#14978=CARTESIAN_POINT('Origin',(4.00000000000001,7.59785999546502,7.25));
#14979=CARTESIAN_POINT('',(7.00000000000001,7.64057846741488,9.5));
#14980=CARTESIAN_POINT('Origin',(4.00000000000001,3.00204792961907,9.5));
#14981=CARTESIAN_POINT('',(7.00000000000001,3.04476640156892,7.25));
#14982=CARTESIAN_POINT('Origin',(4.00000000000001,1.31467468828542,7.25));
#14983=CARTESIAN_POINT('',(7.00000000000001,1.35739316023528,9.5));
#14984=CARTESIAN_POINT('Origin',(4.00000000000001,-3.28113737756052,9.5));
#14985=CARTESIAN_POINT('',(7.00000000000001,-3.23841890561066,7.25));
#14986=CARTESIAN_POINT('Origin',(4.00000000000001,-4.96851061889417,7.25));
#14987=CARTESIAN_POINT('',(7.00000000000001,-4.9257921469443,9.5));
#14988=CARTESIAN_POINT('Origin',(4.00000000000001,-9.56432268474011,9.5));
#14989=CARTESIAN_POINT('',(7.00000000000001,-9.52160421279025,7.25));
#14990=CARTESIAN_POINT('Origin',(4.00000000000001,-11.2516959260738,7.25));
#14991=CARTESIAN_POINT('',(7.00000000000001,-11.2089774541239,9.5));
#14992=CARTESIAN_POINT('Origin',(4.00000000000001,-15.8475079919197,9.5));
#14993=CARTESIAN_POINT('',(7.00000000000001,-15.8047895199698,7.25));
#14994=CARTESIAN_POINT('Origin',(4.00000000000001,-17.5348812332533,7.25));
#14995=CARTESIAN_POINT('',(7.00000000000001,-17.4921627613035,9.5));
#14996=CARTESIAN_POINT('Origin',(4.00000000000001,-22.1306932990993,9.5));
#14997=CARTESIAN_POINT('',(7.00000000000001,-22.0879748271494,7.25));
#14998=CARTESIAN_POINT('Origin',(4.00000000000001,-23.8180665404329,7.25));
#14999=CARTESIAN_POINT('',(7.00000000000001,-23.7753480684831,9.5));
#15000=CARTESIAN_POINT('Origin',(4.00000000000001,-28.4138786062789,9.5));
#15001=CARTESIAN_POINT('',(7.00000000000001,-28.371160134329,7.25));
#15002=CARTESIAN_POINT('Origin',(4.00000000000001,-30.1012518476125,7.25));
#15003=CARTESIAN_POINT('',(7.00000000000001,-30.0585333756627,9.5));
#15004=CARTESIAN_POINT('Origin',(4.00000000000001,-34.6970639134585,9.5));
#15005=CARTESIAN_POINT('',(7.00000000000001,-34.6543454415086,7.25));
#15006=CARTESIAN_POINT('Origin',(4.00000000000001,-36.3844371547921,7.25));
#15007=CARTESIAN_POINT('',(7.00000000000001,-36.3417186828422,9.5));
#15008=CARTESIAN_POINT('Origin',(4.00000000000001,-40.980249220638,9.5));
#15009=CARTESIAN_POINT('',(7.00000000000001,-40.9375307486882,7.25));
#15010=CARTESIAN_POINT('Origin',(4.00000000000001,-42.6676224619717,7.25));
#15011=CARTESIAN_POINT('',(7.00000000000001,-42.6249039900218,9.5));
#15012=CARTESIAN_POINT('Origin',(4.00000000000001,-47.2634345278176,9.5));
#15013=CARTESIAN_POINT('',(7.00000000000001,-47.2207160558678,7.25));
#15014=CARTESIAN_POINT('Origin',(4.00000000000001,-48.9508077691513,7.25));
#15015=CARTESIAN_POINT('',(7.00000000000001,-48.9080892972014,9.5));
#15016=CARTESIAN_POINT('Origin',(4.00000000000001,-44.1218418742278,9.5));
#15017=CARTESIAN_POINT('',(7.00000000000001,-44.079123402278,7.25));
#15018=CARTESIAN_POINT('Origin',(4.00000000000001,-45.8092151155615,7.25));
#15019=CARTESIAN_POINT('',(7.00000000000001,-45.7664966436116,9.5));
#15020=CARTESIAN_POINT('Origin',(4.00000000000001,-37.8386565670482,9.5));
#15021=CARTESIAN_POINT('',(7.00000000000001,-37.7959380950984,7.25));
#15022=CARTESIAN_POINT('Origin',(4.00000000000001,-39.5260298083819,7.25));
#15023=CARTESIAN_POINT('',(7.00000000000001,-39.483311336432,9.5));
#15024=CARTESIAN_POINT('Origin',(4.00000000000001,-31.5554712598687,9.5));
#15025=CARTESIAN_POINT('',(7.00000000000001,-31.5127527879188,7.25));
#15026=CARTESIAN_POINT('Origin',(4.00000000000001,-33.2428445012023,7.25));
#15027=CARTESIAN_POINT('',(7.00000000000001,-33.2001260292525,9.5));
#15028=CARTESIAN_POINT('Origin',(4.00000000000001,-25.2722859526891,9.5));
#15029=CARTESIAN_POINT('',(7.00000000000001,-25.2295674807392,7.25));
#15030=CARTESIAN_POINT('Origin',(4.00000000000001,-26.9596591940227,7.25));
#15031=CARTESIAN_POINT('',(7.00000000000001,-26.9169407220729,9.5));
#15032=CARTESIAN_POINT('Origin',(4.00000000000001,-18.9891006455095,9.5));
#15033=CARTESIAN_POINT('',(7.00000000000001,-18.9463821735596,7.25));
#15034=CARTESIAN_POINT('Origin',(4.00000000000001,-20.6764738868431,7.25));
#15035=CARTESIAN_POINT('',(7.00000000000001,-20.6337554148933,9.5));
#15036=CARTESIAN_POINT('Origin',(4.00000000000001,-12.7059153383299,9.5));
#15037=CARTESIAN_POINT('',(7.00000000000001,-12.66319686638,7.25));
#15038=CARTESIAN_POINT('Origin',(4.00000000000001,-14.3932885796635,7.25));
#15039=CARTESIAN_POINT('',(7.00000000000001,-14.3505701077137,9.5));
#15040=CARTESIAN_POINT('Origin',(4.00000000000001,-6.42273003115031,9.5));
#15041=CARTESIAN_POINT('',(7.00000000000001,-6.38001155920046,7.25));
#15042=CARTESIAN_POINT('Origin',(4.00000000000001,-8.11010327248396,7.25));
#15043=CARTESIAN_POINT('',(7.00000000000001,-8.0673848005341,9.5));
#15044=CARTESIAN_POINT('Origin',(4.00000000000001,-0.139544723970726,9.5));
#15045=CARTESIAN_POINT('',(7.00000000000001,-0.0968262520208718,7.25));
#15046=CARTESIAN_POINT('Origin',(4.00000000000001,-1.82691796530437,7.25));
#15047=CARTESIAN_POINT('',(7.00000000000001,-1.78419949335451,9.5));
#15048=CARTESIAN_POINT('Origin',(4.00000000000001,6.14364058320886,9.5));
#15049=CARTESIAN_POINT('',(7.00000000000001,6.18635905515871,7.25));
#15050=CARTESIAN_POINT('Origin',(4.00000000000001,4.45626734187521,7.25));
#15051=CARTESIAN_POINT('',(7.00000000000001,4.49898581382508,9.5));
#15052=CARTESIAN_POINT('Origin',(4.00000000000001,12.4268258903885,9.5));
#15053=CARTESIAN_POINT('',(7.00000000000001,12.4695443623383,7.25));
#15054=CARTESIAN_POINT('Origin',(4.00000000000001,10.7394526490548,7.25));
#15055=CARTESIAN_POINT('',(7.00000000000001,10.7821711210047,9.5));
#15056=CARTESIAN_POINT('Origin',(4.00000000000001,18.710011197568,9.5));
#15057=CARTESIAN_POINT('',(7.00000000000001,18.7527296695179,7.25));
#15058=CARTESIAN_POINT('Origin',(4.00000000000001,17.0226379562344,7.25));
#15059=CARTESIAN_POINT('',(7.00000000000001,17.0653564281842,9.5));
#15060=CARTESIAN_POINT('Origin',(4.00000000000001,24.9931965047476,9.5));
#15061=CARTESIAN_POINT('',(7.00000000000001,25.0359149766975,7.25));
#15062=CARTESIAN_POINT('Origin',(4.00000000000001,23.305823263414,7.25));
#15063=CARTESIAN_POINT('',(7.00000000000001,23.3485417353638,9.5));
#15064=CARTESIAN_POINT('Origin',(4.00000000000001,31.2763818119272,9.5));
#15065=CARTESIAN_POINT('',(7.00000000000001,31.3191002838771,7.25));
#15066=CARTESIAN_POINT('Origin',(4.00000000000001,29.5890085705936,7.25));
#15067=CARTESIAN_POINT('',(7.00000000000001,29.6317270425434,9.5));
#15068=CARTESIAN_POINT('Origin',(7.00000000000001,27.8584171250448,9.875));
#15069=CARTESIAN_POINT('Origin',(7.00000000000001,27.8584171250448,9.875));
#15070=CARTESIAN_POINT('Origin',(7.00000000000001,27.8584171250448,9.875));
#15071=CARTESIAN_POINT('Origin',(7.00000000000001,27.8584171250448,9.875));
#15072=CARTESIAN_POINT('Origin',(7.00000000000001,27.8584171250448,9.875));
#15073=CARTESIAN_POINT('Origin',(7.00000000000001,27.8584171250448,9.875));
#15074=CARTESIAN_POINT('Origin',(7.00000000000001,27.8584171250448,9.875));
#15075=CARTESIAN_POINT('Origin',(7.00000000000001,27.8584171250448,9.875));
#15076=CARTESIAN_POINT('Origin',(7.00000000000001,27.8584171250448,9.875));
#15077=CARTESIAN_POINT('Origin',(7.00000000000001,27.8584171250448,9.875));
#15078=CARTESIAN_POINT('Origin',(7.00000000000001,27.8584171250448,9.875));
#15079=CARTESIAN_POINT('Origin',(7.00000000000001,27.8584171250448,9.875));
#15080=CARTESIAN_POINT('Origin',(7.00000000000001,27.8584171250448,9.875));
#15081=CARTESIAN_POINT('Origin',(7.00000000000001,27.8584171250448,9.875));
#15082=CARTESIAN_POINT('Origin',(7.00000000000001,27.8584171250448,9.875));
#15083=CARTESIAN_POINT('Origin',(7.00000000000001,27.8584171250448,9.875));
#15084=CARTESIAN_POINT('Origin',(7.00000000000001,27.8584171250448,9.875));
#15085=CARTESIAN_POINT('Origin',(7.00000000000001,27.8584171250448,9.875));
#15086=CARTESIAN_POINT('Origin',(7.00000000000001,27.8584171250448,9.875));
#15087=CARTESIAN_POINT('Origin',(7.00000000000001,27.8584171250448,9.875));
#15088=CARTESIAN_POINT('Origin',(7.00000000000001,27.8584171250448,9.875));
#15089=CARTESIAN_POINT('Origin',(7.00000000000001,27.8584171250448,9.875));
#15090=CARTESIAN_POINT('Origin',(7.00000000000001,27.8584171250448,9.875));
#15091=CARTESIAN_POINT('Origin',(7.00000000000001,27.8584171250448,9.875));
#15092=CARTESIAN_POINT('Origin',(7.00000000000001,27.8584171250448,9.875));
#15093=CARTESIAN_POINT('Origin',(7.00000000000001,27.8584171250448,9.875));
#15094=UNCERTAINTY_MEASURE_WITH_UNIT(LENGTH_MEASURE(0.01),#15098,
'DISTANCE_ACCURACY_VALUE',
'Maximum model space distance between geometric entities at asserted c
onnectivities');
#15095=UNCERTAINTY_MEASURE_WITH_UNIT(LENGTH_MEASURE(0.01),#15098,
'DISTANCE_ACCURACY_VALUE',
'Maximum model space distance between geometric entities at asserted c
onnectivities');
#15096=(
GEOMETRIC_REPRESENTATION_CONTEXT(3)
GLOBAL_UNCERTAINTY_ASSIGNED_CONTEXT((#15094))
GLOBAL_UNIT_ASSIGNED_CONTEXT((#15098,#15100,#15101))
REPRESENTATION_CONTEXT('','3D')
);
#15097=(
GEOMETRIC_REPRESENTATION_CONTEXT(3)
GLOBAL_UNCERTAINTY_ASSIGNED_CONTEXT((#15095))
GLOBAL_UNIT_ASSIGNED_CONTEXT((#15098,#15100,#15101))
REPRESENTATION_CONTEXT('','3D')
);
#15098=(
LENGTH_UNIT()
NAMED_UNIT(*)
SI_UNIT(.MILLI.,.METRE.)
);
#15099=(
LENGTH_UNIT()
NAMED_UNIT(*)
SI_UNIT($,.METRE.)
);
#15100=(
NAMED_UNIT(*)
PLANE_ANGLE_UNIT()
SI_UNIT($,.RADIAN.)
);
#15101=(
NAMED_UNIT(*)
SI_UNIT($,.STERADIAN.)
SOLID_ANGLE_UNIT()
);
#15102=SHAPE_DEFINITION_REPRESENTATION(#15103,#15104);
#15103=PRODUCT_DEFINITION_SHAPE('',$,#15106);
#15104=SHAPE_REPRESENTATION('',(#8570),#15096);
#15105=PRODUCT_DEFINITION_CONTEXT('part definition',#15110,'design');
#15106=PRODUCT_DEFINITION('2026-09-25-11-31-52-063','(Unsaved)',#15107,
#15105);
#15107=PRODUCT_DEFINITION_FORMATION('',$,#15112);
#15108=PRODUCT_RELATED_PRODUCT_CATEGORY('(Unsaved)','(Unsaved)',(#15112));
#15109=APPLICATION_PROTOCOL_DEFINITION('international standard',
'automotive_design',2009,#15110);
#15110=APPLICATION_CONTEXT(
'Core Data for Automotive Mechanical Design Process');
#15111=PRODUCT_CONTEXT('part definition',#15110,'mechanical');
#15112=PRODUCT('2026-09-25-11-31-52-063','(Unsaved)',$,(#15111));
#15113=PRESENTATION_STYLE_ASSIGNMENT((#15115));
#15114=PRESENTATION_STYLE_ASSIGNMENT((#15116));
#15115=SURFACE_STYLE_USAGE(.BOTH.,#15117);
#15116=SURFACE_STYLE_USAGE(.BOTH.,#15118);
#15117=SURFACE_SIDE_STYLE('',(#15119));
#15118=SURFACE_SIDE_STYLE('',(#15120));
#15119=SURFACE_STYLE_FILL_AREA(#15121);
#15120=SURFACE_STYLE_FILL_AREA(#15122);
#15121=FILL_AREA_STYLE('Steel - Satin',(#15123));
#15122=FILL_AREA_STYLE('Nylon 12 (with Formlabs Fuse 1 3D Printer)',(#15124));
#15123=FILL_AREA_STYLE_COLOUR('Steel - Satin',#15125);
#15124=FILL_AREA_STYLE_COLOUR(
'Nylon 12 (with Formlabs Fuse 1 3D Printer)',#15126);
#15125=COLOUR_RGB('Steel - Satin',0.627450980392157,0.627450980392157,0.627450980392157);
#15126=COLOUR_RGB('Nylon 12 (with Formlabs Fuse 1 3D Printer)',0.470588235294118,
0.470588235294118,0.470588235294118);
ENDSEC;
END-ISO-10303-21;
