ISO-10303-21;
HEADER;
/* Generated by software containing ST-Developer
 * from STEP Tools, Inc. (www.steptools.com) 
 */

FILE_DESCRIPTION(
/* description */ (''),
/* implementation_level */ '2;1');

FILE_NAME(
/* name */ 'franka_mount.step',
/* time_stamp */ '2026-09-28T11:08:16-04:00',
/* author */ (''),
/* organization */ (''),
/* preprocessor_version */ 'ST-DEVELOPER v20.2',
/* originating_system */ 'Autodesk Translation Framework v15.15.0.0',
/* authorisation */ '');

FILE_SCHEMA (('AUTOMOTIVE_DESIGN { 1 0 10303 214 3 1 1 }'));
ENDSEC;

DATA;
#10=MECHANICAL_DESIGN_GEOMETRIC_PRESENTATION_REPRESENTATION('',(#13),#6004);
#11=SHAPE_REPRESENTATION_RELATIONSHIP('SRR','None',#6011,#12);
#12=ADVANCED_BREP_SHAPE_REPRESENTATION('',(#14),#6003);
#13=STYLED_ITEM('',(#6020),#14);
#14=MANIFOLD_SOLID_BREP('Body1',#2737);
#15=CONICAL_SURFACE('',#2903,0.7,1.02974425867665);
#16=CONICAL_SURFACE('',#3095,0.7,1.02974425867665);
#17=CONICAL_SURFACE('',#3100,0.7,1.02974425867665);
#18=(
BOUNDED_CURVE()
B_SPLINE_CURVE(2,(#4957,#4958,#4959),.UNSPECIFIED.,.F.,.F.)
B_SPLINE_CURVE_WITH_KNOTS((3,3),(0.,0.201768714855394),.UNSPECIFIED.)
CURVE()
GEOMETRIC_REPRESENTATION_ITEM()
RATIONAL_B_SPLINE_CURVE((1.,1.40000000000006,1.))
REPRESENTATION_ITEM('')
);
#19=(
BOUNDED_CURVE()
B_SPLINE_CURVE(2,(#5898,#5899,#5900),.UNSPECIFIED.,.F.,.F.)
B_SPLINE_CURVE_WITH_KNOTS((3,3),(0.,0.201768714855394),.UNSPECIFIED.)
CURVE()
GEOMETRIC_REPRESENTATION_ITEM()
RATIONAL_B_SPLINE_CURVE((1.,1.40000000000006,1.))
REPRESENTATION_ITEM('')
);
#20=ELLIPSE('',#2893,1.97989898732234,1.4);
#21=ELLIPSE('',#2894,1.97989898732234,1.4);
#22=ELLIPSE('',#2899,1.97989898732233,1.4);
#23=ELLIPSE('',#3085,1.97989898732234,1.4);
#24=ELLIPSE('',#3086,1.97989898732234,1.4);
#25=ELLIPSE('',#3091,1.97989898732233,1.4);
#26=FACE_BOUND('',#733,.T.);
#27=FACE_BOUND('',#734,.T.);
#28=FACE_BOUND('',#735,.T.);
#29=FACE_BOUND('',#748,.T.);
#30=FACE_BOUND('',#750,.T.);
#31=FACE_BOUND('',#754,.T.);
#32=FACE_BOUND('',#819,.T.);
#33=FACE_BOUND('',#820,.T.);
#34=FACE_BOUND('',#821,.T.);
#35=FACE_BOUND('',#836,.T.);
#36=FACE_BOUND('',#837,.T.);
#37=FACE_BOUND('',#838,.T.);
#38=FACE_BOUND('',#843,.T.);
#39=FACE_BOUND('',#844,.T.);
#40=FACE_BOUND('',#845,.T.);
#41=FACE_BOUND('',#847,.T.);
#42=FACE_BOUND('',#848,.T.);
#43=FACE_BOUND('',#849,.T.);
#44=FACE_BOUND('',#850,.T.);
#45=FACE_BOUND('',#851,.T.);
#46=FACE_BOUND('',#852,.T.);
#47=FACE_BOUND('',#853,.T.);
#48=FACE_BOUND('',#854,.T.);
#49=FACE_BOUND('',#856,.T.);
#50=FACE_BOUND('',#858,.T.);
#51=FACE_BOUND('',#860,.T.);
#52=FACE_BOUND('',#866,.T.);
#53=FACE_BOUND('',#868,.T.);
#54=PLANE('',#2859);
#55=PLANE('',#2862);
#56=PLANE('',#2863);
#57=PLANE('',#2866);
#58=PLANE('',#2867);
#59=PLANE('',#2870);
#60=PLANE('',#2871);
#61=PLANE('',#2873);
#62=PLANE('',#2875);
#63=PLANE('',#2881);
#64=PLANE('',#2889);
#65=PLANE('',#2890);
#66=PLANE('',#2895);
#67=PLANE('',#2900);
#68=PLANE('',#2910);
#69=PLANE('',#2913);
#70=PLANE('',#2917);
#71=PLANE('',#2918);
#72=PLANE('',#2919);
#73=PLANE('',#2922);
#74=PLANE('',#3038);
#75=PLANE('',#3041);
#76=PLANE('',#3042);
#77=PLANE('',#3045);
#78=PLANE('',#3046);
#79=PLANE('',#3049);
#80=PLANE('',#3058);
#81=PLANE('',#3059);
#82=PLANE('',#3060);
#83=PLANE('',#3072);
#84=PLANE('',#3076);
#85=PLANE('',#3081);
#86=PLANE('',#3082);
#87=PLANE('',#3087);
#88=PLANE('',#3092);
#89=PLANE('',#3104);
#90=PLANE('',#3105);
#91=PLANE('',#3111);
#92=PLANE('',#3112);
#93=PLANE('',#3119);
#94=PLANE('',#3122);
#95=PLANE('',#3125);
#96=PLANE('',#3129);
#97=PLANE('',#3133);
#98=PLANE('',#3134);
#99=PLANE('',#3137);
#100=PLANE('',#3141);
#101=B_SPLINE_CURVE_WITH_KNOTS('',3,(#4192,#4193,#4194,#4195,#4196,#4197,
#4198),.UNSPECIFIED.,.F.,.F.,(4,3,4),(-1.38777878078145E-17,0.111503007194424,
0.195130262590243),.UNSPECIFIED.);
#102=B_SPLINE_CURVE_WITH_KNOTS('',3,(#4199,#4200,#4201,#4202,#4203),
 .UNSPECIFIED.,.F.,.F.,(4,1,4),(0.,0.219550820847792,0.512285248644849),
 .UNSPECIFIED.);
#103=B_SPLINE_CURVE_WITH_KNOTS('',3,(#4204,#4205,#4206,#4207,#4208),
 .UNSPECIFIED.,.F.,.F.,(4,1,4),(-0.512285248644849,-0.219550820847792,0.),
 .UNSPECIFIED.);
#104=B_SPLINE_CURVE_WITH_KNOTS('',3,(#4301,#4302,#4303,#4304,#4305,#4306,
#4307,#4308,#4309,#4310,#4311,#4312,#4313,#4314),.UNSPECIFIED.,.F.,.F.,
(4,1,1,1,1,1,1,1,1,1,1,4),(0.,0.0365908106968937,0.0731816213937874,0.146363242787575,
0.29272648557515,0.439089728362724,0.585452971150299,0.878179456725449,
0.951361078119236,0.98795188881613,1.00624729416458,1.02454269951302),
 .UNSPECIFIED.);
#105=B_SPLINE_CURVE_WITH_KNOTS('',3,(#4317,#4318,#4319,#4320,#4321,#4322,
#4323,#4324,#4325,#4326,#4327,#4328,#4329,#4330),.UNSPECIFIED.,.F.,.F.,
(4,1,1,1,1,1,1,1,1,1,1,4),(-1.02454269951302,-1.00624729416458,-0.98795188881613,
-0.951361078119236,-0.878179456725449,-0.585452971150299,-0.439089728362724,
-0.29272648557515,-0.146363242787575,-0.0731816213937874,-0.0365908106968937,
0.),.UNSPECIFIED.);
#106=B_SPLINE_CURVE_WITH_KNOTS('',3,(#4457,#4458,#4459,#4460,#4461,#4462,
#4463,#4464,#4465,#4466,#4467,#4468,#4469,#4470,#4471,#4472,#4473,#4474,
#4475),.UNSPECIFIED.,.F.,.F.,(4,1,1,1,1,1,1,1,1,1,1,1,1,1,1,1,4),(0.,0.00914785851367862,
0.0182957170273572,0.0365914340547145,0.073182868109429,0.109774302164143,
0.146365736218858,0.439097208656574,0.585462944875432,0.73182868109429,
0.878194417313148,0.951377285422576,0.987968719477291,1.00626443650465,
1.01541229501833,1.01998622427517,1.02456015353201),.UNSPECIFIED.);
#107=B_SPLINE_CURVE_WITH_KNOTS('',3,(#4478,#4479,#4480,#4481,#4482,#4483,
#4484,#4485,#4486,#4487,#4488,#4489,#4490,#4491,#4492,#4493,#4494,#4495,
#4496),.UNSPECIFIED.,.F.,.F.,(4,1,1,1,1,1,1,1,1,1,1,1,1,1,1,1,4),(-1.02456015353201,
-1.01998622427517,-1.01541229501833,-1.00626443650465,-0.987968719477291,
-0.951377285422576,-0.878194417313148,-0.73182868109429,-0.585462944875432,
-0.439097208656574,-0.146365736218858,-0.109774302164143,-0.073182868109429,
-0.0365914340547145,-0.0182957170273572,-0.00914785851367862,0.),
 .UNSPECIFIED.);
#108=B_SPLINE_CURVE_WITH_KNOTS('',3,(#4603,#4604,#4605,#4606,#4607,#4608,
#4609,#4610,#4611,#4612,#4613,#4614,#4615,#4616,#4617),.UNSPECIFIED.,.F.,
 .F.,(4,1,1,1,1,1,1,1,1,1,1,1,4),(0.,0.0182954053484469,0.0365908106968938,
0.0731816213937876,0.146363242787575,0.439089728362725,0.585452971150301,
0.731816213937876,0.878179456725451,0.987951888816132,1.00624729416458,
1.0153949968388,1.02454269951303),.UNSPECIFIED.);
#109=B_SPLINE_CURVE_WITH_KNOTS('',3,(#4620,#4621,#4622,#4623,#4624,#4625,
#4626,#4627,#4628,#4629,#4630,#4631,#4632,#4633,#4634),.UNSPECIFIED.,.F.,
 .F.,(4,1,1,1,1,1,1,1,1,1,1,1,4),(-1.02454269951303,-1.0153949968388,-1.00624729416458,
-0.987951888816132,-0.878179456725451,-0.731816213937876,-0.585452971150301,
-0.439089728362725,-0.146363242787575,-0.0731816213937876,-0.0365908106968938,
-0.0182954053484469,0.),.UNSPECIFIED.);
#110=B_SPLINE_CURVE_WITH_KNOTS('',3,(#4692,#4693,#4694,#4695,#4696,#4697,
#4698),.UNSPECIFIED.,.F.,.F.,(4,3,4),(0.,0.111503007194425,0.195130262590243),
 .UNSPECIFIED.);
#111=B_SPLINE_CURVE_WITH_KNOTS('',3,(#4699,#4700,#4701,#4702,#4703),
 .UNSPECIFIED.,.F.,.F.,(4,1,4),(0.,0.292734427797057,0.51228524864485),
 .UNSPECIFIED.);
#112=B_SPLINE_CURVE_WITH_KNOTS('',3,(#4704,#4705,#4706,#4707,#4708),
 .UNSPECIFIED.,.F.,.F.,(4,1,4),(-0.51228524864485,-0.292734427797057,0.),
 .UNSPECIFIED.);
#113=B_SPLINE_CURVE_WITH_KNOTS('',3,(#4873,#4874,#4875,#4876,#4877,#4878,
#4879,#4880,#4881,#4882,#4883,#4884,#4885,#4886,#4887,#4888,#4889,#4890,
#4891,#4892),.UNSPECIFIED.,.F.,.F.,(4,1,1,1,1,1,1,1,1,1,1,1,1,1,1,2,4),
(2.31345938642938E-16,0.686703607391233,1.03005541108685,1.37340721478247,
1.54508311663027,1.71675901847808,1.88843492032589,2.0601108221737,2.23178672402151,
2.40346262586932,2.57513852771712,2.74681442956493,2.91849033141274,3.09016623326055,
3.26184213510836,3.43351803695616,3.43575635371473),.UNSPECIFIED.);
#114=B_SPLINE_CURVE_WITH_KNOTS('',3,(#4895,#4896,#4897,#4898,#4899,#4900,
#4901,#4902,#4903,#4904,#4905,#4906,#4907,#4908,#4909,#4910,#4911,#4912,
#4913,#4914),.UNSPECIFIED.,.F.,.F.,(4,2,1,1,1,1,1,1,1,1,1,1,1,1,1,1,4),
(-3.43575635371473,-3.43351803695616,-3.26184213510836,-3.09016623326055,
-2.91849033141274,-2.74681442956493,-2.57513852771712,-2.40346262586932,
-2.23178672402151,-2.0601108221737,-1.88843492032589,-1.71675901847808,
-1.54508311663027,-1.37340721478247,-1.03005541108685,-0.686703607391233,
-2.31345938642938E-16),.UNSPECIFIED.);
#115=B_SPLINE_CURVE_WITH_KNOTS('',3,(#5131,#5132,#5133,#5134,#5135),
 .UNSPECIFIED.,.F.,.F.,(4,1,4),(-0.512285248644849,-0.219550820847792,0.),
 .UNSPECIFIED.);
#116=B_SPLINE_CURVE_WITH_KNOTS('',3,(#5136,#5137,#5138,#5139,#5140),
 .UNSPECIFIED.,.F.,.F.,(4,1,4),(0.,0.219550820847792,0.512285248644849),
 .UNSPECIFIED.);
#117=B_SPLINE_CURVE_WITH_KNOTS('',3,(#5233,#5234,#5235,#5236,#5237,#5238,
#5239,#5240,#5241,#5242,#5243,#5244,#5245,#5246),.UNSPECIFIED.,.F.,.F.,
(4,1,1,1,1,1,1,1,1,1,1,4),(-1.02454269951302,-1.00624729416458,-0.98795188881613,
-0.951361078119236,-0.878179456725449,-0.585452971150299,-0.439089728362724,
-0.29272648557515,-0.146363242787575,-0.0731816213937874,-0.0365908106968937,
0.),.UNSPECIFIED.);
#118=B_SPLINE_CURVE_WITH_KNOTS('',3,(#5249,#5250,#5251,#5252,#5253,#5254,
#5255,#5256,#5257,#5258,#5259,#5260,#5261,#5262),.UNSPECIFIED.,.F.,.F.,
(4,1,1,1,1,1,1,1,1,1,1,4),(0.,0.0365908106968937,0.0731816213937874,0.146363242787575,
0.29272648557515,0.439089728362724,0.585452971150299,0.878179456725449,
0.951361078119236,0.98795188881613,1.00624729416458,1.02454269951302),
 .UNSPECIFIED.);
#119=B_SPLINE_CURVE_WITH_KNOTS('',3,(#5389,#5390,#5391,#5392,#5393,#5394,
#5395,#5396,#5397,#5398,#5399,#5400,#5401,#5402,#5403,#5404,#5405,#5406,
#5407),.UNSPECIFIED.,.F.,.F.,(4,1,1,1,1,1,1,1,1,1,1,1,1,1,1,1,4),(-1.02456015353201,
-1.01998622427517,-1.01541229501833,-1.00626443650465,-0.987968719477291,
-0.951377285422576,-0.878194417313148,-0.73182868109429,-0.585462944875432,
-0.439097208656574,-0.146365736218858,-0.109774302164143,-0.073182868109429,
-0.0365914340547145,-0.0182957170273572,-0.00914785851367862,0.),
 .UNSPECIFIED.);
#120=B_SPLINE_CURVE_WITH_KNOTS('',3,(#5410,#5411,#5412,#5413,#5414,#5415,
#5416,#5417,#5418,#5419,#5420,#5421,#5422,#5423,#5424,#5425,#5426,#5427,
#5428),.UNSPECIFIED.,.F.,.F.,(4,1,1,1,1,1,1,1,1,1,1,1,1,1,1,1,4),(0.,0.00914785851367862,
0.0182957170273572,0.0365914340547145,0.073182868109429,0.109774302164143,
0.146365736218858,0.439097208656574,0.585462944875432,0.73182868109429,
0.878194417313148,0.951377285422576,0.987968719477291,1.00626443650465,
1.01541229501833,1.01998622427517,1.02456015353201),.UNSPECIFIED.);
#121=B_SPLINE_CURVE_WITH_KNOTS('',3,(#5535,#5536,#5537,#5538,#5539,#5540,
#5541,#5542,#5543,#5544,#5545,#5546,#5547,#5548,#5549),.UNSPECIFIED.,.F.,
 .F.,(4,1,1,1,1,1,1,1,1,1,1,1,4),(-1.02454269951303,-1.0153949968388,-1.00624729416458,
-0.987951888816132,-0.878179456725451,-0.731816213937876,-0.585452971150301,
-0.439089728362725,-0.146363242787575,-0.0731816213937876,-0.0365908106968938,
-0.0182954053484469,0.),.UNSPECIFIED.);
#122=B_SPLINE_CURVE_WITH_KNOTS('',3,(#5552,#5553,#5554,#5555,#5556,#5557,
#5558,#5559,#5560,#5561,#5562,#5563,#5564,#5565,#5566),.UNSPECIFIED.,.F.,
 .F.,(4,1,1,1,1,1,1,1,1,1,1,1,4),(0.,0.0182954053484469,0.0365908106968938,
0.0731816213937876,0.146363242787575,0.439089728362725,0.585452971150301,
0.731816213937876,0.878179456725451,0.987951888816132,1.00624729416458,
1.0153949968388,1.02454269951303),.UNSPECIFIED.);
#123=B_SPLINE_CURVE_WITH_KNOTS('',3,(#5622,#5623,#5624,#5625,#5626),
 .UNSPECIFIED.,.F.,.F.,(4,1,4),(-0.51228524864485,-0.292734427797057,0.),
 .UNSPECIFIED.);
#124=B_SPLINE_CURVE_WITH_KNOTS('',3,(#5627,#5628,#5629,#5630,#5631),
 .UNSPECIFIED.,.F.,.F.,(4,1,4),(0.,0.292734427797057,0.51228524864485),
 .UNSPECIFIED.);
#125=B_SPLINE_CURVE_WITH_KNOTS('',3,(#5689,#5690,#5691,#5692,#5693,#5694,
#5695,#5696,#5697,#5698,#5699,#5700,#5701,#5702,#5703,#5704,#5705,#5706,
#5707,#5708),.UNSPECIFIED.,.F.,.F.,(4,1,1,1,1,1,1,1,1,1,1,1,1,1,1,2,4),
(2.31345938642938E-16,0.686703607391233,1.03005541108685,1.37340721478247,
1.54508311663027,1.71675901847808,1.88843492032589,2.0601108221737,2.23178672402151,
2.40346262586932,2.57513852771712,2.74681442956493,2.91849033141274,3.09016623326055,
3.26184213510836,3.43351803695616,3.43575635371473),.UNSPECIFIED.);
#126=B_SPLINE_CURVE_WITH_KNOTS('',3,(#5833,#5834,#5835,#5836,#5837,#5838,
#5839,#5840,#5841,#5842,#5843,#5844,#5845,#5846,#5847,#5848,#5849,#5850,
#5851,#5852),.UNSPECIFIED.,.F.,.F.,(4,2,1,1,1,1,1,1,1,1,1,1,1,1,1,1,4),
(-3.43575635371473,-3.43351803695616,-3.26184213510836,-3.09016623326055,
-2.91849033141274,-2.74681442956493,-2.57513852771712,-2.40346262586932,
-2.23178672402151,-2.0601108221737,-1.88843492032589,-1.71675901847808,
-1.54508311663027,-1.37340721478247,-1.03005541108685,-0.686703607391233,
-2.31345938642938E-16),.UNSPECIFIED.);
#127=B_SPLINE_SURFACE_WITH_KNOTS('',3,3,((#4165,#4166,#4167,#4168,#4169),
(#4170,#4171,#4172,#4173,#4174),(#4175,#4176,#4177,#4178,#4179),(#4180,
#4181,#4182,#4183,#4184),(#4185,#4186,#4187,#4188,#4189)),.UNSPECIFIED.,
 .F.,.F.,.F.,(4,1,4),(4,1,4),(0.,0.571428571428571,1.),(0.,0.219550820847792,
0.512285248644849),.UNSPECIFIED.);
#128=B_SPLINE_SURFACE_WITH_KNOTS('',3,3,((#4230,#4231,#4232,#4233,#4234,
#4235,#4236,#4237,#4238,#4239,#4240,#4241,#4242,#4243),(#4244,#4245,#4246,
#4247,#4248,#4249,#4250,#4251,#4252,#4253,#4254,#4255,#4256,#4257),(#4258,
#4259,#4260,#4261,#4262,#4263,#4264,#4265,#4266,#4267,#4268,#4269,#4270,
#4271),(#4272,#4273,#4274,#4275,#4276,#4277,#4278,#4279,#4280,#4281,#4282,
#4283,#4284,#4285),(#4286,#4287,#4288,#4289,#4290,#4291,#4292,#4293,#4294,
#4295,#4296,#4297,#4298,#4299)),.UNSPECIFIED.,.F.,.F.,.F.,(4,1,4),(4,1,
1,1,1,1,1,1,1,1,1,4),(0.,0.571428571428571,1.),(0.,0.0365908106968937,0.0731816213937874,
0.146363242787575,0.29272648557515,0.439089728362724,0.585452971150299,
0.878179456725449,0.951361078119236,0.98795188881613,1.00624729416458,1.02454269951302),
 .UNSPECIFIED.);
#129=B_SPLINE_SURFACE_WITH_KNOTS('',3,3,((#4361,#4362,#4363,#4364,#4365,
#4366,#4367,#4368,#4369,#4370,#4371,#4372,#4373,#4374,#4375,#4376,#4377,
#4378,#4379),(#4380,#4381,#4382,#4383,#4384,#4385,#4386,#4387,#4388,#4389,
#4390,#4391,#4392,#4393,#4394,#4395,#4396,#4397,#4398),(#4399,#4400,#4401,
#4402,#4403,#4404,#4405,#4406,#4407,#4408,#4409,#4410,#4411,#4412,#4413,
#4414,#4415,#4416,#4417),(#4418,#4419,#4420,#4421,#4422,#4423,#4424,#4425,
#4426,#4427,#4428,#4429,#4430,#4431,#4432,#4433,#4434,#4435,#4436),(#4437,
#4438,#4439,#4440,#4441,#4442,#4443,#4444,#4445,#4446,#4447,#4448,#4449,
#4450,#4451,#4452,#4453,#4454,#4455)),.UNSPECIFIED.,.F.,.F.,.F.,(4,1,4),
(4,1,1,1,1,1,1,1,1,1,1,1,1,1,1,1,4),(0.,0.571428571428571,1.),(0.,0.00914785851367862,
0.0182957170273572,0.0365914340547145,0.073182868109429,0.109774302164143,
0.146365736218858,0.439097208656574,0.585462944875432,0.73182868109429,
0.878194417313148,0.951377285422576,0.987968719477291,1.00626443650465,
1.01541229501833,1.01998622427517,1.02456015353201),.UNSPECIFIED.);
#130=B_SPLINE_SURFACE_WITH_KNOTS('',3,3,((#4527,#4528,#4529,#4530,#4531,
#4532,#4533,#4534,#4535,#4536,#4537,#4538,#4539,#4540,#4541),(#4542,#4543,
#4544,#4545,#4546,#4547,#4548,#4549,#4550,#4551,#4552,#4553,#4554,#4555,
#4556),(#4557,#4558,#4559,#4560,#4561,#4562,#4563,#4564,#4565,#4566,#4567,
#4568,#4569,#4570,#4571),(#4572,#4573,#4574,#4575,#4576,#4577,#4578,#4579,
#4580,#4581,#4582,#4583,#4584,#4585,#4586),(#4587,#4588,#4589,#4590,#4591,
#4592,#4593,#4594,#4595,#4596,#4597,#4598,#4599,#4600,#4601)),
 .UNSPECIFIED.,.F.,.F.,.F.,(4,1,4),(4,1,1,1,1,1,1,1,1,1,1,1,4),(0.,0.571428571428571,
1.),(0.,0.0182954053484469,0.0365908106968938,0.0731816213937876,0.146363242787575,
0.439089728362725,0.585452971150301,0.731816213937876,0.878179456725451,
0.987951888816132,1.00624729416458,1.0153949968388,1.02454269951303),
 .UNSPECIFIED.);
#131=B_SPLINE_SURFACE_WITH_KNOTS('',3,3,((#4665,#4666,#4667,#4668,#4669),
(#4670,#4671,#4672,#4673,#4674),(#4675,#4676,#4677,#4678,#4679),(#4680,
#4681,#4682,#4683,#4684),(#4685,#4686,#4687,#4688,#4689)),.UNSPECIFIED.,
 .F.,.F.,.F.,(4,1,4),(4,1,4),(0.,0.571428571428571,1.),(0.,0.292734427797057,
0.51228524864485),.UNSPECIFIED.);
#132=B_SPLINE_SURFACE_WITH_KNOTS('',3,3,((#4751,#4752,#4753,#4754,#4755,
#4756,#4757,#4758,#4759,#4760,#4761,#4762,#4763,#4764,#4765,#4766,#4767,
#4768,#4769,#4770),(#4771,#4772,#4773,#4774,#4775,#4776,#4777,#4778,#4779,
#4780,#4781,#4782,#4783,#4784,#4785,#4786,#4787,#4788,#4789,#4790),(#4791,
#4792,#4793,#4794,#4795,#4796,#4797,#4798,#4799,#4800,#4801,#4802,#4803,
#4804,#4805,#4806,#4807,#4808,#4809,#4810),(#4811,#4812,#4813,#4814,#4815,
#4816,#4817,#4818,#4819,#4820,#4821,#4822,#4823,#4824,#4825,#4826,#4827,
#4828,#4829,#4830),(#4831,#4832,#4833,#4834,#4835,#4836,#4837,#4838,#4839,
#4840,#4841,#4842,#4843,#4844,#4845,#4846,#4847,#4848,#4849,#4850),(#4851,
#4852,#4853,#4854,#4855,#4856,#4857,#4858,#4859,#4860,#4861,#4862,#4863,
#4864,#4865,#4866,#4867,#4868,#4869,#4870)),.UNSPECIFIED.,.F.,.F.,.F.,(4,
1,1,4),(4,1,1,1,1,1,1,1,1,1,1,1,1,1,1,2,4),(0.,0.285714285714286,0.571428571428571,
1.),(2.31345938642938E-16,0.686703607391233,1.03005541108685,1.37340721478247,
1.54508311663027,1.71675901847808,1.88843492032589,2.0601108221737,2.23178672402151,
2.40346262586932,2.57513852771712,2.74681442956493,2.91849033141274,3.09016623326055,
3.26184213510836,3.43351803695616,3.43575635371473),.UNSPECIFIED.);
#133=B_SPLINE_SURFACE_WITH_KNOTS('',3,3,((#5106,#5107,#5108,#5109,#5110),
(#5111,#5112,#5113,#5114,#5115),(#5116,#5117,#5118,#5119,#5120),(#5121,
#5122,#5123,#5124,#5125),(#5126,#5127,#5128,#5129,#5130)),.UNSPECIFIED.,
 .F.,.F.,.F.,(4,1,4),(4,1,4),(0.,0.571428571428571,1.),(0.,0.219550820847792,
0.512285248644849),.UNSPECIFIED.);
#134=B_SPLINE_SURFACE_WITH_KNOTS('',3,3,((#5162,#5163,#5164,#5165,#5166,
#5167,#5168,#5169,#5170,#5171,#5172,#5173,#5174,#5175),(#5176,#5177,#5178,
#5179,#5180,#5181,#5182,#5183,#5184,#5185,#5186,#5187,#5188,#5189),(#5190,
#5191,#5192,#5193,#5194,#5195,#5196,#5197,#5198,#5199,#5200,#5201,#5202,
#5203),(#5204,#5205,#5206,#5207,#5208,#5209,#5210,#5211,#5212,#5213,#5214,
#5215,#5216,#5217),(#5218,#5219,#5220,#5221,#5222,#5223,#5224,#5225,#5226,
#5227,#5228,#5229,#5230,#5231)),.UNSPECIFIED.,.F.,.F.,.F.,(4,1,4),(4,1,
1,1,1,1,1,1,1,1,1,4),(0.,0.571428571428571,1.),(0.,0.0365908106968937,0.0731816213937874,
0.146363242787575,0.29272648557515,0.439089728362724,0.585452971150299,
0.878179456725449,0.951361078119236,0.98795188881613,1.00624729416458,1.02454269951302),
 .UNSPECIFIED.);
#135=B_SPLINE_SURFACE_WITH_KNOTS('',3,3,((#5293,#5294,#5295,#5296,#5297,
#5298,#5299,#5300,#5301,#5302,#5303,#5304,#5305,#5306,#5307,#5308,#5309,
#5310,#5311),(#5312,#5313,#5314,#5315,#5316,#5317,#5318,#5319,#5320,#5321,
#5322,#5323,#5324,#5325,#5326,#5327,#5328,#5329,#5330),(#5331,#5332,#5333,
#5334,#5335,#5336,#5337,#5338,#5339,#5340,#5341,#5342,#5343,#5344,#5345,
#5346,#5347,#5348,#5349),(#5350,#5351,#5352,#5353,#5354,#5355,#5356,#5357,
#5358,#5359,#5360,#5361,#5362,#5363,#5364,#5365,#5366,#5367,#5368),(#5369,
#5370,#5371,#5372,#5373,#5374,#5375,#5376,#5377,#5378,#5379,#5380,#5381,
#5382,#5383,#5384,#5385,#5386,#5387)),.UNSPECIFIED.,.F.,.F.,.F.,(4,1,4),
(4,1,1,1,1,1,1,1,1,1,1,1,1,1,1,1,4),(0.,0.571428571428571,1.),(0.,0.00914785851367862,
0.0182957170273572,0.0365914340547145,0.073182868109429,0.109774302164143,
0.146365736218858,0.439097208656574,0.585462944875432,0.73182868109429,
0.878194417313148,0.951377285422576,0.987968719477291,1.00626443650465,
1.01541229501833,1.01998622427517,1.02456015353201),.UNSPECIFIED.);
#136=B_SPLINE_SURFACE_WITH_KNOTS('',3,3,((#5459,#5460,#5461,#5462,#5463,
#5464,#5465,#5466,#5467,#5468,#5469,#5470,#5471,#5472,#5473),(#5474,#5475,
#5476,#5477,#5478,#5479,#5480,#5481,#5482,#5483,#5484,#5485,#5486,#5487,
#5488),(#5489,#5490,#5491,#5492,#5493,#5494,#5495,#5496,#5497,#5498,#5499,
#5500,#5501,#5502,#5503),(#5504,#5505,#5506,#5507,#5508,#5509,#5510,#5511,
#5512,#5513,#5514,#5515,#5516,#5517,#5518),(#5519,#5520,#5521,#5522,#5523,
#5524,#5525,#5526,#5527,#5528,#5529,#5530,#5531,#5532,#5533)),
 .UNSPECIFIED.,.F.,.F.,.F.,(4,1,4),(4,1,1,1,1,1,1,1,1,1,1,1,4),(0.,0.571428571428571,
1.),(0.,0.0182954053484469,0.0365908106968938,0.0731816213937876,0.146363242787575,
0.439089728362725,0.585452971150301,0.731816213937876,0.878179456725451,
0.987951888816132,1.00624729416458,1.0153949968388,1.02454269951303),
 .UNSPECIFIED.);
#137=B_SPLINE_SURFACE_WITH_KNOTS('',3,3,((#5597,#5598,#5599,#5600,#5601),
(#5602,#5603,#5604,#5605,#5606),(#5607,#5608,#5609,#5610,#5611),(#5612,
#5613,#5614,#5615,#5616),(#5617,#5618,#5619,#5620,#5621)),.UNSPECIFIED.,
 .F.,.F.,.F.,(4,1,4),(4,1,4),(0.,0.571428571428571,1.),(0.,0.292734427797057,
0.51228524864485),.UNSPECIFIED.);
#138=B_SPLINE_SURFACE_WITH_KNOTS('',3,3,((#5713,#5714,#5715,#5716,#5717,
#5718,#5719,#5720,#5721,#5722,#5723,#5724,#5725,#5726,#5727,#5728,#5729,
#5730,#5731,#5732),(#5733,#5734,#5735,#5736,#5737,#5738,#5739,#5740,#5741,
#5742,#5743,#5744,#5745,#5746,#5747,#5748,#5749,#5750,#5751,#5752),(#5753,
#5754,#5755,#5756,#5757,#5758,#5759,#5760,#5761,#5762,#5763,#5764,#5765,
#5766,#5767,#5768,#5769,#5770,#5771,#5772),(#5773,#5774,#5775,#5776,#5777,
#5778,#5779,#5780,#5781,#5782,#5783,#5784,#5785,#5786,#5787,#5788,#5789,
#5790,#5791,#5792),(#5793,#5794,#5795,#5796,#5797,#5798,#5799,#5800,#5801,
#5802,#5803,#5804,#5805,#5806,#5807,#5808,#5809,#5810,#5811,#5812),(#5813,
#5814,#5815,#5816,#5817,#5818,#5819,#5820,#5821,#5822,#5823,#5824,#5825,
#5826,#5827,#5828,#5829,#5830,#5831,#5832)),.UNSPECIFIED.,.F.,.F.,.F.,(4,
1,1,4),(4,1,1,1,1,1,1,1,1,1,1,1,1,1,1,2,4),(0.,0.285714285714286,0.571428571428571,
1.),(2.31345938642938E-16,0.686703607391233,1.03005541108685,1.37340721478247,
1.54508311663027,1.71675901847808,1.88843492032589,2.0601108221737,2.23178672402151,
2.40346262586932,2.57513852771712,2.74681442956493,2.91849033141274,3.09016623326055,
3.26184213510836,3.43351803695616,3.43575635371473),.UNSPECIFIED.);
#139=TOROIDAL_SURFACE('',#2791,7.25,2.);
#140=TOROIDAL_SURFACE('',#2795,29.5,2.);
#141=TOROIDAL_SURFACE('',#2802,7.25,2.);
#142=TOROIDAL_SURFACE('',#2807,7.25,2.);
#143=TOROIDAL_SURFACE('',#2814,29.5,2.);
#144=TOROIDAL_SURFACE('',#2819,7.25,2.);
#145=TOROIDAL_SURFACE('',#2824,7.25,2.);
#146=TOROIDAL_SURFACE('',#2831,29.5,2.);
#147=TOROIDAL_SURFACE('',#2836,7.25,2.);
#148=TOROIDAL_SURFACE('',#2841,7.25,2.);
#149=TOROIDAL_SURFACE('',#2848,29.5,2.);
#150=TOROIDAL_SURFACE('',#2853,7.25,2.);
#151=TOROIDAL_SURFACE('',#2970,7.25,2.);
#152=TOROIDAL_SURFACE('',#2974,29.5,2.);
#153=TOROIDAL_SURFACE('',#2981,7.25,2.);
#154=TOROIDAL_SURFACE('',#2986,7.25,2.);
#155=TOROIDAL_SURFACE('',#2993,29.5,2.);
#156=TOROIDAL_SURFACE('',#2998,7.25,2.);
#157=TOROIDAL_SURFACE('',#3003,7.25,2.);
#158=TOROIDAL_SURFACE('',#3010,29.5,2.);
#159=TOROIDAL_SURFACE('',#3015,7.25,2.);
#160=TOROIDAL_SURFACE('',#3020,7.25,2.);
#161=TOROIDAL_SURFACE('',#3027,29.5,2.);
#162=TOROIDAL_SURFACE('',#3032,7.25,2.);
#163=TOROIDAL_SURFACE('',#3050,20.,2.);
#164=TOROIDAL_SURFACE('',#3064,28.,10.);
#165=TOROIDAL_SURFACE('',#3070,13.,5.);
#166=LINE('',#4097,#303);
#167=LINE('',#4098,#304);
#168=LINE('',#4117,#305);
#169=LINE('',#4118,#306);
#170=LINE('',#4137,#307);
#171=LINE('',#4138,#308);
#172=LINE('',#4157,#309);
#173=LINE('',#4158,#310);
#174=LINE('',#4216,#311);
#175=LINE('',#4217,#312);
#176=LINE('',#4222,#313);
#177=LINE('',#4223,#314);
#178=LINE('',#4338,#315);
#179=LINE('',#4339,#316);
#180=LINE('',#4344,#317);
#181=LINE('',#4345,#318);
#182=LINE('',#4353,#319);
#183=LINE('',#4354,#320);
#184=LINE('',#4504,#321);
#185=LINE('',#4505,#322);
#186=LINE('',#4510,#323);
#187=LINE('',#4511,#324);
#188=LINE('',#4519,#325);
#189=LINE('',#4520,#326);
#190=LINE('',#4642,#327);
#191=LINE('',#4643,#328);
#192=LINE('',#4648,#329);
#193=LINE('',#4649,#330);
#194=LINE('',#4657,#331);
#195=LINE('',#4658,#332);
#196=LINE('',#4713,#333);
#197=LINE('',#4714,#334);
#198=LINE('',#4717,#335);
#199=LINE('',#4718,#336);
#200=LINE('',#4722,#337);
#201=LINE('',#4724,#338);
#202=LINE('',#4727,#339);
#203=LINE('',#4728,#340);
#204=LINE('',#4732,#341);
#205=LINE('',#4734,#342);
#206=LINE('',#4737,#343);
#207=LINE('',#4738,#344);
#208=LINE('',#4742,#345);
#209=LINE('',#4744,#346);
#210=LINE('',#4920,#347);
#211=LINE('',#4923,#348);
#212=LINE('',#4925,#349);
#213=LINE('',#4927,#350);
#214=LINE('',#4928,#351);
#215=LINE('',#4937,#352);
#216=LINE('',#4941,#353);
#217=LINE('',#4947,#354);
#218=LINE('',#4951,#355);
#219=LINE('',#4964,#356);
#220=LINE('',#4974,#357);
#221=LINE('',#4979,#358);
#222=LINE('',#4983,#359);
#223=LINE('',#4996,#360);
#224=LINE('',#4997,#361);
#225=LINE('',#5000,#362);
#226=LINE('',#5001,#363);
#227=LINE('',#5010,#364);
#228=LINE('',#5014,#365);
#229=LINE('',#5018,#366);
#230=LINE('',#5038,#367);
#231=LINE('',#5039,#368);
#232=LINE('',#5058,#369);
#233=LINE('',#5059,#370);
#234=LINE('',#5078,#371);
#235=LINE('',#5079,#372);
#236=LINE('',#5098,#373);
#237=LINE('',#5099,#374);
#238=LINE('',#5148,#375);
#239=LINE('',#5149,#376);
#240=LINE('',#5154,#377);
#241=LINE('',#5155,#378);
#242=LINE('',#5270,#379);
#243=LINE('',#5271,#380);
#244=LINE('',#5276,#381);
#245=LINE('',#5277,#382);
#246=LINE('',#5285,#383);
#247=LINE('',#5286,#384);
#248=LINE('',#5436,#385);
#249=LINE('',#5437,#386);
#250=LINE('',#5442,#387);
#251=LINE('',#5443,#388);
#252=LINE('',#5451,#389);
#253=LINE('',#5452,#390);
#254=LINE('',#5574,#391);
#255=LINE('',#5575,#392);
#256=LINE('',#5580,#393);
#257=LINE('',#5581,#394);
#258=LINE('',#5589,#395);
#259=LINE('',#5590,#396);
#260=LINE('',#5636,#397);
#261=LINE('',#5637,#398);
#262=LINE('',#5640,#399);
#263=LINE('',#5641,#400);
#264=LINE('',#5644,#401);
#265=LINE('',#5647,#402);
#266=LINE('',#5650,#403);
#267=LINE('',#5651,#404);
#268=LINE('',#5654,#405);
#269=LINE('',#5657,#406);
#270=LINE('',#5660,#407);
#271=LINE('',#5661,#408);
#272=LINE('',#5664,#409);
#273=LINE('',#5667,#410);
#274=LINE('',#5684,#411);
#275=LINE('',#5688,#412);
#276=LINE('',#5857,#413);
#277=LINE('',#5860,#414);
#278=LINE('',#5865,#415);
#279=LINE('',#5866,#416);
#280=LINE('',#5874,#417);
#281=LINE('',#5876,#418);
#282=LINE('',#5879,#419);
#283=LINE('',#5882,#420);
#284=LINE('',#5888,#421);
#285=LINE('',#5892,#422);
#286=LINE('',#5905,#423);
#287=LINE('',#5915,#424);
#288=LINE('',#5920,#425);
#289=LINE('',#5925,#426);
#290=LINE('',#5929,#427);
#291=LINE('',#5937,#428);
#292=LINE('',#5941,#429);
#293=LINE('',#5967,#430);
#294=LINE('',#5972,#431);
#295=LINE('',#5977,#432);
#296=LINE('',#5979,#433);
#297=LINE('',#5989,#434);
#298=LINE('',#5992,#435);
#299=LINE('',#5994,#436);
#300=LINE('',#5996,#437);
#301=LINE('',#5998,#438);
#302=LINE('',#6000,#439);
#303=VECTOR('',#3169,10.);
#304=VECTOR('',#3170,10.);
#305=VECTOR('',#3191,10.);
#306=VECTOR('',#3192,10.);
#307=VECTOR('',#3213,10.);
#308=VECTOR('',#3214,10.);
#309=VECTOR('',#3235,10.);
#310=VECTOR('',#3236,10.);
#311=VECTOR('',#3255,10.);
#312=VECTOR('',#3256,10.);
#313=VECTOR('',#3261,10.);
#314=VECTOR('',#3262,10.);
#315=VECTOR('',#3283,10.);
#316=VECTOR('',#3284,10.);
#317=VECTOR('',#3289,10.);
#318=VECTOR('',#3290,10.);
#319=VECTOR('',#3301,10.);
#320=VECTOR('',#3302,10.);
#321=VECTOR('',#3323,10.);
#322=VECTOR('',#3324,10.);
#323=VECTOR('',#3329,10.);
#324=VECTOR('',#3330,10.);
#325=VECTOR('',#3341,10.);
#326=VECTOR('',#3342,10.);
#327=VECTOR('',#3363,10.);
#328=VECTOR('',#3364,10.);
#329=VECTOR('',#3369,10.);
#330=VECTOR('',#3370,10.);
#331=VECTOR('',#3381,10.);
#332=VECTOR('',#3382,10.);
#333=VECTOR('',#3395,10.);
#334=VECTOR('',#3396,10.);
#335=VECTOR('',#3399,10.);
#336=VECTOR('',#3400,10.);
#337=VECTOR('',#3405,10.);
#338=VECTOR('',#3408,10.);
#339=VECTOR('',#3411,10.);
#340=VECTOR('',#3412,10.);
#341=VECTOR('',#3417,10.);
#342=VECTOR('',#3420,10.);
#343=VECTOR('',#3423,10.);
#344=VECTOR('',#3424,10.);
#345=VECTOR('',#3429,10.);
#346=VECTOR('',#3432,10.);
#347=VECTOR('',#3451,10.);
#348=VECTOR('',#3454,10.);
#349=VECTOR('',#3457,10.);
#350=VECTOR('',#3458,10.);
#351=VECTOR('',#3459,10.);
#352=VECTOR('',#3468,10.);
#353=VECTOR('',#3473,1.4);
#354=VECTOR('',#3480,10.);
#355=VECTOR('',#3485,1.4);
#356=VECTOR('',#3498,1.4);
#357=VECTOR('',#3511,0.7);
#358=VECTOR('',#3518,1.4);
#359=VECTOR('',#3523,1.4);
#360=VECTOR('',#3540,10.);
#361=VECTOR('',#3541,10.);
#362=VECTOR('',#3544,10.);
#363=VECTOR('',#3545,10.);
#364=VECTOR('',#3558,3.25);
#365=VECTOR('',#3563,3.25);
#366=VECTOR('',#3568,3.25);
#367=VECTOR('',#3591,10.);
#368=VECTOR('',#3592,10.);
#369=VECTOR('',#3613,10.);
#370=VECTOR('',#3614,10.);
#371=VECTOR('',#3635,10.);
#372=VECTOR('',#3636,10.);
#373=VECTOR('',#3657,10.);
#374=VECTOR('',#3658,10.);
#375=VECTOR('',#3677,10.);
#376=VECTOR('',#3678,10.);
#377=VECTOR('',#3683,10.);
#378=VECTOR('',#3684,10.);
#379=VECTOR('',#3705,10.);
#380=VECTOR('',#3706,10.);
#381=VECTOR('',#3711,10.);
#382=VECTOR('',#3712,10.);
#383=VECTOR('',#3723,10.);
#384=VECTOR('',#3724,10.);
#385=VECTOR('',#3745,10.);
#386=VECTOR('',#3746,10.);
#387=VECTOR('',#3751,10.);
#388=VECTOR('',#3752,10.);
#389=VECTOR('',#3763,10.);
#390=VECTOR('',#3764,10.);
#391=VECTOR('',#3785,10.);
#392=VECTOR('',#3786,10.);
#393=VECTOR('',#3791,10.);
#394=VECTOR('',#3792,10.);
#395=VECTOR('',#3803,10.);
#396=VECTOR('',#3804,10.);
#397=VECTOR('',#3817,10.);
#398=VECTOR('',#3818,10.);
#399=VECTOR('',#3821,10.);
#400=VECTOR('',#3822,10.);
#401=VECTOR('',#3825,10.);
#402=VECTOR('',#3830,10.);
#403=VECTOR('',#3833,10.);
#404=VECTOR('',#3834,10.);
#405=VECTOR('',#3837,10.);
#406=VECTOR('',#3842,10.);
#407=VECTOR('',#3845,10.);
#408=VECTOR('',#3846,10.);
#409=VECTOR('',#3849,10.);
#410=VECTOR('',#3854,10.);
#411=VECTOR('',#3881,18.);
#412=VECTOR('',#3884,10.);
#413=VECTOR('',#3895,10.);
#414=VECTOR('',#3898,10.);
#415=VECTOR('',#3905,10.);
#416=VECTOR('',#3906,10.);
#417=VECTOR('',#3915,10.);
#418=VECTOR('',#3916,10.);
#419=VECTOR('',#3921,10.);
#420=VECTOR('',#3924,1.4);
#421=VECTOR('',#3931,10.);
#422=VECTOR('',#3936,1.4);
#423=VECTOR('',#3949,1.4);
#424=VECTOR('',#3962,0.7);
#425=VECTOR('',#3969,1.4);
#426=VECTOR('',#3974,0.7);
#427=VECTOR('',#3979,1.4);
#428=VECTOR('',#3990,1.4);
#429=VECTOR('',#3995,1.4);
#430=VECTOR('',#4028,10.);
#431=VECTOR('',#4035,10.);
#432=VECTOR('',#4042,10.);
#433=VECTOR('',#4045,10.);
#434=VECTOR('',#4060,3.25);
#435=VECTOR('',#4065,3.25);
#436=VECTOR('',#4068,3.25);
#437=VECTOR('',#4071,3.25);
#438=VECTOR('',#4074,3.25);
#439=VECTOR('',#4077,31.5);
#440=CYLINDRICAL_SURFACE('',#2759,2.);
#441=CYLINDRICAL_SURFACE('',#2769,2.);
#442=CYLINDRICAL_SURFACE('',#2779,2.);
#443=CYLINDRICAL_SURFACE('',#2789,2.);
#444=CYLINDRICAL_SURFACE('',#2798,2.);
#445=CYLINDRICAL_SURFACE('',#2800,2.);
#446=CYLINDRICAL_SURFACE('',#2811,2.);
#447=CYLINDRICAL_SURFACE('',#2812,2.);
#448=CYLINDRICAL_SURFACE('',#2817,2.);
#449=CYLINDRICAL_SURFACE('',#2828,2.);
#450=CYLINDRICAL_SURFACE('',#2829,2.);
#451=CYLINDRICAL_SURFACE('',#2834,2.);
#452=CYLINDRICAL_SURFACE('',#2845,2.);
#453=CYLINDRICAL_SURFACE('',#2846,2.);
#454=CYLINDRICAL_SURFACE('',#2851,2.);
#455=CYLINDRICAL_SURFACE('',#2857,2.);
#456=CYLINDRICAL_SURFACE('',#2860,5.25);
#457=CYLINDRICAL_SURFACE('',#2864,5.25);
#458=CYLINDRICAL_SURFACE('',#2868,5.25);
#459=CYLINDRICAL_SURFACE('',#2878,5.);
#460=CYLINDRICAL_SURFACE('',#2885,5.);
#461=CYLINDRICAL_SURFACE('',#2887,1.4);
#462=CYLINDRICAL_SURFACE('',#2892,1.4);
#463=CYLINDRICAL_SURFACE('',#2898,1.4);
#464=CYLINDRICAL_SURFACE('',#2906,1.4);
#465=CYLINDRICAL_SURFACE('',#2908,1.4);
#466=CYLINDRICAL_SURFACE('',#2924,3.25);
#467=CYLINDRICAL_SURFACE('',#2926,3.25);
#468=CYLINDRICAL_SURFACE('',#2928,3.25);
#469=CYLINDRICAL_SURFACE('',#2938,2.);
#470=CYLINDRICAL_SURFACE('',#2948,2.);
#471=CYLINDRICAL_SURFACE('',#2958,2.);
#472=CYLINDRICAL_SURFACE('',#2968,2.);
#473=CYLINDRICAL_SURFACE('',#2977,2.);
#474=CYLINDRICAL_SURFACE('',#2979,2.);
#475=CYLINDRICAL_SURFACE('',#2990,2.);
#476=CYLINDRICAL_SURFACE('',#2991,2.);
#477=CYLINDRICAL_SURFACE('',#2996,2.);
#478=CYLINDRICAL_SURFACE('',#3007,2.);
#479=CYLINDRICAL_SURFACE('',#3008,2.);
#480=CYLINDRICAL_SURFACE('',#3013,2.);
#481=CYLINDRICAL_SURFACE('',#3024,2.);
#482=CYLINDRICAL_SURFACE('',#3025,2.);
#483=CYLINDRICAL_SURFACE('',#3030,2.);
#484=CYLINDRICAL_SURFACE('',#3036,2.);
#485=CYLINDRICAL_SURFACE('',#3039,5.25);
#486=CYLINDRICAL_SURFACE('',#3043,5.25);
#487=CYLINDRICAL_SURFACE('',#3047,5.25);
#488=CYLINDRICAL_SURFACE('',#3061,18.);
#489=CYLINDRICAL_SURFACE('',#3067,5.);
#490=CYLINDRICAL_SURFACE('',#3078,5.);
#491=CYLINDRICAL_SURFACE('',#3079,1.4);
#492=CYLINDRICAL_SURFACE('',#3084,1.4);
#493=CYLINDRICAL_SURFACE('',#3090,1.4);
#494=CYLINDRICAL_SURFACE('',#3098,1.4);
#495=CYLINDRICAL_SURFACE('',#3102,1.4);
#496=CYLINDRICAL_SURFACE('',#3107,1.4);
#497=CYLINDRICAL_SURFACE('',#3109,1.4);
#498=CYLINDRICAL_SURFACE('',#3130,5.25);
#499=CYLINDRICAL_SURFACE('',#3131,5.25);
#500=CYLINDRICAL_SURFACE('',#3140,3.25);
#501=CYLINDRICAL_SURFACE('',#3142,3.25);
#502=CYLINDRICAL_SURFACE('',#3143,3.25);
#503=CYLINDRICAL_SURFACE('',#3144,3.25);
#504=CYLINDRICAL_SURFACE('',#3145,3.25);
#505=CYLINDRICAL_SURFACE('',#3146,31.5);
#506=FACE_OUTER_BOUND('',#677,.T.);
#507=FACE_OUTER_BOUND('',#678,.T.);
#508=FACE_OUTER_BOUND('',#679,.T.);
#509=FACE_OUTER_BOUND('',#680,.T.);
#510=FACE_OUTER_BOUND('',#681,.T.);
#511=FACE_OUTER_BOUND('',#682,.T.);
#512=FACE_OUTER_BOUND('',#683,.T.);
#513=FACE_OUTER_BOUND('',#684,.T.);
#514=FACE_OUTER_BOUND('',#685,.T.);
#515=FACE_OUTER_BOUND('',#686,.T.);
#516=FACE_OUTER_BOUND('',#687,.T.);
#517=FACE_OUTER_BOUND('',#688,.T.);
#518=FACE_OUTER_BOUND('',#689,.T.);
#519=FACE_OUTER_BOUND('',#690,.T.);
#520=FACE_OUTER_BOUND('',#691,.T.);
#521=FACE_OUTER_BOUND('',#692,.T.);
#522=FACE_OUTER_BOUND('',#693,.T.);
#523=FACE_OUTER_BOUND('',#694,.T.);
#524=FACE_OUTER_BOUND('',#695,.T.);
#525=FACE_OUTER_BOUND('',#696,.T.);
#526=FACE_OUTER_BOUND('',#697,.T.);
#527=FACE_OUTER_BOUND('',#698,.T.);
#528=FACE_OUTER_BOUND('',#699,.T.);
#529=FACE_OUTER_BOUND('',#700,.T.);
#530=FACE_OUTER_BOUND('',#701,.T.);
#531=FACE_OUTER_BOUND('',#702,.T.);
#532=FACE_OUTER_BOUND('',#703,.T.);
#533=FACE_OUTER_BOUND('',#704,.T.);
#534=FACE_OUTER_BOUND('',#705,.T.);
#535=FACE_OUTER_BOUND('',#706,.T.);
#536=FACE_OUTER_BOUND('',#707,.T.);
#537=FACE_OUTER_BOUND('',#708,.T.);
#538=FACE_OUTER_BOUND('',#709,.T.);
#539=FACE_OUTER_BOUND('',#710,.T.);
#540=FACE_OUTER_BOUND('',#711,.T.);
#541=FACE_OUTER_BOUND('',#712,.T.);
#542=FACE_OUTER_BOUND('',#713,.T.);
#543=FACE_OUTER_BOUND('',#714,.T.);
#544=FACE_OUTER_BOUND('',#715,.T.);
#545=FACE_OUTER_BOUND('',#716,.T.);
#546=FACE_OUTER_BOUND('',#717,.T.);
#547=FACE_OUTER_BOUND('',#718,.T.);
#548=FACE_OUTER_BOUND('',#719,.T.);
#549=FACE_OUTER_BOUND('',#720,.T.);
#550=FACE_OUTER_BOUND('',#721,.T.);
#551=FACE_OUTER_BOUND('',#722,.T.);
#552=FACE_OUTER_BOUND('',#723,.T.);
#553=FACE_OUTER_BOUND('',#724,.T.);
#554=FACE_OUTER_BOUND('',#725,.T.);
#555=FACE_OUTER_BOUND('',#726,.T.);
#556=FACE_OUTER_BOUND('',#727,.T.);
#557=FACE_OUTER_BOUND('',#728,.T.);
#558=FACE_OUTER_BOUND('',#729,.T.);
#559=FACE_OUTER_BOUND('',#730,.T.);
#560=FACE_OUTER_BOUND('',#731,.T.);
#561=FACE_OUTER_BOUND('',#732,.T.);
#562=FACE_OUTER_BOUND('',#736,.T.);
#563=FACE_OUTER_BOUND('',#737,.T.);
#564=FACE_OUTER_BOUND('',#738,.T.);
#565=FACE_OUTER_BOUND('',#739,.T.);
#566=FACE_OUTER_BOUND('',#740,.T.);
#567=FACE_OUTER_BOUND('',#741,.T.);
#568=FACE_OUTER_BOUND('',#742,.T.);
#569=FACE_OUTER_BOUND('',#743,.T.);
#570=FACE_OUTER_BOUND('',#744,.T.);
#571=FACE_OUTER_BOUND('',#745,.T.);
#572=FACE_OUTER_BOUND('',#746,.T.);
#573=FACE_OUTER_BOUND('',#747,.T.);
#574=FACE_OUTER_BOUND('',#749,.T.);
#575=FACE_OUTER_BOUND('',#751,.T.);
#576=FACE_OUTER_BOUND('',#752,.T.);
#577=FACE_OUTER_BOUND('',#753,.T.);
#578=FACE_OUTER_BOUND('',#755,.T.);
#579=FACE_OUTER_BOUND('',#756,.T.);
#580=FACE_OUTER_BOUND('',#757,.T.);
#581=FACE_OUTER_BOUND('',#758,.T.);
#582=FACE_OUTER_BOUND('',#759,.T.);
#583=FACE_OUTER_BOUND('',#760,.T.);
#584=FACE_OUTER_BOUND('',#761,.T.);
#585=FACE_OUTER_BOUND('',#762,.T.);
#586=FACE_OUTER_BOUND('',#763,.T.);
#587=FACE_OUTER_BOUND('',#764,.T.);
#588=FACE_OUTER_BOUND('',#765,.T.);
#589=FACE_OUTER_BOUND('',#766,.T.);
#590=FACE_OUTER_BOUND('',#767,.T.);
#591=FACE_OUTER_BOUND('',#768,.T.);
#592=FACE_OUTER_BOUND('',#769,.T.);
#593=FACE_OUTER_BOUND('',#770,.T.);
#594=FACE_OUTER_BOUND('',#771,.T.);
#595=FACE_OUTER_BOUND('',#772,.T.);
#596=FACE_OUTER_BOUND('',#773,.T.);
#597=FACE_OUTER_BOUND('',#774,.T.);
#598=FACE_OUTER_BOUND('',#775,.T.);
#599=FACE_OUTER_BOUND('',#776,.T.);
#600=FACE_OUTER_BOUND('',#777,.T.);
#601=FACE_OUTER_BOUND('',#778,.T.);
#602=FACE_OUTER_BOUND('',#779,.T.);
#603=FACE_OUTER_BOUND('',#780,.T.);
#604=FACE_OUTER_BOUND('',#781,.T.);
#605=FACE_OUTER_BOUND('',#782,.T.);
#606=FACE_OUTER_BOUND('',#783,.T.);
#607=FACE_OUTER_BOUND('',#784,.T.);
#608=FACE_OUTER_BOUND('',#785,.T.);
#609=FACE_OUTER_BOUND('',#786,.T.);
#610=FACE_OUTER_BOUND('',#787,.T.);
#611=FACE_OUTER_BOUND('',#788,.T.);
#612=FACE_OUTER_BOUND('',#789,.T.);
#613=FACE_OUTER_BOUND('',#790,.T.);
#614=FACE_OUTER_BOUND('',#791,.T.);
#615=FACE_OUTER_BOUND('',#792,.T.);
#616=FACE_OUTER_BOUND('',#793,.T.);
#617=FACE_OUTER_BOUND('',#794,.T.);
#618=FACE_OUTER_BOUND('',#795,.T.);
#619=FACE_OUTER_BOUND('',#796,.T.);
#620=FACE_OUTER_BOUND('',#797,.T.);
#621=FACE_OUTER_BOUND('',#798,.T.);
#622=FACE_OUTER_BOUND('',#799,.T.);
#623=FACE_OUTER_BOUND('',#800,.T.);
#624=FACE_OUTER_BOUND('',#801,.T.);
#625=FACE_OUTER_BOUND('',#802,.T.);
#626=FACE_OUTER_BOUND('',#803,.T.);
#627=FACE_OUTER_BOUND('',#804,.T.);
#628=FACE_OUTER_BOUND('',#805,.T.);
#629=FACE_OUTER_BOUND('',#806,.T.);
#630=FACE_OUTER_BOUND('',#807,.T.);
#631=FACE_OUTER_BOUND('',#808,.T.);
#632=FACE_OUTER_BOUND('',#809,.T.);
#633=FACE_OUTER_BOUND('',#810,.T.);
#634=FACE_OUTER_BOUND('',#811,.T.);
#635=FACE_OUTER_BOUND('',#812,.T.);
#636=FACE_OUTER_BOUND('',#813,.T.);
#637=FACE_OUTER_BOUND('',#814,.T.);
#638=FACE_OUTER_BOUND('',#815,.T.);
#639=FACE_OUTER_BOUND('',#816,.T.);
#640=FACE_OUTER_BOUND('',#817,.T.);
#641=FACE_OUTER_BOUND('',#818,.T.);
#642=FACE_OUTER_BOUND('',#822,.T.);
#643=FACE_OUTER_BOUND('',#823,.T.);
#644=FACE_OUTER_BOUND('',#824,.T.);
#645=FACE_OUTER_BOUND('',#825,.T.);
#646=FACE_OUTER_BOUND('',#826,.T.);
#647=FACE_OUTER_BOUND('',#827,.T.);
#648=FACE_OUTER_BOUND('',#828,.T.);
#649=FACE_OUTER_BOUND('',#829,.T.);
#650=FACE_OUTER_BOUND('',#830,.T.);
#651=FACE_OUTER_BOUND('',#831,.T.);
#652=FACE_OUTER_BOUND('',#832,.T.);
#653=FACE_OUTER_BOUND('',#833,.T.);
#654=FACE_OUTER_BOUND('',#834,.T.);
#655=FACE_OUTER_BOUND('',#835,.T.);
#656=FACE_OUTER_BOUND('',#839,.T.);
#657=FACE_OUTER_BOUND('',#840,.T.);
#658=FACE_OUTER_BOUND('',#841,.T.);
#659=FACE_OUTER_BOUND('',#842,.T.);
#660=FACE_OUTER_BOUND('',#846,.T.);
#661=FACE_OUTER_BOUND('',#855,.T.);
#662=FACE_OUTER_BOUND('',#857,.T.);
#663=FACE_OUTER_BOUND('',#859,.T.);
#664=FACE_OUTER_BOUND('',#861,.T.);
#665=FACE_OUTER_BOUND('',#862,.T.);
#666=FACE_OUTER_BOUND('',#863,.T.);
#667=FACE_OUTER_BOUND('',#864,.T.);
#668=FACE_OUTER_BOUND('',#865,.T.);
#669=FACE_OUTER_BOUND('',#867,.T.);
#670=FACE_OUTER_BOUND('',#869,.T.);
#671=FACE_OUTER_BOUND('',#870,.T.);
#672=FACE_OUTER_BOUND('',#871,.T.);
#673=FACE_OUTER_BOUND('',#872,.T.);
#674=FACE_OUTER_BOUND('',#873,.T.);
#675=FACE_OUTER_BOUND('',#874,.T.);
#676=FACE_OUTER_BOUND('',#875,.T.);
#677=EDGE_LOOP('',(#1746,#1747,#1748));
#678=EDGE_LOOP('',(#1749,#1750,#1751));
#679=EDGE_LOOP('',(#1752,#1753,#1754,#1755));
#680=EDGE_LOOP('',(#1756,#1757,#1758));
#681=EDGE_LOOP('',(#1759,#1760,#1761));
#682=EDGE_LOOP('',(#1762,#1763,#1764,#1765));
#683=EDGE_LOOP('',(#1766,#1767,#1768));
#684=EDGE_LOOP('',(#1769,#1770,#1771));
#685=EDGE_LOOP('',(#1772,#1773,#1774,#1775));
#686=EDGE_LOOP('',(#1776,#1777,#1778));
#687=EDGE_LOOP('',(#1779,#1780,#1781));
#688=EDGE_LOOP('',(#1782,#1783,#1784,#1785));
#689=EDGE_LOOP('',(#1786,#1787,#1788,#1789));
#690=EDGE_LOOP('',(#1790,#1791,#1792,#1793));
#691=EDGE_LOOP('',(#1794,#1795,#1796,#1797));
#692=EDGE_LOOP('',(#1798,#1799,#1800,#1801));
#693=EDGE_LOOP('',(#1802,#1803,#1804,#1805));
#694=EDGE_LOOP('',(#1806,#1807,#1808,#1809));
#695=EDGE_LOOP('',(#1810,#1811,#1812,#1813));
#696=EDGE_LOOP('',(#1814,#1815,#1816,#1817));
#697=EDGE_LOOP('',(#1818,#1819,#1820,#1821));
#698=EDGE_LOOP('',(#1822,#1823,#1824,#1825));
#699=EDGE_LOOP('',(#1826,#1827,#1828,#1829));
#700=EDGE_LOOP('',(#1830,#1831,#1832,#1833));
#701=EDGE_LOOP('',(#1834,#1835,#1836,#1837));
#702=EDGE_LOOP('',(#1838,#1839,#1840,#1841));
#703=EDGE_LOOP('',(#1842,#1843,#1844,#1845));
#704=EDGE_LOOP('',(#1846,#1847,#1848,#1849));
#705=EDGE_LOOP('',(#1850,#1851,#1852,#1853));
#706=EDGE_LOOP('',(#1854,#1855,#1856,#1857));
#707=EDGE_LOOP('',(#1858,#1859,#1860,#1861));
#708=EDGE_LOOP('',(#1862,#1863,#1864,#1865));
#709=EDGE_LOOP('',(#1866,#1867,#1868,#1869));
#710=EDGE_LOOP('',(#1870,#1871,#1872,#1873));
#711=EDGE_LOOP('',(#1874,#1875,#1876,#1877));
#712=EDGE_LOOP('',(#1878,#1879,#1880,#1881));
#713=EDGE_LOOP('',(#1882,#1883,#1884,#1885));
#714=EDGE_LOOP('',(#1886,#1887,#1888,#1889));
#715=EDGE_LOOP('',(#1890,#1891,#1892,#1893));
#716=EDGE_LOOP('',(#1894,#1895,#1896,#1897));
#717=EDGE_LOOP('',(#1898,#1899,#1900,#1901));
#718=EDGE_LOOP('',(#1902,#1903,#1904,#1905));
#719=EDGE_LOOP('',(#1906,#1907,#1908,#1909,#1910,#1911));
#720=EDGE_LOOP('',(#1912,#1913,#1914,#1915));
#721=EDGE_LOOP('',(#1916,#1917,#1918,#1919));
#722=EDGE_LOOP('',(#1920,#1921,#1922,#1923,#1924,#1925));
#723=EDGE_LOOP('',(#1926,#1927,#1928,#1929));
#724=EDGE_LOOP('',(#1930,#1931,#1932,#1933));
#725=EDGE_LOOP('',(#1934,#1935,#1936,#1937,#1938,#1939));
#726=EDGE_LOOP('',(#1940,#1941,#1942,#1943));
#727=EDGE_LOOP('',(#1944,#1945,#1946,#1947,#1948,#1949));
#728=EDGE_LOOP('',(#1950,#1951,#1952,#1953,#1954,#1955));
#729=EDGE_LOOP('',(#1956,#1957,#1958,#1959,#1960,#1961));
#730=EDGE_LOOP('',(#1962,#1963,#1964));
#731=EDGE_LOOP('',(#1965,#1966,#1967,#1968));
#732=EDGE_LOOP('',(#1969,#1970,#1971,#1972));
#733=EDGE_LOOP('',(#1973));
#734=EDGE_LOOP('',(#1974));
#735=EDGE_LOOP('',(#1975));
#736=EDGE_LOOP('',(#1976,#1977,#1978,#1979));
#737=EDGE_LOOP('',(#1980,#1981,#1982,#1983));
#738=EDGE_LOOP('',(#1984));
#739=EDGE_LOOP('',(#1985,#1986));
#740=EDGE_LOOP('',(#1987,#1988,#1989,#1990,#1991,#1992));
#741=EDGE_LOOP('',(#1993,#1994,#1995));
#742=EDGE_LOOP('',(#1996,#1997,#1998,#1999,#2000,#2001));
#743=EDGE_LOOP('',(#2002,#2003,#2004));
#744=EDGE_LOOP('',(#2005,#2006,#2007,#2008,#2009));
#745=EDGE_LOOP('',(#2010,#2011,#2012,#2013,#2014,#2015));
#746=EDGE_LOOP('',(#2016,#2017,#2018,#2019,#2020,#2021,#2022));
#747=EDGE_LOOP('',(#2023,#2024,#2025,#2026,#2027,#2028));
#748=EDGE_LOOP('',(#2029));
#749=EDGE_LOOP('',(#2030,#2031,#2032,#2033,#2034,#2035,#2036));
#750=EDGE_LOOP('',(#2037));
#751=EDGE_LOOP('',(#2038,#2039,#2040,#2041));
#752=EDGE_LOOP('',(#2042,#2043,#2044,#2045));
#753=EDGE_LOOP('',(#2046,#2047,#2048,#2049,#2050,#2051));
#754=EDGE_LOOP('',(#2052));
#755=EDGE_LOOP('',(#2053,#2054,#2055,#2056,#2057,#2058));
#756=EDGE_LOOP('',(#2059,#2060,#2061,#2062));
#757=EDGE_LOOP('',(#2063,#2064,#2065,#2066));
#758=EDGE_LOOP('',(#2067,#2068,#2069,#2070));
#759=EDGE_LOOP('',(#2071,#2072,#2073));
#760=EDGE_LOOP('',(#2074,#2075,#2076));
#761=EDGE_LOOP('',(#2077,#2078,#2079,#2080));
#762=EDGE_LOOP('',(#2081,#2082,#2083));
#763=EDGE_LOOP('',(#2084,#2085,#2086));
#764=EDGE_LOOP('',(#2087,#2088,#2089,#2090));
#765=EDGE_LOOP('',(#2091,#2092,#2093));
#766=EDGE_LOOP('',(#2094,#2095,#2096));
#767=EDGE_LOOP('',(#2097,#2098,#2099,#2100));
#768=EDGE_LOOP('',(#2101,#2102,#2103));
#769=EDGE_LOOP('',(#2104,#2105,#2106));
#770=EDGE_LOOP('',(#2107,#2108,#2109,#2110));
#771=EDGE_LOOP('',(#2111,#2112,#2113,#2114));
#772=EDGE_LOOP('',(#2115,#2116,#2117,#2118));
#773=EDGE_LOOP('',(#2119,#2120,#2121,#2122));
#774=EDGE_LOOP('',(#2123,#2124,#2125,#2126));
#775=EDGE_LOOP('',(#2127,#2128,#2129,#2130));
#776=EDGE_LOOP('',(#2131,#2132,#2133,#2134));
#777=EDGE_LOOP('',(#2135,#2136,#2137,#2138));
#778=EDGE_LOOP('',(#2139,#2140,#2141,#2142));
#779=EDGE_LOOP('',(#2143,#2144,#2145,#2146));
#780=EDGE_LOOP('',(#2147,#2148,#2149,#2150));
#781=EDGE_LOOP('',(#2151,#2152,#2153,#2154));
#782=EDGE_LOOP('',(#2155,#2156,#2157,#2158));
#783=EDGE_LOOP('',(#2159,#2160,#2161,#2162));
#784=EDGE_LOOP('',(#2163,#2164,#2165,#2166));
#785=EDGE_LOOP('',(#2167,#2168,#2169,#2170));
#786=EDGE_LOOP('',(#2171,#2172,#2173,#2174));
#787=EDGE_LOOP('',(#2175,#2176,#2177,#2178));
#788=EDGE_LOOP('',(#2179,#2180,#2181,#2182));
#789=EDGE_LOOP('',(#2183,#2184,#2185,#2186));
#790=EDGE_LOOP('',(#2187,#2188,#2189,#2190));
#791=EDGE_LOOP('',(#2191,#2192,#2193,#2194));
#792=EDGE_LOOP('',(#2195,#2196,#2197,#2198));
#793=EDGE_LOOP('',(#2199,#2200,#2201,#2202));
#794=EDGE_LOOP('',(#2203,#2204,#2205,#2206));
#795=EDGE_LOOP('',(#2207,#2208,#2209,#2210));
#796=EDGE_LOOP('',(#2211,#2212,#2213,#2214));
#797=EDGE_LOOP('',(#2215,#2216,#2217,#2218));
#798=EDGE_LOOP('',(#2219,#2220,#2221,#2222));
#799=EDGE_LOOP('',(#2223,#2224,#2225,#2226));
#800=EDGE_LOOP('',(#2227,#2228,#2229,#2230));
#801=EDGE_LOOP('',(#2231,#2232,#2233,#2234,#2235,#2236));
#802=EDGE_LOOP('',(#2237,#2238,#2239,#2240));
#803=EDGE_LOOP('',(#2241,#2242,#2243,#2244));
#804=EDGE_LOOP('',(#2245,#2246,#2247,#2248,#2249,#2250));
#805=EDGE_LOOP('',(#2251,#2252,#2253,#2254));
#806=EDGE_LOOP('',(#2255,#2256,#2257,#2258));
#807=EDGE_LOOP('',(#2259,#2260,#2261,#2262,#2263,#2264));
#808=EDGE_LOOP('',(#2265,#2266,#2267,#2268));
#809=EDGE_LOOP('',(#2269,#2270,#2271,#2272,#2273,#2274,#2275,#2276,#2277,
#2278,#2279,#2280,#2281,#2282,#2283,#2284,#2285,#2286,#2287,#2288,#2289,
#2290));
#810=EDGE_LOOP('',(#2291,#2292,#2293,#2294,#2295,#2296));
#811=EDGE_LOOP('',(#2297,#2298,#2299,#2300,#2301,#2302));
#812=EDGE_LOOP('',(#2303,#2304,#2305,#2306,#2307,#2308));
#813=EDGE_LOOP('',(#2309,#2310,#2311,#2312,#2313,#2314,#2315,#2316,#2317,
#2318));
#814=EDGE_LOOP('',(#2319,#2320,#2321,#2322));
#815=EDGE_LOOP('',(#2323,#2324,#2325));
#816=EDGE_LOOP('',(#2326,#2327,#2328,#2329));
#817=EDGE_LOOP('',(#2330,#2331,#2332,#2333));
#818=EDGE_LOOP('',(#2334,#2335,#2336,#2337));
#819=EDGE_LOOP('',(#2338));
#820=EDGE_LOOP('',(#2339));
#821=EDGE_LOOP('',(#2340));
#822=EDGE_LOOP('',(#2341,#2342,#2343,#2344,#2345,#2346,#2347,#2348));
#823=EDGE_LOOP('',(#2349,#2350,#2351,#2352));
#824=EDGE_LOOP('',(#2353,#2354,#2355,#2356));
#825=EDGE_LOOP('',(#2357));
#826=EDGE_LOOP('',(#2358,#2359));
#827=EDGE_LOOP('',(#2360,#2361,#2362,#2363,#2364,#2365));
#828=EDGE_LOOP('',(#2366,#2367,#2368));
#829=EDGE_LOOP('',(#2369,#2370,#2371,#2372,#2373,#2374));
#830=EDGE_LOOP('',(#2375,#2376,#2377));
#831=EDGE_LOOP('',(#2378,#2379,#2380,#2381,#2382));
#832=EDGE_LOOP('',(#2383,#2384,#2385,#2386,#2387,#2388));
#833=EDGE_LOOP('',(#2389,#2390,#2391));
#834=EDGE_LOOP('',(#2392,#2393,#2394,#2395));
#835=EDGE_LOOP('',(#2396,#2397,#2398,#2399));
#836=EDGE_LOOP('',(#2400));
#837=EDGE_LOOP('',(#2401));
#838=EDGE_LOOP('',(#2402));
#839=EDGE_LOOP('',(#2403));
#840=EDGE_LOOP('',(#2404,#2405,#2406,#2407));
#841=EDGE_LOOP('',(#2408,#2409,#2410,#2411,#2412,#2413,#2414));
#842=EDGE_LOOP('',(#2415,#2416,#2417,#2418));
#843=EDGE_LOOP('',(#2419));
#844=EDGE_LOOP('',(#2420));
#845=EDGE_LOOP('',(#2421));
#846=EDGE_LOOP('',(#2422));
#847=EDGE_LOOP('',(#2423));
#848=EDGE_LOOP('',(#2424));
#849=EDGE_LOOP('',(#2425));
#850=EDGE_LOOP('',(#2426));
#851=EDGE_LOOP('',(#2427));
#852=EDGE_LOOP('',(#2428));
#853=EDGE_LOOP('',(#2429));
#854=EDGE_LOOP('',(#2430));
#855=EDGE_LOOP('',(#2431,#2432,#2433,#2434,#2435,#2436));
#856=EDGE_LOOP('',(#2437));
#857=EDGE_LOOP('',(#2438,#2439,#2440,#2441,#2442,#2443));
#858=EDGE_LOOP('',(#2444));
#859=EDGE_LOOP('',(#2445,#2446,#2447,#2448,#2449,#2450));
#860=EDGE_LOOP('',(#2451));
#861=EDGE_LOOP('',(#2452,#2453,#2454,#2455));
#862=EDGE_LOOP('',(#2456,#2457,#2458,#2459,#2460,#2461,#2462));
#863=EDGE_LOOP('',(#2463,#2464,#2465,#2466,#2467,#2468,#2469));
#864=EDGE_LOOP('',(#2470,#2471,#2472,#2473));
#865=EDGE_LOOP('',(#2474,#2475,#2476,#2477,#2478,#2479));
#866=EDGE_LOOP('',(#2480));
#867=EDGE_LOOP('',(#2481,#2482,#2483,#2484,#2485,#2486));
#868=EDGE_LOOP('',(#2487));
#869=EDGE_LOOP('',(#2488,#2489,#2490,#2491));
#870=EDGE_LOOP('',(#2492,#2493,#2494,#2495,#2496,#2497));
#871=EDGE_LOOP('',(#2498,#2499,#2500,#2501));
#872=EDGE_LOOP('',(#2502,#2503,#2504,#2505));
#873=EDGE_LOOP('',(#2506,#2507,#2508,#2509));
#874=EDGE_LOOP('',(#2510,#2511,#2512,#2513));
#875=EDGE_LOOP('',(#2514,#2515,#2516,#2517,#2518,#2519,#2520,#2521,#2522,
#2523,#2524,#2525,#2526,#2527,#2528,#2529,#2530,#2531,#2532,#2533,#2534,
#2535,#2536,#2537,#2538,#2539,#2540,#2541,#2542,#2543,#2544,#2545,#2546,
#2547,#2548,#2549));
#876=CIRCLE('',#2752,2.);
#877=CIRCLE('',#2753,2.);
#878=CIRCLE('',#2754,2.);
#879=CIRCLE('',#2756,2.);
#880=CIRCLE('',#2757,2.);
#881=CIRCLE('',#2758,2.);
#882=CIRCLE('',#2760,2.);
#883=CIRCLE('',#2762,2.);
#884=CIRCLE('',#2763,2.);
#885=CIRCLE('',#2764,2.);
#886=CIRCLE('',#2766,2.);
#887=CIRCLE('',#2767,2.);
#888=CIRCLE('',#2768,2.);
#889=CIRCLE('',#2770,2.);
#890=CIRCLE('',#2772,2.00000000000001);
#891=CIRCLE('',#2773,2.);
#892=CIRCLE('',#2774,2.);
#893=CIRCLE('',#2776,2.);
#894=CIRCLE('',#2777,2.);
#895=CIRCLE('',#2778,2.);
#896=CIRCLE('',#2780,2.);
#897=CIRCLE('',#2782,2.);
#898=CIRCLE('',#2783,2.);
#899=CIRCLE('',#2784,2.);
#900=CIRCLE('',#2786,2.);
#901=CIRCLE('',#2787,2.00000000000001);
#902=CIRCLE('',#2788,2.);
#903=CIRCLE('',#2790,2.);
#904=CIRCLE('',#2792,2.);
#905=CIRCLE('',#2793,5.25);
#906=CIRCLE('',#2794,7.25);
#907=CIRCLE('',#2796,31.5);
#908=CIRCLE('',#2797,29.5);
#909=CIRCLE('',#2799,2.);
#910=CIRCLE('',#2801,2.);
#911=CIRCLE('',#2803,2.);
#912=CIRCLE('',#2804,5.25);
#913=CIRCLE('',#2805,7.25);
#914=CIRCLE('',#2806,2.);
#915=CIRCLE('',#2808,2.);
#916=CIRCLE('',#2809,5.25);
#917=CIRCLE('',#2810,7.25);
#918=CIRCLE('',#2813,2.);
#919=CIRCLE('',#2815,31.5);
#920=CIRCLE('',#2816,29.5);
#921=CIRCLE('',#2818,2.);
#922=CIRCLE('',#2820,2.);
#923=CIRCLE('',#2821,5.25);
#924=CIRCLE('',#2822,7.25);
#925=CIRCLE('',#2823,2.);
#926=CIRCLE('',#2825,2.);
#927=CIRCLE('',#2826,5.25);
#928=CIRCLE('',#2827,7.25);
#929=CIRCLE('',#2830,2.);
#930=CIRCLE('',#2832,31.5);
#931=CIRCLE('',#2833,29.5);
#932=CIRCLE('',#2835,2.);
#933=CIRCLE('',#2837,2.);
#934=CIRCLE('',#2838,5.25);
#935=CIRCLE('',#2839,7.25);
#936=CIRCLE('',#2840,2.);
#937=CIRCLE('',#2842,2.);
#938=CIRCLE('',#2843,5.25);
#939=CIRCLE('',#2844,7.25);
#940=CIRCLE('',#2847,2.);
#941=CIRCLE('',#2849,31.5);
#942=CIRCLE('',#2850,29.5);
#943=CIRCLE('',#2852,2.);
#944=CIRCLE('',#2854,2.);
#945=CIRCLE('',#2855,7.25);
#946=CIRCLE('',#2856,5.25);
#947=CIRCLE('',#2858,2.);
#948=CIRCLE('',#2861,5.25);
#949=CIRCLE('',#2865,5.25);
#950=CIRCLE('',#2869,5.25);
#951=CIRCLE('',#2872,20.);
#952=CIRCLE('',#2874,20.);
#953=CIRCLE('',#2876,20.);
#954=CIRCLE('',#2877,10.);
#955=CIRCLE('',#2879,5.);
#956=CIRCLE('',#2880,5.);
#957=CIRCLE('',#2882,1.4);
#958=CIRCLE('',#2883,1.4);
#959=CIRCLE('',#2884,1.4);
#960=CIRCLE('',#2886,5.);
#961=CIRCLE('',#2888,1.4);
#962=CIRCLE('',#2891,1.4);
#963=CIRCLE('',#2896,1.4);
#964=CIRCLE('',#2897,1.4);
#965=CIRCLE('',#2901,1.4);
#966=CIRCLE('',#2902,1.4);
#967=CIRCLE('',#2904,1.4);
#968=CIRCLE('',#2905,1.4);
#969=CIRCLE('',#2907,1.4);
#970=CIRCLE('',#2909,1.4);
#971=CIRCLE('',#2911,31.5);
#972=CIRCLE('',#2912,3.25);
#973=CIRCLE('',#2914,31.5);
#974=CIRCLE('',#2915,31.5);
#975=CIRCLE('',#2916,3.25);
#976=CIRCLE('',#2920,31.5);
#977=CIRCLE('',#2921,3.25);
#978=CIRCLE('',#2923,20.);
#979=CIRCLE('',#2925,3.25);
#980=CIRCLE('',#2927,3.25);
#981=CIRCLE('',#2929,3.25);
#982=CIRCLE('',#2931,2.);
#983=CIRCLE('',#2932,2.);
#984=CIRCLE('',#2933,2.);
#985=CIRCLE('',#2935,2.);
#986=CIRCLE('',#2936,2.);
#987=CIRCLE('',#2937,2.);
#988=CIRCLE('',#2939,2.);
#989=CIRCLE('',#2941,2.);
#990=CIRCLE('',#2942,2.);
#991=CIRCLE('',#2943,2.);
#992=CIRCLE('',#2945,2.);
#993=CIRCLE('',#2946,2.);
#994=CIRCLE('',#2947,2.);
#995=CIRCLE('',#2949,2.);
#996=CIRCLE('',#2951,2.00000000000001);
#997=CIRCLE('',#2952,2.);
#998=CIRCLE('',#2953,2.);
#999=CIRCLE('',#2955,2.);
#1000=CIRCLE('',#2956,2.);
#1001=CIRCLE('',#2957,2.);
#1002=CIRCLE('',#2959,2.);
#1003=CIRCLE('',#2961,2.);
#1004=CIRCLE('',#2962,2.);
#1005=CIRCLE('',#2963,2.);
#1006=CIRCLE('',#2965,2.);
#1007=CIRCLE('',#2966,2.);
#1008=CIRCLE('',#2967,2.00000000000001);
#1009=CIRCLE('',#2969,2.);
#1010=CIRCLE('',#2971,2.);
#1011=CIRCLE('',#2972,7.25);
#1012=CIRCLE('',#2973,5.25);
#1013=CIRCLE('',#2975,29.5);
#1014=CIRCLE('',#2976,31.5);
#1015=CIRCLE('',#2978,2.);
#1016=CIRCLE('',#2980,2.);
#1017=CIRCLE('',#2982,2.);
#1018=CIRCLE('',#2983,7.25);
#1019=CIRCLE('',#2984,5.25);
#1020=CIRCLE('',#2985,2.);
#1021=CIRCLE('',#2987,2.);
#1022=CIRCLE('',#2988,7.25);
#1023=CIRCLE('',#2989,5.25);
#1024=CIRCLE('',#2992,2.);
#1025=CIRCLE('',#2994,29.5);
#1026=CIRCLE('',#2995,31.5);
#1027=CIRCLE('',#2997,2.);
#1028=CIRCLE('',#2999,2.);
#1029=CIRCLE('',#3000,7.25);
#1030=CIRCLE('',#3001,5.25);
#1031=CIRCLE('',#3002,2.);
#1032=CIRCLE('',#3004,2.);
#1033=CIRCLE('',#3005,7.25);
#1034=CIRCLE('',#3006,5.25);
#1035=CIRCLE('',#3009,2.);
#1036=CIRCLE('',#3011,29.5);
#1037=CIRCLE('',#3012,31.5);
#1038=CIRCLE('',#3014,2.);
#1039=CIRCLE('',#3016,2.);
#1040=CIRCLE('',#3017,7.25);
#1041=CIRCLE('',#3018,5.25);
#1042=CIRCLE('',#3019,2.);
#1043=CIRCLE('',#3021,2.);
#1044=CIRCLE('',#3022,7.25);
#1045=CIRCLE('',#3023,5.25);
#1046=CIRCLE('',#3026,2.);
#1047=CIRCLE('',#3028,29.5);
#1048=CIRCLE('',#3029,31.5);
#1049=CIRCLE('',#3031,2.);
#1050=CIRCLE('',#3033,2.);
#1051=CIRCLE('',#3034,5.25);
#1052=CIRCLE('',#3035,7.25);
#1053=CIRCLE('',#3037,2.);
#1054=CIRCLE('',#3040,5.25);
#1055=CIRCLE('',#3044,5.25);
#1056=CIRCLE('',#3048,5.25);
#1057=CIRCLE('',#3051,18.);
#1058=CIRCLE('',#3052,2.);
#1059=CIRCLE('',#3053,20.);
#1060=CIRCLE('',#3054,20.);
#1061=CIRCLE('',#3055,20.);
#1062=CIRCLE('',#3056,20.);
#1063=CIRCLE('',#3057,18.);
#1064=CIRCLE('',#3062,18.);
#1065=CIRCLE('',#3063,18.);
#1066=CIRCLE('',#3065,10.);
#1067=CIRCLE('',#3066,28.);
#1068=CIRCLE('',#3068,5.);
#1069=CIRCLE('',#3069,5.);
#1070=CIRCLE('',#3071,13.);
#1071=CIRCLE('',#3073,1.4);
#1072=CIRCLE('',#3074,1.4);
#1073=CIRCLE('',#3075,1.4);
#1074=CIRCLE('',#3077,5.);
#1075=CIRCLE('',#3080,1.4);
#1076=CIRCLE('',#3083,1.4);
#1077=CIRCLE('',#3088,1.4);
#1078=CIRCLE('',#3089,1.4);
#1079=CIRCLE('',#3093,1.4);
#1080=CIRCLE('',#3094,1.4);
#1081=CIRCLE('',#3096,1.4);
#1082=CIRCLE('',#3097,1.4);
#1083=CIRCLE('',#3099,1.4);
#1084=CIRCLE('',#3101,1.4);
#1085=CIRCLE('',#3103,1.4);
#1086=CIRCLE('',#3106,1.4);
#1087=CIRCLE('',#3108,1.4);
#1088=CIRCLE('',#3110,1.4);
#1089=CIRCLE('',#3113,31.5);
#1090=CIRCLE('',#3114,3.25);
#1091=CIRCLE('',#3115,3.25);
#1092=CIRCLE('',#3116,3.25);
#1093=CIRCLE('',#3117,3.25);
#1094=CIRCLE('',#3118,3.25);
#1095=CIRCLE('',#3120,31.5);
#1096=CIRCLE('',#3121,3.25);
#1097=CIRCLE('',#3123,31.5);
#1098=CIRCLE('',#3124,3.25);
#1099=CIRCLE('',#3126,5.25);
#1100=CIRCLE('',#3127,31.5);
#1101=CIRCLE('',#3128,3.25);
#1102=CIRCLE('',#3132,5.25);
#1103=CIRCLE('',#3135,31.5);
#1104=CIRCLE('',#3136,3.25);
#1105=CIRCLE('',#3138,31.5);
#1106=CIRCLE('',#3139,3.25);
#1107=VERTEX_POINT('',#4080);
#1108=VERTEX_POINT('',#4081);
#1109=VERTEX_POINT('',#4083);
#1110=VERTEX_POINT('',#4087);
#1111=VERTEX_POINT('',#4088);
#1112=VERTEX_POINT('',#4090);
#1113=VERTEX_POINT('',#4094);
#1114=VERTEX_POINT('',#4095);
#1115=VERTEX_POINT('',#4100);
#1116=VERTEX_POINT('',#4101);
#1117=VERTEX_POINT('',#4103);
#1118=VERTEX_POINT('',#4107);
#1119=VERTEX_POINT('',#4108);
#1120=VERTEX_POINT('',#4110);
#1121=VERTEX_POINT('',#4114);
#1122=VERTEX_POINT('',#4115);
#1123=VERTEX_POINT('',#4120);
#1124=VERTEX_POINT('',#4121);
#1125=VERTEX_POINT('',#4123);
#1126=VERTEX_POINT('',#4127);
#1127=VERTEX_POINT('',#4128);
#1128=VERTEX_POINT('',#4130);
#1129=VERTEX_POINT('',#4134);
#1130=VERTEX_POINT('',#4135);
#1131=VERTEX_POINT('',#4140);
#1132=VERTEX_POINT('',#4141);
#1133=VERTEX_POINT('',#4143);
#1134=VERTEX_POINT('',#4147);
#1135=VERTEX_POINT('',#4148);
#1136=VERTEX_POINT('',#4150);
#1137=VERTEX_POINT('',#4154);
#1138=VERTEX_POINT('',#4155);
#1139=VERTEX_POINT('',#4160);
#1140=VERTEX_POINT('',#4161);
#1141=VERTEX_POINT('',#4190);
#1142=VERTEX_POINT('',#4191);
#1143=VERTEX_POINT('',#4213);
#1144=VERTEX_POINT('',#4214);
#1145=VERTEX_POINT('',#4219);
#1146=VERTEX_POINT('',#4220);
#1147=VERTEX_POINT('',#4225);
#1148=VERTEX_POINT('',#4226);
#1149=VERTEX_POINT('',#4300);
#1150=VERTEX_POINT('',#4315);
#1151=VERTEX_POINT('',#4332);
#1152=VERTEX_POINT('',#4333);
#1153=VERTEX_POINT('',#4341);
#1154=VERTEX_POINT('',#4342);
#1155=VERTEX_POINT('',#4350);
#1156=VERTEX_POINT('',#4351);
#1157=VERTEX_POINT('',#4356);
#1158=VERTEX_POINT('',#4357);
#1159=VERTEX_POINT('',#4456);
#1160=VERTEX_POINT('',#4476);
#1161=VERTEX_POINT('',#4498);
#1162=VERTEX_POINT('',#4499);
#1163=VERTEX_POINT('',#4507);
#1164=VERTEX_POINT('',#4508);
#1165=VERTEX_POINT('',#4516);
#1166=VERTEX_POINT('',#4517);
#1167=VERTEX_POINT('',#4522);
#1168=VERTEX_POINT('',#4523);
#1169=VERTEX_POINT('',#4602);
#1170=VERTEX_POINT('',#4618);
#1171=VERTEX_POINT('',#4636);
#1172=VERTEX_POINT('',#4637);
#1173=VERTEX_POINT('',#4645);
#1174=VERTEX_POINT('',#4646);
#1175=VERTEX_POINT('',#4654);
#1176=VERTEX_POINT('',#4655);
#1177=VERTEX_POINT('',#4660);
#1178=VERTEX_POINT('',#4661);
#1179=VERTEX_POINT('',#4690);
#1180=VERTEX_POINT('',#4691);
#1181=VERTEX_POINT('',#4710);
#1182=VERTEX_POINT('',#4711);
#1183=VERTEX_POINT('',#4716);
#1184=VERTEX_POINT('',#4720);
#1185=VERTEX_POINT('',#4726);
#1186=VERTEX_POINT('',#4730);
#1187=VERTEX_POINT('',#4736);
#1188=VERTEX_POINT('',#4740);
#1189=VERTEX_POINT('',#4871);
#1190=VERTEX_POINT('',#4872);
#1191=VERTEX_POINT('',#4893);
#1192=VERTEX_POINT('',#4916);
#1193=VERTEX_POINT('',#4917);
#1194=VERTEX_POINT('',#4919);
#1195=VERTEX_POINT('',#4921);
#1196=VERTEX_POINT('',#4926);
#1197=VERTEX_POINT('',#4929);
#1198=VERTEX_POINT('',#4931);
#1199=VERTEX_POINT('',#4933);
#1200=VERTEX_POINT('',#4936);
#1201=VERTEX_POINT('',#4940);
#1202=VERTEX_POINT('',#4945);
#1203=VERTEX_POINT('',#4946);
#1204=VERTEX_POINT('',#4950);
#1205=VERTEX_POINT('',#4955);
#1206=VERTEX_POINT('',#4956);
#1207=VERTEX_POINT('',#4960);
#1208=VERTEX_POINT('',#4967);
#1209=VERTEX_POINT('',#4971);
#1210=VERTEX_POINT('',#4973);
#1211=VERTEX_POINT('',#4977);
#1212=VERTEX_POINT('',#4981);
#1213=VERTEX_POINT('',#4986);
#1214=VERTEX_POINT('',#4989);
#1215=VERTEX_POINT('',#4992);
#1216=VERTEX_POINT('',#4995);
#1217=VERTEX_POINT('',#4999);
#1218=VERTEX_POINT('',#5004);
#1219=VERTEX_POINT('',#5009);
#1220=VERTEX_POINT('',#5013);
#1221=VERTEX_POINT('',#5017);
#1222=VERTEX_POINT('',#5021);
#1223=VERTEX_POINT('',#5022);
#1224=VERTEX_POINT('',#5024);
#1225=VERTEX_POINT('',#5028);
#1226=VERTEX_POINT('',#5029);
#1227=VERTEX_POINT('',#5031);
#1228=VERTEX_POINT('',#5035);
#1229=VERTEX_POINT('',#5036);
#1230=VERTEX_POINT('',#5041);
#1231=VERTEX_POINT('',#5042);
#1232=VERTEX_POINT('',#5044);
#1233=VERTEX_POINT('',#5048);
#1234=VERTEX_POINT('',#5049);
#1235=VERTEX_POINT('',#5051);
#1236=VERTEX_POINT('',#5055);
#1237=VERTEX_POINT('',#5056);
#1238=VERTEX_POINT('',#5061);
#1239=VERTEX_POINT('',#5062);
#1240=VERTEX_POINT('',#5064);
#1241=VERTEX_POINT('',#5068);
#1242=VERTEX_POINT('',#5069);
#1243=VERTEX_POINT('',#5071);
#1244=VERTEX_POINT('',#5075);
#1245=VERTEX_POINT('',#5076);
#1246=VERTEX_POINT('',#5081);
#1247=VERTEX_POINT('',#5082);
#1248=VERTEX_POINT('',#5084);
#1249=VERTEX_POINT('',#5088);
#1250=VERTEX_POINT('',#5089);
#1251=VERTEX_POINT('',#5091);
#1252=VERTEX_POINT('',#5095);
#1253=VERTEX_POINT('',#5096);
#1254=VERTEX_POINT('',#5101);
#1255=VERTEX_POINT('',#5102);
#1256=VERTEX_POINT('',#5145);
#1257=VERTEX_POINT('',#5146);
#1258=VERTEX_POINT('',#5151);
#1259=VERTEX_POINT('',#5152);
#1260=VERTEX_POINT('',#5157);
#1261=VERTEX_POINT('',#5158);
#1262=VERTEX_POINT('',#5232);
#1263=VERTEX_POINT('',#5247);
#1264=VERTEX_POINT('',#5264);
#1265=VERTEX_POINT('',#5265);
#1266=VERTEX_POINT('',#5273);
#1267=VERTEX_POINT('',#5274);
#1268=VERTEX_POINT('',#5282);
#1269=VERTEX_POINT('',#5283);
#1270=VERTEX_POINT('',#5288);
#1271=VERTEX_POINT('',#5289);
#1272=VERTEX_POINT('',#5388);
#1273=VERTEX_POINT('',#5408);
#1274=VERTEX_POINT('',#5430);
#1275=VERTEX_POINT('',#5431);
#1276=VERTEX_POINT('',#5439);
#1277=VERTEX_POINT('',#5440);
#1278=VERTEX_POINT('',#5448);
#1279=VERTEX_POINT('',#5449);
#1280=VERTEX_POINT('',#5454);
#1281=VERTEX_POINT('',#5455);
#1282=VERTEX_POINT('',#5534);
#1283=VERTEX_POINT('',#5550);
#1284=VERTEX_POINT('',#5568);
#1285=VERTEX_POINT('',#5569);
#1286=VERTEX_POINT('',#5577);
#1287=VERTEX_POINT('',#5578);
#1288=VERTEX_POINT('',#5586);
#1289=VERTEX_POINT('',#5587);
#1290=VERTEX_POINT('',#5592);
#1291=VERTEX_POINT('',#5593);
#1292=VERTEX_POINT('',#5633);
#1293=VERTEX_POINT('',#5634);
#1294=VERTEX_POINT('',#5639);
#1295=VERTEX_POINT('',#5643);
#1296=VERTEX_POINT('',#5649);
#1297=VERTEX_POINT('',#5653);
#1298=VERTEX_POINT('',#5659);
#1299=VERTEX_POINT('',#5663);
#1300=VERTEX_POINT('',#5669);
#1301=VERTEX_POINT('',#5670);
#1302=VERTEX_POINT('',#5682);
#1303=VERTEX_POINT('',#5685);
#1304=VERTEX_POINT('',#5687);
#1305=VERTEX_POINT('',#5710);
#1306=VERTEX_POINT('',#5854);
#1307=VERTEX_POINT('',#5855);
#1308=VERTEX_POINT('',#5858);
#1309=VERTEX_POINT('',#5864);
#1310=VERTEX_POINT('',#5867);
#1311=VERTEX_POINT('',#5869);
#1312=VERTEX_POINT('',#5871);
#1313=VERTEX_POINT('',#5875);
#1314=VERTEX_POINT('',#5881);
#1315=VERTEX_POINT('',#5886);
#1316=VERTEX_POINT('',#5887);
#1317=VERTEX_POINT('',#5891);
#1318=VERTEX_POINT('',#5896);
#1319=VERTEX_POINT('',#5897);
#1320=VERTEX_POINT('',#5901);
#1321=VERTEX_POINT('',#5908);
#1322=VERTEX_POINT('',#5912);
#1323=VERTEX_POINT('',#5914);
#1324=VERTEX_POINT('',#5918);
#1325=VERTEX_POINT('',#5922);
#1326=VERTEX_POINT('',#5924);
#1327=VERTEX_POINT('',#5927);
#1328=VERTEX_POINT('',#5932);
#1329=VERTEX_POINT('',#5935);
#1330=VERTEX_POINT('',#5939);
#1331=VERTEX_POINT('',#5944);
#1332=VERTEX_POINT('',#5946);
#1333=VERTEX_POINT('',#5948);
#1334=VERTEX_POINT('',#5950);
#1335=VERTEX_POINT('',#5952);
#1336=VERTEX_POINT('',#5954);
#1337=VERTEX_POINT('',#5958);
#1338=VERTEX_POINT('',#5962);
#1339=VERTEX_POINT('',#5965);
#1340=VERTEX_POINT('',#5969);
#1341=VERTEX_POINT('',#5975);
#1342=VERTEX_POINT('',#5982);
#1343=VERTEX_POINT('',#5986);
#1344=EDGE_CURVE('',#1107,#1108,#876,.F.);
#1345=EDGE_CURVE('',#1108,#1109,#877,.F.);
#1346=EDGE_CURVE('',#1109,#1107,#878,.F.);
#1347=EDGE_CURVE('',#1110,#1111,#879,.F.);
#1348=EDGE_CURVE('',#1111,#1112,#880,.F.);
#1349=EDGE_CURVE('',#1112,#1110,#881,.F.);
#1350=EDGE_CURVE('',#1113,#1114,#882,.F.);
#1351=EDGE_CURVE('',#1110,#1113,#166,.T.);
#1352=EDGE_CURVE('',#1114,#1112,#167,.T.);
#1353=EDGE_CURVE('',#1115,#1116,#883,.F.);
#1354=EDGE_CURVE('',#1116,#1117,#884,.F.);
#1355=EDGE_CURVE('',#1117,#1115,#885,.F.);
#1356=EDGE_CURVE('',#1118,#1119,#886,.F.);
#1357=EDGE_CURVE('',#1119,#1120,#887,.F.);
#1358=EDGE_CURVE('',#1120,#1118,#888,.F.);
#1359=EDGE_CURVE('',#1121,#1122,#889,.F.);
#1360=EDGE_CURVE('',#1118,#1121,#168,.T.);
#1361=EDGE_CURVE('',#1122,#1120,#169,.T.);
#1362=EDGE_CURVE('',#1123,#1124,#890,.F.);
#1363=EDGE_CURVE('',#1124,#1125,#891,.F.);
#1364=EDGE_CURVE('',#1125,#1123,#892,.F.);
#1365=EDGE_CURVE('',#1126,#1127,#893,.F.);
#1366=EDGE_CURVE('',#1127,#1128,#894,.F.);
#1367=EDGE_CURVE('',#1128,#1126,#895,.F.);
#1368=EDGE_CURVE('',#1129,#1130,#896,.F.);
#1369=EDGE_CURVE('',#1126,#1129,#170,.T.);
#1370=EDGE_CURVE('',#1130,#1128,#171,.T.);
#1371=EDGE_CURVE('',#1131,#1132,#897,.F.);
#1372=EDGE_CURVE('',#1132,#1133,#898,.F.);
#1373=EDGE_CURVE('',#1133,#1131,#899,.F.);
#1374=EDGE_CURVE('',#1134,#1135,#900,.F.);
#1375=EDGE_CURVE('',#1135,#1136,#901,.F.);
#1376=EDGE_CURVE('',#1136,#1134,#902,.F.);
#1377=EDGE_CURVE('',#1137,#1138,#903,.T.);
#1378=EDGE_CURVE('',#1134,#1137,#172,.T.);
#1379=EDGE_CURVE('',#1138,#1136,#173,.T.);
#1380=EDGE_CURVE('',#1139,#1140,#904,.T.);
#1381=EDGE_CURVE('',#1137,#1139,#905,.T.);
#1382=EDGE_CURVE('',#1140,#1138,#906,.T.);
#1383=EDGE_CURVE('',#1141,#1142,#101,.T.);
#1384=EDGE_CURVE('',#1139,#1141,#102,.T.);
#1385=EDGE_CURVE('',#1142,#1140,#103,.T.);
#1386=EDGE_CURVE('',#1131,#1135,#907,.T.);
#1387=EDGE_CURVE('',#1136,#1133,#908,.T.);
#1388=EDGE_CURVE('',#1143,#1144,#909,.F.);
#1389=EDGE_CURVE('',#1135,#1143,#174,.T.);
#1390=EDGE_CURVE('',#1144,#1134,#175,.T.);
#1391=EDGE_CURVE('',#1145,#1146,#910,.T.);
#1392=EDGE_CURVE('',#1128,#1145,#176,.T.);
#1393=EDGE_CURVE('',#1146,#1127,#177,.T.);
#1394=EDGE_CURVE('',#1147,#1148,#911,.T.);
#1395=EDGE_CURVE('',#1145,#1147,#912,.T.);
#1396=EDGE_CURVE('',#1148,#1146,#913,.T.);
#1397=EDGE_CURVE('',#1149,#1148,#104,.T.);
#1398=EDGE_CURVE('',#1150,#1149,#914,.T.);
#1399=EDGE_CURVE('',#1147,#1150,#105,.T.);
#1400=EDGE_CURVE('',#1151,#1152,#915,.T.);
#1401=EDGE_CURVE('',#1150,#1151,#916,.T.);
#1402=EDGE_CURVE('',#1152,#1149,#917,.T.);
#1403=EDGE_CURVE('',#1151,#1132,#178,.T.);
#1404=EDGE_CURVE('',#1133,#1152,#179,.T.);
#1405=EDGE_CURVE('',#1153,#1154,#918,.F.);
#1406=EDGE_CURVE('',#1132,#1153,#180,.T.);
#1407=EDGE_CURVE('',#1154,#1131,#181,.T.);
#1408=EDGE_CURVE('',#1123,#1126,#919,.T.);
#1409=EDGE_CURVE('',#1127,#1125,#920,.T.);
#1410=EDGE_CURVE('',#1155,#1156,#921,.T.);
#1411=EDGE_CURVE('',#1120,#1155,#182,.T.);
#1412=EDGE_CURVE('',#1156,#1119,#183,.T.);
#1413=EDGE_CURVE('',#1157,#1158,#922,.T.);
#1414=EDGE_CURVE('',#1155,#1157,#923,.T.);
#1415=EDGE_CURVE('',#1158,#1156,#924,.T.);
#1416=EDGE_CURVE('',#1159,#1158,#106,.T.);
#1417=EDGE_CURVE('',#1160,#1159,#925,.T.);
#1418=EDGE_CURVE('',#1157,#1160,#107,.T.);
#1419=EDGE_CURVE('',#1161,#1162,#926,.T.);
#1420=EDGE_CURVE('',#1160,#1161,#927,.T.);
#1421=EDGE_CURVE('',#1162,#1159,#928,.T.);
#1422=EDGE_CURVE('',#1161,#1124,#184,.T.);
#1423=EDGE_CURVE('',#1125,#1162,#185,.T.);
#1424=EDGE_CURVE('',#1163,#1164,#929,.F.);
#1425=EDGE_CURVE('',#1124,#1163,#186,.T.);
#1426=EDGE_CURVE('',#1164,#1123,#187,.T.);
#1427=EDGE_CURVE('',#1115,#1118,#930,.T.);
#1428=EDGE_CURVE('',#1119,#1117,#931,.T.);
#1429=EDGE_CURVE('',#1165,#1166,#932,.T.);
#1430=EDGE_CURVE('',#1112,#1165,#188,.T.);
#1431=EDGE_CURVE('',#1166,#1111,#189,.T.);
#1432=EDGE_CURVE('',#1167,#1168,#933,.T.);
#1433=EDGE_CURVE('',#1165,#1167,#934,.T.);
#1434=EDGE_CURVE('',#1168,#1166,#935,.T.);
#1435=EDGE_CURVE('',#1169,#1168,#108,.T.);
#1436=EDGE_CURVE('',#1170,#1169,#936,.T.);
#1437=EDGE_CURVE('',#1167,#1170,#109,.T.);
#1438=EDGE_CURVE('',#1171,#1172,#937,.T.);
#1439=EDGE_CURVE('',#1170,#1171,#938,.T.);
#1440=EDGE_CURVE('',#1172,#1169,#939,.T.);
#1441=EDGE_CURVE('',#1171,#1116,#190,.T.);
#1442=EDGE_CURVE('',#1117,#1172,#191,.T.);
#1443=EDGE_CURVE('',#1173,#1174,#940,.F.);
#1444=EDGE_CURVE('',#1116,#1173,#192,.T.);
#1445=EDGE_CURVE('',#1174,#1115,#193,.T.);
#1446=EDGE_CURVE('',#1107,#1110,#941,.T.);
#1447=EDGE_CURVE('',#1111,#1109,#942,.T.);
#1448=EDGE_CURVE('',#1175,#1176,#943,.T.);
#1449=EDGE_CURVE('',#1109,#1175,#194,.T.);
#1450=EDGE_CURVE('',#1176,#1108,#195,.T.);
#1451=EDGE_CURVE('',#1177,#1178,#944,.T.);
#1452=EDGE_CURVE('',#1175,#1177,#945,.T.);
#1453=EDGE_CURVE('',#1178,#1176,#946,.T.);
#1454=EDGE_CURVE('',#1179,#1180,#110,.T.);
#1455=EDGE_CURVE('',#1177,#1179,#111,.T.);
#1456=EDGE_CURVE('',#1180,#1178,#112,.T.);
#1457=EDGE_CURVE('',#1181,#1182,#947,.F.);
#1458=EDGE_CURVE('',#1108,#1181,#196,.T.);
#1459=EDGE_CURVE('',#1182,#1107,#197,.T.);
#1460=EDGE_CURVE('',#1183,#1153,#198,.T.);
#1461=EDGE_CURVE('',#1183,#1151,#199,.T.);
#1462=EDGE_CURVE('',#1183,#1184,#948,.T.);
#1463=EDGE_CURVE('',#1184,#1145,#200,.T.);
#1464=EDGE_CURVE('',#1184,#1130,#201,.T.);
#1465=EDGE_CURVE('',#1185,#1163,#202,.T.);
#1466=EDGE_CURVE('',#1185,#1161,#203,.T.);
#1467=EDGE_CURVE('',#1185,#1186,#949,.T.);
#1468=EDGE_CURVE('',#1186,#1155,#204,.T.);
#1469=EDGE_CURVE('',#1186,#1122,#205,.T.);
#1470=EDGE_CURVE('',#1187,#1173,#206,.T.);
#1471=EDGE_CURVE('',#1187,#1171,#207,.T.);
#1472=EDGE_CURVE('',#1187,#1188,#950,.T.);
#1473=EDGE_CURVE('',#1188,#1165,#208,.T.);
#1474=EDGE_CURVE('',#1188,#1114,#209,.T.);
#1475=EDGE_CURVE('',#1177,#1168,#951,.T.);
#1476=EDGE_CURVE('',#1149,#1140,#952,.T.);
#1477=EDGE_CURVE('',#1159,#1148,#953,.T.);
#1478=EDGE_CURVE('',#1189,#1190,#113,.T.);
#1479=EDGE_CURVE('',#1189,#1191,#954,.T.);
#1480=EDGE_CURVE('',#1190,#1191,#114,.T.);
#1481=EDGE_CURVE('',#1192,#1193,#955,.T.);
#1482=EDGE_CURVE('',#1194,#1192,#210,.T.);
#1483=EDGE_CURVE('',#1195,#1194,#956,.T.);
#1484=EDGE_CURVE('',#1193,#1195,#211,.T.);
#1485=EDGE_CURVE('',#1190,#1195,#212,.T.);
#1486=EDGE_CURVE('',#1190,#1196,#213,.T.);
#1487=EDGE_CURVE('',#1196,#1193,#214,.T.);
#1488=EDGE_CURVE('',#1197,#1197,#957,.T.);
#1489=EDGE_CURVE('',#1198,#1198,#958,.T.);
#1490=EDGE_CURVE('',#1199,#1199,#959,.T.);
#1491=EDGE_CURVE('',#1200,#1191,#215,.T.);
#1492=EDGE_CURVE('',#1196,#1200,#960,.T.);
#1493=EDGE_CURVE('',#1197,#1201,#216,.T.);
#1494=EDGE_CURVE('',#1201,#1201,#961,.T.);
#1495=EDGE_CURVE('',#1202,#1203,#217,.T.);
#1496=EDGE_CURVE('',#1203,#1202,#962,.T.);
#1497=EDGE_CURVE('',#1198,#1204,#218,.T.);
#1498=EDGE_CURVE('',#1204,#1202,#20,.T.);
#1499=EDGE_CURVE('',#1203,#1204,#21,.T.);
#1500=EDGE_CURVE('',#1205,#1206,#18,.T.);
#1501=EDGE_CURVE('',#1206,#1207,#963,.T.);
#1502=EDGE_CURVE('',#1207,#1205,#964,.T.);
#1503=EDGE_CURVE('',#1199,#1207,#219,.T.);
#1504=EDGE_CURVE('',#1206,#1205,#22,.T.);
#1505=EDGE_CURVE('',#1202,#1208,#965,.T.);
#1506=EDGE_CURVE('',#1208,#1203,#966,.T.);
#1507=EDGE_CURVE('',#1205,#1209,#967,.T.);
#1508=EDGE_CURVE('',#1209,#1210,#220,.T.);
#1509=EDGE_CURVE('',#1209,#1206,#968,.T.);
#1510=EDGE_CURVE('',#1211,#1211,#969,.T.);
#1511=EDGE_CURVE('',#1211,#1209,#221,.T.);
#1512=EDGE_CURVE('',#1212,#1212,#970,.T.);
#1513=EDGE_CURVE('',#1212,#1208,#222,.T.);
#1514=EDGE_CURVE('',#1154,#1129,#971,.T.);
#1515=EDGE_CURVE('',#1213,#1213,#972,.T.);
#1516=EDGE_CURVE('',#1164,#1214,#973,.T.);
#1517=EDGE_CURVE('',#1214,#1121,#974,.T.);
#1518=EDGE_CURVE('',#1215,#1215,#975,.T.);
#1519=EDGE_CURVE('',#1216,#1137,#223,.T.);
#1520=EDGE_CURVE('',#1216,#1144,#224,.T.);
#1521=EDGE_CURVE('',#1217,#1181,#225,.T.);
#1522=EDGE_CURVE('',#1217,#1176,#226,.T.);
#1523=EDGE_CURVE('',#1174,#1113,#976,.T.);
#1524=EDGE_CURVE('',#1218,#1218,#977,.T.);
#1525=EDGE_CURVE('',#1169,#1158,#978,.T.);
#1526=EDGE_CURVE('',#1218,#1219,#227,.T.);
#1527=EDGE_CURVE('',#1219,#1219,#979,.T.);
#1528=EDGE_CURVE('',#1215,#1220,#228,.T.);
#1529=EDGE_CURVE('',#1220,#1220,#980,.T.);
#1530=EDGE_CURVE('',#1213,#1221,#229,.T.);
#1531=EDGE_CURVE('',#1221,#1221,#981,.T.);
#1532=EDGE_CURVE('',#1222,#1223,#982,.F.);
#1533=EDGE_CURVE('',#1224,#1222,#983,.F.);
#1534=EDGE_CURVE('',#1223,#1224,#984,.F.);
#1535=EDGE_CURVE('',#1225,#1226,#985,.F.);
#1536=EDGE_CURVE('',#1227,#1225,#986,.F.);
#1537=EDGE_CURVE('',#1226,#1227,#987,.F.);
#1538=EDGE_CURVE('',#1228,#1229,#988,.F.);
#1539=EDGE_CURVE('',#1229,#1227,#230,.T.);
#1540=EDGE_CURVE('',#1225,#1228,#231,.T.);
#1541=EDGE_CURVE('',#1230,#1231,#989,.F.);
#1542=EDGE_CURVE('',#1232,#1230,#990,.F.);
#1543=EDGE_CURVE('',#1231,#1232,#991,.F.);
#1544=EDGE_CURVE('',#1233,#1234,#992,.F.);
#1545=EDGE_CURVE('',#1235,#1233,#993,.F.);
#1546=EDGE_CURVE('',#1234,#1235,#994,.F.);
#1547=EDGE_CURVE('',#1236,#1237,#995,.F.);
#1548=EDGE_CURVE('',#1237,#1235,#232,.T.);
#1549=EDGE_CURVE('',#1233,#1236,#233,.T.);
#1550=EDGE_CURVE('',#1238,#1239,#996,.F.);
#1551=EDGE_CURVE('',#1240,#1238,#997,.F.);
#1552=EDGE_CURVE('',#1239,#1240,#998,.F.);
#1553=EDGE_CURVE('',#1241,#1242,#999,.F.);
#1554=EDGE_CURVE('',#1243,#1241,#1000,.F.);
#1555=EDGE_CURVE('',#1242,#1243,#1001,.F.);
#1556=EDGE_CURVE('',#1244,#1245,#1002,.F.);
#1557=EDGE_CURVE('',#1245,#1243,#234,.T.);
#1558=EDGE_CURVE('',#1241,#1244,#235,.T.);
#1559=EDGE_CURVE('',#1246,#1247,#1003,.F.);
#1560=EDGE_CURVE('',#1248,#1246,#1004,.F.);
#1561=EDGE_CURVE('',#1247,#1248,#1005,.F.);
#1562=EDGE_CURVE('',#1249,#1250,#1006,.F.);
#1563=EDGE_CURVE('',#1251,#1249,#1007,.F.);
#1564=EDGE_CURVE('',#1250,#1251,#1008,.F.);
#1565=EDGE_CURVE('',#1252,#1253,#1009,.T.);
#1566=EDGE_CURVE('',#1253,#1251,#236,.T.);
#1567=EDGE_CURVE('',#1249,#1252,#237,.T.);
#1568=EDGE_CURVE('',#1254,#1255,#1010,.T.);
#1569=EDGE_CURVE('',#1255,#1253,#1011,.T.);
#1570=EDGE_CURVE('',#1252,#1254,#1012,.T.);
#1571=EDGE_CURVE('',#1142,#1255,#115,.T.);
#1572=EDGE_CURVE('',#1254,#1141,#116,.T.);
#1573=EDGE_CURVE('',#1251,#1248,#1013,.T.);
#1574=EDGE_CURVE('',#1246,#1250,#1014,.T.);
#1575=EDGE_CURVE('',#1256,#1257,#1015,.F.);
#1576=EDGE_CURVE('',#1257,#1249,#238,.T.);
#1577=EDGE_CURVE('',#1250,#1256,#239,.T.);
#1578=EDGE_CURVE('',#1258,#1259,#1016,.T.);
#1579=EDGE_CURVE('',#1259,#1242,#240,.T.);
#1580=EDGE_CURVE('',#1243,#1258,#241,.T.);
#1581=EDGE_CURVE('',#1260,#1261,#1017,.T.);
#1582=EDGE_CURVE('',#1261,#1259,#1018,.T.);
#1583=EDGE_CURVE('',#1258,#1260,#1019,.T.);
#1584=EDGE_CURVE('',#1260,#1262,#117,.T.);
#1585=EDGE_CURVE('',#1262,#1263,#1020,.T.);
#1586=EDGE_CURVE('',#1263,#1261,#118,.T.);
#1587=EDGE_CURVE('',#1264,#1265,#1021,.T.);
#1588=EDGE_CURVE('',#1265,#1263,#1022,.T.);
#1589=EDGE_CURVE('',#1262,#1264,#1023,.T.);
#1590=EDGE_CURVE('',#1248,#1265,#242,.T.);
#1591=EDGE_CURVE('',#1264,#1247,#243,.T.);
#1592=EDGE_CURVE('',#1266,#1267,#1024,.F.);
#1593=EDGE_CURVE('',#1267,#1246,#244,.T.);
#1594=EDGE_CURVE('',#1247,#1266,#245,.T.);
#1595=EDGE_CURVE('',#1242,#1240,#1025,.T.);
#1596=EDGE_CURVE('',#1238,#1241,#1026,.T.);
#1597=EDGE_CURVE('',#1268,#1269,#1027,.T.);
#1598=EDGE_CURVE('',#1269,#1234,#246,.T.);
#1599=EDGE_CURVE('',#1235,#1268,#247,.T.);
#1600=EDGE_CURVE('',#1270,#1271,#1028,.T.);
#1601=EDGE_CURVE('',#1271,#1269,#1029,.T.);
#1602=EDGE_CURVE('',#1268,#1270,#1030,.T.);
#1603=EDGE_CURVE('',#1270,#1272,#119,.T.);
#1604=EDGE_CURVE('',#1272,#1273,#1031,.T.);
#1605=EDGE_CURVE('',#1273,#1271,#120,.T.);
#1606=EDGE_CURVE('',#1274,#1275,#1032,.T.);
#1607=EDGE_CURVE('',#1275,#1273,#1033,.T.);
#1608=EDGE_CURVE('',#1272,#1274,#1034,.T.);
#1609=EDGE_CURVE('',#1240,#1275,#248,.T.);
#1610=EDGE_CURVE('',#1274,#1239,#249,.T.);
#1611=EDGE_CURVE('',#1276,#1277,#1035,.F.);
#1612=EDGE_CURVE('',#1277,#1238,#250,.T.);
#1613=EDGE_CURVE('',#1239,#1276,#251,.T.);
#1614=EDGE_CURVE('',#1234,#1232,#1036,.T.);
#1615=EDGE_CURVE('',#1230,#1233,#1037,.T.);
#1616=EDGE_CURVE('',#1278,#1279,#1038,.T.);
#1617=EDGE_CURVE('',#1279,#1226,#252,.T.);
#1618=EDGE_CURVE('',#1227,#1278,#253,.T.);
#1619=EDGE_CURVE('',#1280,#1281,#1039,.T.);
#1620=EDGE_CURVE('',#1281,#1279,#1040,.T.);
#1621=EDGE_CURVE('',#1278,#1280,#1041,.T.);
#1622=EDGE_CURVE('',#1280,#1282,#121,.T.);
#1623=EDGE_CURVE('',#1282,#1283,#1042,.T.);
#1624=EDGE_CURVE('',#1283,#1281,#122,.T.);
#1625=EDGE_CURVE('',#1284,#1285,#1043,.T.);
#1626=EDGE_CURVE('',#1285,#1283,#1044,.T.);
#1627=EDGE_CURVE('',#1282,#1284,#1045,.T.);
#1628=EDGE_CURVE('',#1232,#1285,#254,.T.);
#1629=EDGE_CURVE('',#1284,#1231,#255,.T.);
#1630=EDGE_CURVE('',#1286,#1287,#1046,.F.);
#1631=EDGE_CURVE('',#1287,#1230,#256,.T.);
#1632=EDGE_CURVE('',#1231,#1286,#257,.T.);
#1633=EDGE_CURVE('',#1226,#1224,#1047,.T.);
#1634=EDGE_CURVE('',#1222,#1225,#1048,.T.);
#1635=EDGE_CURVE('',#1288,#1289,#1049,.T.);
#1636=EDGE_CURVE('',#1289,#1223,#258,.T.);
#1637=EDGE_CURVE('',#1224,#1288,#259,.T.);
#1638=EDGE_CURVE('',#1290,#1291,#1050,.T.);
#1639=EDGE_CURVE('',#1291,#1289,#1051,.T.);
#1640=EDGE_CURVE('',#1288,#1290,#1052,.T.);
#1641=EDGE_CURVE('',#1180,#1291,#123,.T.);
#1642=EDGE_CURVE('',#1290,#1179,#124,.T.);
#1643=EDGE_CURVE('',#1292,#1293,#1053,.F.);
#1644=EDGE_CURVE('',#1293,#1222,#260,.T.);
#1645=EDGE_CURVE('',#1223,#1292,#261,.T.);
#1646=EDGE_CURVE('',#1294,#1264,#262,.T.);
#1647=EDGE_CURVE('',#1294,#1266,#263,.T.);
#1648=EDGE_CURVE('',#1295,#1258,#264,.T.);
#1649=EDGE_CURVE('',#1294,#1295,#1054,.T.);
#1650=EDGE_CURVE('',#1295,#1245,#265,.T.);
#1651=EDGE_CURVE('',#1296,#1274,#266,.T.);
#1652=EDGE_CURVE('',#1296,#1276,#267,.T.);
#1653=EDGE_CURVE('',#1297,#1268,#268,.T.);
#1654=EDGE_CURVE('',#1296,#1297,#1055,.T.);
#1655=EDGE_CURVE('',#1297,#1237,#269,.T.);
#1656=EDGE_CURVE('',#1298,#1284,#270,.T.);
#1657=EDGE_CURVE('',#1298,#1286,#271,.T.);
#1658=EDGE_CURVE('',#1299,#1278,#272,.T.);
#1659=EDGE_CURVE('',#1298,#1299,#1056,.T.);
#1660=EDGE_CURVE('',#1299,#1229,#273,.T.);
#1661=EDGE_CURVE('',#1300,#1301,#1057,.T.);
#1662=EDGE_CURVE('',#1300,#1179,#1058,.T.);
#1663=EDGE_CURVE('',#1290,#1281,#1059,.T.);
#1664=EDGE_CURVE('',#1283,#1271,#1060,.T.);
#1665=EDGE_CURVE('',#1273,#1261,#1061,.T.);
#1666=EDGE_CURVE('',#1263,#1255,#1062,.T.);
#1667=EDGE_CURVE('',#1301,#1300,#1063,.T.);
#1668=EDGE_CURVE('',#1189,#1302,#1064,.T.);
#1669=EDGE_CURVE('',#1190,#1301,#274,.T.);
#1670=EDGE_CURVE('',#1303,#1195,#1065,.T.);
#1671=EDGE_CURVE('',#1304,#1303,#275,.T.);
#1672=EDGE_CURVE('',#1302,#1304,#125,.T.);
#1673=EDGE_CURVE('',#1302,#1305,#1066,.T.);
#1674=EDGE_CURVE('',#1305,#1191,#1067,.T.);
#1675=EDGE_CURVE('',#1304,#1305,#126,.T.);
#1676=EDGE_CURVE('',#1306,#1307,#1068,.T.);
#1677=EDGE_CURVE('',#1307,#1303,#276,.T.);
#1678=EDGE_CURVE('',#1303,#1308,#1069,.T.);
#1679=EDGE_CURVE('',#1308,#1306,#277,.T.);
#1680=EDGE_CURVE('',#1308,#1194,#1070,.T.);
#1681=EDGE_CURVE('',#1309,#1307,#278,.T.);
#1682=EDGE_CURVE('',#1304,#1309,#279,.T.);
#1683=EDGE_CURVE('',#1310,#1310,#1071,.T.);
#1684=EDGE_CURVE('',#1311,#1311,#1072,.T.);
#1685=EDGE_CURVE('',#1312,#1312,#1073,.T.);
#1686=EDGE_CURVE('',#1306,#1192,#280,.T.);
#1687=EDGE_CURVE('',#1313,#1200,#281,.T.);
#1688=EDGE_CURVE('',#1309,#1313,#1074,.T.);
#1689=EDGE_CURVE('',#1313,#1305,#282,.T.);
#1690=EDGE_CURVE('',#1310,#1314,#283,.T.);
#1691=EDGE_CURVE('',#1314,#1314,#1075,.T.);
#1692=EDGE_CURVE('',#1315,#1316,#284,.T.);
#1693=EDGE_CURVE('',#1316,#1315,#1076,.T.);
#1694=EDGE_CURVE('',#1311,#1317,#285,.T.);
#1695=EDGE_CURVE('',#1316,#1317,#23,.T.);
#1696=EDGE_CURVE('',#1317,#1315,#24,.T.);
#1697=EDGE_CURVE('',#1318,#1319,#19,.T.);
#1698=EDGE_CURVE('',#1320,#1318,#1077,.T.);
#1699=EDGE_CURVE('',#1319,#1320,#1078,.T.);
#1700=EDGE_CURVE('',#1312,#1320,#286,.T.);
#1701=EDGE_CURVE('',#1319,#1318,#25,.T.);
#1702=EDGE_CURVE('',#1321,#1316,#1079,.T.);
#1703=EDGE_CURVE('',#1315,#1321,#1080,.T.);
#1704=EDGE_CURVE('',#1322,#1319,#1081,.T.);
#1705=EDGE_CURVE('',#1322,#1323,#287,.T.);
#1706=EDGE_CURVE('',#1318,#1322,#1082,.T.);
#1707=EDGE_CURVE('',#1324,#1324,#1083,.T.);
#1708=EDGE_CURVE('',#1324,#1322,#288,.T.);
#1709=EDGE_CURVE('',#1325,#1325,#1084,.T.);
#1710=EDGE_CURVE('',#1325,#1326,#289,.T.);
#1711=EDGE_CURVE('',#1327,#1327,#1085,.T.);
#1712=EDGE_CURVE('',#1327,#1325,#290,.T.);
#1713=EDGE_CURVE('',#1328,#1328,#1086,.T.);
#1714=EDGE_CURVE('',#1329,#1329,#1087,.T.);
#1715=EDGE_CURVE('',#1329,#1328,#291,.T.);
#1716=EDGE_CURVE('',#1330,#1330,#1088,.T.);
#1717=EDGE_CURVE('',#1330,#1321,#292,.T.);
#1718=EDGE_CURVE('',#1331,#1331,#1089,.T.);
#1719=EDGE_CURVE('',#1332,#1332,#1090,.T.);
#1720=EDGE_CURVE('',#1333,#1333,#1091,.T.);
#1721=EDGE_CURVE('',#1334,#1334,#1092,.T.);
#1722=EDGE_CURVE('',#1335,#1335,#1093,.T.);
#1723=EDGE_CURVE('',#1336,#1336,#1094,.T.);
#1724=EDGE_CURVE('',#1267,#1244,#1095,.T.);
#1725=EDGE_CURVE('',#1337,#1337,#1096,.T.);
#1726=EDGE_CURVE('',#1277,#1236,#1097,.T.);
#1727=EDGE_CURVE('',#1338,#1338,#1098,.T.);
#1728=EDGE_CURVE('',#1339,#1216,#1099,.T.);
#1729=EDGE_CURVE('',#1339,#1257,#293,.T.);
#1730=EDGE_CURVE('',#1256,#1143,#1100,.T.);
#1731=EDGE_CURVE('',#1340,#1340,#1101,.T.);
#1732=EDGE_CURVE('',#1339,#1252,#294,.T.);
#1733=EDGE_CURVE('',#1341,#1217,#1102,.T.);
#1734=EDGE_CURVE('',#1341,#1289,#295,.T.);
#1735=EDGE_CURVE('',#1341,#1292,#296,.T.);
#1736=EDGE_CURVE('',#1293,#1182,#1103,.T.);
#1737=EDGE_CURVE('',#1342,#1342,#1104,.T.);
#1738=EDGE_CURVE('',#1287,#1228,#1105,.T.);
#1739=EDGE_CURVE('',#1343,#1343,#1106,.T.);
#1740=EDGE_CURVE('',#1340,#1332,#297,.T.);
#1741=EDGE_CURVE('',#1343,#1334,#298,.T.);
#1742=EDGE_CURVE('',#1338,#1335,#299,.T.);
#1743=EDGE_CURVE('',#1337,#1336,#300,.T.);
#1744=EDGE_CURVE('',#1342,#1333,#301,.T.);
#1745=EDGE_CURVE('',#1214,#1331,#302,.T.);
#1746=ORIENTED_EDGE('',*,*,#1344,.T.);
#1747=ORIENTED_EDGE('',*,*,#1345,.T.);
#1748=ORIENTED_EDGE('',*,*,#1346,.T.);
#1749=ORIENTED_EDGE('',*,*,#1347,.T.);
#1750=ORIENTED_EDGE('',*,*,#1348,.T.);
#1751=ORIENTED_EDGE('',*,*,#1349,.T.);
#1752=ORIENTED_EDGE('',*,*,#1350,.F.);
#1753=ORIENTED_EDGE('',*,*,#1351,.F.);
#1754=ORIENTED_EDGE('',*,*,#1349,.F.);
#1755=ORIENTED_EDGE('',*,*,#1352,.F.);
#1756=ORIENTED_EDGE('',*,*,#1353,.T.);
#1757=ORIENTED_EDGE('',*,*,#1354,.T.);
#1758=ORIENTED_EDGE('',*,*,#1355,.T.);
#1759=ORIENTED_EDGE('',*,*,#1356,.T.);
#1760=ORIENTED_EDGE('',*,*,#1357,.T.);
#1761=ORIENTED_EDGE('',*,*,#1358,.T.);
#1762=ORIENTED_EDGE('',*,*,#1359,.F.);
#1763=ORIENTED_EDGE('',*,*,#1360,.F.);
#1764=ORIENTED_EDGE('',*,*,#1358,.F.);
#1765=ORIENTED_EDGE('',*,*,#1361,.F.);
#1766=ORIENTED_EDGE('',*,*,#1362,.T.);
#1767=ORIENTED_EDGE('',*,*,#1363,.T.);
#1768=ORIENTED_EDGE('',*,*,#1364,.T.);
#1769=ORIENTED_EDGE('',*,*,#1365,.T.);
#1770=ORIENTED_EDGE('',*,*,#1366,.T.);
#1771=ORIENTED_EDGE('',*,*,#1367,.T.);
#1772=ORIENTED_EDGE('',*,*,#1368,.F.);
#1773=ORIENTED_EDGE('',*,*,#1369,.F.);
#1774=ORIENTED_EDGE('',*,*,#1367,.F.);
#1775=ORIENTED_EDGE('',*,*,#1370,.F.);
#1776=ORIENTED_EDGE('',*,*,#1371,.T.);
#1777=ORIENTED_EDGE('',*,*,#1372,.T.);
#1778=ORIENTED_EDGE('',*,*,#1373,.T.);
#1779=ORIENTED_EDGE('',*,*,#1374,.T.);
#1780=ORIENTED_EDGE('',*,*,#1375,.T.);
#1781=ORIENTED_EDGE('',*,*,#1376,.T.);
#1782=ORIENTED_EDGE('',*,*,#1377,.F.);
#1783=ORIENTED_EDGE('',*,*,#1378,.F.);
#1784=ORIENTED_EDGE('',*,*,#1376,.F.);
#1785=ORIENTED_EDGE('',*,*,#1379,.F.);
#1786=ORIENTED_EDGE('',*,*,#1380,.F.);
#1787=ORIENTED_EDGE('',*,*,#1381,.F.);
#1788=ORIENTED_EDGE('',*,*,#1377,.T.);
#1789=ORIENTED_EDGE('',*,*,#1382,.F.);
#1790=ORIENTED_EDGE('',*,*,#1383,.F.);
#1791=ORIENTED_EDGE('',*,*,#1384,.F.);
#1792=ORIENTED_EDGE('',*,*,#1380,.T.);
#1793=ORIENTED_EDGE('',*,*,#1385,.F.);
#1794=ORIENTED_EDGE('',*,*,#1375,.F.);
#1795=ORIENTED_EDGE('',*,*,#1386,.F.);
#1796=ORIENTED_EDGE('',*,*,#1373,.F.);
#1797=ORIENTED_EDGE('',*,*,#1387,.F.);
#1798=ORIENTED_EDGE('',*,*,#1388,.F.);
#1799=ORIENTED_EDGE('',*,*,#1389,.F.);
#1800=ORIENTED_EDGE('',*,*,#1374,.F.);
#1801=ORIENTED_EDGE('',*,*,#1390,.F.);
#1802=ORIENTED_EDGE('',*,*,#1391,.F.);
#1803=ORIENTED_EDGE('',*,*,#1392,.F.);
#1804=ORIENTED_EDGE('',*,*,#1366,.F.);
#1805=ORIENTED_EDGE('',*,*,#1393,.F.);
#1806=ORIENTED_EDGE('',*,*,#1394,.F.);
#1807=ORIENTED_EDGE('',*,*,#1395,.F.);
#1808=ORIENTED_EDGE('',*,*,#1391,.T.);
#1809=ORIENTED_EDGE('',*,*,#1396,.F.);
#1810=ORIENTED_EDGE('',*,*,#1394,.T.);
#1811=ORIENTED_EDGE('',*,*,#1397,.F.);
#1812=ORIENTED_EDGE('',*,*,#1398,.F.);
#1813=ORIENTED_EDGE('',*,*,#1399,.F.);
#1814=ORIENTED_EDGE('',*,*,#1400,.F.);
#1815=ORIENTED_EDGE('',*,*,#1401,.F.);
#1816=ORIENTED_EDGE('',*,*,#1398,.T.);
#1817=ORIENTED_EDGE('',*,*,#1402,.F.);
#1818=ORIENTED_EDGE('',*,*,#1372,.F.);
#1819=ORIENTED_EDGE('',*,*,#1403,.F.);
#1820=ORIENTED_EDGE('',*,*,#1400,.T.);
#1821=ORIENTED_EDGE('',*,*,#1404,.F.);
#1822=ORIENTED_EDGE('',*,*,#1405,.F.);
#1823=ORIENTED_EDGE('',*,*,#1406,.F.);
#1824=ORIENTED_EDGE('',*,*,#1371,.F.);
#1825=ORIENTED_EDGE('',*,*,#1407,.F.);
#1826=ORIENTED_EDGE('',*,*,#1365,.F.);
#1827=ORIENTED_EDGE('',*,*,#1408,.F.);
#1828=ORIENTED_EDGE('',*,*,#1364,.F.);
#1829=ORIENTED_EDGE('',*,*,#1409,.F.);
#1830=ORIENTED_EDGE('',*,*,#1410,.F.);
#1831=ORIENTED_EDGE('',*,*,#1411,.F.);
#1832=ORIENTED_EDGE('',*,*,#1357,.F.);
#1833=ORIENTED_EDGE('',*,*,#1412,.F.);
#1834=ORIENTED_EDGE('',*,*,#1413,.F.);
#1835=ORIENTED_EDGE('',*,*,#1414,.F.);
#1836=ORIENTED_EDGE('',*,*,#1410,.T.);
#1837=ORIENTED_EDGE('',*,*,#1415,.F.);
#1838=ORIENTED_EDGE('',*,*,#1413,.T.);
#1839=ORIENTED_EDGE('',*,*,#1416,.F.);
#1840=ORIENTED_EDGE('',*,*,#1417,.F.);
#1841=ORIENTED_EDGE('',*,*,#1418,.F.);
#1842=ORIENTED_EDGE('',*,*,#1419,.F.);
#1843=ORIENTED_EDGE('',*,*,#1420,.F.);
#1844=ORIENTED_EDGE('',*,*,#1417,.T.);
#1845=ORIENTED_EDGE('',*,*,#1421,.F.);
#1846=ORIENTED_EDGE('',*,*,#1363,.F.);
#1847=ORIENTED_EDGE('',*,*,#1422,.F.);
#1848=ORIENTED_EDGE('',*,*,#1419,.T.);
#1849=ORIENTED_EDGE('',*,*,#1423,.F.);
#1850=ORIENTED_EDGE('',*,*,#1424,.F.);
#1851=ORIENTED_EDGE('',*,*,#1425,.F.);
#1852=ORIENTED_EDGE('',*,*,#1362,.F.);
#1853=ORIENTED_EDGE('',*,*,#1426,.F.);
#1854=ORIENTED_EDGE('',*,*,#1356,.F.);
#1855=ORIENTED_EDGE('',*,*,#1427,.F.);
#1856=ORIENTED_EDGE('',*,*,#1355,.F.);
#1857=ORIENTED_EDGE('',*,*,#1428,.F.);
#1858=ORIENTED_EDGE('',*,*,#1429,.F.);
#1859=ORIENTED_EDGE('',*,*,#1430,.F.);
#1860=ORIENTED_EDGE('',*,*,#1348,.F.);
#1861=ORIENTED_EDGE('',*,*,#1431,.F.);
#1862=ORIENTED_EDGE('',*,*,#1432,.F.);
#1863=ORIENTED_EDGE('',*,*,#1433,.F.);
#1864=ORIENTED_EDGE('',*,*,#1429,.T.);
#1865=ORIENTED_EDGE('',*,*,#1434,.F.);
#1866=ORIENTED_EDGE('',*,*,#1432,.T.);
#1867=ORIENTED_EDGE('',*,*,#1435,.F.);
#1868=ORIENTED_EDGE('',*,*,#1436,.F.);
#1869=ORIENTED_EDGE('',*,*,#1437,.F.);
#1870=ORIENTED_EDGE('',*,*,#1438,.F.);
#1871=ORIENTED_EDGE('',*,*,#1439,.F.);
#1872=ORIENTED_EDGE('',*,*,#1436,.T.);
#1873=ORIENTED_EDGE('',*,*,#1440,.F.);
#1874=ORIENTED_EDGE('',*,*,#1354,.F.);
#1875=ORIENTED_EDGE('',*,*,#1441,.F.);
#1876=ORIENTED_EDGE('',*,*,#1438,.T.);
#1877=ORIENTED_EDGE('',*,*,#1442,.F.);
#1878=ORIENTED_EDGE('',*,*,#1443,.F.);
#1879=ORIENTED_EDGE('',*,*,#1444,.F.);
#1880=ORIENTED_EDGE('',*,*,#1353,.F.);
#1881=ORIENTED_EDGE('',*,*,#1445,.F.);
#1882=ORIENTED_EDGE('',*,*,#1347,.F.);
#1883=ORIENTED_EDGE('',*,*,#1446,.F.);
#1884=ORIENTED_EDGE('',*,*,#1346,.F.);
#1885=ORIENTED_EDGE('',*,*,#1447,.F.);
#1886=ORIENTED_EDGE('',*,*,#1448,.F.);
#1887=ORIENTED_EDGE('',*,*,#1449,.F.);
#1888=ORIENTED_EDGE('',*,*,#1345,.F.);
#1889=ORIENTED_EDGE('',*,*,#1450,.F.);
#1890=ORIENTED_EDGE('',*,*,#1451,.F.);
#1891=ORIENTED_EDGE('',*,*,#1452,.F.);
#1892=ORIENTED_EDGE('',*,*,#1448,.T.);
#1893=ORIENTED_EDGE('',*,*,#1453,.F.);
#1894=ORIENTED_EDGE('',*,*,#1454,.F.);
#1895=ORIENTED_EDGE('',*,*,#1455,.F.);
#1896=ORIENTED_EDGE('',*,*,#1451,.T.);
#1897=ORIENTED_EDGE('',*,*,#1456,.F.);
#1898=ORIENTED_EDGE('',*,*,#1457,.F.);
#1899=ORIENTED_EDGE('',*,*,#1458,.F.);
#1900=ORIENTED_EDGE('',*,*,#1344,.F.);
#1901=ORIENTED_EDGE('',*,*,#1459,.F.);
#1902=ORIENTED_EDGE('',*,*,#1406,.T.);
#1903=ORIENTED_EDGE('',*,*,#1460,.F.);
#1904=ORIENTED_EDGE('',*,*,#1461,.T.);
#1905=ORIENTED_EDGE('',*,*,#1403,.T.);
#1906=ORIENTED_EDGE('',*,*,#1401,.T.);
#1907=ORIENTED_EDGE('',*,*,#1461,.F.);
#1908=ORIENTED_EDGE('',*,*,#1462,.T.);
#1909=ORIENTED_EDGE('',*,*,#1463,.T.);
#1910=ORIENTED_EDGE('',*,*,#1395,.T.);
#1911=ORIENTED_EDGE('',*,*,#1399,.T.);
#1912=ORIENTED_EDGE('',*,*,#1392,.T.);
#1913=ORIENTED_EDGE('',*,*,#1463,.F.);
#1914=ORIENTED_EDGE('',*,*,#1464,.T.);
#1915=ORIENTED_EDGE('',*,*,#1370,.T.);
#1916=ORIENTED_EDGE('',*,*,#1425,.T.);
#1917=ORIENTED_EDGE('',*,*,#1465,.F.);
#1918=ORIENTED_EDGE('',*,*,#1466,.T.);
#1919=ORIENTED_EDGE('',*,*,#1422,.T.);
#1920=ORIENTED_EDGE('',*,*,#1420,.T.);
#1921=ORIENTED_EDGE('',*,*,#1466,.F.);
#1922=ORIENTED_EDGE('',*,*,#1467,.T.);
#1923=ORIENTED_EDGE('',*,*,#1468,.T.);
#1924=ORIENTED_EDGE('',*,*,#1414,.T.);
#1925=ORIENTED_EDGE('',*,*,#1418,.T.);
#1926=ORIENTED_EDGE('',*,*,#1411,.T.);
#1927=ORIENTED_EDGE('',*,*,#1468,.F.);
#1928=ORIENTED_EDGE('',*,*,#1469,.T.);
#1929=ORIENTED_EDGE('',*,*,#1361,.T.);
#1930=ORIENTED_EDGE('',*,*,#1444,.T.);
#1931=ORIENTED_EDGE('',*,*,#1470,.F.);
#1932=ORIENTED_EDGE('',*,*,#1471,.T.);
#1933=ORIENTED_EDGE('',*,*,#1441,.T.);
#1934=ORIENTED_EDGE('',*,*,#1439,.T.);
#1935=ORIENTED_EDGE('',*,*,#1471,.F.);
#1936=ORIENTED_EDGE('',*,*,#1472,.T.);
#1937=ORIENTED_EDGE('',*,*,#1473,.T.);
#1938=ORIENTED_EDGE('',*,*,#1433,.T.);
#1939=ORIENTED_EDGE('',*,*,#1437,.T.);
#1940=ORIENTED_EDGE('',*,*,#1430,.T.);
#1941=ORIENTED_EDGE('',*,*,#1473,.F.);
#1942=ORIENTED_EDGE('',*,*,#1474,.T.);
#1943=ORIENTED_EDGE('',*,*,#1352,.T.);
#1944=ORIENTED_EDGE('',*,*,#1434,.T.);
#1945=ORIENTED_EDGE('',*,*,#1431,.T.);
#1946=ORIENTED_EDGE('',*,*,#1447,.T.);
#1947=ORIENTED_EDGE('',*,*,#1449,.T.);
#1948=ORIENTED_EDGE('',*,*,#1452,.T.);
#1949=ORIENTED_EDGE('',*,*,#1475,.T.);
#1950=ORIENTED_EDGE('',*,*,#1382,.T.);
#1951=ORIENTED_EDGE('',*,*,#1379,.T.);
#1952=ORIENTED_EDGE('',*,*,#1387,.T.);
#1953=ORIENTED_EDGE('',*,*,#1404,.T.);
#1954=ORIENTED_EDGE('',*,*,#1402,.T.);
#1955=ORIENTED_EDGE('',*,*,#1476,.T.);
#1956=ORIENTED_EDGE('',*,*,#1396,.T.);
#1957=ORIENTED_EDGE('',*,*,#1393,.T.);
#1958=ORIENTED_EDGE('',*,*,#1409,.T.);
#1959=ORIENTED_EDGE('',*,*,#1423,.T.);
#1960=ORIENTED_EDGE('',*,*,#1421,.T.);
#1961=ORIENTED_EDGE('',*,*,#1477,.T.);
#1962=ORIENTED_EDGE('',*,*,#1478,.F.);
#1963=ORIENTED_EDGE('',*,*,#1479,.T.);
#1964=ORIENTED_EDGE('',*,*,#1480,.F.);
#1965=ORIENTED_EDGE('',*,*,#1481,.F.);
#1966=ORIENTED_EDGE('',*,*,#1482,.F.);
#1967=ORIENTED_EDGE('',*,*,#1483,.F.);
#1968=ORIENTED_EDGE('',*,*,#1484,.F.);
#1969=ORIENTED_EDGE('',*,*,#1484,.T.);
#1970=ORIENTED_EDGE('',*,*,#1485,.F.);
#1971=ORIENTED_EDGE('',*,*,#1486,.T.);
#1972=ORIENTED_EDGE('',*,*,#1487,.T.);
#1973=ORIENTED_EDGE('',*,*,#1488,.F.);
#1974=ORIENTED_EDGE('',*,*,#1489,.F.);
#1975=ORIENTED_EDGE('',*,*,#1490,.F.);
#1976=ORIENTED_EDGE('',*,*,#1480,.T.);
#1977=ORIENTED_EDGE('',*,*,#1491,.F.);
#1978=ORIENTED_EDGE('',*,*,#1492,.F.);
#1979=ORIENTED_EDGE('',*,*,#1486,.F.);
#1980=ORIENTED_EDGE('',*,*,#1488,.T.);
#1981=ORIENTED_EDGE('',*,*,#1493,.T.);
#1982=ORIENTED_EDGE('',*,*,#1494,.F.);
#1983=ORIENTED_EDGE('',*,*,#1493,.F.);
#1984=ORIENTED_EDGE('',*,*,#1494,.T.);
#1985=ORIENTED_EDGE('',*,*,#1495,.T.);
#1986=ORIENTED_EDGE('',*,*,#1496,.T.);
#1987=ORIENTED_EDGE('',*,*,#1489,.T.);
#1988=ORIENTED_EDGE('',*,*,#1497,.T.);
#1989=ORIENTED_EDGE('',*,*,#1498,.T.);
#1990=ORIENTED_EDGE('',*,*,#1496,.F.);
#1991=ORIENTED_EDGE('',*,*,#1499,.T.);
#1992=ORIENTED_EDGE('',*,*,#1497,.F.);
#1993=ORIENTED_EDGE('',*,*,#1500,.T.);
#1994=ORIENTED_EDGE('',*,*,#1501,.T.);
#1995=ORIENTED_EDGE('',*,*,#1502,.T.);
#1996=ORIENTED_EDGE('',*,*,#1490,.T.);
#1997=ORIENTED_EDGE('',*,*,#1503,.T.);
#1998=ORIENTED_EDGE('',*,*,#1501,.F.);
#1999=ORIENTED_EDGE('',*,*,#1504,.T.);
#2000=ORIENTED_EDGE('',*,*,#1502,.F.);
#2001=ORIENTED_EDGE('',*,*,#1503,.F.);
#2002=ORIENTED_EDGE('',*,*,#1495,.F.);
#2003=ORIENTED_EDGE('',*,*,#1505,.T.);
#2004=ORIENTED_EDGE('',*,*,#1506,.T.);
#2005=ORIENTED_EDGE('',*,*,#1500,.F.);
#2006=ORIENTED_EDGE('',*,*,#1507,.T.);
#2007=ORIENTED_EDGE('',*,*,#1508,.T.);
#2008=ORIENTED_EDGE('',*,*,#1508,.F.);
#2009=ORIENTED_EDGE('',*,*,#1509,.T.);
#2010=ORIENTED_EDGE('',*,*,#1510,.T.);
#2011=ORIENTED_EDGE('',*,*,#1511,.T.);
#2012=ORIENTED_EDGE('',*,*,#1507,.F.);
#2013=ORIENTED_EDGE('',*,*,#1504,.F.);
#2014=ORIENTED_EDGE('',*,*,#1509,.F.);
#2015=ORIENTED_EDGE('',*,*,#1511,.F.);
#2016=ORIENTED_EDGE('',*,*,#1512,.T.);
#2017=ORIENTED_EDGE('',*,*,#1513,.T.);
#2018=ORIENTED_EDGE('',*,*,#1505,.F.);
#2019=ORIENTED_EDGE('',*,*,#1498,.F.);
#2020=ORIENTED_EDGE('',*,*,#1499,.F.);
#2021=ORIENTED_EDGE('',*,*,#1506,.F.);
#2022=ORIENTED_EDGE('',*,*,#1513,.F.);
#2023=ORIENTED_EDGE('',*,*,#1464,.F.);
#2024=ORIENTED_EDGE('',*,*,#1462,.F.);
#2025=ORIENTED_EDGE('',*,*,#1460,.T.);
#2026=ORIENTED_EDGE('',*,*,#1405,.T.);
#2027=ORIENTED_EDGE('',*,*,#1514,.T.);
#2028=ORIENTED_EDGE('',*,*,#1368,.T.);
#2029=ORIENTED_EDGE('',*,*,#1515,.T.);
#2030=ORIENTED_EDGE('',*,*,#1469,.F.);
#2031=ORIENTED_EDGE('',*,*,#1467,.F.);
#2032=ORIENTED_EDGE('',*,*,#1465,.T.);
#2033=ORIENTED_EDGE('',*,*,#1424,.T.);
#2034=ORIENTED_EDGE('',*,*,#1516,.T.);
#2035=ORIENTED_EDGE('',*,*,#1517,.T.);
#2036=ORIENTED_EDGE('',*,*,#1359,.T.);
#2037=ORIENTED_EDGE('',*,*,#1518,.T.);
#2038=ORIENTED_EDGE('',*,*,#1390,.T.);
#2039=ORIENTED_EDGE('',*,*,#1378,.T.);
#2040=ORIENTED_EDGE('',*,*,#1519,.F.);
#2041=ORIENTED_EDGE('',*,*,#1520,.T.);
#2042=ORIENTED_EDGE('',*,*,#1450,.T.);
#2043=ORIENTED_EDGE('',*,*,#1458,.T.);
#2044=ORIENTED_EDGE('',*,*,#1521,.F.);
#2045=ORIENTED_EDGE('',*,*,#1522,.T.);
#2046=ORIENTED_EDGE('',*,*,#1474,.F.);
#2047=ORIENTED_EDGE('',*,*,#1472,.F.);
#2048=ORIENTED_EDGE('',*,*,#1470,.T.);
#2049=ORIENTED_EDGE('',*,*,#1443,.T.);
#2050=ORIENTED_EDGE('',*,*,#1523,.T.);
#2051=ORIENTED_EDGE('',*,*,#1350,.T.);
#2052=ORIENTED_EDGE('',*,*,#1524,.T.);
#2053=ORIENTED_EDGE('',*,*,#1415,.T.);
#2054=ORIENTED_EDGE('',*,*,#1412,.T.);
#2055=ORIENTED_EDGE('',*,*,#1428,.T.);
#2056=ORIENTED_EDGE('',*,*,#1442,.T.);
#2057=ORIENTED_EDGE('',*,*,#1440,.T.);
#2058=ORIENTED_EDGE('',*,*,#1525,.T.);
#2059=ORIENTED_EDGE('',*,*,#1524,.F.);
#2060=ORIENTED_EDGE('',*,*,#1526,.T.);
#2061=ORIENTED_EDGE('',*,*,#1527,.F.);
#2062=ORIENTED_EDGE('',*,*,#1526,.F.);
#2063=ORIENTED_EDGE('',*,*,#1518,.F.);
#2064=ORIENTED_EDGE('',*,*,#1528,.T.);
#2065=ORIENTED_EDGE('',*,*,#1529,.F.);
#2066=ORIENTED_EDGE('',*,*,#1528,.F.);
#2067=ORIENTED_EDGE('',*,*,#1515,.F.);
#2068=ORIENTED_EDGE('',*,*,#1530,.T.);
#2069=ORIENTED_EDGE('',*,*,#1531,.F.);
#2070=ORIENTED_EDGE('',*,*,#1530,.F.);
#2071=ORIENTED_EDGE('',*,*,#1532,.F.);
#2072=ORIENTED_EDGE('',*,*,#1533,.F.);
#2073=ORIENTED_EDGE('',*,*,#1534,.F.);
#2074=ORIENTED_EDGE('',*,*,#1535,.F.);
#2075=ORIENTED_EDGE('',*,*,#1536,.F.);
#2076=ORIENTED_EDGE('',*,*,#1537,.F.);
#2077=ORIENTED_EDGE('',*,*,#1538,.T.);
#2078=ORIENTED_EDGE('',*,*,#1539,.T.);
#2079=ORIENTED_EDGE('',*,*,#1536,.T.);
#2080=ORIENTED_EDGE('',*,*,#1540,.T.);
#2081=ORIENTED_EDGE('',*,*,#1541,.F.);
#2082=ORIENTED_EDGE('',*,*,#1542,.F.);
#2083=ORIENTED_EDGE('',*,*,#1543,.F.);
#2084=ORIENTED_EDGE('',*,*,#1544,.F.);
#2085=ORIENTED_EDGE('',*,*,#1545,.F.);
#2086=ORIENTED_EDGE('',*,*,#1546,.F.);
#2087=ORIENTED_EDGE('',*,*,#1547,.T.);
#2088=ORIENTED_EDGE('',*,*,#1548,.T.);
#2089=ORIENTED_EDGE('',*,*,#1545,.T.);
#2090=ORIENTED_EDGE('',*,*,#1549,.T.);
#2091=ORIENTED_EDGE('',*,*,#1550,.F.);
#2092=ORIENTED_EDGE('',*,*,#1551,.F.);
#2093=ORIENTED_EDGE('',*,*,#1552,.F.);
#2094=ORIENTED_EDGE('',*,*,#1553,.F.);
#2095=ORIENTED_EDGE('',*,*,#1554,.F.);
#2096=ORIENTED_EDGE('',*,*,#1555,.F.);
#2097=ORIENTED_EDGE('',*,*,#1556,.T.);
#2098=ORIENTED_EDGE('',*,*,#1557,.T.);
#2099=ORIENTED_EDGE('',*,*,#1554,.T.);
#2100=ORIENTED_EDGE('',*,*,#1558,.T.);
#2101=ORIENTED_EDGE('',*,*,#1559,.F.);
#2102=ORIENTED_EDGE('',*,*,#1560,.F.);
#2103=ORIENTED_EDGE('',*,*,#1561,.F.);
#2104=ORIENTED_EDGE('',*,*,#1562,.F.);
#2105=ORIENTED_EDGE('',*,*,#1563,.F.);
#2106=ORIENTED_EDGE('',*,*,#1564,.F.);
#2107=ORIENTED_EDGE('',*,*,#1565,.T.);
#2108=ORIENTED_EDGE('',*,*,#1566,.T.);
#2109=ORIENTED_EDGE('',*,*,#1563,.T.);
#2110=ORIENTED_EDGE('',*,*,#1567,.T.);
#2111=ORIENTED_EDGE('',*,*,#1568,.T.);
#2112=ORIENTED_EDGE('',*,*,#1569,.T.);
#2113=ORIENTED_EDGE('',*,*,#1565,.F.);
#2114=ORIENTED_EDGE('',*,*,#1570,.T.);
#2115=ORIENTED_EDGE('',*,*,#1383,.T.);
#2116=ORIENTED_EDGE('',*,*,#1571,.T.);
#2117=ORIENTED_EDGE('',*,*,#1568,.F.);
#2118=ORIENTED_EDGE('',*,*,#1572,.T.);
#2119=ORIENTED_EDGE('',*,*,#1564,.T.);
#2120=ORIENTED_EDGE('',*,*,#1573,.T.);
#2121=ORIENTED_EDGE('',*,*,#1560,.T.);
#2122=ORIENTED_EDGE('',*,*,#1574,.T.);
#2123=ORIENTED_EDGE('',*,*,#1575,.T.);
#2124=ORIENTED_EDGE('',*,*,#1576,.T.);
#2125=ORIENTED_EDGE('',*,*,#1562,.T.);
#2126=ORIENTED_EDGE('',*,*,#1577,.T.);
#2127=ORIENTED_EDGE('',*,*,#1578,.T.);
#2128=ORIENTED_EDGE('',*,*,#1579,.T.);
#2129=ORIENTED_EDGE('',*,*,#1555,.T.);
#2130=ORIENTED_EDGE('',*,*,#1580,.T.);
#2131=ORIENTED_EDGE('',*,*,#1581,.T.);
#2132=ORIENTED_EDGE('',*,*,#1582,.T.);
#2133=ORIENTED_EDGE('',*,*,#1578,.F.);
#2134=ORIENTED_EDGE('',*,*,#1583,.T.);
#2135=ORIENTED_EDGE('',*,*,#1581,.F.);
#2136=ORIENTED_EDGE('',*,*,#1584,.T.);
#2137=ORIENTED_EDGE('',*,*,#1585,.T.);
#2138=ORIENTED_EDGE('',*,*,#1586,.T.);
#2139=ORIENTED_EDGE('',*,*,#1587,.T.);
#2140=ORIENTED_EDGE('',*,*,#1588,.T.);
#2141=ORIENTED_EDGE('',*,*,#1585,.F.);
#2142=ORIENTED_EDGE('',*,*,#1589,.T.);
#2143=ORIENTED_EDGE('',*,*,#1561,.T.);
#2144=ORIENTED_EDGE('',*,*,#1590,.T.);
#2145=ORIENTED_EDGE('',*,*,#1587,.F.);
#2146=ORIENTED_EDGE('',*,*,#1591,.T.);
#2147=ORIENTED_EDGE('',*,*,#1592,.T.);
#2148=ORIENTED_EDGE('',*,*,#1593,.T.);
#2149=ORIENTED_EDGE('',*,*,#1559,.T.);
#2150=ORIENTED_EDGE('',*,*,#1594,.T.);
#2151=ORIENTED_EDGE('',*,*,#1553,.T.);
#2152=ORIENTED_EDGE('',*,*,#1595,.T.);
#2153=ORIENTED_EDGE('',*,*,#1551,.T.);
#2154=ORIENTED_EDGE('',*,*,#1596,.T.);
#2155=ORIENTED_EDGE('',*,*,#1597,.T.);
#2156=ORIENTED_EDGE('',*,*,#1598,.T.);
#2157=ORIENTED_EDGE('',*,*,#1546,.T.);
#2158=ORIENTED_EDGE('',*,*,#1599,.T.);
#2159=ORIENTED_EDGE('',*,*,#1600,.T.);
#2160=ORIENTED_EDGE('',*,*,#1601,.T.);
#2161=ORIENTED_EDGE('',*,*,#1597,.F.);
#2162=ORIENTED_EDGE('',*,*,#1602,.T.);
#2163=ORIENTED_EDGE('',*,*,#1600,.F.);
#2164=ORIENTED_EDGE('',*,*,#1603,.T.);
#2165=ORIENTED_EDGE('',*,*,#1604,.T.);
#2166=ORIENTED_EDGE('',*,*,#1605,.T.);
#2167=ORIENTED_EDGE('',*,*,#1606,.T.);
#2168=ORIENTED_EDGE('',*,*,#1607,.T.);
#2169=ORIENTED_EDGE('',*,*,#1604,.F.);
#2170=ORIENTED_EDGE('',*,*,#1608,.T.);
#2171=ORIENTED_EDGE('',*,*,#1552,.T.);
#2172=ORIENTED_EDGE('',*,*,#1609,.T.);
#2173=ORIENTED_EDGE('',*,*,#1606,.F.);
#2174=ORIENTED_EDGE('',*,*,#1610,.T.);
#2175=ORIENTED_EDGE('',*,*,#1611,.T.);
#2176=ORIENTED_EDGE('',*,*,#1612,.T.);
#2177=ORIENTED_EDGE('',*,*,#1550,.T.);
#2178=ORIENTED_EDGE('',*,*,#1613,.T.);
#2179=ORIENTED_EDGE('',*,*,#1544,.T.);
#2180=ORIENTED_EDGE('',*,*,#1614,.T.);
#2181=ORIENTED_EDGE('',*,*,#1542,.T.);
#2182=ORIENTED_EDGE('',*,*,#1615,.T.);
#2183=ORIENTED_EDGE('',*,*,#1616,.T.);
#2184=ORIENTED_EDGE('',*,*,#1617,.T.);
#2185=ORIENTED_EDGE('',*,*,#1537,.T.);
#2186=ORIENTED_EDGE('',*,*,#1618,.T.);
#2187=ORIENTED_EDGE('',*,*,#1619,.T.);
#2188=ORIENTED_EDGE('',*,*,#1620,.T.);
#2189=ORIENTED_EDGE('',*,*,#1616,.F.);
#2190=ORIENTED_EDGE('',*,*,#1621,.T.);
#2191=ORIENTED_EDGE('',*,*,#1619,.F.);
#2192=ORIENTED_EDGE('',*,*,#1622,.T.);
#2193=ORIENTED_EDGE('',*,*,#1623,.T.);
#2194=ORIENTED_EDGE('',*,*,#1624,.T.);
#2195=ORIENTED_EDGE('',*,*,#1625,.T.);
#2196=ORIENTED_EDGE('',*,*,#1626,.T.);
#2197=ORIENTED_EDGE('',*,*,#1623,.F.);
#2198=ORIENTED_EDGE('',*,*,#1627,.T.);
#2199=ORIENTED_EDGE('',*,*,#1543,.T.);
#2200=ORIENTED_EDGE('',*,*,#1628,.T.);
#2201=ORIENTED_EDGE('',*,*,#1625,.F.);
#2202=ORIENTED_EDGE('',*,*,#1629,.T.);
#2203=ORIENTED_EDGE('',*,*,#1630,.T.);
#2204=ORIENTED_EDGE('',*,*,#1631,.T.);
#2205=ORIENTED_EDGE('',*,*,#1541,.T.);
#2206=ORIENTED_EDGE('',*,*,#1632,.T.);
#2207=ORIENTED_EDGE('',*,*,#1535,.T.);
#2208=ORIENTED_EDGE('',*,*,#1633,.T.);
#2209=ORIENTED_EDGE('',*,*,#1533,.T.);
#2210=ORIENTED_EDGE('',*,*,#1634,.T.);
#2211=ORIENTED_EDGE('',*,*,#1635,.T.);
#2212=ORIENTED_EDGE('',*,*,#1636,.T.);
#2213=ORIENTED_EDGE('',*,*,#1534,.T.);
#2214=ORIENTED_EDGE('',*,*,#1637,.T.);
#2215=ORIENTED_EDGE('',*,*,#1638,.T.);
#2216=ORIENTED_EDGE('',*,*,#1639,.T.);
#2217=ORIENTED_EDGE('',*,*,#1635,.F.);
#2218=ORIENTED_EDGE('',*,*,#1640,.T.);
#2219=ORIENTED_EDGE('',*,*,#1454,.T.);
#2220=ORIENTED_EDGE('',*,*,#1641,.T.);
#2221=ORIENTED_EDGE('',*,*,#1638,.F.);
#2222=ORIENTED_EDGE('',*,*,#1642,.T.);
#2223=ORIENTED_EDGE('',*,*,#1643,.T.);
#2224=ORIENTED_EDGE('',*,*,#1644,.T.);
#2225=ORIENTED_EDGE('',*,*,#1532,.T.);
#2226=ORIENTED_EDGE('',*,*,#1645,.T.);
#2227=ORIENTED_EDGE('',*,*,#1594,.F.);
#2228=ORIENTED_EDGE('',*,*,#1591,.F.);
#2229=ORIENTED_EDGE('',*,*,#1646,.F.);
#2230=ORIENTED_EDGE('',*,*,#1647,.T.);
#2231=ORIENTED_EDGE('',*,*,#1589,.F.);
#2232=ORIENTED_EDGE('',*,*,#1584,.F.);
#2233=ORIENTED_EDGE('',*,*,#1583,.F.);
#2234=ORIENTED_EDGE('',*,*,#1648,.F.);
#2235=ORIENTED_EDGE('',*,*,#1649,.F.);
#2236=ORIENTED_EDGE('',*,*,#1646,.T.);
#2237=ORIENTED_EDGE('',*,*,#1580,.F.);
#2238=ORIENTED_EDGE('',*,*,#1557,.F.);
#2239=ORIENTED_EDGE('',*,*,#1650,.F.);
#2240=ORIENTED_EDGE('',*,*,#1648,.T.);
#2241=ORIENTED_EDGE('',*,*,#1613,.F.);
#2242=ORIENTED_EDGE('',*,*,#1610,.F.);
#2243=ORIENTED_EDGE('',*,*,#1651,.F.);
#2244=ORIENTED_EDGE('',*,*,#1652,.T.);
#2245=ORIENTED_EDGE('',*,*,#1608,.F.);
#2246=ORIENTED_EDGE('',*,*,#1603,.F.);
#2247=ORIENTED_EDGE('',*,*,#1602,.F.);
#2248=ORIENTED_EDGE('',*,*,#1653,.F.);
#2249=ORIENTED_EDGE('',*,*,#1654,.F.);
#2250=ORIENTED_EDGE('',*,*,#1651,.T.);
#2251=ORIENTED_EDGE('',*,*,#1599,.F.);
#2252=ORIENTED_EDGE('',*,*,#1548,.F.);
#2253=ORIENTED_EDGE('',*,*,#1655,.F.);
#2254=ORIENTED_EDGE('',*,*,#1653,.T.);
#2255=ORIENTED_EDGE('',*,*,#1632,.F.);
#2256=ORIENTED_EDGE('',*,*,#1629,.F.);
#2257=ORIENTED_EDGE('',*,*,#1656,.F.);
#2258=ORIENTED_EDGE('',*,*,#1657,.T.);
#2259=ORIENTED_EDGE('',*,*,#1627,.F.);
#2260=ORIENTED_EDGE('',*,*,#1622,.F.);
#2261=ORIENTED_EDGE('',*,*,#1621,.F.);
#2262=ORIENTED_EDGE('',*,*,#1658,.F.);
#2263=ORIENTED_EDGE('',*,*,#1659,.F.);
#2264=ORIENTED_EDGE('',*,*,#1656,.T.);
#2265=ORIENTED_EDGE('',*,*,#1618,.F.);
#2266=ORIENTED_EDGE('',*,*,#1539,.F.);
#2267=ORIENTED_EDGE('',*,*,#1660,.F.);
#2268=ORIENTED_EDGE('',*,*,#1658,.T.);
#2269=ORIENTED_EDGE('',*,*,#1661,.F.);
#2270=ORIENTED_EDGE('',*,*,#1662,.T.);
#2271=ORIENTED_EDGE('',*,*,#1642,.F.);
#2272=ORIENTED_EDGE('',*,*,#1663,.T.);
#2273=ORIENTED_EDGE('',*,*,#1624,.F.);
#2274=ORIENTED_EDGE('',*,*,#1664,.T.);
#2275=ORIENTED_EDGE('',*,*,#1605,.F.);
#2276=ORIENTED_EDGE('',*,*,#1665,.T.);
#2277=ORIENTED_EDGE('',*,*,#1586,.F.);
#2278=ORIENTED_EDGE('',*,*,#1666,.T.);
#2279=ORIENTED_EDGE('',*,*,#1571,.F.);
#2280=ORIENTED_EDGE('',*,*,#1385,.T.);
#2281=ORIENTED_EDGE('',*,*,#1476,.F.);
#2282=ORIENTED_EDGE('',*,*,#1397,.T.);
#2283=ORIENTED_EDGE('',*,*,#1477,.F.);
#2284=ORIENTED_EDGE('',*,*,#1416,.T.);
#2285=ORIENTED_EDGE('',*,*,#1525,.F.);
#2286=ORIENTED_EDGE('',*,*,#1435,.T.);
#2287=ORIENTED_EDGE('',*,*,#1475,.F.);
#2288=ORIENTED_EDGE('',*,*,#1455,.T.);
#2289=ORIENTED_EDGE('',*,*,#1662,.F.);
#2290=ORIENTED_EDGE('',*,*,#1667,.F.);
#2291=ORIENTED_EDGE('',*,*,#1620,.F.);
#2292=ORIENTED_EDGE('',*,*,#1663,.F.);
#2293=ORIENTED_EDGE('',*,*,#1640,.F.);
#2294=ORIENTED_EDGE('',*,*,#1637,.F.);
#2295=ORIENTED_EDGE('',*,*,#1633,.F.);
#2296=ORIENTED_EDGE('',*,*,#1617,.F.);
#2297=ORIENTED_EDGE('',*,*,#1569,.F.);
#2298=ORIENTED_EDGE('',*,*,#1666,.F.);
#2299=ORIENTED_EDGE('',*,*,#1588,.F.);
#2300=ORIENTED_EDGE('',*,*,#1590,.F.);
#2301=ORIENTED_EDGE('',*,*,#1573,.F.);
#2302=ORIENTED_EDGE('',*,*,#1566,.F.);
#2303=ORIENTED_EDGE('',*,*,#1582,.F.);
#2304=ORIENTED_EDGE('',*,*,#1665,.F.);
#2305=ORIENTED_EDGE('',*,*,#1607,.F.);
#2306=ORIENTED_EDGE('',*,*,#1609,.F.);
#2307=ORIENTED_EDGE('',*,*,#1595,.F.);
#2308=ORIENTED_EDGE('',*,*,#1579,.F.);
#2309=ORIENTED_EDGE('',*,*,#1668,.F.);
#2310=ORIENTED_EDGE('',*,*,#1478,.T.);
#2311=ORIENTED_EDGE('',*,*,#1669,.T.);
#2312=ORIENTED_EDGE('',*,*,#1667,.T.);
#2313=ORIENTED_EDGE('',*,*,#1661,.T.);
#2314=ORIENTED_EDGE('',*,*,#1669,.F.);
#2315=ORIENTED_EDGE('',*,*,#1485,.T.);
#2316=ORIENTED_EDGE('',*,*,#1670,.F.);
#2317=ORIENTED_EDGE('',*,*,#1671,.F.);
#2318=ORIENTED_EDGE('',*,*,#1672,.F.);
#2319=ORIENTED_EDGE('',*,*,#1673,.T.);
#2320=ORIENTED_EDGE('',*,*,#1674,.T.);
#2321=ORIENTED_EDGE('',*,*,#1479,.F.);
#2322=ORIENTED_EDGE('',*,*,#1668,.T.);
#2323=ORIENTED_EDGE('',*,*,#1672,.T.);
#2324=ORIENTED_EDGE('',*,*,#1675,.T.);
#2325=ORIENTED_EDGE('',*,*,#1673,.F.);
#2326=ORIENTED_EDGE('',*,*,#1676,.T.);
#2327=ORIENTED_EDGE('',*,*,#1677,.T.);
#2328=ORIENTED_EDGE('',*,*,#1678,.T.);
#2329=ORIENTED_EDGE('',*,*,#1679,.T.);
#2330=ORIENTED_EDGE('',*,*,#1680,.F.);
#2331=ORIENTED_EDGE('',*,*,#1678,.F.);
#2332=ORIENTED_EDGE('',*,*,#1670,.T.);
#2333=ORIENTED_EDGE('',*,*,#1483,.T.);
#2334=ORIENTED_EDGE('',*,*,#1677,.F.);
#2335=ORIENTED_EDGE('',*,*,#1681,.F.);
#2336=ORIENTED_EDGE('',*,*,#1682,.F.);
#2337=ORIENTED_EDGE('',*,*,#1671,.T.);
#2338=ORIENTED_EDGE('',*,*,#1683,.T.);
#2339=ORIENTED_EDGE('',*,*,#1684,.T.);
#2340=ORIENTED_EDGE('',*,*,#1685,.T.);
#2341=ORIENTED_EDGE('',*,*,#1676,.F.);
#2342=ORIENTED_EDGE('',*,*,#1686,.T.);
#2343=ORIENTED_EDGE('',*,*,#1481,.T.);
#2344=ORIENTED_EDGE('',*,*,#1487,.F.);
#2345=ORIENTED_EDGE('',*,*,#1492,.T.);
#2346=ORIENTED_EDGE('',*,*,#1687,.F.);
#2347=ORIENTED_EDGE('',*,*,#1688,.F.);
#2348=ORIENTED_EDGE('',*,*,#1681,.T.);
#2349=ORIENTED_EDGE('',*,*,#1675,.F.);
#2350=ORIENTED_EDGE('',*,*,#1682,.T.);
#2351=ORIENTED_EDGE('',*,*,#1688,.T.);
#2352=ORIENTED_EDGE('',*,*,#1689,.T.);
#2353=ORIENTED_EDGE('',*,*,#1683,.F.);
#2354=ORIENTED_EDGE('',*,*,#1690,.T.);
#2355=ORIENTED_EDGE('',*,*,#1691,.T.);
#2356=ORIENTED_EDGE('',*,*,#1690,.F.);
#2357=ORIENTED_EDGE('',*,*,#1691,.F.);
#2358=ORIENTED_EDGE('',*,*,#1692,.F.);
#2359=ORIENTED_EDGE('',*,*,#1693,.F.);
#2360=ORIENTED_EDGE('',*,*,#1684,.F.);
#2361=ORIENTED_EDGE('',*,*,#1694,.T.);
#2362=ORIENTED_EDGE('',*,*,#1695,.F.);
#2363=ORIENTED_EDGE('',*,*,#1693,.T.);
#2364=ORIENTED_EDGE('',*,*,#1696,.F.);
#2365=ORIENTED_EDGE('',*,*,#1694,.F.);
#2366=ORIENTED_EDGE('',*,*,#1697,.F.);
#2367=ORIENTED_EDGE('',*,*,#1698,.F.);
#2368=ORIENTED_EDGE('',*,*,#1699,.F.);
#2369=ORIENTED_EDGE('',*,*,#1685,.F.);
#2370=ORIENTED_EDGE('',*,*,#1700,.T.);
#2371=ORIENTED_EDGE('',*,*,#1698,.T.);
#2372=ORIENTED_EDGE('',*,*,#1701,.F.);
#2373=ORIENTED_EDGE('',*,*,#1699,.T.);
#2374=ORIENTED_EDGE('',*,*,#1700,.F.);
#2375=ORIENTED_EDGE('',*,*,#1692,.T.);
#2376=ORIENTED_EDGE('',*,*,#1702,.F.);
#2377=ORIENTED_EDGE('',*,*,#1703,.F.);
#2378=ORIENTED_EDGE('',*,*,#1697,.T.);
#2379=ORIENTED_EDGE('',*,*,#1704,.F.);
#2380=ORIENTED_EDGE('',*,*,#1705,.T.);
#2381=ORIENTED_EDGE('',*,*,#1705,.F.);
#2382=ORIENTED_EDGE('',*,*,#1706,.F.);
#2383=ORIENTED_EDGE('',*,*,#1707,.F.);
#2384=ORIENTED_EDGE('',*,*,#1708,.T.);
#2385=ORIENTED_EDGE('',*,*,#1704,.T.);
#2386=ORIENTED_EDGE('',*,*,#1701,.T.);
#2387=ORIENTED_EDGE('',*,*,#1706,.T.);
#2388=ORIENTED_EDGE('',*,*,#1708,.F.);
#2389=ORIENTED_EDGE('',*,*,#1709,.T.);
#2390=ORIENTED_EDGE('',*,*,#1710,.T.);
#2391=ORIENTED_EDGE('',*,*,#1710,.F.);
#2392=ORIENTED_EDGE('',*,*,#1711,.F.);
#2393=ORIENTED_EDGE('',*,*,#1712,.T.);
#2394=ORIENTED_EDGE('',*,*,#1709,.F.);
#2395=ORIENTED_EDGE('',*,*,#1712,.F.);
#2396=ORIENTED_EDGE('',*,*,#1686,.F.);
#2397=ORIENTED_EDGE('',*,*,#1679,.F.);
#2398=ORIENTED_EDGE('',*,*,#1680,.T.);
#2399=ORIENTED_EDGE('',*,*,#1482,.T.);
#2400=ORIENTED_EDGE('',*,*,#1510,.F.);
#2401=ORIENTED_EDGE('',*,*,#1711,.T.);
#2402=ORIENTED_EDGE('',*,*,#1707,.T.);
#2403=ORIENTED_EDGE('',*,*,#1713,.T.);
#2404=ORIENTED_EDGE('',*,*,#1714,.T.);
#2405=ORIENTED_EDGE('',*,*,#1715,.T.);
#2406=ORIENTED_EDGE('',*,*,#1713,.F.);
#2407=ORIENTED_EDGE('',*,*,#1715,.F.);
#2408=ORIENTED_EDGE('',*,*,#1716,.F.);
#2409=ORIENTED_EDGE('',*,*,#1717,.T.);
#2410=ORIENTED_EDGE('',*,*,#1702,.T.);
#2411=ORIENTED_EDGE('',*,*,#1695,.T.);
#2412=ORIENTED_EDGE('',*,*,#1696,.T.);
#2413=ORIENTED_EDGE('',*,*,#1703,.T.);
#2414=ORIENTED_EDGE('',*,*,#1717,.F.);
#2415=ORIENTED_EDGE('',*,*,#1687,.T.);
#2416=ORIENTED_EDGE('',*,*,#1491,.T.);
#2417=ORIENTED_EDGE('',*,*,#1674,.F.);
#2418=ORIENTED_EDGE('',*,*,#1689,.F.);
#2419=ORIENTED_EDGE('',*,*,#1714,.F.);
#2420=ORIENTED_EDGE('',*,*,#1512,.F.);
#2421=ORIENTED_EDGE('',*,*,#1716,.T.);
#2422=ORIENTED_EDGE('',*,*,#1718,.F.);
#2423=ORIENTED_EDGE('',*,*,#1719,.F.);
#2424=ORIENTED_EDGE('',*,*,#1531,.T.);
#2425=ORIENTED_EDGE('',*,*,#1529,.T.);
#2426=ORIENTED_EDGE('',*,*,#1527,.T.);
#2427=ORIENTED_EDGE('',*,*,#1720,.T.);
#2428=ORIENTED_EDGE('',*,*,#1721,.F.);
#2429=ORIENTED_EDGE('',*,*,#1722,.F.);
#2430=ORIENTED_EDGE('',*,*,#1723,.F.);
#2431=ORIENTED_EDGE('',*,*,#1650,.T.);
#2432=ORIENTED_EDGE('',*,*,#1556,.F.);
#2433=ORIENTED_EDGE('',*,*,#1724,.F.);
#2434=ORIENTED_EDGE('',*,*,#1592,.F.);
#2435=ORIENTED_EDGE('',*,*,#1647,.F.);
#2436=ORIENTED_EDGE('',*,*,#1649,.T.);
#2437=ORIENTED_EDGE('',*,*,#1725,.F.);
#2438=ORIENTED_EDGE('',*,*,#1655,.T.);
#2439=ORIENTED_EDGE('',*,*,#1547,.F.);
#2440=ORIENTED_EDGE('',*,*,#1726,.F.);
#2441=ORIENTED_EDGE('',*,*,#1611,.F.);
#2442=ORIENTED_EDGE('',*,*,#1652,.F.);
#2443=ORIENTED_EDGE('',*,*,#1654,.T.);
#2444=ORIENTED_EDGE('',*,*,#1727,.F.);
#2445=ORIENTED_EDGE('',*,*,#1728,.F.);
#2446=ORIENTED_EDGE('',*,*,#1729,.T.);
#2447=ORIENTED_EDGE('',*,*,#1575,.F.);
#2448=ORIENTED_EDGE('',*,*,#1730,.T.);
#2449=ORIENTED_EDGE('',*,*,#1388,.T.);
#2450=ORIENTED_EDGE('',*,*,#1520,.F.);
#2451=ORIENTED_EDGE('',*,*,#1731,.F.);
#2452=ORIENTED_EDGE('',*,*,#1576,.F.);
#2453=ORIENTED_EDGE('',*,*,#1729,.F.);
#2454=ORIENTED_EDGE('',*,*,#1732,.T.);
#2455=ORIENTED_EDGE('',*,*,#1567,.F.);
#2456=ORIENTED_EDGE('',*,*,#1570,.F.);
#2457=ORIENTED_EDGE('',*,*,#1732,.F.);
#2458=ORIENTED_EDGE('',*,*,#1728,.T.);
#2459=ORIENTED_EDGE('',*,*,#1519,.T.);
#2460=ORIENTED_EDGE('',*,*,#1381,.T.);
#2461=ORIENTED_EDGE('',*,*,#1384,.T.);
#2462=ORIENTED_EDGE('',*,*,#1572,.F.);
#2463=ORIENTED_EDGE('',*,*,#1641,.F.);
#2464=ORIENTED_EDGE('',*,*,#1456,.T.);
#2465=ORIENTED_EDGE('',*,*,#1453,.T.);
#2466=ORIENTED_EDGE('',*,*,#1522,.F.);
#2467=ORIENTED_EDGE('',*,*,#1733,.F.);
#2468=ORIENTED_EDGE('',*,*,#1734,.T.);
#2469=ORIENTED_EDGE('',*,*,#1639,.F.);
#2470=ORIENTED_EDGE('',*,*,#1636,.F.);
#2471=ORIENTED_EDGE('',*,*,#1734,.F.);
#2472=ORIENTED_EDGE('',*,*,#1735,.T.);
#2473=ORIENTED_EDGE('',*,*,#1645,.F.);
#2474=ORIENTED_EDGE('',*,*,#1733,.T.);
#2475=ORIENTED_EDGE('',*,*,#1521,.T.);
#2476=ORIENTED_EDGE('',*,*,#1457,.T.);
#2477=ORIENTED_EDGE('',*,*,#1736,.F.);
#2478=ORIENTED_EDGE('',*,*,#1643,.F.);
#2479=ORIENTED_EDGE('',*,*,#1735,.F.);
#2480=ORIENTED_EDGE('',*,*,#1737,.T.);
#2481=ORIENTED_EDGE('',*,*,#1660,.T.);
#2482=ORIENTED_EDGE('',*,*,#1538,.F.);
#2483=ORIENTED_EDGE('',*,*,#1738,.F.);
#2484=ORIENTED_EDGE('',*,*,#1630,.F.);
#2485=ORIENTED_EDGE('',*,*,#1657,.F.);
#2486=ORIENTED_EDGE('',*,*,#1659,.T.);
#2487=ORIENTED_EDGE('',*,*,#1739,.F.);
#2488=ORIENTED_EDGE('',*,*,#1731,.T.);
#2489=ORIENTED_EDGE('',*,*,#1740,.T.);
#2490=ORIENTED_EDGE('',*,*,#1719,.T.);
#2491=ORIENTED_EDGE('',*,*,#1740,.F.);
#2492=ORIENTED_EDGE('',*,*,#1601,.F.);
#2493=ORIENTED_EDGE('',*,*,#1664,.F.);
#2494=ORIENTED_EDGE('',*,*,#1626,.F.);
#2495=ORIENTED_EDGE('',*,*,#1628,.F.);
#2496=ORIENTED_EDGE('',*,*,#1614,.F.);
#2497=ORIENTED_EDGE('',*,*,#1598,.F.);
#2498=ORIENTED_EDGE('',*,*,#1739,.T.);
#2499=ORIENTED_EDGE('',*,*,#1741,.T.);
#2500=ORIENTED_EDGE('',*,*,#1721,.T.);
#2501=ORIENTED_EDGE('',*,*,#1741,.F.);
#2502=ORIENTED_EDGE('',*,*,#1727,.T.);
#2503=ORIENTED_EDGE('',*,*,#1742,.T.);
#2504=ORIENTED_EDGE('',*,*,#1722,.T.);
#2505=ORIENTED_EDGE('',*,*,#1742,.F.);
#2506=ORIENTED_EDGE('',*,*,#1725,.T.);
#2507=ORIENTED_EDGE('',*,*,#1743,.T.);
#2508=ORIENTED_EDGE('',*,*,#1723,.T.);
#2509=ORIENTED_EDGE('',*,*,#1743,.F.);
#2510=ORIENTED_EDGE('',*,*,#1737,.F.);
#2511=ORIENTED_EDGE('',*,*,#1744,.T.);
#2512=ORIENTED_EDGE('',*,*,#1720,.F.);
#2513=ORIENTED_EDGE('',*,*,#1744,.F.);
#2514=ORIENTED_EDGE('',*,*,#1730,.F.);
#2515=ORIENTED_EDGE('',*,*,#1577,.F.);
#2516=ORIENTED_EDGE('',*,*,#1574,.F.);
#2517=ORIENTED_EDGE('',*,*,#1593,.F.);
#2518=ORIENTED_EDGE('',*,*,#1724,.T.);
#2519=ORIENTED_EDGE('',*,*,#1558,.F.);
#2520=ORIENTED_EDGE('',*,*,#1596,.F.);
#2521=ORIENTED_EDGE('',*,*,#1612,.F.);
#2522=ORIENTED_EDGE('',*,*,#1726,.T.);
#2523=ORIENTED_EDGE('',*,*,#1549,.F.);
#2524=ORIENTED_EDGE('',*,*,#1615,.F.);
#2525=ORIENTED_EDGE('',*,*,#1631,.F.);
#2526=ORIENTED_EDGE('',*,*,#1738,.T.);
#2527=ORIENTED_EDGE('',*,*,#1540,.F.);
#2528=ORIENTED_EDGE('',*,*,#1634,.F.);
#2529=ORIENTED_EDGE('',*,*,#1644,.F.);
#2530=ORIENTED_EDGE('',*,*,#1736,.T.);
#2531=ORIENTED_EDGE('',*,*,#1459,.T.);
#2532=ORIENTED_EDGE('',*,*,#1446,.T.);
#2533=ORIENTED_EDGE('',*,*,#1351,.T.);
#2534=ORIENTED_EDGE('',*,*,#1523,.F.);
#2535=ORIENTED_EDGE('',*,*,#1445,.T.);
#2536=ORIENTED_EDGE('',*,*,#1427,.T.);
#2537=ORIENTED_EDGE('',*,*,#1360,.T.);
#2538=ORIENTED_EDGE('',*,*,#1517,.F.);
#2539=ORIENTED_EDGE('',*,*,#1745,.T.);
#2540=ORIENTED_EDGE('',*,*,#1718,.T.);
#2541=ORIENTED_EDGE('',*,*,#1745,.F.);
#2542=ORIENTED_EDGE('',*,*,#1516,.F.);
#2543=ORIENTED_EDGE('',*,*,#1426,.T.);
#2544=ORIENTED_EDGE('',*,*,#1408,.T.);
#2545=ORIENTED_EDGE('',*,*,#1369,.T.);
#2546=ORIENTED_EDGE('',*,*,#1514,.F.);
#2547=ORIENTED_EDGE('',*,*,#1407,.T.);
#2548=ORIENTED_EDGE('',*,*,#1386,.T.);
#2549=ORIENTED_EDGE('',*,*,#1389,.T.);
#2550=SPHERICAL_SURFACE('',#2751,2.);
#2551=SPHERICAL_SURFACE('',#2755,2.);
#2552=SPHERICAL_SURFACE('',#2761,2.);
#2553=SPHERICAL_SURFACE('',#2765,2.);
#2554=SPHERICAL_SURFACE('',#2771,2.);
#2555=SPHERICAL_SURFACE('',#2775,2.);
#2556=SPHERICAL_SURFACE('',#2781,2.);
#2557=SPHERICAL_SURFACE('',#2785,2.);
#2558=SPHERICAL_SURFACE('',#2930,2.);
#2559=SPHERICAL_SURFACE('',#2934,2.);
#2560=SPHERICAL_SURFACE('',#2940,2.);
#2561=SPHERICAL_SURFACE('',#2944,2.);
#2562=SPHERICAL_SURFACE('',#2950,2.);
#2563=SPHERICAL_SURFACE('',#2954,2.);
#2564=SPHERICAL_SURFACE('',#2960,2.);
#2565=SPHERICAL_SURFACE('',#2964,2.);
#2566=ADVANCED_FACE('',(#506),#2550,.T.);
#2567=ADVANCED_FACE('',(#507),#2551,.T.);
#2568=ADVANCED_FACE('',(#508),#440,.T.);
#2569=ADVANCED_FACE('',(#509),#2552,.T.);
#2570=ADVANCED_FACE('',(#510),#2553,.T.);
#2571=ADVANCED_FACE('',(#511),#441,.T.);
#2572=ADVANCED_FACE('',(#512),#2554,.T.);
#2573=ADVANCED_FACE('',(#513),#2555,.T.);
#2574=ADVANCED_FACE('',(#514),#442,.T.);
#2575=ADVANCED_FACE('',(#515),#2556,.T.);
#2576=ADVANCED_FACE('',(#516),#2557,.T.);
#2577=ADVANCED_FACE('',(#517),#443,.T.);
#2578=ADVANCED_FACE('',(#518),#139,.T.);
#2579=ADVANCED_FACE('',(#519),#127,.T.);
#2580=ADVANCED_FACE('',(#520),#140,.T.);
#2581=ADVANCED_FACE('',(#521),#444,.T.);
#2582=ADVANCED_FACE('',(#522),#445,.T.);
#2583=ADVANCED_FACE('',(#523),#141,.T.);
#2584=ADVANCED_FACE('',(#524),#128,.T.);
#2585=ADVANCED_FACE('',(#525),#142,.T.);
#2586=ADVANCED_FACE('',(#526),#446,.T.);
#2587=ADVANCED_FACE('',(#527),#447,.T.);
#2588=ADVANCED_FACE('',(#528),#143,.T.);
#2589=ADVANCED_FACE('',(#529),#448,.T.);
#2590=ADVANCED_FACE('',(#530),#144,.T.);
#2591=ADVANCED_FACE('',(#531),#129,.T.);
#2592=ADVANCED_FACE('',(#532),#145,.T.);
#2593=ADVANCED_FACE('',(#533),#449,.T.);
#2594=ADVANCED_FACE('',(#534),#450,.T.);
#2595=ADVANCED_FACE('',(#535),#146,.T.);
#2596=ADVANCED_FACE('',(#536),#451,.T.);
#2597=ADVANCED_FACE('',(#537),#147,.T.);
#2598=ADVANCED_FACE('',(#538),#130,.T.);
#2599=ADVANCED_FACE('',(#539),#148,.T.);
#2600=ADVANCED_FACE('',(#540),#452,.T.);
#2601=ADVANCED_FACE('',(#541),#453,.T.);
#2602=ADVANCED_FACE('',(#542),#149,.T.);
#2603=ADVANCED_FACE('',(#543),#454,.T.);
#2604=ADVANCED_FACE('',(#544),#150,.T.);
#2605=ADVANCED_FACE('',(#545),#131,.T.);
#2606=ADVANCED_FACE('',(#546),#455,.T.);
#2607=ADVANCED_FACE('',(#547),#54,.T.);
#2608=ADVANCED_FACE('',(#548),#456,.F.);
#2609=ADVANCED_FACE('',(#549),#55,.T.);
#2610=ADVANCED_FACE('',(#550),#56,.T.);
#2611=ADVANCED_FACE('',(#551),#457,.F.);
#2612=ADVANCED_FACE('',(#552),#57,.T.);
#2613=ADVANCED_FACE('',(#553),#58,.T.);
#2614=ADVANCED_FACE('',(#554),#458,.F.);
#2615=ADVANCED_FACE('',(#555),#59,.T.);
#2616=ADVANCED_FACE('',(#556),#60,.F.);
#2617=ADVANCED_FACE('',(#557),#61,.F.);
#2618=ADVANCED_FACE('',(#558),#62,.F.);
#2619=ADVANCED_FACE('',(#559),#132,.F.);
#2620=ADVANCED_FACE('',(#560),#459,.T.);
#2621=ADVANCED_FACE('',(#561,#26,#27,#28),#63,.F.);
#2622=ADVANCED_FACE('',(#562),#460,.T.);
#2623=ADVANCED_FACE('',(#563),#461,.F.);
#2624=ADVANCED_FACE('',(#564),#64,.T.);
#2625=ADVANCED_FACE('',(#565),#65,.T.);
#2626=ADVANCED_FACE('',(#566),#462,.F.);
#2627=ADVANCED_FACE('',(#567),#66,.T.);
#2628=ADVANCED_FACE('',(#568),#463,.F.);
#2629=ADVANCED_FACE('',(#569),#67,.T.);
#2630=ADVANCED_FACE('',(#570),#15,.F.);
#2631=ADVANCED_FACE('',(#571),#464,.F.);
#2632=ADVANCED_FACE('',(#572),#465,.F.);
#2633=ADVANCED_FACE('',(#573,#29),#68,.F.);
#2634=ADVANCED_FACE('',(#574,#30),#69,.F.);
#2635=ADVANCED_FACE('',(#575),#70,.T.);
#2636=ADVANCED_FACE('',(#576),#71,.T.);
#2637=ADVANCED_FACE('',(#577,#31),#72,.F.);
#2638=ADVANCED_FACE('',(#578),#73,.F.);
#2639=ADVANCED_FACE('',(#579),#466,.F.);
#2640=ADVANCED_FACE('',(#580),#467,.F.);
#2641=ADVANCED_FACE('',(#581),#468,.F.);
#2642=ADVANCED_FACE('',(#582),#2558,.T.);
#2643=ADVANCED_FACE('',(#583),#2559,.T.);
#2644=ADVANCED_FACE('',(#584),#469,.T.);
#2645=ADVANCED_FACE('',(#585),#2560,.T.);
#2646=ADVANCED_FACE('',(#586),#2561,.T.);
#2647=ADVANCED_FACE('',(#587),#470,.T.);
#2648=ADVANCED_FACE('',(#588),#2562,.T.);
#2649=ADVANCED_FACE('',(#589),#2563,.T.);
#2650=ADVANCED_FACE('',(#590),#471,.T.);
#2651=ADVANCED_FACE('',(#591),#2564,.T.);
#2652=ADVANCED_FACE('',(#592),#2565,.T.);
#2653=ADVANCED_FACE('',(#593),#472,.T.);
#2654=ADVANCED_FACE('',(#594),#151,.T.);
#2655=ADVANCED_FACE('',(#595),#133,.F.);
#2656=ADVANCED_FACE('',(#596),#152,.T.);
#2657=ADVANCED_FACE('',(#597),#473,.T.);
#2658=ADVANCED_FACE('',(#598),#474,.T.);
#2659=ADVANCED_FACE('',(#599),#153,.T.);
#2660=ADVANCED_FACE('',(#600),#134,.F.);
#2661=ADVANCED_FACE('',(#601),#154,.T.);
#2662=ADVANCED_FACE('',(#602),#475,.T.);
#2663=ADVANCED_FACE('',(#603),#476,.T.);
#2664=ADVANCED_FACE('',(#604),#155,.T.);
#2665=ADVANCED_FACE('',(#605),#477,.T.);
#2666=ADVANCED_FACE('',(#606),#156,.T.);
#2667=ADVANCED_FACE('',(#607),#135,.F.);
#2668=ADVANCED_FACE('',(#608),#157,.T.);
#2669=ADVANCED_FACE('',(#609),#478,.T.);
#2670=ADVANCED_FACE('',(#610),#479,.T.);
#2671=ADVANCED_FACE('',(#611),#158,.T.);
#2672=ADVANCED_FACE('',(#612),#480,.T.);
#2673=ADVANCED_FACE('',(#613),#159,.T.);
#2674=ADVANCED_FACE('',(#614),#136,.F.);
#2675=ADVANCED_FACE('',(#615),#160,.T.);
#2676=ADVANCED_FACE('',(#616),#481,.T.);
#2677=ADVANCED_FACE('',(#617),#482,.T.);
#2678=ADVANCED_FACE('',(#618),#161,.T.);
#2679=ADVANCED_FACE('',(#619),#483,.T.);
#2680=ADVANCED_FACE('',(#620),#162,.T.);
#2681=ADVANCED_FACE('',(#621),#137,.F.);
#2682=ADVANCED_FACE('',(#622),#484,.T.);
#2683=ADVANCED_FACE('',(#623),#74,.F.);
#2684=ADVANCED_FACE('',(#624),#485,.F.);
#2685=ADVANCED_FACE('',(#625),#75,.F.);
#2686=ADVANCED_FACE('',(#626),#76,.F.);
#2687=ADVANCED_FACE('',(#627),#486,.F.);
#2688=ADVANCED_FACE('',(#628),#77,.F.);
#2689=ADVANCED_FACE('',(#629),#78,.F.);
#2690=ADVANCED_FACE('',(#630),#487,.F.);
#2691=ADVANCED_FACE('',(#631),#79,.F.);
#2692=ADVANCED_FACE('',(#632),#163,.F.);
#2693=ADVANCED_FACE('',(#633),#80,.T.);
#2694=ADVANCED_FACE('',(#634),#81,.T.);
#2695=ADVANCED_FACE('',(#635),#82,.T.);
#2696=ADVANCED_FACE('',(#636),#488,.T.);
#2697=ADVANCED_FACE('',(#637),#164,.F.);
#2698=ADVANCED_FACE('',(#638),#138,.T.);
#2699=ADVANCED_FACE('',(#639),#489,.T.);
#2700=ADVANCED_FACE('',(#640),#165,.T.);
#2701=ADVANCED_FACE('',(#641,#32,#33,#34),#83,.T.);
#2702=ADVANCED_FACE('',(#642),#84,.T.);
#2703=ADVANCED_FACE('',(#643),#490,.T.);
#2704=ADVANCED_FACE('',(#644),#491,.F.);
#2705=ADVANCED_FACE('',(#645),#85,.F.);
#2706=ADVANCED_FACE('',(#646),#86,.F.);
#2707=ADVANCED_FACE('',(#647),#492,.F.);
#2708=ADVANCED_FACE('',(#648),#87,.F.);
#2709=ADVANCED_FACE('',(#649),#493,.F.);
#2710=ADVANCED_FACE('',(#650),#88,.F.);
#2711=ADVANCED_FACE('',(#651),#16,.F.);
#2712=ADVANCED_FACE('',(#652),#494,.F.);
#2713=ADVANCED_FACE('',(#653),#17,.F.);
#2714=ADVANCED_FACE('',(#654),#495,.F.);
#2715=ADVANCED_FACE('',(#655,#35,#36,#37),#89,.T.);
#2716=ADVANCED_FACE('',(#656),#90,.F.);
#2717=ADVANCED_FACE('',(#657),#496,.F.);
#2718=ADVANCED_FACE('',(#658),#497,.F.);
#2719=ADVANCED_FACE('',(#659,#38,#39,#40),#91,.F.);
#2720=ADVANCED_FACE('',(#660,#41,#42,#43,#44,#45,#46,#47,#48),#92,.F.);
#2721=ADVANCED_FACE('',(#661,#49),#93,.T.);
#2722=ADVANCED_FACE('',(#662,#50),#94,.T.);
#2723=ADVANCED_FACE('',(#663,#51),#95,.T.);
#2724=ADVANCED_FACE('',(#664),#96,.F.);
#2725=ADVANCED_FACE('',(#665),#498,.F.);
#2726=ADVANCED_FACE('',(#666),#499,.F.);
#2727=ADVANCED_FACE('',(#667),#97,.F.);
#2728=ADVANCED_FACE('',(#668,#52),#98,.T.);
#2729=ADVANCED_FACE('',(#669,#53),#99,.T.);
#2730=ADVANCED_FACE('',(#670),#500,.F.);
#2731=ADVANCED_FACE('',(#671),#100,.T.);
#2732=ADVANCED_FACE('',(#672),#501,.F.);
#2733=ADVANCED_FACE('',(#673),#502,.F.);
#2734=ADVANCED_FACE('',(#674),#503,.F.);
#2735=ADVANCED_FACE('',(#675),#504,.F.);
#2736=ADVANCED_FACE('',(#676),#505,.T.);
#2737=CLOSED_SHELL('',(#2566,#2567,#2568,#2569,#2570,#2571,#2572,#2573,
#2574,#2575,#2576,#2577,#2578,#2579,#2580,#2581,#2582,#2583,#2584,#2585,
#2586,#2587,#2588,#2589,#2590,#2591,#2592,#2593,#2594,#2595,#2596,#2597,
#2598,#2599,#2600,#2601,#2602,#2603,#2604,#2605,#2606,#2607,#2608,#2609,
#2610,#2611,#2612,#2613,#2614,#2615,#2616,#2617,#2618,#2619,#2620,#2621,
#2622,#2623,#2624,#2625,#2626,#2627,#2628,#2629,#2630,#2631,#2632,#2633,
#2634,#2635,#2636,#2637,#2638,#2639,#2640,#2641,#2642,#2643,#2644,#2645,
#2646,#2647,#2648,#2649,#2650,#2651,#2652,#2653,#2654,#2655,#2656,#2657,
#2658,#2659,#2660,#2661,#2662,#2663,#2664,#2665,#2666,#2667,#2668,#2669,
#2670,#2671,#2672,#2673,#2674,#2675,#2676,#2677,#2678,#2679,#2680,#2681,
#2682,#2683,#2684,#2685,#2686,#2687,#2688,#2689,#2690,#2691,#2692,#2693,
#2694,#2695,#2696,#2697,#2698,#2699,#2700,#2701,#2702,#2703,#2704,#2705,
#2706,#2707,#2708,#2709,#2710,#2711,#2712,#2713,#2714,#2715,#2716,#2717,
#2718,#2719,#2720,#2721,#2722,#2723,#2724,#2725,#2726,#2727,#2728,#2729,
#2730,#2731,#2732,#2733,#2734,#2735,#2736));
#2738=DERIVED_UNIT_ELEMENT(#2740,1.);
#2739=DERIVED_UNIT_ELEMENT(#6006,-3.);
#2740=(
MASS_UNIT()
NAMED_UNIT(*)
SI_UNIT(.KILO.,.GRAM.)
);
#2741=DERIVED_UNIT((#2738,#2739));
#2742=MEASURE_REPRESENTATION_ITEM('density measure',
POSITIVE_RATIO_MEASURE(7850.),#2741);
#2743=PROPERTY_DEFINITION_REPRESENTATION(#2748,#2745);
#2744=PROPERTY_DEFINITION_REPRESENTATION(#2749,#2746);
#2745=REPRESENTATION('material name',(#2747),#6003);
#2746=REPRESENTATION('density',(#2742),#6003);
#2747=DESCRIPTIVE_REPRESENTATION_ITEM('Steel','Steel');
#2748=PROPERTY_DEFINITION('material property','material name',#6013);
#2749=PROPERTY_DEFINITION('material property','density of part',#6013);
#2750=AXIS2_PLACEMENT_3D('',#4078,#3147,#3148);
#2751=AXIS2_PLACEMENT_3D('',#4079,#3149,#3150);
#2752=AXIS2_PLACEMENT_3D('',#4082,#3151,#3152);
#2753=AXIS2_PLACEMENT_3D('',#4084,#3153,#3154);
#2754=AXIS2_PLACEMENT_3D('',#4085,#3155,#3156);
#2755=AXIS2_PLACEMENT_3D('',#4086,#3157,#3158);
#2756=AXIS2_PLACEMENT_3D('',#4089,#3159,#3160);
#2757=AXIS2_PLACEMENT_3D('',#4091,#3161,#3162);
#2758=AXIS2_PLACEMENT_3D('',#4092,#3163,#3164);
#2759=AXIS2_PLACEMENT_3D('',#4093,#3165,#3166);
#2760=AXIS2_PLACEMENT_3D('',#4096,#3167,#3168);
#2761=AXIS2_PLACEMENT_3D('',#4099,#3171,#3172);
#2762=AXIS2_PLACEMENT_3D('',#4102,#3173,#3174);
#2763=AXIS2_PLACEMENT_3D('',#4104,#3175,#3176);
#2764=AXIS2_PLACEMENT_3D('',#4105,#3177,#3178);
#2765=AXIS2_PLACEMENT_3D('',#4106,#3179,#3180);
#2766=AXIS2_PLACEMENT_3D('',#4109,#3181,#3182);
#2767=AXIS2_PLACEMENT_3D('',#4111,#3183,#3184);
#2768=AXIS2_PLACEMENT_3D('',#4112,#3185,#3186);
#2769=AXIS2_PLACEMENT_3D('',#4113,#3187,#3188);
#2770=AXIS2_PLACEMENT_3D('',#4116,#3189,#3190);
#2771=AXIS2_PLACEMENT_3D('',#4119,#3193,#3194);
#2772=AXIS2_PLACEMENT_3D('',#4122,#3195,#3196);
#2773=AXIS2_PLACEMENT_3D('',#4124,#3197,#3198);
#2774=AXIS2_PLACEMENT_3D('',#4125,#3199,#3200);
#2775=AXIS2_PLACEMENT_3D('',#4126,#3201,#3202);
#2776=AXIS2_PLACEMENT_3D('',#4129,#3203,#3204);
#2777=AXIS2_PLACEMENT_3D('',#4131,#3205,#3206);
#2778=AXIS2_PLACEMENT_3D('',#4132,#3207,#3208);
#2779=AXIS2_PLACEMENT_3D('',#4133,#3209,#3210);
#2780=AXIS2_PLACEMENT_3D('',#4136,#3211,#3212);
#2781=AXIS2_PLACEMENT_3D('',#4139,#3215,#3216);
#2782=AXIS2_PLACEMENT_3D('',#4142,#3217,#3218);
#2783=AXIS2_PLACEMENT_3D('',#4144,#3219,#3220);
#2784=AXIS2_PLACEMENT_3D('',#4145,#3221,#3222);
#2785=AXIS2_PLACEMENT_3D('',#4146,#3223,#3224);
#2786=AXIS2_PLACEMENT_3D('',#4149,#3225,#3226);
#2787=AXIS2_PLACEMENT_3D('',#4151,#3227,#3228);
#2788=AXIS2_PLACEMENT_3D('',#4152,#3229,#3230);
#2789=AXIS2_PLACEMENT_3D('',#4153,#3231,#3232);
#2790=AXIS2_PLACEMENT_3D('',#4156,#3233,#3234);
#2791=AXIS2_PLACEMENT_3D('',#4159,#3237,#3238);
#2792=AXIS2_PLACEMENT_3D('',#4162,#3239,#3240);
#2793=AXIS2_PLACEMENT_3D('',#4163,#3241,#3242);
#2794=AXIS2_PLACEMENT_3D('',#4164,#3243,#3244);
#2795=AXIS2_PLACEMENT_3D('',#4209,#3245,#3246);
#2796=AXIS2_PLACEMENT_3D('',#4210,#3247,#3248);
#2797=AXIS2_PLACEMENT_3D('',#4211,#3249,#3250);
#2798=AXIS2_PLACEMENT_3D('',#4212,#3251,#3252);
#2799=AXIS2_PLACEMENT_3D('',#4215,#3253,#3254);
#2800=AXIS2_PLACEMENT_3D('',#4218,#3257,#3258);
#2801=AXIS2_PLACEMENT_3D('',#4221,#3259,#3260);
#2802=AXIS2_PLACEMENT_3D('',#4224,#3263,#3264);
#2803=AXIS2_PLACEMENT_3D('',#4227,#3265,#3266);
#2804=AXIS2_PLACEMENT_3D('',#4228,#3267,#3268);
#2805=AXIS2_PLACEMENT_3D('',#4229,#3269,#3270);
#2806=AXIS2_PLACEMENT_3D('',#4316,#3271,#3272);
#2807=AXIS2_PLACEMENT_3D('',#4331,#3273,#3274);
#2808=AXIS2_PLACEMENT_3D('',#4334,#3275,#3276);
#2809=AXIS2_PLACEMENT_3D('',#4335,#3277,#3278);
#2810=AXIS2_PLACEMENT_3D('',#4336,#3279,#3280);
#2811=AXIS2_PLACEMENT_3D('',#4337,#3281,#3282);
#2812=AXIS2_PLACEMENT_3D('',#4340,#3285,#3286);
#2813=AXIS2_PLACEMENT_3D('',#4343,#3287,#3288);
#2814=AXIS2_PLACEMENT_3D('',#4346,#3291,#3292);
#2815=AXIS2_PLACEMENT_3D('',#4347,#3293,#3294);
#2816=AXIS2_PLACEMENT_3D('',#4348,#3295,#3296);
#2817=AXIS2_PLACEMENT_3D('',#4349,#3297,#3298);
#2818=AXIS2_PLACEMENT_3D('',#4352,#3299,#3300);
#2819=AXIS2_PLACEMENT_3D('',#4355,#3303,#3304);
#2820=AXIS2_PLACEMENT_3D('',#4358,#3305,#3306);
#2821=AXIS2_PLACEMENT_3D('',#4359,#3307,#3308);
#2822=AXIS2_PLACEMENT_3D('',#4360,#3309,#3310);
#2823=AXIS2_PLACEMENT_3D('',#4477,#3311,#3312);
#2824=AXIS2_PLACEMENT_3D('',#4497,#3313,#3314);
#2825=AXIS2_PLACEMENT_3D('',#4500,#3315,#3316);
#2826=AXIS2_PLACEMENT_3D('',#4501,#3317,#3318);
#2827=AXIS2_PLACEMENT_3D('',#4502,#3319,#3320);
#2828=AXIS2_PLACEMENT_3D('',#4503,#3321,#3322);
#2829=AXIS2_PLACEMENT_3D('',#4506,#3325,#3326);
#2830=AXIS2_PLACEMENT_3D('',#4509,#3327,#3328);
#2831=AXIS2_PLACEMENT_3D('',#4512,#3331,#3332);
#2832=AXIS2_PLACEMENT_3D('',#4513,#3333,#3334);
#2833=AXIS2_PLACEMENT_3D('',#4514,#3335,#3336);
#2834=AXIS2_PLACEMENT_3D('',#4515,#3337,#3338);
#2835=AXIS2_PLACEMENT_3D('',#4518,#3339,#3340);
#2836=AXIS2_PLACEMENT_3D('',#4521,#3343,#3344);
#2837=AXIS2_PLACEMENT_3D('',#4524,#3345,#3346);
#2838=AXIS2_PLACEMENT_3D('',#4525,#3347,#3348);
#2839=AXIS2_PLACEMENT_3D('',#4526,#3349,#3350);
#2840=AXIS2_PLACEMENT_3D('',#4619,#3351,#3352);
#2841=AXIS2_PLACEMENT_3D('',#4635,#3353,#3354);
#2842=AXIS2_PLACEMENT_3D('',#4638,#3355,#3356);
#2843=AXIS2_PLACEMENT_3D('',#4639,#3357,#3358);
#2844=AXIS2_PLACEMENT_3D('',#4640,#3359,#3360);
#2845=AXIS2_PLACEMENT_3D('',#4641,#3361,#3362);
#2846=AXIS2_PLACEMENT_3D('',#4644,#3365,#3366);
#2847=AXIS2_PLACEMENT_3D('',#4647,#3367,#3368);
#2848=AXIS2_PLACEMENT_3D('',#4650,#3371,#3372);
#2849=AXIS2_PLACEMENT_3D('',#4651,#3373,#3374);
#2850=AXIS2_PLACEMENT_3D('',#4652,#3375,#3376);
#2851=AXIS2_PLACEMENT_3D('',#4653,#3377,#3378);
#2852=AXIS2_PLACEMENT_3D('',#4656,#3379,#3380);
#2853=AXIS2_PLACEMENT_3D('',#4659,#3383,#3384);
#2854=AXIS2_PLACEMENT_3D('',#4662,#3385,#3386);
#2855=AXIS2_PLACEMENT_3D('',#4663,#3387,#3388);
#2856=AXIS2_PLACEMENT_3D('',#4664,#3389,#3390);
#2857=AXIS2_PLACEMENT_3D('',#4709,#3391,#3392);
#2858=AXIS2_PLACEMENT_3D('',#4712,#3393,#3394);
#2859=AXIS2_PLACEMENT_3D('',#4715,#3397,#3398);
#2860=AXIS2_PLACEMENT_3D('',#4719,#3401,#3402);
#2861=AXIS2_PLACEMENT_3D('',#4721,#3403,#3404);
#2862=AXIS2_PLACEMENT_3D('',#4723,#3406,#3407);
#2863=AXIS2_PLACEMENT_3D('',#4725,#3409,#3410);
#2864=AXIS2_PLACEMENT_3D('',#4729,#3413,#3414);
#2865=AXIS2_PLACEMENT_3D('',#4731,#3415,#3416);
#2866=AXIS2_PLACEMENT_3D('',#4733,#3418,#3419);
#2867=AXIS2_PLACEMENT_3D('',#4735,#3421,#3422);
#2868=AXIS2_PLACEMENT_3D('',#4739,#3425,#3426);
#2869=AXIS2_PLACEMENT_3D('',#4741,#3427,#3428);
#2870=AXIS2_PLACEMENT_3D('',#4743,#3430,#3431);
#2871=AXIS2_PLACEMENT_3D('',#4745,#3433,#3434);
#2872=AXIS2_PLACEMENT_3D('',#4746,#3435,#3436);
#2873=AXIS2_PLACEMENT_3D('',#4747,#3437,#3438);
#2874=AXIS2_PLACEMENT_3D('',#4748,#3439,#3440);
#2875=AXIS2_PLACEMENT_3D('',#4749,#3441,#3442);
#2876=AXIS2_PLACEMENT_3D('',#4750,#3443,#3444);
#2877=AXIS2_PLACEMENT_3D('',#4894,#3445,#3446);
#2878=AXIS2_PLACEMENT_3D('',#4915,#3447,#3448);
#2879=AXIS2_PLACEMENT_3D('',#4918,#3449,#3450);
#2880=AXIS2_PLACEMENT_3D('',#4922,#3452,#3453);
#2881=AXIS2_PLACEMENT_3D('',#4924,#3455,#3456);
#2882=AXIS2_PLACEMENT_3D('',#4930,#3460,#3461);
#2883=AXIS2_PLACEMENT_3D('',#4932,#3462,#3463);
#2884=AXIS2_PLACEMENT_3D('',#4934,#3464,#3465);
#2885=AXIS2_PLACEMENT_3D('',#4935,#3466,#3467);
#2886=AXIS2_PLACEMENT_3D('',#4938,#3469,#3470);
#2887=AXIS2_PLACEMENT_3D('',#4939,#3471,#3472);
#2888=AXIS2_PLACEMENT_3D('',#4942,#3474,#3475);
#2889=AXIS2_PLACEMENT_3D('',#4943,#3476,#3477);
#2890=AXIS2_PLACEMENT_3D('',#4944,#3478,#3479);
#2891=AXIS2_PLACEMENT_3D('',#4948,#3481,#3482);
#2892=AXIS2_PLACEMENT_3D('',#4949,#3483,#3484);
#2893=AXIS2_PLACEMENT_3D('',#4952,#3486,#3487);
#2894=AXIS2_PLACEMENT_3D('',#4953,#3488,#3489);
#2895=AXIS2_PLACEMENT_3D('',#4954,#3490,#3491);
#2896=AXIS2_PLACEMENT_3D('',#4961,#3492,#3493);
#2897=AXIS2_PLACEMENT_3D('',#4962,#3494,#3495);
#2898=AXIS2_PLACEMENT_3D('',#4963,#3496,#3497);
#2899=AXIS2_PLACEMENT_3D('',#4965,#3499,#3500);
#2900=AXIS2_PLACEMENT_3D('',#4966,#3501,#3502);
#2901=AXIS2_PLACEMENT_3D('',#4968,#3503,#3504);
#2902=AXIS2_PLACEMENT_3D('',#4969,#3505,#3506);
#2903=AXIS2_PLACEMENT_3D('',#4970,#3507,#3508);
#2904=AXIS2_PLACEMENT_3D('',#4972,#3509,#3510);
#2905=AXIS2_PLACEMENT_3D('',#4975,#3512,#3513);
#2906=AXIS2_PLACEMENT_3D('',#4976,#3514,#3515);
#2907=AXIS2_PLACEMENT_3D('',#4978,#3516,#3517);
#2908=AXIS2_PLACEMENT_3D('',#4980,#3519,#3520);
#2909=AXIS2_PLACEMENT_3D('',#4982,#3521,#3522);
#2910=AXIS2_PLACEMENT_3D('',#4984,#3524,#3525);
#2911=AXIS2_PLACEMENT_3D('',#4985,#3526,#3527);
#2912=AXIS2_PLACEMENT_3D('',#4987,#3528,#3529);
#2913=AXIS2_PLACEMENT_3D('',#4988,#3530,#3531);
#2914=AXIS2_PLACEMENT_3D('',#4990,#3532,#3533);
#2915=AXIS2_PLACEMENT_3D('',#4991,#3534,#3535);
#2916=AXIS2_PLACEMENT_3D('',#4993,#3536,#3537);
#2917=AXIS2_PLACEMENT_3D('',#4994,#3538,#3539);
#2918=AXIS2_PLACEMENT_3D('',#4998,#3542,#3543);
#2919=AXIS2_PLACEMENT_3D('',#5002,#3546,#3547);
#2920=AXIS2_PLACEMENT_3D('',#5003,#3548,#3549);
#2921=AXIS2_PLACEMENT_3D('',#5005,#3550,#3551);
#2922=AXIS2_PLACEMENT_3D('',#5006,#3552,#3553);
#2923=AXIS2_PLACEMENT_3D('',#5007,#3554,#3555);
#2924=AXIS2_PLACEMENT_3D('',#5008,#3556,#3557);
#2925=AXIS2_PLACEMENT_3D('',#5011,#3559,#3560);
#2926=AXIS2_PLACEMENT_3D('',#5012,#3561,#3562);
#2927=AXIS2_PLACEMENT_3D('',#5015,#3564,#3565);
#2928=AXIS2_PLACEMENT_3D('',#5016,#3566,#3567);
#2929=AXIS2_PLACEMENT_3D('',#5019,#3569,#3570);
#2930=AXIS2_PLACEMENT_3D('',#5020,#3571,#3572);
#2931=AXIS2_PLACEMENT_3D('',#5023,#3573,#3574);
#2932=AXIS2_PLACEMENT_3D('',#5025,#3575,#3576);
#2933=AXIS2_PLACEMENT_3D('',#5026,#3577,#3578);
#2934=AXIS2_PLACEMENT_3D('',#5027,#3579,#3580);
#2935=AXIS2_PLACEMENT_3D('',#5030,#3581,#3582);
#2936=AXIS2_PLACEMENT_3D('',#5032,#3583,#3584);
#2937=AXIS2_PLACEMENT_3D('',#5033,#3585,#3586);
#2938=AXIS2_PLACEMENT_3D('',#5034,#3587,#3588);
#2939=AXIS2_PLACEMENT_3D('',#5037,#3589,#3590);
#2940=AXIS2_PLACEMENT_3D('',#5040,#3593,#3594);
#2941=AXIS2_PLACEMENT_3D('',#5043,#3595,#3596);
#2942=AXIS2_PLACEMENT_3D('',#5045,#3597,#3598);
#2943=AXIS2_PLACEMENT_3D('',#5046,#3599,#3600);
#2944=AXIS2_PLACEMENT_3D('',#5047,#3601,#3602);
#2945=AXIS2_PLACEMENT_3D('',#5050,#3603,#3604);
#2946=AXIS2_PLACEMENT_3D('',#5052,#3605,#3606);
#2947=AXIS2_PLACEMENT_3D('',#5053,#3607,#3608);
#2948=AXIS2_PLACEMENT_3D('',#5054,#3609,#3610);
#2949=AXIS2_PLACEMENT_3D('',#5057,#3611,#3612);
#2950=AXIS2_PLACEMENT_3D('',#5060,#3615,#3616);
#2951=AXIS2_PLACEMENT_3D('',#5063,#3617,#3618);
#2952=AXIS2_PLACEMENT_3D('',#5065,#3619,#3620);
#2953=AXIS2_PLACEMENT_3D('',#5066,#3621,#3622);
#2954=AXIS2_PLACEMENT_3D('',#5067,#3623,#3624);
#2955=AXIS2_PLACEMENT_3D('',#5070,#3625,#3626);
#2956=AXIS2_PLACEMENT_3D('',#5072,#3627,#3628);
#2957=AXIS2_PLACEMENT_3D('',#5073,#3629,#3630);
#2958=AXIS2_PLACEMENT_3D('',#5074,#3631,#3632);
#2959=AXIS2_PLACEMENT_3D('',#5077,#3633,#3634);
#2960=AXIS2_PLACEMENT_3D('',#5080,#3637,#3638);
#2961=AXIS2_PLACEMENT_3D('',#5083,#3639,#3640);
#2962=AXIS2_PLACEMENT_3D('',#5085,#3641,#3642);
#2963=AXIS2_PLACEMENT_3D('',#5086,#3643,#3644);
#2964=AXIS2_PLACEMENT_3D('',#5087,#3645,#3646);
#2965=AXIS2_PLACEMENT_3D('',#5090,#3647,#3648);
#2966=AXIS2_PLACEMENT_3D('',#5092,#3649,#3650);
#2967=AXIS2_PLACEMENT_3D('',#5093,#3651,#3652);
#2968=AXIS2_PLACEMENT_3D('',#5094,#3653,#3654);
#2969=AXIS2_PLACEMENT_3D('',#5097,#3655,#3656);
#2970=AXIS2_PLACEMENT_3D('',#5100,#3659,#3660);
#2971=AXIS2_PLACEMENT_3D('',#5103,#3661,#3662);
#2972=AXIS2_PLACEMENT_3D('',#5104,#3663,#3664);
#2973=AXIS2_PLACEMENT_3D('',#5105,#3665,#3666);
#2974=AXIS2_PLACEMENT_3D('',#5141,#3667,#3668);
#2975=AXIS2_PLACEMENT_3D('',#5142,#3669,#3670);
#2976=AXIS2_PLACEMENT_3D('',#5143,#3671,#3672);
#2977=AXIS2_PLACEMENT_3D('',#5144,#3673,#3674);
#2978=AXIS2_PLACEMENT_3D('',#5147,#3675,#3676);
#2979=AXIS2_PLACEMENT_3D('',#5150,#3679,#3680);
#2980=AXIS2_PLACEMENT_3D('',#5153,#3681,#3682);
#2981=AXIS2_PLACEMENT_3D('',#5156,#3685,#3686);
#2982=AXIS2_PLACEMENT_3D('',#5159,#3687,#3688);
#2983=AXIS2_PLACEMENT_3D('',#5160,#3689,#3690);
#2984=AXIS2_PLACEMENT_3D('',#5161,#3691,#3692);
#2985=AXIS2_PLACEMENT_3D('',#5248,#3693,#3694);
#2986=AXIS2_PLACEMENT_3D('',#5263,#3695,#3696);
#2987=AXIS2_PLACEMENT_3D('',#5266,#3697,#3698);
#2988=AXIS2_PLACEMENT_3D('',#5267,#3699,#3700);
#2989=AXIS2_PLACEMENT_3D('',#5268,#3701,#3702);
#2990=AXIS2_PLACEMENT_3D('',#5269,#3703,#3704);
#2991=AXIS2_PLACEMENT_3D('',#5272,#3707,#3708);
#2992=AXIS2_PLACEMENT_3D('',#5275,#3709,#3710);
#2993=AXIS2_PLACEMENT_3D('',#5278,#3713,#3714);
#2994=AXIS2_PLACEMENT_3D('',#5279,#3715,#3716);
#2995=AXIS2_PLACEMENT_3D('',#5280,#3717,#3718);
#2996=AXIS2_PLACEMENT_3D('',#5281,#3719,#3720);
#2997=AXIS2_PLACEMENT_3D('',#5284,#3721,#3722);
#2998=AXIS2_PLACEMENT_3D('',#5287,#3725,#3726);
#2999=AXIS2_PLACEMENT_3D('',#5290,#3727,#3728);
#3000=AXIS2_PLACEMENT_3D('',#5291,#3729,#3730);
#3001=AXIS2_PLACEMENT_3D('',#5292,#3731,#3732);
#3002=AXIS2_PLACEMENT_3D('',#5409,#3733,#3734);
#3003=AXIS2_PLACEMENT_3D('',#5429,#3735,#3736);
#3004=AXIS2_PLACEMENT_3D('',#5432,#3737,#3738);
#3005=AXIS2_PLACEMENT_3D('',#5433,#3739,#3740);
#3006=AXIS2_PLACEMENT_3D('',#5434,#3741,#3742);
#3007=AXIS2_PLACEMENT_3D('',#5435,#3743,#3744);
#3008=AXIS2_PLACEMENT_3D('',#5438,#3747,#3748);
#3009=AXIS2_PLACEMENT_3D('',#5441,#3749,#3750);
#3010=AXIS2_PLACEMENT_3D('',#5444,#3753,#3754);
#3011=AXIS2_PLACEMENT_3D('',#5445,#3755,#3756);
#3012=AXIS2_PLACEMENT_3D('',#5446,#3757,#3758);
#3013=AXIS2_PLACEMENT_3D('',#5447,#3759,#3760);
#3014=AXIS2_PLACEMENT_3D('',#5450,#3761,#3762);
#3015=AXIS2_PLACEMENT_3D('',#5453,#3765,#3766);
#3016=AXIS2_PLACEMENT_3D('',#5456,#3767,#3768);
#3017=AXIS2_PLACEMENT_3D('',#5457,#3769,#3770);
#3018=AXIS2_PLACEMENT_3D('',#5458,#3771,#3772);
#3019=AXIS2_PLACEMENT_3D('',#5551,#3773,#3774);
#3020=AXIS2_PLACEMENT_3D('',#5567,#3775,#3776);
#3021=AXIS2_PLACEMENT_3D('',#5570,#3777,#3778);
#3022=AXIS2_PLACEMENT_3D('',#5571,#3779,#3780);
#3023=AXIS2_PLACEMENT_3D('',#5572,#3781,#3782);
#3024=AXIS2_PLACEMENT_3D('',#5573,#3783,#3784);
#3025=AXIS2_PLACEMENT_3D('',#5576,#3787,#3788);
#3026=AXIS2_PLACEMENT_3D('',#5579,#3789,#3790);
#3027=AXIS2_PLACEMENT_3D('',#5582,#3793,#3794);
#3028=AXIS2_PLACEMENT_3D('',#5583,#3795,#3796);
#3029=AXIS2_PLACEMENT_3D('',#5584,#3797,#3798);
#3030=AXIS2_PLACEMENT_3D('',#5585,#3799,#3800);
#3031=AXIS2_PLACEMENT_3D('',#5588,#3801,#3802);
#3032=AXIS2_PLACEMENT_3D('',#5591,#3805,#3806);
#3033=AXIS2_PLACEMENT_3D('',#5594,#3807,#3808);
#3034=AXIS2_PLACEMENT_3D('',#5595,#3809,#3810);
#3035=AXIS2_PLACEMENT_3D('',#5596,#3811,#3812);
#3036=AXIS2_PLACEMENT_3D('',#5632,#3813,#3814);
#3037=AXIS2_PLACEMENT_3D('',#5635,#3815,#3816);
#3038=AXIS2_PLACEMENT_3D('',#5638,#3819,#3820);
#3039=AXIS2_PLACEMENT_3D('',#5642,#3823,#3824);
#3040=AXIS2_PLACEMENT_3D('',#5645,#3826,#3827);
#3041=AXIS2_PLACEMENT_3D('',#5646,#3828,#3829);
#3042=AXIS2_PLACEMENT_3D('',#5648,#3831,#3832);
#3043=AXIS2_PLACEMENT_3D('',#5652,#3835,#3836);
#3044=AXIS2_PLACEMENT_3D('',#5655,#3838,#3839);
#3045=AXIS2_PLACEMENT_3D('',#5656,#3840,#3841);
#3046=AXIS2_PLACEMENT_3D('',#5658,#3843,#3844);
#3047=AXIS2_PLACEMENT_3D('',#5662,#3847,#3848);
#3048=AXIS2_PLACEMENT_3D('',#5665,#3850,#3851);
#3049=AXIS2_PLACEMENT_3D('',#5666,#3852,#3853);
#3050=AXIS2_PLACEMENT_3D('',#5668,#3855,#3856);
#3051=AXIS2_PLACEMENT_3D('',#5671,#3857,#3858);
#3052=AXIS2_PLACEMENT_3D('',#5672,#3859,#3860);
#3053=AXIS2_PLACEMENT_3D('',#5673,#3861,#3862);
#3054=AXIS2_PLACEMENT_3D('',#5674,#3863,#3864);
#3055=AXIS2_PLACEMENT_3D('',#5675,#3865,#3866);
#3056=AXIS2_PLACEMENT_3D('',#5676,#3867,#3868);
#3057=AXIS2_PLACEMENT_3D('',#5677,#3869,#3870);
#3058=AXIS2_PLACEMENT_3D('',#5678,#3871,#3872);
#3059=AXIS2_PLACEMENT_3D('',#5679,#3873,#3874);
#3060=AXIS2_PLACEMENT_3D('',#5680,#3875,#3876);
#3061=AXIS2_PLACEMENT_3D('',#5681,#3877,#3878);
#3062=AXIS2_PLACEMENT_3D('',#5683,#3879,#3880);
#3063=AXIS2_PLACEMENT_3D('',#5686,#3882,#3883);
#3064=AXIS2_PLACEMENT_3D('',#5709,#3885,#3886);
#3065=AXIS2_PLACEMENT_3D('',#5711,#3887,#3888);
#3066=AXIS2_PLACEMENT_3D('',#5712,#3889,#3890);
#3067=AXIS2_PLACEMENT_3D('',#5853,#3891,#3892);
#3068=AXIS2_PLACEMENT_3D('',#5856,#3893,#3894);
#3069=AXIS2_PLACEMENT_3D('',#5859,#3896,#3897);
#3070=AXIS2_PLACEMENT_3D('',#5861,#3899,#3900);
#3071=AXIS2_PLACEMENT_3D('',#5862,#3901,#3902);
#3072=AXIS2_PLACEMENT_3D('',#5863,#3903,#3904);
#3073=AXIS2_PLACEMENT_3D('',#5868,#3907,#3908);
#3074=AXIS2_PLACEMENT_3D('',#5870,#3909,#3910);
#3075=AXIS2_PLACEMENT_3D('',#5872,#3911,#3912);
#3076=AXIS2_PLACEMENT_3D('',#5873,#3913,#3914);
#3077=AXIS2_PLACEMENT_3D('',#5877,#3917,#3918);
#3078=AXIS2_PLACEMENT_3D('',#5878,#3919,#3920);
#3079=AXIS2_PLACEMENT_3D('',#5880,#3922,#3923);
#3080=AXIS2_PLACEMENT_3D('',#5883,#3925,#3926);
#3081=AXIS2_PLACEMENT_3D('',#5884,#3927,#3928);
#3082=AXIS2_PLACEMENT_3D('',#5885,#3929,#3930);
#3083=AXIS2_PLACEMENT_3D('',#5889,#3932,#3933);
#3084=AXIS2_PLACEMENT_3D('',#5890,#3934,#3935);
#3085=AXIS2_PLACEMENT_3D('',#5893,#3937,#3938);
#3086=AXIS2_PLACEMENT_3D('',#5894,#3939,#3940);
#3087=AXIS2_PLACEMENT_3D('',#5895,#3941,#3942);
#3088=AXIS2_PLACEMENT_3D('',#5902,#3943,#3944);
#3089=AXIS2_PLACEMENT_3D('',#5903,#3945,#3946);
#3090=AXIS2_PLACEMENT_3D('',#5904,#3947,#3948);
#3091=AXIS2_PLACEMENT_3D('',#5906,#3950,#3951);
#3092=AXIS2_PLACEMENT_3D('',#5907,#3952,#3953);
#3093=AXIS2_PLACEMENT_3D('',#5909,#3954,#3955);
#3094=AXIS2_PLACEMENT_3D('',#5910,#3956,#3957);
#3095=AXIS2_PLACEMENT_3D('',#5911,#3958,#3959);
#3096=AXIS2_PLACEMENT_3D('',#5913,#3960,#3961);
#3097=AXIS2_PLACEMENT_3D('',#5916,#3963,#3964);
#3098=AXIS2_PLACEMENT_3D('',#5917,#3965,#3966);
#3099=AXIS2_PLACEMENT_3D('',#5919,#3967,#3968);
#3100=AXIS2_PLACEMENT_3D('',#5921,#3970,#3971);
#3101=AXIS2_PLACEMENT_3D('',#5923,#3972,#3973);
#3102=AXIS2_PLACEMENT_3D('',#5926,#3975,#3976);
#3103=AXIS2_PLACEMENT_3D('',#5928,#3977,#3978);
#3104=AXIS2_PLACEMENT_3D('',#5930,#3980,#3981);
#3105=AXIS2_PLACEMENT_3D('',#5931,#3982,#3983);
#3106=AXIS2_PLACEMENT_3D('',#5933,#3984,#3985);
#3107=AXIS2_PLACEMENT_3D('',#5934,#3986,#3987);
#3108=AXIS2_PLACEMENT_3D('',#5936,#3988,#3989);
#3109=AXIS2_PLACEMENT_3D('',#5938,#3991,#3992);
#3110=AXIS2_PLACEMENT_3D('',#5940,#3993,#3994);
#3111=AXIS2_PLACEMENT_3D('',#5942,#3996,#3997);
#3112=AXIS2_PLACEMENT_3D('',#5943,#3998,#3999);
#3113=AXIS2_PLACEMENT_3D('',#5945,#4000,#4001);
#3114=AXIS2_PLACEMENT_3D('',#5947,#4002,#4003);
#3115=AXIS2_PLACEMENT_3D('',#5949,#4004,#4005);
#3116=AXIS2_PLACEMENT_3D('',#5951,#4006,#4007);
#3117=AXIS2_PLACEMENT_3D('',#5953,#4008,#4009);
#3118=AXIS2_PLACEMENT_3D('',#5955,#4010,#4011);
#3119=AXIS2_PLACEMENT_3D('',#5956,#4012,#4013);
#3120=AXIS2_PLACEMENT_3D('',#5957,#4014,#4015);
#3121=AXIS2_PLACEMENT_3D('',#5959,#4016,#4017);
#3122=AXIS2_PLACEMENT_3D('',#5960,#4018,#4019);
#3123=AXIS2_PLACEMENT_3D('',#5961,#4020,#4021);
#3124=AXIS2_PLACEMENT_3D('',#5963,#4022,#4023);
#3125=AXIS2_PLACEMENT_3D('',#5964,#4024,#4025);
#3126=AXIS2_PLACEMENT_3D('',#5966,#4026,#4027);
#3127=AXIS2_PLACEMENT_3D('',#5968,#4029,#4030);
#3128=AXIS2_PLACEMENT_3D('',#5970,#4031,#4032);
#3129=AXIS2_PLACEMENT_3D('',#5971,#4033,#4034);
#3130=AXIS2_PLACEMENT_3D('',#5973,#4036,#4037);
#3131=AXIS2_PLACEMENT_3D('',#5974,#4038,#4039);
#3132=AXIS2_PLACEMENT_3D('',#5976,#4040,#4041);
#3133=AXIS2_PLACEMENT_3D('',#5978,#4043,#4044);
#3134=AXIS2_PLACEMENT_3D('',#5980,#4046,#4047);
#3135=AXIS2_PLACEMENT_3D('',#5981,#4048,#4049);
#3136=AXIS2_PLACEMENT_3D('',#5983,#4050,#4051);
#3137=AXIS2_PLACEMENT_3D('',#5984,#4052,#4053);
#3138=AXIS2_PLACEMENT_3D('',#5985,#4054,#4055);
#3139=AXIS2_PLACEMENT_3D('',#5987,#4056,#4057);
#3140=AXIS2_PLACEMENT_3D('',#5988,#4058,#4059);
#3141=AXIS2_PLACEMENT_3D('',#5990,#4061,#4062);
#3142=AXIS2_PLACEMENT_3D('',#5991,#4063,#4064);
#3143=AXIS2_PLACEMENT_3D('',#5993,#4066,#4067);
#3144=AXIS2_PLACEMENT_3D('',#5995,#4069,#4070);
#3145=AXIS2_PLACEMENT_3D('',#5997,#4072,#4073);
#3146=AXIS2_PLACEMENT_3D('',#5999,#4075,#4076);
#3147=DIRECTION('axis',(0.,0.,1.));
#3148=DIRECTION('refdir',(1.,0.,0.));
#3149=DIRECTION('center_axis',(0.879328831422036,-0.34193769717459,-0.331450475155634));
#3150=DIRECTION('ref_axis',(0.476215084000872,0.631386291147224,0.612021686806436));
#3151=DIRECTION('center_axis',(0.,-1.,0.));
#3152=DIRECTION('ref_axis',(-0.245762711864407,0.,0.969330020920147));
#3153=DIRECTION('center_axis',(0.,0.,-1.));
#3154=DIRECTION('ref_axis',(1.,0.,0.));
#3155=DIRECTION('center_axis',(-0.969330020920147,0.,-0.245762711864406));
#3156=DIRECTION('ref_axis',(0.,1.,0.));
#3157=DIRECTION('center_axis',(0.,0.,1.));
#3158=DIRECTION('ref_axis',(-1.,0.,0.));
#3159=DIRECTION('center_axis',(0.859200311122451,9.53903968173244E-16,0.511639350878216));
#3160=DIRECTION('ref_axis',(-0.511639350878216,0.,0.859200311122451));
#3161=DIRECTION('center_axis',(0.707106781186548,0.,-0.707106781186548));
#3162=DIRECTION('ref_axis',(0.,1.,0.));
#3163=DIRECTION('center_axis',(0.,-1.,0.));
#3164=DIRECTION('ref_axis',(-0.707106781186548,0.,-0.707106781186547));
#3165=DIRECTION('center_axis',(0.,-1.,0.));
#3166=DIRECTION('ref_axis',(-0.992302882420521,0.,0.12383452483022));
#3167=DIRECTION('center_axis',(0.,1.,0.));
#3168=DIRECTION('ref_axis',(-0.992302882420521,0.,0.12383452483022));
#3169=DIRECTION('',(0.,-1.,0.));
#3170=DIRECTION('',(0.,1.,0.));
#3171=DIRECTION('center_axis',(-0.0781874213485363,-0.775468472183978,0.626526436626191));
#3172=DIRECTION('ref_axis',(-0.0960297697737253,0.631386291147223,0.769499600174398));
#3173=DIRECTION('center_axis',(0.,-1.,0.));
#3174=DIRECTION('ref_axis',(-0.859200311122451,0.,0.511639350878216));
#3175=DIRECTION('center_axis',(0.707106781186548,0.,-0.707106781186547));
#3176=DIRECTION('ref_axis',(0.707106781186547,0.,0.707106781186548));
#3177=DIRECTION('center_axis',(-0.511639350878216,0.,-0.859200311122452));
#3178=DIRECTION('ref_axis',(0.,1.,0.));
#3179=DIRECTION('center_axis',(0.790840979513966,0.488621749434216,-0.368536743217332));
#3180=DIRECTION('ref_axis',(-0.612021686806433,0.631386291147226,-0.476215084000874));
#3181=DIRECTION('center_axis',(0.245762711864407,0.,0.969330020920147));
#3182=DIRECTION('ref_axis',(-0.969330020920147,0.,0.245762711864407));
#3183=DIRECTION('center_axis',(1.,0.,-2.22044604925031E-15));
#3184=DIRECTION('ref_axis',(0.,1.,0.));
#3185=DIRECTION('center_axis',(0.,-1.,0.));
#3186=DIRECTION('ref_axis',(0.,0.,-1.));
#3187=DIRECTION('center_axis',(0.,-1.,0.));
#3188=DIRECTION('ref_axis',(-0.789228329402971,0.,-0.614099864898044));
#3189=DIRECTION('center_axis',(0.,1.,0.));
#3190=DIRECTION('ref_axis',(-0.789228329402971,0.,-0.614099864898044));
#3191=DIRECTION('',(0.,-1.,0.));
#3192=DIRECTION('',(0.,1.,0.));
#3193=DIRECTION('center_axis',(0.790840979513965,0.488621749434216,0.368536743217333));
#3194=DIRECTION('ref_axis',(-0.612021686806434,0.631386291147225,0.476215084000874));
#3195=DIRECTION('center_axis',(0.,-1.,0.));
#3196=DIRECTION('ref_axis',(-0.969330020920147,0.,-0.245762711864407));
#3197=DIRECTION('center_axis',(1.,0.,0.));
#3198=DIRECTION('ref_axis',(0.,0.,1.));
#3199=DIRECTION('center_axis',(0.245762711864407,0.,-0.969330020920147));
#3200=DIRECTION('ref_axis',(0.,1.,0.));
#3201=DIRECTION('center_axis',(-0.0781874213485327,-0.775468472183977,-0.626526436626193));
#3202=DIRECTION('ref_axis',(-0.0960297697737217,0.631386291147225,-0.769499600174398));
#3203=DIRECTION('center_axis',(-0.511639350878216,9.53903968173244E-16,
0.859200311122451));
#3204=DIRECTION('ref_axis',(-0.859200311122451,0.,-0.511639350878216));
#3205=DIRECTION('center_axis',(0.707106781186544,0.,0.707106781186551));
#3206=DIRECTION('ref_axis',(0.,1.,0.));
#3207=DIRECTION('center_axis',(0.,-1.,0.));
#3208=DIRECTION('ref_axis',(0.707106781186548,0.,-0.707106781186547));
#3209=DIRECTION('center_axis',(0.,-1.,0.));
#3210=DIRECTION('ref_axis',(-0.123834524830224,0.,-0.99230288242052));
#3211=DIRECTION('center_axis',(0.,1.,0.));
#3212=DIRECTION('ref_axis',(-0.123834524830224,0.,-0.99230288242052));
#3213=DIRECTION('',(0.,-1.,0.));
#3214=DIRECTION('',(0.,1.,0.));
#3215=DIRECTION('center_axis',(0.,0.,1.));
#3216=DIRECTION('ref_axis',(-1.,0.,0.));
#3217=DIRECTION('center_axis',(0.,-1.,0.));
#3218=DIRECTION('ref_axis',(-0.511639350878216,0.,-0.859200311122451));
#3219=DIRECTION('center_axis',(0.707106781186547,0.,0.707106781186548));
#3220=DIRECTION('ref_axis',(-0.707106781186548,0.,0.707106781186547));
#3221=DIRECTION('center_axis',(0.859200311122451,0.,-0.511639350878216));
#3222=DIRECTION('ref_axis',(0.,1.,0.));
#3223=DIRECTION('center_axis',(0.879328831422034,-0.341937697174593,0.331450475155634));
#3224=DIRECTION('ref_axis',(0.476215084000874,0.631386291147226,-0.612021686806433));
#3225=DIRECTION('center_axis',(0.,-1.,0.));
#3226=DIRECTION('ref_axis',(1.,0.,0.));
#3227=DIRECTION('center_axis',(-0.969330020920147,-1.6142587615289E-15,
0.245762711864407));
#3228=DIRECTION('ref_axis',(-0.245762711864407,0.,-0.969330020920147));
#3229=DIRECTION('center_axis',(0.,0.,1.));
#3230=DIRECTION('ref_axis',(0.,1.,0.));
#3231=DIRECTION('center_axis',(0.,0.,-1.));
#3232=DIRECTION('ref_axis',(0.707106781186548,0.707106781186547,0.));
#3233=DIRECTION('center_axis',(0.,0.,1.));
#3234=DIRECTION('ref_axis',(1.,0.,0.));
#3235=DIRECTION('',(0.,0.,1.));
#3236=DIRECTION('',(0.,0.,-1.));
#3237=DIRECTION('center_axis',(0.,-1.,0.));
#3238=DIRECTION('ref_axis',(0.,0.,-1.));
#3239=DIRECTION('center_axis',(0.765689655172414,-3.65605675052219E-16,
0.64321019267573));
#3240=DIRECTION('ref_axis',(0.64321019267573,0.,-0.765689655172414));
#3241=DIRECTION('center_axis',(0.,1.,0.));
#3242=DIRECTION('ref_axis',(-0.797667109043642,0.,0.603097988016838));
#3243=DIRECTION('center_axis',(0.,-1.,0.));
#3244=DIRECTION('ref_axis',(-0.797667109043642,0.,0.603097988016838));
#3245=DIRECTION('center_axis',(0.,1.,0.));
#3246=DIRECTION('ref_axis',(0.,0.,1.));
#3247=DIRECTION('center_axis',(0.,-1.,0.));
#3248=DIRECTION('ref_axis',(-0.38268343236509,0.,-0.923879532511287));
#3249=DIRECTION('center_axis',(0.,1.,0.));
#3250=DIRECTION('ref_axis',(-0.38268343236509,0.,-0.923879532511287));
#3251=DIRECTION('center_axis',(0.,-1.,0.));
#3252=DIRECTION('ref_axis',(0.614099864898043,0.,-0.789228329402971));
#3253=DIRECTION('center_axis',(0.,1.,0.));
#3254=DIRECTION('ref_axis',(0.614099864898043,0.,-0.789228329402971));
#3255=DIRECTION('',(0.,-1.,0.));
#3256=DIRECTION('',(0.,1.,0.));
#3257=DIRECTION('center_axis',(-0.707106781186548,0.,-0.707106781186547));
#3258=DIRECTION('ref_axis',(0.499999999999999,0.707106781186547,-0.500000000000001));
#3259=DIRECTION('center_axis',(0.707106781186548,0.,0.707106781186548));
#3260=DIRECTION('ref_axis',(0.707106781186548,0.,-0.707106781186548));
#3261=DIRECTION('',(0.707106781186548,0.,0.707106781186547));
#3262=DIRECTION('',(-0.707106781186548,0.,-0.707106781186547));
#3263=DIRECTION('center_axis',(0.,-1.,0.));
#3264=DIRECTION('ref_axis',(0.342279377722049,0.,0.939598226683196));
#3265=DIRECTION('center_axis',(0.996242636426118,-1.92304080409688E-16,
-0.0866060584874895));
#3266=DIRECTION('ref_axis',(-0.0866060584874895,0.,-0.996242636426118));
#3267=DIRECTION('center_axis',(0.,1.,0.));
#3268=DIRECTION('ref_axis',(-0.137581144887557,0.,0.990490498980898));
#3269=DIRECTION('center_axis',(0.,-1.,0.));
#3270=DIRECTION('ref_axis',(-0.137581144887557,0.,0.990490498980898));
#3271=DIRECTION('center_axis',(0.0866060584874917,-3.12585045881094E-15,
-0.996242636426117));
#3272=DIRECTION('ref_axis',(-0.996242636426117,0.,-0.0866060584874917));
#3273=DIRECTION('center_axis',(0.,-1.,0.));
#3274=DIRECTION('ref_axis',(0.,0.,-1.));
#3275=DIRECTION('center_axis',(-0.707106781186548,0.,-0.707106781186547));
#3276=DIRECTION('ref_axis',(-0.707106781186547,0.,0.707106781186548));
#3277=DIRECTION('center_axis',(0.,1.,0.));
#3278=DIRECTION('ref_axis',(0.990490498980898,0.,-0.137581144887557));
#3279=DIRECTION('center_axis',(0.,-1.,0.));
#3280=DIRECTION('ref_axis',(0.990490498980898,0.,-0.137581144887557));
#3281=DIRECTION('center_axis',(0.707106781186548,0.,0.707106781186548));
#3282=DIRECTION('ref_axis',(-0.500000000000001,0.707106781186547,0.499999999999999));
#3283=DIRECTION('',(-0.707106781186548,0.,-0.707106781186548));
#3284=DIRECTION('',(0.707106781186548,0.,0.707106781186548));
#3285=DIRECTION('center_axis',(0.,1.,0.));
#3286=DIRECTION('ref_axis',(-0.992302882420521,0.,-0.12383452483022));
#3287=DIRECTION('center_axis',(0.,1.,0.));
#3288=DIRECTION('ref_axis',(-0.992302882420521,0.,-0.12383452483022));
#3289=DIRECTION('',(0.,-1.,0.));
#3290=DIRECTION('',(0.,1.,0.));
#3291=DIRECTION('center_axis',(0.,1.,0.));
#3292=DIRECTION('ref_axis',(0.,0.,1.));
#3293=DIRECTION('center_axis',(0.,-1.,0.));
#3294=DIRECTION('ref_axis',(-0.923879532511287,0.,-0.38268343236509));
#3295=DIRECTION('center_axis',(0.,1.,0.));
#3296=DIRECTION('ref_axis',(-0.923879532511287,0.,-0.38268343236509));
#3297=DIRECTION('center_axis',(-1.,0.,-1.8322269016932E-16));
#3298=DIRECTION('ref_axis',(0.,0.707106781186547,-0.707106781186548));
#3299=DIRECTION('center_axis',(1.,0.,0.));
#3300=DIRECTION('ref_axis',(0.,0.,-1.));
#3301=DIRECTION('',(1.,0.,1.8322269016932E-16));
#3302=DIRECTION('',(-1.,0.,-1.8322269016932E-16));
#3303=DIRECTION('center_axis',(0.,-1.,0.));
#3304=DIRECTION('ref_axis',(0.,0.,-1.));
#3305=DIRECTION('center_axis',(0.64321019267573,-7.14106765582179E-16,-0.765689655172414));
#3306=DIRECTION('ref_axis',(-0.765689655172414,0.,-0.64321019267573));
#3307=DIRECTION('center_axis',(0.,1.,0.));
#3308=DIRECTION('ref_axis',(0.603097988016839,0.,0.797667109043641));
#3309=DIRECTION('center_axis',(0.,-1.,0.));
#3310=DIRECTION('ref_axis',(0.603097988016839,0.,0.797667109043641));
#3311=DIRECTION('center_axis',(-0.643210192675728,-1.85325667360921E-15,
-0.765689655172415));
#3312=DIRECTION('ref_axis',(-0.765689655172415,0.,0.643210192675728));
#3313=DIRECTION('center_axis',(0.,-1.,0.));
#3314=DIRECTION('ref_axis',(0.,0.,-1.));
#3315=DIRECTION('center_axis',(-1.,0.,0.));
#3316=DIRECTION('ref_axis',(0.,0.,1.));
#3317=DIRECTION('center_axis',(0.,1.,0.));
#3318=DIRECTION('ref_axis',(0.603097988016839,0.,-0.797667109043641));
#3319=DIRECTION('center_axis',(0.,-1.,0.));
#3320=DIRECTION('ref_axis',(0.603097988016839,0.,-0.797667109043641));
#3321=DIRECTION('center_axis',(1.,0.,1.8322269016932E-16));
#3322=DIRECTION('ref_axis',(0.,0.707106781186548,0.707106781186548));
#3323=DIRECTION('',(-1.,0.,-1.8322269016932E-16));
#3324=DIRECTION('',(1.,0.,1.8322269016932E-16));
#3325=DIRECTION('center_axis',(0.,1.,0.));
#3326=DIRECTION('ref_axis',(-0.789228329402973,0.,0.614099864898041));
#3327=DIRECTION('center_axis',(0.,1.,0.));
#3328=DIRECTION('ref_axis',(-0.789228329402973,0.,0.614099864898041));
#3329=DIRECTION('',(0.,-1.,0.));
#3330=DIRECTION('',(0.,1.,0.));
#3331=DIRECTION('center_axis',(0.,1.,0.));
#3332=DIRECTION('ref_axis',(0.,0.,1.));
#3333=DIRECTION('center_axis',(0.,-1.,0.));
#3334=DIRECTION('ref_axis',(-0.923879532511287,0.,0.38268343236509));
#3335=DIRECTION('center_axis',(0.,1.,0.));
#3336=DIRECTION('ref_axis',(-0.923879532511287,0.,0.38268343236509));
#3337=DIRECTION('center_axis',(-0.707106781186548,0.,0.707106781186548));
#3338=DIRECTION('ref_axis',(-0.5,0.707106781186547,-0.500000000000001));
#3339=DIRECTION('center_axis',(0.707106781186548,0.,-0.707106781186547));
#3340=DIRECTION('ref_axis',(-0.707106781186547,0.,-0.707106781186548));
#3341=DIRECTION('',(0.707106781186548,0.,-0.707106781186548));
#3342=DIRECTION('',(-0.707106781186548,0.,0.707106781186548));
#3343=DIRECTION('center_axis',(0.,-1.,0.));
#3344=DIRECTION('ref_axis',(0.,0.,-1.));
#3345=DIRECTION('center_axis',(-0.0866060584874873,-1.0098994728687E-15,
-0.996242636426118));
#3346=DIRECTION('ref_axis',(-0.996242636426118,0.,0.0866060584874873));
#3347=DIRECTION('center_axis',(0.,1.,0.));
#3348=DIRECTION('ref_axis',(0.990490498980898,0.,0.137581144887559));
#3349=DIRECTION('center_axis',(0.,-1.,0.));
#3350=DIRECTION('ref_axis',(0.990490498980898,0.,0.137581144887559));
#3351=DIRECTION('center_axis',(-0.996242636426118,0.,-0.0866060584874885));
#3352=DIRECTION('ref_axis',(-0.0866060584874885,0.,0.996242636426118));
#3353=DIRECTION('center_axis',(0.,-1.,0.));
#3354=DIRECTION('ref_axis',(0.,0.,-1.));
#3355=DIRECTION('center_axis',(-0.707106781186547,0.,0.707106781186548));
#3356=DIRECTION('ref_axis',(0.707106781186548,0.,0.707106781186547));
#3357=DIRECTION('center_axis',(0.,1.,0.));
#3358=DIRECTION('ref_axis',(-0.137581144887559,0.,-0.990490498980898));
#3359=DIRECTION('center_axis',(0.,-1.,0.));
#3360=DIRECTION('ref_axis',(-0.137581144887559,0.,-0.990490498980898));
#3361=DIRECTION('center_axis',(0.707106781186548,0.,-0.707106781186547));
#3362=DIRECTION('ref_axis',(0.5,0.707106781186548,0.5));
#3363=DIRECTION('',(-0.707106781186548,0.,0.707106781186547));
#3364=DIRECTION('',(0.707106781186548,0.,-0.707106781186547));
#3365=DIRECTION('center_axis',(0.,1.,0.));
#3366=DIRECTION('ref_axis',(-0.123834524830224,0.,0.99230288242052));
#3367=DIRECTION('center_axis',(0.,1.,0.));
#3368=DIRECTION('ref_axis',(-0.123834524830224,0.,0.99230288242052));
#3369=DIRECTION('',(0.,-1.,0.));
#3370=DIRECTION('',(0.,1.,0.));
#3371=DIRECTION('center_axis',(0.,1.,0.));
#3372=DIRECTION('ref_axis',(0.,0.,1.));
#3373=DIRECTION('center_axis',(0.,-1.,0.));
#3374=DIRECTION('ref_axis',(-0.38268343236509,0.,0.923879532511287));
#3375=DIRECTION('center_axis',(0.,1.,0.));
#3376=DIRECTION('ref_axis',(-0.38268343236509,0.,0.923879532511287));
#3377=DIRECTION('center_axis',(0.,0.,-1.));
#3378=DIRECTION('ref_axis',(0.707106781186548,0.707106781186547,0.));
#3379=DIRECTION('center_axis',(0.,0.,-1.));
#3380=DIRECTION('ref_axis',(0.,1.,0.));
#3381=DIRECTION('',(0.,0.,-1.));
#3382=DIRECTION('',(0.,0.,1.));
#3383=DIRECTION('center_axis',(0.,-1.,0.));
#3384=DIRECTION('ref_axis',(0.,0.,-1.));
#3385=DIRECTION('center_axis',(0.765689655172414,-3.6560567505222E-16,-0.64321019267573));
#3386=DIRECTION('ref_axis',(-1.38777878078145E-15,1.,-2.22044604925031E-15));
#3387=DIRECTION('center_axis',(0.,-1.,0.));
#3388=DIRECTION('ref_axis',(-0.797667109043642,0.,-0.603097988016838));
#3389=DIRECTION('center_axis',(0.,1.,0.));
#3390=DIRECTION('ref_axis',(-0.797667109043642,0.,-0.603097988016838));
#3391=DIRECTION('center_axis',(0.,1.,0.));
#3392=DIRECTION('ref_axis',(0.614099864898044,0.,0.789228329402971));
#3393=DIRECTION('center_axis',(0.,1.,0.));
#3394=DIRECTION('ref_axis',(0.614099864898044,0.,0.789228329402971));
#3395=DIRECTION('',(0.,-1.,0.));
#3396=DIRECTION('',(0.,1.,0.));
#3397=DIRECTION('center_axis',(-0.707106781186548,0.,0.707106781186548));
#3398=DIRECTION('ref_axis',(0.707106781186548,0.,0.707106781186548));
#3399=DIRECTION('',(-0.707106781186548,0.,-0.707106781186548));
#3400=DIRECTION('',(0.,1.,0.));
#3401=DIRECTION('center_axis',(0.,-1.,0.));
#3402=DIRECTION('ref_axis',(0.707106781186548,0.,-0.707106781186548));
#3403=DIRECTION('center_axis',(0.,-1.,0.));
#3404=DIRECTION('ref_axis',(0.707106781186548,0.,-0.707106781186548));
#3405=DIRECTION('',(0.,1.,0.));
#3406=DIRECTION('center_axis',(0.707106781186547,0.,-0.707106781186548));
#3407=DIRECTION('ref_axis',(-0.707106781186548,0.,-0.707106781186547));
#3408=DIRECTION('',(-0.707106781186548,0.,-0.707106781186547));
#3409=DIRECTION('center_axis',(-1.8322269016932E-16,0.,1.));
#3410=DIRECTION('ref_axis',(1.,0.,1.8322269016932E-16));
#3411=DIRECTION('',(-1.,0.,-1.8322269016932E-16));
#3412=DIRECTION('',(0.,1.,0.));
#3413=DIRECTION('center_axis',(0.,-1.,0.));
#3414=DIRECTION('ref_axis',(0.,0.,-1.));
#3415=DIRECTION('center_axis',(0.,-1.,0.));
#3416=DIRECTION('ref_axis',(0.,0.,-1.));
#3417=DIRECTION('',(0.,1.,0.));
#3418=DIRECTION('center_axis',(1.8322269016932E-16,0.,-1.));
#3419=DIRECTION('ref_axis',(-1.,0.,-1.8322269016932E-16));
#3420=DIRECTION('',(-1.,0.,-1.8322269016932E-16));
#3421=DIRECTION('center_axis',(0.707106781186547,0.,0.707106781186548));
#3422=DIRECTION('ref_axis',(0.707106781186548,0.,-0.707106781186547));
#3423=DIRECTION('',(-0.707106781186548,0.,0.707106781186547));
#3424=DIRECTION('',(0.,1.,0.));
#3425=DIRECTION('center_axis',(0.,-1.,0.));
#3426=DIRECTION('ref_axis',(-0.707106781186548,0.,-0.707106781186547));
#3427=DIRECTION('center_axis',(0.,-1.,0.));
#3428=DIRECTION('ref_axis',(-0.707106781186548,0.,-0.707106781186547));
#3429=DIRECTION('',(0.,1.,0.));
#3430=DIRECTION('center_axis',(-0.707106781186548,0.,-0.707106781186548));
#3431=DIRECTION('ref_axis',(-0.707106781186548,0.,0.707106781186548));
#3432=DIRECTION('',(-0.707106781186548,0.,0.707106781186548));
#3433=DIRECTION('center_axis',(0.,-1.,0.));
#3434=DIRECTION('ref_axis',(-1.,0.,0.));
#3435=DIRECTION('center_axis',(0.,-1.,0.));
#3436=DIRECTION('ref_axis',(-1.,0.,0.));
#3437=DIRECTION('center_axis',(0.,-1.,0.));
#3438=DIRECTION('ref_axis',(-1.,0.,0.));
#3439=DIRECTION('center_axis',(0.,-1.,0.));
#3440=DIRECTION('ref_axis',(-1.,0.,0.));
#3441=DIRECTION('center_axis',(0.,-1.,0.));
#3442=DIRECTION('ref_axis',(-1.,0.,0.));
#3443=DIRECTION('center_axis',(0.,-1.,0.));
#3444=DIRECTION('ref_axis',(-1.,0.,0.));
#3445=DIRECTION('center_axis',(0.88568548340266,9.52259275183584E-18,0.464285714285715));
#3446=DIRECTION('ref_axis',(0.464285714285715,0.,-0.88568548340266));
#3447=DIRECTION('center_axis',(0.,0.,1.));
#3448=DIRECTION('ref_axis',(-0.707106781186547,0.707106781186547,0.));
#3449=DIRECTION('center_axis',(0.,0.,1.));
#3450=DIRECTION('ref_axis',(-0.707106781186547,0.707106781186547,0.));
#3451=DIRECTION('',(0.,0.,1.));
#3452=DIRECTION('center_axis',(0.,0.,-1.));
#3453=DIRECTION('ref_axis',(-1.,0.,0.));
#3454=DIRECTION('',(0.,0.,-1.));
#3455=DIRECTION('center_axis',(1.,0.,0.));
#3456=DIRECTION('ref_axis',(0.,0.,-1.));
#3457=DIRECTION('',(0.,1.,0.));
#3458=DIRECTION('',(0.,0.,1.));
#3459=DIRECTION('',(0.,1.,0.));
#3460=DIRECTION('center_axis',(-1.,0.,0.));
#3461=DIRECTION('ref_axis',(0.,1.,0.));
#3462=DIRECTION('center_axis',(-1.,0.,0.));
#3463=DIRECTION('ref_axis',(0.,1.,0.));
#3464=DIRECTION('center_axis',(-1.,0.,0.));
#3465=DIRECTION('ref_axis',(0.,1.,0.));
#3466=DIRECTION('center_axis',(0.,0.,-1.));
#3467=DIRECTION('ref_axis',(-0.707106781186547,-0.707106781186547,0.));
#3468=DIRECTION('',(0.,0.,-1.));
#3469=DIRECTION('center_axis',(0.,0.,1.));
#3470=DIRECTION('ref_axis',(-0.707106781186547,-0.707106781186547,0.));
#3471=DIRECTION('center_axis',(-1.,0.,0.));
#3472=DIRECTION('ref_axis',(0.,1.,0.));
#3473=DIRECTION('',(1.,0.,0.));
#3474=DIRECTION('center_axis',(-1.,0.,0.));
#3475=DIRECTION('ref_axis',(0.,1.,0.));
#3476=DIRECTION('center_axis',(-1.,0.,0.));
#3477=DIRECTION('ref_axis',(0.,1.,0.));
#3478=DIRECTION('center_axis',(-1.,0.,0.));
#3479=DIRECTION('ref_axis',(0.,1.,0.));
#3480=DIRECTION('',(0.,0.,1.));
#3481=DIRECTION('center_axis',(-1.,0.,0.));
#3482=DIRECTION('ref_axis',(0.,1.,0.));
#3483=DIRECTION('center_axis',(-1.,0.,0.));
#3484=DIRECTION('ref_axis',(0.,1.,0.));
#3485=DIRECTION('',(1.,0.,0.));
#3486=DIRECTION('center_axis',(0.707106781186547,-0.707106781186548,0.));
#3487=DIRECTION('ref_axis',(0.707106781186548,0.707106781186547,0.));
#3488=DIRECTION('center_axis',(0.707106781186547,-0.707106781186548,0.));
#3489=DIRECTION('ref_axis',(0.707106781186548,0.707106781186547,0.));
#3490=DIRECTION('center_axis',(-1.,0.,0.));
#3491=DIRECTION('ref_axis',(0.,1.,0.));
#3492=DIRECTION('center_axis',(-1.,0.,0.));
#3493=DIRECTION('ref_axis',(0.,1.,0.));
#3494=DIRECTION('center_axis',(-1.,0.,0.));
#3495=DIRECTION('ref_axis',(0.,1.,0.));
#3496=DIRECTION('center_axis',(-1.,0.,0.));
#3497=DIRECTION('ref_axis',(0.,1.,0.));
#3498=DIRECTION('',(1.,0.,0.));
#3499=DIRECTION('center_axis',(0.707106781186549,0.707106781186546,0.));
#3500=DIRECTION('ref_axis',(-0.707106781186546,0.707106781186549,0.));
#3501=DIRECTION('center_axis',(0.,-1.,0.));
#3502=DIRECTION('ref_axis',(0.,0.,-1.));
#3503=DIRECTION('center_axis',(0.,-1.,0.));
#3504=DIRECTION('ref_axis',(0.,0.,-1.));
#3505=DIRECTION('center_axis',(0.,-1.,0.));
#3506=DIRECTION('ref_axis',(0.,0.,-1.));
#3507=DIRECTION('center_axis',(0.,1.,0.));
#3508=DIRECTION('ref_axis',(0.,0.,1.));
#3509=DIRECTION('center_axis',(0.,1.,0.));
#3510=DIRECTION('ref_axis',(0.,0.,1.));
#3511=DIRECTION('',(1.04972719113862E-16,-0.515038074910054,0.857167300702112));
#3512=DIRECTION('center_axis',(0.,1.,0.));
#3513=DIRECTION('ref_axis',(0.,0.,1.));
#3514=DIRECTION('center_axis',(0.,1.,0.));
#3515=DIRECTION('ref_axis',(0.,0.,1.));
#3516=DIRECTION('center_axis',(0.,1.,0.));
#3517=DIRECTION('ref_axis',(0.,0.,1.));
#3518=DIRECTION('',(0.,-1.,0.));
#3519=DIRECTION('center_axis',(0.,-1.,0.));
#3520=DIRECTION('ref_axis',(0.,0.,-1.));
#3521=DIRECTION('center_axis',(0.,-1.,0.));
#3522=DIRECTION('ref_axis',(0.,0.,-1.));
#3523=DIRECTION('',(0.,1.,0.));
#3524=DIRECTION('center_axis',(0.,-1.,0.));
#3525=DIRECTION('ref_axis',(-1.,0.,0.));
#3526=DIRECTION('center_axis',(0.,1.,0.));
#3527=DIRECTION('ref_axis',(-1.,0.,0.));
#3528=DIRECTION('center_axis',(0.,-1.,0.));
#3529=DIRECTION('ref_axis',(0.707106781186547,0.,-0.707106781186547));
#3530=DIRECTION('center_axis',(0.,-1.,0.));
#3531=DIRECTION('ref_axis',(-1.,0.,0.));
#3532=DIRECTION('center_axis',(0.,1.,0.));
#3533=DIRECTION('ref_axis',(-1.,0.,0.));
#3534=DIRECTION('center_axis',(0.,1.,0.));
#3535=DIRECTION('ref_axis',(-1.,0.,0.));
#3536=DIRECTION('center_axis',(0.,-1.,0.));
#3537=DIRECTION('ref_axis',(0.,0.,-1.));
#3538=DIRECTION('center_axis',(1.,0.,0.));
#3539=DIRECTION('ref_axis',(0.,0.,-1.));
#3540=DIRECTION('',(0.,1.,0.));
#3541=DIRECTION('',(0.,0.,-1.));
#3542=DIRECTION('center_axis',(1.,0.,0.));
#3543=DIRECTION('ref_axis',(0.,0.,-1.));
#3544=DIRECTION('',(0.,0.,1.));
#3545=DIRECTION('',(0.,1.,0.));
#3546=DIRECTION('center_axis',(0.,-1.,0.));
#3547=DIRECTION('ref_axis',(-1.,0.,0.));
#3548=DIRECTION('center_axis',(0.,1.,0.));
#3549=DIRECTION('ref_axis',(-1.,0.,0.));
#3550=DIRECTION('center_axis',(0.,-1.,0.));
#3551=DIRECTION('ref_axis',(-0.707106781186547,0.,-0.707106781186547));
#3552=DIRECTION('center_axis',(0.,-1.,0.));
#3553=DIRECTION('ref_axis',(-1.,0.,0.));
#3554=DIRECTION('center_axis',(0.,-1.,0.));
#3555=DIRECTION('ref_axis',(-1.,0.,0.));
#3556=DIRECTION('center_axis',(0.,-1.,0.));
#3557=DIRECTION('ref_axis',(-0.707106781186547,0.,-0.707106781186547));
#3558=DIRECTION('',(0.,-1.,0.));
#3559=DIRECTION('center_axis',(0.,1.,0.));
#3560=DIRECTION('ref_axis',(-0.707106781186547,0.,-0.707106781186547));
#3561=DIRECTION('center_axis',(0.,-1.,0.));
#3562=DIRECTION('ref_axis',(0.,0.,-1.));
#3563=DIRECTION('',(0.,-1.,0.));
#3564=DIRECTION('center_axis',(0.,1.,0.));
#3565=DIRECTION('ref_axis',(0.,0.,-1.));
#3566=DIRECTION('center_axis',(0.,-1.,0.));
#3567=DIRECTION('ref_axis',(0.707106781186547,0.,-0.707106781186547));
#3568=DIRECTION('',(0.,-1.,0.));
#3569=DIRECTION('center_axis',(0.,1.,0.));
#3570=DIRECTION('ref_axis',(0.707106781186547,0.,-0.707106781186547));
#3571=DIRECTION('center_axis',(-0.879328831422036,-0.34193769717459,-0.331450475155634));
#3572=DIRECTION('ref_axis',(-0.476215084000872,0.631386291147224,0.612021686806436));
#3573=DIRECTION('center_axis',(0.,1.,0.));
#3574=DIRECTION('ref_axis',(0.245762711864407,0.,0.969330020920147));
#3575=DIRECTION('center_axis',(-0.969330020920147,0.,0.245762711864406));
#3576=DIRECTION('ref_axis',(0.,1.,0.));
#3577=DIRECTION('center_axis',(0.,0.,1.));
#3578=DIRECTION('ref_axis',(-1.,0.,0.));
#3579=DIRECTION('center_axis',(0.,0.,1.));
#3580=DIRECTION('ref_axis',(1.,0.,0.));
#3581=DIRECTION('center_axis',(0.859200311122451,-9.53903968173244E-16,
-0.511639350878216));
#3582=DIRECTION('ref_axis',(0.511639350878216,0.,0.859200311122451));
#3583=DIRECTION('center_axis',(0.,1.,0.));
#3584=DIRECTION('ref_axis',(0.707106781186548,0.,-0.707106781186547));
#3585=DIRECTION('center_axis',(0.707106781186548,0.,0.707106781186548));
#3586=DIRECTION('ref_axis',(0.,1.,0.));
#3587=DIRECTION('center_axis',(0.,1.,0.));
#3588=DIRECTION('ref_axis',(0.992302882420521,0.,0.12383452483022));
#3589=DIRECTION('center_axis',(0.,-1.,0.));
#3590=DIRECTION('ref_axis',(0.992302882420521,0.,0.12383452483022));
#3591=DIRECTION('',(0.,1.,0.));
#3592=DIRECTION('',(0.,-1.,0.));
#3593=DIRECTION('center_axis',(0.0781874213485363,-0.775468472183978,0.626526436626191));
#3594=DIRECTION('ref_axis',(0.0960297697737253,0.631386291147223,0.769499600174398));
#3595=DIRECTION('center_axis',(0.,1.,0.));
#3596=DIRECTION('ref_axis',(0.859200311122451,0.,0.511639350878216));
#3597=DIRECTION('center_axis',(-0.511639350878216,0.,0.859200311122452));
#3598=DIRECTION('ref_axis',(0.,1.,0.));
#3599=DIRECTION('center_axis',(0.707106781186548,0.,0.707106781186547));
#3600=DIRECTION('ref_axis',(-0.707106781186547,0.,0.707106781186548));
#3601=DIRECTION('center_axis',(-0.790840979513966,0.488621749434216,-0.368536743217332));
#3602=DIRECTION('ref_axis',(0.612021686806433,0.631386291147226,-0.476215084000874));
#3603=DIRECTION('center_axis',(0.245762711864407,0.,-0.969330020920147));
#3604=DIRECTION('ref_axis',(0.969330020920147,0.,0.245762711864407));
#3605=DIRECTION('center_axis',(0.,1.,0.));
#3606=DIRECTION('ref_axis',(0.,0.,-1.));
#3607=DIRECTION('center_axis',(1.,0.,2.22044604925031E-15));
#3608=DIRECTION('ref_axis',(0.,1.,0.));
#3609=DIRECTION('center_axis',(0.,1.,0.));
#3610=DIRECTION('ref_axis',(0.789228329402971,0.,-0.614099864898044));
#3611=DIRECTION('center_axis',(0.,-1.,0.));
#3612=DIRECTION('ref_axis',(0.789228329402971,0.,-0.614099864898044));
#3613=DIRECTION('',(0.,1.,0.));
#3614=DIRECTION('',(0.,-1.,0.));
#3615=DIRECTION('center_axis',(-0.790840979513965,0.488621749434216,0.368536743217333));
#3616=DIRECTION('ref_axis',(0.612021686806434,0.631386291147225,0.476215084000874));
#3617=DIRECTION('center_axis',(0.,1.,0.));
#3618=DIRECTION('ref_axis',(0.969330020920147,0.,-0.245762711864407));
#3619=DIRECTION('center_axis',(0.245762711864407,0.,0.969330020920147));
#3620=DIRECTION('ref_axis',(0.,1.,0.));
#3621=DIRECTION('center_axis',(1.,0.,0.));
#3622=DIRECTION('ref_axis',(0.,0.,1.));
#3623=DIRECTION('center_axis',(0.0781874213485327,-0.775468472183977,-0.626526436626193));
#3624=DIRECTION('ref_axis',(0.0960297697737217,0.631386291147225,-0.769499600174398));
#3625=DIRECTION('center_axis',(-0.511639350878216,-9.53903968173244E-16,
-0.859200311122451));
#3626=DIRECTION('ref_axis',(0.859200311122451,0.,-0.511639350878216));
#3627=DIRECTION('center_axis',(0.,1.,0.));
#3628=DIRECTION('ref_axis',(-0.707106781186548,0.,-0.707106781186547));
#3629=DIRECTION('center_axis',(0.707106781186544,0.,-0.707106781186551));
#3630=DIRECTION('ref_axis',(0.,1.,0.));
#3631=DIRECTION('center_axis',(0.,1.,0.));
#3632=DIRECTION('ref_axis',(0.123834524830224,0.,-0.99230288242052));
#3633=DIRECTION('center_axis',(0.,-1.,0.));
#3634=DIRECTION('ref_axis',(0.123834524830224,0.,-0.99230288242052));
#3635=DIRECTION('',(0.,1.,0.));
#3636=DIRECTION('',(0.,-1.,0.));
#3637=DIRECTION('center_axis',(0.,0.,1.));
#3638=DIRECTION('ref_axis',(1.,0.,0.));
#3639=DIRECTION('center_axis',(0.,1.,0.));
#3640=DIRECTION('ref_axis',(0.511639350878216,0.,-0.859200311122451));
#3641=DIRECTION('center_axis',(0.859200311122451,0.,0.511639350878216));
#3642=DIRECTION('ref_axis',(0.,1.,0.));
#3643=DIRECTION('center_axis',(0.707106781186547,0.,-0.707106781186548));
#3644=DIRECTION('ref_axis',(0.707106781186548,0.,0.707106781186547));
#3645=DIRECTION('center_axis',(-0.879328831422034,-0.341937697174593,0.331450475155634));
#3646=DIRECTION('ref_axis',(-0.476215084000874,0.631386291147226,-0.612021686806433));
#3647=DIRECTION('center_axis',(0.,1.,0.));
#3648=DIRECTION('ref_axis',(-1.,0.,0.));
#3649=DIRECTION('center_axis',(0.,0.,-1.));
#3650=DIRECTION('ref_axis',(0.,1.,0.));
#3651=DIRECTION('center_axis',(-0.969330020920147,1.6142587615289E-15,-0.245762711864407));
#3652=DIRECTION('ref_axis',(0.245762711864407,0.,-0.969330020920147));
#3653=DIRECTION('center_axis',(0.,0.,1.));
#3654=DIRECTION('ref_axis',(-0.707106781186548,0.707106781186547,0.));
#3655=DIRECTION('center_axis',(0.,0.,-1.));
#3656=DIRECTION('ref_axis',(-1.,0.,0.));
#3657=DIRECTION('',(0.,0.,-1.));
#3658=DIRECTION('',(0.,0.,1.));
#3659=DIRECTION('center_axis',(0.,-1.,0.));
#3660=DIRECTION('ref_axis',(0.,0.,-1.));
#3661=DIRECTION('center_axis',(0.765689655172414,3.65605675052219E-16,-0.64321019267573));
#3662=DIRECTION('ref_axis',(-0.64321019267573,0.,-0.765689655172414));
#3663=DIRECTION('center_axis',(0.,1.,0.));
#3664=DIRECTION('ref_axis',(0.797667109043642,0.,0.603097988016838));
#3665=DIRECTION('center_axis',(0.,-1.,0.));
#3666=DIRECTION('ref_axis',(0.797667109043642,0.,0.603097988016838));
#3667=DIRECTION('center_axis',(0.,1.,0.));
#3668=DIRECTION('ref_axis',(0.,0.,1.));
#3669=DIRECTION('center_axis',(0.,-1.,0.));
#3670=DIRECTION('ref_axis',(0.38268343236509,0.,-0.923879532511287));
#3671=DIRECTION('center_axis',(0.,1.,0.));
#3672=DIRECTION('ref_axis',(0.38268343236509,0.,-0.923879532511287));
#3673=DIRECTION('center_axis',(0.,1.,0.));
#3674=DIRECTION('ref_axis',(-0.614099864898043,0.,-0.789228329402971));
#3675=DIRECTION('center_axis',(0.,-1.,0.));
#3676=DIRECTION('ref_axis',(-0.614099864898043,0.,-0.789228329402971));
#3677=DIRECTION('',(0.,1.,0.));
#3678=DIRECTION('',(0.,-1.,0.));
#3679=DIRECTION('center_axis',(-0.707106781186548,0.,0.707106781186547));
#3680=DIRECTION('ref_axis',(-0.499999999999999,0.707106781186547,-0.500000000000001));
#3681=DIRECTION('center_axis',(0.707106781186548,0.,-0.707106781186548));
#3682=DIRECTION('ref_axis',(-0.707106781186548,0.,-0.707106781186548));
#3683=DIRECTION('',(0.707106781186548,0.,-0.707106781186547));
#3684=DIRECTION('',(-0.707106781186548,0.,0.707106781186547));
#3685=DIRECTION('center_axis',(0.,-1.,0.));
#3686=DIRECTION('ref_axis',(0.342279377722049,0.,0.939598226683196));
#3687=DIRECTION('center_axis',(0.996242636426118,1.92304080409688E-16,0.0866060584874895));
#3688=DIRECTION('ref_axis',(0.0866060584874895,0.,-0.996242636426118));
#3689=DIRECTION('center_axis',(0.,1.,0.));
#3690=DIRECTION('ref_axis',(0.137581144887557,0.,0.990490498980898));
#3691=DIRECTION('center_axis',(0.,-1.,0.));
#3692=DIRECTION('ref_axis',(0.137581144887557,0.,0.990490498980898));
#3693=DIRECTION('center_axis',(0.0866060584874917,3.12585045881094E-15,
0.996242636426117));
#3694=DIRECTION('ref_axis',(0.996242636426117,0.,-0.0866060584874917));
#3695=DIRECTION('center_axis',(0.,-1.,0.));
#3696=DIRECTION('ref_axis',(0.,0.,-1.));
#3697=DIRECTION('center_axis',(-0.707106781186548,0.,0.707106781186547));
#3698=DIRECTION('ref_axis',(0.707106781186547,0.,0.707106781186548));
#3699=DIRECTION('center_axis',(0.,1.,0.));
#3700=DIRECTION('ref_axis',(-0.990490498980898,0.,-0.137581144887557));
#3701=DIRECTION('center_axis',(0.,-1.,0.));
#3702=DIRECTION('ref_axis',(-0.990490498980898,0.,-0.137581144887557));
#3703=DIRECTION('center_axis',(0.707106781186548,0.,-0.707106781186548));
#3704=DIRECTION('ref_axis',(0.500000000000001,0.707106781186547,0.499999999999999));
#3705=DIRECTION('',(-0.707106781186548,0.,0.707106781186548));
#3706=DIRECTION('',(0.707106781186548,0.,-0.707106781186548));
#3707=DIRECTION('center_axis',(0.,-1.,0.));
#3708=DIRECTION('ref_axis',(0.992302882420521,0.,-0.12383452483022));
#3709=DIRECTION('center_axis',(0.,-1.,0.));
#3710=DIRECTION('ref_axis',(0.992302882420521,0.,-0.12383452483022));
#3711=DIRECTION('',(0.,1.,0.));
#3712=DIRECTION('',(0.,-1.,0.));
#3713=DIRECTION('center_axis',(0.,1.,0.));
#3714=DIRECTION('ref_axis',(0.,0.,1.));
#3715=DIRECTION('center_axis',(0.,-1.,0.));
#3716=DIRECTION('ref_axis',(0.923879532511287,0.,-0.38268343236509));
#3717=DIRECTION('center_axis',(0.,1.,0.));
#3718=DIRECTION('ref_axis',(0.923879532511287,0.,-0.38268343236509));
#3719=DIRECTION('center_axis',(-1.,0.,1.8322269016932E-16));
#3720=DIRECTION('ref_axis',(0.,0.707106781186547,-0.707106781186548));
#3721=DIRECTION('center_axis',(1.,0.,0.));
#3722=DIRECTION('ref_axis',(0.,0.,-1.));
#3723=DIRECTION('',(1.,0.,-1.8322269016932E-16));
#3724=DIRECTION('',(-1.,0.,1.8322269016932E-16));
#3725=DIRECTION('center_axis',(0.,-1.,0.));
#3726=DIRECTION('ref_axis',(0.,0.,-1.));
#3727=DIRECTION('center_axis',(0.64321019267573,7.14106765582179E-16,0.765689655172414));
#3728=DIRECTION('ref_axis',(0.765689655172414,0.,-0.64321019267573));
#3729=DIRECTION('center_axis',(0.,1.,0.));
#3730=DIRECTION('ref_axis',(-0.603097988016839,0.,0.797667109043641));
#3731=DIRECTION('center_axis',(0.,-1.,0.));
#3732=DIRECTION('ref_axis',(-0.603097988016839,0.,0.797667109043641));
#3733=DIRECTION('center_axis',(-0.643210192675728,1.85325667360921E-15,
0.765689655172415));
#3734=DIRECTION('ref_axis',(0.765689655172415,0.,0.643210192675728));
#3735=DIRECTION('center_axis',(0.,-1.,0.));
#3736=DIRECTION('ref_axis',(0.,0.,-1.));
#3737=DIRECTION('center_axis',(-1.,0.,0.));
#3738=DIRECTION('ref_axis',(0.,0.,1.));
#3739=DIRECTION('center_axis',(0.,1.,0.));
#3740=DIRECTION('ref_axis',(-0.603097988016839,0.,-0.797667109043641));
#3741=DIRECTION('center_axis',(0.,-1.,0.));
#3742=DIRECTION('ref_axis',(-0.603097988016839,0.,-0.797667109043641));
#3743=DIRECTION('center_axis',(1.,0.,-1.8322269016932E-16));
#3744=DIRECTION('ref_axis',(0.,0.707106781186548,0.707106781186548));
#3745=DIRECTION('',(-1.,0.,1.8322269016932E-16));
#3746=DIRECTION('',(1.,0.,-1.8322269016932E-16));
#3747=DIRECTION('center_axis',(0.,-1.,0.));
#3748=DIRECTION('ref_axis',(0.789228329402973,0.,0.614099864898041));
#3749=DIRECTION('center_axis',(0.,-1.,0.));
#3750=DIRECTION('ref_axis',(0.789228329402973,0.,0.614099864898041));
#3751=DIRECTION('',(0.,1.,0.));
#3752=DIRECTION('',(0.,-1.,0.));
#3753=DIRECTION('center_axis',(0.,1.,0.));
#3754=DIRECTION('ref_axis',(0.,0.,1.));
#3755=DIRECTION('center_axis',(0.,-1.,0.));
#3756=DIRECTION('ref_axis',(0.923879532511287,0.,0.38268343236509));
#3757=DIRECTION('center_axis',(0.,1.,0.));
#3758=DIRECTION('ref_axis',(0.923879532511287,0.,0.38268343236509));
#3759=DIRECTION('center_axis',(-0.707106781186548,0.,-0.707106781186548));
#3760=DIRECTION('ref_axis',(0.5,0.707106781186547,-0.500000000000001));
#3761=DIRECTION('center_axis',(0.707106781186548,0.,0.707106781186547));
#3762=DIRECTION('ref_axis',(0.707106781186547,0.,-0.707106781186548));
#3763=DIRECTION('',(0.707106781186548,0.,0.707106781186548));
#3764=DIRECTION('',(-0.707106781186548,0.,-0.707106781186548));
#3765=DIRECTION('center_axis',(0.,-1.,0.));
#3766=DIRECTION('ref_axis',(0.,0.,-1.));
#3767=DIRECTION('center_axis',(-0.0866060584874873,1.0098994728687E-15,
0.996242636426118));
#3768=DIRECTION('ref_axis',(0.996242636426118,0.,0.0866060584874873));
#3769=DIRECTION('center_axis',(0.,1.,0.));
#3770=DIRECTION('ref_axis',(-0.990490498980898,0.,0.137581144887559));
#3771=DIRECTION('center_axis',(0.,-1.,0.));
#3772=DIRECTION('ref_axis',(-0.990490498980898,0.,0.137581144887559));
#3773=DIRECTION('center_axis',(-0.996242636426118,0.,0.0866060584874885));
#3774=DIRECTION('ref_axis',(0.0866060584874885,0.,0.996242636426118));
#3775=DIRECTION('center_axis',(0.,-1.,0.));
#3776=DIRECTION('ref_axis',(0.,0.,-1.));
#3777=DIRECTION('center_axis',(-0.707106781186547,0.,-0.707106781186548));
#3778=DIRECTION('ref_axis',(-0.707106781186548,0.,0.707106781186547));
#3779=DIRECTION('center_axis',(0.,1.,0.));
#3780=DIRECTION('ref_axis',(0.137581144887559,0.,-0.990490498980898));
#3781=DIRECTION('center_axis',(0.,-1.,0.));
#3782=DIRECTION('ref_axis',(0.137581144887559,0.,-0.990490498980898));
#3783=DIRECTION('center_axis',(0.707106781186548,0.,0.707106781186547));
#3784=DIRECTION('ref_axis',(-0.5,0.707106781186548,0.5));
#3785=DIRECTION('',(-0.707106781186548,0.,-0.707106781186547));
#3786=DIRECTION('',(0.707106781186548,0.,0.707106781186547));
#3787=DIRECTION('center_axis',(0.,-1.,0.));
#3788=DIRECTION('ref_axis',(0.123834524830224,0.,0.99230288242052));
#3789=DIRECTION('center_axis',(0.,-1.,0.));
#3790=DIRECTION('ref_axis',(0.123834524830224,0.,0.99230288242052));
#3791=DIRECTION('',(0.,1.,0.));
#3792=DIRECTION('',(0.,-1.,0.));
#3793=DIRECTION('center_axis',(0.,1.,0.));
#3794=DIRECTION('ref_axis',(0.,0.,1.));
#3795=DIRECTION('center_axis',(0.,-1.,0.));
#3796=DIRECTION('ref_axis',(0.38268343236509,0.,0.923879532511287));
#3797=DIRECTION('center_axis',(0.,1.,0.));
#3798=DIRECTION('ref_axis',(0.38268343236509,0.,0.923879532511287));
#3799=DIRECTION('center_axis',(0.,0.,1.));
#3800=DIRECTION('ref_axis',(-0.707106781186548,0.707106781186547,0.));
#3801=DIRECTION('center_axis',(0.,0.,1.));
#3802=DIRECTION('ref_axis',(0.,1.,0.));
#3803=DIRECTION('',(0.,0.,1.));
#3804=DIRECTION('',(0.,0.,-1.));
#3805=DIRECTION('center_axis',(0.,-1.,0.));
#3806=DIRECTION('ref_axis',(0.,0.,-1.));
#3807=DIRECTION('center_axis',(0.765689655172414,3.6560567505222E-16,0.64321019267573));
#3808=DIRECTION('ref_axis',(1.38777878078145E-15,1.,-2.22044604925031E-15));
#3809=DIRECTION('center_axis',(0.,-1.,0.));
#3810=DIRECTION('ref_axis',(0.797667109043642,0.,-0.603097988016838));
#3811=DIRECTION('center_axis',(0.,1.,0.));
#3812=DIRECTION('ref_axis',(0.797667109043642,0.,-0.603097988016838));
#3813=DIRECTION('center_axis',(0.,-1.,0.));
#3814=DIRECTION('ref_axis',(-0.614099864898044,0.,0.789228329402971));
#3815=DIRECTION('center_axis',(0.,-1.,0.));
#3816=DIRECTION('ref_axis',(-0.614099864898044,0.,0.789228329402971));
#3817=DIRECTION('',(0.,1.,0.));
#3818=DIRECTION('',(0.,-1.,0.));
#3819=DIRECTION('center_axis',(-0.707106781186548,0.,-0.707106781186548));
#3820=DIRECTION('ref_axis',(-0.707106781186548,0.,0.707106781186548));
#3821=DIRECTION('',(0.,1.,0.));
#3822=DIRECTION('',(0.707106781186548,0.,-0.707106781186548));
#3823=DIRECTION('center_axis',(0.,1.,0.));
#3824=DIRECTION('ref_axis',(-0.707106781186548,0.,-0.707106781186548));
#3825=DIRECTION('',(0.,1.,0.));
#3826=DIRECTION('center_axis',(0.,1.,0.));
#3827=DIRECTION('ref_axis',(-0.707106781186548,0.,-0.707106781186548));
#3828=DIRECTION('center_axis',(0.707106781186547,0.,0.707106781186548));
#3829=DIRECTION('ref_axis',(0.707106781186548,0.,-0.707106781186547));
#3830=DIRECTION('',(0.707106781186548,0.,-0.707106781186547));
#3831=DIRECTION('center_axis',(-1.8322269016932E-16,0.,-1.));
#3832=DIRECTION('ref_axis',(-1.,0.,1.8322269016932E-16));
#3833=DIRECTION('',(0.,1.,0.));
#3834=DIRECTION('',(1.,0.,-1.8322269016932E-16));
#3835=DIRECTION('center_axis',(0.,1.,0.));
#3836=DIRECTION('ref_axis',(0.,0.,-1.));
#3837=DIRECTION('',(0.,1.,0.));
#3838=DIRECTION('center_axis',(0.,1.,0.));
#3839=DIRECTION('ref_axis',(0.,0.,-1.));
#3840=DIRECTION('center_axis',(1.8322269016932E-16,0.,1.));
#3841=DIRECTION('ref_axis',(1.,0.,-1.8322269016932E-16));
#3842=DIRECTION('',(1.,0.,-1.8322269016932E-16));
#3843=DIRECTION('center_axis',(0.707106781186547,0.,-0.707106781186548));
#3844=DIRECTION('ref_axis',(-0.707106781186548,0.,-0.707106781186547));
#3845=DIRECTION('',(0.,1.,0.));
#3846=DIRECTION('',(0.707106781186548,0.,0.707106781186547));
#3847=DIRECTION('center_axis',(0.,1.,0.));
#3848=DIRECTION('ref_axis',(0.707106781186548,0.,-0.707106781186547));
#3849=DIRECTION('',(0.,1.,0.));
#3850=DIRECTION('center_axis',(0.,1.,0.));
#3851=DIRECTION('ref_axis',(0.707106781186548,0.,-0.707106781186547));
#3852=DIRECTION('center_axis',(-0.707106781186548,0.,0.707106781186548));
#3853=DIRECTION('ref_axis',(0.707106781186548,0.,0.707106781186548));
#3854=DIRECTION('',(0.707106781186548,0.,0.707106781186548));
#3855=DIRECTION('center_axis',(0.,-1.,0.));
#3856=DIRECTION('ref_axis',(0.,0.,-1.));
#3857=DIRECTION('center_axis',(0.,1.,0.));
#3858=DIRECTION('ref_axis',(-1.,0.,0.));
#3859=DIRECTION('center_axis',(-1.,0.,-1.22464679914735E-16));
#3860=DIRECTION('ref_axis',(-1.22464679914735E-16,0.,1.));
#3861=DIRECTION('center_axis',(0.,1.,0.));
#3862=DIRECTION('ref_axis',(1.,0.,0.));
#3863=DIRECTION('center_axis',(0.,1.,0.));
#3864=DIRECTION('ref_axis',(1.,0.,0.));
#3865=DIRECTION('center_axis',(0.,1.,0.));
#3866=DIRECTION('ref_axis',(1.,0.,0.));
#3867=DIRECTION('center_axis',(0.,1.,0.));
#3868=DIRECTION('ref_axis',(1.,0.,0.));
#3869=DIRECTION('center_axis',(0.,1.,0.));
#3870=DIRECTION('ref_axis',(-1.,0.,0.));
#3871=DIRECTION('center_axis',(0.,1.,0.));
#3872=DIRECTION('ref_axis',(1.,0.,0.));
#3873=DIRECTION('center_axis',(0.,1.,0.));
#3874=DIRECTION('ref_axis',(1.,0.,0.));
#3875=DIRECTION('center_axis',(0.,1.,0.));
#3876=DIRECTION('ref_axis',(1.,0.,0.));
#3877=DIRECTION('center_axis',(0.,1.,0.));
#3878=DIRECTION('ref_axis',(1.,0.,0.));
#3879=DIRECTION('center_axis',(0.,1.,0.));
#3880=DIRECTION('ref_axis',(0.392644184486953,0.,0.919690461181683));
#3881=DIRECTION('',(0.,-1.,0.));
#3882=DIRECTION('center_axis',(0.,1.,0.));
#3883=DIRECTION('ref_axis',(0.707106781186547,0.,-0.707106781186548));
#3884=DIRECTION('',(0.,1.,0.));
#3885=DIRECTION('center_axis',(0.,1.,0.));
#3886=DIRECTION('ref_axis',(0.,0.,1.));
#3887=DIRECTION('center_axis',(0.88568548340266,-9.52259275183584E-18,-0.464285714285715));
#3888=DIRECTION('ref_axis',(-0.464285714285715,0.,-0.88568548340266));
#3889=DIRECTION('center_axis',(0.,-1.,0.));
#3890=DIRECTION('ref_axis',(0.392644184486953,0.,0.919690461181683));
#3891=DIRECTION('center_axis',(0.,0.,-1.));
#3892=DIRECTION('ref_axis',(0.707106781186547,0.707106781186547,0.));
#3893=DIRECTION('center_axis',(0.,0.,-1.));
#3894=DIRECTION('ref_axis',(0.707106781186547,0.707106781186547,0.));
#3895=DIRECTION('',(0.,0.,-1.));
#3896=DIRECTION('center_axis',(0.,0.,1.));
#3897=DIRECTION('ref_axis',(1.,0.,0.));
#3898=DIRECTION('',(0.,0.,1.));
#3899=DIRECTION('center_axis',(0.,1.,0.));
#3900=DIRECTION('ref_axis',(-1.22464679914735E-16,0.,-1.));
#3901=DIRECTION('center_axis',(0.,1.,0.));
#3902=DIRECTION('ref_axis',(-0.707106781186547,0.,-0.707106781186548));
#3903=DIRECTION('center_axis',(1.,0.,0.));
#3904=DIRECTION('ref_axis',(0.,0.,-1.));
#3905=DIRECTION('',(0.,1.,0.));
#3906=DIRECTION('',(0.,0.,1.));
#3907=DIRECTION('center_axis',(-1.,0.,0.));
#3908=DIRECTION('ref_axis',(0.,1.,0.));
#3909=DIRECTION('center_axis',(-1.,0.,0.));
#3910=DIRECTION('ref_axis',(0.,1.,0.));
#3911=DIRECTION('center_axis',(-1.,0.,0.));
#3912=DIRECTION('ref_axis',(0.,1.,0.));
#3913=DIRECTION('center_axis',(0.,0.,1.));
#3914=DIRECTION('ref_axis',(1.,0.,0.));
#3915=DIRECTION('',(-1.,0.,0.));
#3916=DIRECTION('',(-1.,0.,0.));
#3917=DIRECTION('center_axis',(0.,0.,-1.));
#3918=DIRECTION('ref_axis',(0.707106781186547,-0.707106781186547,0.));
#3919=DIRECTION('center_axis',(0.,0.,1.));
#3920=DIRECTION('ref_axis',(0.707106781186547,-0.707106781186547,0.));
#3921=DIRECTION('',(0.,0.,-1.));
#3922=DIRECTION('center_axis',(-1.,0.,0.));
#3923=DIRECTION('ref_axis',(0.,1.,0.));
#3924=DIRECTION('',(-1.,0.,0.));
#3925=DIRECTION('center_axis',(-1.,0.,0.));
#3926=DIRECTION('ref_axis',(0.,1.,0.));
#3927=DIRECTION('center_axis',(-1.,0.,0.));
#3928=DIRECTION('ref_axis',(0.,1.,0.));
#3929=DIRECTION('center_axis',(-1.,0.,0.));
#3930=DIRECTION('ref_axis',(0.,1.,0.));
#3931=DIRECTION('',(0.,0.,1.));
#3932=DIRECTION('center_axis',(-1.,0.,0.));
#3933=DIRECTION('ref_axis',(0.,1.,0.));
#3934=DIRECTION('center_axis',(-1.,0.,0.));
#3935=DIRECTION('ref_axis',(0.,1.,0.));
#3936=DIRECTION('',(-1.,0.,0.));
#3937=DIRECTION('center_axis',(0.707106781186547,0.707106781186548,0.));
#3938=DIRECTION('ref_axis',(-0.707106781186548,0.707106781186547,0.));
#3939=DIRECTION('center_axis',(0.707106781186547,0.707106781186548,0.));
#3940=DIRECTION('ref_axis',(-0.707106781186548,0.707106781186547,0.));
#3941=DIRECTION('center_axis',(-1.,0.,0.));
#3942=DIRECTION('ref_axis',(0.,1.,0.));
#3943=DIRECTION('center_axis',(-1.,0.,0.));
#3944=DIRECTION('ref_axis',(0.,1.,0.));
#3945=DIRECTION('center_axis',(-1.,0.,0.));
#3946=DIRECTION('ref_axis',(0.,1.,0.));
#3947=DIRECTION('center_axis',(-1.,0.,0.));
#3948=DIRECTION('ref_axis',(0.,1.,0.));
#3949=DIRECTION('',(-1.,0.,0.));
#3950=DIRECTION('center_axis',(0.707106781186549,-0.707106781186546,0.));
#3951=DIRECTION('ref_axis',(0.707106781186546,0.707106781186549,0.));
#3952=DIRECTION('center_axis',(0.,1.,0.));
#3953=DIRECTION('ref_axis',(0.,0.,-1.));
#3954=DIRECTION('center_axis',(0.,1.,0.));
#3955=DIRECTION('ref_axis',(0.,0.,-1.));
#3956=DIRECTION('center_axis',(0.,1.,0.));
#3957=DIRECTION('ref_axis',(0.,0.,-1.));
#3958=DIRECTION('center_axis',(0.,1.,0.));
#3959=DIRECTION('ref_axis',(0.,0.,1.));
#3960=DIRECTION('center_axis',(0.,-1.,0.));
#3961=DIRECTION('ref_axis',(0.,0.,1.));
#3962=DIRECTION('',(-1.04972719113862E-16,-0.515038074910054,0.857167300702112));
#3963=DIRECTION('center_axis',(0.,-1.,0.));
#3964=DIRECTION('ref_axis',(0.,0.,1.));
#3965=DIRECTION('center_axis',(0.,-1.,0.));
#3966=DIRECTION('ref_axis',(0.,0.,1.));
#3967=DIRECTION('center_axis',(0.,-1.,0.));
#3968=DIRECTION('ref_axis',(0.,0.,1.));
#3969=DIRECTION('',(0.,-1.,0.));
#3970=DIRECTION('center_axis',(0.,1.,0.));
#3971=DIRECTION('ref_axis',(0.,0.,1.));
#3972=DIRECTION('center_axis',(0.,1.,0.));
#3973=DIRECTION('ref_axis',(0.,0.,1.));
#3974=DIRECTION('',(-1.04972719113862E-16,-0.515038074910054,0.857167300702112));
#3975=DIRECTION('center_axis',(0.,-1.,0.));
#3976=DIRECTION('ref_axis',(0.,0.,1.));
#3977=DIRECTION('center_axis',(0.,-1.,0.));
#3978=DIRECTION('ref_axis',(0.,0.,1.));
#3979=DIRECTION('',(0.,-1.,0.));
#3980=DIRECTION('center_axis',(0.,1.,0.));
#3981=DIRECTION('ref_axis',(0.,0.,1.));
#3982=DIRECTION('center_axis',(0.,1.,0.));
#3983=DIRECTION('ref_axis',(0.,0.,-1.));
#3984=DIRECTION('center_axis',(0.,-1.,0.));
#3985=DIRECTION('ref_axis',(0.,0.,-1.));
#3986=DIRECTION('center_axis',(0.,1.,0.));
#3987=DIRECTION('ref_axis',(0.,0.,-1.));
#3988=DIRECTION('center_axis',(0.,-1.,0.));
#3989=DIRECTION('ref_axis',(0.,0.,-1.));
#3990=DIRECTION('',(0.,1.,0.));
#3991=DIRECTION('center_axis',(0.,1.,0.));
#3992=DIRECTION('ref_axis',(0.,0.,-1.));
#3993=DIRECTION('center_axis',(0.,1.,0.));
#3994=DIRECTION('ref_axis',(0.,0.,-1.));
#3995=DIRECTION('',(0.,1.,0.));
#3996=DIRECTION('center_axis',(0.,1.,0.));
#3997=DIRECTION('ref_axis',(0.,0.,1.));
#3998=DIRECTION('center_axis',(0.,1.,0.));
#3999=DIRECTION('ref_axis',(1.,0.,0.));
#4000=DIRECTION('center_axis',(0.,1.,0.));
#4001=DIRECTION('ref_axis',(1.,0.,0.));
#4002=DIRECTION('center_axis',(0.,-1.,0.));
#4003=DIRECTION('ref_axis',(1.,0.,0.));
#4004=DIRECTION('center_axis',(0.,1.,0.));
#4005=DIRECTION('ref_axis',(1.,0.,0.));
#4006=DIRECTION('center_axis',(0.,-1.,0.));
#4007=DIRECTION('ref_axis',(0.707106781186547,0.,-0.707106781186547));
#4008=DIRECTION('center_axis',(0.,-1.,0.));
#4009=DIRECTION('ref_axis',(0.,0.,-1.));
#4010=DIRECTION('center_axis',(0.,-1.,0.));
#4011=DIRECTION('ref_axis',(-0.707106781186547,0.,-0.707106781186547));
#4012=DIRECTION('center_axis',(0.,1.,0.));
#4013=DIRECTION('ref_axis',(1.,0.,0.));
#4014=DIRECTION('center_axis',(0.,-1.,0.));
#4015=DIRECTION('ref_axis',(1.,0.,0.));
#4016=DIRECTION('center_axis',(0.,1.,0.));
#4017=DIRECTION('ref_axis',(-0.707106781186547,0.,-0.707106781186547));
#4018=DIRECTION('center_axis',(0.,1.,0.));
#4019=DIRECTION('ref_axis',(1.,0.,0.));
#4020=DIRECTION('center_axis',(0.,-1.,0.));
#4021=DIRECTION('ref_axis',(1.,0.,0.));
#4022=DIRECTION('center_axis',(0.,1.,0.));
#4023=DIRECTION('ref_axis',(0.,0.,-1.));
#4024=DIRECTION('center_axis',(0.,1.,0.));
#4025=DIRECTION('ref_axis',(1.,0.,0.));
#4026=DIRECTION('center_axis',(0.,-1.,0.));
#4027=DIRECTION('ref_axis',(1.,0.,0.));
#4028=DIRECTION('',(0.,0.,-1.));
#4029=DIRECTION('center_axis',(0.,1.,0.));
#4030=DIRECTION('ref_axis',(-1.,0.,0.));
#4031=DIRECTION('center_axis',(0.,1.,0.));
#4032=DIRECTION('ref_axis',(-1.,0.,0.));
#4033=DIRECTION('center_axis',(1.,0.,0.));
#4034=DIRECTION('ref_axis',(0.,0.,-1.));
#4035=DIRECTION('',(0.,1.,0.));
#4036=DIRECTION('center_axis',(0.,1.,0.));
#4037=DIRECTION('ref_axis',(-1.,0.,0.));
#4038=DIRECTION('center_axis',(0.,1.,0.));
#4039=DIRECTION('ref_axis',(1.,0.,0.));
#4040=DIRECTION('center_axis',(0.,1.,0.));
#4041=DIRECTION('ref_axis',(1.,0.,0.));
#4042=DIRECTION('',(0.,1.,0.));
#4043=DIRECTION('center_axis',(1.,0.,0.));
#4044=DIRECTION('ref_axis',(0.,0.,-1.));
#4045=DIRECTION('',(0.,0.,1.));
#4046=DIRECTION('center_axis',(0.,1.,0.));
#4047=DIRECTION('ref_axis',(1.,0.,0.));
#4048=DIRECTION('center_axis',(0.,-1.,0.));
#4049=DIRECTION('ref_axis',(1.,0.,0.));
#4050=DIRECTION('center_axis',(0.,-1.,0.));
#4051=DIRECTION('ref_axis',(-1.,0.,0.));
#4052=DIRECTION('center_axis',(0.,1.,0.));
#4053=DIRECTION('ref_axis',(1.,0.,0.));
#4054=DIRECTION('center_axis',(0.,-1.,0.));
#4055=DIRECTION('ref_axis',(1.,0.,0.));
#4056=DIRECTION('center_axis',(0.,1.,0.));
#4057=DIRECTION('ref_axis',(0.707106781186547,0.,-0.707106781186547));
#4058=DIRECTION('center_axis',(0.,1.,0.));
#4059=DIRECTION('ref_axis',(-1.,0.,0.));
#4060=DIRECTION('',(0.,-1.,0.));
#4061=DIRECTION('center_axis',(0.,1.,0.));
#4062=DIRECTION('ref_axis',(1.,0.,0.));
#4063=DIRECTION('center_axis',(0.,1.,0.));
#4064=DIRECTION('ref_axis',(0.707106781186547,0.,-0.707106781186547));
#4065=DIRECTION('',(0.,-1.,0.));
#4066=DIRECTION('center_axis',(0.,1.,0.));
#4067=DIRECTION('ref_axis',(0.,0.,-1.));
#4068=DIRECTION('',(0.,-1.,0.));
#4069=DIRECTION('center_axis',(0.,1.,0.));
#4070=DIRECTION('ref_axis',(-0.707106781186547,0.,-0.707106781186547));
#4071=DIRECTION('',(0.,-1.,0.));
#4072=DIRECTION('center_axis',(0.,1.,0.));
#4073=DIRECTION('ref_axis',(1.,0.,0.));
#4074=DIRECTION('',(0.,-1.,0.));
#4075=DIRECTION('center_axis',(0.,1.,0.));
#4076=DIRECTION('ref_axis',(1.,0.,0.));
#4077=DIRECTION('',(0.,-1.,0.));
#4078=CARTESIAN_POINT('',(0.,0.,0.));
#4079=CARTESIAN_POINT('Origin',(-7.25,10.,28.5952356171443));
#4080=CARTESIAN_POINT('',(-7.74152542372881,10.,30.5338956589846));
#4081=CARTESIAN_POINT('',(-5.25,10.,28.5952356171443));
#4082=CARTESIAN_POINT('Origin',(-7.25,10.,28.5952356171443));
#4083=CARTESIAN_POINT('',(-7.25,12.,28.5952356171443));
#4084=CARTESIAN_POINT('Origin',(-7.25,10.,28.5952356171443));
#4085=CARTESIAN_POINT('Origin',(-7.25,10.,28.5952356171443));
#4086=CARTESIAN_POINT('Origin',(-15.0933608509074,10.,25.3464091781123));
#4087=CARTESIAN_POINT('',(-16.1166395526638,10.,27.0648098003572));
#4088=CARTESIAN_POINT('',(-15.0933608509074,12.,25.3464091781123));
#4089=CARTESIAN_POINT('Origin',(-15.0933608509074,10.,25.3464091781123));
#4090=CARTESIAN_POINT('',(-16.5075744132805,10.,23.9321956157392));
#4091=CARTESIAN_POINT('Origin',(-15.0933608509074,10.,25.3464091781123));
#4092=CARTESIAN_POINT('Origin',(-15.0933608509074,10.,25.3464091781123));
#4093=CARTESIAN_POINT('Origin',(-15.0933608509074,0.,25.3464091781123));
#4094=CARTESIAN_POINT('',(-16.1166395526638,6.,27.0648098003572));
#4095=CARTESIAN_POINT('',(-16.5075744132805,6.,23.9321956157392));
#4096=CARTESIAN_POINT('Origin',(-15.0933608509074,6.,25.3464091781123));
#4097=CARTESIAN_POINT('',(-16.1166395526638,0.,27.0648098003572));
#4098=CARTESIAN_POINT('',(-16.5075744132805,0.,23.9321956157392));
#4099=CARTESIAN_POINT('Origin',(-25.3464091781123,10.,15.0933608509074));
#4100=CARTESIAN_POINT('',(-27.0648098003572,10.,16.1166395526638));
#4101=CARTESIAN_POINT('',(-23.9321956157392,10.,16.5075744132805));
#4102=CARTESIAN_POINT('Origin',(-25.3464091781123,10.,15.0933608509074));
#4103=CARTESIAN_POINT('',(-25.3464091781123,12.,15.0933608509074));
#4104=CARTESIAN_POINT('Origin',(-25.3464091781123,10.,15.0933608509074));
#4105=CARTESIAN_POINT('Origin',(-25.3464091781123,10.,15.0933608509074));
#4106=CARTESIAN_POINT('Origin',(-28.5952356171443,10.,7.25));
#4107=CARTESIAN_POINT('',(-30.5338956589846,10.,7.74152542372881));
#4108=CARTESIAN_POINT('',(-28.5952356171443,12.,7.25));
#4109=CARTESIAN_POINT('Origin',(-28.5952356171443,10.,7.25));
#4110=CARTESIAN_POINT('',(-28.5952356171443,10.,5.25));
#4111=CARTESIAN_POINT('Origin',(-28.5952356171443,10.,7.25));
#4112=CARTESIAN_POINT('Origin',(-28.5952356171443,10.,7.25));
#4113=CARTESIAN_POINT('Origin',(-28.5952356171443,0.,7.25));
#4114=CARTESIAN_POINT('',(-30.5338956589846,6.,7.74152542372881));
#4115=CARTESIAN_POINT('',(-28.5952356171443,6.,5.24999999999999));
#4116=CARTESIAN_POINT('Origin',(-28.5952356171443,6.,7.25));
#4117=CARTESIAN_POINT('',(-30.5338956589846,0.,7.74152542372881));
#4118=CARTESIAN_POINT('',(-28.5952356171443,0.,5.24999999999999));
#4119=CARTESIAN_POINT('Origin',(-28.5952356171443,10.,-7.25000000000001));
#4120=CARTESIAN_POINT('',(-30.5338956589846,10.,-7.74152542372882));
#4121=CARTESIAN_POINT('',(-28.5952356171443,10.,-5.25000000000001));
#4122=CARTESIAN_POINT('Origin',(-28.5952356171443,10.,-7.25000000000001));
#4123=CARTESIAN_POINT('',(-28.5952356171443,12.,-7.25000000000001));
#4124=CARTESIAN_POINT('Origin',(-28.5952356171443,10.,-7.25000000000001));
#4125=CARTESIAN_POINT('Origin',(-28.5952356171443,10.,-7.25000000000001));
#4126=CARTESIAN_POINT('Origin',(-25.3464091781123,10.,-15.0933608509074));
#4127=CARTESIAN_POINT('',(-27.0648098003572,10.,-16.1166395526638));
#4128=CARTESIAN_POINT('',(-25.3464091781123,12.,-15.0933608509074));
#4129=CARTESIAN_POINT('Origin',(-25.3464091781123,10.,-15.0933608509074));
#4130=CARTESIAN_POINT('',(-23.9321956157392,10.,-16.5075744132805));
#4131=CARTESIAN_POINT('Origin',(-25.3464091781123,10.,-15.0933608509074));
#4132=CARTESIAN_POINT('Origin',(-25.3464091781123,10.,-15.0933608509074));
#4133=CARTESIAN_POINT('Origin',(-25.3464091781123,0.,-15.0933608509074));
#4134=CARTESIAN_POINT('',(-27.0648098003572,6.,-16.1166395526638));
#4135=CARTESIAN_POINT('',(-23.9321956157392,6.,-16.5075744132805));
#4136=CARTESIAN_POINT('Origin',(-25.3464091781123,6.,-15.0933608509074));
#4137=CARTESIAN_POINT('',(-27.0648098003572,0.,-16.1166395526638));
#4138=CARTESIAN_POINT('',(-23.9321956157392,0.,-16.5075744132805));
#4139=CARTESIAN_POINT('Origin',(-15.0933608509074,10.,-25.3464091781123));
#4140=CARTESIAN_POINT('',(-16.1166395526638,10.,-27.0648098003572));
#4141=CARTESIAN_POINT('',(-16.5075744132805,10.,-23.9321956157392));
#4142=CARTESIAN_POINT('Origin',(-15.0933608509074,10.,-25.3464091781123));
#4143=CARTESIAN_POINT('',(-15.0933608509074,12.,-25.3464091781123));
#4144=CARTESIAN_POINT('Origin',(-15.0933608509074,10.,-25.3464091781123));
#4145=CARTESIAN_POINT('Origin',(-15.0933608509074,10.,-25.3464091781123));
#4146=CARTESIAN_POINT('Origin',(-7.25,10.,-28.5952356171443));
#4147=CARTESIAN_POINT('',(-5.25,10.,-28.5952356171443));
#4148=CARTESIAN_POINT('',(-7.74152542372882,10.,-30.5338956589846));
#4149=CARTESIAN_POINT('Origin',(-7.25,10.,-28.5952356171443));
#4150=CARTESIAN_POINT('',(-7.25,12.,-28.5952356171443));
#4151=CARTESIAN_POINT('Origin',(-7.25,10.,-28.5952356171443));
#4152=CARTESIAN_POINT('Origin',(-7.25,10.,-28.5952356171443));
#4153=CARTESIAN_POINT('Origin',(-7.25,10.,-12.5));
#4154=CARTESIAN_POINT('',(-5.25,10.,-25.));
#4155=CARTESIAN_POINT('',(-7.25,12.,-25.));
#4156=CARTESIAN_POINT('Origin',(-7.25,10.,-25.));
#4157=CARTESIAN_POINT('',(-5.25,10.,-12.5));
#4158=CARTESIAN_POINT('',(-7.25,12.,-12.5));
#4159=CARTESIAN_POINT('Origin',(-3.06161699786838E-15,10.,-25.));
#4160=CARTESIAN_POINT('',(-3.37685351154759,10.,-20.9801293103448));
#4161=CARTESIAN_POINT('',(-4.66327389689905,12.,-19.44875));
#4162=CARTESIAN_POINT('Origin',(-4.66327389689905,10.,-19.44875));
#4163=CARTESIAN_POINT('Origin',(-3.06161699786838E-15,10.,-25.));
#4164=CARTESIAN_POINT('Origin',(-3.06161699786838E-15,12.,-25.));
#4165=CARTESIAN_POINT('Ctrl Pts',(-3.37685351154758,10.,-20.9801293103448));
#4166=CARTESIAN_POINT('Ctrl Pts',(-2.97107608183918,10.,-20.6392599032906));
#4167=CARTESIAN_POINT('Ctrl Pts',(-1.91886989436212,10.3088120005741,-19.999714473643));
#4168=CARTESIAN_POINT('Ctrl Pts',(-0.706600529368395,10.6928108611693,-19.75));
#4169=CARTESIAN_POINT('Ctrl Pts',(-3.64291929955129E-16,10.6928108611693,
-19.75));
#4170=CARTESIAN_POINT('Ctrl Pts',(-3.37685351154758,10.5983986006838,-20.9801293103448));
#4171=CARTESIAN_POINT('Ctrl Pts',(-3.0269079249581,10.5643349220128,-20.6843400272396));
#4172=CARTESIAN_POINT('Ctrl Pts',(-2.04767958266003,10.7472782635801,-20.0437086451149));
#4173=CARTESIAN_POINT('Ctrl Pts',(-0.754320213111366,11.0636260650358,-19.75));
#4174=CARTESIAN_POINT('Ctrl Pts',(-2.48504829409871E-16,11.0636260650358,
-19.75));
#4175=CARTESIAN_POINT('Ctrl Pts',(-3.69952291865375,11.6347858316601,-20.5960175069637));
#4176=CARTESIAN_POINT('Ctrl Pts',(-3.36437604454037,11.5465156264821,-20.3923515037619));
#4177=CARTESIAN_POINT('Ctrl Pts',(-2.34062947626118,11.517159296104,-19.8551916217016));
#4178=CARTESIAN_POINT('Ctrl Pts',(-0.862958813646436,11.7115646980026,-19.564697116659));
#4179=CARTESIAN_POINT('Ctrl Pts',(4.5427141224758E-17,11.7115646980026,
-19.564697116659));
#4180=CARTESIAN_POINT('Ctrl Pts',(-4.37460183746702,12.,-19.7923907136599));
#4181=CARTESIAN_POINT('Ctrl Pts',(-3.93339695440181,11.9603988523778,-19.6181160434773));
#4182=CARTESIAN_POINT('Ctrl Pts',(-2.67251715956465,12.0159454634024,-19.2604755352901));
#4183=CARTESIAN_POINT('Ctrl Pts',(-0.986530895498908,12.1899677664535,-19.1049417527639));
#4184=CARTESIAN_POINT('Ctrl Pts',(4.2210986844606E-16,12.1899677664535,
-19.1049417527639));
#4185=CARTESIAN_POINT('Ctrl Pts',(-4.66327389689904,12.,-19.44875));
#4186=CARTESIAN_POINT('Ctrl Pts',(-4.17151199223741,12.,-19.2641193791466));
#4187=CARTESIAN_POINT('Ctrl Pts',(-2.80814342907494,12.154406000287,-18.9604767096607));
#4188=CARTESIAN_POINT('Ctrl Pts',(-1.03762700137633,12.3464054305846,-18.875));
#4189=CARTESIAN_POINT('Ctrl Pts',(5.84639878127206E-16,12.3464054305846,
-18.875));
#4190=CARTESIAN_POINT('',(1.82145964977565E-16,10.6928108611693,-19.75));
#4191=CARTESIAN_POINT('',(-3.38271077815477E-16,12.3464054305846,-18.875));
#4192=CARTESIAN_POINT('Ctrl Pts',(-5.55111512312578E-16,10.6928108611693,
-19.75));
#4193=CARTESIAN_POINT('Ctrl Pts',(-4.39463280580791E-16,11.0636260650358,
-19.75));
#4194=CARTESIAN_POINT('Ctrl Pts',(-2.77555756156289E-16,11.4338767124454,
-19.6441126380908));
#4195=CARTESIAN_POINT('Ctrl Pts',(-9.54097911787244E-17,11.7487688081763,
-19.4486081396742));
#4196=CARTESIAN_POINT('Ctrl Pts',(1.38777878078145E-16,11.9849378799745,
-19.3019797658618));
#4197=CARTESIAN_POINT('Ctrl Pts',(2.92011785122763E-16,12.1899677664535,
-19.1049417527639));
#4198=CARTESIAN_POINT('Ctrl Pts',(4.46691295064028E-16,12.3464054305846,
-18.875));
#4199=CARTESIAN_POINT('Ctrl Pts',(-3.37685351154758,10.,-20.9801293103448));
#4200=CARTESIAN_POINT('Ctrl Pts',(-2.97107608183918,10.,-20.6392599032906));
#4201=CARTESIAN_POINT('Ctrl Pts',(-1.91886989436212,10.3088120005741,-19.999714473643));
#4202=CARTESIAN_POINT('Ctrl Pts',(-0.706600529368395,10.6928108611693,-19.75));
#4203=CARTESIAN_POINT('Ctrl Pts',(-3.64291929955129E-16,10.6928108611693,
-19.75));
#4204=CARTESIAN_POINT('Ctrl Pts',(5.84639878127206E-16,12.3464054305846,
-18.875));
#4205=CARTESIAN_POINT('Ctrl Pts',(-1.03762700137633,12.3464054305846,-18.875));
#4206=CARTESIAN_POINT('Ctrl Pts',(-2.80814342907494,12.154406000287,-18.9604767096607));
#4207=CARTESIAN_POINT('Ctrl Pts',(-4.17151199223741,12.,-19.2641193791466));
#4208=CARTESIAN_POINT('Ctrl Pts',(-4.66327389689904,12.,-19.44875));
#4209=CARTESIAN_POINT('Origin',(0.,10.,0.));
#4210=CARTESIAN_POINT('Origin',(0.,10.,0.));
#4211=CARTESIAN_POINT('Origin',(0.,12.,0.));
#4212=CARTESIAN_POINT('Origin',(-7.25,0.,-28.5952356171443));
#4213=CARTESIAN_POINT('',(-7.74152542372882,6.,-30.5338956589846));
#4214=CARTESIAN_POINT('',(-5.25,6.,-28.5952356171443));
#4215=CARTESIAN_POINT('Origin',(-7.25,6.,-28.5952356171443));
#4216=CARTESIAN_POINT('',(-7.74152542372882,0.,-30.5338956589846));
#4217=CARTESIAN_POINT('',(-5.25,0.,-28.5952356171443));
#4218=CARTESIAN_POINT('Origin',(-17.9028589284343,10.,-7.64981060122937));
#4219=CARTESIAN_POINT('',(-21.3899801308931,10.,-13.9653589284343));
#4220=CARTESIAN_POINT('',(-22.8041936932662,12.,-12.5511453660612));
#4221=CARTESIAN_POINT('Origin',(-22.8041936932662,10.,-12.5511453660612));
#4222=CARTESIAN_POINT('',(-16.4886453660612,10.,-9.06402416360247));
#4223=CARTESIAN_POINT('',(-17.9028589284343,12.,-7.64981060122937));
#4224=CARTESIAN_POINT('Origin',(-17.6776695296637,10.,-17.6776695296637));
#4225=CARTESIAN_POINT('',(-17.2229877226044,10.,-12.4473956884266));
#4226=CARTESIAN_POINT('',(-17.0497756056294,12.,-10.4549104155743));
#4227=CARTESIAN_POINT('Origin',(-17.0497756056294,10.,-10.4549104155743));
#4228=CARTESIAN_POINT('Origin',(-17.6776695296637,10.,-17.6776695296637));
#4229=CARTESIAN_POINT('Origin',(-17.6776695296637,12.,-17.6776695296637));
#4230=CARTESIAN_POINT('Ctrl Pts',(-10.4549104155743,12.,-17.0497756056294));
#4231=CARTESIAN_POINT('Ctrl Pts',(-10.4911052024574,12.,-16.9700641447625));
#4232=CARTESIAN_POINT('Ctrl Pts',(-10.5694035144838,12.0036103080307,-16.8086871124277));
#4233=CARTESIAN_POINT('Ctrl Pts',(-10.7485160260769,12.0232216758764,-16.4795910872671));
#4234=CARTESIAN_POINT('Ctrl Pts',(-11.1184486400362,12.0847165727748,-15.8888540636283));
#4235=CARTESIAN_POINT('Ctrl Pts',(-11.7908892772437,12.2181363519498,-15.0111564036432));
#4236=CARTESIAN_POINT('Ctrl Pts',(-12.7846993002579,12.3513518074011,-13.9034286930697));
#4237=CARTESIAN_POINT('Ctrl Pts',(-14.2790397308464,12.3516308606641,-12.4110044655637));
#4238=CARTESIAN_POINT('Ctrl Pts',(-15.5543384556923,12.1193443643346,-11.32829357524));
#4239=CARTESIAN_POINT('Ctrl Pts',(-16.4790802966491,12.0233171652762,-10.7487703838861));
#4240=CARTESIAN_POINT('Ctrl Pts',(-16.7675844062619,12.0060534731544,-10.5917720738095));
#4241=CARTESIAN_POINT('Ctrl Pts',(-16.92967221321,12.0009094705863,-10.5106999744325));
#4242=CARTESIAN_POINT('Ctrl Pts',(-17.009919875196,12.,-10.4730078090158));
#4243=CARTESIAN_POINT('Ctrl Pts',(-17.0497756056294,12.,-10.4549104155743));
#4244=CARTESIAN_POINT('Ctrl Pts',(-11.0510606151532,12.,-17.101600549839));
#4245=CARTESIAN_POINT('Ctrl Pts',(-11.0808071975308,11.9910054536706,-17.0316073624712));
#4246=CARTESIAN_POINT('Ctrl Pts',(-11.1448312542896,11.9762396416119,-16.8878182220444));
#4247=CARTESIAN_POINT('Ctrl Pts',(-11.2905975020283,11.9584957998606,-16.5868567096966));
#4248=CARTESIAN_POINT('Ctrl Pts',(-11.592853373451,11.9586371938245,-16.0279614794887));
#4249=CARTESIAN_POINT('Ctrl Pts',(-12.1565144314155,12.0310429907502,-15.1635969300586));
#4250=CARTESIAN_POINT('Ctrl Pts',(-13.0360940381847,12.1395059384123,-14.0818579014509));
#4251=CARTESIAN_POINT('Ctrl Pts',(-14.4311316323284,12.1373182791066,-12.6855672568979));
#4252=CARTESIAN_POINT('Ctrl Pts',(-15.7103101863475,11.9560368515237,-11.7633304954405));
#4253=CARTESIAN_POINT('Ctrl Pts',(-16.5865558158361,11.9587884330459,-11.2908993537252));
#4254=CARTESIAN_POINT('Ctrl Pts',(-16.850219181714,11.9738592916036,-11.1629766993214));
#4255=CARTESIAN_POINT('Ctrl Pts',(-16.9956350489636,11.9873566679289,-11.096844618594));
#4256=CARTESIAN_POINT('Ctrl Pts',(-17.0666039561552,11.9955027268353,-11.065933906342));
#4257=CARTESIAN_POINT('Ctrl Pts',(-17.101600549839,12.,-11.0510606151532));
#4258=CARTESIAN_POINT('Ctrl Pts',(-12.0835083677498,11.4982906131318,-17.1913540166927));
#4259=CARTESIAN_POINT('Ctrl Pts',(-12.0962103017575,11.4844161122245,-17.1272153276955));
#4260=CARTESIAN_POINT('Ctrl Pts',(-12.1244220169216,11.4603968099363,-16.9941806478087));
#4261=CARTESIAN_POINT('Ctrl Pts',(-12.1942584549854,11.4282326639857,-16.7107603920969));
#4262=CARTESIAN_POINT('Ctrl Pts',(-12.3562578318116,11.4128665345267,-16.1743534556071));
#4263=CARTESIAN_POINT('Ctrl Pts',(-12.7221423329929,11.4926480030066,-15.333813301501));
#4264=CARTESIAN_POINT('Ctrl Pts',(-13.4064710210519,11.6261195776461,-14.3186331039446));
#4265=CARTESIAN_POINT('Ctrl Pts',(-14.6217508137061,11.6238819690738,-13.098887221963));
#4266=CARTESIAN_POINT('Ctrl Pts',(-15.8680956344941,11.4013536524547,-12.4459200600026));
#4267=CARTESIAN_POINT('Ctrl Pts',(-16.7106507136432,11.4286688901152,-12.1946928820717));
#4268=CARTESIAN_POINT('Ctrl Pts',(-16.9587037090355,11.4563240485996,-12.1330896347925));
#4269=CARTESIAN_POINT('Ctrl Pts',(-17.0939608078723,11.4784503700609,-12.1033034927684));
#4270=CARTESIAN_POINT('Ctrl Pts',(-17.1592846721941,11.4913533626782,-12.0898593347536));
#4271=CARTESIAN_POINT('Ctrl Pts',(-17.1913540166927,11.4982906131318,-12.0835083677498));
#4272=CARTESIAN_POINT('Ctrl Pts',(-12.4473956884266,10.4487989505128,-17.2229877226044));
#4273=CARTESIAN_POINT('Ctrl Pts',(-12.4542048982358,10.4446784435779,-17.143807558827));
#4274=CARTESIAN_POINT('Ctrl Pts',(-12.4715894605597,10.442600910717,-16.9840204739926));
#4275=CARTESIAN_POINT('Ctrl Pts',(-12.5218795996944,10.460579181596,-16.6607178339258));
#4276=CARTESIAN_POINT('Ctrl Pts',(-12.6526836175423,10.5423028243151,-16.0887839147563));
#4277=CARTESIAN_POINT('Ctrl Pts',(-12.9672232448751,10.7532358007901,-15.2772212738705));
#4278=CARTESIAN_POINT('Ctrl Pts',(-13.5587537468336,10.9798266954227,-14.3580968699202));
#4279=CARTESIAN_POINT('Ctrl Pts',(-14.6252821612921,10.9795826066729,-13.291134720808));
#4280=CARTESIAN_POINT('Ctrl Pts',(-15.7634896871837,10.5875055855141,-12.7261419203333));
#4281=CARTESIAN_POINT('Ctrl Pts',(-16.6604174483499,10.4608454675705,-12.5220333062007));
#4282=CARTESIAN_POINT('Ctrl Pts',(-16.9435967249984,10.444828206597,-12.4778175057883));
#4283=CARTESIAN_POINT('Ctrl Pts',(-17.103836605979,10.4441796360329,-12.4585680761645));
#4284=CARTESIAN_POINT('Ctrl Pts',(-17.1833976407157,10.4467386970454,-12.4508002933312));
#4285=CARTESIAN_POINT('Ctrl Pts',(-17.2229877226044,10.4487989505128,-12.4473956884266));
#4286=CARTESIAN_POINT('Ctrl Pts',(-12.4473956884266,10.,-17.2229877226044));
#4287=CARTESIAN_POINT('Ctrl Pts',(-12.455044964716,10.,-17.1349969363894));
#4288=CARTESIAN_POINT('Ctrl Pts',(-12.4748009375946,10.0072206160613,-16.9593702155232));
#4289=CARTESIAN_POINT('Ctrl Pts',(-12.5317627673328,10.0464433517528,-16.6117109137869));
#4290=CARTESIAN_POINT('Ctrl Pts',(-12.6763175878192,10.1694331455497,-16.015771048412));
#4291=CARTESIAN_POINT('Ctrl Pts',(-13.0035052348155,10.4362727038996,-15.2142680291552));
#4292=CARTESIAN_POINT('Ctrl Pts',(-13.5801436145695,10.7027036148021,-14.3379081555893));
#4293=CARTESIAN_POINT('Ctrl Pts',(-14.5922353967992,10.7032617213283,-13.3279490283785));
#4294=CARTESIAN_POINT('Ctrl Pts',(-15.6770858932721,10.2386887286692,-12.7591577289381));
#4295=CARTESIAN_POINT('Ctrl Pts',(-16.6113507352779,10.0466343305524,-12.5317341282709));
#4296=CARTESIAN_POINT('Ctrl Pts',(-16.9159029954354,10.0121069463089,-12.4819337982081));
#4297=CARTESIAN_POINT('Ctrl Pts',(-17.0910585155669,10.0018189411726,-12.4599757078514));
#4298=CARTESIAN_POINT('Ctrl Pts',(-17.1789923294969,10.,-12.4512203265713));
#4299=CARTESIAN_POINT('Ctrl Pts',(-17.2229877226044,10.,-12.4473956884266));
#4300=CARTESIAN_POINT('',(-10.4549104155743,12.,-17.0497756056294));
#4301=CARTESIAN_POINT('Ctrl Pts',(-10.4549104155743,12.,-17.0497756056294));
#4302=CARTESIAN_POINT('Ctrl Pts',(-10.4911052024574,12.,-16.9700641447625));
#4303=CARTESIAN_POINT('Ctrl Pts',(-10.5694035144838,12.0036103080307,-16.8086871124277));
#4304=CARTESIAN_POINT('Ctrl Pts',(-10.7485160260769,12.0232216758764,-16.4795910872671));
#4305=CARTESIAN_POINT('Ctrl Pts',(-11.1184486400362,12.0847165727748,-15.8888540636283));
#4306=CARTESIAN_POINT('Ctrl Pts',(-11.7908892772437,12.2181363519498,-15.0111564036432));
#4307=CARTESIAN_POINT('Ctrl Pts',(-12.7846993002579,12.3513518074011,-13.9034286930697));
#4308=CARTESIAN_POINT('Ctrl Pts',(-14.2790397308464,12.3516308606641,-12.4110044655637));
#4309=CARTESIAN_POINT('Ctrl Pts',(-15.5543384556923,12.1193443643346,-11.32829357524));
#4310=CARTESIAN_POINT('Ctrl Pts',(-16.4790802966491,12.0233171652762,-10.7487703838861));
#4311=CARTESIAN_POINT('Ctrl Pts',(-16.7675844062619,12.0060534731544,-10.5917720738095));
#4312=CARTESIAN_POINT('Ctrl Pts',(-16.92967221321,12.0009094705863,-10.5106999744325));
#4313=CARTESIAN_POINT('Ctrl Pts',(-17.009919875196,12.,-10.4730078090158));
#4314=CARTESIAN_POINT('Ctrl Pts',(-17.0497756056294,12.,-10.4549104155743));
#4315=CARTESIAN_POINT('',(-12.4473956884266,10.,-17.2229877226044));
#4316=CARTESIAN_POINT('Origin',(-10.4549104155743,10.,-17.0497756056294));
#4317=CARTESIAN_POINT('Ctrl Pts',(-17.2229877226044,10.,-12.4473956884266));
#4318=CARTESIAN_POINT('Ctrl Pts',(-17.1789923294969,10.,-12.4512203265713));
#4319=CARTESIAN_POINT('Ctrl Pts',(-17.0910585155669,10.0018189411726,-12.4599757078514));
#4320=CARTESIAN_POINT('Ctrl Pts',(-16.9159029954354,10.0121069463089,-12.4819337982081));
#4321=CARTESIAN_POINT('Ctrl Pts',(-16.6113507352779,10.0466343305524,-12.5317341282709));
#4322=CARTESIAN_POINT('Ctrl Pts',(-15.6770858932721,10.2386887286692,-12.7591577289381));
#4323=CARTESIAN_POINT('Ctrl Pts',(-14.5922353967992,10.7032617213283,-13.3279490283785));
#4324=CARTESIAN_POINT('Ctrl Pts',(-13.5801436145695,10.7027036148021,-14.3379081555893));
#4325=CARTESIAN_POINT('Ctrl Pts',(-13.0035052348155,10.4362727038996,-15.2142680291552));
#4326=CARTESIAN_POINT('Ctrl Pts',(-12.6763175878192,10.1694331455497,-16.015771048412));
#4327=CARTESIAN_POINT('Ctrl Pts',(-12.5317627673328,10.0464433517528,-16.6117109137869));
#4328=CARTESIAN_POINT('Ctrl Pts',(-12.4748009375946,10.0072206160613,-16.9593702155232));
#4329=CARTESIAN_POINT('Ctrl Pts',(-12.455044964716,10.,-17.1349969363894));
#4330=CARTESIAN_POINT('Ctrl Pts',(-12.4473956884266,10.,-17.2229877226044));
#4331=CARTESIAN_POINT('Origin',(-17.6776695296637,10.,-17.6776695296637));
#4332=CARTESIAN_POINT('',(-13.9653589284343,10.,-21.3899801308931));
#4333=CARTESIAN_POINT('',(-12.5511453660612,12.,-22.8041936932662));
#4334=CARTESIAN_POINT('Origin',(-12.5511453660612,10.,-22.8041936932662));
#4335=CARTESIAN_POINT('Origin',(-17.6776695296637,10.,-17.6776695296637));
#4336=CARTESIAN_POINT('Origin',(-17.6776695296637,12.,-17.6776695296637));
#4337=CARTESIAN_POINT('Origin',(-9.79213868465728,10.,-20.0451870118622));
#4338=CARTESIAN_POINT('',(-11.2063522470304,10.,-18.6309734494891));
#4339=CARTESIAN_POINT('',(-9.79213868465728,12.,-20.0451870118622));
#4340=CARTESIAN_POINT('Origin',(-15.0933608509074,0.,-25.3464091781123));
#4341=CARTESIAN_POINT('',(-16.5075744132805,6.,-23.9321956157392));
#4342=CARTESIAN_POINT('',(-16.1166395526638,6.,-27.0648098003572));
#4343=CARTESIAN_POINT('Origin',(-15.0933608509074,6.,-25.3464091781123));
#4344=CARTESIAN_POINT('',(-16.5075744132805,0.,-23.9321956157392));
#4345=CARTESIAN_POINT('',(-16.1166395526638,0.,-27.0648098003572));
#4346=CARTESIAN_POINT('Origin',(0.,10.,0.));
#4347=CARTESIAN_POINT('Origin',(0.,10.,0.));
#4348=CARTESIAN_POINT('Origin',(0.,12.,0.));
#4349=CARTESIAN_POINT('Origin',(-20.375,10.,7.25));
#4350=CARTESIAN_POINT('',(-25.,10.,5.25));
#4351=CARTESIAN_POINT('',(-25.,12.,7.25));
#4352=CARTESIAN_POINT('Origin',(-25.,10.,7.25));
#4353=CARTESIAN_POINT('',(-20.375,10.,5.25));
#4354=CARTESIAN_POINT('',(-20.375,12.,7.25));
#4355=CARTESIAN_POINT('Origin',(-25.,10.,-5.55111512312578E-15));
#4356=CARTESIAN_POINT('',(-20.9801293103448,10.,3.37685351154758));
#4357=CARTESIAN_POINT('',(-19.44875,12.,4.66327389689904));
#4358=CARTESIAN_POINT('Origin',(-19.44875,10.,4.66327389689904));
#4359=CARTESIAN_POINT('Origin',(-25.,10.,-5.55111512312578E-15));
#4360=CARTESIAN_POINT('Origin',(-25.,12.,-5.55111512312578E-15));
#4361=CARTESIAN_POINT('Ctrl Pts',(-19.44875,12.,-4.66327389689904));
#4362=CARTESIAN_POINT('Ctrl Pts',(-19.4410571351301,12.,-4.64278402439987));
#4363=CARTESIAN_POINT('Ctrl Pts',(-19.425842739377,12.0002259451532,-4.60144977544021));
#4364=CARTESIAN_POINT('Ctrl Pts',(-19.3961159440904,12.0015471835558,-4.51741759534721));
#4365=CARTESIAN_POINT('Ctrl Pts',(-19.3459266807591,12.0060745189682,-4.36677739475308));
#4366=CARTESIAN_POINT('Ctrl Pts',(-19.2796379785983,12.0183375878773,-4.14214209060544));
#4367=CARTESIAN_POINT('Ctrl Pts',(-19.2084327768844,12.0408614994824,-3.857936419322));
#4368=CARTESIAN_POINT('Ctrl Pts',(-18.9993193484004,12.1358640999632,-2.86964176975727));
#4369=CARTESIAN_POINT('Ctrl Pts',(-18.8725537524914,12.3517035617562,-1.32033963164335));
#4370=CARTESIAN_POINT('Ctrl Pts',(-18.8713783956,12.3513460255164,0.790926695808672));
#4371=CARTESIAN_POINT('Ctrl Pts',(-18.9518679386731,12.2181469029477,2.27725385572623));
#4372=CARTESIAN_POINT('Ctrl Pts',(-19.0970728122329,12.0847143637828,3.37323813963702));
#4373=CARTESIAN_POINT('Ctrl Pts',(-19.2531195430722,12.0232395977408,4.05227113360826));
#4374=CARTESIAN_POINT('Ctrl Pts',(-19.345947324786,12.0060658848381,4.3668377110204));
#4375=CARTESIAN_POINT('Ctrl Pts',(-19.3961175841999,12.001546754422,4.51742050504134));
#4376=CARTESIAN_POINT('Ctrl Pts',(-19.4221281068022,12.0003905590513,4.59094876217377));
#4377=CARTESIAN_POINT('Ctrl Pts',(-19.4372539008053,12.0000562504511,4.63245140025589));
#4378=CARTESIAN_POINT('Ctrl Pts',(-19.444903567565,12.,4.65302896064944));
#4379=CARTESIAN_POINT('Ctrl Pts',(-19.44875,12.,4.66327389689903));
#4380=CARTESIAN_POINT('Ctrl Pts',(-19.9069376182132,12.,-4.27837781765635));
#4381=CARTESIAN_POINT('Ctrl Pts',(-19.8998228351814,11.9977513251101,-4.2607458503996));
#4382=CARTESIAN_POINT('Ctrl Pts',(-19.8856238179422,11.9934606221812,-4.22510673037635));
#4383=CARTESIAN_POINT('Ctrl Pts',(-19.8573619473628,11.9856167482345,-4.15239459886532));
#4384=CARTESIAN_POINT('Ctrl Pts',(-19.8083181393673,11.9739408431971,-4.02134590311165));
#4385=CARTESIAN_POINT('Ctrl Pts',(-19.7396577761368,11.9628786668109,-3.82381520280203));
#4386=CARTESIAN_POINT('Ctrl Pts',(-19.6604369592959,11.95862736744,-3.57071500899294));
#4387=CARTESIAN_POINT('Ctrl Pts',(-19.4087025620409,11.9684997878514,-2.68022324454073));
#4388=CARTESIAN_POINT('Ctrl Pts',(-19.174484300198,12.1378272657518,-1.23381938741183));
#4389=CARTESIAN_POINT('Ctrl Pts',(-19.1753071249206,12.1395586641406,0.73933354419931));
#4390=CARTESIAN_POINT('Ctrl Pts',(-19.3182597885595,12.0311981863675,2.12648652559568));
#4391=CARTESIAN_POINT('Ctrl Pts',(-19.5308822744539,11.9585736453034,3.13617465239074));
#4392=CARTESIAN_POINT('Ctrl Pts',(-19.7122692451023,11.9584444502497,3.74485996096701));
#4393=CARTESIAN_POINT('Ctrl Pts',(-19.8083266842524,11.9739259908308,4.02138942100446));
#4394=CARTESIAN_POINT('Ctrl Pts',(-19.8573670383248,11.9856039360073,4.1524057012302));
#4395=CARTESIAN_POINT('Ctrl Pts',(-19.8820919025255,11.9924679809027,4.21602508475102));
#4396=CARTESIAN_POINT('Ctrl Pts',(-19.8962733021628,11.9966776382111,4.25183708881225));
#4397=CARTESIAN_POINT('Ctrl Pts',(-19.9033802266973,11.998875662555,4.26956183402796));
#4398=CARTESIAN_POINT('Ctrl Pts',(-19.9069376182132,12.,4.27837781765634));
#4399=CARTESIAN_POINT('Ctrl Pts',(-20.7004885997246,11.4983453142061,-3.6117629871334));
#4400=CARTESIAN_POINT('Ctrl Pts',(-20.6913956252563,11.4948766298881,-3.59817912432451));
#4401=CARTESIAN_POINT('Ctrl Pts',(-20.6731239254825,11.4881720710097,-3.57067479634108));
#4402=CARTESIAN_POINT('Ctrl Pts',(-20.6362642647476,11.4757091927902,-3.51431381624582));
#4403=CARTESIAN_POINT('Ctrl Pts',(-20.5711053550562,11.4564987996875,-3.4120689260933));
#4404=CARTESIAN_POINT('Ctrl Pts',(-20.4765329310523,11.4362162122337,-3.25594563852788));
#4405=CARTESIAN_POINT('Ctrl Pts',(-20.3634424806145,11.424204550254,-3.05218636268477));
#4406=CARTESIAN_POINT('Ctrl Pts',(-19.9909067751992,11.4170533250094,-2.3241279280621));
#4407=CARTESIAN_POINT('Ctrl Pts',(-19.6017484419687,11.6242824357328,-1.07644232159881));
#4408=CARTESIAN_POINT('Ctrl Pts',(-19.6045954507193,11.6260924498799,0.644904128469794));
#4409=CARTESIAN_POINT('Ctrl Pts',(-19.838637056057,11.4927410477681,1.84685845902714));
#4410=CARTESIAN_POINT('Ctrl Pts',(-20.1742557199637,11.4129432817763,2.69979689198984));
#4411=CARTESIAN_POINT('Ctrl Pts',(-20.4388925548771,11.4283030086876,3.19346139290316));
#4412=CARTESIAN_POINT('Ctrl Pts',(-20.5710884184015,11.4564545417474,3.41211302048293));
#4413=CARTESIAN_POINT('Ctrl Pts',(-20.6362753083053,11.4757225288647,3.51431195900547));
#4414=CARTESIAN_POINT('Ctrl Pts',(-20.6685171485452,11.4866165169102,3.56362937408616));
#4415=CARTESIAN_POINT('Ctrl Pts',(-20.6868275668874,11.4931999700946,3.59130361927285));
#4416=CARTESIAN_POINT('Ctrl Pts',(-20.6959421124904,11.4966109720471,3.60497105572895));
#4417=CARTESIAN_POINT('Ctrl Pts',(-20.7004885997246,11.4983453142061,3.61176298713339));
#4418=CARTESIAN_POINT('Ctrl Pts',(-20.9801293103448,10.4487989505128,-3.37685351154758));
#4419=CARTESIAN_POINT('Ctrl Pts',(-20.967335594318,10.44776880623,-3.36165233529284));
#4420=CARTESIAN_POINT('Ctrl Pts',(-20.9418486512176,10.4460938276765,-3.33101523849681));
#4421=CARTESIAN_POINT('Ctrl Pts',(-20.891298802785,10.4442462154069,-3.26884429350011));
#4422=CARTESIAN_POINT('Ctrl Pts',(-20.8040437292285,10.4448943228958,-3.15767359472562));
#4423=CARTESIAN_POINT('Ctrl Pts',(-20.6833217362787,10.4560773463643,-2.99249294014524));
#4424=CARTESIAN_POINT('Ctrl Pts',(-20.5459545596246,10.4841280639539,-2.78436170866896));
#4425=CARTESIAN_POINT('Ctrl Pts',(-20.1162924982997,10.6153555352493,-2.0620446652847));
#4426=CARTESIAN_POINT('Ctrl Pts',(-19.7398813085828,10.9797819100466,-0.943037325556834));
#4427=CARTESIAN_POINT('Ctrl Pts',(-19.7402201189184,10.9797970905622,0.565122683813594));
#4428=CARTESIAN_POINT('Ctrl Pts',(-19.9718396262675,10.7532615137513,1.63353123229273));
#4429=CARTESIAN_POINT('Ctrl Pts',(-20.3233178503357,10.542314047371,2.42974794085363));
#4430=CARTESIAN_POINT('Ctrl Pts',(-20.6350936358781,10.460613601849,2.92645908784885));
#4431=CARTESIAN_POINT('Ctrl Pts',(-20.8040636438172,10.4448679740165,3.15770865303975));
#4432=CARTESIAN_POINT('Ctrl Pts',(-20.8913022433417,10.4442507917915,3.26885129712049));
#4433=CARTESIAN_POINT('Ctrl Pts',(-20.9355294425344,10.445863554156,3.32324814896311));
#4434=CARTESIAN_POINT('Ctrl Pts',(-20.9609641292168,10.4473496068065,3.3539937581302));
#4435=CARTESIAN_POINT('Ctrl Pts',(-20.9737324523314,10.4482838783714,3.36925292342021));
#4436=CARTESIAN_POINT('Ctrl Pts',(-20.9801293103448,10.4487989505128,3.37685351154757));
#4437=CARTESIAN_POINT('Ctrl Pts',(-20.9801293103448,10.,-3.37685351154758));
#4438=CARTESIAN_POINT('Ctrl Pts',(-20.9659265617724,10.,-3.35994628933505));
#4439=CARTESIAN_POINT('Ctrl Pts',(-20.9377280019132,10.0004518903063,-3.32594577676404));
#4440=CARTESIAN_POINT('Ctrl Pts',(-20.8821970610313,10.0030943671116,-3.25723889571678));
#4441=CARTESIAN_POINT('Ctrl Pts',(-20.7873180064353,10.0121490379364,-3.13520846680764));
#4442=CARTESIAN_POINT('Ctrl Pts',(-20.6588114254094,10.0366751757547,-2.95628357974182));
#4443=CARTESIAN_POINT('Ctrl Pts',(-20.5161249737007,10.0817229989647,-2.73512350799434));
#4444=CARTESIAN_POINT('Ctrl Pts',(-20.0816275809019,10.2717281999263,-1.97996646317171));
#4445=CARTESIAN_POINT('Ctrl Pts',(-19.7423269348624,10.7034071235125,-0.89377382148216));
#4446=CARTESIAN_POINT('Ctrl Pts',(-19.7410760076719,10.7026920510327,0.535744140829343));
#4447=CARTESIAN_POINT('Ctrl Pts',(-19.9529207057469,10.4362938058955,1.56332924926141));
#4448=CARTESIAN_POINT('Ctrl Pts',(-20.2884192494734,10.1694287275657,2.36139625821441));
#4449=CARTESIAN_POINT('Ctrl Pts',(-20.6074297753797,10.0464791954815,2.88479274256352));
#4450=CARTESIAN_POINT('Ctrl Pts',(-20.7873522013219,10.0121317696763,3.13523802864422));
#4451=CARTESIAN_POINT('Ctrl Pts',(-20.8822013493955,10.003093508844,3.25724561514238));
#4452=CARTESIAN_POINT('Ctrl Pts',(-20.9307888130725,10.0007811181026,3.31735934496158));
#4453=CARTESIAN_POINT('Ctrl Pts',(-20.9588775312415,10.0001125009022,3.35144669636147));
#4454=CARTESIAN_POINT('Ctrl Pts',(-20.9730279360586,10.,3.36839990044131));
#4455=CARTESIAN_POINT('Ctrl Pts',(-20.9801293103448,10.,3.37685351154757));
#4456=CARTESIAN_POINT('',(-19.44875,12.,-4.66327389689904));
#4457=CARTESIAN_POINT('Ctrl Pts',(-19.44875,12.,-4.66327389689904));
#4458=CARTESIAN_POINT('Ctrl Pts',(-19.4410571351301,12.,-4.64278402439987));
#4459=CARTESIAN_POINT('Ctrl Pts',(-19.425842739377,12.0002259451532,-4.60144977544021));
#4460=CARTESIAN_POINT('Ctrl Pts',(-19.3961159440904,12.0015471835558,-4.51741759534721));
#4461=CARTESIAN_POINT('Ctrl Pts',(-19.3459266807591,12.0060745189682,-4.36677739475308));
#4462=CARTESIAN_POINT('Ctrl Pts',(-19.2796379785983,12.0183375878773,-4.14214209060544));
#4463=CARTESIAN_POINT('Ctrl Pts',(-19.2084327768844,12.0408614994824,-3.857936419322));
#4464=CARTESIAN_POINT('Ctrl Pts',(-18.9993193484004,12.1358640999632,-2.86964176975727));
#4465=CARTESIAN_POINT('Ctrl Pts',(-18.8725537524914,12.3517035617562,-1.32033963164335));
#4466=CARTESIAN_POINT('Ctrl Pts',(-18.8713783956,12.3513460255164,0.790926695808672));
#4467=CARTESIAN_POINT('Ctrl Pts',(-18.9518679386731,12.2181469029477,2.27725385572623));
#4468=CARTESIAN_POINT('Ctrl Pts',(-19.0970728122329,12.0847143637828,3.37323813963702));
#4469=CARTESIAN_POINT('Ctrl Pts',(-19.2531195430722,12.0232395977408,4.05227113360826));
#4470=CARTESIAN_POINT('Ctrl Pts',(-19.345947324786,12.0060658848381,4.3668377110204));
#4471=CARTESIAN_POINT('Ctrl Pts',(-19.3961175841999,12.001546754422,4.51742050504134));
#4472=CARTESIAN_POINT('Ctrl Pts',(-19.4221281068022,12.0003905590513,4.59094876217377));
#4473=CARTESIAN_POINT('Ctrl Pts',(-19.4372539008053,12.0000562504511,4.63245140025589));
#4474=CARTESIAN_POINT('Ctrl Pts',(-19.444903567565,12.,4.65302896064944));
#4475=CARTESIAN_POINT('Ctrl Pts',(-19.44875,12.,4.66327389689903));
#4476=CARTESIAN_POINT('',(-20.9801293103448,10.,-3.37685351154758));
#4477=CARTESIAN_POINT('Origin',(-19.44875,10.,-4.66327389689904));
#4478=CARTESIAN_POINT('Ctrl Pts',(-20.9801293103448,10.,3.37685351154757));
#4479=CARTESIAN_POINT('Ctrl Pts',(-20.9730279360586,10.,3.36839990044131));
#4480=CARTESIAN_POINT('Ctrl Pts',(-20.9588775312415,10.0001125009022,3.35144669636147));
#4481=CARTESIAN_POINT('Ctrl Pts',(-20.9307888130725,10.0007811181026,3.31735934496158));
#4482=CARTESIAN_POINT('Ctrl Pts',(-20.8822013493955,10.003093508844,3.25724561514238));
#4483=CARTESIAN_POINT('Ctrl Pts',(-20.7873522013219,10.0121317696763,3.13523802864422));
#4484=CARTESIAN_POINT('Ctrl Pts',(-20.6074297753797,10.0464791954815,2.88479274256352));
#4485=CARTESIAN_POINT('Ctrl Pts',(-20.2884192494734,10.1694287275657,2.36139625821441));
#4486=CARTESIAN_POINT('Ctrl Pts',(-19.9529207057469,10.4362938058955,1.56332924926141));
#4487=CARTESIAN_POINT('Ctrl Pts',(-19.7410760076719,10.7026920510327,0.535744140829343));
#4488=CARTESIAN_POINT('Ctrl Pts',(-19.7423269348624,10.7034071235125,-0.89377382148216));
#4489=CARTESIAN_POINT('Ctrl Pts',(-20.0816275809019,10.2717281999263,-1.97996646317171));
#4490=CARTESIAN_POINT('Ctrl Pts',(-20.5161249737007,10.0817229989647,-2.73512350799434));
#4491=CARTESIAN_POINT('Ctrl Pts',(-20.6588114254094,10.0366751757547,-2.95628357974182));
#4492=CARTESIAN_POINT('Ctrl Pts',(-20.7873180064353,10.0121490379364,-3.13520846680764));
#4493=CARTESIAN_POINT('Ctrl Pts',(-20.8821970610313,10.0030943671116,-3.25723889571678));
#4494=CARTESIAN_POINT('Ctrl Pts',(-20.9377280019132,10.0004518903063,-3.32594577676404));
#4495=CARTESIAN_POINT('Ctrl Pts',(-20.9659265617724,10.,-3.35994628933505));
#4496=CARTESIAN_POINT('Ctrl Pts',(-20.9801293103448,10.,-3.37685351154758));
#4497=CARTESIAN_POINT('Origin',(-25.,10.,-5.55111512312578E-15));
#4498=CARTESIAN_POINT('',(-25.,10.,-5.25000000000001));
#4499=CARTESIAN_POINT('',(-25.,12.,-7.25000000000001));
#4500=CARTESIAN_POINT('Origin',(-25.,10.,-7.25000000000001));
#4501=CARTESIAN_POINT('Origin',(-25.,10.,-5.55111512312578E-15));
#4502=CARTESIAN_POINT('Origin',(-25.,12.,-5.55111512312578E-15));
#4503=CARTESIAN_POINT('Origin',(-23.4047094306365,10.,-7.25000000000001));
#4504=CARTESIAN_POINT('',(-23.4047094306365,10.,-5.25000000000001));
#4505=CARTESIAN_POINT('',(-23.4047094306365,12.,-7.25000000000001));
#4506=CARTESIAN_POINT('Origin',(-28.5952356171443,0.,-7.25000000000001));
#4507=CARTESIAN_POINT('',(-28.5952356171443,6.,-5.25000000000001));
#4508=CARTESIAN_POINT('',(-30.5338956589846,6.,-7.74152542372882));
#4509=CARTESIAN_POINT('Origin',(-28.5952356171443,6.,-7.25000000000001));
#4510=CARTESIAN_POINT('',(-28.5952356171443,0.,-5.25000000000001));
#4511=CARTESIAN_POINT('',(-30.5338956589846,0.,-7.74152542372882));
#4512=CARTESIAN_POINT('Origin',(0.,10.,0.));
#4513=CARTESIAN_POINT('Origin',(0.,10.,0.));
#4514=CARTESIAN_POINT('Origin',(0.,12.,0.));
#4515=CARTESIAN_POINT('Origin',(-7.64981060122938,10.,17.9028589284343));
#4516=CARTESIAN_POINT('',(-13.9653589284343,10.,21.3899801308931));
#4517=CARTESIAN_POINT('',(-12.5511453660612,12.,22.8041936932662));
#4518=CARTESIAN_POINT('Origin',(-12.5511453660612,10.,22.8041936932662));
#4519=CARTESIAN_POINT('',(-9.06402416360247,10.,16.4886453660612));
#4520=CARTESIAN_POINT('',(-7.64981060122938,12.,17.9028589284343));
#4521=CARTESIAN_POINT('Origin',(-17.6776695296637,10.,17.6776695296637));
#4522=CARTESIAN_POINT('',(-12.4473956884266,10.,17.2229877226044));
#4523=CARTESIAN_POINT('',(-10.4549104155743,12.,17.0497756056294));
#4524=CARTESIAN_POINT('Origin',(-10.4549104155743,10.,17.0497756056294));
#4525=CARTESIAN_POINT('Origin',(-17.6776695296637,10.,17.6776695296637));
#4526=CARTESIAN_POINT('Origin',(-17.6776695296637,12.,17.6776695296637));
#4527=CARTESIAN_POINT('Ctrl Pts',(-17.0497756056294,12.,10.4549104155743));
#4528=CARTESIAN_POINT('Ctrl Pts',(-17.009919875196,12.,10.4730078090158));
#4529=CARTESIAN_POINT('Ctrl Pts',(-16.9296823655039,12.0009093564875,10.510694826231));
#4530=CARTESIAN_POINT('Ctrl Pts',(-16.767638185973,12.0060516236874,10.5917451835843));
#4531=CARTESIAN_POINT('Ctrl Pts',(-16.4792057842917,12.0233065457331,10.7486939942924));
#4532=CARTESIAN_POINT('Ctrl Pts',(-15.5542205401222,12.1193497519698,11.3283608429413));
#4533=CARTESIAN_POINT('Ctrl Pts',(-14.2790583168423,12.3516492766555,12.4109962204443));
#4534=CARTESIAN_POINT('Ctrl Pts',(-12.7846260749846,12.3513436650872,13.9034782838186));
#4535=CARTESIAN_POINT('Ctrl Pts',(-11.7908105714176,12.2181333972079,15.0112579159175));
#4536=CARTESIAN_POINT('Ctrl Pts',(-11.0512239019793,12.0713579687201,15.9764827146817));
#4537=CARTESIAN_POINT('Ctrl Pts',(-10.6729333097773,12.0112129917904,16.6052724098611));
#4538=CARTESIAN_POINT('Ctrl Pts',(-10.520823810604,12.0015474731226,16.9094371540471));
#4539=CARTESIAN_POINT('Ctrl Pts',(-10.4824259359286,12.0002246686666,16.9898664991371));
#4540=CARTESIAN_POINT('Ctrl Pts',(-10.4639591122951,12.,17.0298477404127));
#4541=CARTESIAN_POINT('Ctrl Pts',(-10.4549104155743,12.,17.0497756056294));
#4542=CARTESIAN_POINT('Ctrl Pts',(-17.101600549839,12.,11.0510606151532));
#4543=CARTESIAN_POINT('Ctrl Pts',(-17.0666039561552,11.9955027268353,11.065933906342));
#4544=CARTESIAN_POINT('Ctrl Pts',(-16.9956436222471,11.9873604656289,11.0968407148786));
#4545=CARTESIAN_POINT('Ctrl Pts',(-16.8502664344214,11.973868934515,11.1629558551463));
#4546=CARTESIAN_POINT('Ctrl Pts',(-16.5866715202128,11.9588046955729,11.2908381445598));
#4547=CARTESIAN_POINT('Ctrl Pts',(-15.7101964449784,11.9560800564734,11.7633998625567));
#4548=CARTESIAN_POINT('Ctrl Pts',(-14.4311628734047,12.1374724933668,12.6855497280751));
#4549=CARTESIAN_POINT('Ctrl Pts',(-13.0360881006865,12.1396757475853,14.0819243082999));
#4550=CARTESIAN_POINT('Ctrl Pts',(-12.1564972318615,12.0312309608697,15.1636413284758));
#4551=CARTESIAN_POINT('Ctrl Pts',(-11.5366837658201,11.9517033143534,16.1143461877466));
#4552=CARTESIAN_POINT('Ctrl Pts',(-11.2291885941162,11.9603369650282,16.7047954967953));
#4553=CARTESIAN_POINT('Ctrl Pts',(-11.1050857168421,11.9856181014963,16.9774767844633));
#4554=CARTESIAN_POINT('Ctrl Pts',(-11.0736523733027,11.993449142918,17.0488692619233));
#4555=CARTESIAN_POINT('Ctrl Pts',(-11.0584972607476,11.9977513634177,17.0841022529971));
#4556=CARTESIAN_POINT('Ctrl Pts',(-11.0510606151532,12.,17.101600549839));
#4557=CARTESIAN_POINT('Ctrl Pts',(-17.1913540166927,11.4982906131318,12.0835083677498));
#4558=CARTESIAN_POINT('Ctrl Pts',(-17.1592846721941,11.4913533626782,12.0898593347536));
#4559=CARTESIAN_POINT('Ctrl Pts',(-17.0939692370717,11.47845097777,12.1033009566697));
#4560=CARTESIAN_POINT('Ctrl Pts',(-16.9587484395155,11.4563289326627,12.1330794901272));
#4561=CARTESIAN_POINT('Ctrl Pts',(-16.7107631212785,11.4286721348221,12.1946570921209));
#4562=CARTESIAN_POINT('Ctrl Pts',(-15.8679856277053,11.4013075540701,12.4459497611496));
#4563=CARTESIAN_POINT('Ctrl Pts',(-14.6217432982032,11.623885555874,13.098839892512));
#4564=CARTESIAN_POINT('Ctrl Pts',(-13.4063540362137,11.6259765357744,14.3187245355614));
#4565=CARTESIAN_POINT('Ctrl Pts',(-12.7220807036017,11.4926427260405,15.3338385621059));
#4566=CARTESIAN_POINT('Ctrl Pts',(-12.3194063752805,11.4043239667985,16.2586043863614));
#4567=CARTESIAN_POINT('Ctrl Pts',(-12.1630685798752,11.4343456592811,16.8235505723521));
#4568=CARTESIAN_POINT('Ctrl Pts',(-12.1070113768401,11.4756744642537,17.0770408411108));
#4569=CARTESIAN_POINT('Ctrl Pts',(-12.0932096160289,11.4881144532257,17.1429555903031));
#4570=CARTESIAN_POINT('Ctrl Pts',(-12.0866838512517,11.494821987905,17.1753193444434));
#4571=CARTESIAN_POINT('Ctrl Pts',(-12.0835083677498,11.4982906131318,17.1913540166927));
#4572=CARTESIAN_POINT('Ctrl Pts',(-17.2229877226044,10.4487989505128,12.4473956884266));
#4573=CARTESIAN_POINT('Ctrl Pts',(-17.1833976407157,10.4467386970454,12.4508002933312));
#4574=CARTESIAN_POINT('Ctrl Pts',(-17.1038467007469,10.4441794562279,12.4585671451793));
#4575=CARTESIAN_POINT('Ctrl Pts',(-16.9436502019265,10.4448266643945,12.477812276507));
#4576=CARTESIAN_POINT('Ctrl Pts',(-16.6605397929525,10.4608305941265,12.522008732327));
#4577=CARTESIAN_POINT('Ctrl Pts',(-15.7633783443011,10.5874951933647,12.7261755671588));
#4578=CARTESIAN_POINT('Ctrl Pts',(-14.6253103995188,10.979600383932,13.2911258017904));
#4579=CARTESIAN_POINT('Ctrl Pts',(-13.5587400494729,10.9797570906424,14.3581483380029));
#4580=CARTESIAN_POINT('Ctrl Pts',(-12.9672193392225,10.7532182891838,15.2772873934208));
#4581=CARTESIAN_POINT('Ctrl Pts',(-12.6213264830948,10.5209794397621,16.1698734920384));
#4582=CARTESIAN_POINT('Ctrl Pts',(-12.4970925260486,10.4455512688507,16.7832882383618));
#4583=CARTESIAN_POINT('Ctrl Pts',(-12.4609579688326,10.4442530819977,17.0838175151888));
#4584=CARTESIAN_POINT('Ctrl Pts',(-12.4527360877568,10.4460916660303,17.1635117693797));
#4585=CARTESIAN_POINT('Ctrl Pts',(-12.4490979908789,10.4477688237791,17.20319268166));
#4586=CARTESIAN_POINT('Ctrl Pts',(-12.4473956884266,10.4487989505128,17.2229877226044));
#4587=CARTESIAN_POINT('Ctrl Pts',(-17.2229877226044,10.,12.4473956884266));
#4588=CARTESIAN_POINT('Ctrl Pts',(-17.1789923294969,10.,12.4512203265713));
#4589=CARTESIAN_POINT('Ctrl Pts',(-17.0910693742969,10.001818712975,12.4599741642435));
#4590=CARTESIAN_POINT('Ctrl Pts',(-16.9159611478581,10.0121032473748,12.4819265458301));
#4591=CARTESIAN_POINT('Ctrl Pts',(-16.6114783789747,10.0466130914662,12.5317046477637));
#4592=CARTESIAN_POINT('Ctrl Pts',(-15.6769637070408,10.2386995039396,12.7591823617914));
#4593=CARTESIAN_POINT('Ctrl Pts',(-14.592250646287,10.703298553311,13.327936584508));
#4594=CARTESIAN_POINT('Ctrl Pts',(-13.5800961390957,10.7026873301744,14.3379273325636));
#4595=CARTESIAN_POINT('Ctrl Pts',(-13.0034646988579,10.4362667944158,15.2143467273146));
#4596=CARTESIAN_POINT('Ctrl Pts',(-12.6436115016761,10.1427159374402,16.095747478608));
#4597=CARTESIAN_POINT('Ctrl Pts',(-12.5038472685478,10.0224259835807,16.7406143725548));
#4598=CARTESIAN_POINT('Ctrl Pts',(-12.4627261221568,10.0030949462452,17.0691803783212));
#4599=CARTESIAN_POINT('Ctrl Pts',(-12.453410213908,10.0004493373331,17.157012896884));
#4600=CARTESIAN_POINT('Ctrl Pts',(-12.4493080074989,10.,17.2009900260506));
#4601=CARTESIAN_POINT('Ctrl Pts',(-12.4473956884266,10.,17.2229877226044));
#4602=CARTESIAN_POINT('',(-17.0497756056294,12.,10.4549104155743));
#4603=CARTESIAN_POINT('Ctrl Pts',(-17.0497756056294,12.,10.4549104155743));
#4604=CARTESIAN_POINT('Ctrl Pts',(-17.009919875196,12.,10.4730078090158));
#4605=CARTESIAN_POINT('Ctrl Pts',(-16.9296823655039,12.0009093564875,10.510694826231));
#4606=CARTESIAN_POINT('Ctrl Pts',(-16.767638185973,12.0060516236874,10.5917451835843));
#4607=CARTESIAN_POINT('Ctrl Pts',(-16.4792057842917,12.0233065457331,10.7486939942924));
#4608=CARTESIAN_POINT('Ctrl Pts',(-15.5542205401222,12.1193497519698,11.3283608429413));
#4609=CARTESIAN_POINT('Ctrl Pts',(-14.2790583168423,12.3516492766555,12.4109962204443));
#4610=CARTESIAN_POINT('Ctrl Pts',(-12.7846260749846,12.3513436650872,13.9034782838186));
#4611=CARTESIAN_POINT('Ctrl Pts',(-11.7908105714176,12.2181333972079,15.0112579159175));
#4612=CARTESIAN_POINT('Ctrl Pts',(-11.0512239019793,12.0713579687201,15.9764827146817));
#4613=CARTESIAN_POINT('Ctrl Pts',(-10.6729333097773,12.0112129917904,16.6052724098611));
#4614=CARTESIAN_POINT('Ctrl Pts',(-10.520823810604,12.0015474731226,16.9094371540471));
#4615=CARTESIAN_POINT('Ctrl Pts',(-10.4824259359286,12.0002246686666,16.9898664991371));
#4616=CARTESIAN_POINT('Ctrl Pts',(-10.4639591122951,12.,17.0298477404127));
#4617=CARTESIAN_POINT('Ctrl Pts',(-10.4549104155743,12.,17.0497756056294));
#4618=CARTESIAN_POINT('',(-17.2229877226044,10.,12.4473956884266));
#4619=CARTESIAN_POINT('Origin',(-17.0497756056294,10.,10.4549104155743));
#4620=CARTESIAN_POINT('Ctrl Pts',(-12.4473956884266,10.,17.2229877226044));
#4621=CARTESIAN_POINT('Ctrl Pts',(-12.4493080074989,10.,17.2009900260506));
#4622=CARTESIAN_POINT('Ctrl Pts',(-12.453410213908,10.0004493373331,17.157012896884));
#4623=CARTESIAN_POINT('Ctrl Pts',(-12.4627261221568,10.0030949462452,17.0691803783212));
#4624=CARTESIAN_POINT('Ctrl Pts',(-12.5038472685478,10.0224259835807,16.7406143725548));
#4625=CARTESIAN_POINT('Ctrl Pts',(-12.6436115016761,10.1427159374402,16.095747478608));
#4626=CARTESIAN_POINT('Ctrl Pts',(-13.0034646988579,10.4362667944158,15.2143467273146));
#4627=CARTESIAN_POINT('Ctrl Pts',(-13.5800961390957,10.7026873301744,14.3379273325636));
#4628=CARTESIAN_POINT('Ctrl Pts',(-14.592250646287,10.703298553311,13.327936584508));
#4629=CARTESIAN_POINT('Ctrl Pts',(-15.6769637070408,10.2386995039396,12.7591823617914));
#4630=CARTESIAN_POINT('Ctrl Pts',(-16.6114783789747,10.0466130914662,12.5317046477637));
#4631=CARTESIAN_POINT('Ctrl Pts',(-16.9159611478581,10.0121032473748,12.4819265458301));
#4632=CARTESIAN_POINT('Ctrl Pts',(-17.0910693742969,10.001818712975,12.4599741642435));
#4633=CARTESIAN_POINT('Ctrl Pts',(-17.1789923294969,10.,12.4512203265713));
#4634=CARTESIAN_POINT('Ctrl Pts',(-17.2229877226044,10.,12.4473956884266));
#4635=CARTESIAN_POINT('Origin',(-17.6776695296637,10.,17.6776695296637));
#4636=CARTESIAN_POINT('',(-21.3899801308931,10.,13.9653589284343));
#4637=CARTESIAN_POINT('',(-22.8041936932662,12.,12.5511453660612));
#4638=CARTESIAN_POINT('Origin',(-22.8041936932662,10.,12.5511453660612));
#4639=CARTESIAN_POINT('Origin',(-17.6776695296637,10.,17.6776695296637));
#4640=CARTESIAN_POINT('Origin',(-17.6776695296637,12.,17.6776695296637));
#4641=CARTESIAN_POINT('Origin',(-20.0451870118622,10.,9.79213868465727));
#4642=CARTESIAN_POINT('',(-18.6309734494891,10.,11.2063522470304));
#4643=CARTESIAN_POINT('',(-20.0451870118622,12.,9.79213868465727));
#4644=CARTESIAN_POINT('Origin',(-25.3464091781123,0.,15.0933608509074));
#4645=CARTESIAN_POINT('',(-23.9321956157392,6.,16.5075744132805));
#4646=CARTESIAN_POINT('',(-27.0648098003572,6.,16.1166395526638));
#4647=CARTESIAN_POINT('Origin',(-25.3464091781123,6.,15.0933608509074));
#4648=CARTESIAN_POINT('',(-23.9321956157392,0.,16.5075744132805));
#4649=CARTESIAN_POINT('',(-27.0648098003572,0.,16.1166395526638));
#4650=CARTESIAN_POINT('Origin',(0.,10.,0.));
#4651=CARTESIAN_POINT('Origin',(0.,10.,0.));
#4652=CARTESIAN_POINT('Origin',(0.,12.,0.));
#4653=CARTESIAN_POINT('Origin',(-7.25,10.,15.5297094306365));
#4654=CARTESIAN_POINT('',(-7.25,12.,25.));
#4655=CARTESIAN_POINT('',(-5.25,10.,25.));
#4656=CARTESIAN_POINT('Origin',(-7.25,10.,25.));
#4657=CARTESIAN_POINT('',(-7.25,12.,15.5297094306365));
#4658=CARTESIAN_POINT('',(-5.25,10.,15.5297094306365));
#4659=CARTESIAN_POINT('Origin',(0.,10.,25.));
#4660=CARTESIAN_POINT('',(-4.66327389689905,12.,19.44875));
#4661=CARTESIAN_POINT('',(-3.37685351154758,10.,20.9801293103448));
#4662=CARTESIAN_POINT('Origin',(-4.66327389689905,10.,19.44875));
#4663=CARTESIAN_POINT('Origin',(0.,12.,25.));
#4664=CARTESIAN_POINT('Origin',(0.,10.,25.));
#4665=CARTESIAN_POINT('Ctrl Pts',(-4.66327389689904,12.,19.44875));
#4666=CARTESIAN_POINT('Ctrl Pts',(-4.00759135735035,12.,19.2025758388623));
#4667=CARTESIAN_POINT('Ctrl Pts',(-2.566900096452,12.2043131695381,18.9404457093029));
#4668=CARTESIAN_POINT('Ctrl Pts',(-0.778220251032249,12.3464054305846,18.875));
#4669=CARTESIAN_POINT('Ctrl Pts',(-3.12250225675825E-16,12.3464054305846,
18.875));
#4670=CARTESIAN_POINT('Ctrl Pts',(-4.27837781765635,12.,19.9069376182132));
#4671=CARTESIAN_POINT('Ctrl Pts',(-3.71414916915639,11.9280416770529,19.6792622626522));
#4672=CARTESIAN_POINT('Ctrl Pts',(-2.40191360117408,12.0074654716688,19.3132237946603));
#4673=CARTESIAN_POINT('Ctrl Pts',(-0.727086452208198,12.1378218784097,19.1815890036851));
#4674=CARTESIAN_POINT('Ctrl Pts',(-3.1790872031975E-16,12.1378218784097,
19.1815890036851));
#4675=CARTESIAN_POINT('Ctrl Pts',(-3.6117629871334,11.4983453142061,20.7004885997246));
#4676=CARTESIAN_POINT('Ctrl Pts',(-3.17707498876859,11.3873462954169,20.4095104791115));
#4677=CARTESIAN_POINT('Ctrl Pts',(-2.09502175966244,11.4564701057886,19.8323013358427));
#4678=CARTESIAN_POINT('Ctrl Pts',(-0.633479519257699,11.620148476571,19.6130700342));
#4679=CARTESIAN_POINT('Ctrl Pts',(-3.27796009853745E-16,11.620148476571,
19.6130700342));
#4680=CARTESIAN_POINT('Ctrl Pts',(-3.37685351154758,10.4487989505128,20.9801293103448));
#4681=CARTESIAN_POINT('Ctrl Pts',(-2.89041096041716,10.4158340006565,20.5707262642744));
#4682=CARTESIAN_POINT('Ctrl Pts',(-1.83980002338379,10.7229591296289,19.9603835345648));
#4683=CARTESIAN_POINT('Ctrl Pts',(-0.556824859737073,10.9709222640691,19.75));
#4684=CARTESIAN_POINT('Ctrl Pts',(-3.35096253134603E-16,10.9709222640691,
19.75));
#4685=CARTESIAN_POINT('Ctrl Pts',(-3.37685351154758,10.,20.9801293103448));
#4686=CARTESIAN_POINT('Ctrl Pts',(-2.83581693860299,10.,20.5256367676058));
#4687=CARTESIAN_POINT('Ctrl Pts',(-1.74950623637961,10.4086263390763,19.9379759032973));
#4688=CARTESIAN_POINT('Ctrl Pts',(-0.529950397026294,10.6928108611693,19.75));
#4689=CARTESIAN_POINT('Ctrl Pts',(-3.37483430562509E-16,10.6928108611693,
19.75));
#4690=CARTESIAN_POINT('',(1.56125112837913E-16,12.3464054305846,18.875));
#4691=CARTESIAN_POINT('',(1.73472347597681E-16,10.6928108611693,19.75));
#4692=CARTESIAN_POINT('Ctrl Pts',(-2.77555756156289E-16,12.3464054305846,
18.875));
#4693=CARTESIAN_POINT('Ctrl Pts',(-2.77555756156289E-16,12.1378218784097,
19.1815890036851));
#4694=CARTESIAN_POINT('Ctrl Pts',(-2.77555756156289E-16,11.8420085059305,
19.4281495925508));
#4695=CARTESIAN_POINT('Ctrl Pts',(-2.77555756156289E-16,11.5032391136428,
19.5785302419177));
#4696=CARTESIAN_POINT('Ctrl Pts',(-5.55111512312578E-16,11.2491620694271,
19.6913157289429));
#4697=CARTESIAN_POINT('Ctrl Pts',(-5.55111512312578E-16,10.9709222640691,
19.75));
#4698=CARTESIAN_POINT('Ctrl Pts',(-5.55111512312578E-16,10.6928108611693,
19.75));
#4699=CARTESIAN_POINT('Ctrl Pts',(-4.66327389689904,12.,19.44875));
#4700=CARTESIAN_POINT('Ctrl Pts',(-4.00759135735035,12.,19.2025758388623));
#4701=CARTESIAN_POINT('Ctrl Pts',(-2.566900096452,12.2043131695381,18.9404457093029));
#4702=CARTESIAN_POINT('Ctrl Pts',(-0.778220251032249,12.3464054305846,18.875));
#4703=CARTESIAN_POINT('Ctrl Pts',(-3.12250225675825E-16,12.3464054305846,
18.875));
#4704=CARTESIAN_POINT('Ctrl Pts',(-3.37483430562509E-16,10.6928108611693,
19.75));
#4705=CARTESIAN_POINT('Ctrl Pts',(-0.529950397026294,10.6928108611693,19.75));
#4706=CARTESIAN_POINT('Ctrl Pts',(-1.74950623637961,10.4086263390763,19.9379759032973));
#4707=CARTESIAN_POINT('Ctrl Pts',(-2.83581693860299,10.,20.5256367676058));
#4708=CARTESIAN_POINT('Ctrl Pts',(-3.37685351154758,10.,20.9801293103448));
#4709=CARTESIAN_POINT('Origin',(-7.25,0.,28.5952356171443));
#4710=CARTESIAN_POINT('',(-5.25,6.,28.5952356171443));
#4711=CARTESIAN_POINT('',(-7.74152542372882,6.,30.5338956589846));
#4712=CARTESIAN_POINT('Origin',(-7.25,6.,28.5952356171443));
#4713=CARTESIAN_POINT('',(-5.25,0.,28.5952356171443));
#4714=CARTESIAN_POINT('',(-7.74152542372882,0.,30.5338956589846));
#4715=CARTESIAN_POINT('Origin',(-18.2500150952901,6.,-25.6746362977489));
#4716=CARTESIAN_POINT('',(-13.9653589284343,6.,-21.3899801308931));
#4717=CARTESIAN_POINT('',(-13.9653589284343,6.,-21.3899801308931));
#4718=CARTESIAN_POINT('',(-13.9653589284343,6.,-21.3899801308931));
#4719=CARTESIAN_POINT('Origin',(-17.6776695296637,6.,-17.6776695296637));
#4720=CARTESIAN_POINT('',(-21.3899801308931,6.,-13.9653589284343));
#4721=CARTESIAN_POINT('Origin',(-17.6776695296637,6.,-17.6776695296637));
#4722=CARTESIAN_POINT('',(-21.3899801308931,6.,-13.9653589284343));
#4723=CARTESIAN_POINT('Origin',(-21.3899801308931,6.,-13.9653589284343));
#4724=CARTESIAN_POINT('',(-21.3899801308931,6.,-13.9653589284343));
#4725=CARTESIAN_POINT('Origin',(-31.059418861273,6.,-5.25000000000001));
#4726=CARTESIAN_POINT('',(-25.,6.,-5.25000000000001));
#4727=CARTESIAN_POINT('',(-25.,6.,-5.25000000000001));
#4728=CARTESIAN_POINT('',(-25.,6.,-5.25000000000001));
#4729=CARTESIAN_POINT('Origin',(-25.,6.,-5.55111512312578E-15));
#4730=CARTESIAN_POINT('',(-25.,6.,5.25));
#4731=CARTESIAN_POINT('Origin',(-25.,6.,-5.55111512312578E-15));
#4732=CARTESIAN_POINT('',(-25.,6.,5.25));
#4733=CARTESIAN_POINT('Origin',(-25.,6.,5.25));
#4734=CARTESIAN_POINT('',(-25.,6.,5.25));
#4735=CARTESIAN_POINT('Origin',(-25.6746362977489,6.,18.2500150952901));
#4736=CARTESIAN_POINT('',(-21.3899801308931,6.,13.9653589284343));
#4737=CARTESIAN_POINT('',(-21.3899801308931,6.,13.9653589284343));
#4738=CARTESIAN_POINT('',(-21.3899801308931,6.,13.9653589284343));
#4739=CARTESIAN_POINT('Origin',(-17.6776695296637,6.,17.6776695296637));
#4740=CARTESIAN_POINT('',(-13.9653589284343,6.,21.3899801308931));
#4741=CARTESIAN_POINT('Origin',(-17.6776695296637,6.,17.6776695296637));
#4742=CARTESIAN_POINT('',(-13.9653589284343,6.,21.3899801308931));
#4743=CARTESIAN_POINT('Origin',(-13.9653589284343,6.,21.3899801308931));
#4744=CARTESIAN_POINT('',(-13.9653589284343,6.,21.3899801308931));
#4745=CARTESIAN_POINT('Origin',(-15.75,12.,0.));
#4746=CARTESIAN_POINT('Origin',(0.,12.,0.));
#4747=CARTESIAN_POINT('Origin',(-15.75,12.,0.));
#4748=CARTESIAN_POINT('Origin',(0.,12.,0.));
#4749=CARTESIAN_POINT('Origin',(-15.75,12.,0.));
#4750=CARTESIAN_POINT('Origin',(0.,12.,0.));
#4751=CARTESIAN_POINT('Ctrl Pts',(-13.,70.,24.7991935352745));
#4752=CARTESIAN_POINT('Ctrl Pts',(-13.6757815738518,70.,23.7364379524071));
#4753=CARTESIAN_POINT('Ctrl Pts',(-14.6234575529624,70.207186685718,21.7534120824042));
#4754=CARTESIAN_POINT('Ctrl Pts',(-15.6423248104606,70.7283578322584,18.6923983205908));
#4755=CARTESIAN_POINT('Ctrl Pts',(-16.1903992970492,71.1342265620186,16.6262567977364));
#4756=CARTESIAN_POINT('Ctrl Pts',(-16.5679648169581,71.490300376776,14.929111181549));
#4757=CARTESIAN_POINT('Ctrl Pts',(-16.8226167122723,71.7697234939156,13.6407188075552));
#4758=CARTESIAN_POINT('Ctrl Pts',(-17.0515213176481,72.0622450361802,12.3276987220167));
#4759=CARTESIAN_POINT('Ctrl Pts',(-17.2547254960969,72.3654115058096,10.9961537663925));
#4760=CARTESIAN_POINT('Ctrl Pts',(-17.4326296086988,72.6774443246444,9.64960561680963));
#4761=CARTESIAN_POINT('Ctrl Pts',(-17.5855767184795,72.9966084577611,8.29179659782093));
#4762=CARTESIAN_POINT('Ctrl Pts',(-17.7137921136637,73.3206494849488,6.92887224735838));
#4763=CARTESIAN_POINT('Ctrl Pts',(-17.8183346817573,73.6497568041005,5.55702681369084));
#4764=CARTESIAN_POINT('Ctrl Pts',(-17.8994973294041,73.9831636477756,4.17683298671805));
#4765=CARTESIAN_POINT('Ctrl Pts',(-17.9573596335772,74.3194094311435,2.79185968489494));
#4766=CARTESIAN_POINT('Ctrl Pts',(-17.9920860676393,74.6573526404025,1.40444418193663));
#4767=CARTESIAN_POINT('Ctrl Pts',(-17.9998988386825,74.8829311246356,0.479839592078381));
#4768=CARTESIAN_POINT('Ctrl Pts',(-17.9999993520937,74.9970622124658,0.0120413463043508));
#4769=CARTESIAN_POINT('Ctrl Pts',(-18.,74.9985311061594,0.00602067314299965));
#4770=CARTESIAN_POINT('Ctrl Pts',(-18.,75.,0.));
#4771=CARTESIAN_POINT('Ctrl Pts',(-12.3054301956349,70.,23.4742111504893));
#4772=CARTESIAN_POINT('Ctrl Pts',(-12.9004191252259,69.9058543511152,22.5213902735544));
#4773=CARTESIAN_POINT('Ctrl Pts',(-13.8364989187072,69.9376110981155,20.7291459910374));
#4774=CARTESIAN_POINT('Ctrl Pts',(-14.9836139081379,70.3171177285011,17.8887005448219));
#4775=CARTESIAN_POINT('Ctrl Pts',(-15.6398326639742,70.6764682736305,15.9480804293668));
#4776=CARTESIAN_POINT('Ctrl Pts',(-16.1089688349833,71.0219193606363,14.342030880203));
#4777=CARTESIAN_POINT('Ctrl Pts',(-16.4317127585286,71.3050850176449,13.1179604396722));
#4778=CARTESIAN_POINT('Ctrl Pts',(-16.7271171032378,71.6124540615294,11.8661089876359));
#4779=CARTESIAN_POINT('Ctrl Pts',(-16.9932948952436,71.940474076226,10.5928661723922));
#4780=CARTESIAN_POINT('Ctrl Pts',(-17.2293478329551,72.2863035969349,9.30207291824366));
#4781=CARTESIAN_POINT('Ctrl Pts',(-17.4344593924236,72.6470333345903,7.99779779020665));
#4782=CARTESIAN_POINT('Ctrl Pts',(-17.6079267954612,73.0191018940122,6.68639731010484));
#4783=CARTESIAN_POINT('Ctrl Pts',(-17.7503700856726,73.4017454137703,5.36462840301161));
#4784=CARTESIAN_POINT('Ctrl Pts',(-17.8615731694112,73.7931557440902,4.03341575428645));
#4785=CARTESIAN_POINT('Ctrl Pts',(-17.9411739448213,74.1906941169745,2.69656258232328));
#4786=CARTESIAN_POINT('Ctrl Pts',(-17.9890746481667,74.5920857855183,1.35667501019354));
#4787=CARTESIAN_POINT('Ctrl Pts',(-17.9998610323387,74.8606318605592,0.463518758173587));
#4788=CARTESIAN_POINT('Ctrl Pts',(-17.9999990989881,74.99650263781,0.0116317745526081));
#4789=CARTESIAN_POINT('Ctrl Pts',(-18.,74.9982513168565,0.00581588834207549));
#4790=CARTESIAN_POINT('Ctrl Pts',(-18.,75.,0.));
#4791=CARTESIAN_POINT('Ctrl Pts',(-10.9197588139557,69.3151393933045,20.8308624758312));
#4792=CARTESIAN_POINT('Ctrl Pts',(-11.4461187926032,69.0891002220457,20.0966444547402));
#4793=CARTESIAN_POINT('Ctrl Pts',(-12.4478794017137,68.9085949681501,18.6834815014296));
#4794=CARTESIAN_POINT('Ctrl Pts',(-13.8702367615898,69.1781389403522,16.2826980028308));
#4795=CARTESIAN_POINT('Ctrl Pts',(-14.7281122166851,69.5373538162375,14.5924467375879));
#4796=CARTESIAN_POINT('Ctrl Pts',(-15.3586670576194,69.9224895844572,13.1683046779991));
#4797=CARTESIAN_POINT('Ctrl Pts',(-15.7983522217322,70.2521705736516,12.0727153758419));
#4798=CARTESIAN_POINT('Ctrl Pts',(-16.205521555088,70.6220261590875,10.943095656453));
#4799=CARTESIAN_POINT('Ctrl Pts',(-16.5757362407502,71.0264949472964,9.78638611965835));
#4800=CARTESIAN_POINT('Ctrl Pts',(-16.9065042248321,71.4610223311417,8.60705982046628));
#4801=CARTESIAN_POINT('Ctrl Pts',(-17.1956087415501,71.9208712509308,7.4098271746334));
#4802=CARTESIAN_POINT('Ctrl Pts',(-17.441259822779,72.4004817784185,6.20146096349206));
#4803=CARTESIAN_POINT('Ctrl Pts',(-17.6437111031078,72.8979260375989,4.97983824576475));
#4804=CARTESIAN_POINT('Ctrl Pts',(-17.8022015160436,73.4100154541319,3.74658477392668));
#4805=CARTESIAN_POINT('Ctrl Pts',(-17.9158769510898,73.932484441136,2.50597019079141));
#4806=CARTESIAN_POINT('Ctrl Pts',(-17.9843708663731,74.4615577705435,1.26113759715217));
#4807=CARTESIAN_POINT('Ctrl Pts',(-17.9998015990488,74.8160342467535,0.430877189545744));
#4808=CARTESIAN_POINT('Ctrl Pts',(-17.9999987073494,74.9953834804518,0.0108126301968017));
#4809=CARTESIAN_POINT('Ctrl Pts',(-18.,74.9976917382507,0.00540631874022717));
#4810=CARTESIAN_POINT('Ctrl Pts',(-18.,75.,0.));
#4811=CARTESIAN_POINT('Ctrl Pts',(-8.96538004457834,65.9707427939373,17.102630372522));
#4812=CARTESIAN_POINT('Ctrl Pts',(-9.68005860079004,65.7343256246678,16.6051805675129));
#4813=CARTESIAN_POINT('Ctrl Pts',(-11.0068023578564,65.6786592093827,15.6210205530046));
#4814=CARTESIAN_POINT('Ctrl Pts',(-12.8341290638657,66.2989349566836,13.7719312308243));
#4815=CARTESIAN_POINT('Ctrl Pts',(-13.9230368740011,66.9341610992599,12.4196389062847));
#4816=CARTESIAN_POINT('Ctrl Pts',(-14.7170039257833,67.56209681459,11.2536126893528));
#4817=CARTESIAN_POINT('Ctrl Pts',(-15.2684280969344,68.0820449245531,10.3462972043327));
#4818=CARTESIAN_POINT('Ctrl Pts',(-15.7771310330625,68.6507269414037,9.4013414988206));
#4819=CARTESIAN_POINT('Ctrl Pts',(-16.238203026518,69.260700967495,8.42570607813945));
#4820=CARTESIAN_POINT('Ctrl Pts',(-16.6489995288924,69.906136428685,7.42406935080131));
#4821=CARTESIAN_POINT('Ctrl Pts',(-17.0072123987613,70.5810726933603,6.40140882894026));
#4822=CARTESIAN_POINT('Ctrl Pts',(-17.3109861724017,71.2784476161836,5.36443538006257));
#4823=CARTESIAN_POINT('Ctrl Pts',(-17.5609401391227,71.9965054284755,4.31220227921414));
#4824=CARTESIAN_POINT('Ctrl Pts',(-17.7563713313375,72.7316158824285,3.24689635908149));
#4825=CARTESIAN_POINT('Ctrl Pts',(-17.896415739754,73.4786312614866,2.17298109497267));
#4826=CARTESIAN_POINT('Ctrl Pts',(-17.9807478457425,74.2331288704634,1.09393055151427));
#4827=CARTESIAN_POINT('Ctrl Pts',(-17.9997538149573,74.7379886665724,0.373752455395845));
#4828=CARTESIAN_POINT('Ctrl Pts',(-17.9999984264539,74.9934249525044,0.00937914480788919));
#4829=CARTESIAN_POINT('Ctrl Pts',(-18.,74.9967124756906,0.0046895719369926));
#4830=CARTESIAN_POINT('Ctrl Pts',(-18.,75.,0.));
#4831=CARTESIAN_POINT('Ctrl Pts',(-8.35714285714286,62.2439947525641,15.9423387012479));
#4832=CARTESIAN_POINT('Ctrl Pts',(-9.42223583163487,62.1537888534756,15.3858351352198));
#4833=CARTESIAN_POINT('Ctrl Pts',(-11.0645733497311,62.5204789479701,14.3158529967833));
#4834=CARTESIAN_POINT('Ctrl Pts',(-13.0198535602974,63.7285087275428,12.500275056569));
#4835=CARTESIAN_POINT('Ctrl Pts',(-14.1218036267553,64.7274650017525,11.2161446947519));
#4836=CARTESIAN_POINT('Ctrl Pts',(-14.9027261888453,65.6302888726987,10.1313367678975));
#4837=CARTESIAN_POINT('Ctrl Pts',(-15.4371924027339,66.3490854978988,9.29491484535443));
#4838=CARTESIAN_POINT('Ctrl Pts',(-15.9241155092581,67.1107454323063,8.43080946725566));
#4839=CARTESIAN_POINT('Ctrl Pts',(-16.3611185314125,67.9078906028413,7.54425787359142));
#4840=CARTESIAN_POINT('Ctrl Pts',(-16.7473281103954,68.7349751387647,6.6387936038877));
#4841=CARTESIAN_POINT('Ctrl Pts',(-17.0819343843335,69.5865077395625,5.71812793259359));
#4842=CARTESIAN_POINT('Ctrl Pts',(-17.3642286053647,70.4556044962456,4.78763354754844));
#4843=CARTESIAN_POINT('Ctrl Pts',(-17.5955746771236,71.3419595356153,3.84584841777822));
#4844=CARTESIAN_POINT('Ctrl Pts',(-17.7758984688134,72.2427708288995,2.89421307958549));
#4845=CARTESIAN_POINT('Ctrl Pts',(-17.9048218957168,73.1533693444127,1.93622330637965));
#4846=CARTESIAN_POINT('Ctrl Pts',(-17.9823411114453,74.0699542828477,0.974526651058836));
#4847=CARTESIAN_POINT('Ctrl Pts',(-17.9997771654278,74.6822410496827,0.332951842661455));
#4848=CARTESIAN_POINT('Ctrl Pts',(-17.9999985243697,74.9920260103665,0.00835520312707016));
#4849=CARTESIAN_POINT('Ctrl Pts',(-18.,74.9960130024335,0.0041776099346822));
#4850=CARTESIAN_POINT('Ctrl Pts',(-18.,75.,0.));
#4851=CARTESIAN_POINT('Ctrl Pts',(-8.35714285714286,60.,15.9423387012479));
#4852=CARTESIAN_POINT('Ctrl Pts',(-9.66043589242854,60.,15.2591386836903));
#4853=CARTESIAN_POINT('Ctrl Pts',(-11.4880967092846,60.6215600571541,13.9843363386884));
#4854=CARTESIAN_POINT('Ctrl Pts',(-13.4530549916026,62.185073496775,12.0165417775227));
#4855=CARTESIAN_POINT('Ctrl Pts',(-14.5100557871662,63.4026796860558,10.688307941402));
#4856=CARTESIAN_POINT('Ctrl Pts',(-15.2382178612762,64.4709011303279,9.59728575956722));
#4857=CARTESIAN_POINT('Ctrl Pts',(-15.7293322308108,65.3091704817467,8.76903351914265));
#4858=CARTESIAN_POINT('Ctrl Pts',(-16.170791112607,66.1867351085406,7.92494917843929));
#4859=CARTESIAN_POINT('Ctrl Pts',(-16.5626848853297,67.0962345174286,7.06895599268092));
#4860=CARTESIAN_POINT('Ctrl Pts',(-16.9057856739191,68.0323329739331,6.20331789652049));
#4861=CARTESIAN_POINT('Ctrl Pts',(-17.2007550999247,68.9898253732832,5.33044067002774));
#4862=CARTESIAN_POINT('Ctrl Pts',(-17.4480276477799,69.9619484548463,4.45427501615899));
#4863=CARTESIAN_POINT('Ctrl Pts',(-17.6496454576749,70.9492704123015,3.57237438022986));
#4864=CARTESIAN_POINT('Ctrl Pts',(-17.8061734209935,71.9494909433268,2.68510692003307));
#4865=CARTESIAN_POINT('Ctrl Pts',(-17.917765007613,72.9582282934303,1.79476694028969));
#4866=CARTESIAN_POINT('Ctrl Pts',(-17.9847374161615,73.9720579212073,0.90285697410216));
#4867=CARTESIAN_POINT('Ctrl Pts',(-17.9998049031731,74.6487933739067,0.308468309193435));
#4868=CARTESIAN_POINT('Ctrl Pts',(-17.9999987504664,74.9911866373975,0.00774086548137936));
#4869=CARTESIAN_POINT('Ctrl Pts',(-18.,74.9955933184792,0.00387043273329595));
#4870=CARTESIAN_POINT('Ctrl Pts',(-18.,75.,0.));
#4871=CARTESIAN_POINT('',(-8.35714285714286,60.,15.9423387012479));
#4872=CARTESIAN_POINT('',(-18.,75.,-8.88178419700125E-15));
#4873=CARTESIAN_POINT('Ctrl Pts',(-8.35714285714286,60.,15.9423387012479));
#4874=CARTESIAN_POINT('Ctrl Pts',(-9.66043589242854,60.,15.2591386836903));
#4875=CARTESIAN_POINT('Ctrl Pts',(-11.4880967092846,60.6215600571541,13.9843363386884));
#4876=CARTESIAN_POINT('Ctrl Pts',(-13.4530549916026,62.185073496775,12.0165417775227));
#4877=CARTESIAN_POINT('Ctrl Pts',(-14.5100557871662,63.4026796860558,10.688307941402));
#4878=CARTESIAN_POINT('Ctrl Pts',(-15.2382178612762,64.4709011303279,9.59728575956722));
#4879=CARTESIAN_POINT('Ctrl Pts',(-15.7293322308108,65.3091704817467,8.76903351914265));
#4880=CARTESIAN_POINT('Ctrl Pts',(-16.170791112607,66.1867351085406,7.92494917843929));
#4881=CARTESIAN_POINT('Ctrl Pts',(-16.5626848853297,67.0962345174286,7.06895599268092));
#4882=CARTESIAN_POINT('Ctrl Pts',(-16.9057856739191,68.0323329739331,6.20331789652049));
#4883=CARTESIAN_POINT('Ctrl Pts',(-17.2007550999247,68.9898253732832,5.33044067002774));
#4884=CARTESIAN_POINT('Ctrl Pts',(-17.4480276477799,69.9619484548463,4.45427501615899));
#4885=CARTESIAN_POINT('Ctrl Pts',(-17.6496454576749,70.9492704123015,3.57237438022986));
#4886=CARTESIAN_POINT('Ctrl Pts',(-17.8061734209935,71.9494909433268,2.68510692003307));
#4887=CARTESIAN_POINT('Ctrl Pts',(-17.917765007613,72.9582282934303,1.79476694028969));
#4888=CARTESIAN_POINT('Ctrl Pts',(-17.9847374161615,73.9720579212073,0.90285697410216));
#4889=CARTESIAN_POINT('Ctrl Pts',(-17.9998049031731,74.6487933739067,0.308468309193435));
#4890=CARTESIAN_POINT('Ctrl Pts',(-17.9999987504664,74.9911866373975,0.00774086548137936));
#4891=CARTESIAN_POINT('Ctrl Pts',(-18.,74.9955933184792,0.00387043273329595));
#4892=CARTESIAN_POINT('Ctrl Pts',(-18.,75.,0.));
#4893=CARTESIAN_POINT('',(-13.,70.,24.7991935352745));
#4894=CARTESIAN_POINT('Origin',(-13.,60.,24.7991935352745));
#4895=CARTESIAN_POINT('Ctrl Pts',(-18.,75.,0.));
#4896=CARTESIAN_POINT('Ctrl Pts',(-18.,74.9985311061594,0.00602067314299965));
#4897=CARTESIAN_POINT('Ctrl Pts',(-17.9999993520937,74.9970622124658,0.0120413463043508));
#4898=CARTESIAN_POINT('Ctrl Pts',(-17.9998988386825,74.8829311246356,0.479839592078381));
#4899=CARTESIAN_POINT('Ctrl Pts',(-17.9920860676393,74.6573526404025,1.40444418193663));
#4900=CARTESIAN_POINT('Ctrl Pts',(-17.9573596335772,74.3194094311435,2.79185968489494));
#4901=CARTESIAN_POINT('Ctrl Pts',(-17.8994973294041,73.9831636477756,4.17683298671805));
#4902=CARTESIAN_POINT('Ctrl Pts',(-17.8183346817573,73.6497568041005,5.55702681369084));
#4903=CARTESIAN_POINT('Ctrl Pts',(-17.7137921136637,73.3206494849488,6.92887224735838));
#4904=CARTESIAN_POINT('Ctrl Pts',(-17.5855767184795,72.9966084577611,8.29179659782093));
#4905=CARTESIAN_POINT('Ctrl Pts',(-17.4326296086988,72.6774443246444,9.64960561680963));
#4906=CARTESIAN_POINT('Ctrl Pts',(-17.2547254960969,72.3654115058096,10.9961537663925));
#4907=CARTESIAN_POINT('Ctrl Pts',(-17.0515213176481,72.0622450361802,12.3276987220167));
#4908=CARTESIAN_POINT('Ctrl Pts',(-16.8226167122723,71.7697234939156,13.6407188075552));
#4909=CARTESIAN_POINT('Ctrl Pts',(-16.5679648169581,71.490300376776,14.929111181549));
#4910=CARTESIAN_POINT('Ctrl Pts',(-16.1903992970492,71.1342265620186,16.6262567977364));
#4911=CARTESIAN_POINT('Ctrl Pts',(-15.6423248104606,70.7283578322584,18.6923983205908));
#4912=CARTESIAN_POINT('Ctrl Pts',(-14.6234575529624,70.207186685718,21.7534120824042));
#4913=CARTESIAN_POINT('Ctrl Pts',(-13.6757815738518,70.,23.7364379524071));
#4914=CARTESIAN_POINT('Ctrl Pts',(-13.,70.,24.7991935352745));
#4915=CARTESIAN_POINT('Origin',(-13.,101.,26.625));
#4916=CARTESIAN_POINT('',(-13.,106.,41.5));
#4917=CARTESIAN_POINT('',(-18.,101.,41.5));
#4918=CARTESIAN_POINT('Origin',(-13.,101.,41.5));
#4919=CARTESIAN_POINT('',(-13.,106.,-8.88178419700125E-15));
#4920=CARTESIAN_POINT('',(-13.,106.,26.625));
#4921=CARTESIAN_POINT('',(-18.,101.,-8.88178419700125E-15));
#4922=CARTESIAN_POINT('Origin',(-13.,101.,-8.88178419700125E-15));
#4923=CARTESIAN_POINT('',(-18.,101.,26.625));
#4924=CARTESIAN_POINT('Origin',(-18.,70.,41.5));
#4925=CARTESIAN_POINT('',(-18.,70.,-8.88178419700125E-15));
#4926=CARTESIAN_POINT('',(-18.,75.,41.5));
#4927=CARTESIAN_POINT('',(-18.,75.,26.625));
#4928=CARTESIAN_POINT('',(-18.,70.,41.5));
#4929=CARTESIAN_POINT('',(-18.,86.6,36.5));
#4930=CARTESIAN_POINT('Origin',(-18.,88.,36.5));
#4931=CARTESIAN_POINT('',(-18.,75.6,36.5));
#4932=CARTESIAN_POINT('Origin',(-18.,77.,36.5));
#4933=CARTESIAN_POINT('',(-18.,97.6,36.5));
#4934=CARTESIAN_POINT('Origin',(-18.,99.,36.5));
#4935=CARTESIAN_POINT('Origin',(-13.,75.,26.625));
#4936=CARTESIAN_POINT('',(-13.,70.,41.5));
#4937=CARTESIAN_POINT('',(-13.,70.,26.625));
#4938=CARTESIAN_POINT('Origin',(-13.,75.,41.5));
#4939=CARTESIAN_POINT('Origin',(-15.,88.,36.5));
#4940=CARTESIAN_POINT('',(-12.,86.6,36.5));
#4941=CARTESIAN_POINT('',(-15.,86.6,36.5));
#4942=CARTESIAN_POINT('Origin',(-12.,88.,36.5));
#4943=CARTESIAN_POINT('Origin',(-12.,88.,36.5));
#4944=CARTESIAN_POINT('Origin',(-12.,77.,36.5));
#4945=CARTESIAN_POINT('',(-12.,76.,35.5202041028867));
#4946=CARTESIAN_POINT('',(-12.,76.,37.4797958971133));
#4947=CARTESIAN_POINT('',(-12.,76.,36.5));
#4948=CARTESIAN_POINT('Origin',(-12.,77.,36.5));
#4949=CARTESIAN_POINT('Origin',(-15.,77.,36.5));
#4950=CARTESIAN_POINT('',(-12.4,75.6,36.5));
#4951=CARTESIAN_POINT('',(-15.,75.6,36.5));
#4952=CARTESIAN_POINT('Origin',(-11.,77.,36.5));
#4953=CARTESIAN_POINT('Origin',(-11.,77.,36.5));
#4954=CARTESIAN_POINT('Origin',(-12.,99.,36.5));
#4955=CARTESIAN_POINT('',(-12.,100.,37.4797958971133));
#4956=CARTESIAN_POINT('',(-12.,100.,35.5202041028867));
#4957=CARTESIAN_POINT('Ctrl Pts',(-12.,100.,37.4797958971134));
#4958=CARTESIAN_POINT('Ctrl Pts',(-12.,99.5879812898096,36.5));
#4959=CARTESIAN_POINT('Ctrl Pts',(-12.,100.,35.5202041028866));
#4960=CARTESIAN_POINT('',(-12.,97.6,36.5));
#4961=CARTESIAN_POINT('Origin',(-12.,99.,36.5));
#4962=CARTESIAN_POINT('Origin',(-12.,99.,36.5));
#4963=CARTESIAN_POINT('Origin',(-15.,99.,36.5));
#4964=CARTESIAN_POINT('',(-15.,97.6,36.5));
#4965=CARTESIAN_POINT('Origin',(-11.,99.,36.5));
#4966=CARTESIAN_POINT('Origin',(-11.,76.,36.5));
#4967=CARTESIAN_POINT('',(-11.,76.,37.9));
#4968=CARTESIAN_POINT('Origin',(-11.,76.,36.5));
#4969=CARTESIAN_POINT('Origin',(-11.,76.,36.5));
#4970=CARTESIAN_POINT('Origin',(-11.,99.5793975666807,36.5));
#4971=CARTESIAN_POINT('',(-11.,100.,35.1));
#4972=CARTESIAN_POINT('Origin',(-11.,100.,36.5));
#4973=CARTESIAN_POINT('',(-11.,99.1587951333614,36.5));
#4974=CARTESIAN_POINT('',(-11.,99.5793975666807,35.8));
#4975=CARTESIAN_POINT('Origin',(-11.,100.,36.5));
#4976=CARTESIAN_POINT('Origin',(-11.,103.,36.5));
#4977=CARTESIAN_POINT('',(-11.,106.,35.1));
#4978=CARTESIAN_POINT('Origin',(-11.,106.,36.5));
#4979=CARTESIAN_POINT('',(-11.,103.,35.1));
#4980=CARTESIAN_POINT('Origin',(-11.,73.,36.5));
#4981=CARTESIAN_POINT('',(-11.,70.,37.9));
#4982=CARTESIAN_POINT('Origin',(-11.,70.,36.5));
#4983=CARTESIAN_POINT('',(-11.,73.,37.9));
#4984=CARTESIAN_POINT('Origin',(-19.0511529137063,6.,-19.0511529137063));
#4985=CARTESIAN_POINT('Origin',(0.,6.,0.));
#4986=CARTESIAN_POINT('',(-19.97576656852,6.,-15.3795724908074));
#4987=CARTESIAN_POINT('Origin',(-17.6776695296637,6.,-17.6776695296637));
#4988=CARTESIAN_POINT('Origin',(-25.625,6.,-5.55111512312578E-15));
#4989=CARTESIAN_POINT('',(-31.5,6.,3.85763741731416E-15));
#4990=CARTESIAN_POINT('Origin',(0.,6.,0.));
#4991=CARTESIAN_POINT('Origin',(0.,6.,0.));
#4992=CARTESIAN_POINT('',(-25.,6.,3.25));
#4993=CARTESIAN_POINT('Origin',(-25.,6.,-5.55111512312578E-15));
#4994=CARTESIAN_POINT('Origin',(-5.25,6.,-25.));
#4995=CARTESIAN_POINT('',(-5.25,6.,-25.));
#4996=CARTESIAN_POINT('',(-5.25,6.,-25.));
#4997=CARTESIAN_POINT('',(-5.25,6.,-25.));
#4998=CARTESIAN_POINT('Origin',(-5.25,6.,31.059418861273));
#4999=CARTESIAN_POINT('',(-5.25,6.,25.));
#5000=CARTESIAN_POINT('',(-5.25,6.,25.));
#5001=CARTESIAN_POINT('',(-5.25,6.,25.));
#5002=CARTESIAN_POINT('Origin',(-19.0511529137063,6.,19.0511529137063));
#5003=CARTESIAN_POINT('Origin',(0.,6.,0.));
#5004=CARTESIAN_POINT('',(-15.3795724908074,6.,19.97576656852));
#5005=CARTESIAN_POINT('Origin',(-17.6776695296637,6.,17.6776695296637));
#5006=CARTESIAN_POINT('Origin',(-15.75,12.,0.));
#5007=CARTESIAN_POINT('Origin',(0.,12.,0.));
#5008=CARTESIAN_POINT('Origin',(-17.6776695296637,0.,17.6776695296637));
#5009=CARTESIAN_POINT('',(-15.3795724908074,0.,19.97576656852));
#5010=CARTESIAN_POINT('',(-15.3795724908074,0.,19.97576656852));
#5011=CARTESIAN_POINT('Origin',(-17.6776695296637,0.,17.6776695296637));
#5012=CARTESIAN_POINT('Origin',(-25.,0.,-5.55111512312578E-15));
#5013=CARTESIAN_POINT('',(-25.,0.,3.25));
#5014=CARTESIAN_POINT('',(-25.,0.,3.25));
#5015=CARTESIAN_POINT('Origin',(-25.,0.,-5.55111512312578E-15));
#5016=CARTESIAN_POINT('Origin',(-17.6776695296637,0.,-17.6776695296637));
#5017=CARTESIAN_POINT('',(-19.97576656852,0.,-15.3795724908074));
#5018=CARTESIAN_POINT('',(-19.97576656852,0.,-15.3795724908074));
#5019=CARTESIAN_POINT('Origin',(-17.6776695296637,0.,-17.6776695296637));
#5020=CARTESIAN_POINT('Origin',(7.25,10.,28.5952356171443));
#5021=CARTESIAN_POINT('',(7.74152542372881,10.,30.5338956589846));
#5022=CARTESIAN_POINT('',(5.25,10.,28.5952356171443));
#5023=CARTESIAN_POINT('Origin',(7.25,10.,28.5952356171443));
#5024=CARTESIAN_POINT('',(7.25,12.,28.5952356171443));
#5025=CARTESIAN_POINT('Origin',(7.25,10.,28.5952356171443));
#5026=CARTESIAN_POINT('Origin',(7.25,10.,28.5952356171443));
#5027=CARTESIAN_POINT('Origin',(15.0933608509074,10.,25.3464091781123));
#5028=CARTESIAN_POINT('',(16.1166395526638,10.,27.0648098003572));
#5029=CARTESIAN_POINT('',(15.0933608509074,12.,25.3464091781123));
#5030=CARTESIAN_POINT('Origin',(15.0933608509074,10.,25.3464091781123));
#5031=CARTESIAN_POINT('',(16.5075744132805,10.,23.9321956157392));
#5032=CARTESIAN_POINT('Origin',(15.0933608509074,10.,25.3464091781123));
#5033=CARTESIAN_POINT('Origin',(15.0933608509074,10.,25.3464091781123));
#5034=CARTESIAN_POINT('Origin',(15.0933608509074,0.,25.3464091781123));
#5035=CARTESIAN_POINT('',(16.1166395526638,6.,27.0648098003572));
#5036=CARTESIAN_POINT('',(16.5075744132805,6.,23.9321956157392));
#5037=CARTESIAN_POINT('Origin',(15.0933608509074,6.,25.3464091781123));
#5038=CARTESIAN_POINT('',(16.5075744132805,0.,23.9321956157392));
#5039=CARTESIAN_POINT('',(16.1166395526638,0.,27.0648098003572));
#5040=CARTESIAN_POINT('Origin',(25.3464091781123,10.,15.0933608509074));
#5041=CARTESIAN_POINT('',(27.0648098003572,10.,16.1166395526638));
#5042=CARTESIAN_POINT('',(23.9321956157392,10.,16.5075744132805));
#5043=CARTESIAN_POINT('Origin',(25.3464091781123,10.,15.0933608509074));
#5044=CARTESIAN_POINT('',(25.3464091781123,12.,15.0933608509074));
#5045=CARTESIAN_POINT('Origin',(25.3464091781123,10.,15.0933608509074));
#5046=CARTESIAN_POINT('Origin',(25.3464091781123,10.,15.0933608509074));
#5047=CARTESIAN_POINT('Origin',(28.5952356171443,10.,7.25));
#5048=CARTESIAN_POINT('',(30.5338956589846,10.,7.74152542372881));
#5049=CARTESIAN_POINT('',(28.5952356171443,12.,7.25));
#5050=CARTESIAN_POINT('Origin',(28.5952356171443,10.,7.25));
#5051=CARTESIAN_POINT('',(28.5952356171443,10.,5.25));
#5052=CARTESIAN_POINT('Origin',(28.5952356171443,10.,7.25));
#5053=CARTESIAN_POINT('Origin',(28.5952356171443,10.,7.25));
#5054=CARTESIAN_POINT('Origin',(28.5952356171443,0.,7.25));
#5055=CARTESIAN_POINT('',(30.5338956589846,6.,7.74152542372881));
#5056=CARTESIAN_POINT('',(28.5952356171443,6.,5.24999999999999));
#5057=CARTESIAN_POINT('Origin',(28.5952356171443,6.,7.25));
#5058=CARTESIAN_POINT('',(28.5952356171443,0.,5.24999999999999));
#5059=CARTESIAN_POINT('',(30.5338956589846,0.,7.74152542372881));
#5060=CARTESIAN_POINT('Origin',(28.5952356171443,10.,-7.25000000000001));
#5061=CARTESIAN_POINT('',(30.5338956589846,10.,-7.74152542372882));
#5062=CARTESIAN_POINT('',(28.5952356171443,10.,-5.25000000000001));
#5063=CARTESIAN_POINT('Origin',(28.5952356171443,10.,-7.25000000000001));
#5064=CARTESIAN_POINT('',(28.5952356171443,12.,-7.25000000000001));
#5065=CARTESIAN_POINT('Origin',(28.5952356171443,10.,-7.25000000000001));
#5066=CARTESIAN_POINT('Origin',(28.5952356171443,10.,-7.25000000000001));
#5067=CARTESIAN_POINT('Origin',(25.3464091781123,10.,-15.0933608509074));
#5068=CARTESIAN_POINT('',(27.0648098003572,10.,-16.1166395526638));
#5069=CARTESIAN_POINT('',(25.3464091781123,12.,-15.0933608509074));
#5070=CARTESIAN_POINT('Origin',(25.3464091781123,10.,-15.0933608509074));
#5071=CARTESIAN_POINT('',(23.9321956157392,10.,-16.5075744132805));
#5072=CARTESIAN_POINT('Origin',(25.3464091781123,10.,-15.0933608509074));
#5073=CARTESIAN_POINT('Origin',(25.3464091781123,10.,-15.0933608509074));
#5074=CARTESIAN_POINT('Origin',(25.3464091781123,0.,-15.0933608509074));
#5075=CARTESIAN_POINT('',(27.0648098003572,6.,-16.1166395526638));
#5076=CARTESIAN_POINT('',(23.9321956157392,6.,-16.5075744132805));
#5077=CARTESIAN_POINT('Origin',(25.3464091781123,6.,-15.0933608509074));
#5078=CARTESIAN_POINT('',(23.9321956157392,0.,-16.5075744132805));
#5079=CARTESIAN_POINT('',(27.0648098003572,0.,-16.1166395526638));
#5080=CARTESIAN_POINT('Origin',(15.0933608509074,10.,-25.3464091781123));
#5081=CARTESIAN_POINT('',(16.1166395526638,10.,-27.0648098003572));
#5082=CARTESIAN_POINT('',(16.5075744132805,10.,-23.9321956157392));
#5083=CARTESIAN_POINT('Origin',(15.0933608509074,10.,-25.3464091781123));
#5084=CARTESIAN_POINT('',(15.0933608509074,12.,-25.3464091781123));
#5085=CARTESIAN_POINT('Origin',(15.0933608509074,10.,-25.3464091781123));
#5086=CARTESIAN_POINT('Origin',(15.0933608509074,10.,-25.3464091781123));
#5087=CARTESIAN_POINT('Origin',(7.25,10.,-28.5952356171443));
#5088=CARTESIAN_POINT('',(5.25,10.,-28.5952356171443));
#5089=CARTESIAN_POINT('',(7.74152542372882,10.,-30.5338956589846));
#5090=CARTESIAN_POINT('Origin',(7.25,10.,-28.5952356171443));
#5091=CARTESIAN_POINT('',(7.25,12.,-28.5952356171443));
#5092=CARTESIAN_POINT('Origin',(7.25,10.,-28.5952356171443));
#5093=CARTESIAN_POINT('Origin',(7.25,10.,-28.5952356171443));
#5094=CARTESIAN_POINT('Origin',(7.25,10.,-12.5));
#5095=CARTESIAN_POINT('',(5.25,10.,-25.));
#5096=CARTESIAN_POINT('',(7.25,12.,-25.));
#5097=CARTESIAN_POINT('Origin',(7.25,10.,-25.));
#5098=CARTESIAN_POINT('',(7.25,12.,-12.5));
#5099=CARTESIAN_POINT('',(5.25,10.,-12.5));
#5100=CARTESIAN_POINT('Origin',(3.06161699786838E-15,10.,-25.));
#5101=CARTESIAN_POINT('',(3.37685351154759,10.,-20.9801293103448));
#5102=CARTESIAN_POINT('',(4.66327389689905,12.,-19.44875));
#5103=CARTESIAN_POINT('Origin',(4.66327389689905,10.,-19.44875));
#5104=CARTESIAN_POINT('Origin',(3.06161699786838E-15,12.,-25.));
#5105=CARTESIAN_POINT('Origin',(3.06161699786838E-15,10.,-25.));
#5106=CARTESIAN_POINT('Ctrl Pts',(3.37685351154758,10.,-20.9801293103448));
#5107=CARTESIAN_POINT('Ctrl Pts',(2.97107608183918,10.,-20.6392599032906));
#5108=CARTESIAN_POINT('Ctrl Pts',(1.91886989436212,10.3088120005741,-19.999714473643));
#5109=CARTESIAN_POINT('Ctrl Pts',(0.706600529368395,10.6928108611693,-19.75));
#5110=CARTESIAN_POINT('Ctrl Pts',(3.64291929955129E-16,10.6928108611693,
-19.75));
#5111=CARTESIAN_POINT('Ctrl Pts',(3.37685351154758,10.5983986006838,-20.9801293103448));
#5112=CARTESIAN_POINT('Ctrl Pts',(3.0269079249581,10.5643349220128,-20.6843400272396));
#5113=CARTESIAN_POINT('Ctrl Pts',(2.04767958266003,10.7472782635801,-20.0437086451149));
#5114=CARTESIAN_POINT('Ctrl Pts',(0.754320213111366,11.0636260650358,-19.75));
#5115=CARTESIAN_POINT('Ctrl Pts',(2.48504829409871E-16,11.0636260650358,
-19.75));
#5116=CARTESIAN_POINT('Ctrl Pts',(3.69952291865375,11.6347858316601,-20.5960175069637));
#5117=CARTESIAN_POINT('Ctrl Pts',(3.36437604454037,11.5465156264821,-20.3923515037619));
#5118=CARTESIAN_POINT('Ctrl Pts',(2.34062947626118,11.517159296104,-19.8551916217016));
#5119=CARTESIAN_POINT('Ctrl Pts',(0.862958813646436,11.7115646980026,-19.564697116659));
#5120=CARTESIAN_POINT('Ctrl Pts',(-4.5427141224758E-17,11.7115646980026,
-19.564697116659));
#5121=CARTESIAN_POINT('Ctrl Pts',(4.37460183746702,12.,-19.7923907136599));
#5122=CARTESIAN_POINT('Ctrl Pts',(3.93339695440181,11.9603988523778,-19.6181160434773));
#5123=CARTESIAN_POINT('Ctrl Pts',(2.67251715956465,12.0159454634024,-19.2604755352901));
#5124=CARTESIAN_POINT('Ctrl Pts',(0.986530895498908,12.1899677664535,-19.1049417527639));
#5125=CARTESIAN_POINT('Ctrl Pts',(-4.2210986844606E-16,12.1899677664535,
-19.1049417527639));
#5126=CARTESIAN_POINT('Ctrl Pts',(4.66327389689904,12.,-19.44875));
#5127=CARTESIAN_POINT('Ctrl Pts',(4.17151199223741,12.,-19.2641193791466));
#5128=CARTESIAN_POINT('Ctrl Pts',(2.80814342907494,12.154406000287,-18.9604767096607));
#5129=CARTESIAN_POINT('Ctrl Pts',(1.03762700137633,12.3464054305846,-18.875));
#5130=CARTESIAN_POINT('Ctrl Pts',(-5.84639878127206E-16,12.3464054305846,
-18.875));
#5131=CARTESIAN_POINT('Ctrl Pts',(-5.84639878127206E-16,12.3464054305846,
-18.875));
#5132=CARTESIAN_POINT('Ctrl Pts',(1.03762700137633,12.3464054305846,-18.875));
#5133=CARTESIAN_POINT('Ctrl Pts',(2.80814342907494,12.154406000287,-18.9604767096607));
#5134=CARTESIAN_POINT('Ctrl Pts',(4.17151199223741,12.,-19.2641193791466));
#5135=CARTESIAN_POINT('Ctrl Pts',(4.66327389689904,12.,-19.44875));
#5136=CARTESIAN_POINT('Ctrl Pts',(3.37685351154758,10.,-20.9801293103448));
#5137=CARTESIAN_POINT('Ctrl Pts',(2.97107608183918,10.,-20.6392599032906));
#5138=CARTESIAN_POINT('Ctrl Pts',(1.91886989436212,10.3088120005741,-19.999714473643));
#5139=CARTESIAN_POINT('Ctrl Pts',(0.706600529368395,10.6928108611693,-19.75));
#5140=CARTESIAN_POINT('Ctrl Pts',(3.64291929955129E-16,10.6928108611693,
-19.75));
#5141=CARTESIAN_POINT('Origin',(0.,10.,0.));
#5142=CARTESIAN_POINT('Origin',(0.,12.,0.));
#5143=CARTESIAN_POINT('Origin',(0.,10.,0.));
#5144=CARTESIAN_POINT('Origin',(7.25,0.,-28.5952356171443));
#5145=CARTESIAN_POINT('',(7.74152542372882,6.,-30.5338956589846));
#5146=CARTESIAN_POINT('',(5.25,6.,-28.5952356171443));
#5147=CARTESIAN_POINT('Origin',(7.25,6.,-28.5952356171443));
#5148=CARTESIAN_POINT('',(5.25,0.,-28.5952356171443));
#5149=CARTESIAN_POINT('',(7.74152542372882,0.,-30.5338956589846));
#5150=CARTESIAN_POINT('Origin',(17.9028589284343,10.,-7.64981060122937));
#5151=CARTESIAN_POINT('',(21.3899801308931,10.,-13.9653589284343));
#5152=CARTESIAN_POINT('',(22.8041936932662,12.,-12.5511453660612));
#5153=CARTESIAN_POINT('Origin',(22.8041936932662,10.,-12.5511453660612));
#5154=CARTESIAN_POINT('',(17.9028589284343,12.,-7.64981060122937));
#5155=CARTESIAN_POINT('',(16.4886453660612,10.,-9.06402416360247));
#5156=CARTESIAN_POINT('Origin',(17.6776695296637,10.,-17.6776695296637));
#5157=CARTESIAN_POINT('',(17.2229877226044,10.,-12.4473956884266));
#5158=CARTESIAN_POINT('',(17.0497756056294,12.,-10.4549104155743));
#5159=CARTESIAN_POINT('Origin',(17.0497756056294,10.,-10.4549104155743));
#5160=CARTESIAN_POINT('Origin',(17.6776695296637,12.,-17.6776695296637));
#5161=CARTESIAN_POINT('Origin',(17.6776695296637,10.,-17.6776695296637));
#5162=CARTESIAN_POINT('Ctrl Pts',(10.4549104155743,12.,-17.0497756056294));
#5163=CARTESIAN_POINT('Ctrl Pts',(10.4911052024574,12.,-16.9700641447625));
#5164=CARTESIAN_POINT('Ctrl Pts',(10.5694035144838,12.0036103080307,-16.8086871124277));
#5165=CARTESIAN_POINT('Ctrl Pts',(10.7485160260769,12.0232216758764,-16.4795910872671));
#5166=CARTESIAN_POINT('Ctrl Pts',(11.1184486400362,12.0847165727748,-15.8888540636283));
#5167=CARTESIAN_POINT('Ctrl Pts',(11.7908892772437,12.2181363519498,-15.0111564036432));
#5168=CARTESIAN_POINT('Ctrl Pts',(12.7846993002579,12.3513518074011,-13.9034286930697));
#5169=CARTESIAN_POINT('Ctrl Pts',(14.2790397308464,12.3516308606641,-12.4110044655637));
#5170=CARTESIAN_POINT('Ctrl Pts',(15.5543384556923,12.1193443643346,-11.32829357524));
#5171=CARTESIAN_POINT('Ctrl Pts',(16.4790802966491,12.0233171652762,-10.7487703838861));
#5172=CARTESIAN_POINT('Ctrl Pts',(16.7675844062619,12.0060534731544,-10.5917720738095));
#5173=CARTESIAN_POINT('Ctrl Pts',(16.92967221321,12.0009094705863,-10.5106999744325));
#5174=CARTESIAN_POINT('Ctrl Pts',(17.009919875196,12.,-10.4730078090158));
#5175=CARTESIAN_POINT('Ctrl Pts',(17.0497756056294,12.,-10.4549104155743));
#5176=CARTESIAN_POINT('Ctrl Pts',(11.0510606151532,12.,-17.101600549839));
#5177=CARTESIAN_POINT('Ctrl Pts',(11.0808071975308,11.9910054536706,-17.0316073624712));
#5178=CARTESIAN_POINT('Ctrl Pts',(11.1448312542896,11.9762396416119,-16.8878182220444));
#5179=CARTESIAN_POINT('Ctrl Pts',(11.2905975020283,11.9584957998606,-16.5868567096966));
#5180=CARTESIAN_POINT('Ctrl Pts',(11.592853373451,11.9586371938245,-16.0279614794887));
#5181=CARTESIAN_POINT('Ctrl Pts',(12.1565144314155,12.0310429907502,-15.1635969300586));
#5182=CARTESIAN_POINT('Ctrl Pts',(13.0360940381847,12.1395059384123,-14.0818579014509));
#5183=CARTESIAN_POINT('Ctrl Pts',(14.4311316323284,12.1373182791066,-12.6855672568979));
#5184=CARTESIAN_POINT('Ctrl Pts',(15.7103101863475,11.9560368515237,-11.7633304954405));
#5185=CARTESIAN_POINT('Ctrl Pts',(16.5865558158361,11.9587884330459,-11.2908993537252));
#5186=CARTESIAN_POINT('Ctrl Pts',(16.850219181714,11.9738592916036,-11.1629766993214));
#5187=CARTESIAN_POINT('Ctrl Pts',(16.9956350489636,11.9873566679289,-11.096844618594));
#5188=CARTESIAN_POINT('Ctrl Pts',(17.0666039561552,11.9955027268353,-11.065933906342));
#5189=CARTESIAN_POINT('Ctrl Pts',(17.101600549839,12.,-11.0510606151532));
#5190=CARTESIAN_POINT('Ctrl Pts',(12.0835083677498,11.4982906131318,-17.1913540166927));
#5191=CARTESIAN_POINT('Ctrl Pts',(12.0962103017575,11.4844161122245,-17.1272153276955));
#5192=CARTESIAN_POINT('Ctrl Pts',(12.1244220169216,11.4603968099363,-16.9941806478087));
#5193=CARTESIAN_POINT('Ctrl Pts',(12.1942584549854,11.4282326639857,-16.7107603920969));
#5194=CARTESIAN_POINT('Ctrl Pts',(12.3562578318116,11.4128665345267,-16.1743534556071));
#5195=CARTESIAN_POINT('Ctrl Pts',(12.7221423329929,11.4926480030066,-15.333813301501));
#5196=CARTESIAN_POINT('Ctrl Pts',(13.4064710210519,11.6261195776461,-14.3186331039446));
#5197=CARTESIAN_POINT('Ctrl Pts',(14.6217508137061,11.6238819690738,-13.098887221963));
#5198=CARTESIAN_POINT('Ctrl Pts',(15.8680956344941,11.4013536524547,-12.4459200600026));
#5199=CARTESIAN_POINT('Ctrl Pts',(16.7106507136432,11.4286688901152,-12.1946928820717));
#5200=CARTESIAN_POINT('Ctrl Pts',(16.9587037090355,11.4563240485996,-12.1330896347925));
#5201=CARTESIAN_POINT('Ctrl Pts',(17.0939608078723,11.4784503700609,-12.1033034927684));
#5202=CARTESIAN_POINT('Ctrl Pts',(17.1592846721941,11.4913533626782,-12.0898593347536));
#5203=CARTESIAN_POINT('Ctrl Pts',(17.1913540166927,11.4982906131318,-12.0835083677498));
#5204=CARTESIAN_POINT('Ctrl Pts',(12.4473956884266,10.4487989505128,-17.2229877226044));
#5205=CARTESIAN_POINT('Ctrl Pts',(12.4542048982358,10.4446784435779,-17.143807558827));
#5206=CARTESIAN_POINT('Ctrl Pts',(12.4715894605597,10.442600910717,-16.9840204739926));
#5207=CARTESIAN_POINT('Ctrl Pts',(12.5218795996944,10.460579181596,-16.6607178339258));
#5208=CARTESIAN_POINT('Ctrl Pts',(12.6526836175423,10.5423028243151,-16.0887839147563));
#5209=CARTESIAN_POINT('Ctrl Pts',(12.9672232448751,10.7532358007901,-15.2772212738705));
#5210=CARTESIAN_POINT('Ctrl Pts',(13.5587537468336,10.9798266954227,-14.3580968699202));
#5211=CARTESIAN_POINT('Ctrl Pts',(14.6252821612921,10.9795826066729,-13.291134720808));
#5212=CARTESIAN_POINT('Ctrl Pts',(15.7634896871837,10.5875055855141,-12.7261419203333));
#5213=CARTESIAN_POINT('Ctrl Pts',(16.6604174483499,10.4608454675705,-12.5220333062007));
#5214=CARTESIAN_POINT('Ctrl Pts',(16.9435967249984,10.444828206597,-12.4778175057883));
#5215=CARTESIAN_POINT('Ctrl Pts',(17.103836605979,10.4441796360329,-12.4585680761645));
#5216=CARTESIAN_POINT('Ctrl Pts',(17.1833976407157,10.4467386970454,-12.4508002933312));
#5217=CARTESIAN_POINT('Ctrl Pts',(17.2229877226044,10.4487989505128,-12.4473956884266));
#5218=CARTESIAN_POINT('Ctrl Pts',(12.4473956884266,10.,-17.2229877226044));
#5219=CARTESIAN_POINT('Ctrl Pts',(12.455044964716,10.,-17.1349969363894));
#5220=CARTESIAN_POINT('Ctrl Pts',(12.4748009375946,10.0072206160613,-16.9593702155232));
#5221=CARTESIAN_POINT('Ctrl Pts',(12.5317627673328,10.0464433517528,-16.6117109137869));
#5222=CARTESIAN_POINT('Ctrl Pts',(12.6763175878192,10.1694331455497,-16.015771048412));
#5223=CARTESIAN_POINT('Ctrl Pts',(13.0035052348155,10.4362727038996,-15.2142680291552));
#5224=CARTESIAN_POINT('Ctrl Pts',(13.5801436145695,10.7027036148021,-14.3379081555893));
#5225=CARTESIAN_POINT('Ctrl Pts',(14.5922353967992,10.7032617213283,-13.3279490283785));
#5226=CARTESIAN_POINT('Ctrl Pts',(15.6770858932721,10.2386887286692,-12.7591577289381));
#5227=CARTESIAN_POINT('Ctrl Pts',(16.6113507352779,10.0466343305524,-12.5317341282709));
#5228=CARTESIAN_POINT('Ctrl Pts',(16.9159029954354,10.0121069463089,-12.4819337982081));
#5229=CARTESIAN_POINT('Ctrl Pts',(17.0910585155669,10.0018189411726,-12.4599757078514));
#5230=CARTESIAN_POINT('Ctrl Pts',(17.1789923294969,10.,-12.4512203265713));
#5231=CARTESIAN_POINT('Ctrl Pts',(17.2229877226044,10.,-12.4473956884266));
#5232=CARTESIAN_POINT('',(12.4473956884266,10.,-17.2229877226044));
#5233=CARTESIAN_POINT('Ctrl Pts',(17.2229877226044,10.,-12.4473956884266));
#5234=CARTESIAN_POINT('Ctrl Pts',(17.1789923294969,10.,-12.4512203265713));
#5235=CARTESIAN_POINT('Ctrl Pts',(17.0910585155669,10.0018189411726,-12.4599757078514));
#5236=CARTESIAN_POINT('Ctrl Pts',(16.9159029954354,10.0121069463089,-12.4819337982081));
#5237=CARTESIAN_POINT('Ctrl Pts',(16.6113507352779,10.0466343305524,-12.5317341282709));
#5238=CARTESIAN_POINT('Ctrl Pts',(15.6770858932721,10.2386887286692,-12.7591577289381));
#5239=CARTESIAN_POINT('Ctrl Pts',(14.5922353967992,10.7032617213283,-13.3279490283785));
#5240=CARTESIAN_POINT('Ctrl Pts',(13.5801436145695,10.7027036148021,-14.3379081555893));
#5241=CARTESIAN_POINT('Ctrl Pts',(13.0035052348155,10.4362727038996,-15.2142680291552));
#5242=CARTESIAN_POINT('Ctrl Pts',(12.6763175878192,10.1694331455497,-16.015771048412));
#5243=CARTESIAN_POINT('Ctrl Pts',(12.5317627673328,10.0464433517528,-16.6117109137869));
#5244=CARTESIAN_POINT('Ctrl Pts',(12.4748009375946,10.0072206160613,-16.9593702155232));
#5245=CARTESIAN_POINT('Ctrl Pts',(12.455044964716,10.,-17.1349969363894));
#5246=CARTESIAN_POINT('Ctrl Pts',(12.4473956884266,10.,-17.2229877226044));
#5247=CARTESIAN_POINT('',(10.4549104155743,12.,-17.0497756056294));
#5248=CARTESIAN_POINT('Origin',(10.4549104155743,10.,-17.0497756056294));
#5249=CARTESIAN_POINT('Ctrl Pts',(10.4549104155743,12.,-17.0497756056294));
#5250=CARTESIAN_POINT('Ctrl Pts',(10.4911052024574,12.,-16.9700641447625));
#5251=CARTESIAN_POINT('Ctrl Pts',(10.5694035144838,12.0036103080307,-16.8086871124277));
#5252=CARTESIAN_POINT('Ctrl Pts',(10.7485160260769,12.0232216758764,-16.4795910872671));
#5253=CARTESIAN_POINT('Ctrl Pts',(11.1184486400362,12.0847165727748,-15.8888540636283));
#5254=CARTESIAN_POINT('Ctrl Pts',(11.7908892772437,12.2181363519498,-15.0111564036432));
#5255=CARTESIAN_POINT('Ctrl Pts',(12.7846993002579,12.3513518074011,-13.9034286930697));
#5256=CARTESIAN_POINT('Ctrl Pts',(14.2790397308464,12.3516308606641,-12.4110044655637));
#5257=CARTESIAN_POINT('Ctrl Pts',(15.5543384556923,12.1193443643346,-11.32829357524));
#5258=CARTESIAN_POINT('Ctrl Pts',(16.4790802966491,12.0233171652762,-10.7487703838861));
#5259=CARTESIAN_POINT('Ctrl Pts',(16.7675844062619,12.0060534731544,-10.5917720738095));
#5260=CARTESIAN_POINT('Ctrl Pts',(16.92967221321,12.0009094705863,-10.5106999744325));
#5261=CARTESIAN_POINT('Ctrl Pts',(17.009919875196,12.,-10.4730078090158));
#5262=CARTESIAN_POINT('Ctrl Pts',(17.0497756056294,12.,-10.4549104155743));
#5263=CARTESIAN_POINT('Origin',(17.6776695296637,10.,-17.6776695296637));
#5264=CARTESIAN_POINT('',(13.9653589284343,10.,-21.3899801308931));
#5265=CARTESIAN_POINT('',(12.5511453660612,12.,-22.8041936932662));
#5266=CARTESIAN_POINT('Origin',(12.5511453660612,10.,-22.8041936932662));
#5267=CARTESIAN_POINT('Origin',(17.6776695296637,12.,-17.6776695296637));
#5268=CARTESIAN_POINT('Origin',(17.6776695296637,10.,-17.6776695296637));
#5269=CARTESIAN_POINT('Origin',(9.79213868465728,10.,-20.0451870118622));
#5270=CARTESIAN_POINT('',(9.79213868465728,12.,-20.0451870118622));
#5271=CARTESIAN_POINT('',(11.2063522470304,10.,-18.6309734494891));
#5272=CARTESIAN_POINT('Origin',(15.0933608509074,0.,-25.3464091781123));
#5273=CARTESIAN_POINT('',(16.5075744132805,6.,-23.9321956157392));
#5274=CARTESIAN_POINT('',(16.1166395526638,6.,-27.0648098003572));
#5275=CARTESIAN_POINT('Origin',(15.0933608509074,6.,-25.3464091781123));
#5276=CARTESIAN_POINT('',(16.1166395526638,0.,-27.0648098003572));
#5277=CARTESIAN_POINT('',(16.5075744132805,0.,-23.9321956157392));
#5278=CARTESIAN_POINT('Origin',(0.,10.,0.));
#5279=CARTESIAN_POINT('Origin',(0.,12.,0.));
#5280=CARTESIAN_POINT('Origin',(0.,10.,0.));
#5281=CARTESIAN_POINT('Origin',(20.375,10.,7.25));
#5282=CARTESIAN_POINT('',(25.,10.,5.25));
#5283=CARTESIAN_POINT('',(25.,12.,7.25));
#5284=CARTESIAN_POINT('Origin',(25.,10.,7.25));
#5285=CARTESIAN_POINT('',(20.375,12.,7.25));
#5286=CARTESIAN_POINT('',(20.375,10.,5.25));
#5287=CARTESIAN_POINT('Origin',(25.,10.,-5.55111512312578E-15));
#5288=CARTESIAN_POINT('',(20.9801293103448,10.,3.37685351154758));
#5289=CARTESIAN_POINT('',(19.44875,12.,4.66327389689904));
#5290=CARTESIAN_POINT('Origin',(19.44875,10.,4.66327389689904));
#5291=CARTESIAN_POINT('Origin',(25.,12.,-5.55111512312578E-15));
#5292=CARTESIAN_POINT('Origin',(25.,10.,-5.55111512312578E-15));
#5293=CARTESIAN_POINT('Ctrl Pts',(19.44875,12.,-4.66327389689904));
#5294=CARTESIAN_POINT('Ctrl Pts',(19.4410571351301,12.,-4.64278402439987));
#5295=CARTESIAN_POINT('Ctrl Pts',(19.425842739377,12.0002259451532,-4.60144977544021));
#5296=CARTESIAN_POINT('Ctrl Pts',(19.3961159440904,12.0015471835558,-4.51741759534721));
#5297=CARTESIAN_POINT('Ctrl Pts',(19.3459266807591,12.0060745189682,-4.36677739475308));
#5298=CARTESIAN_POINT('Ctrl Pts',(19.2796379785983,12.0183375878773,-4.14214209060544));
#5299=CARTESIAN_POINT('Ctrl Pts',(19.2084327768844,12.0408614994824,-3.857936419322));
#5300=CARTESIAN_POINT('Ctrl Pts',(18.9993193484004,12.1358640999632,-2.86964176975727));
#5301=CARTESIAN_POINT('Ctrl Pts',(18.8725537524914,12.3517035617562,-1.32033963164335));
#5302=CARTESIAN_POINT('Ctrl Pts',(18.8713783956,12.3513460255164,0.790926695808672));
#5303=CARTESIAN_POINT('Ctrl Pts',(18.9518679386731,12.2181469029477,2.27725385572623));
#5304=CARTESIAN_POINT('Ctrl Pts',(19.0970728122329,12.0847143637828,3.37323813963702));
#5305=CARTESIAN_POINT('Ctrl Pts',(19.2531195430722,12.0232395977408,4.05227113360826));
#5306=CARTESIAN_POINT('Ctrl Pts',(19.345947324786,12.0060658848381,4.3668377110204));
#5307=CARTESIAN_POINT('Ctrl Pts',(19.3961175841999,12.001546754422,4.51742050504134));
#5308=CARTESIAN_POINT('Ctrl Pts',(19.4221281068022,12.0003905590513,4.59094876217377));
#5309=CARTESIAN_POINT('Ctrl Pts',(19.4372539008053,12.0000562504511,4.63245140025589));
#5310=CARTESIAN_POINT('Ctrl Pts',(19.444903567565,12.,4.65302896064944));
#5311=CARTESIAN_POINT('Ctrl Pts',(19.44875,12.,4.66327389689903));
#5312=CARTESIAN_POINT('Ctrl Pts',(19.9069376182132,12.,-4.27837781765635));
#5313=CARTESIAN_POINT('Ctrl Pts',(19.8998228351814,11.9977513251101,-4.2607458503996));
#5314=CARTESIAN_POINT('Ctrl Pts',(19.8856238179422,11.9934606221812,-4.22510673037635));
#5315=CARTESIAN_POINT('Ctrl Pts',(19.8573619473628,11.9856167482345,-4.15239459886532));
#5316=CARTESIAN_POINT('Ctrl Pts',(19.8083181393673,11.9739408431971,-4.02134590311165));
#5317=CARTESIAN_POINT('Ctrl Pts',(19.7396577761368,11.9628786668109,-3.82381520280203));
#5318=CARTESIAN_POINT('Ctrl Pts',(19.6604369592959,11.95862736744,-3.57071500899294));
#5319=CARTESIAN_POINT('Ctrl Pts',(19.4087025620409,11.9684997878514,-2.68022324454073));
#5320=CARTESIAN_POINT('Ctrl Pts',(19.174484300198,12.1378272657518,-1.23381938741183));
#5321=CARTESIAN_POINT('Ctrl Pts',(19.1753071249206,12.1395586641406,0.73933354419931));
#5322=CARTESIAN_POINT('Ctrl Pts',(19.3182597885595,12.0311981863675,2.12648652559568));
#5323=CARTESIAN_POINT('Ctrl Pts',(19.5308822744539,11.9585736453034,3.13617465239074));
#5324=CARTESIAN_POINT('Ctrl Pts',(19.7122692451023,11.9584444502497,3.74485996096701));
#5325=CARTESIAN_POINT('Ctrl Pts',(19.8083266842524,11.9739259908308,4.02138942100446));
#5326=CARTESIAN_POINT('Ctrl Pts',(19.8573670383248,11.9856039360073,4.1524057012302));
#5327=CARTESIAN_POINT('Ctrl Pts',(19.8820919025255,11.9924679809027,4.21602508475102));
#5328=CARTESIAN_POINT('Ctrl Pts',(19.8962733021628,11.9966776382111,4.25183708881225));
#5329=CARTESIAN_POINT('Ctrl Pts',(19.9033802266973,11.998875662555,4.26956183402796));
#5330=CARTESIAN_POINT('Ctrl Pts',(19.9069376182132,12.,4.27837781765634));
#5331=CARTESIAN_POINT('Ctrl Pts',(20.7004885997246,11.4983453142061,-3.6117629871334));
#5332=CARTESIAN_POINT('Ctrl Pts',(20.6913956252563,11.4948766298881,-3.59817912432451));
#5333=CARTESIAN_POINT('Ctrl Pts',(20.6731239254825,11.4881720710097,-3.57067479634108));
#5334=CARTESIAN_POINT('Ctrl Pts',(20.6362642647476,11.4757091927902,-3.51431381624582));
#5335=CARTESIAN_POINT('Ctrl Pts',(20.5711053550562,11.4564987996875,-3.4120689260933));
#5336=CARTESIAN_POINT('Ctrl Pts',(20.4765329310523,11.4362162122337,-3.25594563852788));
#5337=CARTESIAN_POINT('Ctrl Pts',(20.3634424806145,11.424204550254,-3.05218636268477));
#5338=CARTESIAN_POINT('Ctrl Pts',(19.9909067751992,11.4170533250094,-2.3241279280621));
#5339=CARTESIAN_POINT('Ctrl Pts',(19.6017484419687,11.6242824357328,-1.07644232159881));
#5340=CARTESIAN_POINT('Ctrl Pts',(19.6045954507193,11.6260924498799,0.644904128469794));
#5341=CARTESIAN_POINT('Ctrl Pts',(19.838637056057,11.4927410477681,1.84685845902714));
#5342=CARTESIAN_POINT('Ctrl Pts',(20.1742557199637,11.4129432817763,2.69979689198984));
#5343=CARTESIAN_POINT('Ctrl Pts',(20.4388925548771,11.4283030086876,3.19346139290316));
#5344=CARTESIAN_POINT('Ctrl Pts',(20.5710884184015,11.4564545417474,3.41211302048293));
#5345=CARTESIAN_POINT('Ctrl Pts',(20.6362753083053,11.4757225288647,3.51431195900547));
#5346=CARTESIAN_POINT('Ctrl Pts',(20.6685171485452,11.4866165169102,3.56362937408616));
#5347=CARTESIAN_POINT('Ctrl Pts',(20.6868275668874,11.4931999700946,3.59130361927285));
#5348=CARTESIAN_POINT('Ctrl Pts',(20.6959421124904,11.4966109720471,3.60497105572895));
#5349=CARTESIAN_POINT('Ctrl Pts',(20.7004885997246,11.4983453142061,3.61176298713339));
#5350=CARTESIAN_POINT('Ctrl Pts',(20.9801293103448,10.4487989505128,-3.37685351154758));
#5351=CARTESIAN_POINT('Ctrl Pts',(20.967335594318,10.44776880623,-3.36165233529284));
#5352=CARTESIAN_POINT('Ctrl Pts',(20.9418486512176,10.4460938276765,-3.33101523849681));
#5353=CARTESIAN_POINT('Ctrl Pts',(20.891298802785,10.4442462154069,-3.26884429350011));
#5354=CARTESIAN_POINT('Ctrl Pts',(20.8040437292285,10.4448943228958,-3.15767359472562));
#5355=CARTESIAN_POINT('Ctrl Pts',(20.6833217362787,10.4560773463643,-2.99249294014524));
#5356=CARTESIAN_POINT('Ctrl Pts',(20.5459545596246,10.4841280639539,-2.78436170866896));
#5357=CARTESIAN_POINT('Ctrl Pts',(20.1162924982997,10.6153555352493,-2.0620446652847));
#5358=CARTESIAN_POINT('Ctrl Pts',(19.7398813085828,10.9797819100466,-0.943037325556834));
#5359=CARTESIAN_POINT('Ctrl Pts',(19.7402201189184,10.9797970905622,0.565122683813594));
#5360=CARTESIAN_POINT('Ctrl Pts',(19.9718396262675,10.7532615137513,1.63353123229273));
#5361=CARTESIAN_POINT('Ctrl Pts',(20.3233178503357,10.542314047371,2.42974794085363));
#5362=CARTESIAN_POINT('Ctrl Pts',(20.6350936358781,10.460613601849,2.92645908784885));
#5363=CARTESIAN_POINT('Ctrl Pts',(20.8040636438172,10.4448679740165,3.15770865303975));
#5364=CARTESIAN_POINT('Ctrl Pts',(20.8913022433417,10.4442507917915,3.26885129712049));
#5365=CARTESIAN_POINT('Ctrl Pts',(20.9355294425344,10.445863554156,3.32324814896311));
#5366=CARTESIAN_POINT('Ctrl Pts',(20.9609641292168,10.4473496068065,3.3539937581302));
#5367=CARTESIAN_POINT('Ctrl Pts',(20.9737324523314,10.4482838783714,3.36925292342021));
#5368=CARTESIAN_POINT('Ctrl Pts',(20.9801293103448,10.4487989505128,3.37685351154757));
#5369=CARTESIAN_POINT('Ctrl Pts',(20.9801293103448,10.,-3.37685351154758));
#5370=CARTESIAN_POINT('Ctrl Pts',(20.9659265617724,10.,-3.35994628933505));
#5371=CARTESIAN_POINT('Ctrl Pts',(20.9377280019132,10.0004518903063,-3.32594577676404));
#5372=CARTESIAN_POINT('Ctrl Pts',(20.8821970610313,10.0030943671116,-3.25723889571678));
#5373=CARTESIAN_POINT('Ctrl Pts',(20.7873180064353,10.0121490379364,-3.13520846680764));
#5374=CARTESIAN_POINT('Ctrl Pts',(20.6588114254094,10.0366751757547,-2.95628357974182));
#5375=CARTESIAN_POINT('Ctrl Pts',(20.5161249737007,10.0817229989647,-2.73512350799434));
#5376=CARTESIAN_POINT('Ctrl Pts',(20.0816275809019,10.2717281999263,-1.97996646317171));
#5377=CARTESIAN_POINT('Ctrl Pts',(19.7423269348624,10.7034071235125,-0.89377382148216));
#5378=CARTESIAN_POINT('Ctrl Pts',(19.7410760076719,10.7026920510327,0.535744140829343));
#5379=CARTESIAN_POINT('Ctrl Pts',(19.9529207057469,10.4362938058955,1.56332924926141));
#5380=CARTESIAN_POINT('Ctrl Pts',(20.2884192494734,10.1694287275657,2.36139625821441));
#5381=CARTESIAN_POINT('Ctrl Pts',(20.6074297753797,10.0464791954815,2.88479274256352));
#5382=CARTESIAN_POINT('Ctrl Pts',(20.7873522013219,10.0121317696763,3.13523802864422));
#5383=CARTESIAN_POINT('Ctrl Pts',(20.8822013493955,10.003093508844,3.25724561514238));
#5384=CARTESIAN_POINT('Ctrl Pts',(20.9307888130725,10.0007811181026,3.31735934496158));
#5385=CARTESIAN_POINT('Ctrl Pts',(20.9588775312415,10.0001125009022,3.35144669636147));
#5386=CARTESIAN_POINT('Ctrl Pts',(20.9730279360586,10.,3.36839990044131));
#5387=CARTESIAN_POINT('Ctrl Pts',(20.9801293103448,10.,3.37685351154757));
#5388=CARTESIAN_POINT('',(20.9801293103448,10.,-3.37685351154758));
#5389=CARTESIAN_POINT('Ctrl Pts',(20.9801293103448,10.,3.37685351154757));
#5390=CARTESIAN_POINT('Ctrl Pts',(20.9730279360586,10.,3.36839990044131));
#5391=CARTESIAN_POINT('Ctrl Pts',(20.9588775312415,10.0001125009022,3.35144669636147));
#5392=CARTESIAN_POINT('Ctrl Pts',(20.9307888130725,10.0007811181026,3.31735934496158));
#5393=CARTESIAN_POINT('Ctrl Pts',(20.8822013493955,10.003093508844,3.25724561514238));
#5394=CARTESIAN_POINT('Ctrl Pts',(20.7873522013219,10.0121317696763,3.13523802864422));
#5395=CARTESIAN_POINT('Ctrl Pts',(20.6074297753797,10.0464791954815,2.88479274256352));
#5396=CARTESIAN_POINT('Ctrl Pts',(20.2884192494734,10.1694287275657,2.36139625821441));
#5397=CARTESIAN_POINT('Ctrl Pts',(19.9529207057469,10.4362938058955,1.56332924926141));
#5398=CARTESIAN_POINT('Ctrl Pts',(19.7410760076719,10.7026920510327,0.535744140829343));
#5399=CARTESIAN_POINT('Ctrl Pts',(19.7423269348624,10.7034071235125,-0.89377382148216));
#5400=CARTESIAN_POINT('Ctrl Pts',(20.0816275809019,10.2717281999263,-1.97996646317171));
#5401=CARTESIAN_POINT('Ctrl Pts',(20.5161249737007,10.0817229989647,-2.73512350799434));
#5402=CARTESIAN_POINT('Ctrl Pts',(20.6588114254094,10.0366751757547,-2.95628357974182));
#5403=CARTESIAN_POINT('Ctrl Pts',(20.7873180064353,10.0121490379364,-3.13520846680764));
#5404=CARTESIAN_POINT('Ctrl Pts',(20.8821970610313,10.0030943671116,-3.25723889571678));
#5405=CARTESIAN_POINT('Ctrl Pts',(20.9377280019132,10.0004518903063,-3.32594577676404));
#5406=CARTESIAN_POINT('Ctrl Pts',(20.9659265617724,10.,-3.35994628933505));
#5407=CARTESIAN_POINT('Ctrl Pts',(20.9801293103448,10.,-3.37685351154758));
#5408=CARTESIAN_POINT('',(19.44875,12.,-4.66327389689904));
#5409=CARTESIAN_POINT('Origin',(19.44875,10.,-4.66327389689904));
#5410=CARTESIAN_POINT('Ctrl Pts',(19.44875,12.,-4.66327389689904));
#5411=CARTESIAN_POINT('Ctrl Pts',(19.4410571351301,12.,-4.64278402439987));
#5412=CARTESIAN_POINT('Ctrl Pts',(19.425842739377,12.0002259451532,-4.60144977544021));
#5413=CARTESIAN_POINT('Ctrl Pts',(19.3961159440904,12.0015471835558,-4.51741759534721));
#5414=CARTESIAN_POINT('Ctrl Pts',(19.3459266807591,12.0060745189682,-4.36677739475308));
#5415=CARTESIAN_POINT('Ctrl Pts',(19.2796379785983,12.0183375878773,-4.14214209060544));
#5416=CARTESIAN_POINT('Ctrl Pts',(19.2084327768844,12.0408614994824,-3.857936419322));
#5417=CARTESIAN_POINT('Ctrl Pts',(18.9993193484004,12.1358640999632,-2.86964176975727));
#5418=CARTESIAN_POINT('Ctrl Pts',(18.8725537524914,12.3517035617562,-1.32033963164335));
#5419=CARTESIAN_POINT('Ctrl Pts',(18.8713783956,12.3513460255164,0.790926695808672));
#5420=CARTESIAN_POINT('Ctrl Pts',(18.9518679386731,12.2181469029477,2.27725385572623));
#5421=CARTESIAN_POINT('Ctrl Pts',(19.0970728122329,12.0847143637828,3.37323813963702));
#5422=CARTESIAN_POINT('Ctrl Pts',(19.2531195430722,12.0232395977408,4.05227113360826));
#5423=CARTESIAN_POINT('Ctrl Pts',(19.345947324786,12.0060658848381,4.3668377110204));
#5424=CARTESIAN_POINT('Ctrl Pts',(19.3961175841999,12.001546754422,4.51742050504134));
#5425=CARTESIAN_POINT('Ctrl Pts',(19.4221281068022,12.0003905590513,4.59094876217377));
#5426=CARTESIAN_POINT('Ctrl Pts',(19.4372539008053,12.0000562504511,4.63245140025589));
#5427=CARTESIAN_POINT('Ctrl Pts',(19.444903567565,12.,4.65302896064944));
#5428=CARTESIAN_POINT('Ctrl Pts',(19.44875,12.,4.66327389689903));
#5429=CARTESIAN_POINT('Origin',(25.,10.,-5.55111512312578E-15));
#5430=CARTESIAN_POINT('',(25.,10.,-5.25000000000001));
#5431=CARTESIAN_POINT('',(25.,12.,-7.25000000000001));
#5432=CARTESIAN_POINT('Origin',(25.,10.,-7.25000000000001));
#5433=CARTESIAN_POINT('Origin',(25.,12.,-5.55111512312578E-15));
#5434=CARTESIAN_POINT('Origin',(25.,10.,-5.55111512312578E-15));
#5435=CARTESIAN_POINT('Origin',(23.4047094306365,10.,-7.25000000000001));
#5436=CARTESIAN_POINT('',(23.4047094306365,12.,-7.25000000000001));
#5437=CARTESIAN_POINT('',(23.4047094306365,10.,-5.25000000000001));
#5438=CARTESIAN_POINT('Origin',(28.5952356171443,0.,-7.25000000000001));
#5439=CARTESIAN_POINT('',(28.5952356171443,6.,-5.25000000000001));
#5440=CARTESIAN_POINT('',(30.5338956589846,6.,-7.74152542372882));
#5441=CARTESIAN_POINT('Origin',(28.5952356171443,6.,-7.25000000000001));
#5442=CARTESIAN_POINT('',(30.5338956589846,0.,-7.74152542372882));
#5443=CARTESIAN_POINT('',(28.5952356171443,0.,-5.25000000000001));
#5444=CARTESIAN_POINT('Origin',(0.,10.,0.));
#5445=CARTESIAN_POINT('Origin',(0.,12.,0.));
#5446=CARTESIAN_POINT('Origin',(0.,10.,0.));
#5447=CARTESIAN_POINT('Origin',(7.64981060122938,10.,17.9028589284343));
#5448=CARTESIAN_POINT('',(13.9653589284343,10.,21.3899801308931));
#5449=CARTESIAN_POINT('',(12.5511453660612,12.,22.8041936932662));
#5450=CARTESIAN_POINT('Origin',(12.5511453660612,10.,22.8041936932662));
#5451=CARTESIAN_POINT('',(7.64981060122938,12.,17.9028589284343));
#5452=CARTESIAN_POINT('',(9.06402416360247,10.,16.4886453660612));
#5453=CARTESIAN_POINT('Origin',(17.6776695296637,10.,17.6776695296637));
#5454=CARTESIAN_POINT('',(12.4473956884266,10.,17.2229877226044));
#5455=CARTESIAN_POINT('',(10.4549104155743,12.,17.0497756056294));
#5456=CARTESIAN_POINT('Origin',(10.4549104155743,10.,17.0497756056294));
#5457=CARTESIAN_POINT('Origin',(17.6776695296637,12.,17.6776695296637));
#5458=CARTESIAN_POINT('Origin',(17.6776695296637,10.,17.6776695296637));
#5459=CARTESIAN_POINT('Ctrl Pts',(17.0497756056294,12.,10.4549104155743));
#5460=CARTESIAN_POINT('Ctrl Pts',(17.009919875196,12.,10.4730078090158));
#5461=CARTESIAN_POINT('Ctrl Pts',(16.9296823655039,12.0009093564875,10.510694826231));
#5462=CARTESIAN_POINT('Ctrl Pts',(16.767638185973,12.0060516236874,10.5917451835843));
#5463=CARTESIAN_POINT('Ctrl Pts',(16.4792057842917,12.0233065457331,10.7486939942924));
#5464=CARTESIAN_POINT('Ctrl Pts',(15.5542205401222,12.1193497519698,11.3283608429413));
#5465=CARTESIAN_POINT('Ctrl Pts',(14.2790583168423,12.3516492766555,12.4109962204443));
#5466=CARTESIAN_POINT('Ctrl Pts',(12.7846260749846,12.3513436650872,13.9034782838186));
#5467=CARTESIAN_POINT('Ctrl Pts',(11.7908105714176,12.2181333972079,15.0112579159175));
#5468=CARTESIAN_POINT('Ctrl Pts',(11.0512239019793,12.0713579687201,15.9764827146817));
#5469=CARTESIAN_POINT('Ctrl Pts',(10.6729333097773,12.0112129917904,16.6052724098611));
#5470=CARTESIAN_POINT('Ctrl Pts',(10.520823810604,12.0015474731226,16.9094371540471));
#5471=CARTESIAN_POINT('Ctrl Pts',(10.4824259359286,12.0002246686666,16.9898664991371));
#5472=CARTESIAN_POINT('Ctrl Pts',(10.4639591122951,12.,17.0298477404127));
#5473=CARTESIAN_POINT('Ctrl Pts',(10.4549104155743,12.,17.0497756056294));
#5474=CARTESIAN_POINT('Ctrl Pts',(17.101600549839,12.,11.0510606151532));
#5475=CARTESIAN_POINT('Ctrl Pts',(17.0666039561552,11.9955027268353,11.065933906342));
#5476=CARTESIAN_POINT('Ctrl Pts',(16.9956436222471,11.9873604656289,11.0968407148786));
#5477=CARTESIAN_POINT('Ctrl Pts',(16.8502664344214,11.973868934515,11.1629558551463));
#5478=CARTESIAN_POINT('Ctrl Pts',(16.5866715202128,11.9588046955729,11.2908381445598));
#5479=CARTESIAN_POINT('Ctrl Pts',(15.7101964449784,11.9560800564734,11.7633998625567));
#5480=CARTESIAN_POINT('Ctrl Pts',(14.4311628734047,12.1374724933668,12.6855497280751));
#5481=CARTESIAN_POINT('Ctrl Pts',(13.0360881006865,12.1396757475853,14.0819243082999));
#5482=CARTESIAN_POINT('Ctrl Pts',(12.1564972318615,12.0312309608697,15.1636413284758));
#5483=CARTESIAN_POINT('Ctrl Pts',(11.5366837658201,11.9517033143534,16.1143461877466));
#5484=CARTESIAN_POINT('Ctrl Pts',(11.2291885941162,11.9603369650282,16.7047954967953));
#5485=CARTESIAN_POINT('Ctrl Pts',(11.1050857168421,11.9856181014963,16.9774767844633));
#5486=CARTESIAN_POINT('Ctrl Pts',(11.0736523733027,11.993449142918,17.0488692619233));
#5487=CARTESIAN_POINT('Ctrl Pts',(11.0584972607476,11.9977513634177,17.0841022529971));
#5488=CARTESIAN_POINT('Ctrl Pts',(11.0510606151532,12.,17.101600549839));
#5489=CARTESIAN_POINT('Ctrl Pts',(17.1913540166927,11.4982906131318,12.0835083677498));
#5490=CARTESIAN_POINT('Ctrl Pts',(17.1592846721941,11.4913533626782,12.0898593347536));
#5491=CARTESIAN_POINT('Ctrl Pts',(17.0939692370717,11.47845097777,12.1033009566697));
#5492=CARTESIAN_POINT('Ctrl Pts',(16.9587484395155,11.4563289326627,12.1330794901272));
#5493=CARTESIAN_POINT('Ctrl Pts',(16.7107631212785,11.4286721348221,12.1946570921209));
#5494=CARTESIAN_POINT('Ctrl Pts',(15.8679856277053,11.4013075540701,12.4459497611496));
#5495=CARTESIAN_POINT('Ctrl Pts',(14.6217432982032,11.623885555874,13.098839892512));
#5496=CARTESIAN_POINT('Ctrl Pts',(13.4063540362137,11.6259765357744,14.3187245355614));
#5497=CARTESIAN_POINT('Ctrl Pts',(12.7220807036017,11.4926427260405,15.3338385621059));
#5498=CARTESIAN_POINT('Ctrl Pts',(12.3194063752805,11.4043239667985,16.2586043863614));
#5499=CARTESIAN_POINT('Ctrl Pts',(12.1630685798752,11.4343456592811,16.8235505723521));
#5500=CARTESIAN_POINT('Ctrl Pts',(12.1070113768401,11.4756744642537,17.0770408411108));
#5501=CARTESIAN_POINT('Ctrl Pts',(12.0932096160289,11.4881144532257,17.1429555903031));
#5502=CARTESIAN_POINT('Ctrl Pts',(12.0866838512517,11.494821987905,17.1753193444434));
#5503=CARTESIAN_POINT('Ctrl Pts',(12.0835083677498,11.4982906131318,17.1913540166927));
#5504=CARTESIAN_POINT('Ctrl Pts',(17.2229877226044,10.4487989505128,12.4473956884266));
#5505=CARTESIAN_POINT('Ctrl Pts',(17.1833976407157,10.4467386970454,12.4508002933312));
#5506=CARTESIAN_POINT('Ctrl Pts',(17.1038467007469,10.4441794562279,12.4585671451793));
#5507=CARTESIAN_POINT('Ctrl Pts',(16.9436502019265,10.4448266643945,12.477812276507));
#5508=CARTESIAN_POINT('Ctrl Pts',(16.6605397929525,10.4608305941265,12.522008732327));
#5509=CARTESIAN_POINT('Ctrl Pts',(15.7633783443011,10.5874951933647,12.7261755671588));
#5510=CARTESIAN_POINT('Ctrl Pts',(14.6253103995188,10.979600383932,13.2911258017904));
#5511=CARTESIAN_POINT('Ctrl Pts',(13.5587400494729,10.9797570906424,14.3581483380029));
#5512=CARTESIAN_POINT('Ctrl Pts',(12.9672193392225,10.7532182891838,15.2772873934208));
#5513=CARTESIAN_POINT('Ctrl Pts',(12.6213264830948,10.5209794397621,16.1698734920384));
#5514=CARTESIAN_POINT('Ctrl Pts',(12.4970925260486,10.4455512688507,16.7832882383618));
#5515=CARTESIAN_POINT('Ctrl Pts',(12.4609579688326,10.4442530819977,17.0838175151888));
#5516=CARTESIAN_POINT('Ctrl Pts',(12.4527360877568,10.4460916660303,17.1635117693797));
#5517=CARTESIAN_POINT('Ctrl Pts',(12.4490979908789,10.4477688237791,17.20319268166));
#5518=CARTESIAN_POINT('Ctrl Pts',(12.4473956884266,10.4487989505128,17.2229877226044));
#5519=CARTESIAN_POINT('Ctrl Pts',(17.2229877226044,10.,12.4473956884266));
#5520=CARTESIAN_POINT('Ctrl Pts',(17.1789923294969,10.,12.4512203265713));
#5521=CARTESIAN_POINT('Ctrl Pts',(17.0910693742969,10.001818712975,12.4599741642435));
#5522=CARTESIAN_POINT('Ctrl Pts',(16.9159611478581,10.0121032473748,12.4819265458301));
#5523=CARTESIAN_POINT('Ctrl Pts',(16.6114783789747,10.0466130914662,12.5317046477637));
#5524=CARTESIAN_POINT('Ctrl Pts',(15.6769637070408,10.2386995039396,12.7591823617914));
#5525=CARTESIAN_POINT('Ctrl Pts',(14.592250646287,10.703298553311,13.327936584508));
#5526=CARTESIAN_POINT('Ctrl Pts',(13.5800961390957,10.7026873301744,14.3379273325636));
#5527=CARTESIAN_POINT('Ctrl Pts',(13.0034646988579,10.4362667944158,15.2143467273146));
#5528=CARTESIAN_POINT('Ctrl Pts',(12.6436115016761,10.1427159374402,16.095747478608));
#5529=CARTESIAN_POINT('Ctrl Pts',(12.5038472685478,10.0224259835807,16.7406143725548));
#5530=CARTESIAN_POINT('Ctrl Pts',(12.4627261221568,10.0030949462452,17.0691803783212));
#5531=CARTESIAN_POINT('Ctrl Pts',(12.453410213908,10.0004493373331,17.157012896884));
#5532=CARTESIAN_POINT('Ctrl Pts',(12.4493080074989,10.,17.2009900260506));
#5533=CARTESIAN_POINT('Ctrl Pts',(12.4473956884266,10.,17.2229877226044));
#5534=CARTESIAN_POINT('',(17.2229877226044,10.,12.4473956884266));
#5535=CARTESIAN_POINT('Ctrl Pts',(12.4473956884266,10.,17.2229877226044));
#5536=CARTESIAN_POINT('Ctrl Pts',(12.4493080074989,10.,17.2009900260506));
#5537=CARTESIAN_POINT('Ctrl Pts',(12.453410213908,10.0004493373331,17.157012896884));
#5538=CARTESIAN_POINT('Ctrl Pts',(12.4627261221568,10.0030949462452,17.0691803783212));
#5539=CARTESIAN_POINT('Ctrl Pts',(12.5038472685478,10.0224259835807,16.7406143725548));
#5540=CARTESIAN_POINT('Ctrl Pts',(12.6436115016761,10.1427159374402,16.095747478608));
#5541=CARTESIAN_POINT('Ctrl Pts',(13.0034646988579,10.4362667944158,15.2143467273146));
#5542=CARTESIAN_POINT('Ctrl Pts',(13.5800961390957,10.7026873301744,14.3379273325636));
#5543=CARTESIAN_POINT('Ctrl Pts',(14.592250646287,10.703298553311,13.327936584508));
#5544=CARTESIAN_POINT('Ctrl Pts',(15.6769637070408,10.2386995039396,12.7591823617914));
#5545=CARTESIAN_POINT('Ctrl Pts',(16.6114783789747,10.0466130914662,12.5317046477637));
#5546=CARTESIAN_POINT('Ctrl Pts',(16.9159611478581,10.0121032473748,12.4819265458301));
#5547=CARTESIAN_POINT('Ctrl Pts',(17.0910693742969,10.001818712975,12.4599741642435));
#5548=CARTESIAN_POINT('Ctrl Pts',(17.1789923294969,10.,12.4512203265713));
#5549=CARTESIAN_POINT('Ctrl Pts',(17.2229877226044,10.,12.4473956884266));
#5550=CARTESIAN_POINT('',(17.0497756056294,12.,10.4549104155743));
#5551=CARTESIAN_POINT('Origin',(17.0497756056294,10.,10.4549104155743));
#5552=CARTESIAN_POINT('Ctrl Pts',(17.0497756056294,12.,10.4549104155743));
#5553=CARTESIAN_POINT('Ctrl Pts',(17.009919875196,12.,10.4730078090158));
#5554=CARTESIAN_POINT('Ctrl Pts',(16.9296823655039,12.0009093564875,10.510694826231));
#5555=CARTESIAN_POINT('Ctrl Pts',(16.767638185973,12.0060516236874,10.5917451835843));
#5556=CARTESIAN_POINT('Ctrl Pts',(16.4792057842917,12.0233065457331,10.7486939942924));
#5557=CARTESIAN_POINT('Ctrl Pts',(15.5542205401222,12.1193497519698,11.3283608429413));
#5558=CARTESIAN_POINT('Ctrl Pts',(14.2790583168423,12.3516492766555,12.4109962204443));
#5559=CARTESIAN_POINT('Ctrl Pts',(12.7846260749846,12.3513436650872,13.9034782838186));
#5560=CARTESIAN_POINT('Ctrl Pts',(11.7908105714176,12.2181333972079,15.0112579159175));
#5561=CARTESIAN_POINT('Ctrl Pts',(11.0512239019793,12.0713579687201,15.9764827146817));
#5562=CARTESIAN_POINT('Ctrl Pts',(10.6729333097773,12.0112129917904,16.6052724098611));
#5563=CARTESIAN_POINT('Ctrl Pts',(10.520823810604,12.0015474731226,16.9094371540471));
#5564=CARTESIAN_POINT('Ctrl Pts',(10.4824259359286,12.0002246686666,16.9898664991371));
#5565=CARTESIAN_POINT('Ctrl Pts',(10.4639591122951,12.,17.0298477404127));
#5566=CARTESIAN_POINT('Ctrl Pts',(10.4549104155743,12.,17.0497756056294));
#5567=CARTESIAN_POINT('Origin',(17.6776695296637,10.,17.6776695296637));
#5568=CARTESIAN_POINT('',(21.3899801308931,10.,13.9653589284343));
#5569=CARTESIAN_POINT('',(22.8041936932662,12.,12.5511453660612));
#5570=CARTESIAN_POINT('Origin',(22.8041936932662,10.,12.5511453660612));
#5571=CARTESIAN_POINT('Origin',(17.6776695296637,12.,17.6776695296637));
#5572=CARTESIAN_POINT('Origin',(17.6776695296637,10.,17.6776695296637));
#5573=CARTESIAN_POINT('Origin',(20.0451870118622,10.,9.79213868465727));
#5574=CARTESIAN_POINT('',(20.0451870118622,12.,9.79213868465727));
#5575=CARTESIAN_POINT('',(18.6309734494891,10.,11.2063522470304));
#5576=CARTESIAN_POINT('Origin',(25.3464091781123,0.,15.0933608509074));
#5577=CARTESIAN_POINT('',(23.9321956157392,6.,16.5075744132805));
#5578=CARTESIAN_POINT('',(27.0648098003572,6.,16.1166395526638));
#5579=CARTESIAN_POINT('Origin',(25.3464091781123,6.,15.0933608509074));
#5580=CARTESIAN_POINT('',(27.0648098003572,0.,16.1166395526638));
#5581=CARTESIAN_POINT('',(23.9321956157392,0.,16.5075744132805));
#5582=CARTESIAN_POINT('Origin',(0.,10.,0.));
#5583=CARTESIAN_POINT('Origin',(0.,12.,0.));
#5584=CARTESIAN_POINT('Origin',(0.,10.,0.));
#5585=CARTESIAN_POINT('Origin',(7.25,10.,15.5297094306365));
#5586=CARTESIAN_POINT('',(7.25,12.,25.));
#5587=CARTESIAN_POINT('',(5.25,10.,25.));
#5588=CARTESIAN_POINT('Origin',(7.25,10.,25.));
#5589=CARTESIAN_POINT('',(5.25,10.,15.5297094306365));
#5590=CARTESIAN_POINT('',(7.25,12.,15.5297094306365));
#5591=CARTESIAN_POINT('Origin',(0.,10.,25.));
#5592=CARTESIAN_POINT('',(4.66327389689905,12.,19.44875));
#5593=CARTESIAN_POINT('',(3.37685351154758,10.,20.9801293103448));
#5594=CARTESIAN_POINT('Origin',(4.66327389689905,10.,19.44875));
#5595=CARTESIAN_POINT('Origin',(0.,10.,25.));
#5596=CARTESIAN_POINT('Origin',(0.,12.,25.));
#5597=CARTESIAN_POINT('Ctrl Pts',(4.66327389689904,12.,19.44875));
#5598=CARTESIAN_POINT('Ctrl Pts',(4.00759135735035,12.,19.2025758388623));
#5599=CARTESIAN_POINT('Ctrl Pts',(2.566900096452,12.2043131695381,18.9404457093029));
#5600=CARTESIAN_POINT('Ctrl Pts',(0.778220251032249,12.3464054305846,18.875));
#5601=CARTESIAN_POINT('Ctrl Pts',(3.12250225675825E-16,12.3464054305846,
18.875));
#5602=CARTESIAN_POINT('Ctrl Pts',(4.27837781765635,12.,19.9069376182132));
#5603=CARTESIAN_POINT('Ctrl Pts',(3.71414916915639,11.9280416770529,19.6792622626522));
#5604=CARTESIAN_POINT('Ctrl Pts',(2.40191360117408,12.0074654716688,19.3132237946603));
#5605=CARTESIAN_POINT('Ctrl Pts',(0.727086452208198,12.1378218784097,19.1815890036851));
#5606=CARTESIAN_POINT('Ctrl Pts',(3.1790872031975E-16,12.1378218784097,
19.1815890036851));
#5607=CARTESIAN_POINT('Ctrl Pts',(3.6117629871334,11.4983453142061,20.7004885997246));
#5608=CARTESIAN_POINT('Ctrl Pts',(3.17707498876859,11.3873462954169,20.4095104791115));
#5609=CARTESIAN_POINT('Ctrl Pts',(2.09502175966244,11.4564701057886,19.8323013358427));
#5610=CARTESIAN_POINT('Ctrl Pts',(0.633479519257699,11.620148476571,19.6130700342));
#5611=CARTESIAN_POINT('Ctrl Pts',(3.27796009853745E-16,11.620148476571,
19.6130700342));
#5612=CARTESIAN_POINT('Ctrl Pts',(3.37685351154758,10.4487989505128,20.9801293103448));
#5613=CARTESIAN_POINT('Ctrl Pts',(2.89041096041716,10.4158340006565,20.5707262642744));
#5614=CARTESIAN_POINT('Ctrl Pts',(1.83980002338379,10.7229591296289,19.9603835345648));
#5615=CARTESIAN_POINT('Ctrl Pts',(0.556824859737073,10.9709222640691,19.75));
#5616=CARTESIAN_POINT('Ctrl Pts',(3.35096253134603E-16,10.9709222640691,
19.75));
#5617=CARTESIAN_POINT('Ctrl Pts',(3.37685351154758,10.,20.9801293103448));
#5618=CARTESIAN_POINT('Ctrl Pts',(2.83581693860299,10.,20.5256367676058));
#5619=CARTESIAN_POINT('Ctrl Pts',(1.74950623637961,10.4086263390763,19.9379759032973));
#5620=CARTESIAN_POINT('Ctrl Pts',(0.529950397026294,10.6928108611693,19.75));
#5621=CARTESIAN_POINT('Ctrl Pts',(3.37483430562509E-16,10.6928108611693,
19.75));
#5622=CARTESIAN_POINT('Ctrl Pts',(3.37483430562509E-16,10.6928108611693,
19.75));
#5623=CARTESIAN_POINT('Ctrl Pts',(0.529950397026294,10.6928108611693,19.75));
#5624=CARTESIAN_POINT('Ctrl Pts',(1.74950623637961,10.4086263390763,19.9379759032973));
#5625=CARTESIAN_POINT('Ctrl Pts',(2.83581693860299,10.,20.5256367676058));
#5626=CARTESIAN_POINT('Ctrl Pts',(3.37685351154758,10.,20.9801293103448));
#5627=CARTESIAN_POINT('Ctrl Pts',(4.66327389689904,12.,19.44875));
#5628=CARTESIAN_POINT('Ctrl Pts',(4.00759135735035,12.,19.2025758388623));
#5629=CARTESIAN_POINT('Ctrl Pts',(2.566900096452,12.2043131695381,18.9404457093029));
#5630=CARTESIAN_POINT('Ctrl Pts',(0.778220251032249,12.3464054305846,18.875));
#5631=CARTESIAN_POINT('Ctrl Pts',(3.12250225675825E-16,12.3464054305846,
18.875));
#5632=CARTESIAN_POINT('Origin',(7.25,0.,28.5952356171443));
#5633=CARTESIAN_POINT('',(5.25,6.,28.5952356171443));
#5634=CARTESIAN_POINT('',(7.74152542372882,6.,30.5338956589846));
#5635=CARTESIAN_POINT('Origin',(7.25,6.,28.5952356171443));
#5636=CARTESIAN_POINT('',(7.74152542372882,0.,30.5338956589846));
#5637=CARTESIAN_POINT('',(5.25,0.,28.5952356171443));
#5638=CARTESIAN_POINT('Origin',(18.2500150952901,6.,-25.6746362977489));
#5639=CARTESIAN_POINT('',(13.9653589284343,6.,-21.3899801308931));
#5640=CARTESIAN_POINT('',(13.9653589284343,6.,-21.3899801308931));
#5641=CARTESIAN_POINT('',(13.9653589284343,6.,-21.3899801308931));
#5642=CARTESIAN_POINT('Origin',(17.6776695296637,6.,-17.6776695296637));
#5643=CARTESIAN_POINT('',(21.3899801308931,6.,-13.9653589284343));
#5644=CARTESIAN_POINT('',(21.3899801308931,6.,-13.9653589284343));
#5645=CARTESIAN_POINT('Origin',(17.6776695296637,6.,-17.6776695296637));
#5646=CARTESIAN_POINT('Origin',(21.3899801308931,6.,-13.9653589284343));
#5647=CARTESIAN_POINT('',(21.3899801308931,6.,-13.9653589284343));
#5648=CARTESIAN_POINT('Origin',(31.059418861273,6.,-5.25000000000001));
#5649=CARTESIAN_POINT('',(25.,6.,-5.25000000000001));
#5650=CARTESIAN_POINT('',(25.,6.,-5.25000000000001));
#5651=CARTESIAN_POINT('',(25.,6.,-5.25000000000001));
#5652=CARTESIAN_POINT('Origin',(25.,6.,-5.55111512312578E-15));
#5653=CARTESIAN_POINT('',(25.,6.,5.25));
#5654=CARTESIAN_POINT('',(25.,6.,5.25));
#5655=CARTESIAN_POINT('Origin',(25.,6.,-5.55111512312578E-15));
#5656=CARTESIAN_POINT('Origin',(25.,6.,5.25));
#5657=CARTESIAN_POINT('',(25.,6.,5.25));
#5658=CARTESIAN_POINT('Origin',(25.6746362977489,6.,18.2500150952901));
#5659=CARTESIAN_POINT('',(21.3899801308931,6.,13.9653589284343));
#5660=CARTESIAN_POINT('',(21.3899801308931,6.,13.9653589284343));
#5661=CARTESIAN_POINT('',(21.3899801308931,6.,13.9653589284343));
#5662=CARTESIAN_POINT('Origin',(17.6776695296637,6.,17.6776695296637));
#5663=CARTESIAN_POINT('',(13.9653589284343,6.,21.3899801308931));
#5664=CARTESIAN_POINT('',(13.9653589284343,6.,21.3899801308931));
#5665=CARTESIAN_POINT('Origin',(17.6776695296637,6.,17.6776695296637));
#5666=CARTESIAN_POINT('Origin',(13.9653589284343,6.,21.3899801308931));
#5667=CARTESIAN_POINT('',(13.9653589284343,6.,21.3899801308931));
#5668=CARTESIAN_POINT('Origin',(0.,14.,0.));
#5669=CARTESIAN_POINT('',(1.10218211923262E-15,14.,18.));
#5670=CARTESIAN_POINT('',(-18.,14.,2.20436423846524E-15));
#5671=CARTESIAN_POINT('Origin',(0.,14.,0.));
#5672=CARTESIAN_POINT('Origin',(-2.44929359829471E-15,14.,20.));
#5673=CARTESIAN_POINT('Origin',(0.,12.,0.));
#5674=CARTESIAN_POINT('Origin',(0.,12.,0.));
#5675=CARTESIAN_POINT('Origin',(0.,12.,0.));
#5676=CARTESIAN_POINT('Origin',(0.,12.,0.));
#5677=CARTESIAN_POINT('Origin',(0.,14.,0.));
#5678=CARTESIAN_POINT('Origin',(15.75,12.,0.));
#5679=CARTESIAN_POINT('Origin',(15.75,12.,0.));
#5680=CARTESIAN_POINT('Origin',(15.75,12.,0.));
#5681=CARTESIAN_POINT('Origin',(0.,0.,0.));
#5682=CARTESIAN_POINT('',(8.35714285714286,60.,15.9423387012479));
#5683=CARTESIAN_POINT('Origin',(0.,60.,0.));
#5684=CARTESIAN_POINT('',(-18.,0.,2.20436423846524E-15));
#5685=CARTESIAN_POINT('',(18.,101.,-8.88178419700125E-15));
#5686=CARTESIAN_POINT('Origin',(0.,101.,0.));
#5687=CARTESIAN_POINT('',(18.,75.,-8.88178419700125E-15));
#5688=CARTESIAN_POINT('',(18.,70.,-8.88178419700125E-15));
#5689=CARTESIAN_POINT('Ctrl Pts',(8.35714285714286,60.,15.9423387012479));
#5690=CARTESIAN_POINT('Ctrl Pts',(9.66043589242854,60.,15.2591386836903));
#5691=CARTESIAN_POINT('Ctrl Pts',(11.4880967092846,60.6215600571541,13.9843363386884));
#5692=CARTESIAN_POINT('Ctrl Pts',(13.4530549916026,62.185073496775,12.0165417775227));
#5693=CARTESIAN_POINT('Ctrl Pts',(14.5100557871662,63.4026796860558,10.688307941402));
#5694=CARTESIAN_POINT('Ctrl Pts',(15.2382178612762,64.4709011303279,9.59728575956722));
#5695=CARTESIAN_POINT('Ctrl Pts',(15.7293322308108,65.3091704817467,8.76903351914265));
#5696=CARTESIAN_POINT('Ctrl Pts',(16.170791112607,66.1867351085406,7.92494917843929));
#5697=CARTESIAN_POINT('Ctrl Pts',(16.5626848853297,67.0962345174286,7.06895599268092));
#5698=CARTESIAN_POINT('Ctrl Pts',(16.9057856739191,68.0323329739331,6.20331789652049));
#5699=CARTESIAN_POINT('Ctrl Pts',(17.2007550999247,68.9898253732832,5.33044067002774));
#5700=CARTESIAN_POINT('Ctrl Pts',(17.4480276477799,69.9619484548463,4.45427501615899));
#5701=CARTESIAN_POINT('Ctrl Pts',(17.6496454576749,70.9492704123015,3.57237438022986));
#5702=CARTESIAN_POINT('Ctrl Pts',(17.8061734209935,71.9494909433268,2.68510692003307));
#5703=CARTESIAN_POINT('Ctrl Pts',(17.917765007613,72.9582282934303,1.79476694028969));
#5704=CARTESIAN_POINT('Ctrl Pts',(17.9847374161615,73.9720579212073,0.90285697410216));
#5705=CARTESIAN_POINT('Ctrl Pts',(17.9998049031731,74.6487933739067,0.308468309193435));
#5706=CARTESIAN_POINT('Ctrl Pts',(17.9999987504664,74.9911866373975,0.00774086548137936));
#5707=CARTESIAN_POINT('Ctrl Pts',(18.,74.9955933184792,0.00387043273329595));
#5708=CARTESIAN_POINT('Ctrl Pts',(18.,75.,0.));
#5709=CARTESIAN_POINT('Origin',(0.,60.,0.));
#5710=CARTESIAN_POINT('',(13.,70.,24.7991935352745));
#5711=CARTESIAN_POINT('Origin',(13.,60.,24.7991935352745));
#5712=CARTESIAN_POINT('Origin',(0.,70.,0.));
#5713=CARTESIAN_POINT('Ctrl Pts',(13.,70.,24.7991935352745));
#5714=CARTESIAN_POINT('Ctrl Pts',(13.6757815738518,70.,23.7364379524071));
#5715=CARTESIAN_POINT('Ctrl Pts',(14.6234575529624,70.207186685718,21.7534120824042));
#5716=CARTESIAN_POINT('Ctrl Pts',(15.6423248104606,70.7283578322584,18.6923983205908));
#5717=CARTESIAN_POINT('Ctrl Pts',(16.1903992970492,71.1342265620186,16.6262567977364));
#5718=CARTESIAN_POINT('Ctrl Pts',(16.5679648169581,71.490300376776,14.929111181549));
#5719=CARTESIAN_POINT('Ctrl Pts',(16.8226167122723,71.7697234939156,13.6407188075552));
#5720=CARTESIAN_POINT('Ctrl Pts',(17.0515213176481,72.0622450361802,12.3276987220167));
#5721=CARTESIAN_POINT('Ctrl Pts',(17.2547254960969,72.3654115058096,10.9961537663925));
#5722=CARTESIAN_POINT('Ctrl Pts',(17.4326296086988,72.6774443246444,9.64960561680963));
#5723=CARTESIAN_POINT('Ctrl Pts',(17.5855767184795,72.9966084577611,8.29179659782093));
#5724=CARTESIAN_POINT('Ctrl Pts',(17.7137921136637,73.3206494849488,6.92887224735838));
#5725=CARTESIAN_POINT('Ctrl Pts',(17.8183346817573,73.6497568041005,5.55702681369084));
#5726=CARTESIAN_POINT('Ctrl Pts',(17.8994973294041,73.9831636477756,4.17683298671805));
#5727=CARTESIAN_POINT('Ctrl Pts',(17.9573596335772,74.3194094311435,2.79185968489494));
#5728=CARTESIAN_POINT('Ctrl Pts',(17.9920860676393,74.6573526404025,1.40444418193663));
#5729=CARTESIAN_POINT('Ctrl Pts',(17.9998988386825,74.8829311246356,0.479839592078381));
#5730=CARTESIAN_POINT('Ctrl Pts',(17.9999993520937,74.9970622124658,0.0120413463043508));
#5731=CARTESIAN_POINT('Ctrl Pts',(18.,74.9985311061594,0.00602067314299965));
#5732=CARTESIAN_POINT('Ctrl Pts',(18.,75.,0.));
#5733=CARTESIAN_POINT('Ctrl Pts',(12.3054301956349,70.,23.4742111504893));
#5734=CARTESIAN_POINT('Ctrl Pts',(12.9004191252259,69.9058543511152,22.5213902735544));
#5735=CARTESIAN_POINT('Ctrl Pts',(13.8364989187072,69.9376110981155,20.7291459910374));
#5736=CARTESIAN_POINT('Ctrl Pts',(14.9836139081379,70.3171177285011,17.8887005448219));
#5737=CARTESIAN_POINT('Ctrl Pts',(15.6398326639742,70.6764682736305,15.9480804293668));
#5738=CARTESIAN_POINT('Ctrl Pts',(16.1089688349833,71.0219193606363,14.342030880203));
#5739=CARTESIAN_POINT('Ctrl Pts',(16.4317127585286,71.3050850176449,13.1179604396722));
#5740=CARTESIAN_POINT('Ctrl Pts',(16.7271171032378,71.6124540615294,11.8661089876359));
#5741=CARTESIAN_POINT('Ctrl Pts',(16.9932948952436,71.940474076226,10.5928661723922));
#5742=CARTESIAN_POINT('Ctrl Pts',(17.2293478329551,72.2863035969349,9.30207291824366));
#5743=CARTESIAN_POINT('Ctrl Pts',(17.4344593924236,72.6470333345903,7.99779779020665));
#5744=CARTESIAN_POINT('Ctrl Pts',(17.6079267954612,73.0191018940122,6.68639731010484));
#5745=CARTESIAN_POINT('Ctrl Pts',(17.7503700856726,73.4017454137703,5.36462840301161));
#5746=CARTESIAN_POINT('Ctrl Pts',(17.8615731694112,73.7931557440902,4.03341575428645));
#5747=CARTESIAN_POINT('Ctrl Pts',(17.9411739448213,74.1906941169745,2.69656258232328));
#5748=CARTESIAN_POINT('Ctrl Pts',(17.9890746481667,74.5920857855183,1.35667501019354));
#5749=CARTESIAN_POINT('Ctrl Pts',(17.9998610323387,74.8606318605592,0.463518758173587));
#5750=CARTESIAN_POINT('Ctrl Pts',(17.9999990989881,74.99650263781,0.0116317745526081));
#5751=CARTESIAN_POINT('Ctrl Pts',(18.,74.9982513168565,0.00581588834207549));
#5752=CARTESIAN_POINT('Ctrl Pts',(18.,75.,0.));
#5753=CARTESIAN_POINT('Ctrl Pts',(10.9197588139557,69.3151393933045,20.8308624758312));
#5754=CARTESIAN_POINT('Ctrl Pts',(11.4461187926032,69.0891002220457,20.0966444547402));
#5755=CARTESIAN_POINT('Ctrl Pts',(12.4478794017137,68.9085949681501,18.6834815014296));
#5756=CARTESIAN_POINT('Ctrl Pts',(13.8702367615898,69.1781389403522,16.2826980028308));
#5757=CARTESIAN_POINT('Ctrl Pts',(14.7281122166851,69.5373538162375,14.5924467375879));
#5758=CARTESIAN_POINT('Ctrl Pts',(15.3586670576194,69.9224895844572,13.1683046779991));
#5759=CARTESIAN_POINT('Ctrl Pts',(15.7983522217322,70.2521705736516,12.0727153758419));
#5760=CARTESIAN_POINT('Ctrl Pts',(16.205521555088,70.6220261590875,10.943095656453));
#5761=CARTESIAN_POINT('Ctrl Pts',(16.5757362407502,71.0264949472964,9.78638611965835));
#5762=CARTESIAN_POINT('Ctrl Pts',(16.9065042248321,71.4610223311417,8.60705982046628));
#5763=CARTESIAN_POINT('Ctrl Pts',(17.1956087415501,71.9208712509308,7.4098271746334));
#5764=CARTESIAN_POINT('Ctrl Pts',(17.441259822779,72.4004817784185,6.20146096349206));
#5765=CARTESIAN_POINT('Ctrl Pts',(17.6437111031078,72.8979260375989,4.97983824576475));
#5766=CARTESIAN_POINT('Ctrl Pts',(17.8022015160436,73.4100154541319,3.74658477392668));
#5767=CARTESIAN_POINT('Ctrl Pts',(17.9158769510898,73.932484441136,2.50597019079141));
#5768=CARTESIAN_POINT('Ctrl Pts',(17.9843708663731,74.4615577705435,1.26113759715217));
#5769=CARTESIAN_POINT('Ctrl Pts',(17.9998015990488,74.8160342467535,0.430877189545744));
#5770=CARTESIAN_POINT('Ctrl Pts',(17.9999987073494,74.9953834804518,0.0108126301968017));
#5771=CARTESIAN_POINT('Ctrl Pts',(18.,74.9976917382507,0.00540631874022717));
#5772=CARTESIAN_POINT('Ctrl Pts',(18.,75.,0.));
#5773=CARTESIAN_POINT('Ctrl Pts',(8.96538004457834,65.9707427939373,17.102630372522));
#5774=CARTESIAN_POINT('Ctrl Pts',(9.68005860079004,65.7343256246678,16.6051805675129));
#5775=CARTESIAN_POINT('Ctrl Pts',(11.0068023578564,65.6786592093827,15.6210205530046));
#5776=CARTESIAN_POINT('Ctrl Pts',(12.8341290638657,66.2989349566836,13.7719312308243));
#5777=CARTESIAN_POINT('Ctrl Pts',(13.9230368740011,66.9341610992599,12.4196389062847));
#5778=CARTESIAN_POINT('Ctrl Pts',(14.7170039257833,67.56209681459,11.2536126893528));
#5779=CARTESIAN_POINT('Ctrl Pts',(15.2684280969344,68.0820449245531,10.3462972043327));
#5780=CARTESIAN_POINT('Ctrl Pts',(15.7771310330625,68.6507269414037,9.4013414988206));
#5781=CARTESIAN_POINT('Ctrl Pts',(16.238203026518,69.260700967495,8.42570607813945));
#5782=CARTESIAN_POINT('Ctrl Pts',(16.6489995288924,69.906136428685,7.42406935080131));
#5783=CARTESIAN_POINT('Ctrl Pts',(17.0072123987613,70.5810726933603,6.40140882894026));
#5784=CARTESIAN_POINT('Ctrl Pts',(17.3109861724017,71.2784476161836,5.36443538006257));
#5785=CARTESIAN_POINT('Ctrl Pts',(17.5609401391227,71.9965054284755,4.31220227921414));
#5786=CARTESIAN_POINT('Ctrl Pts',(17.7563713313375,72.7316158824285,3.24689635908149));
#5787=CARTESIAN_POINT('Ctrl Pts',(17.896415739754,73.4786312614866,2.17298109497267));
#5788=CARTESIAN_POINT('Ctrl Pts',(17.9807478457425,74.2331288704634,1.09393055151427));
#5789=CARTESIAN_POINT('Ctrl Pts',(17.9997538149573,74.7379886665724,0.373752455395845));
#5790=CARTESIAN_POINT('Ctrl Pts',(17.9999984264539,74.9934249525044,0.00937914480788919));
#5791=CARTESIAN_POINT('Ctrl Pts',(18.,74.9967124756906,0.0046895719369926));
#5792=CARTESIAN_POINT('Ctrl Pts',(18.,75.,0.));
#5793=CARTESIAN_POINT('Ctrl Pts',(8.35714285714286,62.2439947525641,15.9423387012479));
#5794=CARTESIAN_POINT('Ctrl Pts',(9.42223583163487,62.1537888534756,15.3858351352198));
#5795=CARTESIAN_POINT('Ctrl Pts',(11.0645733497311,62.5204789479701,14.3158529967833));
#5796=CARTESIAN_POINT('Ctrl Pts',(13.0198535602974,63.7285087275428,12.500275056569));
#5797=CARTESIAN_POINT('Ctrl Pts',(14.1218036267553,64.7274650017525,11.2161446947519));
#5798=CARTESIAN_POINT('Ctrl Pts',(14.9027261888453,65.6302888726987,10.1313367678975));
#5799=CARTESIAN_POINT('Ctrl Pts',(15.4371924027339,66.3490854978988,9.29491484535443));
#5800=CARTESIAN_POINT('Ctrl Pts',(15.9241155092581,67.1107454323063,8.43080946725566));
#5801=CARTESIAN_POINT('Ctrl Pts',(16.3611185314125,67.9078906028413,7.54425787359142));
#5802=CARTESIAN_POINT('Ctrl Pts',(16.7473281103954,68.7349751387647,6.6387936038877));
#5803=CARTESIAN_POINT('Ctrl Pts',(17.0819343843335,69.5865077395625,5.71812793259359));
#5804=CARTESIAN_POINT('Ctrl Pts',(17.3642286053647,70.4556044962456,4.78763354754844));
#5805=CARTESIAN_POINT('Ctrl Pts',(17.5955746771236,71.3419595356153,3.84584841777822));
#5806=CARTESIAN_POINT('Ctrl Pts',(17.7758984688134,72.2427708288995,2.89421307958549));
#5807=CARTESIAN_POINT('Ctrl Pts',(17.9048218957168,73.1533693444127,1.93622330637965));
#5808=CARTESIAN_POINT('Ctrl Pts',(17.9823411114453,74.0699542828477,0.974526651058836));
#5809=CARTESIAN_POINT('Ctrl Pts',(17.9997771654278,74.6822410496827,0.332951842661455));
#5810=CARTESIAN_POINT('Ctrl Pts',(17.9999985243697,74.9920260103665,0.00835520312707016));
#5811=CARTESIAN_POINT('Ctrl Pts',(18.,74.9960130024335,0.0041776099346822));
#5812=CARTESIAN_POINT('Ctrl Pts',(18.,75.,0.));
#5813=CARTESIAN_POINT('Ctrl Pts',(8.35714285714286,60.,15.9423387012479));
#5814=CARTESIAN_POINT('Ctrl Pts',(9.66043589242854,60.,15.2591386836903));
#5815=CARTESIAN_POINT('Ctrl Pts',(11.4880967092846,60.6215600571541,13.9843363386884));
#5816=CARTESIAN_POINT('Ctrl Pts',(13.4530549916026,62.185073496775,12.0165417775227));
#5817=CARTESIAN_POINT('Ctrl Pts',(14.5100557871662,63.4026796860558,10.688307941402));
#5818=CARTESIAN_POINT('Ctrl Pts',(15.2382178612762,64.4709011303279,9.59728575956722));
#5819=CARTESIAN_POINT('Ctrl Pts',(15.7293322308108,65.3091704817467,8.76903351914265));
#5820=CARTESIAN_POINT('Ctrl Pts',(16.170791112607,66.1867351085406,7.92494917843929));
#5821=CARTESIAN_POINT('Ctrl Pts',(16.5626848853297,67.0962345174286,7.06895599268092));
#5822=CARTESIAN_POINT('Ctrl Pts',(16.9057856739191,68.0323329739331,6.20331789652049));
#5823=CARTESIAN_POINT('Ctrl Pts',(17.2007550999247,68.9898253732832,5.33044067002774));
#5824=CARTESIAN_POINT('Ctrl Pts',(17.4480276477799,69.9619484548463,4.45427501615899));
#5825=CARTESIAN_POINT('Ctrl Pts',(17.6496454576749,70.9492704123015,3.57237438022986));
#5826=CARTESIAN_POINT('Ctrl Pts',(17.8061734209935,71.9494909433268,2.68510692003307));
#5827=CARTESIAN_POINT('Ctrl Pts',(17.917765007613,72.9582282934303,1.79476694028969));
#5828=CARTESIAN_POINT('Ctrl Pts',(17.9847374161615,73.9720579212073,0.90285697410216));
#5829=CARTESIAN_POINT('Ctrl Pts',(17.9998049031731,74.6487933739067,0.308468309193435));
#5830=CARTESIAN_POINT('Ctrl Pts',(17.9999987504664,74.9911866373975,0.00774086548137936));
#5831=CARTESIAN_POINT('Ctrl Pts',(18.,74.9955933184792,0.00387043273329595));
#5832=CARTESIAN_POINT('Ctrl Pts',(18.,75.,0.));
#5833=CARTESIAN_POINT('Ctrl Pts',(18.,75.,0.));
#5834=CARTESIAN_POINT('Ctrl Pts',(18.,74.9985311061594,0.00602067314299965));
#5835=CARTESIAN_POINT('Ctrl Pts',(17.9999993520937,74.9970622124658,0.0120413463043508));
#5836=CARTESIAN_POINT('Ctrl Pts',(17.9998988386825,74.8829311246356,0.479839592078381));
#5837=CARTESIAN_POINT('Ctrl Pts',(17.9920860676393,74.6573526404025,1.40444418193663));
#5838=CARTESIAN_POINT('Ctrl Pts',(17.9573596335772,74.3194094311435,2.79185968489494));
#5839=CARTESIAN_POINT('Ctrl Pts',(17.8994973294041,73.9831636477756,4.17683298671805));
#5840=CARTESIAN_POINT('Ctrl Pts',(17.8183346817573,73.6497568041005,5.55702681369084));
#5841=CARTESIAN_POINT('Ctrl Pts',(17.7137921136637,73.3206494849488,6.92887224735838));
#5842=CARTESIAN_POINT('Ctrl Pts',(17.5855767184795,72.9966084577611,8.29179659782093));
#5843=CARTESIAN_POINT('Ctrl Pts',(17.4326296086988,72.6774443246444,9.64960561680963));
#5844=CARTESIAN_POINT('Ctrl Pts',(17.2547254960969,72.3654115058096,10.9961537663925));
#5845=CARTESIAN_POINT('Ctrl Pts',(17.0515213176481,72.0622450361802,12.3276987220167));
#5846=CARTESIAN_POINT('Ctrl Pts',(16.8226167122723,71.7697234939156,13.6407188075552));
#5847=CARTESIAN_POINT('Ctrl Pts',(16.5679648169581,71.490300376776,14.929111181549));
#5848=CARTESIAN_POINT('Ctrl Pts',(16.1903992970492,71.1342265620186,16.6262567977364));
#5849=CARTESIAN_POINT('Ctrl Pts',(15.6423248104606,70.7283578322584,18.6923983205908));
#5850=CARTESIAN_POINT('Ctrl Pts',(14.6234575529624,70.207186685718,21.7534120824042));
#5851=CARTESIAN_POINT('Ctrl Pts',(13.6757815738518,70.,23.7364379524071));
#5852=CARTESIAN_POINT('Ctrl Pts',(13.,70.,24.7991935352745));
#5853=CARTESIAN_POINT('Origin',(13.,101.,26.625));
#5854=CARTESIAN_POINT('',(13.,106.,41.5));
#5855=CARTESIAN_POINT('',(18.,101.,41.5));
#5856=CARTESIAN_POINT('Origin',(13.,101.,41.5));
#5857=CARTESIAN_POINT('',(18.,101.,26.625));
#5858=CARTESIAN_POINT('',(13.,106.,-8.88178419700125E-15));
#5859=CARTESIAN_POINT('Origin',(13.,101.,-8.88178419700125E-15));
#5860=CARTESIAN_POINT('',(13.,106.,26.625));
#5861=CARTESIAN_POINT('Origin',(0.,101.,0.));
#5862=CARTESIAN_POINT('Origin',(0.,106.,0.));
#5863=CARTESIAN_POINT('Origin',(18.,70.,41.5));
#5864=CARTESIAN_POINT('',(18.,75.,41.5));
#5865=CARTESIAN_POINT('',(18.,70.,41.5));
#5866=CARTESIAN_POINT('',(18.,75.,26.625));
#5867=CARTESIAN_POINT('',(18.,86.6,36.5));
#5868=CARTESIAN_POINT('Origin',(18.,88.,36.5));
#5869=CARTESIAN_POINT('',(18.,75.6,36.5));
#5870=CARTESIAN_POINT('Origin',(18.,77.,36.5));
#5871=CARTESIAN_POINT('',(18.,97.6,36.5));
#5872=CARTESIAN_POINT('Origin',(18.,99.,36.5));
#5873=CARTESIAN_POINT('Origin',(-5.55111512312578E-16,70.,41.5));
#5874=CARTESIAN_POINT('',(-4.5,106.,41.5));
#5875=CARTESIAN_POINT('',(13.,70.,41.5));
#5876=CARTESIAN_POINT('',(4.5,70.,41.5));
#5877=CARTESIAN_POINT('Origin',(13.,75.,41.5));
#5878=CARTESIAN_POINT('Origin',(13.,75.,26.625));
#5879=CARTESIAN_POINT('',(13.,70.,26.625));
#5880=CARTESIAN_POINT('Origin',(15.,88.,36.5));
#5881=CARTESIAN_POINT('',(12.,86.6,36.5));
#5882=CARTESIAN_POINT('',(15.,86.6,36.5));
#5883=CARTESIAN_POINT('Origin',(12.,88.,36.5));
#5884=CARTESIAN_POINT('Origin',(12.,88.,36.5));
#5885=CARTESIAN_POINT('Origin',(12.,77.,36.5));
#5886=CARTESIAN_POINT('',(12.,76.,35.5202041028867));
#5887=CARTESIAN_POINT('',(12.,76.,37.4797958971133));
#5888=CARTESIAN_POINT('',(12.,76.,36.5));
#5889=CARTESIAN_POINT('Origin',(12.,77.,36.5));
#5890=CARTESIAN_POINT('Origin',(15.,77.,36.5));
#5891=CARTESIAN_POINT('',(12.4,75.6,36.5));
#5892=CARTESIAN_POINT('',(15.,75.6,36.5));
#5893=CARTESIAN_POINT('Origin',(11.,77.,36.5));
#5894=CARTESIAN_POINT('Origin',(11.,77.,36.5));
#5895=CARTESIAN_POINT('Origin',(12.,99.,36.5));
#5896=CARTESIAN_POINT('',(12.,100.,37.4797958971133));
#5897=CARTESIAN_POINT('',(12.,100.,35.5202041028867));
#5898=CARTESIAN_POINT('Ctrl Pts',(12.,100.,37.4797958971134));
#5899=CARTESIAN_POINT('Ctrl Pts',(12.,99.5879812898096,36.5));
#5900=CARTESIAN_POINT('Ctrl Pts',(12.,100.,35.5202041028866));
#5901=CARTESIAN_POINT('',(12.,97.6,36.5));
#5902=CARTESIAN_POINT('Origin',(12.,99.,36.5));
#5903=CARTESIAN_POINT('Origin',(12.,99.,36.5));
#5904=CARTESIAN_POINT('Origin',(15.,99.,36.5));
#5905=CARTESIAN_POINT('',(15.,97.6,36.5));
#5906=CARTESIAN_POINT('Origin',(11.,99.,36.5));
#5907=CARTESIAN_POINT('Origin',(11.,76.,36.5));
#5908=CARTESIAN_POINT('',(11.,76.,37.9));
#5909=CARTESIAN_POINT('Origin',(11.,76.,36.5));
#5910=CARTESIAN_POINT('Origin',(11.,76.,36.5));
#5911=CARTESIAN_POINT('Origin',(11.,99.5793975666807,36.5));
#5912=CARTESIAN_POINT('',(11.,100.,35.1));
#5913=CARTESIAN_POINT('Origin',(11.,100.,36.5));
#5914=CARTESIAN_POINT('',(11.,99.1587951333614,36.5));
#5915=CARTESIAN_POINT('',(11.,99.5793975666807,35.8));
#5916=CARTESIAN_POINT('Origin',(11.,100.,36.5));
#5917=CARTESIAN_POINT('Origin',(11.,103.,36.5));
#5918=CARTESIAN_POINT('',(11.,106.,35.1));
#5919=CARTESIAN_POINT('Origin',(11.,106.,36.5));
#5920=CARTESIAN_POINT('',(11.,103.,35.1));
#5921=CARTESIAN_POINT('Origin',(-5.06651948319382E-17,99.5793975666807,
36.5));
#5922=CARTESIAN_POINT('',(1.20785357048692E-16,100.,35.1));
#5923=CARTESIAN_POINT('Origin',(5.06651948319382E-17,100.,36.5));
#5924=CARTESIAN_POINT('',(-5.06651948319382E-17,99.1587951333614,36.5));
#5925=CARTESIAN_POINT('',(3.50600811083765E-17,99.5793975666807,35.8));
#5926=CARTESIAN_POINT('Origin',(-5.06651948319382E-17,103.,36.5));
#5927=CARTESIAN_POINT('',(1.20785357048691E-16,106.,35.1));
#5928=CARTESIAN_POINT('Origin',(-5.06651948319382E-17,106.,36.5));
#5929=CARTESIAN_POINT('',(1.20785357048691E-16,103.,35.1));
#5930=CARTESIAN_POINT('Origin',(9.,106.,11.75));
#5931=CARTESIAN_POINT('Origin',(-5.06651948319382E-17,76.,36.5));
#5932=CARTESIAN_POINT('',(0.,76.,37.9));
#5933=CARTESIAN_POINT('Origin',(5.06651948319382E-17,76.,36.5));
#5934=CARTESIAN_POINT('Origin',(-5.06651948319382E-17,73.,36.5));
#5935=CARTESIAN_POINT('',(0.,70.,37.9));
#5936=CARTESIAN_POINT('Origin',(5.06651948319382E-17,70.,36.5));
#5937=CARTESIAN_POINT('',(1.20785357048691E-16,73.,37.9));
#5938=CARTESIAN_POINT('Origin',(11.,73.,36.5));
#5939=CARTESIAN_POINT('',(11.,70.,37.9));
#5940=CARTESIAN_POINT('Origin',(11.,70.,36.5));
#5941=CARTESIAN_POINT('',(11.,73.,37.9));
#5942=CARTESIAN_POINT('Origin',(9.,70.,11.75));
#5943=CARTESIAN_POINT('Origin',(15.75,0.,0.));
#5944=CARTESIAN_POINT('',(-31.5,0.,3.85763741731416E-15));
#5945=CARTESIAN_POINT('Origin',(0.,0.,0.));
#5946=CARTESIAN_POINT('',(3.25,0.,-25.));
#5947=CARTESIAN_POINT('Origin',(-3.06161699786838E-15,0.,-25.));
#5948=CARTESIAN_POINT('',(-3.25,0.,25.));
#5949=CARTESIAN_POINT('Origin',(0.,0.,25.));
#5950=CARTESIAN_POINT('',(15.3795724908074,0.,19.97576656852));
#5951=CARTESIAN_POINT('Origin',(17.6776695296637,0.,17.6776695296637));
#5952=CARTESIAN_POINT('',(25.,0.,3.25));
#5953=CARTESIAN_POINT('Origin',(25.,0.,-5.55111512312578E-15));
#5954=CARTESIAN_POINT('',(19.97576656852,0.,-15.3795724908074));
#5955=CARTESIAN_POINT('Origin',(17.6776695296637,0.,-17.6776695296637));
#5956=CARTESIAN_POINT('Origin',(19.0511529137063,6.,-19.0511529137063));
#5957=CARTESIAN_POINT('Origin',(0.,6.,0.));
#5958=CARTESIAN_POINT('',(19.97576656852,6.,-15.3795724908074));
#5959=CARTESIAN_POINT('Origin',(17.6776695296637,6.,-17.6776695296637));
#5960=CARTESIAN_POINT('Origin',(25.625,6.,-5.55111512312578E-15));
#5961=CARTESIAN_POINT('Origin',(0.,6.,0.));
#5962=CARTESIAN_POINT('',(25.,6.,3.25));
#5963=CARTESIAN_POINT('Origin',(25.,6.,-5.55111512312578E-15));
#5964=CARTESIAN_POINT('Origin',(2.625,6.,-25.625));
#5965=CARTESIAN_POINT('',(5.25,6.,-25.));
#5966=CARTESIAN_POINT('Origin',(-3.06161699786838E-15,6.,-25.));
#5967=CARTESIAN_POINT('',(5.25,6.,-25.));
#5968=CARTESIAN_POINT('Origin',(0.,6.,0.));
#5969=CARTESIAN_POINT('',(3.25,6.,-25.));
#5970=CARTESIAN_POINT('Origin',(3.06161699786838E-15,6.,-25.));
#5971=CARTESIAN_POINT('Origin',(5.25,6.,-25.));
#5972=CARTESIAN_POINT('',(5.25,6.,-25.));
#5973=CARTESIAN_POINT('Origin',(3.06161699786838E-15,6.,-25.));
#5974=CARTESIAN_POINT('Origin',(0.,6.,25.));
#5975=CARTESIAN_POINT('',(5.25,6.,25.));
#5976=CARTESIAN_POINT('Origin',(0.,6.,25.));
#5977=CARTESIAN_POINT('',(5.25,6.,25.));
#5978=CARTESIAN_POINT('Origin',(5.25,6.,31.059418861273));
#5979=CARTESIAN_POINT('',(5.25,6.,25.));
#5980=CARTESIAN_POINT('Origin',(2.625,6.,25.625));
#5981=CARTESIAN_POINT('Origin',(0.,6.,0.));
#5982=CARTESIAN_POINT('',(-3.25,6.,25.));
#5983=CARTESIAN_POINT('Origin',(0.,6.,25.));
#5984=CARTESIAN_POINT('Origin',(19.0511529137063,6.,19.0511529137063));
#5985=CARTESIAN_POINT('Origin',(0.,6.,0.));
#5986=CARTESIAN_POINT('',(15.3795724908074,6.,19.97576656852));
#5987=CARTESIAN_POINT('Origin',(17.6776695296637,6.,17.6776695296637));
#5988=CARTESIAN_POINT('Origin',(3.06161699786838E-15,0.,-25.));
#5989=CARTESIAN_POINT('',(3.25,0.,-25.));
#5990=CARTESIAN_POINT('Origin',(15.75,12.,0.));
#5991=CARTESIAN_POINT('Origin',(17.6776695296637,0.,17.6776695296637));
#5992=CARTESIAN_POINT('',(15.3795724908074,0.,19.97576656852));
#5993=CARTESIAN_POINT('Origin',(25.,0.,-5.55111512312578E-15));
#5994=CARTESIAN_POINT('',(25.,0.,3.25));
#5995=CARTESIAN_POINT('Origin',(17.6776695296637,0.,-17.6776695296637));
#5996=CARTESIAN_POINT('',(19.97576656852,0.,-15.3795724908074));
#5997=CARTESIAN_POINT('Origin',(0.,0.,25.));
#5998=CARTESIAN_POINT('',(-3.25,0.,25.));
#5999=CARTESIAN_POINT('Origin',(0.,0.,0.));
#6000=CARTESIAN_POINT('',(-31.5,0.,3.85763741731416E-15));
#6001=UNCERTAINTY_MEASURE_WITH_UNIT(LENGTH_MEASURE(0.01),#6005,
'DISTANCE_ACCURACY_VALUE',
'Maximum model space distance between geometric entities at asserted c
onnectivities');
#6002=UNCERTAINTY_MEASURE_WITH_UNIT(LENGTH_MEASURE(0.01),#6005,
'DISTANCE_ACCURACY_VALUE',
'Maximum model space distance between geometric entities at asserted c
onnectivities');
#6003=(
GEOMETRIC_REPRESENTATION_CONTEXT(3)
GLOBAL_UNCERTAINTY_ASSIGNED_CONTEXT((#6001))
GLOBAL_UNIT_ASSIGNED_CONTEXT((#6005,#6007,#6008))
REPRESENTATION_CONTEXT('','3D')
);
#6004=(
GEOMETRIC_REPRESENTATION_CONTEXT(3)
GLOBAL_UNCERTAINTY_ASSIGNED_CONTEXT((#6002))
GLOBAL_UNIT_ASSIGNED_CONTEXT((#6005,#6007,#6008))
REPRESENTATION_CONTEXT('','3D')
);
#6005=(
LENGTH_UNIT()
NAMED_UNIT(*)
SI_UNIT(.MILLI.,.METRE.)
);
#6006=(
LENGTH_UNIT()
NAMED_UNIT(*)
SI_UNIT($,.METRE.)
);
#6007=(
NAMED_UNIT(*)
PLANE_ANGLE_UNIT()
SI_UNIT($,.RADIAN.)
);
#6008=(
NAMED_UNIT(*)
SI_UNIT($,.STERADIAN.)
SOLID_ANGLE_UNIT()
);
#6009=SHAPE_DEFINITION_REPRESENTATION(#6010,#6011);
#6010=PRODUCT_DEFINITION_SHAPE('',$,#6013);
#6011=SHAPE_REPRESENTATION('',(#2750),#6003);
#6012=PRODUCT_DEFINITION_CONTEXT('part definition',#6017,'design');
#6013=PRODUCT_DEFINITION('2026-09-28-11-08-16-065','FusionComponent',#6014,
#6012);
#6014=PRODUCT_DEFINITION_FORMATION('',$,#6019);
#6015=PRODUCT_RELATED_PRODUCT_CATEGORY('FusionComponent',
'FusionComponent',(#6019));
#6016=APPLICATION_PROTOCOL_DEFINITION('international standard',
'automotive_design',2009,#6017);
#6017=APPLICATION_CONTEXT(
'Core Data for Automotive Mechanical Design Process');
#6018=PRODUCT_CONTEXT('part definition',#6017,'mechanical');
#6019=PRODUCT('2026-09-28-11-08-16-065','FusionComponent',$,(#6018));
#6020=PRESENTATION_STYLE_ASSIGNMENT((#6021));
#6021=SURFACE_STYLE_USAGE(.BOTH.,#6022);
#6022=SURFACE_SIDE_STYLE('',(#6023));
#6023=SURFACE_STYLE_FILL_AREA(#6024);
#6024=FILL_AREA_STYLE('Steel - Satin',(#6025));
#6025=FILL_AREA_STYLE_COLOUR('Steel - Satin',#6026);
#6026=COLOUR_RGB('Steel - Satin',0.627450980392157,0.627450980392157,0.627450980392157);
ENDSEC;
END-ISO-10303-21;
